{
  "desc_vs_val": {
    "en": {
      "0": null,
      "1": null,
      "2": null,
      "3": null,
      "4": -0.01263427734375,
      "5": -0.09521484375,
      "6": null,
      "7": null,
      "8": null,
      "9": null,
      "10": null,
      "11": 0.1044921875,
      "12": null,
      "13": null,
      "14": null,
      "15": null,
      "16": null,
      "17": null,
      "18": -0.0162353515625,
      "19": null,
      "20": null,
      "21": -0.00506591796875,
      "22": 0.14453125,
      "23": 0.0234375,
      "24": 0.376953125,
      "25": -0.00860595703125
    },
    "fr": {
      "0": null,
      "1": null,
      "2": null,
      "3": null,
      "4": null,
      "5": null,
      "6": null,
      "7": null,
      "8": null,
      "9": null,
      "10": null,
      "11": null,
      "12": null,
      "13": null,
      "14": null,
      "15": null,
      "16": null,
      "17": null,
      "18": null,
      "19": null,
      "20": 0.5234375,
      "21": 0.69140625,
      "22": 0.447265625,
      "23": 0.63671875,
      "24": 0.322265625,
      "25": 0.06982421875
    },
    "de": {
      "0": null,
      "1": null,
      "2": null,
      "3": null,
      "4": null,
      "5": null,
      "6": null,
      "7": null,
      "8": null,
      "9": null,
      "10": null,
      "11": null,
      "12": null,
      "13": null,
      "14": null,
      "15": null,
      "16": null,
      "17": null,
      "18": null,
      "19": 0.78515625,
      "20": 0.71484375,
      "21": null,
      "22": 0.59375,
      "23": 0.53125,
      "24": 0.484375,
      "25": 0.40625
    },
    "es": {
      "0": null,
      "1": null,
      "2": null,
      "3": null,
      "4": null,
      "5": null,
      "6": null,
      "7": null,
      "8": null,
      "9": null,
      "10": null,
      "11": null,
      "12": null,
      "13": null,
      "14": null,
      "15": null,
      "16": null,
      "17": null,
      "18": null,
      "19": null,
      "20": null,
      "21": 1.0,
      "22": 0.75390625,
      "23": 0.470703125,
      "24": 0.50390625,
      "25": 0.55078125
    },
    "zh": {
      "0": null,
      "1": null,
      "2": null,
      "3": null,
      "4": null,
      "5": null,
      "6": null,
      "7": null,
      "8": null,
      "9": null,
      "10": null,
      "11": null,
      "12": null,
      "13": null,
      "14": null,
      "15": null,
      "16": null,
      "17": null,
      "18": null,
      "19": null,
      "20": null,
      "21": 0.50390625,
      "22": 0.68359375,
      "23": 0.59765625,
      "24": 0.67578125,
      "25": 0.443359375
    },
    "ja": {
      "0": null,
      "1": null,
      "2": null,
      "3": null,
      "4": null,
      "5": null,
      "6": null,
      "7": null,
      "8": null,
      "9": null,
      "10": null,
      "11": null,
      "12": null,
      "13": null,
      "14": null,
      "15": null,
      "16": null,
      "17": 0.69921875,
      "18": null,
      "19": null,
      "20": null,
      "21": 1.0,
      "22": 0.5859375,
      "23": 0.69921875,
      "24": 0.77734375,
      "25": 0.52734375
    },
    "ko": {
      "0": 1.0,
      "1": null,
      "2": null,
      "3": null,
      "4": null,
      "5": null,
      "6": null,
      "7": -0.0703125,
      "8": null,
      "9": null,
      "10": null,
      "11": null,
      "12": null,
      "13": null,
      "14": null,
      "15": null,
      "16": null,
      "17": null,
      "18": null,
      "19": null,
      "20": null,
      "21": null,
      "22": -0.0164794921875,
      "23": null,
      "24": null,
      "25": null
    }
  },
  "desc_vs_freq": {
    "en": {
      "0": null,
      "1": null,
      "2": null,
      "3": null,
      "4": 0.0225830078125,
      "5": 0.005340576171875,
      "6": null,
      "7": null,
      "8": null,
      "9": null,
      "10": null,
      "11": null,
      "12": null,
      "13": null,
      "14": null,
      "15": null,
      "16": null,
      "17": null,
      "18": 0.1728515625,
      "19": -0.06103515625,
      "20": null,
      "21": null,
      "22": null,
      "23": 0.0888671875,
      "24": 0.1767578125,
      "25": -0.154296875
    },
    "fr": {
      "0": null,
      "1": null,
      "2": null,
      "3": null,
      "4": null,
      "5": null,
      "6": null,
      "7": null,
      "8": null,
      "9": null,
      "10": null,
      "11": null,
      "12": null,
      "13": 1.0,
      "14": null,
      "15": null,
      "16": 0.66796875,
      "17": 0.99609375,
      "18": 0.87109375,
      "19": null,
      "20": 0.462890625,
      "21": 0.640625,
      "22": 0.474609375,
      "23": 0.251953125,
      "24": 0.1171875,
      "25": 0.265625
    },
    "de": {
      "0": null,
      "1": null,
      "2": null,
      "3": null,
      "4": null,
      "5": null,
      "6": null,
      "7": null,
      "8": null,
      "9": null,
      "10": null,
      "11": null,
      "12": 1.0,
      "13": 1.0,
      "14": null,
      "15": null,
      "16": 0.890625,
      "17": 0.59765625,
      "18": 0.80078125,
      "19": 0.8359375,
      "20": 0.2490234375,
      "21": 0.81640625,
      "22": 0.50390625,
      "23": 0.2578125,
      "24": 0.326171875,
      "25": 0.2421875
    },
    "es": {
      "0": null,
      "1": null,
      "2": null,
      "3": null,
      "4": null,
      "5": null,
      "6": null,
      "7": null,
      "8": null,
      "9": null,
      "10": null,
      "11": null,
      "12": null,
      "13": null,
      "14": null,
      "15": null,
      "16": 0.6953125,
      "17": 1.0,
      "18": null,
      "19": 0.99609375,
      "20": null,
      "21": 0.578125,
      "22": 0.4296875,
      "23": 0.09326171875,
      "24": 0.38671875,
      "25": 0.353515625
    },
    "zh": {
      "0": null,
      "1": null,
      "2": null,
      "3": null,
      "4": null,
      "5": null,
      "6": null,
      "7": null,
      "8": null,
      "9": null,
      "10": null,
      "11": null,
      "12": null,
      "13": null,
      "14": null,
      "15": null,
      "16": null,
      "17": null,
      "18": 0.6953125,
      "19": 0.63671875,
      "20": 0.8203125,
      "21": 0.69921875,
      "22": 0.404296875,
      "23": 0.828125,
      "24": 0.390625,
      "25": 0.25
    },
    "ja": {
      "0": null,
      "1": null,
      "2": null,
      "3": null,
      "4": null,
      "5": null,
      "6": null,
      "7": null,
      "8": null,
      "9": null,
      "10": null,
      "11": null,
      "12": null,
      "13": null,
      "14": 0.26171875,
      "15": 0.345703125,
      "16": 0.7890625,
      "17": 0.259765625,
      "18": 0.478515625,
      "19": 0.85546875,
      "20": 0.458984375,
      "21": 0.447265625,
      "22": 0.18359375,
      "23": 0.6875,
      "24": 0.546875,
      "25": 0.384765625
    },
    "ko": {
      "0": 0.34375,
      "1": 0.1171875,
      "2": null,
      "3": null,
      "4": null,
      "5": null,
      "6": null,
      "7": 0.28125,
      "8": null,
      "9": null,
      "10": null,
      "11": null,
      "12": null,
      "13": null,
      "14": 0.55078125,
      "15": 1.0,
      "16": null,
      "17": null,
      "18": 0.5,
      "19": null,
      "20": null,
      "21": null,
      "22": 0.053466796875,
      "23": null,
      "24": null,
      "25": null
    }
  },
  "val_vs_freq": {
    "en": {
      "0": -0.10107421875,
      "1": null,
      "2": null,
      "3": null,
      "4": 0.2138671875,
      "5": -0.310546875,
      "6": -0.1591796875,
      "7": 0.0279541015625,
      "8": -0.000514984130859375,
      "9": 0.01422119140625,
      "10": -0.365234375,
      "11": null,
      "12": null,
      "13": null,
      "14": null,
      "15": null,
      "16": 0.162109375,
      "17": null,
      "18": 0.2255859375,
      "19": null,
      "20": null,
      "21": null,
      "22": null,
      "23": 0.44140625,
      "24": 0.375,
      "25": -0.000591278076171875
    },
    "fr": {
      "0": null,
      "1": null,
      "2": null,