model,sample_idx,ablation_method,amplification_method,prompt_lang,adj_lang,adjective,prompt,tracked_target,baseline_adj_rank,combined_adj_rank,baseline_target_logit,combined_target_logit,delta_combined_logit
gemma-2-2b,0,desc,desc,fr,de,gut,"Le contraire de ""gut"" est """,schlecht,1,6,22.0,21.25,-0.75
gemma-2-2b,0,desc,val,fr,de,gut,"Le contraire de ""gut"" est """,schlecht,1,11,22.0,19.75,-2.25
gemma-2-2b,0,desc,freq,fr,de,gut,"Le contraire de ""gut"" est """,schlecht,1,5,22.0,20.25,-1.75
gemma-2-2b,0,val,desc,fr,de,gut,"Le contraire de ""gut"" est """,schlecht,1,0,22.0,23.5,1.5
gemma-2-2b,0,val,val,fr,de,gut,"Le contraire de ""gut"" est """,schlecht,1,8,22.0,22.0,0.0
gemma-2-2b,0,val,freq,fr,de,gut,"Le contraire de ""gut"" est """,schlecht,1,1,22.0,21.875,-0.125
gemma-2-2b,0,freq,desc,fr,de,gut,"Le contraire de ""gut"" est """,schlecht,1,10,22.0,21.125,-0.875
gemma-2-2b,0,freq,val,fr,de,gut,"Le contraire de ""gut"" est """,schlecht,1,9,22.0,20.0,-2.0
gemma-2-2b,0,freq,freq,fr,de,gut,"Le contraire de ""gut"" est """,schlecht,1,10,22.0,21.25,-0.75
gemma-2-2b,1,desc,desc,fr,de,glücklich,"Le contraire de ""glücklich"" est """,unglücklich,1,10,19.625,19.5,-0.125
gemma-2-2b,1,desc,val,fr,de,glücklich,"Le contraire de ""glücklich"" est """,unglücklich,1,10,19.625,18.0,-1.625
gemma-2-2b,1,desc,freq,fr,de,glücklich,"Le contraire de ""glücklich"" est """,unglücklich,1,7,19.625,17.5,-2.125
gemma-2-2b,1,val,desc,fr,de,glücklich,"Le contraire de ""glücklich"" est """,unglücklich,1,8,19.625,19.25,-0.375
gemma-2-2b,1,val,val,fr,de,glücklich,"Le contraire de ""glücklich"" est """,unglücklich,1,5,19.625,20.75,1.125
gemma-2-2b,1,val,freq,fr,de,glücklich,"Le contraire de ""glücklich"" est """,unglücklich,1,17,19.625,17.375,-2.25
gemma-2-2b,1,freq,desc,fr,de,glücklich,"Le contraire de ""glücklich"" est """,unglücklich,1,13,19.625,19.875,0.25
gemma-2-2b,1,freq,val,fr,de,glücklich,"Le contraire de ""glücklich"" est """,unglücklich,1,20,19.625,18.25,-1.375
gemma-2-2b,1,freq,freq,fr,de,glücklich,"Le contraire de ""glücklich"" est """,unglücklich,1,20,19.625,19.75,0.125
gemma-2-2b,2,desc,desc,fr,de,groß,"Le contraire de ""groß"" est """,klein,0,0,20.375,20.875,0.5
gemma-2-2b,2,desc,val,fr,de,groß,"Le contraire de ""groß"" est """,klein,0,0,20.375,19.75,-0.625
gemma-2-2b,2,desc,freq,fr,de,groß,"Le contraire de ""groß"" est """,klein,0,0,20.375,14.125,-6.25
gemma-2-2b,2,val,desc,fr,de,groß,"Le contraire de ""groß"" est """,klein,0,0,20.375,21.375,1.0
gemma-2-2b,2,val,val,fr,de,groß,"Le contraire de ""groß"" est """,klein,0,0,20.375,21.875,1.5
gemma-2-2b,2,val,freq,fr,de,groß,"Le contraire de ""groß"" est """,klein,0,0,20.375,17.375,-3.0
gemma-2-2b,2,freq,desc,fr,de,groß,"Le contraire de ""groß"" est """,klein,0,0,20.375,19.75,-0.625
gemma-2-2b,2,freq,val,fr,de,groß,"Le contraire de ""groß"" est """,klein,0,0,20.375,20.0,-0.375
gemma-2-2b,2,freq,freq,fr,de,groß,"Le contraire de ""groß"" est """,klein,0,0,20.375,20.125,-0.25
gemma-2-2b,3,desc,desc,fr,de,heiß,"Le contraire de ""heiß"" est """,kalt,0,1,19.25,20.25,1.0
gemma-2-2b,3,desc,val,fr,de,heiß,"Le contraire de ""heiß"" est """,kalt,0,2,19.25,18.625,-0.625
gemma-2-2b,3,desc,freq,fr,de,heiß,"Le contraire de ""heiß"" est """,kalt,0,1,19.25,16.25,-3.0
gemma-2-2b,3,val,desc,fr,de,heiß,"Le contraire de ""heiß"" est """,kalt,0,0,19.25,20.75,1.5
gemma-2-2b,3,val,val,fr,de,heiß,"Le contraire de ""heiß"" est """,kalt,0,1,19.25,21.875,2.625
gemma-2-2b,3,val,freq,fr,de,heiß,"Le contraire de ""heiß"" est """,kalt,0,0,19.25,18.125,-1.125
gemma-2-2b,3,freq,desc,fr,de,heiß,"Le contraire de ""heiß"" est """,kalt,0,1,19.25,20.375,1.125
gemma-2-2b,3,freq,val,fr,de,heiß,"Le contraire de ""heiß"" est """,kalt,0,1,19.25,20.125,0.875
gemma-2-2b,3,freq,freq,fr,de,heiß,"Le contraire de ""heiß"" est """,kalt,0,1,19.25,20.75,1.5
gemma-2-2b,4,desc,desc,fr,de,schnell,"Le contraire de ""schnell"" est """,langsam,0,5,21.0,19.125,-1.875
gemma-2-2b,4,desc,val,fr,de,schnell,"Le contraire de ""schnell"" est """,langsam,0,10,21.0,17.5,-3.5
gemma-2-2b,4,desc,freq,fr,de,schnell,"Le contraire de ""schnell"" est """,langsam,0,2,21.0,18.625,-2.375
gemma-2-2b,4,val,desc,fr,de,schnell,"Le contraire de ""schnell"" est """,langsam,0,0,21.0,21.0,0.0
gemma-2-2b,4,val,val,fr,de,schnell,"Le contraire de ""schnell"" est """,langsam,0,2,21.0,21.0,0.0
gemma-2-2b,4,val,freq,fr,de,schnell,"Le contraire de ""schnell"" est """,langsam,0,1,21.0,19.125,-1.875
gemma-2-2b,4,freq,desc,fr,de,schnell,"Le contraire de ""schnell"" est """,langsam,0,14,21.0,18.25,-2.75
gemma-2-2b,4,freq,val,fr,de,schnell,"Le contraire de ""schnell"" est """,langsam,0,12,21.0,17.5,-3.5
gemma-2-2b,4,freq,freq,fr,de,schnell,"Le contraire de ""schnell"" est """,langsam,0,12,21.0,18.75,-2.25
gemma-2-2b,5,desc,desc,fr,de,leicht,"Le contraire de ""leicht"" est """,schwer,0,15,20.375,18.75,-1.625
gemma-2-2b,5,desc,val,fr,de,leicht,"Le contraire de ""leicht"" est """,schwer,0,19,20.375,17.125,-3.25
gemma-2-2b,5,desc,freq,fr,de,leicht,"Le contraire de ""leicht"" est """,schwer,0,7,20.375,16.75,-3.625
gemma-2-2b,5,val,desc,fr,de,leicht,"Le contraire de ""leicht"" est """,schwer,0,1,20.375,22.0,1.625
gemma-2-2b,5,val,val,fr,de,leicht,"Le contraire de ""leicht"" est """,schwer,0,5,20.375,20.75,0.375
gemma-2-2b,5,val,freq,fr,de,leicht,"Le contraire de ""leicht"" est """,schwer,0,2,20.375,18.25,-2.125
gemma-2-2b,5,freq,desc,fr,de,leicht,"Le contraire de ""leicht"" est """,schwer,0,16,20.375,18.875,-1.5
gemma-2-2b,5,freq,val,fr,de,leicht,"Le contraire de ""leicht"" est """,schwer,0,17,20.375,17.75,-2.625
gemma-2-2b,5,freq,freq,fr,de,leicht,"Le contraire de ""leicht"" est """,schwer,0,17,20.375,19.0,-1.375
gemma-2-2b,6,desc,desc,fr,de,einfach,"Le contraire de ""einfach"" est """,schwierig,2,109,20.25,16.875,-3.375
gemma-2-2b,6,desc,val,fr,de,einfach,"Le contraire de ""einfach"" est """,schwierig,2,147,20.25,15.125,-5.125
gemma-2-2b,6,desc,freq,fr,de,einfach,"Le contraire de ""einfach"" est """,schwierig,2,42,20.25,15.6875,-4.5625
gemma-2-2b,6,val,desc,fr,de,einfach,"Le contraire de ""einfach"" est """,schwierig,2,3,20.25,21.25,1.0
gemma-2-2b,6,val,val,fr,de,einfach,"Le contraire de ""einfach"" est """,schwierig,2,35,20.25,19.125,-1.125
gemma-2-2b,6,val,freq,fr,de,einfach,"Le contraire de ""einfach"" est """,schwierig,2,10,20.25,18.0,-2.25
gemma-2-2b,6,freq,desc,fr,de,einfach,"Le contraire de ""einfach"" est """,schwierig,2,116,20.25,16.625,-3.625
gemma-2-2b,6,freq,val,fr,de,einfach,"Le contraire de ""einfach"" est """,schwierig,2,108,20.25,15.5625,-4.6875
gemma-2-2b,6,freq,freq,fr,de,einfach,"Le contraire de ""einfach"" est """,schwierig,2,101,20.25,17.0,-3.25
gemma-2-2b,7,desc,desc,fr,de,neu,"Le contraire de ""neu"" est """,alt,364,364,16.75,16.75,0.0
gemma-2-2b,7,desc,val,fr,de,neu,"Le contraire de ""neu"" est """,alt,364,232,16.75,15.8125,-0.9375
gemma-2-2b,7,desc,freq,fr,de,neu,"Le contraire de ""neu"" est """,alt,364,115,16.75,16.25,-0.5
gemma-2-2b,7,val,desc,fr,de,neu,"Le contraire de ""neu"" est """,alt,364,74,16.75,19.125,2.375
gemma-2-2b,7,val,val,fr,de,neu,"Le contraire de ""neu"" est """,alt,364,339,16.75,17.5,0.75
gemma-2-2b,7,val,freq,fr,de,neu,"Le contraire de ""neu"" est """,alt,364,96,16.75,17.5,0.75
gemma-2-2b,7,freq,desc,fr,de,neu,"Le contraire de ""neu"" est """,alt,364,292,16.75,17.0,0.25
gemma-2-2b,7,freq,val,fr,de,neu,"Le contraire de ""neu"" est """,alt,364,240,16.75,15.5,-1.25
gemma-2-2b,7,freq,freq,fr,de,neu,"Le contraire de ""neu"" est """,alt,364,308,16.75,17.0,0.25
gemma-2-2b,8,desc,desc,fr,de,wahr,"Le contraire de ""wahr"" est """,falsch,0,0,21.25,21.875,0.625
gemma-2-2b,8,desc,val,fr,de,wahr,"Le contraire de ""wahr"" est """,falsch,0,0,21.25,21.125,-0.125
gemma-2-2b,8,desc,freq,fr,de,wahr,"Le contraire de ""wahr"" est """,falsch,0,0,21.25,19.125,-2.125
gemma-2-2b,8,val,desc,fr,de,wahr,"Le contraire de ""wahr"" est """,falsch,0,0,21.25,22.0,0.75
gemma-2-2b,8,val,val,fr,de,wahr,"Le contraire de ""wahr"" est """,falsch,0,0,21.25,23.25,2.0
gemma-2-2b,8,val,freq,fr,de,wahr,"Le contraire de ""wahr"" est """,falsch,0,1,21.25,19.75,-1.5
gemma-2-2b,8,freq,desc,fr,de,wahr,"Le contraire de ""wahr"" est """,falsch,0,1,21.25,21.75,0.5
gemma-2-2b,8,freq,val,fr,de,wahr,"Le contraire de ""wahr"" est """,falsch,0,0,21.25,21.375,0.125
gemma-2-2b,8,freq,freq,fr,de,wahr,"Le contraire de ""wahr"" est """,falsch,0,1,21.25,21.875,0.625
gemma-2-2b,9,desc,desc,fr,de,lebendig,"Le contraire de ""lebendig"" est """,tot,2,798,19.75,14.6875,-5.0625
gemma-2-2b,9,desc,val,fr,de,lebendig,"Le contraire de ""lebendig"" est """,tot,2,730,19.75,13.125,-6.625
gemma-2-2b,9,desc,freq,fr,de,lebendig,"Le contraire de ""lebendig"" est """,tot,2,4730,19.75,9.5625,-10.1875
gemma-2-2b,9,val,desc,fr,de,lebendig,"Le contraire de ""lebendig"" est """,tot,2,37,19.75,18.75,-1.0
gemma-2-2b,9,val,val,fr,de,lebendig,"Le contraire de ""lebendig"" est """,tot,2,286,19.75,17.0,-2.75
gemma-2-2b,9,val,freq,fr,de,lebendig,"Le contraire de ""lebendig"" est """,tot,2,1117,19.75,11.5,-8.25
gemma-2-2b,9,freq,desc,fr,de,lebendig,"Le contraire de ""lebendig"" est """,tot,2,1592,19.75,13.6875,-6.0625
gemma-2-2b,9,freq,val,fr,de,lebendig,"Le contraire de ""lebendig"" est """,tot,2,1389,19.75,11.75,-8.0
gemma-2-2b,9,freq,freq,fr,de,lebendig,"Le contraire de ""lebendig"" est """,tot,2,1663,19.75,13.75,-6.0
gemma-2-2b,10,desc,desc,fr,de,voll,"Le contraire de ""voll"" est """,leer,1,36,21.0,19.25,-1.75
gemma-2-2b,10,desc,val,fr,de,voll,"Le contraire de ""voll"" est """,leer,1,35,21.0,18.625,-2.375
gemma-2-2b,10,desc,freq,fr,de,voll,"Le contraire de ""voll"" est """,leer,1,73,21.0,16.75,-4.25
gemma-2-2b,10,val,desc,fr,de,voll,"Le contraire de ""voll"" est """,leer,1,4,21.0,22.25,1.25
gemma-2-2b,10,val,val,fr,de,voll,"Le contraire de ""voll"" est """,leer,1,9,21.0,21.625,0.625
gemma-2-2b,10,val,freq,fr,de,voll,"Le contraire de ""voll"" est """,leer,1,49,21.0,17.75,-3.25
gemma-2-2b,10,freq,desc,fr,de,voll,"Le contraire de ""voll"" est """,leer,1,52,21.0,19.25,-1.75
gemma-2-2b,10,freq,val,fr,de,voll,"Le contraire de ""voll"" est """,leer,1,57,21.0,18.25,-2.75
gemma-2-2b,10,freq,freq,fr,de,voll,"Le contraire de ""voll"" est """,leer,1,50,21.0,19.5,-1.5
gemma-2-2b,11,desc,desc,fr,de,hell,"Le contraire de ""hell"" est """,dunkel,4390,4390,10.0,10.0,0.0
gemma-2-2b,11,desc,val,fr,de,hell,"Le contraire de ""hell"" est """,dunkel,4390,3068,10.0,9.1875,-0.8125
gemma-2-2b,11,desc,freq,fr,de,hell,"Le contraire de ""hell"" est """,dunkel,4390,6642,10.0,8.1875,-1.8125
gemma-2-2b,11,val,desc,fr,de,hell,"Le contraire de ""hell"" est """,dunkel,4390,1002,10.0,13.9375,3.9375
gemma-2-2b,11,val,val,fr,de,hell,"Le contraire de ""hell"" est """,dunkel,4390,3534,10.0,11.125,1.125
gemma-2-2b,11,val,freq,fr,de,hell,"Le contraire de ""hell"" est """,dunkel,4390,6256,10.0,8.8125,-1.1875
gemma-2-2b,11,freq,desc,fr,de,hell,"Le contraire de ""hell"" est """,dunkel,4390,4714,10.0,9.6875,-0.3125
gemma-2-2b,11,freq,val,fr,de,hell,"Le contraire de ""hell"" est """,dunkel,4390,5666,10.0,7.03125,-2.96875
gemma-2-2b,11,freq,freq,fr,de,hell,"Le contraire de ""hell"" est """,dunkel,4390,5614,10.0,9.3125,-0.6875
gemma-2-2b,12,desc,desc,fr,de,stark,"Le contraire de ""stark"" est """,schwach,458,458,18.75,18.75,0.0
gemma-2-2b,12,desc,val,fr,de,stark,"Le contraire de ""stark"" est """,schwach,458,617,18.75,16.25,-2.5
gemma-2-2b,12,desc,freq,fr,de,stark,"Le contraire de ""stark"" est """,schwach,458,80,18.75,18.25,-0.5
gemma-2-2b,12,val,desc,fr,de,stark,"Le contraire de ""stark"" est """,schwach,458,7,18.75,22.5,3.75
gemma-2-2b,12,val,val,fr,de,stark,"Le contraire de ""stark"" est """,schwach,458,510,18.75,18.625,-0.125
gemma-2-2b,12,val,freq,fr,de,stark,"Le contraire de ""stark"" est """,schwach,458,3,18.75,21.0,2.25
gemma-2-2b,12,freq,desc,fr,de,stark,"Le contraire de ""stark"" est """,schwach,458,481,18.75,18.125,-0.625
gemma-2-2b,12,freq,val,fr,de,stark,"Le contraire de ""stark"" est """,schwach,458,460,18.75,16.25,-2.5
gemma-2-2b,12,freq,freq,fr,de,stark,"Le contraire de ""stark"" est """,schwach,458,494,18.75,18.25,-0.5
gemma-2-2b,13,desc,desc,fr,de,sauber,"Le contraire de ""sauber"" est """,schmutzig,0,4,20.0,19.25,-0.75
gemma-2-2b,13,desc,val,fr,de,sauber,"Le contraire de ""sauber"" est """,schmutzig,0,8,20.0,17.5,-2.5
gemma-2-2b,13,desc,freq,fr,de,sauber,"Le contraire de ""sauber"" est """,schmutzig,0,10,20.0,16.625,-3.375
gemma-2-2b,13,val,desc,fr,de,sauber,"Le contraire de ""sauber"" est """,schmutzig,0,0,20.0,22.0,2.0
gemma-2-2b,13,val,val,fr,de,sauber,"Le contraire de ""sauber"" est """,schmutzig,0,2,20.0,20.75,0.75
gemma-2-2b,13,val,freq,fr,de,sauber,"Le contraire de ""sauber"" est """,schmutzig,0,2,20.0,18.25,-1.75
gemma-2-2b,13,freq,desc,fr,de,sauber,"Le contraire de ""sauber"" est """,schmutzig,0,10,20.0,19.25,-0.75
gemma-2-2b,13,freq,val,fr,de,sauber,"Le contraire de ""sauber"" est """,schmutzig,0,14,20.0,17.75,-2.25
gemma-2-2b,13,freq,freq,fr,de,sauber,"Le contraire de ""sauber"" est """,schmutzig,0,8,20.0,19.25,-0.75
gemma-2-2b,14,desc,desc,fr,de,offen,"Le contraire de ""offen"" est """,geschlossen,3489,3489,11.875,11.875,0.0
gemma-2-2b,14,desc,val,fr,de,offen,"Le contraire de ""offen"" est """,geschlossen,3489,4842,11.875,9.8125,-2.0625
gemma-2-2b,14,desc,freq,fr,de,offen,"Le contraire de ""offen"" est """,geschlossen,3489,2455,11.875,11.6875,-0.1875
gemma-2-2b,14,val,desc,fr,de,offen,"Le contraire de ""offen"" est """,geschlossen,3489,1170,11.875,14.6875,2.8125
gemma-2-2b,14,val,val,fr,de,offen,"Le contraire de ""offen"" est """,geschlossen,3489,6448,11.875,11.25,-0.625
gemma-2-2b,14,val,freq,fr,de,offen,"Le contraire de ""offen"" est """,geschlossen,3489,1029,11.875,13.625,1.75
gemma-2-2b,14,freq,desc,fr,de,offen,"Le contraire de ""offen"" est """,geschlossen,3489,2579,11.875,12.5,0.625
gemma-2-2b,14,freq,val,fr,de,offen,"Le contraire de ""offen"" est """,geschlossen,3489,2470,11.875,10.375,-1.5
gemma-2-2b,14,freq,freq,fr,de,offen,"Le contraire de ""offen"" est """,geschlossen,3489,3130,11.875,12.125,0.25
gemma-2-2b,15,desc,desc,fr,de,reich,"Le contraire de ""reich"" est """,arm,29,410,18.625,17.0,-1.625
gemma-2-2b,15,desc,val,fr,de,reich,"Le contraire de ""reich"" est """,arm,29,443,18.625,15.25,-3.375
gemma-2-2b,15,desc,freq,fr,de,reich,"Le contraire de ""reich"" est """,arm,29,326,18.625,15.5,-3.125
gemma-2-2b,15,val,desc,fr,de,reich,"Le contraire de ""reich"" est """,arm,29,41,18.625,19.75,1.125
gemma-2-2b,15,val,val,fr,de,reich,"Le contraire de ""reich"" est """,arm,29,275,18.625,18.125,-0.5
gemma-2-2b,15,val,freq,fr,de,reich,"Le contraire de ""reich"" est """,arm,29,103,18.625,16.875,-1.75
gemma-2-2b,15,freq,desc,fr,de,reich,"Le contraire de ""reich"" est """,arm,29,759,18.625,16.0,-2.625
gemma-2-2b,15,freq,val,fr,de,reich,"Le contraire de ""reich"" est """,arm,29,455,18.625,14.6875,-3.9375
gemma-2-2b,15,freq,freq,fr,de,reich,"Le contraire de ""reich"" est """,arm,29,577,18.625,16.5,-2.125
gemma-2-2b,16,desc,desc,fr,de,schön,"Le contraire de ""schön"" est """,hässlich,12,99,16.125,15.9375,-0.1875
gemma-2-2b,16,desc,val,fr,de,schön,"Le contraire de ""schön"" est """,hässlich,12,119,16.125,13.9375,-2.1875
gemma-2-2b,16,desc,freq,fr,de,schön,"Le contraire de ""schön"" est """,hässlich,12,231,16.125,12.375,-3.75
gemma-2-2b,16,val,desc,fr,de,schön,"Le contraire de ""schön"" est """,hässlich,12,46,16.125,16.75,0.625
gemma-2-2b,16,val,val,fr,de,schön,"Le contraire de ""schön"" est """,hässlich,12,80,16.125,16.5,0.375
gemma-2-2b,16,val,freq,fr,de,schön,"Le contraire de ""schön"" est """,hässlich,12,150,16.125,13.125,-3.0
gemma-2-2b,16,freq,desc,fr,de,schön,"Le contraire de ""schön"" est """,hässlich,12,119,16.125,15.5625,-0.5625
gemma-2-2b,16,freq,val,fr,de,schön,"Le contraire de ""schön"" est """,hässlich,12,135,16.125,13.4375,-2.6875
gemma-2-2b,16,freq,freq,fr,de,schön,"Le contraire de ""schön"" est """,hässlich,12,120,16.125,15.5625,-0.5625
gemma-2-2b,17,desc,desc,fr,de,lang,"Le contraire de ""lang"" est """,kurz,198,198,16.125,16.125,0.0
gemma-2-2b,17,desc,val,fr,de,lang,"Le contraire de ""lang"" est """,kurz,198,328,16.125,13.875,-2.25
gemma-2-2b,17,desc,freq,fr,de,lang,"Le contraire de ""lang"" est """,kurz,198,1183,16.125,11.75,-4.375
gemma-2-2b,17,val,desc,fr,de,lang,"Le contraire de ""lang"" est """,kurz,198,3,16.125,21.0,4.875
gemma-2-2b,17,val,val,fr,de,lang,"Le contraire de ""lang"" est """,kurz,198,291,16.125,16.25,0.125
gemma-2-2b,17,val,freq,fr,de,lang,"Le contraire de ""lang"" est """,kurz,198,13,16.125,18.625,2.5
gemma-2-2b,17,freq,desc,fr,de,lang,"Le contraire de ""lang"" est """,kurz,198,200,16.125,15.9375,-0.1875
gemma-2-2b,17,freq,val,fr,de,lang,"Le contraire de ""lang"" est """,kurz,198,236,16.125,13.9375,-2.1875
gemma-2-2b,17,freq,freq,fr,de,lang,"Le contraire de ""lang"" est """,kurz,198,211,16.125,15.9375,-0.1875
gemma-2-2b,18,desc,desc,fr,de,breit,"Le contraire de ""breit"" est """,eng,19,139,16.875,16.75,-0.125
gemma-2-2b,18,desc,val,fr,de,breit,"Le contraire de ""breit"" est """,eng,19,202,16.875,15.125,-1.75
gemma-2-2b,18,desc,freq,fr,de,breit,"Le contraire de ""breit"" est """,eng,19,76,16.875,16.375,-0.5
gemma-2-2b,18,val,desc,fr,de,breit,"Le contraire de ""breit"" est """,eng,19,28,16.875,19.375,2.5
gemma-2-2b,18,val,val,fr,de,breit,"Le contraire de ""breit"" est """,eng,19,129,16.875,17.75,0.875
gemma-2-2b,18,val,freq,fr,de,breit,"Le contraire de ""breit"" est """,eng,19,23,16.875,17.875,1.0
gemma-2-2b,18,freq,desc,fr,de,breit,"Le contraire de ""breit"" est """,eng,19,215,16.875,16.5,-0.375
gemma-2-2b,18,freq,val,fr,de,breit,"Le contraire de ""breit"" est """,eng,19,216,16.875,15.125,-1.75
gemma-2-2b,18,freq,freq,fr,de,breit,"Le contraire de ""breit"" est """,eng,19,183,16.875,16.75,-0.125
gemma-2-2b,19,desc,desc,fr,de,hart,"Le contraire de ""hart"" est """,weich,133,133,19.125,19.125,0.0
gemma-2-2b,19,desc,val,fr,de,hart,"Le contraire de ""hart"" est """,weich,133,236,19.125,16.875,-2.25
gemma-2-2b,19,desc,freq,fr,de,hart,"Le contraire de ""hart"" est """,weich,133,468,19.125,16.125,-3.0
gemma-2-2b,19,val,desc,fr,de,hart,"Le contraire de ""hart"" est """,weich,133,11,19.125,21.25,2.125
gemma-2-2b,19,val,val,fr,de,hart,"Le contraire de ""hart"" est """,weich,133,326,19.125,18.375,-0.75
gemma-2-2b,19,val,freq,fr,de,hart,"Le contraire de ""hart"" est """,weich,133,42,19.125,18.875,-0.25
gemma-2-2b,19,freq,desc,fr,de,hart,"Le contraire de ""hart"" est """,weich,133,128,19.125,19.0,-0.125
gemma-2-2b,19,freq,val,fr,de,hart,"Le contraire de ""hart"" est """,weich,133,138,19.125,17.125,-2.0
gemma-2-2b,19,freq,freq,fr,de,hart,"Le contraire de ""hart"" est """,weich,133,104,19.125,19.25,0.125
gemma-2-2b,20,desc,desc,fr,de,trocken,"Le contraire de ""trocken"" est """,nass,4,241,17.75,14.3125,-3.4375
gemma-2-2b,20,desc,val,fr,de,trocken,"Le contraire de ""trocken"" est """,nass,4,186,17.75,13.125,-4.625
gemma-2-2b,20,desc,freq,fr,de,trocken,"Le contraire de ""trocken"" est """,nass,4,172,17.75,12.375,-5.375
gemma-2-2b,20,val,desc,fr,de,trocken,"Le contraire de ""trocken"" est """,nass,4,37,17.75,17.625,-0.125
gemma-2-2b,20,val,val,fr,de,trocken,"Le contraire de ""trocken"" est """,nass,4,214,17.75,15.25,-2.5
gemma-2-2b,20,val,freq,fr,de,trocken,"Le contraire de ""trocken"" est """,nass,4,313,17.75,11.625,-6.125
gemma-2-2b,20,freq,desc,fr,de,trocken,"Le contraire de ""trocken"" est """,nass,4,1243,17.75,11.0625,-6.6875
gemma-2-2b,20,freq,val,fr,de,trocken,"Le contraire de ""trocken"" est """,nass,4,1195,17.75,8.875,-8.875
gemma-2-2b,20,freq,freq,fr,de,trocken,"Le contraire de ""trocken"" est """,nass,4,1177,17.75,11.375,-6.375
gemma-2-2b,21,desc,desc,fr,de,laut,"Le contraire de ""laut"" est """,leise,0,36,20.625,18.875,-1.75
gemma-2-2b,21,desc,val,fr,de,laut,"Le contraire de ""laut"" est """,leise,0,33,20.625,17.75,-2.875
gemma-2-2b,21,desc,freq,fr,de,laut,"Le contraire de ""laut"" est """,leise,0,13,20.625,18.875,-1.75
gemma-2-2b,21,val,desc,fr,de,laut,"Le contraire de ""laut"" est """,leise,0,0,20.625,22.875,2.25
gemma-2-2b,21,val,val,fr,de,laut,"Le contraire de ""laut"" est """,leise,0,19,20.625,20.25,-0.375
gemma-2-2b,21,val,freq,fr,de,laut,"Le contraire de ""laut"" est """,leise,0,2,20.625,20.75,0.125
gemma-2-2b,21,freq,desc,fr,de,laut,"Le contraire de ""laut"" est """,leise,0,22,20.625,19.5,-1.125
gemma-2-2b,21,freq,val,fr,de,laut,"Le contraire de ""laut"" est """,leise,0,29,20.625,17.875,-2.75
gemma-2-2b,21,freq,freq,fr,de,laut,"Le contraire de ""laut"" est """,leise,0,29,20.625,19.25,-1.375
gemma-2-2b,22,desc,desc,fr,de,früh,"Le contraire de ""früh"" est """,spät,2,10,19.625,18.625,-1.0
gemma-2-2b,22,desc,val,fr,de,früh,"Le contraire de ""früh"" est """,spät,2,8,19.625,17.125,-2.5
gemma-2-2b,22,desc,freq,fr,de,früh,"Le contraire de ""früh"" est """,spät,2,5,19.625,16.375,-3.25
gemma-2-2b,22,val,desc,fr,de,früh,"Le contraire de ""früh"" est """,spät,2,3,19.625,20.375,0.75
gemma-2-2b,22,val,val,fr,de,früh,"Le contraire de ""früh"" est """,spät,2,9,19.625,20.25,0.625
gemma-2-2b,22,val,freq,fr,de,früh,"Le contraire de ""früh"" est """,spät,2,3,19.625,17.625,-2.0
gemma-2-2b,22,freq,desc,fr,de,früh,"Le contraire de ""früh"" est """,spät,2,18,19.625,18.125,-1.5
gemma-2-2b,22,freq,val,fr,de,früh,"Le contraire de ""früh"" est """,spät,2,21,19.625,16.625,-3.0
gemma-2-2b,22,freq,freq,fr,de,früh,"Le contraire de ""früh"" est """,spät,2,19,19.625,18.125,-1.5
gemma-2-2b,23,desc,desc,fr,de,nah,"Le contraire de ""nah"" est """,weit,12100,12100,8.875,8.875,0.0
gemma-2-2b,23,desc,val,fr,de,nah,"Le contraire de ""nah"" est """,weit,12100,16417,8.875,6.40625,-2.46875
gemma-2-2b,23,desc,freq,fr,de,nah,"Le contraire de ""nah"" est """,weit,12100,31079,8.875,4.125,-4.75
gemma-2-2b,23,val,desc,fr,de,nah,"Le contraire de ""nah"" est """,weit,12100,10618,8.875,10.375,1.5
gemma-2-2b,23,val,val,fr,de,nah,"Le contraire de ""nah"" est """,weit,12100,17708,8.875,8.0,-0.875
gemma-2-2b,23,val,freq,fr,de,nah,"Le contraire de ""nah"" est """,weit,12100,17891,8.875,4.96875,-3.90625
gemma-2-2b,23,freq,desc,fr,de,nah,"Le contraire de ""nah"" est """,weit,12100,13599,8.875,8.375,-0.5
gemma-2-2b,23,freq,val,fr,de,nah,"Le contraire de ""nah"" est """,weit,12100,25330,8.875,4.9375,-3.9375
gemma-2-2b,23,freq,freq,fr,de,nah,"Le contraire de ""nah"" est """,weit,12100,17681,8.875,7.75,-1.125
gemma-2-2b,24,desc,desc,fr,de,tief,"Le contraire de ""tief"" est """,flach,22,244,17.125,17.375,0.25
gemma-2-2b,24,desc,val,fr,de,tief,"Le contraire de ""tief"" est """,flach,22,262,17.125,15.8125,-1.3125
gemma-2-2b,24,desc,freq,fr,de,tief,"Le contraire de ""tief"" est """,flach,22,1430,17.125,13.4375,-3.6875
gemma-2-2b,24,val,desc,fr,de,tief,"Le contraire de ""tief"" est """,flach,22,59,17.125,18.75,1.625
gemma-2-2b,24,val,val,fr,de,tief,"Le contraire de ""tief"" est """,flach,22,115,17.125,18.75,1.625
gemma-2-2b,24,val,freq,fr,de,tief,"Le contraire de ""tief"" est """,flach,22,329,17.125,15.25,-1.875
gemma-2-2b,24,freq,desc,fr,de,tief,"Le contraire de ""tief"" est """,flach,22,350,17.125,17.25,0.125
gemma-2-2b,24,freq,val,fr,de,tief,"Le contraire de ""tief"" est """,flach,22,352,17.125,15.5625,-1.5625
gemma-2-2b,24,freq,freq,fr,de,tief,"Le contraire de ""tief"" est """,flach,22,418,17.125,17.0,-0.125
gemma-2-2b,25,desc,desc,fr,de,schlecht,"Le contraire de ""schlecht"" est """,gut,0,160,21.875,15.5625,-6.3125
gemma-2-2b,25,desc,val,fr,de,schlecht,"Le contraire de ""schlecht"" est """,gut,0,282,21.875,13.0,-8.875
gemma-2-2b,25,desc,freq,fr,de,schlecht,"Le contraire de ""schlecht"" est """,gut,0,492,21.875,10.5,-11.375
gemma-2-2b,25,val,desc,fr,de,schlecht,"Le contraire de ""schlecht"" est """,gut,0,7,21.875,19.75,-2.125
gemma-2-2b,25,val,val,fr,de,schlecht,"Le contraire de ""schlecht"" est """,gut,0,65,21.875,17.75,-4.125
gemma-2-2b,25,val,freq,fr,de,schlecht,"Le contraire de ""schlecht"" est """,gut,0,70,21.875,12.875,-9.0
gemma-2-2b,25,freq,desc,fr,de,schlecht,"Le contraire de ""schlecht"" est """,gut,0,208,21.875,15.125,-6.75
gemma-2-2b,25,freq,val,fr,de,schlecht,"Le contraire de ""schlecht"" est """,gut,0,254,21.875,12.9375,-8.9375
gemma-2-2b,25,freq,freq,fr,de,schlecht,"Le contraire de ""schlecht"" est """,gut,0,225,21.875,15.25,-6.625
gemma-2-2b,26,desc,desc,fr,de,traurig,"Le contraire de ""traurig"" est """,glücklich,6,62,19.125,17.75,-1.375
gemma-2-2b,26,desc,val,fr,de,traurig,"Le contraire de ""traurig"" est """,glücklich,6,36,19.125,17.0,-2.125
gemma-2-2b,26,desc,freq,fr,de,traurig,"Le contraire de ""traurig"" est """,glücklich,6,2,19.125,18.25,-0.875
gemma-2-2b,26,val,desc,fr,de,traurig,"Le contraire de ""traurig"" est """,glücklich,6,1,19.125,21.5,2.375
gemma-2-2b,26,val,val,fr,de,traurig,"Le contraire de ""traurig"" est """,glücklich,6,89,19.125,18.0,-1.125
gemma-2-2b,26,val,freq,fr,de,traurig,"Le contraire de ""traurig"" est """,glücklich,6,0,19.125,19.5,0.375
gemma-2-2b,26,freq,desc,fr,de,traurig,"Le contraire de ""traurig"" est """,glücklich,6,27,19.125,18.875,-0.25
gemma-2-2b,26,freq,val,fr,de,traurig,"Le contraire de ""traurig"" est """,glücklich,6,23,19.125,17.75,-1.375
gemma-2-2b,26,freq,freq,fr,de,traurig,"Le contraire de ""traurig"" est """,glücklich,6,26,19.125,19.0,-0.125
gemma-2-2b,27,desc,desc,fr,de,klein,"Le contraire de ""klein"" est """,groß,1,13,21.875,19.375,-2.5
gemma-2-2b,27,desc,val,fr,de,klein,"Le contraire de ""klein"" est """,groß,1,13,21.875,17.625,-4.25
gemma-2-2b,27,desc,freq,fr,de,klein,"Le contraire de ""klein"" est """,groß,1,3,21.875,17.875,-4.0
gemma-2-2b,27,val,desc,fr,de,klein,"Le contraire de ""klein"" est """,groß,1,3,21.875,21.375,-0.5
gemma-2-2b,27,val,val,fr,de,klein,"Le contraire de ""klein"" est """,groß,1,11,21.875,20.625,-1.25
gemma-2-2b,27,val,freq,fr,de,klein,"Le contraire de ""klein"" est """,groß,1,1,21.875,19.0,-2.875
gemma-2-2b,27,freq,desc,fr,de,klein,"Le contraire de ""klein"" est """,groß,1,15,21.875,19.125,-2.75
gemma-2-2b,27,freq,val,fr,de,klein,"Le contraire de ""klein"" est """,groß,1,16,21.875,17.75,-4.125
gemma-2-2b,27,freq,freq,fr,de,klein,"Le contraire de ""klein"" est """,groß,1,13,21.875,19.375,-2.5
gemma-2-2b,28,desc,desc,fr,de,kalt,"Le contraire de ""kalt"" est """,heiß,1,7,20.125,19.0,-1.125
gemma-2-2b,28,desc,val,fr,de,kalt,"Le contraire de ""kalt"" est """,heiß,1,8,20.125,17.5,-2.625
gemma-2-2b,28,desc,freq,fr,de,kalt,"Le contraire de ""kalt"" est """,heiß,1,31,20.125,14.75,-5.375
gemma-2-2b,28,val,desc,fr,de,kalt,"Le contraire de ""kalt"" est """,heiß,1,3,20.125,20.125,0.0
gemma-2-2b,28,val,val,fr,de,kalt,"Le contraire de ""kalt"" est """,heiß,1,6,20.125,20.375,0.25
gemma-2-2b,28,val,freq,fr,de,kalt,"Le contraire de ""kalt"" est """,heiß,1,12,20.125,16.375,-3.75
gemma-2-2b,28,freq,desc,fr,de,kalt,"Le contraire de ""kalt"" est """,heiß,1,8,20.125,19.625,-0.5
gemma-2-2b,28,freq,val,fr,de,kalt,"Le contraire de ""kalt"" est """,heiß,1,8,20.125,18.75,-1.375
gemma-2-2b,28,freq,freq,fr,de,kalt,"Le contraire de ""kalt"" est """,heiß,1,8,20.125,19.75,-0.375
gemma-2-2b,29,desc,desc,fr,de,langsam,"Le contraire de ""langsam"" est """,schnell,0,35,20.625,18.125,-2.5
gemma-2-2b,29,desc,val,fr,de,langsam,"Le contraire de ""langsam"" est """,schnell,0,50,20.625,16.25,-4.375
gemma-2-2b,29,desc,freq,fr,de,langsam,"Le contraire de ""langsam"" est """,schnell,0,6,20.625,18.25,-2.375
gemma-2-2b,29,val,desc,fr,de,langsam,"Le contraire de ""langsam"" est """,schnell,0,0,20.625,22.25,1.625
gemma-2-2b,29,val,val,fr,de,langsam,"Le contraire de ""langsam"" est """,schnell,0,21,20.625,20.375,-0.25
gemma-2-2b,29,val,freq,fr,de,langsam,"Le contraire de ""langsam"" est """,schnell,0,1,20.625,19.75,-0.875
gemma-2-2b,29,freq,desc,fr,de,langsam,"Le contraire de ""langsam"" est """,schnell,0,37,20.625,18.25,-2.375
gemma-2-2b,29,freq,val,fr,de,langsam,"Le contraire de ""langsam"" est """,schnell,0,37,20.625,16.875,-3.75
gemma-2-2b,29,freq,freq,fr,de,langsam,"Le contraire de ""langsam"" est """,schnell,0,37,20.625,18.375,-2.25
gemma-2-2b,30,desc,desc,fr,de,schwer,"Le contraire de ""schwer"" est """,leicht,0,4,21.5,18.125,-3.375
gemma-2-2b,30,desc,val,fr,de,schwer,"Le contraire de ""schwer"" est """,leicht,0,4,21.5,17.25,-4.25
gemma-2-2b,30,desc,freq,fr,de,schwer,"Le contraire de ""schwer"" est """,leicht,0,14,21.5,15.0,-6.5
gemma-2-2b,30,val,desc,fr,de,schwer,"Le contraire de ""schwer"" est """,leicht,0,1,21.5,21.875,0.375
gemma-2-2b,30,val,val,fr,de,schwer,"Le contraire de ""schwer"" est """,leicht,0,2,21.5,19.75,-1.75
gemma-2-2b,30,val,freq,fr,de,schwer,"Le contraire de ""schwer"" est """,leicht,0,6,21.5,17.25,-4.25
gemma-2-2b,30,freq,desc,fr,de,schwer,"Le contraire de ""schwer"" est """,leicht,0,3,21.5,18.125,-3.375
gemma-2-2b,30,freq,val,fr,de,schwer,"Le contraire de ""schwer"" est """,leicht,0,3,21.5,17.875,-3.625
gemma-2-2b,30,freq,freq,fr,de,schwer,"Le contraire de ""schwer"" est """,leicht,0,3,21.5,18.625,-2.875
gemma-2-2b,31,desc,desc,fr,de,schwierig,"Le contraire de ""schwierig"" est """,einfach,29,68,15.5625,14.75,-0.8125
gemma-2-2b,31,desc,val,fr,de,schwierig,"Le contraire de ""schwierig"" est """,einfach,29,44,15.5625,14.0625,-1.5
gemma-2-2b,31,desc,freq,fr,de,schwierig,"Le contraire de ""schwierig"" est """,einfach,29,43,15.5625,13.125,-2.4375
gemma-2-2b,31,val,desc,fr,de,schwierig,"Le contraire de ""schwierig"" est """,einfach,29,0,15.5625,20.875,5.3125
gemma-2-2b,31,val,val,fr,de,schwierig,"Le contraire de ""schwierig"" est """,einfach,29,57,15.5625,15.5625,0.0
gemma-2-2b,31,val,freq,fr,de,schwierig,"Le contraire de ""schwierig"" est """,einfach,29,1,15.5625,18.25,2.6875
gemma-2-2b,31,freq,desc,fr,de,schwierig,"Le contraire de ""schwierig"" est """,einfach,29,67,15.5625,14.5,-1.0625
gemma-2-2b,31,freq,val,fr,de,schwierig,"Le contraire de ""schwierig"" est """,einfach,29,51,15.5625,13.375,-2.1875
gemma-2-2b,31,freq,freq,fr,de,schwierig,"Le contraire de ""schwierig"" est """,einfach,29,65,15.5625,14.5,-1.0625
gemma-2-2b,32,desc,desc,fr,de,alt,"Le contraire de ""alt"" est """,neu,1532,1532,12.625,12.625,0.0
gemma-2-2b,32,desc,val,fr,de,alt,"Le contraire de ""alt"" est """,neu,1532,1307,12.625,11.5,-1.125
gemma-2-2b,32,desc,freq,fr,de,alt,"Le contraire de ""alt"" est """,neu,1532,267,12.625,12.875,0.25
gemma-2-2b,32,val,desc,fr,de,alt,"Le contraire de ""alt"" est """,neu,1532,737,12.625,14.9375,2.3125
gemma-2-2b,32,val,val,fr,de,alt,"Le contraire de ""alt"" est """,neu,1532,1469,12.625,13.4375,0.8125
gemma-2-2b,32,val,freq,fr,de,alt,"Le contraire de ""alt"" est """,neu,1532,101,12.625,15.5625,2.9375
gemma-2-2b,32,freq,desc,fr,de,alt,"Le contraire de ""alt"" est """,neu,1532,2510,12.625,11.5625,-1.0625
gemma-2-2b,32,freq,val,fr,de,alt,"Le contraire de ""alt"" est """,neu,1532,1621,12.625,10.5,-2.125
gemma-2-2b,32,freq,freq,fr,de,alt,"Le contraire de ""alt"" est """,neu,1532,1722,12.625,12.25,-0.375
gemma-2-2b,33,desc,desc,fr,de,falsch,"Le contraire de ""falsch"" est """,richtig,0,16,18.75,16.375,-2.375
gemma-2-2b,33,desc,val,fr,de,falsch,"Le contraire de ""falsch"" est """,richtig,0,17,18.75,15.25,-3.5
gemma-2-2b,33,desc,freq,fr,de,falsch,"Le contraire de ""falsch"" est """,richtig,0,15,18.75,9.125,-9.625
gemma-2-2b,33,val,desc,fr,de,falsch,"Le contraire de ""falsch"" est """,richtig,0,0,18.75,17.75,-1.0
gemma-2-2b,33,val,val,fr,de,falsch,"Le contraire de ""falsch"" est """,richtig,0,10,18.75,17.875,-0.875
gemma-2-2b,33,val,freq,fr,de,falsch,"Le contraire de ""falsch"" est """,richtig,0,11,18.75,10.375,-8.375
gemma-2-2b,33,freq,desc,fr,de,falsch,"Le contraire de ""falsch"" est """,richtig,0,19,18.75,15.6875,-3.0625
gemma-2-2b,33,freq,val,fr,de,falsch,"Le contraire de ""falsch"" est """,richtig,0,17,18.75,15.375,-3.375
gemma-2-2b,33,freq,freq,fr,de,falsch,"Le contraire de ""falsch"" est """,richtig,0,19,18.75,15.6875,-3.0625
gemma-2-2b,34,desc,desc,fr,de,tot,"Le contraire de ""tot"" est """,lebendig,12927,12927,10.875,10.875,0.0
gemma-2-2b,34,desc,val,fr,de,tot,"Le contraire de ""tot"" est """,lebendig,12927,17657,10.875,8.4375,-2.4375
gemma-2-2b,34,desc,freq,fr,de,tot,"Le contraire de ""tot"" est """,lebendig,12927,8028,10.875,10.4375,-0.4375
gemma-2-2b,34,val,desc,fr,de,tot,"Le contraire de ""tot"" est """,lebendig,12927,7315,10.875,12.4375,1.5625
gemma-2-2b,34,val,val,fr,de,tot,"Le contraire de ""tot"" est """,lebendig,12927,25807,10.875,9.625,-1.25
gemma-2-2b,34,val,freq,fr,de,tot,"Le contraire de ""tot"" est """,lebendig,12927,4623,10.875,11.75,0.875
gemma-2-2b,34,freq,desc,fr,de,tot,"Le contraire de ""tot"" est """,lebendig,12927,11789,10.875,11.0,0.125
gemma-2-2b,34,freq,val,fr,de,tot,"Le contraire de ""tot"" est """,lebendig,12927,15125,10.875,8.0625,-2.8125
gemma-2-2b,34,freq,freq,fr,de,tot,"Le contraire de ""tot"" est """,lebendig,12927,12214,10.875,11.0,0.125
gemma-2-2b,35,desc,desc,fr,de,leer,"Le contraire de ""leer"" est """,voll,5888,5888,11.0625,11.0625,0.0
gemma-2-2b,35,desc,val,fr,de,leer,"Le contraire de ""leer"" est """,voll,5888,8006,11.0625,8.75,-2.3125
gemma-2-2b,35,desc,freq,fr,de,leer,"Le contraire de ""leer"" est """,voll,5888,49932,11.0625,3.578125,-7.484375
gemma-2-2b,35,val,desc,fr,de,leer,"Le contraire de ""leer"" est """,voll,5888,13190,11.0625,10.1875,-0.875
gemma-2-2b,35,val,val,fr,de,leer,"Le contraire de ""leer"" est """,voll,5888,6675,11.0625,11.125,0.0625
gemma-2-2b,35,val,freq,fr,de,leer,"Le contraire de ""leer"" est """,voll,5888,96173,11.0625,2.234375,-8.828125
gemma-2-2b,35,freq,desc,fr,de,leer,"Le contraire de ""leer"" est """,voll,5888,7246,11.0625,10.8125,-0.25
gemma-2-2b,35,freq,val,fr,de,leer,"Le contraire de ""leer"" est """,voll,5888,8853,11.0625,8.0,-3.0625
gemma-2-2b,35,freq,freq,fr,de,leer,"Le contraire de ""leer"" est """,voll,5888,7700,11.0625,10.75,-0.3125
gemma-2-2b,36,desc,desc,fr,de,dunkel,"Le contraire de ""dunkel"" est """,hell,0,59,21.25,16.5,-4.75
gemma-2-2b,36,desc,val,fr,de,dunkel,"Le contraire de ""dunkel"" est """,hell,0,42,21.25,15.6875,-5.5625
gemma-2-2b,36,desc,freq,fr,de,dunkel,"Le contraire de ""dunkel"" est """,hell,0,26,21.25,14.125,-7.125
gemma-2-2b,36,val,desc,fr,de,dunkel,"Le contraire de ""dunkel"" est """,hell,0,0,21.25,20.0,-1.25
gemma-2-2b,36,val,val,fr,de,dunkel,"Le contraire de ""dunkel"" est """,hell,0,35,21.25,18.625,-2.625
gemma-2-2b,36,val,freq,fr,de,dunkel,"Le contraire de ""dunkel"" est """,hell,0,7,21.25,15.125,-6.125
gemma-2-2b,36,freq,desc,fr,de,dunkel,"Le contraire de ""dunkel"" est """,hell,0,140,21.25,15.5,-5.75
gemma-2-2b,36,freq,val,fr,de,dunkel,"Le contraire de ""dunkel"" est """,hell,0,107,21.25,14.3125,-6.9375
gemma-2-2b,36,freq,freq,fr,de,dunkel,"Le contraire de ""dunkel"" est """,hell,0,143,21.25,15.5625,-5.6875
gemma-2-2b,37,desc,desc,fr,de,schwach,"Le contraire de ""schwach"" est """,stark,1,12,21.0,18.875,-2.125
gemma-2-2b,37,desc,val,fr,de,schwach,"Le contraire de ""schwach"" est """,stark,1,10,21.0,17.875,-3.125
gemma-2-2b,37,desc,freq,fr,de,schwach,"Le contraire de ""schwach"" est """,stark,1,17,21.0,16.75,-4.25
gemma-2-2b,37,val,desc,fr,de,schwach,"Le contraire de ""schwach"" est """,stark,1,4,21.0,20.875,-0.125
gemma-2-2b,37,val,val,fr,de,schwach,"Le contraire de ""schwach"" est """,stark,1,20,21.0,19.25,-1.75
gemma-2-2b,37,val,freq,fr,de,schwach,"Le contraire de ""schwach"" est """,stark,1,33,21.0,15.9375,-5.0625
gemma-2-2b,37,freq,desc,fr,de,schwach,"Le contraire de ""schwach"" est """,stark,1,27,21.0,18.125,-2.875
gemma-2-2b,37,freq,val,fr,de,schwach,"Le contraire de ""schwach"" est """,stark,1,42,21.0,16.0,-5.0
gemma-2-2b,37,freq,freq,fr,de,schwach,"Le contraire de ""schwach"" est """,stark,1,20,21.0,18.75,-2.25
gemma-2-2b,38,desc,desc,fr,de,schmutzig,"Le contraire de ""schmutzig"" est """,sauber,0,18,19.5,17.875,-1.625
gemma-2-2b,38,desc,val,fr,de,schmutzig,"Le contraire de ""schmutzig"" est """,sauber,0,11,19.5,17.0,-2.5
gemma-2-2b,38,desc,freq,fr,de,schmutzig,"Le contraire de ""schmutzig"" est """,sauber,0,6,19.5,16.75,-2.75
gemma-2-2b,38,val,desc,fr,de,schmutzig,"Le contraire de ""schmutzig"" est """,sauber,0,7,19.5,19.125,-0.375
gemma-2-2b,38,val,val,fr,de,schmutzig,"Le contraire de ""schmutzig"" est """,sauber,0,20,19.5,18.75,-0.75
gemma-2-2b,38,val,freq,fr,de,schmutzig,"Le contraire de ""schmutzig"" est """,sauber,0,29,19.5,14.75,-4.75
gemma-2-2b,38,freq,desc,fr,de,schmutzig,"Le contraire de ""schmutzig"" est """,sauber,0,21,19.5,18.25,-1.25
gemma-2-2b,38,freq,val,fr,de,schmutzig,"Le contraire de ""schmutzig"" est """,sauber,0,22,19.5,16.75,-2.75
gemma-2-2b,38,freq,freq,fr,de,schmutzig,"Le contraire de ""schmutzig"" est """,sauber,0,22,19.5,18.25,-1.25
gemma-2-2b,39,desc,desc,fr,de,geschlossen,"Le contraire de ""geschlossen"" est """,offen,0,10,21.5,19.125,-2.375
gemma-2-2b,39,desc,val,fr,de,geschlossen,"Le contraire de ""geschlossen"" est """,offen,0,8,21.5,18.75,-2.75
gemma-2-2b,39,desc,freq,fr,de,geschlossen,"Le contraire de ""geschlossen"" est """,offen,0,70,21.5,13.3125,-8.1875
gemma-2-2b,39,val,desc,fr,de,geschlossen,"Le contraire de ""geschlossen"" est """,offen,0,0,21.5,21.875,0.375
gemma-2-2b,39,val,val,fr,de,geschlossen,"Le contraire de ""geschlossen"" est """,offen,0,6,21.5,21.0,-0.5
gemma-2-2b,39,val,freq,fr,de,geschlossen,"Le contraire de ""geschlossen"" est """,offen,0,33,21.5,15.125,-6.375
gemma-2-2b,39,freq,desc,fr,de,geschlossen,"Le contraire de ""geschlossen"" est """,offen,0,43,21.5,17.5,-4.0
gemma-2-2b,39,freq,val,fr,de,geschlossen,"Le contraire de ""geschlossen"" est """,offen,0,25,21.5,17.5,-4.0
gemma-2-2b,39,freq,freq,fr,de,geschlossen,"Le contraire de ""geschlossen"" est """,offen,0,29,21.5,18.0,-3.5
gemma-2-2b,40,desc,desc,fr,de,arm,"Le contraire de ""arm"" est """,reich,8073,8073,11.8125,11.8125,0.0
gemma-2-2b,40,desc,val,fr,de,arm,"Le contraire de ""arm"" est """,reich,8073,7140,11.8125,10.375,-1.4375
gemma-2-2b,40,desc,freq,fr,de,arm,"Le contraire de ""arm"" est """,reich,8073,5880,11.8125,10.625,-1.1875
gemma-2-2b,40,val,desc,fr,de,arm,"Le contraire de ""arm"" est """,reich,8073,4825,11.8125,13.625,1.8125
gemma-2-2b,40,val,val,fr,de,arm,"Le contraire de ""arm"" est """,reich,8073,13485,11.8125,11.1875,-0.625
gemma-2-2b,40,val,freq,fr,de,arm,"Le contraire de ""arm"" est """,reich,8073,5413,11.8125,11.875,0.0625
gemma-2-2b,40,freq,desc,fr,de,arm,"Le contraire de ""arm"" est """,reich,8073,10995,11.8125,10.875,-0.9375
gemma-2-2b,40,freq,val,fr,de,arm,"Le contraire de ""arm"" est """,reich,8073,10465,11.8125,8.9375,-2.875
gemma-2-2b,40,freq,freq,fr,de,arm,"Le contraire de ""arm"" est """,reich,8073,10230,11.8125,11.0625,-0.75
gemma-2-2b,41,desc,desc,fr,de,hässlich,"Le contraire de ""hässlich"" est """,schön,0,1,19.25,20.625,1.375
gemma-2-2b,41,desc,val,fr,de,hässlich,"Le contraire de ""hässlich"" est """,schön,0,2,19.25,19.125,-0.125
gemma-2-2b,41,desc,freq,fr,de,hässlich,"Le contraire de ""hässlich"" est """,schön,0,6,19.25,16.125,-3.125
gemma-2-2b,41,val,desc,fr,de,hässlich,"Le contraire de ""hässlich"" est """,schön,0,0,19.25,22.125,2.875
gemma-2-2b,41,val,val,fr,de,hässlich,"Le contraire de ""hässlich"" est """,schön,0,0,19.25,21.75,2.5
gemma-2-2b,41,val,freq,fr,de,hässlich,"Le contraire de ""hässlich"" est """,schön,0,0,19.25,18.625,-0.625
gemma-2-2b,41,freq,desc,fr,de,hässlich,"Le contraire de ""hässlich"" est """,schön,0,1,19.25,20.0,0.75
gemma-2-2b,41,freq,val,fr,de,hässlich,"Le contraire de ""hässlich"" est """,schön,0,3,19.25,18.625,-0.625
gemma-2-2b,41,freq,freq,fr,de,hässlich,"Le contraire de ""hässlich"" est """,schön,0,1,19.25,20.0,0.75
gemma-2-2b,42,desc,desc,fr,de,kurz,"Le contraire de ""kurz"" est """,lang,0,18,22.25,20.0,-2.25
gemma-2-2b,42,desc,val,fr,de,kurz,"Le contraire de ""kurz"" est """,lang,0,21,22.25,18.75,-3.5
gemma-2-2b,42,desc,freq,fr,de,kurz,"Le contraire de ""kurz"" est """,lang,0,4,22.25,19.375,-2.875
gemma-2-2b,42,val,desc,fr,de,kurz,"Le contraire de ""kurz"" est """,lang,0,2,22.25,22.125,-0.125
gemma-2-2b,42,val,val,fr,de,kurz,"Le contraire de ""kurz"" est """,lang,0,2,22.25,22.5,0.25
gemma-2-2b,42,val,freq,fr,de,kurz,"Le contraire de ""kurz"" est """,lang,0,1,22.25,20.375,-1.875
gemma-2-2b,42,freq,desc,fr,de,kurz,"Le contraire de ""kurz"" est """,lang,0,36,22.25,19.25,-3.0
gemma-2-2b,42,freq,val,fr,de,kurz,"Le contraire de ""kurz"" est """,lang,0,31,22.25,18.75,-3.5
gemma-2-2b,42,freq,freq,fr,de,kurz,"Le contraire de ""kurz"" est """,lang,0,35,22.25,19.625,-2.625
gemma-2-2b,43,desc,desc,fr,de,eng,"Le contraire de ""eng"" est """,breit,3609,3609,14.125,14.125,0.0
gemma-2-2b,43,desc,val,fr,de,eng,"Le contraire de ""eng"" est """,breit,3609,4467,14.125,12.0,-2.125
gemma-2-2b,43,desc,freq,fr,de,eng,"Le contraire de ""eng"" est """,breit,3609,49204,14.125,6.0,-8.125
gemma-2-2b,43,val,desc,fr,de,eng,"Le contraire de ""eng"" est """,breit,3609,3762,14.125,13.625,-0.5
gemma-2-2b,43,val,val,fr,de,eng,"Le contraire de ""eng"" est """,breit,3609,4393,14.125,14.125,0.0
gemma-2-2b,43,val,freq,fr,de,eng,"Le contraire de ""eng"" est """,breit,3609,34804,14.125,6.9375,-7.1875
gemma-2-2b,43,freq,desc,fr,de,eng,"Le contraire de ""eng"" est """,breit,3609,5020,14.125,13.25,-0.875
gemma-2-2b,43,freq,val,fr,de,eng,"Le contraire de ""eng"" est """,breit,3609,6123,14.125,10.6875,-3.4375
gemma-2-2b,43,freq,freq,fr,de,eng,"Le contraire de ""eng"" est """,breit,3609,4556,14.125,13.625,-0.5
gemma-2-2b,44,desc,desc,fr,de,weich,"Le contraire de ""weich"" est """,hart,0,20,20.25,19.5,-0.75
gemma-2-2b,44,desc,val,fr,de,weich,"Le contraire de ""weich"" est """,hart,0,24,20.25,18.125,-2.125
gemma-2-2b,44,desc,freq,fr,de,weich,"Le contraire de ""weich"" est """,hart,0,35,20.25,16.75,-3.5
gemma-2-2b,44,val,desc,fr,de,weich,"Le contraire de ""weich"" est """,hart,0,13,20.25,19.875,-0.375
gemma-2-2b,44,val,val,fr,de,weich,"Le contraire de ""weich"" est """,hart,0,10,20.25,20.75,0.5
gemma-2-2b,44,val,freq,fr,de,weich,"Le contraire de ""weich"" est """,hart,0,58,20.25,16.5,-3.75
gemma-2-2b,44,freq,desc,fr,de,weich,"Le contraire de ""weich"" est """,hart,0,47,20.25,18.5,-1.75
gemma-2-2b,44,freq,val,fr,de,weich,"Le contraire de ""weich"" est """,hart,0,33,20.25,17.75,-2.5
gemma-2-2b,44,freq,freq,fr,de,weich,"Le contraire de ""weich"" est """,hart,0,37,20.25,19.125,-1.125
gemma-2-2b,45,desc,desc,fr,de,nass,"Le contraire de ""nass"" est """,trocken,478,478,18.0,18.0,0.0
gemma-2-2b,45,desc,val,fr,de,nass,"Le contraire de ""nass"" est """,trocken,478,578,18.0,16.25,-1.75
gemma-2-2b,45,desc,freq,fr,de,nass,"Le contraire de ""nass"" est """,trocken,478,73,18.0,19.125,1.125
gemma-2-2b,45,val,desc,fr,de,nass,"Le contraire de ""nass"" est """,trocken,478,168,18.0,19.5,1.5
gemma-2-2b,45,val,val,fr,de,nass,"Le contraire de ""nass"" est """,trocken,478,483,18.0,18.375,0.375
gemma-2-2b,45,val,freq,fr,de,nass,"Le contraire de ""nass"" est """,trocken,478,25,18.0,20.875,2.875
gemma-2-2b,45,freq,desc,fr,de,nass,"Le contraire de ""nass"" est """,trocken,478,700,18.0,17.375,-0.625
gemma-2-2b,45,freq,val,fr,de,nass,"Le contraire de ""nass"" est """,trocken,478,483,18.0,16.125,-1.875
gemma-2-2b,45,freq,freq,fr,de,nass,"Le contraire de ""nass"" est """,trocken,478,571,18.0,17.75,-0.25
gemma-2-2b,46,desc,desc,fr,de,leise,"Le contraire de ""leise"" est """,laut,105,105,16.125,16.125,0.0
gemma-2-2b,46,desc,val,fr,de,leise,"Le contraire de ""leise"" est """,laut,105,138,16.125,14.125,-2.0
gemma-2-2b,46,desc,freq,fr,de,leise,"Le contraire de ""leise"" est """,laut,105,115,16.125,14.6875,-1.4375
gemma-2-2b,46,val,desc,fr,de,leise,"Le contraire de ""leise"" est """,laut,105,14,16.125,19.375,3.25
gemma-2-2b,46,val,val,fr,de,leise,"Le contraire de ""leise"" est """,laut,105,108,16.125,16.75,0.625
gemma-2-2b,46,val,freq,fr,de,leise,"Le contraire de ""leise"" est """,laut,105,75,16.125,16.5,0.375
gemma-2-2b,46,freq,desc,fr,de,leise,"Le contraire de ""leise"" est """,laut,105,81,16.125,16.5,0.375
gemma-2-2b,46,freq,val,fr,de,leise,"Le contraire de ""leise"" est """,laut,105,107,16.125,14.0625,-2.0625
gemma-2-2b,46,freq,freq,fr,de,leise,"Le contraire de ""leise"" est """,laut,105,89,16.125,16.5,0.375
gemma-2-2b,47,desc,desc,fr,de,spät,"Le contraire de ""spät"" est """,früh,0,9,21.25,19.875,-1.375
gemma-2-2b,47,desc,val,fr,de,spät,"Le contraire de ""spät"" est """,früh,0,5,21.25,19.25,-2.0
gemma-2-2b,47,desc,freq,fr,de,spät,"Le contraire de ""spät"" est """,früh,0,18,21.25,17.0,-4.25
gemma-2-2b,47,val,desc,fr,de,spät,"Le contraire de ""spät"" est """,früh,0,2,21.25,21.75,0.5
gemma-2-2b,47,val,val,fr,de,spät,"Le contraire de ""spät"" est """,früh,0,4,21.25,21.25,0.0
gemma-2-2b,47,val,freq,fr,de,spät,"Le contraire de ""spät"" est """,früh,0,10,21.25,17.75,-3.5
gemma-2-2b,47,freq,desc,fr,de,spät,"Le contraire de ""spät"" est """,früh,0,12,21.25,19.75,-1.5
gemma-2-2b,47,freq,val,fr,de,spät,"Le contraire de ""spät"" est """,früh,0,9,21.25,18.875,-2.375
gemma-2-2b,47,freq,freq,fr,de,spät,"Le contraire de ""spät"" est """,früh,0,11,21.25,19.75,-1.5
gemma-2-2b,48,desc,desc,fr,de,fern,"Le contraire de ""fern"" est """,nah,11603,11603,13.625,13.625,0.0
gemma-2-2b,48,desc,val,fr,de,fern,"Le contraire de ""fern"" est """,nah,11603,16304,13.625,10.75,-2.875
gemma-2-2b,48,desc,freq,fr,de,fern,"Le contraire de ""fern"" est """,nah,11603,11068,13.625,12.625,-1.0
gemma-2-2b,48,val,desc,fr,de,fern,"Le contraire de ""fern"" est """,nah,11603,3455,13.625,15.5625,1.9375
gemma-2-2b,48,val,val,fr,de,fern,"Le contraire de ""fern"" est """,nah,11603,12751,13.625,13.25,-0.375
gemma-2-2b,48,val,freq,fr,de,fern,"Le contraire de ""fern"" est """,nah,11603,3467,13.625,14.3125,0.6875
gemma-2-2b,48,freq,desc,fr,de,fern,"Le contraire de ""fern"" est """,nah,11603,14374,13.625,13.0625,-0.5625
gemma-2-2b,48,freq,val,fr,de,fern,"Le contraire de ""fern"" est """,nah,11603,16233,13.625,10.1875,-3.4375
gemma-2-2b,48,freq,freq,fr,de,fern,"Le contraire de ""fern"" est """,nah,11603,13509,13.625,13.3125,-0.3125
gemma-2-2b,49,desc,desc,fr,de,flach,"Le contraire de ""flach"" est """,hoch,52,193,17.5,15.8125,-1.6875
gemma-2-2b,49,desc,val,fr,de,flach,"Le contraire de ""flach"" est """,hoch,52,181,17.5,14.5,-3.0
gemma-2-2b,49,desc,freq,fr,de,flach,"Le contraire de ""flach"" est """,hoch,52,45,17.5,17.0,-0.5
gemma-2-2b,49,val,desc,fr,de,flach,"Le contraire de ""flach"" est """,hoch,52,0,17.5,22.625,5.125
gemma-2-2b,49,val,val,fr,de,flach,"Le contraire de ""flach"" est """,hoch,52,141,17.5,17.0,-0.5
gemma-2-2b,49,val,freq,fr,de,flach,"Le contraire de ""flach"" est """,hoch,52,0,17.5,21.125,3.625
gemma-2-2b,49,freq,desc,fr,de,flach,"Le contraire de ""flach"" est """,hoch,52,166,17.5,15.5625,-1.9375
gemma-2-2b,49,freq,val,fr,de,flach,"Le contraire de ""flach"" est """,hoch,52,147,17.5,13.9375,-3.5625
gemma-2-2b,49,freq,freq,fr,de,flach,"Le contraire de ""flach"" est """,hoch,52,148,17.5,15.6875,-1.8125
gemma-2-2b,50,desc,desc,fr,de,jung,"Le contraire de ""jung"" est """,alt,111,113,20.0,20.0,0.0
gemma-2-2b,50,desc,val,fr,de,jung,"Le contraire de ""jung"" est """,alt,111,93,20.0,19.125,-0.875
gemma-2-2b,50,desc,freq,fr,de,jung,"Le contraire de ""jung"" est """,alt,111,69,20.0,19.25,-0.75
gemma-2-2b,50,val,desc,fr,de,jung,"Le contraire de ""jung"" est """,alt,111,56,20.0,21.0,1.0
gemma-2-2b,50,val,val,fr,de,jung,"Le contraire de ""jung"" est """,alt,111,137,20.0,20.625,0.625
gemma-2-2b,50,val,freq,fr,de,jung,"Le contraire de ""jung"" est """,alt,111,119,20.0,18.875,-1.125
gemma-2-2b,50,freq,desc,fr,de,jung,"Le contraire de ""jung"" est """,alt,111,144,20.0,19.875,-0.125
gemma-2-2b,50,freq,val,fr,de,jung,"Le contraire de ""jung"" est """,alt,111,118,20.0,18.875,-1.125
gemma-2-2b,50,freq,freq,fr,de,jung,"Le contraire de ""jung"" est """,alt,111,130,20.0,20.0,0.0
gemma-2-2b,51,desc,desc,fr,de,freundlich,"Le contraire de ""freundlich"" est """,unfreundlich,0,0,23.5,23.5,0.0
gemma-2-2b,51,desc,val,fr,de,freundlich,"Le contraire de ""freundlich"" est """,unfreundlich,0,0,23.5,22.5,-1.0
gemma-2-2b,51,desc,freq,fr,de,freundlich,"Le contraire de ""freundlich"" est """,unfreundlich,0,2,23.5,19.75,-3.75
gemma-2-2b,51,val,desc,fr,de,freundlich,"Le contraire de ""freundlich"" est """,unfreundlich,0,0,23.5,23.0,-0.5
gemma-2-2b,51,val,val,fr,de,freundlich,"Le contraire de ""freundlich"" est """,unfreundlich,0,0,23.5,24.125,0.625
gemma-2-2b,51,val,freq,fr,de,freundlich,"Le contraire de ""freundlich"" est """,unfreundlich,0,5,23.5,19.75,-3.75
gemma-2-2b,51,freq,desc,fr,de,freundlich,"Le contraire de ""freundlich"" est """,unfreundlich,0,1,23.5,23.5,0.0
gemma-2-2b,51,freq,val,fr,de,freundlich,"Le contraire de ""freundlich"" est """,unfreundlich,0,1,23.5,23.125,-0.375
gemma-2-2b,51,freq,freq,fr,de,freundlich,"Le contraire de ""freundlich"" est """,unfreundlich,0,1,23.5,23.875,0.375
gemma-2-2b,52,desc,desc,fr,de,mutig,"Le contraire de ""mutig"" est """,feige,22,22,18.75,18.75,0.0
gemma-2-2b,52,desc,val,fr,de,mutig,"Le contraire de ""mutig"" est """,feige,22,24,18.75,17.25,-1.5
gemma-2-2b,52,desc,freq,fr,de,mutig,"Le contraire de ""mutig"" est """,feige,22,65,18.75,16.75,-2.0
gemma-2-2b,52,val,desc,fr,de,mutig,"Le contraire de ""mutig"" est """,feige,22,3,18.75,21.25,2.5
gemma-2-2b,52,val,val,fr,de,mutig,"Le contraire de ""mutig"" est """,feige,22,10,18.75,19.875,1.125
gemma-2-2b,52,val,freq,fr,de,mutig,"Le contraire de ""mutig"" est """,feige,22,44,18.75,18.0,-0.75
gemma-2-2b,52,freq,desc,fr,de,mutig,"Le contraire de ""mutig"" est """,feige,22,13,18.75,19.25,0.5
gemma-2-2b,52,freq,val,fr,de,mutig,"Le contraire de ""mutig"" est """,feige,22,18,18.75,17.75,-1.0
gemma-2-2b,52,freq,freq,fr,de,mutig,"Le contraire de ""mutig"" est """,feige,22,16,18.75,19.25,0.5
gemma-2-2b,53,desc,desc,fr,de,weise,"Le contraire de ""weise"" est """,dumm,6,13,21.375,21.625,0.25
gemma-2-2b,53,desc,val,fr,de,weise,"Le contraire de ""weise"" est """,dumm,6,15,21.375,20.75,-0.625
gemma-2-2b,53,desc,freq,fr,de,weise,"Le contraire de ""weise"" est """,dumm,6,8,21.375,21.125,-0.25
gemma-2-2b,53,val,desc,fr,de,weise,"Le contraire de ""weise"" est """,dumm,6,15,21.375,22.25,0.875
gemma-2-2b,53,val,val,fr,de,weise,"Le contraire de ""weise"" est """,dumm,6,11,21.375,23.0,1.625
gemma-2-2b,53,val,freq,fr,de,weise,"Le contraire de ""weise"" est """,dumm,6,2,21.375,21.875,0.5
gemma-2-2b,53,freq,desc,fr,de,weise,"Le contraire de ""weise"" est """,dumm,6,14,21.375,21.75,0.375
gemma-2-2b,53,freq,val,fr,de,weise,"Le contraire de ""weise"" est """,dumm,6,13,21.375,21.125,-0.25
gemma-2-2b,53,freq,freq,fr,de,weise,"Le contraire de ""weise"" est """,dumm,6,14,21.375,21.75,0.375
gemma-2-2b,54,desc,desc,fr,de,höflich,"Le contraire de ""höflich"" est """,unhöflich,0,5,22.625,22.0,-0.625
gemma-2-2b,54,desc,val,fr,de,höflich,"Le contraire de ""höflich"" est """,unhöflich,0,5,22.625,21.125,-1.5
gemma-2-2b,54,desc,freq,fr,de,höflich,"Le contraire de ""höflich"" est """,unhöflich,0,26,22.625,19.125,-3.5
gemma-2-2b,54,val,desc,fr,de,höflich,"Le contraire de ""höflich"" est """,unhöflich,0,0,22.625,22.5,-0.125
gemma-2-2b,54,val,val,fr,de,höflich,"Le contraire de ""höflich"" est """,unhöflich,0,2,22.625,23.125,0.5
gemma-2-2b,54,val,freq,fr,de,höflich,"Le contraire de ""höflich"" est """,unhöflich,0,10,22.625,19.75,-2.875
gemma-2-2b,54,freq,desc,fr,de,höflich,"Le contraire de ""höflich"" est """,unhöflich,0,5,22.625,22.25,-0.375
gemma-2-2b,54,freq,val,fr,de,höflich,"Le contraire de ""höflich"" est """,unhöflich,0,5,22.625,21.5,-1.125
gemma-2-2b,54,freq,freq,fr,de,höflich,"Le contraire de ""höflich"" est """,unhöflich,0,4,22.625,22.5,-0.125
gemma-2-2b,55,desc,desc,fr,de,geduldig,"Le contraire de ""geduldig"" est """,ungeduldig,1,23,21.25,20.625,-0.625
gemma-2-2b,55,desc,val,fr,de,geduldig,"Le contraire de ""geduldig"" est """,ungeduldig,1,17,21.25,19.75,-1.5
gemma-2-2b,55,desc,freq,fr,de,geduldig,"Le contraire de ""geduldig"" est """,ungeduldig,1,6,21.25,20.25,-1.0
gemma-2-2b,55,val,desc,fr,de,geduldig,"Le contraire de ""geduldig"" est """,ungeduldig,1,28,21.25,20.875,-0.375
gemma-2-2b,55,val,val,fr,de,geduldig,"Le contraire de ""geduldig"" est """,ungeduldig,1,21,21.25,21.75,0.5
gemma-2-2b,55,val,freq,fr,de,geduldig,"Le contraire de ""geduldig"" est """,ungeduldig,1,42,21.25,19.125,-2.125
gemma-2-2b,55,freq,desc,fr,de,geduldig,"Le contraire de ""geduldig"" est """,ungeduldig,1,23,21.25,20.875,-0.375
gemma-2-2b,55,freq,val,fr,de,geduldig,"Le contraire de ""geduldig"" est """,ungeduldig,1,24,21.25,19.75,-1.5
gemma-2-2b,55,freq,freq,fr,de,geduldig,"Le contraire de ""geduldig"" est """,ungeduldig,1,24,21.25,20.875,-0.375
gemma-2-2b,56,desc,desc,fr,de,ehrlich,"Le contraire de ""ehrlich"" est """,unehrlich,2,3,20.625,21.125,0.5
gemma-2-2b,56,desc,val,fr,de,ehrlich,"Le contraire de ""ehrlich"" est """,unehrlich,2,2,20.625,19.875,-0.75
gemma-2-2b,56,desc,freq,fr,de,ehrlich,"Le contraire de ""ehrlich"" est """,unehrlich,2,97,20.625,16.25,-4.375
gemma-2-2b,56,val,desc,fr,de,ehrlich,"Le contraire de ""ehrlich"" est """,unehrlich,2,8,20.625,20.875,0.25
gemma-2-2b,56,val,val,fr,de,ehrlich,"Le contraire de ""ehrlich"" est """,unehrlich,2,2,20.625,22.25,1.625
gemma-2-2b,56,val,freq,fr,de,ehrlich,"Le contraire de ""ehrlich"" est """,unehrlich,2,129,20.625,16.125,-4.5
gemma-2-2b,56,freq,desc,fr,de,ehrlich,"Le contraire de ""ehrlich"" est """,unehrlich,2,11,20.625,21.0,0.375
gemma-2-2b,56,freq,val,fr,de,ehrlich,"Le contraire de ""ehrlich"" est """,unehrlich,2,6,20.625,20.0,-0.625
gemma-2-2b,56,freq,freq,fr,de,ehrlich,"Le contraire de ""ehrlich"" est """,unehrlich,2,5,20.625,21.375,0.75
gemma-2-2b,57,desc,desc,fr,de,sicher,"Le contraire de ""sicher"" est """,unsicher,1,12,22.25,20.125,-2.125
gemma-2-2b,57,desc,val,fr,de,sicher,"Le contraire de ""sicher"" est """,unsicher,1,12,22.25,19.0,-3.25
gemma-2-2b,57,desc,freq,fr,de,sicher,"Le contraire de ""sicher"" est """,unsicher,1,7,22.25,18.25,-4.0
gemma-2-2b,57,val,desc,fr,de,sicher,"Le contraire de ""sicher"" est """,unsicher,1,0,22.25,23.875,1.625
gemma-2-2b,57,val,val,fr,de,sicher,"Le contraire de ""sicher"" est """,unsicher,1,10,22.25,21.375,-0.875
gemma-2-2b,57,val,freq,fr,de,sicher,"Le contraire de ""sicher"" est """,unsicher,1,3,22.25,21.125,-1.125
gemma-2-2b,57,freq,desc,fr,de,sicher,"Le contraire de ""sicher"" est """,unsicher,1,8,22.25,20.875,-1.375
gemma-2-2b,57,freq,val,fr,de,sicher,"Le contraire de ""sicher"" est """,unsicher,1,6,22.25,20.0,-2.25
gemma-2-2b,57,freq,freq,fr,de,sicher,"Le contraire de ""sicher"" est """,unsicher,1,9,22.25,21.0,-1.25
gemma-2-2b,58,desc,desc,fr,de,aktiv,"Le contraire de ""aktiv"" est """,passiv,0,0,24.25,24.625,0.375
gemma-2-2b,58,desc,val,fr,de,aktiv,"Le contraire de ""aktiv"" est """,passiv,0,0,24.25,24.5,0.25
gemma-2-2b,58,desc,freq,fr,de,aktiv,"Le contraire de ""aktiv"" est """,passiv,0,0,24.25,23.625,-0.625
gemma-2-2b,58,val,desc,fr,de,aktiv,"Le contraire de ""aktiv"" est """,passiv,0,0,24.25,25.75,1.5
gemma-2-2b,58,val,val,fr,de,aktiv,"Le contraire de ""aktiv"" est """,passiv,0,0,24.25,25.875,1.625
gemma-2-2b,58,val,freq,fr,de,aktiv,"Le contraire de ""aktiv"" est """,passiv,0,0,24.25,24.125,-0.125
gemma-2-2b,58,freq,desc,fr,de,aktiv,"Le contraire de ""aktiv"" est """,passiv,0,0,24.25,25.125,0.875
gemma-2-2b,58,freq,val,fr,de,aktiv,"Le contraire de ""aktiv"" est """,passiv,0,0,24.25,24.75,0.5
gemma-2-2b,58,freq,freq,fr,de,aktiv,"Le contraire de ""aktiv"" est """,passiv,0,0,24.25,25.125,0.875
gemma-2-2b,59,desc,desc,fr,de,gerade,"Le contraire de ""gerade"" est """,gebogen,61,328,12.6875,12.0,-0.6875
gemma-2-2b,59,desc,val,fr,de,gerade,"Le contraire de ""gerade"" est """,gebogen,61,594,12.6875,8.875,-3.8125
gemma-2-2b,59,desc,freq,fr,de,gerade,"Le contraire de ""gerade"" est """,gebogen,61,838,12.6875,6.96875,-5.71875
gemma-2-2b,59,val,desc,fr,de,gerade,"Le contraire de ""gerade"" est """,gebogen,61,54,12.6875,15.0,2.3125
gemma-2-2b,59,val,val,fr,de,gerade,"Le contraire de ""gerade"" est """,gebogen,61,222,12.6875,13.125,0.4375
gemma-2-2b,59,val,freq,fr,de,gerade,"Le contraire de ""gerade"" est """,gebogen,61,145,12.6875,10.625,-2.0625
gemma-2-2b,59,freq,desc,fr,de,gerade,"Le contraire de ""gerade"" est """,gebogen,61,318,12.6875,11.3125,-1.375
gemma-2-2b,59,freq,val,fr,de,gerade,"Le contraire de ""gerade"" est """,gebogen,61,336,12.6875,9.375,-3.3125
gemma-2-2b,59,freq,freq,fr,de,gerade,"Le contraire de ""gerade"" est """,gebogen,61,316,12.6875,11.5625,-1.125
gemma-2-2b,60,desc,desc,fr,de,ganz,"Le contraire de ""ganz"" est """,teilweise,11,64,19.75,20.625,0.875
gemma-2-2b,60,desc,val,fr,de,ganz,"Le contraire de ""ganz"" est """,teilweise,11,83,19.75,19.25,-0.5
gemma-2-2b,60,desc,freq,fr,de,ganz,"Le contraire de ""ganz"" est """,teilweise,11,308,19.75,16.75,-3.0
gemma-2-2b,60,val,desc,fr,de,ganz,"Le contraire de ""ganz"" est """,teilweise,11,27,19.75,20.25,0.5
gemma-2-2b,60,val,val,fr,de,ganz,"Le contraire de ""ganz"" est """,teilweise,11,112,19.75,20.75,1.0
gemma-2-2b,60,val,freq,fr,de,ganz,"Le contraire de ""ganz"" est """,teilweise,11,160,19.75,17.625,-2.125
gemma-2-2b,60,freq,desc,fr,de,ganz,"Le contraire de ""ganz"" est """,teilweise,11,74,19.75,20.375,0.625
gemma-2-2b,60,freq,val,fr,de,ganz,"Le contraire de ""ganz"" est """,teilweise,11,140,19.75,18.5,-1.25
gemma-2-2b,60,freq,freq,fr,de,ganz,"Le contraire de ""ganz"" est """,teilweise,11,71,19.75,20.5,0.75
gemma-2-2b,61,desc,desc,fr,de,ruhig,"Le contraire de ""ruhig"" est """,stürmisch,17,81,17.75,18.875,1.125
gemma-2-2b,61,desc,val,fr,de,ruhig,"Le contraire de ""ruhig"" est """,stürmisch,17,101,17.75,17.5,-0.25
gemma-2-2b,61,desc,freq,fr,de,ruhig,"Le contraire de ""ruhig"" est """,stürmisch,17,74,17.75,17.125,-0.625
gemma-2-2b,61,val,desc,fr,de,ruhig,"Le contraire de ""ruhig"" est """,stürmisch,17,64,17.75,19.25,1.5
gemma-2-2b,61,val,val,fr,de,ruhig,"Le contraire de ""ruhig"" est """,stürmisch,17,71,17.75,20.125,2.375
gemma-2-2b,61,val,freq,fr,de,ruhig,"Le contraire de ""ruhig"" est """,stürmisch,17,54,17.75,17.75,0.0
gemma-2-2b,61,freq,desc,fr,de,ruhig,"Le contraire de ""ruhig"" est """,stürmisch,17,67,17.75,19.25,1.5
gemma-2-2b,61,freq,val,fr,de,ruhig,"Le contraire de ""ruhig"" est """,stürmisch,17,64,17.75,17.875,0.125
gemma-2-2b,61,freq,freq,fr,de,ruhig,"Le contraire de ""ruhig"" est """,stürmisch,17,79,17.75,19.125,1.375
gemma-2-2b,62,desc,desc,fr,de,richtig,"Le contraire de ""richtig"" est """,falsch,0,1,21.5,20.625,-0.875
gemma-2-2b,62,desc,val,fr,de,richtig,"Le contraire de ""richtig"" est """,falsch,0,1,21.5,19.375,-2.125
gemma-2-2b,62,desc,freq,fr,de,richtig,"Le contraire de ""richtig"" est """,falsch,0,0,21.5,15.9375,-5.5625
gemma-2-2b,62,val,desc,fr,de,richtig,"Le contraire de ""richtig"" est """,falsch,0,0,21.5,22.875,1.375
gemma-2-2b,62,val,val,fr,de,richtig,"Le contraire de ""richtig"" est """,falsch,0,0,21.5,22.5,1.0
gemma-2-2b,62,val,freq,fr,de,richtig,"Le contraire de ""richtig"" est """,falsch,0,0,21.5,18.875,-2.625
gemma-2-2b,62,freq,desc,fr,de,richtig,"Le contraire de ""richtig"" est """,falsch,0,2,21.5,19.125,-2.375
gemma-2-2b,62,freq,val,fr,de,richtig,"Le contraire de ""richtig"" est """,falsch,0,4,21.5,19.0,-2.5
gemma-2-2b,62,freq,freq,fr,de,richtig,"Le contraire de ""richtig"" est """,falsch,0,2,21.5,19.625,-1.875
gemma-2-2b,63,desc,desc,fr,de,komplex,"Le contraire de ""komplex"" est """,einfach,35,59,16.875,16.25,-0.625
gemma-2-2b,63,desc,val,fr,de,komplex,"Le contraire de ""komplex"" est """,einfach,35,42,16.875,15.5,-1.375
gemma-2-2b,63,desc,freq,fr,de,komplex,"Le contraire de ""komplex"" est """,einfach,35,100,16.875,13.875,-3.0
gemma-2-2b,63,val,desc,fr,de,komplex,"Le contraire de ""komplex"" est """,einfach,35,4,16.875,20.25,3.375
gemma-2-2b,63,val,val,fr,de,komplex,"Le contraire de ""komplex"" est """,einfach,35,40,16.875,17.75,0.875
gemma-2-2b,63,val,freq,fr,de,komplex,"Le contraire de ""komplex"" est """,einfach,35,16,16.875,17.0,0.125
gemma-2-2b,63,freq,desc,fr,de,komplex,"Le contraire de ""komplex"" est """,einfach,35,42,16.875,16.75,-0.125
gemma-2-2b,63,freq,val,fr,de,komplex,"Le contraire de ""komplex"" est """,einfach,35,38,16.875,15.5625,-1.3125
gemma-2-2b,63,freq,freq,fr,de,komplex,"Le contraire de ""komplex"" est """,einfach,35,44,16.875,16.625,-0.25
gemma-2-2b,64,desc,desc,fr,de,effektiv,"Le contraire de ""effektiv"" est """,ineffektiv,0,0,24.625,24.75,0.125
gemma-2-2b,64,desc,val,fr,de,effektiv,"Le contraire de ""effektiv"" est """,ineffektiv,0,0,24.625,24.625,0.0
gemma-2-2b,64,desc,freq,fr,de,effektiv,"Le contraire de ""effektiv"" est """,ineffektiv,0,0,24.625,23.125,-1.5
gemma-2-2b,64,val,desc,fr,de,effektiv,"Le contraire de ""effektiv"" est """,ineffektiv,0,0,24.625,25.125,0.5
gemma-2-2b,64,val,val,fr,de,effektiv,"Le contraire de ""effektiv"" est """,ineffektiv,0,0,24.625,25.625,1.0
gemma-2-2b,64,val,freq,fr,de,effektiv,"Le contraire de ""effektiv"" est """,ineffektiv,0,0,24.625,23.125,-1.5
gemma-2-2b,64,freq,desc,fr,de,effektiv,"Le contraire de ""effektiv"" est """,ineffektiv,0,0,24.625,25.25,0.625
gemma-2-2b,64,freq,val,fr,de,effektiv,"Le contraire de ""effektiv"" est """,ineffektiv,0,0,24.625,25.0,0.375
gemma-2-2b,64,freq,freq,fr,de,effektiv,"Le contraire de ""effektiv"" est """,ineffektiv,0,0,24.625,25.25,0.625
gemma-2-2b,65,desc,desc,fr,de,berühmt,"Le contraire de ""berühmt"" est """,unbekannt,0,0,20.25,21.375,1.125
gemma-2-2b,65,desc,val,fr,de,berühmt,"Le contraire de ""berühmt"" est """,unbekannt,0,0,20.25,20.375,0.125
gemma-2-2b,65,desc,freq,fr,de,berühmt,"Le contraire de ""berühmt"" est """,unbekannt,0,9,20.25,17.375,-2.875
gemma-2-2b,65,val,desc,fr,de,berühmt,"Le contraire de ""berühmt"" est """,unbekannt,0,1,20.25,21.5,1.25
gemma-2-2b,65,val,val,fr,de,berühmt,"Le contraire de ""berühmt"" est """,unbekannt,0,0,20.25,22.125,1.875
gemma-2-2b,65,val,freq,fr,de,berühmt,"Le contraire de ""berühmt"" est """,unbekannt,0,20,20.25,17.75,-2.5
gemma-2-2b,65,freq,desc,fr,de,berühmt,"Le contraire de ""berühmt"" est """,unbekannt,0,0,20.25,21.375,1.125
gemma-2-2b,65,freq,val,fr,de,berühmt,"Le contraire de ""berühmt"" est """,unbekannt,0,1,20.25,20.375,0.125
gemma-2-2b,65,freq,freq,fr,de,berühmt,"Le contraire de ""berühmt"" est """,unbekannt,0,0,20.25,21.5,1.25
gemma-2-2b,66,desc,desc,fr,de,großzügig,"Le contraire de ""großzügig"" est """,geizig,34,240,16.75,17.75,1.0
gemma-2-2b,66,desc,val,fr,de,großzügig,"Le contraire de ""großzügig"" est """,geizig,34,379,16.75,15.5625,-1.1875
gemma-2-2b,66,desc,freq,fr,de,großzügig,"Le contraire de ""großzügig"" est """,geizig,34,2932,16.75,12.4375,-4.3125
gemma-2-2b,66,val,desc,fr,de,großzügig,"Le contraire de ""großzügig"" est """,geizig,34,23,16.75,20.0,3.25
gemma-2-2b,66,val,val,fr,de,großzügig,"Le contraire de ""großzügig"" est """,geizig,34,130,16.75,18.875,2.125
gemma-2-2b,66,val,freq,fr,de,großzügig,"Le contraire de ""großzügig"" est """,geizig,34,219,16.75,15.9375,-0.8125
gemma-2-2b,66,freq,desc,fr,de,großzügig,"Le contraire de ""großzügig"" est """,geizig,34,304,16.75,17.5,0.75
gemma-2-2b,66,freq,val,fr,de,großzügig,"Le contraire de ""großzügig"" est """,geizig,34,245,16.75,16.0,-0.75
gemma-2-2b,66,freq,freq,fr,de,großzügig,"Le contraire de ""großzügig"" est """,geizig,34,325,16.75,17.5,0.75
gemma-2-2b,67,desc,desc,fr,de,zufrieden,"Le contraire de ""zufrieden"" est """,unzufrieden,0,0,23.125,22.875,-0.25
gemma-2-2b,67,desc,val,fr,de,zufrieden,"Le contraire de ""zufrieden"" est """,unzufrieden,0,0,23.125,22.25,-0.875
gemma-2-2b,67,desc,freq,fr,de,zufrieden,"Le contraire de ""zufrieden"" est """,unzufrieden,0,1,23.125,19.25,-3.875
gemma-2-2b,67,val,desc,fr,de,zufrieden,"Le contraire de ""zufrieden"" est """,unzufrieden,0,0,23.125,23.625,0.5
gemma-2-2b,67,val,val,fr,de,zufrieden,"Le contraire de ""zufrieden"" est """,unzufrieden,0,0,23.125,24.0,0.875
gemma-2-2b,67,val,freq,fr,de,zufrieden,"Le contraire de ""zufrieden"" est """,unzufrieden,0,1,23.125,21.125,-2.0
gemma-2-2b,67,freq,desc,fr,de,zufrieden,"Le contraire de ""zufrieden"" est """,unzufrieden,0,0,23.125,23.25,0.125
gemma-2-2b,67,freq,val,fr,de,zufrieden,"Le contraire de ""zufrieden"" est """,unzufrieden,0,0,23.125,22.75,-0.375
gemma-2-2b,67,freq,freq,fr,de,zufrieden,"Le contraire de ""zufrieden"" est """,unzufrieden,0,0,23.125,23.375,0.25
gemma-2-2b,68,desc,desc,fr,de,gesund,"Le contraire de ""gesund"" est """,ungesund,1,2,21.75,22.0,0.25
gemma-2-2b,68,desc,val,fr,de,gesund,"Le contraire de ""gesund"" est """,ungesund,1,2,21.75,21.125,-0.625
gemma-2-2b,68,desc,freq,fr,de,gesund,"Le contraire de ""gesund"" est """,ungesund,1,2,21.75,20.0,-1.75
gemma-2-2b,68,val,desc,fr,de,gesund,"Le contraire de ""gesund"" est """,ungesund,1,1,21.75,22.375,0.625
gemma-2-2b,68,val,val,fr,de,gesund,"Le contraire de ""gesund"" est """,ungesund,1,1,21.75,23.5,1.75
gemma-2-2b,68,val,freq,fr,de,gesund,"Le contraire de ""gesund"" est """,ungesund,1,5,21.75,19.875,-1.875
gemma-2-2b,68,freq,desc,fr,de,gesund,"Le contraire de ""gesund"" est """,ungesund,1,4,21.75,22.0,0.25
gemma-2-2b,68,freq,val,fr,de,gesund,"Le contraire de ""gesund"" est """,ungesund,1,4,21.75,21.0,-0.75
gemma-2-2b,68,freq,freq,fr,de,gesund,"Le contraire de ""gesund"" est """,ungesund,1,4,21.75,21.875,0.125
gemma-2-2b,69,desc,desc,fr,de,hoch,"Le contraire de ""hoch"" est """,niedrig,0,10,19.75,18.25,-1.5
gemma-2-2b,69,desc,val,fr,de,hoch,"Le contraire de ""hoch"" est """,niedrig,0,17,19.75,16.75,-3.0
gemma-2-2b,69,desc,freq,fr,de,hoch,"Le contraire de ""hoch"" est """,niedrig,0,35,19.75,14.6875,-5.0625
gemma-2-2b,69,val,desc,fr,de,hoch,"Le contraire de ""hoch"" est """,niedrig,0,2,19.75,20.25,0.5
gemma-2-2b,69,val,val,fr,de,hoch,"Le contraire de ""hoch"" est """,niedrig,0,5,19.75,20.375,0.625
gemma-2-2b,69,val,freq,fr,de,hoch,"Le contraire de ""hoch"" est """,niedrig,0,23,19.75,15.5625,-4.1875
gemma-2-2b,69,freq,desc,fr,de,hoch,"Le contraire de ""hoch"" est """,niedrig,0,27,19.75,17.75,-2.0
gemma-2-2b,69,freq,val,fr,de,hoch,"Le contraire de ""hoch"" est """,niedrig,0,18,19.75,17.375,-2.375
gemma-2-2b,69,freq,freq,fr,de,hoch,"Le contraire de ""hoch"" est """,niedrig,0,20,19.75,18.0,-1.75
gemma-2-2b,70,desc,desc,fr,de,wichtig,"Le contraire de ""wichtig"" est """,unwichtig,4,7,21.25,20.875,-0.375
gemma-2-2b,70,desc,val,fr,de,wichtig,"Le contraire de ""wichtig"" est """,unwichtig,4,6,21.25,20.125,-1.125
gemma-2-2b,70,desc,freq,fr,de,wichtig,"Le contraire de ""wichtig"" est """,unwichtig,4,14,21.25,18.875,-2.375
gemma-2-2b,70,val,desc,fr,de,wichtig,"Le contraire de ""wichtig"" est """,unwichtig,4,3,21.25,22.875,1.625
gemma-2-2b,70,val,val,fr,de,wichtig,"Le contraire de ""wichtig"" est """,unwichtig,4,5,21.25,21.75,0.5
gemma-2-2b,70,val,freq,fr,de,wichtig,"Le contraire de ""wichtig"" est """,unwichtig,4,2,21.25,21.375,0.125
gemma-2-2b,70,freq,desc,fr,de,wichtig,"Le contraire de ""wichtig"" est """,unwichtig,4,4,21.25,22.0,0.75
gemma-2-2b,70,freq,val,fr,de,wichtig,"Le contraire de ""wichtig"" est """,unwichtig,4,3,21.25,21.0,-0.25
gemma-2-2b,70,freq,freq,fr,de,wichtig,"Le contraire de ""wichtig"" est """,unwichtig,4,4,21.25,21.875,0.625
gemma-2-2b,71,desc,desc,fr,de,unschuldig,"Le contraire de ""unschuldig"" est """,schuldig,2,12,18.625,17.5,-1.125
gemma-2-2b,71,desc,val,fr,de,unschuldig,"Le contraire de ""unschuldig"" est """,schuldig,2,15,18.625,15.5,-3.125
gemma-2-2b,71,desc,freq,fr,de,unschuldig,"Le contraire de ""unschuldig"" est """,schuldig,2,1,18.625,17.75,-0.875
gemma-2-2b,71,val,desc,fr,de,unschuldig,"Le contraire de ""unschuldig"" est """,schuldig,2,0,18.625,22.25,3.625
gemma-2-2b,71,val,val,fr,de,unschuldig,"Le contraire de ""unschuldig"" est """,schuldig,2,21,18.625,17.875,-0.75
gemma-2-2b,71,val,freq,fr,de,unschuldig,"Le contraire de ""unschuldig"" est """,schuldig,2,0,18.625,20.125,1.5
gemma-2-2b,71,freq,desc,fr,de,unschuldig,"Le contraire de ""unschuldig"" est """,schuldig,2,21,18.625,17.25,-1.375
gemma-2-2b,71,freq,val,fr,de,unschuldig,"Le contraire de ""unschuldig"" est """,schuldig,2,21,18.625,15.5,-3.125
gemma-2-2b,71,freq,freq,fr,de,unschuldig,"Le contraire de ""unschuldig"" est """,schuldig,2,23,18.625,17.0,-1.625
gemma-2-2b,72,desc,desc,fr,de,bekannt,"Le contraire de ""bekannt"" est """,unbekannt,0,2,23.125,22.875,-0.25
gemma-2-2b,72,desc,val,fr,de,bekannt,"Le contraire de ""bekannt"" est """,unbekannt,0,1,23.125,22.125,-1.0
gemma-2-2b,72,desc,freq,fr,de,bekannt,"Le contraire de ""bekannt"" est """,unbekannt,0,5,23.125,19.75,-3.375
gemma-2-2b,72,val,desc,fr,de,bekannt,"Le contraire de ""bekannt"" est """,unbekannt,0,0,23.125,23.375,0.25
gemma-2-2b,72,val,val,fr,de,bekannt,"Le contraire de ""bekannt"" est """,unbekannt,0,1,23.125,24.0,0.875
gemma-2-2b,72,val,freq,fr,de,bekannt,"Le contraire de ""bekannt"" est """,unbekannt,0,2,23.125,20.125,-3.0
gemma-2-2b,72,freq,desc,fr,de,bekannt,"Le contraire de ""bekannt"" est """,unbekannt,0,2,23.125,23.125,0.0
gemma-2-2b,72,freq,val,fr,de,bekannt,"Le contraire de ""bekannt"" est """,unbekannt,0,2,23.125,22.25,-0.875
gemma-2-2b,72,freq,freq,fr,de,bekannt,"Le contraire de ""bekannt"" est """,unbekannt,0,2,23.125,23.125,0.0
gemma-2-2b,73,desc,desc,fr,de,männlich,"Le contraire de ""männlich"" est """,weiblich,0,11,21.125,17.875,-3.25
gemma-2-2b,73,desc,val,fr,de,männlich,"Le contraire de ""männlich"" est """,weiblich,0,18,21.125,16.0,-5.125
gemma-2-2b,73,desc,freq,fr,de,männlich,"Le contraire de ""männlich"" est """,weiblich,0,36,21.125,11.4375,-9.6875
gemma-2-2b,73,val,desc,fr,de,männlich,"Le contraire de ""männlich"" est """,weiblich,0,0,21.125,20.625,-0.5
gemma-2-2b,73,val,val,fr,de,männlich,"Le contraire de ""männlich"" est """,weiblich,0,5,21.125,20.125,-1.0
gemma-2-2b,73,val,freq,fr,de,männlich,"Le contraire de ""männlich"" est """,weiblich,0,12,21.125,13.75,-7.375
gemma-2-2b,73,freq,desc,fr,de,männlich,"Le contraire de ""männlich"" est """,weiblich,0,13,21.125,17.875,-3.25
gemma-2-2b,73,freq,val,fr,de,männlich,"Le contraire de ""männlich"" est """,weiblich,0,23,21.125,16.375,-4.75
gemma-2-2b,73,freq,freq,fr,de,männlich,"Le contraire de ""männlich"" est """,weiblich,0,16,21.125,17.75,-3.375
gemma-2-2b,74,desc,desc,fr,de,normal,"Le contraire de ""normal"" est """,abnormal,1,1,21.5,21.5,0.0
gemma-2-2b,74,desc,val,fr,de,normal,"Le contraire de ""normal"" est """,abnormal,1,2,21.5,20.0,-1.5
gemma-2-2b,74,desc,freq,fr,de,normal,"Le contraire de ""normal"" est """,abnormal,1,10,21.5,17.625,-3.875
gemma-2-2b,74,val,desc,fr,de,normal,"Le contraire de ""normal"" est """,abnormal,1,2,21.5,22.0,0.5
gemma-2-2b,74,val,val,fr,de,normal,"Le contraire de ""normal"" est """,abnormal,1,1,21.5,22.25,0.75
gemma-2-2b,74,val,freq,fr,de,normal,"Le contraire de ""normal"" est """,abnormal,1,1,21.5,19.75,-1.75
gemma-2-2b,74,freq,desc,fr,de,normal,"Le contraire de ""normal"" est """,abnormal,1,1,21.5,21.75,0.25
gemma-2-2b,74,freq,val,fr,de,normal,"Le contraire de ""normal"" est """,abnormal,1,1,21.5,20.75,-0.75
gemma-2-2b,74,freq,freq,fr,de,normal,"Le contraire de ""normal"" est """,abnormal,1,1,21.5,21.875,0.375
gemma-2-2b,75,desc,desc,fr,de,möglich,"Le contraire de ""möglich"" est """,unmöglich,0,19,19.875,16.125,-3.75
gemma-2-2b,75,desc,val,fr,de,möglich,"Le contraire de ""möglich"" est """,unmöglich,0,15,19.875,15.375,-4.5
gemma-2-2b,75,desc,freq,fr,de,möglich,"Le contraire de ""möglich"" est """,unmöglich,0,54,19.875,10.8125,-9.0625
gemma-2-2b,75,val,desc,fr,de,möglich,"Le contraire de ""möglich"" est """,unmöglich,0,3,19.875,19.75,-0.125
gemma-2-2b,75,val,val,fr,de,möglich,"Le contraire de ""möglich"" est """,unmöglich,0,10,19.875,18.25,-1.625
gemma-2-2b,75,val,freq,fr,de,möglich,"Le contraire de ""möglich"" est """,unmöglich,0,12,19.875,14.4375,-5.4375
gemma-2-2b,75,freq,desc,fr,de,möglich,"Le contraire de ""möglich"" est """,unmöglich,0,21,19.875,15.5625,-4.3125
gemma-2-2b,75,freq,val,fr,de,möglich,"Le contraire de ""möglich"" est """,unmöglich,0,19,19.875,15.0,-4.875
gemma-2-2b,75,freq,freq,fr,de,möglich,"Le contraire de ""möglich"" est """,unmöglich,0,20,19.875,15.8125,-4.0625
gemma-2-2b,76,desc,desc,fr,de,privat,"Le contraire de ""privat"" est """,öffentlich,31,31,16.75,16.75,0.0
gemma-2-2b,76,desc,val,fr,de,privat,"Le contraire de ""privat"" est """,öffentlich,31,24,16.75,16.0,-0.75
gemma-2-2b,76,desc,freq,fr,de,privat,"Le contraire de ""privat"" est """,öffentlich,31,91,16.75,13.0625,-3.6875
gemma-2-2b,76,val,desc,fr,de,privat,"Le contraire de ""privat"" est """,öffentlich,31,4,16.75,21.25,4.5
gemma-2-2b,76,val,val,fr,de,privat,"Le contraire de ""privat"" est """,öffentlich,31,33,16.75,17.375,0.625
gemma-2-2b,76,val,freq,fr,de,privat,"Le contraire de ""privat"" est """,öffentlich,31,6,16.75,18.75,2.0
gemma-2-2b,76,freq,desc,fr,de,privat,"Le contraire de ""privat"" est """,öffentlich,31,41,16.75,16.625,-0.125
gemma-2-2b,76,freq,val,fr,de,privat,"Le contraire de ""privat"" est """,öffentlich,31,46,16.75,15.0,-1.75
gemma-2-2b,76,freq,freq,fr,de,privat,"Le contraire de ""privat"" est """,öffentlich,31,42,16.75,16.625,-0.125
gemma-2-2b,77,desc,desc,fr,de,richtig,"Le contraire de ""richtig"" est """,falsch,0,1,21.5,20.625,-0.875
gemma-2-2b,77,desc,val,fr,de,richtig,"Le contraire de ""richtig"" est """,falsch,0,1,21.5,19.375,-2.125
gemma-2-2b,77,desc,freq,fr,de,richtig,"Le contraire de ""richtig"" est """,falsch,0,0,21.5,15.9375,-5.5625
gemma-2-2b,77,val,desc,fr,de,richtig,"Le contraire de ""richtig"" est """,falsch,0,0,21.5,22.875,1.375
gemma-2-2b,77,val,val,fr,de,richtig,"Le contraire de ""richtig"" est """,falsch,0,0,21.5,22.5,1.0
gemma-2-2b,77,val,freq,fr,de,richtig,"Le contraire de ""richtig"" est """,falsch,0,0,21.5,18.875,-2.625
gemma-2-2b,77,freq,desc,fr,de,richtig,"Le contraire de ""richtig"" est """,falsch,0,2,21.5,19.125,-2.375
gemma-2-2b,77,freq,val,fr,de,richtig,"Le contraire de ""richtig"" est """,falsch,0,4,21.5,19.0,-2.5
gemma-2-2b,77,freq,freq,fr,de,richtig,"Le contraire de ""richtig"" est """,falsch,0,2,21.5,19.625,-1.875
gemma-2-2b,78,desc,desc,fr,de,einfach,"Le contraire de ""einfach"" est """,komplex,1,41,21.0,18.0,-3.0
gemma-2-2b,78,desc,val,fr,de,einfach,"Le contraire de ""einfach"" est """,komplex,1,103,21.0,15.5625,-5.4375
gemma-2-2b,78,desc,freq,fr,de,einfach,"Le contraire de ""einfach"" est """,komplex,1,73,21.0,14.9375,-6.0625
gemma-2-2b,78,val,desc,fr,de,einfach,"Le contraire de ""einfach"" est """,komplex,1,0,21.0,22.0,1.0
gemma-2-2b,78,val,val,fr,de,einfach,"Le contraire de ""einfach"" est """,komplex,1,18,21.0,19.875,-1.125
gemma-2-2b,78,val,freq,fr,de,einfach,"Le contraire de ""einfach"" est """,komplex,1,5,21.0,19.125,-1.875
gemma-2-2b,78,freq,desc,fr,de,einfach,"Le contraire de ""einfach"" est """,komplex,1,43,21.0,18.0,-3.0
gemma-2-2b,78,freq,val,fr,de,einfach,"Le contraire de ""einfach"" est """,komplex,1,51,21.0,16.75,-4.25
gemma-2-2b,78,freq,freq,fr,de,einfach,"Le contraire de ""einfach"" est """,komplex,1,44,21.0,18.125,-2.875
gemma-2-2b,79,desc,desc,fr,de,süß,"Le contraire de ""süß"" est """,sauer,1,4,18.25,17.875,-0.375
gemma-2-2b,79,desc,val,fr,de,süß,"Le contraire de ""süß"" est """,sauer,1,2,18.25,16.75,-1.5
gemma-2-2b,79,desc,freq,fr,de,süß,"Le contraire de ""süß"" est """,sauer,1,0,18.25,18.375,0.125
gemma-2-2b,79,val,desc,fr,de,süß,"Le contraire de ""süß"" est """,sauer,1,1,18.25,19.875,1.625
gemma-2-2b,79,val,val,fr,de,süß,"Le contraire de ""süß"" est """,sauer,1,2,18.25,19.375,1.125
gemma-2-2b,79,val,freq,fr,de,süß,"Le contraire de ""süß"" est """,sauer,1,0,18.25,18.125,-0.125
gemma-2-2b,79,freq,desc,fr,de,süß,"Le contraire de ""süß"" est """,sauer,1,1,18.25,18.375,0.125
gemma-2-2b,79,freq,val,fr,de,süß,"Le contraire de ""süß"" est """,sauer,1,1,18.25,17.375,-0.875
gemma-2-2b,79,freq,freq,fr,de,süß,"Le contraire de ""süß"" est """,sauer,1,1,18.25,18.625,0.375
gemma-2-2b,80,desc,desc,fr,de,sichtbar,"Le contraire de ""sichtbar"" est """,unsichtbar,35,315,16.75,13.4375,-3.3125
gemma-2-2b,80,desc,val,fr,de,sichtbar,"Le contraire de ""sichtbar"" est """,unsichtbar,35,325,16.75,12.0,-4.75
gemma-2-2b,80,desc,freq,fr,de,sichtbar,"Le contraire de ""sichtbar"" est """,unsichtbar,35,457,16.75,11.25,-5.5
gemma-2-2b,80,val,desc,fr,de,sichtbar,"Le contraire de ""sichtbar"" est """,unsichtbar,35,7,16.75,20.625,3.875
gemma-2-2b,80,val,val,fr,de,sichtbar,"Le contraire de ""sichtbar"" est """,unsichtbar,35,162,16.75,15.5625,-1.1875
gemma-2-2b,80,val,freq,fr,de,sichtbar,"Le contraire de ""sichtbar"" est """,unsichtbar,35,19,16.75,17.0,0.25
gemma-2-2b,80,freq,desc,fr,de,sichtbar,"Le contraire de ""sichtbar"" est """,unsichtbar,35,306,16.75,13.125,-3.625
gemma-2-2b,80,freq,val,fr,de,sichtbar,"Le contraire de ""sichtbar"" est """,unsichtbar,35,204,16.75,12.3125,-4.4375
gemma-2-2b,80,freq,freq,fr,de,sichtbar,"Le contraire de ""sichtbar"" est """,unsichtbar,35,252,16.75,13.5625,-3.1875
gemma-2-2b,81,desc,desc,fr,de,warm,"Le contraire de ""warm"" est """,kalt,35,35,16.5,16.5,0.0
gemma-2-2b,81,desc,val,fr,de,warm,"Le contraire de ""warm"" est """,kalt,35,89,16.5,14.25,-2.25
gemma-2-2b,81,desc,freq,fr,de,warm,"Le contraire de ""warm"" est """,kalt,35,13,16.5,16.375,-0.125
gemma-2-2b,81,val,desc,fr,de,warm,"Le contraire de ""warm"" est """,kalt,35,3,16.5,21.625,5.125
gemma-2-2b,81,val,val,fr,de,warm,"Le contraire de ""warm"" est """,kalt,35,35,16.5,18.125,1.625
gemma-2-2b,81,val,freq,fr,de,warm,"Le contraire de ""warm"" est """,kalt,35,1,16.5,21.0,4.5
gemma-2-2b,81,freq,desc,fr,de,warm,"Le contraire de ""warm"" est """,kalt,35,34,16.5,16.625,0.125
gemma-2-2b,81,freq,val,fr,de,warm,"Le contraire de ""warm"" est """,kalt,35,42,16.5,16.125,-0.375
gemma-2-2b,81,freq,freq,fr,de,warm,"Le contraire de ""warm"" est """,kalt,35,34,16.5,16.75,0.25
gemma-2-2b,82,desc,desc,fr,de,glatt,"Le contraire de ""glatt"" est """,holprig,143,143,19.25,19.25,0.0
gemma-2-2b,82,desc,val,fr,de,glatt,"Le contraire de ""glatt"" est """,holprig,143,164,19.25,17.75,-1.5
gemma-2-2b,82,desc,freq,fr,de,glatt,"Le contraire de ""glatt"" est """,holprig,143,146,19.25,17.75,-1.5
gemma-2-2b,82,val,desc,fr,de,glatt,"Le contraire de ""glatt"" est """,holprig,143,195,19.25,18.875,-0.375
gemma-2-2b,82,val,val,fr,de,glatt,"Le contraire de ""glatt"" est """,holprig,143,159,19.25,19.75,0.5
gemma-2-2b,82,val,freq,fr,de,glatt,"Le contraire de ""glatt"" est """,holprig,143,273,19.25,17.5,-1.75
gemma-2-2b,82,freq,desc,fr,de,glatt,"Le contraire de ""glatt"" est """,holprig,143,144,19.25,19.25,0.0
gemma-2-2b,82,freq,val,fr,de,glatt,"Le contraire de ""glatt"" est """,holprig,143,151,19.25,17.75,-1.5
gemma-2-2b,82,freq,freq,fr,de,glatt,"Le contraire de ""glatt"" est """,holprig,143,178,19.25,19.0,-0.25
gemma-2-2b,83,desc,desc,fr,de,dünn,"Le contraire de ""dünn"" est """,dick,1,691,19.125,12.4375,-6.6875
gemma-2-2b,83,desc,val,fr,de,dünn,"Le contraire de ""dünn"" est """,dick,1,745,19.125,10.8125,-8.3125
gemma-2-2b,83,desc,freq,fr,de,dünn,"Le contraire de ""dünn"" est """,dick,1,281,19.125,12.375,-6.75
gemma-2-2b,83,val,desc,fr,de,dünn,"Le contraire de ""dünn"" est """,dick,1,1,19.125,20.125,1.0
gemma-2-2b,83,val,val,fr,de,dünn,"Le contraire de ""dünn"" est """,dick,1,162,19.125,15.5625,-3.5625
gemma-2-2b,83,val,freq,fr,de,dünn,"Le contraire de ""dünn"" est """,dick,1,48,19.125,14.875,-4.25
gemma-2-2b,83,freq,desc,fr,de,dünn,"Le contraire de ""dünn"" est """,dick,1,727,19.125,12.1875,-6.9375
gemma-2-2b,83,freq,val,fr,de,dünn,"Le contraire de ""dünn"" est """,dick,1,750,19.125,10.1875,-8.9375
gemma-2-2b,83,freq,freq,fr,de,dünn,"Le contraire de ""dünn"" est """,dick,1,843,19.125,12.0625,-7.0625
gemma-2-2b,84,desc,desc,fr,de,groß,"Le contraire de ""groß"" est """,klein,0,0,20.375,20.875,0.5
gemma-2-2b,84,desc,val,fr,de,groß,"Le contraire de ""groß"" est """,klein,0,0,20.375,19.75,-0.625
gemma-2-2b,84,desc,freq,fr,de,groß,"Le contraire de ""groß"" est """,klein,0,0,20.375,14.25,-6.125
gemma-2-2b,84,val,desc,fr,de,groß,"Le contraire de ""groß"" est """,klein,0,0,20.375,21.375,1.0
gemma-2-2b,84,val,val,fr,de,groß,"Le contraire de ""groß"" est """,klein,0,0,20.375,21.875,1.5
gemma-2-2b,84,val,freq,fr,de,groß,"Le contraire de ""groß"" est """,klein,0,0,20.375,17.25,-3.125
gemma-2-2b,84,freq,desc,fr,de,groß,"Le contraire de ""groß"" est """,klein,0,0,20.375,19.75,-0.625
gemma-2-2b,84,freq,val,fr,de,groß,"Le contraire de ""groß"" est """,klein,0,0,20.375,20.0,-0.375
gemma-2-2b,84,freq,freq,fr,de,groß,"Le contraire de ""groß"" est """,klein,0,0,20.375,20.125,-0.25
gemma-2-2b,85,desc,desc,fr,de,verheiratet,"Le contraire de ""verheiratet"" est """,unverheiratet,1,1,21.875,22.375,0.5
gemma-2-2b,85,desc,val,fr,de,verheiratet,"Le contraire de ""verheiratet"" est """,unverheiratet,1,1,21.875,21.625,-0.25
gemma-2-2b,85,desc,freq,fr,de,verheiratet,"Le contraire de ""verheiratet"" est """,unverheiratet,1,3,21.875,19.125,-2.75
gemma-2-2b,85,val,desc,fr,de,verheiratet,"Le contraire de ""verheiratet"" est """,unverheiratet,1,1,21.875,22.875,1.0
gemma-2-2b,85,val,val,fr,de,verheiratet,"Le contraire de ""verheiratet"" est """,unverheiratet,1,1,21.875,23.625,1.75
gemma-2-2b,85,val,freq,fr,de,verheiratet,"Le contraire de ""verheiratet"" est """,unverheiratet,1,3,21.875,19.0,-2.875
gemma-2-2b,85,freq,desc,fr,de,verheiratet,"Le contraire de ""verheiratet"" est """,unverheiratet,1,2,21.875,22.375,0.5
gemma-2-2b,85,freq,val,fr,de,verheiratet,"Le contraire de ""verheiratet"" est """,unverheiratet,1,1,21.875,21.75,-0.125
gemma-2-2b,85,freq,freq,fr,de,verheiratet,"Le contraire de ""verheiratet"" est """,unverheiratet,1,1,21.875,22.625,0.75
gemma-2-2b,86,desc,desc,fr,de,optimistisch,"Le contraire de ""optimistisch"" est """,pessimistisch,0,0,22.625,22.625,0.0
gemma-2-2b,86,desc,val,fr,de,optimistisch,"Le contraire de ""optimistisch"" est """,pessimistisch,0,0,22.625,22.25,-0.375
gemma-2-2b,86,desc,freq,fr,de,optimistisch,"Le contraire de ""optimistisch"" est """,pessimistisch,0,0,22.625,21.0,-1.625
gemma-2-2b,86,val,desc,fr,de,optimistisch,"Le contraire de ""optimistisch"" est """,pessimistisch,0,0,22.625,23.75,1.125
gemma-2-2b,86,val,val,fr,de,optimistisch,"Le contraire de ""optimistisch"" est """,pessimistisch,0,0,22.625,23.75,1.125
gemma-2-2b,86,val,freq,fr,de,optimistisch,"Le contraire de ""optimistisch"" est """,pessimistisch,0,0,22.625,22.125,-0.5
gemma-2-2b,86,freq,desc,fr,de,optimistisch,"Le contraire de ""optimistisch"" est """,pessimistisch,0,0,22.625,22.75,0.125
gemma-2-2b,86,freq,val,fr,de,optimistisch,"Le contraire de ""optimistisch"" est """,pessimistisch,0,0,22.625,22.25,-0.375
gemma-2-2b,86,freq,freq,fr,de,optimistisch,"Le contraire de ""optimistisch"" est """,pessimistisch,0,0,22.625,22.875,0.25
gemma-2-2b,87,desc,desc,fr,de,permanent,"Le contraire de ""permanent"" est """,temporär,6,6,21.5,21.5,0.0
gemma-2-2b,87,desc,val,fr,de,permanent,"Le contraire de ""permanent"" est """,temporär,6,4,21.5,20.75,-0.75
gemma-2-2b,87,desc,freq,fr,de,permanent,"Le contraire de ""permanent"" est """,temporär,6,2,21.5,19.5,-2.0
gemma-2-2b,87,val,desc,fr,de,permanent,"Le contraire de ""permanent"" est """,temporär,6,1,21.5,22.125,0.625
gemma-2-2b,87,val,val,fr,de,permanent,"Le contraire de ""permanent"" est """,temporär,6,6,21.5,22.0,0.5
gemma-2-2b,87,val,freq,fr,de,permanent,"Le contraire de ""permanent"" est """,temporär,6,3,21.5,19.875,-1.625
gemma-2-2b,87,freq,desc,fr,de,permanent,"Le contraire de ""permanent"" est """,temporär,6,7,21.5,21.5,0.0
gemma-2-2b,87,freq,val,fr,de,permanent,"Le contraire de ""permanent"" est """,temporär,6,6,21.5,20.5,-1.0
gemma-2-2b,87,freq,freq,fr,de,permanent,"Le contraire de ""permanent"" est """,temporär,6,7,21.5,21.5,0.0
gemma-2-2b,88,desc,desc,fr,de,gegenwärtig,"Le contraire de ""gegenwärtig"" est """,vergangen,0,44,23.125,20.125,-3.0
gemma-2-2b,88,desc,val,fr,de,gegenwärtig,"Le contraire de ""gegenwärtig"" est """,vergangen,0,44,23.125,18.875,-4.25
gemma-2-2b,88,desc,freq,fr,de,gegenwärtig,"Le contraire de ""gegenwärtig"" est """,vergangen,0,31,23.125,18.0,-5.125
gemma-2-2b,88,val,desc,fr,de,gegenwärtig,"Le contraire de ""gegenwärtig"" est """,vergangen,0,0,23.125,23.5,0.375
gemma-2-2b,88,val,val,fr,de,gegenwärtig,"Le contraire de ""gegenwärtig"" est """,vergangen,0,8,23.125,22.125,-1.0
gemma-2-2b,88,val,freq,fr,de,gegenwärtig,"Le contraire de ""gegenwärtig"" est """,vergangen,0,5,23.125,20.25,-2.875
gemma-2-2b,88,freq,desc,fr,de,gegenwärtig,"Le contraire de ""gegenwärtig"" est """,vergangen,0,45,23.125,19.625,-3.5
gemma-2-2b,88,freq,val,fr,de,gegenwärtig,"Le contraire de ""gegenwärtig"" est """,vergangen,0,46,23.125,18.375,-4.75
gemma-2-2b,88,freq,freq,fr,de,gegenwärtig,"Le contraire de ""gegenwärtig"" est """,vergangen,0,53,23.125,19.75,-3.375
gemma-2-2b,89,desc,desc,fr,de,öffentlich,"Le contraire de ""öffentlich"" est """,privat,2,0,19.875,22.625,2.75
gemma-2-2b,89,desc,val,fr,de,öffentlich,"Le contraire de ""öffentlich"" est """,privat,2,0,19.875,21.75,1.875
gemma-2-2b,89,desc,freq,fr,de,öffentlich,"Le contraire de ""öffentlich"" est """,privat,2,1,19.875,19.0,-0.875
gemma-2-2b,89,val,desc,fr,de,öffentlich,"Le contraire de ""öffentlich"" est """,privat,2,1,19.875,23.125,3.25
gemma-2-2b,89,val,val,fr,de,öffentlich,"Le contraire de ""öffentlich"" est """,privat,2,0,19.875,23.625,3.75
gemma-2-2b,89,val,freq,fr,de,öffentlich,"Le contraire de ""öffentlich"" est """,privat,2,1,19.875,20.625,0.75
gemma-2-2b,89,freq,desc,fr,de,öffentlich,"Le contraire de ""öffentlich"" est """,privat,2,1,19.875,23.25,3.375
gemma-2-2b,89,freq,val,fr,de,öffentlich,"Le contraire de ""öffentlich"" est """,privat,2,0,19.875,22.75,2.875
gemma-2-2b,89,freq,freq,fr,de,öffentlich,"Le contraire de ""öffentlich"" est """,privat,2,0,19.875,23.375,3.5
gemma-2-2b,90,desc,desc,fr,de,echt,"Le contraire de ""echt"" est """,falsch,3,3,21.375,21.625,0.25
gemma-2-2b,90,desc,val,fr,de,echt,"Le contraire de ""echt"" est """,falsch,3,3,21.375,20.875,-0.5
gemma-2-2b,90,desc,freq,fr,de,echt,"Le contraire de ""echt"" est """,falsch,3,0,21.375,21.875,0.5
gemma-2-2b,90,val,desc,fr,de,echt,"Le contraire de ""echt"" est """,falsch,3,0,21.375,22.75,1.375
gemma-2-2b,90,val,val,fr,de,echt,"Le contraire de ""echt"" est """,falsch,3,3,21.375,23.25,1.875
gemma-2-2b,90,val,freq,fr,de,echt,"Le contraire de ""echt"" est """,falsch,3,0,21.375,21.75,0.375
gemma-2-2b,90,freq,desc,fr,de,echt,"Le contraire de ""echt"" est """,falsch,3,3,21.375,22.5,1.125
gemma-2-2b,90,freq,val,fr,de,echt,"Le contraire de ""echt"" est """,falsch,3,3,21.375,21.5,0.125
gemma-2-2b,90,freq,freq,fr,de,echt,"Le contraire de ""echt"" est """,falsch,3,3,21.375,22.25,0.875
gemma-2-2b,91,desc,desc,fr,de,verantwortlich,"Le contraire de ""verantwortlich"" est """,unverantwortlich,0,11,23.25,21.375,-1.875
gemma-2-2b,91,desc,val,fr,de,verantwortlich,"Le contraire de ""verantwortlich"" est """,unverantwortlich,0,11,23.25,20.25,-3.0
gemma-2-2b,91,desc,freq,fr,de,verantwortlich,"Le contraire de ""verantwortlich"" est """,unverantwortlich,0,26,23.25,18.125,-5.125
gemma-2-2b,91,val,desc,fr,de,verantwortlich,"Le contraire de ""verantwortlich"" est """,unverantwortlich,0,2,23.25,23.0,-0.25
gemma-2-2b,91,val,val,fr,de,verantwortlich,"Le contraire de ""verantwortlich"" est """,unverantwortlich,0,1,23.25,23.25,0.0
gemma-2-2b,91,val,freq,fr,de,verantwortlich,"Le contraire de ""verantwortlich"" est """,unverantwortlich,0,16,23.25,18.75,-4.5
gemma-2-2b,91,freq,desc,fr,de,verantwortlich,"Le contraire de ""verantwortlich"" est """,unverantwortlich,0,15,23.25,21.125,-2.125
gemma-2-2b,91,freq,val,fr,de,verantwortlich,"Le contraire de ""verantwortlich"" est """,unverantwortlich,0,14,23.25,20.125,-3.125
gemma-2-2b,91,freq,freq,fr,de,verantwortlich,"Le contraire de ""verantwortlich"" est """,unverantwortlich,0,12,23.25,21.5,-1.75
gemma-2-2b,92,desc,desc,fr,de,ledig,"Le contraire de ""ledig"" est """,verheiratet,175,251,17.5,17.25,-0.25
gemma-2-2b,92,desc,val,fr,de,ledig,"Le contraire de ""ledig"" est """,verheiratet,175,251,17.5,15.9375,-1.5625
gemma-2-2b,92,desc,freq,fr,de,ledig,"Le contraire de ""ledig"" est """,verheiratet,175,505,17.5,15.5,-2.0
gemma-2-2b,92,val,desc,fr,de,ledig,"Le contraire de ""ledig"" est """,verheiratet,175,7,17.5,21.5,4.0
gemma-2-2b,92,val,val,fr,de,ledig,"Le contraire de ""ledig"" est """,verheiratet,175,197,17.5,18.25,0.75
gemma-2-2b,92,val,freq,fr,de,ledig,"Le contraire de ""ledig"" est """,verheiratet,175,66,17.5,18.125,0.625
gemma-2-2b,92,freq,desc,fr,de,ledig,"Le contraire de ""ledig"" est """,verheiratet,175,218,17.5,17.625,0.125
gemma-2-2b,92,freq,val,fr,de,ledig,"Le contraire de ""ledig"" est """,verheiratet,175,226,17.5,15.9375,-1.5625
gemma-2-2b,92,freq,freq,fr,de,ledig,"Le contraire de ""ledig"" est """,verheiratet,175,244,17.5,17.5,0.0
gemma-2-2b,93,desc,desc,fr,de,sauer,"Le contraire de ""sauer"" est """,süß,2,2,21.0,21.25,0.25
gemma-2-2b,93,desc,val,fr,de,sauer,"Le contraire de ""sauer"" est """,süß,2,1,21.0,20.375,-0.625
gemma-2-2b,93,desc,freq,fr,de,sauer,"Le contraire de ""sauer"" est """,süß,2,0,21.0,21.875,0.875
gemma-2-2b,93,val,desc,fr,de,sauer,"Le contraire de ""sauer"" est """,süß,2,0,21.0,22.375,1.375
gemma-2-2b,93,val,val,fr,de,sauer,"Le contraire de ""sauer"" est """,süß,2,1,21.0,22.25,1.25
gemma-2-2b,93,val,freq,fr,de,sauer,"Le contraire de ""sauer"" est """,süß,2,0,21.0,22.125,1.125
gemma-2-2b,93,freq,desc,fr,de,sauer,"Le contraire de ""sauer"" est """,süß,2,2,21.0,21.5,0.5
gemma-2-2b,93,freq,val,fr,de,sauer,"Le contraire de ""sauer"" est """,süß,2,1,21.0,21.0,0.0
gemma-2-2b,93,freq,freq,fr,de,sauer,"Le contraire de ""sauer"" est """,süß,2,2,21.0,21.625,0.625
gemma-2-2b,94,desc,desc,fr,de,nützlich,"Le contraire de ""nützlich"" est """,nutzlos,1,1,22.875,23.0,0.125
gemma-2-2b,94,desc,val,fr,de,nützlich,"Le contraire de ""nützlich"" est """,nutzlos,1,1,22.875,21.875,-1.0
gemma-2-2b,94,desc,freq,fr,de,nützlich,"Le contraire de ""nützlich"" est """,nutzlos,1,0,22.875,21.75,-1.125
gemma-2-2b,94,val,desc,fr,de,nützlich,"Le contraire de ""nützlich"" est """,nutzlos,1,0,22.875,23.125,0.25
gemma-2-2b,94,val,val,fr,de,nützlich,"Le contraire de ""nützlich"" est """,nutzlos,1,1,22.875,23.875,1.0
gemma-2-2b,94,val,freq,fr,de,nützlich,"Le contraire de ""nützlich"" est """,nutzlos,1,0,22.875,21.875,-1.0
gemma-2-2b,94,freq,desc,fr,de,nützlich,"Le contraire de ""nützlich"" est """,nutzlos,1,1,22.875,23.375,0.5
gemma-2-2b,94,freq,val,fr,de,nützlich,"Le contraire de ""nützlich"" est """,nutzlos,1,1,22.875,22.625,-0.25
gemma-2-2b,94,freq,freq,fr,de,nützlich,"Le contraire de ""nützlich"" est """,nutzlos,1,1,22.875,23.5,0.625
gemma-2-2b,95,desc,desc,fr,de,vertikal,"Le contraire de ""vertikal"" est """,horizontal,0,0,22.0,22.0,0.0
gemma-2-2b,95,desc,val,fr,de,vertikal,"Le contraire de ""vertikal"" est """,horizontal,0,0,22.0,21.5,-0.5
gemma-2-2b,95,desc,freq,fr,de,vertikal,"Le contraire de ""vertikal"" est """,horizontal,0,0,22.0,19.0,-3.0
gemma-2-2b,95,val,desc,fr,de,vertikal,"Le contraire de ""vertikal"" est """,horizontal,0,0,22.0,24.0,2.0
gemma-2-2b,95,val,val,fr,de,vertikal,"Le contraire de ""vertikal"" est """,horizontal,0,0,22.0,23.0,1.0
gemma-2-2b,95,val,freq,fr,de,vertikal,"Le contraire de ""vertikal"" est """,horizontal,0,2,22.0,19.625,-2.375
gemma-2-2b,95,freq,desc,fr,de,vertikal,"Le contraire de ""vertikal"" est """,horizontal,0,0,22.0,22.375,0.375
gemma-2-2b,95,freq,val,fr,de,vertikal,"Le contraire de ""vertikal"" est """,horizontal,0,0,22.0,21.5,-0.5
gemma-2-2b,95,freq,freq,fr,de,vertikal,"Le contraire de ""vertikal"" est """,horizontal,0,0,22.0,22.125,0.125
gemma-2-2b,96,desc,desc,fr,de,gut,"Le contraire de ""gut"" est """,schlecht,1,6,22.0,21.25,-0.75
gemma-2-2b,96,desc,val,fr,de,gut,"Le contraire de ""gut"" est """,schlecht,1,11,22.0,19.75,-2.25
gemma-2-2b,96,desc,freq,fr,de,gut,"Le contraire de ""gut"" est """,schlecht,1,5,22.0,20.25,-1.75
gemma-2-2b,96,val,desc,fr,de,gut,"Le contraire de ""gut"" est """,schlecht,1,0,22.0,23.5,1.5
gemma-2-2b,96,val,val,fr,de,gut,"Le contraire de ""gut"" est """,schlecht,1,8,22.0,22.0,0.0
gemma-2-2b,96,val,freq,fr,de,gut,"Le contraire de ""gut"" est """,schlecht,1,1,22.0,21.875,-0.125
gemma-2-2b,96,freq,desc,fr,de,gut,"Le contraire de ""gut"" est """,schlecht,1,10,22.0,21.125,-0.875
gemma-2-2b,96,freq,val,fr,de,gut,"Le contraire de ""gut"" est """,schlecht,1,9,22.0,20.0,-2.0
gemma-2-2b,96,freq,freq,fr,de,gut,"Le contraire de ""gut"" est """,schlecht,1,10,22.0,21.25,-0.75
gemma-2-2b,97,desc,desc,fr,de,gewinnend,"Le contraire de ""gewinnend"" est """,verlierend,0,0,23.25,22.5,-0.75
gemma-2-2b,97,desc,val,fr,de,gewinnend,"Le contraire de ""gewinnend"" est """,verlierend,0,0,23.25,21.25,-2.0
gemma-2-2b,97,desc,freq,fr,de,gewinnend,"Le contraire de ""gewinnend"" est """,verlierend,0,0,23.25,18.375,-4.875
gemma-2-2b,97,val,desc,fr,de,gewinnend,"Le contraire de ""gewinnend"" est """,verlierend,0,0,23.25,24.5,1.25
gemma-2-2b,97,val,val,fr,de,gewinnend,"Le contraire de ""gewinnend"" est """,verlierend,0,0,23.25,23.875,0.625
gemma-2-2b,97,val,freq,fr,de,gewinnend,"Le contraire de ""gewinnend"" est """,verlierend,0,0,23.25,20.875,-2.375
gemma-2-2b,97,freq,desc,fr,de,gewinnend,"Le contraire de ""gewinnend"" est """,verlierend,0,0,23.25,22.625,-0.625
gemma-2-2b,97,freq,val,fr,de,gewinnend,"Le contraire de ""gewinnend"" est """,verlierend,0,0,23.25,21.75,-1.5
gemma-2-2b,97,freq,freq,fr,de,gewinnend,"Le contraire de ""gewinnend"" est """,verlierend,0,0,23.25,22.75,-0.5
gemma-2-2b,98,desc,desc,fr,de,unfreundlich,"Le contraire de ""unfreundlich"" est """,freundlich,0,2,23.5,21.375,-2.125
gemma-2-2b,98,desc,val,fr,de,unfreundlich,"Le contraire de ""unfreundlich"" est """,freundlich,0,3,23.5,20.5,-3.0
gemma-2-2b,98,desc,freq,fr,de,unfreundlich,"Le contraire de ""unfreundlich"" est """,freundlich,0,2,23.5,18.375,-5.125
gemma-2-2b,98,val,desc,fr,de,unfreundlich,"Le contraire de ""unfreundlich"" est """,freundlich,0,3,23.5,21.375,-2.125
gemma-2-2b,98,val,val,fr,de,unfreundlich,"Le contraire de ""unfreundlich"" est """,freundlich,0,2,23.5,22.125,-1.375
gemma-2-2b,98,val,freq,fr,de,unfreundlich,"Le contraire de ""unfreundlich"" est """,freundlich,0,16,23.5,16.625,-6.875
gemma-2-2b,98,freq,desc,fr,de,unfreundlich,"Le contraire de ""unfreundlich"" est """,freundlich,0,5,23.5,20.75,-2.75
gemma-2-2b,98,freq,val,fr,de,unfreundlich,"Le contraire de ""unfreundlich"" est """,freundlich,0,8,23.5,19.75,-3.75
gemma-2-2b,98,freq,freq,fr,de,unfreundlich,"Le contraire de ""unfreundlich"" est """,freundlich,0,6,23.5,20.875,-2.625
gemma-2-2b,99,desc,desc,fr,de,feige,"Le contraire de ""feige"" est """,mutig,350,350,17.0,17.0,0.0
gemma-2-2b,99,desc,val,fr,de,feige,"Le contraire de ""feige"" est """,mutig,350,416,17.0,15.125,-1.875
gemma-2-2b,99,desc,freq,fr,de,feige,"Le contraire de ""feige"" est """,mutig,350,68,17.0,17.5,0.5
gemma-2-2b,99,val,desc,fr,de,feige,"Le contraire de ""feige"" est """,mutig,350,122,17.0,18.125,1.125
gemma-2-2b,99,val,val,fr,de,feige,"Le contraire de ""feige"" est """,mutig,350,320,17.0,17.5,0.5
gemma-2-2b,99,val,freq,fr,de,feige,"Le contraire de ""feige"" est """,mutig,350,15,17.0,19.5,2.5
gemma-2-2b,99,freq,desc,fr,de,feige,"Le contraire de ""feige"" est """,mutig,350,327,17.0,16.75,-0.25
gemma-2-2b,99,freq,val,fr,de,feige,"Le contraire de ""feige"" est """,mutig,350,311,17.0,15.125,-1.875
gemma-2-2b,99,freq,freq,fr,de,feige,"Le contraire de ""feige"" est """,mutig,350,335,17.0,16.875,-0.125
gemma-2-2b,0,desc,desc,fr,en,good,"Le contraire de ""good"" est """,bad,0,0,24.625,24.75,0.125
gemma-2-2b,0,desc,val,fr,en,good,"Le contraire de ""good"" est """,bad,0,0,24.625,25.625,1.0
gemma-2-2b,0,desc,freq,fr,en,good,"Le contraire de ""good"" est """,bad,0,0,24.625,25.75,1.125
gemma-2-2b,0,val,desc,fr,en,good,"Le contraire de ""good"" est """,bad,0,0,24.625,26.5,1.875
gemma-2-2b,0,val,val,fr,en,good,"Le contraire de ""good"" est """,bad,0,0,24.625,26.625,2.0
gemma-2-2b,0,val,freq,fr,en,good,"Le contraire de ""good"" est """,bad,0,0,24.625,27.125,2.5
gemma-2-2b,0,freq,desc,fr,en,good,"Le contraire de ""good"" est """,bad,0,0,24.625,25.0,0.375
gemma-2-2b,0,freq,val,fr,en,good,"Le contraire de ""good"" est """,bad,0,0,24.625,26.125,1.5
gemma-2-2b,0,freq,freq,fr,en,good,"Le contraire de ""good"" est """,bad,0,0,24.625,25.125,0.5
gemma-2-2b,1,desc,desc,fr,en,happy,"Le contraire de ""happy"" est """,sad,0,0,24.125,24.25,0.125
gemma-2-2b,1,desc,val,fr,en,happy,"Le contraire de ""happy"" est """,sad,0,0,24.125,24.125,0.0
gemma-2-2b,1,desc,freq,fr,en,happy,"Le contraire de ""happy"" est """,sad,0,0,24.125,25.625,1.5
gemma-2-2b,1,val,desc,fr,en,happy,"Le contraire de ""happy"" est """,sad,0,0,24.125,24.625,0.5
gemma-2-2b,1,val,val,fr,en,happy,"Le contraire de ""happy"" est """,sad,0,0,24.125,24.875,0.75
gemma-2-2b,1,val,freq,fr,en,happy,"Le contraire de ""happy"" est """,sad,0,0,24.125,25.75,1.625
gemma-2-2b,1,freq,desc,fr,en,happy,"Le contraire de ""happy"" est """,sad,0,0,24.125,23.75,-0.375
gemma-2-2b,1,freq,val,fr,en,happy,"Le contraire de ""happy"" est """,sad,0,0,24.125,24.25,0.125
gemma-2-2b,1,freq,freq,fr,en,happy,"Le contraire de ""happy"" est """,sad,0,0,24.125,24.125,0.0
gemma-2-2b,2,desc,desc,fr,en,big,"Le contraire de ""big"" est """,small,0,0,23.5,23.5,0.0
gemma-2-2b,2,desc,val,fr,en,big,"Le contraire de ""big"" est """,small,0,0,23.5,23.75,0.25
gemma-2-2b,2,desc,freq,fr,en,big,"Le contraire de ""big"" est """,small,0,0,23.5,24.75,1.25
gemma-2-2b,2,val,desc,fr,en,big,"Le contraire de ""big"" est """,small,0,0,23.5,24.875,1.375
gemma-2-2b,2,val,val,fr,en,big,"Le contraire de ""big"" est """,small,0,0,23.5,25.125,1.625
gemma-2-2b,2,val,freq,fr,en,big,"Le contraire de ""big"" est """,small,0,0,23.5,26.0,2.5
gemma-2-2b,2,freq,desc,fr,en,big,"Le contraire de ""big"" est """,small,0,0,23.5,23.75,0.25
gemma-2-2b,2,freq,val,fr,en,big,"Le contraire de ""big"" est """,small,0,0,23.5,24.75,1.25
gemma-2-2b,2,freq,freq,fr,en,big,"Le contraire de ""big"" est """,small,0,0,23.5,23.875,0.375
gemma-2-2b,3,desc,desc,fr,en,hot,"Le contraire de ""hot"" est """,cold,0,0,23.75,23.875,0.125
gemma-2-2b,3,desc,val,fr,en,hot,"Le contraire de ""hot"" est """,cold,0,0,23.75,23.5,-0.25
gemma-2-2b,3,desc,freq,fr,en,hot,"Le contraire de ""hot"" est """,cold,0,0,23.75,25.375,1.625
gemma-2-2b,3,val,desc,fr,en,hot,"Le contraire de ""hot"" est """,cold,0,0,23.75,24.875,1.125
gemma-2-2b,3,val,val,fr,en,hot,"Le contraire de ""hot"" est """,cold,0,0,23.75,25.25,1.5
gemma-2-2b,3,val,freq,fr,en,hot,"Le contraire de ""hot"" est """,cold,0,0,23.75,26.125,2.375
gemma-2-2b,3,freq,desc,fr,en,hot,"Le contraire de ""hot"" est """,cold,0,0,23.75,23.5,-0.25
gemma-2-2b,3,freq,val,fr,en,hot,"Le contraire de ""hot"" est """,cold,0,0,23.75,24.0,0.25
gemma-2-2b,3,freq,freq,fr,en,hot,"Le contraire de ""hot"" est """,cold,0,0,23.75,24.0,0.25
gemma-2-2b,4,desc,desc,fr,en,fast,"Le contraire de ""fast"" est """,slow,0,0,25.75,26.0,0.25
gemma-2-2b,4,desc,val,fr,en,fast,"Le contraire de ""fast"" est """,slow,0,0,25.75,25.625,-0.125
gemma-2-2b,4,desc,freq,fr,en,fast,"Le contraire de ""fast"" est """,slow,0,0,25.75,27.0,1.25
gemma-2-2b,4,val,desc,fr,en,fast,"Le contraire de ""fast"" est """,slow,0,0,25.75,26.375,0.625
gemma-2-2b,4,val,val,fr,en,fast,"Le contraire de ""fast"" est """,slow,0,0,25.75,26.5,0.75
gemma-2-2b,4,val,freq,fr,en,fast,"Le contraire de ""fast"" est """,slow,0,0,25.75,27.125,1.375
gemma-2-2b,4,freq,desc,fr,en,fast,"Le contraire de ""fast"" est """,slow,0,0,25.75,25.5,-0.25
gemma-2-2b,4,freq,val,fr,en,fast,"Le contraire de ""fast"" est """,slow,0,0,25.75,26.0,0.25
gemma-2-2b,4,freq,freq,fr,en,fast,"Le contraire de ""fast"" est """,slow,0,0,25.75,25.75,0.0
gemma-2-2b,5,desc,desc,fr,en,light,"Le contraire de ""light"" est """,dark,0,0,24.5,24.75,0.25
gemma-2-2b,5,desc,val,fr,en,light,"Le contraire de ""light"" est """,dark,0,0,24.5,24.5,0.0
gemma-2-2b,5,desc,freq,fr,en,light,"Le contraire de ""light"" est """,dark,0,0,24.5,25.75,1.25
gemma-2-2b,5,val,desc,fr,en,light,"Le contraire de ""light"" est """,dark,0,0,24.5,25.5,1.0
gemma-2-2b,5,val,val,fr,en,light,"Le contraire de ""light"" est """,dark,0,0,24.5,25.75,1.25
gemma-2-2b,5,val,freq,fr,en,light,"Le contraire de ""light"" est """,dark,0,0,24.5,26.375,1.875
gemma-2-2b,5,freq,desc,fr,en,light,"Le contraire de ""light"" est """,dark,0,0,24.5,24.25,-0.25
gemma-2-2b,5,freq,val,fr,en,light,"Le contraire de ""light"" est """,dark,0,0,24.5,25.25,0.75
gemma-2-2b,5,freq,freq,fr,en,light,"Le contraire de ""light"" est """,dark,0,0,24.5,24.75,0.25
gemma-2-2b,6,desc,desc,fr,en,easy,"Le contraire de ""easy"" est """,hard,0,0,24.875,25.0,0.125
gemma-2-2b,6,desc,val,fr,en,easy,"Le contraire de ""easy"" est """,hard,0,0,24.875,24.125,-0.75
gemma-2-2b,6,desc,freq,fr,en,easy,"Le contraire de ""easy"" est """,hard,0,0,24.875,26.125,1.25
gemma-2-2b,6,val,desc,fr,en,easy,"Le contraire de ""easy"" est """,hard,0,0,24.875,25.5,0.625
gemma-2-2b,6,val,val,fr,en,easy,"Le contraire de ""easy"" est """,hard,0,0,24.875,25.625,0.75
gemma-2-2b,6,val,freq,fr,en,easy,"Le contraire de ""easy"" est """,hard,0,0,24.875,26.625,1.75
gemma-2-2b,6,freq,desc,fr,en,easy,"Le contraire de ""easy"" est """,hard,0,0,24.875,24.5,-0.375
gemma-2-2b,6,freq,val,fr,en,easy,"Le contraire de ""easy"" est """,hard,0,0,24.875,25.0,0.125
gemma-2-2b,6,freq,freq,fr,en,easy,"Le contraire de ""easy"" est """,hard,0,0,24.875,25.0,0.125
gemma-2-2b,7,desc,desc,fr,en,new,"Le contraire de ""new"" est """,old,0,0,24.25,24.5,0.25
gemma-2-2b,7,desc,val,fr,en,new,"Le contraire de ""new"" est """,old,0,0,24.25,23.75,-0.5
gemma-2-2b,7,desc,freq,fr,en,new,"Le contraire de ""new"" est """,old,0,0,24.25,25.5,1.25
gemma-2-2b,7,val,desc,fr,en,new,"Le contraire de ""new"" est """,old,0,0,24.25,25.75,1.5
gemma-2-2b,7,val,val,fr,en,new,"Le contraire de ""new"" est """,old,0,0,24.25,25.875,1.625
gemma-2-2b,7,val,freq,fr,en,new,"Le contraire de ""new"" est """,old,0,0,24.25,26.625,2.375
gemma-2-2b,7,freq,desc,fr,en,new,"Le contraire de ""new"" est """,old,0,0,24.25,24.5,0.25
gemma-2-2b,7,freq,val,fr,en,new,"Le contraire de ""new"" est """,old,0,0,24.25,24.75,0.5
gemma-2-2b,7,freq,freq,fr,en,new,"Le contraire de ""new"" est """,old,0,0,24.25,24.75,0.5
gemma-2-2b,8,desc,desc,fr,en,true,"Le contraire de ""true"" est """,false,0,0,24.25,24.375,0.125
gemma-2-2b,8,desc,val,fr,en,true,"Le contraire de ""true"" est """,false,0,0,24.25,25.25,1.0
gemma-2-2b,8,desc,freq,fr,en,true,"Le contraire de ""true"" est """,false,0,0,24.25,25.25,1.0
gemma-2-2b,8,val,desc,fr,en,true,"Le contraire de ""true"" est """,false,0,0,24.25,25.875,1.625
gemma-2-2b,8,val,val,fr,en,true,"Le contraire de ""true"" est """,false,0,0,24.25,26.125,1.875
gemma-2-2b,8,val,freq,fr,en,true,"Le contraire de ""true"" est """,false,0,0,24.25,26.75,2.5
gemma-2-2b,8,freq,desc,fr,en,true,"Le contraire de ""true"" est """,false,0,0,24.25,24.375,0.125
gemma-2-2b,8,freq,val,fr,en,true,"Le contraire de ""true"" est """,false,0,0,24.25,25.875,1.625
gemma-2-2b,8,freq,freq,fr,en,true,"Le contraire de ""true"" est """,false,0,0,24.25,24.75,0.5
gemma-2-2b,9,desc,desc,fr,en,alive,"Le contraire de ""alive"" est """,dead,0,0,24.375,24.5,0.125
gemma-2-2b,9,desc,val,fr,en,alive,"Le contraire de ""alive"" est """,dead,0,0,24.375,23.25,-1.125
gemma-2-2b,9,desc,freq,fr,en,alive,"Le contraire de ""alive"" est """,dead,0,0,24.375,26.0,1.625
gemma-2-2b,9,val,desc,fr,en,alive,"Le contraire de ""alive"" est """,dead,0,0,24.375,25.125,0.75
gemma-2-2b,9,val,val,fr,en,alive,"Le contraire de ""alive"" est """,dead,0,0,24.375,25.25,0.875
gemma-2-2b,9,val,freq,fr,en,alive,"Le contraire de ""alive"" est """,dead,0,0,24.375,26.375,2.0
gemma-2-2b,9,freq,desc,fr,en,alive,"Le contraire de ""alive"" est """,dead,0,0,24.375,24.125,-0.25
gemma-2-2b,9,freq,val,fr,en,alive,"Le contraire de ""alive"" est """,dead,0,0,24.375,23.875,-0.5
gemma-2-2b,9,freq,freq,fr,en,alive,"Le contraire de ""alive"" est """,dead,0,0,24.375,24.5,0.125
gemma-2-2b,10,desc,desc,fr,en,full,"Le contraire de ""full"" est """,empty,0,0,24.25,24.5,0.25
gemma-2-2b,10,desc,val,fr,en,full,"Le contraire de ""full"" est """,empty,0,0,24.25,23.25,-1.0
gemma-2-2b,10,desc,freq,fr,en,full,"Le contraire de ""full"" est """,empty,0,0,24.25,25.625,1.375
gemma-2-2b,10,val,desc,fr,en,full,"Le contraire de ""full"" est """,empty,0,0,24.25,25.0,0.75
gemma-2-2b,10,val,val,fr,en,full,"Le contraire de ""full"" est """,empty,0,0,24.25,25.125,0.875
gemma-2-2b,10,val,freq,fr,en,full,"Le contraire de ""full"" est """,empty,0,0,24.25,26.0,1.75
gemma-2-2b,10,freq,desc,fr,en,full,"Le contraire de ""full"" est """,empty,0,0,24.25,24.125,-0.125
gemma-2-2b,10,freq,val,fr,en,full,"Le contraire de ""full"" est """,empty,0,0,24.25,23.875,-0.375
gemma-2-2b,10,freq,freq,fr,en,full,"Le contraire de ""full"" est """,empty,0,0,24.25,24.375,0.125
gemma-2-2b,11,desc,desc,fr,en,bright,"Le contraire de ""bright"" est """,dark,0,0,24.0,24.25,0.25
gemma-2-2b,11,desc,val,fr,en,bright,"Le contraire de ""bright"" est """,dark,0,0,24.0,23.875,-0.125
gemma-2-2b,11,desc,freq,fr,en,bright,"Le contraire de ""bright"" est """,dark,0,0,24.0,25.625,1.625
gemma-2-2b,11,val,desc,fr,en,bright,"Le contraire de ""bright"" est """,dark,0,0,24.0,25.0,1.0
gemma-2-2b,11,val,val,fr,en,bright,"Le contraire de ""bright"" est """,dark,0,0,24.0,25.25,1.25
gemma-2-2b,11,val,freq,fr,en,bright,"Le contraire de ""bright"" est """,dark,0,0,24.0,26.25,2.25
gemma-2-2b,11,freq,desc,fr,en,bright,"Le contraire de ""bright"" est """,dark,0,0,24.0,23.75,-0.25
gemma-2-2b,11,freq,val,fr,en,bright,"Le contraire de ""bright"" est """,dark,0,0,24.0,24.625,0.625
gemma-2-2b,11,freq,freq,fr,en,bright,"Le contraire de ""bright"" est """,dark,0,0,24.0,24.25,0.25
gemma-2-2b,12,desc,desc,fr,en,strong,"Le contraire de ""strong"" est """,weak,0,0,25.0,25.25,0.25
gemma-2-2b,12,desc,val,fr,en,strong,"Le contraire de ""strong"" est """,weak,0,0,25.0,25.25,0.25
gemma-2-2b,12,desc,freq,fr,en,strong,"Le contraire de ""strong"" est """,weak,0,0,25.0,26.5,1.5
gemma-2-2b,12,val,desc,fr,en,strong,"Le contraire de ""strong"" est """,weak,0,0,25.0,25.75,0.75
gemma-2-2b,12,val,val,fr,en,strong,"Le contraire de ""strong"" est """,weak,0,0,25.0,25.625,0.625
gemma-2-2b,12,val,freq,fr,en,strong,"Le contraire de ""strong"" est """,weak,0,0,25.0,26.5,1.5
gemma-2-2b,12,freq,desc,fr,en,strong,"Le contraire de ""strong"" est """,weak,0,0,25.0,24.75,-0.25
gemma-2-2b,12,freq,val,fr,en,strong,"Le contraire de ""strong"" est """,weak,0,0,25.0,25.25,0.25
gemma-2-2b,12,freq,freq,fr,en,strong,"Le contraire de ""strong"" est """,weak,0,0,25.0,25.125,0.125
gemma-2-2b,13,desc,desc,fr,en,clean,"Le contraire de ""clean"" est """,dirty,0,0,25.5,25.875,0.375
gemma-2-2b,13,desc,val,fr,en,clean,"Le contraire de ""clean"" est """,dirty,0,0,25.5,25.125,-0.375
gemma-2-2b,13,desc,freq,fr,en,clean,"Le contraire de ""clean"" est """,dirty,0,0,25.5,27.125,1.625
gemma-2-2b,13,val,desc,fr,en,clean,"Le contraire de ""clean"" est """,dirty,0,0,25.5,26.125,0.625
gemma-2-2b,13,val,val,fr,en,clean,"Le contraire de ""clean"" est """,dirty,0,0,25.5,26.25,0.75
gemma-2-2b,13,val,freq,fr,en,clean,"Le contraire de ""clean"" est """,dirty,0,0,25.5,27.25,1.75
gemma-2-2b,13,freq,desc,fr,en,clean,"Le contraire de ""clean"" est """,dirty,0,0,25.5,25.375,-0.125
gemma-2-2b,13,freq,val,fr,en,clean,"Le contraire de ""clean"" est """,dirty,0,0,25.5,25.25,-0.25
gemma-2-2b,13,freq,freq,fr,en,clean,"Le contraire de ""clean"" est """,dirty,0,0,25.5,25.625,0.125
gemma-2-2b,14,desc,desc,fr,en,open,"Le contraire de ""open"" est """,closed,0,0,24.375,24.625,0.25
gemma-2-2b,14,desc,val,fr,en,open,"Le contraire de ""open"" est """,closed,0,0,24.375,22.5,-1.875
gemma-2-2b,14,desc,freq,fr,en,open,"Le contraire de ""open"" est """,closed,0,0,24.375,25.75,1.375
gemma-2-2b,14,val,desc,fr,en,open,"Le contraire de ""open"" est """,closed,0,0,24.375,24.375,0.0
gemma-2-2b,14,val,val,fr,en,open,"Le contraire de ""open"" est """,closed,0,1,24.375,24.75,0.375
gemma-2-2b,14,val,freq,fr,en,open,"Le contraire de ""open"" est """,closed,0,0,24.375,25.625,1.25
gemma-2-2b,14,freq,desc,fr,en,open,"Le contraire de ""open"" est """,closed,0,0,24.375,24.0,-0.375
gemma-2-2b,14,freq,val,fr,en,open,"Le contraire de ""open"" est """,closed,0,1,24.375,23.125,-1.25
gemma-2-2b,14,freq,freq,fr,en,open,"Le contraire de ""open"" est """,closed,0,0,24.375,24.5,0.125
gemma-2-2b,15,desc,desc,fr,en,rich,"Le contraire de ""rich"" est """,poor,0,0,25.5,25.75,0.25
gemma-2-2b,15,desc,val,fr,en,rich,"Le contraire de ""rich"" est """,poor,0,0,25.5,25.5,0.0
gemma-2-2b,15,desc,freq,fr,en,rich,"Le contraire de ""rich"" est """,poor,0,0,25.5,26.625,1.125
gemma-2-2b,15,val,desc,fr,en,rich,"Le contraire de ""rich"" est """,poor,0,0,25.5,26.0,0.5
gemma-2-2b,15,val,val,fr,en,rich,"Le contraire de ""rich"" est """,poor,0,0,25.5,26.0,0.5
gemma-2-2b,15,val,freq,fr,en,rich,"Le contraire de ""rich"" est """,poor,0,0,25.5,26.875,1.375
gemma-2-2b,15,freq,desc,fr,en,rich,"Le contraire de ""rich"" est """,poor,0,0,25.5,25.375,-0.125
gemma-2-2b,15,freq,val,fr,en,rich,"Le contraire de ""rich"" est """,poor,0,0,25.5,25.75,0.25
gemma-2-2b,15,freq,freq,fr,en,rich,"Le contraire de ""rich"" est """,poor,0,0,25.5,25.5,0.0
gemma-2-2b,16,desc,desc,fr,en,beautiful,"Le contraire de ""beautiful"" est """,ugly,0,0,24.25,24.375,0.125
gemma-2-2b,16,desc,val,fr,en,beautiful,"Le contraire de ""beautiful"" est """,ugly,0,0,24.25,24.25,0.0
gemma-2-2b,16,desc,freq,fr,en,beautiful,"Le contraire de ""beautiful"" est """,ugly,0,0,24.25,26.0,1.75
gemma-2-2b,16,val,desc,fr,en,beautiful,"Le contraire de ""beautiful"" est """,ugly,0,0,24.25,25.375,1.125
gemma-2-2b,16,val,val,fr,en,beautiful,"Le contraire de ""beautiful"" est """,ugly,0,0,24.25,25.375,1.125
gemma-2-2b,16,val,freq,fr,en,beautiful,"Le contraire de ""beautiful"" est """,ugly,0,0,24.25,26.5,2.25
gemma-2-2b,16,freq,desc,fr,en,beautiful,"Le contraire de ""beautiful"" est """,ugly,0,0,24.25,24.125,-0.125
gemma-2-2b,16,freq,val,fr,en,beautiful,"Le contraire de ""beautiful"" est """,ugly,0,0,24.25,24.875,0.625
gemma-2-2b,16,freq,freq,fr,en,beautiful,"Le contraire de ""beautiful"" est """,ugly,0,0,24.25,24.5,0.25
gemma-2-2b,17,desc,desc,fr,en,long,"Le contraire de ""long"" est """,short,3,3,19.25,19.625,0.375
gemma-2-2b,17,desc,val,fr,en,long,"Le contraire de ""long"" est """,short,3,2,19.25,17.5,-1.75
gemma-2-2b,17,desc,freq,fr,en,long,"Le contraire de ""long"" est """,short,3,3,19.25,20.625,1.375
gemma-2-2b,17,val,desc,fr,en,long,"Le contraire de ""long"" est """,short,3,6,19.25,19.5,0.25
gemma-2-2b,17,val,val,fr,en,long,"Le contraire de ""long"" est """,short,3,5,19.25,19.75,0.5
gemma-2-2b,17,val,freq,fr,en,long,"Le contraire de ""long"" est """,short,3,3,19.25,21.25,2.0
gemma-2-2b,17,freq,desc,fr,en,long,"Le contraire de ""long"" est """,short,3,4,19.25,19.125,-0.125
gemma-2-2b,17,freq,val,fr,en,long,"Le contraire de ""long"" est """,short,3,1,19.25,18.25,-1.0
gemma-2-2b,17,freq,freq,fr,en,long,"Le contraire de ""long"" est """,short,3,4,19.25,19.25,0.0
gemma-2-2b,18,desc,desc,fr,en,wide,"Le contraire de ""wide"" est """,narrow,0,0,24.75,25.125,0.375
gemma-2-2b,18,desc,val,fr,en,wide,"Le contraire de ""wide"" est """,narrow,0,0,24.75,23.25,-1.5
gemma-2-2b,18,desc,freq,fr,en,wide,"Le contraire de ""wide"" est """,narrow,0,0,24.75,26.0,1.25
gemma-2-2b,18,val,desc,fr,en,wide,"Le contraire de ""wide"" est """,narrow,0,0,24.75,25.0,0.25
gemma-2-2b,18,val,val,fr,en,wide,"Le contraire de ""wide"" est """,narrow,0,0,24.75,25.5,0.75
gemma-2-2b,18,val,freq,fr,en,wide,"Le contraire de ""wide"" est """,narrow,0,0,24.75,26.5,1.75
gemma-2-2b,18,freq,desc,fr,en,wide,"Le contraire de ""wide"" est """,narrow,0,0,24.75,24.125,-0.625
gemma-2-2b,18,freq,val,fr,en,wide,"Le contraire de ""wide"" est """,narrow,0,0,24.75,24.125,-0.625
gemma-2-2b,18,freq,freq,fr,en,wide,"Le contraire de ""wide"" est """,narrow,0,0,24.75,24.875,0.125
gemma-2-2b,19,desc,desc,fr,en,hard,"Le contraire de ""hard"" est """,soft,0,0,24.375,24.5,0.125
gemma-2-2b,19,desc,val,fr,en,hard,"Le contraire de ""hard"" est """,soft,0,0,24.375,24.375,0.0
gemma-2-2b,19,desc,freq,fr,en,hard,"Le contraire de ""hard"" est """,soft,0,0,24.375,25.75,1.375
gemma-2-2b,19,val,desc,fr,en,hard,"Le contraire de ""hard"" est """,soft,0,0,24.375,25.375,1.0
gemma-2-2b,19,val,val,fr,en,hard,"Le contraire de ""hard"" est """,soft,0,0,24.375,25.625,1.25
gemma-2-2b,19,val,freq,fr,en,hard,"Le contraire de ""hard"" est """,soft,0,0,24.375,26.5,2.125
gemma-2-2b,19,freq,desc,fr,en,hard,"Le contraire de ""hard"" est """,soft,0,0,24.375,24.125,-0.25
gemma-2-2b,19,freq,val,fr,en,hard,"Le contraire de ""hard"" est """,soft,0,0,24.375,24.875,0.5
gemma-2-2b,19,freq,freq,fr,en,hard,"Le contraire de ""hard"" est """,soft,0,0,24.375,24.625,0.25
gemma-2-2b,20,desc,desc,fr,en,dry,"Le contraire de ""dry"" est """,wet,0,0,23.5,23.75,0.25
gemma-2-2b,20,desc,val,fr,en,dry,"Le contraire de ""dry"" est """,wet,0,0,23.5,22.25,-1.25
gemma-2-2b,20,desc,freq,fr,en,dry,"Le contraire de ""dry"" est """,wet,0,0,23.5,25.375,1.875
gemma-2-2b,20,val,desc,fr,en,dry,"Le contraire de ""dry"" est """,wet,0,0,23.5,23.875,0.375
gemma-2-2b,20,val,val,fr,en,dry,"Le contraire de ""dry"" est """,wet,0,0,23.5,23.875,0.375
gemma-2-2b,20,val,freq,fr,en,dry,"Le contraire de ""dry"" est """,wet,0,0,23.5,25.25,1.75
gemma-2-2b,20,freq,desc,fr,en,dry,"Le contraire de ""dry"" est """,wet,0,0,23.5,23.25,-0.25
gemma-2-2b,20,freq,val,fr,en,dry,"Le contraire de ""dry"" est """,wet,0,0,23.5,22.625,-0.875
gemma-2-2b,20,freq,freq,fr,en,dry,"Le contraire de ""dry"" est """,wet,0,0,23.5,23.5,0.0
gemma-2-2b,21,desc,desc,fr,en,loud,"Le contraire de ""loud"" est """,quiet,0,0,23.25,23.375,0.125
gemma-2-2b,21,desc,val,fr,en,loud,"Le contraire de ""loud"" est """,quiet,0,0,23.25,23.0,-0.25
gemma-2-2b,21,desc,freq,fr,en,loud,"Le contraire de ""loud"" est """,quiet,0,0,23.25,25.125,1.875
gemma-2-2b,21,val,desc,fr,en,loud,"Le contraire de ""loud"" est """,quiet,0,0,23.25,24.0,0.75
gemma-2-2b,21,val,val,fr,en,loud,"Le contraire de ""loud"" est """,quiet,0,0,23.25,24.5,1.25
gemma-2-2b,21,val,freq,fr,en,loud,"Le contraire de ""loud"" est """,quiet,0,0,23.25,25.5,2.25
gemma-2-2b,21,freq,desc,fr,en,loud,"Le contraire de ""loud"" est """,quiet,0,0,23.25,22.625,-0.625
gemma-2-2b,21,freq,val,fr,en,loud,"Le contraire de ""loud"" est """,quiet,0,0,23.25,23.5,0.25
gemma-2-2b,21,freq,freq,fr,en,loud,"Le contraire de ""loud"" est """,quiet,0,0,23.25,23.375,0.125
gemma-2-2b,22,desc,desc,fr,en,early,"Le contraire de ""early"" est """,late,0,0,25.25,25.25,0.0
gemma-2-2b,22,desc,val,fr,en,early,"Le contraire de ""early"" est """,late,0,0,25.25,25.0,-0.25
gemma-2-2b,22,desc,freq,fr,en,early,"Le contraire de ""early"" est """,late,0,0,25.25,26.25,1.0
gemma-2-2b,22,val,desc,fr,en,early,"Le contraire de ""early"" est """,late,0,0,25.25,25.75,0.5
gemma-2-2b,22,val,val,fr,en,early,"Le contraire de ""early"" est """,late,0,0,25.25,26.0,0.75
gemma-2-2b,22,val,freq,fr,en,early,"Le contraire de ""early"" est """,late,0,0,25.25,26.875,1.625
gemma-2-2b,22,freq,desc,fr,en,early,"Le contraire de ""early"" est """,late,0,0,25.25,25.125,-0.125
gemma-2-2b,22,freq,val,fr,en,early,"Le contraire de ""early"" est """,late,0,0,25.25,25.5,0.25
gemma-2-2b,22,freq,freq,fr,en,early,"Le contraire de ""early"" est """,late,0,0,25.25,25.375,0.125
gemma-2-2b,23,desc,desc,fr,en,near,"Le contraire de ""near"" est """,far,0,0,26.375,26.375,0.0
gemma-2-2b,23,desc,val,fr,en,near,"Le contraire de ""near"" est """,far,0,0,26.375,26.0,-0.375
gemma-2-2b,23,desc,freq,fr,en,near,"Le contraire de ""near"" est """,far,0,0,26.375,27.375,1.0
gemma-2-2b,23,val,desc,fr,en,near,"Le contraire de ""near"" est """,far,0,0,26.375,27.25,0.875
gemma-2-2b,23,val,val,fr,en,near,"Le contraire de ""near"" est """,far,0,0,26.375,27.25,0.875
gemma-2-2b,23,val,freq,fr,en,near,"Le contraire de ""near"" est """,far,0,0,26.375,28.0,1.625
gemma-2-2b,23,freq,desc,fr,en,near,"Le contraire de ""near"" est """,far,0,0,26.375,26.5,0.125
gemma-2-2b,23,freq,val,fr,en,near,"Le contraire de ""near"" est """,far,0,0,26.375,26.75,0.375
gemma-2-2b,23,freq,freq,fr,en,near,"Le contraire de ""near"" est """,far,0,0,26.375,26.625,0.25
gemma-2-2b,24,desc,desc,fr,en,deep,"Le contraire de ""deep"" est """,shallow,0,0,26.0,26.125,0.125
gemma-2-2b,24,desc,val,fr,en,deep,"Le contraire de ""deep"" est """,shallow,0,0,26.0,25.625,-0.375
gemma-2-2b,24,desc,freq,fr,en,deep,"Le contraire de ""deep"" est """,shallow,0,0,26.0,26.75,0.75
gemma-2-2b,24,val,desc,fr,en,deep,"Le contraire de ""deep"" est """,shallow,0,0,26.0,26.125,0.125
gemma-2-2b,24,val,val,fr,en,deep,"Le contraire de ""deep"" est """,shallow,0,0,26.0,26.375,0.375
gemma-2-2b,24,val,freq,fr,en,deep,"Le contraire de ""deep"" est """,shallow,0,0,26.0,27.0,1.0
gemma-2-2b,24,freq,desc,fr,en,deep,"Le contraire de ""deep"" est """,shallow,0,0,26.0,25.375,-0.625
gemma-2-2b,24,freq,val,fr,en,deep,"Le contraire de ""deep"" est """,shallow,0,0,26.0,26.25,0.25
gemma-2-2b,24,freq,freq,fr,en,deep,"Le contraire de ""deep"" est """,shallow,0,0,26.0,25.875,-0.125
gemma-2-2b,25,desc,desc,fr,en,bad,"Le contraire de ""bad"" est """,good,0,0,25.0,25.125,0.125
gemma-2-2b,25,desc,val,fr,en,bad,"Le contraire de ""bad"" est """,good,0,0,25.0,25.125,0.125
gemma-2-2b,25,desc,freq,fr,en,bad,"Le contraire de ""bad"" est """,good,0,0,25.0,26.0,1.0
gemma-2-2b,25,val,desc,fr,en,bad,"Le contraire de ""bad"" est """,good,0,0,25.0,26.125,1.125
gemma-2-2b,25,val,val,fr,en,bad,"Le contraire de ""bad"" est """,good,0,0,25.0,26.375,1.375
gemma-2-2b,25,val,freq,fr,en,bad,"Le contraire de ""bad"" est """,good,0,0,25.0,27.125,2.125
gemma-2-2b,25,freq,desc,fr,en,bad,"Le contraire de ""bad"" est """,good,0,0,25.0,24.75,-0.25
gemma-2-2b,25,freq,val,fr,en,bad,"Le contraire de ""bad"" est """,good,0,0,25.0,25.625,0.625
gemma-2-2b,25,freq,freq,fr,en,bad,"Le contraire de ""bad"" est """,good,0,0,25.0,25.125,0.125
gemma-2-2b,26,desc,desc,fr,en,sad,"Le contraire de ""sad"" est """,happy,0,0,24.25,24.5,0.25
gemma-2-2b,26,desc,val,fr,en,sad,"Le contraire de ""sad"" est """,happy,0,0,24.25,24.125,-0.125
gemma-2-2b,26,desc,freq,fr,en,sad,"Le contraire de ""sad"" est """,happy,0,0,24.25,25.625,1.375
gemma-2-2b,26,val,desc,fr,en,sad,"Le contraire de ""sad"" est """,happy,0,0,24.25,24.375,0.125
gemma-2-2b,26,val,val,fr,en,sad,"Le contraire de ""sad"" est """,happy,0,0,24.25,24.875,0.625
gemma-2-2b,26,val,freq,fr,en,sad,"Le contraire de ""sad"" est """,happy,0,0,24.25,26.0,1.75
gemma-2-2b,26,freq,desc,fr,en,sad,"Le contraire de ""sad"" est """,happy,0,0,24.25,23.5,-0.75
gemma-2-2b,26,freq,val,fr,en,sad,"Le contraire de ""sad"" est """,happy,0,0,24.25,24.625,0.375
gemma-2-2b,26,freq,freq,fr,en,sad,"Le contraire de ""sad"" est """,happy,0,0,24.25,24.25,0.0
gemma-2-2b,27,desc,desc,fr,en,small,"Le contraire de ""small"" est """,big,0,0,24.25,24.375,0.125
gemma-2-2b,27,desc,val,fr,en,small,"Le contraire de ""small"" est """,big,0,0,24.25,24.75,0.5
gemma-2-2b,27,desc,freq,fr,en,small,"Le contraire de ""small"" est """,big,0,0,24.25,25.375,1.125
gemma-2-2b,27,val,desc,fr,en,small,"Le contraire de ""small"" est """,big,0,0,24.25,25.625,1.375
gemma-2-2b,27,val,val,fr,en,small,"Le contraire de ""small"" est """,big,0,0,24.25,25.875,1.625
gemma-2-2b,27,val,freq,fr,en,small,"Le contraire de ""small"" est """,big,0,0,24.25,26.625,2.375
gemma-2-2b,27,freq,desc,fr,en,small,"Le contraire de ""small"" est """,big,0,0,24.25,24.375,0.125
gemma-2-2b,27,freq,val,fr,en,small,"Le contraire de ""small"" est """,big,0,0,24.25,25.5,1.25
gemma-2-2b,27,freq,freq,fr,en,small,"Le contraire de ""small"" est """,big,0,0,24.25,24.75,0.5
gemma-2-2b,28,desc,desc,fr,en,cold,"Le contraire de ""cold"" est """,hot,0,0,24.5,24.625,0.125
gemma-2-2b,28,desc,val,fr,en,cold,"Le contraire de ""cold"" est """,hot,0,0,24.5,23.25,-1.25
gemma-2-2b,28,desc,freq,fr,en,cold,"Le contraire de ""cold"" est """,hot,0,0,24.5,26.0,1.5
gemma-2-2b,28,val,desc,fr,en,cold,"Le contraire de ""cold"" est """,hot,0,0,24.5,25.625,1.125
gemma-2-2b,28,val,val,fr,en,cold,"Le contraire de ""cold"" est """,hot,0,0,24.5,25.75,1.25
gemma-2-2b,28,val,freq,fr,en,cold,"Le contraire de ""cold"" est """,hot,0,0,24.5,26.75,2.25
gemma-2-2b,28,freq,desc,fr,en,cold,"Le contraire de ""cold"" est """,hot,0,0,24.5,24.5,0.0
gemma-2-2b,28,freq,val,fr,en,cold,"Le contraire de ""cold"" est """,hot,0,0,24.5,24.125,-0.375
gemma-2-2b,28,freq,freq,fr,en,cold,"Le contraire de ""cold"" est """,hot,0,0,24.5,24.625,0.125
gemma-2-2b,29,desc,desc,fr,en,slow,"Le contraire de ""slow"" est """,fast,0,0,25.5,25.625,0.125
gemma-2-2b,29,desc,val,fr,en,slow,"Le contraire de ""slow"" est """,fast,0,0,25.5,24.75,-0.75
gemma-2-2b,29,desc,freq,fr,en,slow,"Le contraire de ""slow"" est """,fast,0,0,25.5,26.875,1.375
gemma-2-2b,29,val,desc,fr,en,slow,"Le contraire de ""slow"" est """,fast,0,0,25.5,25.625,0.125
gemma-2-2b,29,val,val,fr,en,slow,"Le contraire de ""slow"" est """,fast,0,0,25.5,25.75,0.25
gemma-2-2b,29,val,freq,fr,en,slow,"Le contraire de ""slow"" est """,fast,0,0,25.5,26.875,1.375
gemma-2-2b,29,freq,desc,fr,en,slow,"Le contraire de ""slow"" est """,fast,0,0,25.5,25.25,-0.25
gemma-2-2b,29,freq,val,fr,en,slow,"Le contraire de ""slow"" est """,fast,0,0,25.5,25.375,-0.125
gemma-2-2b,29,freq,freq,fr,en,slow,"Le contraire de ""slow"" est """,fast,0,0,25.5,25.5,0.0
gemma-2-2b,30,desc,desc,fr,en,heavy,"Le contraire de ""heavy"" est """,light,0,0,24.875,25.125,0.25
gemma-2-2b,30,desc,val,fr,en,heavy,"Le contraire de ""heavy"" est """,light,0,0,24.875,24.625,-0.25
gemma-2-2b,30,desc,freq,fr,en,heavy,"Le contraire de ""heavy"" est """,light,0,0,24.875,26.25,1.375
gemma-2-2b,30,val,desc,fr,en,heavy,"Le contraire de ""heavy"" est """,light,0,0,24.875,25.625,0.75
gemma-2-2b,30,val,val,fr,en,heavy,"Le contraire de ""heavy"" est """,light,0,0,24.875,25.75,0.875
gemma-2-2b,30,val,freq,fr,en,heavy,"Le contraire de ""heavy"" est """,light,0,0,24.875,26.5,1.625
gemma-2-2b,30,freq,desc,fr,en,heavy,"Le contraire de ""heavy"" est """,light,0,0,24.875,24.5,-0.375
gemma-2-2b,30,freq,val,fr,en,heavy,"Le contraire de ""heavy"" est """,light,0,0,24.875,25.125,0.25
gemma-2-2b,30,freq,freq,fr,en,heavy,"Le contraire de ""heavy"" est """,light,0,0,24.875,25.0,0.125
gemma-2-2b,31,desc,desc,fr,en,difficult,"Le contraire de ""difficult"" est """,simple,1,1,20.75,20.875,0.125
gemma-2-2b,31,desc,val,fr,en,difficult,"Le contraire de ""difficult"" est """,simple,1,1,20.75,21.5,0.75
gemma-2-2b,31,desc,freq,fr,en,difficult,"Le contraire de ""difficult"" est """,simple,1,1,20.75,22.125,1.375
gemma-2-2b,31,val,desc,fr,en,difficult,"Le contraire de ""difficult"" est """,simple,1,1,20.75,21.875,1.125
gemma-2-2b,31,val,val,fr,en,difficult,"Le contraire de ""difficult"" est """,simple,1,1,20.75,22.0,1.25
gemma-2-2b,31,val,freq,fr,en,difficult,"Le contraire de ""difficult"" est """,simple,1,1,20.75,23.5,2.75
gemma-2-2b,31,freq,desc,fr,en,difficult,"Le contraire de ""difficult"" est """,simple,1,1,20.75,20.75,0.0
gemma-2-2b,31,freq,val,fr,en,difficult,"Le contraire de ""difficult"" est """,simple,1,1,20.75,22.125,1.375
gemma-2-2b,31,freq,freq,fr,en,difficult,"Le contraire de ""difficult"" est """,simple,1,1,20.75,20.875,0.125
gemma-2-2b,32,desc,desc,fr,en,old,"Le contraire de ""old"" est """,new,0,0,24.0,24.125,0.125
gemma-2-2b,32,desc,val,fr,en,old,"Le contraire de ""old"" est """,new,0,0,24.0,23.125,-0.875
gemma-2-2b,32,desc,freq,fr,en,old,"Le contraire de ""old"" est """,new,0,0,24.0,25.125,1.125
gemma-2-2b,32,val,desc,fr,en,old,"Le contraire de ""old"" est """,new,0,0,24.0,25.125,1.125
gemma-2-2b,32,val,val,fr,en,old,"Le contraire de ""old"" est """,new,0,0,24.0,25.25,1.25
gemma-2-2b,32,val,freq,fr,en,old,"Le contraire de ""old"" est """,new,0,0,24.0,26.125,2.125
gemma-2-2b,32,freq,desc,fr,en,old,"Le contraire de ""old"" est """,new,0,0,24.0,24.0,0.0
gemma-2-2b,32,freq,val,fr,en,old,"Le contraire de ""old"" est """,new,0,0,24.0,24.25,0.25
gemma-2-2b,32,freq,freq,fr,en,old,"Le contraire de ""old"" est """,new,0,0,24.0,24.25,0.25
gemma-2-2b,33,desc,desc,fr,en,false,"Le contraire de ""false"" est """,true,0,0,22.875,23.0,0.125
gemma-2-2b,33,desc,val,fr,en,false,"Le contraire de ""false"" est """,true,0,0,22.875,22.875,0.0
gemma-2-2b,33,desc,freq,fr,en,false,"Le contraire de ""false"" est """,true,0,0,22.875,23.875,1.0
gemma-2-2b,33,val,desc,fr,en,false,"Le contraire de ""false"" est """,true,0,0,22.875,24.375,1.5
gemma-2-2b,33,val,val,fr,en,false,"Le contraire de ""false"" est """,true,0,0,22.875,24.625,1.75
gemma-2-2b,33,val,freq,fr,en,false,"Le contraire de ""false"" est """,true,0,0,22.875,25.625,2.75
gemma-2-2b,33,freq,desc,fr,en,false,"Le contraire de ""false"" est """,true,0,0,22.875,22.75,-0.125
gemma-2-2b,33,freq,val,fr,en,false,"Le contraire de ""false"" est """,true,0,0,22.875,23.875,1.0
gemma-2-2b,33,freq,freq,fr,en,false,"Le contraire de ""false"" est """,true,0,0,22.875,23.25,0.375
gemma-2-2b,34,desc,desc,fr,en,dead,"Le contraire de ""dead"" est """,alive,0,0,24.875,25.125,0.25
gemma-2-2b,34,desc,val,fr,en,dead,"Le contraire de ""dead"" est """,alive,0,0,24.875,23.875,-1.0
gemma-2-2b,34,desc,freq,fr,en,dead,"Le contraire de ""dead"" est """,alive,0,0,24.875,26.25,1.375
gemma-2-2b,34,val,desc,fr,en,dead,"Le contraire de ""dead"" est """,alive,0,0,24.875,25.25,0.375
gemma-2-2b,34,val,val,fr,en,dead,"Le contraire de ""dead"" est """,alive,0,0,24.875,25.625,0.75
gemma-2-2b,34,val,freq,fr,en,dead,"Le contraire de ""dead"" est """,alive,0,0,24.875,26.5,1.625
gemma-2-2b,34,freq,desc,fr,en,dead,"Le contraire de ""dead"" est """,alive,0,0,24.875,24.125,-0.75
gemma-2-2b,34,freq,val,fr,en,dead,"Le contraire de ""dead"" est """,alive,0,0,24.875,24.375,-0.5
gemma-2-2b,34,freq,freq,fr,en,dead,"Le contraire de ""dead"" est """,alive,0,0,24.875,25.0,0.125
gemma-2-2b,35,desc,desc,fr,en,empty,"Le contraire de ""empty"" est """,full,0,0,26.0,26.0,0.0
gemma-2-2b,35,desc,val,fr,en,empty,"Le contraire de ""empty"" est """,full,0,0,26.0,25.25,-0.75
gemma-2-2b,35,desc,freq,fr,en,empty,"Le contraire de ""empty"" est """,full,0,0,26.0,27.125,1.125
gemma-2-2b,35,val,desc,fr,en,empty,"Le contraire de ""empty"" est """,full,0,0,26.0,26.125,0.125
gemma-2-2b,35,val,val,fr,en,empty,"Le contraire de ""empty"" est """,full,0,0,26.0,26.375,0.375
gemma-2-2b,35,val,freq,fr,en,empty,"Le contraire de ""empty"" est """,full,0,0,26.0,27.25,1.25
gemma-2-2b,35,freq,desc,fr,en,empty,"Le contraire de ""empty"" est """,full,0,0,26.0,25.5,-0.5
gemma-2-2b,35,freq,val,fr,en,empty,"Le contraire de ""empty"" est """,full,0,0,26.0,25.75,-0.25
gemma-2-2b,35,freq,freq,fr,en,empty,"Le contraire de ""empty"" est """,full,0,0,26.0,25.875,-0.125
gemma-2-2b,36,desc,desc,fr,en,dark,"Le contraire de ""dark"" est """,light,0,0,24.75,25.125,0.375
gemma-2-2b,36,desc,val,fr,en,dark,"Le contraire de ""dark"" est """,light,0,0,24.75,23.875,-0.875
gemma-2-2b,36,desc,freq,fr,en,dark,"Le contraire de ""dark"" est """,light,0,0,24.75,26.125,1.375
gemma-2-2b,36,val,desc,fr,en,dark,"Le contraire de ""dark"" est """,light,0,0,24.75,25.25,0.5
gemma-2-2b,36,val,val,fr,en,dark,"Le contraire de ""dark"" est """,light,0,0,24.75,25.5,0.75
gemma-2-2b,36,val,freq,fr,en,dark,"Le contraire de ""dark"" est """,light,0,0,24.75,26.5,1.75
gemma-2-2b,36,freq,desc,fr,en,dark,"Le contraire de ""dark"" est """,light,0,0,24.75,24.125,-0.625
gemma-2-2b,36,freq,val,fr,en,dark,"Le contraire de ""dark"" est """,light,0,0,24.75,24.5,-0.25
gemma-2-2b,36,freq,freq,fr,en,dark,"Le contraire de ""dark"" est """,light,0,0,24.75,24.75,0.0
gemma-2-2b,37,desc,desc,fr,en,weak,"Le contraire de ""weak"" est """,strong,0,0,25.25,25.5,0.25
gemma-2-2b,37,desc,val,fr,en,weak,"Le contraire de ""weak"" est """,strong,0,0,25.25,25.125,-0.125
gemma-2-2b,37,desc,freq,fr,en,weak,"Le contraire de ""weak"" est """,strong,0,0,25.25,26.25,1.0
gemma-2-2b,37,val,desc,fr,en,weak,"Le contraire de ""weak"" est """,strong,0,0,25.25,26.0,0.75
gemma-2-2b,37,val,val,fr,en,weak,"Le contraire de ""weak"" est """,strong,0,0,25.25,26.25,1.0
gemma-2-2b,37,val,freq,fr,en,weak,"Le contraire de ""weak"" est """,strong,0,0,25.25,27.125,1.875
gemma-2-2b,37,freq,desc,fr,en,weak,"Le contraire de ""weak"" est """,strong,0,0,25.25,24.75,-0.5
gemma-2-2b,37,freq,val,fr,en,weak,"Le contraire de ""weak"" est """,strong,0,0,25.25,25.75,0.5
gemma-2-2b,37,freq,freq,fr,en,weak,"Le contraire de ""weak"" est """,strong,0,0,25.25,25.375,0.125
gemma-2-2b,38,desc,desc,fr,en,dirty,"Le contraire de ""dirty"" est """,clean,0,0,25.0,25.25,0.25
gemma-2-2b,38,desc,val,fr,en,dirty,"Le contraire de ""dirty"" est """,clean,0,0,25.0,24.75,-0.25
gemma-2-2b,38,desc,freq,fr,en,dirty,"Le contraire de ""dirty"" est """,clean,0,0,25.0,26.5,1.5
gemma-2-2b,38,val,desc,fr,en,dirty,"Le contraire de ""dirty"" est """,clean,0,0,25.0,25.25,0.25
gemma-2-2b,38,val,val,fr,en,dirty,"Le contraire de ""dirty"" est """,clean,0,0,25.0,25.625,0.625
gemma-2-2b,38,val,freq,fr,en,dirty,"Le contraire de ""dirty"" est """,clean,0,0,25.0,26.625,1.625
gemma-2-2b,38,freq,desc,fr,en,dirty,"Le contraire de ""dirty"" est """,clean,0,0,25.0,24.25,-0.75
gemma-2-2b,38,freq,val,fr,en,dirty,"Le contraire de ""dirty"" est """,clean,0,0,25.0,25.125,0.125
gemma-2-2b,38,freq,freq,fr,en,dirty,"Le contraire de ""dirty"" est """,clean,0,0,25.0,25.125,0.125
gemma-2-2b,39,desc,desc,fr,en,closed,"Le contraire de ""closed"" est """,open,0,0,24.875,25.0,0.125
gemma-2-2b,39,desc,val,fr,en,closed,"Le contraire de ""closed"" est """,open,0,0,24.875,25.125,0.25
gemma-2-2b,39,desc,freq,fr,en,closed,"Le contraire de ""closed"" est """,open,0,0,24.875,25.75,0.875
gemma-2-2b,39,val,desc,fr,en,closed,"Le contraire de ""closed"" est """,open,0,0,24.875,26.5,1.625
gemma-2-2b,39,val,val,fr,en,closed,"Le contraire de ""closed"" est """,open,0,0,24.875,26.625,1.75
gemma-2-2b,39,val,freq,fr,en,closed,"Le contraire de ""closed"" est """,open,0,0,24.875,27.125,2.25
gemma-2-2b,39,freq,desc,fr,en,closed,"Le contraire de ""closed"" est """,open,0,0,24.875,25.125,0.25
gemma-2-2b,39,freq,val,fr,en,closed,"Le contraire de ""closed"" est """,open,0,0,24.875,25.75,0.875
gemma-2-2b,39,freq,freq,fr,en,closed,"Le contraire de ""closed"" est """,open,0,0,24.875,25.25,0.375
gemma-2-2b,40,desc,desc,fr,en,poor,"Le contraire de ""poor"" est """,rich,0,0,25.5,25.625,0.125
gemma-2-2b,40,desc,val,fr,en,poor,"Le contraire de ""poor"" est """,rich,0,0,25.5,25.5,0.0
gemma-2-2b,40,desc,freq,fr,en,poor,"Le contraire de ""poor"" est """,rich,0,0,25.5,26.75,1.25
gemma-2-2b,40,val,desc,fr,en,poor,"Le contraire de ""poor"" est """,rich,0,0,25.5,26.125,0.625
gemma-2-2b,40,val,val,fr,en,poor,"Le contraire de ""poor"" est """,rich,0,0,25.5,26.25,0.75
gemma-2-2b,40,val,freq,fr,en,poor,"Le contraire de ""poor"" est """,rich,0,0,25.5,27.125,1.625
gemma-2-2b,40,freq,desc,fr,en,poor,"Le contraire de ""poor"" est """,rich,0,0,25.5,25.25,-0.25
gemma-2-2b,40,freq,val,fr,en,poor,"Le contraire de ""poor"" est """,rich,0,0,25.5,26.125,0.625
gemma-2-2b,40,freq,freq,fr,en,poor,"Le contraire de ""poor"" est """,rich,0,0,25.5,25.625,0.125
gemma-2-2b,41,desc,desc,fr,en,ugly,"Le contraire de ""ugly"" est """,beautiful,0,0,23.25,23.5,0.25
gemma-2-2b,41,desc,val,fr,en,ugly,"Le contraire de ""ugly"" est """,beautiful,0,0,23.25,23.25,0.0
gemma-2-2b,41,desc,freq,fr,en,ugly,"Le contraire de ""ugly"" est """,beautiful,0,0,23.25,24.625,1.375
gemma-2-2b,41,val,desc,fr,en,ugly,"Le contraire de ""ugly"" est """,beautiful,0,0,23.25,23.625,0.375
gemma-2-2b,41,val,val,fr,en,ugly,"Le contraire de ""ugly"" est """,beautiful,0,0,23.25,23.875,0.625
gemma-2-2b,41,val,freq,fr,en,ugly,"Le contraire de ""ugly"" est """,beautiful,0,0,23.25,25.125,1.875
gemma-2-2b,41,freq,desc,fr,en,ugly,"Le contraire de ""ugly"" est """,beautiful,0,0,23.25,22.5,-0.75
gemma-2-2b,41,freq,val,fr,en,ugly,"Le contraire de ""ugly"" est """,beautiful,0,0,23.25,23.875,0.625
gemma-2-2b,41,freq,freq,fr,en,ugly,"Le contraire de ""ugly"" est """,beautiful,0,0,23.25,23.25,0.0
gemma-2-2b,42,desc,desc,fr,en,short,"Le contraire de ""short"" est """,long,0,0,25.75,26.0,0.25
gemma-2-2b,42,desc,val,fr,en,short,"Le contraire de ""short"" est """,long,0,0,25.75,24.75,-1.0
gemma-2-2b,42,desc,freq,fr,en,short,"Le contraire de ""short"" est """,long,0,0,25.75,26.75,1.0
gemma-2-2b,42,val,desc,fr,en,short,"Le contraire de ""short"" est """,long,0,0,25.75,26.125,0.375
gemma-2-2b,42,val,val,fr,en,short,"Le contraire de ""short"" est """,long,0,0,25.75,26.5,0.75
gemma-2-2b,42,val,freq,fr,en,short,"Le contraire de ""short"" est """,long,0,0,25.75,27.25,1.5
gemma-2-2b,42,freq,desc,fr,en,short,"Le contraire de ""short"" est """,long,0,0,25.75,25.5,-0.25
gemma-2-2b,42,freq,val,fr,en,short,"Le contraire de ""short"" est """,long,0,0,25.75,25.625,-0.125
gemma-2-2b,42,freq,freq,fr,en,short,"Le contraire de ""short"" est """,long,0,0,25.75,25.875,0.125
gemma-2-2b,43,desc,desc,fr,en,narrow,"Le contraire de ""narrow"" est """,wide,0,0,24.625,24.875,0.25
gemma-2-2b,43,desc,val,fr,en,narrow,"Le contraire de ""narrow"" est """,wide,0,0,24.625,22.625,-2.0
gemma-2-2b,43,desc,freq,fr,en,narrow,"Le contraire de ""narrow"" est """,wide,0,0,24.625,26.125,1.5
gemma-2-2b,43,val,desc,fr,en,narrow,"Le contraire de ""narrow"" est """,wide,0,0,24.625,24.875,0.25
gemma-2-2b,43,val,val,fr,en,narrow,"Le contraire de ""narrow"" est """,wide,0,0,24.625,25.375,0.75
gemma-2-2b,43,val,freq,fr,en,narrow,"Le contraire de ""narrow"" est """,wide,0,0,24.625,26.5,1.875
gemma-2-2b,43,freq,desc,fr,en,narrow,"Le contraire de ""narrow"" est """,wide,0,0,24.625,24.0,-0.625
gemma-2-2b,43,freq,val,fr,en,narrow,"Le contraire de ""narrow"" est """,wide,0,0,24.625,23.5,-1.125
gemma-2-2b,43,freq,freq,fr,en,narrow,"Le contraire de ""narrow"" est """,wide,0,0,24.625,24.875,0.25
gemma-2-2b,44,desc,desc,fr,en,soft,"Le contraire de ""soft"" est """,hard,0,0,23.25,23.5,0.25
gemma-2-2b,44,desc,val,fr,en,soft,"Le contraire de ""soft"" est """,hard,0,0,23.25,23.0,-0.25
gemma-2-2b,44,desc,freq,fr,en,soft,"Le contraire de ""soft"" est """,hard,0,0,23.25,24.75,1.5
gemma-2-2b,44,val,desc,fr,en,soft,"Le contraire de ""soft"" est """,hard,0,0,23.25,24.0,0.75
gemma-2-2b,44,val,val,fr,en,soft,"Le contraire de ""soft"" est """,hard,0,0,23.25,24.125,0.875
gemma-2-2b,44,val,freq,fr,en,soft,"Le contraire de ""soft"" est """,hard,0,0,23.25,25.25,2.0
gemma-2-2b,44,freq,desc,fr,en,soft,"Le contraire de ""soft"" est """,hard,0,0,23.25,22.875,-0.375
gemma-2-2b,44,freq,val,fr,en,soft,"Le contraire de ""soft"" est """,hard,0,0,23.25,23.5,0.25
gemma-2-2b,44,freq,freq,fr,en,soft,"Le contraire de ""soft"" est """,hard,0,0,23.25,23.375,0.125
gemma-2-2b,45,desc,desc,fr,en,wet,"Le contraire de ""wet"" est """,dry,0,0,24.125,24.25,0.125
gemma-2-2b,45,desc,val,fr,en,wet,"Le contraire de ""wet"" est """,dry,0,0,24.125,24.5,0.375
gemma-2-2b,45,desc,freq,fr,en,wet,"Le contraire de ""wet"" est """,dry,0,0,24.125,25.625,1.5
gemma-2-2b,45,val,desc,fr,en,wet,"Le contraire de ""wet"" est """,dry,0,0,24.125,25.375,1.25
gemma-2-2b,45,val,val,fr,en,wet,"Le contraire de ""wet"" est """,dry,0,0,24.125,25.75,1.625
gemma-2-2b,45,val,freq,fr,en,wet,"Le contraire de ""wet"" est """,dry,0,0,24.125,26.625,2.5
gemma-2-2b,45,freq,desc,fr,en,wet,"Le contraire de ""wet"" est """,dry,0,0,24.125,23.875,-0.25
gemma-2-2b,45,freq,val,fr,en,wet,"Le contraire de ""wet"" est """,dry,0,0,24.125,24.75,0.625
gemma-2-2b,45,freq,freq,fr,en,wet,"Le contraire de ""wet"" est """,dry,0,0,24.125,24.375,0.25
gemma-2-2b,46,desc,desc,fr,en,quiet,"Le contraire de ""quiet"" est """,noisy,0,0,23.875,24.125,0.25
gemma-2-2b,46,desc,val,fr,en,quiet,"Le contraire de ""quiet"" est """,noisy,0,0,23.875,23.25,-0.625
gemma-2-2b,46,desc,freq,fr,en,quiet,"Le contraire de ""quiet"" est """,noisy,0,0,23.875,25.375,1.5
gemma-2-2b,46,val,desc,fr,en,quiet,"Le contraire de ""quiet"" est """,noisy,0,0,23.875,23.875,0.0
gemma-2-2b,46,val,val,fr,en,quiet,"Le contraire de ""quiet"" est """,noisy,0,0,23.875,24.25,0.375
gemma-2-2b,46,val,freq,fr,en,quiet,"Le contraire de ""quiet"" est """,noisy,0,0,23.875,25.375,1.5
gemma-2-2b,46,freq,desc,fr,en,quiet,"Le contraire de ""quiet"" est """,noisy,0,0,23.875,23.5,-0.375
gemma-2-2b,46,freq,val,fr,en,quiet,"Le contraire de ""quiet"" est """,noisy,0,0,23.875,23.875,0.0
gemma-2-2b,46,freq,freq,fr,en,quiet,"Le contraire de ""quiet"" est """,noisy,0,0,23.875,24.0,0.125
gemma-2-2b,47,desc,desc,fr,en,late,"Le contraire de ""late"" est """,early,0,0,24.625,24.75,0.125
gemma-2-2b,47,desc,val,fr,en,late,"Le contraire de ""late"" est """,early,0,0,24.625,24.0,-0.625
gemma-2-2b,47,desc,freq,fr,en,late,"Le contraire de ""late"" est """,early,0,0,24.625,25.5,0.875
gemma-2-2b,47,val,desc,fr,en,late,"Le contraire de ""late"" est """,early,0,0,24.625,25.5,0.875
gemma-2-2b,47,val,val,fr,en,late,"Le contraire de ""late"" est """,early,0,0,24.625,25.625,1.0
gemma-2-2b,47,val,freq,fr,en,late,"Le contraire de ""late"" est """,early,0,0,24.625,26.375,1.75
gemma-2-2b,47,freq,desc,fr,en,late,"Le contraire de ""late"" est """,early,0,0,24.625,24.75,0.125
gemma-2-2b,47,freq,val,fr,en,late,"Le contraire de ""late"" est """,early,0,0,24.625,24.875,0.25
gemma-2-2b,47,freq,freq,fr,en,late,"Le contraire de ""late"" est """,early,0,0,24.625,24.875,0.25
gemma-2-2b,48,desc,desc,fr,en,far,"Le contraire de ""far"" est """,near,0,0,25.25,25.625,0.375
gemma-2-2b,48,desc,val,fr,en,far,"Le contraire de ""far"" est """,near,0,0,25.25,25.0,-0.25
gemma-2-2b,48,desc,freq,fr,en,far,"Le contraire de ""far"" est """,near,0,0,25.25,26.75,1.5
gemma-2-2b,48,val,desc,fr,en,far,"Le contraire de ""far"" est """,near,0,0,25.25,25.5,0.25
gemma-2-2b,48,val,val,fr,en,far,"Le contraire de ""far"" est """,near,0,0,25.25,25.625,0.375
gemma-2-2b,48,val,freq,fr,en,far,"Le contraire de ""far"" est """,near,0,0,25.25,26.625,1.375
gemma-2-2b,48,freq,desc,fr,en,far,"Le contraire de ""far"" est """,near,0,0,25.25,25.125,-0.125
gemma-2-2b,48,freq,val,fr,en,far,"Le contraire de ""far"" est """,near,0,0,25.25,24.875,-0.375
gemma-2-2b,48,freq,freq,fr,en,far,"Le contraire de ""far"" est """,near,0,0,25.25,25.25,0.0
gemma-2-2b,49,desc,desc,fr,en,shallow,"Le contraire de ""shallow"" est """,deep,0,0,25.125,25.25,0.125
gemma-2-2b,49,desc,val,fr,en,shallow,"Le contraire de ""shallow"" est """,deep,0,0,25.125,24.125,-1.0
gemma-2-2b,49,desc,freq,fr,en,shallow,"Le contraire de ""shallow"" est """,deep,0,0,25.125,26.125,1.0
gemma-2-2b,49,val,desc,fr,en,shallow,"Le contraire de ""shallow"" est """,deep,0,0,25.125,24.75,-0.375
gemma-2-2b,49,val,val,fr,en,shallow,"Le contraire de ""shallow"" est """,deep,0,0,25.125,25.375,0.25
gemma-2-2b,49,val,freq,fr,en,shallow,"Le contraire de ""shallow"" est """,deep,0,0,25.125,26.375,1.25
gemma-2-2b,49,freq,desc,fr,en,shallow,"Le contraire de ""shallow"" est """,deep,0,0,25.125,24.125,-1.0
gemma-2-2b,49,freq,val,fr,en,shallow,"Le contraire de ""shallow"" est """,deep,0,0,25.125,24.75,-0.375
gemma-2-2b,49,freq,freq,fr,en,shallow,"Le contraire de ""shallow"" est """,deep,0,0,25.125,25.125,0.0
gemma-2-2b,50,desc,desc,fr,en,young,"Le contraire de ""young"" est """,old,0,0,25.25,25.25,0.0
gemma-2-2b,50,desc,val,fr,en,young,"Le contraire de ""young"" est """,old,0,0,25.25,24.625,-0.625
gemma-2-2b,50,desc,freq,fr,en,young,"Le contraire de ""young"" est """,old,0,0,25.25,26.25,1.0
gemma-2-2b,50,val,desc,fr,en,young,"Le contraire de ""young"" est """,old,0,0,25.25,25.625,0.375
gemma-2-2b,50,val,val,fr,en,young,"Le contraire de ""young"" est """,old,0,0,25.25,25.875,0.625
gemma-2-2b,50,val,freq,fr,en,young,"Le contraire de ""young"" est """,old,0,0,25.25,26.75,1.5
gemma-2-2b,50,freq,desc,fr,en,young,"Le contraire de ""young"" est """,old,0,0,25.25,25.0,-0.25
gemma-2-2b,50,freq,val,fr,en,young,"Le contraire de ""young"" est """,old,0,0,25.25,25.25,0.0
gemma-2-2b,50,freq,freq,fr,en,young,"Le contraire de ""young"" est """,old,0,0,25.25,25.25,0.0
gemma-2-2b,51,desc,desc,fr,en,kind,"Le contraire de ""kind"" est """,unkind,1,1,23.875,23.875,0.0
gemma-2-2b,51,desc,val,fr,en,kind,"Le contraire de ""kind"" est """,unkind,1,1,23.875,23.125,-0.75
gemma-2-2b,51,desc,freq,fr,en,kind,"Le contraire de ""kind"" est """,unkind,1,2,23.875,25.25,1.375
gemma-2-2b,51,val,desc,fr,en,kind,"Le contraire de ""kind"" est """,unkind,1,1,23.875,24.125,0.25
gemma-2-2b,51,val,val,fr,en,kind,"Le contraire de ""kind"" est """,unkind,1,1,23.875,24.5,0.625
gemma-2-2b,51,val,freq,fr,en,kind,"Le contraire de ""kind"" est """,unkind,1,1,23.875,25.25,1.375
gemma-2-2b,51,freq,desc,fr,en,kind,"Le contraire de ""kind"" est """,unkind,1,1,23.875,23.125,-0.75
gemma-2-2b,51,freq,val,fr,en,kind,"Le contraire de ""kind"" est """,unkind,1,2,23.875,23.375,-0.5
gemma-2-2b,51,freq,freq,fr,en,kind,"Le contraire de ""kind"" est """,unkind,1,1,23.875,23.875,0.0
gemma-2-2b,52,desc,desc,fr,en,brave,"Le contraire de ""brave"" est """,cowardly,0,0,22.5,23.0,0.5
gemma-2-2b,52,desc,val,fr,en,brave,"Le contraire de ""brave"" est """,cowardly,0,0,22.5,20.75,-1.75
gemma-2-2b,52,desc,freq,fr,en,brave,"Le contraire de ""brave"" est """,cowardly,0,0,22.5,24.125,1.625
gemma-2-2b,52,val,desc,fr,en,brave,"Le contraire de ""brave"" est """,cowardly,0,0,22.5,22.625,0.125
gemma-2-2b,52,val,val,fr,en,brave,"Le contraire de ""brave"" est """,cowardly,0,0,22.5,23.0,0.5
gemma-2-2b,52,val,freq,fr,en,brave,"Le contraire de ""brave"" est """,cowardly,0,0,22.5,24.375,1.875
gemma-2-2b,52,freq,desc,fr,en,brave,"Le contraire de ""brave"" est """,cowardly,0,0,22.5,21.875,-0.625
gemma-2-2b,52,freq,val,fr,en,brave,"Le contraire de ""brave"" est """,cowardly,0,0,22.5,21.25,-1.25
gemma-2-2b,52,freq,freq,fr,en,brave,"Le contraire de ""brave"" est """,cowardly,0,0,22.5,22.5,0.0
gemma-2-2b,53,desc,desc,fr,en,wise,"Le contraire de ""wise"" est """,foolish,0,0,23.875,23.875,0.0
gemma-2-2b,53,desc,val,fr,en,wise,"Le contraire de ""wise"" est """,foolish,0,0,23.875,24.125,0.25
gemma-2-2b,53,desc,freq,fr,en,wise,"Le contraire de ""wise"" est """,foolish,0,0,23.875,25.5,1.625
gemma-2-2b,53,val,desc,fr,en,wise,"Le contraire de ""wise"" est """,foolish,0,0,23.875,24.75,0.875
gemma-2-2b,53,val,val,fr,en,wise,"Le contraire de ""wise"" est """,foolish,0,0,23.875,25.125,1.25
gemma-2-2b,53,val,freq,fr,en,wise,"Le contraire de ""wise"" est """,foolish,0,0,23.875,26.0,2.125
gemma-2-2b,53,freq,desc,fr,en,wise,"Le contraire de ""wise"" est """,foolish,0,0,23.875,23.5,-0.375
gemma-2-2b,53,freq,val,fr,en,wise,"Le contraire de ""wise"" est """,foolish,0,0,23.875,24.5,0.625
gemma-2-2b,53,freq,freq,fr,en,wise,"Le contraire de ""wise"" est """,foolish,0,0,23.875,24.125,0.25
gemma-2-2b,54,desc,desc,fr,en,polite,"Le contraire de ""polite"" est """,rude,0,0,24.875,25.125,0.25
gemma-2-2b,54,desc,val,fr,en,polite,"Le contraire de ""polite"" est """,rude,0,0,24.875,24.0,-0.875
gemma-2-2b,54,desc,freq,fr,en,polite,"Le contraire de ""polite"" est """,rude,0,0,24.875,26.25,1.375
gemma-2-2b,54,val,desc,fr,en,polite,"Le contraire de ""polite"" est """,rude,0,0,24.875,24.75,-0.125
gemma-2-2b,54,val,val,fr,en,polite,"Le contraire de ""polite"" est """,rude,0,0,24.875,25.25,0.375
gemma-2-2b,54,val,freq,fr,en,polite,"Le contraire de ""polite"" est """,rude,0,0,24.875,26.125,1.25
gemma-2-2b,54,freq,desc,fr,en,polite,"Le contraire de ""polite"" est """,rude,0,0,24.875,24.375,-0.5
gemma-2-2b,54,freq,val,fr,en,polite,"Le contraire de ""polite"" est """,rude,0,0,24.875,24.25,-0.625
gemma-2-2b,54,freq,freq,fr,en,polite,"Le contraire de ""polite"" est """,rude,0,0,24.875,24.875,0.0
gemma-2-2b,55,desc,desc,fr,en,patient,"Le contraire de ""patient"" est """,impatient,0,0,21.75,22.25,0.5
gemma-2-2b,55,desc,val,fr,en,patient,"Le contraire de ""patient"" est """,impatient,0,0,21.75,20.75,-1.0
gemma-2-2b,55,desc,freq,fr,en,patient,"Le contraire de ""patient"" est """,impatient,0,0,21.75,23.125,1.375
gemma-2-2b,55,val,desc,fr,en,patient,"Le contraire de ""patient"" est """,impatient,0,2,21.75,21.75,0.0
gemma-2-2b,55,val,val,fr,en,patient,"Le contraire de ""patient"" est """,impatient,0,0,21.75,22.0,0.25
gemma-2-2b,55,val,freq,fr,en,patient,"Le contraire de ""patient"" est """,impatient,0,2,21.75,23.125,1.375
gemma-2-2b,55,freq,desc,fr,en,patient,"Le contraire de ""patient"" est """,impatient,0,1,21.75,21.5,-0.25
gemma-2-2b,55,freq,val,fr,en,patient,"Le contraire de ""patient"" est """,impatient,0,0,21.75,21.25,-0.5
gemma-2-2b,55,freq,freq,fr,en,patient,"Le contraire de ""patient"" est """,impatient,0,0,21.75,21.75,0.0
gemma-2-2b,56,desc,desc,fr,en,honest,"Le contraire de ""honest"" est """,dishonest,0,0,24.5,24.875,0.375
gemma-2-2b,56,desc,val,fr,en,honest,"Le contraire de ""honest"" est """,dishonest,0,0,24.5,24.75,0.25
gemma-2-2b,56,desc,freq,fr,en,honest,"Le contraire de ""honest"" est """,dishonest,0,0,24.5,26.0,1.5
gemma-2-2b,56,val,desc,fr,en,honest,"Le contraire de ""honest"" est """,dishonest,0,0,24.5,24.75,0.25
gemma-2-2b,56,val,val,fr,en,honest,"Le contraire de ""honest"" est """,dishonest,0,0,24.5,24.875,0.375
gemma-2-2b,56,val,freq,fr,en,honest,"Le contraire de ""honest"" est """,dishonest,0,0,24.5,25.875,1.375
gemma-2-2b,56,freq,desc,fr,en,honest,"Le contraire de ""honest"" est """,dishonest,0,0,24.5,24.25,-0.25
gemma-2-2b,56,freq,val,fr,en,honest,"Le contraire de ""honest"" est """,dishonest,0,0,24.5,24.75,0.25
gemma-2-2b,56,freq,freq,fr,en,honest,"Le contraire de ""honest"" est """,dishonest,0,0,24.5,24.5,0.0
gemma-2-2b,57,desc,desc,fr,en,safe,"Le contraire de ""safe"" est """,unsafe,1,0,25.125,25.375,0.25
gemma-2-2b,57,desc,val,fr,en,safe,"Le contraire de ""safe"" est """,unsafe,1,0,25.125,24.75,-0.375
gemma-2-2b,57,desc,freq,fr,en,safe,"Le contraire de ""safe"" est """,unsafe,1,1,25.125,26.5,1.375
gemma-2-2b,57,val,desc,fr,en,safe,"Le contraire de ""safe"" est """,unsafe,1,0,25.125,25.125,0.0
gemma-2-2b,57,val,val,fr,en,safe,"Le contraire de ""safe"" est """,unsafe,1,0,25.125,25.375,0.25
gemma-2-2b,57,val,freq,fr,en,safe,"Le contraire de ""safe"" est """,unsafe,1,1,25.125,26.125,1.0
gemma-2-2b,57,freq,desc,fr,en,safe,"Le contraire de ""safe"" est """,unsafe,1,0,25.125,24.5,-0.625
gemma-2-2b,57,freq,val,fr,en,safe,"Le contraire de ""safe"" est """,unsafe,1,0,25.125,25.25,0.125
gemma-2-2b,57,freq,freq,fr,en,safe,"Le contraire de ""safe"" est """,unsafe,1,0,25.125,25.25,0.125
gemma-2-2b,58,desc,desc,fr,en,active,"Le contraire de ""active"" est """,inactive,2,2,21.375,21.5,0.125
gemma-2-2b,58,desc,val,fr,en,active,"Le contraire de ""active"" est """,inactive,2,1,21.375,21.625,0.25
gemma-2-2b,58,desc,freq,fr,en,active,"Le contraire de ""active"" est """,inactive,2,2,21.375,22.625,1.25
gemma-2-2b,58,val,desc,fr,en,active,"Le contraire de ""active"" est """,inactive,2,2,21.375,22.125,0.75
gemma-2-2b,58,val,val,fr,en,active,"Le contraire de ""active"" est """,inactive,2,2,21.375,22.375,1.0
gemma-2-2b,58,val,freq,fr,en,active,"Le contraire de ""active"" est """,inactive,2,2,21.375,23.75,2.375
gemma-2-2b,58,freq,desc,fr,en,active,"Le contraire de ""active"" est """,inactive,2,2,21.375,20.875,-0.5
gemma-2-2b,58,freq,val,fr,en,active,"Le contraire de ""active"" est """,inactive,2,1,21.375,22.5,1.125
gemma-2-2b,58,freq,freq,fr,en,active,"Le contraire de ""active"" est """,inactive,2,2,21.375,21.375,0.0
gemma-2-2b,59,desc,desc,fr,en,straight,"Le contraire de ""straight"" est """,bent,1,1,21.0,21.5,0.5
gemma-2-2b,59,desc,val,fr,en,straight,"Le contraire de ""straight"" est """,bent,1,3,21.0,17.875,-3.125
gemma-2-2b,59,desc,freq,fr,en,straight,"Le contraire de ""straight"" est """,bent,1,1,21.0,23.5,2.5
gemma-2-2b,59,val,desc,fr,en,straight,"Le contraire de ""straight"" est """,bent,1,1,21.0,21.625,0.625
gemma-2-2b,59,val,val,fr,en,straight,"Le contraire de ""straight"" est """,bent,1,2,21.0,22.0,1.0
gemma-2-2b,59,val,freq,fr,en,straight,"Le contraire de ""straight"" est """,bent,1,1,21.0,24.125,3.125
gemma-2-2b,59,freq,desc,fr,en,straight,"Le contraire de ""straight"" est """,bent,1,1,21.0,20.25,-0.75
gemma-2-2b,59,freq,val,fr,en,straight,"Le contraire de ""straight"" est """,bent,1,2,21.0,18.75,-2.25
gemma-2-2b,59,freq,freq,fr,en,straight,"Le contraire de ""straight"" est """,bent,1,1,21.0,21.125,0.125
gemma-2-2b,60,desc,desc,fr,en,whole,"Le contraire de ""whole"" est """,part,0,0,23.125,23.125,0.0
gemma-2-2b,60,desc,val,fr,en,whole,"Le contraire de ""whole"" est """,part,0,1,23.125,20.75,-2.375
gemma-2-2b,60,desc,freq,fr,en,whole,"Le contraire de ""whole"" est """,part,0,1,23.125,24.125,1.0
gemma-2-2b,60,val,desc,fr,en,whole,"Le contraire de ""whole"" est """,part,0,0,23.125,24.125,1.0
gemma-2-2b,60,val,val,fr,en,whole,"Le contraire de ""whole"" est """,part,0,0,23.125,24.125,1.0
gemma-2-2b,60,val,freq,fr,en,whole,"Le contraire de ""whole"" est """,part,0,0,23.125,25.375,2.25
gemma-2-2b,60,freq,desc,fr,en,whole,"Le contraire de ""whole"" est """,part,0,1,23.125,23.25,0.125
gemma-2-2b,60,freq,val,fr,en,whole,"Le contraire de ""whole"" est """,part,0,0,23.125,22.625,-0.5
gemma-2-2b,60,freq,freq,fr,en,whole,"Le contraire de ""whole"" est """,part,0,0,23.125,23.375,0.25
gemma-2-2b,61,desc,desc,fr,en,calm,"Le contraire de ""calm"" est """,agitated,0,0,23.5,23.75,0.25
gemma-2-2b,61,desc,val,fr,en,calm,"Le contraire de ""calm"" est """,agitated,0,1,23.5,21.625,-1.875
gemma-2-2b,61,desc,freq,fr,en,calm,"Le contraire de ""calm"" est """,agitated,0,1,23.5,24.75,1.25
gemma-2-2b,61,val,desc,fr,en,calm,"Le contraire de ""calm"" est """,agitated,0,0,23.5,23.625,0.125
gemma-2-2b,61,val,val,fr,en,calm,"Le contraire de ""calm"" est """,agitated,0,0,23.5,23.875,0.375
gemma-2-2b,61,val,freq,fr,en,calm,"Le contraire de ""calm"" est """,agitated,0,1,23.5,24.75,1.25
gemma-2-2b,61,freq,desc,fr,en,calm,"Le contraire de ""calm"" est """,agitated,0,0,23.5,23.125,-0.375
gemma-2-2b,61,freq,val,fr,en,calm,"Le contraire de ""calm"" est """,agitated,0,1,23.5,22.0,-1.5
gemma-2-2b,61,freq,freq,fr,en,calm,"Le contraire de ""calm"" est """,agitated,0,0,23.5,23.5,0.0
gemma-2-2b,62,desc,desc,fr,en,correct,"Le contraire de ""correct"" est """,incorrect,0,0,25.25,25.5,0.25
gemma-2-2b,62,desc,val,fr,en,correct,"Le contraire de ""correct"" est """,incorrect,0,0,25.25,25.375,0.125
gemma-2-2b,62,desc,freq,fr,en,correct,"Le contraire de ""correct"" est """,incorrect,0,0,25.25,26.625,1.375
gemma-2-2b,62,val,desc,fr,en,correct,"Le contraire de ""correct"" est """,incorrect,0,0,25.25,25.5,0.25
gemma-2-2b,62,val,val,fr,en,correct,"Le contraire de ""correct"" est """,incorrect,0,0,25.25,25.625,0.375
gemma-2-2b,62,val,freq,fr,en,correct,"Le contraire de ""correct"" est """,incorrect,0,0,25.25,26.375,1.125
gemma-2-2b,62,freq,desc,fr,en,correct,"Le contraire de ""correct"" est """,incorrect,0,0,25.25,25.125,-0.125
gemma-2-2b,62,freq,val,fr,en,correct,"Le contraire de ""correct"" est """,incorrect,0,0,25.25,25.375,0.125
gemma-2-2b,62,freq,freq,fr,en,correct,"Le contraire de ""correct"" est """,incorrect,0,0,25.25,25.375,0.125
gemma-2-2b,63,desc,desc,fr,en,complex,"Le contraire de ""complex"" est """,simple,0,0,23.125,23.25,0.125
gemma-2-2b,63,desc,val,fr,en,complex,"Le contraire de ""complex"" est """,simple,0,0,23.125,23.5,0.375
gemma-2-2b,63,desc,freq,fr,en,complex,"Le contraire de ""complex"" est """,simple,0,0,23.125,24.125,1.0
gemma-2-2b,63,val,desc,fr,en,complex,"Le contraire de ""complex"" est """,simple,0,0,23.125,23.5,0.375
gemma-2-2b,63,val,val,fr,en,complex,"Le contraire de ""complex"" est """,simple,0,0,23.125,23.875,0.75
gemma-2-2b,63,val,freq,fr,en,complex,"Le contraire de ""complex"" est """,simple,0,0,23.125,25.0,1.875
gemma-2-2b,63,freq,desc,fr,en,complex,"Le contraire de ""complex"" est """,simple,0,0,23.125,22.625,-0.5
gemma-2-2b,63,freq,val,fr,en,complex,"Le contraire de ""complex"" est """,simple,0,0,23.125,24.125,1.0
gemma-2-2b,63,freq,freq,fr,en,complex,"Le contraire de ""complex"" est """,simple,0,0,23.125,23.125,0.0
gemma-2-2b,64,desc,desc,fr,en,effective,"Le contraire de ""effective"" est """,ineffective,0,0,26.375,26.5,0.125
gemma-2-2b,64,desc,val,fr,en,effective,"Le contraire de ""effective"" est """,ineffective,0,0,26.375,26.625,0.25
gemma-2-2b,64,desc,freq,fr,en,effective,"Le contraire de ""effective"" est """,ineffective,0,0,26.375,27.625,1.25
gemma-2-2b,64,val,desc,fr,en,effective,"Le contraire de ""effective"" est """,ineffective,0,0,26.375,27.125,0.75
gemma-2-2b,64,val,val,fr,en,effective,"Le contraire de ""effective"" est """,ineffective,0,0,26.375,27.125,0.75
gemma-2-2b,64,val,freq,fr,en,effective,"Le contraire de ""effective"" est """,ineffective,0,0,26.375,27.625,1.25
gemma-2-2b,64,freq,desc,fr,en,effective,"Le contraire de ""effective"" est """,ineffective,0,0,26.375,26.125,-0.25
gemma-2-2b,64,freq,val,fr,en,effective,"Le contraire de ""effective"" est """,ineffective,0,0,26.375,26.625,0.25
gemma-2-2b,64,freq,freq,fr,en,effective,"Le contraire de ""effective"" est """,ineffective,0,0,26.375,26.375,0.0
gemma-2-2b,65,desc,desc,fr,en,famous,"Le contraire de ""famous"" est """,unknown,1,1,24.625,24.75,0.125
gemma-2-2b,65,desc,val,fr,en,famous,"Le contraire de ""famous"" est """,unknown,1,0,24.625,23.875,-0.75
gemma-2-2b,65,desc,freq,fr,en,famous,"Le contraire de ""famous"" est """,unknown,1,1,24.625,25.875,1.25
gemma-2-2b,65,val,desc,fr,en,famous,"Le contraire de ""famous"" est """,unknown,1,0,24.625,24.625,0.0
gemma-2-2b,65,val,val,fr,en,famous,"Le contraire de ""famous"" est """,unknown,1,0,24.625,25.125,0.5
gemma-2-2b,65,val,freq,fr,en,famous,"Le contraire de ""famous"" est """,unknown,1,0,24.625,26.0,1.375
gemma-2-2b,65,freq,desc,fr,en,famous,"Le contraire de ""famous"" est """,unknown,1,1,24.625,24.0,-0.625
gemma-2-2b,65,freq,val,fr,en,famous,"Le contraire de ""famous"" est """,unknown,1,0,24.625,24.375,-0.25
gemma-2-2b,65,freq,freq,fr,en,famous,"Le contraire de ""famous"" est """,unknown,1,1,24.625,24.75,0.125
gemma-2-2b,66,desc,desc,fr,en,generous,"Le contraire de ""generous"" est """,stingy,0,0,25.75,26.0,0.25
gemma-2-2b,66,desc,val,fr,en,generous,"Le contraire de ""generous"" est """,stingy,0,0,25.75,25.125,-0.625
gemma-2-2b,66,desc,freq,fr,en,generous,"Le contraire de ""generous"" est """,stingy,0,0,25.75,27.125,1.375
gemma-2-2b,66,val,desc,fr,en,generous,"Le contraire de ""generous"" est """,stingy,0,0,25.75,25.625,-0.125
gemma-2-2b,66,val,val,fr,en,generous,"Le contraire de ""generous"" est """,stingy,0,0,25.75,26.0,0.25
gemma-2-2b,66,val,freq,fr,en,generous,"Le contraire de ""generous"" est """,stingy,0,0,25.75,26.75,1.0
gemma-2-2b,66,freq,desc,fr,en,generous,"Le contraire de ""generous"" est """,stingy,0,0,25.75,25.375,-0.375
gemma-2-2b,66,freq,val,fr,en,generous,"Le contraire de ""generous"" est """,stingy,0,0,25.75,25.25,-0.5
gemma-2-2b,66,freq,freq,fr,en,generous,"Le contraire de ""generous"" est """,stingy,0,0,25.75,25.75,0.0
gemma-2-2b,67,desc,desc,fr,en,content,"Le contraire de ""content"" est """,unhappy,1,1,21.75,22.0,0.25
gemma-2-2b,67,desc,val,fr,en,content,"Le contraire de ""content"" est """,unhappy,1,0,21.75,22.5,0.75
gemma-2-2b,67,desc,freq,fr,en,content,"Le contraire de ""content"" est """,unhappy,1,0,21.75,23.5,1.75
gemma-2-2b,67,val,desc,fr,en,content,"Le contraire de ""content"" est """,unhappy,1,0,21.75,22.625,0.875
gemma-2-2b,67,val,val,fr,en,content,"Le contraire de ""content"" est """,unhappy,1,0,21.75,23.125,1.375
gemma-2-2b,67,val,freq,fr,en,content,"Le contraire de ""content"" est """,unhappy,1,0,21.75,24.25,2.5
gemma-2-2b,67,freq,desc,fr,en,content,"Le contraire de ""content"" est """,unhappy,1,1,21.75,21.125,-0.625
gemma-2-2b,67,freq,val,fr,en,content,"Le contraire de ""content"" est """,unhappy,1,0,21.75,23.125,1.375
gemma-2-2b,67,freq,freq,fr,en,content,"Le contraire de ""content"" est """,unhappy,1,1,21.75,21.75,0.0
gemma-2-2b,68,desc,desc,fr,en,healthy,"Le contraire de ""healthy"" est """,unhealthy,0,0,24.5,24.75,0.25
gemma-2-2b,68,desc,val,fr,en,healthy,"Le contraire de ""healthy"" est """,unhealthy,0,0,24.5,24.75,0.25
gemma-2-2b,68,desc,freq,fr,en,healthy,"Le contraire de ""healthy"" est """,unhealthy,0,0,24.5,25.75,1.25
gemma-2-2b,68,val,desc,fr,en,healthy,"Le contraire de ""healthy"" est """,unhealthy,0,0,24.5,25.0,0.5
gemma-2-2b,68,val,val,fr,en,healthy,"Le contraire de ""healthy"" est """,unhealthy,0,0,24.5,25.25,0.75
gemma-2-2b,68,val,freq,fr,en,healthy,"Le contraire de ""healthy"" est """,unhealthy,0,0,24.5,26.0,1.5
gemma-2-2b,68,freq,desc,fr,en,healthy,"Le contraire de ""healthy"" est """,unhealthy,0,0,24.5,24.125,-0.375
gemma-2-2b,68,freq,val,fr,en,healthy,"Le contraire de ""healthy"" est """,unhealthy,0,0,24.5,25.125,0.625
gemma-2-2b,68,freq,freq,fr,en,healthy,"Le contraire de ""healthy"" est """,unhealthy,0,0,24.5,24.5,0.0
gemma-2-2b,69,desc,desc,fr,en,high,"Le contraire de ""high"" est """,low,0,0,25.375,25.5,0.125
gemma-2-2b,69,desc,val,fr,en,high,"Le contraire de ""high"" est """,low,0,0,25.375,25.625,0.25
gemma-2-2b,69,desc,freq,fr,en,high,"Le contraire de ""high"" est """,low,0,0,25.375,26.375,1.0
gemma-2-2b,69,val,desc,fr,en,high,"Le contraire de ""high"" est """,low,0,0,25.375,26.625,1.25
gemma-2-2b,69,val,val,fr,en,high,"Le contraire de ""high"" est """,low,0,0,25.375,26.75,1.375
gemma-2-2b,69,val,freq,fr,en,high,"Le contraire de ""high"" est """,low,0,0,25.375,27.25,1.875
gemma-2-2b,69,freq,desc,fr,en,high,"Le contraire de ""high"" est """,low,0,0,25.375,25.375,0.0
gemma-2-2b,69,freq,val,fr,en,high,"Le contraire de ""high"" est """,low,0,0,25.375,26.25,0.875
gemma-2-2b,69,freq,freq,fr,en,high,"Le contraire de ""high"" est """,low,0,0,25.375,25.625,0.25
gemma-2-2b,70,desc,desc,fr,en,important,"Le contraire de ""important"" est """,unimportant,41,46,17.0,17.125,0.125
gemma-2-2b,70,desc,val,fr,en,important,"Le contraire de ""important"" est """,unimportant,41,28,17.0,16.25,-0.75
gemma-2-2b,70,desc,freq,fr,en,important,"Le contraire de ""important"" est """,unimportant,41,50,17.0,18.75,1.75
gemma-2-2b,70,val,desc,fr,en,important,"Le contraire de ""important"" est """,unimportant,41,36,17.0,17.75,0.75
gemma-2-2b,70,val,val,fr,en,important,"Le contraire de ""important"" est """,unimportant,41,38,17.0,17.875,0.875
gemma-2-2b,70,val,freq,fr,en,important,"Le contraire de ""important"" est """,unimportant,41,37,17.0,19.75,2.75
gemma-2-2b,70,freq,desc,fr,en,important,"Le contraire de ""important"" est """,unimportant,41,45,17.0,16.625,-0.375
gemma-2-2b,70,freq,val,fr,en,important,"Le contraire de ""important"" est """,unimportant,41,23,17.0,17.0,0.0
gemma-2-2b,70,freq,freq,fr,en,important,"Le contraire de ""important"" est """,unimportant,41,48,17.0,16.875,-0.125
gemma-2-2b,71,desc,desc,fr,en,innocent,"Le contraire de ""innocent"" est """,guilty,0,0,19.25,19.75,0.5
gemma-2-2b,71,desc,val,fr,en,innocent,"Le contraire de ""innocent"" est """,guilty,0,0,19.25,20.375,1.125
gemma-2-2b,71,desc,freq,fr,en,innocent,"Le contraire de ""innocent"" est """,guilty,0,0,19.25,22.5,3.25
gemma-2-2b,71,val,desc,fr,en,innocent,"Le contraire de ""innocent"" est """,guilty,0,0,19.25,20.0,0.75
gemma-2-2b,71,val,val,fr,en,innocent,"Le contraire de ""innocent"" est """,guilty,0,0,19.25,20.125,0.875
gemma-2-2b,71,val,freq,fr,en,innocent,"Le contraire de ""innocent"" est """,guilty,0,0,19.25,22.75,3.5
gemma-2-2b,71,freq,desc,fr,en,innocent,"Le contraire de ""innocent"" est """,guilty,0,1,19.25,19.0,-0.25
gemma-2-2b,71,freq,val,fr,en,innocent,"Le contraire de ""innocent"" est """,guilty,0,0,19.25,20.375,1.125
gemma-2-2b,71,freq,freq,fr,en,innocent,"Le contraire de ""innocent"" est """,guilty,0,0,19.25,19.25,0.0
gemma-2-2b,72,desc,desc,fr,en,known,"Le contraire de ""known"" est """,unknown,0,0,25.75,25.875,0.125
gemma-2-2b,72,desc,val,fr,en,known,"Le contraire de ""known"" est """,unknown,0,0,25.75,25.875,0.125
gemma-2-2b,72,desc,freq,fr,en,known,"Le contraire de ""known"" est """,unknown,0,0,25.75,26.875,1.125
gemma-2-2b,72,val,desc,fr,en,known,"Le contraire de ""known"" est """,unknown,0,0,25.75,26.375,0.625
gemma-2-2b,72,val,val,fr,en,known,"Le contraire de ""known"" est """,unknown,0,0,25.75,26.75,1.0
gemma-2-2b,72,val,freq,fr,en,known,"Le contraire de ""known"" est """,unknown,0,0,25.75,27.25,1.5
gemma-2-2b,72,freq,desc,fr,en,known,"Le contraire de ""known"" est """,unknown,0,0,25.75,25.375,-0.375
gemma-2-2b,72,freq,val,fr,en,known,"Le contraire de ""known"" est """,unknown,0,0,25.75,26.25,0.5
gemma-2-2b,72,freq,freq,fr,en,known,"Le contraire de ""known"" est """,unknown,0,0,25.75,26.0,0.25
gemma-2-2b,73,desc,desc,fr,en,male,"Le contraire de ""male"" est """,female,0,0,24.375,24.75,0.375
gemma-2-2b,73,desc,val,fr,en,male,"Le contraire de ""male"" est """,female,0,0,24.375,23.75,-0.625
gemma-2-2b,73,desc,freq,fr,en,male,"Le contraire de ""male"" est """,female,0,0,24.375,25.625,1.25
gemma-2-2b,73,val,desc,fr,en,male,"Le contraire de ""male"" est """,female,0,0,24.375,25.125,0.75
gemma-2-2b,73,val,val,fr,en,male,"Le contraire de ""male"" est """,female,0,0,24.375,25.375,1.0
gemma-2-2b,73,val,freq,fr,en,male,"Le contraire de ""male"" est """,female,0,0,24.375,26.25,1.875
gemma-2-2b,73,freq,desc,fr,en,male,"Le contraire de ""male"" est """,female,0,0,24.375,24.0,-0.375
gemma-2-2b,73,freq,val,fr,en,male,"Le contraire de ""male"" est """,female,0,0,24.375,24.25,-0.125
gemma-2-2b,73,freq,freq,fr,en,male,"Le contraire de ""male"" est """,female,0,0,24.375,24.5,0.125
gemma-2-2b,74,desc,desc,fr,en,normal,"Le contraire de ""normal"" est """,abnormal,1,1,21.5,21.75,0.25
gemma-2-2b,74,desc,val,fr,en,normal,"Le contraire de ""normal"" est """,abnormal,1,0,21.5,21.5,0.0
gemma-2-2b,74,desc,freq,fr,en,normal,"Le contraire de ""normal"" est """,abnormal,1,2,21.5,22.875,1.375
gemma-2-2b,74,val,desc,fr,en,normal,"Le contraire de ""normal"" est """,abnormal,1,1,21.5,21.875,0.375
gemma-2-2b,74,val,val,fr,en,normal,"Le contraire de ""normal"" est """,abnormal,1,1,21.5,22.0,0.5
gemma-2-2b,74,val,freq,fr,en,normal,"Le contraire de ""normal"" est """,abnormal,1,1,21.5,23.125,1.625
gemma-2-2b,74,freq,desc,fr,en,normal,"Le contraire de ""normal"" est """,abnormal,1,2,21.5,21.25,-0.25
gemma-2-2b,74,freq,val,fr,en,normal,"Le contraire de ""normal"" est """,abnormal,1,1,21.5,21.5,0.0
gemma-2-2b,74,freq,freq,fr,en,normal,"Le contraire de ""normal"" est """,abnormal,1,1,21.5,21.5,0.0
gemma-2-2b,75,desc,desc,fr,en,possible,"Le contraire de ""possible"" est """,impossible,0,0,20.25,20.25,0.0
gemma-2-2b,75,desc,val,fr,en,possible,"Le contraire de ""possible"" est """,impossible,0,0,20.25,22.375,2.125
gemma-2-2b,75,desc,freq,fr,en,possible,"Le contraire de ""possible"" est """,impossible,0,0,20.25,22.5,2.25
gemma-2-2b,75,val,desc,fr,en,possible,"Le contraire de ""possible"" est """,impossible,0,0,20.25,22.5,2.25
gemma-2-2b,75,val,val,fr,en,possible,"Le contraire de ""possible"" est """,impossible,0,0,20.25,23.0,2.75
gemma-2-2b,75,val,freq,fr,en,possible,"Le contraire de ""possible"" est """,impossible,0,0,20.25,24.125,3.875
gemma-2-2b,75,freq,desc,fr,en,possible,"Le contraire de ""possible"" est """,impossible,0,0,20.25,20.125,-0.125
gemma-2-2b,75,freq,val,fr,en,possible,"Le contraire de ""possible"" est """,impossible,0,0,20.25,23.0,2.75
gemma-2-2b,75,freq,freq,fr,en,possible,"Le contraire de ""possible"" est """,impossible,0,0,20.25,21.0,0.75
gemma-2-2b,76,desc,desc,fr,en,private,"Le contraire de ""private"" est """,public,0,0,25.125,25.25,0.125
gemma-2-2b,76,desc,val,fr,en,private,"Le contraire de ""private"" est """,public,0,0,25.125,24.625,-0.5
gemma-2-2b,76,desc,freq,fr,en,private,"Le contraire de ""private"" est """,public,0,0,25.125,26.0,0.875
gemma-2-2b,76,val,desc,fr,en,private,"Le contraire de ""private"" est """,public,0,0,25.125,25.75,0.625
gemma-2-2b,76,val,val,fr,en,private,"Le contraire de ""private"" est """,public,0,0,25.125,26.0,0.875
gemma-2-2b,76,val,freq,fr,en,private,"Le contraire de ""private"" est """,public,0,0,25.125,26.625,1.5
gemma-2-2b,76,freq,desc,fr,en,private,"Le contraire de ""private"" est """,public,0,0,25.125,24.875,-0.25
gemma-2-2b,76,freq,val,fr,en,private,"Le contraire de ""private"" est """,public,0,0,25.125,25.25,0.125
gemma-2-2b,76,freq,freq,fr,en,private,"Le contraire de ""private"" est """,public,0,0,25.125,25.125,0.0
gemma-2-2b,77,desc,desc,fr,en,right,"Le contraire de ""right"" est """,wrong,1,1,22.625,22.75,0.125
gemma-2-2b,77,desc,val,fr,en,right,"Le contraire de ""right"" est """,wrong,1,1,22.625,23.75,1.125
gemma-2-2b,77,desc,freq,fr,en,right,"Le contraire de ""right"" est """,wrong,1,1,22.625,24.0,1.375
gemma-2-2b,77,val,desc,fr,en,right,"Le contraire de ""right"" est """,wrong,1,1,22.625,25.125,2.5
gemma-2-2b,77,val,val,fr,en,right,"Le contraire de ""right"" est """,wrong,1,1,22.625,25.25,2.625
gemma-2-2b,77,val,freq,fr,en,right,"Le contraire de ""right"" est """,wrong,1,1,22.625,26.0,3.375
gemma-2-2b,77,freq,desc,fr,en,right,"Le contraire de ""right"" est """,wrong,1,1,22.625,22.875,0.25
gemma-2-2b,77,freq,val,fr,en,right,"Le contraire de ""right"" est """,wrong,1,1,22.625,24.375,1.75
gemma-2-2b,77,freq,freq,fr,en,right,"Le contraire de ""right"" est """,wrong,1,1,22.625,23.125,0.5
gemma-2-2b,78,desc,desc,fr,en,simple,"Le contraire de ""simple"" est """,complex,0,0,22.125,22.625,0.5
gemma-2-2b,78,desc,val,fr,en,simple,"Le contraire de ""simple"" est """,complex,0,0,22.125,20.125,-2.0
gemma-2-2b,78,desc,freq,fr,en,simple,"Le contraire de ""simple"" est """,complex,0,0,22.125,23.5,1.375
gemma-2-2b,78,val,desc,fr,en,simple,"Le contraire de ""simple"" est """,complex,0,0,22.125,22.375,0.25
gemma-2-2b,78,val,val,fr,en,simple,"Le contraire de ""simple"" est """,complex,0,0,22.125,22.25,0.125
gemma-2-2b,78,val,freq,fr,en,simple,"Le contraire de ""simple"" est """,complex,0,0,22.125,23.5,1.375
gemma-2-2b,78,freq,desc,fr,en,simple,"Le contraire de ""simple"" est """,complex,0,0,22.125,22.25,0.125
gemma-2-2b,78,freq,val,fr,en,simple,"Le contraire de ""simple"" est """,complex,0,0,22.125,21.0,-1.125
gemma-2-2b,78,freq,freq,fr,en,simple,"Le contraire de ""simple"" est """,complex,0,0,22.125,22.0,-0.125
gemma-2-2b,79,desc,desc,fr,en,sweet,"Le contraire de ""sweet"" est """,sour,0,0,23.375,23.5,0.125
gemma-2-2b,79,desc,val,fr,en,sweet,"Le contraire de ""sweet"" est """,sour,0,0,23.375,22.875,-0.5
gemma-2-2b,79,desc,freq,fr,en,sweet,"Le contraire de ""sweet"" est """,sour,0,0,23.375,25.125,1.75
gemma-2-2b,79,val,desc,fr,en,sweet,"Le contraire de ""sweet"" est """,sour,0,0,23.375,23.25,-0.125
gemma-2-2b,79,val,val,fr,en,sweet,"Le contraire de ""sweet"" est """,sour,0,0,23.375,23.75,0.375
gemma-2-2b,79,val,freq,fr,en,sweet,"Le contraire de ""sweet"" est """,sour,0,0,23.375,25.125,1.75
gemma-2-2b,79,freq,desc,fr,en,sweet,"Le contraire de ""sweet"" est """,sour,0,0,23.375,22.625,-0.75
gemma-2-2b,79,freq,val,fr,en,sweet,"Le contraire de ""sweet"" est """,sour,0,0,23.375,23.5,0.125
gemma-2-2b,79,freq,freq,fr,en,sweet,"Le contraire de ""sweet"" est """,sour,0,0,23.375,23.5,0.125
gemma-2-2b,80,desc,desc,fr,en,visible,"Le contraire de ""visible"" est """,invisible,0,0,21.875,22.125,0.25
gemma-2-2b,80,desc,val,fr,en,visible,"Le contraire de ""visible"" est """,invisible,0,0,21.875,23.0,1.125
gemma-2-2b,80,desc,freq,fr,en,visible,"Le contraire de ""visible"" est """,invisible,0,0,21.875,24.125,2.25
gemma-2-2b,80,val,desc,fr,en,visible,"Le contraire de ""visible"" est """,invisible,0,0,21.875,22.625,0.75
gemma-2-2b,80,val,val,fr,en,visible,"Le contraire de ""visible"" est """,invisible,0,0,21.875,23.25,1.375
gemma-2-2b,80,val,freq,fr,en,visible,"Le contraire de ""visible"" est """,invisible,0,0,21.875,24.875,3.0
gemma-2-2b,80,freq,desc,fr,en,visible,"Le contraire de ""visible"" est """,invisible,0,0,21.875,21.375,-0.5
gemma-2-2b,80,freq,val,fr,en,visible,"Le contraire de ""visible"" est """,invisible,0,0,21.875,23.125,1.25
gemma-2-2b,80,freq,freq,fr,en,visible,"Le contraire de ""visible"" est """,invisible,0,0,21.875,22.25,0.375
gemma-2-2b,81,desc,desc,fr,en,warm,"Le contraire de ""warm"" est """,cold,0,0,24.375,24.5,0.125
gemma-2-2b,81,desc,val,fr,en,warm,"Le contraire de ""warm"" est """,cold,0,0,24.375,24.0,-0.375
gemma-2-2b,81,desc,freq,fr,en,warm,"Le contraire de ""warm"" est """,cold,0,0,24.375,25.875,1.5
gemma-2-2b,81,val,desc,fr,en,warm,"Le contraire de ""warm"" est """,cold,0,0,24.375,25.5,1.125
gemma-2-2b,81,val,val,fr,en,warm,"Le contraire de ""warm"" est """,cold,0,0,24.375,25.75,1.375
gemma-2-2b,81,val,freq,fr,en,warm,"Le contraire de ""warm"" est """,cold,0,0,24.375,26.625,2.25
gemma-2-2b,81,freq,desc,fr,en,warm,"Le contraire de ""warm"" est """,cold,0,0,24.375,24.125,-0.25
gemma-2-2b,81,freq,val,fr,en,warm,"Le contraire de ""warm"" est """,cold,0,0,24.375,24.5,0.125
gemma-2-2b,81,freq,freq,fr,en,warm,"Le contraire de ""warm"" est """,cold,0,0,24.375,24.5,0.125
gemma-2-2b,82,desc,desc,fr,en,smooth,"Le contraire de ""smooth"" est """,rough,0,0,24.75,25.0,0.25
gemma-2-2b,82,desc,val,fr,en,smooth,"Le contraire de ""smooth"" est """,rough,0,0,24.75,23.125,-1.625
gemma-2-2b,82,desc,freq,fr,en,smooth,"Le contraire de ""smooth"" est """,rough,0,0,24.75,26.125,1.375
gemma-2-2b,82,val,desc,fr,en,smooth,"Le contraire de ""smooth"" est """,rough,0,0,24.75,24.75,0.0
gemma-2-2b,82,val,val,fr,en,smooth,"Le contraire de ""smooth"" est """,rough,0,0,24.75,25.125,0.375
gemma-2-2b,82,val,freq,fr,en,smooth,"Le contraire de ""smooth"" est """,rough,0,0,24.75,25.875,1.125
gemma-2-2b,82,freq,desc,fr,en,smooth,"Le contraire de ""smooth"" est """,rough,0,0,24.75,24.125,-0.625
gemma-2-2b,82,freq,val,fr,en,smooth,"Le contraire de ""smooth"" est """,rough,0,0,24.75,23.5,-1.25
gemma-2-2b,82,freq,freq,fr,en,smooth,"Le contraire de ""smooth"" est """,rough,0,0,24.75,24.75,0.0
gemma-2-2b,83,desc,desc,fr,en,thin,"Le contraire de ""thin"" est """,fat,0,0,24.75,25.125,0.375
gemma-2-2b,83,desc,val,fr,en,thin,"Le contraire de ""thin"" est """,fat,0,0,24.75,23.875,-0.875
gemma-2-2b,83,desc,freq,fr,en,thin,"Le contraire de ""thin"" est """,fat,0,0,24.75,26.5,1.75
gemma-2-2b,83,val,desc,fr,en,thin,"Le contraire de ""thin"" est """,fat,0,0,24.75,24.875,0.125
gemma-2-2b,83,val,val,fr,en,thin,"Le contraire de ""thin"" est """,fat,0,0,24.75,25.25,0.5
gemma-2-2b,83,val,freq,fr,en,thin,"Le contraire de ""thin"" est """,fat,0,0,24.75,26.125,1.375
gemma-2-2b,83,freq,desc,fr,en,thin,"Le contraire de ""thin"" est """,fat,0,0,24.75,24.25,-0.5
gemma-2-2b,83,freq,val,fr,en,thin,"Le contraire de ""thin"" est """,fat,0,0,24.75,23.875,-0.875
gemma-2-2b,83,freq,freq,fr,en,thin,"Le contraire de ""thin"" est """,fat,0,0,24.75,24.875,0.125
gemma-2-2b,84,desc,desc,fr,en,tall,"Le contraire de ""tall"" est """,short,0,0,23.375,23.5,0.125
gemma-2-2b,84,desc,val,fr,en,tall,"Le contraire de ""tall"" est """,short,0,0,23.375,23.125,-0.25
gemma-2-2b,84,desc,freq,fr,en,tall,"Le contraire de ""tall"" est """,short,0,0,23.375,24.75,1.375
gemma-2-2b,84,val,desc,fr,en,tall,"Le contraire de ""tall"" est """,short,0,0,23.375,24.25,0.875
gemma-2-2b,84,val,val,fr,en,tall,"Le contraire de ""tall"" est """,short,0,0,23.375,24.125,0.75
gemma-2-2b,84,val,freq,fr,en,tall,"Le contraire de ""tall"" est """,short,0,0,23.375,25.25,1.875
gemma-2-2b,84,freq,desc,fr,en,tall,"Le contraire de ""tall"" est """,short,0,0,23.375,23.5,0.125
gemma-2-2b,84,freq,val,fr,en,tall,"Le contraire de ""tall"" est """,short,0,0,23.375,23.625,0.25
gemma-2-2b,84,freq,freq,fr,en,tall,"Le contraire de ""tall"" est """,short,0,0,23.375,23.5,0.125
gemma-2-2b,85,desc,desc,fr,en,married,"Le contraire de ""married"" est """,single,0,0,24.5,24.75,0.25
gemma-2-2b,85,desc,val,fr,en,married,"Le contraire de ""married"" est """,single,0,0,24.5,22.5,-2.0
gemma-2-2b,85,desc,freq,fr,en,married,"Le contraire de ""married"" est """,single,0,0,24.5,25.625,1.125
gemma-2-2b,85,val,desc,fr,en,married,"Le contraire de ""married"" est """,single,0,0,24.5,24.5,0.0
gemma-2-2b,85,val,val,fr,en,married,"Le contraire de ""married"" est """,single,0,0,24.5,25.0,0.5
gemma-2-2b,85,val,freq,fr,en,married,"Le contraire de ""married"" est """,single,0,0,24.5,25.875,1.375
gemma-2-2b,85,freq,desc,fr,en,married,"Le contraire de ""married"" est """,single,0,0,24.5,24.125,-0.375
gemma-2-2b,85,freq,val,fr,en,married,"Le contraire de ""married"" est """,single,0,0,24.5,23.5,-1.0
gemma-2-2b,85,freq,freq,fr,en,married,"Le contraire de ""married"" est """,single,0,0,24.5,24.75,0.25
gemma-2-2b,86,desc,desc,fr,en,optimistic,"Le contraire de ""optimistic"" est """,pessimistic,0,0,21.5,21.75,0.25
gemma-2-2b,86,desc,val,fr,en,optimistic,"Le contraire de ""optimistic"" est """,pessimistic,0,0,21.5,23.75,2.25
gemma-2-2b,86,desc,freq,fr,en,optimistic,"Le contraire de ""optimistic"" est """,pessimistic,0,0,21.5,23.75,2.25
gemma-2-2b,86,val,desc,fr,en,optimistic,"Le contraire de ""optimistic"" est """,pessimistic,0,0,21.5,23.375,1.875
gemma-2-2b,86,val,val,fr,en,optimistic,"Le contraire de ""optimistic"" est """,pessimistic,0,0,21.5,23.375,1.875
gemma-2-2b,86,val,freq,fr,en,optimistic,"Le contraire de ""optimistic"" est """,pessimistic,0,0,21.5,24.625,3.125
gemma-2-2b,86,freq,desc,fr,en,optimistic,"Le contraire de ""optimistic"" est """,pessimistic,0,0,21.5,21.625,0.125
gemma-2-2b,86,freq,val,fr,en,optimistic,"Le contraire de ""optimistic"" est """,pessimistic,0,0,21.5,23.75,2.25
gemma-2-2b,86,freq,freq,fr,en,optimistic,"Le contraire de ""optimistic"" est """,pessimistic,0,0,21.5,21.875,0.375
gemma-2-2b,87,desc,desc,fr,en,permanent,"Le contraire de ""permanent"" est """,temporary,1,2,22.0,22.375,0.375
gemma-2-2b,87,desc,val,fr,en,permanent,"Le contraire de ""permanent"" est """,temporary,1,3,22.0,20.125,-1.875
gemma-2-2b,87,desc,freq,fr,en,permanent,"Le contraire de ""permanent"" est """,temporary,1,0,22.0,23.75,1.75
gemma-2-2b,87,val,desc,fr,en,permanent,"Le contraire de ""permanent"" est """,temporary,1,8,22.0,21.625,-0.375
gemma-2-2b,87,val,val,fr,en,permanent,"Le contraire de ""permanent"" est """,temporary,1,2,22.0,22.375,0.375
gemma-2-2b,87,val,freq,fr,en,permanent,"Le contraire de ""permanent"" est """,temporary,1,0,22.0,24.0,2.0
gemma-2-2b,87,freq,desc,fr,en,permanent,"Le contraire de ""permanent"" est """,temporary,1,5,22.0,21.375,-0.625
gemma-2-2b,87,freq,val,fr,en,permanent,"Le contraire de ""permanent"" est """,temporary,1,3,22.0,21.125,-0.875
gemma-2-2b,87,freq,freq,fr,en,permanent,"Le contraire de ""permanent"" est """,temporary,1,3,22.0,21.875,-0.125
gemma-2-2b,88,desc,desc,fr,en,present,"Le contraire de ""present"" est """,absent,0,0,25.5,25.625,0.125
gemma-2-2b,88,desc,val,fr,en,present,"Le contraire de ""present"" est """,absent,0,0,25.5,24.375,-1.125
gemma-2-2b,88,desc,freq,fr,en,present,"Le contraire de ""present"" est """,absent,0,0,25.5,26.5,1.0
gemma-2-2b,88,val,desc,fr,en,present,"Le contraire de ""present"" est """,absent,0,0,25.5,25.625,0.125
gemma-2-2b,88,val,val,fr,en,present,"Le contraire de ""present"" est """,absent,0,0,25.5,26.0,0.5
gemma-2-2b,88,val,freq,fr,en,present,"Le contraire de ""present"" est """,absent,0,0,25.5,26.5,1.0
gemma-2-2b,88,freq,desc,fr,en,present,"Le contraire de ""present"" est """,absent,0,0,25.5,25.125,-0.375
gemma-2-2b,88,freq,val,fr,en,present,"Le contraire de ""present"" est """,absent,0,0,25.5,24.5,-1.0
gemma-2-2b,88,freq,freq,fr,en,present,"Le contraire de ""present"" est """,absent,0,0,25.5,25.5,0.0
gemma-2-2b,89,desc,desc,fr,en,public,"Le contraire de ""public"" est """,private,0,0,21.875,22.125,0.25
gemma-2-2b,89,desc,val,fr,en,public,"Le contraire de ""public"" est """,private,0,0,21.875,22.0,0.125
gemma-2-2b,89,desc,freq,fr,en,public,"Le contraire de ""public"" est """,private,0,0,21.875,23.625,1.75
gemma-2-2b,89,val,desc,fr,en,public,"Le contraire de ""public"" est """,private,0,0,21.875,23.25,1.375
gemma-2-2b,89,val,val,fr,en,public,"Le contraire de ""public"" est """,private,0,0,21.875,23.25,1.375
gemma-2-2b,89,val,freq,fr,en,public,"Le contraire de ""public"" est """,private,0,0,21.875,24.75,2.875
gemma-2-2b,89,freq,desc,fr,en,public,"Le contraire de ""public"" est """,private,0,0,21.875,22.0,0.125
gemma-2-2b,89,freq,val,fr,en,public,"Le contraire de ""public"" est """,private,0,0,21.875,22.75,0.875
gemma-2-2b,89,freq,freq,fr,en,public,"Le contraire de ""public"" est """,private,0,0,21.875,22.0,0.125
gemma-2-2b,90,desc,desc,fr,en,real,"Le contraire de ""real"" est """,fake,0,0,25.125,25.25,0.125
gemma-2-2b,90,desc,val,fr,en,real,"Le contraire de ""real"" est """,fake,0,1,25.125,23.5,-1.625
gemma-2-2b,90,desc,freq,fr,en,real,"Le contraire de ""real"" est """,fake,0,0,25.125,26.625,1.5
gemma-2-2b,90,val,desc,fr,en,real,"Le contraire de ""real"" est """,fake,0,0,25.125,25.25,0.125
gemma-2-2b,90,val,val,fr,en,real,"Le contraire de ""real"" est """,fake,0,0,25.125,25.5,0.375
gemma-2-2b,90,val,freq,fr,en,real,"Le contraire de ""real"" est """,fake,0,0,25.125,26.375,1.25
gemma-2-2b,90,freq,desc,fr,en,real,"Le contraire de ""real"" est """,fake,0,0,25.125,24.625,-0.5
gemma-2-2b,90,freq,val,fr,en,real,"Le contraire de ""real"" est """,fake,0,0,25.125,23.875,-1.25
gemma-2-2b,90,freq,freq,fr,en,real,"Le contraire de ""real"" est """,fake,0,0,25.125,25.125,0.0
gemma-2-2b,91,desc,desc,fr,en,responsible,"Le contraire de ""responsible"" est """,irresponsible,0,0,27.25,27.25,0.0
gemma-2-2b,91,desc,val,fr,en,responsible,"Le contraire de ""responsible"" est """,irresponsible,0,0,27.25,27.0,-0.25
gemma-2-2b,91,desc,freq,fr,en,responsible,"Le contraire de ""responsible"" est """,irresponsible,0,0,27.25,27.75,0.5
gemma-2-2b,91,val,desc,fr,en,responsible,"Le contraire de ""responsible"" est """,irresponsible,0,0,27.25,27.25,0.0
gemma-2-2b,91,val,val,fr,en,responsible,"Le contraire de ""responsible"" est """,irresponsible,0,0,27.25,27.5,0.25
gemma-2-2b,91,val,freq,fr,en,responsible,"Le contraire de ""responsible"" est """,irresponsible,0,0,27.25,27.875,0.625
gemma-2-2b,91,freq,desc,fr,en,responsible,"Le contraire de ""responsible"" est """,irresponsible,0,0,27.25,26.75,-0.5
gemma-2-2b,91,freq,val,fr,en,responsible,"Le contraire de ""responsible"" est """,irresponsible,0,0,27.25,27.125,-0.125
gemma-2-2b,91,freq,freq,fr,en,responsible,"Le contraire de ""responsible"" est """,irresponsible,0,0,27.25,27.25,0.0
gemma-2-2b,92,desc,desc,fr,en,single,"Le contraire de ""single"" est """,married,2,2,22.25,22.625,0.375
gemma-2-2b,92,desc,val,fr,en,single,"Le contraire de ""single"" est """,married,2,1,22.25,20.375,-1.875
gemma-2-2b,92,desc,freq,fr,en,single,"Le contraire de ""single"" est """,married,2,1,22.25,24.125,1.875
gemma-2-2b,92,val,desc,fr,en,single,"Le contraire de ""single"" est """,married,2,1,22.25,22.75,0.5
gemma-2-2b,92,val,val,fr,en,single,"Le contraire de ""single"" est """,married,2,1,22.25,22.75,0.5
gemma-2-2b,92,val,freq,fr,en,single,"Le contraire de ""single"" est """,married,2,1,22.25,24.125,1.875
gemma-2-2b,92,freq,desc,fr,en,single,"Le contraire de ""single"" est """,married,2,2,22.25,22.125,-0.125
gemma-2-2b,92,freq,val,fr,en,single,"Le contraire de ""single"" est """,married,2,3,22.25,20.875,-1.375
gemma-2-2b,92,freq,freq,fr,en,single,"Le contraire de ""single"" est """,married,2,2,22.25,22.25,0.0
gemma-2-2b,93,desc,desc,fr,en,sour,"Le contraire de ""sour"" est """,sweet,4,3,19.25,19.75,0.5
gemma-2-2b,93,desc,val,fr,en,sour,"Le contraire de ""sour"" est """,sweet,4,6,19.25,18.25,-1.0
gemma-2-2b,93,desc,freq,fr,en,sour,"Le contraire de ""sour"" est """,sweet,4,4,19.25,21.375,2.125
gemma-2-2b,93,val,desc,fr,en,sour,"Le contraire de ""sour"" est """,sweet,4,5,19.25,19.5,0.25
gemma-2-2b,93,val,val,fr,en,sour,"Le contraire de ""sour"" est """,sweet,4,9,19.25,19.25,0.0
gemma-2-2b,93,val,freq,fr,en,sour,"Le contraire de ""sour"" est """,sweet,4,4,19.25,21.375,2.125
gemma-2-2b,93,freq,desc,fr,en,sour,"Le contraire de ""sour"" est """,sweet,4,1,19.25,19.5,0.25
gemma-2-2b,93,freq,val,fr,en,sour,"Le contraire de ""sour"" est """,sweet,4,4,19.25,18.875,-0.375
gemma-2-2b,93,freq,freq,fr,en,sour,"Le contraire de ""sour"" est """,sweet,4,5,19.25,19.25,0.0
gemma-2-2b,94,desc,desc,fr,en,useful,"Le contraire de ""useful"" est """,useless,0,0,25.625,25.875,0.25
gemma-2-2b,94,desc,val,fr,en,useful,"Le contraire de ""useful"" est """,useless,0,0,25.625,25.75,0.125
gemma-2-2b,94,desc,freq,fr,en,useful,"Le contraire de ""useful"" est """,useless,0,0,25.625,26.625,1.0
gemma-2-2b,94,val,desc,fr,en,useful,"Le contraire de ""useful"" est """,useless,0,0,25.625,26.375,0.75
gemma-2-2b,94,val,val,fr,en,useful,"Le contraire de ""useful"" est """,useless,0,0,25.625,26.375,0.75
gemma-2-2b,94,val,freq,fr,en,useful,"Le contraire de ""useful"" est """,useless,0,0,25.625,27.0,1.375
gemma-2-2b,94,freq,desc,fr,en,useful,"Le contraire de ""useful"" est """,useless,0,0,25.625,25.25,-0.375
gemma-2-2b,94,freq,val,fr,en,useful,"Le contraire de ""useful"" est """,useless,0,0,25.625,26.125,0.5
gemma-2-2b,94,freq,freq,fr,en,useful,"Le contraire de ""useful"" est """,useless,0,0,25.625,25.625,0.0
gemma-2-2b,95,desc,desc,fr,en,vertical,"Le contraire de ""vertical"" est """,horizontal,0,0,24.0,24.25,0.25
gemma-2-2b,95,desc,val,fr,en,vertical,"Le contraire de ""vertical"" est """,horizontal,0,0,24.0,23.875,-0.125
gemma-2-2b,95,desc,freq,fr,en,vertical,"Le contraire de ""vertical"" est """,horizontal,0,0,24.0,25.125,1.125
gemma-2-2b,95,val,desc,fr,en,vertical,"Le contraire de ""vertical"" est """,horizontal,0,0,24.0,24.5,0.5
gemma-2-2b,95,val,val,fr,en,vertical,"Le contraire de ""vertical"" est """,horizontal,0,0,24.0,24.5,0.5
gemma-2-2b,95,val,freq,fr,en,vertical,"Le contraire de ""vertical"" est """,horizontal,0,0,24.0,25.25,1.25
gemma-2-2b,95,freq,desc,fr,en,vertical,"Le contraire de ""vertical"" est """,horizontal,0,0,24.0,23.875,-0.125
gemma-2-2b,95,freq,val,fr,en,vertical,"Le contraire de ""vertical"" est """,horizontal,0,0,24.0,24.25,0.25
gemma-2-2b,95,freq,freq,fr,en,vertical,"Le contraire de ""vertical"" est """,horizontal,0,0,24.0,24.125,0.125
gemma-2-2b,96,desc,desc,fr,en,well,"Le contraire de ""well"" est """,poorly,3,3,21.875,22.0,0.125
gemma-2-2b,96,desc,val,fr,en,well,"Le contraire de ""well"" est """,poorly,3,4,21.875,21.375,-0.5
gemma-2-2b,96,desc,freq,fr,en,well,"Le contraire de ""well"" est """,poorly,3,3,21.875,23.5,1.625
gemma-2-2b,96,val,desc,fr,en,well,"Le contraire de ""well"" est """,poorly,3,3,21.875,24.125,2.25
gemma-2-2b,96,val,val,fr,en,well,"Le contraire de ""well"" est """,poorly,3,3,21.875,24.0,2.125
gemma-2-2b,96,val,freq,fr,en,well,"Le contraire de ""well"" est """,poorly,3,4,21.875,24.75,2.875
gemma-2-2b,96,freq,desc,fr,en,well,"Le contraire de ""well"" est """,poorly,3,3,21.875,22.625,0.75
gemma-2-2b,96,freq,val,fr,en,well,"Le contraire de ""well"" est """,poorly,3,2,21.875,22.375,0.5
gemma-2-2b,96,freq,freq,fr,en,well,"Le contraire de ""well"" est """,poorly,3,3,21.875,22.625,0.75
gemma-2-2b,97,desc,desc,fr,en,winning,"Le contraire de ""winning"" est """,losing,0,0,24.875,25.0,0.125
gemma-2-2b,97,desc,val,fr,en,winning,"Le contraire de ""winning"" est """,losing,0,0,24.875,25.125,0.25
gemma-2-2b,97,desc,freq,fr,en,winning,"Le contraire de ""winning"" est """,losing,0,0,24.875,26.25,1.375
gemma-2-2b,97,val,desc,fr,en,winning,"Le contraire de ""winning"" est """,losing,0,0,24.875,25.75,0.875
gemma-2-2b,97,val,val,fr,en,winning,"Le contraire de ""winning"" est """,losing,0,0,24.875,26.0,1.125
gemma-2-2b,97,val,freq,fr,en,winning,"Le contraire de ""winning"" est """,losing,0,0,24.875,26.625,1.75
gemma-2-2b,97,freq,desc,fr,en,winning,"Le contraire de ""winning"" est """,losing,0,0,24.875,24.5,-0.375
gemma-2-2b,97,freq,val,fr,en,winning,"Le contraire de ""winning"" est """,losing,0,0,24.875,25.25,0.375
gemma-2-2b,97,freq,freq,fr,en,winning,"Le contraire de ""winning"" est """,losing,0,0,24.875,25.0,0.125
gemma-2-2b,98,desc,desc,fr,en,unkind,"Le contraire de ""unkind"" est """,kind,0,0,23.75,23.875,0.125
gemma-2-2b,98,desc,val,fr,en,unkind,"Le contraire de ""unkind"" est """,kind,0,0,23.75,24.5,0.75
gemma-2-2b,98,desc,freq,fr,en,unkind,"Le contraire de ""unkind"" est """,kind,0,0,23.75,25.0,1.25
gemma-2-2b,98,val,desc,fr,en,unkind,"Le contraire de ""unkind"" est """,kind,0,0,23.75,24.875,1.125
gemma-2-2b,98,val,val,fr,en,unkind,"Le contraire de ""unkind"" est """,kind,0,0,23.75,25.25,1.5
gemma-2-2b,98,val,freq,fr,en,unkind,"Le contraire de ""unkind"" est """,kind,0,0,23.75,26.125,2.375
gemma-2-2b,98,freq,desc,fr,en,unkind,"Le contraire de ""unkind"" est """,kind,0,0,23.75,23.25,-0.5
gemma-2-2b,98,freq,val,fr,en,unkind,"Le contraire de ""unkind"" est """,kind,0,0,23.75,25.25,1.5
gemma-2-2b,98,freq,freq,fr,en,unkind,"Le contraire de ""unkind"" est """,kind,0,0,23.75,23.875,0.125
gemma-2-2b,99,desc,desc,fr,en,cowardly,"Le contraire de ""cowardly"" est """,brave,0,0,24.25,24.5,0.25
gemma-2-2b,99,desc,val,fr,en,cowardly,"Le contraire de ""cowardly"" est """,brave,0,0,24.25,23.25,-1.0
gemma-2-2b,99,desc,freq,fr,en,cowardly,"Le contraire de ""cowardly"" est """,brave,0,0,24.25,25.625,1.375
gemma-2-2b,99,val,desc,fr,en,cowardly,"Le contraire de ""cowardly"" est """,brave,0,0,24.25,24.125,-0.125
gemma-2-2b,99,val,val,fr,en,cowardly,"Le contraire de ""cowardly"" est """,brave,0,0,24.25,24.5,0.25
gemma-2-2b,99,val,freq,fr,en,cowardly,"Le contraire de ""cowardly"" est """,brave,0,0,24.25,25.625,1.375
gemma-2-2b,99,freq,desc,fr,en,cowardly,"Le contraire de ""cowardly"" est """,brave,0,0,24.25,23.625,-0.625
gemma-2-2b,99,freq,val,fr,en,cowardly,"Le contraire de ""cowardly"" est """,brave,0,0,24.25,23.5,-0.75
gemma-2-2b,99,freq,freq,fr,en,cowardly,"Le contraire de ""cowardly"" est """,brave,0,0,24.25,24.25,0.0
gemma-2-2b,0,desc,desc,fr,es,bueno,"Le contraire de ""bueno"" est """,malo,0,1,20.625,19.25,-1.375
gemma-2-2b,0,desc,val,fr,es,bueno,"Le contraire de ""bueno"" est """,malo,0,0,20.625,20.875,0.25
gemma-2-2b,0,desc,freq,fr,es,bueno,"Le contraire de ""bueno"" est """,malo,0,15,20.625,15.375,-5.25
gemma-2-2b,0,val,desc,fr,es,bueno,"Le contraire de ""bueno"" est """,malo,0,0,20.625,20.625,0.0
gemma-2-2b,0,val,val,fr,es,bueno,"Le contraire de ""bueno"" est """,malo,0,0,20.625,20.875,0.25
gemma-2-2b,0,val,freq,fr,es,bueno,"Le contraire de ""bueno"" est """,malo,0,13,20.625,17.0,-3.625
gemma-2-2b,0,freq,desc,fr,es,bueno,"Le contraire de ""bueno"" est """,malo,0,1,20.625,17.75,-2.875
gemma-2-2b,0,freq,val,fr,es,bueno,"Le contraire de ""bueno"" est """,malo,0,1,20.625,19.0,-1.625
gemma-2-2b,0,freq,freq,fr,es,bueno,"Le contraire de ""bueno"" est """,malo,0,1,20.625,17.75,-2.875
gemma-2-2b,1,desc,desc,fr,es,feliz,"Le contraire de ""feliz"" est """,triste,1,1,20.5,21.25,0.75
gemma-2-2b,1,desc,val,fr,es,feliz,"Le contraire de ""feliz"" est """,triste,1,0,20.5,21.375,0.875
gemma-2-2b,1,desc,freq,fr,es,feliz,"Le contraire de ""feliz"" est """,triste,1,0,20.5,19.625,-0.875
gemma-2-2b,1,val,desc,fr,es,feliz,"Le contraire de ""feliz"" est """,triste,1,1,20.5,21.625,1.125
gemma-2-2b,1,val,val,fr,es,feliz,"Le contraire de ""feliz"" est """,triste,1,1,20.5,21.875,1.375
gemma-2-2b,1,val,freq,fr,es,feliz,"Le contraire de ""feliz"" est """,triste,1,0,20.5,20.0,-0.5
gemma-2-2b,1,freq,desc,fr,es,feliz,"Le contraire de ""feliz"" est """,triste,1,7,20.5,19.5,-1.0
gemma-2-2b,1,freq,val,fr,es,feliz,"Le contraire de ""feliz"" est """,triste,1,6,20.5,19.75,-0.75
gemma-2-2b,1,freq,freq,fr,es,feliz,"Le contraire de ""feliz"" est """,triste,1,7,20.5,19.5,-1.0
gemma-2-2b,2,desc,desc,fr,es,grande,"Le contraire de ""grande"" est """,pequeño,14,14,15.6875,15.6875,0.0
gemma-2-2b,2,desc,val,fr,es,grande,"Le contraire de ""grande"" est """,pequeño,14,5,15.6875,18.0,2.3125
gemma-2-2b,2,desc,freq,fr,es,grande,"Le contraire de ""grande"" est """,pequeño,14,10,15.6875,17.0,1.3125
gemma-2-2b,2,val,desc,fr,es,grande,"Le contraire de ""grande"" est """,pequeño,14,17,15.6875,16.75,1.0625
gemma-2-2b,2,val,val,fr,es,grande,"Le contraire de ""grande"" est """,pequeño,14,18,15.6875,16.5,0.8125
gemma-2-2b,2,val,freq,fr,es,grande,"Le contraire de ""grande"" est """,pequeño,14,12,15.6875,17.375,1.6875
gemma-2-2b,2,freq,desc,fr,es,grande,"Le contraire de ""grande"" est """,pequeño,14,15,15.6875,15.5625,-0.125
gemma-2-2b,2,freq,val,fr,es,grande,"Le contraire de ""grande"" est """,pequeño,14,6,15.6875,16.875,1.1875
gemma-2-2b,2,freq,freq,fr,es,grande,"Le contraire de ""grande"" est """,pequeño,14,15,15.6875,15.5625,-0.125
gemma-2-2b,3,desc,desc,fr,es,caliente,"Le contraire de ""caliente"" est """,frío,0,0,22.0,21.75,-0.25
gemma-2-2b,3,desc,val,fr,es,caliente,"Le contraire de ""caliente"" est """,frío,0,0,22.0,22.125,0.125
gemma-2-2b,3,desc,freq,fr,es,caliente,"Le contraire de ""caliente"" est """,frío,0,1,22.0,21.5,-0.5
gemma-2-2b,3,val,desc,fr,es,caliente,"Le contraire de ""caliente"" est """,frío,0,0,22.0,22.375,0.375
gemma-2-2b,3,val,val,fr,es,caliente,"Le contraire de ""caliente"" est """,frío,0,0,22.0,21.625,-0.375
gemma-2-2b,3,val,freq,fr,es,caliente,"Le contraire de ""caliente"" est """,frío,0,0,22.0,22.625,0.625
gemma-2-2b,3,freq,desc,fr,es,caliente,"Le contraire de ""caliente"" est """,frío,0,0,22.0,20.25,-1.75
gemma-2-2b,3,freq,val,fr,es,caliente,"Le contraire de ""caliente"" est """,frío,0,0,22.0,20.875,-1.125
gemma-2-2b,3,freq,freq,fr,es,caliente,"Le contraire de ""caliente"" est """,frío,0,0,22.0,20.25,-1.75
gemma-2-2b,4,desc,desc,fr,es,rápido,"Le contraire de ""rápido"" est """,lento,3,3,18.75,18.75,0.0
gemma-2-2b,4,desc,val,fr,es,rápido,"Le contraire de ""rápido"" est """,lento,3,3,18.75,20.25,1.5
gemma-2-2b,4,desc,freq,fr,es,rápido,"Le contraire de ""rápido"" est """,lento,3,1,18.75,21.625,2.875
gemma-2-2b,4,val,desc,fr,es,rápido,"Le contraire de ""rápido"" est """,lento,3,5,18.75,19.5,0.75
gemma-2-2b,4,val,val,fr,es,rápido,"Le contraire de ""rápido"" est """,lento,3,7,18.75,18.75,0.0
gemma-2-2b,4,val,freq,fr,es,rápido,"Le contraire de ""rápido"" est """,lento,3,1,18.75,22.0,3.25
gemma-2-2b,4,freq,desc,fr,es,rápido,"Le contraire de ""rápido"" est """,lento,3,6,18.75,18.125,-0.625
gemma-2-2b,4,freq,val,fr,es,rápido,"Le contraire de ""rápido"" est """,lento,3,6,18.75,18.375,-0.375
gemma-2-2b,4,freq,freq,fr,es,rápido,"Le contraire de ""rápido"" est """,lento,3,6,18.75,18.125,-0.625
gemma-2-2b,5,desc,desc,fr,es,ligero,"Le contraire de ""ligero"" est """,pesado,1,1,22.125,22.125,0.0
gemma-2-2b,5,desc,val,fr,es,ligero,"Le contraire de ""ligero"" est """,pesado,1,1,22.125,23.0,0.875
gemma-2-2b,5,desc,freq,fr,es,ligero,"Le contraire de ""ligero"" est """,pesado,1,0,22.125,24.0,1.875
gemma-2-2b,5,val,desc,fr,es,ligero,"Le contraire de ""ligero"" est """,pesado,1,1,22.125,23.125,1.0
gemma-2-2b,5,val,val,fr,es,ligero,"Le contraire de ""ligero"" est """,pesado,1,1,22.125,22.75,0.625
gemma-2-2b,5,val,freq,fr,es,ligero,"Le contraire de ""ligero"" est """,pesado,1,0,22.125,24.75,2.625
gemma-2-2b,5,freq,desc,fr,es,ligero,"Le contraire de ""ligero"" est """,pesado,1,1,22.125,22.0,-0.125
gemma-2-2b,5,freq,val,fr,es,ligero,"Le contraire de ""ligero"" est """,pesado,1,1,22.125,22.0,-0.125
gemma-2-2b,5,freq,freq,fr,es,ligero,"Le contraire de ""ligero"" est """,pesado,1,1,22.125,22.0,-0.125
gemma-2-2b,6,desc,desc,fr,es,fácil,"Le contraire de ""fácil"" est """,difícil,1,2,20.125,19.875,-0.25
gemma-2-2b,6,desc,val,fr,es,fácil,"Le contraire de ""fácil"" est """,difícil,1,1,20.125,21.0,0.875
gemma-2-2b,6,desc,freq,fr,es,fácil,"Le contraire de ""fácil"" est """,difícil,1,2,20.125,19.25,-0.875
gemma-2-2b,6,val,desc,fr,es,fácil,"Le contraire de ""fácil"" est """,difícil,1,1,20.125,21.25,1.125
gemma-2-2b,6,val,val,fr,es,fácil,"Le contraire de ""fácil"" est """,difícil,1,2,20.125,20.375,0.25
gemma-2-2b,6,val,freq,fr,es,fácil,"Le contraire de ""fácil"" est """,difícil,1,5,20.125,19.875,-0.25
gemma-2-2b,6,freq,desc,fr,es,fácil,"Le contraire de ""fácil"" est """,difícil,1,4,20.125,19.0,-1.125
gemma-2-2b,6,freq,val,fr,es,fácil,"Le contraire de ""fácil"" est """,difícil,1,3,20.125,19.5,-0.625
gemma-2-2b,6,freq,freq,fr,es,fácil,"Le contraire de ""fácil"" est """,difícil,1,4,20.125,19.0,-1.125
gemma-2-2b,7,desc,desc,fr,es,nuevo,"Le contraire de ""nuevo"" est """,viejo,0,1,21.25,20.75,-0.5
gemma-2-2b,7,desc,val,fr,es,nuevo,"Le contraire de ""nuevo"" est """,viejo,0,1,21.25,21.875,0.625
gemma-2-2b,7,desc,freq,fr,es,nuevo,"Le contraire de ""nuevo"" est """,viejo,0,1,21.25,20.375,-0.875
gemma-2-2b,7,val,desc,fr,es,nuevo,"Le contraire de ""nuevo"" est """,viejo,0,1,21.25,21.625,0.375
gemma-2-2b,7,val,val,fr,es,nuevo,"Le contraire de ""nuevo"" est """,viejo,0,1,21.25,21.5,0.25
gemma-2-2b,7,val,freq,fr,es,nuevo,"Le contraire de ""nuevo"" est """,viejo,0,4,21.25,20.375,-0.875
gemma-2-2b,7,freq,desc,fr,es,nuevo,"Le contraire de ""nuevo"" est """,viejo,0,1,21.25,20.25,-1.0
gemma-2-2b,7,freq,val,fr,es,nuevo,"Le contraire de ""nuevo"" est """,viejo,0,2,21.25,21.125,-0.125
gemma-2-2b,7,freq,freq,fr,es,nuevo,"Le contraire de ""nuevo"" est """,viejo,0,1,21.25,20.25,-1.0
gemma-2-2b,8,desc,desc,fr,es,verdadero,"Le contraire de ""verdadero"" est """,falso,0,0,20.125,19.875,-0.25
gemma-2-2b,8,desc,val,fr,es,verdadero,"Le contraire de ""verdadero"" est """,falso,0,0,20.125,21.5,1.375
gemma-2-2b,8,desc,freq,fr,es,verdadero,"Le contraire de ""verdadero"" est """,falso,0,1,20.125,18.75,-1.375
gemma-2-2b,8,val,desc,fr,es,verdadero,"Le contraire de ""verdadero"" est """,falso,0,0,20.125,20.75,0.625
gemma-2-2b,8,val,val,fr,es,verdadero,"Le contraire de ""verdadero"" est """,falso,0,1,20.125,20.5,0.375
gemma-2-2b,8,val,freq,fr,es,verdadero,"Le contraire de ""verdadero"" est """,falso,0,1,20.125,19.25,-0.875
gemma-2-2b,8,freq,desc,fr,es,verdadero,"Le contraire de ""verdadero"" est """,falso,0,2,20.125,18.25,-1.875
gemma-2-2b,8,freq,val,fr,es,verdadero,"Le contraire de ""verdadero"" est """,falso,0,2,20.125,19.5,-0.625
gemma-2-2b,8,freq,freq,fr,es,verdadero,"Le contraire de ""verdadero"" est """,falso,0,2,20.125,18.25,-1.875
gemma-2-2b,9,desc,desc,fr,es,vivo,"Le contraire de ""vivo"" est """,muerto,15,14,16.625,16.75,0.125
gemma-2-2b,9,desc,val,fr,es,vivo,"Le contraire de ""vivo"" est """,muerto,15,12,16.625,17.5,0.875
gemma-2-2b,9,desc,freq,fr,es,vivo,"Le contraire de ""vivo"" est """,muerto,15,78,16.625,14.0625,-2.5625
gemma-2-2b,9,val,desc,fr,es,vivo,"Le contraire de ""vivo"" est """,muerto,15,14,16.625,17.375,0.75
gemma-2-2b,9,val,val,fr,es,vivo,"Le contraire de ""vivo"" est """,muerto,15,16,16.625,17.75,1.125
gemma-2-2b,9,val,freq,fr,es,vivo,"Le contraire de ""vivo"" est """,muerto,15,74,16.625,14.6875,-1.9375
gemma-2-2b,9,freq,desc,fr,es,vivo,"Le contraire de ""vivo"" est """,muerto,15,18,16.625,16.375,-0.25
gemma-2-2b,9,freq,val,fr,es,vivo,"Le contraire de ""vivo"" est """,muerto,15,18,16.625,16.75,0.125
gemma-2-2b,9,freq,freq,fr,es,vivo,"Le contraire de ""vivo"" est """,muerto,15,18,16.625,16.375,-0.25
gemma-2-2b,10,desc,desc,fr,es,lleno,"Le contraire de ""lleno"" est """,vacío,0,1,21.5,21.0,-0.5
gemma-2-2b,10,desc,val,fr,es,lleno,"Le contraire de ""lleno"" est """,vacío,0,1,21.5,21.375,-0.125
gemma-2-2b,10,desc,freq,fr,es,lleno,"Le contraire de ""lleno"" est """,vacío,0,11,21.5,19.375,-2.125
gemma-2-2b,10,val,desc,fr,es,lleno,"Le contraire de ""lleno"" est """,vacío,0,0,21.5,21.75,0.25
gemma-2-2b,10,val,val,fr,es,lleno,"Le contraire de ""lleno"" est """,vacío,0,0,21.5,21.75,0.25
gemma-2-2b,10,val,freq,fr,es,lleno,"Le contraire de ""lleno"" est """,vacío,0,19,21.5,19.875,-1.625
gemma-2-2b,10,freq,desc,fr,es,lleno,"Le contraire de ""lleno"" est """,vacío,0,1,21.5,20.25,-1.25
gemma-2-2b,10,freq,val,fr,es,lleno,"Le contraire de ""lleno"" est """,vacío,0,3,21.5,20.25,-1.25
gemma-2-2b,10,freq,freq,fr,es,lleno,"Le contraire de ""lleno"" est """,vacío,0,1,21.5,20.25,-1.25
gemma-2-2b,11,desc,desc,fr,es,brillante,"Le contraire de ""brillante"" est """,oscuro,256,256,14.5625,14.5625,0.0
gemma-2-2b,11,desc,val,fr,es,brillante,"Le contraire de ""brillante"" est """,oscuro,256,242,14.5625,14.75,0.1875
gemma-2-2b,11,desc,freq,fr,es,brillante,"Le contraire de ""brillante"" est """,oscuro,256,62,14.5625,17.0,2.4375
gemma-2-2b,11,val,desc,fr,es,brillante,"Le contraire de ""brillante"" est """,oscuro,256,220,14.5625,15.375,0.8125
gemma-2-2b,11,val,val,fr,es,brillante,"Le contraire de ""brillante"" est """,oscuro,256,285,14.5625,14.9375,0.375
gemma-2-2b,11,val,freq,fr,es,brillante,"Le contraire de ""brillante"" est """,oscuro,256,51,14.5625,17.875,3.3125
gemma-2-2b,11,freq,desc,fr,es,brillante,"Le contraire de ""brillante"" est """,oscuro,256,321,14.5625,14.3125,-0.25
gemma-2-2b,11,freq,val,fr,es,brillante,"Le contraire de ""brillante"" est """,oscuro,256,342,14.5625,14.25,-0.3125
gemma-2-2b,11,freq,freq,fr,es,brillante,"Le contraire de ""brillante"" est """,oscuro,256,321,14.5625,14.3125,-0.25
gemma-2-2b,12,desc,desc,fr,es,fuerte,"Le contraire de ""fuerte"" est """,débil,0,0,19.5,20.0,0.5
gemma-2-2b,12,desc,val,fr,es,fuerte,"Le contraire de ""fuerte"" est """,débil,0,0,19.5,19.875,0.375
gemma-2-2b,12,desc,freq,fr,es,fuerte,"Le contraire de ""fuerte"" est """,débil,0,15,19.5,17.5,-2.0
gemma-2-2b,12,val,desc,fr,es,fuerte,"Le contraire de ""fuerte"" est """,débil,0,0,19.5,20.625,1.125
gemma-2-2b,12,val,val,fr,es,fuerte,"Le contraire de ""fuerte"" est """,débil,0,0,19.5,21.0,1.5
gemma-2-2b,12,val,freq,fr,es,fuerte,"Le contraire de ""fuerte"" est """,débil,0,7,19.5,19.25,-0.25
gemma-2-2b,12,freq,desc,fr,es,fuerte,"Le contraire de ""fuerte"" est """,débil,0,0,19.5,19.75,0.25
gemma-2-2b,12,freq,val,fr,es,fuerte,"Le contraire de ""fuerte"" est """,débil,0,0,19.5,20.0,0.5
gemma-2-2b,12,freq,freq,fr,es,fuerte,"Le contraire de ""fuerte"" est """,débil,0,0,19.5,19.75,0.25
gemma-2-2b,13,desc,desc,fr,es,limpio,"Le contraire de ""limpio"" est """,sucio,0,0,21.375,21.5,0.125
gemma-2-2b,13,desc,val,fr,es,limpio,"Le contraire de ""limpio"" est """,sucio,0,0,21.375,23.125,1.75
gemma-2-2b,13,desc,freq,fr,es,limpio,"Le contraire de ""limpio"" est """,sucio,0,0,21.375,22.0,0.625
gemma-2-2b,13,val,desc,fr,es,limpio,"Le contraire de ""limpio"" est """,sucio,0,0,21.375,22.375,1.0
gemma-2-2b,13,val,val,fr,es,limpio,"Le contraire de ""limpio"" est """,sucio,0,0,21.375,22.25,0.875
gemma-2-2b,13,val,freq,fr,es,limpio,"Le contraire de ""limpio"" est """,sucio,0,0,21.375,22.375,1.0
gemma-2-2b,13,freq,desc,fr,es,limpio,"Le contraire de ""limpio"" est """,sucio,0,1,21.375,20.375,-1.0
gemma-2-2b,13,freq,val,fr,es,limpio,"Le contraire de ""limpio"" est """,sucio,0,2,21.375,20.75,-0.625
gemma-2-2b,13,freq,freq,fr,es,limpio,"Le contraire de ""limpio"" est """,sucio,0,1,21.375,20.375,-1.0
gemma-2-2b,14,desc,desc,fr,es,abierto,"Le contraire de ""abierto"" est """,cerrado,0,0,20.625,19.5,-1.125
gemma-2-2b,14,desc,val,fr,es,abierto,"Le contraire de ""abierto"" est """,cerrado,0,0,20.625,20.25,-0.375
gemma-2-2b,14,desc,freq,fr,es,abierto,"Le contraire de ""abierto"" est """,cerrado,0,5,20.625,16.875,-3.75
gemma-2-2b,14,val,desc,fr,es,abierto,"Le contraire de ""abierto"" est """,cerrado,0,0,20.625,20.75,0.125
gemma-2-2b,14,val,val,fr,es,abierto,"Le contraire de ""abierto"" est """,cerrado,0,0,20.625,20.125,-0.5
gemma-2-2b,14,val,freq,fr,es,abierto,"Le contraire de ""abierto"" est """,cerrado,0,4,20.625,18.25,-2.375
gemma-2-2b,14,freq,desc,fr,es,abierto,"Le contraire de ""abierto"" est """,cerrado,0,2,20.625,17.125,-3.5
gemma-2-2b,14,freq,val,fr,es,abierto,"Le contraire de ""abierto"" est """,cerrado,0,2,20.625,17.75,-2.875
gemma-2-2b,14,freq,freq,fr,es,abierto,"Le contraire de ""abierto"" est """,cerrado,0,2,20.625,17.125,-3.5
gemma-2-2b,15,desc,desc,fr,es,rico,"Le contraire de ""rico"" est """,pobre,21,18,20.875,21.125,0.25
gemma-2-2b,15,desc,val,fr,es,rico,"Le contraire de ""rico"" est """,pobre,21,11,20.875,21.75,0.875
gemma-2-2b,15,desc,freq,fr,es,rico,"Le contraire de ""rico"" est """,pobre,21,99,20.875,19.375,-1.5
gemma-2-2b,15,val,desc,fr,es,rico,"Le contraire de ""rico"" est """,pobre,21,26,20.875,21.625,0.75
gemma-2-2b,15,val,val,fr,es,rico,"Le contraire de ""rico"" est """,pobre,21,21,20.875,21.75,0.875
gemma-2-2b,15,val,freq,fr,es,rico,"Le contraire de ""rico"" est """,pobre,21,194,20.875,19.25,-1.625
gemma-2-2b,15,freq,desc,fr,es,rico,"Le contraire de ""rico"" est """,pobre,21,18,20.875,21.25,0.375
gemma-2-2b,15,freq,val,fr,es,rico,"Le contraire de ""rico"" est """,pobre,21,13,20.875,21.375,0.5
gemma-2-2b,15,freq,freq,fr,es,rico,"Le contraire de ""rico"" est """,pobre,21,18,20.875,21.25,0.375
gemma-2-2b,16,desc,desc,fr,es,hermoso,"Le contraire de ""hermoso"" est """,feo,0,0,21.5,21.25,-0.25
gemma-2-2b,16,desc,val,fr,es,hermoso,"Le contraire de ""hermoso"" est """,feo,0,0,21.5,21.125,-0.375
gemma-2-2b,16,desc,freq,fr,es,hermoso,"Le contraire de ""hermoso"" est """,feo,0,178,21.5,15.0,-6.5
gemma-2-2b,16,val,desc,fr,es,hermoso,"Le contraire de ""hermoso"" est """,feo,0,0,21.5,21.75,0.25
gemma-2-2b,16,val,val,fr,es,hermoso,"Le contraire de ""hermoso"" est """,feo,0,0,21.5,21.75,0.25
gemma-2-2b,16,val,freq,fr,es,hermoso,"Le contraire de ""hermoso"" est """,feo,0,126,21.5,16.25,-5.25
gemma-2-2b,16,freq,desc,fr,es,hermoso,"Le contraire de ""hermoso"" est """,feo,0,4,21.5,19.75,-1.75
gemma-2-2b,16,freq,val,fr,es,hermoso,"Le contraire de ""hermoso"" est """,feo,0,5,21.5,19.75,-1.75
gemma-2-2b,16,freq,freq,fr,es,hermoso,"Le contraire de ""hermoso"" est """,feo,0,4,21.5,19.75,-1.75
gemma-2-2b,17,desc,desc,fr,es,largo,"Le contraire de ""largo"" est """,corto,23,24,16.125,16.125,0.0
gemma-2-2b,17,desc,val,fr,es,largo,"Le contraire de ""largo"" est """,corto,23,11,16.125,17.75,1.625
gemma-2-2b,17,desc,freq,fr,es,largo,"Le contraire de ""largo"" est """,corto,23,74,16.125,15.375,-0.75
gemma-2-2b,17,val,desc,fr,es,largo,"Le contraire de ""largo"" est """,corto,23,18,16.125,17.5,1.375
gemma-2-2b,17,val,val,fr,es,largo,"Le contraire de ""largo"" est """,corto,23,18,16.125,17.5,1.375
gemma-2-2b,17,val,freq,fr,es,largo,"Le contraire de ""largo"" est """,corto,23,106,16.125,15.5,-0.625
gemma-2-2b,17,freq,desc,fr,es,largo,"Le contraire de ""largo"" est """,corto,23,34,16.125,15.5625,-0.5625
gemma-2-2b,17,freq,val,fr,es,largo,"Le contraire de ""largo"" est """,corto,23,32,16.125,16.25,0.125
gemma-2-2b,17,freq,freq,fr,es,largo,"Le contraire de ""largo"" est """,corto,23,34,16.125,15.5625,-0.5625
gemma-2-2b,18,desc,desc,fr,es,ancho,"Le contraire de ""ancho"" est """,estrecho,145,219,18.5,18.625,0.125
gemma-2-2b,18,desc,val,fr,es,ancho,"Le contraire de ""ancho"" est """,estrecho,145,66,18.5,19.875,1.375
gemma-2-2b,18,desc,freq,fr,es,ancho,"Le contraire de ""ancho"" est """,estrecho,145,854,18.5,15.375,-3.125
gemma-2-2b,18,val,desc,fr,es,ancho,"Le contraire de ""ancho"" est """,estrecho,145,127,18.5,19.5,1.0
gemma-2-2b,18,val,val,fr,es,ancho,"Le contraire de ""ancho"" est """,estrecho,145,241,18.5,19.0,0.5
gemma-2-2b,18,val,freq,fr,es,ancho,"Le contraire de ""ancho"" est """,estrecho,145,959,18.5,15.9375,-2.5625
gemma-2-2b,18,freq,desc,fr,es,ancho,"Le contraire de ""ancho"" est """,estrecho,145,189,18.5,18.75,0.25
gemma-2-2b,18,freq,val,fr,es,ancho,"Le contraire de ""ancho"" est """,estrecho,145,176,18.5,18.875,0.375
gemma-2-2b,18,freq,freq,fr,es,ancho,"Le contraire de ""ancho"" est """,estrecho,145,189,18.5,18.75,0.25
gemma-2-2b,19,desc,desc,fr,es,duro,"Le contraire de ""duro"" est """,suave,1,2,18.5,18.25,-0.25
gemma-2-2b,19,desc,val,fr,es,duro,"Le contraire de ""duro"" est """,suave,1,0,18.5,20.5,2.0
gemma-2-2b,19,desc,freq,fr,es,duro,"Le contraire de ""duro"" est """,suave,1,2,18.5,20.125,1.625
gemma-2-2b,19,val,desc,fr,es,duro,"Le contraire de ""duro"" est """,suave,1,1,18.5,19.25,0.75
gemma-2-2b,19,val,val,fr,es,duro,"Le contraire de ""duro"" est """,suave,1,2,18.5,18.75,0.25
gemma-2-2b,19,val,freq,fr,es,duro,"Le contraire de ""duro"" est """,suave,1,5,18.5,19.5,1.0
gemma-2-2b,19,freq,desc,fr,es,duro,"Le contraire de ""duro"" est """,suave,1,6,18.5,17.75,-0.75
gemma-2-2b,19,freq,val,fr,es,duro,"Le contraire de ""duro"" est """,suave,1,10,18.5,17.75,-0.75
gemma-2-2b,19,freq,freq,fr,es,duro,"Le contraire de ""duro"" est """,suave,1,6,18.5,17.75,-0.75
gemma-2-2b,20,desc,desc,fr,es,seco,"Le contraire de ""seco"" est """,mojado,0,0,21.375,21.5,0.125
gemma-2-2b,20,desc,val,fr,es,seco,"Le contraire de ""seco"" est """,mojado,0,0,21.375,21.875,0.5
gemma-2-2b,20,desc,freq,fr,es,seco,"Le contraire de ""seco"" est """,mojado,0,0,21.375,22.125,0.75
gemma-2-2b,20,val,desc,fr,es,seco,"Le contraire de ""seco"" est """,mojado,0,0,21.375,21.875,0.5
gemma-2-2b,20,val,val,fr,es,seco,"Le contraire de ""seco"" est """,mojado,0,0,21.375,22.125,0.75
gemma-2-2b,20,val,freq,fr,es,seco,"Le contraire de ""seco"" est """,mojado,0,0,21.375,22.875,1.5
gemma-2-2b,20,freq,desc,fr,es,seco,"Le contraire de ""seco"" est """,mojado,0,0,21.375,21.5,0.125
gemma-2-2b,20,freq,val,fr,es,seco,"Le contraire de ""seco"" est """,mojado,0,0,21.375,21.75,0.375
gemma-2-2b,20,freq,freq,fr,es,seco,"Le contraire de ""seco"" est """,mojado,0,0,21.375,21.5,0.125
gemma-2-2b,21,desc,desc,fr,es,ruidoso,"Le contraire de ""ruidoso"" est """,silencioso,0,0,21.5,22.25,0.75
gemma-2-2b,21,desc,val,fr,es,ruidoso,"Le contraire de ""ruidoso"" est """,silencioso,0,0,21.5,22.25,0.75
gemma-2-2b,21,desc,freq,fr,es,ruidoso,"Le contraire de ""ruidoso"" est """,silencioso,0,0,21.5,20.375,-1.125
gemma-2-2b,21,val,desc,fr,es,ruidoso,"Le contraire de ""ruidoso"" est """,silencioso,0,0,21.5,23.0,1.5
gemma-2-2b,21,val,val,fr,es,ruidoso,"Le contraire de ""ruidoso"" est """,silencioso,0,0,21.5,23.125,1.625
gemma-2-2b,21,val,freq,fr,es,ruidoso,"Le contraire de ""ruidoso"" est """,silencioso,0,0,21.5,21.25,-0.25
gemma-2-2b,21,freq,desc,fr,es,ruidoso,"Le contraire de ""ruidoso"" est """,silencioso,0,0,21.5,21.875,0.375
gemma-2-2b,21,freq,val,fr,es,ruidoso,"Le contraire de ""ruidoso"" est """,silencioso,0,0,21.5,22.125,0.625
gemma-2-2b,21,freq,freq,fr,es,ruidoso,"Le contraire de ""ruidoso"" est """,silencioso,0,0,21.5,21.875,0.375
gemma-2-2b,22,desc,desc,fr,es,temprano,"Le contraire de ""temprano"" est """,tarde,0,0,24.125,24.875,0.75
gemma-2-2b,22,desc,val,fr,es,temprano,"Le contraire de ""temprano"" est """,tarde,0,0,24.125,25.25,1.125
gemma-2-2b,22,desc,freq,fr,es,temprano,"Le contraire de ""temprano"" est """,tarde,0,0,24.125,23.5,-0.625
gemma-2-2b,22,val,desc,fr,es,temprano,"Le contraire de ""temprano"" est """,tarde,0,0,24.125,25.25,1.125
gemma-2-2b,22,val,val,fr,es,temprano,"Le contraire de ""temprano"" est """,tarde,0,0,24.125,25.375,1.25
gemma-2-2b,22,val,freq,fr,es,temprano,"Le contraire de ""temprano"" est """,tarde,0,1,24.125,24.0,-0.125
gemma-2-2b,22,freq,desc,fr,es,temprano,"Le contraire de ""temprano"" est """,tarde,0,0,24.125,24.125,0.0
gemma-2-2b,22,freq,val,fr,es,temprano,"Le contraire de ""temprano"" est """,tarde,0,0,24.125,24.375,0.25
gemma-2-2b,22,freq,freq,fr,es,temprano,"Le contraire de ""temprano"" est """,tarde,0,0,24.125,24.125,0.0
gemma-2-2b,23,desc,desc,fr,es,cerca,"Le contraire de ""cerca"" est """,lejos,332,296,17.125,17.5,0.375
gemma-2-2b,23,desc,val,fr,es,cerca,"Le contraire de ""cerca"" est """,lejos,332,274,17.125,17.75,0.625
gemma-2-2b,23,desc,freq,fr,es,cerca,"Le contraire de ""cerca"" est """,lejos,332,107,17.125,18.125,1.0
gemma-2-2b,23,val,desc,fr,es,cerca,"Le contraire de ""cerca"" est """,lejos,332,179,17.125,18.75,1.625
gemma-2-2b,23,val,val,fr,es,cerca,"Le contraire de ""cerca"" est """,lejos,332,282,17.125,18.125,1.0
gemma-2-2b,23,val,freq,fr,es,cerca,"Le contraire de ""cerca"" est """,lejos,332,74,17.125,19.5,2.375
gemma-2-2b,23,freq,desc,fr,es,cerca,"Le contraire de ""cerca"" est """,lejos,332,213,17.125,18.125,1.0
gemma-2-2b,23,freq,val,fr,es,cerca,"Le contraire de ""cerca"" est """,lejos,332,235,17.125,18.125,1.0
gemma-2-2b,23,freq,freq,fr,es,cerca,"Le contraire de ""cerca"" est """,lejos,332,213,17.125,18.125,1.0
gemma-2-2b,24,desc,desc,fr,es,profundo,"Le contraire de ""profundo"" est """,superficial,1,1,20.875,21.0,0.125
gemma-2-2b,24,desc,val,fr,es,profundo,"Le contraire de ""profundo"" est """,superficial,1,1,20.875,21.375,0.5
gemma-2-2b,24,desc,freq,fr,es,profundo,"Le contraire de ""profundo"" est """,superficial,1,3,20.875,19.875,-1.0
gemma-2-2b,24,val,desc,fr,es,profundo,"Le contraire de ""profundo"" est """,superficial,1,1,20.875,21.75,0.875
gemma-2-2b,24,val,val,fr,es,profundo,"Le contraire de ""profundo"" est """,superficial,1,1,20.875,21.375,0.5
gemma-2-2b,24,val,freq,fr,es,profundo,"Le contraire de ""profundo"" est """,superficial,1,3,20.875,20.25,-0.625
gemma-2-2b,24,freq,desc,fr,es,profundo,"Le contraire de ""profundo"" est """,superficial,1,1,20.875,20.125,-0.75
gemma-2-2b,24,freq,val,fr,es,profundo,"Le contraire de ""profundo"" est """,superficial,1,1,20.875,20.125,-0.75
gemma-2-2b,24,freq,freq,fr,es,profundo,"Le contraire de ""profundo"" est """,superficial,1,1,20.875,20.125,-0.75
gemma-2-2b,25,desc,desc,fr,es,malo,"Le contraire de ""malo"" est """,bueno,0,0,22.875,22.0,-0.875
gemma-2-2b,25,desc,val,fr,es,malo,"Le contraire de ""malo"" est """,bueno,0,0,22.875,22.625,-0.25
gemma-2-2b,25,desc,freq,fr,es,malo,"Le contraire de ""malo"" est """,bueno,0,2,22.875,19.875,-3.0
gemma-2-2b,25,val,desc,fr,es,malo,"Le contraire de ""malo"" est """,bueno,0,0,22.875,22.75,-0.125
gemma-2-2b,25,val,val,fr,es,malo,"Le contraire de ""malo"" est """,bueno,0,0,22.875,22.875,0.0
gemma-2-2b,25,val,freq,fr,es,malo,"Le contraire de ""malo"" est """,bueno,0,2,22.875,21.0,-1.875
gemma-2-2b,25,freq,desc,fr,es,malo,"Le contraire de ""malo"" est """,bueno,0,0,22.875,22.0,-0.875
gemma-2-2b,25,freq,val,fr,es,malo,"Le contraire de ""malo"" est """,bueno,0,0,22.875,22.25,-0.625
gemma-2-2b,25,freq,freq,fr,es,malo,"Le contraire de ""malo"" est """,bueno,0,0,22.875,22.0,-0.875
gemma-2-2b,26,desc,desc,fr,es,triste,"Le contraire de ""triste"" est """,feliz,82,82,14.3125,14.3125,0.0
gemma-2-2b,26,desc,val,fr,es,triste,"Le contraire de ""triste"" est """,feliz,82,20,14.3125,16.5,2.1875
gemma-2-2b,26,desc,freq,fr,es,triste,"Le contraire de ""triste"" est """,feliz,82,39,14.3125,15.375,1.0625
gemma-2-2b,26,val,desc,fr,es,triste,"Le contraire de ""triste"" est """,feliz,82,67,14.3125,15.0,0.6875
gemma-2-2b,26,val,val,fr,es,triste,"Le contraire de ""triste"" est """,feliz,82,87,14.3125,14.875,0.5625
gemma-2-2b,26,val,freq,fr,es,triste,"Le contraire de ""triste"" est """,feliz,82,72,14.3125,15.25,0.9375
gemma-2-2b,26,freq,desc,fr,es,triste,"Le contraire de ""triste"" est """,feliz,82,83,14.3125,14.25,-0.0625
gemma-2-2b,26,freq,val,fr,es,triste,"Le contraire de ""triste"" est """,feliz,82,42,14.3125,15.375,1.0625
gemma-2-2b,26,freq,freq,fr,es,triste,"Le contraire de ""triste"" est """,feliz,82,83,14.3125,14.25,-0.0625
gemma-2-2b,27,desc,desc,fr,es,pequeño,"Le contraire de ""pequeño"" est """,grande,1,1,21.75,21.375,-0.375
gemma-2-2b,27,desc,val,fr,es,pequeño,"Le contraire de ""pequeño"" est """,grande,1,1,21.75,22.625,0.875
gemma-2-2b,27,desc,freq,fr,es,pequeño,"Le contraire de ""pequeño"" est """,grande,1,0,21.75,21.125,-0.625
gemma-2-2b,27,val,desc,fr,es,pequeño,"Le contraire de ""pequeño"" est """,grande,1,1,21.75,22.375,0.625
gemma-2-2b,27,val,val,fr,es,pequeño,"Le contraire de ""pequeño"" est """,grande,1,1,21.75,21.5,-0.25
gemma-2-2b,27,val,freq,fr,es,pequeño,"Le contraire de ""pequeño"" est """,grande,1,1,21.75,21.375,-0.375
gemma-2-2b,27,freq,desc,fr,es,pequeño,"Le contraire de ""pequeño"" est """,grande,1,1,21.75,20.875,-0.875
gemma-2-2b,27,freq,val,fr,es,pequeño,"Le contraire de ""pequeño"" est """,grande,1,1,21.75,21.25,-0.5
gemma-2-2b,27,freq,freq,fr,es,pequeño,"Le contraire de ""pequeño"" est """,grande,1,1,21.75,20.875,-0.875
gemma-2-2b,28,desc,desc,fr,es,frío,"Le contraire de ""frío"" est """,caliente,0,0,21.5,21.5,0.0
gemma-2-2b,28,desc,val,fr,es,frío,"Le contraire de ""frío"" est """,caliente,0,0,21.5,22.125,0.625
gemma-2-2b,28,desc,freq,fr,es,frío,"Le contraire de ""frío"" est """,caliente,0,0,21.5,21.125,-0.375
gemma-2-2b,28,val,desc,fr,es,frío,"Le contraire de ""frío"" est """,caliente,0,0,21.5,22.25,0.75
gemma-2-2b,28,val,val,fr,es,frío,"Le contraire de ""frío"" est """,caliente,0,0,21.5,22.25,0.75
gemma-2-2b,28,val,freq,fr,es,frío,"Le contraire de ""frío"" est """,caliente,0,0,21.5,21.75,0.25
gemma-2-2b,28,freq,desc,fr,es,frío,"Le contraire de ""frío"" est """,caliente,0,0,21.5,20.75,-0.75
gemma-2-2b,28,freq,val,fr,es,frío,"Le contraire de ""frío"" est """,caliente,0,0,21.5,21.125,-0.375
gemma-2-2b,28,freq,freq,fr,es,frío,"Le contraire de ""frío"" est """,caliente,0,0,21.5,20.75,-0.75
gemma-2-2b,29,desc,desc,fr,es,lento,"Le contraire de ""lento"" est """,veloz,4,6,18.25,18.25,0.0
gemma-2-2b,29,desc,val,fr,es,lento,"Le contraire de ""lento"" est """,veloz,4,6,18.25,18.75,0.5
gemma-2-2b,29,desc,freq,fr,es,lento,"Le contraire de ""lento"" est """,veloz,4,0,18.25,17.375,-0.875
gemma-2-2b,29,val,desc,fr,es,lento,"Le contraire de ""lento"" est """,veloz,4,10,18.25,18.125,-0.125
gemma-2-2b,29,val,val,fr,es,lento,"Le contraire de ""lento"" est """,veloz,4,13,18.25,18.375,0.125
gemma-2-2b,29,val,freq,fr,es,lento,"Le contraire de ""lento"" est """,veloz,4,2,18.25,17.5,-0.75
gemma-2-2b,29,freq,desc,fr,es,lento,"Le contraire de ""lento"" est """,veloz,4,7,18.25,18.0,-0.25
gemma-2-2b,29,freq,val,fr,es,lento,"Le contraire de ""lento"" est """,veloz,4,7,18.25,18.125,-0.125
gemma-2-2b,29,freq,freq,fr,es,lento,"Le contraire de ""lento"" est """,veloz,4,7,18.25,18.0,-0.25
gemma-2-2b,30,desc,desc,fr,es,pesado,"Le contraire de ""pesado"" est """,ligero,1,10,17.75,17.0,-0.75
gemma-2-2b,30,desc,val,fr,es,pesado,"Le contraire de ""pesado"" est """,ligero,1,12,17.75,17.125,-0.625
gemma-2-2b,30,desc,freq,fr,es,pesado,"Le contraire de ""pesado"" est """,ligero,1,3,17.75,18.625,0.875
gemma-2-2b,30,val,desc,fr,es,pesado,"Le contraire de ""pesado"" est """,ligero,1,14,17.75,16.75,-1.0
gemma-2-2b,30,val,val,fr,es,pesado,"Le contraire de ""pesado"" est """,ligero,1,26,17.75,15.9375,-1.8125
gemma-2-2b,30,val,freq,fr,es,pesado,"Le contraire de ""pesado"" est """,ligero,1,5,17.75,18.875,1.125
gemma-2-2b,30,freq,desc,fr,es,pesado,"Le contraire de ""pesado"" est """,ligero,1,19,17.75,15.5625,-2.1875
gemma-2-2b,30,freq,val,fr,es,pesado,"Le contraire de ""pesado"" est """,ligero,1,24,17.75,15.5625,-2.1875
gemma-2-2b,30,freq,freq,fr,es,pesado,"Le contraire de ""pesado"" est """,ligero,1,19,17.75,15.5625,-2.1875
gemma-2-2b,31,desc,desc,fr,es,difícil,"Le contraire de ""difícil"" est """,fácil,0,0,21.625,21.125,-0.5
gemma-2-2b,31,desc,val,fr,es,difícil,"Le contraire de ""difícil"" est """,fácil,0,0,21.625,22.375,0.75
gemma-2-2b,31,desc,freq,fr,es,difícil,"Le contraire de ""difícil"" est """,fácil,0,5,21.625,19.125,-2.5
gemma-2-2b,31,val,desc,fr,es,difícil,"Le contraire de ""difícil"" est """,fácil,0,0,21.625,21.875,0.25
gemma-2-2b,31,val,val,fr,es,difícil,"Le contraire de ""difícil"" est """,fácil,0,1,21.625,21.75,0.125
gemma-2-2b,31,val,freq,fr,es,difícil,"Le contraire de ""difícil"" est """,fácil,0,3,21.625,19.875,-1.75
gemma-2-2b,31,freq,desc,fr,es,difícil,"Le contraire de ""difícil"" est """,fácil,0,1,21.625,20.0,-1.625
gemma-2-2b,31,freq,val,fr,es,difícil,"Le contraire de ""difícil"" est """,fácil,0,1,21.625,21.25,-0.375
gemma-2-2b,31,freq,freq,fr,es,difícil,"Le contraire de ""difícil"" est """,fácil,0,1,21.625,20.0,-1.625
gemma-2-2b,32,desc,desc,fr,es,viejo,"Le contraire de ""viejo"" est """,joven,0,0,22.125,21.125,-1.0
gemma-2-2b,32,desc,val,fr,es,viejo,"Le contraire de ""viejo"" est """,joven,0,0,22.125,21.875,-0.25
gemma-2-2b,32,desc,freq,fr,es,viejo,"Le contraire de ""viejo"" est """,joven,0,2,22.125,18.5,-3.625
gemma-2-2b,32,val,desc,fr,es,viejo,"Le contraire de ""viejo"" est """,joven,0,0,22.125,21.75,-0.375
gemma-2-2b,32,val,val,fr,es,viejo,"Le contraire de ""viejo"" est """,joven,0,1,22.125,21.375,-0.75
gemma-2-2b,32,val,freq,fr,es,viejo,"Le contraire de ""viejo"" est """,joven,0,1,22.125,19.875,-2.25
gemma-2-2b,32,freq,desc,fr,es,viejo,"Le contraire de ""viejo"" est """,joven,0,1,22.125,20.25,-1.875
gemma-2-2b,32,freq,val,fr,es,viejo,"Le contraire de ""viejo"" est """,joven,0,1,22.125,21.375,-0.75
gemma-2-2b,32,freq,freq,fr,es,viejo,"Le contraire de ""viejo"" est """,joven,0,1,22.125,20.25,-1.875
gemma-2-2b,33,desc,desc,fr,es,falso,"Le contraire de ""falso"" est """,verdadero,2,3,18.625,17.5,-1.125
gemma-2-2b,33,desc,val,fr,es,falso,"Le contraire de ""falso"" est """,verdadero,2,3,18.625,19.125,0.5
gemma-2-2b,33,desc,freq,fr,es,falso,"Le contraire de ""falso"" est """,verdadero,2,6,18.625,17.5,-1.125
gemma-2-2b,33,val,desc,fr,es,falso,"Le contraire de ""falso"" est """,verdadero,2,4,18.625,17.75,-0.875
gemma-2-2b,33,val,val,fr,es,falso,"Le contraire de ""falso"" est """,verdadero,2,13,18.625,16.375,-2.25
gemma-2-2b,33,val,freq,fr,es,falso,"Le contraire de ""falso"" est """,verdadero,2,8,18.625,17.25,-1.375
gemma-2-2b,33,freq,desc,fr,es,falso,"Le contraire de ""falso"" est """,verdadero,2,6,18.625,15.8125,-2.8125
gemma-2-2b,33,freq,val,fr,es,falso,"Le contraire de ""falso"" est """,verdadero,2,4,18.625,17.0,-1.625
gemma-2-2b,33,freq,freq,fr,es,falso,"Le contraire de ""falso"" est """,verdadero,2,6,18.625,15.8125,-2.8125
gemma-2-2b,34,desc,desc,fr,es,muerto,"Le contraire de ""muerto"" est """,vivo,0,0,22.375,22.25,-0.125
gemma-2-2b,34,desc,val,fr,es,muerto,"Le contraire de ""muerto"" est """,vivo,0,0,22.375,22.75,0.375
gemma-2-2b,34,desc,freq,fr,es,muerto,"Le contraire de ""muerto"" est """,vivo,0,0,22.375,21.125,-1.25
gemma-2-2b,34,val,desc,fr,es,muerto,"Le contraire de ""muerto"" est """,vivo,0,0,22.375,22.75,0.375
gemma-2-2b,34,val,val,fr,es,muerto,"Le contraire de ""muerto"" est """,vivo,0,1,22.375,22.625,0.25
gemma-2-2b,34,val,freq,fr,es,muerto,"Le contraire de ""muerto"" est """,vivo,0,0,22.375,21.5,-0.875
gemma-2-2b,34,freq,desc,fr,es,muerto,"Le contraire de ""muerto"" est """,vivo,0,1,22.375,20.375,-2.0
gemma-2-2b,34,freq,val,fr,es,muerto,"Le contraire de ""muerto"" est """,vivo,0,1,22.375,20.875,-1.5
gemma-2-2b,34,freq,freq,fr,es,muerto,"Le contraire de ""muerto"" est """,vivo,0,1,22.375,20.375,-2.0
gemma-2-2b,35,desc,desc,fr,es,vacío,"Le contraire de ""vacío"" est """,lleno,0,3,21.625,20.0,-1.625
gemma-2-2b,35,desc,val,fr,es,vacío,"Le contraire de ""vacío"" est """,lleno,0,1,21.625,20.625,-1.0
gemma-2-2b,35,desc,freq,fr,es,vacío,"Le contraire de ""vacío"" est """,lleno,0,6,21.625,19.875,-1.75
gemma-2-2b,35,val,desc,fr,es,vacío,"Le contraire de ""vacío"" est """,lleno,0,4,21.625,20.0,-1.625
gemma-2-2b,35,val,val,fr,es,vacío,"Le contraire de ""vacío"" est """,lleno,0,16,21.625,19.25,-2.375
gemma-2-2b,35,val,freq,fr,es,vacío,"Le contraire de ""vacío"" est """,lleno,0,8,21.625,20.125,-1.5
gemma-2-2b,35,freq,desc,fr,es,vacío,"Le contraire de ""vacío"" est """,lleno,0,16,21.625,18.75,-2.875
gemma-2-2b,35,freq,val,fr,es,vacío,"Le contraire de ""vacío"" est """,lleno,0,12,21.625,19.25,-2.375
gemma-2-2b,35,freq,freq,fr,es,vacío,"Le contraire de ""vacío"" est """,lleno,0,16,21.625,18.75,-2.875
gemma-2-2b,36,desc,desc,fr,es,oscuro,"Le contraire de ""oscuro"" est """,claro,0,0,21.875,21.5,-0.375
gemma-2-2b,36,desc,val,fr,es,oscuro,"Le contraire de ""oscuro"" est """,claro,0,0,21.875,22.5,0.625
gemma-2-2b,36,desc,freq,fr,es,oscuro,"Le contraire de ""oscuro"" est """,claro,0,3,21.875,19.625,-2.25
gemma-2-2b,36,val,desc,fr,es,oscuro,"Le contraire de ""oscuro"" est """,claro,0,0,21.875,22.375,0.5
gemma-2-2b,36,val,val,fr,es,oscuro,"Le contraire de ""oscuro"" est """,claro,0,0,21.875,21.625,-0.25
gemma-2-2b,36,val,freq,fr,es,oscuro,"Le contraire de ""oscuro"" est """,claro,0,4,21.875,20.25,-1.625
gemma-2-2b,36,freq,desc,fr,es,oscuro,"Le contraire de ""oscuro"" est """,claro,0,0,21.875,21.0,-0.875
gemma-2-2b,36,freq,val,fr,es,oscuro,"Le contraire de ""oscuro"" est """,claro,0,0,21.875,21.5,-0.375
gemma-2-2b,36,freq,freq,fr,es,oscuro,"Le contraire de ""oscuro"" est """,claro,0,0,21.875,21.0,-0.875
gemma-2-2b,37,desc,desc,fr,es,débil,"Le contraire de ""débil"" est """,fuerte,66,66,14.125,14.125,0.0
gemma-2-2b,37,desc,val,fr,es,débil,"Le contraire de ""débil"" est """,fuerte,66,34,14.125,15.5625,1.4375
gemma-2-2b,37,desc,freq,fr,es,débil,"Le contraire de ""débil"" est """,fuerte,66,264,14.125,12.0,-2.125
gemma-2-2b,37,val,desc,fr,es,débil,"Le contraire de ""débil"" est """,fuerte,66,71,14.125,14.5625,0.4375
gemma-2-2b,37,val,val,fr,es,débil,"Le contraire de ""débil"" est """,fuerte,66,103,14.125,14.125,0.0
gemma-2-2b,37,val,freq,fr,es,débil,"Le contraire de ""débil"" est """,fuerte,66,489,14.125,11.375,-2.75
gemma-2-2b,37,freq,desc,fr,es,débil,"Le contraire de ""débil"" est """,fuerte,66,168,14.125,12.625,-1.5
gemma-2-2b,37,freq,val,fr,es,débil,"Le contraire de ""débil"" est """,fuerte,66,149,14.125,13.0625,-1.0625
gemma-2-2b,37,freq,freq,fr,es,débil,"Le contraire de ""débil"" est """,fuerte,66,168,14.125,12.625,-1.5
gemma-2-2b,38,desc,desc,fr,es,sucio,"Le contraire de ""sucio"" est """,limpio,0,3,17.625,15.5625,-2.0625
gemma-2-2b,38,desc,val,fr,es,sucio,"Le contraire de ""sucio"" est """,limpio,0,11,17.625,15.25,-2.375
gemma-2-2b,38,desc,freq,fr,es,sucio,"Le contraire de ""sucio"" est """,limpio,0,11,17.625,14.3125,-3.3125
gemma-2-2b,38,val,desc,fr,es,sucio,"Le contraire de ""sucio"" est """,limpio,0,1,17.625,16.75,-0.875
gemma-2-2b,38,val,val,fr,es,sucio,"Le contraire de ""sucio"" est """,limpio,0,21,17.625,15.0,-2.625
gemma-2-2b,38,val,freq,fr,es,sucio,"Le contraire de ""sucio"" est """,limpio,0,8,17.625,16.0,-1.625
gemma-2-2b,38,freq,desc,fr,es,sucio,"Le contraire de ""sucio"" est """,limpio,0,25,17.625,13.875,-3.75
gemma-2-2b,38,freq,val,fr,es,sucio,"Le contraire de ""sucio"" est """,limpio,0,24,17.625,14.0625,-3.5625
gemma-2-2b,38,freq,freq,fr,es,sucio,"Le contraire de ""sucio"" est """,limpio,0,25,17.625,13.875,-3.75
gemma-2-2b,39,desc,desc,fr,es,cerrado,"Le contraire de ""cerrado"" est """,abierto,0,0,22.25,21.75,-0.5
gemma-2-2b,39,desc,val,fr,es,cerrado,"Le contraire de ""cerrado"" est """,abierto,0,0,22.25,22.375,0.125
gemma-2-2b,39,desc,freq,fr,es,cerrado,"Le contraire de ""cerrado"" est """,abierto,0,0,22.25,21.875,-0.375
gemma-2-2b,39,val,desc,fr,es,cerrado,"Le contraire de ""cerrado"" est """,abierto,0,0,22.25,22.25,0.0
gemma-2-2b,39,val,val,fr,es,cerrado,"Le contraire de ""cerrado"" est """,abierto,0,0,22.25,22.0,-0.25
gemma-2-2b,39,val,freq,fr,es,cerrado,"Le contraire de ""cerrado"" est """,abierto,0,0,22.25,22.125,-0.125
gemma-2-2b,39,freq,desc,fr,es,cerrado,"Le contraire de ""cerrado"" est """,abierto,0,1,22.25,20.75,-1.5
gemma-2-2b,39,freq,val,fr,es,cerrado,"Le contraire de ""cerrado"" est """,abierto,0,1,22.25,20.875,-1.375
gemma-2-2b,39,freq,freq,fr,es,cerrado,"Le contraire de ""cerrado"" est """,abierto,0,1,22.25,20.75,-1.5
gemma-2-2b,40,desc,desc,fr,es,pobre,"Le contraire de ""pobre"" est """,rico,27,85,14.4375,13.375,-1.0625
gemma-2-2b,40,desc,val,fr,es,pobre,"Le contraire de ""pobre"" est """,rico,27,69,14.4375,13.75,-0.6875
gemma-2-2b,40,desc,freq,fr,es,pobre,"Le contraire de ""pobre"" est """,rico,27,14,14.4375,15.5625,1.125
gemma-2-2b,40,val,desc,fr,es,pobre,"Le contraire de ""pobre"" est """,rico,27,105,14.4375,13.4375,-1.0
gemma-2-2b,40,val,val,fr,es,pobre,"Le contraire de ""pobre"" est """,rico,27,108,14.4375,12.6875,-1.75
gemma-2-2b,40,val,freq,fr,es,pobre,"Le contraire de ""pobre"" est """,rico,27,20,14.4375,15.9375,1.5
gemma-2-2b,40,freq,desc,fr,es,pobre,"Le contraire de ""pobre"" est """,rico,27,99,14.4375,12.4375,-2.0
gemma-2-2b,40,freq,val,fr,es,pobre,"Le contraire de ""pobre"" est """,rico,27,125,14.4375,12.5,-1.9375
gemma-2-2b,40,freq,freq,fr,es,pobre,"Le contraire de ""pobre"" est """,rico,27,99,14.4375,12.4375,-2.0
gemma-2-2b,41,desc,desc,fr,es,feo,"Le contraire de ""feo"" est """,bonito,3,3,21.5,21.75,0.25
gemma-2-2b,41,desc,val,fr,es,feo,"Le contraire de ""feo"" est """,bonito,3,2,21.5,22.125,0.625
gemma-2-2b,41,desc,freq,fr,es,feo,"Le contraire de ""feo"" est """,bonito,3,6,21.5,20.375,-1.125
gemma-2-2b,41,val,desc,fr,es,feo,"Le contraire de ""feo"" est """,bonito,3,2,21.5,22.125,0.625
gemma-2-2b,41,val,val,fr,es,feo,"Le contraire de ""feo"" est """,bonito,3,3,21.5,22.125,0.625
gemma-2-2b,41,val,freq,fr,es,feo,"Le contraire de ""feo"" est """,bonito,3,6,21.5,21.25,-0.25
gemma-2-2b,41,freq,desc,fr,es,feo,"Le contraire de ""feo"" est """,bonito,3,3,21.5,21.5,0.0
gemma-2-2b,41,freq,val,fr,es,feo,"Le contraire de ""feo"" est """,bonito,3,3,21.5,21.5,0.0
gemma-2-2b,41,freq,freq,fr,es,feo,"Le contraire de ""feo"" est """,bonito,3,3,21.5,21.5,0.0
gemma-2-2b,42,desc,desc,fr,es,corto,"Le contraire de ""corto"" est """,largo,1,1,21.625,21.25,-0.375
gemma-2-2b,42,desc,val,fr,es,corto,"Le contraire de ""corto"" est """,largo,1,1,21.625,21.875,0.25
gemma-2-2b,42,desc,freq,fr,es,corto,"Le contraire de ""corto"" est """,largo,1,4,21.625,19.125,-2.5
gemma-2-2b,42,val,desc,fr,es,corto,"Le contraire de ""corto"" est """,largo,1,1,21.625,21.625,0.0
gemma-2-2b,42,val,val,fr,es,corto,"Le contraire de ""corto"" est """,largo,1,1,21.625,20.875,-0.75
gemma-2-2b,42,val,freq,fr,es,corto,"Le contraire de ""corto"" est """,largo,1,5,21.625,20.25,-1.375
gemma-2-2b,42,freq,desc,fr,es,corto,"Le contraire de ""corto"" est """,largo,1,1,21.625,19.625,-2.0
gemma-2-2b,42,freq,val,fr,es,corto,"Le contraire de ""corto"" est """,largo,1,1,21.625,20.25,-1.375
gemma-2-2b,42,freq,freq,fr,es,corto,"Le contraire de ""corto"" est """,largo,1,1,21.625,19.625,-2.0
gemma-2-2b,43,desc,desc,fr,es,estrecho,"Le contraire de ""estrecho"" est """,ancho,23,122,16.375,14.75,-1.625
gemma-2-2b,43,desc,val,fr,es,estrecho,"Le contraire de ""estrecho"" est """,ancho,23,125,16.375,15.125,-1.25
gemma-2-2b,43,desc,freq,fr,es,estrecho,"Le contraire de ""estrecho"" est """,ancho,23,427,16.375,12.4375,-3.9375
gemma-2-2b,43,val,desc,fr,es,estrecho,"Le contraire de ""estrecho"" est """,ancho,23,110,16.375,15.5625,-0.8125
gemma-2-2b,43,val,val,fr,es,estrecho,"Le contraire de ""estrecho"" est """,ancho,23,98,16.375,16.0,-0.375
gemma-2-2b,43,val,freq,fr,es,estrecho,"Le contraire de ""estrecho"" est """,ancho,23,399,16.375,13.3125,-3.0625
gemma-2-2b,43,freq,desc,fr,es,estrecho,"Le contraire de ""estrecho"" est """,ancho,23,380,16.375,13.1875,-3.1875
gemma-2-2b,43,freq,val,fr,es,estrecho,"Le contraire de ""estrecho"" est """,ancho,23,353,16.375,13.625,-2.75
gemma-2-2b,43,freq,freq,fr,es,estrecho,"Le contraire de ""estrecho"" est """,ancho,23,380,16.375,13.1875,-3.1875
gemma-2-2b,44,desc,desc,fr,es,suave,"Le contraire de ""suave"" est """,duro,7,7,19.125,19.125,0.0
gemma-2-2b,44,desc,val,fr,es,suave,"Le contraire de ""suave"" est """,duro,7,4,19.125,19.75,0.625
gemma-2-2b,44,desc,freq,fr,es,suave,"Le contraire de ""suave"" est """,duro,7,6,19.125,19.5,0.375
gemma-2-2b,44,val,desc,fr,es,suave,"Le contraire de ""suave"" est """,duro,7,6,19.125,19.875,0.75
gemma-2-2b,44,val,val,fr,es,suave,"Le contraire de ""suave"" est """,duro,7,12,19.125,19.5,0.375
gemma-2-2b,44,val,freq,fr,es,suave,"Le contraire de ""suave"" est """,duro,7,9,19.125,19.875,0.75
gemma-2-2b,44,freq,desc,fr,es,suave,"Le contraire de ""suave"" est """,duro,7,12,19.125,19.0,-0.125
gemma-2-2b,44,freq,val,fr,es,suave,"Le contraire de ""suave"" est """,duro,7,10,19.125,19.125,0.0
gemma-2-2b,44,freq,freq,fr,es,suave,"Le contraire de ""suave"" est """,duro,7,12,19.125,19.0,-0.125
gemma-2-2b,45,desc,desc,fr,es,mojado,"Le contraire de ""mojado"" est """,seco,0,1,21.125,20.5,-0.625
gemma-2-2b,45,desc,val,fr,es,mojado,"Le contraire de ""mojado"" est """,seco,0,0,21.125,21.0,-0.125
gemma-2-2b,45,desc,freq,fr,es,mojado,"Le contraire de ""mojado"" est """,seco,0,8,21.125,18.25,-2.875
gemma-2-2b,45,val,desc,fr,es,mojado,"Le contraire de ""mojado"" est """,seco,0,2,21.125,20.75,-0.375
gemma-2-2b,45,val,val,fr,es,mojado,"Le contraire de ""mojado"" est """,seco,0,3,21.125,19.5,-1.625
gemma-2-2b,45,val,freq,fr,es,mojado,"Le contraire de ""mojado"" est """,seco,0,5,21.125,19.625,-1.5
gemma-2-2b,45,freq,desc,fr,es,mojado,"Le contraire de ""mojado"" est """,seco,0,2,21.125,19.125,-2.0
gemma-2-2b,45,freq,val,fr,es,mojado,"Le contraire de ""mojado"" est """,seco,0,2,21.125,19.375,-1.75
gemma-2-2b,45,freq,freq,fr,es,mojado,"Le contraire de ""mojado"" est """,seco,0,2,21.125,19.125,-2.0
gemma-2-2b,46,desc,desc,fr,es,tranquilo,"Le contraire de ""tranquilo"" est """,ruidoso,88,98,16.75,17.5,0.75
gemma-2-2b,46,desc,val,fr,es,tranquilo,"Le contraire de ""tranquilo"" est """,ruidoso,88,60,16.75,18.125,1.375
gemma-2-2b,46,desc,freq,fr,es,tranquilo,"Le contraire de ""tranquilo"" est """,ruidoso,88,110,16.75,16.75,0.0
gemma-2-2b,46,val,desc,fr,es,tranquilo,"Le contraire de ""tranquilo"" est """,ruidoso,88,96,16.75,17.875,1.125
gemma-2-2b,46,val,val,fr,es,tranquilo,"Le contraire de ""tranquilo"" est """,ruidoso,88,117,16.75,17.875,1.125
gemma-2-2b,46,val,freq,fr,es,tranquilo,"Le contraire de ""tranquilo"" est """,ruidoso,88,158,16.75,16.875,0.125
gemma-2-2b,46,freq,desc,fr,es,tranquilo,"Le contraire de ""tranquilo"" est """,ruidoso,88,137,16.75,17.0,0.25
gemma-2-2b,46,freq,val,fr,es,tranquilo,"Le contraire de ""tranquilo"" est """,ruidoso,88,147,16.75,17.125,0.375
gemma-2-2b,46,freq,freq,fr,es,tranquilo,"Le contraire de ""tranquilo"" est """,ruidoso,88,137,16.75,17.0,0.25
gemma-2-2b,47,desc,desc,fr,es,tarde,"Le contraire de ""tarde"" est """,temprano,0,0,19.5,18.875,-0.625
gemma-2-2b,47,desc,val,fr,es,tarde,"Le contraire de ""tarde"" est """,temprano,0,0,19.5,20.0,0.5
gemma-2-2b,47,desc,freq,fr,es,tarde,"Le contraire de ""tarde"" est """,temprano,0,1,19.5,19.125,-0.375
gemma-2-2b,47,val,desc,fr,es,tarde,"Le contraire de ""tarde"" est """,temprano,0,1,19.5,19.5,0.0
gemma-2-2b,47,val,val,fr,es,tarde,"Le contraire de ""tarde"" est """,temprano,0,1,19.5,19.125,-0.375
gemma-2-2b,47,val,freq,fr,es,tarde,"Le contraire de ""tarde"" est """,temprano,0,3,19.5,19.25,-0.25
gemma-2-2b,47,freq,desc,fr,es,tarde,"Le contraire de ""tarde"" est """,temprano,0,6,19.5,17.375,-2.125
gemma-2-2b,47,freq,val,fr,es,tarde,"Le contraire de ""tarde"" est """,temprano,0,5,19.5,17.75,-1.75
gemma-2-2b,47,freq,freq,fr,es,tarde,"Le contraire de ""tarde"" est """,temprano,0,6,19.5,17.375,-2.125
gemma-2-2b,48,desc,desc,fr,es,lejos,"Le contraire de ""lejos"" est """,cerca,43,262,16.125,13.4375,-2.6875
gemma-2-2b,48,desc,val,fr,es,lejos,"Le contraire de ""lejos"" est """,cerca,43,118,16.125,15.375,-0.75
gemma-2-2b,48,desc,freq,fr,es,lejos,"Le contraire de ""lejos"" est """,cerca,43,131,16.125,14.5,-1.625
gemma-2-2b,48,val,desc,fr,es,lejos,"Le contraire de ""lejos"" est """,cerca,43,384,16.125,13.1875,-2.9375
gemma-2-2b,48,val,val,fr,es,lejos,"Le contraire de ""lejos"" est """,cerca,43,531,16.125,12.5625,-3.5625
gemma-2-2b,48,val,freq,fr,es,lejos,"Le contraire de ""lejos"" est """,cerca,43,298,16.125,13.625,-2.5
gemma-2-2b,48,freq,desc,fr,es,lejos,"Le contraire de ""lejos"" est """,cerca,43,341,16.125,12.75,-3.375
gemma-2-2b,48,freq,val,fr,es,lejos,"Le contraire de ""lejos"" est """,cerca,43,255,16.125,13.6875,-2.4375
gemma-2-2b,48,freq,freq,fr,es,lejos,"Le contraire de ""lejos"" est """,cerca,43,341,16.125,12.75,-3.375
gemma-2-2b,49,desc,desc,fr,es,superficial,"Le contraire de ""superficial"" est """,profundo,0,0,24.5,24.5,0.0
gemma-2-2b,49,desc,val,fr,es,superficial,"Le contraire de ""superficial"" est """,profundo,0,0,24.5,24.875,0.375
gemma-2-2b,49,desc,freq,fr,es,superficial,"Le contraire de ""superficial"" est """,profundo,0,0,24.5,25.0,0.5
gemma-2-2b,49,val,desc,fr,es,superficial,"Le contraire de ""superficial"" est """,profundo,0,0,24.5,24.75,0.25
gemma-2-2b,49,val,val,fr,es,superficial,"Le contraire de ""superficial"" est """,profundo,0,0,24.5,24.875,0.375
gemma-2-2b,49,val,freq,fr,es,superficial,"Le contraire de ""superficial"" est """,profundo,0,0,24.5,25.0,0.5
gemma-2-2b,49,freq,desc,fr,es,superficial,"Le contraire de ""superficial"" est """,profundo,0,0,24.5,24.25,-0.25
gemma-2-2b,49,freq,val,fr,es,superficial,"Le contraire de ""superficial"" est """,profundo,0,0,24.5,24.25,-0.25
gemma-2-2b,49,freq,freq,fr,es,superficial,"Le contraire de ""superficial"" est """,profundo,0,0,24.5,24.25,-0.25
gemma-2-2b,50,desc,desc,fr,es,joven,"Le contraire de ""joven"" est """,viejo,0,0,23.875,23.625,-0.25
gemma-2-2b,50,desc,val,fr,es,joven,"Le contraire de ""joven"" est """,viejo,0,0,23.875,23.875,0.0
gemma-2-2b,50,desc,freq,fr,es,joven,"Le contraire de ""joven"" est """,viejo,0,0,23.875,22.625,-1.25
gemma-2-2b,50,val,desc,fr,es,joven,"Le contraire de ""joven"" est """,viejo,0,0,23.875,23.875,0.0
gemma-2-2b,50,val,val,fr,es,joven,"Le contraire de ""joven"" est """,viejo,0,0,23.875,24.125,0.25
gemma-2-2b,50,val,freq,fr,es,joven,"Le contraire de ""joven"" est """,viejo,0,0,23.875,22.875,-1.0
gemma-2-2b,50,freq,desc,fr,es,joven,"Le contraire de ""joven"" est """,viejo,0,0,23.875,23.625,-0.25
gemma-2-2b,50,freq,val,fr,es,joven,"Le contraire de ""joven"" est """,viejo,0,0,23.875,23.75,-0.125
gemma-2-2b,50,freq,freq,fr,es,joven,"Le contraire de ""joven"" est """,viejo,0,0,23.875,23.625,-0.25
gemma-2-2b,51,desc,desc,fr,es,amable,"Le contraire de ""amable"" est """,desagradable,38,38,18.25,18.25,0.0
gemma-2-2b,51,desc,val,fr,es,amable,"Le contraire de ""amable"" est """,desagradable,38,25,18.25,19.25,1.0
gemma-2-2b,51,desc,freq,fr,es,amable,"Le contraire de ""amable"" est """,desagradable,38,37,18.25,19.25,1.0
gemma-2-2b,51,val,desc,fr,es,amable,"Le contraire de ""amable"" est """,desagradable,38,27,18.25,19.375,1.125
gemma-2-2b,51,val,val,fr,es,amable,"Le contraire de ""amable"" est """,desagradable,38,43,18.25,18.875,0.625
gemma-2-2b,51,val,freq,fr,es,amable,"Le contraire de ""amable"" est """,desagradable,38,51,18.25,19.5,1.25
gemma-2-2b,51,freq,desc,fr,es,amable,"Le contraire de ""amable"" est """,desagradable,38,36,18.25,18.5,0.25
gemma-2-2b,51,freq,val,fr,es,amable,"Le contraire de ""amable"" est """,desagradable,38,40,18.25,18.625,0.375
gemma-2-2b,51,freq,freq,fr,es,amable,"Le contraire de ""amable"" est """,desagradable,38,36,18.25,18.5,0.25
gemma-2-2b,52,desc,desc,fr,es,valiente,"Le contraire de ""valiente"" est """,cobarde,0,0,20.5,20.625,0.125
gemma-2-2b,52,desc,val,fr,es,valiente,"Le contraire de ""valiente"" est """,cobarde,0,0,20.5,21.0,0.5
gemma-2-2b,52,desc,freq,fr,es,valiente,"Le contraire de ""valiente"" est """,cobarde,0,0,20.5,20.25,-0.25
gemma-2-2b,52,val,desc,fr,es,valiente,"Le contraire de ""valiente"" est """,cobarde,0,0,20.5,21.5,1.0
gemma-2-2b,52,val,val,fr,es,valiente,"Le contraire de ""valiente"" est """,cobarde,0,0,20.5,21.0,0.5
gemma-2-2b,52,val,freq,fr,es,valiente,"Le contraire de ""valiente"" est """,cobarde,0,0,20.5,21.375,0.875
gemma-2-2b,52,freq,desc,fr,es,valiente,"Le contraire de ""valiente"" est """,cobarde,0,0,20.5,20.75,0.25
gemma-2-2b,52,freq,val,fr,es,valiente,"Le contraire de ""valiente"" est """,cobarde,0,0,20.5,20.75,0.25
gemma-2-2b,52,freq,freq,fr,es,valiente,"Le contraire de ""valiente"" est """,cobarde,0,0,20.5,20.75,0.25
gemma-2-2b,53,desc,desc,fr,es,sabio,"Le contraire de ""sabio"" est """,tonto,15,23,17.75,17.625,-0.125
gemma-2-2b,53,desc,val,fr,es,sabio,"Le contraire de ""sabio"" est """,tonto,15,19,17.75,17.875,0.125
gemma-2-2b,53,desc,freq,fr,es,sabio,"Le contraire de ""sabio"" est """,tonto,15,162,17.75,15.5,-2.25
gemma-2-2b,53,val,desc,fr,es,sabio,"Le contraire de ""sabio"" est """,tonto,15,26,17.75,18.125,0.375
gemma-2-2b,53,val,val,fr,es,sabio,"Le contraire de ""sabio"" est """,tonto,15,24,17.75,18.25,0.5
gemma-2-2b,53,val,freq,fr,es,sabio,"Le contraire de ""sabio"" est """,tonto,15,95,17.75,16.375,-1.375
gemma-2-2b,53,freq,desc,fr,es,sabio,"Le contraire de ""sabio"" est """,tonto,15,19,17.75,18.0,0.25
gemma-2-2b,53,freq,val,fr,es,sabio,"Le contraire de ""sabio"" est """,tonto,15,22,17.75,17.875,0.125
gemma-2-2b,53,freq,freq,fr,es,sabio,"Le contraire de ""sabio"" est """,tonto,15,19,17.75,18.0,0.25
gemma-2-2b,54,desc,desc,fr,es,educado,"Le contraire de ""educado"" est """,maleducado,2,2,20.0,20.375,0.375
gemma-2-2b,54,desc,val,fr,es,educado,"Le contraire de ""educado"" est """,maleducado,2,3,20.0,20.75,0.75
gemma-2-2b,54,desc,freq,fr,es,educado,"Le contraire de ""educado"" est """,maleducado,2,10,20.0,19.875,-0.125
gemma-2-2b,54,val,desc,fr,es,educado,"Le contraire de ""educado"" est """,maleducado,2,2,20.0,21.125,1.125
gemma-2-2b,54,val,val,fr,es,educado,"Le contraire de ""educado"" est """,maleducado,2,3,20.0,21.375,1.375
gemma-2-2b,54,val,freq,fr,es,educado,"Le contraire de ""educado"" est """,maleducado,2,5,20.0,21.0,1.0
gemma-2-2b,54,freq,desc,fr,es,educado,"Le contraire de ""educado"" est """,maleducado,2,2,20.0,20.0,0.0
gemma-2-2b,54,freq,val,fr,es,educado,"Le contraire de ""educado"" est """,maleducado,2,2,20.0,20.5,0.5
gemma-2-2b,54,freq,freq,fr,es,educado,"Le contraire de ""educado"" est """,maleducado,2,2,20.0,20.0,0.0
gemma-2-2b,55,desc,desc,fr,es,paciente,"Le contraire de ""paciente"" est """,impaciente,0,0,21.0,21.375,0.375
gemma-2-2b,55,desc,val,fr,es,paciente,"Le contraire de ""paciente"" est """,impaciente,0,1,21.0,21.75,0.75
gemma-2-2b,55,desc,freq,fr,es,paciente,"Le contraire de ""paciente"" est """,impaciente,0,10,21.0,19.375,-1.625
gemma-2-2b,55,val,desc,fr,es,paciente,"Le contraire de ""paciente"" est """,impaciente,0,0,21.0,22.0,1.0
gemma-2-2b,55,val,val,fr,es,paciente,"Le contraire de ""paciente"" est """,impaciente,0,0,21.0,22.25,1.25
gemma-2-2b,55,val,freq,fr,es,paciente,"Le contraire de ""paciente"" est """,impaciente,0,20,21.0,19.625,-1.375
gemma-2-2b,55,freq,desc,fr,es,paciente,"Le contraire de ""paciente"" est """,impaciente,0,0,21.0,21.5,0.5
gemma-2-2b,55,freq,val,fr,es,paciente,"Le contraire de ""paciente"" est """,impaciente,0,0,21.0,21.75,0.75
gemma-2-2b,55,freq,freq,fr,es,paciente,"Le contraire de ""paciente"" est """,impaciente,0,0,21.0,21.5,0.5
gemma-2-2b,56,desc,desc,fr,es,honesto,"Le contraire de ""honesto"" est """,deshonesto,14,15,18.75,19.125,0.375
gemma-2-2b,56,desc,val,fr,es,honesto,"Le contraire de ""honesto"" est """,deshonesto,14,7,18.75,20.125,1.375
gemma-2-2b,56,desc,freq,fr,es,honesto,"Le contraire de ""honesto"" est """,deshonesto,14,41,18.75,17.75,-1.0
gemma-2-2b,56,val,desc,fr,es,honesto,"Le contraire de ""honesto"" est """,deshonesto,14,51,18.75,18.0,-0.75
gemma-2-2b,56,val,val,fr,es,honesto,"Le contraire de ""honesto"" est """,deshonesto,14,66,18.75,18.125,-0.625
gemma-2-2b,56,val,freq,fr,es,honesto,"Le contraire de ""honesto"" est """,deshonesto,14,161,18.75,16.5,-2.25
gemma-2-2b,56,freq,desc,fr,es,honesto,"Le contraire de ""honesto"" est """,deshonesto,14,42,18.75,18.125,-0.625
gemma-2-2b,56,freq,val,fr,es,honesto,"Le contraire de ""honesto"" est """,deshonesto,14,38,18.75,18.25,-0.5
gemma-2-2b,56,freq,freq,fr,es,honesto,"Le contraire de ""honesto"" est """,deshonesto,14,42,18.75,18.125,-0.625
gemma-2-2b,57,desc,desc,fr,es,seguro,"Le contraire de ""seguro"" est """,inseguro,0,0,22.5,23.125,0.625
gemma-2-2b,57,desc,val,fr,es,seguro,"Le contraire de ""seguro"" est """,inseguro,0,0,22.5,23.125,0.625
gemma-2-2b,57,desc,freq,fr,es,seguro,"Le contraire de ""seguro"" est """,inseguro,0,0,22.5,23.0,0.5
gemma-2-2b,57,val,desc,fr,es,seguro,"Le contraire de ""seguro"" est """,inseguro,0,0,22.5,23.375,0.875
gemma-2-2b,57,val,val,fr,es,seguro,"Le contraire de ""seguro"" est """,inseguro,0,0,22.5,23.5,1.0
gemma-2-2b,57,val,freq,fr,es,seguro,"Le contraire de ""seguro"" est """,inseguro,0,0,22.5,24.125,1.625
gemma-2-2b,57,freq,desc,fr,es,seguro,"Le contraire de ""seguro"" est """,inseguro,0,0,22.5,22.75,0.25
gemma-2-2b,57,freq,val,fr,es,seguro,"Le contraire de ""seguro"" est """,inseguro,0,0,22.5,23.0,0.5
gemma-2-2b,57,freq,freq,fr,es,seguro,"Le contraire de ""seguro"" est """,inseguro,0,0,22.5,22.75,0.25
gemma-2-2b,58,desc,desc,fr,es,activo,"Le contraire de ""activo"" est """,pasivo,0,0,20.75,21.25,0.5
gemma-2-2b,58,desc,val,fr,es,activo,"Le contraire de ""activo"" est """,pasivo,0,0,20.75,21.875,1.125
gemma-2-2b,58,desc,freq,fr,es,activo,"Le contraire de ""activo"" est """,pasivo,0,0,20.75,21.875,1.125
gemma-2-2b,58,val,desc,fr,es,activo,"Le contraire de ""activo"" est """,pasivo,0,0,20.75,22.0,1.25
gemma-2-2b,58,val,val,fr,es,activo,"Le contraire de ""activo"" est """,pasivo,0,0,20.75,22.625,1.875
gemma-2-2b,58,val,freq,fr,es,activo,"Le contraire de ""activo"" est """,pasivo,0,0,20.75,22.625,1.875
gemma-2-2b,58,freq,desc,fr,es,activo,"Le contraire de ""activo"" est """,pasivo,0,0,20.75,21.125,0.375
gemma-2-2b,58,freq,val,fr,es,activo,"Le contraire de ""activo"" est """,pasivo,0,0,20.75,21.625,0.875
gemma-2-2b,58,freq,freq,fr,es,activo,"Le contraire de ""activo"" est """,pasivo,0,0,20.75,21.125,0.375
gemma-2-2b,59,desc,desc,fr,es,recto,"Le contraire de ""recto"" est """,curvo,587,574,8.1875,8.25,0.0625
gemma-2-2b,59,desc,val,fr,es,recto,"Le contraire de ""recto"" est """,curvo,587,477,8.1875,9.0625,0.875
gemma-2-2b,59,desc,freq,fr,es,recto,"Le contraire de ""recto"" est """,curvo,587,2402,8.1875,6.65625,-1.53125
gemma-2-2b,59,val,desc,fr,es,recto,"Le contraire de ""recto"" est """,curvo,587,460,8.1875,9.9375,1.75
gemma-2-2b,59,val,val,fr,es,recto,"Le contraire de ""recto"" est """,curvo,587,674,8.1875,9.0,0.8125
gemma-2-2b,59,val,freq,fr,es,recto,"Le contraire de ""recto"" est """,curvo,587,2865,8.1875,7.6875,-0.5
gemma-2-2b,59,freq,desc,fr,es,recto,"Le contraire de ""recto"" est """,curvo,587,617,8.1875,7.96875,-0.21875
gemma-2-2b,59,freq,val,fr,es,recto,"Le contraire de ""recto"" est """,curvo,587,758,8.1875,8.375,0.1875
gemma-2-2b,59,freq,freq,fr,es,recto,"Le contraire de ""recto"" est """,curvo,587,617,8.1875,7.96875,-0.21875
gemma-2-2b,60,desc,desc,fr,es,entero,"Le contraire de ""entero"" est """,parcial,31,32,18.625,18.5,-0.125
gemma-2-2b,60,desc,val,fr,es,entero,"Le contraire de ""entero"" est """,parcial,31,30,18.625,19.25,0.625
gemma-2-2b,60,desc,freq,fr,es,entero,"Le contraire de ""entero"" est """,parcial,31,187,18.625,17.0,-1.625
gemma-2-2b,60,val,desc,fr,es,entero,"Le contraire de ""entero"" est """,parcial,31,32,18.625,19.25,0.625
gemma-2-2b,60,val,val,fr,es,entero,"Le contraire de ""entero"" est """,parcial,31,33,18.625,19.5,0.875
gemma-2-2b,60,val,freq,fr,es,entero,"Le contraire de ""entero"" est """,parcial,31,133,18.625,18.125,-0.5
gemma-2-2b,60,freq,desc,fr,es,entero,"Le contraire de ""entero"" est """,parcial,31,39,18.625,18.5,-0.125
gemma-2-2b,60,freq,val,fr,es,entero,"Le contraire de ""entero"" est """,parcial,31,38,18.625,18.75,0.125
gemma-2-2b,60,freq,freq,fr,es,entero,"Le contraire de ""entero"" est """,parcial,31,39,18.625,18.5,-0.125
gemma-2-2b,61,desc,desc,fr,es,calmado,"Le contraire de ""calmado"" est """,agitado,1,1,22.125,22.25,0.125
gemma-2-2b,61,desc,val,fr,es,calmado,"Le contraire de ""calmado"" est """,agitado,1,1,22.125,22.75,0.625
gemma-2-2b,61,desc,freq,fr,es,calmado,"Le contraire de ""calmado"" est """,agitado,1,4,22.125,20.25,-1.875
gemma-2-2b,61,val,desc,fr,es,calmado,"Le contraire de ""calmado"" est """,agitado,1,1,22.125,23.125,1.0
gemma-2-2b,61,val,val,fr,es,calmado,"Le contraire de ""calmado"" est """,agitado,1,1,22.125,22.375,0.25
gemma-2-2b,61,val,freq,fr,es,calmado,"Le contraire de ""calmado"" est """,agitado,1,4,22.125,21.125,-1.0
gemma-2-2b,61,freq,desc,fr,es,calmado,"Le contraire de ""calmado"" est """,agitado,1,1,22.125,21.625,-0.5
gemma-2-2b,61,freq,val,fr,es,calmado,"Le contraire de ""calmado"" est """,agitado,1,1,22.125,21.875,-0.25
gemma-2-2b,61,freq,freq,fr,es,calmado,"Le contraire de ""calmado"" est """,agitado,1,1,22.125,21.625,-0.5
gemma-2-2b,62,desc,desc,fr,es,correcto,"Le contraire de ""correcto"" est """,incorrecto,0,0,21.5,21.875,0.375
gemma-2-2b,62,desc,val,fr,es,correcto,"Le contraire de ""correcto"" est """,incorrecto,0,0,21.5,22.5,1.0
gemma-2-2b,62,desc,freq,fr,es,correcto,"Le contraire de ""correcto"" est """,incorrecto,0,0,21.5,23.125,1.625
gemma-2-2b,62,val,desc,fr,es,correcto,"Le contraire de ""correcto"" est """,incorrecto,0,0,21.5,23.125,1.625
gemma-2-2b,62,val,val,fr,es,correcto,"Le contraire de ""correcto"" est """,incorrecto,0,0,21.5,23.125,1.625
gemma-2-2b,62,val,freq,fr,es,correcto,"Le contraire de ""correcto"" est """,incorrecto,0,0,21.5,24.25,2.75
gemma-2-2b,62,freq,desc,fr,es,correcto,"Le contraire de ""correcto"" est """,incorrecto,0,1,21.5,21.5,0.0
gemma-2-2b,62,freq,val,fr,es,correcto,"Le contraire de ""correcto"" est """,incorrecto,0,1,21.5,22.375,0.875
gemma-2-2b,62,freq,freq,fr,es,correcto,"Le contraire de ""correcto"" est """,incorrecto,0,1,21.5,21.5,0.0
gemma-2-2b,63,desc,desc,fr,es,complejo,"Le contraire de ""complejo"" est """,simple,1,1,22.75,23.125,0.375
gemma-2-2b,63,desc,val,fr,es,complejo,"Le contraire de ""complejo"" est """,simple,1,1,22.75,23.375,0.625
gemma-2-2b,63,desc,freq,fr,es,complejo,"Le contraire de ""complejo"" est """,simple,1,1,22.75,21.5,-1.25
gemma-2-2b,63,val,desc,fr,es,complejo,"Le contraire de ""complejo"" est """,simple,1,1,22.75,23.5,0.75
gemma-2-2b,63,val,val,fr,es,complejo,"Le contraire de ""complejo"" est """,simple,1,1,22.75,23.75,1.0
gemma-2-2b,63,val,freq,fr,es,complejo,"Le contraire de ""complejo"" est """,simple,1,4,22.75,21.875,-0.875
gemma-2-2b,63,freq,desc,fr,es,complejo,"Le contraire de ""complejo"" est """,simple,1,1,22.75,23.25,0.5
gemma-2-2b,63,freq,val,fr,es,complejo,"Le contraire de ""complejo"" est """,simple,1,1,22.75,23.5,0.75
gemma-2-2b,63,freq,freq,fr,es,complejo,"Le contraire de ""complejo"" est """,simple,1,1,22.75,23.25,0.5
gemma-2-2b,64,desc,desc,fr,es,efectivo,"Le contraire de ""efectivo"" est """,ineficaz,3,2,21.875,23.0,1.125
gemma-2-2b,64,desc,val,fr,es,efectivo,"Le contraire de ""efectivo"" est """,ineficaz,3,3,21.875,22.75,0.875
gemma-2-2b,64,desc,freq,fr,es,efectivo,"Le contraire de ""efectivo"" est """,ineficaz,3,3,21.875,21.0,-0.875
gemma-2-2b,64,val,desc,fr,es,efectivo,"Le contraire de ""efectivo"" est """,ineficaz,3,2,21.875,23.125,1.25
gemma-2-2b,64,val,val,fr,es,efectivo,"Le contraire de ""efectivo"" est """,ineficaz,3,1,21.875,23.5,1.625
gemma-2-2b,64,val,freq,fr,es,efectivo,"Le contraire de ""efectivo"" est """,ineficaz,3,2,21.875,21.875,0.0
gemma-2-2b,64,freq,desc,fr,es,efectivo,"Le contraire de ""efectivo"" est """,ineficaz,3,2,21.875,22.875,1.0
gemma-2-2b,64,freq,val,fr,es,efectivo,"Le contraire de ""efectivo"" est """,ineficaz,3,2,21.875,23.125,1.25
gemma-2-2b,64,freq,freq,fr,es,efectivo,"Le contraire de ""efectivo"" est """,ineficaz,3,2,21.875,22.875,1.0
gemma-2-2b,65,desc,desc,fr,es,famoso,"Le contraire de ""famoso"" est """,desconocido,40,43,16.875,16.875,0.0
gemma-2-2b,65,desc,val,fr,es,famoso,"Le contraire de ""famoso"" est """,desconocido,40,23,16.875,17.875,1.0
gemma-2-2b,65,desc,freq,fr,es,famoso,"Le contraire de ""famoso"" est """,desconocido,40,18,16.875,17.875,1.0
gemma-2-2b,65,val,desc,fr,es,famoso,"Le contraire de ""famoso"" est """,desconocido,40,30,16.875,17.75,0.875
gemma-2-2b,65,val,val,fr,es,famoso,"Le contraire de ""famoso"" est """,desconocido,40,56,16.875,17.0,0.125
gemma-2-2b,65,val,freq,fr,es,famoso,"Le contraire de ""famoso"" est """,desconocido,40,29,16.875,18.125,1.25
gemma-2-2b,65,freq,desc,fr,es,famoso,"Le contraire de ""famoso"" est """,desconocido,40,62,16.875,16.25,-0.625
gemma-2-2b,65,freq,val,fr,es,famoso,"Le contraire de ""famoso"" est """,desconocido,40,57,16.875,16.5,-0.375
gemma-2-2b,65,freq,freq,fr,es,famoso,"Le contraire de ""famoso"" est """,desconocido,40,62,16.875,16.25,-0.625
gemma-2-2b,66,desc,desc,fr,es,generoso,"Le contraire de ""generoso"" est """,malo,370,487,16.125,15.6875,-0.4375
gemma-2-2b,66,desc,val,fr,es,generoso,"Le contraire de ""generoso"" est """,malo,370,660,16.125,15.375,-0.75
gemma-2-2b,66,desc,freq,fr,es,generoso,"Le contraire de ""generoso"" est """,malo,370,3701,16.125,11.75,-4.375
gemma-2-2b,66,val,desc,fr,es,generoso,"Le contraire de ""generoso"" est """,malo,370,807,16.125,15.125,-1.0
gemma-2-2b,66,val,val,fr,es,generoso,"Le contraire de ""generoso"" est """,malo,370,978,16.125,15.125,-1.0
gemma-2-2b,66,val,freq,fr,es,generoso,"Le contraire de ""generoso"" est """,malo,370,4546,16.125,11.8125,-4.3125
gemma-2-2b,66,freq,desc,fr,es,generoso,"Le contraire de ""generoso"" est """,malo,370,902,16.125,15.0,-1.125
gemma-2-2b,66,freq,val,fr,es,generoso,"Le contraire de ""generoso"" est """,malo,370,988,16.125,14.875,-1.25
gemma-2-2b,66,freq,freq,fr,es,generoso,"Le contraire de ""generoso"" est """,malo,370,902,16.125,15.0,-1.125
gemma-2-2b,67,desc,desc,fr,es,contento,"Le contraire de ""contento"" est """,infeliz,2,2,21.5,21.5,0.0
gemma-2-2b,67,desc,val,fr,es,contento,"Le contraire de ""contento"" est """,infeliz,2,2,21.5,21.625,0.125
gemma-2-2b,67,desc,freq,fr,es,contento,"Le contraire de ""contento"" est """,infeliz,2,0,21.5,22.375,0.875
gemma-2-2b,67,val,desc,fr,es,contento,"Le contraire de ""contento"" est """,infeliz,2,2,21.5,22.375,0.875
gemma-2-2b,67,val,val,fr,es,contento,"Le contraire de ""contento"" est """,infeliz,2,2,21.5,22.375,0.875
gemma-2-2b,67,val,freq,fr,es,contento,"Le contraire de ""contento"" est """,infeliz,2,0,21.5,23.75,2.25
gemma-2-2b,67,freq,desc,fr,es,contento,"Le contraire de ""contento"" est """,infeliz,2,2,21.5,20.875,-0.625
gemma-2-2b,67,freq,val,fr,es,contento,"Le contraire de ""contento"" est """,infeliz,2,2,21.5,21.25,-0.25
gemma-2-2b,67,freq,freq,fr,es,contento,"Le contraire de ""contento"" est """,infeliz,2,2,21.5,20.875,-0.625
gemma-2-2b,68,desc,desc,fr,es,saludable,"Le contraire de ""saludable"" est """,insalubre,2,2,22.25,23.0,0.75
gemma-2-2b,68,desc,val,fr,es,saludable,"Le contraire de ""saludable"" est """,insalubre,2,0,22.25,23.375,1.125
gemma-2-2b,68,desc,freq,fr,es,saludable,"Le contraire de ""saludable"" est """,insalubre,2,0,22.25,23.75,1.5
gemma-2-2b,68,val,desc,fr,es,saludable,"Le contraire de ""saludable"" est """,insalubre,2,0,22.25,23.5,1.25
gemma-2-2b,68,val,val,fr,es,saludable,"Le contraire de ""saludable"" est """,insalubre,2,2,22.25,23.5,1.25
gemma-2-2b,68,val,freq,fr,es,saludable,"Le contraire de ""saludable"" est """,insalubre,2,0,22.25,24.5,2.25
gemma-2-2b,68,freq,desc,fr,es,saludable,"Le contraire de ""saludable"" est """,insalubre,2,0,22.25,23.0,0.75
gemma-2-2b,68,freq,val,fr,es,saludable,"Le contraire de ""saludable"" est """,insalubre,2,0,22.25,23.125,0.875
gemma-2-2b,68,freq,freq,fr,es,saludable,"Le contraire de ""saludable"" est """,insalubre,2,0,22.25,23.0,0.75
gemma-2-2b,69,desc,desc,fr,es,alto,"Le contraire de ""alto"" est """,bajo,0,3,22.25,21.375,-0.875
gemma-2-2b,69,desc,val,fr,es,alto,"Le contraire de ""alto"" est """,bajo,0,2,22.25,21.5,-0.75
gemma-2-2b,69,desc,freq,fr,es,alto,"Le contraire de ""alto"" est """,bajo,0,7,22.25,19.625,-2.625
gemma-2-2b,69,val,desc,fr,es,alto,"Le contraire de ""alto"" est """,bajo,0,1,22.25,22.25,0.0
gemma-2-2b,69,val,val,fr,es,alto,"Le contraire de ""alto"" est """,bajo,0,4,22.25,21.875,-0.375
gemma-2-2b,69,val,freq,fr,es,alto,"Le contraire de ""alto"" est """,bajo,0,7,22.25,21.0,-1.25
gemma-2-2b,69,freq,desc,fr,es,alto,"Le contraire de ""alto"" est """,bajo,0,4,22.25,20.875,-1.375
gemma-2-2b,69,freq,val,fr,es,alto,"Le contraire de ""alto"" est """,bajo,0,3,22.25,21.25,-1.0
gemma-2-2b,69,freq,freq,fr,es,alto,"Le contraire de ""alto"" est """,bajo,0,4,22.25,20.875,-1.375
gemma-2-2b,70,desc,desc,fr,es,importante,"Le contraire de ""importante"" est """,trivial,127,127,15.125,15.125,0.0
gemma-2-2b,70,desc,val,fr,es,importante,"Le contraire de ""importante"" est """,trivial,127,133,15.125,15.5625,0.4375
gemma-2-2b,70,desc,freq,fr,es,importante,"Le contraire de ""importante"" est """,trivial,127,91,15.125,15.5625,0.4375
gemma-2-2b,70,val,desc,fr,es,importante,"Le contraire de ""importante"" est """,trivial,127,105,15.125,15.9375,0.8125
gemma-2-2b,70,val,val,fr,es,importante,"Le contraire de ""importante"" est """,trivial,127,118,15.125,15.9375,0.8125
gemma-2-2b,70,val,freq,fr,es,importante,"Le contraire de ""importante"" est """,trivial,127,99,15.125,16.25,1.125
gemma-2-2b,70,freq,desc,fr,es,importante,"Le contraire de ""importante"" est """,trivial,127,117,15.125,15.125,0.0
gemma-2-2b,70,freq,val,fr,es,importante,"Le contraire de ""importante"" est """,trivial,127,133,15.125,15.375,0.25
gemma-2-2b,70,freq,freq,fr,es,importante,"Le contraire de ""importante"" est """,trivial,127,117,15.125,15.125,0.0
gemma-2-2b,71,desc,desc,fr,es,inocente,"Le contraire de ""inocente"" est """,culpable,2,2,18.625,18.625,0.0
gemma-2-2b,71,desc,val,fr,es,inocente,"Le contraire de ""inocente"" est """,culpable,2,2,18.625,19.25,0.625
gemma-2-2b,71,desc,freq,fr,es,inocente,"Le contraire de ""inocente"" est """,culpable,2,2,18.625,18.875,0.25
gemma-2-2b,71,val,desc,fr,es,inocente,"Le contraire de ""inocente"" est """,culpable,2,2,18.625,19.25,0.625
gemma-2-2b,71,val,val,fr,es,inocente,"Le contraire de ""inocente"" est """,culpable,2,2,18.625,19.125,0.5
gemma-2-2b,71,val,freq,fr,es,inocente,"Le contraire de ""inocente"" est """,culpable,2,2,18.625,19.5,0.875
gemma-2-2b,71,freq,desc,fr,es,inocente,"Le contraire de ""inocente"" est """,culpable,2,0,18.625,19.5,0.875
gemma-2-2b,71,freq,val,fr,es,inocente,"Le contraire de ""inocente"" est """,culpable,2,0,18.625,19.625,1.0
gemma-2-2b,71,freq,freq,fr,es,inocente,"Le contraire de ""inocente"" est """,culpable,2,0,18.625,19.5,0.875
gemma-2-2b,72,desc,desc,fr,es,conocido,"Le contraire de ""conocido"" est """,desconocido,4,16,18.75,18.25,-0.5
gemma-2-2b,72,desc,val,fr,es,conocido,"Le contraire de ""conocido"" est """,desconocido,4,9,18.75,18.875,0.125
gemma-2-2b,72,desc,freq,fr,es,conocido,"Le contraire de ""conocido"" est """,desconocido,4,17,18.75,17.25,-1.5
gemma-2-2b,72,val,desc,fr,es,conocido,"Le contraire de ""conocido"" est """,desconocido,4,17,18.75,18.875,0.125
gemma-2-2b,72,val,val,fr,es,conocido,"Le contraire de ""conocido"" est """,desconocido,4,20,18.75,18.875,0.125
gemma-2-2b,72,val,freq,fr,es,conocido,"Le contraire de ""conocido"" est """,desconocido,4,32,18.75,17.5,-1.25
gemma-2-2b,72,freq,desc,fr,es,conocido,"Le contraire de ""conocido"" est """,desconocido,4,20,18.75,17.75,-1.0
gemma-2-2b,72,freq,val,fr,es,conocido,"Le contraire de ""conocido"" est """,desconocido,4,23,18.75,18.0,-0.75
gemma-2-2b,72,freq,freq,fr,es,conocido,"Le contraire de ""conocido"" est """,desconocido,4,20,18.75,17.75,-1.0
gemma-2-2b,73,desc,desc,fr,es,masculino,"Le contraire de ""masculino"" est """,femenino,2,2,19.5,19.625,0.125
gemma-2-2b,73,desc,val,fr,es,masculino,"Le contraire de ""masculino"" est """,femenino,2,2,19.5,20.5,1.0
gemma-2-2b,73,desc,freq,fr,es,masculino,"Le contraire de ""masculino"" est """,femenino,2,3,19.5,20.375,0.875
gemma-2-2b,73,val,desc,fr,es,masculino,"Le contraire de ""masculino"" est """,femenino,2,3,19.5,20.25,0.75
gemma-2-2b,73,val,val,fr,es,masculino,"Le contraire de ""masculino"" est """,femenino,2,3,19.5,20.625,1.125
gemma-2-2b,73,val,freq,fr,es,masculino,"Le contraire de ""masculino"" est """,femenino,2,3,19.5,20.875,1.375
gemma-2-2b,73,freq,desc,fr,es,masculino,"Le contraire de ""masculino"" est """,femenino,2,4,19.5,19.125,-0.375
gemma-2-2b,73,freq,val,fr,es,masculino,"Le contraire de ""masculino"" est """,femenino,2,4,19.5,19.75,0.25
gemma-2-2b,73,freq,freq,fr,es,masculino,"Le contraire de ""masculino"" est """,femenino,2,4,19.5,19.125,-0.375
gemma-2-2b,74,desc,desc,fr,es,normal,"Le contraire de ""normal"" est """,anormal,0,0,22.125,22.125,0.0
gemma-2-2b,74,desc,val,fr,es,normal,"Le contraire de ""normal"" est """,anormal,0,0,22.125,22.5,0.375
gemma-2-2b,74,desc,freq,fr,es,normal,"Le contraire de ""normal"" est """,anormal,0,0,22.125,22.25,0.125
gemma-2-2b,74,val,desc,fr,es,normal,"Le contraire de ""normal"" est """,anormal,0,0,22.125,22.5,0.375
gemma-2-2b,74,val,val,fr,es,normal,"Le contraire de ""normal"" est """,anormal,0,0,22.125,22.625,0.5
gemma-2-2b,74,val,freq,fr,es,normal,"Le contraire de ""normal"" est """,anormal,0,0,22.125,23.0,0.875
gemma-2-2b,74,freq,desc,fr,es,normal,"Le contraire de ""normal"" est """,anormal,0,0,22.125,22.125,0.0
gemma-2-2b,74,freq,val,fr,es,normal,"Le contraire de ""normal"" est """,anormal,0,0,22.125,22.375,0.25
gemma-2-2b,74,freq,freq,fr,es,normal,"Le contraire de ""normal"" est """,anormal,0,0,22.125,22.125,0.0
gemma-2-2b,75,desc,desc,fr,es,posible,"Le contraire de ""posible"" est """,imposible,1,1,20.625,20.625,0.0
gemma-2-2b,75,desc,val,fr,es,posible,"Le contraire de ""posible"" est """,imposible,1,1,20.625,22.0,1.375
gemma-2-2b,75,desc,freq,fr,es,posible,"Le contraire de ""posible"" est """,imposible,1,0,20.625,22.625,2.0
gemma-2-2b,75,val,desc,fr,es,posible,"Le contraire de ""posible"" est """,imposible,1,1,20.625,21.5,0.875
gemma-2-2b,75,val,val,fr,es,posible,"Le contraire de ""posible"" est """,imposible,1,1,20.625,21.5,0.875
gemma-2-2b,75,val,freq,fr,es,posible,"Le contraire de ""posible"" est """,imposible,1,0,20.625,22.75,2.125
gemma-2-2b,75,freq,desc,fr,es,posible,"Le contraire de ""posible"" est """,imposible,1,1,20.625,20.0,-0.625
gemma-2-2b,75,freq,val,fr,es,posible,"Le contraire de ""posible"" est """,imposible,1,1,20.625,21.0,0.375
gemma-2-2b,75,freq,freq,fr,es,posible,"Le contraire de ""posible"" est """,imposible,1,1,20.625,20.0,-0.625
gemma-2-2b,76,desc,desc,fr,es,privado,"Le contraire de ""privado"" est """,público,2,4,20.25,20.5,0.25
gemma-2-2b,76,desc,val,fr,es,privado,"Le contraire de ""privado"" est """,público,2,3,20.25,20.875,0.625
gemma-2-2b,76,desc,freq,fr,es,privado,"Le contraire de ""privado"" est """,público,2,6,20.25,19.5,-0.75
gemma-2-2b,76,val,desc,fr,es,privado,"Le contraire de ""privado"" est """,público,2,5,20.25,20.75,0.5
gemma-2-2b,76,val,val,fr,es,privado,"Le contraire de ""privado"" est """,público,2,5,20.25,20.875,0.625
gemma-2-2b,76,val,freq,fr,es,privado,"Le contraire de ""privado"" est """,público,2,6,20.25,20.125,-0.125
gemma-2-2b,76,freq,desc,fr,es,privado,"Le contraire de ""privado"" est """,público,2,5,20.25,19.875,-0.375
gemma-2-2b,76,freq,val,fr,es,privado,"Le contraire de ""privado"" est """,público,2,6,20.25,20.125,-0.125
gemma-2-2b,76,freq,freq,fr,es,privado,"Le contraire de ""privado"" est """,público,2,5,20.25,19.875,-0.375
gemma-2-2b,77,desc,desc,fr,es,correcto,"Le contraire de ""correcto"" est """,incorrecto,0,0,21.5,21.875,0.375
gemma-2-2b,77,desc,val,fr,es,correcto,"Le contraire de ""correcto"" est """,incorrecto,0,0,21.5,22.5,1.0
gemma-2-2b,77,desc,freq,fr,es,correcto,"Le contraire de ""correcto"" est """,incorrecto,0,0,21.5,23.125,1.625
gemma-2-2b,77,val,desc,fr,es,correcto,"Le contraire de ""correcto"" est """,incorrecto,0,0,21.5,23.125,1.625
gemma-2-2b,77,val,val,fr,es,correcto,"Le contraire de ""correcto"" est """,incorrecto,0,0,21.5,23.125,1.625
gemma-2-2b,77,val,freq,fr,es,correcto,"Le contraire de ""correcto"" est """,incorrecto,0,0,21.5,24.25,2.75
gemma-2-2b,77,freq,desc,fr,es,correcto,"Le contraire de ""correcto"" est """,incorrecto,0,1,21.5,21.5,0.0
gemma-2-2b,77,freq,val,fr,es,correcto,"Le contraire de ""correcto"" est """,incorrecto,0,1,21.5,22.375,0.875
gemma-2-2b,77,freq,freq,fr,es,correcto,"Le contraire de ""correcto"" est """,incorrecto,0,1,21.5,21.5,0.0
gemma-2-2b,78,desc,desc,fr,es,sencillo,"Le contraire de ""sencillo"" est """,complejo,3,6,21.125,20.75,-0.375
gemma-2-2b,78,desc,val,fr,es,sencillo,"Le contraire de ""sencillo"" est """,complejo,3,3,21.125,21.5,0.375
gemma-2-2b,78,desc,freq,fr,es,sencillo,"Le contraire de ""sencillo"" est """,complejo,3,12,21.125,19.25,-1.875
gemma-2-2b,78,val,desc,fr,es,sencillo,"Le contraire de ""sencillo"" est """,complejo,3,5,21.125,21.25,0.125
gemma-2-2b,78,val,val,fr,es,sencillo,"Le contraire de ""sencillo"" est """,complejo,3,8,21.125,20.875,-0.25
gemma-2-2b,78,val,freq,fr,es,sencillo,"Le contraire de ""sencillo"" est """,complejo,3,20,21.125,19.25,-1.875
gemma-2-2b,78,freq,desc,fr,es,sencillo,"Le contraire de ""sencillo"" est """,complejo,3,12,21.125,20.0,-1.125
gemma-2-2b,78,freq,val,fr,es,sencillo,"Le contraire de ""sencillo"" est """,complejo,3,12,21.125,20.125,-1.0
gemma-2-2b,78,freq,freq,fr,es,sencillo,"Le contraire de ""sencillo"" est """,complejo,3,12,21.125,20.0,-1.125
gemma-2-2b,79,desc,desc,fr,es,dulce,"Le contraire de ""dulce"" est """,agrio,9,11,16.875,16.75,-0.125
gemma-2-2b,79,desc,val,fr,es,dulce,"Le contraire de ""dulce"" est """,agrio,9,4,16.875,18.125,1.25
gemma-2-2b,79,desc,freq,fr,es,dulce,"Le contraire de ""dulce"" est """,agrio,9,4,16.875,18.25,1.375
gemma-2-2b,79,val,desc,fr,es,dulce,"Le contraire de ""dulce"" est """,agrio,9,6,16.875,17.75,0.875
gemma-2-2b,79,val,val,fr,es,dulce,"Le contraire de ""dulce"" est """,agrio,9,12,16.875,17.375,0.5
gemma-2-2b,79,val,freq,fr,es,dulce,"Le contraire de ""dulce"" est """,agrio,9,8,16.875,17.875,1.0
gemma-2-2b,79,freq,desc,fr,es,dulce,"Le contraire de ""dulce"" est """,agrio,9,9,16.875,16.5,-0.375
gemma-2-2b,79,freq,val,fr,es,dulce,"Le contraire de ""dulce"" est """,agrio,9,10,16.875,16.5,-0.375
gemma-2-2b,79,freq,freq,fr,es,dulce,"Le contraire de ""dulce"" est """,agrio,9,9,16.875,16.5,-0.375
gemma-2-2b,80,desc,desc,fr,es,visible,"Le contraire de ""visible"" est """,invisible,0,0,21.875,21.875,0.0
gemma-2-2b,80,desc,val,fr,es,visible,"Le contraire de ""visible"" est """,invisible,0,0,21.875,23.0,1.125
gemma-2-2b,80,desc,freq,fr,es,visible,"Le contraire de ""visible"" est """,invisible,0,0,21.875,21.125,-0.75
gemma-2-2b,80,val,desc,fr,es,visible,"Le contraire de ""visible"" est """,invisible,0,0,21.875,22.625,0.75
gemma-2-2b,80,val,val,fr,es,visible,"Le contraire de ""visible"" est """,invisible,0,0,21.875,23.125,1.25
gemma-2-2b,80,val,freq,fr,es,visible,"Le contraire de ""visible"" est """,invisible,0,0,21.875,21.375,-0.5
gemma-2-2b,80,freq,desc,fr,es,visible,"Le contraire de ""visible"" est """,invisible,0,0,21.875,22.0,0.125
gemma-2-2b,80,freq,val,fr,es,visible,"Le contraire de ""visible"" est """,invisible,0,0,21.875,22.75,0.875
gemma-2-2b,80,freq,freq,fr,es,visible,"Le contraire de ""visible"" est """,invisible,0,0,21.875,22.0,0.125
gemma-2-2b,81,desc,desc,fr,es,cálido,"Le contraire de ""cálido"" est """,frío,0,0,23.5,23.5,0.0
gemma-2-2b,81,desc,val,fr,es,cálido,"Le contraire de ""cálido"" est """,frío,0,0,23.5,23.5,0.0
gemma-2-2b,81,desc,freq,fr,es,cálido,"Le contraire de ""cálido"" est """,frío,0,1,23.5,22.875,-0.625
gemma-2-2b,81,val,desc,fr,es,cálido,"Le contraire de ""cálido"" est """,frío,0,0,23.5,24.0,0.5
gemma-2-2b,81,val,val,fr,es,cálido,"Le contraire de ""cálido"" est """,frío,0,0,23.5,23.875,0.375
gemma-2-2b,81,val,freq,fr,es,cálido,"Le contraire de ""cálido"" est """,frío,0,0,23.5,23.75,0.25
gemma-2-2b,81,freq,desc,fr,es,cálido,"Le contraire de ""cálido"" est """,frío,0,0,23.5,23.0,-0.5
gemma-2-2b,81,freq,val,fr,es,cálido,"Le contraire de ""cálido"" est """,frío,0,0,23.5,23.25,-0.25
gemma-2-2b,81,freq,freq,fr,es,cálido,"Le contraire de ""cálido"" est """,frío,0,0,23.5,23.0,-0.5
gemma-2-2b,82,desc,desc,fr,es,liso,"Le contraire de ""liso"" est """,áspero,1544,2143,16.25,15.9375,-0.3125
gemma-2-2b,82,desc,val,fr,es,liso,"Le contraire de ""liso"" est """,áspero,1544,2574,16.25,15.5625,-0.6875
gemma-2-2b,82,desc,freq,fr,es,liso,"Le contraire de ""liso"" est """,áspero,1544,1889,16.25,15.5625,-0.6875
gemma-2-2b,82,val,desc,fr,es,liso,"Le contraire de ""liso"" est """,áspero,1544,1027,16.25,15.6875,-0.5625
gemma-2-2b,82,val,val,fr,es,liso,"Le contraire de ""liso"" est """,áspero,1544,2262,16.25,15.5,-0.75
gemma-2-2b,82,val,freq,fr,es,liso,"Le contraire de ""liso"" est """,áspero,1544,1125,16.25,16.875,0.625
gemma-2-2b,82,freq,desc,fr,es,liso,"Le contraire de ""liso"" est """,áspero,1544,2254,16.25,15.9375,-0.3125
gemma-2-2b,82,freq,val,fr,es,liso,"Le contraire de ""liso"" est """,áspero,1544,2149,16.25,15.6875,-0.5625
gemma-2-2b,82,freq,freq,fr,es,liso,"Le contraire de ""liso"" est """,áspero,1544,2254,16.25,15.9375,-0.3125
gemma-2-2b,83,desc,desc,fr,es,delgado,"Le contraire de ""delgado"" est """,grueso,8,11,19.125,19.375,0.25
gemma-2-2b,83,desc,val,fr,es,delgado,"Le contraire de ""delgado"" est """,grueso,8,8,19.125,19.875,0.75
gemma-2-2b,83,desc,freq,fr,es,delgado,"Le contraire de ""delgado"" est """,grueso,8,34,19.125,18.0,-1.125
gemma-2-2b,83,val,desc,fr,es,delgado,"Le contraire de ""delgado"" est """,grueso,8,16,19.125,19.625,0.5
gemma-2-2b,83,val,val,fr,es,delgado,"Le contraire de ""delgado"" est """,grueso,8,15,19.125,20.0,0.875
gemma-2-2b,83,val,freq,fr,es,delgado,"Le contraire de ""delgado"" est """,grueso,8,50,19.125,18.25,-0.875
gemma-2-2b,83,freq,desc,fr,es,delgado,"Le contraire de ""delgado"" est """,grueso,8,17,19.125,18.875,-0.25
gemma-2-2b,83,freq,val,fr,es,delgado,"Le contraire de ""delgado"" est """,grueso,8,15,19.125,19.25,0.125
gemma-2-2b,83,freq,freq,fr,es,delgado,"Le contraire de ""delgado"" est """,grueso,8,17,19.125,18.875,-0.25
gemma-2-2b,84,desc,desc,fr,es,alto,"Le contraire de ""alto"" est """,bajo,0,3,22.25,21.375,-0.875
gemma-2-2b,84,desc,val,fr,es,alto,"Le contraire de ""alto"" est """,bajo,0,2,22.25,21.5,-0.75
gemma-2-2b,84,desc,freq,fr,es,alto,"Le contraire de ""alto"" est """,bajo,0,6,22.25,19.625,-2.625
gemma-2-2b,84,val,desc,fr,es,alto,"Le contraire de ""alto"" est """,bajo,0,1,22.25,22.25,0.0
gemma-2-2b,84,val,val,fr,es,alto,"Le contraire de ""alto"" est """,bajo,0,4,22.25,21.875,-0.375
gemma-2-2b,84,val,freq,fr,es,alto,"Le contraire de ""alto"" est """,bajo,0,7,22.25,21.0,-1.25
gemma-2-2b,84,freq,desc,fr,es,alto,"Le contraire de ""alto"" est """,bajo,0,4,22.25,20.875,-1.375
gemma-2-2b,84,freq,val,fr,es,alto,"Le contraire de ""alto"" est """,bajo,0,3,22.25,21.25,-1.0
gemma-2-2b,84,freq,freq,fr,es,alto,"Le contraire de ""alto"" est """,bajo,0,4,22.25,20.875,-1.375
gemma-2-2b,85,desc,desc,fr,es,casado,"Le contraire de ""casado"" est """,soltero,0,0,21.75,21.625,-0.125
gemma-2-2b,85,desc,val,fr,es,casado,"Le contraire de ""casado"" est """,soltero,0,0,21.75,22.5,0.75
gemma-2-2b,85,desc,freq,fr,es,casado,"Le contraire de ""casado"" est """,soltero,0,1,21.75,20.125,-1.625
gemma-2-2b,85,val,desc,fr,es,casado,"Le contraire de ""casado"" est """,soltero,0,0,21.75,22.75,1.0
gemma-2-2b,85,val,val,fr,es,casado,"Le contraire de ""casado"" est """,soltero,0,0,21.75,22.0,0.25
gemma-2-2b,85,val,freq,fr,es,casado,"Le contraire de ""casado"" est """,soltero,0,0,21.75,21.25,-0.5
gemma-2-2b,85,freq,desc,fr,es,casado,"Le contraire de ""casado"" est """,soltero,0,0,21.75,20.75,-1.0
gemma-2-2b,85,freq,val,fr,es,casado,"Le contraire de ""casado"" est """,soltero,0,0,21.75,20.875,-0.875
gemma-2-2b,85,freq,freq,fr,es,casado,"Le contraire de ""casado"" est """,soltero,0,0,21.75,20.75,-1.0
gemma-2-2b,86,desc,desc,fr,es,optimista,"Le contraire de ""optimista"" est """,pesimista,0,0,23.125,23.0,-0.125
gemma-2-2b,86,desc,val,fr,es,optimista,"Le contraire de ""optimista"" est """,pesimista,0,0,23.125,23.5,0.375
gemma-2-2b,86,desc,freq,fr,es,optimista,"Le contraire de ""optimista"" est """,pesimista,0,0,23.125,24.125,1.0
gemma-2-2b,86,val,desc,fr,es,optimista,"Le contraire de ""optimista"" est """,pesimista,0,0,23.125,23.625,0.5
gemma-2-2b,86,val,val,fr,es,optimista,"Le contraire de ""optimista"" est """,pesimista,0,0,23.125,23.875,0.75
gemma-2-2b,86,val,freq,fr,es,optimista,"Le contraire de ""optimista"" est """,pesimista,0,0,23.125,25.0,1.875
gemma-2-2b,86,freq,desc,fr,es,optimista,"Le contraire de ""optimista"" est """,pesimista,0,0,23.125,23.0,-0.125
gemma-2-2b,86,freq,val,fr,es,optimista,"Le contraire de ""optimista"" est """,pesimista,0,0,23.125,23.125,0.0
gemma-2-2b,86,freq,freq,fr,es,optimista,"Le contraire de ""optimista"" est """,pesimista,0,0,23.125,23.0,-0.125
gemma-2-2b,87,desc,desc,fr,es,permanente,"Le contraire de ""permanente"" est """,temporal,78,78,16.125,16.125,0.0
gemma-2-2b,87,desc,val,fr,es,permanente,"Le contraire de ""permanente"" est """,temporal,78,60,16.125,17.0,0.875
gemma-2-2b,87,desc,freq,fr,es,permanente,"Le contraire de ""permanente"" est """,temporal,78,45,16.125,17.0,0.875
gemma-2-2b,87,val,desc,fr,es,permanente,"Le contraire de ""permanente"" est """,temporal,78,55,16.125,17.0,0.875
gemma-2-2b,87,val,val,fr,es,permanente,"Le contraire de ""permanente"" est """,temporal,78,69,16.125,17.0,0.875
gemma-2-2b,87,val,freq,fr,es,permanente,"Le contraire de ""permanente"" est """,temporal,78,46,16.125,17.625,1.5
gemma-2-2b,87,freq,desc,fr,es,permanente,"Le contraire de ""permanente"" est """,temporal,78,77,16.125,16.0,-0.125
gemma-2-2b,87,freq,val,fr,es,permanente,"Le contraire de ""permanente"" est """,temporal,78,86,16.125,16.0,-0.125
gemma-2-2b,87,freq,freq,fr,es,permanente,"Le contraire de ""permanente"" est """,temporal,78,77,16.125,16.0,-0.125
gemma-2-2b,88,desc,desc,fr,es,presente,"Le contraire de ""presente"" est """,pasado,1,1,22.875,22.625,-0.25
gemma-2-2b,88,desc,val,fr,es,presente,"Le contraire de ""presente"" est """,pasado,1,1,22.875,23.125,0.25
gemma-2-2b,88,desc,freq,fr,es,presente,"Le contraire de ""presente"" est """,pasado,1,1,22.875,23.0,0.125
gemma-2-2b,88,val,desc,fr,es,presente,"Le contraire de ""presente"" est """,pasado,1,1,22.875,23.125,0.25
gemma-2-2b,88,val,val,fr,es,presente,"Le contraire de ""presente"" est """,pasado,1,1,22.875,23.25,0.375
gemma-2-2b,88,val,freq,fr,es,presente,"Le contraire de ""presente"" est """,pasado,1,1,22.875,23.5,0.625
gemma-2-2b,88,freq,desc,fr,es,presente,"Le contraire de ""presente"" est """,pasado,1,2,22.875,21.875,-1.0
gemma-2-2b,88,freq,val,fr,es,presente,"Le contraire de ""presente"" est """,pasado,1,2,22.875,22.0,-0.875
gemma-2-2b,88,freq,freq,fr,es,presente,"Le contraire de ""presente"" est """,pasado,1,2,22.875,21.875,-1.0
gemma-2-2b,89,desc,desc,fr,es,público,"Le contraire de ""público"" est """,privado,0,0,21.75,21.875,0.125
gemma-2-2b,89,desc,val,fr,es,público,"Le contraire de ""público"" est """,privado,0,0,21.75,22.375,0.625
gemma-2-2b,89,desc,freq,fr,es,público,"Le contraire de ""público"" est """,privado,0,1,21.75,19.75,-2.0
gemma-2-2b,89,val,desc,fr,es,público,"Le contraire de ""público"" est """,privado,0,0,21.75,22.625,0.875
gemma-2-2b,89,val,val,fr,es,público,"Le contraire de ""público"" est """,privado,0,0,21.75,23.125,1.375
gemma-2-2b,89,val,freq,fr,es,público,"Le contraire de ""público"" est """,privado,0,1,21.75,20.25,-1.5
gemma-2-2b,89,freq,desc,fr,es,público,"Le contraire de ""público"" est """,privado,0,0,21.75,21.75,0.0
gemma-2-2b,89,freq,val,fr,es,público,"Le contraire de ""público"" est """,privado,0,0,21.75,22.125,0.375
gemma-2-2b,89,freq,freq,fr,es,público,"Le contraire de ""público"" est """,privado,0,0,21.75,21.75,0.0
gemma-2-2b,90,desc,desc,fr,es,real,"Le contraire de ""real"" est """,irreal,17,16,21.0,21.125,0.125
gemma-2-2b,90,desc,val,fr,es,real,"Le contraire de ""real"" est """,irreal,17,10,21.0,22.25,1.25
gemma-2-2b,90,desc,freq,fr,es,real,"Le contraire de ""real"" est """,irreal,17,13,21.0,21.625,0.625
gemma-2-2b,90,val,desc,fr,es,real,"Le contraire de ""real"" est """,irreal,17,16,21.0,22.0,1.0
gemma-2-2b,90,val,val,fr,es,real,"Le contraire de ""real"" est """,irreal,17,21,21.0,21.625,0.625
gemma-2-2b,90,val,freq,fr,es,real,"Le contraire de ""real"" est """,irreal,17,12,21.0,21.75,0.75
gemma-2-2b,90,freq,desc,fr,es,real,"Le contraire de ""real"" est """,irreal,17,16,21.0,21.125,0.125
gemma-2-2b,90,freq,val,fr,es,real,"Le contraire de ""real"" est """,irreal,17,17,21.0,21.375,0.375
gemma-2-2b,90,freq,freq,fr,es,real,"Le contraire de ""real"" est """,irreal,17,16,21.0,21.125,0.125
gemma-2-2b,91,desc,desc,fr,es,responsable,"Le contraire de ""responsable"" est """,irresponsable,0,0,23.625,23.625,0.0
gemma-2-2b,91,desc,val,fr,es,responsable,"Le contraire de ""responsable"" est """,irresponsable,0,0,23.625,24.5,0.875
gemma-2-2b,91,desc,freq,fr,es,responsable,"Le contraire de ""responsable"" est """,irresponsable,0,1,23.625,23.375,-0.25
gemma-2-2b,91,val,desc,fr,es,responsable,"Le contraire de ""responsable"" est """,irresponsable,0,1,23.625,23.875,0.25
gemma-2-2b,91,val,val,fr,es,responsable,"Le contraire de ""responsable"" est """,irresponsable,0,0,23.625,24.125,0.5
gemma-2-2b,91,val,freq,fr,es,responsable,"Le contraire de ""responsable"" est """,irresponsable,0,1,23.625,23.375,-0.25
gemma-2-2b,91,freq,desc,fr,es,responsable,"Le contraire de ""responsable"" est """,irresponsable,0,0,23.625,23.5,-0.125
gemma-2-2b,91,freq,val,fr,es,responsable,"Le contraire de ""responsable"" est """,irresponsable,0,0,23.625,23.75,0.125
gemma-2-2b,91,freq,freq,fr,es,responsable,"Le contraire de ""responsable"" est """,irresponsable,0,0,23.625,23.5,-0.125
gemma-2-2b,92,desc,desc,fr,es,soltero,"Le contraire de ""soltero"" est """,casado,1,1,20.75,20.75,0.0
gemma-2-2b,92,desc,val,fr,es,soltero,"Le contraire de ""soltero"" est """,casado,1,1,20.75,21.5,0.75
gemma-2-2b,92,desc,freq,fr,es,soltero,"Le contraire de ""soltero"" est """,casado,1,0,20.75,21.125,0.375
gemma-2-2b,92,val,desc,fr,es,soltero,"Le contraire de ""soltero"" est """,casado,1,1,20.75,21.5,0.75
gemma-2-2b,92,val,val,fr,es,soltero,"Le contraire de ""soltero"" est """,casado,1,1,20.75,20.875,0.125
gemma-2-2b,92,val,freq,fr,es,soltero,"Le contraire de ""soltero"" est """,casado,1,0,20.75,21.375,0.625
gemma-2-2b,92,freq,desc,fr,es,soltero,"Le contraire de ""soltero"" est """,casado,1,1,20.75,20.0,-0.75
gemma-2-2b,92,freq,val,fr,es,soltero,"Le contraire de ""soltero"" est """,casado,1,2,20.75,19.875,-0.875
gemma-2-2b,92,freq,freq,fr,es,soltero,"Le contraire de ""soltero"" est """,casado,1,1,20.75,20.0,-0.75
gemma-2-2b,93,desc,desc,fr,es,agrio,"Le contraire de ""agrio"" est """,dulce,12,12,19.5,19.5,0.0
gemma-2-2b,93,desc,val,fr,es,agrio,"Le contraire de ""agrio"" est """,dulce,12,12,19.5,19.75,0.25
gemma-2-2b,93,desc,freq,fr,es,agrio,"Le contraire de ""agrio"" est """,dulce,12,7,19.5,20.0,0.5
gemma-2-2b,93,val,desc,fr,es,agrio,"Le contraire de ""agrio"" est """,dulce,12,11,19.5,19.875,0.375
gemma-2-2b,93,val,val,fr,es,agrio,"Le contraire de ""agrio"" est """,dulce,12,15,19.5,19.875,0.375
gemma-2-2b,93,val,freq,fr,es,agrio,"Le contraire de ""agrio"" est """,dulce,12,12,19.5,20.25,0.75
gemma-2-2b,93,freq,desc,fr,es,agrio,"Le contraire de ""agrio"" est """,dulce,12,9,19.5,19.75,0.25
gemma-2-2b,93,freq,val,fr,es,agrio,"Le contraire de ""agrio"" est """,dulce,12,10,19.5,19.625,0.125
gemma-2-2b,93,freq,freq,fr,es,agrio,"Le contraire de ""agrio"" est """,dulce,12,9,19.5,19.75,0.25
gemma-2-2b,94,desc,desc,fr,es,útil,"Le contraire de ""útil"" est """,inútil,0,0,22.0,22.875,0.875
gemma-2-2b,94,desc,val,fr,es,útil,"Le contraire de ""útil"" est """,inútil,0,0,22.0,22.75,0.75
gemma-2-2b,94,desc,freq,fr,es,útil,"Le contraire de ""útil"" est """,inútil,0,0,22.0,21.625,-0.375
gemma-2-2b,94,val,desc,fr,es,útil,"Le contraire de ""útil"" est """,inútil,0,0,22.0,23.125,1.125
gemma-2-2b,94,val,val,fr,es,útil,"Le contraire de ""útil"" est """,inútil,0,0,22.0,23.5,1.5
gemma-2-2b,94,val,freq,fr,es,útil,"Le contraire de ""útil"" est """,inútil,0,0,22.0,22.625,0.625
gemma-2-2b,94,freq,desc,fr,es,útil,"Le contraire de ""útil"" est """,inútil,0,0,22.0,21.875,-0.125
gemma-2-2b,94,freq,val,fr,es,útil,"Le contraire de ""útil"" est """,inútil,0,1,22.0,22.125,0.125
gemma-2-2b,94,freq,freq,fr,es,útil,"Le contraire de ""útil"" est """,inútil,0,0,22.0,21.875,-0.125
gemma-2-2b,95,desc,desc,fr,es,vertical,"Le contraire de ""vertical"" est """,horizontal,0,0,24.0,24.0,0.0
gemma-2-2b,95,desc,val,fr,es,vertical,"Le contraire de ""vertical"" est """,horizontal,0,0,24.0,24.25,0.25
gemma-2-2b,95,desc,freq,fr,es,vertical,"Le contraire de ""vertical"" est """,horizontal,0,0,24.0,23.5,-0.5
gemma-2-2b,95,val,desc,fr,es,vertical,"Le contraire de ""vertical"" est """,horizontal,0,0,24.0,24.5,0.5
gemma-2-2b,95,val,val,fr,es,vertical,"Le contraire de ""vertical"" est """,horizontal,0,0,24.0,24.5,0.5
gemma-2-2b,95,val,freq,fr,es,vertical,"Le contraire de ""vertical"" est """,horizontal,0,0,24.0,23.875,-0.125
gemma-2-2b,95,freq,desc,fr,es,vertical,"Le contraire de ""vertical"" est """,horizontal,0,0,24.0,24.0,0.0
gemma-2-2b,95,freq,val,fr,es,vertical,"Le contraire de ""vertical"" est """,horizontal,0,0,24.0,24.125,0.125
gemma-2-2b,95,freq,freq,fr,es,vertical,"Le contraire de ""vertical"" est """,horizontal,0,0,24.0,24.0,0.0
gemma-2-2b,96,desc,desc,fr,es,bien,"Le contraire de ""bien"" est """,mal,0,0,19.75,19.75,0.0
gemma-2-2b,96,desc,val,fr,es,bien,"Le contraire de ""bien"" est """,mal,0,0,19.75,20.875,1.125
gemma-2-2b,96,desc,freq,fr,es,bien,"Le contraire de ""bien"" est """,mal,0,0,19.75,21.0,1.25
gemma-2-2b,96,val,desc,fr,es,bien,"Le contraire de ""bien"" est """,mal,0,0,19.75,21.25,1.5
gemma-2-2b,96,val,val,fr,es,bien,"Le contraire de ""bien"" est """,mal,0,0,19.75,20.875,1.125
gemma-2-2b,96,val,freq,fr,es,bien,"Le contraire de ""bien"" est """,mal,0,0,19.75,21.875,2.125
gemma-2-2b,96,freq,desc,fr,es,bien,"Le contraire de ""bien"" est """,mal,0,0,19.75,19.125,-0.625
gemma-2-2b,96,freq,val,fr,es,bien,"Le contraire de ""bien"" est """,mal,0,0,19.75,20.0,0.25
gemma-2-2b,96,freq,freq,fr,es,bien,"Le contraire de ""bien"" est """,mal,0,0,19.75,19.125,-0.625
gemma-2-2b,97,desc,desc,fr,es,ganador,"Le contraire de ""ganador"" est """,perdedor,0,0,23.5,23.5,0.0
gemma-2-2b,97,desc,val,fr,es,ganador,"Le contraire de ""ganador"" est """,perdedor,0,0,23.5,23.375,-0.125
gemma-2-2b,97,desc,freq,fr,es,ganador,"Le contraire de ""ganador"" est """,perdedor,0,0,23.5,23.0,-0.5
gemma-2-2b,97,val,desc,fr,es,ganador,"Le contraire de ""ganador"" est """,perdedor,0,0,23.5,24.125,0.625
gemma-2-2b,97,val,val,fr,es,ganador,"Le contraire de ""ganador"" est """,perdedor,0,0,23.5,23.625,0.125
gemma-2-2b,97,val,freq,fr,es,ganador,"Le contraire de ""ganador"" est """,perdedor,0,0,23.5,24.25,0.75
gemma-2-2b,97,freq,desc,fr,es,ganador,"Le contraire de ""ganador"" est """,perdedor,0,0,23.5,23.125,-0.375
gemma-2-2b,97,freq,val,fr,es,ganador,"Le contraire de ""ganador"" est """,perdedor,0,0,23.5,23.0,-0.5
gemma-2-2b,97,freq,freq,fr,es,ganador,"Le contraire de ""ganador"" est """,perdedor,0,0,23.5,23.125,-0.375
gemma-2-2b,98,desc,desc,fr,es,desagradable,"Le contraire de ""desagradable"" est """,amable,98,98,15.375,15.375,0.0
gemma-2-2b,98,desc,val,fr,es,desagradable,"Le contraire de ""desagradable"" est """,amable,98,29,15.375,18.125,2.75
gemma-2-2b,98,desc,freq,fr,es,desagradable,"Le contraire de ""desagradable"" est """,amable,98,26,15.375,17.375,2.0
gemma-2-2b,98,val,desc,fr,es,desagradable,"Le contraire de ""desagradable"" est """,amable,98,87,15.375,16.125,0.75
gemma-2-2b,98,val,val,fr,es,desagradable,"Le contraire de ""desagradable"" est """,amable,98,99,15.375,16.0,0.625
gemma-2-2b,98,val,freq,fr,es,desagradable,"Le contraire de ""desagradable"" est """,amable,98,69,15.375,16.75,1.375
gemma-2-2b,98,freq,desc,fr,es,desagradable,"Le contraire de ""desagradable"" est """,amable,98,102,15.375,15.375,0.0
gemma-2-2b,98,freq,val,fr,es,desagradable,"Le contraire de ""desagradable"" est """,amable,98,88,15.375,16.0,0.625
gemma-2-2b,98,freq,freq,fr,es,desagradable,"Le contraire de ""desagradable"" est """,amable,98,102,15.375,15.375,0.0
gemma-2-2b,99,desc,desc,fr,es,cobarde,"Le contraire de ""cobarde"" est """,valiente,7,7,18.125,18.125,0.0
gemma-2-2b,99,desc,val,fr,es,cobarde,"Le contraire de ""cobarde"" est """,valiente,7,3,18.125,19.125,1.0
gemma-2-2b,99,desc,freq,fr,es,cobarde,"Le contraire de ""cobarde"" est """,valiente,7,4,18.125,19.25,1.125
gemma-2-2b,99,val,desc,fr,es,cobarde,"Le contraire de ""cobarde"" est """,valiente,7,7,18.125,18.25,0.125
gemma-2-2b,99,val,val,fr,es,cobarde,"Le contraire de ""cobarde"" est """,valiente,7,9,18.125,18.5,0.375
gemma-2-2b,99,val,freq,fr,es,cobarde,"Le contraire de ""cobarde"" est """,valiente,7,6,18.125,19.5,1.375
gemma-2-2b,99,freq,desc,fr,es,cobarde,"Le contraire de ""cobarde"" est """,valiente,7,8,18.125,18.125,0.0
gemma-2-2b,99,freq,val,fr,es,cobarde,"Le contraire de ""cobarde"" est """,valiente,7,8,18.125,18.125,0.0
gemma-2-2b,99,freq,freq,fr,es,cobarde,"Le contraire de ""cobarde"" est """,valiente,7,8,18.125,18.125,0.0
gemma-2-2b,0,desc,desc,fr,fr,bon,"Le contraire de ""bon"" est """,mauvais,0,0,21.125,20.875,-0.25
gemma-2-2b,0,desc,val,fr,fr,bon,"Le contraire de ""bon"" est """,mauvais,0,0,21.125,20.75,-0.375
gemma-2-2b,0,desc,freq,fr,fr,bon,"Le contraire de ""bon"" est """,mauvais,0,3,21.125,18.125,-3.0
gemma-2-2b,0,val,desc,fr,fr,bon,"Le contraire de ""bon"" est """,mauvais,0,0,21.125,22.25,1.125
gemma-2-2b,0,val,val,fr,fr,bon,"Le contraire de ""bon"" est """,mauvais,0,0,21.125,22.125,1.0
gemma-2-2b,0,val,freq,fr,fr,bon,"Le contraire de ""bon"" est """,mauvais,0,5,21.125,17.5,-3.625
gemma-2-2b,0,freq,desc,fr,fr,bon,"Le contraire de ""bon"" est """,mauvais,0,2,21.125,19.25,-1.875
gemma-2-2b,0,freq,val,fr,fr,bon,"Le contraire de ""bon"" est """,mauvais,0,2,21.125,17.375,-3.75
gemma-2-2b,0,freq,freq,fr,fr,bon,"Le contraire de ""bon"" est """,mauvais,0,2,21.125,18.875,-2.25
gemma-2-2b,1,desc,desc,fr,fr,heureux,"Le contraire de ""heureux"" est """,malheureux,0,0,19.5,20.75,1.25
gemma-2-2b,1,desc,val,fr,fr,heureux,"Le contraire de ""heureux"" est """,malheureux,0,0,19.5,19.5,0.0
gemma-2-2b,1,desc,freq,fr,fr,heureux,"Le contraire de ""heureux"" est """,malheureux,0,0,19.5,21.125,1.625
gemma-2-2b,1,val,desc,fr,fr,heureux,"Le contraire de ""heureux"" est """,malheureux,0,0,19.5,20.75,1.25
gemma-2-2b,1,val,val,fr,fr,heureux,"Le contraire de ""heureux"" est """,malheureux,0,0,19.5,21.25,1.75
gemma-2-2b,1,val,freq,fr,fr,heureux,"Le contraire de ""heureux"" est """,malheureux,0,0,19.5,20.875,1.375
gemma-2-2b,1,freq,desc,fr,fr,heureux,"Le contraire de ""heureux"" est """,malheureux,0,0,19.5,21.0,1.5
gemma-2-2b,1,freq,val,fr,fr,heureux,"Le contraire de ""heureux"" est """,malheureux,0,0,19.5,19.0,-0.5
gemma-2-2b,1,freq,freq,fr,fr,heureux,"Le contraire de ""heureux"" est """,malheureux,0,0,19.5,21.0,1.5
gemma-2-2b,2,desc,desc,fr,fr,grand,"Le contraire de ""grand"" est """,petit,0,0,21.75,21.5,-0.25
gemma-2-2b,2,desc,val,fr,fr,grand,"Le contraire de ""grand"" est """,petit,0,0,21.75,19.75,-2.0
gemma-2-2b,2,desc,freq,fr,fr,grand,"Le contraire de ""grand"" est """,petit,0,0,21.75,20.0,-1.75
gemma-2-2b,2,val,desc,fr,fr,grand,"Le contraire de ""grand"" est """,petit,0,0,21.75,21.0,-0.75
gemma-2-2b,2,val,val,fr,fr,grand,"Le contraire de ""grand"" est """,petit,0,0,21.75,21.75,0.0
gemma-2-2b,2,val,freq,fr,fr,grand,"Le contraire de ""grand"" est """,petit,0,1,21.75,19.5,-2.25
gemma-2-2b,2,freq,desc,fr,fr,grand,"Le contraire de ""grand"" est """,petit,0,0,21.75,20.75,-1.0
gemma-2-2b,2,freq,val,fr,fr,grand,"Le contraire de ""grand"" est """,petit,0,0,21.75,19.5,-2.25
gemma-2-2b,2,freq,freq,fr,fr,grand,"Le contraire de ""grand"" est """,petit,0,0,21.75,21.125,-0.625
gemma-2-2b,3,desc,desc,fr,fr,chaud,"Le contraire de ""chaud"" est """,froid,0,0,18.75,20.0,1.25
gemma-2-2b,3,desc,val,fr,fr,chaud,"Le contraire de ""chaud"" est """,froid,0,0,18.75,18.875,0.125
gemma-2-2b,3,desc,freq,fr,fr,chaud,"Le contraire de ""chaud"" est """,froid,0,0,18.75,19.625,0.875
gemma-2-2b,3,val,desc,fr,fr,chaud,"Le contraire de ""chaud"" est """,froid,0,0,18.75,20.5,1.75
gemma-2-2b,3,val,val,fr,fr,chaud,"Le contraire de ""chaud"" est """,froid,0,0,18.75,21.125,2.375
gemma-2-2b,3,val,freq,fr,fr,chaud,"Le contraire de ""chaud"" est """,froid,0,0,18.75,19.75,1.0
gemma-2-2b,3,freq,desc,fr,fr,chaud,"Le contraire de ""chaud"" est """,froid,0,0,18.75,19.25,0.5
gemma-2-2b,3,freq,val,fr,fr,chaud,"Le contraire de ""chaud"" est """,froid,0,0,18.75,17.625,-1.125
gemma-2-2b,3,freq,freq,fr,fr,chaud,"Le contraire de ""chaud"" est """,froid,0,0,18.75,19.25,0.5
gemma-2-2b,4,desc,desc,fr,fr,rapide,"Le contraire de ""rapide"" est """,lent,0,0,21.25,22.0,0.75
gemma-2-2b,4,desc,val,fr,fr,rapide,"Le contraire de ""rapide"" est """,lent,0,0,21.25,21.0,-0.25
gemma-2-2b,4,desc,freq,fr,fr,rapide,"Le contraire de ""rapide"" est """,lent,0,1,21.25,22.375,1.125
gemma-2-2b,4,val,desc,fr,fr,rapide,"Le contraire de ""rapide"" est """,lent,0,0,21.25,21.75,0.5
gemma-2-2b,4,val,val,fr,fr,rapide,"Le contraire de ""rapide"" est """,lent,0,0,21.25,22.125,0.875
gemma-2-2b,4,val,freq,fr,fr,rapide,"Le contraire de ""rapide"" est """,lent,0,0,21.25,22.0,0.75
gemma-2-2b,4,freq,desc,fr,fr,rapide,"Le contraire de ""rapide"" est """,lent,0,1,21.25,21.0,-0.25
gemma-2-2b,4,freq,val,fr,fr,rapide,"Le contraire de ""rapide"" est """,lent,0,0,21.25,19.5,-1.75
gemma-2-2b,4,freq,freq,fr,fr,rapide,"Le contraire de ""rapide"" est """,lent,0,0,21.25,21.25,0.0
gemma-2-2b,5,desc,desc,fr,fr,léger,"Le contraire de ""léger"" est """,lourd,0,0,21.375,22.25,0.875
gemma-2-2b,5,desc,val,fr,fr,léger,"Le contraire de ""léger"" est """,lourd,0,0,21.375,20.125,-1.25
gemma-2-2b,5,desc,freq,fr,fr,léger,"Le contraire de ""léger"" est """,lourd,0,1,21.375,19.875,-1.5
gemma-2-2b,5,val,desc,fr,fr,léger,"Le contraire de ""léger"" est """,lourd,0,0,21.375,22.75,1.375
gemma-2-2b,5,val,val,fr,fr,léger,"Le contraire de ""léger"" est """,lourd,0,0,21.375,23.125,1.75
gemma-2-2b,5,val,freq,fr,fr,léger,"Le contraire de ""léger"" est """,lourd,0,1,21.375,21.5,0.125
gemma-2-2b,5,freq,desc,fr,fr,léger,"Le contraire de ""léger"" est """,lourd,0,0,21.375,22.125,0.75
gemma-2-2b,5,freq,val,fr,fr,léger,"Le contraire de ""léger"" est """,lourd,0,0,21.375,20.75,-0.625
gemma-2-2b,5,freq,freq,fr,fr,léger,"Le contraire de ""léger"" est """,lourd,0,0,21.375,22.0,0.625
gemma-2-2b,6,desc,desc,fr,fr,facile,"Le contraire de ""facile"" est """,difficile,0,0,22.5,22.5,0.0
gemma-2-2b,6,desc,val,fr,fr,facile,"Le contraire de ""facile"" est """,difficile,0,0,22.5,21.75,-0.75
gemma-2-2b,6,desc,freq,fr,fr,facile,"Le contraire de ""facile"" est """,difficile,0,0,22.5,20.75,-1.75
gemma-2-2b,6,val,desc,fr,fr,facile,"Le contraire de ""facile"" est """,difficile,0,0,22.5,22.75,0.25
gemma-2-2b,6,val,val,fr,fr,facile,"Le contraire de ""facile"" est """,difficile,0,0,22.5,23.375,0.875
gemma-2-2b,6,val,freq,fr,fr,facile,"Le contraire de ""facile"" est """,difficile,0,0,22.5,20.875,-1.625
gemma-2-2b,6,freq,desc,fr,fr,facile,"Le contraire de ""facile"" est """,difficile,0,0,22.5,22.25,-0.25
gemma-2-2b,6,freq,val,fr,fr,facile,"Le contraire de ""facile"" est """,difficile,0,0,22.5,21.5,-1.0
gemma-2-2b,6,freq,freq,fr,fr,facile,"Le contraire de ""facile"" est """,difficile,0,0,22.5,22.5,0.0
gemma-2-2b,7,desc,desc,fr,fr,nouveau,"Le contraire de ""nouveau"" est """,vieux,0,1,21.5,20.75,-0.75
gemma-2-2b,7,desc,val,fr,fr,nouveau,"Le contraire de ""nouveau"" est """,vieux,0,0,21.5,19.625,-1.875
gemma-2-2b,7,desc,freq,fr,fr,nouveau,"Le contraire de ""nouveau"" est """,vieux,0,0,21.5,21.0,-0.5
gemma-2-2b,7,val,desc,fr,fr,nouveau,"Le contraire de ""nouveau"" est """,vieux,0,0,21.5,21.75,0.25
gemma-2-2b,7,val,val,fr,fr,nouveau,"Le contraire de ""nouveau"" est """,vieux,0,1,21.5,21.375,-0.125
gemma-2-2b,7,val,freq,fr,fr,nouveau,"Le contraire de ""nouveau"" est """,vieux,0,0,21.5,21.5,0.0
gemma-2-2b,7,freq,desc,fr,fr,nouveau,"Le contraire de ""nouveau"" est """,vieux,0,2,21.5,19.5,-2.0
gemma-2-2b,7,freq,val,fr,fr,nouveau,"Le contraire de ""nouveau"" est """,vieux,0,0,21.5,19.0,-2.5
gemma-2-2b,7,freq,freq,fr,fr,nouveau,"Le contraire de ""nouveau"" est """,vieux,0,2,21.5,19.875,-1.625
gemma-2-2b,8,desc,desc,fr,fr,vrai,"Le contraire de ""vrai"" est """,faux,0,0,18.375,17.75,-0.625
gemma-2-2b,8,desc,val,fr,fr,vrai,"Le contraire de ""vrai"" est """,faux,0,0,18.375,17.5,-0.875
gemma-2-2b,8,desc,freq,fr,fr,vrai,"Le contraire de ""vrai"" est """,faux,0,1,18.375,17.75,-0.625
gemma-2-2b,8,val,desc,fr,fr,vrai,"Le contraire de ""vrai"" est """,faux,0,0,18.375,18.0,-0.375
gemma-2-2b,8,val,val,fr,fr,vrai,"Le contraire de ""vrai"" est """,faux,0,0,18.375,19.25,0.875
gemma-2-2b,8,val,freq,fr,fr,vrai,"Le contraire de ""vrai"" est """,faux,0,2,18.375,16.875,-1.5
gemma-2-2b,8,freq,desc,fr,fr,vrai,"Le contraire de ""vrai"" est """,faux,0,0,18.375,15.9375,-2.4375
gemma-2-2b,8,freq,val,fr,fr,vrai,"Le contraire de ""vrai"" est """,faux,0,0,18.375,16.125,-2.25
gemma-2-2b,8,freq,freq,fr,fr,vrai,"Le contraire de ""vrai"" est """,faux,0,0,18.375,16.5,-1.875
gemma-2-2b,9,desc,desc,fr,fr,vivant,"Le contraire de ""vivant"" est """,mort,0,0,19.875,20.875,1.0
gemma-2-2b,9,desc,val,fr,fr,vivant,"Le contraire de ""vivant"" est """,mort,0,0,19.875,19.375,-0.5
gemma-2-2b,9,desc,freq,fr,fr,vivant,"Le contraire de ""vivant"" est """,mort,0,3,19.875,17.875,-2.0
gemma-2-2b,9,val,desc,fr,fr,vivant,"Le contraire de ""vivant"" est """,mort,0,1,19.875,20.125,0.25
gemma-2-2b,9,val,val,fr,fr,vivant,"Le contraire de ""vivant"" est """,mort,0,0,19.875,21.0,1.125
gemma-2-2b,9,val,freq,fr,fr,vivant,"Le contraire de ""vivant"" est """,mort,0,5,19.875,17.625,-2.25
gemma-2-2b,9,freq,desc,fr,fr,vivant,"Le contraire de ""vivant"" est """,mort,0,1,19.875,20.125,0.25
gemma-2-2b,9,freq,val,fr,fr,vivant,"Le contraire de ""vivant"" est """,mort,0,0,19.875,18.625,-1.25
gemma-2-2b,9,freq,freq,fr,fr,vivant,"Le contraire de ""vivant"" est """,mort,0,0,19.875,20.125,0.25
gemma-2-2b,10,desc,desc,fr,fr,plein,"Le contraire de ""plein"" est """,vide,0,0,19.75,19.0,-0.75
gemma-2-2b,10,desc,val,fr,fr,plein,"Le contraire de ""plein"" est """,vide,0,1,19.75,15.6875,-4.0625
gemma-2-2b,10,desc,freq,fr,fr,plein,"Le contraire de ""plein"" est """,vide,0,28,19.75,14.6875,-5.0625
gemma-2-2b,10,val,desc,fr,fr,plein,"Le contraire de ""plein"" est """,vide,0,0,19.75,17.875,-1.875
gemma-2-2b,10,val,val,fr,fr,plein,"Le contraire de ""plein"" est """,vide,0,1,19.75,18.625,-1.125
gemma-2-2b,10,val,freq,fr,fr,plein,"Le contraire de ""plein"" est """,vide,0,36,19.75,14.125,-5.625
gemma-2-2b,10,freq,desc,fr,fr,plein,"Le contraire de ""plein"" est """,vide,0,4,19.75,17.0,-2.75
gemma-2-2b,10,freq,val,fr,fr,plein,"Le contraire de ""plein"" est """,vide,0,6,19.75,14.3125,-5.4375
gemma-2-2b,10,freq,freq,fr,fr,plein,"Le contraire de ""plein"" est """,vide,0,5,19.75,16.75,-3.0
gemma-2-2b,11,desc,desc,fr,fr,brillant,"Le contraire de ""brillant"" est """,obscur,0,0,20.0,20.625,0.625
gemma-2-2b,11,desc,val,fr,fr,brillant,"Le contraire de ""brillant"" est """,obscur,0,0,20.0,19.25,-0.75
gemma-2-2b,11,desc,freq,fr,fr,brillant,"Le contraire de ""brillant"" est """,obscur,0,12,20.0,19.125,-0.875
gemma-2-2b,11,val,desc,fr,fr,brillant,"Le contraire de ""brillant"" est """,obscur,0,2,20.0,20.375,0.375
gemma-2-2b,11,val,val,fr,fr,brillant,"Le contraire de ""brillant"" est """,obscur,0,1,20.0,21.0,1.0
gemma-2-2b,11,val,freq,fr,fr,brillant,"Le contraire de ""brillant"" est """,obscur,0,5,20.0,18.75,-1.25
gemma-2-2b,11,freq,desc,fr,fr,brillant,"Le contraire de ""brillant"" est """,obscur,0,3,20.0,19.75,-0.25
gemma-2-2b,11,freq,val,fr,fr,brillant,"Le contraire de ""brillant"" est """,obscur,0,2,20.0,17.75,-2.25
gemma-2-2b,11,freq,freq,fr,fr,brillant,"Le contraire de ""brillant"" est """,obscur,0,3,20.0,19.75,-0.25
gemma-2-2b,12,desc,desc,fr,fr,fort,"Le contraire de ""fort"" est """,faible,0,1,19.125,18.75,-0.375
gemma-2-2b,12,desc,val,fr,fr,fort,"Le contraire de ""fort"" est """,faible,0,0,19.125,17.5,-1.625
gemma-2-2b,12,desc,freq,fr,fr,fort,"Le contraire de ""fort"" est """,faible,0,12,19.125,17.0,-2.125
gemma-2-2b,12,val,desc,fr,fr,fort,"Le contraire de ""fort"" est """,faible,0,1,19.125,19.5,0.375
gemma-2-2b,12,val,val,fr,fr,fort,"Le contraire de ""fort"" est """,faible,0,1,19.125,19.0,-0.125
gemma-2-2b,12,val,freq,fr,fr,fort,"Le contraire de ""fort"" est """,faible,0,15,19.125,16.75,-2.375
gemma-2-2b,12,freq,desc,fr,fr,fort,"Le contraire de ""fort"" est """,faible,0,12,19.125,16.75,-2.375
gemma-2-2b,12,freq,val,fr,fr,fort,"Le contraire de ""fort"" est """,faible,0,9,19.125,14.5625,-4.5625
gemma-2-2b,12,freq,freq,fr,fr,fort,"Le contraire de ""fort"" est """,faible,0,12,19.125,16.625,-2.5
gemma-2-2b,13,desc,desc,fr,fr,propre,"Le contraire de ""propre"" est """,sale,0,2,20.25,19.125,-1.125
gemma-2-2b,13,desc,val,fr,fr,propre,"Le contraire de ""propre"" est """,sale,0,3,20.25,16.375,-3.875
gemma-2-2b,13,desc,freq,fr,fr,propre,"Le contraire de ""propre"" est """,sale,0,105,20.25,14.875,-5.375
gemma-2-2b,13,val,desc,fr,fr,propre,"Le contraire de ""propre"" est """,sale,0,0,20.25,20.25,0.0
gemma-2-2b,13,val,val,fr,fr,propre,"Le contraire de ""propre"" est """,sale,0,2,20.25,19.5,-0.75
gemma-2-2b,13,val,freq,fr,fr,propre,"Le contraire de ""propre"" est """,sale,0,20,20.25,16.5,-3.75
gemma-2-2b,13,freq,desc,fr,fr,propre,"Le contraire de ""propre"" est """,sale,0,30,20.25,16.375,-3.875
gemma-2-2b,13,freq,val,fr,fr,propre,"Le contraire de ""propre"" est """,sale,0,22,20.25,13.9375,-6.3125
gemma-2-2b,13,freq,freq,fr,fr,propre,"Le contraire de ""propre"" est """,sale,0,29,20.25,16.375,-3.875
gemma-2-2b,14,desc,desc,fr,fr,ouvert,"Le contraire de ""ouvert"" est """,fermé,0,0,19.125,19.5,0.375
gemma-2-2b,14,desc,val,fr,fr,ouvert,"Le contraire de ""ouvert"" est """,fermé,0,0,19.125,18.375,-0.75
gemma-2-2b,14,desc,freq,fr,fr,ouvert,"Le contraire de ""ouvert"" est """,fermé,0,0,19.125,19.875,0.75
gemma-2-2b,14,val,desc,fr,fr,ouvert,"Le contraire de ""ouvert"" est """,fermé,0,0,19.125,21.25,2.125
gemma-2-2b,14,val,val,fr,fr,ouvert,"Le contraire de ""ouvert"" est """,fermé,0,0,19.125,19.5,0.375
gemma-2-2b,14,val,freq,fr,fr,ouvert,"Le contraire de ""ouvert"" est """,fermé,0,0,19.125,20.25,1.125
gemma-2-2b,14,freq,desc,fr,fr,ouvert,"Le contraire de ""ouvert"" est """,fermé,0,0,19.125,18.125,-1.0
gemma-2-2b,14,freq,val,fr,fr,ouvert,"Le contraire de ""ouvert"" est """,fermé,0,0,19.125,16.25,-2.875
gemma-2-2b,14,freq,freq,fr,fr,ouvert,"Le contraire de ""ouvert"" est """,fermé,0,0,19.125,17.875,-1.25
gemma-2-2b,15,desc,desc,fr,fr,riche,"Le contraire de ""riche"" est """,pauvre,0,1,19.0,19.5,0.5
gemma-2-2b,15,desc,val,fr,fr,riche,"Le contraire de ""riche"" est """,pauvre,0,1,19.0,17.875,-1.125
gemma-2-2b,15,desc,freq,fr,fr,riche,"Le contraire de ""riche"" est """,pauvre,0,2,19.0,17.5,-1.5
gemma-2-2b,15,val,desc,fr,fr,riche,"Le contraire de ""riche"" est """,pauvre,0,1,19.0,20.0,1.0
gemma-2-2b,15,val,val,fr,fr,riche,"Le contraire de ""riche"" est """,pauvre,0,1,19.0,20.25,1.25
gemma-2-2b,15,val,freq,fr,fr,riche,"Le contraire de ""riche"" est """,pauvre,0,3,19.0,17.125,-1.875
gemma-2-2b,15,freq,desc,fr,fr,riche,"Le contraire de ""riche"" est """,pauvre,0,1,19.0,18.25,-0.75
gemma-2-2b,15,freq,val,fr,fr,riche,"Le contraire de ""riche"" est """,pauvre,0,1,19.0,16.625,-2.375
gemma-2-2b,15,freq,freq,fr,fr,riche,"Le contraire de ""riche"" est """,pauvre,0,1,19.0,18.625,-0.375
gemma-2-2b,16,desc,desc,fr,fr,beau,"Le contraire de ""beau"" est """,laid,5,31,16.125,15.5,-0.625
gemma-2-2b,16,desc,val,fr,fr,beau,"Le contraire de ""beau"" est """,laid,5,30,16.125,12.9375,-3.1875
gemma-2-2b,16,desc,freq,fr,fr,beau,"Le contraire de ""beau"" est """,laid,5,3434,16.125,7.0625,-9.0625
gemma-2-2b,16,val,desc,fr,fr,beau,"Le contraire de ""beau"" est """,laid,5,12,16.125,16.125,0.0
gemma-2-2b,16,val,val,fr,fr,beau,"Le contraire de ""beau"" est """,laid,5,45,16.125,15.5,-0.625
gemma-2-2b,16,val,freq,fr,fr,beau,"Le contraire de ""beau"" est """,laid,5,2026,16.125,7.6875,-8.4375
gemma-2-2b,16,freq,desc,fr,fr,beau,"Le contraire de ""beau"" est """,laid,5,780,16.125,10.75,-5.375
gemma-2-2b,16,freq,val,fr,fr,beau,"Le contraire de ""beau"" est """,laid,5,648,16.125,7.75,-8.375
gemma-2-2b,16,freq,freq,fr,fr,beau,"Le contraire de ""beau"" est """,laid,5,682,16.125,10.8125,-5.3125
gemma-2-2b,17,desc,desc,fr,fr,long,"Le contraire de ""long"" est """,court,0,3,21.875,19.75,-2.125
gemma-2-2b,17,desc,val,fr,fr,long,"Le contraire de ""long"" est """,court,0,3,21.875,18.375,-3.5
gemma-2-2b,17,desc,freq,fr,fr,long,"Le contraire de ""long"" est """,court,0,5,21.875,18.75,-3.125
gemma-2-2b,17,val,desc,fr,fr,long,"Le contraire de ""long"" est """,court,0,0,21.875,21.5,-0.375
gemma-2-2b,17,val,val,fr,fr,long,"Le contraire de ""long"" est """,court,0,5,21.875,20.0,-1.875
gemma-2-2b,17,val,freq,fr,fr,long,"Le contraire de ""long"" est """,court,0,3,21.875,19.375,-2.5
gemma-2-2b,17,freq,desc,fr,fr,long,"Le contraire de ""long"" est """,court,0,13,21.875,17.625,-4.25
gemma-2-2b,17,freq,val,fr,fr,long,"Le contraire de ""long"" est """,court,0,11,21.875,16.125,-5.75
gemma-2-2b,17,freq,freq,fr,fr,long,"Le contraire de ""long"" est """,court,0,12,21.875,17.875,-4.0
gemma-2-2b,18,desc,desc,fr,fr,large,"Le contraire de ""large"" est """,étroit,102,194,14.5625,14.5,-0.0625
gemma-2-2b,18,desc,val,fr,fr,large,"Le contraire de ""large"" est """,étroit,102,442,14.5625,11.0,-3.5625
gemma-2-2b,18,desc,freq,fr,fr,large,"Le contraire de ""large"" est """,étroit,102,1029,14.5625,11.4375,-3.125
gemma-2-2b,18,val,desc,fr,fr,large,"Le contraire de ""large"" est """,étroit,102,218,14.5625,14.3125,-0.25
gemma-2-2b,18,val,val,fr,fr,large,"Le contraire de ""large"" est """,étroit,102,306,14.5625,14.5,-0.0625
gemma-2-2b,18,val,freq,fr,fr,large,"Le contraire de ""large"" est """,étroit,102,839,14.5625,11.5,-3.0625
gemma-2-2b,18,freq,desc,fr,fr,large,"Le contraire de ""large"" est """,étroit,102,243,14.5625,14.3125,-0.25
gemma-2-2b,18,freq,val,fr,fr,large,"Le contraire de ""large"" est """,étroit,102,357,14.5625,11.0,-3.5625
gemma-2-2b,18,freq,freq,fr,fr,large,"Le contraire de ""large"" est """,étroit,102,258,14.5625,14.25,-0.3125
gemma-2-2b,19,desc,desc,fr,fr,dur,"Le contraire de ""dur"" est """,mou,13,49,15.375,14.9375,-0.4375
gemma-2-2b,19,desc,val,fr,fr,dur,"Le contraire de ""dur"" est """,mou,13,84,15.375,12.0,-3.375
gemma-2-2b,19,desc,freq,fr,fr,dur,"Le contraire de ""dur"" est """,mou,13,795,15.375,11.3125,-4.0625
gemma-2-2b,19,val,desc,fr,fr,dur,"Le contraire de ""dur"" est """,mou,13,62,15.375,14.6875,-0.6875
gemma-2-2b,19,val,val,fr,fr,dur,"Le contraire de ""dur"" est """,mou,13,91,15.375,14.75,-0.625
gemma-2-2b,19,val,freq,fr,fr,dur,"Le contraire de ""dur"" est """,mou,13,579,15.375,11.5625,-3.8125
gemma-2-2b,19,freq,desc,fr,fr,dur,"Le contraire de ""dur"" est """,mou,13,161,15.375,13.625,-1.75
gemma-2-2b,19,freq,val,fr,fr,dur,"Le contraire de ""dur"" est """,mou,13,198,15.375,10.75,-4.625
gemma-2-2b,19,freq,freq,fr,fr,dur,"Le contraire de ""dur"" est """,mou,13,183,15.375,13.375,-2.0
gemma-2-2b,20,desc,desc,fr,fr,sec,"Le contraire de ""sec"" est """,humide,2,5,18.625,19.25,0.625
gemma-2-2b,20,desc,val,fr,fr,sec,"Le contraire de ""sec"" est """,humide,2,2,18.625,18.0,-0.625
gemma-2-2b,20,desc,freq,fr,fr,sec,"Le contraire de ""sec"" est """,humide,2,12,18.625,18.5,-0.125
gemma-2-2b,20,val,desc,fr,fr,sec,"Le contraire de ""sec"" est """,humide,2,2,18.625,19.375,0.75
gemma-2-2b,20,val,val,fr,fr,sec,"Le contraire de ""sec"" est """,humide,2,5,18.625,19.75,1.125
gemma-2-2b,20,val,freq,fr,fr,sec,"Le contraire de ""sec"" est """,humide,2,30,18.625,17.5,-1.125
gemma-2-2b,20,freq,desc,fr,fr,sec,"Le contraire de ""sec"" est """,humide,2,8,18.625,19.5,0.875
gemma-2-2b,20,freq,val,fr,fr,sec,"Le contraire de ""sec"" est """,humide,2,8,18.625,17.0,-1.625
gemma-2-2b,20,freq,freq,fr,fr,sec,"Le contraire de ""sec"" est """,humide,2,8,18.625,19.25,0.625
gemma-2-2b,21,desc,desc,fr,fr,fort,"Le contraire de ""fort"" est """,doux,33,37,14.25,15.0,0.75
gemma-2-2b,21,desc,val,fr,fr,fort,"Le contraire de ""fort"" est """,doux,33,65,14.25,12.125,-2.125
gemma-2-2b,21,desc,freq,fr,fr,fort,"Le contraire de ""fort"" est """,doux,33,95,14.25,14.125,-0.125
gemma-2-2b,21,val,desc,fr,fr,fort,"Le contraire de ""fort"" est """,doux,33,12,14.25,17.0,2.75
gemma-2-2b,21,val,val,fr,fr,fort,"Le contraire de ""fort"" est """,doux,33,27,14.25,16.5,2.25
gemma-2-2b,21,val,freq,fr,fr,fort,"Le contraire de ""fort"" est """,doux,33,20,14.25,16.375,2.125
gemma-2-2b,21,freq,desc,fr,fr,fort,"Le contraire de ""fort"" est """,doux,33,19,14.25,16.0,1.75
gemma-2-2b,21,freq,val,fr,fr,fort,"Le contraire de ""fort"" est """,doux,33,26,14.25,13.25,-1.0
gemma-2-2b,21,freq,freq,fr,fr,fort,"Le contraire de ""fort"" est """,doux,33,20,14.25,15.8125,1.5625
gemma-2-2b,22,desc,desc,fr,fr,tôt,"Le contraire de ""tôt"" est """,tard,0,1,21.875,23.25,1.375
gemma-2-2b,22,desc,val,fr,fr,tôt,"Le contraire de ""tôt"" est """,tard,0,1,21.875,21.5,-0.375
gemma-2-2b,22,desc,freq,fr,fr,tôt,"Le contraire de ""tôt"" est """,tard,0,1,21.875,21.5,-0.375
gemma-2-2b,22,val,desc,fr,fr,tôt,"Le contraire de ""tôt"" est """,tard,0,1,21.875,23.125,1.25
gemma-2-2b,22,val,val,fr,fr,tôt,"Le contraire de ""tôt"" est """,tard,0,1,21.875,24.125,2.25
gemma-2-2b,22,val,freq,fr,fr,tôt,"Le contraire de ""tôt"" est """,tard,0,1,21.875,22.25,0.375
gemma-2-2b,22,freq,desc,fr,fr,tôt,"Le contraire de ""tôt"" est """,tard,0,1,21.875,23.125,1.25
gemma-2-2b,22,freq,val,fr,fr,tôt,"Le contraire de ""tôt"" est """,tard,0,1,21.875,21.75,-0.125
gemma-2-2b,22,freq,freq,fr,fr,tôt,"Le contraire de ""tôt"" est """,tard,0,1,21.875,23.25,1.375
gemma-2-2b,23,desc,desc,fr,fr,proche,"Le contraire de ""proche"" est """,loin,0,0,22.125,20.75,-1.375
gemma-2-2b,23,desc,val,fr,fr,proche,"Le contraire de ""proche"" est """,loin,0,5,22.125,18.75,-3.375
gemma-2-2b,23,desc,freq,fr,fr,proche,"Le contraire de ""proche"" est """,loin,0,57,22.125,16.5,-5.625
gemma-2-2b,23,val,desc,fr,fr,proche,"Le contraire de ""proche"" est """,loin,0,0,22.125,21.625,-0.5
gemma-2-2b,23,val,val,fr,fr,proche,"Le contraire de ""proche"" est """,loin,0,0,22.125,21.75,-0.375
gemma-2-2b,23,val,freq,fr,fr,proche,"Le contraire de ""proche"" est """,loin,0,10,22.125,18.875,-3.25
gemma-2-2b,23,freq,desc,fr,fr,proche,"Le contraire de ""proche"" est """,loin,0,18,22.125,19.375,-2.75
gemma-2-2b,23,freq,val,fr,fr,proche,"Le contraire de ""proche"" est """,loin,0,8,22.125,18.125,-4.0
gemma-2-2b,23,freq,freq,fr,fr,proche,"Le contraire de ""proche"" est """,loin,0,15,22.125,19.5,-2.625
gemma-2-2b,24,desc,desc,fr,fr,profond,"Le contraire de ""profond"" est """,peu profond,48,92,15.375,15.5625,0.1875
gemma-2-2b,24,desc,val,fr,fr,profond,"Le contraire de ""profond"" est """,peu profond,48,126,15.375,13.4375,-1.9375
gemma-2-2b,24,desc,freq,fr,fr,profond,"Le contraire de ""profond"" est """,peu profond,48,306,15.375,13.6875,-1.6875
gemma-2-2b,24,val,desc,fr,fr,profond,"Le contraire de ""profond"" est """,peu profond,48,71,15.375,16.125,0.75
gemma-2-2b,24,val,val,fr,fr,profond,"Le contraire de ""profond"" est """,peu profond,48,119,15.375,16.0,0.625
gemma-2-2b,24,val,freq,fr,fr,profond,"Le contraire de ""profond"" est """,peu profond,48,310,15.375,13.4375,-1.9375
gemma-2-2b,24,freq,desc,fr,fr,profond,"Le contraire de ""profond"" est """,peu profond,48,280,15.375,14.3125,-1.0625
gemma-2-2b,24,freq,val,fr,fr,profond,"Le contraire de ""profond"" est """,peu profond,48,290,15.375,11.8125,-3.5625
gemma-2-2b,24,freq,freq,fr,fr,profond,"Le contraire de ""profond"" est """,peu profond,48,268,15.375,14.25,-1.125
gemma-2-2b,25,desc,desc,fr,fr,mauvais,"Le contraire de ""mauvais"" est """,bon,0,0,20.0,20.25,0.25
gemma-2-2b,25,desc,val,fr,fr,mauvais,"Le contraire de ""mauvais"" est """,bon,0,0,20.0,19.125,-0.875
gemma-2-2b,25,desc,freq,fr,fr,mauvais,"Le contraire de ""mauvais"" est """,bon,0,2,20.0,18.75,-1.25
gemma-2-2b,25,val,desc,fr,fr,mauvais,"Le contraire de ""mauvais"" est """,bon,0,0,20.0,20.0,0.0
gemma-2-2b,25,val,val,fr,fr,mauvais,"Le contraire de ""mauvais"" est """,bon,0,0,20.0,21.125,1.125
gemma-2-2b,25,val,freq,fr,fr,mauvais,"Le contraire de ""mauvais"" est """,bon,0,2,20.0,17.75,-2.25
gemma-2-2b,25,freq,desc,fr,fr,mauvais,"Le contraire de ""mauvais"" est """,bon,0,1,20.0,19.625,-0.375
gemma-2-2b,25,freq,val,fr,fr,mauvais,"Le contraire de ""mauvais"" est """,bon,0,1,20.0,17.875,-2.125
gemma-2-2b,25,freq,freq,fr,fr,mauvais,"Le contraire de ""mauvais"" est """,bon,0,1,20.0,19.75,-0.25
gemma-2-2b,26,desc,desc,fr,fr,triste,"Le contraire de ""triste"" est """,heureux,0,0,21.0,20.625,-0.375
gemma-2-2b,26,desc,val,fr,fr,triste,"Le contraire de ""triste"" est """,heureux,0,0,21.0,18.875,-2.125
gemma-2-2b,26,desc,freq,fr,fr,triste,"Le contraire de ""triste"" est """,heureux,0,0,21.0,20.875,-0.125
gemma-2-2b,26,val,desc,fr,fr,triste,"Le contraire de ""triste"" est """,heureux,0,0,21.0,19.5,-1.5
gemma-2-2b,26,val,val,fr,fr,triste,"Le contraire de ""triste"" est """,heureux,0,0,21.0,20.25,-0.75
gemma-2-2b,26,val,freq,fr,fr,triste,"Le contraire de ""triste"" est """,heureux,0,0,21.0,20.625,-0.375
gemma-2-2b,26,freq,desc,fr,fr,triste,"Le contraire de ""triste"" est """,heureux,0,0,21.0,19.25,-1.75
gemma-2-2b,26,freq,val,fr,fr,triste,"Le contraire de ""triste"" est """,heureux,0,0,21.0,18.25,-2.75
gemma-2-2b,26,freq,freq,fr,fr,triste,"Le contraire de ""triste"" est """,heureux,0,0,21.0,19.5,-1.5
gemma-2-2b,27,desc,desc,fr,fr,petit,"Le contraire de ""petit"" est """,grand,0,0,21.0,21.5,0.5
gemma-2-2b,27,desc,val,fr,fr,petit,"Le contraire de ""petit"" est """,grand,0,0,21.0,20.75,-0.25
gemma-2-2b,27,desc,freq,fr,fr,petit,"Le contraire de ""petit"" est """,grand,0,0,21.0,22.25,1.25
gemma-2-2b,27,val,desc,fr,fr,petit,"Le contraire de ""petit"" est """,grand,0,0,21.0,21.5,0.5
gemma-2-2b,27,val,val,fr,fr,petit,"Le contraire de ""petit"" est """,grand,0,1,21.0,22.375,1.375
gemma-2-2b,27,val,freq,fr,fr,petit,"Le contraire de ""petit"" est """,grand,0,0,21.0,22.0,1.0
gemma-2-2b,27,freq,desc,fr,fr,petit,"Le contraire de ""petit"" est """,grand,0,1,21.0,20.875,-0.125
gemma-2-2b,27,freq,val,fr,fr,petit,"Le contraire de ""petit"" est """,grand,0,1,21.0,19.75,-1.25
gemma-2-2b,27,freq,freq,fr,fr,petit,"Le contraire de ""petit"" est """,grand,0,1,21.0,21.125,0.125
gemma-2-2b,28,desc,desc,fr,fr,froid,"Le contraire de ""froid"" est """,chaud,1,8,18.25,17.5,-0.75
gemma-2-2b,28,desc,val,fr,fr,froid,"Le contraire de ""froid"" est """,chaud,1,10,18.25,14.9375,-3.3125
gemma-2-2b,28,desc,freq,fr,fr,froid,"Le contraire de ""froid"" est """,chaud,1,5,18.25,17.625,-0.625
gemma-2-2b,28,val,desc,fr,fr,froid,"Le contraire de ""froid"" est """,chaud,1,6,18.25,17.875,-0.375
gemma-2-2b,28,val,val,fr,fr,froid,"Le contraire de ""froid"" est """,chaud,1,9,18.25,17.875,-0.375
gemma-2-2b,28,val,freq,fr,fr,froid,"Le contraire de ""froid"" est """,chaud,1,6,18.25,17.75,-0.5
gemma-2-2b,28,freq,desc,fr,fr,froid,"Le contraire de ""froid"" est """,chaud,1,10,18.25,17.0,-1.25
gemma-2-2b,28,freq,val,fr,fr,froid,"Le contraire de ""froid"" est """,chaud,1,13,18.25,14.5,-3.75
gemma-2-2b,28,freq,freq,fr,fr,froid,"Le contraire de ""froid"" est """,chaud,1,9,18.25,17.125,-1.125
gemma-2-2b,29,desc,desc,fr,fr,lent,"Le contraire de ""lent"" est """,rapide,0,0,18.375,20.0,1.625
gemma-2-2b,29,desc,val,fr,fr,lent,"Le contraire de ""lent"" est """,rapide,0,0,18.375,17.75,-0.625
gemma-2-2b,29,desc,freq,fr,fr,lent,"Le contraire de ""lent"" est """,rapide,0,6,18.375,18.75,0.375
gemma-2-2b,29,val,desc,fr,fr,lent,"Le contraire de ""lent"" est """,rapide,0,0,18.375,19.75,1.375
gemma-2-2b,29,val,val,fr,fr,lent,"Le contraire de ""lent"" est """,rapide,0,0,18.375,20.875,2.5
gemma-2-2b,29,val,freq,fr,fr,lent,"Le contraire de ""lent"" est """,rapide,0,10,18.375,18.0,-0.375
gemma-2-2b,29,freq,desc,fr,fr,lent,"Le contraire de ""lent"" est """,rapide,0,0,18.375,20.375,2.0
gemma-2-2b,29,freq,val,fr,fr,lent,"Le contraire de ""lent"" est """,rapide,0,0,18.375,18.0,-0.375
gemma-2-2b,29,freq,freq,fr,fr,lent,"Le contraire de ""lent"" est """,rapide,0,0,18.375,20.125,1.75
gemma-2-2b,30,desc,desc,fr,fr,lourd,"Le contraire de ""lourd"" est """,léger,0,0,19.75,21.375,1.625
gemma-2-2b,30,desc,val,fr,fr,lourd,"Le contraire de ""lourd"" est """,léger,0,0,19.75,19.25,-0.5
gemma-2-2b,30,desc,freq,fr,fr,lourd,"Le contraire de ""lourd"" est """,léger,0,0,19.75,20.375,0.625
gemma-2-2b,30,val,desc,fr,fr,lourd,"Le contraire de ""lourd"" est """,léger,0,0,19.75,20.875,1.125
gemma-2-2b,30,val,val,fr,fr,lourd,"Le contraire de ""lourd"" est """,léger,0,0,19.75,21.375,1.625
gemma-2-2b,30,val,freq,fr,fr,lourd,"Le contraire de ""lourd"" est """,léger,0,0,19.75,20.25,0.5
gemma-2-2b,30,freq,desc,fr,fr,lourd,"Le contraire de ""lourd"" est """,léger,0,0,19.75,20.875,1.125
gemma-2-2b,30,freq,val,fr,fr,lourd,"Le contraire de ""lourd"" est """,léger,0,0,19.75,18.875,-0.875
gemma-2-2b,30,freq,freq,fr,fr,lourd,"Le contraire de ""lourd"" est """,léger,0,0,19.75,21.0,1.25
gemma-2-2b,31,desc,desc,fr,fr,difficile,"Le contraire de ""difficile"" est """,facile,0,0,22.25,22.625,0.375
gemma-2-2b,31,desc,val,fr,fr,difficile,"Le contraire de ""difficile"" est """,facile,0,0,22.25,21.875,-0.375
gemma-2-2b,31,desc,freq,fr,fr,difficile,"Le contraire de ""difficile"" est """,facile,0,0,22.25,23.375,1.125
gemma-2-2b,31,val,desc,fr,fr,difficile,"Le contraire de ""difficile"" est """,facile,0,0,22.25,23.0,0.75
gemma-2-2b,31,val,val,fr,fr,difficile,"Le contraire de ""difficile"" est """,facile,0,0,22.25,23.25,1.0
gemma-2-2b,31,val,freq,fr,fr,difficile,"Le contraire de ""difficile"" est """,facile,0,0,22.25,22.875,0.625
gemma-2-2b,31,freq,desc,fr,fr,difficile,"Le contraire de ""difficile"" est """,facile,0,0,22.25,21.875,-0.375
gemma-2-2b,31,freq,val,fr,fr,difficile,"Le contraire de ""difficile"" est """,facile,0,0,22.25,21.125,-1.125
gemma-2-2b,31,freq,freq,fr,fr,difficile,"Le contraire de ""difficile"" est """,facile,0,0,22.25,21.875,-0.375
gemma-2-2b,32,desc,desc,fr,fr,vieux,"Le contraire de ""vieux"" est """,nouveau,0,0,20.625,20.5,-0.125
gemma-2-2b,32,desc,val,fr,fr,vieux,"Le contraire de ""vieux"" est """,nouveau,0,0,20.625,19.25,-1.375
gemma-2-2b,32,desc,freq,fr,fr,vieux,"Le contraire de ""vieux"" est """,nouveau,0,2,20.625,19.0,-1.625
gemma-2-2b,32,val,desc,fr,fr,vieux,"Le contraire de ""vieux"" est """,nouveau,0,0,20.625,20.25,-0.375
gemma-2-2b,32,val,val,fr,fr,vieux,"Le contraire de ""vieux"" est """,nouveau,0,0,20.625,21.0,0.375
gemma-2-2b,32,val,freq,fr,fr,vieux,"Le contraire de ""vieux"" est """,nouveau,0,4,20.625,18.75,-1.875
gemma-2-2b,32,freq,desc,fr,fr,vieux,"Le contraire de ""vieux"" est """,nouveau,0,0,20.625,19.5,-1.125
gemma-2-2b,32,freq,val,fr,fr,vieux,"Le contraire de ""vieux"" est """,nouveau,0,0,20.625,18.625,-2.0
gemma-2-2b,32,freq,freq,fr,fr,vieux,"Le contraire de ""vieux"" est """,nouveau,0,0,20.625,19.875,-0.75
gemma-2-2b,33,desc,desc,fr,fr,faux,"Le contraire de ""faux"" est """,vrai,0,1,18.375,17.125,-1.25
gemma-2-2b,33,desc,val,fr,fr,faux,"Le contraire de ""faux"" est """,vrai,0,1,18.375,17.125,-1.25
gemma-2-2b,33,desc,freq,fr,fr,faux,"Le contraire de ""faux"" est """,vrai,0,1,18.375,18.875,0.5
gemma-2-2b,33,val,desc,fr,fr,faux,"Le contraire de ""faux"" est """,vrai,0,0,18.375,20.125,1.75
gemma-2-2b,33,val,val,fr,fr,faux,"Le contraire de ""faux"" est """,vrai,0,1,18.375,19.125,0.75
gemma-2-2b,33,val,freq,fr,fr,faux,"Le contraire de ""faux"" est """,vrai,0,1,18.375,19.875,1.5
gemma-2-2b,33,freq,desc,fr,fr,faux,"Le contraire de ""faux"" est """,vrai,0,2,18.375,16.75,-1.625
gemma-2-2b,33,freq,val,fr,fr,faux,"Le contraire de ""faux"" est """,vrai,0,4,18.375,15.375,-3.0
gemma-2-2b,33,freq,freq,fr,fr,faux,"Le contraire de ""faux"" est """,vrai,0,2,18.375,17.0,-1.375
gemma-2-2b,34,desc,desc,fr,fr,mort,"Le contraire de ""mort"" est """,vivant,0,0,21.625,22.75,1.125
gemma-2-2b,34,desc,val,fr,fr,mort,"Le contraire de ""mort"" est """,vivant,0,0,21.625,22.125,0.5
gemma-2-2b,34,desc,freq,fr,fr,mort,"Le contraire de ""mort"" est """,vivant,0,0,21.625,22.625,1.0
gemma-2-2b,34,val,desc,fr,fr,mort,"Le contraire de ""mort"" est """,vivant,0,0,21.625,23.375,1.75
gemma-2-2b,34,val,val,fr,fr,mort,"Le contraire de ""mort"" est """,vivant,0,0,21.625,23.375,1.75
gemma-2-2b,34,val,freq,fr,fr,mort,"Le contraire de ""mort"" est """,vivant,0,0,21.625,22.0,0.375
gemma-2-2b,34,freq,desc,fr,fr,mort,"Le contraire de ""mort"" est """,vivant,0,0,21.625,22.75,1.125
gemma-2-2b,34,freq,val,fr,fr,mort,"Le contraire de ""mort"" est """,vivant,0,0,21.625,21.25,-0.375
gemma-2-2b,34,freq,freq,fr,fr,mort,"Le contraire de ""mort"" est """,vivant,0,0,21.625,22.75,1.125
gemma-2-2b,35,desc,desc,fr,fr,vide,"Le contraire de ""vide"" est """,plein,0,0,21.875,22.125,0.25
gemma-2-2b,35,desc,val,fr,fr,vide,"Le contraire de ""vide"" est """,plein,0,0,21.875,20.875,-1.0
gemma-2-2b,35,desc,freq,fr,fr,vide,"Le contraire de ""vide"" est """,plein,0,0,21.875,21.25,-0.625
gemma-2-2b,35,val,desc,fr,fr,vide,"Le contraire de ""vide"" est """,plein,0,0,21.875,21.5,-0.375
gemma-2-2b,35,val,val,fr,fr,vide,"Le contraire de ""vide"" est """,plein,0,0,21.875,21.875,0.0
gemma-2-2b,35,val,freq,fr,fr,vide,"Le contraire de ""vide"" est """,plein,0,0,21.875,21.25,-0.625
gemma-2-2b,35,freq,desc,fr,fr,vide,"Le contraire de ""vide"" est """,plein,0,2,21.875,20.375,-1.5
gemma-2-2b,35,freq,val,fr,fr,vide,"Le contraire de ""vide"" est """,plein,0,1,21.875,19.875,-2.0
gemma-2-2b,35,freq,freq,fr,fr,vide,"Le contraire de ""vide"" est """,plein,0,1,21.875,20.875,-1.0
gemma-2-2b,36,desc,desc,fr,fr,sombre,"Le contraire de ""sombre"" est """,clair,0,0,20.75,19.625,-1.125
gemma-2-2b,36,desc,val,fr,fr,sombre,"Le contraire de ""sombre"" est """,clair,0,2,20.75,17.25,-3.5
gemma-2-2b,36,desc,freq,fr,fr,sombre,"Le contraire de ""sombre"" est """,clair,0,15,20.75,17.5,-3.25
gemma-2-2b,36,val,desc,fr,fr,sombre,"Le contraire de ""sombre"" est """,clair,0,0,20.75,19.625,-1.125
gemma-2-2b,36,val,val,fr,fr,sombre,"Le contraire de ""sombre"" est """,clair,0,0,20.75,20.0,-0.75
gemma-2-2b,36,val,freq,fr,fr,sombre,"Le contraire de ""sombre"" est """,clair,0,4,20.75,17.125,-3.625
gemma-2-2b,36,freq,desc,fr,fr,sombre,"Le contraire de ""sombre"" est """,clair,0,0,20.75,18.875,-1.875
gemma-2-2b,36,freq,val,fr,fr,sombre,"Le contraire de ""sombre"" est """,clair,0,0,20.75,17.125,-3.625
gemma-2-2b,36,freq,freq,fr,fr,sombre,"Le contraire de ""sombre"" est """,clair,0,0,20.75,19.25,-1.5
gemma-2-2b,37,desc,desc,fr,fr,faible,"Le contraire de ""faible"" est """,fort,0,0,20.25,21.875,1.625
gemma-2-2b,37,desc,val,fr,fr,faible,"Le contraire de ""faible"" est """,fort,0,0,20.25,20.375,0.125
gemma-2-2b,37,desc,freq,fr,fr,faible,"Le contraire de ""faible"" est """,fort,0,1,20.25,21.25,1.0
gemma-2-2b,37,val,desc,fr,fr,faible,"Le contraire de ""faible"" est """,fort,0,0,20.25,21.5,1.25
gemma-2-2b,37,val,val,fr,fr,faible,"Le contraire de ""faible"" est """,fort,0,0,20.25,21.875,1.625
gemma-2-2b,37,val,freq,fr,fr,faible,"Le contraire de ""faible"" est """,fort,0,1,20.25,21.0,0.75
gemma-2-2b,37,freq,desc,fr,fr,faible,"Le contraire de ""faible"" est """,fort,0,2,20.25,20.125,-0.125
gemma-2-2b,37,freq,val,fr,fr,faible,"Le contraire de ""faible"" est """,fort,0,3,20.25,18.125,-2.125
gemma-2-2b,37,freq,freq,fr,fr,faible,"Le contraire de ""faible"" est """,fort,0,1,20.25,20.25,0.0
gemma-2-2b,38,desc,desc,fr,fr,sale,"Le contraire de ""sale"" est """,propre,5,16,15.125,15.125,0.0
gemma-2-2b,38,desc,val,fr,fr,sale,"Le contraire de ""sale"" est """,propre,5,26,15.125,12.0625,-3.0625
gemma-2-2b,38,desc,freq,fr,fr,sale,"Le contraire de ""sale"" est """,propre,5,73,15.125,13.75,-1.375
gemma-2-2b,38,val,desc,fr,fr,sale,"Le contraire de ""sale"" est """,propre,5,21,15.125,13.9375,-1.1875
gemma-2-2b,38,val,val,fr,fr,sale,"Le contraire de ""sale"" est """,propre,5,18,15.125,15.8125,0.6875
gemma-2-2b,38,val,freq,fr,fr,sale,"Le contraire de ""sale"" est """,propre,5,67,15.125,13.125,-2.0
gemma-2-2b,38,freq,desc,fr,fr,sale,"Le contraire de ""sale"" est """,propre,5,31,15.125,14.5625,-0.5625
gemma-2-2b,38,freq,val,fr,fr,sale,"Le contraire de ""sale"" est """,propre,5,37,15.125,11.375,-3.75
gemma-2-2b,38,freq,freq,fr,fr,sale,"Le contraire de ""sale"" est """,propre,5,34,15.125,14.5,-0.625
gemma-2-2b,39,desc,desc,fr,fr,fermé,"Le contraire de ""fermé"" est """,ouvert,0,2,19.125,19.375,0.25
gemma-2-2b,39,desc,val,fr,fr,fermé,"Le contraire de ""fermé"" est """,ouvert,0,4,19.125,16.75,-2.375
gemma-2-2b,39,desc,freq,fr,fr,fermé,"Le contraire de ""fermé"" est """,ouvert,0,16,19.125,16.125,-3.0
gemma-2-2b,39,val,desc,fr,fr,fermé,"Le contraire de ""fermé"" est """,ouvert,0,3,19.125,18.75,-0.375
gemma-2-2b,39,val,val,fr,fr,fermé,"Le contraire de ""fermé"" est """,ouvert,0,2,19.125,19.75,0.625
gemma-2-2b,39,val,freq,fr,fr,fermé,"Le contraire de ""fermé"" est """,ouvert,0,21,19.125,15.375,-3.75
gemma-2-2b,39,freq,desc,fr,fr,fermé,"Le contraire de ""fermé"" est """,ouvert,0,5,19.125,18.125,-1.0
gemma-2-2b,39,freq,val,fr,fr,fermé,"Le contraire de ""fermé"" est """,ouvert,0,7,19.125,16.0,-3.125
gemma-2-2b,39,freq,freq,fr,fr,fermé,"Le contraire de ""fermé"" est """,ouvert,0,5,19.125,17.875,-1.25
gemma-2-2b,40,desc,desc,fr,fr,pauvre,"Le contraire de ""pauvre"" est """,riche,0,0,20.25,20.5,0.25
gemma-2-2b,40,desc,val,fr,fr,pauvre,"Le contraire de ""pauvre"" est """,riche,0,0,20.25,19.125,-1.125
gemma-2-2b,40,desc,freq,fr,fr,pauvre,"Le contraire de ""pauvre"" est """,riche,0,9,20.25,17.25,-3.0
gemma-2-2b,40,val,desc,fr,fr,pauvre,"Le contraire de ""pauvre"" est """,riche,0,0,20.25,20.25,0.0
gemma-2-2b,40,val,val,fr,fr,pauvre,"Le contraire de ""pauvre"" est """,riche,0,0,20.25,21.25,1.0
gemma-2-2b,40,val,freq,fr,fr,pauvre,"Le contraire de ""pauvre"" est """,riche,0,7,20.25,17.75,-2.5
gemma-2-2b,40,freq,desc,fr,fr,pauvre,"Le contraire de ""pauvre"" est """,riche,0,0,20.25,21.125,0.875
gemma-2-2b,40,freq,val,fr,fr,pauvre,"Le contraire de ""pauvre"" est """,riche,0,0,20.25,18.875,-1.375
gemma-2-2b,40,freq,freq,fr,fr,pauvre,"Le contraire de ""pauvre"" est """,riche,0,0,20.25,20.75,0.5
gemma-2-2b,41,desc,desc,fr,fr,laid,"Le contraire de ""laid"" est """,joli,21,47,20.25,20.75,0.5
gemma-2-2b,41,desc,val,fr,fr,laid,"Le contraire de ""laid"" est """,joli,21,68,20.25,18.25,-2.0
gemma-2-2b,41,desc,freq,fr,fr,laid,"Le contraire de ""laid"" est """,joli,21,107,20.25,18.25,-2.0
gemma-2-2b,41,val,desc,fr,fr,laid,"Le contraire de ""laid"" est """,joli,21,49,20.25,20.125,-0.125
gemma-2-2b,41,val,val,fr,fr,laid,"Le contraire de ""laid"" est """,joli,21,42,20.25,21.125,0.875
gemma-2-2b,41,val,freq,fr,fr,laid,"Le contraire de ""laid"" est """,joli,21,130,20.25,18.125,-2.125
gemma-2-2b,41,freq,desc,fr,fr,laid,"Le contraire de ""laid"" est """,joli,21,47,20.25,21.125,0.875
gemma-2-2b,41,freq,val,fr,fr,laid,"Le contraire de ""laid"" est """,joli,21,42,20.25,18.875,-1.375
gemma-2-2b,41,freq,freq,fr,fr,laid,"Le contraire de ""laid"" est """,joli,21,41,20.25,21.0,0.75
gemma-2-2b,42,desc,desc,fr,fr,court,"Le contraire de ""court"" est """,long,0,0,22.25,23.0,0.75
gemma-2-2b,42,desc,val,fr,fr,court,"Le contraire de ""court"" est """,long,0,0,22.25,21.625,-0.625
gemma-2-2b,42,desc,freq,fr,fr,court,"Le contraire de ""court"" est """,long,0,0,22.25,20.75,-1.5
gemma-2-2b,42,val,desc,fr,fr,court,"Le contraire de ""court"" est """,long,0,0,22.25,22.875,0.625
gemma-2-2b,42,val,val,fr,fr,court,"Le contraire de ""court"" est """,long,0,0,22.25,23.375,1.125
gemma-2-2b,42,val,freq,fr,fr,court,"Le contraire de ""court"" est """,long,0,0,22.25,20.75,-1.5
gemma-2-2b,42,freq,desc,fr,fr,court,"Le contraire de ""court"" est """,long,0,0,22.25,22.5,0.25
gemma-2-2b,42,freq,val,fr,fr,court,"Le contraire de ""court"" est """,long,0,0,22.25,21.25,-1.0
gemma-2-2b,42,freq,freq,fr,fr,court,"Le contraire de ""court"" est """,long,0,0,22.25,22.625,0.375
gemma-2-2b,43,desc,desc,fr,fr,étroit,"Le contraire de ""étroit"" est """,large,0,2,20.25,20.0,-0.25
gemma-2-2b,43,desc,val,fr,fr,étroit,"Le contraire de ""étroit"" est """,large,0,1,20.25,18.25,-2.0
gemma-2-2b,43,desc,freq,fr,fr,étroit,"Le contraire de ""étroit"" est """,large,0,7,20.25,19.25,-1.0
gemma-2-2b,43,val,desc,fr,fr,étroit,"Le contraire de ""étroit"" est """,large,0,1,20.25,19.875,-0.375
gemma-2-2b,43,val,val,fr,fr,étroit,"Le contraire de ""étroit"" est """,large,0,2,20.25,20.375,0.125
gemma-2-2b,43,val,freq,fr,fr,étroit,"Le contraire de ""étroit"" est """,large,0,8,20.25,18.875,-1.375
gemma-2-2b,43,freq,desc,fr,fr,étroit,"Le contraire de ""étroit"" est """,large,0,5,20.25,19.875,-0.375
gemma-2-2b,43,freq,val,fr,fr,étroit,"Le contraire de ""étroit"" est """,large,0,5,20.25,17.875,-2.375
gemma-2-2b,43,freq,freq,fr,fr,étroit,"Le contraire de ""étroit"" est """,large,0,5,20.25,19.75,-0.5
gemma-2-2b,44,desc,desc,fr,fr,mou,"Le contraire de ""mou"" est """,dur,55,78,18.625,19.5,0.875
gemma-2-2b,44,desc,val,fr,fr,mou,"Le contraire de ""mou"" est """,dur,55,65,18.625,17.75,-0.875
gemma-2-2b,44,desc,freq,fr,fr,mou,"Le contraire de ""mou"" est """,dur,55,739,18.625,16.125,-2.5
gemma-2-2b,44,val,desc,fr,fr,mou,"Le contraire de ""mou"" est """,dur,55,70,18.625,19.5,0.875
gemma-2-2b,44,val,val,fr,fr,mou,"Le contraire de ""mou"" est """,dur,55,103,18.625,19.75,1.125
gemma-2-2b,44,val,freq,fr,fr,mou,"Le contraire de ""mou"" est """,dur,55,597,18.625,16.125,-2.5
gemma-2-2b,44,freq,desc,fr,fr,mou,"Le contraire de ""mou"" est """,dur,55,209,18.625,19.0,0.375
gemma-2-2b,44,freq,val,fr,fr,mou,"Le contraire de ""mou"" est """,dur,55,159,18.625,16.75,-1.875
gemma-2-2b,44,freq,freq,fr,fr,mou,"Le contraire de ""mou"" est """,dur,55,153,18.625,19.125,0.5
gemma-2-2b,45,desc,desc,fr,fr,humide,"Le contraire de ""humide"" est """,sec,0,0,20.25,21.125,0.875
gemma-2-2b,45,desc,val,fr,fr,humide,"Le contraire de ""humide"" est """,sec,0,1,20.25,19.25,-1.0
gemma-2-2b,45,desc,freq,fr,fr,humide,"Le contraire de ""humide"" est """,sec,0,0,20.25,20.5,0.25
gemma-2-2b,45,val,desc,fr,fr,humide,"Le contraire de ""humide"" est """,sec,0,1,20.25,20.875,0.625
gemma-2-2b,45,val,val,fr,fr,humide,"Le contraire de ""humide"" est """,sec,0,0,20.25,21.125,0.875
gemma-2-2b,45,val,freq,fr,fr,humide,"Le contraire de ""humide"" est """,sec,0,1,20.25,19.75,-0.5
gemma-2-2b,45,freq,desc,fr,fr,humide,"Le contraire de ""humide"" est """,sec,0,2,20.25,20.25,0.0
gemma-2-2b,45,freq,val,fr,fr,humide,"Le contraire de ""humide"" est """,sec,0,3,20.25,18.125,-2.125
gemma-2-2b,45,freq,freq,fr,fr,humide,"Le contraire de ""humide"" est """,sec,0,3,20.25,20.125,-0.125
gemma-2-2b,46,desc,desc,fr,fr,silencieux,"Le contraire de ""silencieux"" est """,bruyant,1,3,18.75,19.25,0.5
gemma-2-2b,46,desc,val,fr,fr,silencieux,"Le contraire de ""silencieux"" est """,bruyant,1,2,18.75,17.75,-1.0
gemma-2-2b,46,desc,freq,fr,fr,silencieux,"Le contraire de ""silencieux"" est """,bruyant,1,5,18.75,18.875,0.125
gemma-2-2b,46,val,desc,fr,fr,silencieux,"Le contraire de ""silencieux"" est """,bruyant,1,1,18.75,20.0,1.25
gemma-2-2b,46,val,val,fr,fr,silencieux,"Le contraire de ""silencieux"" est """,bruyant,1,10,18.75,19.125,0.375
gemma-2-2b,46,val,freq,fr,fr,silencieux,"Le contraire de ""silencieux"" est """,bruyant,1,4,18.75,19.125,0.375
gemma-2-2b,46,freq,desc,fr,fr,silencieux,"Le contraire de ""silencieux"" est """,bruyant,1,27,18.75,18.375,-0.375
gemma-2-2b,46,freq,val,fr,fr,silencieux,"Le contraire de ""silencieux"" est """,bruyant,1,23,18.75,16.25,-2.5
gemma-2-2b,46,freq,freq,fr,fr,silencieux,"Le contraire de ""silencieux"" est """,bruyant,1,29,18.75,18.125,-0.625
gemma-2-2b,47,desc,desc,fr,fr,tard,"Le contraire de ""tard"" est """,tôt,0,0,18.125,18.75,0.625
gemma-2-2b,47,desc,val,fr,fr,tard,"Le contraire de ""tard"" est """,tôt,0,0,18.125,16.5,-1.625
gemma-2-2b,47,desc,freq,fr,fr,tard,"Le contraire de ""tard"" est """,tôt,0,3,18.125,18.25,0.125
gemma-2-2b,47,val,desc,fr,fr,tard,"Le contraire de ""tard"" est """,tôt,0,0,18.125,18.875,0.75
gemma-2-2b,47,val,val,fr,fr,tard,"Le contraire de ""tard"" est """,tôt,0,0,18.125,19.25,1.125
gemma-2-2b,47,val,freq,fr,fr,tard,"Le contraire de ""tard"" est """,tôt,0,1,18.125,19.125,1.0
gemma-2-2b,47,freq,desc,fr,fr,tard,"Le contraire de ""tard"" est """,tôt,0,0,18.125,18.125,0.0
gemma-2-2b,47,freq,val,fr,fr,tard,"Le contraire de ""tard"" est """,tôt,0,0,18.125,16.25,-1.875
gemma-2-2b,47,freq,freq,fr,fr,tard,"Le contraire de ""tard"" est """,tôt,0,0,18.125,18.5,0.375
gemma-2-2b,48,desc,desc,fr,fr,loin,"Le contraire de ""loin"" est """,proche,0,0,21.5,22.125,0.625
gemma-2-2b,48,desc,val,fr,fr,loin,"Le contraire de ""loin"" est """,proche,0,0,21.5,21.125,-0.375
gemma-2-2b,48,desc,freq,fr,fr,loin,"Le contraire de ""loin"" est """,proche,0,1,21.5,20.0,-1.5
gemma-2-2b,48,val,desc,fr,fr,loin,"Le contraire de ""loin"" est """,proche,0,0,21.5,22.25,0.75
gemma-2-2b,48,val,val,fr,fr,loin,"Le contraire de ""loin"" est """,proche,0,0,21.5,23.125,1.625
gemma-2-2b,48,val,freq,fr,fr,loin,"Le contraire de ""loin"" est """,proche,0,1,21.5,20.125,-1.375
gemma-2-2b,48,freq,desc,fr,fr,loin,"Le contraire de ""loin"" est """,proche,0,0,21.5,21.625,0.125
gemma-2-2b,48,freq,val,fr,fr,loin,"Le contraire de ""loin"" est """,proche,0,0,21.5,20.25,-1.25
gemma-2-2b,48,freq,freq,fr,fr,loin,"Le contraire de ""loin"" est """,proche,0,0,21.5,21.625,0.125
gemma-2-2b,49,desc,desc,fr,fr,peu profond,"Le contraire de ""peu profond"" est """,profond,0,0,22.5,24.375,1.875
gemma-2-2b,49,desc,val,fr,fr,peu profond,"Le contraire de ""peu profond"" est """,profond,0,0,22.5,23.875,1.375
gemma-2-2b,49,desc,freq,fr,fr,peu profond,"Le contraire de ""peu profond"" est """,profond,0,0,22.5,24.25,1.75
gemma-2-2b,49,val,desc,fr,fr,peu profond,"Le contraire de ""peu profond"" est """,profond,0,0,22.5,24.125,1.625
gemma-2-2b,49,val,val,fr,fr,peu profond,"Le contraire de ""peu profond"" est """,profond,0,0,22.5,25.25,2.75
gemma-2-2b,49,val,freq,fr,fr,peu profond,"Le contraire de ""peu profond"" est """,profond,0,0,22.5,23.75,1.25
gemma-2-2b,49,freq,desc,fr,fr,peu profond,"Le contraire de ""peu profond"" est """,profond,0,0,22.5,24.5,2.0
gemma-2-2b,49,freq,val,fr,fr,peu profond,"Le contraire de ""peu profond"" est """,profond,0,0,22.5,23.5,1.0
gemma-2-2b,49,freq,freq,fr,fr,peu profond,"Le contraire de ""peu profond"" est """,profond,0,0,22.5,24.5,2.0
gemma-2-2b,50,desc,desc,fr,fr,jeune,"Le contraire de ""jeune"" est """,vieux,0,1,21.5,20.875,-0.625
gemma-2-2b,50,desc,val,fr,fr,jeune,"Le contraire de ""jeune"" est """,vieux,0,1,21.5,19.25,-2.25
gemma-2-2b,50,desc,freq,fr,fr,jeune,"Le contraire de ""jeune"" est """,vieux,0,1,21.5,20.125,-1.375
gemma-2-2b,50,val,desc,fr,fr,jeune,"Le contraire de ""jeune"" est """,vieux,0,1,21.5,21.0,-0.5
gemma-2-2b,50,val,val,fr,fr,jeune,"Le contraire de ""jeune"" est """,vieux,0,1,21.5,21.25,-0.25
gemma-2-2b,50,val,freq,fr,fr,jeune,"Le contraire de ""jeune"" est """,vieux,0,1,21.5,19.875,-1.625
gemma-2-2b,50,freq,desc,fr,fr,jeune,"Le contraire de ""jeune"" est """,vieux,0,2,21.5,19.75,-1.75
gemma-2-2b,50,freq,val,fr,fr,jeune,"Le contraire de ""jeune"" est """,vieux,0,1,21.5,18.375,-3.125
gemma-2-2b,50,freq,freq,fr,fr,jeune,"Le contraire de ""jeune"" est """,vieux,0,2,21.5,20.0,-1.5
gemma-2-2b,51,desc,desc,fr,fr,gentil,"Le contraire de ""gentil"" est """,méchant,2,15,19.375,19.5,0.125
gemma-2-2b,51,desc,val,fr,fr,gentil,"Le contraire de ""gentil"" est """,méchant,2,35,19.375,16.5,-2.875
gemma-2-2b,51,desc,freq,fr,fr,gentil,"Le contraire de ""gentil"" est """,méchant,2,101,19.375,16.625,-2.75
gemma-2-2b,51,val,desc,fr,fr,gentil,"Le contraire de ""gentil"" est """,méchant,2,40,19.375,18.375,-1.0
gemma-2-2b,51,val,val,fr,fr,gentil,"Le contraire de ""gentil"" est """,méchant,2,21,19.375,19.625,0.25
gemma-2-2b,51,val,freq,fr,fr,gentil,"Le contraire de ""gentil"" est """,méchant,2,87,19.375,16.75,-2.625
gemma-2-2b,51,freq,desc,fr,fr,gentil,"Le contraire de ""gentil"" est """,méchant,2,27,19.375,19.375,0.0
gemma-2-2b,51,freq,val,fr,fr,gentil,"Le contraire de ""gentil"" est """,méchant,2,25,19.375,17.0,-2.375
gemma-2-2b,51,freq,freq,fr,fr,gentil,"Le contraire de ""gentil"" est """,méchant,2,21,19.375,19.5,0.125
gemma-2-2b,52,desc,desc,fr,fr,courageux,"Le contraire de ""courageux"" est """,lâche,15,22,17.25,17.75,0.5
gemma-2-2b,52,desc,val,fr,fr,courageux,"Le contraire de ""courageux"" est """,lâche,15,29,17.25,15.375,-1.875
gemma-2-2b,52,desc,freq,fr,fr,courageux,"Le contraire de ""courageux"" est """,lâche,15,12,17.25,18.0,0.75
gemma-2-2b,52,val,desc,fr,fr,courageux,"Le contraire de ""courageux"" est """,lâche,15,22,17.25,18.125,0.875
gemma-2-2b,52,val,val,fr,fr,courageux,"Le contraire de ""courageux"" est """,lâche,15,25,17.25,18.125,0.875
gemma-2-2b,52,val,freq,fr,fr,courageux,"Le contraire de ""courageux"" est """,lâche,15,11,17.25,18.625,1.375
gemma-2-2b,52,freq,desc,fr,fr,courageux,"Le contraire de ""courageux"" est """,lâche,15,23,17.25,18.25,1.0
gemma-2-2b,52,freq,val,fr,fr,courageux,"Le contraire de ""courageux"" est """,lâche,15,17,17.25,15.8125,-1.4375
gemma-2-2b,52,freq,freq,fr,fr,courageux,"Le contraire de ""courageux"" est """,lâche,15,22,17.25,18.0,0.75
gemma-2-2b,53,desc,desc,fr,fr,sage,"Le contraire de ""sage"" est """,stupide,9,4,17.875,19.5,1.625
gemma-2-2b,53,desc,val,fr,fr,sage,"Le contraire de ""sage"" est """,stupide,9,4,17.875,16.875,-1.0
gemma-2-2b,53,desc,freq,fr,fr,sage,"Le contraire de ""sage"" est """,stupide,9,11,17.875,19.125,1.25
gemma-2-2b,53,val,desc,fr,fr,sage,"Le contraire de ""sage"" est """,stupide,9,19,17.875,18.125,0.25
gemma-2-2b,53,val,val,fr,fr,sage,"Le contraire de ""sage"" est """,stupide,9,5,17.875,19.875,2.0
gemma-2-2b,53,val,freq,fr,fr,sage,"Le contraire de ""sage"" est """,stupide,9,42,17.875,17.75,-0.125
gemma-2-2b,53,freq,desc,fr,fr,sage,"Le contraire de ""sage"" est """,stupide,9,3,17.875,20.25,2.375
gemma-2-2b,53,freq,val,fr,fr,sage,"Le contraire de ""sage"" est """,stupide,9,4,17.875,17.875,0.0
gemma-2-2b,53,freq,freq,fr,fr,sage,"Le contraire de ""sage"" est """,stupide,9,3,17.875,20.125,2.25
gemma-2-2b,54,desc,desc,fr,fr,poli,"Le contraire de ""poli"" est """,impoli,10,10,19.75,20.375,0.625
gemma-2-2b,54,desc,val,fr,fr,poli,"Le contraire de ""poli"" est """,impoli,10,9,19.75,19.25,-0.5
gemma-2-2b,54,desc,freq,fr,fr,poli,"Le contraire de ""poli"" est """,impoli,10,9,19.75,20.375,0.625
gemma-2-2b,54,val,desc,fr,fr,poli,"Le contraire de ""poli"" est """,impoli,10,5,19.75,21.625,1.875
gemma-2-2b,54,val,val,fr,fr,poli,"Le contraire de ""poli"" est """,impoli,10,13,19.75,21.25,1.5
gemma-2-2b,54,val,freq,fr,fr,poli,"Le contraire de ""poli"" est """,impoli,10,6,19.75,21.25,1.5
gemma-2-2b,54,freq,desc,fr,fr,poli,"Le contraire de ""poli"" est """,impoli,10,8,19.75,21.0,1.25
gemma-2-2b,54,freq,val,fr,fr,poli,"Le contraire de ""poli"" est """,impoli,10,10,19.75,19.125,-0.625
gemma-2-2b,54,freq,freq,fr,fr,poli,"Le contraire de ""poli"" est """,impoli,10,9,19.75,20.875,1.125
gemma-2-2b,55,desc,desc,fr,fr,patient,"Le contraire de ""patient"" est """,impatient,0,0,21.75,22.875,1.125
gemma-2-2b,55,desc,val,fr,fr,patient,"Le contraire de ""patient"" est """,impatient,0,0,21.75,21.625,-0.125
gemma-2-2b,55,desc,freq,fr,fr,patient,"Le contraire de ""patient"" est """,impatient,0,0,21.75,22.625,0.875
gemma-2-2b,55,val,desc,fr,fr,patient,"Le contraire de ""patient"" est """,impatient,0,0,21.75,22.875,1.125
gemma-2-2b,55,val,val,fr,fr,patient,"Le contraire de ""patient"" est """,impatient,0,0,21.75,23.125,1.375
gemma-2-2b,55,val,freq,fr,fr,patient,"Le contraire de ""patient"" est """,impatient,0,0,21.75,22.5,0.75
gemma-2-2b,55,freq,desc,fr,fr,patient,"Le contraire de ""patient"" est """,impatient,0,1,21.75,22.875,1.125
gemma-2-2b,55,freq,val,fr,fr,patient,"Le contraire de ""patient"" est """,impatient,0,1,21.75,21.25,-0.5
gemma-2-2b,55,freq,freq,fr,fr,patient,"Le contraire de ""patient"" est """,impatient,0,1,21.75,22.75,1.0
gemma-2-2b,56,desc,desc,fr,fr,honnête,"Le contraire de ""honnête"" est """,malhonnête,4,4,19.5,20.875,1.375
gemma-2-2b,56,desc,val,fr,fr,honnête,"Le contraire de ""honnête"" est """,malhonnête,4,3,19.5,19.75,0.25
gemma-2-2b,56,desc,freq,fr,fr,honnête,"Le contraire de ""honnête"" est """,malhonnête,4,6,19.5,19.75,0.25
gemma-2-2b,56,val,desc,fr,fr,honnête,"Le contraire de ""honnête"" est """,malhonnête,4,5,19.5,20.5,1.0
gemma-2-2b,56,val,val,fr,fr,honnête,"Le contraire de ""honnête"" est """,malhonnête,4,4,19.5,21.5,2.0
gemma-2-2b,56,val,freq,fr,fr,honnête,"Le contraire de ""honnête"" est """,malhonnête,4,12,19.5,19.375,-0.125
gemma-2-2b,56,freq,desc,fr,fr,honnête,"Le contraire de ""honnête"" est """,malhonnête,4,5,19.5,21.375,1.875
gemma-2-2b,56,freq,val,fr,fr,honnête,"Le contraire de ""honnête"" est """,malhonnête,4,5,19.5,19.25,-0.25
gemma-2-2b,56,freq,freq,fr,fr,honnête,"Le contraire de ""honnête"" est """,malhonnête,4,5,19.5,21.125,1.625
gemma-2-2b,57,desc,desc,fr,fr,sûr,"Le contraire de ""sûr"" est """,dangereux,15,29,17.875,18.25,0.375
gemma-2-2b,57,desc,val,fr,fr,sûr,"Le contraire de ""sûr"" est """,dangereux,15,26,17.875,16.625,-1.25
gemma-2-2b,57,desc,freq,fr,fr,sûr,"Le contraire de ""sûr"" est """,dangereux,15,28,17.875,18.125,0.25
gemma-2-2b,57,val,desc,fr,fr,sûr,"Le contraire de ""sûr"" est """,dangereux,15,26,17.875,18.5,0.625
gemma-2-2b,57,val,val,fr,fr,sûr,"Le contraire de ""sûr"" est """,dangereux,15,22,17.875,19.375,1.5
gemma-2-2b,57,val,freq,fr,fr,sûr,"Le contraire de ""sûr"" est """,dangereux,15,23,17.875,18.625,0.75
gemma-2-2b,57,freq,desc,fr,fr,sûr,"Le contraire de ""sûr"" est """,dangereux,15,42,17.875,18.25,0.375
gemma-2-2b,57,freq,val,fr,fr,sûr,"Le contraire de ""sûr"" est """,dangereux,15,28,17.875,16.5,-1.375
gemma-2-2b,57,freq,freq,fr,fr,sûr,"Le contraire de ""sûr"" est """,dangereux,15,34,17.875,18.375,0.5
gemma-2-2b,58,desc,desc,fr,fr,actif,"Le contraire de ""actif"" est """,passif,0,0,19.625,21.375,1.75
gemma-2-2b,58,desc,val,fr,fr,actif,"Le contraire de ""actif"" est """,passif,0,0,19.625,20.375,0.75
gemma-2-2b,58,desc,freq,fr,fr,actif,"Le contraire de ""actif"" est """,passif,0,0,19.625,22.0,2.375
gemma-2-2b,58,val,desc,fr,fr,actif,"Le contraire de ""actif"" est """,passif,0,0,19.625,21.125,1.5
gemma-2-2b,58,val,val,fr,fr,actif,"Le contraire de ""actif"" est """,passif,0,0,19.625,22.625,3.0
gemma-2-2b,58,val,freq,fr,fr,actif,"Le contraire de ""actif"" est """,passif,0,0,19.625,20.875,1.25
gemma-2-2b,58,freq,desc,fr,fr,actif,"Le contraire de ""actif"" est """,passif,0,0,19.625,21.625,2.0
gemma-2-2b,58,freq,val,fr,fr,actif,"Le contraire de ""actif"" est """,passif,0,0,19.625,20.125,0.5
gemma-2-2b,58,freq,freq,fr,fr,actif,"Le contraire de ""actif"" est """,passif,0,0,19.625,21.5,1.875
gemma-2-2b,59,desc,desc,fr,fr,droit,"Le contraire de ""droit"" est """,courbe,56,140,14.4375,14.5625,0.125
gemma-2-2b,59,desc,val,fr,fr,droit,"Le contraire de ""droit"" est """,courbe,56,242,14.4375,11.125,-3.3125
gemma-2-2b,59,desc,freq,fr,fr,droit,"Le contraire de ""droit"" est """,courbe,56,140,14.4375,11.875,-2.5625
gemma-2-2b,59,val,desc,fr,fr,droit,"Le contraire de ""droit"" est """,courbe,56,225,14.4375,14.4375,0.0
gemma-2-2b,59,val,val,fr,fr,droit,"Le contraire de ""droit"" est """,courbe,56,161,14.4375,15.375,0.9375
gemma-2-2b,59,val,freq,fr,fr,droit,"Le contraire de ""droit"" est """,courbe,56,130,14.4375,12.375,-2.0625
gemma-2-2b,59,freq,desc,fr,fr,droit,"Le contraire de ""droit"" est """,courbe,56,152,14.4375,14.3125,-0.125
gemma-2-2b,59,freq,val,fr,fr,droit,"Le contraire de ""droit"" est """,courbe,56,176,14.4375,11.75,-2.6875
gemma-2-2b,59,freq,freq,fr,fr,droit,"Le contraire de ""droit"" est """,courbe,56,166,14.4375,14.6875,0.25
gemma-2-2b,60,desc,desc,fr,fr,entier,"Le contraire de ""entier"" est """,partiel,28,61,15.125,15.0,-0.125
gemma-2-2b,60,desc,val,fr,fr,entier,"Le contraire de ""entier"" est """,partiel,28,92,15.125,12.1875,-2.9375
gemma-2-2b,60,desc,freq,fr,fr,entier,"Le contraire de ""entier"" est """,partiel,28,266,15.125,12.1875,-2.9375
gemma-2-2b,60,val,desc,fr,fr,entier,"Le contraire de ""entier"" est """,partiel,28,76,15.125,14.4375,-0.6875
gemma-2-2b,60,val,val,fr,fr,entier,"Le contraire de ""entier"" est """,partiel,28,108,15.125,15.0,-0.125
gemma-2-2b,60,val,freq,fr,fr,entier,"Le contraire de ""entier"" est """,partiel,28,208,15.125,11.75,-3.375
gemma-2-2b,60,freq,desc,fr,fr,entier,"Le contraire de ""entier"" est """,partiel,28,123,15.125,14.3125,-0.8125
gemma-2-2b,60,freq,val,fr,fr,entier,"Le contraire de ""entier"" est """,partiel,28,107,15.125,11.875,-3.25
gemma-2-2b,60,freq,freq,fr,fr,entier,"Le contraire de ""entier"" est """,partiel,28,132,15.125,14.125,-1.0
gemma-2-2b,61,desc,desc,fr,fr,calme,"Le contraire de ""calme"" est """,agité,0,0,21.25,22.375,1.125
gemma-2-2b,61,desc,val,fr,fr,calme,"Le contraire de ""calme"" est """,agité,0,0,21.25,20.875,-0.375
gemma-2-2b,61,desc,freq,fr,fr,calme,"Le contraire de ""calme"" est """,agité,0,1,21.25,21.0,-0.25
gemma-2-2b,61,val,desc,fr,fr,calme,"Le contraire de ""calme"" est """,agité,0,0,21.25,22.5,1.25
gemma-2-2b,61,val,val,fr,fr,calme,"Le contraire de ""calme"" est """,agité,0,0,21.25,23.0,1.75
gemma-2-2b,61,val,freq,fr,fr,calme,"Le contraire de ""calme"" est """,agité,0,0,21.25,21.375,0.125
gemma-2-2b,61,freq,desc,fr,fr,calme,"Le contraire de ""calme"" est """,agité,0,0,21.25,22.375,1.125
gemma-2-2b,61,freq,val,fr,fr,calme,"Le contraire de ""calme"" est """,agité,0,1,21.25,20.625,-0.625
gemma-2-2b,61,freq,freq,fr,fr,calme,"Le contraire de ""calme"" est """,agité,0,0,21.25,22.375,1.125
gemma-2-2b,62,desc,desc,fr,fr,correct,"Le contraire de ""correct"" est """,incorrect,0,0,25.25,25.625,0.375
gemma-2-2b,62,desc,val,fr,fr,correct,"Le contraire de ""correct"" est """,incorrect,0,0,25.25,25.0,-0.25
gemma-2-2b,62,desc,freq,fr,fr,correct,"Le contraire de ""correct"" est """,incorrect,0,0,25.25,24.75,-0.5
gemma-2-2b,62,val,desc,fr,fr,correct,"Le contraire de ""correct"" est """,incorrect,0,0,25.25,25.5,0.25
gemma-2-2b,62,val,val,fr,fr,correct,"Le contraire de ""correct"" est """,incorrect,0,0,25.25,26.0,0.75
gemma-2-2b,62,val,freq,fr,fr,correct,"Le contraire de ""correct"" est """,incorrect,0,0,25.25,24.875,-0.375
gemma-2-2b,62,freq,desc,fr,fr,correct,"Le contraire de ""correct"" est """,incorrect,0,0,25.25,25.625,0.375
gemma-2-2b,62,freq,val,fr,fr,correct,"Le contraire de ""correct"" est """,incorrect,0,0,25.25,25.0,-0.25
gemma-2-2b,62,freq,freq,fr,fr,correct,"Le contraire de ""correct"" est """,incorrect,0,0,25.25,25.75,0.5
gemma-2-2b,63,desc,desc,fr,fr,complexe,"Le contraire de ""complexe"" est """,simple,0,0,22.875,23.25,0.375
gemma-2-2b,63,desc,val,fr,fr,complexe,"Le contraire de ""complexe"" est """,simple,0,0,22.875,22.5,-0.375
gemma-2-2b,63,desc,freq,fr,fr,complexe,"Le contraire de ""complexe"" est """,simple,0,1,22.875,23.0,0.125
gemma-2-2b,63,val,desc,fr,fr,complexe,"Le contraire de ""complexe"" est """,simple,0,0,22.875,23.0,0.125
gemma-2-2b,63,val,val,fr,fr,complexe,"Le contraire de ""complexe"" est """,simple,0,0,22.875,23.5,0.625
gemma-2-2b,63,val,freq,fr,fr,complexe,"Le contraire de ""complexe"" est """,simple,0,1,22.875,22.25,-0.625
gemma-2-2b,63,freq,desc,fr,fr,complexe,"Le contraire de ""complexe"" est """,simple,0,0,22.875,23.125,0.25
gemma-2-2b,63,freq,val,fr,fr,complexe,"Le contraire de ""complexe"" est """,simple,0,0,22.875,21.875,-1.0
gemma-2-2b,63,freq,freq,fr,fr,complexe,"Le contraire de ""complexe"" est """,simple,0,0,22.875,23.125,0.25
gemma-2-2b,64,desc,desc,fr,fr,efficace,"Le contraire de ""efficace"" est """,inefficace,0,0,23.125,24.75,1.625
gemma-2-2b,64,desc,val,fr,fr,efficace,"Le contraire de ""efficace"" est """,inefficace,0,0,23.125,23.75,0.625
gemma-2-2b,64,desc,freq,fr,fr,efficace,"Le contraire de ""efficace"" est """,inefficace,0,0,23.125,23.875,0.75
gemma-2-2b,64,val,desc,fr,fr,efficace,"Le contraire de ""efficace"" est """,inefficace,0,0,23.125,24.625,1.5
gemma-2-2b,64,val,val,fr,fr,efficace,"Le contraire de ""efficace"" est """,inefficace,0,0,23.125,25.375,2.25
gemma-2-2b,64,val,freq,fr,fr,efficace,"Le contraire de ""efficace"" est """,inefficace,0,0,23.125,23.875,0.75
gemma-2-2b,64,freq,desc,fr,fr,efficace,"Le contraire de ""efficace"" est """,inefficace,0,0,23.125,25.25,2.125
gemma-2-2b,64,freq,val,fr,fr,efficace,"Le contraire de ""efficace"" est """,inefficace,0,0,23.125,24.125,1.0
gemma-2-2b,64,freq,freq,fr,fr,efficace,"Le contraire de ""efficace"" est """,inefficace,0,0,23.125,25.25,2.125
gemma-2-2b,65,desc,desc,fr,fr,célèbre,"Le contraire de ""célèbre"" est """,obscur,9,5,19.75,20.875,1.125
gemma-2-2b,65,desc,val,fr,fr,célèbre,"Le contraire de ""célèbre"" est """,obscur,9,3,19.75,19.625,-0.125
gemma-2-2b,65,desc,freq,fr,fr,célèbre,"Le contraire de ""célèbre"" est """,obscur,9,9,19.75,20.0,0.25
gemma-2-2b,65,val,desc,fr,fr,célèbre,"Le contraire de ""célèbre"" est """,obscur,9,8,19.75,20.625,0.875
gemma-2-2b,65,val,val,fr,fr,célèbre,"Le contraire de ""célèbre"" est """,obscur,9,6,19.75,21.375,1.625
gemma-2-2b,65,val,freq,fr,fr,célèbre,"Le contraire de ""célèbre"" est """,obscur,9,16,19.75,19.625,-0.125
gemma-2-2b,65,freq,desc,fr,fr,célèbre,"Le contraire de ""célèbre"" est """,obscur,9,14,19.75,20.5,0.75
gemma-2-2b,65,freq,val,fr,fr,célèbre,"Le contraire de ""célèbre"" est """,obscur,9,9,19.75,19.0,-0.75
gemma-2-2b,65,freq,freq,fr,fr,célèbre,"Le contraire de ""célèbre"" est """,obscur,9,12,19.75,20.5,0.75
gemma-2-2b,66,desc,desc,fr,fr,généreux,"Le contraire de ""généreux"" est """,mesquin,192,127,15.375,17.0,1.625
gemma-2-2b,66,desc,val,fr,fr,généreux,"Le contraire de ""généreux"" est """,mesquin,192,139,15.375,15.0,-0.375
gemma-2-2b,66,desc,freq,fr,fr,généreux,"Le contraire de ""généreux"" est """,mesquin,192,43,15.375,17.875,2.5
gemma-2-2b,66,val,desc,fr,fr,généreux,"Le contraire de ""généreux"" est """,mesquin,192,118,15.375,17.25,1.875
gemma-2-2b,66,val,val,fr,fr,généreux,"Le contraire de ""généreux"" est """,mesquin,192,104,15.375,18.0,2.625
gemma-2-2b,66,val,freq,fr,fr,généreux,"Le contraire de ""généreux"" est """,mesquin,192,34,15.375,18.125,2.75
gemma-2-2b,66,freq,desc,fr,fr,généreux,"Le contraire de ""généreux"" est """,mesquin,192,58,15.375,18.625,3.25
gemma-2-2b,66,freq,val,fr,fr,généreux,"Le contraire de ""généreux"" est """,mesquin,192,65,15.375,16.375,1.0
gemma-2-2b,66,freq,freq,fr,fr,généreux,"Le contraire de ""généreux"" est """,mesquin,192,64,15.375,18.25,2.875
gemma-2-2b,67,desc,desc,fr,fr,content,"Le contraire de ""content"" est """,insatisfait,16,13,19.125,19.75,0.625
gemma-2-2b,67,desc,val,fr,fr,content,"Le contraire de ""content"" est """,insatisfait,16,12,19.125,18.5,-0.625
gemma-2-2b,67,desc,freq,fr,fr,content,"Le contraire de ""content"" est """,insatisfait,16,10,19.125,20.375,1.25
gemma-2-2b,67,val,desc,fr,fr,content,"Le contraire de ""content"" est """,insatisfait,16,9,19.125,21.0,1.875
gemma-2-2b,67,val,val,fr,fr,content,"Le contraire de ""content"" est """,insatisfait,16,13,19.125,20.875,1.75
gemma-2-2b,67,val,freq,fr,fr,content,"Le contraire de ""content"" est """,insatisfait,16,13,19.125,20.0,0.875
gemma-2-2b,67,freq,desc,fr,fr,content,"Le contraire de ""content"" est """,insatisfait,16,14,19.125,19.5,0.375
gemma-2-2b,67,freq,val,fr,fr,content,"Le contraire de ""content"" est """,insatisfait,16,14,19.125,17.875,-1.25
gemma-2-2b,67,freq,freq,fr,fr,content,"Le contraire de ""content"" est """,insatisfait,16,15,19.125,19.625,0.5
gemma-2-2b,68,desc,desc,fr,fr,sain,"Le contraire de ""sain"" est """,malade,1,6,19.125,18.25,-0.875
gemma-2-2b,68,desc,val,fr,fr,sain,"Le contraire de ""sain"" est """,malade,1,22,19.125,14.9375,-4.1875
gemma-2-2b,68,desc,freq,fr,fr,sain,"Le contraire de ""sain"" est """,malade,1,54,19.125,16.25,-2.875
gemma-2-2b,68,val,desc,fr,fr,sain,"Le contraire de ""sain"" est """,malade,1,4,19.125,19.0,-0.125
gemma-2-2b,68,val,val,fr,fr,sain,"Le contraire de ""sain"" est """,malade,1,6,19.125,19.125,0.0
gemma-2-2b,68,val,freq,fr,fr,sain,"Le contraire de ""sain"" est """,malade,1,15,19.125,17.75,-1.375
gemma-2-2b,68,freq,desc,fr,fr,sain,"Le contraire de ""sain"" est """,malade,1,31,19.125,17.0,-2.125
gemma-2-2b,68,freq,val,fr,fr,sain,"Le contraire de ""sain"" est """,malade,1,24,19.125,14.6875,-4.4375
gemma-2-2b,68,freq,freq,fr,fr,sain,"Le contraire de ""sain"" est """,malade,1,26,19.125,17.25,-1.875
gemma-2-2b,69,desc,desc,fr,fr,haut,"Le contraire de ""haut"" est """,bas,0,0,21.0,20.25,-0.75
gemma-2-2b,69,desc,val,fr,fr,haut,"Le contraire de ""haut"" est """,bas,0,0,21.0,19.5,-1.5
gemma-2-2b,69,desc,freq,fr,fr,haut,"Le contraire de ""haut"" est """,bas,0,0,21.0,21.375,0.375
gemma-2-2b,69,val,desc,fr,fr,haut,"Le contraire de ""haut"" est """,bas,0,0,21.0,20.125,-0.875
gemma-2-2b,69,val,val,fr,fr,haut,"Le contraire de ""haut"" est """,bas,0,0,21.0,20.875,-0.125
gemma-2-2b,69,val,freq,fr,fr,haut,"Le contraire de ""haut"" est """,bas,0,0,21.0,20.375,-0.625
gemma-2-2b,69,freq,desc,fr,fr,haut,"Le contraire de ""haut"" est """,bas,0,0,21.0,18.375,-2.625
gemma-2-2b,69,freq,val,fr,fr,haut,"Le contraire de ""haut"" est """,bas,0,0,21.0,17.0,-4.0
gemma-2-2b,69,freq,freq,fr,fr,haut,"Le contraire de ""haut"" est """,bas,0,0,21.0,19.0,-2.0
gemma-2-2b,70,desc,desc,fr,fr,important,"Le contraire de ""important"" est """,insignifiant,0,0,21.75,22.125,0.375
gemma-2-2b,70,desc,val,fr,fr,important,"Le contraire de ""important"" est """,insignifiant,0,1,21.75,20.25,-1.5
gemma-2-2b,70,desc,freq,fr,fr,important,"Le contraire de ""important"" est """,insignifiant,0,0,21.75,20.375,-1.375
gemma-2-2b,70,val,desc,fr,fr,important,"Le contraire de ""important"" est """,insignifiant,0,0,21.75,22.25,0.5
gemma-2-2b,70,val,val,fr,fr,important,"Le contraire de ""important"" est """,insignifiant,0,0,21.75,23.0,1.25
gemma-2-2b,70,val,freq,fr,fr,important,"Le contraire de ""important"" est """,insignifiant,0,0,21.75,21.125,-0.625
gemma-2-2b,70,freq,desc,fr,fr,important,"Le contraire de ""important"" est """,insignifiant,0,0,21.75,22.25,0.5
gemma-2-2b,70,freq,val,fr,fr,important,"Le contraire de ""important"" est """,insignifiant,0,0,21.75,21.0,-0.75
gemma-2-2b,70,freq,freq,fr,fr,important,"Le contraire de ""important"" est """,insignifiant,0,0,21.75,22.375,0.625
gemma-2-2b,71,desc,desc,fr,fr,innocent,"Le contraire de ""innocent"" est """,coupable,22,90,15.9375,14.875,-1.0625
gemma-2-2b,71,desc,val,fr,fr,innocent,"Le contraire de ""innocent"" est """,coupable,22,83,15.9375,12.5,-3.4375
gemma-2-2b,71,desc,freq,fr,fr,innocent,"Le contraire de ""innocent"" est """,coupable,22,66,15.9375,15.375,-0.5625
gemma-2-2b,71,val,desc,fr,fr,innocent,"Le contraire de ""innocent"" est """,coupable,22,62,15.9375,15.0,-0.9375
gemma-2-2b,71,val,val,fr,fr,innocent,"Le contraire de ""innocent"" est """,coupable,22,89,15.9375,15.5625,-0.375
gemma-2-2b,71,val,freq,fr,fr,innocent,"Le contraire de ""innocent"" est """,coupable,22,116,15.9375,13.75,-2.1875
gemma-2-2b,71,freq,desc,fr,fr,innocent,"Le contraire de ""innocent"" est """,coupable,22,83,15.9375,15.5625,-0.375
gemma-2-2b,71,freq,val,fr,fr,innocent,"Le contraire de ""innocent"" est """,coupable,22,100,15.9375,12.1875,-3.75
gemma-2-2b,71,freq,freq,fr,fr,innocent,"Le contraire de ""innocent"" est """,coupable,22,94,15.9375,15.25,-0.6875
gemma-2-2b,72,desc,desc,fr,fr,connu,"Le contraire de ""connu"" est """,inconnu,0,0,20.875,21.25,0.375
gemma-2-2b,72,desc,val,fr,fr,connu,"Le contraire de ""connu"" est """,inconnu,0,0,20.875,21.0,0.125
gemma-2-2b,72,desc,freq,fr,fr,connu,"Le contraire de ""connu"" est """,inconnu,0,0,20.875,20.375,-0.5
gemma-2-2b,72,val,desc,fr,fr,connu,"Le contraire de ""connu"" est """,inconnu,0,0,20.875,21.75,0.875
gemma-2-2b,72,val,val,fr,fr,connu,"Le contraire de ""connu"" est """,inconnu,0,0,20.875,21.625,0.75
gemma-2-2b,72,val,freq,fr,fr,connu,"Le contraire de ""connu"" est """,inconnu,0,2,20.875,19.625,-1.25
gemma-2-2b,72,freq,desc,fr,fr,connu,"Le contraire de ""connu"" est """,inconnu,0,0,20.875,20.375,-0.5
gemma-2-2b,72,freq,val,fr,fr,connu,"Le contraire de ""connu"" est """,inconnu,0,0,20.875,19.125,-1.75
gemma-2-2b,72,freq,freq,fr,fr,connu,"Le contraire de ""connu"" est """,inconnu,0,0,20.875,20.5,-0.375
gemma-2-2b,73,desc,desc,fr,fr,masculin,"Le contraire de ""masculin"" est """,féminin,0,2,17.625,17.75,0.125
gemma-2-2b,73,desc,val,fr,fr,masculin,"Le contraire de ""masculin"" est """,féminin,0,3,17.625,16.0,-1.625
gemma-2-2b,73,desc,freq,fr,fr,masculin,"Le contraire de ""masculin"" est """,féminin,0,10,17.625,16.75,-0.875
gemma-2-2b,73,val,desc,fr,fr,masculin,"Le contraire de ""masculin"" est """,féminin,0,1,17.625,19.5,1.875
gemma-2-2b,73,val,val,fr,fr,masculin,"Le contraire de ""masculin"" est """,féminin,0,2,17.625,19.375,1.75
gemma-2-2b,73,val,freq,fr,fr,masculin,"Le contraire de ""masculin"" est """,féminin,0,6,17.625,17.75,0.125
gemma-2-2b,73,freq,desc,fr,fr,masculin,"Le contraire de ""masculin"" est """,féminin,0,2,17.625,17.375,-0.25
gemma-2-2b,73,freq,val,fr,fr,masculin,"Le contraire de ""masculin"" est """,féminin,0,2,17.625,15.6875,-1.9375
gemma-2-2b,73,freq,freq,fr,fr,masculin,"Le contraire de ""masculin"" est """,féminin,0,2,17.625,17.5,-0.125
gemma-2-2b,74,desc,desc,fr,fr,normal,"Le contraire de ""normal"" est """,anormal,0,0,22.125,22.75,0.625
gemma-2-2b,74,desc,val,fr,fr,normal,"Le contraire de ""normal"" est """,anormal,0,1,22.125,21.25,-0.875
gemma-2-2b,74,desc,freq,fr,fr,normal,"Le contraire de ""normal"" est """,anormal,0,0,22.125,22.25,0.125
gemma-2-2b,74,val,desc,fr,fr,normal,"Le contraire de ""normal"" est """,anormal,0,0,22.125,22.875,0.75
gemma-2-2b,74,val,val,fr,fr,normal,"Le contraire de ""normal"" est """,anormal,0,1,22.125,23.125,1.0
gemma-2-2b,74,val,freq,fr,fr,normal,"Le contraire de ""normal"" est """,anormal,0,0,22.125,23.125,1.0
gemma-2-2b,74,freq,desc,fr,fr,normal,"Le contraire de ""normal"" est """,anormal,0,1,22.125,22.625,0.5
gemma-2-2b,74,freq,val,fr,fr,normal,"Le contraire de ""normal"" est """,anormal,0,1,22.125,21.125,-1.0
gemma-2-2b,74,freq,freq,fr,fr,normal,"Le contraire de ""normal"" est """,anormal,0,1,22.125,22.875,0.75
gemma-2-2b,75,desc,desc,fr,fr,possible,"Le contraire de ""possible"" est """,impossible,0,0,20.25,20.125,-0.125
gemma-2-2b,75,desc,val,fr,fr,possible,"Le contraire de ""possible"" est """,impossible,0,0,20.25,20.5,0.25
gemma-2-2b,75,desc,freq,fr,fr,possible,"Le contraire de ""possible"" est """,impossible,0,0,20.25,21.125,0.875
gemma-2-2b,75,val,desc,fr,fr,possible,"Le contraire de ""possible"" est """,impossible,0,0,20.25,21.75,1.5
gemma-2-2b,75,val,val,fr,fr,possible,"Le contraire de ""possible"" est """,impossible,0,0,20.25,22.25,2.0
gemma-2-2b,75,val,freq,fr,fr,possible,"Le contraire de ""possible"" est """,impossible,0,0,20.25,21.875,1.625
gemma-2-2b,75,freq,desc,fr,fr,possible,"Le contraire de ""possible"" est """,impossible,0,0,20.25,19.5,-0.75
gemma-2-2b,75,freq,val,fr,fr,possible,"Le contraire de ""possible"" est """,impossible,0,0,20.25,20.0,-0.25
gemma-2-2b,75,freq,freq,fr,fr,possible,"Le contraire de ""possible"" est """,impossible,0,0,20.25,19.75,-0.5
gemma-2-2b,76,desc,desc,fr,fr,privé,"Le contraire de ""privé"" est """,public,0,0,20.375,21.5,1.125
gemma-2-2b,76,desc,val,fr,fr,privé,"Le contraire de ""privé"" est """,public,0,1,20.375,19.75,-0.625
gemma-2-2b,76,desc,freq,fr,fr,privé,"Le contraire de ""privé"" est """,public,0,0,20.375,21.125,0.75
gemma-2-2b,76,val,desc,fr,fr,privé,"Le contraire de ""privé"" est """,public,0,0,20.375,21.375,1.0
gemma-2-2b,76,val,val,fr,fr,privé,"Le contraire de ""privé"" est """,public,0,1,20.375,21.625,1.25
gemma-2-2b,76,val,freq,fr,fr,privé,"Le contraire de ""privé"" est """,public,0,0,20.375,21.125,0.75
gemma-2-2b,76,freq,desc,fr,fr,privé,"Le contraire de ""privé"" est """,public,0,1,20.375,21.0,0.625
gemma-2-2b,76,freq,val,fr,fr,privé,"Le contraire de ""privé"" est """,public,0,1,20.375,19.125,-1.25
gemma-2-2b,76,freq,freq,fr,fr,privé,"Le contraire de ""privé"" est """,public,0,1,20.375,21.0,0.625
gemma-2-2b,77,desc,desc,fr,fr,juste,"Le contraire de ""juste"" est """,faux,51,117,15.375,15.25,-0.125
gemma-2-2b,77,desc,val,fr,fr,juste,"Le contraire de ""juste"" est """,faux,51,160,15.375,12.625,-2.75
gemma-2-2b,77,desc,freq,fr,fr,juste,"Le contraire de ""juste"" est """,faux,51,451,15.375,13.375,-2.0
gemma-2-2b,77,val,desc,fr,fr,juste,"Le contraire de ""juste"" est """,faux,51,213,15.375,14.5,-0.875
gemma-2-2b,77,val,val,fr,fr,juste,"Le contraire de ""juste"" est """,faux,51,122,15.375,16.125,0.75
gemma-2-2b,77,val,freq,fr,fr,juste,"Le contraire de ""juste"" est """,faux,51,597,15.375,12.625,-2.75
gemma-2-2b,77,freq,desc,fr,fr,juste,"Le contraire de ""juste"" est """,faux,51,275,15.375,14.5,-0.875
gemma-2-2b,77,freq,val,fr,fr,juste,"Le contraire de ""juste"" est """,faux,51,215,15.375,12.25,-3.125
gemma-2-2b,77,freq,freq,fr,fr,juste,"Le contraire de ""juste"" est """,faux,51,265,15.375,14.4375,-0.9375
gemma-2-2b,78,desc,desc,fr,fr,simple,"Le contraire de ""simple"" est """,complexe,0,0,22.125,23.125,1.0
gemma-2-2b,78,desc,val,fr,fr,simple,"Le contraire de ""simple"" est """,complexe,0,0,22.125,21.75,-0.375
gemma-2-2b,78,desc,freq,fr,fr,simple,"Le contraire de ""simple"" est """,complexe,0,4,22.125,19.375,-2.75
gemma-2-2b,78,val,desc,fr,fr,simple,"Le contraire de ""simple"" est """,complexe,0,0,22.125,22.875,0.75
gemma-2-2b,78,val,val,fr,fr,simple,"Le contraire de ""simple"" est """,complexe,0,0,22.125,23.5,1.375
gemma-2-2b,78,val,freq,fr,fr,simple,"Le contraire de ""simple"" est """,complexe,0,13,22.125,18.625,-3.5
gemma-2-2b,78,freq,desc,fr,fr,simple,"Le contraire de ""simple"" est """,complexe,0,1,22.125,22.875,0.75
gemma-2-2b,78,freq,val,fr,fr,simple,"Le contraire de ""simple"" est """,complexe,0,1,22.125,21.25,-0.875
gemma-2-2b,78,freq,freq,fr,fr,simple,"Le contraire de ""simple"" est """,complexe,0,1,22.125,22.875,0.75
gemma-2-2b,79,desc,desc,fr,fr,doux,"Le contraire de ""doux"" est """,amer,37,75,16.0,16.125,0.125
gemma-2-2b,79,desc,val,fr,fr,doux,"Le contraire de ""doux"" est """,amer,37,32,16.0,13.8125,-2.1875
gemma-2-2b,79,desc,freq,fr,fr,doux,"Le contraire de ""doux"" est """,amer,37,43,16.0,11.75,-4.25
gemma-2-2b,79,val,desc,fr,fr,doux,"Le contraire de ""doux"" est """,amer,37,80,16.0,15.375,-0.625
gemma-2-2b,79,val,val,fr,fr,doux,"Le contraire de ""doux"" est """,amer,37,79,16.0,16.75,0.75
gemma-2-2b,79,val,freq,fr,fr,doux,"Le contraire de ""doux"" est """,amer,37,47,16.0,11.0625,-4.9375
gemma-2-2b,79,freq,desc,fr,fr,doux,"Le contraire de ""doux"" est """,amer,37,98,16.0,16.5,0.5
gemma-2-2b,79,freq,val,fr,fr,doux,"Le contraire de ""doux"" est """,amer,37,65,16.0,13.3125,-2.6875
gemma-2-2b,79,freq,freq,fr,fr,doux,"Le contraire de ""doux"" est """,amer,37,89,16.0,15.9375,-0.0625
gemma-2-2b,80,desc,desc,fr,fr,visible,"Le contraire de ""visible"" est """,invisible,0,0,21.875,22.875,1.0
gemma-2-2b,80,desc,val,fr,fr,visible,"Le contraire de ""visible"" est """,invisible,0,0,21.875,22.25,0.375
gemma-2-2b,80,desc,freq,fr,fr,visible,"Le contraire de ""visible"" est """,invisible,0,0,21.875,21.625,-0.25
gemma-2-2b,80,val,desc,fr,fr,visible,"Le contraire de ""visible"" est """,invisible,0,0,21.875,23.25,1.375
gemma-2-2b,80,val,val,fr,fr,visible,"Le contraire de ""visible"" est """,invisible,0,0,21.875,24.0,2.125
gemma-2-2b,80,val,freq,fr,fr,visible,"Le contraire de ""visible"" est """,invisible,0,0,21.875,21.75,-0.125
gemma-2-2b,80,freq,desc,fr,fr,visible,"Le contraire de ""visible"" est """,invisible,0,0,21.875,23.125,1.25
gemma-2-2b,80,freq,val,fr,fr,visible,"Le contraire de ""visible"" est """,invisible,0,0,21.875,23.0,1.125
gemma-2-2b,80,freq,freq,fr,fr,visible,"Le contraire de ""visible"" est """,invisible,0,0,21.875,23.125,1.25
gemma-2-2b,81,desc,desc,fr,fr,chaud,"Le contraire de ""chaud"" est """,froid,0,0,18.75,20.0,1.25
gemma-2-2b,81,desc,val,fr,fr,chaud,"Le contraire de ""chaud"" est """,froid,0,0,18.75,18.875,0.125
gemma-2-2b,81,desc,freq,fr,fr,chaud,"Le contraire de ""chaud"" est """,froid,0,0,18.75,19.75,1.0
gemma-2-2b,81,val,desc,fr,fr,chaud,"Le contraire de ""chaud"" est """,froid,0,0,18.75,20.5,1.75
gemma-2-2b,81,val,val,fr,fr,chaud,"Le contraire de ""chaud"" est """,froid,0,0,18.75,21.125,2.375
gemma-2-2b,81,val,freq,fr,fr,chaud,"Le contraire de ""chaud"" est """,froid,0,0,18.75,19.75,1.0
gemma-2-2b,81,freq,desc,fr,fr,chaud,"Le contraire de ""chaud"" est """,froid,0,0,18.75,19.25,0.5
gemma-2-2b,81,freq,val,fr,fr,chaud,"Le contraire de ""chaud"" est """,froid,0,0,18.75,17.5,-1.25
gemma-2-2b,81,freq,freq,fr,fr,chaud,"Le contraire de ""chaud"" est """,froid,0,0,18.75,19.375,0.625
gemma-2-2b,82,desc,desc,fr,fr,lisse,"Le contraire de ""lisse"" est """,rugueux,1,0,18.875,21.5,2.625
gemma-2-2b,82,desc,val,fr,fr,lisse,"Le contraire de ""lisse"" est """,rugueux,1,0,18.875,20.0,1.125
gemma-2-2b,82,desc,freq,fr,fr,lisse,"Le contraire de ""lisse"" est """,rugueux,1,1,18.875,21.5,2.625
gemma-2-2b,82,val,desc,fr,fr,lisse,"Le contraire de ""lisse"" est """,rugueux,1,0,18.875,20.25,1.375
gemma-2-2b,82,val,val,fr,fr,lisse,"Le contraire de ""lisse"" est """,rugueux,1,0,18.875,21.75,2.875
gemma-2-2b,82,val,freq,fr,fr,lisse,"Le contraire de ""lisse"" est """,rugueux,1,1,18.875,20.5,1.625
gemma-2-2b,82,freq,desc,fr,fr,lisse,"Le contraire de ""lisse"" est """,rugueux,1,0,18.875,21.875,3.0
gemma-2-2b,82,freq,val,fr,fr,lisse,"Le contraire de ""lisse"" est """,rugueux,1,0,18.875,20.125,1.25
gemma-2-2b,82,freq,freq,fr,fr,lisse,"Le contraire de ""lisse"" est """,rugueux,1,0,18.875,22.0,3.125
gemma-2-2b,83,desc,desc,fr,fr,mince,"Le contraire de ""mince"" est """,épais,19,19,18.75,19.75,1.0
gemma-2-2b,83,desc,val,fr,fr,mince,"Le contraire de ""mince"" est """,épais,19,28,18.75,17.75,-1.0
gemma-2-2b,83,desc,freq,fr,fr,mince,"Le contraire de ""mince"" est """,épais,19,25,18.75,19.125,0.375
gemma-2-2b,83,val,desc,fr,fr,mince,"Le contraire de ""mince"" est """,épais,19,20,18.75,19.5,0.75
gemma-2-2b,83,val,val,fr,fr,mince,"Le contraire de ""mince"" est """,épais,19,25,18.75,20.0,1.25
gemma-2-2b,83,val,freq,fr,fr,mince,"Le contraire de ""mince"" est """,épais,19,36,18.75,18.75,0.0
gemma-2-2b,83,freq,desc,fr,fr,mince,"Le contraire de ""mince"" est """,épais,19,18,18.75,20.0,1.25
gemma-2-2b,83,freq,val,fr,fr,mince,"Le contraire de ""mince"" est """,épais,19,28,18.75,17.75,-1.0
gemma-2-2b,83,freq,freq,fr,fr,mince,"Le contraire de ""mince"" est """,épais,19,25,18.75,19.75,1.0
gemma-2-2b,84,desc,desc,fr,fr,grand,"Le contraire de ""grand"" est """,petit,0,0,21.75,21.5,-0.25
gemma-2-2b,84,desc,val,fr,fr,grand,"Le contraire de ""grand"" est """,petit,0,0,21.75,19.75,-2.0
gemma-2-2b,84,desc,freq,fr,fr,grand,"Le contraire de ""grand"" est """,petit,0,0,21.75,20.0,-1.75
gemma-2-2b,84,val,desc,fr,fr,grand,"Le contraire de ""grand"" est """,petit,0,0,21.75,21.0,-0.75
gemma-2-2b,84,val,val,fr,fr,grand,"Le contraire de ""grand"" est """,petit,0,0,21.75,21.75,0.0
gemma-2-2b,84,val,freq,fr,fr,grand,"Le contraire de ""grand"" est """,petit,0,1,21.75,19.5,-2.25
gemma-2-2b,84,freq,desc,fr,fr,grand,"Le contraire de ""grand"" est """,petit,0,0,21.75,20.625,-1.125
gemma-2-2b,84,freq,val,fr,fr,grand,"Le contraire de ""grand"" est """,petit,0,0,21.75,19.5,-2.25
gemma-2-2b,84,freq,freq,fr,fr,grand,"Le contraire de ""grand"" est """,petit,0,0,21.75,21.125,-0.625
gemma-2-2b,85,desc,desc,fr,fr,marié,"Le contraire de ""marié"" est """,célibataire,6,3,17.75,19.75,2.0
gemma-2-2b,85,desc,val,fr,fr,marié,"Le contraire de ""marié"" est """,célibataire,6,11,17.75,16.5,-1.25
gemma-2-2b,85,desc,freq,fr,fr,marié,"Le contraire de ""marié"" est """,célibataire,6,21,17.75,18.625,0.875
gemma-2-2b,85,val,desc,fr,fr,marié,"Le contraire de ""marié"" est """,célibataire,6,9,17.75,18.75,1.0
gemma-2-2b,85,val,val,fr,fr,marié,"Le contraire de ""marié"" est """,célibataire,6,5,17.75,19.75,2.0
gemma-2-2b,85,val,freq,fr,fr,marié,"Le contraire de ""marié"" est """,célibataire,6,16,17.75,18.625,0.875
gemma-2-2b,85,freq,desc,fr,fr,marié,"Le contraire de ""marié"" est """,célibataire,6,12,17.75,18.875,1.125
gemma-2-2b,85,freq,val,fr,fr,marié,"Le contraire de ""marié"" est """,célibataire,6,18,17.75,15.5625,-2.1875
gemma-2-2b,85,freq,freq,fr,fr,marié,"Le contraire de ""marié"" est """,célibataire,6,14,17.75,18.75,1.0
gemma-2-2b,86,desc,desc,fr,fr,optimiste,"Le contraire de ""optimiste"" est """,pessimiste,0,0,19.5,21.75,2.25
gemma-2-2b,86,desc,val,fr,fr,optimiste,"Le contraire de ""optimiste"" est """,pessimiste,0,0,19.5,21.125,1.625
gemma-2-2b,86,desc,freq,fr,fr,optimiste,"Le contraire de ""optimiste"" est """,pessimiste,0,0,19.5,23.125,3.625
gemma-2-2b,86,val,desc,fr,fr,optimiste,"Le contraire de ""optimiste"" est """,pessimiste,0,0,19.5,22.375,2.875
gemma-2-2b,86,val,val,fr,fr,optimiste,"Le contraire de ""optimiste"" est """,pessimiste,0,0,19.5,22.875,3.375
gemma-2-2b,86,val,freq,fr,fr,optimiste,"Le contraire de ""optimiste"" est """,pessimiste,0,0,19.5,23.125,3.625
gemma-2-2b,86,freq,desc,fr,fr,optimiste,"Le contraire de ""optimiste"" est """,pessimiste,0,0,19.5,22.25,2.75
gemma-2-2b,86,freq,val,fr,fr,optimiste,"Le contraire de ""optimiste"" est """,pessimiste,0,0,19.5,21.25,1.75
gemma-2-2b,86,freq,freq,fr,fr,optimiste,"Le contraire de ""optimiste"" est """,pessimiste,0,0,19.5,22.125,2.625
gemma-2-2b,87,desc,desc,fr,fr,permanent,"Le contraire de ""permanent"" est """,temporaire,6,4,21.5,22.375,0.875
gemma-2-2b,87,desc,val,fr,fr,permanent,"Le contraire de ""permanent"" est """,temporaire,6,5,21.5,20.875,-0.625
gemma-2-2b,87,desc,freq,fr,fr,permanent,"Le contraire de ""permanent"" est """,temporaire,6,5,21.5,21.375,-0.125
gemma-2-2b,87,val,desc,fr,fr,permanent,"Le contraire de ""permanent"" est """,temporaire,6,5,21.5,21.75,0.25
gemma-2-2b,87,val,val,fr,fr,permanent,"Le contraire de ""permanent"" est """,temporaire,6,5,21.5,22.75,1.25
gemma-2-2b,87,val,freq,fr,fr,permanent,"Le contraire de ""permanent"" est """,temporaire,6,12,21.5,20.5,-1.0
gemma-2-2b,87,freq,desc,fr,fr,permanent,"Le contraire de ""permanent"" est """,temporaire,6,4,21.5,22.125,0.625
gemma-2-2b,87,freq,val,fr,fr,permanent,"Le contraire de ""permanent"" est """,temporaire,6,4,21.5,20.75,-0.75
gemma-2-2b,87,freq,freq,fr,fr,permanent,"Le contraire de ""permanent"" est """,temporaire,6,5,21.5,22.125,0.625
gemma-2-2b,88,desc,desc,fr,fr,présent,"Le contraire de ""présent"" est """,passé,1,1,21.625,21.875,0.25
gemma-2-2b,88,desc,val,fr,fr,présent,"Le contraire de ""présent"" est """,passé,1,1,21.625,20.5,-1.125
gemma-2-2b,88,desc,freq,fr,fr,présent,"Le contraire de ""présent"" est """,passé,1,1,21.625,22.0,0.375
gemma-2-2b,88,val,desc,fr,fr,présent,"Le contraire de ""présent"" est """,passé,1,1,21.625,22.375,0.75
gemma-2-2b,88,val,val,fr,fr,présent,"Le contraire de ""présent"" est """,passé,1,1,21.625,22.75,1.125
gemma-2-2b,88,val,freq,fr,fr,présent,"Le contraire de ""présent"" est """,passé,1,1,21.625,22.0,0.375
gemma-2-2b,88,freq,desc,fr,fr,présent,"Le contraire de ""présent"" est """,passé,1,1,21.625,22.125,0.5
gemma-2-2b,88,freq,val,fr,fr,présent,"Le contraire de ""présent"" est """,passé,1,1,21.625,20.75,-0.875
gemma-2-2b,88,freq,freq,fr,fr,présent,"Le contraire de ""présent"" est """,passé,1,1,21.625,21.875,0.25
gemma-2-2b,89,desc,desc,fr,fr,public,"Le contraire de ""public"" est """,privé,1,2,21.5,21.875,0.375
gemma-2-2b,89,desc,val,fr,fr,public,"Le contraire de ""public"" est """,privé,1,2,21.5,21.25,-0.25
gemma-2-2b,89,desc,freq,fr,fr,public,"Le contraire de ""public"" est """,privé,1,2,21.5,22.625,1.125
gemma-2-2b,89,val,desc,fr,fr,public,"Le contraire de ""public"" est """,privé,1,2,21.5,22.0,0.5
gemma-2-2b,89,val,val,fr,fr,public,"Le contraire de ""public"" est """,privé,1,2,21.5,22.625,1.125
gemma-2-2b,89,val,freq,fr,fr,public,"Le contraire de ""public"" est """,privé,1,2,21.5,22.0,0.5
gemma-2-2b,89,freq,desc,fr,fr,public,"Le contraire de ""public"" est """,privé,1,2,21.5,21.5,0.0
gemma-2-2b,89,freq,val,fr,fr,public,"Le contraire de ""public"" est """,privé,1,2,21.5,20.75,-0.75
gemma-2-2b,89,freq,freq,fr,fr,public,"Le contraire de ""public"" est """,privé,1,2,21.5,21.5,0.0
gemma-2-2b,90,desc,desc,fr,fr,réel,"Le contraire de ""réel"" est """,faux,2,0,18.75,18.75,0.0
gemma-2-2b,90,desc,val,fr,fr,réel,"Le contraire de ""réel"" est """,faux,2,0,18.75,16.875,-1.875
gemma-2-2b,90,desc,freq,fr,fr,réel,"Le contraire de ""réel"" est """,faux,2,4,18.75,16.75,-2.0
gemma-2-2b,90,val,desc,fr,fr,réel,"Le contraire de ""réel"" est """,faux,2,0,18.75,18.5,-0.25
gemma-2-2b,90,val,val,fr,fr,réel,"Le contraire de ""réel"" est """,faux,2,1,18.75,19.25,0.5
gemma-2-2b,90,val,freq,fr,fr,réel,"Le contraire de ""réel"" est """,faux,2,4,18.75,17.0,-1.75
gemma-2-2b,90,freq,desc,fr,fr,réel,"Le contraire de ""réel"" est """,faux,2,1,18.75,18.25,-0.5
gemma-2-2b,90,freq,val,fr,fr,réel,"Le contraire de ""réel"" est """,faux,2,1,18.75,16.75,-2.0
gemma-2-2b,90,freq,freq,fr,fr,réel,"Le contraire de ""réel"" est """,faux,2,0,18.75,18.25,-0.5
gemma-2-2b,91,desc,desc,fr,fr,responsable,"Le contraire de ""responsable"" est """,irresponsable,0,0,23.625,24.875,1.25
gemma-2-2b,91,desc,val,fr,fr,responsable,"Le contraire de ""responsable"" est """,irresponsable,0,0,23.625,24.375,0.75
gemma-2-2b,91,desc,freq,fr,fr,responsable,"Le contraire de ""responsable"" est """,irresponsable,0,0,23.625,23.5,-0.125
gemma-2-2b,91,val,desc,fr,fr,responsable,"Le contraire de ""responsable"" est """,irresponsable,0,0,23.625,25.125,1.5
gemma-2-2b,91,val,val,fr,fr,responsable,"Le contraire de ""responsable"" est """,irresponsable,0,0,23.625,25.25,1.625
gemma-2-2b,91,val,freq,fr,fr,responsable,"Le contraire de ""responsable"" est """,irresponsable,0,1,23.625,23.5,-0.125
gemma-2-2b,91,freq,desc,fr,fr,responsable,"Le contraire de ""responsable"" est """,irresponsable,0,0,23.625,24.875,1.25
gemma-2-2b,91,freq,val,fr,fr,responsable,"Le contraire de ""responsable"" est """,irresponsable,0,0,23.625,23.625,0.0
gemma-2-2b,91,freq,freq,fr,fr,responsable,"Le contraire de ""responsable"" est """,irresponsable,0,0,23.625,24.75,1.125
gemma-2-2b,92,desc,desc,fr,fr,célibataire,"Le contraire de ""célibataire"" est """,marié,0,1,22.0,20.875,-1.125
gemma-2-2b,92,desc,val,fr,fr,célibataire,"Le contraire de ""célibataire"" est """,marié,0,0,22.0,19.0,-3.0
gemma-2-2b,92,desc,freq,fr,fr,célibataire,"Le contraire de ""célibataire"" est """,marié,0,1,22.0,20.25,-1.75
gemma-2-2b,92,val,desc,fr,fr,célibataire,"Le contraire de ""célibataire"" est """,marié,0,0,22.0,20.875,-1.125
gemma-2-2b,92,val,val,fr,fr,célibataire,"Le contraire de ""célibataire"" est """,marié,0,0,22.0,21.25,-0.75
gemma-2-2b,92,val,freq,fr,fr,célibataire,"Le contraire de ""célibataire"" est """,marié,0,0,22.0,20.0,-2.0
gemma-2-2b,92,freq,desc,fr,fr,célibataire,"Le contraire de ""célibataire"" est """,marié,0,0,22.0,20.625,-1.375
gemma-2-2b,92,freq,val,fr,fr,célibataire,"Le contraire de ""célibataire"" est """,marié,0,0,22.0,18.5,-3.5
gemma-2-2b,92,freq,freq,fr,fr,célibataire,"Le contraire de ""célibataire"" est """,marié,0,0,22.0,20.5,-1.5
gemma-2-2b,93,desc,desc,fr,fr,acide,"Le contraire de ""acide"" est """,doux,47,106,12.6875,12.6875,0.0
gemma-2-2b,93,desc,val,fr,fr,acide,"Le contraire de ""acide"" est """,doux,47,158,12.6875,10.0,-2.6875
gemma-2-2b,93,desc,freq,fr,fr,acide,"Le contraire de ""acide"" est """,doux,47,175,12.6875,12.625,-0.0625
gemma-2-2b,93,val,desc,fr,fr,acide,"Le contraire de ""acide"" est """,doux,47,32,12.6875,15.375,2.6875
gemma-2-2b,93,val,val,fr,fr,acide,"Le contraire de ""acide"" est """,doux,47,76,12.6875,14.4375,1.75
gemma-2-2b,93,val,freq,fr,fr,acide,"Le contraire de ""acide"" est """,doux,47,47,12.6875,15.25,2.5625
gemma-2-2b,93,freq,desc,fr,fr,acide,"Le contraire de ""acide"" est """,doux,47,88,12.6875,13.625,0.9375
gemma-2-2b,93,freq,val,fr,fr,acide,"Le contraire de ""acide"" est """,doux,47,90,12.6875,11.25,-1.4375
gemma-2-2b,93,freq,freq,fr,fr,acide,"Le contraire de ""acide"" est """,doux,47,79,12.6875,13.875,1.1875
gemma-2-2b,94,desc,desc,fr,fr,utile,"Le contraire de ""utile"" est """,inutile,1,1,20.375,21.0,0.625
gemma-2-2b,94,desc,val,fr,fr,utile,"Le contraire de ""utile"" est """,inutile,1,4,20.375,18.875,-1.5
gemma-2-2b,94,desc,freq,fr,fr,utile,"Le contraire de ""utile"" est """,inutile,1,5,20.375,19.5,-0.875
gemma-2-2b,94,val,desc,fr,fr,utile,"Le contraire de ""utile"" est """,inutile,1,2,20.375,20.75,0.375
gemma-2-2b,94,val,val,fr,fr,utile,"Le contraire de ""utile"" est """,inutile,1,1,20.375,21.875,1.5
gemma-2-2b,94,val,freq,fr,fr,utile,"Le contraire de ""utile"" est """,inutile,1,5,20.375,19.75,-0.625
gemma-2-2b,94,freq,desc,fr,fr,utile,"Le contraire de ""utile"" est """,inutile,1,0,20.375,21.875,1.5
gemma-2-2b,94,freq,val,fr,fr,utile,"Le contraire de ""utile"" est """,inutile,1,1,20.375,20.125,-0.25
gemma-2-2b,94,freq,freq,fr,fr,utile,"Le contraire de ""utile"" est """,inutile,1,1,20.375,21.75,1.375
gemma-2-2b,95,desc,desc,fr,fr,vertical,"Le contraire de ""vertical"" est """,horizontal,0,0,24.0,24.75,0.75
gemma-2-2b,95,desc,val,fr,fr,vertical,"Le contraire de ""vertical"" est """,horizontal,0,0,24.0,23.875,-0.125
gemma-2-2b,95,desc,freq,fr,fr,vertical,"Le contraire de ""vertical"" est """,horizontal,0,0,24.0,22.5,-1.5
gemma-2-2b,95,val,desc,fr,fr,vertical,"Le contraire de ""vertical"" est """,horizontal,0,0,24.0,24.5,0.5
gemma-2-2b,95,val,val,fr,fr,vertical,"Le contraire de ""vertical"" est """,horizontal,0,0,24.0,25.25,1.25
gemma-2-2b,95,val,freq,fr,fr,vertical,"Le contraire de ""vertical"" est """,horizontal,0,0,24.0,22.25,-1.75
gemma-2-2b,95,freq,desc,fr,fr,vertical,"Le contraire de ""vertical"" est """,horizontal,0,0,24.0,24.75,0.75
gemma-2-2b,95,freq,val,fr,fr,vertical,"Le contraire de ""vertical"" est """,horizontal,0,0,24.0,23.875,-0.125
gemma-2-2b,95,freq,freq,fr,fr,vertical,"Le contraire de ""vertical"" est """,horizontal,0,0,24.0,24.875,0.875
gemma-2-2b,96,desc,desc,fr,fr,bien,"Le contraire de ""bien"" est """,mal,0,0,19.75,21.25,1.5
gemma-2-2b,96,desc,val,fr,fr,bien,"Le contraire de ""bien"" est """,mal,0,0,19.75,21.5,1.75
gemma-2-2b,96,desc,freq,fr,fr,bien,"Le contraire de ""bien"" est """,mal,0,0,19.75,22.375,2.625
gemma-2-2b,96,val,desc,fr,fr,bien,"Le contraire de ""bien"" est """,mal,0,0,19.75,22.125,2.375
gemma-2-2b,96,val,val,fr,fr,bien,"Le contraire de ""bien"" est """,mal,0,0,19.75,22.375,2.625
gemma-2-2b,96,val,freq,fr,fr,bien,"Le contraire de ""bien"" est """,mal,0,0,19.75,22.25,2.5
gemma-2-2b,96,freq,desc,fr,fr,bien,"Le contraire de ""bien"" est """,mal,0,0,19.75,20.75,1.0
gemma-2-2b,96,freq,val,fr,fr,bien,"Le contraire de ""bien"" est """,mal,0,0,19.75,20.0,0.25
gemma-2-2b,96,freq,freq,fr,fr,bien,"Le contraire de ""bien"" est """,mal,0,0,19.75,20.75,1.0
gemma-2-2b,97,desc,desc,fr,fr,gagnant,"Le contraire de ""gagnant"" est """,perdant,0,0,21.25,22.5,1.25
gemma-2-2b,97,desc,val,fr,fr,gagnant,"Le contraire de ""gagnant"" est """,perdant,0,0,21.25,21.5,0.25
gemma-2-2b,97,desc,freq,fr,fr,gagnant,"Le contraire de ""gagnant"" est """,perdant,0,0,21.25,22.125,0.875
gemma-2-2b,97,val,desc,fr,fr,gagnant,"Le contraire de ""gagnant"" est """,perdant,0,0,21.25,22.5,1.25
gemma-2-2b,97,val,val,fr,fr,gagnant,"Le contraire de ""gagnant"" est """,perdant,0,0,21.25,23.125,1.875
gemma-2-2b,97,val,freq,fr,fr,gagnant,"Le contraire de ""gagnant"" est """,perdant,0,0,21.25,21.625,0.375
gemma-2-2b,97,freq,desc,fr,fr,gagnant,"Le contraire de ""gagnant"" est """,perdant,0,0,21.25,21.875,0.625
gemma-2-2b,97,freq,val,fr,fr,gagnant,"Le contraire de ""gagnant"" est """,perdant,0,0,21.25,20.375,-0.875
gemma-2-2b,97,freq,freq,fr,fr,gagnant,"Le contraire de ""gagnant"" est """,perdant,0,0,21.25,22.375,1.125
gemma-2-2b,98,desc,desc,fr,fr,méchant,"Le contraire de ""méchant"" est """,gentil,4,1,15.5625,18.625,3.0625
gemma-2-2b,98,desc,val,fr,fr,méchant,"Le contraire de ""méchant"" est """,gentil,4,1,15.5625,16.5,0.9375
gemma-2-2b,98,desc,freq,fr,fr,méchant,"Le contraire de ""méchant"" est """,gentil,4,11,15.5625,16.5,0.9375
gemma-2-2b,98,val,desc,fr,fr,méchant,"Le contraire de ""méchant"" est """,gentil,4,1,15.5625,18.5,2.9375
gemma-2-2b,98,val,val,fr,fr,méchant,"Le contraire de ""méchant"" est """,gentil,4,1,15.5625,19.375,3.8125
gemma-2-2b,98,val,freq,fr,fr,méchant,"Le contraire de ""méchant"" est """,gentil,4,16,15.5625,15.8125,0.25
gemma-2-2b,98,freq,desc,fr,fr,méchant,"Le contraire de ""méchant"" est """,gentil,4,3,15.5625,18.5,2.9375
gemma-2-2b,98,freq,val,fr,fr,méchant,"Le contraire de ""méchant"" est """,gentil,4,3,15.5625,16.125,0.5625
gemma-2-2b,98,freq,freq,fr,fr,méchant,"Le contraire de ""méchant"" est """,gentil,4,2,15.5625,18.5,2.9375
gemma-2-2b,99,desc,desc,fr,fr,lâche,"Le contraire de ""lâche"" est """,courageux,0,0,20.75,21.0,0.25
gemma-2-2b,99,desc,val,fr,fr,lâche,"Le contraire de ""lâche"" est """,courageux,0,0,20.75,18.625,-2.125
gemma-2-2b,99,desc,freq,fr,fr,lâche,"Le contraire de ""lâche"" est """,courageux,0,0,20.75,20.0,-0.75
gemma-2-2b,99,val,desc,fr,fr,lâche,"Le contraire de ""lâche"" est """,courageux,0,0,20.75,20.875,0.125
gemma-2-2b,99,val,val,fr,fr,lâche,"Le contraire de ""lâche"" est """,courageux,0,0,20.75,21.5,0.75
gemma-2-2b,99,val,freq,fr,fr,lâche,"Le contraire de ""lâche"" est """,courageux,0,1,20.75,20.125,-0.625
gemma-2-2b,99,freq,desc,fr,fr,lâche,"Le contraire de ""lâche"" est """,courageux,0,0,20.75,21.5,0.75
gemma-2-2b,99,freq,val,fr,fr,lâche,"Le contraire de ""lâche"" est """,courageux,0,0,20.75,19.25,-1.5
gemma-2-2b,99,freq,freq,fr,fr,lâche,"Le contraire de ""lâche"" est """,courageux,0,0,20.75,21.25,0.5
gemma-2-2b,0,desc,desc,fr,ja,良い,"Le contraire de ""良い"" est """,悪い,0,15,19.0,19.75,0.75
gemma-2-2b,0,desc,val,fr,ja,良い,"Le contraire de ""良い"" est """,悪い,0,26,19.0,18.75,-0.25
gemma-2-2b,0,desc,freq,fr,ja,良い,"Le contraire de ""良い"" est """,悪い,0,9,19.0,13.625,-5.375
gemma-2-2b,0,val,desc,fr,ja,良い,"Le contraire de ""良い"" est """,悪い,0,5,19.0,19.5,0.5
gemma-2-2b,0,val,val,fr,ja,良い,"Le contraire de ""良い"" est """,悪い,0,16,19.0,19.5,0.5
gemma-2-2b,0,val,freq,fr,ja,良い,"Le contraire de ""良い"" est """,悪い,0,7,19.0,15.25,-3.75
gemma-2-2b,0,freq,desc,fr,ja,良い,"Le contraire de ""良い"" est """,悪い,0,11,19.0,16.75,-2.25
gemma-2-2b,0,freq,val,fr,ja,良い,"Le contraire de ""良い"" est """,悪い,0,16,19.0,16.375,-2.625
gemma-2-2b,0,freq,freq,fr,ja,良い,"Le contraire de ""良い"" est """,悪い,0,15,19.0,18.125,-0.875
gemma-2-2b,1,desc,desc,fr,ja,嬉しい,"Le contraire de ""嬉しい"" est """,悲しい,0,11,18.125,20.0,1.875
gemma-2-2b,1,desc,val,fr,ja,嬉しい,"Le contraire de ""嬉しい"" est """,悲しい,0,36,18.125,18.375,0.25
gemma-2-2b,1,desc,freq,fr,ja,嬉しい,"Le contraire de ""嬉しい"" est """,悲しい,0,42,18.125,9.8125,-8.3125
gemma-2-2b,1,val,desc,fr,ja,嬉しい,"Le contraire de ""嬉しい"" est """,悲しい,0,30,18.125,16.75,-1.375
gemma-2-2b,1,val,val,fr,ja,嬉しい,"Le contraire de ""嬉しい"" est """,悲しい,0,22,18.125,19.75,1.625
gemma-2-2b,1,val,freq,fr,ja,嬉しい,"Le contraire de ""嬉しい"" est """,悲しい,0,136,18.125,9.1875,-8.9375
gemma-2-2b,1,freq,desc,fr,ja,嬉しい,"Le contraire de ""嬉しい"" est """,悲しい,0,11,18.125,16.125,-2.0
gemma-2-2b,1,freq,val,fr,ja,嬉しい,"Le contraire de ""嬉しい"" est """,悲しい,0,15,18.125,16.25,-1.875
gemma-2-2b,1,freq,freq,fr,ja,嬉しい,"Le contraire de ""嬉しい"" est """,悲しい,0,8,18.125,18.125,0.0
gemma-2-2b,2,desc,desc,fr,ja,大きい,"Le contraire de ""大きい"" est """,小さい,0,1,19.125,21.75,2.625
gemma-2-2b,2,desc,val,fr,ja,大きい,"Le contraire de ""大きい"" est """,小さい,0,2,19.125,21.125,2.0
gemma-2-2b,2,desc,freq,fr,ja,大きい,"Le contraire de ""大きい"" est """,小さい,0,1,19.125,14.3125,-4.8125
gemma-2-2b,2,val,desc,fr,ja,大きい,"Le contraire de ""大きい"" est """,小さい,0,0,19.125,19.875,0.75
gemma-2-2b,2,val,val,fr,ja,大きい,"Le contraire de ""大きい"" est """,小さい,0,3,19.125,21.875,2.75
gemma-2-2b,2,val,freq,fr,ja,大きい,"Le contraire de ""大きい"" est """,小さい,0,1,19.125,16.25,-2.875
gemma-2-2b,2,freq,desc,fr,ja,大きい,"Le contraire de ""大きい"" est """,小さい,0,0,19.125,18.0,-1.125
gemma-2-2b,2,freq,val,fr,ja,大きい,"Le contraire de ""大きい"" est """,小さい,0,1,19.125,19.0,-0.125
gemma-2-2b,2,freq,freq,fr,ja,大きい,"Le contraire de ""大きい"" est """,小さい,0,3,19.125,20.125,1.0
gemma-2-2b,3,desc,desc,fr,ja,暑い,"Le contraire de ""暑い"" est """,寒い,0,8,16.75,18.25,1.5
gemma-2-2b,3,desc,val,fr,ja,暑い,"Le contraire de ""暑い"" est """,寒い,0,15,16.75,17.625,0.875
gemma-2-2b,3,desc,freq,fr,ja,暑い,"Le contraire de ""暑い"" est """,寒い,0,18,16.75,8.25,-8.5
gemma-2-2b,3,val,desc,fr,ja,暑い,"Le contraire de ""暑い"" est """,寒い,0,3,16.75,17.125,0.375
gemma-2-2b,3,val,val,fr,ja,暑い,"Le contraire de ""暑い"" est """,寒い,0,10,16.75,18.625,1.875
gemma-2-2b,3,val,freq,fr,ja,暑い,"Le contraire de ""暑い"" est """,寒い,0,17,16.75,10.4375,-6.3125
gemma-2-2b,3,freq,desc,fr,ja,暑い,"Le contraire de ""暑い"" est """,寒い,0,5,16.75,14.5,-2.25
gemma-2-2b,3,freq,val,fr,ja,暑い,"Le contraire de ""暑い"" est """,寒い,0,5,16.75,15.6875,-1.0625
gemma-2-2b,3,freq,freq,fr,ja,暑い,"Le contraire de ""暑い"" est """,寒い,0,7,16.75,16.5,-0.25
gemma-2-2b,4,desc,desc,fr,ja,速い,"Le contraire de ""速い"" est """,遅い,0,1,19.875,21.5,1.625
gemma-2-2b,4,desc,val,fr,ja,速い,"Le contraire de ""速い"" est """,遅い,0,11,19.875,20.375,0.5
gemma-2-2b,4,desc,freq,fr,ja,速い,"Le contraire de ""速い"" est """,遅い,0,4,19.875,13.4375,-6.4375
gemma-2-2b,4,val,desc,fr,ja,速い,"Le contraire de ""速い"" est """,遅い,0,1,19.875,21.125,1.25
gemma-2-2b,4,val,val,fr,ja,速い,"Le contraire de ""速い"" est """,遅い,0,6,19.875,22.0,2.125
gemma-2-2b,4,val,freq,fr,ja,速い,"Le contraire de ""速い"" est """,遅い,0,9,19.875,15.5625,-4.3125
gemma-2-2b,4,freq,desc,fr,ja,速い,"Le contraire de ""速い"" est """,遅い,0,0,19.875,18.25,-1.625
gemma-2-2b,4,freq,val,fr,ja,速い,"Le contraire de ""速い"" est """,遅い,0,3,19.875,18.875,-1.0
gemma-2-2b,4,freq,freq,fr,ja,速い,"Le contraire de ""速い"" est """,遅い,0,4,19.875,19.25,-0.625
gemma-2-2b,5,desc,desc,fr,ja,軽い,"Le contraire de ""軽い"" est """,重い,0,3,20.125,21.875,1.75
gemma-2-2b,5,desc,val,fr,ja,軽い,"Le contraire de ""軽い"" est """,重い,0,4,20.125,21.0,0.875
gemma-2-2b,5,desc,freq,fr,ja,軽い,"Le contraire de ""軽い"" est """,重い,0,1,20.125,15.9375,-4.1875
gemma-2-2b,5,val,desc,fr,ja,軽い,"Le contraire de ""軽い"" est """,重い,0,0,20.125,21.875,1.75
gemma-2-2b,5,val,val,fr,ja,軽い,"Le contraire de ""軽い"" est """,重い,0,3,20.125,22.875,2.75
gemma-2-2b,5,val,freq,fr,ja,軽い,"Le contraire de ""軽い"" est """,重い,0,1,20.125,18.0,-2.125
gemma-2-2b,5,freq,desc,fr,ja,軽い,"Le contraire de ""軽い"" est """,重い,0,1,20.125,19.75,-0.375
gemma-2-2b,5,freq,val,fr,ja,軽い,"Le contraire de ""軽い"" est """,重い,0,1,20.125,19.5,-0.625
gemma-2-2b,5,freq,freq,fr,ja,軽い,"Le contraire de ""軽い"" est """,重い,0,2,20.125,20.125,0.0
gemma-2-2b,6,desc,desc,fr,ja,簡単な,"Le contraire de ""簡単な"" est """,難しい,2,77,18.125,17.75,-0.375
gemma-2-2b,6,desc,val,fr,ja,簡単な,"Le contraire de ""簡単な"" est """,難しい,2,118,18.125,16.875,-1.25
gemma-2-2b,6,desc,freq,fr,ja,簡単な,"Le contraire de ""簡単な"" est """,難しい,2,26,18.125,12.625,-5.5
gemma-2-2b,6,val,desc,fr,ja,簡単な,"Le contraire de ""簡単な"" est """,難しい,2,8,18.125,20.25,2.125
gemma-2-2b,6,val,val,fr,ja,簡単な,"Le contraire de ""簡単な"" est """,難しい,2,108,18.125,17.875,-0.25
gemma-2-2b,6,val,freq,fr,ja,簡単な,"Le contraire de ""簡単な"" est """,難しい,2,14,18.125,15.125,-3.0
gemma-2-2b,6,freq,desc,fr,ja,簡単な,"Le contraire de ""簡単な"" est """,難しい,2,41,18.125,15.375,-2.75
gemma-2-2b,6,freq,val,fr,ja,簡単な,"Le contraire de ""簡単な"" est """,難しい,2,51,18.125,15.5625,-2.5625
gemma-2-2b,6,freq,freq,fr,ja,簡単な,"Le contraire de ""簡単な"" est """,難しい,2,68,18.125,16.5,-1.625
gemma-2-2b,7,desc,desc,fr,ja,新しい,"Le contraire de ""新しい"" est """,古い,0,4,18.875,19.75,0.875
gemma-2-2b,7,desc,val,fr,ja,新しい,"Le contraire de ""新しい"" est """,古い,0,12,18.875,19.25,0.375
gemma-2-2b,7,desc,freq,fr,ja,新しい,"Le contraire de ""新しい"" est """,古い,0,2,18.875,13.9375,-4.9375
gemma-2-2b,7,val,desc,fr,ja,新しい,"Le contraire de ""新しい"" est """,古い,0,12,18.875,17.5,-1.375
gemma-2-2b,7,val,val,fr,ja,新しい,"Le contraire de ""新しい"" est """,古い,0,20,18.875,19.75,0.875
gemma-2-2b,7,val,freq,fr,ja,新しい,"Le contraire de ""新しい"" est """,古い,0,7,18.875,15.125,-3.75
gemma-2-2b,7,freq,desc,fr,ja,新しい,"Le contraire de ""新しい"" est """,古い,0,2,18.875,17.5,-1.375
gemma-2-2b,7,freq,val,fr,ja,新しい,"Le contraire de ""新しい"" est """,古い,0,8,18.875,17.875,-1.0
gemma-2-2b,7,freq,freq,fr,ja,新しい,"Le contraire de ""新しい"" est """,古い,0,4,18.875,18.625,-0.25
gemma-2-2b,8,desc,desc,fr,ja,正しい,"Le contraire de ""正しい"" est """,間違った,0,19,19.75,20.75,1.0
gemma-2-2b,8,desc,val,fr,ja,正しい,"Le contraire de ""正しい"" est """,間違った,0,23,19.75,20.0,0.25
gemma-2-2b,8,desc,freq,fr,ja,正しい,"Le contraire de ""正しい"" est """,間違った,0,4,19.75,14.75,-5.0
gemma-2-2b,8,val,desc,fr,ja,正しい,"Le contraire de ""正しい"" est """,間違った,0,18,19.75,19.25,-0.5
gemma-2-2b,8,val,val,fr,ja,正しい,"Le contraire de ""正しい"" est """,間違った,0,28,19.75,20.375,0.625
gemma-2-2b,8,val,freq,fr,ja,正しい,"Le contraire de ""正しい"" est """,間違った,0,8,19.75,14.9375,-4.8125
gemma-2-2b,8,freq,desc,fr,ja,正しい,"Le contraire de ""正しい"" est """,間違った,0,12,19.75,18.0,-1.75
gemma-2-2b,8,freq,val,fr,ja,正しい,"Le contraire de ""正しい"" est """,間違った,0,14,19.75,18.0,-1.75
gemma-2-2b,8,freq,freq,fr,ja,正しい,"Le contraire de ""正しい"" est """,間違った,0,16,19.75,19.25,-0.5
gemma-2-2b,9,desc,desc,fr,ja,生きている,"Le contraire de ""生きている"" est """,死んでいる,0,1,17.75,21.25,3.5
gemma-2-2b,9,desc,val,fr,ja,生きている,"Le contraire de ""生きている"" est """,死んでいる,0,4,17.75,19.75,2.0
gemma-2-2b,9,desc,freq,fr,ja,生きている,"Le contraire de ""生きている"" est """,死んでいる,0,0,17.75,16.125,-1.625
gemma-2-2b,9,val,desc,fr,ja,生きている,"Le contraire de ""生きている"" est """,死んでいる,0,0,17.75,21.25,3.5
gemma-2-2b,9,val,val,fr,ja,生きている,"Le contraire de ""生きている"" est """,死んでいる,0,3,17.75,21.75,4.0
gemma-2-2b,9,val,freq,fr,ja,生きている,"Le contraire de ""生きている"" est """,死んでいる,0,0,17.75,17.875,0.125
gemma-2-2b,9,freq,desc,fr,ja,生きている,"Le contraire de ""生きている"" est """,死んでいる,0,0,17.75,18.25,0.5
gemma-2-2b,9,freq,val,fr,ja,生きている,"Le contraire de ""生きている"" est """,死んでいる,0,3,17.75,17.75,0.0
gemma-2-2b,9,freq,freq,fr,ja,生きている,"Le contraire de ""生きている"" est """,死んでいる,0,1,17.75,19.75,2.0
gemma-2-2b,10,desc,desc,fr,ja,満杯,"Le contraire de ""満杯"" est """,空っぽ,0,1,19.75,24.25,4.5
gemma-2-2b,10,desc,val,fr,ja,満杯,"Le contraire de ""満杯"" est """,空っぽ,0,2,19.75,23.875,4.125
gemma-2-2b,10,desc,freq,fr,ja,満杯,"Le contraire de ""満杯"" est """,空っぽ,0,7,19.75,18.25,-1.5
gemma-2-2b,10,val,desc,fr,ja,満杯,"Le contraire de ""満杯"" est """,空っぽ,0,0,19.75,23.0,3.25
gemma-2-2b,10,val,val,fr,ja,満杯,"Le contraire de ""満杯"" est """,空っぽ,0,4,19.75,24.125,4.375
gemma-2-2b,10,val,freq,fr,ja,満杯,"Le contraire de ""満杯"" est """,空っぽ,0,4,19.75,19.0,-0.75
gemma-2-2b,10,freq,desc,fr,ja,満杯,"Le contraire de ""満杯"" est """,空っぽ,0,0,19.75,21.875,2.125
gemma-2-2b,10,freq,val,fr,ja,満杯,"Le contraire de ""満杯"" est """,空っぽ,0,0,19.75,21.75,2.0
gemma-2-2b,10,freq,freq,fr,ja,満杯,"Le contraire de ""満杯"" est """,空っぽ,0,0,19.75,22.875,3.125
gemma-2-2b,11,desc,desc,fr,ja,明るい,"Le contraire de ""明るい"" est """,暗い,0,1,19.5,20.75,1.25
gemma-2-2b,11,desc,val,fr,ja,明るい,"Le contraire de ""明るい"" est """,暗い,0,3,19.5,19.75,0.25
gemma-2-2b,11,desc,freq,fr,ja,明るい,"Le contraire de ""明るい"" est """,暗い,0,1,19.5,12.9375,-6.5625
gemma-2-2b,11,val,desc,fr,ja,明るい,"Le contraire de ""明るい"" est """,暗い,0,0,19.5,21.0,1.5
gemma-2-2b,11,val,val,fr,ja,明るい,"Le contraire de ""明るい"" est """,暗い,0,3,19.5,21.25,1.75
gemma-2-2b,11,val,freq,fr,ja,明るい,"Le contraire de ""明るい"" est """,暗い,0,0,19.5,16.125,-3.375
gemma-2-2b,11,freq,desc,fr,ja,明るい,"Le contraire de ""明るい"" est """,暗い,0,0,19.5,17.875,-1.625
gemma-2-2b,11,freq,val,fr,ja,明るい,"Le contraire de ""明るい"" est """,暗い,0,1,19.5,18.5,-1.0
gemma-2-2b,11,freq,freq,fr,ja,明るい,"Le contraire de ""明るい"" est """,暗い,0,0,19.5,19.25,-0.25
gemma-2-2b,12,desc,desc,fr,ja,強い,"Le contraire de ""強い"" est """,弱い,0,5,19.625,20.75,1.125
gemma-2-2b,12,desc,val,fr,ja,強い,"Le contraire de ""強い"" est """,弱い,0,20,19.625,18.875,-0.75
gemma-2-2b,12,desc,freq,fr,ja,強い,"Le contraire de ""強い"" est """,弱い,0,14,19.625,11.125,-8.5
gemma-2-2b,12,val,desc,fr,ja,強い,"Le contraire de ""強い"" est """,弱い,0,2,19.625,20.75,1.125
gemma-2-2b,12,val,val,fr,ja,強い,"Le contraire de ""強い"" est """,弱い,0,12,19.625,20.875,1.25
gemma-2-2b,12,val,freq,fr,ja,強い,"Le contraire de ""強い"" est """,弱い,0,6,19.625,13.875,-5.75
gemma-2-2b,12,freq,desc,fr,ja,強い,"Le contraire de ""強い"" est """,弱い,0,3,19.625,17.75,-1.875
gemma-2-2b,12,freq,val,fr,ja,強い,"Le contraire de ""強い"" est """,弱い,0,6,19.625,17.875,-1.75
gemma-2-2b,12,freq,freq,fr,ja,強い,"Le contraire de ""強い"" est """,弱い,0,5,19.625,18.75,-0.875
gemma-2-2b,13,desc,desc,fr,ja,きれいな,"Le contraire de ""きれいな"" est """,汚い,0,3,17.75,20.375,2.625
gemma-2-2b,13,desc,val,fr,ja,きれいな,"Le contraire de ""きれいな"" est """,汚い,0,4,17.75,19.75,2.0
gemma-2-2b,13,desc,freq,fr,ja,きれいな,"Le contraire de ""きれいな"" est """,汚い,0,0,17.75,14.5,-3.25
gemma-2-2b,13,val,desc,fr,ja,きれいな,"Le contraire de ""きれいな"" est """,汚い,0,0,17.75,19.75,2.0
gemma-2-2b,13,val,val,fr,ja,きれいな,"Le contraire de ""きれいな"" est """,汚い,0,7,17.75,20.875,3.125
gemma-2-2b,13,val,freq,fr,ja,きれいな,"Le contraire de ""きれいな"" est """,汚い,0,1,17.75,16.75,-1.0
gemma-2-2b,13,freq,desc,fr,ja,きれいな,"Le contraire de ""きれいな"" est """,汚い,0,0,17.75,17.75,0.0
gemma-2-2b,13,freq,val,fr,ja,きれいな,"Le contraire de ""きれいな"" est """,汚い,0,0,17.75,17.875,0.125
gemma-2-2b,13,freq,freq,fr,ja,きれいな,"Le contraire de ""きれいな"" est """,汚い,0,0,17.75,19.25,1.5
gemma-2-2b,14,desc,desc,fr,ja,開いた,"Le contraire de ""開いた"" est """,閉じた,0,4,19.125,21.875,2.75
gemma-2-2b,14,desc,val,fr,ja,開いた,"Le contraire de ""開いた"" est """,閉じた,0,4,19.125,21.625,2.5
gemma-2-2b,14,desc,freq,fr,ja,開いた,"Le contraire de ""開いた"" est """,閉じた,0,0,19.125,18.625,-0.5
gemma-2-2b,14,val,desc,fr,ja,開いた,"Le contraire de ""開いた"" est """,閉じた,0,2,19.125,21.5,2.375
gemma-2-2b,14,val,val,fr,ja,開いた,"Le contraire de ""開いた"" est """,閉じた,0,5,19.125,22.5,3.375
gemma-2-2b,14,val,freq,fr,ja,開いた,"Le contraire de ""開いた"" est """,閉じた,0,1,19.125,19.5,0.375
gemma-2-2b,14,freq,desc,fr,ja,開いた,"Le contraire de ""開いた"" est """,閉じた,0,1,19.125,20.0,0.875
gemma-2-2b,14,freq,val,fr,ja,開いた,"Le contraire de ""開いた"" est """,閉じた,0,1,19.125,20.25,1.125
gemma-2-2b,14,freq,freq,fr,ja,開いた,"Le contraire de ""開いた"" est """,閉じた,0,1,19.125,21.125,2.0
gemma-2-2b,15,desc,desc,fr,ja,裕福な,"Le contraire de ""裕福な"" est """,貧しい,0,6,20.0,20.875,0.875
gemma-2-2b,15,desc,val,fr,ja,裕福な,"Le contraire de ""裕福な"" est """,貧しい,0,7,20.0,20.875,0.875
gemma-2-2b,15,desc,freq,fr,ja,裕福な,"Le contraire de ""裕福な"" est """,貧しい,0,0,20.0,16.0,-4.0
gemma-2-2b,15,val,desc,fr,ja,裕福な,"Le contraire de ""裕福な"" est """,貧しい,0,2,20.0,21.375,1.375
gemma-2-2b,15,val,val,fr,ja,裕福な,"Le contraire de ""裕福な"" est """,貧しい,0,11,20.0,21.375,1.375
gemma-2-2b,15,val,freq,fr,ja,裕福な,"Le contraire de ""裕福な"" est """,貧しい,0,0,20.0,18.25,-1.75
gemma-2-2b,15,freq,desc,fr,ja,裕福な,"Le contraire de ""裕福な"" est """,貧しい,0,0,20.0,19.375,-0.625
gemma-2-2b,15,freq,val,fr,ja,裕福な,"Le contraire de ""裕福な"" est """,貧しい,0,0,20.0,20.0,0.0
gemma-2-2b,15,freq,freq,fr,ja,裕福な,"Le contraire de ""裕福な"" est """,貧しい,0,0,20.0,20.25,0.25
gemma-2-2b,16,desc,desc,fr,ja,美しい,"Le contraire de ""美しい"" est """,醜い,0,0,19.125,21.75,2.625
gemma-2-2b,16,desc,val,fr,ja,美しい,"Le contraire de ""美しい"" est """,醜い,0,3,19.125,20.875,1.75
gemma-2-2b,16,desc,freq,fr,ja,美しい,"Le contraire de ""美しい"" est """,醜い,0,1,19.125,13.4375,-5.6875
gemma-2-2b,16,val,desc,fr,ja,美しい,"Le contraire de ""美しい"" est """,醜い,0,0,19.125,21.75,2.625
gemma-2-2b,16,val,val,fr,ja,美しい,"Le contraire de ""美しい"" est """,醜い,0,1,19.125,22.875,3.75
gemma-2-2b,16,val,freq,fr,ja,美しい,"Le contraire de ""美しい"" est """,醜い,0,13,19.125,14.6875,-4.4375
gemma-2-2b,16,freq,desc,fr,ja,美しい,"Le contraire de ""美しい"" est """,醜い,0,0,19.125,19.125,0.0
gemma-2-2b,16,freq,val,fr,ja,美しい,"Le contraire de ""美しい"" est """,醜い,0,0,19.125,19.5,0.375
gemma-2-2b,16,freq,freq,fr,ja,美しい,"Le contraire de ""美しい"" est """,醜い,0,0,19.125,20.25,1.125
gemma-2-2b,17,desc,desc,fr,ja,長い,"Le contraire de ""長い"" est """,短い,0,3,18.5,21.125,2.625
gemma-2-2b,17,desc,val,fr,ja,長い,"Le contraire de ""長い"" est """,短い,0,8,18.5,20.0,1.5
gemma-2-2b,17,desc,freq,fr,ja,長い,"Le contraire de ""長い"" est """,短い,0,1,18.5,16.25,-2.25
gemma-2-2b,17,val,desc,fr,ja,長い,"Le contraire de ""長い"" est """,短い,0,2,18.5,19.75,1.25
gemma-2-2b,17,val,val,fr,ja,長い,"Le contraire de ""長い"" est """,短い,0,9,18.5,21.0,2.5
gemma-2-2b,17,val,freq,fr,ja,長い,"Le contraire de ""長い"" est """,短い,0,1,18.5,17.75,-0.75
gemma-2-2b,17,freq,desc,fr,ja,長い,"Le contraire de ""長い"" est """,短い,0,3,18.5,17.875,-0.625
gemma-2-2b,17,freq,val,fr,ja,長い,"Le contraire de ""長い"" est """,短い,0,5,18.5,18.25,-0.25
gemma-2-2b,17,freq,freq,fr,ja,長い,"Le contraire de ""長い"" est """,短い,0,4,18.5,19.5,1.0
gemma-2-2b,18,desc,desc,fr,ja,広い,"Le contraire de ""広い"" est """,狭い,0,1,20.875,23.0,2.125
gemma-2-2b,18,desc,val,fr,ja,広い,"Le contraire de ""広い"" est """,狭い,0,2,20.875,21.75,0.875
gemma-2-2b,18,desc,freq,fr,ja,広い,"Le contraire de ""広い"" est """,狭い,0,1,20.875,15.5625,-5.3125
gemma-2-2b,18,val,desc,fr,ja,広い,"Le contraire de ""広い"" est """,狭い,0,1,20.875,22.625,1.75
gemma-2-2b,18,val,val,fr,ja,広い,"Le contraire de ""広い"" est """,狭い,0,2,20.875,23.875,3.0
gemma-2-2b,18,val,freq,fr,ja,広い,"Le contraire de ""広い"" est """,狭い,0,3,20.875,17.75,-3.125
gemma-2-2b,18,freq,desc,fr,ja,広い,"Le contraire de ""広い"" est """,狭い,0,1,20.875,19.75,-1.125
gemma-2-2b,18,freq,val,fr,ja,広い,"Le contraire de ""広い"" est """,狭い,0,1,20.875,20.125,-0.75
gemma-2-2b,18,freq,freq,fr,ja,広い,"Le contraire de ""広い"" est """,狭い,0,2,20.875,20.875,0.0
gemma-2-2b,19,desc,desc,fr,ja,硬い,"Le contraire de ""硬い"" est """,柔らかい,3,49,16.0,17.375,1.375
gemma-2-2b,19,desc,val,fr,ja,硬い,"Le contraire de ""硬い"" est """,柔らかい,3,163,16.0,15.25,-0.75
gemma-2-2b,19,desc,freq,fr,ja,硬い,"Le contraire de ""硬い"" est """,柔らかい,3,18,16.0,9.75,-6.25
gemma-2-2b,19,val,desc,fr,ja,硬い,"Le contraire de ""硬い"" est """,柔らかい,3,38,16.0,16.125,0.125
gemma-2-2b,19,val,val,fr,ja,硬い,"Le contraire de ""硬い"" est """,柔らかい,3,111,16.0,16.5,0.5
gemma-2-2b,19,val,freq,fr,ja,硬い,"Le contraire de ""硬い"" est """,柔らかい,3,10,16.0,12.0,-4.0
gemma-2-2b,19,freq,desc,fr,ja,硬い,"Le contraire de ""硬い"" est """,柔らかい,3,15,16.0,15.375,-0.625
gemma-2-2b,19,freq,val,fr,ja,硬い,"Le contraire de ""硬い"" est """,柔らかい,3,26,16.0,14.9375,-1.0625
gemma-2-2b,19,freq,freq,fr,ja,硬い,"Le contraire de ""硬い"" est """,柔らかい,3,46,16.0,15.6875,-0.3125
gemma-2-2b,20,desc,desc,fr,ja,乾いた,"Le contraire de ""乾いた"" est """,湿った,1,9,16.75,20.625,3.875
gemma-2-2b,20,desc,val,fr,ja,乾いた,"Le contraire de ""乾いた"" est """,湿った,1,18,16.75,19.875,3.125
gemma-2-2b,20,desc,freq,fr,ja,乾いた,"Le contraire de ""乾いた"" est """,湿った,1,10,16.75,12.9375,-3.8125
gemma-2-2b,20,val,desc,fr,ja,乾いた,"Le contraire de ""乾いた"" est """,湿った,1,11,16.75,18.875,2.125
gemma-2-2b,20,val,val,fr,ja,乾いた,"Le contraire de ""乾いた"" est """,湿った,1,15,16.75,21.5,4.75
gemma-2-2b,20,val,freq,fr,ja,乾いた,"Le contraire de ""乾いた"" est """,湿った,1,8,16.75,14.5625,-2.1875
gemma-2-2b,20,freq,desc,fr,ja,乾いた,"Le contraire de ""乾いた"" est """,湿った,1,3,16.75,17.75,1.0
gemma-2-2b,20,freq,val,fr,ja,乾いた,"Le contraire de ""乾いた"" est """,湿った,1,7,16.75,18.25,1.5
gemma-2-2b,20,freq,freq,fr,ja,乾いた,"Le contraire de ""乾いた"" est """,湿った,1,5,16.75,19.25,2.5
gemma-2-2b,21,desc,desc,fr,ja,うるさい,"Le contraire de ""うるさい"" est """,静かな,0,1,19.5,22.5,3.0
gemma-2-2b,21,desc,val,fr,ja,うるさい,"Le contraire de ""うるさい"" est """,静かな,0,1,19.5,21.75,2.25
gemma-2-2b,21,desc,freq,fr,ja,うるさい,"Le contraire de ""うるさい"" est """,静かな,0,1,19.5,13.625,-5.875
gemma-2-2b,21,val,desc,fr,ja,うるさい,"Le contraire de ""うるさい"" est """,静かな,0,0,19.5,21.5,2.0
gemma-2-2b,21,val,val,fr,ja,うるさい,"Le contraire de ""うるさい"" est """,静かな,0,2,19.5,23.25,3.75
gemma-2-2b,21,val,freq,fr,ja,うるさい,"Le contraire de ""うるさい"" est """,静かな,0,0,19.5,15.25,-4.25
gemma-2-2b,21,freq,desc,fr,ja,うるさい,"Le contraire de ""うるさい"" est """,静かな,0,0,19.5,19.25,-0.25
gemma-2-2b,21,freq,val,fr,ja,うるさい,"Le contraire de ""うるさい"" est """,静かな,0,1,19.5,20.0,0.5
gemma-2-2b,21,freq,freq,fr,ja,うるさい,"Le contraire de ""うるさい"" est """,静かな,0,1,19.5,21.5,2.0
gemma-2-2b,22,desc,desc,fr,ja,早い,"Le contraire de ""早い"" est """,遅い,0,0,21.125,23.0,1.875
gemma-2-2b,22,desc,val,fr,ja,早い,"Le contraire de ""早い"" est """,遅い,0,0,21.125,21.625,0.5
gemma-2-2b,22,desc,freq,fr,ja,早い,"Le contraire de ""早い"" est """,遅い,0,2,21.125,14.875,-6.25
gemma-2-2b,22,val,desc,fr,ja,早い,"Le contraire de ""早い"" est """,遅い,0,0,21.125,22.125,1.0
gemma-2-2b,22,val,val,fr,ja,早い,"Le contraire de ""早い"" est """,遅い,0,0,21.125,23.25,2.125
gemma-2-2b,22,val,freq,fr,ja,早い,"Le contraire de ""早い"" est """,遅い,0,2,21.125,17.25,-3.875
gemma-2-2b,22,freq,desc,fr,ja,早い,"Le contraire de ""早い"" est """,遅い,0,0,21.125,19.75,-1.375
gemma-2-2b,22,freq,val,fr,ja,早い,"Le contraire de ""早い"" est """,遅い,0,0,21.125,19.75,-1.375
gemma-2-2b,22,freq,freq,fr,ja,早い,"Le contraire de ""早い"" est """,遅い,0,0,21.125,21.125,0.0
gemma-2-2b,23,desc,desc,fr,ja,近い,"Le contraire de ""近い"" est """,遠い,0,4,21.125,22.875,1.75
gemma-2-2b,23,desc,val,fr,ja,近い,"Le contraire de ""近い"" est """,遠い,0,8,21.125,22.0,0.875
gemma-2-2b,23,desc,freq,fr,ja,近い,"Le contraire de ""近い"" est """,遠い,0,5,21.125,18.25,-2.875
gemma-2-2b,23,val,desc,fr,ja,近い,"Le contraire de ""近い"" est """,遠い,0,6,21.125,22.875,1.75
gemma-2-2b,23,val,val,fr,ja,近い,"Le contraire de ""近い"" est """,遠い,0,7,21.125,23.5,2.375
gemma-2-2b,23,val,freq,fr,ja,近い,"Le contraire de ""近い"" est """,遠い,0,4,21.125,19.25,-1.875
gemma-2-2b,23,freq,desc,fr,ja,近い,"Le contraire de ""近い"" est """,遠い,0,6,21.125,19.375,-1.75
gemma-2-2b,23,freq,val,fr,ja,近い,"Le contraire de ""近い"" est """,遠い,0,8,21.125,19.875,-1.25
gemma-2-2b,23,freq,freq,fr,ja,近い,"Le contraire de ""近い"" est """,遠い,0,6,21.125,21.125,0.0
gemma-2-2b,24,desc,desc,fr,ja,深い,"Le contraire de ""深い"" est """,浅い,0,0,22.25,25.25,3.0
gemma-2-2b,24,desc,val,fr,ja,深い,"Le contraire de ""深い"" est """,浅い,0,0,22.25,24.0,1.75
gemma-2-2b,24,desc,freq,fr,ja,深い,"Le contraire de ""深い"" est """,浅い,0,0,22.25,21.75,-0.5
gemma-2-2b,24,val,desc,fr,ja,深い,"Le contraire de ""深い"" est """,浅い,0,0,22.25,25.125,2.875
gemma-2-2b,24,val,val,fr,ja,深い,"Le contraire de ""深い"" est """,浅い,0,0,22.25,25.625,3.375
gemma-2-2b,24,val,freq,fr,ja,深い,"Le contraire de ""深い"" est """,浅い,0,0,22.25,22.75,0.5
gemma-2-2b,24,freq,desc,fr,ja,深い,"Le contraire de ""深い"" est """,浅い,0,0,22.25,22.875,0.625
gemma-2-2b,24,freq,val,fr,ja,深い,"Le contraire de ""深い"" est """,浅い,0,0,22.25,22.875,0.625
gemma-2-2b,24,freq,freq,fr,ja,深い,"Le contraire de ""深い"" est """,浅い,0,0,22.25,24.0,1.75
gemma-2-2b,25,desc,desc,fr,ja,悪い,"Le contraire de ""悪い"" est """,良い,0,11,18.875,20.75,1.875
gemma-2-2b,25,desc,val,fr,ja,悪い,"Le contraire de ""悪い"" est """,良い,0,9,18.875,20.0,1.125
gemma-2-2b,25,desc,freq,fr,ja,悪い,"Le contraire de ""悪い"" est """,良い,0,10,18.875,11.5,-7.375
gemma-2-2b,25,val,desc,fr,ja,悪い,"Le contraire de ""悪い"" est """,良い,0,1,18.875,19.25,0.375
gemma-2-2b,25,val,val,fr,ja,悪い,"Le contraire de ""悪い"" est """,良い,0,17,18.875,20.375,1.5
gemma-2-2b,25,val,freq,fr,ja,悪い,"Le contraire de ""悪い"" est """,良い,0,12,18.875,12.8125,-6.0625
gemma-2-2b,25,freq,desc,fr,ja,悪い,"Le contraire de ""悪い"" est """,良い,0,4,18.875,17.625,-1.25
gemma-2-2b,25,freq,val,fr,ja,悪い,"Le contraire de ""悪い"" est """,良い,0,5,18.875,18.125,-0.75
gemma-2-2b,25,freq,freq,fr,ja,悪い,"Le contraire de ""悪い"" est """,良い,0,6,18.875,19.75,0.875
gemma-2-2b,26,desc,desc,fr,ja,悲しい,"Le contraire de ""悲しい"" est """,嬉しい,0,9,17.375,19.75,2.375
gemma-2-2b,26,desc,val,fr,ja,悲しい,"Le contraire de ""悲しい"" est """,嬉しい,0,14,17.375,18.875,1.5
gemma-2-2b,26,desc,freq,fr,ja,悲しい,"Le contraire de ""悲しい"" est """,嬉しい,0,69,17.375,7.25,-10.125
gemma-2-2b,26,val,desc,fr,ja,悲しい,"Le contraire de ""悲しい"" est """,嬉しい,0,13,17.375,15.8125,-1.5625
gemma-2-2b,26,val,val,fr,ja,悲しい,"Le contraire de ""悲しい"" est """,嬉しい,0,20,17.375,19.5,2.125
gemma-2-2b,26,val,freq,fr,ja,悲しい,"Le contraire de ""悲しい"" est """,嬉しい,0,162,17.375,7.25,-10.125
gemma-2-2b,26,freq,desc,fr,ja,悲しい,"Le contraire de ""悲しい"" est """,嬉しい,0,7,17.375,15.8125,-1.5625
gemma-2-2b,26,freq,val,fr,ja,悲しい,"Le contraire de ""悲しい"" est """,嬉しい,0,7,17.375,17.125,-0.25
gemma-2-2b,26,freq,freq,fr,ja,悲しい,"Le contraire de ""悲しい"" est """,嬉しい,0,7,17.375,18.5,1.125
gemma-2-2b,27,desc,desc,fr,ja,小さい,"Le contraire de ""小さい"" est """,大きい,0,3,20.125,22.0,1.875
gemma-2-2b,27,desc,val,fr,ja,小さい,"Le contraire de ""小さい"" est """,大きい,0,6,20.125,21.375,1.25
gemma-2-2b,27,desc,freq,fr,ja,小さい,"Le contraire de ""小さい"" est """,大きい,0,2,20.125,13.8125,-6.3125
gemma-2-2b,27,val,desc,fr,ja,小さい,"Le contraire de ""小さい"" est """,大きい,0,1,20.125,20.625,0.5
gemma-2-2b,27,val,val,fr,ja,小さい,"Le contraire de ""小さい"" est """,大きい,0,7,20.125,22.0,1.875
gemma-2-2b,27,val,freq,fr,ja,小さい,"Le contraire de ""小さい"" est """,大きい,0,2,20.125,15.0,-5.125
gemma-2-2b,27,freq,desc,fr,ja,小さい,"Le contraire de ""小さい"" est """,大きい,0,0,20.125,19.375,-0.75
gemma-2-2b,27,freq,val,fr,ja,小さい,"Le contraire de ""小さい"" est """,大きい,0,4,20.125,19.5,-0.625
gemma-2-2b,27,freq,freq,fr,ja,小さい,"Le contraire de ""小さい"" est """,大きい,0,3,20.125,20.875,0.75
gemma-2-2b,28,desc,desc,fr,ja,寒い,"Le contraire de ""寒い"" est """,暑い,0,42,16.75,16.5,-0.25
gemma-2-2b,28,desc,val,fr,ja,寒い,"Le contraire de ""寒い"" est """,暑い,0,95,16.75,15.5625,-1.1875
gemma-2-2b,28,desc,freq,fr,ja,寒い,"Le contraire de ""寒い"" est """,暑い,0,11,16.75,9.875,-6.875
gemma-2-2b,28,val,desc,fr,ja,寒い,"Le contraire de ""寒い"" est """,暑い,0,34,16.75,15.8125,-0.9375
gemma-2-2b,28,val,val,fr,ja,寒い,"Le contraire de ""寒い"" est """,暑い,0,80,16.75,16.5,-0.25
gemma-2-2b,28,val,freq,fr,ja,寒い,"Le contraire de ""寒い"" est """,暑い,0,19,16.75,10.9375,-5.8125
gemma-2-2b,28,freq,desc,fr,ja,寒い,"Le contraire de ""寒い"" est """,暑い,0,15,16.75,14.875,-1.875
gemma-2-2b,28,freq,val,fr,ja,寒い,"Le contraire de ""寒い"" est """,暑い,0,19,16.75,15.25,-1.5
gemma-2-2b,28,freq,freq,fr,ja,寒い,"Le contraire de ""寒い"" est """,暑い,0,39,16.75,15.5,-1.25
gemma-2-2b,29,desc,desc,fr,ja,遅い,"Le contraire de ""遅い"" est """,早い,1,3,19.5,21.0,1.5
gemma-2-2b,29,desc,val,fr,ja,遅い,"Le contraire de ""遅い"" est """,早い,1,4,19.5,19.125,-0.375
gemma-2-2b,29,desc,freq,fr,ja,遅い,"Le contraire de ""遅い"" est """,早い,1,0,19.5,11.0,-8.5
gemma-2-2b,29,val,desc,fr,ja,遅い,"Le contraire de ""遅い"" est """,早い,1,1,19.5,19.75,0.25
gemma-2-2b,29,val,val,fr,ja,遅い,"Le contraire de ""遅い"" est """,早い,1,2,19.5,21.0,1.5
gemma-2-2b,29,val,freq,fr,ja,遅い,"Le contraire de ""遅い"" est """,早い,1,0,19.5,12.4375,-7.0625
gemma-2-2b,29,freq,desc,fr,ja,遅い,"Le contraire de ""遅い"" est """,早い,1,3,19.5,17.5,-2.0
gemma-2-2b,29,freq,val,fr,ja,遅い,"Le contraire de ""遅い"" est """,早い,1,4,19.5,17.0,-2.5
gemma-2-2b,29,freq,freq,fr,ja,遅い,"Le contraire de ""遅い"" est """,早い,1,5,19.5,18.875,-0.625
gemma-2-2b,30,desc,desc,fr,ja,重い,"Le contraire de ""重い"" est """,軽い,0,14,18.875,19.75,0.875
gemma-2-2b,30,desc,val,fr,ja,重い,"Le contraire de ""重い"" est """,軽い,0,36,18.875,17.625,-1.25
gemma-2-2b,30,desc,freq,fr,ja,重い,"Le contraire de ""重い"" est """,軽い,0,3,18.875,13.9375,-4.9375
gemma-2-2b,30,val,desc,fr,ja,重い,"Le contraire de ""重い"" est """,軽い,0,3,18.875,19.25,0.375
gemma-2-2b,30,val,val,fr,ja,重い,"Le contraire de ""重い"" est """,軽い,0,19,18.875,19.5,0.625
gemma-2-2b,30,val,freq,fr,ja,重い,"Le contraire de ""重い"" est """,軽い,0,1,18.875,16.75,-2.125
gemma-2-2b,30,freq,desc,fr,ja,重い,"Le contraire de ""重い"" est """,軽い,0,5,18.875,16.5,-2.375
gemma-2-2b,30,freq,val,fr,ja,重い,"Le contraire de ""重い"" est """,軽い,0,11,18.875,16.25,-2.625
gemma-2-2b,30,freq,freq,fr,ja,重い,"Le contraire de ""重い"" est """,軽い,0,12,18.875,17.875,-1.0
gemma-2-2b,31,desc,desc,fr,ja,難しい,"Le contraire de ""難しい"" est """,簡単,0,56,16.75,15.5,-1.25
gemma-2-2b,31,desc,val,fr,ja,難しい,"Le contraire de ""難しい"" est """,簡単,0,43,16.75,16.25,-0.5
gemma-2-2b,31,desc,freq,fr,ja,難しい,"Le contraire de ""難しい"" est """,簡単,0,11,16.75,10.625,-6.125
gemma-2-2b,31,val,desc,fr,ja,難しい,"Le contraire de ""難しい"" est """,簡単,0,34,16.75,14.0625,-2.6875
gemma-2-2b,31,val,val,fr,ja,難しい,"Le contraire de ""難しい"" est """,簡単,0,87,16.75,15.5625,-1.1875
gemma-2-2b,31,val,freq,fr,ja,難しい,"Le contraire de ""難しい"" est """,簡単,0,10,16.75,11.625,-5.125
gemma-2-2b,31,freq,desc,fr,ja,難しい,"Le contraire de ""難しい"" est """,簡単,0,25,16.75,13.625,-3.125
gemma-2-2b,31,freq,val,fr,ja,難しい,"Le contraire de ""難しい"" est """,簡単,0,27,16.75,15.125,-1.625
gemma-2-2b,31,freq,freq,fr,ja,難しい,"Le contraire de ""難しい"" est """,簡単,0,44,16.75,14.6875,-2.0625
gemma-2-2b,32,desc,desc,fr,ja,古い,"Le contraire de ""古い"" est """,新しい,0,0,20.75,22.875,2.125
gemma-2-2b,32,desc,val,fr,ja,古い,"Le contraire de ""古い"" est """,新しい,0,1,20.75,23.0,2.25
gemma-2-2b,32,desc,freq,fr,ja,古い,"Le contraire de ""古い"" est """,新しい,0,0,20.75,17.75,-3.0
gemma-2-2b,32,val,desc,fr,ja,古い,"Le contraire de ""古い"" est """,新しい,0,0,20.75,22.875,2.125
gemma-2-2b,32,val,val,fr,ja,古い,"Le contraire de ""古い"" est """,新しい,0,3,20.75,22.875,2.125
gemma-2-2b,32,val,freq,fr,ja,古い,"Le contraire de ""古い"" est """,新しい,0,0,20.75,18.625,-2.125
gemma-2-2b,32,freq,desc,fr,ja,古い,"Le contraire de ""古い"" est """,新しい,0,0,20.75,20.125,-0.625
gemma-2-2b,32,freq,val,fr,ja,古い,"Le contraire de ""古い"" est """,新しい,0,2,20.75,20.625,-0.125
gemma-2-2b,32,freq,freq,fr,ja,古い,"Le contraire de ""古い"" est """,新しい,0,1,20.75,21.625,0.875
gemma-2-2b,33,desc,desc,fr,ja,間違った,"Le contraire de ""間違った"" est """,正しい,1,7,20.0,21.875,1.875
gemma-2-2b,33,desc,val,fr,ja,間違った,"Le contraire de ""間違った"" est """,正しい,1,9,20.0,21.375,1.375
gemma-2-2b,33,desc,freq,fr,ja,間違った,"Le contraire de ""間違った"" est """,正しい,1,4,20.0,15.0,-5.0
gemma-2-2b,33,val,desc,fr,ja,間違った,"Le contraire de ""間違った"" est """,正しい,1,18,20.0,19.25,-0.75
gemma-2-2b,33,val,val,fr,ja,間違った,"Le contraire de ""間違った"" est """,正しい,1,26,20.0,21.375,1.375
gemma-2-2b,33,val,freq,fr,ja,間違った,"Le contraire de ""間違った"" est """,正しい,1,3,20.0,15.6875,-4.3125
gemma-2-2b,33,freq,desc,fr,ja,間違った,"Le contraire de ""間違った"" est """,正しい,1,15,20.0,17.25,-2.75
gemma-2-2b,33,freq,val,fr,ja,間違った,"Le contraire de ""間違った"" est """,正しい,1,7,20.0,18.875,-1.125
gemma-2-2b,33,freq,freq,fr,ja,間違った,"Le contraire de ""間違った"" est """,正しい,1,9,20.0,20.25,0.25
gemma-2-2b,34,desc,desc,fr,ja,死んでいる,"Le contraire de ""死んでいる"" est """,生きている,1,32,19.875,20.75,0.875
gemma-2-2b,34,desc,val,fr,ja,死んでいる,"Le contraire de ""死んでいる"" est """,生きている,1,27,19.875,20.25,0.375
gemma-2-2b,34,desc,freq,fr,ja,死んでいる,"Le contraire de ""死んでいる"" est """,生きている,1,9,19.875,16.75,-3.125
gemma-2-2b,34,val,desc,fr,ja,死んでいる,"Le contraire de ""死んでいる"" est """,生きている,1,8,19.875,21.25,1.375
gemma-2-2b,34,val,val,fr,ja,死んでいる,"Le contraire de ""死んでいる"" est """,生きている,1,42,19.875,20.875,1.0
gemma-2-2b,34,val,freq,fr,ja,死んでいる,"Le contraire de ""死んでいる"" est """,生きている,1,10,19.875,17.5,-2.375
gemma-2-2b,34,freq,desc,fr,ja,死んでいる,"Le contraire de ""死んでいる"" est """,生きている,1,21,19.875,17.875,-2.0
gemma-2-2b,34,freq,val,fr,ja,死んでいる,"Le contraire de ""死んでいる"" est """,生きている,1,24,19.875,17.875,-2.0
gemma-2-2b,34,freq,freq,fr,ja,死んでいる,"Le contraire de ""死んでいる"" est """,生きている,1,26,19.875,18.875,-1.0
gemma-2-2b,35,desc,desc,fr,ja,空っぽ,"Le contraire de ""空っぽ"" est """,満杯,5,70,18.625,18.875,0.25
gemma-2-2b,35,desc,val,fr,ja,空っぽ,"Le contraire de ""空っぽ"" est """,満杯,5,80,18.625,18.5,-0.125
gemma-2-2b,35,desc,freq,fr,ja,空っぽ,"Le contraire de ""空っぽ"" est """,満杯,5,18,18.625,13.875,-4.75
gemma-2-2b,35,val,desc,fr,ja,空っぽ,"Le contraire de ""空っぽ"" est """,満杯,5,19,18.625,19.75,1.125
gemma-2-2b,35,val,val,fr,ja,空っぽ,"Le contraire de ""空っぽ"" est """,満杯,5,149,18.625,18.875,0.25
gemma-2-2b,35,val,freq,fr,ja,空っぽ,"Le contraire de ""空っぽ"" est """,満杯,5,12,18.625,16.125,-2.5
gemma-2-2b,35,freq,desc,fr,ja,空っぽ,"Le contraire de ""空っぽ"" est """,満杯,5,17,18.625,17.375,-1.25
gemma-2-2b,35,freq,val,fr,ja,空っぽ,"Le contraire de ""空っぽ"" est """,満杯,5,14,18.625,18.0,-0.625
gemma-2-2b,35,freq,freq,fr,ja,空っぽ,"Le contraire de ""空っぽ"" est """,満杯,5,48,18.625,18.25,-0.375
gemma-2-2b,36,desc,desc,fr,ja,暗い,"Le contraire de ""暗い"" est """,明るい,0,7,19.5,20.25,0.75
gemma-2-2b,36,desc,val,fr,ja,暗い,"Le contraire de ""暗い"" est """,明るい,0,21,19.5,18.875,-0.625
gemma-2-2b,36,desc,freq,fr,ja,暗い,"Le contraire de ""暗い"" est """,明るい,0,1,19.5,13.1875,-6.3125
gemma-2-2b,36,val,desc,fr,ja,暗い,"Le contraire de ""暗い"" est """,明るい,0,5,19.5,18.25,-1.25
gemma-2-2b,36,val,val,fr,ja,暗い,"Le contraire de ""暗い"" est """,明るい,0,25,19.5,19.75,0.25
gemma-2-2b,36,val,freq,fr,ja,暗い,"Le contraire de ""暗い"" est """,明るい,0,1,19.5,14.3125,-5.1875
gemma-2-2b,36,freq,desc,fr,ja,暗い,"Le contraire de ""暗い"" est """,明るい,0,1,19.5,18.125,-1.375
gemma-2-2b,36,freq,val,fr,ja,暗い,"Le contraire de ""暗い"" est """,明るい,0,6,19.5,18.25,-1.25
gemma-2-2b,36,freq,freq,fr,ja,暗い,"Le contraire de ""暗い"" est """,明るい,0,5,19.5,19.5,0.0
gemma-2-2b,37,desc,desc,fr,ja,弱い,"Le contraire de ""弱い"" est """,強い,0,5,19.375,21.75,2.375
gemma-2-2b,37,desc,val,fr,ja,弱い,"Le contraire de ""弱い"" est """,強い,0,8,19.375,21.25,1.875
gemma-2-2b,37,desc,freq,fr,ja,弱い,"Le contraire de ""弱い"" est """,強い,0,6,19.375,13.4375,-5.9375
gemma-2-2b,37,val,desc,fr,ja,弱い,"Le contraire de ""弱い"" est """,強い,0,1,19.375,20.875,1.5
gemma-2-2b,37,val,val,fr,ja,弱い,"Le contraire de ""弱い"" est """,強い,0,6,19.375,22.875,3.5
gemma-2-2b,37,val,freq,fr,ja,弱い,"Le contraire de ""弱い"" est """,強い,0,1,19.375,16.125,-3.25
gemma-2-2b,37,freq,desc,fr,ja,弱い,"Le contraire de ""弱い"" est """,強い,0,4,19.375,18.375,-1.0
gemma-2-2b,37,freq,val,fr,ja,弱い,"Le contraire de ""弱い"" est """,強い,0,4,19.375,19.5,0.125
gemma-2-2b,37,freq,freq,fr,ja,弱い,"Le contraire de ""弱い"" est """,強い,0,3,19.375,20.75,1.375
gemma-2-2b,38,desc,desc,fr,ja,汚い,"Le contraire de ""汚い"" est """,綺麗,1,12,16.25,20.125,3.875
gemma-2-2b,38,desc,val,fr,ja,汚い,"Le contraire de ""汚い"" est """,綺麗,1,24,16.25,19.5,3.25
gemma-2-2b,38,desc,freq,fr,ja,汚い,"Le contraire de ""汚い"" est """,綺麗,1,9,16.25,13.0,-3.25
gemma-2-2b,38,val,desc,fr,ja,汚い,"Le contraire de ""汚い"" est """,綺麗,1,22,16.25,18.125,1.875
gemma-2-2b,38,val,val,fr,ja,汚い,"Le contraire de ""汚い"" est """,綺麗,1,31,16.25,20.125,3.875
gemma-2-2b,38,val,freq,fr,ja,汚い,"Le contraire de ""汚い"" est """,綺麗,1,19,16.25,14.75,-1.5
gemma-2-2b,38,freq,desc,fr,ja,汚い,"Le contraire de ""汚い"" est """,綺麗,1,9,16.25,16.75,0.5
gemma-2-2b,38,freq,val,fr,ja,汚い,"Le contraire de ""汚い"" est """,綺麗,1,10,16.25,17.875,1.625
gemma-2-2b,38,freq,freq,fr,ja,汚い,"Le contraire de ""汚い"" est """,綺麗,1,6,16.25,18.75,2.5
gemma-2-2b,39,desc,desc,fr,ja,閉じた,"Le contraire de ""閉じた"" est """,開いた,0,1,20.125,23.5,3.375
gemma-2-2b,39,desc,val,fr,ja,閉じた,"Le contraire de ""閉じた"" est """,開いた,0,1,20.125,23.75,3.625
gemma-2-2b,39,desc,freq,fr,ja,閉じた,"Le contraire de ""閉じた"" est """,開いた,0,0,20.125,19.125,-1.0
gemma-2-2b,39,val,desc,fr,ja,閉じた,"Le contraire de ""閉じた"" est """,開いた,0,0,20.125,23.5,3.375
gemma-2-2b,39,val,val,fr,ja,閉じた,"Le contraire de ""閉じた"" est """,開いた,0,2,20.125,24.125,4.0
gemma-2-2b,39,val,freq,fr,ja,閉じた,"Le contraire de ""閉じた"" est """,開いた,0,0,20.125,19.125,-1.0
gemma-2-2b,39,freq,desc,fr,ja,閉じた,"Le contraire de ""閉じた"" est """,開いた,0,0,20.125,21.5,1.375
gemma-2-2b,39,freq,val,fr,ja,閉じた,"Le contraire de ""閉じた"" est """,開いた,0,0,20.125,21.625,1.5
gemma-2-2b,39,freq,freq,fr,ja,閉じた,"Le contraire de ""閉じた"" est """,開いた,0,0,20.125,22.25,2.125
gemma-2-2b,40,desc,desc,fr,ja,貧しい,"Le contraire de ""貧しい"" est """,裕福な,6,54,16.0,17.875,1.875
gemma-2-2b,40,desc,val,fr,ja,貧しい,"Le contraire de ""貧しい"" est """,裕福な,6,70,16.0,17.75,1.75
gemma-2-2b,40,desc,freq,fr,ja,貧しい,"Le contraire de ""貧しい"" est """,裕福な,6,7,16.0,11.4375,-4.5625
gemma-2-2b,40,val,desc,fr,ja,貧しい,"Le contraire de ""貧しい"" est """,裕福な,6,12,16.0,20.375,4.375
gemma-2-2b,40,val,val,fr,ja,貧しい,"Le contraire de ""貧しい"" est """,裕福な,6,40,16.0,19.75,3.75
gemma-2-2b,40,val,freq,fr,ja,貧しい,"Le contraire de ""貧しい"" est """,裕福な,6,11,16.0,12.125,-3.875
gemma-2-2b,40,freq,desc,fr,ja,貧しい,"Le contraire de ""貧しい"" est """,裕福な,6,15,16.0,15.5625,-0.4375
gemma-2-2b,40,freq,val,fr,ja,貧しい,"Le contraire de ""貧しい"" est """,裕福な,6,17,16.0,16.0,0.0
gemma-2-2b,40,freq,freq,fr,ja,貧しい,"Le contraire de ""貧しい"" est """,裕福な,6,35,16.0,16.5,0.5
gemma-2-2b,41,desc,desc,fr,ja,醜い,"Le contraire de ""醜い"" est """,美しい,0,26,17.25,19.25,2.0
gemma-2-2b,41,desc,val,fr,ja,醜い,"Le contraire de ""醜い"" est """,美しい,0,53,17.25,17.875,0.625
gemma-2-2b,41,desc,freq,fr,ja,醜い,"Le contraire de ""醜い"" est """,美しい,0,7,17.25,11.75,-5.5
gemma-2-2b,41,val,desc,fr,ja,醜い,"Le contraire de ""醜い"" est """,美しい,0,55,17.25,15.8125,-1.4375
gemma-2-2b,41,val,val,fr,ja,醜い,"Le contraire de ""醜い"" est """,美しい,0,84,17.25,18.375,1.125
gemma-2-2b,41,val,freq,fr,ja,醜い,"Le contraire de ""醜い"" est """,美しい,0,28,17.25,12.375,-4.875
gemma-2-2b,41,freq,desc,fr,ja,醜い,"Le contraire de ""醜い"" est """,美しい,0,14,17.25,15.0,-2.25
gemma-2-2b,41,freq,val,fr,ja,醜い,"Le contraire de ""醜い"" est """,美しい,0,27,17.25,15.25,-2.0
gemma-2-2b,41,freq,freq,fr,ja,醜い,"Le contraire de ""醜い"" est """,美しい,0,13,17.25,17.125,-0.125
gemma-2-2b,42,desc,desc,fr,ja,短い,"Le contraire de ""短い"" est """,長い,0,2,19.75,23.0,3.25
gemma-2-2b,42,desc,val,fr,ja,短い,"Le contraire de ""短い"" est """,長い,0,7,19.75,21.75,2.0
gemma-2-2b,42,desc,freq,fr,ja,短い,"Le contraire de ""短い"" est """,長い,0,1,19.75,16.125,-3.625
gemma-2-2b,42,val,desc,fr,ja,短い,"Le contraire de ""短い"" est """,長い,0,2,19.75,21.0,1.25
gemma-2-2b,42,val,val,fr,ja,短い,"Le contraire de ""短い"" est """,長い,0,3,19.75,22.875,3.125
gemma-2-2b,42,val,freq,fr,ja,短い,"Le contraire de ""短い"" est """,長い,0,1,19.75,17.75,-2.0
gemma-2-2b,42,freq,desc,fr,ja,短い,"Le contraire de ""短い"" est """,長い,0,2,19.75,19.375,-0.375
gemma-2-2b,42,freq,val,fr,ja,短い,"Le contraire de ""短い"" est """,長い,0,3,19.75,19.625,-0.125
gemma-2-2b,42,freq,freq,fr,ja,短い,"Le contraire de ""短い"" est """,長い,0,2,19.75,21.375,1.625
gemma-2-2b,43,desc,desc,fr,ja,狭い,"Le contraire de ""狭い"" est """,広い,1,3,20.25,22.875,2.625
gemma-2-2b,43,desc,val,fr,ja,狭い,"Le contraire de ""狭い"" est """,広い,1,9,20.25,21.625,1.375
gemma-2-2b,43,desc,freq,fr,ja,狭い,"Le contraire de ""狭い"" est """,広い,1,9,20.25,13.375,-6.875
gemma-2-2b,43,val,desc,fr,ja,狭い,"Le contraire de ""狭い"" est """,広い,1,4,20.25,21.25,1.0
gemma-2-2b,43,val,val,fr,ja,狭い,"Le contraire de ""狭い"" est """,広い,1,8,20.25,22.875,2.625
gemma-2-2b,43,val,freq,fr,ja,狭い,"Le contraire de ""狭い"" est """,広い,1,12,20.25,14.9375,-5.3125
gemma-2-2b,43,freq,desc,fr,ja,狭い,"Le contraire de ""狭い"" est """,広い,1,2,20.25,19.5,-0.75
gemma-2-2b,43,freq,val,fr,ja,狭い,"Le contraire de ""狭い"" est """,広い,1,5,20.25,20.125,-0.125
gemma-2-2b,43,freq,freq,fr,ja,狭い,"Le contraire de ""狭い"" est """,広い,1,8,20.25,20.875,0.625
gemma-2-2b,44,desc,desc,fr,ja,柔らかい,"Le contraire de ""柔らかい"" est """,硬い,0,5,15.8125,20.25,4.4375
gemma-2-2b,44,desc,val,fr,ja,柔らかい,"Le contraire de ""柔らかい"" est """,硬い,0,11,15.8125,19.375,3.5625
gemma-2-2b,44,desc,freq,fr,ja,柔らかい,"Le contraire de ""柔らかい"" est """,硬い,0,0,15.8125,15.5625,-0.25
gemma-2-2b,44,val,desc,fr,ja,柔らかい,"Le contraire de ""柔らかい"" est """,硬い,0,1,15.8125,19.875,4.0625
gemma-2-2b,44,val,val,fr,ja,柔らかい,"Le contraire de ""柔らかい"" est """,硬い,0,10,15.8125,21.0,5.1875
gemma-2-2b,44,val,freq,fr,ja,柔らかい,"Le contraire de ""柔らかい"" est """,硬い,0,0,15.8125,19.125,3.3125
gemma-2-2b,44,freq,desc,fr,ja,柔らかい,"Le contraire de ""柔らかい"" est """,硬い,0,1,15.8125,17.375,1.5625
gemma-2-2b,44,freq,val,fr,ja,柔らかい,"Le contraire de ""柔らかい"" est """,硬い,0,6,15.8125,17.75,1.9375
gemma-2-2b,44,freq,freq,fr,ja,柔らかい,"Le contraire de ""柔らかい"" est """,硬い,0,3,15.8125,19.25,3.4375
gemma-2-2b,45,desc,desc,fr,ja,濡れた,"Le contraire de ""濡れた"" est """,乾いた,0,2,19.25,22.875,3.625
gemma-2-2b,45,desc,val,fr,ja,濡れた,"Le contraire de ""濡れた"" est """,乾いた,0,4,19.25,21.875,2.625
gemma-2-2b,45,desc,freq,fr,ja,濡れた,"Le contraire de ""濡れた"" est """,乾いた,0,0,19.25,18.625,-0.625
gemma-2-2b,45,val,desc,fr,ja,濡れた,"Le contraire de ""濡れた"" est """,乾いた,0,0,19.25,23.5,4.25
gemma-2-2b,45,val,val,fr,ja,濡れた,"Le contraire de ""濡れた"" est """,乾いた,0,2,19.25,23.875,4.625
gemma-2-2b,45,val,freq,fr,ja,濡れた,"Le contraire de ""濡れた"" est """,乾いた,0,0,19.25,20.875,1.625
gemma-2-2b,45,freq,desc,fr,ja,濡れた,"Le contraire de ""濡れた"" est """,乾いた,0,1,19.25,20.75,1.5
gemma-2-2b,45,freq,val,fr,ja,濡れた,"Le contraire de ""濡れた"" est """,乾いた,0,1,19.25,21.125,1.875
gemma-2-2b,45,freq,freq,fr,ja,濡れた,"Le contraire de ""濡れた"" est """,乾いた,0,1,19.25,21.625,2.375
gemma-2-2b,46,desc,desc,fr,ja,静かな,"Le contraire de ""静かな"" est """,うるさい,3,39,16.75,19.375,2.625
gemma-2-2b,46,desc,val,fr,ja,静かな,"Le contraire de ""静かな"" est """,うるさい,3,89,16.75,18.125,1.375
gemma-2-2b,46,desc,freq,fr,ja,静かな,"Le contraire de ""静かな"" est """,うるさい,3,29,16.75,10.875,-5.875
gemma-2-2b,46,val,desc,fr,ja,静かな,"Le contraire de ""静かな"" est """,うるさい,3,3,16.75,20.125,3.375
gemma-2-2b,46,val,val,fr,ja,静かな,"Le contraire de ""静かな"" est """,うるさい,3,50,16.75,20.0,3.25
gemma-2-2b,46,val,freq,fr,ja,静かな,"Le contraire de ""静かな"" est """,うるさい,3,2,16.75,16.125,-0.625
gemma-2-2b,46,freq,desc,fr,ja,静かな,"Le contraire de ""静かな"" est """,うるさい,3,13,16.75,17.0,0.25
gemma-2-2b,46,freq,val,fr,ja,静かな,"Le contraire de ""静かな"" est """,うるさい,3,21,16.75,17.5,0.75
gemma-2-2b,46,freq,freq,fr,ja,静かな,"Le contraire de ""静かな"" est """,うるさい,3,39,16.75,17.5,0.75
gemma-2-2b,47,desc,desc,fr,ja,遅い,"Le contraire de ""遅い"" est """,早い,1,10,19.5,21.0,1.5
gemma-2-2b,47,desc,val,fr,ja,遅い,"Le contraire de ""遅い"" est """,早い,1,24,19.5,19.25,-0.25
gemma-2-2b,47,desc,freq,fr,ja,遅い,"Le contraire de ""遅い"" est """,早い,1,38,19.5,11.0625,-8.4375
gemma-2-2b,47,val,desc,fr,ja,遅い,"Le contraire de ""遅い"" est """,早い,1,8,19.5,19.75,0.25
gemma-2-2b,47,val,val,fr,ja,遅い,"Le contraire de ""遅い"" est """,早い,1,19,19.5,21.0,1.5
gemma-2-2b,47,val,freq,fr,ja,遅い,"Le contraire de ""遅い"" est """,早い,1,36,19.5,12.4375,-7.0625
gemma-2-2b,47,freq,desc,fr,ja,遅い,"Le contraire de ""遅い"" est """,早い,1,8,19.5,17.5,-2.0
gemma-2-2b,47,freq,val,fr,ja,遅い,"Le contraire de ""遅い"" est """,早い,1,10,19.5,17.0,-2.5
gemma-2-2b,47,freq,freq,fr,ja,遅い,"Le contraire de ""遅い"" est """,早い,1,14,19.5,18.875,-0.625
gemma-2-2b,48,desc,desc,fr,ja,遠い,"Le contraire de ""遠い"" est """,近い,2,19,18.0,19.0,1.0
gemma-2-2b,48,desc,val,fr,ja,遠い,"Le contraire de ""遠い"" est """,近い,2,23,18.0,18.25,0.25
gemma-2-2b,48,desc,freq,fr,ja,遠い,"Le contraire de ""遠い"" est """,近い,2,9,18.0,13.9375,-4.0625
gemma-2-2b,48,val,desc,fr,ja,遠い,"Le contraire de ""遠い"" est """,近い,2,3,18.0,20.625,2.625
gemma-2-2b,48,val,val,fr,ja,遠い,"Le contraire de ""遠い"" est """,近い,2,37,18.0,19.125,1.125
gemma-2-2b,48,val,freq,fr,ja,遠い,"Le contraire de ""遠い"" est """,近い,2,7,18.0,15.5625,-2.4375
gemma-2-2b,48,freq,desc,fr,ja,遠い,"Le contraire de ""遠い"" est """,近い,2,7,18.0,16.75,-1.25
gemma-2-2b,48,freq,val,fr,ja,遠い,"Le contraire de ""遠い"" est """,近い,2,12,18.0,16.75,-1.25
gemma-2-2b,48,freq,freq,fr,ja,遠い,"Le contraire de ""遠い"" est """,近い,2,23,18.0,17.5,-0.5
gemma-2-2b,49,desc,desc,fr,ja,浅い,"Le contraire de ""浅い"" est """,深い,0,4,19.875,21.625,1.75
gemma-2-2b,49,desc,val,fr,ja,浅い,"Le contraire de ""浅い"" est """,深い,0,9,19.875,20.875,1.0
gemma-2-2b,49,desc,freq,fr,ja,浅い,"Le contraire de ""浅い"" est """,深い,0,1,19.875,17.125,-2.75
gemma-2-2b,49,val,desc,fr,ja,浅い,"Le contraire de ""浅い"" est """,深い,0,0,19.875,22.25,2.375
gemma-2-2b,49,val,val,fr,ja,浅い,"Le contraire de ""浅い"" est """,深い,0,7,19.875,22.0,2.125
gemma-2-2b,49,val,freq,fr,ja,浅い,"Le contraire de ""浅い"" est """,深い,0,2,19.875,18.875,-1.0
gemma-2-2b,49,freq,desc,fr,ja,浅い,"Le contraire de ""浅い"" est """,深い,0,3,19.875,17.75,-2.125
gemma-2-2b,49,freq,val,fr,ja,浅い,"Le contraire de ""浅い"" est """,深い,0,7,19.875,17.5,-2.375
gemma-2-2b,49,freq,freq,fr,ja,浅い,"Le contraire de ""浅い"" est """,深い,0,5,19.875,18.875,-1.0
gemma-2-2b,50,desc,desc,fr,ja,若い,"Le contraire de ""若い"" est """,老いた,1,2,17.0,21.75,4.75
gemma-2-2b,50,desc,val,fr,ja,若い,"Le contraire de ""若い"" est """,老いた,1,8,17.0,20.5,3.5
gemma-2-2b,50,desc,freq,fr,ja,若い,"Le contraire de ""若い"" est """,老いた,1,3,17.0,15.5625,-1.4375
gemma-2-2b,50,val,desc,fr,ja,若い,"Le contraire de ""若い"" est """,老いた,1,3,17.0,19.625,2.625
gemma-2-2b,50,val,val,fr,ja,若い,"Le contraire de ""若い"" est """,老いた,1,5,17.0,21.875,4.875
gemma-2-2b,50,val,freq,fr,ja,若い,"Le contraire de ""若い"" est """,老いた,1,1,17.0,17.625,0.625
gemma-2-2b,50,freq,desc,fr,ja,若い,"Le contraire de ""若い"" est """,老いた,1,0,17.0,19.625,2.625
gemma-2-2b,50,freq,val,fr,ja,若い,"Le contraire de ""若い"" est """,老いた,1,1,17.0,20.0,3.0
gemma-2-2b,50,freq,freq,fr,ja,若い,"Le contraire de ""若い"" est """,老いた,1,1,17.0,21.125,4.125
gemma-2-2b,51,desc,desc,fr,ja,親切な,"Le contraire de ""親切な"" est """,不親切な,0,4,19.125,22.375,3.25
gemma-2-2b,51,desc,val,fr,ja,親切な,"Le contraire de ""親切な"" est """,不親切な,0,5,19.125,22.125,3.0
gemma-2-2b,51,desc,freq,fr,ja,親切な,"Le contraire de ""親切な"" est """,不親切な,0,19,19.125,13.8125,-5.3125
gemma-2-2b,51,val,desc,fr,ja,親切な,"Le contraire de ""親切な"" est """,不親切な,0,0,19.125,21.75,2.625
gemma-2-2b,51,val,val,fr,ja,親切な,"Le contraire de ""親切な"" est """,不親切な,0,5,19.125,23.125,4.0
gemma-2-2b,51,val,freq,fr,ja,親切な,"Le contraire de ""親切な"" est """,不親切な,0,12,19.125,15.375,-3.75
gemma-2-2b,51,freq,desc,fr,ja,親切な,"Le contraire de ""親切な"" est """,不親切な,0,0,19.125,19.875,0.75
gemma-2-2b,51,freq,val,fr,ja,親切な,"Le contraire de ""親切な"" est """,不親切な,0,0,19.125,20.875,1.75
gemma-2-2b,51,freq,freq,fr,ja,親切な,"Le contraire de ""親切な"" est """,不親切な,0,0,19.125,21.375,2.25
gemma-2-2b,52,desc,desc,fr,ja,勇敢な,"Le contraire de ""勇敢な"" est """,臆病な,0,31,18.25,19.5,1.25
gemma-2-2b,52,desc,val,fr,ja,勇敢な,"Le contraire de ""勇敢な"" est """,臆病な,0,108,18.25,17.875,-0.375
gemma-2-2b,52,desc,freq,fr,ja,勇敢な,"Le contraire de ""勇敢な"" est """,臆病な,0,2,18.25,14.5,-3.75
gemma-2-2b,52,val,desc,fr,ja,勇敢な,"Le contraire de ""勇敢な"" est """,臆病な,0,1,18.25,21.75,3.5
gemma-2-2b,52,val,val,fr,ja,勇敢な,"Le contraire de ""勇敢な"" est """,臆病な,0,39,18.25,20.125,1.875
gemma-2-2b,52,val,freq,fr,ja,勇敢な,"Le contraire de ""勇敢な"" est """,臆病な,0,3,18.25,17.25,-1.0
gemma-2-2b,52,freq,desc,fr,ja,勇敢な,"Le contraire de ""勇敢な"" est """,臆病な,0,1,18.25,18.0,-0.25
gemma-2-2b,52,freq,val,fr,ja,勇敢な,"Le contraire de ""勇敢な"" est """,臆病な,0,15,18.25,17.375,-0.875
gemma-2-2b,52,freq,freq,fr,ja,勇敢な,"Le contraire de ""勇敢な"" est """,臆病な,0,8,18.25,18.375,0.125
gemma-2-2b,53,desc,desc,fr,ja,賢い,"Le contraire de ""賢い"" est """,愚かな,0,2,17.5,21.0,3.5
gemma-2-2b,53,desc,val,fr,ja,賢い,"Le contraire de ""賢い"" est """,愚かな,0,29,17.5,19.0,1.5
gemma-2-2b,53,desc,freq,fr,ja,賢い,"Le contraire de ""賢い"" est """,愚かな,0,7,17.5,11.875,-5.625
gemma-2-2b,53,val,desc,fr,ja,賢い,"Le contraire de ""賢い"" est """,愚かな,0,6,17.5,19.25,1.75
gemma-2-2b,53,val,val,fr,ja,賢い,"Le contraire de ""賢い"" est """,愚かな,0,3,17.5,21.125,3.625
gemma-2-2b,53,val,freq,fr,ja,賢い,"Le contraire de ""賢い"" est """,愚かな,0,2,17.5,14.875,-2.625
gemma-2-2b,53,freq,desc,fr,ja,賢い,"Le contraire de ""賢い"" est """,愚かな,0,0,17.5,18.75,1.25
gemma-2-2b,53,freq,val,fr,ja,賢い,"Le contraire de ""賢い"" est """,愚かな,0,0,17.5,19.0,1.5
gemma-2-2b,53,freq,freq,fr,ja,賢い,"Le contraire de ""賢い"" est """,愚かな,0,0,17.5,19.75,2.25
gemma-2-2b,54,desc,desc,fr,ja,丁寧な,"Le contraire de ""丁寧な"" est """,粗略な,0,3,18.25,21.875,3.625
gemma-2-2b,54,desc,val,fr,ja,丁寧な,"Le contraire de ""丁寧な"" est """,粗略な,0,3,18.25,20.875,2.625
gemma-2-2b,54,desc,freq,fr,ja,丁寧な,"Le contraire de ""丁寧な"" est """,粗略な,0,5,18.25,15.5625,-2.6875
gemma-2-2b,54,val,desc,fr,ja,丁寧な,"Le contraire de ""丁寧な"" est """,粗略な,0,1,18.25,21.375,3.125
gemma-2-2b,54,val,val,fr,ja,丁寧な,"Le contraire de ""丁寧な"" est """,粗略な,0,5,18.25,22.375,4.125
gemma-2-2b,54,val,freq,fr,ja,丁寧な,"Le contraire de ""丁寧な"" est """,粗略な,0,3,18.25,17.75,-0.5
gemma-2-2b,54,freq,desc,fr,ja,丁寧な,"Le contraire de ""丁寧な"" est """,粗略な,0,0,18.25,20.25,2.0
gemma-2-2b,54,freq,val,fr,ja,丁寧な,"Le contraire de ""丁寧な"" est """,粗略な,0,0,18.25,20.5,2.25
gemma-2-2b,54,freq,freq,fr,ja,丁寧な,"Le contraire de ""丁寧な"" est """,粗略な,0,0,18.25,21.125,2.875
gemma-2-2b,55,desc,desc,fr,ja,我慢強い,"Le contraire de ""我慢強い"" est """,せっかちな,335,3548,12.375,14.75,2.375
gemma-2-2b,55,desc,val,fr,ja,我慢強い,"Le contraire de ""我慢強い"" est """,せっかちな,335,4695,12.375,13.25,0.875
gemma-2-2b,55,desc,freq,fr,ja,我慢強い,"Le contraire de ""我慢強い"" est """,せっかちな,335,975,12.375,9.875,-2.5
gemma-2-2b,55,val,desc,fr,ja,我慢強い,"Le contraire de ""我慢強い"" est """,せっかちな,335,1272,12.375,13.75,1.375
gemma-2-2b,55,val,val,fr,ja,我慢強い,"Le contraire de ""我慢強い"" est """,せっかちな,335,4741,12.375,13.6875,1.3125
gemma-2-2b,55,val,freq,fr,ja,我慢強い,"Le contraire de ""我慢強い"" est """,せっかちな,335,153,12.375,12.6875,0.3125
gemma-2-2b,55,freq,desc,fr,ja,我慢強い,"Le contraire de ""我慢強い"" est """,せっかちな,335,1187,12.375,13.1875,0.8125
gemma-2-2b,55,freq,val,fr,ja,我慢強い,"Le contraire de ""我慢強い"" est """,せっかちな,335,1810,12.375,12.6875,0.3125
gemma-2-2b,55,freq,freq,fr,ja,我慢強い,"Le contraire de ""我慢強い"" est """,せっかちな,335,1939,12.375,13.625,1.25
gemma-2-2b,56,desc,desc,fr,ja,正直な,"Le contraire de ""正直な"" est """,不正直な,0,1,18.875,22.625,3.75
gemma-2-2b,56,desc,val,fr,ja,正直な,"Le contraire de ""正直な"" est """,不正直な,0,0,18.875,22.25,3.375
gemma-2-2b,56,desc,freq,fr,ja,正直な,"Le contraire de ""正直な"" est """,不正直な,0,40,18.875,11.625,-7.25
gemma-2-2b,56,val,desc,fr,ja,正直な,"Le contraire de ""正直な"" est """,不正直な,0,0,18.875,22.25,3.375
gemma-2-2b,56,val,val,fr,ja,正直な,"Le contraire de ""正直な"" est """,不正直な,0,2,18.875,23.25,4.375
gemma-2-2b,56,val,freq,fr,ja,正直な,"Le contraire de ""正直な"" est """,不正直な,0,23,18.875,14.5,-4.375
gemma-2-2b,56,freq,desc,fr,ja,正直な,"Le contraire de ""正直な"" est """,不正直な,0,0,18.875,19.5,0.625
gemma-2-2b,56,freq,val,fr,ja,正直な,"Le contraire de ""正直な"" est """,不正直な,0,1,18.875,20.25,1.375
gemma-2-2b,56,freq,freq,fr,ja,正直な,"Le contraire de ""正直な"" est """,不正直な,0,0,18.875,20.75,1.875
gemma-2-2b,57,desc,desc,fr,ja,安全な,"Le contraire de ""安全な"" est """,危険な,1,22,22.375,22.75,0.375
gemma-2-2b,57,desc,val,fr,ja,安全な,"Le contraire de ""安全な"" est """,危険な,1,23,22.375,22.25,-0.125
gemma-2-2b,57,desc,freq,fr,ja,安全な,"Le contraire de ""安全な"" est """,危険な,1,6,22.375,18.875,-3.5
gemma-2-2b,57,val,desc,fr,ja,安全な,"Le contraire de ""安全な"" est """,危険な,1,7,22.375,23.25,0.875
gemma-2-2b,57,val,val,fr,ja,安全な,"Le contraire de ""安全な"" est """,危険な,1,38,22.375,22.625,0.25
gemma-2-2b,57,val,freq,fr,ja,安全な,"Le contraire de ""安全な"" est """,危険な,1,5,22.375,19.25,-3.125
gemma-2-2b,57,freq,desc,fr,ja,安全な,"Le contraire de ""安全な"" est """,危険な,1,3,22.375,21.375,-1.0
gemma-2-2b,57,freq,val,fr,ja,安全な,"Le contraire de ""安全な"" est """,危険な,1,15,22.375,21.0,-1.375
gemma-2-2b,57,freq,freq,fr,ja,安全な,"Le contraire de ""安全な"" est """,危険な,1,15,22.375,22.0,-0.375
gemma-2-2b,58,desc,desc,fr,ja,活動的な,"Le contraire de ""活動的な"" est """,消極的な,17,49,16.0,19.125,3.125
gemma-2-2b,58,desc,val,fr,ja,活動的な,"Le contraire de ""活動的な"" est """,消極的な,17,142,16.0,18.125,2.125
gemma-2-2b,58,desc,freq,fr,ja,活動的な,"Le contraire de ""活動的な"" est """,消極的な,17,63,16.0,10.3125,-5.6875
gemma-2-2b,58,val,desc,fr,ja,活動的な,"Le contraire de ""活動的な"" est """,消極的な,17,33,16.0,18.75,2.75
gemma-2-2b,58,val,val,fr,ja,活動的な,"Le contraire de ""活動的な"" est """,消極的な,17,80,16.0,20.0,4.0
gemma-2-2b,58,val,freq,fr,ja,活動的な,"Le contraire de ""活動的な"" est """,消極的な,17,41,16.0,11.25,-4.75
gemma-2-2b,58,freq,desc,fr,ja,活動的な,"Le contraire de ""活動的な"" est """,消極的な,17,13,16.0,17.5,1.5
gemma-2-2b,58,freq,val,fr,ja,活動的な,"Le contraire de ""活動的な"" est """,消極的な,17,30,16.0,18.125,2.125
gemma-2-2b,58,freq,freq,fr,ja,活動的な,"Le contraire de ""活動的な"" est """,消極的な,17,19,16.0,18.375,2.375
gemma-2-2b,59,desc,desc,fr,ja,まっすぐな,"Le contraire de ""まっすぐな"" est """,曲がった,3,64,16.875,19.25,2.375
gemma-2-2b,59,desc,val,fr,ja,まっすぐな,"Le contraire de ""まっすぐな"" est """,曲がった,3,26,16.875,19.75,2.875
gemma-2-2b,59,desc,freq,fr,ja,まっすぐな,"Le contraire de ""まっすぐな"" est """,曲がった,3,6,16.875,14.3125,-2.5625
gemma-2-2b,59,val,desc,fr,ja,まっすぐな,"Le contraire de ""まっすぐな"" est """,曲がった,3,7,16.875,20.75,3.875
gemma-2-2b,59,val,val,fr,ja,まっすぐな,"Le contraire de ""まっすぐな"" est """,曲がった,3,87,16.875,19.875,3.0
gemma-2-2b,59,val,freq,fr,ja,まっすぐな,"Le contraire de ""まっすぐな"" est """,曲がった,3,5,16.875,16.125,-0.75
gemma-2-2b,59,freq,desc,fr,ja,まっすぐな,"Le contraire de ""まっすぐな"" est """,曲がった,3,26,16.875,16.5,-0.375
gemma-2-2b,59,freq,val,fr,ja,まっすぐな,"Le contraire de ""まっすぐな"" est """,曲がった,3,13,16.875,17.875,1.0
gemma-2-2b,59,freq,freq,fr,ja,まっすぐな,"Le contraire de ""まっすぐな"" est """,曲がった,3,67,16.875,17.625,0.75
gemma-2-2b,60,desc,desc,fr,ja,全体の,"Le contraire de ""全体の"" est """,部分的な,1,14,20.0,21.875,1.875
gemma-2-2b,60,desc,val,fr,ja,全体の,"Le contraire de ""全体の"" est """,部分的な,1,28,20.0,20.375,0.375
gemma-2-2b,60,desc,freq,fr,ja,全体の,"Le contraire de ""全体の"" est """,部分的な,1,31,20.0,15.5625,-4.4375
gemma-2-2b,60,val,desc,fr,ja,全体の,"Le contraire de ""全体の"" est """,部分的な,1,8,20.0,21.0,1.0
gemma-2-2b,60,val,val,fr,ja,全体の,"Le contraire de ""全体の"" est """,部分的な,1,22,20.0,21.875,1.875
gemma-2-2b,60,val,freq,fr,ja,全体の,"Le contraire de ""全体の"" est """,部分的な,1,26,20.0,16.0,-4.0
gemma-2-2b,60,freq,desc,fr,ja,全体の,"Le contraire de ""全体の"" est """,部分的な,1,3,20.0,19.25,-0.75
gemma-2-2b,60,freq,val,fr,ja,全体の,"Le contraire de ""全体の"" est """,部分的な,1,5,20.0,19.125,-0.875
gemma-2-2b,60,freq,freq,fr,ja,全体の,"Le contraire de ""全体の"" est """,部分的な,1,4,20.0,20.375,0.375
gemma-2-2b,61,desc,desc,fr,ja,穏やかな,"Le contraire de ""穏やかな"" est """,荒れた,1,4,19.625,22.125,2.5
gemma-2-2b,61,desc,val,fr,ja,穏やかな,"Le contraire de ""穏やかな"" est """,荒れた,1,11,19.625,21.5,1.875
gemma-2-2b,61,desc,freq,fr,ja,穏やかな,"Le contraire de ""穏やかな"" est """,荒れた,1,1,19.625,16.75,-2.875
gemma-2-2b,61,val,desc,fr,ja,穏やかな,"Le contraire de ""穏やかな"" est """,荒れた,1,0,19.625,23.875,4.25
gemma-2-2b,61,val,val,fr,ja,穏やかな,"Le contraire de ""穏やかな"" est """,荒れた,1,8,19.625,23.25,3.625
gemma-2-2b,61,val,freq,fr,ja,穏やかな,"Le contraire de ""穏やかな"" est """,荒れた,1,0,19.625,20.5,0.875
gemma-2-2b,61,freq,desc,fr,ja,穏やかな,"Le contraire de ""穏やかな"" est """,荒れた,1,3,19.625,19.75,0.125
gemma-2-2b,61,freq,val,fr,ja,穏やかな,"Le contraire de ""穏やかな"" est """,荒れた,1,5,19.625,20.0,0.375
gemma-2-2b,61,freq,freq,fr,ja,穏やかな,"Le contraire de ""穏やかな"" est """,荒れた,1,5,19.625,20.875,1.25
gemma-2-2b,62,desc,desc,fr,ja,正しい,"Le contraire de ""正しい"" est """,間違っている,0,19,19.75,20.75,1.0
gemma-2-2b,62,desc,val,fr,ja,正しい,"Le contraire de ""正しい"" est """,間違っている,0,23,19.75,20.0,0.25
gemma-2-2b,62,desc,freq,fr,ja,正しい,"Le contraire de ""正しい"" est """,間違っている,0,4,19.75,14.75,-5.0
gemma-2-2b,62,val,desc,fr,ja,正しい,"Le contraire de ""正しい"" est """,間違っている,0,18,19.75,19.25,-0.5
gemma-2-2b,62,val,val,fr,ja,正しい,"Le contraire de ""正しい"" est """,間違っている,0,28,19.75,20.375,0.625
gemma-2-2b,62,val,freq,fr,ja,正しい,"Le contraire de ""正しい"" est """,間違っている,0,8,19.75,15.0,-4.75
gemma-2-2b,62,freq,desc,fr,ja,正しい,"Le contraire de ""正しい"" est """,間違っている,0,12,19.75,18.0,-1.75
gemma-2-2b,62,freq,val,fr,ja,正しい,"Le contraire de ""正しい"" est """,間違っている,0,14,19.75,18.0,-1.75
gemma-2-2b,62,freq,freq,fr,ja,正しい,"Le contraire de ""正しい"" est """,間違っている,0,16,19.75,19.25,-0.5
gemma-2-2b,63,desc,desc,fr,ja,複雑な,"Le contraire de ""複雑な"" est """,単純な,2,17,18.5,18.875,0.375
gemma-2-2b,63,desc,val,fr,ja,複雑な,"Le contraire de ""複雑な"" est """,単純な,2,5,18.5,19.75,1.25
gemma-2-2b,63,desc,freq,fr,ja,複雑な,"Le contraire de ""複雑な"" est """,単純な,2,0,18.5,15.5,-3.0
gemma-2-2b,63,val,desc,fr,ja,複雑な,"Le contraire de ""複雑な"" est """,単純な,2,3,18.5,19.75,1.25
gemma-2-2b,63,val,val,fr,ja,複雑な,"Le contraire de ""複雑な"" est """,単純な,2,24,18.5,19.25,0.75
gemma-2-2b,63,val,freq,fr,ja,複雑な,"Le contraire de ""複雑な"" est """,単純な,2,1,18.5,15.0,-3.5
gemma-2-2b,63,freq,desc,fr,ja,複雑な,"Le contraire de ""複雑な"" est """,単純な,2,3,18.5,17.0,-1.5
gemma-2-2b,63,freq,val,fr,ja,複雑な,"Le contraire de ""複雑な"" est """,単純な,2,7,18.5,17.5,-1.0
gemma-2-2b,63,freq,freq,fr,ja,複雑な,"Le contraire de ""複雑な"" est """,単純な,2,12,18.5,18.125,-0.375
gemma-2-2b,64,desc,desc,fr,ja,効果的な,"Le contraire de ""効果的な"" est """,非効果的な,2,27,18.25,20.25,2.0
gemma-2-2b,64,desc,val,fr,ja,効果的な,"Le contraire de ""効果的な"" est """,非効果的な,2,60,18.25,18.875,0.625
gemma-2-2b,64,desc,freq,fr,ja,効果的な,"Le contraire de ""効果的な"" est """,非効果的な,2,11,18.25,14.4375,-3.8125
gemma-2-2b,64,val,desc,fr,ja,効果的な,"Le contraire de ""効果的な"" est """,非効果的な,2,28,18.25,18.0,-0.25
gemma-2-2b,64,val,val,fr,ja,効果的な,"Le contraire de ""効果的な"" est """,非効果的な,2,54,18.25,19.5,1.25
gemma-2-2b,64,val,freq,fr,ja,効果的な,"Le contraire de ""効果的な"" est """,非効果的な,2,11,18.25,14.9375,-3.3125
gemma-2-2b,64,freq,desc,fr,ja,効果的な,"Le contraire de ""効果的な"" est """,非効果的な,2,12,18.25,18.75,0.5
gemma-2-2b,64,freq,val,fr,ja,効果的な,"Le contraire de ""効果的な"" est """,非効果的な,2,17,18.25,18.375,0.125
gemma-2-2b,64,freq,freq,fr,ja,効果的な,"Le contraire de ""効果的な"" est """,非効果的な,2,19,18.25,19.625,1.375
gemma-2-2b,65,desc,desc,fr,ja,有名な,"Le contraire de ""有名な"" est """,無名の,2,10,17.75,21.375,3.625
gemma-2-2b,65,desc,val,fr,ja,有名な,"Le contraire de ""有名な"" est """,無名の,2,4,17.75,21.625,3.875
gemma-2-2b,65,desc,freq,fr,ja,有名な,"Le contraire de ""有名な"" est """,無名の,2,0,17.75,16.625,-1.125
gemma-2-2b,65,val,desc,fr,ja,有名な,"Le contraire de ""有名な"" est """,無名の,2,4,17.75,20.0,2.25
gemma-2-2b,65,val,val,fr,ja,有名な,"Le contraire de ""有名な"" est """,無名の,2,13,17.75,21.5,3.75
gemma-2-2b,65,val,freq,fr,ja,有名な,"Le contraire de ""有名な"" est """,無名の,2,2,17.75,17.25,-0.5
gemma-2-2b,65,freq,desc,fr,ja,有名な,"Le contraire de ""有名な"" est """,無名の,2,1,17.75,19.375,1.625
gemma-2-2b,65,freq,val,fr,ja,有名な,"Le contraire de ""有名な"" est """,無名の,2,1,17.75,20.125,2.375
gemma-2-2b,65,freq,freq,fr,ja,有名な,"Le contraire de ""有名な"" est """,無名の,2,2,17.75,20.75,3.0
gemma-2-2b,66,desc,desc,fr,ja,寛大な,"Le contraire de ""寛大な"" est """,ケチな,67,124,14.3125,18.625,4.3125
gemma-2-2b,66,desc,val,fr,ja,寛大な,"Le contraire de ""寛大な"" est """,ケチな,67,44,14.3125,19.75,5.4375
gemma-2-2b,66,desc,freq,fr,ja,寛大な,"Le contraire de ""寛大な"" est """,ケチな,67,11,14.3125,13.1875,-1.125
gemma-2-2b,66,val,desc,fr,ja,寛大な,"Le contraire de ""寛大な"" est """,ケチな,67,27,14.3125,19.5,5.1875
gemma-2-2b,66,val,val,fr,ja,寛大な,"Le contraire de ""寛大な"" est """,ケチな,67,98,14.3125,20.0,5.6875
gemma-2-2b,66,val,freq,fr,ja,寛大な,"Le contraire de ""寛大な"" est """,ケチな,67,42,14.3125,13.5625,-0.75
gemma-2-2b,66,freq,desc,fr,ja,寛大な,"Le contraire de ""寛大な"" est """,ケチな,67,52,14.3125,15.9375,1.625
gemma-2-2b,66,freq,val,fr,ja,寛大な,"Le contraire de ""寛大な"" est """,ケチな,67,74,14.3125,16.5,2.1875
gemma-2-2b,66,freq,freq,fr,ja,寛大な,"Le contraire de ""寛大な"" est """,ケチな,67,110,14.3125,16.25,1.9375
gemma-2-2b,67,desc,desc,fr,ja,幸せな,"Le contraire de ""幸せな"" est """,不幸せな,1,5,18.75,21.875,3.125
gemma-2-2b,67,desc,val,fr,ja,幸せな,"Le contraire de ""幸せな"" est """,不幸せな,1,7,18.75,21.375,2.625
gemma-2-2b,67,desc,freq,fr,ja,幸せな,"Le contraire de ""幸せな"" est """,不幸せな,1,15,18.75,12.4375,-6.3125
gemma-2-2b,67,val,desc,fr,ja,幸せな,"Le contraire de ""幸せな"" est """,不幸せな,1,4,18.75,20.125,1.375
gemma-2-2b,67,val,val,fr,ja,幸せな,"Le contraire de ""幸せな"" est """,不幸せな,1,11,18.75,21.625,2.875
gemma-2-2b,67,val,freq,fr,ja,幸せな,"Le contraire de ""幸せな"" est """,不幸せな,1,12,18.75,13.375,-5.375
gemma-2-2b,67,freq,desc,fr,ja,幸せな,"Le contraire de ""幸せな"" est """,不幸せな,1,3,18.75,19.375,0.625
gemma-2-2b,67,freq,val,fr,ja,幸せな,"Le contraire de ""幸せな"" est """,不幸せな,1,3,18.75,19.875,1.125
gemma-2-2b,67,freq,freq,fr,ja,幸せな,"Le contraire de ""幸せな"" est """,不幸せな,1,3,18.75,21.0,2.25
gemma-2-2b,68,desc,desc,fr,ja,健康な,"Le contraire de ""健康な"" est """,不健康な,0,2,21.0,23.5,2.5
gemma-2-2b,68,desc,val,fr,ja,健康な,"Le contraire de ""健康な"" est """,不健康な,0,6,21.0,22.375,1.375
gemma-2-2b,68,desc,freq,fr,ja,健康な,"Le contraire de ""健康な"" est """,不健康な,0,10,21.0,14.3125,-6.6875
gemma-2-2b,68,val,desc,fr,ja,健康な,"Le contraire de ""健康な"" est """,不健康な,0,0,21.0,23.0,2.0
gemma-2-2b,68,val,val,fr,ja,健康な,"Le contraire de ""健康な"" est """,不健康な,0,8,21.0,23.125,2.125
gemma-2-2b,68,val,freq,fr,ja,健康な,"Le contraire de ""健康な"" est """,不健康な,0,3,21.0,16.0,-5.0
gemma-2-2b,68,freq,desc,fr,ja,健康な,"Le contraire de ""健康な"" est """,不健康な,0,1,21.0,21.0,0.0
gemma-2-2b,68,freq,val,fr,ja,健康な,"Le contraire de ""健康な"" est """,不健康な,0,1,21.0,20.75,-0.25
gemma-2-2b,68,freq,freq,fr,ja,健康な,"Le contraire de ""健康な"" est """,不健康な,0,1,21.0,22.375,1.375
gemma-2-2b,69,desc,desc,fr,ja,高い,"Le contraire de ""高い"" est """,低い,1,4,17.25,20.125,2.875
gemma-2-2b,69,desc,val,fr,ja,高い,"Le contraire de ""高い"" est """,低い,1,9,17.25,19.0,1.75
gemma-2-2b,69,desc,freq,fr,ja,高い,"Le contraire de ""高い"" est """,低い,1,9,17.25,10.875,-6.375
gemma-2-2b,69,val,desc,fr,ja,高い,"Le contraire de ""高い"" est """,低い,1,6,17.25,17.75,0.5
gemma-2-2b,69,val,val,fr,ja,高い,"Le contraire de ""高い"" est """,低い,1,5,17.25,21.0,3.75
gemma-2-2b,69,val,freq,fr,ja,高い,"Le contraire de ""高い"" est """,低い,1,6,17.25,13.125,-4.125
gemma-2-2b,69,freq,desc,fr,ja,高い,"Le contraire de ""高い"" est """,低い,1,8,17.25,14.875,-2.375
gemma-2-2b,69,freq,val,fr,ja,高い,"Le contraire de ""高い"" est """,低い,1,5,17.25,16.0,-1.25
gemma-2-2b,69,freq,freq,fr,ja,高い,"Le contraire de ""高い"" est """,低い,1,6,17.25,17.75,0.5
gemma-2-2b,70,desc,desc,fr,ja,重要な,"Le contraire de ""重要な"" est """,重要でない,9,94,17.5,18.875,1.375
gemma-2-2b,70,desc,val,fr,ja,重要な,"Le contraire de ""重要な"" est """,重要でない,9,136,17.5,17.75,0.25
gemma-2-2b,70,desc,freq,fr,ja,重要な,"Le contraire de ""重要な"" est """,重要でない,9,150,17.5,10.75,-6.75
gemma-2-2b,70,val,desc,fr,ja,重要な,"Le contraire de ""重要な"" est """,重要でない,9,44,17.5,17.75,0.25
gemma-2-2b,70,val,val,fr,ja,重要な,"Le contraire de ""重要な"" est """,重要でない,9,94,17.5,19.125,1.625
gemma-2-2b,70,val,freq,fr,ja,重要な,"Le contraire de ""重要な"" est """,重要でない,9,114,17.5,11.5,-6.0
gemma-2-2b,70,freq,desc,fr,ja,重要な,"Le contraire de ""重要な"" est """,重要でない,9,32,17.5,16.75,-0.75
gemma-2-2b,70,freq,val,fr,ja,重要な,"Le contraire de ""重要な"" est """,重要でない,9,51,17.5,16.25,-1.25
gemma-2-2b,70,freq,freq,fr,ja,重要な,"Le contraire de ""重要な"" est """,重要でない,9,52,17.5,17.75,0.25
gemma-2-2b,71,desc,desc,fr,ja,無罪の,"Le contraire de ""無罪の"" est """,有罪の,1,4,19.5,23.25,3.75
gemma-2-2b,71,desc,val,fr,ja,無罪の,"Le contraire de ""無罪の"" est """,有罪の,1,3,19.5,22.375,2.875
gemma-2-2b,71,desc,freq,fr,ja,無罪の,"Le contraire de ""無罪の"" est """,有罪の,1,2,19.5,16.5,-3.0
gemma-2-2b,71,val,desc,fr,ja,無罪の,"Le contraire de ""無罪の"" est """,有罪の,1,1,19.5,22.875,3.375
gemma-2-2b,71,val,val,fr,ja,無罪の,"Le contraire de ""無罪の"" est """,有罪の,1,4,19.5,23.875,4.375
gemma-2-2b,71,val,freq,fr,ja,無罪の,"Le contraire de ""無罪の"" est """,有罪の,1,4,19.5,17.75,-1.75
gemma-2-2b,71,freq,desc,fr,ja,無罪の,"Le contraire de ""無罪の"" est """,有罪の,1,1,19.5,19.75,0.25
gemma-2-2b,71,freq,val,fr,ja,無罪の,"Le contraire de ""無罪の"" est """,有罪の,1,2,19.5,20.375,0.875
gemma-2-2b,71,freq,freq,fr,ja,無罪の,"Le contraire de ""無罪の"" est """,有罪の,1,2,19.5,20.75,1.25
gemma-2-2b,72,desc,desc,fr,ja,既知の,"Le contraire de ""既知の"" est """,未知の,0,2,22.0,24.125,2.125
gemma-2-2b,72,desc,val,fr,ja,既知の,"Le contraire de ""既知の"" est """,未知の,0,1,22.0,22.375,0.375
gemma-2-2b,72,desc,freq,fr,ja,既知の,"Le contraire de ""既知の"" est """,未知の,0,1,22.0,15.8125,-6.1875
gemma-2-2b,72,val,desc,fr,ja,既知の,"Le contraire de ""既知の"" est """,未知の,0,0,22.0,23.0,1.0
gemma-2-2b,72,val,val,fr,ja,既知の,"Le contraire de ""既知の"" est """,未知の,0,2,22.0,24.0,2.0
gemma-2-2b,72,val,freq,fr,ja,既知の,"Le contraire de ""既知の"" est """,未知の,0,2,22.0,17.5,-4.5
gemma-2-2b,72,freq,desc,fr,ja,既知の,"Le contraire de ""既知の"" est """,未知の,0,1,22.0,21.125,-0.875
gemma-2-2b,72,freq,val,fr,ja,既知の,"Le contraire de ""既知の"" est """,未知の,0,1,22.0,21.0,-1.0
gemma-2-2b,72,freq,freq,fr,ja,既知の,"Le contraire de ""既知の"" est """,未知の,0,0,22.0,22.625,0.625
gemma-2-2b,73,desc,desc,fr,ja,男性の,"Le contraire de ""男性の"" est """,女性の,1,25,17.875,19.875,2.0
gemma-2-2b,73,desc,val,fr,ja,男性の,"Le contraire de ""男性の"" est """,女性の,1,14,17.875,20.125,2.25
gemma-2-2b,73,desc,freq,fr,ja,男性の,"Le contraire de ""男性の"" est """,女性の,1,19,17.875,12.5625,-5.3125
gemma-2-2b,73,val,desc,fr,ja,男性の,"Le contraire de ""男性の"" est """,女性の,1,14,17.875,18.75,0.875
gemma-2-2b,73,val,val,fr,ja,男性の,"Le contraire de ""男性の"" est """,女性の,1,44,17.875,19.75,1.875
gemma-2-2b,73,val,freq,fr,ja,男性の,"Le contraire de ""男性の"" est """,女性の,1,51,17.875,11.625,-6.25
gemma-2-2b,73,freq,desc,fr,ja,男性の,"Le contraire de ""男性の"" est """,女性の,1,6,17.875,17.75,-0.125
gemma-2-2b,73,freq,val,fr,ja,男性の,"Le contraire de ""男性の"" est """,女性の,1,18,17.875,17.0,-0.875
gemma-2-2b,73,freq,freq,fr,ja,男性の,"Le contraire de ""男性の"" est """,女性の,1,9,17.875,18.25,0.375
gemma-2-2b,74,desc,desc,fr,ja,普通の,"Le contraire de ""普通の"" est """,異常な,4,38,17.625,20.375,2.75
gemma-2-2b,74,desc,val,fr,ja,普通の,"Le contraire de ""普通の"" est """,異常な,4,27,17.625,20.375,2.75
gemma-2-2b,74,desc,freq,fr,ja,普通の,"Le contraire de ""普通の"" est """,異常な,4,5,17.625,16.5,-1.125
gemma-2-2b,74,val,desc,fr,ja,普通の,"Le contraire de ""普通の"" est """,異常な,4,51,17.625,18.25,0.625
gemma-2-2b,74,val,val,fr,ja,普通の,"Le contraire de ""普通の"" est """,異常な,4,121,17.625,19.75,2.125
gemma-2-2b,74,val,freq,fr,ja,普通の,"Le contraire de ""普通の"" est """,異常な,4,7,17.625,15.5625,-2.0625
gemma-2-2b,74,freq,desc,fr,ja,普通の,"Le contraire de ""普通の"" est """,異常な,4,21,17.625,18.125,0.5
gemma-2-2b,74,freq,val,fr,ja,普通の,"Le contraire de ""普通の"" est """,異常な,4,22,17.625,18.75,1.125
gemma-2-2b,74,freq,freq,fr,ja,普通の,"Le contraire de ""普通の"" est """,異常な,4,28,17.625,19.75,2.125
gemma-2-2b,75,desc,desc,fr,ja,可能な,"Le contraire de ""可能な"" est """,不可能な,1,7,21.0,21.125,0.125
gemma-2-2b,75,desc,val,fr,ja,可能な,"Le contraire de ""可能な"" est """,不可能な,1,10,21.0,20.75,-0.25
gemma-2-2b,75,desc,freq,fr,ja,可能な,"Le contraire de ""可能な"" est """,不可能な,1,0,21.0,14.9375,-6.0625
gemma-2-2b,75,val,desc,fr,ja,可能な,"Le contraire de ""可能な"" est """,不可能な,1,3,21.0,20.25,-0.75
gemma-2-2b,75,val,val,fr,ja,可能な,"Le contraire de ""可能な"" est """,不可能な,1,9,21.0,21.75,0.75
gemma-2-2b,75,val,freq,fr,ja,可能な,"Le contraire de ""可能な"" est """,不可能な,1,2,21.0,15.8125,-5.1875
gemma-2-2b,75,freq,desc,fr,ja,可能な,"Le contraire de ""可能な"" est """,不可能な,1,1,21.0,20.25,-0.75
gemma-2-2b,75,freq,val,fr,ja,可能な,"Le contraire de ""可能な"" est """,不可能な,1,1,21.0,20.5,-0.5
gemma-2-2b,75,freq,freq,fr,ja,可能な,"Le contraire de ""可能な"" est """,不可能な,1,3,21.0,21.0,0.0
gemma-2-2b,76,desc,desc,fr,ja,個人の,"Le contraire de ""個人の"" est """,公共の,69,285,15.8125,18.25,2.4375
gemma-2-2b,76,desc,val,fr,ja,個人の,"Le contraire de ""個人の"" est """,公共の,69,442,15.8125,17.0,1.1875
gemma-2-2b,76,desc,freq,fr,ja,個人の,"Le contraire de ""個人の"" est """,公共の,69,2851,15.8125,8.0625,-7.75
gemma-2-2b,76,val,desc,fr,ja,個人の,"Le contraire de ""個人の"" est """,公共の,69,219,15.8125,16.875,1.0625
gemma-2-2b,76,val,val,fr,ja,個人の,"Le contraire de ""個人の"" est """,公共の,69,312,15.8125,18.75,2.9375
gemma-2-2b,76,val,freq,fr,ja,個人の,"Le contraire de ""個人の"" est """,公共の,69,2147,15.8125,8.3125,-7.5
gemma-2-2b,76,freq,desc,fr,ja,個人の,"Le contraire de ""個人の"" est """,公共の,69,154,15.8125,15.5625,-0.25
gemma-2-2b,76,freq,val,fr,ja,個人の,"Le contraire de ""個人の"" est """,公共の,69,140,15.8125,16.375,0.5625
gemma-2-2b,76,freq,freq,fr,ja,個人の,"Le contraire de ""個人の"" est """,公共の,69,196,15.8125,17.125,1.3125
gemma-2-2b,77,desc,desc,fr,ja,正しい,"Le contraire de ""正しい"" est """,間違っている,0,19,19.75,20.75,1.0
gemma-2-2b,77,desc,val,fr,ja,正しい,"Le contraire de ""正しい"" est """,間違っている,0,23,19.75,20.0,0.25
gemma-2-2b,77,desc,freq,fr,ja,正しい,"Le contraire de ""正しい"" est """,間違っている,0,4,19.75,14.75,-5.0
gemma-2-2b,77,val,desc,fr,ja,正しい,"Le contraire de ""正しい"" est """,間違っている,0,18,19.75,19.25,-0.5
gemma-2-2b,77,val,val,fr,ja,正しい,"Le contraire de ""正しい"" est """,間違っている,0,28,19.75,20.375,0.625
gemma-2-2b,77,val,freq,fr,ja,正しい,"Le contraire de ""正しい"" est """,間違っている,0,7,19.75,15.0,-4.75
gemma-2-2b,77,freq,desc,fr,ja,正しい,"Le contraire de ""正しい"" est """,間違っている,0,12,19.75,18.0,-1.75
gemma-2-2b,77,freq,val,fr,ja,正しい,"Le contraire de ""正しい"" est """,間違っている,0,14,19.75,18.0,-1.75
gemma-2-2b,77,freq,freq,fr,ja,正しい,"Le contraire de ""正しい"" est """,間違っている,0,16,19.75,19.25,-0.5
gemma-2-2b,78,desc,desc,fr,ja,簡単な,"Le contraire de ""簡単な"" est """,複雑な,4,31,17.75,19.125,1.375
gemma-2-2b,78,desc,val,fr,ja,簡単な,"Le contraire de ""簡単な"" est """,複雑な,4,26,17.75,19.125,1.375
gemma-2-2b,78,desc,freq,fr,ja,簡単な,"Le contraire de ""簡単な"" est """,複雑な,4,5,17.75,15.5625,-2.1875
gemma-2-2b,78,val,desc,fr,ja,簡単な,"Le contraire de ""簡単な"" est """,複雑な,4,32,17.75,18.625,0.875
gemma-2-2b,78,val,val,fr,ja,簡単な,"Le contraire de ""簡単な"" est """,複雑な,4,51,17.75,19.25,1.5
gemma-2-2b,78,val,freq,fr,ja,簡単な,"Le contraire de ""簡単な"" est """,複雑な,4,16,17.75,15.0,-2.75
gemma-2-2b,78,freq,desc,fr,ja,簡単な,"Le contraire de ""簡単な"" est """,複雑な,4,16,17.75,17.0,-0.75
gemma-2-2b,78,freq,val,fr,ja,簡単な,"Le contraire de ""簡単な"" est """,複雑な,4,19,17.75,17.0,-0.75
gemma-2-2b,78,freq,freq,fr,ja,簡単な,"Le contraire de ""簡単な"" est """,複雑な,4,23,17.75,18.0,0.25
gemma-2-2b,79,desc,desc,fr,ja,甘い,"Le contraire de ""甘い"" est """,苦い,0,0,16.5,20.875,4.375
gemma-2-2b,79,desc,val,fr,ja,甘い,"Le contraire de ""甘い"" est """,苦い,0,0,16.5,19.625,3.125
gemma-2-2b,79,desc,freq,fr,ja,甘い,"Le contraire de ""甘い"" est """,苦い,0,0,16.5,14.3125,-2.1875
gemma-2-2b,79,val,desc,fr,ja,甘い,"Le contraire de ""甘い"" est """,苦い,0,0,16.5,19.75,3.25
gemma-2-2b,79,val,val,fr,ja,甘い,"Le contraire de ""甘い"" est """,苦い,0,2,16.5,21.625,5.125
gemma-2-2b,79,val,freq,fr,ja,甘い,"Le contraire de ""甘い"" est """,苦い,0,1,16.5,16.375,-0.125
gemma-2-2b,79,freq,desc,fr,ja,甘い,"Le contraire de ""甘い"" est """,苦い,0,0,16.5,17.5,1.0
gemma-2-2b,79,freq,val,fr,ja,甘い,"Le contraire de ""甘い"" est """,苦い,0,0,16.5,17.875,1.375
gemma-2-2b,79,freq,freq,fr,ja,甘い,"Le contraire de ""甘い"" est """,苦い,0,0,16.5,19.75,3.25
gemma-2-2b,80,desc,desc,fr,ja,見える,"Le contraire de ""見える"" est """,見えない,0,2,20.625,22.0,1.375
gemma-2-2b,80,desc,val,fr,ja,見える,"Le contraire de ""見える"" est """,見えない,0,16,20.625,19.875,-0.75
gemma-2-2b,80,desc,freq,fr,ja,見える,"Le contraire de ""見える"" est """,見えない,0,15,20.625,13.5625,-7.0625
gemma-2-2b,80,val,desc,fr,ja,見える,"Le contraire de ""見える"" est """,見えない,0,2,20.625,21.625,1.0
gemma-2-2b,80,val,val,fr,ja,見える,"Le contraire de ""見える"" est """,見えない,0,9,20.625,22.125,1.5
gemma-2-2b,80,val,freq,fr,ja,見える,"Le contraire de ""見える"" est """,見えない,0,6,20.625,15.9375,-4.6875
gemma-2-2b,80,freq,desc,fr,ja,見える,"Le contraire de ""見える"" est """,見えない,0,1,20.625,20.25,-0.375
gemma-2-2b,80,freq,val,fr,ja,見える,"Le contraire de ""見える"" est """,見えない,0,2,20.625,20.0,-0.625
gemma-2-2b,80,freq,freq,fr,ja,見える,"Le contraire de ""見える"" est """,見えない,0,1,20.625,21.125,0.5
gemma-2-2b,81,desc,desc,fr,ja,暖かい,"Le contraire de ""暖かい"" est """,冷たい,2,30,17.625,17.875,0.25
gemma-2-2b,81,desc,val,fr,ja,暖かい,"Le contraire de ""暖かい"" est """,冷たい,2,25,17.625,16.75,-0.875
gemma-2-2b,81,desc,freq,fr,ja,暖かい,"Le contraire de ""暖かい"" est """,冷たい,2,1,17.625,10.75,-6.875
gemma-2-2b,81,val,desc,fr,ja,暖かい,"Le contraire de ""暖かい"" est """,冷たい,2,2,17.625,18.125,0.5
gemma-2-2b,81,val,val,fr,ja,暖かい,"Le contraire de ""暖かい"" est """,冷たい,2,22,17.625,18.125,0.5
gemma-2-2b,81,val,freq,fr,ja,暖かい,"Le contraire de ""暖かい"" est """,冷たい,2,1,17.625,12.3125,-5.3125
gemma-2-2b,81,freq,desc,fr,ja,暖かい,"Le contraire de ""暖かい"" est """,冷たい,2,11,17.625,14.5,-3.125
gemma-2-2b,81,freq,val,fr,ja,暖かい,"Le contraire de ""暖かい"" est """,冷たい,2,18,17.625,14.125,-3.5
gemma-2-2b,81,freq,freq,fr,ja,暖かい,"Le contraire de ""暖かい"" est """,冷たい,2,29,17.625,15.9375,-1.6875
gemma-2-2b,82,desc,desc,fr,ja,滑らかな,"Le contraire de ""滑らかな"" est """,粗い,6,34,18.875,20.375,1.5
gemma-2-2b,82,desc,val,fr,ja,滑らかな,"Le contraire de ""滑らかな"" est """,粗い,6,119,18.875,18.25,-0.625
gemma-2-2b,82,desc,freq,fr,ja,滑らかな,"Le contraire de ""滑らかな"" est """,粗い,6,22,18.875,14.3125,-4.5625
gemma-2-2b,82,val,desc,fr,ja,滑らかな,"Le contraire de ""滑らかな"" est """,粗い,6,26,18.875,19.875,1.0
gemma-2-2b,82,val,val,fr,ja,滑らかな,"Le contraire de ""滑らかな"" est """,粗い,6,74,18.875,20.125,1.25
gemma-2-2b,82,val,freq,fr,ja,滑らかな,"Le contraire de ""滑らかな"" est """,粗い,6,18,18.875,15.5,-3.375
gemma-2-2b,82,freq,desc,fr,ja,滑らかな,"Le contraire de ""滑らかな"" est """,粗い,6,2,18.875,18.875,0.0
gemma-2-2b,82,freq,val,fr,ja,滑らかな,"Le contraire de ""滑らかな"" est """,粗い,6,15,18.875,18.375,-0.5
gemma-2-2b,82,freq,freq,fr,ja,滑らかな,"Le contraire de ""滑らかな"" est """,粗い,6,16,18.875,20.125,1.25
gemma-2-2b,83,desc,desc,fr,ja,薄い,"Le contraire de ""薄い"" est """,厚い,0,3,16.5,20.25,3.75
gemma-2-2b,83,desc,val,fr,ja,薄い,"Le contraire de ""薄い"" est """,厚い,0,8,16.5,18.875,2.375
gemma-2-2b,83,desc,freq,fr,ja,薄い,"Le contraire de ""薄い"" est """,厚い,0,1,16.5,14.875,-1.625
gemma-2-2b,83,val,desc,fr,ja,薄い,"Le contraire de ""薄い"" est """,厚い,0,1,16.5,18.375,1.875
gemma-2-2b,83,val,val,fr,ja,薄い,"Le contraire de ""薄い"" est """,厚い,0,2,16.5,21.25,4.75
gemma-2-2b,83,val,freq,fr,ja,薄い,"Le contraire de ""薄い"" est """,厚い,0,0,16.5,16.625,0.125
gemma-2-2b,83,freq,desc,fr,ja,薄い,"Le contraire de ""薄い"" est """,厚い,0,0,16.5,17.75,1.25
gemma-2-2b,83,freq,val,fr,ja,薄い,"Le contraire de ""薄い"" est """,厚い,0,1,16.5,17.625,1.125
gemma-2-2b,83,freq,freq,fr,ja,薄い,"Le contraire de ""薄い"" est """,厚い,0,2,16.5,18.75,2.25
gemma-2-2b,84,desc,desc,fr,ja,背が高い,"Le contraire de ""背が高い"" est """,背が低い,0,2,20.25,23.75,3.5
gemma-2-2b,84,desc,val,fr,ja,背が高い,"Le contraire de ""背が高い"" est """,背が低い,0,0,20.25,22.875,2.625
gemma-2-2b,84,desc,freq,fr,ja,背が高い,"Le contraire de ""背が高い"" est """,背が低い,0,0,20.25,18.5,-1.75
gemma-2-2b,84,val,desc,fr,ja,背が高い,"Le contraire de ""背が高い"" est """,背が低い,0,0,20.25,24.0,3.75
gemma-2-2b,84,val,val,fr,ja,背が高い,"Le contraire de ""背が高い"" est """,背が低い,0,1,20.25,24.375,4.125
gemma-2-2b,84,val,freq,fr,ja,背が高い,"Le contraire de ""背が高い"" est """,背が低い,0,0,20.25,20.0,-0.25
gemma-2-2b,84,freq,desc,fr,ja,背が高い,"Le contraire de ""背が高い"" est """,背が低い,0,1,20.25,20.5,0.25
gemma-2-2b,84,freq,val,fr,ja,背が高い,"Le contraire de ""背が高い"" est """,背が低い,0,0,20.25,21.0,0.75
gemma-2-2b,84,freq,freq,fr,ja,背が高い,"Le contraire de ""背が高い"" est """,背が低い,0,1,20.25,21.875,1.625
gemma-2-2b,85,desc,desc,fr,ja,既婚の,"Le contraire de ""既婚の"" est """,未婚の,0,0,20.25,23.5,3.25
gemma-2-2b,85,desc,val,fr,ja,既婚の,"Le contraire de ""既婚の"" est """,未婚の,0,0,20.25,23.125,2.875
gemma-2-2b,85,desc,freq,fr,ja,既婚の,"Le contraire de ""既婚の"" est """,未婚の,0,4,20.25,12.4375,-7.8125
gemma-2-2b,85,val,desc,fr,ja,既婚の,"Le contraire de ""既婚の"" est """,未婚の,0,0,20.25,22.75,2.5
gemma-2-2b,85,val,val,fr,ja,既婚の,"Le contraire de ""既婚の"" est """,未婚の,0,0,20.25,24.25,4.0
gemma-2-2b,85,val,freq,fr,ja,既婚の,"Le contraire de ""既婚の"" est """,未婚の,0,4,20.25,15.0,-5.25
gemma-2-2b,85,freq,desc,fr,ja,既婚の,"Le contraire de ""既婚の"" est """,未婚の,0,0,20.25,21.375,1.125
gemma-2-2b,85,freq,val,fr,ja,既婚の,"Le contraire de ""既婚の"" est """,未婚の,0,0,20.25,22.0,1.75
gemma-2-2b,85,freq,freq,fr,ja,既婚の,"Le contraire de ""既婚の"" est """,未婚の,0,0,20.25,22.375,2.125
gemma-2-2b,86,desc,desc,fr,ja,楽観的な,"Le contraire de ""楽観的な"" est """,悲観的な,1,10,20.0,21.875,1.875
gemma-2-2b,86,desc,val,fr,ja,楽観的な,"Le contraire de ""楽観的な"" est """,悲観的な,1,9,20.0,21.5,1.5
gemma-2-2b,86,desc,freq,fr,ja,楽観的な,"Le contraire de ""楽観的な"" est """,悲観的な,1,2,20.0,18.25,-1.75
gemma-2-2b,86,val,desc,fr,ja,楽観的な,"Le contraire de ""楽観的な"" est """,悲観的な,1,6,20.0,22.875,2.875
gemma-2-2b,86,val,val,fr,ja,楽観的な,"Le contraire de ""楽観的な"" est """,悲観的な,1,9,20.0,22.875,2.875
gemma-2-2b,86,val,freq,fr,ja,楽観的な,"Le contraire de ""楽観的な"" est """,悲観的な,1,3,20.0,20.375,0.375
gemma-2-2b,86,freq,desc,fr,ja,楽観的な,"Le contraire de ""楽観的な"" est """,悲観的な,1,3,20.0,19.625,-0.375
gemma-2-2b,86,freq,val,fr,ja,楽観的な,"Le contraire de ""楽観的な"" est """,悲観的な,1,5,20.0,20.25,0.25
gemma-2-2b,86,freq,freq,fr,ja,楽観的な,"Le contraire de ""楽観的な"" est """,悲観的な,1,3,20.0,20.875,0.875
gemma-2-2b,87,desc,desc,fr,ja,恒久的な,"Le contraire de ""恒久的な"" est """,一時的な,0,12,21.5,22.5,1.0
gemma-2-2b,87,desc,val,fr,ja,恒久的な,"Le contraire de ""恒久的な"" est """,一時的な,0,5,21.5,22.75,1.25
gemma-2-2b,87,desc,freq,fr,ja,恒久的な,"Le contraire de ""恒久的な"" est """,一時的な,0,0,21.5,19.5,-2.0
gemma-2-2b,87,val,desc,fr,ja,恒久的な,"Le contraire de ""恒久的な"" est """,一時的な,0,1,21.5,22.875,1.375
gemma-2-2b,87,val,val,fr,ja,恒久的な,"Le contraire de ""恒久的な"" est """,一時的な,0,32,21.5,22.5,1.0
gemma-2-2b,87,val,freq,fr,ja,恒久的な,"Le contraire de ""恒久的な"" est """,一時的な,0,1,21.5,19.25,-2.25
gemma-2-2b,87,freq,desc,fr,ja,恒久的な,"Le contraire de ""恒久的な"" est """,一時的な,0,0,21.5,20.875,-0.625
gemma-2-2b,87,freq,val,fr,ja,恒久的な,"Le contraire de ""恒久的な"" est """,一時的な,0,2,21.5,21.375,-0.125
gemma-2-2b,87,freq,freq,fr,ja,恒久的な,"Le contraire de ""恒久的な"" est """,一時的な,0,6,21.5,21.75,0.25
gemma-2-2b,88,desc,desc,fr,ja,現在の,"Le contraire de ""現在の"" est """,過去の,1,6,21.125,22.625,1.5
gemma-2-2b,88,desc,val,fr,ja,現在の,"Le contraire de ""現在の"" est """,過去の,1,7,21.125,21.875,0.75
gemma-2-2b,88,desc,freq,fr,ja,現在の,"Le contraire de ""現在の"" est """,過去の,1,8,21.125,16.75,-4.375
gemma-2-2b,88,val,desc,fr,ja,現在の,"Le contraire de ""現在の"" est """,過去の,1,15,21.125,20.75,-0.375
gemma-2-2b,88,val,val,fr,ja,現在の,"Le contraire de ""現在の"" est """,過去の,1,24,21.125,22.0,0.875
gemma-2-2b,88,val,freq,fr,ja,現在の,"Le contraire de ""現在の"" est """,過去の,1,23,21.125,16.125,-5.0
gemma-2-2b,88,freq,desc,fr,ja,現在の,"Le contraire de ""現在の"" est """,過去の,1,3,21.125,20.375,-0.75
gemma-2-2b,88,freq,val,fr,ja,現在の,"Le contraire de ""現在の"" est """,過去の,1,9,21.125,20.25,-0.875
gemma-2-2b,88,freq,freq,fr,ja,現在の,"Le contraire de ""現在の"" est """,過去の,1,7,21.125,21.375,0.25
gemma-2-2b,89,desc,desc,fr,ja,公共の,"Le contraire de ""公共の"" est """,個人の,109,301,14.0625,15.5,1.4375
gemma-2-2b,89,desc,val,fr,ja,公共の,"Le contraire de ""公共の"" est """,個人の,109,264,14.0625,16.0,1.9375
gemma-2-2b,89,desc,freq,fr,ja,公共の,"Le contraire de ""公共の"" est """,個人の,109,45,14.0625,12.0625,-2.0
gemma-2-2b,89,val,desc,fr,ja,公共の,"Le contraire de ""公共の"" est """,個人の,109,94,14.0625,16.75,2.6875
gemma-2-2b,89,val,val,fr,ja,公共の,"Le contraire de ""公共の"" est """,個人の,109,930,14.0625,14.75,0.6875
gemma-2-2b,89,val,freq,fr,ja,公共の,"Le contraire de ""公共の"" est """,個人の,109,61,14.0625,12.6875,-1.375
gemma-2-2b,89,freq,desc,fr,ja,公共の,"Le contraire de ""公共の"" est """,個人の,109,188,14.0625,13.4375,-0.625
gemma-2-2b,89,freq,val,fr,ja,公共の,"Le contraire de ""公共の"" est """,個人の,109,284,14.0625,13.8125,-0.25
gemma-2-2b,89,freq,freq,fr,ja,公共の,"Le contraire de ""公共の"" est """,個人の,109,244,14.0625,14.875,0.8125
gemma-2-2b,90,desc,desc,fr,ja,本物の,"Le contraire de ""本物の"" est """,偽物の,0,11,19.5,21.5,2.0
gemma-2-2b,90,desc,val,fr,ja,本物の,"Le contraire de ""本物の"" est """,偽物の,0,12,19.5,21.0,1.5
gemma-2-2b,90,desc,freq,fr,ja,本物の,"Le contraire de ""本物の"" est """,偽物の,0,0,19.5,17.375,-2.125
gemma-2-2b,90,val,desc,fr,ja,本物の,"Le contraire de ""本物の"" est """,偽物の,0,7,19.5,20.125,0.625
gemma-2-2b,90,val,val,fr,ja,本物の,"Le contraire de ""本物の"" est """,偽物の,0,39,19.5,21.125,1.625
gemma-2-2b,90,val,freq,fr,ja,本物の,"Le contraire de ""本物の"" est """,偽物の,0,3,19.5,17.5,-2.0
gemma-2-2b,90,freq,desc,fr,ja,本物の,"Le contraire de ""本物の"" est """,偽物の,0,5,19.5,20.0,0.5
gemma-2-2b,90,freq,val,fr,ja,本物の,"Le contraire de ""本物の"" est """,偽物の,0,6,19.5,19.625,0.125
gemma-2-2b,90,freq,freq,fr,ja,本物の,"Le contraire de ""本物の"" est """,偽物の,0,6,19.5,21.0,1.5
gemma-2-2b,91,desc,desc,fr,ja,責任,"Le contraire de ""責任"" est """,無責任な,0,0,21.5,23.875,2.375
gemma-2-2b,91,desc,val,fr,ja,責任,"Le contraire de ""責任"" est """,無責任な,0,0,21.5,24.75,3.25
gemma-2-2b,91,desc,freq,fr,ja,責任,"Le contraire de ""責任"" est """,無責任な,0,0,21.5,18.875,-2.625
gemma-2-2b,91,val,desc,fr,ja,責任,"Le contraire de ""責任"" est """,無責任な,0,0,21.5,22.75,1.25
gemma-2-2b,91,val,val,fr,ja,責任,"Le contraire de ""責任"" est """,無責任な,0,0,21.5,24.25,2.75
gemma-2-2b,91,val,freq,fr,ja,責任,"Le contraire de ""責任"" est """,無責任な,0,0,21.5,18.75,-2.75
gemma-2-2b,91,freq,desc,fr,ja,責任,"Le contraire de ""責任"" est """,無責任な,0,0,21.5,21.375,-0.125
gemma-2-2b,91,freq,val,fr,ja,責任,"Le contraire de ""責任"" est """,無責任な,0,0,21.5,22.25,0.75
gemma-2-2b,91,freq,freq,fr,ja,責任,"Le contraire de ""責任"" est """,無責任な,0,0,21.5,22.25,0.75
gemma-2-2b,92,desc,desc,fr,ja,独身の,"Le contraire de ""独身の"" est """,結婚している,2,40,16.375,19.125,2.75
gemma-2-2b,92,desc,val,fr,ja,独身の,"Le contraire de ""独身の"" est """,結婚している,2,23,16.375,19.125,2.75
gemma-2-2b,92,desc,freq,fr,ja,独身の,"Le contraire de ""独身の"" est """,結婚している,2,13,16.375,12.6875,-3.6875
gemma-2-2b,92,val,desc,fr,ja,独身の,"Le contraire de ""独身の"" est """,結婚している,2,37,16.375,17.0,0.625
gemma-2-2b,92,val,val,fr,ja,独身の,"Le contraire de ""独身の"" est """,結婚している,2,63,16.375,19.5,3.125
gemma-2-2b,92,val,freq,fr,ja,独身の,"Le contraire de ""独身の"" est """,結婚している,2,37,16.375,12.5,-3.875
gemma-2-2b,92,freq,desc,fr,ja,独身の,"Le contraire de ""独身の"" est """,結婚している,2,17,16.375,16.125,-0.25
gemma-2-2b,92,freq,val,fr,ja,独身の,"Le contraire de ""独身の"" est """,結婚している,2,32,16.375,16.5,0.125
gemma-2-2b,92,freq,freq,fr,ja,独身の,"Le contraire de ""独身の"" est """,結婚している,2,11,16.375,17.75,1.375
gemma-2-2b,93,desc,desc,fr,ja,酸っぱい,"Le contraire de ""酸っぱい"" est """,甘い,1,14,16.5,18.0,1.5
gemma-2-2b,93,desc,val,fr,ja,酸っぱい,"Le contraire de ""酸っぱい"" est """,甘い,1,46,16.5,16.125,-0.375
gemma-2-2b,93,desc,freq,fr,ja,酸っぱい,"Le contraire de ""酸っぱい"" est """,甘い,1,16,16.5,7.3125,-9.1875
gemma-2-2b,93,val,desc,fr,ja,酸っぱい,"Le contraire de ""酸っぱい"" est """,甘い,1,14,16.5,14.4375,-2.0625
gemma-2-2b,93,val,val,fr,ja,酸っぱい,"Le contraire de ""酸っぱい"" est """,甘い,1,37,16.5,17.375,0.875
gemma-2-2b,93,val,freq,fr,ja,酸っぱい,"Le contraire de ""酸っぱい"" est """,甘い,1,38,16.5,8.1875,-8.3125
gemma-2-2b,93,freq,desc,fr,ja,酸っぱい,"Le contraire de ""酸っぱい"" est """,甘い,1,7,16.5,14.4375,-2.0625
gemma-2-2b,93,freq,val,fr,ja,酸っぱい,"Le contraire de ""酸っぱい"" est """,甘い,1,15,16.5,14.9375,-1.5625
gemma-2-2b,93,freq,freq,fr,ja,酸っぱい,"Le contraire de ""酸っぱい"" est """,甘い,1,14,16.5,16.375,-0.125
gemma-2-2b,94,desc,desc,fr,ja,役に立つ,"Le contraire de ""役に立つ"" est """,役に立たない,1,82,18.0,18.875,0.875
gemma-2-2b,94,desc,val,fr,ja,役に立つ,"Le contraire de ""役に立つ"" est """,役に立たない,1,103,18.0,18.25,0.25
gemma-2-2b,94,desc,freq,fr,ja,役に立つ,"Le contraire de ""役に立つ"" est """,役に立たない,1,21,18.0,12.375,-5.625
gemma-2-2b,94,val,desc,fr,ja,役に立つ,"Le contraire de ""役に立つ"" est """,役に立たない,1,16,18.0,18.875,0.875
gemma-2-2b,94,val,val,fr,ja,役に立つ,"Le contraire de ""役に立つ"" est """,役に立たない,1,66,18.0,19.75,1.75
gemma-2-2b,94,val,freq,fr,ja,役に立つ,"Le contraire de ""役に立つ"" est """,役に立たない,1,7,18.0,14.5,-3.5
gemma-2-2b,94,freq,desc,fr,ja,役に立つ,"Le contraire de ""役に立つ"" est """,役に立たない,1,48,18.0,16.125,-1.875
gemma-2-2b,94,freq,val,fr,ja,役に立つ,"Le contraire de ""役に立つ"" est """,役に立たない,1,28,18.0,17.5,-0.5
gemma-2-2b,94,freq,freq,fr,ja,役に立つ,"Le contraire de ""役に立つ"" est """,役に立たない,1,64,18.0,17.75,-0.25
gemma-2-2b,95,desc,desc,fr,ja,垂直な,"Le contraire de ""垂直な"" est """,水平な,3,7,20.875,21.5,0.625
gemma-2-2b,95,desc,val,fr,ja,垂直な,"Le contraire de ""垂直な"" est """,水平な,3,16,20.875,20.125,-0.75
gemma-2-2b,95,desc,freq,fr,ja,垂直な,"Le contraire de ""垂直な"" est """,水平な,3,3,20.875,15.5625,-5.3125
gemma-2-2b,95,val,desc,fr,ja,垂直な,"Le contraire de ""垂直な"" est """,水平な,3,5,20.875,21.25,0.375
gemma-2-2b,95,val,val,fr,ja,垂直な,"Le contraire de ""垂直な"" est """,水平な,3,16,20.875,21.5,0.625
gemma-2-2b,95,val,freq,fr,ja,垂直な,"Le contraire de ""垂直な"" est """,水平な,3,10,20.875,15.25,-5.625
gemma-2-2b,95,freq,desc,fr,ja,垂直な,"Le contraire de ""垂直な"" est """,水平な,3,4,20.875,18.75,-2.125
gemma-2-2b,95,freq,val,fr,ja,垂直な,"Le contraire de ""垂直な"" est """,水平な,3,6,20.875,19.125,-1.75
gemma-2-2b,95,freq,freq,fr,ja,垂直な,"Le contraire de ""垂直な"" est """,水平な,3,7,20.875,20.75,-0.125
gemma-2-2b,96,desc,desc,fr,ja,良い,"Le contraire de ""良い"" est """,悪い,0,15,19.0,19.75,0.75
gemma-2-2b,96,desc,val,fr,ja,良い,"Le contraire de ""良い"" est """,悪い,0,26,19.0,18.75,-0.25
gemma-2-2b,96,desc,freq,fr,ja,良い,"Le contraire de ""良い"" est """,悪い,0,8,19.0,13.6875,-5.3125
gemma-2-2b,96,val,desc,fr,ja,良い,"Le contraire de ""良い"" est """,悪い,0,5,19.0,19.5,0.5
gemma-2-2b,96,val,val,fr,ja,良い,"Le contraire de ""良い"" est """,悪い,0,16,19.0,19.5,0.5
gemma-2-2b,96,val,freq,fr,ja,良い,"Le contraire de ""良い"" est """,悪い,0,7,19.0,15.375,-3.625
gemma-2-2b,96,freq,desc,fr,ja,良い,"Le contraire de ""良い"" est """,悪い,0,11,19.0,16.75,-2.25
gemma-2-2b,96,freq,val,fr,ja,良い,"Le contraire de ""良い"" est """,悪い,0,16,19.0,16.375,-2.625
gemma-2-2b,96,freq,freq,fr,ja,良い,"Le contraire de ""良い"" est """,悪い,0,15,19.0,18.125,-0.875
gemma-2-2b,97,desc,desc,fr,ja,勝利の,"Le contraire de ""勝利の"" est """,敗北の,0,0,20.875,23.0,2.125
gemma-2-2b,97,desc,val,fr,ja,勝利の,"Le contraire de ""勝利の"" est """,敗北の,0,1,20.875,23.5,2.625
gemma-2-2b,97,desc,freq,fr,ja,勝利の,"Le contraire de ""勝利の"" est """,敗北の,0,0,20.875,17.5,-3.375
gemma-2-2b,97,val,desc,fr,ja,勝利の,"Le contraire de ""勝利の"" est """,敗北の,0,2,20.875,23.125,2.25
gemma-2-2b,97,val,val,fr,ja,勝利の,"Le contraire de ""勝利の"" est """,敗北の,0,3,20.875,23.75,2.875
gemma-2-2b,97,val,freq,fr,ja,勝利の,"Le contraire de ""勝利の"" est """,敗北の,0,4,20.875,16.75,-4.125
gemma-2-2b,97,freq,desc,fr,ja,勝利の,"Le contraire de ""勝利の"" est """,敗北の,0,0,20.875,20.0,-0.875
gemma-2-2b,97,freq,val,fr,ja,勝利の,"Le contraire de ""勝利の"" est """,敗北の,0,0,20.875,20.5,-0.375
gemma-2-2b,97,freq,freq,fr,ja,勝利の,"Le contraire de ""勝利の"" est """,敗北の,0,0,20.875,20.75,-0.125
gemma-2-2b,98,desc,desc,fr,ja,意地悪な,"Le contraire de ""意地悪な"" est """,親切な,3,51,20.375,22.0,1.625
gemma-2-2b,98,desc,val,fr,ja,意地悪な,"Le contraire de ""意地悪な"" est """,親切な,3,53,20.375,21.375,1.0
gemma-2-2b,98,desc,freq,fr,ja,意地悪な,"Le contraire de ""意地悪な"" est """,親切な,3,58,20.375,16.125,-4.25
gemma-2-2b,98,val,desc,fr,ja,意地悪な,"Le contraire de ""意地悪な"" est """,親切な,3,10,20.375,21.5,1.125
gemma-2-2b,98,val,val,fr,ja,意地悪な,"Le contraire de ""意地悪な"" est """,親切な,3,87,20.375,21.5,1.125
gemma-2-2b,98,val,freq,fr,ja,意地悪な,"Le contraire de ""意地悪な"" est """,親切な,3,167,20.375,14.9375,-5.4375
gemma-2-2b,98,freq,desc,fr,ja,意地悪な,"Le contraire de ""意地悪な"" est """,親切な,3,17,20.375,20.0,-0.375
gemma-2-2b,98,freq,val,fr,ja,意地悪な,"Le contraire de ""意地悪な"" est """,親切な,3,19,20.375,20.0,-0.375
gemma-2-2b,98,freq,freq,fr,ja,意地悪な,"Le contraire de ""意地悪な"" est """,親切な,3,20,20.375,21.0,0.625
gemma-2-2b,99,desc,desc,fr,ja,臆病な,"Le contraire de ""臆病な"" est """,勇敢な,1,13,18.875,21.125,2.25
gemma-2-2b,99,desc,val,fr,ja,臆病な,"Le contraire de ""臆病な"" est """,勇敢な,1,26,18.875,20.0,1.125
gemma-2-2b,99,desc,freq,fr,ja,臆病な,"Le contraire de ""臆病な"" est """,勇敢な,1,67,18.875,10.1875,-8.6875
gemma-2-2b,99,val,desc,fr,ja,臆病な,"Le contraire de ""臆病な"" est """,勇敢な,1,10,18.875,19.75,0.875
gemma-2-2b,99,val,val,fr,ja,臆病な,"Le contraire de ""臆病な"" est """,勇敢な,1,14,18.875,22.125,3.25
gemma-2-2b,99,val,freq,fr,ja,臆病な,"Le contraire de ""臆病な"" est """,勇敢な,1,53,18.875,11.5625,-7.3125
gemma-2-2b,99,freq,desc,fr,ja,臆病な,"Le contraire de ""臆病な"" est """,勇敢な,1,7,18.875,17.875,-1.0
gemma-2-2b,99,freq,val,fr,ja,臆病な,"Le contraire de ""臆病な"" est """,勇敢な,1,8,18.875,18.875,0.0
gemma-2-2b,99,freq,freq,fr,ja,臆病な,"Le contraire de ""臆病な"" est """,勇敢な,1,5,18.875,19.75,0.875
gemma-2-2b,0,desc,desc,fr,ko,좋은,"Le contraire de ""좋은"" est """,나쁜,0,0,15.0,14.9375,-0.0625
gemma-2-2b,0,desc,val,fr,ko,좋은,"Le contraire de ""좋은"" est """,나쁜,0,1,15.0,13.625,-1.375
gemma-2-2b,0,desc,freq,fr,ko,좋은,"Le contraire de ""좋은"" est """,나쁜,0,0,15.0,7.5,-7.5
gemma-2-2b,0,val,desc,fr,ko,좋은,"Le contraire de ""좋은"" est """,나쁜,0,9,15.0,17.75,2.75
gemma-2-2b,0,val,val,fr,ko,좋은,"Le contraire de ""좋은"" est """,나쁜,0,10,15.0,17.875,2.875
gemma-2-2b,0,val,freq,fr,ko,좋은,"Le contraire de ""좋은"" est """,나쁜,0,2,15.0,12.8125,-2.1875
gemma-2-2b,0,freq,desc,fr,ko,좋은,"Le contraire de ""좋은"" est """,나쁜,0,3,15.0,18.75,3.75
gemma-2-2b,0,freq,val,fr,ko,좋은,"Le contraire de ""좋은"" est """,나쁜,0,4,15.0,18.125,3.125
gemma-2-2b,0,freq,freq,fr,ko,좋은,"Le contraire de ""좋은"" est """,나쁜,0,3,15.0,18.75,3.75
gemma-2-2b,1,desc,desc,fr,ko,행복한,"Le contraire de ""행복한"" est """,불행한,0,0,23.0,23.0,0.0
gemma-2-2b,1,desc,val,fr,ko,행복한,"Le contraire de ""행복한"" est """,불행한,0,0,23.0,21.5,-1.5
gemma-2-2b,1,desc,freq,fr,ko,행복한,"Le contraire de ""행복한"" est """,불행한,0,0,23.0,16.375,-6.625
gemma-2-2b,1,val,desc,fr,ko,행복한,"Le contraire de ""행복한"" est """,불행한,0,2,23.0,23.0,0.0
gemma-2-2b,1,val,val,fr,ko,행복한,"Le contraire de ""행복한"" est """,불행한,0,2,23.0,23.125,0.125
gemma-2-2b,1,val,freq,fr,ko,행복한,"Le contraire de ""행복한"" est """,불행한,0,0,23.0,18.25,-4.75
gemma-2-2b,1,freq,desc,fr,ko,행복한,"Le contraire de ""행복한"" est """,불행한,0,1,23.0,22.25,-0.75
gemma-2-2b,1,freq,val,fr,ko,행복한,"Le contraire de ""행복한"" est """,불행한,0,3,23.0,22.0,-1.0
gemma-2-2b,1,freq,freq,fr,ko,행복한,"Le contraire de ""행복한"" est """,불행한,0,1,23.0,22.25,-0.75
gemma-2-2b,2,desc,desc,fr,ko,큰,"Le contraire de ""큰"" est """,작은,0,0,18.125,19.0,0.875
gemma-2-2b,2,desc,val,fr,ko,큰,"Le contraire de ""큰"" est """,작은,0,1,18.125,19.5,1.375
gemma-2-2b,2,desc,freq,fr,ko,큰,"Le contraire de ""큰"" est """,작은,0,1,18.125,10.9375,-7.1875
gemma-2-2b,2,val,desc,fr,ko,큰,"Le contraire de ""큰"" est """,작은,0,2,18.125,21.875,3.75
gemma-2-2b,2,val,val,fr,ko,큰,"Le contraire de ""큰"" est """,작은,0,2,18.125,21.875,3.75
gemma-2-2b,2,val,freq,fr,ko,큰,"Le contraire de ""큰"" est """,작은,0,1,18.125,16.5,-1.625
gemma-2-2b,2,freq,desc,fr,ko,큰,"Le contraire de ""큰"" est """,작은,0,1,18.125,20.25,2.125
gemma-2-2b,2,freq,val,fr,ko,큰,"Le contraire de ""큰"" est """,작은,0,2,18.125,20.5,2.375
gemma-2-2b,2,freq,freq,fr,ko,큰,"Le contraire de ""큰"" est """,작은,0,1,18.125,20.375,2.25
gemma-2-2b,3,desc,desc,fr,ko,더운,"Le contraire de ""더운"" est """,추운,3,3,15.6875,15.5625,-0.125
gemma-2-2b,3,desc,val,fr,ko,더운,"Le contraire de ""더운"" est """,추운,3,3,15.6875,14.875,-0.8125
gemma-2-2b,3,desc,freq,fr,ko,더운,"Le contraire de ""더운"" est """,추운,3,6,15.6875,5.875,-9.8125
gemma-2-2b,3,val,desc,fr,ko,더운,"Le contraire de ""더운"" est """,추운,3,61,15.6875,17.5,1.8125
gemma-2-2b,3,val,val,fr,ko,더운,"Le contraire de ""더운"" est """,추운,3,53,15.6875,18.125,2.4375
gemma-2-2b,3,val,freq,fr,ko,더운,"Le contraire de ""더운"" est """,추운,3,45,15.6875,11.75,-3.9375
gemma-2-2b,3,freq,desc,fr,ko,더운,"Le contraire de ""더운"" est """,추운,3,49,15.6875,16.375,0.6875
gemma-2-2b,3,freq,val,fr,ko,더운,"Le contraire de ""더운"" est """,추운,3,44,15.6875,16.125,0.4375
gemma-2-2b,3,freq,freq,fr,ko,더운,"Le contraire de ""더운"" est """,추운,3,47,15.6875,16.375,0.6875
gemma-2-2b,4,desc,desc,fr,ko,빠른,"Le contraire de ""빠른"" est """,느린,0,0,17.25,17.25,0.0
gemma-2-2b,4,desc,val,fr,ko,빠른,"Le contraire de ""빠른"" est """,느린,0,1,17.25,16.5,-0.75
gemma-2-2b,4,desc,freq,fr,ko,빠른,"Le contraire de ""빠른"" est """,느린,0,1,17.25,8.625,-8.625
gemma-2-2b,4,val,desc,fr,ko,빠른,"Le contraire de ""빠른"" est """,느린,0,15,17.25,18.875,1.625
gemma-2-2b,4,val,val,fr,ko,빠른,"Le contraire de ""빠른"" est """,느린,0,16,17.25,19.125,1.875
gemma-2-2b,4,val,freq,fr,ko,빠른,"Le contraire de ""빠른"" est """,느린,0,17,17.25,12.625,-4.625
gemma-2-2b,4,freq,desc,fr,ko,빠른,"Le contraire de ""빠른"" est """,느린,0,14,17.25,17.0,-0.25
gemma-2-2b,4,freq,val,fr,ko,빠른,"Le contraire de ""빠른"" est """,느린,0,15,17.25,17.0,-0.25
gemma-2-2b,4,freq,freq,fr,ko,빠른,"Le contraire de ""빠른"" est """,느린,0,14,17.25,17.0,-0.25
gemma-2-2b,5,desc,desc,fr,ko,가벼운,"Le contraire de ""가벼운"" est """,무거운,1,1,18.5,18.5,0.0
gemma-2-2b,5,desc,val,fr,ko,가벼운,"Le contraire de ""가벼운"" est """,무거운,1,2,18.5,17.25,-1.25
gemma-2-2b,5,desc,freq,fr,ko,가벼운,"Le contraire de ""가벼운"" est """,무거운,1,6,18.5,8.5625,-9.9375
gemma-2-2b,5,val,desc,fr,ko,가벼운,"Le contraire de ""가벼운"" est """,무거운,1,24,18.5,20.375,1.875
gemma-2-2b,5,val,val,fr,ko,가벼운,"Le contraire de ""가벼운"" est """,무거운,1,31,18.5,20.5,2.0
gemma-2-2b,5,val,freq,fr,ko,가벼운,"Le contraire de ""가벼운"" est """,무거운,1,21,18.5,12.8125,-5.6875
gemma-2-2b,5,freq,desc,fr,ko,가벼운,"Le contraire de ""가벼운"" est """,무거운,1,12,18.5,19.25,0.75
gemma-2-2b,5,freq,val,fr,ko,가벼운,"Le contraire de ""가벼운"" est """,무거운,1,18,18.5,19.0,0.5
gemma-2-2b,5,freq,freq,fr,ko,가벼운,"Le contraire de ""가벼운"" est """,무거운,1,14,18.5,19.125,0.625
gemma-2-2b,6,desc,desc,fr,ko,쉬운,"Le contraire de ""쉬운"" est """,어려운,1,1,17.75,17.75,0.0
gemma-2-2b,6,desc,val,fr,ko,쉬운,"Le contraire de ""쉬운"" est """,어려운,1,0,17.75,17.0,-0.75
gemma-2-2b,6,desc,freq,fr,ko,쉬운,"Le contraire de ""쉬운"" est """,어려운,1,1,17.75,7.78125,-9.96875
gemma-2-2b,6,val,desc,fr,ko,쉬운,"Le contraire de ""쉬운"" est """,어려운,1,13,17.75,19.875,2.125
gemma-2-2b,6,val,val,fr,ko,쉬운,"Le contraire de ""쉬운"" est """,어려운,1,13,17.75,20.125,2.375
gemma-2-2b,6,val,freq,fr,ko,쉬운,"Le contraire de ""쉬운"" est """,어려운,1,13,17.75,12.8125,-4.9375
gemma-2-2b,6,freq,desc,fr,ko,쉬운,"Le contraire de ""쉬운"" est """,어려운,1,6,17.75,19.625,1.875
gemma-2-2b,6,freq,val,fr,ko,쉬운,"Le contraire de ""쉬운"" est """,어려운,1,9,17.75,19.125,1.375
gemma-2-2b,6,freq,freq,fr,ko,쉬운,"Le contraire de ""쉬운"" est """,어려운,1,6,17.75,19.625,1.875
gemma-2-2b,7,desc,desc,fr,ko,새로운,"Le contraire de ""새로운"" est """,오래된,2,2,18.75,18.75,0.0
gemma-2-2b,7,desc,val,fr,ko,새로운,"Le contraire de ""새로운"" est """,오래된,2,0,18.75,16.5,-2.25
gemma-2-2b,7,desc,freq,fr,ko,새로운,"Le contraire de ""새로운"" est """,오래된,2,0,18.75,12.0,-6.75
gemma-2-2b,7,val,desc,fr,ko,새로운,"Le contraire de ""새로운"" est """,오래된,2,66,18.75,18.25,-0.5
gemma-2-2b,7,val,val,fr,ko,새로운,"Le contraire de ""새로운"" est """,오래된,2,72,18.75,18.5,-0.25
gemma-2-2b,7,val,freq,fr,ko,새로운,"Le contraire de ""새로운"" est """,오래된,2,8,18.75,16.125,-2.625
gemma-2-2b,7,freq,desc,fr,ko,새로운,"Le contraire de ""새로운"" est """,오래된,2,7,18.75,19.75,1.0
gemma-2-2b,7,freq,val,fr,ko,새로운,"Le contraire de ""새로운"" est """,오래된,2,23,18.75,18.75,0.0
gemma-2-2b,7,freq,freq,fr,ko,새로운,"Le contraire de ""새로운"" est """,오래된,2,8,18.75,19.625,0.875
gemma-2-2b,8,desc,desc,fr,ko,진실한,"Le contraire de ""진실한"" est """,거짓의,4,4,20.125,20.125,0.0
gemma-2-2b,8,desc,val,fr,ko,진실한,"Le contraire de ""진실한"" est """,거짓의,4,2,20.125,17.875,-2.25
gemma-2-2b,8,desc,freq,fr,ko,진실한,"Le contraire de ""진실한"" est """,거짓의,4,2,20.125,13.0625,-7.0625
gemma-2-2b,8,val,desc,fr,ko,진실한,"Le contraire de ""진실한"" est """,거짓의,4,67,20.125,19.5,-0.625
gemma-2-2b,8,val,val,fr,ko,진실한,"Le contraire de ""진실한"" est """,거짓의,4,70,20.125,19.75,-0.375
gemma-2-2b,8,val,freq,fr,ko,진실한,"Le contraire de ""진실한"" est """,거짓의,4,5,20.125,16.375,-3.75
gemma-2-2b,8,freq,desc,fr,ko,진실한,"Le contraire de ""진실한"" est """,거짓의,4,22,20.125,19.5,-0.625
gemma-2-2b,8,freq,val,fr,ko,진실한,"Le contraire de ""진실한"" est """,거짓의,4,38,20.125,19.0,-1.125
gemma-2-2b,8,freq,freq,fr,ko,진실한,"Le contraire de ""진실한"" est """,거짓의,4,22,20.125,19.5,-0.625
gemma-2-2b,9,desc,desc,fr,ko,살아있는,"Le contraire de ""살아있는"" est """,죽은,0,0,21.875,21.875,0.0
gemma-2-2b,9,desc,val,fr,ko,살아있는,"Le contraire de ""살아있는"" est """,죽은,0,0,21.875,21.25,-0.625
gemma-2-2b,9,desc,freq,fr,ko,살아있는,"Le contraire de ""살아있는"" est """,죽은,0,0,21.875,13.4375,-8.4375
gemma-2-2b,9,val,desc,fr,ko,살아있는,"Le contraire de ""살아있는"" est """,죽은,0,1,21.875,23.125,1.25
gemma-2-2b,9,val,val,fr,ko,살아있는,"Le contraire de ""살아있는"" est """,죽은,0,1,21.875,23.125,1.25
gemma-2-2b,9,val,freq,fr,ko,살아있는,"Le contraire de ""살아있는"" est """,죽은,0,0,21.875,17.75,-4.125
gemma-2-2b,9,freq,desc,fr,ko,살아있는,"Le contraire de ""살아있는"" est """,죽은,0,0,21.875,21.375,-0.5
gemma-2-2b,9,freq,val,fr,ko,살아있는,"Le contraire de ""살아있는"" est """,죽은,0,1,21.875,21.625,-0.25
gemma-2-2b,9,freq,freq,fr,ko,살아있는,"Le contraire de ""살아있는"" est """,죽은,0,0,21.875,21.25,-0.625
gemma-2-2b,10,desc,desc,fr,ko,가득 찬,"Le contraire de ""가득 찬"" est """,빈,0,0,21.625,21.625,0.0
gemma-2-2b,10,desc,val,fr,ko,가득 찬,"Le contraire de ""가득 찬"" est """,빈,0,3,21.625,19.875,-1.75
gemma-2-2b,10,desc,freq,fr,ko,가득 찬,"Le contraire de ""가득 찬"" est """,빈,0,7,21.625,15.375,-6.25
gemma-2-2b,10,val,desc,fr,ko,가득 찬,"Le contraire de ""가득 찬"" est """,빈,0,25,21.625,22.125,0.5
gemma-2-2b,10,val,val,fr,ko,가득 찬,"Le contraire de ""가득 찬"" est """,빈,0,26,21.625,22.125,0.5
gemma-2-2b,10,val,freq,fr,ko,가득 찬,"Le contraire de ""가득 찬"" est """,빈,0,22,21.625,19.0,-2.625
gemma-2-2b,10,freq,desc,fr,ko,가득 찬,"Le contraire de ""가득 찬"" est """,빈,0,15,21.625,21.25,-0.375
gemma-2-2b,10,freq,val,fr,ko,가득 찬,"Le contraire de ""가득 찬"" est """,빈,0,27,21.625,20.75,-0.875
gemma-2-2b,10,freq,freq,fr,ko,가득 찬,"Le contraire de ""가득 찬"" est """,빈,0,13,21.625,21.25,-0.375
gemma-2-2b,11,desc,desc,fr,ko,밝은,"Le contraire de ""밝은"" est """,어두운,0,0,18.875,18.875,0.0
gemma-2-2b,11,desc,val,fr,ko,밝은,"Le contraire de ""밝은"" est """,어두운,0,1,18.875,18.125,-0.75
gemma-2-2b,11,desc,freq,fr,ko,밝은,"Le contraire de ""밝은"" est """,어두운,0,1,18.875,10.25,-8.625
gemma-2-2b,11,val,desc,fr,ko,밝은,"Le contraire de ""밝은"" est """,어두운,0,17,18.875,19.5,0.625
gemma-2-2b,11,val,val,fr,ko,밝은,"Le contraire de ""밝은"" est """,어두운,0,19,18.875,19.75,0.875
gemma-2-2b,11,val,freq,fr,ko,밝은,"Le contraire de ""밝은"" est """,어두운,0,13,18.875,13.1875,-5.6875
gemma-2-2b,11,freq,desc,fr,ko,밝은,"Le contraire de ""밝은"" est """,어두운,0,9,18.875,18.75,-0.125
gemma-2-2b,11,freq,val,fr,ko,밝은,"Le contraire de ""밝은"" est """,어두운,0,15,18.875,18.25,-0.625
gemma-2-2b,11,freq,freq,fr,ko,밝은,"Le contraire de ""밝은"" est """,어두운,0,9,18.875,18.75,-0.125
gemma-2-2b,12,desc,desc,fr,ko,강한,"Le contraire de ""강한"" est """,약한,0,0,18.875,19.0,0.125
gemma-2-2b,12,desc,val,fr,ko,강한,"Le contraire de ""강한"" est """,약한,0,1,18.875,17.875,-1.0
gemma-2-2b,12,desc,freq,fr,ko,강한,"Le contraire de ""강한"" est """,약한,0,1,18.875,11.25,-7.625
gemma-2-2b,12,val,desc,fr,ko,강한,"Le contraire de ""강한"" est """,약한,0,22,18.875,19.375,0.5
gemma-2-2b,12,val,val,fr,ko,강한,"Le contraire de ""강한"" est """,약한,0,26,18.875,19.5,0.625
gemma-2-2b,12,val,freq,fr,ko,강한,"Le contraire de ""강한"" est """,약한,0,1,18.875,15.6875,-3.1875
gemma-2-2b,12,freq,desc,fr,ko,강한,"Le contraire de ""강한"" est """,약한,0,22,18.875,17.75,-1.125
gemma-2-2b,12,freq,val,fr,ko,강한,"Le contraire de ""강한"" est """,약한,0,21,18.875,18.0,-0.875
gemma-2-2b,12,freq,freq,fr,ko,강한,"Le contraire de ""강한"" est """,약한,0,21,18.875,17.75,-1.125
gemma-2-2b,13,desc,desc,fr,ko,깨끗한,"Le contraire de ""깨끗한"" est """,더러운,24,27,16.0,15.8125,-0.1875
gemma-2-2b,13,desc,val,fr,ko,깨끗한,"Le contraire de ""깨끗한"" est """,더러운,24,31,16.0,14.5625,-1.4375
gemma-2-2b,13,desc,freq,fr,ko,깨끗한,"Le contraire de ""깨끗한"" est """,더러운,24,45,16.0,7.15625,-8.84375
gemma-2-2b,13,val,desc,fr,ko,깨끗한,"Le contraire de ""깨끗한"" est """,더러운,24,169,16.0,17.75,1.75
gemma-2-2b,13,val,val,fr,ko,깨끗한,"Le contraire de ""깨끗한"" est """,더러운,24,158,16.0,18.125,2.125
gemma-2-2b,13,val,freq,fr,ko,깨끗한,"Le contraire de ""깨끗한"" est """,더러운,24,276,16.0,9.125,-6.875
gemma-2-2b,13,freq,desc,fr,ko,깨끗한,"Le contraire de ""깨끗한"" est """,더러운,24,47,16.0,17.875,1.875
gemma-2-2b,13,freq,val,fr,ko,깨끗한,"Le contraire de ""깨끗한"" est """,더러운,24,76,16.0,17.0,1.0
gemma-2-2b,13,freq,freq,fr,ko,깨끗한,"Le contraire de ""깨끗한"" est """,더러운,24,42,16.0,18.0,2.0
gemma-2-2b,14,desc,desc,fr,ko,열린,"Le contraire de ""열린"" est """,닫힌,0,0,20.125,20.125,0.0
gemma-2-2b,14,desc,val,fr,ko,열린,"Le contraire de ""열린"" est """,닫힌,0,4,20.125,16.25,-3.875
gemma-2-2b,14,desc,freq,fr,ko,열린,"Le contraire de ""열린"" est """,닫힌,0,2,20.125,6.09375,-14.03125
gemma-2-2b,14,val,desc,fr,ko,열린,"Le contraire de ""열린"" est """,닫힌,0,11,20.125,21.25,1.125
gemma-2-2b,14,val,val,fr,ko,열린,"Le contraire de ""열린"" est """,닫힌,0,11,20.125,21.5,1.375
gemma-2-2b,14,val,freq,fr,ko,열린,"Le contraire de ""열린"" est """,닫힌,0,0,20.125,15.5625,-4.5625
gemma-2-2b,14,freq,desc,fr,ko,열린,"Le contraire de ""열린"" est """,닫힌,0,36,20.125,17.625,-2.5
gemma-2-2b,14,freq,val,fr,ko,열린,"Le contraire de ""열린"" est """,닫힌,0,37,20.125,17.75,-2.375
gemma-2-2b,14,freq,freq,fr,ko,열린,"Le contraire de ""열린"" est """,닫힌,0,36,20.125,17.75,-2.375
gemma-2-2b,15,desc,desc,fr,ko,부유한,"Le contraire de ""부유한"" est """,가난한,2,2,18.75,18.75,0.0
gemma-2-2b,15,desc,val,fr,ko,부유한,"Le contraire de ""부유한"" est """,가난한,2,6,18.75,17.25,-1.5
gemma-2-2b,15,desc,freq,fr,ko,부유한,"Le contraire de ""부유한"" est """,가난한,2,4,18.75,12.6875,-6.0625
gemma-2-2b,15,val,desc,fr,ko,부유한,"Le contraire de ""부유한"" est """,가난한,2,49,18.75,19.5,0.75
gemma-2-2b,15,val,val,fr,ko,부유한,"Le contraire de ""부유한"" est """,가난한,2,80,18.75,19.25,0.5
gemma-2-2b,15,val,freq,fr,ko,부유한,"Le contraire de ""부유한"" est """,가난한,2,38,18.75,15.125,-3.625
gemma-2-2b,15,freq,desc,fr,ko,부유한,"Le contraire de ""부유한"" est """,가난한,2,7,18.75,20.25,1.5
gemma-2-2b,15,freq,val,fr,ko,부유한,"Le contraire de ""부유한"" est """,가난한,2,23,18.75,18.875,0.125
gemma-2-2b,15,freq,freq,fr,ko,부유한,"Le contraire de ""부유한"" est """,가난한,2,8,18.75,20.125,1.375
gemma-2-2b,16,desc,desc,fr,ko,아름다운,"Le contraire de ""아름다운"" est """,못생긴,42,46,15.5625,15.375,-0.1875
gemma-2-2b,16,desc,val,fr,ko,아름다운,"Le contraire de ""아름다운"" est """,못생긴,42,30,15.5625,13.9375,-1.625
gemma-2-2b,16,desc,freq,fr,ko,아름다운,"Le contraire de ""아름다운"" est """,못생긴,42,21,15.5625,7.5,-8.0625
gemma-2-2b,16,val,desc,fr,ko,아름다운,"Le contraire de ""아름다운"" est """,못생긴,42,234,15.5625,16.0,0.4375
gemma-2-2b,16,val,val,fr,ko,아름다운,"Le contraire de ""아름다운"" est """,못생긴,42,267,15.5625,16.25,0.6875
gemma-2-2b,16,val,freq,fr,ko,아름다운,"Le contraire de ""아름다운"" est """,못생긴,42,292,15.5625,9.25,-6.3125
gemma-2-2b,16,freq,desc,fr,ko,아름다운,"Le contraire de ""아름다운"" est """,못생긴,42,294,15.5625,14.9375,-0.625
gemma-2-2b,16,freq,val,fr,ko,아름다운,"Le contraire de ""아름다운"" est """,못생긴,42,501,15.5625,13.6875,-1.875
gemma-2-2b,16,freq,freq,fr,ko,아름다운,"Le contraire de ""아름다운"" est """,못생긴,42,346,15.5625,14.75,-0.8125
gemma-2-2b,17,desc,desc,fr,ko,긴,"Le contraire de ""긴"" est """,짧은,0,0,21.25,21.375,0.125
gemma-2-2b,17,desc,val,fr,ko,긴,"Le contraire de ""긴"" est """,짧은,0,1,21.25,18.25,-3.0
gemma-2-2b,17,desc,freq,fr,ko,긴,"Le contraire de ""긴"" est """,짧은,0,3,21.25,11.125,-10.125
gemma-2-2b,17,val,desc,fr,ko,긴,"Le contraire de ""긴"" est """,짧은,0,9,21.25,21.875,0.625
gemma-2-2b,17,val,val,fr,ko,긴,"Le contraire de ""긴"" est """,짧은,0,10,21.25,21.875,0.625
gemma-2-2b,17,val,freq,fr,ko,긴,"Le contraire de ""긴"" est """,짧은,0,8,21.25,17.5,-3.75
gemma-2-2b,17,freq,desc,fr,ko,긴,"Le contraire de ""긴"" est """,짧은,0,7,21.25,20.375,-0.875
gemma-2-2b,17,freq,val,fr,ko,긴,"Le contraire de ""긴"" est """,짧은,0,11,21.25,20.0,-1.25
gemma-2-2b,17,freq,freq,fr,ko,긴,"Le contraire de ""긴"" est """,짧은,0,7,21.25,20.375,-0.875
gemma-2-2b,18,desc,desc,fr,ko,넓은,"Le contraire de ""넓은"" est """,좁은,0,0,21.875,21.875,0.0
gemma-2-2b,18,desc,val,fr,ko,넓은,"Le contraire de ""넓은"" est """,좁은,0,3,21.875,17.75,-4.125
gemma-2-2b,18,desc,freq,fr,ko,넓은,"Le contraire de ""넓은"" est """,좁은,0,8,21.875,11.25,-10.625
gemma-2-2b,18,val,desc,fr,ko,넓은,"Le contraire de ""넓은"" est """,좁은,0,19,21.875,20.875,-1.0
gemma-2-2b,18,val,val,fr,ko,넓은,"Le contraire de ""넓은"" est """,좁은,0,16,21.875,21.25,-0.625
gemma-2-2b,18,val,freq,fr,ko,넓은,"Le contraire de ""넓은"" est """,좁은,0,11,21.875,17.5,-4.375
gemma-2-2b,18,freq,desc,fr,ko,넓은,"Le contraire de ""넓은"" est """,좁은,0,17,21.875,19.25,-2.625
gemma-2-2b,18,freq,val,fr,ko,넓은,"Le contraire de ""넓은"" est """,좁은,0,19,21.875,19.5,-2.375
gemma-2-2b,18,freq,freq,fr,ko,넓은,"Le contraire de ""넓은"" est """,좁은,0,16,21.875,19.5,-2.375
gemma-2-2b,19,desc,desc,fr,ko,딱딱한,"Le contraire de ""딱딱한"" est """,부드러운,1,1,19.25,19.25,0.0
gemma-2-2b,19,desc,val,fr,ko,딱딱한,"Le contraire de ""딱딱한"" est """,부드러운,1,2,19.25,17.375,-1.875
gemma-2-2b,19,desc,freq,fr,ko,딱딱한,"Le contraire de ""딱딱한"" est """,부드러운,1,4,19.25,10.375,-8.875
gemma-2-2b,19,val,desc,fr,ko,딱딱한,"Le contraire de ""딱딱한"" est """,부드러운,1,162,19.25,17.875,-1.375
gemma-2-2b,19,val,val,fr,ko,딱딱한,"Le contraire de ""딱딱한"" est """,부드러운,1,165,19.25,18.125,-1.125
gemma-2-2b,19,val,freq,fr,ko,딱딱한,"Le contraire de ""딱딱한"" est """,부드러운,1,84,19.25,11.625,-7.625
gemma-2-2b,19,freq,desc,fr,ko,딱딱한,"Le contraire de ""딱딱한"" est """,부드러운,1,18,19.25,18.625,-0.625
gemma-2-2b,19,freq,val,fr,ko,딱딱한,"Le contraire de ""딱딱한"" est """,부드러운,1,51,19.25,17.75,-1.5
gemma-2-2b,19,freq,freq,fr,ko,딱딱한,"Le contraire de ""딱딱한"" est """,부드러운,1,20,19.25,18.5,-0.75
gemma-2-2b,20,desc,desc,fr,ko,마른,"Le contraire de ""마른"" est """,젖은,19,17,17.5,17.625,0.125
gemma-2-2b,20,desc,val,fr,ko,마른,"Le contraire de ""마른"" est """,젖은,19,149,17.5,13.4375,-4.0625
gemma-2-2b,20,desc,freq,fr,ko,마른,"Le contraire de ""마른"" est """,젖은,19,207,17.5,6.03125,-11.46875
gemma-2-2b,20,val,desc,fr,ko,마른,"Le contraire de ""마른"" est """,젖은,19,472,17.5,16.75,-0.75
gemma-2-2b,20,val,val,fr,ko,마른,"Le contraire de ""마른"" est """,젖은,19,449,17.5,17.125,-0.375
gemma-2-2b,20,val,freq,fr,ko,마른,"Le contraire de ""마른"" est """,젖은,19,543,17.5,10.3125,-7.1875
gemma-2-2b,20,freq,desc,fr,ko,마른,"Le contraire de ""마른"" est """,젖은,19,382,17.5,15.9375,-1.5625
gemma-2-2b,20,freq,val,fr,ko,마른,"Le contraire de ""마른"" est """,젖은,19,361,17.5,15.5,-2.0
gemma-2-2b,20,freq,freq,fr,ko,마른,"Le contraire de ""마른"" est """,젖은,19,335,17.5,16.125,-1.375
gemma-2-2b,21,desc,desc,fr,ko,시끄러운,"Le contraire de ""시끄러운"" est """,조용한,5,5,19.125,19.125,0.0
gemma-2-2b,21,desc,val,fr,ko,시끄러운,"Le contraire de ""시끄러운"" est """,조용한,5,10,19.125,15.9375,-3.1875
gemma-2-2b,21,desc,freq,fr,ko,시끄러운,"Le contraire de ""시끄러운"" est """,조용한,5,24,19.125,6.75,-12.375
gemma-2-2b,21,val,desc,fr,ko,시끄러운,"Le contraire de ""시끄러운"" est """,조용한,5,90,19.125,18.75,-0.375
gemma-2-2b,21,val,val,fr,ko,시끄러운,"Le contraire de ""시끄러운"" est """,조용한,5,112,19.125,18.75,-0.375
gemma-2-2b,21,val,freq,fr,ko,시끄러운,"Le contraire de ""시끄러운"" est """,조용한,5,140,19.125,9.875,-9.25
gemma-2-2b,21,freq,desc,fr,ko,시끄러운,"Le contraire de ""시끄러운"" est """,조용한,5,18,19.125,19.375,0.25
gemma-2-2b,21,freq,val,fr,ko,시끄러운,"Le contraire de ""시끄러운"" est """,조용한,5,49,19.125,18.0,-1.125
gemma-2-2b,21,freq,freq,fr,ko,시끄러운,"Le contraire de ""시끄러운"" est """,조용한,5,22,19.125,19.25,0.125
gemma-2-2b,22,desc,desc,fr,ko,이른,"Le contraire de ""이른"" est """,늦은,0,0,22.25,22.25,0.0
gemma-2-2b,22,desc,val,fr,ko,이른,"Le contraire de ""이른"" est """,늦은,0,0,22.25,18.875,-3.375
gemma-2-2b,22,desc,freq,fr,ko,이른,"Le contraire de ""이른"" est """,늦은,0,4,22.25,9.875,-12.375
gemma-2-2b,22,val,desc,fr,ko,이른,"Le contraire de ""이른"" est """,늦은,0,6,22.25,22.875,0.625
gemma-2-2b,22,val,val,fr,ko,이른,"Le contraire de ""이른"" est """,늦은,0,6,22.25,23.0,0.75
gemma-2-2b,22,val,freq,fr,ko,이른,"Le contraire de ""이른"" est """,늦은,0,8,22.25,15.8125,-6.4375
gemma-2-2b,22,freq,desc,fr,ko,이른,"Le contraire de ""이른"" est """,늦은,0,5,22.25,21.125,-1.125
gemma-2-2b,22,freq,val,fr,ko,이른,"Le contraire de ""이른"" est """,늦은,0,5,22.25,21.25,-1.0
gemma-2-2b,22,freq,freq,fr,ko,이른,"Le contraire de ""이른"" est """,늦은,0,4,22.25,21.25,-1.0
gemma-2-2b,23,desc,desc,fr,ko,가까운,"Le contraire de ""가까운"" est """,먼,0,0,21.125,21.125,0.0
gemma-2-2b,23,desc,val,fr,ko,가까운,"Le contraire de ""가까운"" est """,먼,0,0,21.125,18.625,-2.5
gemma-2-2b,23,desc,freq,fr,ko,가까운,"Le contraire de ""가까운"" est """,먼,0,0,21.125,12.25,-8.875
gemma-2-2b,23,val,desc,fr,ko,가까운,"Le contraire de ""가까운"" est """,먼,0,17,21.125,21.125,0.0
gemma-2-2b,23,val,val,fr,ko,가까운,"Le contraire de ""가까운"" est """,먼,0,24,21.125,21.125,0.0
gemma-2-2b,23,val,freq,fr,ko,가까운,"Le contraire de ""가까운"" est """,먼,0,1,21.125,16.75,-4.375
gemma-2-2b,23,freq,desc,fr,ko,가까운,"Le contraire de ""가까운"" est """,먼,0,2,21.125,20.75,-0.375
gemma-2-2b,23,freq,val,fr,ko,가까운,"Le contraire de ""가까운"" est """,먼,0,8,21.125,20.0,-1.125
gemma-2-2b,23,freq,freq,fr,ko,가까운,"Le contraire de ""가까운"" est """,먼,0,2,21.125,20.75,-0.375
gemma-2-2b,24,desc,desc,fr,ko,깊은,"Le contraire de ""깊은"" est """,얕은,0,0,22.875,22.875,0.0
gemma-2-2b,24,desc,val,fr,ko,깊은,"Le contraire de ""깊은"" est """,얕은,0,3,22.875,20.625,-2.25
gemma-2-2b,24,desc,freq,fr,ko,깊은,"Le contraire de ""깊은"" est """,얕은,0,1,22.875,18.25,-4.625
gemma-2-2b,24,val,desc,fr,ko,깊은,"Le contraire de ""깊은"" est """,얕은,0,13,22.875,22.875,0.0
gemma-2-2b,24,val,val,fr,ko,깊은,"Le contraire de ""깊은"" est """,얕은,0,12,22.875,23.125,0.25
gemma-2-2b,24,val,freq,fr,ko,깊은,"Le contraire de ""깊은"" est """,얕은,0,7,22.875,22.375,-0.5
gemma-2-2b,24,freq,desc,fr,ko,깊은,"Le contraire de ""깊은"" est """,얕은,0,8,22.875,21.5,-1.375
gemma-2-2b,24,freq,val,fr,ko,깊은,"Le contraire de ""깊은"" est """,얕은,0,10,22.875,21.625,-1.25
gemma-2-2b,24,freq,freq,fr,ko,깊은,"Le contraire de ""깊은"" est """,얕은,0,6,22.875,21.625,-1.25
gemma-2-2b,25,desc,desc,fr,ko,나쁜,"Le contraire de ""나쁜"" est """,좋은,0,0,21.0,21.0,0.0
gemma-2-2b,25,desc,val,fr,ko,나쁜,"Le contraire de ""나쁜"" est """,좋은,0,0,21.0,18.125,-2.875
gemma-2-2b,25,desc,freq,fr,ko,나쁜,"Le contraire de ""나쁜"" est """,좋은,0,1,21.0,8.0,-13.0
gemma-2-2b,25,val,desc,fr,ko,나쁜,"Le contraire de ""나쁜"" est """,좋은,0,3,21.0,21.0,0.0
gemma-2-2b,25,val,val,fr,ko,나쁜,"Le contraire de ""나쁜"" est """,좋은,0,3,21.0,21.25,0.25
gemma-2-2b,25,val,freq,fr,ko,나쁜,"Le contraire de ""나쁜"" est """,좋은,0,11,21.0,10.9375,-10.0625
gemma-2-2b,25,freq,desc,fr,ko,나쁜,"Le contraire de ""나쁜"" est """,좋은,0,1,21.0,19.75,-1.25
gemma-2-2b,25,freq,val,fr,ko,나쁜,"Le contraire de ""나쁜"" est """,좋은,0,3,21.0,19.25,-1.75
gemma-2-2b,25,freq,freq,fr,ko,나쁜,"Le contraire de ""나쁜"" est """,좋은,0,1,21.0,19.625,-1.375
gemma-2-2b,26,desc,desc,fr,ko,슬픈,"Le contraire de ""슬픈"" est """,행복한,0,0,20.25,20.25,0.0
gemma-2-2b,26,desc,val,fr,ko,슬픈,"Le contraire de ""슬픈"" est """,행복한,0,0,20.25,19.625,-0.625
gemma-2-2b,26,desc,freq,fr,ko,슬픈,"Le contraire de ""슬픈"" est """,행복한,0,0,20.25,14.3125,-5.9375
gemma-2-2b,26,val,desc,fr,ko,슬픈,"Le contraire de ""슬픈"" est """,행복한,0,5,20.25,21.625,1.375
gemma-2-2b,26,val,val,fr,ko,슬픈,"Le contraire de ""슬픈"" est """,행복한,0,7,20.25,21.5,1.25
gemma-2-2b,26,val,freq,fr,ko,슬픈,"Le contraire de ""슬픈"" est """,행복한,0,1,20.25,17.25,-3.0
gemma-2-2b,26,freq,desc,fr,ko,슬픈,"Le contraire de ""슬픈"" est """,행복한,0,3,20.25,20.0,-0.25
gemma-2-2b,26,freq,val,fr,ko,슬픈,"Le contraire de ""슬픈"" est """,행복한,0,6,20.25,20.25,0.0
gemma-2-2b,26,freq,freq,fr,ko,슬픈,"Le contraire de ""슬픈"" est """,행복한,0,3,20.25,20.0,-0.25
gemma-2-2b,27,desc,desc,fr,ko,작은,"Le contraire de ""작은"" est """,큰,0,0,21.0,21.125,0.125
gemma-2-2b,27,desc,val,fr,ko,작은,"Le contraire de ""작은"" est """,큰,0,0,21.0,20.0,-1.0
gemma-2-2b,27,desc,freq,fr,ko,작은,"Le contraire de ""작은"" est """,큰,0,0,21.0,12.625,-8.375
gemma-2-2b,27,val,desc,fr,ko,작은,"Le contraire de ""작은"" est """,큰,0,1,21.0,23.625,2.625
gemma-2-2b,27,val,val,fr,ko,작은,"Le contraire de ""작은"" est """,큰,0,1,21.0,23.875,2.875
gemma-2-2b,27,val,freq,fr,ko,작은,"Le contraire de ""작은"" est """,큰,0,1,21.0,17.75,-3.25
gemma-2-2b,27,freq,desc,fr,ko,작은,"Le contraire de ""작은"" est """,큰,0,3,21.0,21.25,0.25
gemma-2-2b,27,freq,val,fr,ko,작은,"Le contraire de ""작은"" est """,큰,0,3,21.0,22.0,1.0
gemma-2-2b,27,freq,freq,fr,ko,작은,"Le contraire de ""작은"" est """,큰,0,1,21.0,21.375,0.375
gemma-2-2b,28,desc,desc,fr,ko,추운,"Le contraire de ""추운"" est """,따뜻한,0,0,19.0,19.0,0.0
gemma-2-2b,28,desc,val,fr,ko,추운,"Le contraire de ""추운"" est """,따뜻한,0,2,19.0,16.375,-2.625
gemma-2-2b,28,desc,freq,fr,ko,추운,"Le contraire de ""추운"" est """,따뜻한,0,0,19.0,9.5625,-9.4375
gemma-2-2b,28,val,desc,fr,ko,추운,"Le contraire de ""추운"" est """,따뜻한,0,33,19.0,18.75,-0.25
gemma-2-2b,28,val,val,fr,ko,추운,"Le contraire de ""추운"" est """,따뜻한,0,36,19.0,18.875,-0.125
gemma-2-2b,28,val,freq,fr,ko,추운,"Le contraire de ""추운"" est """,따뜻한,0,16,19.0,13.5625,-5.4375
gemma-2-2b,28,freq,desc,fr,ko,추운,"Le contraire de ""추운"" est """,따뜻한,0,11,19.0,18.5,-0.5
gemma-2-2b,28,freq,val,fr,ko,추운,"Le contraire de ""추운"" est """,따뜻한,0,17,19.0,17.75,-1.25
gemma-2-2b,28,freq,freq,fr,ko,추운,"Le contraire de ""추운"" est """,따뜻한,0,9,19.0,18.625,-0.375
gemma-2-2b,29,desc,desc,fr,ko,느린,"Le contraire de ""느린"" est """,빠른,0,0,20.375,20.375,0.0
gemma-2-2b,29,desc,val,fr,ko,느린,"Le contraire de ""느린"" est """,빠른,0,0,20.375,19.875,-0.5
gemma-2-2b,29,desc,freq,fr,ko,느린,"Le contraire de ""느린"" est """,빠른,0,0,20.375,11.8125,-8.5625
gemma-2-2b,29,val,desc,fr,ko,느린,"Le contraire de ""느린"" est """,빠른,0,2,20.375,23.125,2.75
gemma-2-2b,29,val,val,fr,ko,느린,"Le contraire de ""느린"" est """,빠른,0,1,20.375,23.5,3.125
gemma-2-2b,29,val,freq,fr,ko,느린,"Le contraire de ""느린"" est """,빠른,0,0,20.375,17.375,-3.0
gemma-2-2b,29,freq,desc,fr,ko,느린,"Le contraire de ""느린"" est """,빠른,0,0,20.375,21.75,1.375
gemma-2-2b,29,freq,val,fr,ko,느린,"Le contraire de ""느린"" est """,빠른,0,0,20.375,22.25,1.875
gemma-2-2b,29,freq,freq,fr,ko,느린,"Le contraire de ""느린"" est """,빠른,0,0,20.375,21.75,1.375
gemma-2-2b,30,desc,desc,fr,ko,무거운,"Le contraire de ""무거운"" est """,가벼운,2,2,18.875,18.875,0.0
gemma-2-2b,30,desc,val,fr,ko,무거운,"Le contraire de ""무거운"" est """,가벼운,2,2,18.875,17.5,-1.375
gemma-2-2b,30,desc,freq,fr,ko,무거운,"Le contraire de ""무거운"" est """,가벼운,2,11,18.875,11.8125,-7.0625
gemma-2-2b,30,val,desc,fr,ko,무거운,"Le contraire de ""무거운"" est """,가벼운,2,132,18.875,18.25,-0.625
gemma-2-2b,30,val,val,fr,ko,무거운,"Le contraire de ""무거운"" est """,가벼운,2,210,18.875,17.875,-1.0
gemma-2-2b,30,val,freq,fr,ko,무거운,"Le contraire de ""무거운"" est """,가벼운,2,233,18.875,13.75,-5.125
gemma-2-2b,30,freq,desc,fr,ko,무거운,"Le contraire de ""무거운"" est """,가벼운,2,33,18.875,19.375,0.5
gemma-2-2b,30,freq,val,fr,ko,무거운,"Le contraire de ""무거운"" est """,가벼운,2,62,18.875,17.875,-1.0
gemma-2-2b,30,freq,freq,fr,ko,무거운,"Le contraire de ""무거운"" est """,가벼운,2,32,18.875,19.5,0.625
gemma-2-2b,31,desc,desc,fr,ko,어려운,"Le contraire de ""어려운"" est """,쉬운,0,0,20.375,20.375,0.0
gemma-2-2b,31,desc,val,fr,ko,어려운,"Le contraire de ""어려운"" est """,쉬운,0,0,20.375,18.75,-1.625
gemma-2-2b,31,desc,freq,fr,ko,어려운,"Le contraire de ""어려운"" est """,쉬운,0,0,20.375,12.0,-8.375
gemma-2-2b,31,val,desc,fr,ko,어려운,"Le contraire de ""어려운"" est """,쉬운,0,2,20.375,22.0,1.625
gemma-2-2b,31,val,val,fr,ko,어려운,"Le contraire de ""어려운"" est """,쉬운,0,2,20.375,22.125,1.75
gemma-2-2b,31,val,freq,fr,ko,어려운,"Le contraire de ""어려운"" est """,쉬운,0,0,20.375,18.0,-2.375
gemma-2-2b,31,freq,desc,fr,ko,어려운,"Le contraire de ""어려운"" est """,쉬운,0,4,20.375,19.375,-1.0
gemma-2-2b,31,freq,val,fr,ko,어려운,"Le contraire de ""어려운"" est """,쉬운,0,3,20.375,20.0,-0.375
gemma-2-2b,31,freq,freq,fr,ko,어려운,"Le contraire de ""어려운"" est """,쉬운,0,3,20.375,19.75,-0.625
gemma-2-2b,32,desc,desc,fr,ko,오래된,"Le contraire de ""오래된"" est """,새로운,0,0,22.875,22.875,0.0
gemma-2-2b,32,desc,val,fr,ko,오래된,"Le contraire de ""오래된"" est """,새로운,0,1,22.875,20.25,-2.625
gemma-2-2b,32,desc,freq,fr,ko,오래된,"Le contraire de ""오래된"" est """,새로운,0,1,22.875,14.25,-8.625
gemma-2-2b,32,val,desc,fr,ko,오래된,"Le contraire de ""오래된"" est """,새로운,0,4,22.875,22.625,-0.25
gemma-2-2b,32,val,val,fr,ko,오래된,"Le contraire de ""오래된"" est """,새로운,0,5,22.875,22.625,-0.25
gemma-2-2b,32,val,freq,fr,ko,오래된,"Le contraire de ""오래된"" est """,새로운,0,1,22.875,19.5,-3.375
gemma-2-2b,32,freq,desc,fr,ko,오래된,"Le contraire de ""오래된"" est """,새로운,0,1,22.875,22.5,-0.375
gemma-2-2b,32,freq,val,fr,ko,오래된,"Le contraire de ""오래된"" est """,새로운,0,4,22.875,22.25,-0.625
gemma-2-2b,32,freq,freq,fr,ko,오래된,"Le contraire de ""오래된"" est """,새로운,0,2,22.875,22.5,-0.375
gemma-2-2b,33,desc,desc,fr,ko,거짓의,"Le contraire de ""거짓의"" est """,진실한,0,0,21.75,21.75,0.0
gemma-2-2b,33,desc,val,fr,ko,거짓의,"Le contraire de ""거짓의"" est """,진실한,0,2,21.75,18.75,-3.0
gemma-2-2b,33,desc,freq,fr,ko,거짓의,"Le contraire de ""거짓의"" est """,진실한,0,1,21.75,13.4375,-8.3125
gemma-2-2b,33,val,desc,fr,ko,거짓의,"Le contraire de ""거짓의"" est """,진실한,0,2,21.75,22.25,0.5
gemma-2-2b,33,val,val,fr,ko,거짓의,"Le contraire de ""거짓의"" est """,진실한,0,2,21.75,22.375,0.625
gemma-2-2b,33,val,freq,fr,ko,거짓의,"Le contraire de ""거짓의"" est """,진실한,0,0,21.75,18.875,-2.875
gemma-2-2b,33,freq,desc,fr,ko,거짓의,"Le contraire de ""거짓의"" est """,진실한,0,0,21.75,21.125,-0.625
gemma-2-2b,33,freq,val,fr,ko,거짓의,"Le contraire de ""거짓의"" est """,진실한,0,2,21.75,20.875,-0.875
gemma-2-2b,33,freq,freq,fr,ko,거짓의,"Le contraire de ""거짓의"" est """,진실한,0,1,21.75,21.0,-0.75
gemma-2-2b,34,desc,desc,fr,ko,죽은,"Le contraire de ""죽은"" est """,살아있는,0,0,23.0,23.0,0.0
gemma-2-2b,34,desc,val,fr,ko,죽은,"Le contraire de ""죽은"" est """,살아있는,0,0,23.0,21.5,-1.5
gemma-2-2b,34,desc,freq,fr,ko,죽은,"Le contraire de ""죽은"" est """,살아있는,0,0,23.0,16.0,-7.0
gemma-2-2b,34,val,desc,fr,ko,죽은,"Le contraire de ""죽은"" est """,살아있는,0,7,23.0,22.5,-0.5
gemma-2-2b,34,val,val,fr,ko,죽은,"Le contraire de ""죽은"" est """,살아있는,0,10,23.0,22.5,-0.5
gemma-2-2b,34,val,freq,fr,ko,죽은,"Le contraire de ""죽은"" est """,살아있는,0,0,23.0,19.875,-3.125
gemma-2-2b,34,freq,desc,fr,ko,죽은,"Le contraire de ""죽은"" est """,살아있는,0,4,23.0,21.0,-2.0
gemma-2-2b,34,freq,val,fr,ko,죽은,"Le contraire de ""죽은"" est """,살아있는,0,6,23.0,21.125,-1.875
gemma-2-2b,34,freq,freq,fr,ko,죽은,"Le contraire de ""죽은"" est """,살아있는,0,5,23.0,21.0,-2.0
gemma-2-2b,35,desc,desc,fr,ko,빈,"Le contraire de ""빈"" est """,가득 찬,14,14,20.0,20.0,0.0
gemma-2-2b,35,desc,val,fr,ko,빈,"Le contraire de ""빈"" est """,가득 찬,14,13,20.0,19.0,-1.0
gemma-2-2b,35,desc,freq,fr,ko,빈,"Le contraire de ""빈"" est """,가득 찬,14,18,20.0,13.0625,-6.9375
gemma-2-2b,35,val,desc,fr,ko,빈,"Le contraire de ""빈"" est """,가득 찬,14,290,20.0,20.0,0.0
gemma-2-2b,35,val,val,fr,ko,빈,"Le contraire de ""빈"" est """,가득 찬,14,281,20.0,20.125,0.125
gemma-2-2b,35,val,freq,fr,ko,빈,"Le contraire de ""빈"" est """,가득 찬,14,487,20.0,16.0,-4.0
gemma-2-2b,35,freq,desc,fr,ko,빈,"Le contraire de ""빈"" est """,가득 찬,14,20,20.0,21.75,1.75
gemma-2-2b,35,freq,val,fr,ko,빈,"Le contraire de ""빈"" est """,가득 찬,14,66,20.0,20.875,0.875
gemma-2-2b,35,freq,freq,fr,ko,빈,"Le contraire de ""빈"" est """,가득 찬,14,20,20.0,21.75,1.75
gemma-2-2b,36,desc,desc,fr,ko,어두운,"Le contraire de ""어두운"" est """,밝은,0,0,22.25,22.25,0.0
gemma-2-2b,36,desc,val,fr,ko,어두운,"Le contraire de ""어두운"" est """,밝은,0,0,22.25,19.5,-2.75
gemma-2-2b,36,desc,freq,fr,ko,어두운,"Le contraire de ""어두운"" est """,밝은,0,0,22.25,10.625,-11.625
gemma-2-2b,36,val,desc,fr,ko,어두운,"Le contraire de ""어두운"" est """,밝은,0,3,22.25,23.0,0.75
gemma-2-2b,36,val,val,fr,ko,어두운,"Le contraire de ""어두운"" est """,밝은,0,6,22.25,22.875,0.625
gemma-2-2b,36,val,freq,fr,ko,어두운,"Le contraire de ""어두운"" est """,밝은,0,2,22.25,17.125,-5.125
gemma-2-2b,36,freq,desc,fr,ko,어두운,"Le contraire de ""어두운"" est """,밝은,0,4,22.25,21.125,-1.125
gemma-2-2b,36,freq,val,fr,ko,어두운,"Le contraire de ""어두운"" est """,밝은,0,6,22.25,21.0,-1.25
gemma-2-2b,36,freq,freq,fr,ko,어두운,"Le contraire de ""어두운"" est """,밝은,0,5,22.25,21.125,-1.125
gemma-2-2b,37,desc,desc,fr,ko,약한,"Le contraire de ""약한"" est """,강한,0,0,20.25,20.25,0.0
gemma-2-2b,37,desc,val,fr,ko,약한,"Le contraire de ""약한"" est """,강한,0,0,20.25,19.875,-0.375
gemma-2-2b,37,desc,freq,fr,ko,약한,"Le contraire de ""약한"" est """,강한,0,0,20.25,13.4375,-6.8125
gemma-2-2b,37,val,desc,fr,ko,약한,"Le contraire de ""약한"" est """,강한,0,4,20.25,21.875,1.625
gemma-2-2b,37,val,val,fr,ko,약한,"Le contraire de ""약한"" est """,강한,0,5,20.25,21.875,1.625
gemma-2-2b,37,val,freq,fr,ko,약한,"Le contraire de ""약한"" est """,강한,0,1,20.25,17.625,-2.625
gemma-2-2b,37,freq,desc,fr,ko,약한,"Le contraire de ""약한"" est """,강한,0,1,20.25,21.5,1.25
gemma-2-2b,37,freq,val,fr,ko,약한,"Le contraire de ""약한"" est """,강한,0,4,20.25,21.5,1.25
gemma-2-2b,37,freq,freq,fr,ko,약한,"Le contraire de ""약한"" est """,강한,0,2,20.25,21.5,1.25
gemma-2-2b,38,desc,desc,fr,ko,더러운,"Le contraire de ""더러운"" est """,깨끗한,0,0,20.5,20.5,0.0
gemma-2-2b,38,desc,val,fr,ko,더러운,"Le contraire de ""더러운"" est """,깨끗한,0,7,20.5,17.0,-3.5
gemma-2-2b,38,desc,freq,fr,ko,더러운,"Le contraire de ""더러운"" est """,깨끗한,0,2,20.5,9.75,-10.75
gemma-2-2b,38,val,desc,fr,ko,더러운,"Le contraire de ""더러운"" est """,깨끗한,0,7,20.5,21.75,1.25
gemma-2-2b,38,val,val,fr,ko,더러운,"Le contraire de ""더러운"" est """,깨끗한,0,7,20.5,22.0,1.5
gemma-2-2b,38,val,freq,fr,ko,더러운,"Le contraire de ""더러운"" est """,깨끗한,0,0,20.5,16.125,-4.375
gemma-2-2b,38,freq,desc,fr,ko,더러운,"Le contraire de ""더러운"" est """,깨끗한,0,16,20.5,19.5,-1.0
gemma-2-2b,38,freq,val,fr,ko,더러운,"Le contraire de ""더러운"" est """,깨끗한,0,16,20.5,19.5,-1.0
gemma-2-2b,38,freq,freq,fr,ko,더러운,"Le contraire de ""더러운"" est """,깨끗한,0,14,20.5,19.75,-0.75
gemma-2-2b,39,desc,desc,fr,ko,닫힌,"Le contraire de ""닫힌"" est """,열린,0,0,21.125,21.125,0.0
gemma-2-2b,39,desc,val,fr,ko,닫힌,"Le contraire de ""닫힌"" est """,열린,0,0,21.125,20.375,-0.75
gemma-2-2b,39,desc,freq,fr,ko,닫힌,"Le contraire de ""닫힌"" est """,열린,0,0,21.125,14.5625,-6.5625
gemma-2-2b,39,val,desc,fr,ko,닫힌,"Le contraire de ""닫힌"" est """,열린,0,28,21.125,20.625,-0.5
gemma-2-2b,39,val,val,fr,ko,닫힌,"Le contraire de ""닫힌"" est """,열린,0,33,21.125,20.375,-0.75
gemma-2-2b,39,val,freq,fr,ko,닫힌,"Le contraire de ""닫힌"" est """,열린,0,7,21.125,18.0,-3.125
gemma-2-2b,39,freq,desc,fr,ko,닫힌,"Le contraire de ""닫힌"" est """,열린,0,20,21.125,19.75,-1.375
gemma-2-2b,39,freq,val,fr,ko,닫힌,"Le contraire de ""닫힌"" est """,열린,0,27,21.125,19.125,-2.0
gemma-2-2b,39,freq,freq,fr,ko,닫힌,"Le contraire de ""닫힌"" est """,열린,0,22,21.125,19.5,-1.625
gemma-2-2b,40,desc,desc,fr,ko,가난한,"Le contraire de ""가난한"" est """,부유한,0,0,19.25,19.25,0.0
gemma-2-2b,40,desc,val,fr,ko,가난한,"Le contraire de ""가난한"" est """,부유한,0,1,19.25,17.0,-2.25
gemma-2-2b,40,desc,freq,fr,ko,가난한,"Le contraire de ""가난한"" est """,부유한,0,1,19.25,9.0,-10.25
gemma-2-2b,40,val,desc,fr,ko,가난한,"Le contraire de ""가난한"" est """,부유한,0,13,19.25,19.5,0.25
gemma-2-2b,40,val,val,fr,ko,가난한,"Le contraire de ""가난한"" est """,부유한,0,15,19.25,20.0,0.75
gemma-2-2b,40,val,freq,fr,ko,가난한,"Le contraire de ""가난한"" est """,부유한,0,8,19.25,14.75,-4.5
gemma-2-2b,40,freq,desc,fr,ko,가난한,"Le contraire de ""가난한"" est """,부유한,0,1,19.25,20.125,0.875
gemma-2-2b,40,freq,val,fr,ko,가난한,"Le contraire de ""가난한"" est """,부유한,0,5,19.25,20.0,0.75
gemma-2-2b,40,freq,freq,fr,ko,가난한,"Le contraire de ""가난한"" est """,부유한,0,1,19.25,20.25,1.0
gemma-2-2b,41,desc,desc,fr,ko,못생긴,"Le contraire de ""못생긴"" est """,아름다운,7,7,19.125,19.125,0.0
gemma-2-2b,41,desc,val,fr,ko,못생긴,"Le contraire de ""못생긴"" est """,아름다운,7,52,19.125,15.375,-3.75
gemma-2-2b,41,desc,freq,fr,ko,못생긴,"Le contraire de ""못생긴"" est """,아름다운,7,39,19.125,10.0,-9.125
gemma-2-2b,41,val,desc,fr,ko,못생긴,"Le contraire de ""못생긴"" est """,아름다운,7,72,19.125,19.75,0.625
gemma-2-2b,41,val,val,fr,ko,못생긴,"Le contraire de ""못생긴"" est """,아름다운,7,99,19.125,19.75,0.625
gemma-2-2b,41,val,freq,fr,ko,못생긴,"Le contraire de ""못생긴"" est """,아름다운,7,126,19.125,15.375,-3.75
gemma-2-2b,41,freq,desc,fr,ko,못생긴,"Le contraire de ""못생긴"" est """,아름다운,7,11,19.125,20.375,1.25
gemma-2-2b,41,freq,val,fr,ko,못생긴,"Le contraire de ""못생긴"" est """,아름다운,7,28,19.125,19.375,0.25
gemma-2-2b,41,freq,freq,fr,ko,못생긴,"Le contraire de ""못생긴"" est """,아름다운,7,13,19.125,20.125,1.0
gemma-2-2b,42,desc,desc,fr,ko,짧은,"Le contraire de ""짧은"" est """,긴,1,1,20.0,20.0,0.0
gemma-2-2b,42,desc,val,fr,ko,짧은,"Le contraire de ""짧은"" est """,긴,1,4,20.0,16.5,-3.5
gemma-2-2b,42,desc,freq,fr,ko,짧은,"Le contraire de ""짧은"" est """,긴,1,4,20.0,7.84375,-12.15625
gemma-2-2b,42,val,desc,fr,ko,짧은,"Le contraire de ""짧은"" est """,긴,1,35,20.0,19.625,-0.375
gemma-2-2b,42,val,val,fr,ko,짧은,"Le contraire de ""짧은"" est """,긴,1,39,20.0,19.75,-0.25
gemma-2-2b,42,val,freq,fr,ko,짧은,"Le contraire de ""짧은"" est """,긴,1,26,20.0,12.875,-7.125
gemma-2-2b,42,freq,desc,fr,ko,짧은,"Le contraire de ""짧은"" est """,긴,1,9,20.0,19.5,-0.5
gemma-2-2b,42,freq,val,fr,ko,짧은,"Le contraire de ""짧은"" est """,긴,1,16,20.0,19.125,-0.875
gemma-2-2b,42,freq,freq,fr,ko,짧은,"Le contraire de ""짧은"" est """,긴,1,9,20.0,19.5,-0.5
gemma-2-2b,43,desc,desc,fr,ko,좁은,"Le contraire de ""좁은"" est """,넓은,0,0,21.5,21.5,0.0
gemma-2-2b,43,desc,val,fr,ko,좁은,"Le contraire de ""좁은"" est """,넓은,0,0,21.5,17.875,-3.625
gemma-2-2b,43,desc,freq,fr,ko,좁은,"Le contraire de ""좁은"" est """,넓은,0,9,21.5,7.625,-13.875
gemma-2-2b,43,val,desc,fr,ko,좁은,"Le contraire de ""좁은"" est """,넓은,0,1,21.5,23.0,1.5
gemma-2-2b,43,val,val,fr,ko,좁은,"Le contraire de ""좁은"" est """,넓은,0,1,21.5,23.5,2.0
gemma-2-2b,43,val,freq,fr,ko,좁은,"Le contraire de ""좁은"" est """,넓은,0,5,21.5,15.6875,-5.8125
gemma-2-2b,43,freq,desc,fr,ko,좁은,"Le contraire de ""좁은"" est """,넓은,0,0,21.5,21.125,-0.375
gemma-2-2b,43,freq,val,fr,ko,좁은,"Le contraire de ""좁은"" est """,넓은,0,1,21.5,21.5,0.0
gemma-2-2b,43,freq,freq,fr,ko,좁은,"Le contraire de ""좁은"" est """,넓은,0,0,21.5,21.375,-0.125
gemma-2-2b,44,desc,desc,fr,ko,부드러운,"Le contraire de ""부드러운"" est """,딱딱한,6,6,19.125,19.125,0.0
gemma-2-2b,44,desc,val,fr,ko,부드러운,"Le contraire de ""부드러운"" est """,딱딱한,6,128,19.125,14.4375,-4.6875
gemma-2-2b,44,desc,freq,fr,ko,부드러운,"Le contraire de ""부드러운"" est """,딱딱한,6,314,19.125,7.5,-11.625
gemma-2-2b,44,val,desc,fr,ko,부드러운,"Le contraire de ""부드러운"" est """,딱딱한,6,227,19.125,18.75,-0.375
gemma-2-2b,44,val,val,fr,ko,부드러운,"Le contraire de ""부드러운"" est """,딱딱한,6,214,19.125,18.875,-0.25
gemma-2-2b,44,val,freq,fr,ko,부드러운,"Le contraire de ""부드러운"" est """,딱딱한,6,383,19.125,13.5625,-5.5625
gemma-2-2b,44,freq,desc,fr,ko,부드러운,"Le contraire de ""부드러운"" est """,딱딱한,6,344,19.125,17.0,-2.125
gemma-2-2b,44,freq,val,fr,ko,부드러운,"Le contraire de ""부드러운"" est """,딱딱한,6,320,19.125,16.5,-2.625
gemma-2-2b,44,freq,freq,fr,ko,부드러운,"Le contraire de ""부드러운"" est """,딱딱한,6,313,19.125,17.125,-2.0
gemma-2-2b,45,desc,desc,fr,ko,젖은,"Le contraire de ""젖은"" est """,마른,59,59,15.5625,15.5625,0.0
gemma-2-2b,45,desc,val,fr,ko,젖은,"Le contraire de ""젖은"" est """,마른,59,92,15.5625,14.25,-1.3125
gemma-2-2b,45,desc,freq,fr,ko,젖은,"Le contraire de ""젖은"" est """,마른,59,65,15.5625,7.84375,-7.71875
gemma-2-2b,45,val,desc,fr,ko,젖은,"Le contraire de ""젖은"" est """,마른,59,1735,15.5625,15.0,-0.5625
gemma-2-2b,45,val,val,fr,ko,젖은,"Le contraire de ""젖은"" est """,마른,59,1813,15.5625,15.375,-0.1875
gemma-2-2b,45,val,freq,fr,ko,젖은,"Le contraire de ""젖은"" est """,마른,59,2283,15.5625,8.25,-7.3125
gemma-2-2b,45,freq,desc,fr,ko,젖은,"Le contraire de ""젖은"" est """,마른,59,267,15.5625,16.125,0.5625
gemma-2-2b,45,freq,val,fr,ko,젖은,"Le contraire de ""젖은"" est """,마른,59,491,15.5625,14.9375,-0.625
gemma-2-2b,45,freq,freq,fr,ko,젖은,"Le contraire de ""젖은"" est """,마른,59,267,15.5625,16.125,0.5625
gemma-2-2b,46,desc,desc,fr,ko,조용한,"Le contraire de ""조용한"" est """,시끄러운,14,14,18.5,18.5,0.0
gemma-2-2b,46,desc,val,fr,ko,조용한,"Le contraire de ""조용한"" est """,시끄러운,14,59,18.5,14.75,-3.75
gemma-2-2b,46,desc,freq,fr,ko,조용한,"Le contraire de ""조용한"" est """,시끄러운,14,21,18.5,9.25,-9.25
gemma-2-2b,46,val,desc,fr,ko,조용한,"Le contraire de ""조용한"" est """,시끄러운,14,545,18.5,16.75,-1.75
gemma-2-2b,46,val,val,fr,ko,조용한,"Le contraire de ""조용한"" est """,시끄러운,14,571,18.5,16.875,-1.625
gemma-2-2b,46,val,freq,fr,ko,조용한,"Le contraire de ""조용한"" est """,시끄러운,14,237,18.5,11.1875,-7.3125
gemma-2-2b,46,freq,desc,fr,ko,조용한,"Le contraire de ""조용한"" est """,시끄러운,14,66,18.5,17.75,-0.75
gemma-2-2b,46,freq,val,fr,ko,조용한,"Le contraire de ""조용한"" est """,시끄러운,14,252,18.5,16.125,-2.375
gemma-2-2b,46,freq,freq,fr,ko,조용한,"Le contraire de ""조용한"" est """,시끄러운,14,65,18.5,17.75,-0.75
gemma-2-2b,47,desc,desc,fr,ko,늦은,"Le contraire de ""늦은"" est """,이른,18,18,16.625,16.625,0.0
gemma-2-2b,47,desc,val,fr,ko,늦은,"Le contraire de ""늦은"" est """,이른,18,36,16.625,13.625,-3.0
gemma-2-2b,47,desc,freq,fr,ko,늦은,"Le contraire de ""늦은"" est """,이른,18,66,16.625,5.40625,-11.21875
gemma-2-2b,47,val,desc,fr,ko,늦은,"Le contraire de ""늦은"" est """,이른,18,201,16.625,15.5625,-1.0625
gemma-2-2b,47,val,val,fr,ko,늦은,"Le contraire de ""늦은"" est """,이른,18,321,16.625,15.375,-1.25
gemma-2-2b,47,val,freq,fr,ko,늦은,"Le contraire de ""늦은"" est """,이른,18,346,16.625,8.0625,-8.5625
gemma-2-2b,47,freq,desc,fr,ko,늦은,"Le contraire de ""늦은"" est """,이른,18,17,16.625,18.125,1.5
gemma-2-2b,47,freq,val,fr,ko,늦은,"Le contraire de ""늦은"" est """,이른,18,57,16.625,16.0,-0.625
gemma-2-2b,47,freq,freq,fr,ko,늦은,"Le contraire de ""늦은"" est """,이른,18,21,16.625,17.75,1.125
gemma-2-2b,48,desc,desc,fr,ko,먼,"Le contraire de ""먼"" est """,가까운,3,3,17.75,17.875,0.125
gemma-2-2b,48,desc,val,fr,ko,먼,"Le contraire de ""먼"" est """,가까운,3,4,17.75,17.0,-0.75
gemma-2-2b,48,desc,freq,fr,ko,먼,"Le contraire de ""먼"" est """,가까운,3,11,17.75,9.375,-8.375
gemma-2-2b,48,val,desc,fr,ko,먼,"Le contraire de ""먼"" est """,가까운,3,242,17.75,17.75,0.0
gemma-2-2b,48,val,val,fr,ko,먼,"Le contraire de ""먼"" est """,가까운,3,259,17.75,18.0,0.25
gemma-2-2b,48,val,freq,fr,ko,먼,"Le contraire de ""먼"" est """,가까운,3,222,17.75,11.875,-5.875
gemma-2-2b,48,freq,desc,fr,ko,먼,"Le contraire de ""먼"" est """,가까운,3,15,17.75,19.75,2.0
gemma-2-2b,48,freq,val,fr,ko,먼,"Le contraire de ""먼"" est """,가까운,3,39,17.75,18.375,0.625
gemma-2-2b,48,freq,freq,fr,ko,먼,"Le contraire de ""먼"" est """,가까운,3,17,17.75,19.75,2.0
gemma-2-2b,49,desc,desc,fr,ko,얕은,"Le contraire de ""얕은"" est """,깊은,2,2,19.125,19.125,0.0
gemma-2-2b,49,desc,val,fr,ko,얕은,"Le contraire de ""얕은"" est """,깊은,2,0,19.125,20.0,0.875
gemma-2-2b,49,desc,freq,fr,ko,얕은,"Le contraire de ""얕은"" est """,깊은,2,0,19.125,16.375,-2.75
gemma-2-2b,49,val,desc,fr,ko,얕은,"Le contraire de ""얕은"" est """,깊은,2,8,19.125,19.875,0.75
gemma-2-2b,49,val,val,fr,ko,얕은,"Le contraire de ""얕은"" est """,깊은,2,9,19.125,19.875,0.75
gemma-2-2b,49,val,freq,fr,ko,얕은,"Le contraire de ""얕은"" est """,깊은,2,5,19.125,18.125,-1.0
gemma-2-2b,49,freq,desc,fr,ko,얕은,"Le contraire de ""얕은"" est """,깊은,2,12,19.125,17.5,-1.625
gemma-2-2b,49,freq,val,fr,ko,얕은,"Le contraire de ""얕은"" est """,깊은,2,14,19.125,17.25,-1.875
gemma-2-2b,49,freq,freq,fr,ko,얕은,"Le contraire de ""얕은"" est """,깊은,2,14,19.125,17.375,-1.75
gemma-2-2b,50,desc,desc,fr,ko,젊은,"Le contraire de ""젊은"" est """,늙은,0,0,21.5,21.5,0.0
gemma-2-2b,50,desc,val,fr,ko,젊은,"Le contraire de ""젊은"" est """,늙은,0,1,21.5,18.125,-3.375
gemma-2-2b,50,desc,freq,fr,ko,젊은,"Le contraire de ""젊은"" est """,늙은,0,7,21.5,10.125,-11.375
gemma-2-2b,50,val,desc,fr,ko,젊은,"Le contraire de ""젊은"" est """,늙은,0,5,21.5,21.875,0.375
gemma-2-2b,50,val,val,fr,ko,젊은,"Le contraire de ""젊은"" est """,늙은,0,5,21.5,22.125,0.625
gemma-2-2b,50,val,freq,fr,ko,젊은,"Le contraire de ""젊은"" est """,늙은,0,4,21.5,16.25,-5.25
gemma-2-2b,50,freq,desc,fr,ko,젊은,"Le contraire de ""젊은"" est """,늙은,0,2,21.5,21.125,-0.375
gemma-2-2b,50,freq,val,fr,ko,젊은,"Le contraire de ""젊은"" est """,늙은,0,2,21.5,20.875,-0.625
gemma-2-2b,50,freq,freq,fr,ko,젊은,"Le contraire de ""젊은"" est """,늙은,0,2,21.5,21.125,-0.375
gemma-2-2b,51,desc,desc,fr,ko,친절한,"Le contraire de ""친절한"" est """,불친절한,0,0,21.75,21.75,0.0
gemma-2-2b,51,desc,val,fr,ko,친절한,"Le contraire de ""친절한"" est """,불친절한,0,0,21.75,20.125,-1.625
gemma-2-2b,51,desc,freq,fr,ko,친절한,"Le contraire de ""친절한"" est """,불친절한,0,0,21.75,15.5,-6.25
gemma-2-2b,51,val,desc,fr,ko,친절한,"Le contraire de ""친절한"" est """,불친절한,0,12,21.75,21.625,-0.125
gemma-2-2b,51,val,val,fr,ko,친절한,"Le contraire de ""친절한"" est """,불친절한,0,15,21.75,21.625,-0.125
gemma-2-2b,51,val,freq,fr,ko,친절한,"Le contraire de ""친절한"" est """,불친절한,0,4,21.75,17.875,-3.875
gemma-2-2b,51,freq,desc,fr,ko,친절한,"Le contraire de ""친절한"" est """,불친절한,0,3,21.75,21.5,-0.25
gemma-2-2b,51,freq,val,fr,ko,친절한,"Le contraire de ""친절한"" est """,불친절한,0,4,21.75,21.25,-0.5
gemma-2-2b,51,freq,freq,fr,ko,친절한,"Le contraire de ""친절한"" est """,불친절한,0,3,21.75,21.5,-0.25
gemma-2-2b,52,desc,desc,fr,ko,용감한,"Le contraire de ""용감한"" est """,겁많은,0,0,21.875,21.875,0.0
gemma-2-2b,52,desc,val,fr,ko,용감한,"Le contraire de ""용감한"" est """,겁많은,0,0,21.875,19.5,-2.375
gemma-2-2b,52,desc,freq,fr,ko,용감한,"Le contraire de ""용감한"" est """,겁많은,0,0,21.875,15.0,-6.875
gemma-2-2b,52,val,desc,fr,ko,용감한,"Le contraire de ""용감한"" est """,겁많은,0,5,21.875,22.5,0.625
gemma-2-2b,52,val,val,fr,ko,용감한,"Le contraire de ""용감한"" est """,겁많은,0,4,21.875,22.75,0.875
gemma-2-2b,52,val,freq,fr,ko,용감한,"Le contraire de ""용감한"" est """,겁많은,0,4,21.875,18.875,-3.0
gemma-2-2b,52,freq,desc,fr,ko,용감한,"Le contraire de ""용감한"" est """,겁많은,0,4,21.875,20.75,-1.125
gemma-2-2b,52,freq,val,fr,ko,용감한,"Le contraire de ""용감한"" est """,겁많은,0,7,21.875,20.5,-1.375
gemma-2-2b,52,freq,freq,fr,ko,용감한,"Le contraire de ""용감한"" est """,겁많은,0,4,21.875,20.875,-1.0
gemma-2-2b,53,desc,desc,fr,ko,현명한,"Le contraire de ""현명한"" est """,어리석은,2,2,20.625,20.75,0.125
gemma-2-2b,53,desc,val,fr,ko,현명한,"Le contraire de ""현명한"" est """,어리석은,2,3,20.625,19.125,-1.5
gemma-2-2b,53,desc,freq,fr,ko,현명한,"Le contraire de ""현명한"" est """,어리석은,2,1,20.625,16.0,-4.625
gemma-2-2b,53,val,desc,fr,ko,현명한,"Le contraire de ""현명한"" est """,어리석은,2,23,20.625,21.25,0.625
gemma-2-2b,53,val,val,fr,ko,현명한,"Le contraire de ""현명한"" est """,어리석은,2,30,20.625,21.375,0.75
gemma-2-2b,53,val,freq,fr,ko,현명한,"Le contraire de ""현명한"" est """,어리석은,2,3,20.625,18.5,-2.125
gemma-2-2b,53,freq,desc,fr,ko,현명한,"Le contraire de ""현명한"" est """,어리석은,2,13,20.625,20.75,0.125
gemma-2-2b,53,freq,val,fr,ko,현명한,"Le contraire de ""현명한"" est """,어리석은,2,16,20.625,20.25,-0.375
gemma-2-2b,53,freq,freq,fr,ko,현명한,"Le contraire de ""현명한"" est """,어리석은,2,14,20.625,20.75,0.125
gemma-2-2b,54,desc,desc,fr,ko,예의 바른,"Le contraire de ""예의 바른"" est """,무례한,4,4,22.0,22.0,0.0
gemma-2-2b,54,desc,val,fr,ko,예의 바른,"Le contraire de ""예의 바른"" est """,무례한,4,7,22.0,19.625,-2.375
gemma-2-2b,54,desc,freq,fr,ko,예의 바른,"Le contraire de ""예의 바른"" est """,무례한,4,12,22.0,17.75,-4.25
gemma-2-2b,54,val,desc,fr,ko,예의 바른,"Le contraire de ""예의 바른"" est """,무례한,4,11,22.0,22.875,0.875
gemma-2-2b,54,val,val,fr,ko,예의 바른,"Le contraire de ""예의 바른"" est """,무례한,4,19,22.0,22.75,0.75
gemma-2-2b,54,val,freq,fr,ko,예의 바른,"Le contraire de ""예의 바른"" est """,무례한,4,3,22.0,21.375,-0.625
gemma-2-2b,54,freq,desc,fr,ko,예의 바른,"Le contraire de ""예의 바른"" est """,무례한,4,9,22.0,22.25,0.25
gemma-2-2b,54,freq,val,fr,ko,예의 바른,"Le contraire de ""예의 바른"" est """,무례한,4,9,22.0,21.875,-0.125
gemma-2-2b,54,freq,freq,fr,ko,예의 바른,"Le contraire de ""예의 바른"" est """,무례한,4,9,22.0,22.375,0.375
gemma-2-2b,55,desc,desc,fr,ko,인내심 있는,"Le contraire de ""인내심 있는"" est """,성급한,18,18,20.0,20.0,0.0
gemma-2-2b,55,desc,val,fr,ko,인내심 있는,"Le contraire de ""인내심 있는"" est """,성급한,18,29,20.0,17.75,-2.25
gemma-2-2b,55,desc,freq,fr,ko,인내심 있는,"Le contraire de ""인내심 있는"" est """,성급한,18,82,20.0,14.0625,-5.9375
gemma-2-2b,55,val,desc,fr,ko,인내심 있는,"Le contraire de ""인내심 있는"" est """,성급한,18,535,20.0,18.25,-1.75
gemma-2-2b,55,val,val,fr,ko,인내심 있는,"Le contraire de ""인내심 있는"" est """,성급한,18,656,20.0,18.25,-1.75
gemma-2-2b,55,val,freq,fr,ko,인내심 있는,"Le contraire de ""인내심 있는"" est """,성급한,18,1684,20.0,14.3125,-5.6875
gemma-2-2b,55,freq,desc,fr,ko,인내심 있는,"Le contraire de ""인내심 있는"" est """,성급한,18,112,20.0,19.75,-0.25
gemma-2-2b,55,freq,val,fr,ko,인내심 있는,"Le contraire de ""인내심 있는"" est """,성급한,18,170,20.0,18.75,-1.25
gemma-2-2b,55,freq,freq,fr,ko,인내심 있는,"Le contraire de ""인내심 있는"" est """,성급한,18,113,20.0,19.75,-0.25
gemma-2-2b,56,desc,desc,fr,ko,정직한,"Le contraire de ""정직한"" est """,부정직한,0,0,21.5,21.5,0.0
gemma-2-2b,56,desc,val,fr,ko,정직한,"Le contraire de ""정직한"" est """,부정직한,0,1,21.5,19.0,-2.5
gemma-2-2b,56,desc,freq,fr,ko,정직한,"Le contraire de ""정직한"" est """,부정직한,0,0,21.5,16.0,-5.5
gemma-2-2b,56,val,desc,fr,ko,정직한,"Le contraire de ""정직한"" est """,부정직한,0,64,21.5,20.0,-1.5
gemma-2-2b,56,val,val,fr,ko,정직한,"Le contraire de ""정직한"" est """,부정직한,0,78,21.5,19.875,-1.625
gemma-2-2b,56,val,freq,fr,ko,정직한,"Le contraire de ""정직한"" est """,부정직한,0,15,21.5,18.125,-3.375
gemma-2-2b,56,freq,desc,fr,ko,정직한,"Le contraire de ""정직한"" est """,부정직한,0,9,21.5,20.5,-1.0
gemma-2-2b,56,freq,val,fr,ko,정직한,"Le contraire de ""정직한"" est """,부정직한,0,22,21.5,19.875,-1.625
gemma-2-2b,56,freq,freq,fr,ko,정직한,"Le contraire de ""정직한"" est """,부정직한,0,8,21.5,20.375,-1.125
gemma-2-2b,57,desc,desc,fr,ko,안전한,"Le contraire de ""안전한"" est """,위험한,2,2,20.75,20.75,0.0
gemma-2-2b,57,desc,val,fr,ko,안전한,"Le contraire de ""안전한"" est """,위험한,2,5,20.75,17.75,-3.0
gemma-2-2b,57,desc,freq,fr,ko,안전한,"Le contraire de ""안전한"" est """,위험한,2,3,20.75,11.0,-9.75
gemma-2-2b,57,val,desc,fr,ko,안전한,"Le contraire de ""안전한"" est """,위험한,2,129,20.75,18.375,-2.375
gemma-2-2b,57,val,val,fr,ko,안전한,"Le contraire de ""안전한"" est """,위험한,2,136,20.75,18.75,-2.0
gemma-2-2b,57,val,freq,fr,ko,안전한,"Le contraire de ""안전한"" est """,위험한,2,46,20.75,14.0625,-6.6875
gemma-2-2b,57,freq,desc,fr,ko,안전한,"Le contraire de ""안전한"" est """,위험한,2,58,20.75,18.625,-2.125
gemma-2-2b,57,freq,val,fr,ko,안전한,"Le contraire de ""안전한"" est """,위험한,2,76,20.75,17.875,-2.875
gemma-2-2b,57,freq,freq,fr,ko,안전한,"Le contraire de ""안전한"" est """,위험한,2,57,20.75,18.75,-2.0
gemma-2-2b,58,desc,desc,fr,ko,활동적인,"Le contraire de ""활동적인"" est """,비활동적인,4,4,19.5,19.5,0.0
gemma-2-2b,58,desc,val,fr,ko,활동적인,"Le contraire de ""활동적인"" est """,비활동적인,4,4,19.5,16.625,-2.875
gemma-2-2b,58,desc,freq,fr,ko,활동적인,"Le contraire de ""활동적인"" est """,비활동적인,4,7,19.5,7.96875,-11.53125
gemma-2-2b,58,val,desc,fr,ko,활동적인,"Le contraire de ""활동적인"" est """,비활동적인,4,113,19.5,17.75,-1.75
gemma-2-2b,58,val,val,fr,ko,활동적인,"Le contraire de ""활동적인"" est """,비활동적인,4,138,19.5,17.75,-1.75
gemma-2-2b,58,val,freq,fr,ko,활동적인,"Le contraire de ""활동적인"" est """,비활동적인,4,452,19.5,7.15625,-12.34375
gemma-2-2b,58,freq,desc,fr,ko,활동적인,"Le contraire de ""활동적인"" est """,비활동적인,4,53,19.5,17.0,-2.5
gemma-2-2b,58,freq,val,fr,ko,활동적인,"Le contraire de ""활동적인"" est """,비활동적인,4,89,19.5,16.375,-3.125
gemma-2-2b,58,freq,freq,fr,ko,활동적인,"Le contraire de ""활동적인"" est """,비활동적인,4,59,19.5,17.0,-2.5
gemma-2-2b,59,desc,desc,fr,ko,곧은,"Le contraire de ""곧은"" est """,휘어진,0,0,19.25,19.25,0.0
gemma-2-2b,59,desc,val,fr,ko,곧은,"Le contraire de ""곧은"" est """,휘어진,0,8,19.25,16.5,-2.75
gemma-2-2b,59,desc,freq,fr,ko,곧은,"Le contraire de ""곧은"" est """,휘어진,0,25,19.25,9.625,-9.625
gemma-2-2b,59,val,desc,fr,ko,곧은,"Le contraire de ""곧은"" est """,휘어진,0,30,19.25,20.25,1.0
gemma-2-2b,59,val,val,fr,ko,곧은,"Le contraire de ""곧은"" est """,휘어진,0,39,19.25,20.125,0.875
gemma-2-2b,59,val,freq,fr,ko,곧은,"Le contraire de ""곧은"" est """,휘어진,0,13,19.25,16.0,-3.25
gemma-2-2b,59,freq,desc,fr,ko,곧은,"Le contraire de ""곧은"" est """,휘어진,0,24,19.25,18.75,-0.5
gemma-2-2b,59,freq,val,fr,ko,곧은,"Le contraire de ""곧은"" est """,휘어진,0,25,19.25,18.75,-0.5
gemma-2-2b,59,freq,freq,fr,ko,곧은,"Le contraire de ""곧은"" est """,휘어진,0,23,19.25,18.625,-0.625
gemma-2-2b,60,desc,desc,fr,ko,전체의,"Le contraire de ""전체의"" est """,부분적인,2,2,23.0,23.0,0.0
gemma-2-2b,60,desc,val,fr,ko,전체의,"Le contraire de ""전체의"" est """,부분적인,2,2,23.0,20.75,-2.25
gemma-2-2b,60,desc,freq,fr,ko,전체의,"Le contraire de ""전체의"" est """,부분적인,2,4,23.0,16.75,-6.25
gemma-2-2b,60,val,desc,fr,ko,전체의,"Le contraire de ""전체의"" est """,부분적인,2,94,23.0,20.875,-2.125
gemma-2-2b,60,val,val,fr,ko,전체의,"Le contraire de ""전체의"" est """,부분적인,2,94,23.0,21.125,-1.875
gemma-2-2b,60,val,freq,fr,ko,전체의,"Le contraire de ""전체의"" est """,부분적인,2,12,23.0,20.375,-2.625
gemma-2-2b,60,freq,desc,fr,ko,전체의,"Le contraire de ""전체의"" est """,부분적인,2,10,23.0,22.0,-1.0
gemma-2-2b,60,freq,val,fr,ko,전체의,"Le contraire de ""전체의"" est """,부분적인,2,21,23.0,21.625,-1.375
gemma-2-2b,60,freq,freq,fr,ko,전체의,"Le contraire de ""전체의"" est """,부분적인,2,10,23.0,21.875,-1.125
gemma-2-2b,61,desc,desc,fr,ko,차분한,"Le contraire de ""차분한"" est """,격앙된,3,3,21.25,21.25,0.0
gemma-2-2b,61,desc,val,fr,ko,차분한,"Le contraire de ""차분한"" est """,격앙된,3,2,21.25,20.0,-1.25
gemma-2-2b,61,desc,freq,fr,ko,차분한,"Le contraire de ""차분한"" est """,격앙된,3,1,21.25,17.625,-3.625
gemma-2-2b,61,val,desc,fr,ko,차분한,"Le contraire de ""차분한"" est """,격앙된,3,55,21.25,21.25,0.0
gemma-2-2b,61,val,val,fr,ko,차분한,"Le contraire de ""차분한"" est """,격앙된,3,55,21.25,21.5,0.25
gemma-2-2b,61,val,freq,fr,ko,차분한,"Le contraire de ""차분한"" est """,격앙된,3,0,21.25,20.875,-0.375
gemma-2-2b,61,freq,desc,fr,ko,차분한,"Le contraire de ""차분한"" est """,격앙된,3,36,21.25,20.0,-1.25
gemma-2-2b,61,freq,val,fr,ko,차분한,"Le contraire de ""차분한"" est """,격앙된,3,27,21.25,20.625,-0.625
gemma-2-2b,61,freq,freq,fr,ko,차분한,"Le contraire de ""차분한"" est """,격앙된,3,30,21.25,20.125,-1.125
gemma-2-2b,62,desc,desc,fr,ko,정확한,"Le contraire de ""정확한"" est """,부정확한,7,7,21.125,21.125,0.0
gemma-2-2b,62,desc,val,fr,ko,정확한,"Le contraire de ""정확한"" est """,부정확한,7,11,21.125,18.25,-2.875
gemma-2-2b,62,desc,freq,fr,ko,정확한,"Le contraire de ""정확한"" est """,부정확한,7,3,21.125,13.3125,-7.8125
gemma-2-2b,62,val,desc,fr,ko,정확한,"Le contraire de ""정확한"" est """,부정확한,7,144,21.125,18.375,-2.75
gemma-2-2b,62,val,val,fr,ko,정확한,"Le contraire de ""정확한"" est """,부정확한,7,148,21.125,18.5,-2.625
gemma-2-2b,62,val,freq,fr,ko,정확한,"Le contraire de ""정확한"" est """,부정확한,7,8,21.125,15.6875,-5.4375
gemma-2-2b,62,freq,desc,fr,ko,정확한,"Le contraire de ""정확한"" est """,부정확한,7,56,21.125,19.5,-1.625
gemma-2-2b,62,freq,val,fr,ko,정확한,"Le contraire de ""정확한"" est """,부정확한,7,100,21.125,18.25,-2.875
gemma-2-2b,62,freq,freq,fr,ko,정확한,"Le contraire de ""정확한"" est """,부정확한,7,62,21.125,19.375,-1.75
gemma-2-2b,63,desc,desc,fr,ko,복잡한,"Le contraire de ""복잡한"" est """,간단한,2,2,19.125,19.125,0.0
gemma-2-2b,63,desc,val,fr,ko,복잡한,"Le contraire de ""복잡한"" est """,간단한,2,1,19.125,17.5,-1.625
gemma-2-2b,63,desc,freq,fr,ko,복잡한,"Le contraire de ""복잡한"" est """,간단한,2,1,19.125,11.125,-8.0
gemma-2-2b,63,val,desc,fr,ko,복잡한,"Le contraire de ""복잡한"" est """,간단한,2,32,19.125,18.75,-0.375
gemma-2-2b,63,val,val,fr,ko,복잡한,"Le contraire de ""복잡한"" est """,간단한,2,33,19.125,18.875,-0.25
gemma-2-2b,63,val,freq,fr,ko,복잡한,"Le contraire de ""복잡한"" est """,간단한,2,11,19.125,14.75,-4.375
gemma-2-2b,63,freq,desc,fr,ko,복잡한,"Le contraire de ""복잡한"" est """,간단한,2,8,19.125,18.625,-0.5
gemma-2-2b,63,freq,val,fr,ko,복잡한,"Le contraire de ""복잡한"" est """,간단한,2,10,19.125,18.5,-0.625
gemma-2-2b,63,freq,freq,fr,ko,복잡한,"Le contraire de ""복잡한"" est """,간단한,2,7,19.125,18.875,-0.25
gemma-2-2b,64,desc,desc,fr,ko,효과적인,"Le contraire de ""효과적인"" est """,비효과적인,1,1,22.625,22.625,0.0
gemma-2-2b,64,desc,val,fr,ko,효과적인,"Le contraire de ""효과적인"" est """,비효과적인,1,6,22.625,19.5,-3.125
gemma-2-2b,64,desc,freq,fr,ko,효과적인,"Le contraire de ""효과적인"" est """,비효과적인,1,2,22.625,15.375,-7.25
gemma-2-2b,64,val,desc,fr,ko,효과적인,"Le contraire de ""효과적인"" est """,비효과적인,1,29,22.625,21.5,-1.125
gemma-2-2b,64,val,val,fr,ko,효과적인,"Le contraire de ""효과적인"" est """,비효과적인,1,32,22.625,21.75,-0.875
gemma-2-2b,64,val,freq,fr,ko,효과적인,"Le contraire de ""효과적인"" est """,비효과적인,1,19,22.625,18.375,-4.25
gemma-2-2b,64,freq,desc,fr,ko,효과적인,"Le contraire de ""효과적인"" est """,비효과적인,1,13,22.625,21.625,-1.0
gemma-2-2b,64,freq,val,fr,ko,효과적인,"Le contraire de ""효과적인"" est """,비효과적인,1,21,22.625,21.125,-1.5
gemma-2-2b,64,freq,freq,fr,ko,효과적인,"Le contraire de ""효과적인"" est """,비효과적인,1,14,22.625,21.625,-1.0
gemma-2-2b,65,desc,desc,fr,ko,유명한,"Le contraire de ""유명한"" est """,무명의,16,16,19.0,19.0,0.0
gemma-2-2b,65,desc,val,fr,ko,유명한,"Le contraire de ""유명한"" est """,무명의,16,12,19.0,16.5,-2.5
gemma-2-2b,65,desc,freq,fr,ko,유명한,"Le contraire de ""유명한"" est """,무명의,16,21,19.0,9.8125,-9.1875
gemma-2-2b,65,val,desc,fr,ko,유명한,"Le contraire de ""유명한"" est """,무명의,16,64,19.0,19.75,0.75
gemma-2-2b,65,val,val,fr,ko,유명한,"Le contraire de ""유명한"" est """,무명의,16,73,19.0,20.0,1.0
gemma-2-2b,65,val,freq,fr,ko,유명한,"Le contraire de ""유명한"" est """,무명의,16,67,19.0,13.4375,-5.5625
gemma-2-2b,65,freq,desc,fr,ko,유명한,"Le contraire de ""유명한"" est """,무명의,16,54,19.0,19.0,0.0
gemma-2-2b,65,freq,val,fr,ko,유명한,"Le contraire de ""유명한"" est """,무명의,16,76,19.0,18.25,-0.75
gemma-2-2b,65,freq,freq,fr,ko,유명한,"Le contraire de ""유명한"" est """,무명의,16,63,19.0,18.875,-0.125
gemma-2-2b,66,desc,desc,fr,ko,관대한,"Le contraire de ""관대한"" est """,인색한,63,72,18.125,18.0,-0.125
gemma-2-2b,66,desc,val,fr,ko,관대한,"Le contraire de ""관대한"" est """,인색한,63,86,18.125,15.375,-2.75
gemma-2-2b,66,desc,freq,fr,ko,관대한,"Le contraire de ""관대한"" est """,인색한,63,49,18.125,10.875,-7.25
gemma-2-2b,66,val,desc,fr,ko,관대한,"Le contraire de ""관대한"" est """,인색한,63,885,18.125,15.8125,-2.3125
gemma-2-2b,66,val,val,fr,ko,관대한,"Le contraire de ""관대한"" est """,인색한,63,1072,18.125,16.125,-2.0
gemma-2-2b,66,val,freq,fr,ko,관대한,"Le contraire de ""관대한"" est """,인색한,63,405,18.125,14.0625,-4.0625
gemma-2-2b,66,freq,desc,fr,ko,관대한,"Le contraire de ""관대한"" est """,인색한,63,123,18.125,18.875,0.75
gemma-2-2b,66,freq,val,fr,ko,관대한,"Le contraire de ""관대한"" est """,인색한,63,293,18.125,17.5,-0.625
gemma-2-2b,66,freq,freq,fr,ko,관대한,"Le contraire de ""관대한"" est """,인색한,63,139,18.125,18.75,0.625
gemma-2-2b,67,desc,desc,fr,ko,행복한,"Le contraire de ""행복한"" est """,불행한,0,0,23.0,23.0,0.0
gemma-2-2b,67,desc,val,fr,ko,행복한,"Le contraire de ""행복한"" est """,불행한,0,0,23.0,21.5,-1.5
gemma-2-2b,67,desc,freq,fr,ko,행복한,"Le contraire de ""행복한"" est """,불행한,0,0,23.0,16.25,-6.75
gemma-2-2b,67,val,desc,fr,ko,행복한,"Le contraire de ""행복한"" est """,불행한,0,2,23.0,23.0,0.0
gemma-2-2b,67,val,val,fr,ko,행복한,"Le contraire de ""행복한"" est """,불행한,0,2,23.0,23.125,0.125
gemma-2-2b,67,val,freq,fr,ko,행복한,"Le contraire de ""행복한"" est """,불행한,0,2,23.0,18.25,-4.75
gemma-2-2b,67,freq,desc,fr,ko,행복한,"Le contraire de ""행복한"" est """,불행한,0,1,23.0,22.25,-0.75
gemma-2-2b,67,freq,val,fr,ko,행복한,"Le contraire de ""행복한"" est """,불행한,0,3,23.0,22.0,-1.0
gemma-2-2b,67,freq,freq,fr,ko,행복한,"Le contraire de ""행복한"" est """,불행한,0,1,23.0,22.25,-0.75
gemma-2-2b,68,desc,desc,fr,ko,건강한,"Le contraire de ""건강한"" est """,건강하지 않은,0,0,22.375,22.375,0.0
gemma-2-2b,68,desc,val,fr,ko,건강한,"Le contraire de ""건강한"" est """,건강하지 않은,0,0,22.375,20.5,-1.875
gemma-2-2b,68,desc,freq,fr,ko,건강한,"Le contraire de ""건강한"" est """,건강하지 않은,0,0,22.375,16.0,-6.375
gemma-2-2b,68,val,desc,fr,ko,건강한,"Le contraire de ""건강한"" est """,건강하지 않은,0,6,22.375,22.875,0.5
gemma-2-2b,68,val,val,fr,ko,건강한,"Le contraire de ""건강한"" est """,건강하지 않은,0,9,22.375,23.0,0.625
gemma-2-2b,68,val,freq,fr,ko,건강한,"Le contraire de ""건강한"" est """,건강하지 않은,0,0,22.375,19.75,-2.625
gemma-2-2b,68,freq,desc,fr,ko,건강한,"Le contraire de ""건강한"" est """,건강하지 않은,0,2,22.375,21.875,-0.5
gemma-2-2b,68,freq,val,fr,ko,건강한,"Le contraire de ""건강한"" est """,건강하지 않은,0,3,22.375,22.0,-0.375
gemma-2-2b,68,freq,freq,fr,ko,건강한,"Le contraire de ""건강한"" est """,건강하지 않은,0,2,22.375,21.875,-0.5
gemma-2-2b,69,desc,desc,fr,ko,높은,"Le contraire de ""높은"" est """,낮은,0,0,20.75,20.75,0.0
gemma-2-2b,69,desc,val,fr,ko,높은,"Le contraire de ""높은"" est """,낮은,0,0,20.75,17.5,-3.25
gemma-2-2b,69,desc,freq,fr,ko,높은,"Le contraire de ""높은"" est """,낮은,0,0,20.75,7.15625,-13.59375
gemma-2-2b,69,val,desc,fr,ko,높은,"Le contraire de ""높은"" est """,낮은,0,1,20.75,22.25,1.5
gemma-2-2b,69,val,val,fr,ko,높은,"Le contraire de ""높은"" est """,낮은,0,1,20.75,22.5,1.75
gemma-2-2b,69,val,freq,fr,ko,높은,"Le contraire de ""높은"" est """,낮은,0,2,20.75,16.125,-4.625
gemma-2-2b,69,freq,desc,fr,ko,높은,"Le contraire de ""높은"" est """,낮은,0,1,20.75,19.875,-0.875
gemma-2-2b,69,freq,val,fr,ko,높은,"Le contraire de ""높은"" est """,낮은,0,3,20.75,19.875,-0.875
gemma-2-2b,69,freq,freq,fr,ko,높은,"Le contraire de ""높은"" est """,낮은,0,1,20.75,20.0,-0.75
gemma-2-2b,70,desc,desc,fr,ko,중요한,"Le contraire de ""중요한"" est """,중요하지 않은,0,0,24.125,24.125,0.0
gemma-2-2b,70,desc,val,fr,ko,중요한,"Le contraire de ""중요한"" est """,중요하지 않은,0,0,24.125,21.875,-2.25
gemma-2-2b,70,desc,freq,fr,ko,중요한,"Le contraire de ""중요한"" est """,중요하지 않은,0,0,24.125,18.875,-5.25
gemma-2-2b,70,val,desc,fr,ko,중요한,"Le contraire de ""중요한"" est """,중요하지 않은,0,6,24.125,23.375,-0.75
gemma-2-2b,70,val,val,fr,ko,중요한,"Le contraire de ""중요한"" est """,중요하지 않은,0,11,24.125,23.125,-1.0
gemma-2-2b,70,val,freq,fr,ko,중요한,"Le contraire de ""중요한"" est """,중요하지 않은,0,0,24.125,22.125,-2.0
gemma-2-2b,70,freq,desc,fr,ko,중요한,"Le contraire de ""중요한"" est """,중요하지 않은,0,4,24.125,23.125,-1.0
gemma-2-2b,70,freq,val,fr,ko,중요한,"Le contraire de ""중요한"" est """,중요하지 않은,0,6,24.125,22.625,-1.5
gemma-2-2b,70,freq,freq,fr,ko,중요한,"Le contraire de ""중요한"" est """,중요하지 않은,0,4,24.125,23.125,-1.0
gemma-2-2b,71,desc,desc,fr,ko,무고한,"Le contraire de ""무고한"" est """,유죄의,14,14,21.625,21.625,0.0
gemma-2-2b,71,desc,val,fr,ko,무고한,"Le contraire de ""무고한"" est """,유죄의,14,16,21.625,19.125,-2.5
gemma-2-2b,71,desc,freq,fr,ko,무고한,"Le contraire de ""무고한"" est """,유죄의,14,37,21.625,15.6875,-5.9375
gemma-2-2b,71,val,desc,fr,ko,무고한,"Le contraire de ""무고한"" est """,유죄의,14,499,21.625,19.5,-2.125
gemma-2-2b,71,val,val,fr,ko,무고한,"Le contraire de ""무고한"" est """,유죄의,14,675,21.625,19.25,-2.375
gemma-2-2b,71,val,freq,fr,ko,무고한,"Le contraire de ""무고한"" est """,유죄의,14,1113,21.625,16.125,-5.5
gemma-2-2b,71,freq,desc,fr,ko,무고한,"Le contraire de ""무고한"" est """,유죄의,14,81,21.625,20.75,-0.875
gemma-2-2b,71,freq,val,fr,ko,무고한,"Le contraire de ""무고한"" est """,유죄의,14,154,21.625,19.75,-1.875
gemma-2-2b,71,freq,freq,fr,ko,무고한,"Le contraire de ""무고한"" est """,유죄의,14,78,21.625,20.75,-0.875
gemma-2-2b,72,desc,desc,fr,ko,알려진,"Le contraire de ""알려진"" est """,알려지지 않은,0,0,24.0,24.0,0.0
gemma-2-2b,72,desc,val,fr,ko,알려진,"Le contraire de ""알려진"" est """,알려지지 않은,0,0,24.0,21.875,-2.125
gemma-2-2b,72,desc,freq,fr,ko,알려진,"Le contraire de ""알려진"" est """,알려지지 않은,0,0,24.0,17.875,-6.125
gemma-2-2b,72,val,desc,fr,ko,알려진,"Le contraire de ""알려진"" est """,알려지지 않은,0,3,24.0,24.5,0.5
gemma-2-2b,72,val,val,fr,ko,알려진,"Le contraire de ""알려진"" est """,알려지지 않은,0,3,24.0,24.5,0.5
gemma-2-2b,72,val,freq,fr,ko,알려진,"Le contraire de ""알려진"" est """,알려지지 않은,0,0,24.0,22.5,-1.5
gemma-2-2b,72,freq,desc,fr,ko,알려진,"Le contraire de ""알려진"" est """,알려지지 않은,0,0,24.0,24.125,0.125
gemma-2-2b,72,freq,val,fr,ko,알려진,"Le contraire de ""알려진"" est """,알려지지 않은,0,3,24.0,23.875,-0.125
gemma-2-2b,72,freq,freq,fr,ko,알려진,"Le contraire de ""알려진"" est """,알려지지 않은,0,0,24.0,24.125,0.125
gemma-2-2b,73,desc,desc,fr,ko,남성의,"Le contraire de ""남성의"" est """,여성의,0,0,20.125,20.125,0.0
gemma-2-2b,73,desc,val,fr,ko,남성의,"Le contraire de ""남성의"" est """,여성의,0,0,20.125,18.25,-1.875
gemma-2-2b,73,desc,freq,fr,ko,남성의,"Le contraire de ""남성의"" est """,여성의,0,0,20.125,12.4375,-7.6875
gemma-2-2b,73,val,desc,fr,ko,남성의,"Le contraire de ""남성의"" est """,여성의,0,3,20.125,21.375,1.25
gemma-2-2b,73,val,val,fr,ko,남성의,"Le contraire de ""남성의"" est """,여성의,0,4,20.125,21.75,1.625
gemma-2-2b,73,val,freq,fr,ko,남성의,"Le contraire de ""남성의"" est """,여성의,0,3,20.125,16.125,-4.0
gemma-2-2b,73,freq,desc,fr,ko,남성의,"Le contraire de ""남성의"" est """,여성의,0,0,20.125,20.875,0.75
gemma-2-2b,73,freq,val,fr,ko,남성의,"Le contraire de ""남성의"" est """,여성의,0,1,20.125,20.5,0.375
gemma-2-2b,73,freq,freq,fr,ko,남성의,"Le contraire de ""남성의"" est """,여성의,0,0,20.125,20.875,0.75
gemma-2-2b,74,desc,desc,fr,ko,정상적인,"Le contraire de ""정상적인"" est """,비정상적인,4,4,21.875,21.875,0.0
gemma-2-2b,74,desc,val,fr,ko,정상적인,"Le contraire de ""정상적인"" est """,비정상적인,4,8,21.875,18.25,-3.625
gemma-2-2b,74,desc,freq,fr,ko,정상적인,"Le contraire de ""정상적인"" est """,비정상적인,4,7,21.875,14.0625,-7.8125
gemma-2-2b,74,val,desc,fr,ko,정상적인,"Le contraire de ""정상적인"" est """,비정상적인,4,138,21.875,19.875,-2.0
gemma-2-2b,74,val,val,fr,ko,정상적인,"Le contraire de ""정상적인"" est """,비정상적인,4,141,21.875,19.875,-2.0
gemma-2-2b,74,val,freq,fr,ko,정상적인,"Le contraire de ""정상적인"" est """,비정상적인,4,99,21.875,17.0,-4.875
gemma-2-2b,74,freq,desc,fr,ko,정상적인,"Le contraire de ""정상적인"" est """,비정상적인,4,17,21.875,20.125,-1.75
gemma-2-2b,74,freq,val,fr,ko,정상적인,"Le contraire de ""정상적인"" est """,비정상적인,4,59,21.875,19.5,-2.375
gemma-2-2b,74,freq,freq,fr,ko,정상적인,"Le contraire de ""정상적인"" est """,비정상적인,4,20,21.875,20.25,-1.625
gemma-2-2b,75,desc,desc,fr,ko,가능한,"Le contraire de ""가능한"" est """,불가능한,0,0,22.0,22.0,0.0
gemma-2-2b,75,desc,val,fr,ko,가능한,"Le contraire de ""가능한"" est """,불가능한,0,0,22.0,20.375,-1.625
gemma-2-2b,75,desc,freq,fr,ko,가능한,"Le contraire de ""가능한"" est """,불가능한,0,0,22.0,13.6875,-8.3125
gemma-2-2b,75,val,desc,fr,ko,가능한,"Le contraire de ""가능한"" est """,불가능한,0,15,22.0,21.0,-1.0
gemma-2-2b,75,val,val,fr,ko,가능한,"Le contraire de ""가능한"" est """,불가능한,0,17,22.0,21.125,-0.875
gemma-2-2b,75,val,freq,fr,ko,가능한,"Le contraire de ""가능한"" est """,불가능한,0,4,22.0,16.0,-6.0
gemma-2-2b,75,freq,desc,fr,ko,가능한,"Le contraire de ""가능한"" est """,불가능한,0,9,22.0,20.375,-1.625
gemma-2-2b,75,freq,val,fr,ko,가능한,"Le contraire de ""가능한"" est """,불가능한,0,10,22.0,20.25,-1.75
gemma-2-2b,75,freq,freq,fr,ko,가능한,"Le contraire de ""가능한"" est """,불가능한,0,10,22.0,20.375,-1.625
gemma-2-2b,76,desc,desc,fr,ko,사적인,"Le contraire de ""사적인"" est """,공적인,1,1,22.75,22.75,0.0
gemma-2-2b,76,desc,val,fr,ko,사적인,"Le contraire de ""사적인"" est """,공적인,1,1,22.75,20.75,-2.0
gemma-2-2b,76,desc,freq,fr,ko,사적인,"Le contraire de ""사적인"" est """,공적인,1,1,22.75,17.75,-5.0
gemma-2-2b,76,val,desc,fr,ko,사적인,"Le contraire de ""사적인"" est """,공적인,1,3,22.75,23.375,0.625
gemma-2-2b,76,val,val,fr,ko,사적인,"Le contraire de ""사적인"" est """,공적인,1,4,22.75,23.5,0.75
gemma-2-2b,76,val,freq,fr,ko,사적인,"Le contraire de ""사적인"" est """,공적인,1,2,22.75,21.625,-1.125
gemma-2-2b,76,freq,desc,fr,ko,사적인,"Le contraire de ""사적인"" est """,공적인,1,1,22.75,22.875,0.125
gemma-2-2b,76,freq,val,fr,ko,사적인,"Le contraire de ""사적인"" est """,공적인,1,2,22.75,22.75,0.0
gemma-2-2b,76,freq,freq,fr,ko,사적인,"Le contraire de ""사적인"" est """,공적인,1,2,22.75,22.875,0.125
gemma-2-2b,77,desc,desc,fr,ko,올바른,"Le contraire de ""올바른"" est """,틀린,9,9,18.0,18.0,0.0
gemma-2-2b,77,desc,val,fr,ko,올바른,"Le contraire de ""올바른"" est """,틀린,9,23,18.0,15.125,-2.875
gemma-2-2b,77,desc,freq,fr,ko,올바른,"Le contraire de ""올바른"" est """,틀린,9,7,18.0,9.5625,-8.4375
gemma-2-2b,77,val,desc,fr,ko,올바른,"Le contraire de ""올바른"" est """,틀린,9,99,18.0,18.5,0.5
gemma-2-2b,77,val,val,fr,ko,올바른,"Le contraire de ""올바른"" est """,틀린,9,104,18.0,19.125,1.125
gemma-2-2b,77,val,freq,fr,ko,올바른,"Le contraire de ""올바른"" est """,틀린,9,17,18.0,13.9375,-4.0625
gemma-2-2b,77,freq,desc,fr,ko,올바른,"Le contraire de ""올바른"" est """,틀린,9,139,18.0,16.75,-1.25
gemma-2-2b,77,freq,val,fr,ko,올바른,"Le contraire de ""올바른"" est """,틀린,9,111,18.0,17.0,-1.0
gemma-2-2b,77,freq,freq,fr,ko,올바른,"Le contraire de ""올바른"" est """,틀린,9,130,18.0,16.875,-1.125
gemma-2-2b,78,desc,desc,fr,ko,단순한,"Le contraire de ""단순한"" est """,복잡한,1,1,21.875,21.875,0.0
gemma-2-2b,78,desc,val,fr,ko,단순한,"Le contraire de ""단순한"" est """,복잡한,1,1,21.875,20.625,-1.25
gemma-2-2b,78,desc,freq,fr,ko,단순한,"Le contraire de ""단순한"" est """,복잡한,1,1,21.875,17.625,-4.25
gemma-2-2b,78,val,desc,fr,ko,단순한,"Le contraire de ""단순한"" est """,복잡한,1,10,21.875,22.125,0.25
gemma-2-2b,78,val,val,fr,ko,단순한,"Le contraire de ""단순한"" est """,복잡한,1,10,21.875,22.25,0.375
gemma-2-2b,78,val,freq,fr,ko,단순한,"Le contraire de ""단순한"" est """,복잡한,1,0,21.875,20.25,-1.625
gemma-2-2b,78,freq,desc,fr,ko,단순한,"Le contraire de ""단순한"" est """,복잡한,1,7,21.875,21.125,-0.75
gemma-2-2b,78,freq,val,fr,ko,단순한,"Le contraire de ""단순한"" est """,복잡한,1,9,21.875,21.375,-0.5
gemma-2-2b,78,freq,freq,fr,ko,단순한,"Le contraire de ""단순한"" est """,복잡한,1,7,21.875,21.125,-0.75
gemma-2-2b,79,desc,desc,fr,ko,달콤한,"Le contraire de ""달콤한"" est """,쓴,10,13,13.75,13.625,-0.125
gemma-2-2b,79,desc,val,fr,ko,달콤한,"Le contraire de ""달콤한"" est """,쓴,10,66,13.75,10.5625,-3.1875
gemma-2-2b,79,desc,freq,fr,ko,달콤한,"Le contraire de ""달콤한"" est """,쓴,10,31,13.75,2.9375,-10.8125
gemma-2-2b,79,val,desc,fr,ko,달콤한,"Le contraire de ""달콤한"" est """,쓴,10,94,13.75,15.5,1.75
gemma-2-2b,79,val,val,fr,ko,달콤한,"Le contraire de ""달콤한"" est """,쓴,10,106,13.75,16.125,2.375
gemma-2-2b,79,val,freq,fr,ko,달콤한,"Le contraire de ""달콤한"" est """,쓴,10,23,13.75,11.75,-2.0
gemma-2-2b,79,freq,desc,fr,ko,달콤한,"Le contraire de ""달콤한"" est """,쓴,10,140,13.75,14.3125,0.5625
gemma-2-2b,79,freq,val,fr,ko,달콤한,"Le contraire de ""달콤한"" est """,쓴,10,107,13.75,14.75,1.0
gemma-2-2b,79,freq,freq,fr,ko,달콤한,"Le contraire de ""달콤한"" est """,쓴,10,139,13.75,14.3125,0.5625
gemma-2-2b,80,desc,desc,fr,ko,보이는,"Le contraire de ""보이는"" est """,보이지 않는,2,2,19.75,19.75,0.0
gemma-2-2b,80,desc,val,fr,ko,보이는,"Le contraire de ""보이는"" est """,보이지 않는,2,0,19.75,19.5,-0.25
gemma-2-2b,80,desc,freq,fr,ko,보이는,"Le contraire de ""보이는"" est """,보이지 않는,2,4,19.75,11.4375,-8.3125
gemma-2-2b,80,val,desc,fr,ko,보이는,"Le contraire de ""보이는"" est """,보이지 않는,2,23,19.75,20.375,0.625
gemma-2-2b,80,val,val,fr,ko,보이는,"Le contraire de ""보이는"" est """,보이지 않는,2,22,19.75,20.875,1.125
gemma-2-2b,80,val,freq,fr,ko,보이는,"Le contraire de ""보이는"" est """,보이지 않는,2,107,19.75,12.125,-7.625
gemma-2-2b,80,freq,desc,fr,ko,보이는,"Le contraire de ""보이는"" est """,보이지 않는,2,5,19.75,20.25,0.5
gemma-2-2b,80,freq,val,fr,ko,보이는,"Le contraire de ""보이는"" est """,보이지 않는,2,8,19.75,20.25,0.5
gemma-2-2b,80,freq,freq,fr,ko,보이는,"Le contraire de ""보이는"" est """,보이지 않는,2,5,19.75,20.375,0.625
gemma-2-2b,81,desc,desc,fr,ko,따뜻한,"Le contraire de ""따뜻한"" est """,차가운,29,29,14.5,14.5,0.0
gemma-2-2b,81,desc,val,fr,ko,따뜻한,"Le contraire de ""따뜻한"" est """,차가운,29,43,14.5,12.125,-2.375
gemma-2-2b,81,desc,freq,fr,ko,따뜻한,"Le contraire de ""따뜻한"" est """,차가운,29,10,14.5,5.15625,-9.34375
gemma-2-2b,81,val,desc,fr,ko,따뜻한,"Le contraire de ""따뜻한"" est """,차가운,29,544,14.5,13.625,-0.875
gemma-2-2b,81,val,val,fr,ko,따뜻한,"Le contraire de ""따뜻한"" est """,차가운,29,707,14.5,13.625,-0.875
gemma-2-2b,81,val,freq,fr,ko,따뜻한,"Le contraire de ""따뜻한"" est """,차가운,29,51,14.5,10.875,-3.625
gemma-2-2b,81,freq,desc,fr,ko,따뜻한,"Le contraire de ""따뜻한"" est """,차가운,29,86,14.5,15.125,0.625
gemma-2-2b,81,freq,val,fr,ko,따뜻한,"Le contraire de ""따뜻한"" est """,차가운,29,249,14.5,13.625,-0.875
gemma-2-2b,81,freq,freq,fr,ko,따뜻한,"Le contraire de ""따뜻한"" est """,차가운,29,103,14.5,14.9375,0.4375
gemma-2-2b,82,desc,desc,fr,ko,매끄러운,"Le contraire de ""매끄러운"" est """,거친,3,3,20.5,20.5,0.0
gemma-2-2b,82,desc,val,fr,ko,매끄러운,"Le contraire de ""매끄러운"" est """,거친,3,2,20.5,19.75,-0.75
gemma-2-2b,82,desc,freq,fr,ko,매끄러운,"Le contraire de ""매끄러운"" est """,거친,3,0,20.5,17.125,-3.375
gemma-2-2b,82,val,desc,fr,ko,매끄러운,"Le contraire de ""매끄러운"" est """,거친,3,54,20.5,21.375,0.875
gemma-2-2b,82,val,val,fr,ko,매끄러운,"Le contraire de ""매끄러운"" est """,거친,3,54,20.5,21.5,1.0
gemma-2-2b,82,val,freq,fr,ko,매끄러운,"Le contraire de ""매끄러운"" est """,거친,3,21,20.5,19.5,-1.0
gemma-2-2b,82,freq,desc,fr,ko,매끄러운,"Le contraire de ""매끄러운"" est """,거친,3,11,20.5,21.125,0.625
gemma-2-2b,82,freq,val,fr,ko,매끄러운,"Le contraire de ""매끄러운"" est """,거친,3,23,20.5,21.0,0.5
gemma-2-2b,82,freq,freq,fr,ko,매끄러운,"Le contraire de ""매끄러운"" est """,거친,3,10,20.5,21.25,0.75
gemma-2-2b,83,desc,desc,fr,ko,얇은,"Le contraire de ""얇은"" est """,두꺼운,1,0,18.375,18.5,0.125
gemma-2-2b,83,desc,val,fr,ko,얇은,"Le contraire de ""얇은"" est """,두꺼운,1,0,18.375,18.25,-0.125
gemma-2-2b,83,desc,freq,fr,ko,얇은,"Le contraire de ""얇은"" est """,두꺼운,1,1,18.375,13.4375,-4.9375
gemma-2-2b,83,val,desc,fr,ko,얇은,"Le contraire de ""얇은"" est """,두꺼운,1,36,18.375,18.125,-0.25
gemma-2-2b,83,val,val,fr,ko,얇은,"Le contraire de ""얇은"" est """,두꺼운,1,35,18.375,18.25,-0.125
gemma-2-2b,83,val,freq,fr,ko,얇은,"Le contraire de ""얇은"" est """,두꺼운,1,24,18.375,14.6875,-3.6875
gemma-2-2b,83,freq,desc,fr,ko,얇은,"Le contraire de ""얇은"" est """,두꺼운,1,5,18.375,18.25,-0.125
gemma-2-2b,83,freq,val,fr,ko,얇은,"Le contraire de ""얇은"" est """,두꺼운,1,13,18.375,17.75,-0.625
gemma-2-2b,83,freq,freq,fr,ko,얇은,"Le contraire de ""얇은"" est """,두꺼운,1,7,18.375,18.125,-0.25
gemma-2-2b,84,desc,desc,fr,ko,키가 큰,"Le contraire de ""키가 큰"" est """,키가 작은,0,0,22.5,22.75,0.25
gemma-2-2b,84,desc,val,fr,ko,키가 큰,"Le contraire de ""키가 큰"" est """,키가 작은,0,1,22.5,21.0,-1.5
gemma-2-2b,84,desc,freq,fr,ko,키가 큰,"Le contraire de ""키가 큰"" est """,키가 작은,0,1,22.5,17.5,-5.0
gemma-2-2b,84,val,desc,fr,ko,키가 큰,"Le contraire de ""키가 큰"" est """,키가 작은,0,0,22.5,24.5,2.0
gemma-2-2b,84,val,val,fr,ko,키가 큰,"Le contraire de ""키가 큰"" est """,키가 작은,0,0,22.5,24.75,2.25
gemma-2-2b,84,val,freq,fr,ko,키가 큰,"Le contraire de ""키가 큰"" est """,키가 작은,0,0,22.5,22.375,-0.125
gemma-2-2b,84,freq,desc,fr,ko,키가 큰,"Le contraire de ""키가 큰"" est """,키가 작은,0,0,22.5,23.875,1.375
gemma-2-2b,84,freq,val,fr,ko,키가 큰,"Le contraire de ""키가 큰"" est """,키가 작은,0,0,22.5,24.125,1.625
gemma-2-2b,84,freq,freq,fr,ko,키가 큰,"Le contraire de ""키가 큰"" est """,키가 작은,0,0,22.5,24.125,1.625
gemma-2-2b,85,desc,desc,fr,ko,결혼한,"Le contraire de ""결혼한"" est """,미혼의,2,2,19.875,19.875,0.0
gemma-2-2b,85,desc,val,fr,ko,결혼한,"Le contraire de ""결혼한"" est """,미혼의,2,9,19.875,17.0,-2.875
gemma-2-2b,85,desc,freq,fr,ko,결혼한,"Le contraire de ""결혼한"" est """,미혼의,2,6,19.875,11.6875,-8.1875
gemma-2-2b,85,val,desc,fr,ko,결혼한,"Le contraire de ""결혼한"" est """,미혼의,2,75,19.875,19.125,-0.75
gemma-2-2b,85,val,val,fr,ko,결혼한,"Le contraire de ""결혼한"" est """,미혼의,2,89,19.875,19.125,-0.75
gemma-2-2b,85,val,freq,fr,ko,결혼한,"Le contraire de ""결혼한"" est """,미혼의,2,54,19.875,14.125,-5.75
gemma-2-2b,85,freq,desc,fr,ko,결혼한,"Le contraire de ""결혼한"" est """,미혼의,2,15,19.875,19.75,-0.125
gemma-2-2b,85,freq,val,fr,ko,결혼한,"Le contraire de ""결혼한"" est """,미혼의,2,35,19.875,18.75,-1.125
gemma-2-2b,85,freq,freq,fr,ko,결혼한,"Le contraire de ""결혼한"" est """,미혼의,2,17,19.875,19.5,-0.375
gemma-2-2b,86,desc,desc,fr,ko,낙관적인,"Le contraire de ""낙관적인"" est """,비관적인,1,1,20.375,20.375,0.0
gemma-2-2b,86,desc,val,fr,ko,낙관적인,"Le contraire de ""낙관적인"" est """,비관적인,1,1,20.375,17.75,-2.625
gemma-2-2b,86,desc,freq,fr,ko,낙관적인,"Le contraire de ""낙관적인"" est """,비관적인,1,2,20.375,12.625,-7.75
gemma-2-2b,86,val,desc,fr,ko,낙관적인,"Le contraire de ""낙관적인"" est """,비관적인,1,63,20.375,18.625,-1.75
gemma-2-2b,86,val,val,fr,ko,낙관적인,"Le contraire de ""낙관적인"" est """,비관적인,1,63,20.375,18.75,-1.625
gemma-2-2b,86,val,freq,fr,ko,낙관적인,"Le contraire de ""낙관적인"" est """,비관적인,1,19,20.375,15.0,-5.375
gemma-2-2b,86,freq,desc,fr,ko,낙관적인,"Le contraire de ""낙관적인"" est """,비관적인,1,13,20.375,18.5,-1.875
gemma-2-2b,86,freq,val,fr,ko,낙관적인,"Le contraire de ""낙관적인"" est """,비관적인,1,26,20.375,18.0,-2.375
gemma-2-2b,86,freq,freq,fr,ko,낙관적인,"Le contraire de ""낙관적인"" est """,비관적인,1,13,20.375,18.625,-1.75
gemma-2-2b,87,desc,desc,fr,ko,영구적인,"Le contraire de ""영구적인"" est """,일시적인,4,4,22.0,22.0,0.0
gemma-2-2b,87,desc,val,fr,ko,영구적인,"Le contraire de ""영구적인"" est """,일시적인,4,8,22.0,19.125,-2.875
gemma-2-2b,87,desc,freq,fr,ko,영구적인,"Le contraire de ""영구적인"" est """,일시적인,4,10,22.0,14.25,-7.75
gemma-2-2b,87,val,desc,fr,ko,영구적인,"Le contraire de ""영구적인"" est """,일시적인,4,72,22.0,20.75,-1.25
gemma-2-2b,87,val,val,fr,ko,영구적인,"Le contraire de ""영구적인"" est """,일시적인,4,113,22.0,20.25,-1.75
gemma-2-2b,87,val,freq,fr,ko,영구적인,"Le contraire de ""영구적인"" est """,일시적인,4,53,22.0,17.75,-4.25
gemma-2-2b,87,freq,desc,fr,ko,영구적인,"Le contraire de ""영구적인"" est """,일시적인,4,18,22.0,20.875,-1.125
gemma-2-2b,87,freq,val,fr,ko,영구적인,"Le contraire de ""영구적인"" est """,일시적인,4,40,22.0,20.0,-2.0
gemma-2-2b,87,freq,freq,fr,ko,영구적인,"Le contraire de ""영구적인"" est """,일시적인,4,18,22.0,20.875,-1.125
gemma-2-2b,88,desc,desc,fr,ko,현재의,"Le contraire de ""현재의"" est """,과거의,23,21,20.375,20.5,0.125
gemma-2-2b,88,desc,val,fr,ko,현재의,"Le contraire de ""현재의"" est """,과거의,23,46,20.375,16.75,-3.625
gemma-2-2b,88,desc,freq,fr,ko,현재의,"Le contraire de ""현재의"" est """,과거의,23,36,20.375,12.1875,-8.1875
gemma-2-2b,88,val,desc,fr,ko,현재의,"Le contraire de ""현재의"" est """,과거의,23,556,20.375,17.875,-2.5
gemma-2-2b,88,val,val,fr,ko,현재의,"Le contraire de ""현재의"" est """,과거의,23,685,20.375,17.875,-2.5
gemma-2-2b,88,val,freq,fr,ko,현재의,"Le contraire de ""현재의"" est """,과거의,23,129,20.375,16.5,-3.875
gemma-2-2b,88,freq,desc,fr,ko,현재의,"Le contraire de ""현재의"" est """,과거의,23,72,20.375,19.75,-0.625
gemma-2-2b,88,freq,val,fr,ko,현재의,"Le contraire de ""현재의"" est """,과거의,23,190,20.375,18.125,-2.25
gemma-2-2b,88,freq,freq,fr,ko,현재의,"Le contraire de ""현재의"" est """,과거의,23,76,20.375,19.625,-0.75
gemma-2-2b,89,desc,desc,fr,ko,공공의,"Le contraire de ""공공의"" est """,사적인,3,3,18.625,18.75,0.125
gemma-2-2b,89,desc,val,fr,ko,공공의,"Le contraire de ""공공의"" est """,사적인,3,5,18.625,16.75,-1.875
gemma-2-2b,89,desc,freq,fr,ko,공공의,"Le contraire de ""공공의"" est """,사적인,3,10,18.625,10.125,-8.5
gemma-2-2b,89,val,desc,fr,ko,공공의,"Le contraire de ""공공의"" est """,사적인,3,44,18.625,19.625,1.0
gemma-2-2b,89,val,val,fr,ko,공공의,"Le contraire de ""공공의"" est """,사적인,3,50,18.625,19.75,1.125
gemma-2-2b,89,val,freq,fr,ko,공공의,"Le contraire de ""공공의"" est """,사적인,3,64,18.625,13.9375,-4.6875
gemma-2-2b,89,freq,desc,fr,ko,공공의,"Le contraire de ""공공의"" est """,사적인,3,9,18.625,19.5,0.875
gemma-2-2b,89,freq,val,fr,ko,공공의,"Le contraire de ""공공의"" est """,사적인,3,25,18.625,18.75,0.125
gemma-2-2b,89,freq,freq,fr,ko,공공의,"Le contraire de ""공공의"" est """,사적인,3,10,18.625,19.5,0.875
gemma-2-2b,90,desc,desc,fr,ko,실제적인,"Le contraire de ""실제적인"" est """,비현실적인,1,1,21.625,21.625,0.0
gemma-2-2b,90,desc,val,fr,ko,실제적인,"Le contraire de ""실제적인"" est """,비현실적인,1,1,21.625,18.75,-2.875
gemma-2-2b,90,desc,freq,fr,ko,실제적인,"Le contraire de ""실제적인"" est """,비현실적인,1,2,21.625,14.0625,-7.5625
gemma-2-2b,90,val,desc,fr,ko,실제적인,"Le contraire de ""실제적인"" est """,비현실적인,1,47,21.625,20.375,-1.25
gemma-2-2b,90,val,val,fr,ko,실제적인,"Le contraire de ""실제적인"" est """,비현실적인,1,61,21.625,20.5,-1.125
gemma-2-2b,90,val,freq,fr,ko,실제적인,"Le contraire de ""실제적인"" est """,비현실적인,1,11,21.625,17.5,-4.125
gemma-2-2b,90,freq,desc,fr,ko,실제적인,"Le contraire de ""실제적인"" est """,비현실적인,1,6,21.625,20.375,-1.25
gemma-2-2b,90,freq,val,fr,ko,실제적인,"Le contraire de ""실제적인"" est """,비현실적인,1,27,21.625,20.125,-1.5
gemma-2-2b,90,freq,freq,fr,ko,실제적인,"Le contraire de ""실제적인"" est """,비현실적인,1,6,21.625,20.375,-1.25
gemma-2-2b,91,desc,desc,fr,ko,책임 있는,"Le contraire de ""책임 있는"" est """,무책임한,2,2,22.5,22.5,0.0
gemma-2-2b,91,desc,val,fr,ko,책임 있는,"Le contraire de ""책임 있는"" est """,무책임한,2,4,22.5,20.25,-2.25
gemma-2-2b,91,desc,freq,fr,ko,책임 있는,"Le contraire de ""책임 있는"" est """,무책임한,2,3,22.5,17.0,-5.5
gemma-2-2b,91,val,desc,fr,ko,책임 있는,"Le contraire de ""책임 있는"" est """,무책임한,2,5,22.5,23.25,0.75
gemma-2-2b,91,val,val,fr,ko,책임 있는,"Le contraire de ""책임 있는"" est """,무책임한,2,4,22.5,23.375,0.875
gemma-2-2b,91,val,freq,fr,ko,책임 있는,"Le contraire de ""책임 있는"" est """,무책임한,2,0,22.5,20.875,-1.625
gemma-2-2b,91,freq,desc,fr,ko,책임 있는,"Le contraire de ""책임 있는"" est """,무책임한,2,6,22.5,22.125,-0.375
gemma-2-2b,91,freq,val,fr,ko,책임 있는,"Le contraire de ""책임 있는"" est """,무책임한,2,6,22.5,21.875,-0.625
gemma-2-2b,91,freq,freq,fr,ko,책임 있는,"Le contraire de ""책임 있는"" est """,무책임한,2,7,22.5,22.125,-0.375
gemma-2-2b,92,desc,desc,fr,ko,독신의,"Le contraire de ""독신의"" est """,결혼한,53,48,19.875,19.875,0.0
gemma-2-2b,92,desc,val,fr,ko,독신의,"Le contraire de ""독신의"" est """,결혼한,53,67,19.875,17.0,-2.875
gemma-2-2b,92,desc,freq,fr,ko,독신의,"Le contraire de ""독신의"" est """,결혼한,53,155,19.875,12.4375,-7.4375
gemma-2-2b,92,val,desc,fr,ko,독신의,"Le contraire de ""독신의"" est """,결혼한,53,2094,19.875,17.125,-2.75
gemma-2-2b,92,val,val,fr,ko,독신의,"Le contraire de ""독신의"" est """,결혼한,53,2093,19.875,17.375,-2.5
gemma-2-2b,92,val,freq,fr,ko,독신의,"Le contraire de ""독신의"" est """,결혼한,53,3593,19.875,13.625,-6.25
gemma-2-2b,92,freq,desc,fr,ko,독신의,"Le contraire de ""독신의"" est """,결혼한,53,624,19.875,17.875,-2.0
gemma-2-2b,92,freq,val,fr,ko,독신의,"Le contraire de ""독신의"" est """,결혼한,53,687,19.875,17.25,-2.625
gemma-2-2b,92,freq,freq,fr,ko,독신의,"Le contraire de ""독신의"" est """,결혼한,53,624,19.875,17.875,-2.0
gemma-2-2b,93,desc,desc,fr,ko,신,"Le contraire de ""신"" est """,달콤한,648,807,13.375,13.125,-0.25
gemma-2-2b,93,desc,val,fr,ko,신,"Le contraire de ""신"" est """,달콤한,648,2403,13.375,9.1875,-4.1875
gemma-2-2b,93,desc,freq,fr,ko,신,"Le contraire de ""신"" est """,달콤한,648,5774,13.375,3.53125,-9.84375
gemma-2-2b,93,val,desc,fr,ko,신,"Le contraire de ""신"" est """,달콤한,648,45325,13.375,9.625,-3.75
gemma-2-2b,93,val,val,fr,ko,신,"Le contraire de ""신"" est """,달콤한,648,35872,13.375,10.625,-2.75
gemma-2-2b,93,val,freq,fr,ko,신,"Le contraire de ""신"" est """,달콤한,648,48084,13.375,4.5,-8.875
gemma-2-2b,93,freq,desc,fr,ko,신,"Le contraire de ""신"" est """,달콤한,648,33158,13.375,9.875,-3.5
gemma-2-2b,93,freq,val,fr,ko,신,"Le contraire de ""신"" est """,달콤한,648,33756,13.375,8.625,-4.75
gemma-2-2b,93,freq,freq,fr,ko,신,"Le contraire de ""신"" est """,달콤한,648,33720,13.375,9.875,-3.5
gemma-2-2b,94,desc,desc,fr,ko,유용한,"Le contraire de ""유용한"" est """,쓸모없는,7,7,21.25,21.25,0.0
gemma-2-2b,94,desc,val,fr,ko,유용한,"Le contraire de ""유용한"" est """,쓸모없는,7,10,21.25,18.625,-2.625
gemma-2-2b,94,desc,freq,fr,ko,유용한,"Le contraire de ""유용한"" est """,쓸모없는,7,4,21.25,16.25,-5.0
gemma-2-2b,94,val,desc,fr,ko,유용한,"Le contraire de ""유용한"" est """,쓸모없는,7,52,21.25,21.0,-0.25
gemma-2-2b,94,val,val,fr,ko,유용한,"Le contraire de ""유용한"" est """,쓸모없는,7,56,21.25,21.125,-0.125
gemma-2-2b,94,val,freq,fr,ko,유용한,"Le contraire de ""유용한"" est """,쓸모없는,7,3,21.25,20.375,-0.875
gemma-2-2b,94,freq,desc,fr,ko,유용한,"Le contraire de ""유용한"" est """,쓸모없는,7,64,21.25,19.75,-1.5
gemma-2-2b,94,freq,val,fr,ko,유용한,"Le contraire de ""유용한"" est """,쓸모없는,7,82,21.25,19.125,-2.125
gemma-2-2b,94,freq,freq,fr,ko,유용한,"Le contraire de ""유용한"" est """,쓸모없는,7,65,21.25,19.75,-1.5
gemma-2-2b,95,desc,desc,fr,ko,수직의,"Le contraire de ""수직의"" est """,수평의,0,0,23.5,23.5,0.0
gemma-2-2b,95,desc,val,fr,ko,수직의,"Le contraire de ""수직의"" est """,수평의,0,0,23.5,21.5,-2.0
gemma-2-2b,95,desc,freq,fr,ko,수직의,"Le contraire de ""수직의"" est """,수평의,0,1,23.5,15.375,-8.125
gemma-2-2b,95,val,desc,fr,ko,수직의,"Le contraire de ""수직의"" est """,수평의,0,3,23.5,23.5,0.0
gemma-2-2b,95,val,val,fr,ko,수직의,"Le contraire de ""수직의"" est """,수평의,0,4,23.5,23.5,0.0
gemma-2-2b,95,val,freq,fr,ko,수직의,"Le contraire de ""수직의"" est """,수평의,0,0,23.5,19.875,-3.625
gemma-2-2b,95,freq,desc,fr,ko,수직의,"Le contraire de ""수직의"" est """,수평의,0,0,23.5,23.125,-0.375
gemma-2-2b,95,freq,val,fr,ko,수직의,"Le contraire de ""수직의"" est """,수평의,0,1,23.5,22.875,-0.625
gemma-2-2b,95,freq,freq,fr,ko,수직의,"Le contraire de ""수직의"" est """,수평의,0,0,23.5,23.25,-0.25
gemma-2-2b,96,desc,desc,fr,ko,잘,"Le contraire de ""잘"" est """,못,1,1,17.75,17.75,0.0
gemma-2-2b,96,desc,val,fr,ko,잘,"Le contraire de ""잘"" est """,못,1,1,17.75,17.0,-0.75
gemma-2-2b,96,desc,freq,fr,ko,잘,"Le contraire de ""잘"" est """,못,1,1,17.75,9.875,-7.875
gemma-2-2b,96,val,desc,fr,ko,잘,"Le contraire de ""잘"" est """,못,1,3,17.75,20.625,2.875
gemma-2-2b,96,val,val,fr,ko,잘,"Le contraire de ""잘"" est """,못,1,3,17.75,21.0,3.25
gemma-2-2b,96,val,freq,fr,ko,잘,"Le contraire de ""잘"" est """,못,1,1,17.75,14.75,-3.0
gemma-2-2b,96,freq,desc,fr,ko,잘,"Le contraire de ""잘"" est """,못,1,7,17.75,18.875,1.125
gemma-2-2b,96,freq,val,fr,ko,잘,"Le contraire de ""잘"" est """,못,1,6,17.75,18.875,1.125
gemma-2-2b,96,freq,freq,fr,ko,잘,"Le contraire de ""잘"" est """,못,1,7,17.75,18.875,1.125
gemma-2-2b,97,desc,desc,fr,ko,승리하는,"Le contraire de ""승리하는"" est """,패배하는,0,0,20.125,20.125,0.0
gemma-2-2b,97,desc,val,fr,ko,승리하는,"Le contraire de ""승리하는"" est """,패배하는,0,0,20.125,18.125,-2.0
gemma-2-2b,97,desc,freq,fr,ko,승리하는,"Le contraire de ""승리하는"" est """,패배하는,0,1,20.125,13.75,-6.375
gemma-2-2b,97,val,desc,fr,ko,승리하는,"Le contraire de ""승리하는"" est """,패배하는,0,7,20.125,21.375,1.25
gemma-2-2b,97,val,val,fr,ko,승리하는,"Le contraire de ""승리하는"" est """,패배하는,0,8,20.125,21.625,1.5
gemma-2-2b,97,val,freq,fr,ko,승리하는,"Le contraire de ""승리하는"" est """,패배하는,0,0,20.125,19.75,-0.375
gemma-2-2b,97,freq,desc,fr,ko,승리하는,"Le contraire de ""승리하는"" est """,패배하는,0,9,20.125,19.5,-0.625
gemma-2-2b,97,freq,val,fr,ko,승리하는,"Le contraire de ""승리하는"" est """,패배하는,0,8,20.125,19.625,-0.5
gemma-2-2b,97,freq,freq,fr,ko,승리하는,"Le contraire de ""승리하는"" est """,패배하는,0,7,20.125,19.75,-0.375
gemma-2-2b,98,desc,desc,fr,ko,불친절한,"Le contraire de ""불친절한"" est """,친절한,0,0,24.375,24.5,0.125
gemma-2-2b,98,desc,val,fr,ko,불친절한,"Le contraire de ""불친절한"" est """,친절한,0,0,24.375,22.875,-1.5
gemma-2-2b,98,desc,freq,fr,ko,불친절한,"Le contraire de ""불친절한"" est """,친절한,0,0,24.375,19.5,-4.875
gemma-2-2b,98,val,desc,fr,ko,불친절한,"Le contraire de ""불친절한"" est """,친절한,0,1,24.375,24.375,0.0
gemma-2-2b,98,val,val,fr,ko,불친절한,"Le contraire de ""불친절한"" est """,친절한,0,2,24.375,24.5,0.125
gemma-2-2b,98,val,freq,fr,ko,불친절한,"Le contraire de ""불친절한"" est """,친절한,0,0,24.375,22.875,-1.5
gemma-2-2b,98,freq,desc,fr,ko,불친절한,"Le contraire de ""불친절한"" est """,친절한,0,0,24.375,23.875,-0.5
gemma-2-2b,98,freq,val,fr,ko,불친절한,"Le contraire de ""불친절한"" est """,친절한,0,0,24.375,24.125,-0.25
gemma-2-2b,98,freq,freq,fr,ko,불친절한,"Le contraire de ""불친절한"" est """,친절한,0,0,24.375,24.0,-0.375
gemma-2-2b,99,desc,desc,fr,ko,겁많은,"Le contraire de ""겁많은"" est """,용감한,149,149,17.75,17.75,0.0
gemma-2-2b,99,desc,val,fr,ko,겁많은,"Le contraire de ""겁많은"" est """,용감한,149,279,17.75,14.4375,-3.3125
gemma-2-2b,99,desc,freq,fr,ko,겁많은,"Le contraire de ""겁많은"" est """,용감한,149,56,17.75,13.4375,-4.3125
gemma-2-2b,99,val,desc,fr,ko,겁많은,"Le contraire de ""겁많은"" est """,용감한,149,2805,17.75,15.6875,-2.0625
gemma-2-2b,99,val,val,fr,ko,겁많은,"Le contraire de ""겁많은"" est """,용감한,149,3005,17.75,15.6875,-2.0625
gemma-2-2b,99,val,freq,fr,ko,겁많은,"Le contraire de ""겁많은"" est """,용감한,149,465,17.75,15.9375,-1.8125
gemma-2-2b,99,freq,desc,fr,ko,겁많은,"Le contraire de ""겁많은"" est """,용감한,149,561,17.75,16.875,-0.875
gemma-2-2b,99,freq,val,fr,ko,겁많은,"Le contraire de ""겁많은"" est """,용감한,149,1135,17.75,15.375,-2.375
gemma-2-2b,99,freq,freq,fr,ko,겁많은,"Le contraire de ""겁많은"" est """,용감한,149,639,17.75,16.75,-1.0
gemma-2-2b,0,desc,desc,fr,zh,好,"Le contraire de ""好"" est """,坏,0,2,19.25,19.5,0.25
gemma-2-2b,0,desc,val,fr,zh,好,"Le contraire de ""好"" est """,坏,0,3,19.25,19.75,0.5
gemma-2-2b,0,desc,freq,fr,zh,好,"Le contraire de ""好"" est """,坏,0,1,19.25,17.375,-1.875
gemma-2-2b,0,val,desc,fr,zh,好,"Le contraire de ""好"" est """,坏,0,18,19.25,18.75,-0.5
gemma-2-2b,0,val,val,fr,zh,好,"Le contraire de ""好"" est """,坏,0,15,19.25,20.0,0.75
gemma-2-2b,0,val,freq,fr,zh,好,"Le contraire de ""好"" est """,坏,0,32,19.25,15.9375,-3.3125
gemma-2-2b,0,freq,desc,fr,zh,好,"Le contraire de ""好"" est """,坏,0,1,19.25,20.375,1.125
gemma-2-2b,0,freq,val,fr,zh,好,"Le contraire de ""好"" est """,坏,0,2,19.25,19.875,0.625
gemma-2-2b,0,freq,freq,fr,zh,好,"Le contraire de ""好"" est """,坏,0,1,19.25,20.375,1.125
gemma-2-2b,1,desc,desc,fr,zh,开心,"Le contraire de ""开心"" est """,不高兴,0,1,17.875,20.75,2.875
gemma-2-2b,1,desc,val,fr,zh,开心,"Le contraire de ""开心"" est """,不高兴,0,2,17.875,21.25,3.375
gemma-2-2b,1,desc,freq,fr,zh,开心,"Le contraire de ""开心"" est """,不高兴,0,0,17.875,18.75,0.875
gemma-2-2b,1,val,desc,fr,zh,开心,"Le contraire de ""开心"" est """,不高兴,0,3,17.875,22.625,4.75
gemma-2-2b,1,val,val,fr,zh,开心,"Le contraire de ""开心"" est """,不高兴,0,3,17.875,22.75,4.875
gemma-2-2b,1,val,freq,fr,zh,开心,"Le contraire de ""开心"" est """,不高兴,0,1,17.875,20.25,2.375
gemma-2-2b,1,freq,desc,fr,zh,开心,"Le contraire de ""开心"" est """,不高兴,0,2,17.875,21.375,3.5
gemma-2-2b,1,freq,val,fr,zh,开心,"Le contraire de ""开心"" est """,不高兴,0,2,17.875,21.125,3.25
gemma-2-2b,1,freq,freq,fr,zh,开心,"Le contraire de ""开心"" est """,不高兴,0,2,17.875,21.125,3.25
gemma-2-2b,2,desc,desc,fr,zh,大,"Le contraire de ""大"" est """,小,0,0,21.125,22.25,1.125
gemma-2-2b,2,desc,val,fr,zh,大,"Le contraire de ""大"" est """,小,0,0,21.125,22.75,1.625
gemma-2-2b,2,desc,freq,fr,zh,大,"Le contraire de ""大"" est """,小,0,0,21.125,20.0,-1.125
gemma-2-2b,2,val,desc,fr,zh,大,"Le contraire de ""大"" est """,小,0,0,21.125,25.0,3.875
gemma-2-2b,2,val,val,fr,zh,大,"Le contraire de ""大"" est """,小,0,0,21.125,24.25,3.125
gemma-2-2b,2,val,freq,fr,zh,大,"Le contraire de ""大"" est """,小,0,0,21.125,22.125,1.0
gemma-2-2b,2,freq,desc,fr,zh,大,"Le contraire de ""大"" est """,小,0,0,21.125,21.75,0.625
gemma-2-2b,2,freq,val,fr,zh,大,"Le contraire de ""大"" est """,小,0,0,21.125,21.625,0.5
gemma-2-2b,2,freq,freq,fr,zh,大,"Le contraire de ""大"" est """,小,0,0,21.125,21.25,0.125
gemma-2-2b,3,desc,desc,fr,zh,热,"Le contraire de ""热"" est """,冷,0,1,19.75,21.375,1.625
gemma-2-2b,3,desc,val,fr,zh,热,"Le contraire de ""热"" est """,冷,0,1,19.75,21.5,1.75
gemma-2-2b,3,desc,freq,fr,zh,热,"Le contraire de ""热"" est """,冷,0,0,19.75,19.125,-0.625
gemma-2-2b,3,val,desc,fr,zh,热,"Le contraire de ""热"" est """,冷,0,0,19.75,22.875,3.125
gemma-2-2b,3,val,val,fr,zh,热,"Le contraire de ""热"" est """,冷,0,5,19.75,22.125,2.375
gemma-2-2b,3,val,freq,fr,zh,热,"Le contraire de ""热"" est """,冷,0,0,19.75,20.125,0.375
gemma-2-2b,3,freq,desc,fr,zh,热,"Le contraire de ""热"" est """,冷,0,1,19.75,21.5,1.75
gemma-2-2b,3,freq,val,fr,zh,热,"Le contraire de ""热"" est """,冷,0,1,19.75,20.5,0.75
gemma-2-2b,3,freq,freq,fr,zh,热,"Le contraire de ""热"" est """,冷,0,1,19.75,21.75,2.0
gemma-2-2b,4,desc,desc,fr,zh,快,"Le contraire de ""快"" est """,慢,0,1,21.25,21.875,0.625
gemma-2-2b,4,desc,val,fr,zh,快,"Le contraire de ""快"" est """,慢,0,1,21.25,22.375,1.125
gemma-2-2b,4,desc,freq,fr,zh,快,"Le contraire de ""快"" est """,慢,0,0,21.25,21.25,0.0
gemma-2-2b,4,val,desc,fr,zh,快,"Le contraire de ""快"" est """,慢,0,1,21.25,23.875,2.625
gemma-2-2b,4,val,val,fr,zh,快,"Le contraire de ""快"" est """,慢,0,6,21.25,22.5,1.25
gemma-2-2b,4,val,freq,fr,zh,快,"Le contraire de ""快"" est """,慢,0,1,21.25,22.875,1.625
gemma-2-2b,4,freq,desc,fr,zh,快,"Le contraire de ""快"" est """,慢,0,1,21.25,21.5,0.25
gemma-2-2b,4,freq,val,fr,zh,快,"Le contraire de ""快"" est """,慢,0,1,21.25,21.25,0.0
gemma-2-2b,4,freq,freq,fr,zh,快,"Le contraire de ""快"" est """,慢,0,1,21.25,21.5,0.25
gemma-2-2b,5,desc,desc,fr,zh,轻,"Le contraire de ""轻"" est """,重,0,0,21.0,23.875,2.875
gemma-2-2b,5,desc,val,fr,zh,轻,"Le contraire de ""轻"" est """,重,0,0,21.0,23.75,2.75
gemma-2-2b,5,desc,freq,fr,zh,轻,"Le contraire de ""轻"" est """,重,0,0,21.0,20.125,-0.875
gemma-2-2b,5,val,desc,fr,zh,轻,"Le contraire de ""轻"" est """,重,0,0,21.0,25.5,4.5
gemma-2-2b,5,val,val,fr,zh,轻,"Le contraire de ""轻"" est """,重,0,0,21.0,25.25,4.25
gemma-2-2b,5,val,freq,fr,zh,轻,"Le contraire de ""轻"" est """,重,0,0,21.0,22.0,1.0
gemma-2-2b,5,freq,desc,fr,zh,轻,"Le contraire de ""轻"" est """,重,0,0,21.0,23.5,2.5
gemma-2-2b,5,freq,val,fr,zh,轻,"Le contraire de ""轻"" est """,重,0,0,21.0,23.25,2.25
gemma-2-2b,5,freq,freq,fr,zh,轻,"Le contraire de ""轻"" est """,重,0,0,21.0,23.625,2.625
gemma-2-2b,6,desc,desc,fr,zh,容易,"Le contraire de ""容易"" est """,难,3,7,20.375,20.25,-0.125
gemma-2-2b,6,desc,val,fr,zh,容易,"Le contraire de ""容易"" est """,难,3,6,20.375,21.25,0.875
gemma-2-2b,6,desc,freq,fr,zh,容易,"Le contraire de ""容易"" est """,难,3,2,20.375,18.875,-1.5
gemma-2-2b,6,val,desc,fr,zh,容易,"Le contraire de ""容易"" est """,难,3,17,20.375,22.25,1.875
gemma-2-2b,6,val,val,fr,zh,容易,"Le contraire de ""容易"" est """,难,3,14,20.375,21.625,1.25
gemma-2-2b,6,val,freq,fr,zh,容易,"Le contraire de ""容易"" est """,难,3,9,20.375,20.5,0.125
gemma-2-2b,6,freq,desc,fr,zh,容易,"Le contraire de ""容易"" est """,难,3,5,20.375,20.375,0.0
gemma-2-2b,6,freq,val,fr,zh,容易,"Le contraire de ""容易"" est """,难,3,5,20.375,20.375,0.0
gemma-2-2b,6,freq,freq,fr,zh,容易,"Le contraire de ""容易"" est """,难,3,7,20.375,20.0,-0.375
gemma-2-2b,7,desc,desc,fr,zh,新,"Le contraire de ""新"" est """,旧,1,1,20.0,20.75,0.75
gemma-2-2b,7,desc,val,fr,zh,新,"Le contraire de ""新"" est """,旧,1,1,20.0,21.375,1.375
gemma-2-2b,7,desc,freq,fr,zh,新,"Le contraire de ""新"" est """,旧,1,0,20.0,20.0,0.0
gemma-2-2b,7,val,desc,fr,zh,新,"Le contraire de ""新"" est """,旧,1,2,20.0,22.5,2.5
gemma-2-2b,7,val,val,fr,zh,新,"Le contraire de ""新"" est """,旧,1,2,20.0,22.75,2.75
gemma-2-2b,7,val,freq,fr,zh,新,"Le contraire de ""新"" est """,旧,1,0,20.0,21.375,1.375
gemma-2-2b,7,freq,desc,fr,zh,新,"Le contraire de ""新"" est """,旧,1,1,20.0,20.125,0.125
gemma-2-2b,7,freq,val,fr,zh,新,"Le contraire de ""新"" est """,旧,1,0,20.0,20.5,0.5
gemma-2-2b,7,freq,freq,fr,zh,新,"Le contraire de ""新"" est """,旧,1,1,20.0,20.0,0.0
gemma-2-2b,8,desc,desc,fr,zh,真,"Le contraire de ""真"" est """,假,1,1,18.25,19.25,1.0
gemma-2-2b,8,desc,val,fr,zh,真,"Le contraire de ""真"" est """,假,1,0,18.25,20.25,2.0
gemma-2-2b,8,desc,freq,fr,zh,真,"Le contraire de ""真"" est """,假,1,0,18.25,20.125,1.875
gemma-2-2b,8,val,desc,fr,zh,真,"Le contraire de ""真"" est """,假,1,0,18.25,22.75,4.5
gemma-2-2b,8,val,val,fr,zh,真,"Le contraire de ""真"" est """,假,1,5,18.25,20.5,2.25
gemma-2-2b,8,val,freq,fr,zh,真,"Le contraire de ""真"" est """,假,1,0,18.25,21.75,3.5
gemma-2-2b,8,freq,desc,fr,zh,真,"Le contraire de ""真"" est """,假,1,1,18.25,18.25,0.0
gemma-2-2b,8,freq,val,fr,zh,真,"Le contraire de ""真"" est """,假,1,1,18.25,17.75,-0.5
gemma-2-2b,8,freq,freq,fr,zh,真,"Le contraire de ""真"" est """,假,1,1,18.25,18.125,-0.125
gemma-2-2b,9,desc,desc,fr,zh,活,"Le contraire de ""活"" est """,死,0,0,19.75,21.5,1.75
gemma-2-2b,9,desc,val,fr,zh,活,"Le contraire de ""活"" est """,死,0,0,19.75,21.625,1.875
gemma-2-2b,9,desc,freq,fr,zh,活,"Le contraire de ""活"" est """,死,0,0,19.75,19.5,-0.25
gemma-2-2b,9,val,desc,fr,zh,活,"Le contraire de ""活"" est """,死,0,0,19.75,23.875,4.125
gemma-2-2b,9,val,val,fr,zh,活,"Le contraire de ""活"" est """,死,0,0,19.75,23.375,3.625
gemma-2-2b,9,val,freq,fr,zh,活,"Le contraire de ""活"" est """,死,0,0,19.75,21.25,1.5
gemma-2-2b,9,freq,desc,fr,zh,活,"Le contraire de ""活"" est """,死,0,0,19.75,20.0,0.25
gemma-2-2b,9,freq,val,fr,zh,活,"Le contraire de ""活"" est """,死,0,0,19.75,20.25,0.5
gemma-2-2b,9,freq,freq,fr,zh,活,"Le contraire de ""活"" est """,死,0,0,19.75,20.25,0.5
gemma-2-2b,10,desc,desc,fr,zh,满,"Le contraire de ""满"" est """,空,0,0,20.75,22.875,2.125
gemma-2-2b,10,desc,val,fr,zh,满,"Le contraire de ""满"" est """,空,0,1,20.75,22.625,1.875
gemma-2-2b,10,desc,freq,fr,zh,满,"Le contraire de ""满"" est """,空,0,0,20.75,20.375,-0.375
gemma-2-2b,10,val,desc,fr,zh,满,"Le contraire de ""满"" est """,空,0,1,20.75,24.375,3.625
gemma-2-2b,10,val,val,fr,zh,满,"Le contraire de ""满"" est """,空,0,4,20.75,23.875,3.125
gemma-2-2b,10,val,freq,fr,zh,满,"Le contraire de ""满"" est """,空,0,0,20.75,22.5,1.75
gemma-2-2b,10,freq,desc,fr,zh,满,"Le contraire de ""满"" est """,空,0,2,20.75,22.75,2.0
gemma-2-2b,10,freq,val,fr,zh,满,"Le contraire de ""满"" est """,空,0,2,20.75,22.125,1.375
gemma-2-2b,10,freq,freq,fr,zh,满,"Le contraire de ""满"" est """,空,0,2,20.75,22.875,2.125
gemma-2-2b,11,desc,desc,fr,zh,亮,"Le contraire de ""亮"" est """,暗,0,0,20.25,22.25,2.0
gemma-2-2b,11,desc,val,fr,zh,亮,"Le contraire de ""亮"" est """,暗,0,0,20.25,23.0,2.75
gemma-2-2b,11,desc,freq,fr,zh,亮,"Le contraire de ""亮"" est """,暗,0,0,20.25,18.625,-1.625
gemma-2-2b,11,val,desc,fr,zh,亮,"Le contraire de ""亮"" est """,暗,0,1,20.25,24.5,4.25
gemma-2-2b,11,val,val,fr,zh,亮,"Le contraire de ""亮"" est """,暗,0,1,20.25,24.375,4.125
gemma-2-2b,11,val,freq,fr,zh,亮,"Le contraire de ""亮"" est """,暗,0,1,20.25,19.75,-0.5
gemma-2-2b,11,freq,desc,fr,zh,亮,"Le contraire de ""亮"" est """,暗,0,0,20.25,21.625,1.375
gemma-2-2b,11,freq,val,fr,zh,亮,"Le contraire de ""亮"" est """,暗,0,1,20.25,22.25,2.0
gemma-2-2b,11,freq,freq,fr,zh,亮,"Le contraire de ""亮"" est """,暗,0,0,20.25,21.625,1.375
gemma-2-2b,12,desc,desc,fr,zh,强,"Le contraire de ""强"" est """,弱,0,1,20.875,23.5,2.625
gemma-2-2b,12,desc,val,fr,zh,强,"Le contraire de ""强"" est """,弱,0,1,20.875,23.5,2.625
gemma-2-2b,12,desc,freq,fr,zh,强,"Le contraire de ""强"" est """,弱,0,0,20.875,20.75,-0.125
gemma-2-2b,12,val,desc,fr,zh,强,"Le contraire de ""强"" est """,弱,0,0,20.875,25.5,4.625
gemma-2-2b,12,val,val,fr,zh,强,"Le contraire de ""强"" est """,弱,0,1,20.875,25.125,4.25
gemma-2-2b,12,val,freq,fr,zh,强,"Le contraire de ""强"" est """,弱,0,0,20.875,23.0,2.125
gemma-2-2b,12,freq,desc,fr,zh,强,"Le contraire de ""强"" est """,弱,0,1,20.875,23.0,2.125
gemma-2-2b,12,freq,val,fr,zh,强,"Le contraire de ""强"" est """,弱,0,1,20.875,22.875,2.0
gemma-2-2b,12,freq,freq,fr,zh,强,"Le contraire de ""强"" est """,弱,0,1,20.875,23.125,2.25
gemma-2-2b,13,desc,desc,fr,zh,干净,"Le contraire de ""干净"" est """,脏,0,7,18.625,20.0,1.375
gemma-2-2b,13,desc,val,fr,zh,干净,"Le contraire de ""干净"" est """,脏,0,7,18.625,20.125,1.5
gemma-2-2b,13,desc,freq,fr,zh,干净,"Le contraire de ""干净"" est """,脏,0,3,18.625,17.875,-0.75
gemma-2-2b,13,val,desc,fr,zh,干净,"Le contraire de ""干净"" est """,脏,0,13,18.625,20.875,2.25
gemma-2-2b,13,val,val,fr,zh,干净,"Le contraire de ""干净"" est """,脏,0,28,18.625,20.5,1.875
gemma-2-2b,13,val,freq,fr,zh,干净,"Le contraire de ""干净"" est """,脏,0,8,18.625,18.875,0.25
gemma-2-2b,13,freq,desc,fr,zh,干净,"Le contraire de ""干净"" est """,脏,0,7,18.625,19.75,1.125
gemma-2-2b,13,freq,val,fr,zh,干净,"Le contraire de ""干净"" est """,脏,0,9,18.625,18.875,0.25
gemma-2-2b,13,freq,freq,fr,zh,干净,"Le contraire de ""干净"" est """,脏,0,8,18.625,19.75,1.125
gemma-2-2b,14,desc,desc,fr,zh,开,"Le contraire de ""开"" est """,关,0,1,19.75,21.75,2.0
gemma-2-2b,14,desc,val,fr,zh,开,"Le contraire de ""开"" est """,关,0,1,19.75,22.25,2.5
gemma-2-2b,14,desc,freq,fr,zh,开,"Le contraire de ""开"" est """,关,0,1,19.75,17.75,-2.0
gemma-2-2b,14,val,desc,fr,zh,开,"Le contraire de ""开"" est """,关,0,1,19.75,23.125,3.375
gemma-2-2b,14,val,val,fr,zh,开,"Le contraire de ""开"" est """,关,0,8,19.75,21.875,2.125
gemma-2-2b,14,val,freq,fr,zh,开,"Le contraire de ""开"" est """,关,0,4,19.75,18.0,-1.75
gemma-2-2b,14,freq,desc,fr,zh,开,"Le contraire de ""开"" est """,关,0,1,19.75,21.5,1.75
gemma-2-2b,14,freq,val,fr,zh,开,"Le contraire de ""开"" est """,关,0,1,19.75,21.5,1.75
gemma-2-2b,14,freq,freq,fr,zh,开,"Le contraire de ""开"" est """,关,0,1,19.75,22.0,2.25
gemma-2-2b,15,desc,desc,fr,zh,富裕,"Le contraire de ""富裕"" est """,贫穷,4,7,19.125,19.375,0.25
gemma-2-2b,15,desc,val,fr,zh,富裕,"Le contraire de ""富裕"" est """,贫穷,4,4,19.125,19.875,0.75
gemma-2-2b,15,desc,freq,fr,zh,富裕,"Le contraire de ""富裕"" est """,贫穷,4,0,19.125,19.125,0.0
gemma-2-2b,15,val,desc,fr,zh,富裕,"Le contraire de ""富裕"" est """,贫穷,4,38,19.125,18.875,-0.25
gemma-2-2b,15,val,val,fr,zh,富裕,"Le contraire de ""富裕"" est """,贫穷,4,53,19.125,19.125,0.0
gemma-2-2b,15,val,freq,fr,zh,富裕,"Le contraire de ""富裕"" est """,贫穷,4,10,19.125,18.25,-0.875
gemma-2-2b,15,freq,desc,fr,zh,富裕,"Le contraire de ""富裕"" est """,贫穷,4,6,19.125,18.875,-0.25
gemma-2-2b,15,freq,val,fr,zh,富裕,"Le contraire de ""富裕"" est """,贫穷,4,7,19.125,18.375,-0.75
gemma-2-2b,15,freq,freq,fr,zh,富裕,"Le contraire de ""富裕"" est """,贫穷,4,7,19.125,18.875,-0.25
gemma-2-2b,16,desc,desc,fr,zh,美,"Le contraire de ""美"" est """,丑,1,2,20.125,20.875,0.75
gemma-2-2b,16,desc,val,fr,zh,美,"Le contraire de ""美"" est """,丑,1,2,20.125,22.125,2.0
gemma-2-2b,16,desc,freq,fr,zh,美,"Le contraire de ""美"" est """,丑,1,2,20.125,19.875,-0.25
gemma-2-2b,16,val,desc,fr,zh,美,"Le contraire de ""美"" est """,丑,1,7,20.125,24.0,3.875
gemma-2-2b,16,val,val,fr,zh,美,"Le contraire de ""美"" est """,丑,1,7,20.125,23.5,3.375
gemma-2-2b,16,val,freq,fr,zh,美,"Le contraire de ""美"" est """,丑,1,8,20.125,20.625,0.5
gemma-2-2b,16,freq,desc,fr,zh,美,"Le contraire de ""美"" est """,丑,1,1,20.125,20.25,0.125
gemma-2-2b,16,freq,val,fr,zh,美,"Le contraire de ""美"" est """,丑,1,2,20.125,20.375,0.25
gemma-2-2b,16,freq,freq,fr,zh,美,"Le contraire de ""美"" est """,丑,1,1,20.125,20.375,0.25
gemma-2-2b,17,desc,desc,fr,zh,长,"Le contraire de ""长"" est """,短,0,1,21.375,23.5,2.125
gemma-2-2b,17,desc,val,fr,zh,长,"Le contraire de ""长"" est """,短,0,0,21.375,23.375,2.0
gemma-2-2b,17,desc,freq,fr,zh,长,"Le contraire de ""长"" est """,短,0,0,21.375,21.0,-0.375
gemma-2-2b,17,val,desc,fr,zh,长,"Le contraire de ""长"" est """,短,0,0,21.375,25.125,3.75
gemma-2-2b,17,val,val,fr,zh,长,"Le contraire de ""长"" est """,短,0,1,21.375,24.25,2.875
gemma-2-2b,17,val,freq,fr,zh,长,"Le contraire de ""长"" est """,短,0,0,21.375,22.625,1.25
gemma-2-2b,17,freq,desc,fr,zh,长,"Le contraire de ""长"" est """,短,0,1,21.375,23.125,1.75
gemma-2-2b,17,freq,val,fr,zh,长,"Le contraire de ""长"" est """,短,0,1,21.375,22.5,1.125
gemma-2-2b,17,freq,freq,fr,zh,长,"Le contraire de ""长"" est """,短,0,1,21.375,23.125,1.75
gemma-2-2b,18,desc,desc,fr,zh,宽,"Le contraire de ""宽"" est """,窄,0,1,20.125,21.875,1.75
gemma-2-2b,18,desc,val,fr,zh,宽,"Le contraire de ""宽"" est """,窄,0,1,20.125,22.0,1.875
gemma-2-2b,18,desc,freq,fr,zh,宽,"Le contraire de ""宽"" est """,窄,0,2,20.125,16.75,-3.375
gemma-2-2b,18,val,desc,fr,zh,宽,"Le contraire de ""宽"" est """,窄,0,4,20.125,24.125,4.0
gemma-2-2b,18,val,val,fr,zh,宽,"Le contraire de ""宽"" est """,窄,0,5,20.125,23.5,3.375
gemma-2-2b,18,val,freq,fr,zh,宽,"Le contraire de ""宽"" est """,窄,0,9,20.125,18.125,-2.0
gemma-2-2b,18,freq,desc,fr,zh,宽,"Le contraire de ""宽"" est """,窄,0,1,20.125,22.25,2.125
gemma-2-2b,18,freq,val,fr,zh,宽,"Le contraire de ""宽"" est """,窄,0,3,20.125,21.5,1.375
gemma-2-2b,18,freq,freq,fr,zh,宽,"Le contraire de ""宽"" est """,窄,0,1,20.125,22.375,2.25
gemma-2-2b,19,desc,desc,fr,zh,硬,"Le contraire de ""硬"" est """,软,6,14,15.9375,17.0,1.0625
gemma-2-2b,19,desc,val,fr,zh,硬,"Le contraire de ""硬"" est """,软,6,7,15.9375,18.125,2.1875
gemma-2-2b,19,desc,freq,fr,zh,硬,"Le contraire de ""硬"" est """,软,6,3,15.9375,18.25,2.3125
gemma-2-2b,19,val,desc,fr,zh,硬,"Le contraire de ""硬"" est """,软,6,38,15.9375,18.0,2.0625
gemma-2-2b,19,val,val,fr,zh,硬,"Le contraire de ""硬"" est """,软,6,51,15.9375,17.875,1.9375
gemma-2-2b,19,val,freq,fr,zh,硬,"Le contraire de ""硬"" est """,软,6,7,15.9375,18.0,2.0625
gemma-2-2b,19,freq,desc,fr,zh,硬,"Le contraire de ""硬"" est """,软,6,11,15.9375,16.5,0.5625
gemma-2-2b,19,freq,val,fr,zh,硬,"Le contraire de ""硬"" est """,软,6,16,15.9375,15.8125,-0.125
gemma-2-2b,19,freq,freq,fr,zh,硬,"Le contraire de ""硬"" est """,软,6,9,15.9375,16.25,0.3125
gemma-2-2b,20,desc,desc,fr,zh,干,"Le contraire de ""干"" est """,湿,0,1,20.625,22.0,1.375
gemma-2-2b,20,desc,val,fr,zh,干,"Le contraire de ""干"" est """,湿,0,3,20.625,22.25,1.625
gemma-2-2b,20,desc,freq,fr,zh,干,"Le contraire de ""干"" est """,湿,0,1,20.625,19.125,-1.5
gemma-2-2b,20,val,desc,fr,zh,干,"Le contraire de ""干"" est """,湿,0,7,20.625,23.125,2.5
gemma-2-2b,20,val,val,fr,zh,干,"Le contraire de ""干"" est """,湿,0,7,20.625,23.25,2.625
gemma-2-2b,20,val,freq,fr,zh,干,"Le contraire de ""干"" est """,湿,0,13,20.625,18.125,-2.5
gemma-2-2b,20,freq,desc,fr,zh,干,"Le contraire de ""干"" est """,湿,0,1,20.625,21.125,0.5
gemma-2-2b,20,freq,val,fr,zh,干,"Le contraire de ""干"" est """,湿,0,1,20.625,21.0,0.375
gemma-2-2b,20,freq,freq,fr,zh,干,"Le contraire de ""干"" est """,湿,0,1,20.625,21.25,0.625
gemma-2-2b,21,desc,desc,fr,zh,大声,"Le contraire de ""大声"" est """,小声,1,1,18.875,19.5,0.625
gemma-2-2b,21,desc,val,fr,zh,大声,"Le contraire de ""大声"" est """,小声,1,0,18.875,20.25,1.375
gemma-2-2b,21,desc,freq,fr,zh,大声,"Le contraire de ""大声"" est """,小声,1,2,18.875,18.125,-0.75
gemma-2-2b,21,val,desc,fr,zh,大声,"Le contraire de ""大声"" est """,小声,1,14,18.875,20.75,1.875
gemma-2-2b,21,val,val,fr,zh,大声,"Le contraire de ""大声"" est """,小声,1,8,18.875,21.0,2.125
gemma-2-2b,21,val,freq,fr,zh,大声,"Le contraire de ""大声"" est """,小声,1,21,18.875,17.75,-1.125
gemma-2-2b,21,freq,desc,fr,zh,大声,"Le contraire de ""大声"" est """,小声,1,1,18.875,19.125,0.25
gemma-2-2b,21,freq,val,fr,zh,大声,"Le contraire de ""大声"" est """,小声,1,1,18.875,19.0,0.125
gemma-2-2b,21,freq,freq,fr,zh,大声,"Le contraire de ""大声"" est """,小声,1,1,18.875,19.0,0.125
gemma-2-2b,22,desc,desc,fr,zh,早,"Le contraire de ""早"" est """,晚,4,3,18.875,20.375,1.5
gemma-2-2b,22,desc,val,fr,zh,早,"Le contraire de ""早"" est """,晚,4,1,18.875,21.375,2.5
gemma-2-2b,22,desc,freq,fr,zh,早,"Le contraire de ""早"" est """,晚,4,0,18.875,21.5,2.625
gemma-2-2b,22,val,desc,fr,zh,早,"Le contraire de ""早"" est """,晚,4,6,18.875,23.5,4.625
gemma-2-2b,22,val,val,fr,zh,早,"Le contraire de ""早"" est """,晚,4,11,18.875,22.25,3.375
gemma-2-2b,22,val,freq,fr,zh,早,"Le contraire de ""早"" est """,晚,4,1,18.875,23.5,4.625
gemma-2-2b,22,freq,desc,fr,zh,早,"Le contraire de ""早"" est """,晚,4,6,18.875,19.5,0.625
gemma-2-2b,22,freq,val,fr,zh,早,"Le contraire de ""早"" est """,晚,4,6,18.875,19.75,0.875
gemma-2-2b,22,freq,freq,fr,zh,早,"Le contraire de ""早"" est """,晚,4,4,18.875,19.0,0.125
gemma-2-2b,23,desc,desc,fr,zh,近,"Le contraire de ""近"" est """,远,2,5,20.0,20.375,0.375
gemma-2-2b,23,desc,val,fr,zh,近,"Le contraire de ""近"" est """,远,2,3,20.0,21.875,1.875
gemma-2-2b,23,desc,freq,fr,zh,近,"Le contraire de ""近"" est """,远,2,1,20.0,20.5,0.5
gemma-2-2b,23,val,desc,fr,zh,近,"Le contraire de ""近"" est """,远,2,8,20.0,23.5,3.5
gemma-2-2b,23,val,val,fr,zh,近,"Le contraire de ""近"" est """,远,2,7,20.0,22.75,2.75
gemma-2-2b,23,val,freq,fr,zh,近,"Le contraire de ""近"" est """,远,2,3,20.0,22.5,2.5
gemma-2-2b,23,freq,desc,fr,zh,近,"Le contraire de ""近"" est """,远,2,3,20.0,20.125,0.125
gemma-2-2b,23,freq,val,fr,zh,近,"Le contraire de ""近"" est """,远,2,4,20.0,20.75,0.75
gemma-2-2b,23,freq,freq,fr,zh,近,"Le contraire de ""近"" est """,远,2,3,20.0,19.75,-0.25
gemma-2-2b,24,desc,desc,fr,zh,深,"Le contraire de ""深"" est """,浅,0,0,23.375,24.5,1.125
gemma-2-2b,24,desc,val,fr,zh,深,"Le contraire de ""深"" est """,浅,0,0,23.375,25.125,1.75
gemma-2-2b,24,desc,freq,fr,zh,深,"Le contraire de ""深"" est """,浅,0,0,23.375,23.25,-0.125
gemma-2-2b,24,val,desc,fr,zh,深,"Le contraire de ""深"" est """,浅,0,2,23.375,26.375,3.0
gemma-2-2b,24,val,val,fr,zh,深,"Le contraire de ""深"" est """,浅,0,2,23.375,26.5,3.125
gemma-2-2b,24,val,freq,fr,zh,深,"Le contraire de ""深"" est """,浅,0,1,23.375,24.0,0.625
gemma-2-2b,24,freq,desc,fr,zh,深,"Le contraire de ""深"" est """,浅,0,0,23.375,24.125,0.75
gemma-2-2b,24,freq,val,fr,zh,深,"Le contraire de ""深"" est """,浅,0,0,23.375,24.375,1.0
gemma-2-2b,24,freq,freq,fr,zh,深,"Le contraire de ""深"" est """,浅,0,0,23.375,23.875,0.5
gemma-2-2b,25,desc,desc,fr,zh,坏,"Le contraire de ""坏"" est """,好,0,1,21.5,23.125,1.625
gemma-2-2b,25,desc,val,fr,zh,坏,"Le contraire de ""坏"" est """,好,0,1,21.5,22.625,1.125
gemma-2-2b,25,desc,freq,fr,zh,坏,"Le contraire de ""坏"" est """,好,0,2,21.5,17.75,-3.75
gemma-2-2b,25,val,desc,fr,zh,坏,"Le contraire de ""坏"" est """,好,0,1,21.5,23.625,2.125
gemma-2-2b,25,val,val,fr,zh,坏,"Le contraire de ""坏"" est """,好,0,1,21.5,23.375,1.875
gemma-2-2b,25,val,freq,fr,zh,坏,"Le contraire de ""坏"" est """,好,0,11,21.5,17.5,-4.0
gemma-2-2b,25,freq,desc,fr,zh,坏,"Le contraire de ""坏"" est """,好,0,1,21.5,23.375,1.875
gemma-2-2b,25,freq,val,fr,zh,坏,"Le contraire de ""坏"" est """,好,0,1,21.5,21.875,0.375
gemma-2-2b,25,freq,freq,fr,zh,坏,"Le contraire de ""坏"" est """,好,0,1,21.5,23.125,1.625
gemma-2-2b,26,desc,desc,fr,zh,难过,"Le contraire de ""难过"" est """,开心,1,3,19.5,20.125,0.625
gemma-2-2b,26,desc,val,fr,zh,难过,"Le contraire de ""难过"" est """,开心,1,4,19.5,19.875,0.375
gemma-2-2b,26,desc,freq,fr,zh,难过,"Le contraire de ""难过"" est """,开心,1,1,19.5,18.25,-1.25
gemma-2-2b,26,val,desc,fr,zh,难过,"Le contraire de ""难过"" est """,开心,1,84,19.5,18.875,-0.625
gemma-2-2b,26,val,val,fr,zh,难过,"Le contraire de ""难过"" est """,开心,1,109,19.5,19.125,-0.375
gemma-2-2b,26,val,freq,fr,zh,难过,"Le contraire de ""难过"" est """,开心,1,23,19.5,17.375,-2.125
gemma-2-2b,26,freq,desc,fr,zh,难过,"Le contraire de ""难过"" est """,开心,1,18,19.5,19.25,-0.25
gemma-2-2b,26,freq,val,fr,zh,难过,"Le contraire de ""难过"" est """,开心,1,28,19.5,18.125,-1.375
gemma-2-2b,26,freq,freq,fr,zh,难过,"Le contraire de ""难过"" est """,开心,1,17,19.5,19.5,0.0
gemma-2-2b,27,desc,desc,fr,zh,小,"Le contraire de ""小"" est """,大,0,0,21.375,22.875,1.5
gemma-2-2b,27,desc,val,fr,zh,小,"Le contraire de ""小"" est """,大,0,0,21.375,23.875,2.5
gemma-2-2b,27,desc,freq,fr,zh,小,"Le contraire de ""小"" est """,大,0,0,21.375,21.0,-0.375
gemma-2-2b,27,val,desc,fr,zh,小,"Le contraire de ""小"" est """,大,0,0,21.375,25.375,4.0
gemma-2-2b,27,val,val,fr,zh,小,"Le contraire de ""小"" est """,大,0,0,21.375,24.625,3.25
gemma-2-2b,27,val,freq,fr,zh,小,"Le contraire de ""小"" est """,大,0,0,21.375,22.0,0.625
gemma-2-2b,27,freq,desc,fr,zh,小,"Le contraire de ""小"" est """,大,0,0,21.375,21.875,0.5
gemma-2-2b,27,freq,val,fr,zh,小,"Le contraire de ""小"" est """,大,0,0,21.375,21.875,0.5
gemma-2-2b,27,freq,freq,fr,zh,小,"Le contraire de ""小"" est """,大,0,0,21.375,21.625,0.25
gemma-2-2b,28,desc,desc,fr,zh,冷,"Le contraire de ""冷"" est """,热,1,3,19.875,21.0,1.125
gemma-2-2b,28,desc,val,fr,zh,冷,"Le contraire de ""冷"" est """,热,1,3,19.875,21.375,1.5
gemma-2-2b,28,desc,freq,fr,zh,冷,"Le contraire de ""冷"" est """,热,1,1,19.875,18.875,-1.0
gemma-2-2b,28,val,desc,fr,zh,冷,"Le contraire de ""冷"" est """,热,1,4,19.875,23.0,3.125
gemma-2-2b,28,val,val,fr,zh,冷,"Le contraire de ""冷"" est """,热,1,4,19.875,22.5,2.625
gemma-2-2b,28,val,freq,fr,zh,冷,"Le contraire de ""冷"" est """,热,1,1,19.875,19.875,0.0
gemma-2-2b,28,freq,desc,fr,zh,冷,"Le contraire de ""冷"" est """,热,1,2,19.875,21.125,1.25
gemma-2-2b,28,freq,val,fr,zh,冷,"Le contraire de ""冷"" est """,热,1,3,19.875,20.875,1.0
gemma-2-2b,28,freq,freq,fr,zh,冷,"Le contraire de ""冷"" est """,热,1,3,19.875,20.75,0.875
gemma-2-2b,29,desc,desc,fr,zh,慢,"Le contraire de ""慢"" est """,快,0,0,20.5,21.625,1.125
gemma-2-2b,29,desc,val,fr,zh,慢,"Le contraire de ""慢"" est """,快,0,1,20.5,22.0,1.5
gemma-2-2b,29,desc,freq,fr,zh,慢,"Le contraire de ""慢"" est """,快,0,1,20.5,20.0,-0.5
gemma-2-2b,29,val,desc,fr,zh,慢,"Le contraire de ""慢"" est """,快,0,1,20.5,23.875,3.375
gemma-2-2b,29,val,val,fr,zh,慢,"Le contraire de ""慢"" est """,快,0,6,20.5,23.25,2.75
gemma-2-2b,29,val,freq,fr,zh,慢,"Le contraire de ""慢"" est """,快,0,1,20.5,21.75,1.25
gemma-2-2b,29,freq,desc,fr,zh,慢,"Le contraire de ""慢"" est """,快,0,0,20.5,20.875,0.375
gemma-2-2b,29,freq,val,fr,zh,慢,"Le contraire de ""慢"" est """,快,0,1,20.5,20.875,0.375
gemma-2-2b,29,freq,freq,fr,zh,慢,"Le contraire de ""慢"" est """,快,0,0,20.5,20.375,-0.125
gemma-2-2b,30,desc,desc,fr,zh,重,"Le contraire de ""重"" est """,轻,2,3,20.0,20.25,0.25
gemma-2-2b,30,desc,val,fr,zh,重,"Le contraire de ""重"" est """,轻,2,1,20.0,22.875,2.875
gemma-2-2b,30,desc,freq,fr,zh,重,"Le contraire de ""重"" est """,轻,2,0,20.0,21.5,1.5
gemma-2-2b,30,val,desc,fr,zh,重,"Le contraire de ""重"" est """,轻,2,1,20.0,24.5,4.5
gemma-2-2b,30,val,val,fr,zh,重,"Le contraire de ""重"" est """,轻,2,1,20.0,24.125,4.125
gemma-2-2b,30,val,freq,fr,zh,重,"Le contraire de ""重"" est """,轻,2,0,20.0,22.75,2.75
gemma-2-2b,30,freq,desc,fr,zh,重,"Le contraire de ""重"" est """,轻,2,2,20.0,20.375,0.375
gemma-2-2b,30,freq,val,fr,zh,重,"Le contraire de ""重"" est """,轻,2,2,20.0,21.625,1.625
gemma-2-2b,30,freq,freq,fr,zh,重,"Le contraire de ""重"" est """,轻,2,2,20.0,20.25,0.25
gemma-2-2b,31,desc,desc,fr,zh,难,"Le contraire de ""难"" est """,易,0,0,21.625,22.5,0.875
gemma-2-2b,31,desc,val,fr,zh,难,"Le contraire de ""难"" est """,易,0,0,21.625,23.25,1.625
gemma-2-2b,31,desc,freq,fr,zh,难,"Le contraire de ""难"" est """,易,0,0,21.625,18.875,-2.75
gemma-2-2b,31,val,desc,fr,zh,难,"Le contraire de ""难"" est """,易,0,0,21.625,24.25,2.625
gemma-2-2b,31,val,val,fr,zh,难,"Le contraire de ""难"" est """,易,0,1,21.625,24.125,2.5
gemma-2-2b,31,val,freq,fr,zh,难,"Le contraire de ""难"" est """,易,0,0,21.625,20.125,-1.5
gemma-2-2b,31,freq,desc,fr,zh,难,"Le contraire de ""难"" est """,易,0,0,21.625,23.125,1.5
gemma-2-2b,31,freq,val,fr,zh,难,"Le contraire de ""难"" est """,易,0,0,21.625,23.125,1.5
gemma-2-2b,31,freq,freq,fr,zh,难,"Le contraire de ""难"" est """,易,0,1,21.625,23.375,1.75
gemma-2-2b,32,desc,desc,fr,zh,旧,"Le contraire de ""旧"" est """,新,0,0,21.125,22.375,1.25
gemma-2-2b,32,desc,val,fr,zh,旧,"Le contraire de ""旧"" est """,新,0,0,21.125,22.5,1.375
gemma-2-2b,32,desc,freq,fr,zh,旧,"Le contraire de ""旧"" est """,新,0,0,21.125,21.25,0.125
gemma-2-2b,32,val,desc,fr,zh,旧,"Le contraire de ""旧"" est """,新,0,0,21.125,25.125,4.0
gemma-2-2b,32,val,val,fr,zh,旧,"Le contraire de ""旧"" est """,新,0,0,21.125,23.875,2.75
gemma-2-2b,32,val,freq,fr,zh,旧,"Le contraire de ""旧"" est """,新,0,0,21.125,23.875,2.75
gemma-2-2b,32,freq,desc,fr,zh,旧,"Le contraire de ""旧"" est """,新,0,0,21.125,21.5,0.375
gemma-2-2b,32,freq,val,fr,zh,旧,"Le contraire de ""旧"" est """,新,0,0,21.125,20.875,-0.25
gemma-2-2b,32,freq,freq,fr,zh,旧,"Le contraire de ""旧"" est """,新,0,0,21.125,21.25,0.125
gemma-2-2b,33,desc,desc,fr,zh,假,"Le contraire de ""假"" est """,真,0,0,21.625,22.625,1.0
gemma-2-2b,33,desc,val,fr,zh,假,"Le contraire de ""假"" est """,真,0,0,21.625,23.125,1.5
gemma-2-2b,33,desc,freq,fr,zh,假,"Le contraire de ""假"" est """,真,0,0,21.625,19.875,-1.75
gemma-2-2b,33,val,desc,fr,zh,假,"Le contraire de ""假"" est """,真,0,0,21.625,25.0,3.375
gemma-2-2b,33,val,val,fr,zh,假,"Le contraire de ""假"" est """,真,0,0,21.625,24.0,2.375
gemma-2-2b,33,val,freq,fr,zh,假,"Le contraire de ""假"" est """,真,0,0,21.625,21.75,0.125
gemma-2-2b,33,freq,desc,fr,zh,假,"Le contraire de ""假"" est """,真,0,0,21.625,22.0,0.375
gemma-2-2b,33,freq,val,fr,zh,假,"Le contraire de ""假"" est """,真,0,0,21.625,21.625,0.0
gemma-2-2b,33,freq,freq,fr,zh,假,"Le contraire de ""假"" est """,真,0,0,21.625,22.125,0.5
gemma-2-2b,34,desc,desc,fr,zh,死,"Le contraire de ""死"" est """,生,0,0,20.75,21.5,0.75
gemma-2-2b,34,desc,val,fr,zh,死,"Le contraire de ""死"" est """,生,0,0,20.75,22.0,1.25
gemma-2-2b,34,desc,freq,fr,zh,死,"Le contraire de ""死"" est """,生,0,0,20.75,21.625,0.875
gemma-2-2b,34,val,desc,fr,zh,死,"Le contraire de ""死"" est """,生,0,0,20.75,24.125,3.375
gemma-2-2b,34,val,val,fr,zh,死,"Le contraire de ""死"" est """,生,0,0,20.75,23.875,3.125
gemma-2-2b,34,val,freq,fr,zh,死,"Le contraire de ""死"" est """,生,0,0,20.75,23.875,3.125
gemma-2-2b,34,freq,desc,fr,zh,死,"Le contraire de ""死"" est """,生,0,0,20.75,21.25,0.5
gemma-2-2b,34,freq,val,fr,zh,死,"Le contraire de ""死"" est """,生,0,0,20.75,21.625,0.875
gemma-2-2b,34,freq,freq,fr,zh,死,"Le contraire de ""死"" est """,生,0,0,20.75,20.875,0.125
gemma-2-2b,35,desc,desc,fr,zh,空,"Le contraire de ""空"" est """,满,9,33,18.75,18.875,0.125
gemma-2-2b,35,desc,val,fr,zh,空,"Le contraire de ""空"" est """,满,9,30,18.75,19.75,1.0
gemma-2-2b,35,desc,freq,fr,zh,空,"Le contraire de ""空"" est """,满,9,88,18.75,15.125,-3.625
gemma-2-2b,35,val,desc,fr,zh,空,"Le contraire de ""空"" est """,满,9,89,18.75,20.375,1.625
gemma-2-2b,35,val,val,fr,zh,空,"Le contraire de ""空"" est """,满,9,73,18.75,20.875,2.125
gemma-2-2b,35,val,freq,fr,zh,空,"Le contraire de ""空"" est """,满,9,290,18.75,15.5625,-3.1875
gemma-2-2b,35,freq,desc,fr,zh,空,"Le contraire de ""空"" est """,满,9,16,18.75,19.0,0.25
gemma-2-2b,35,freq,val,fr,zh,空,"Le contraire de ""空"" est """,满,9,14,18.75,19.75,1.0
gemma-2-2b,35,freq,freq,fr,zh,空,"Le contraire de ""空"" est """,满,9,13,18.75,18.75,0.0
gemma-2-2b,36,desc,desc,fr,zh,暗,"Le contraire de ""暗"" est """,亮,2,4,17.125,18.75,1.625
gemma-2-2b,36,desc,val,fr,zh,暗,"Le contraire de ""暗"" est """,亮,2,6,17.125,20.0,2.875
gemma-2-2b,36,desc,freq,fr,zh,暗,"Le contraire de ""暗"" est """,亮,2,2,17.125,16.75,-0.375
gemma-2-2b,36,val,desc,fr,zh,暗,"Le contraire de ""暗"" est """,亮,2,3,17.125,22.125,5.0
gemma-2-2b,36,val,val,fr,zh,暗,"Le contraire de ""暗"" est """,亮,2,7,17.125,21.25,4.125
gemma-2-2b,36,val,freq,fr,zh,暗,"Le contraire de ""暗"" est """,亮,2,2,17.125,19.0,1.875
gemma-2-2b,36,freq,desc,fr,zh,暗,"Le contraire de ""暗"" est """,亮,2,6,17.125,17.75,0.625
gemma-2-2b,36,freq,val,fr,zh,暗,"Le contraire de ""暗"" est """,亮,2,5,17.125,18.25,1.125
gemma-2-2b,36,freq,freq,fr,zh,暗,"Le contraire de ""暗"" est """,亮,2,4,17.125,17.625,0.5
gemma-2-2b,37,desc,desc,fr,zh,弱,"Le contraire de ""弱"" est """,强,4,5,18.25,19.75,1.5
gemma-2-2b,37,desc,val,fr,zh,弱,"Le contraire de ""弱"" est """,强,4,4,18.25,21.125,2.875
gemma-2-2b,37,desc,freq,fr,zh,弱,"Le contraire de ""弱"" est """,强,4,4,18.25,17.875,-0.375
gemma-2-2b,37,val,desc,fr,zh,弱,"Le contraire de ""弱"" est """,强,4,7,18.25,23.375,5.125
gemma-2-2b,37,val,val,fr,zh,弱,"Le contraire de ""弱"" est """,强,4,7,18.25,22.125,3.875
gemma-2-2b,37,val,freq,fr,zh,弱,"Le contraire de ""弱"" est """,强,4,6,18.25,20.0,1.75
gemma-2-2b,37,freq,desc,fr,zh,弱,"Le contraire de ""弱"" est """,强,4,5,18.25,18.75,0.5
gemma-2-2b,37,freq,val,fr,zh,弱,"Le contraire de ""弱"" est """,强,4,8,18.25,18.75,0.5
gemma-2-2b,37,freq,freq,fr,zh,弱,"Le contraire de ""弱"" est """,强,4,9,18.25,17.75,-0.5
gemma-2-2b,38,desc,desc,fr,zh,脏,"Le contraire de ""脏"" est """,干净,0,5,17.75,19.75,2.0
gemma-2-2b,38,desc,val,fr,zh,脏,"Le contraire de ""脏"" est """,干净,0,5,17.75,20.125,2.375
gemma-2-2b,38,desc,freq,fr,zh,脏,"Le contraire de ""脏"" est """,干净,0,5,17.75,15.5625,-2.1875
gemma-2-2b,38,val,desc,fr,zh,脏,"Le contraire de ""脏"" est """,干净,0,83,17.75,17.5,-0.25
gemma-2-2b,38,val,val,fr,zh,脏,"Le contraire de ""脏"" est """,干净,0,43,17.75,19.625,1.875
gemma-2-2b,38,val,freq,fr,zh,脏,"Le contraire de ""脏"" est """,干净,0,168,17.75,11.8125,-5.9375
gemma-2-2b,38,freq,desc,fr,zh,脏,"Le contraire de ""脏"" est """,干净,0,7,17.75,19.75,2.0
gemma-2-2b,38,freq,val,fr,zh,脏,"Le contraire de ""脏"" est """,干净,0,12,17.75,18.875,1.125
gemma-2-2b,38,freq,freq,fr,zh,脏,"Le contraire de ""脏"" est """,干净,0,7,17.75,19.75,2.0
gemma-2-2b,39,desc,desc,fr,zh,关,"Le contraire de ""关"" est """,开,0,0,21.5,23.375,1.875
gemma-2-2b,39,desc,val,fr,zh,关,"Le contraire de ""关"" est """,开,0,0,21.5,22.625,1.125
gemma-2-2b,39,desc,freq,fr,zh,关,"Le contraire de ""关"" est """,开,0,0,21.5,17.5,-4.0
gemma-2-2b,39,val,desc,fr,zh,关,"Le contraire de ""关"" est """,开,0,1,21.5,23.5,2.0
gemma-2-2b,39,val,val,fr,zh,关,"Le contraire de ""关"" est """,开,0,2,21.5,23.875,2.375
gemma-2-2b,39,val,freq,fr,zh,关,"Le contraire de ""关"" est """,开,0,3,21.5,17.375,-4.125
gemma-2-2b,39,freq,desc,fr,zh,关,"Le contraire de ""关"" est """,开,0,0,21.5,23.25,1.75
gemma-2-2b,39,freq,val,fr,zh,关,"Le contraire de ""关"" est """,开,0,0,21.5,23.375,1.875
gemma-2-2b,39,freq,freq,fr,zh,关,"Le contraire de ""关"" est """,开,0,0,21.5,23.5,2.0
gemma-2-2b,40,desc,desc,fr,zh,贫穷,"Le contraire de ""贫穷"" est """,富裕,0,0,21.5,23.0,1.5
gemma-2-2b,40,desc,val,fr,zh,贫穷,"Le contraire de ""贫穷"" est """,富裕,0,0,21.5,22.5,1.0
gemma-2-2b,40,desc,freq,fr,zh,贫穷,"Le contraire de ""贫穷"" est """,富裕,0,0,21.5,21.625,0.125
gemma-2-2b,40,val,desc,fr,zh,贫穷,"Le contraire de ""贫穷"" est """,富裕,0,0,21.5,24.75,3.25
gemma-2-2b,40,val,val,fr,zh,贫穷,"Le contraire de ""贫穷"" est """,富裕,0,0,21.5,24.5,3.0
gemma-2-2b,40,val,freq,fr,zh,贫穷,"Le contraire de ""贫穷"" est """,富裕,0,0,21.5,23.75,2.25
gemma-2-2b,40,freq,desc,fr,zh,贫穷,"Le contraire de ""贫穷"" est """,富裕,0,0,21.5,22.75,1.25
gemma-2-2b,40,freq,val,fr,zh,贫穷,"Le contraire de ""贫穷"" est """,富裕,0,0,21.5,22.0,0.5
gemma-2-2b,40,freq,freq,fr,zh,贫穷,"Le contraire de ""贫穷"" est """,富裕,0,0,21.5,23.0,1.5
gemma-2-2b,41,desc,desc,fr,zh,丑,"Le contraire de ""丑"" est """,美,0,0,16.5,19.625,3.125
gemma-2-2b,41,desc,val,fr,zh,丑,"Le contraire de ""丑"" est """,美,0,0,16.5,19.625,3.125
gemma-2-2b,41,desc,freq,fr,zh,丑,"Le contraire de ""丑"" est """,美,0,0,16.5,16.125,-0.375
gemma-2-2b,41,val,desc,fr,zh,丑,"Le contraire de ""丑"" est """,美,0,0,16.5,22.0,5.5
gemma-2-2b,41,val,val,fr,zh,丑,"Le contraire de ""丑"" est """,美,0,2,16.5,21.5,5.0
gemma-2-2b,41,val,freq,fr,zh,丑,"Le contraire de ""丑"" est """,美,0,1,16.5,17.375,0.875
gemma-2-2b,41,freq,desc,fr,zh,丑,"Le contraire de ""丑"" est """,美,0,0,16.5,18.125,1.625
gemma-2-2b,41,freq,val,fr,zh,丑,"Le contraire de ""丑"" est """,美,0,2,16.5,17.25,0.75
gemma-2-2b,41,freq,freq,fr,zh,丑,"Le contraire de ""丑"" est """,美,0,0,16.5,18.0,1.5
gemma-2-2b,42,desc,desc,fr,zh,短,"Le contraire de ""短"" est """,长,3,5,18.75,19.875,1.125
gemma-2-2b,42,desc,val,fr,zh,短,"Le contraire de ""短"" est """,长,3,3,18.75,21.375,2.625
gemma-2-2b,42,desc,freq,fr,zh,短,"Le contraire de ""短"" est """,长,3,0,18.75,21.75,3.0
gemma-2-2b,42,val,desc,fr,zh,短,"Le contraire de ""短"" est """,长,3,4,18.75,23.125,4.375
gemma-2-2b,42,val,val,fr,zh,短,"Le contraire de ""短"" est """,长,3,10,18.75,21.875,3.125
gemma-2-2b,42,val,freq,fr,zh,短,"Le contraire de ""短"" est """,长,3,0,18.75,23.5,4.75
gemma-2-2b,42,freq,desc,fr,zh,短,"Le contraire de ""短"" est """,长,3,4,18.75,19.125,0.375
gemma-2-2b,42,freq,val,fr,zh,短,"Le contraire de ""短"" est """,长,3,5,18.75,18.375,-0.375
gemma-2-2b,42,freq,freq,fr,zh,短,"Le contraire de ""短"" est """,长,3,5,18.75,18.125,-0.625
gemma-2-2b,43,desc,desc,fr,zh,窄,"Le contraire de ""窄"" est """,宽,0,2,20.0,21.875,1.875
gemma-2-2b,43,desc,val,fr,zh,窄,"Le contraire de ""窄"" est """,宽,0,2,20.0,22.125,2.125
gemma-2-2b,43,desc,freq,fr,zh,窄,"Le contraire de ""窄"" est """,宽,0,1,20.0,19.25,-0.75
gemma-2-2b,43,val,desc,fr,zh,窄,"Le contraire de ""窄"" est """,宽,0,7,20.0,22.625,2.625
gemma-2-2b,43,val,val,fr,zh,窄,"Le contraire de ""窄"" est """,宽,0,9,20.0,23.125,3.125
gemma-2-2b,43,val,freq,fr,zh,窄,"Le contraire de ""窄"" est """,宽,0,1,20.0,19.75,-0.25
gemma-2-2b,43,freq,desc,fr,zh,窄,"Le contraire de ""窄"" est """,宽,0,0,20.0,22.0,2.0
gemma-2-2b,43,freq,val,fr,zh,窄,"Le contraire de ""窄"" est """,宽,0,0,20.0,22.0,2.0
gemma-2-2b,43,freq,freq,fr,zh,窄,"Le contraire de ""窄"" est """,宽,0,1,20.0,21.875,1.875
gemma-2-2b,44,desc,desc,fr,zh,软,"Le contraire de ""软"" est """,硬,0,1,21.25,23.25,2.0
gemma-2-2b,44,desc,val,fr,zh,软,"Le contraire de ""软"" est """,硬,0,0,21.25,22.75,1.5
gemma-2-2b,44,desc,freq,fr,zh,软,"Le contraire de ""软"" est """,硬,0,0,21.25,20.0,-1.25
gemma-2-2b,44,val,desc,fr,zh,软,"Le contraire de ""软"" est """,硬,0,0,21.25,24.625,3.375
gemma-2-2b,44,val,val,fr,zh,软,"Le contraire de ""软"" est """,硬,0,2,21.25,24.25,3.0
gemma-2-2b,44,val,freq,fr,zh,软,"Le contraire de ""软"" est """,硬,0,0,21.25,21.5,0.25
gemma-2-2b,44,freq,desc,fr,zh,软,"Le contraire de ""软"" est """,硬,0,0,21.25,22.875,1.625
gemma-2-2b,44,freq,val,fr,zh,软,"Le contraire de ""软"" est """,硬,0,2,21.25,21.75,0.5
gemma-2-2b,44,freq,freq,fr,zh,软,"Le contraire de ""软"" est """,硬,0,1,21.25,22.875,1.625
gemma-2-2b,45,desc,desc,fr,zh,湿,"Le contraire de ""湿"" est """,干,6,10,17.5,19.25,1.75
gemma-2-2b,45,desc,val,fr,zh,湿,"Le contraire de ""湿"" est """,干,6,8,17.5,20.25,2.75
gemma-2-2b,45,desc,freq,fr,zh,湿,"Le contraire de ""湿"" est """,干,6,0,17.5,18.5,1.0
gemma-2-2b,45,val,desc,fr,zh,湿,"Le contraire de ""湿"" est """,干,6,8,17.5,22.375,4.875
gemma-2-2b,45,val,val,fr,zh,湿,"Le contraire de ""湿"" est """,干,6,22,17.5,20.625,3.125
gemma-2-2b,45,val,freq,fr,zh,湿,"Le contraire de ""湿"" est """,干,6,1,17.5,20.875,3.375
gemma-2-2b,45,freq,desc,fr,zh,湿,"Le contraire de ""湿"" est """,干,6,9,17.5,18.75,1.25
gemma-2-2b,45,freq,val,fr,zh,湿,"Le contraire de ""湿"" est """,干,6,13,17.5,18.125,0.625
gemma-2-2b,45,freq,freq,fr,zh,湿,"Le contraire de ""湿"" est """,干,6,8,17.5,18.875,1.375
gemma-2-2b,46,desc,desc,fr,zh,安静,"Le contraire de ""安静"" est """,吵闹,1,4,18.25,19.5,1.25
gemma-2-2b,46,desc,val,fr,zh,安静,"Le contraire de ""安静"" est """,吵闹,1,4,18.25,20.125,1.875
gemma-2-2b,46,desc,freq,fr,zh,安静,"Le contraire de ""安静"" est """,吵闹,1,19,18.25,15.375,-2.875
gemma-2-2b,46,val,desc,fr,zh,安静,"Le contraire de ""安静"" est """,吵闹,1,20,18.25,20.125,1.875
gemma-2-2b,46,val,val,fr,zh,安静,"Le contraire de ""安静"" est """,吵闹,1,23,18.25,20.875,2.625
gemma-2-2b,46,val,freq,fr,zh,安静,"Le contraire de ""安静"" est """,吵闹,1,61,18.25,15.9375,-2.3125
gemma-2-2b,46,freq,desc,fr,zh,安静,"Le contraire de ""安静"" est """,吵闹,1,15,18.25,18.625,0.375
gemma-2-2b,46,freq,val,fr,zh,安静,"Le contraire de ""安静"" est """,吵闹,1,13,18.25,18.75,0.5
gemma-2-2b,46,freq,freq,fr,zh,安静,"Le contraire de ""安静"" est """,吵闹,1,9,18.25,19.0,0.75
gemma-2-2b,47,desc,desc,fr,zh,晚,"Le contraire de ""晚"" est """,早,0,0,20.625,22.5,1.875
gemma-2-2b,47,desc,val,fr,zh,晚,"Le contraire de ""晚"" est """,早,0,0,20.625,21.5,0.875
gemma-2-2b,47,desc,freq,fr,zh,晚,"Le contraire de ""晚"" est """,早,0,0,20.625,19.125,-1.5
gemma-2-2b,47,val,desc,fr,zh,晚,"Le contraire de ""晚"" est """,早,0,0,20.625,23.625,3.0
gemma-2-2b,47,val,val,fr,zh,晚,"Le contraire de ""晚"" est """,早,0,0,20.625,24.125,3.5
gemma-2-2b,47,val,freq,fr,zh,晚,"Le contraire de ""晚"" est """,早,0,0,20.625,21.0,0.375
gemma-2-2b,47,freq,desc,fr,zh,晚,"Le contraire de ""晚"" est """,早,0,0,20.625,22.375,1.75
gemma-2-2b,47,freq,val,fr,zh,晚,"Le contraire de ""晚"" est """,早,0,0,20.625,21.875,1.25
gemma-2-2b,47,freq,freq,fr,zh,晚,"Le contraire de ""晚"" est """,早,0,0,20.625,22.0,1.375
gemma-2-2b,48,desc,desc,fr,zh,远,"Le contraire de ""远"" est """,近,0,0,23.875,25.375,1.5
gemma-2-2b,48,desc,val,fr,zh,远,"Le contraire de ""远"" est """,近,0,0,23.875,25.125,1.25
gemma-2-2b,48,desc,freq,fr,zh,远,"Le contraire de ""远"" est """,近,0,0,23.875,23.375,-0.5
gemma-2-2b,48,val,desc,fr,zh,远,"Le contraire de ""远"" est """,近,0,0,23.875,27.25,3.375
gemma-2-2b,48,val,val,fr,zh,远,"Le contraire de ""远"" est """,近,0,1,23.875,26.875,3.0
gemma-2-2b,48,val,freq,fr,zh,远,"Le contraire de ""远"" est """,近,0,0,23.875,25.375,1.5
gemma-2-2b,48,freq,desc,fr,zh,远,"Le contraire de ""远"" est """,近,0,0,23.875,25.375,1.5
gemma-2-2b,48,freq,val,fr,zh,远,"Le contraire de ""远"" est """,近,0,0,23.875,25.125,1.25
gemma-2-2b,48,freq,freq,fr,zh,远,"Le contraire de ""远"" est """,近,0,1,23.875,25.25,1.375
gemma-2-2b,49,desc,desc,fr,zh,浅,"Le contraire de ""浅"" est """,深,0,0,20.25,21.5,1.25
gemma-2-2b,49,desc,val,fr,zh,浅,"Le contraire de ""浅"" est """,深,0,0,20.25,22.125,1.875
gemma-2-2b,49,desc,freq,fr,zh,浅,"Le contraire de ""浅"" est """,深,0,0,20.25,21.375,1.125
gemma-2-2b,49,val,desc,fr,zh,浅,"Le contraire de ""浅"" est """,深,0,0,20.25,25.125,4.875
gemma-2-2b,49,val,val,fr,zh,浅,"Le contraire de ""浅"" est """,深,0,0,20.25,24.5,4.25
gemma-2-2b,49,val,freq,fr,zh,浅,"Le contraire de ""浅"" est """,深,0,0,20.25,23.375,3.125
gemma-2-2b,49,freq,desc,fr,zh,浅,"Le contraire de ""浅"" est """,深,0,0,20.25,21.125,0.875
gemma-2-2b,49,freq,val,fr,zh,浅,"Le contraire de ""浅"" est """,深,0,0,20.25,21.375,1.125
gemma-2-2b,49,freq,freq,fr,zh,浅,"Le contraire de ""浅"" est """,深,0,0,20.25,20.625,0.375
gemma-2-2b,50,desc,desc,fr,zh,年轻,"Le contraire de ""年轻"" est """,老,0,0,21.625,23.25,1.625
gemma-2-2b,50,desc,val,fr,zh,年轻,"Le contraire de ""年轻"" est """,老,0,1,21.625,22.875,1.25
gemma-2-2b,50,desc,freq,fr,zh,年轻,"Le contraire de ""年轻"" est """,老,0,0,21.625,21.75,0.125
gemma-2-2b,50,val,desc,fr,zh,年轻,"Le contraire de ""年轻"" est """,老,0,0,21.625,24.0,2.375
gemma-2-2b,50,val,val,fr,zh,年轻,"Le contraire de ""年轻"" est """,老,0,3,21.625,23.875,2.25
gemma-2-2b,50,val,freq,fr,zh,年轻,"Le contraire de ""年轻"" est """,老,0,0,21.625,23.125,1.5
gemma-2-2b,50,freq,desc,fr,zh,年轻,"Le contraire de ""年轻"" est """,老,0,0,21.625,22.875,1.25
gemma-2-2b,50,freq,val,fr,zh,年轻,"Le contraire de ""年轻"" est """,老,0,1,21.625,22.125,0.5
gemma-2-2b,50,freq,freq,fr,zh,年轻,"Le contraire de ""年轻"" est """,老,0,0,21.625,22.875,1.25
gemma-2-2b,51,desc,desc,fr,zh,善良,"Le contraire de ""善良"" est """,不善良,2,3,20.375,20.75,0.375
gemma-2-2b,51,desc,val,fr,zh,善良,"Le contraire de ""善良"" est """,不善良,2,1,20.375,20.5,0.125
gemma-2-2b,51,desc,freq,fr,zh,善良,"Le contraire de ""善良"" est """,不善良,2,0,20.375,19.625,-0.75
gemma-2-2b,51,val,desc,fr,zh,善良,"Le contraire de ""善良"" est """,不善良,2,2,20.375,21.5,1.125
gemma-2-2b,51,val,val,fr,zh,善良,"Le contraire de ""善良"" est """,不善良,2,22,20.375,20.625,0.25
gemma-2-2b,51,val,freq,fr,zh,善良,"Le contraire de ""善良"" est """,不善良,2,0,20.375,20.125,-0.25
gemma-2-2b,51,freq,desc,fr,zh,善良,"Le contraire de ""善良"" est """,不善良,2,2,20.375,20.875,0.5
gemma-2-2b,51,freq,val,fr,zh,善良,"Le contraire de ""善良"" est """,不善良,2,4,20.375,19.0,-1.375
gemma-2-2b,51,freq,freq,fr,zh,善良,"Le contraire de ""善良"" est """,不善良,2,2,20.375,20.5,0.125
gemma-2-2b,52,desc,desc,fr,zh,勇敢,"Le contraire de ""勇敢"" est """,懦弱,0,5,17.75,18.75,1.0
gemma-2-2b,52,desc,val,fr,zh,勇敢,"Le contraire de ""勇敢"" est """,懦弱,0,10,17.75,17.75,0.0
gemma-2-2b,52,desc,freq,fr,zh,勇敢,"Le contraire de ""勇敢"" est """,懦弱,0,4,17.75,16.75,-1.0
gemma-2-2b,52,val,desc,fr,zh,勇敢,"Le contraire de ""勇敢"" est """,懦弱,0,38,17.75,16.5,-1.25
gemma-2-2b,52,val,val,fr,zh,勇敢,"Le contraire de ""勇敢"" est """,懦弱,0,52,17.75,18.375,0.625
gemma-2-2b,52,val,freq,fr,zh,勇敢,"Le contraire de ""勇敢"" est """,懦弱,0,45,17.75,15.0,-2.75
gemma-2-2b,52,freq,desc,fr,zh,勇敢,"Le contraire de ""勇敢"" est """,懦弱,0,10,17.75,17.375,-0.375
gemma-2-2b,52,freq,val,fr,zh,勇敢,"Le contraire de ""勇敢"" est """,懦弱,0,24,17.75,16.25,-1.5
gemma-2-2b,52,freq,freq,fr,zh,勇敢,"Le contraire de ""勇敢"" est """,懦弱,0,7,17.75,17.75,0.0
gemma-2-2b,53,desc,desc,fr,zh,明智,"Le contraire de ""明智"" est """,愚蠢,0,0,18.75,19.375,0.625
gemma-2-2b,53,desc,val,fr,zh,明智,"Le contraire de ""明智"" est """,愚蠢,0,1,18.75,20.375,1.625
gemma-2-2b,53,desc,freq,fr,zh,明智,"Le contraire de ""明智"" est """,愚蠢,0,0,18.75,18.25,-0.5
gemma-2-2b,53,val,desc,fr,zh,明智,"Le contraire de ""明智"" est """,愚蠢,0,2,18.75,20.625,1.875
gemma-2-2b,53,val,val,fr,zh,明智,"Le contraire de ""明智"" est """,愚蠢,0,2,18.75,21.125,2.375
gemma-2-2b,53,val,freq,fr,zh,明智,"Le contraire de ""明智"" est """,愚蠢,0,0,18.75,19.625,0.875
gemma-2-2b,53,freq,desc,fr,zh,明智,"Le contraire de ""明智"" est """,愚蠢,0,0,18.75,18.375,-0.375
gemma-2-2b,53,freq,val,fr,zh,明智,"Le contraire de ""明智"" est """,愚蠢,0,1,18.75,19.0,0.25
gemma-2-2b,53,freq,freq,fr,zh,明智,"Le contraire de ""明智"" est """,愚蠢,0,0,18.75,18.75,0.0
gemma-2-2b,54,desc,desc,fr,zh,礼貌,"Le contraire de ""礼貌"" est """,不礼貌,0,1,21.375,21.875,0.5
gemma-2-2b,54,desc,val,fr,zh,礼貌,"Le contraire de ""礼貌"" est """,不礼貌,0,0,21.375,22.375,1.0
gemma-2-2b,54,desc,freq,fr,zh,礼貌,"Le contraire de ""礼貌"" est """,不礼貌,0,0,21.375,20.0,-1.375
gemma-2-2b,54,val,desc,fr,zh,礼貌,"Le contraire de ""礼貌"" est """,不礼貌,0,1,21.375,23.75,2.375
gemma-2-2b,54,val,val,fr,zh,礼貌,"Le contraire de ""礼貌"" est """,不礼貌,0,9,21.375,22.875,1.5
gemma-2-2b,54,val,freq,fr,zh,礼貌,"Le contraire de ""礼貌"" est """,不礼貌,0,1,21.375,22.125,0.75
gemma-2-2b,54,freq,desc,fr,zh,礼貌,"Le contraire de ""礼貌"" est """,不礼貌,0,1,21.375,21.75,0.375
gemma-2-2b,54,freq,val,fr,zh,礼貌,"Le contraire de ""礼貌"" est """,不礼貌,0,2,21.375,21.125,-0.25
gemma-2-2b,54,freq,freq,fr,zh,礼貌,"Le contraire de ""礼貌"" est """,不礼貌,0,2,21.375,21.375,0.0
gemma-2-2b,55,desc,desc,fr,zh,耐心,"Le contraire de ""耐心"" est """,不耐烦,0,0,18.375,20.0,1.625
gemma-2-2b,55,desc,val,fr,zh,耐心,"Le contraire de ""耐心"" est """,不耐烦,0,1,18.375,21.5,3.125
gemma-2-2b,55,desc,freq,fr,zh,耐心,"Le contraire de ""耐心"" est """,不耐烦,0,0,18.375,18.875,0.5
gemma-2-2b,55,val,desc,fr,zh,耐心,"Le contraire de ""耐心"" est """,不耐烦,0,9,18.375,22.875,4.5
gemma-2-2b,55,val,val,fr,zh,耐心,"Le contraire de ""耐心"" est """,不耐烦,0,11,18.375,22.875,4.5
gemma-2-2b,55,val,freq,fr,zh,耐心,"Le contraire de ""耐心"" est """,不耐烦,0,6,18.375,20.875,2.5
gemma-2-2b,55,freq,desc,fr,zh,耐心,"Le contraire de ""耐心"" est """,不耐烦,0,1,18.375,19.875,1.5
gemma-2-2b,55,freq,val,fr,zh,耐心,"Le contraire de ""耐心"" est """,不耐烦,0,1,18.375,20.75,2.375
gemma-2-2b,55,freq,freq,fr,zh,耐心,"Le contraire de ""耐心"" est """,不耐烦,0,1,18.375,19.5,1.125
gemma-2-2b,56,desc,desc,fr,zh,诚实,"Le contraire de ""诚实"" est """,不诚实,0,1,20.375,21.625,1.25
gemma-2-2b,56,desc,val,fr,zh,诚实,"Le contraire de ""诚实"" est """,不诚实,0,0,20.375,21.75,1.375
gemma-2-2b,56,desc,freq,fr,zh,诚实,"Le contraire de ""诚实"" est """,不诚实,0,0,20.375,20.625,0.25
gemma-2-2b,56,val,desc,fr,zh,诚实,"Le contraire de ""诚实"" est """,不诚实,0,0,20.375,23.375,3.0
gemma-2-2b,56,val,val,fr,zh,诚实,"Le contraire de ""诚实"" est """,不诚实,0,2,20.375,23.125,2.75
gemma-2-2b,56,val,freq,fr,zh,诚实,"Le contraire de ""诚实"" est """,不诚实,0,0,20.375,21.5,1.125
gemma-2-2b,56,freq,desc,fr,zh,诚实,"Le contraire de ""诚实"" est """,不诚实,0,0,20.375,21.625,1.25
gemma-2-2b,56,freq,val,fr,zh,诚实,"Le contraire de ""诚实"" est """,不诚实,0,0,20.375,20.75,0.375
gemma-2-2b,56,freq,freq,fr,zh,诚实,"Le contraire de ""诚实"" est """,不诚实,0,0,20.375,21.25,0.875
gemma-2-2b,57,desc,desc,fr,zh,安全,"Le contraire de ""安全"" est """,危险,6,13,21.125,21.125,0.0
gemma-2-2b,57,desc,val,fr,zh,安全,"Le contraire de ""安全"" est """,危险,6,16,21.125,21.5,0.375
gemma-2-2b,57,desc,freq,fr,zh,安全,"Le contraire de ""安全"" est """,危险,6,8,21.125,18.875,-2.25
gemma-2-2b,57,val,desc,fr,zh,安全,"Le contraire de ""安全"" est """,危险,6,48,21.125,21.25,0.125
gemma-2-2b,57,val,val,fr,zh,安全,"Le contraire de ""安全"" est """,危险,6,45,21.125,21.75,0.625
gemma-2-2b,57,val,freq,fr,zh,安全,"Le contraire de ""安全"" est """,危险,6,48,21.125,18.875,-2.25
gemma-2-2b,57,freq,desc,fr,zh,安全,"Le contraire de ""安全"" est """,危险,6,12,21.125,20.125,-1.0
gemma-2-2b,57,freq,val,fr,zh,安全,"Le contraire de ""安全"" est """,危险,6,19,21.125,20.25,-0.875
gemma-2-2b,57,freq,freq,fr,zh,安全,"Le contraire de ""安全"" est """,危险,6,12,21.125,20.375,-0.75
gemma-2-2b,58,desc,desc,fr,zh,积极,"Le contraire de ""积极"" est """,消极,0,0,21.5,23.5,2.0
gemma-2-2b,58,desc,val,fr,zh,积极,"Le contraire de ""积极"" est """,消极,0,0,21.5,25.125,3.625
gemma-2-2b,58,desc,freq,fr,zh,积极,"Le contraire de ""积极"" est """,消极,0,0,21.5,22.625,1.125
gemma-2-2b,58,val,desc,fr,zh,积极,"Le contraire de ""积极"" est """,消极,0,0,21.5,25.75,4.25
gemma-2-2b,58,val,val,fr,zh,积极,"Le contraire de ""积极"" est """,消极,0,1,21.5,25.25,3.75
gemma-2-2b,58,val,freq,fr,zh,积极,"Le contraire de ""积极"" est """,消极,0,0,21.5,24.0,2.5
gemma-2-2b,58,freq,desc,fr,zh,积极,"Le contraire de ""积极"" est """,消极,0,0,21.5,23.5,2.0
gemma-2-2b,58,freq,val,fr,zh,积极,"Le contraire de ""积极"" est """,消极,0,1,21.5,23.625,2.125
gemma-2-2b,58,freq,freq,fr,zh,积极,"Le contraire de ""积极"" est """,消极,0,0,21.5,23.875,2.375
gemma-2-2b,59,desc,desc,fr,zh,直,"Le contraire de ""直"" est """,弯,0,9,18.125,18.0,-0.125
gemma-2-2b,59,desc,val,fr,zh,直,"Le contraire de ""直"" est """,弯,0,5,18.125,20.25,2.125
gemma-2-2b,59,desc,freq,fr,zh,直,"Le contraire de ""直"" est """,弯,0,1,18.125,20.375,2.25
gemma-2-2b,59,val,desc,fr,zh,直,"Le contraire de ""直"" est """,弯,0,21,18.125,21.125,3.0
gemma-2-2b,59,val,val,fr,zh,直,"Le contraire de ""直"" est """,弯,0,20,18.125,20.5,2.375
gemma-2-2b,59,val,freq,fr,zh,直,"Le contraire de ""直"" est """,弯,0,6,18.125,21.0,2.875
gemma-2-2b,59,freq,desc,fr,zh,直,"Le contraire de ""直"" est """,弯,0,7,18.125,17.5,-0.625
gemma-2-2b,59,freq,val,fr,zh,直,"Le contraire de ""直"" est """,弯,0,9,18.125,17.875,-0.25
gemma-2-2b,59,freq,freq,fr,zh,直,"Le contraire de ""直"" est """,弯,0,4,18.125,17.75,-0.375
gemma-2-2b,60,desc,desc,fr,zh,完整,"Le contraire de ""完整"" est """,部分,46,67,18.625,19.125,0.5
gemma-2-2b,60,desc,val,fr,zh,完整,"Le contraire de ""完整"" est """,部分,46,47,18.625,18.75,0.125
gemma-2-2b,60,desc,freq,fr,zh,完整,"Le contraire de ""完整"" est """,部分,46,6,18.625,19.625,1.0
gemma-2-2b,60,val,desc,fr,zh,完整,"Le contraire de ""完整"" est """,部分,46,73,18.625,20.125,1.5
gemma-2-2b,60,val,val,fr,zh,完整,"Le contraire de ""完整"" est """,部分,46,194,18.625,18.875,0.25
gemma-2-2b,60,val,freq,fr,zh,完整,"Le contraire de ""完整"" est """,部分,46,37,18.625,20.125,1.5
gemma-2-2b,60,freq,desc,fr,zh,完整,"Le contraire de ""完整"" est """,部分,46,47,18.625,18.875,0.25
gemma-2-2b,60,freq,val,fr,zh,完整,"Le contraire de ""完整"" est """,部分,46,81,18.625,17.25,-1.375
gemma-2-2b,60,freq,freq,fr,zh,完整,"Le contraire de ""完整"" est """,部分,46,54,18.625,18.75,0.125
gemma-2-2b,61,desc,desc,fr,zh,平静,"Le contraire de ""平静"" est """,骚乱,10,65,18.25,17.75,-0.5
gemma-2-2b,61,desc,val,fr,zh,平静,"Le contraire de ""平静"" est """,骚乱,10,60,18.25,18.125,-0.125
gemma-2-2b,61,desc,freq,fr,zh,平静,"Le contraire de ""平静"" est """,骚乱,10,15,18.25,16.5,-1.75
gemma-2-2b,61,val,desc,fr,zh,平静,"Le contraire de ""平静"" est """,骚乱,10,108,18.25,18.875,0.625
gemma-2-2b,61,val,val,fr,zh,平静,"Le contraire de ""平静"" est """,骚乱,10,537,18.25,17.375,-0.875
gemma-2-2b,61,val,freq,fr,zh,平静,"Le contraire de ""平静"" est """,骚乱,10,49,18.25,17.25,-1.0
gemma-2-2b,61,freq,desc,fr,zh,平静,"Le contraire de ""平静"" est """,骚乱,10,50,18.25,18.0,-0.25
gemma-2-2b,61,freq,val,fr,zh,平静,"Le contraire de ""平静"" est """,骚乱,10,73,18.25,17.625,-0.625
gemma-2-2b,61,freq,freq,fr,zh,平静,"Le contraire de ""平静"" est """,骚乱,10,74,18.25,17.75,-0.5
gemma-2-2b,62,desc,desc,fr,zh,正确,"Le contraire de ""正确"" est """,错误,0,0,24.25,25.25,1.0
gemma-2-2b,62,desc,val,fr,zh,正确,"Le contraire de ""正确"" est """,错误,0,0,24.25,25.125,0.875
gemma-2-2b,62,desc,freq,fr,zh,正确,"Le contraire de ""正确"" est """,错误,0,0,24.25,23.875,-0.375
gemma-2-2b,62,val,desc,fr,zh,正确,"Le contraire de ""正确"" est """,错误,0,0,24.25,26.125,1.875
gemma-2-2b,62,val,val,fr,zh,正确,"Le contraire de ""正确"" est """,错误,0,3,24.25,25.625,1.375
gemma-2-2b,62,val,freq,fr,zh,正确,"Le contraire de ""正确"" est """,错误,0,1,24.25,24.75,0.5
gemma-2-2b,62,freq,desc,fr,zh,正确,"Le contraire de ""正确"" est """,错误,0,0,24.25,25.0,0.75
gemma-2-2b,62,freq,val,fr,zh,正确,"Le contraire de ""正确"" est """,错误,0,0,24.25,24.5,0.25
gemma-2-2b,62,freq,freq,fr,zh,正确,"Le contraire de ""正确"" est """,错误,0,0,24.25,25.125,0.875
gemma-2-2b,63,desc,desc,fr,zh,复杂,"Le contraire de ""复杂"" est """,简单,2,2,21.625,21.375,-0.25
gemma-2-2b,63,desc,val,fr,zh,复杂,"Le contraire de ""复杂"" est """,简单,2,4,21.625,21.5,-0.125
gemma-2-2b,63,desc,freq,fr,zh,复杂,"Le contraire de ""复杂"" est """,简单,2,0,21.625,20.5,-1.125
gemma-2-2b,63,val,desc,fr,zh,复杂,"Le contraire de ""复杂"" est """,简单,2,4,21.625,22.875,1.25
gemma-2-2b,63,val,val,fr,zh,复杂,"Le contraire de ""复杂"" est """,简单,2,9,21.625,21.5,-0.125
gemma-2-2b,63,val,freq,fr,zh,复杂,"Le contraire de ""复杂"" est """,简单,2,1,21.625,21.875,0.25
gemma-2-2b,63,freq,desc,fr,zh,复杂,"Le contraire de ""复杂"" est """,简单,2,2,21.625,21.25,-0.375
gemma-2-2b,63,freq,val,fr,zh,复杂,"Le contraire de ""复杂"" est """,简单,2,5,21.625,20.125,-1.5
gemma-2-2b,63,freq,freq,fr,zh,复杂,"Le contraire de ""复杂"" est """,简单,2,3,21.625,21.25,-0.375
gemma-2-2b,64,desc,desc,fr,zh,有效,"Le contraire de ""有效"" est """,无效,0,2,24.25,23.5,-0.75
gemma-2-2b,64,desc,val,fr,zh,有效,"Le contraire de ""有效"" est """,无效,0,2,24.25,22.875,-1.375
gemma-2-2b,64,desc,freq,fr,zh,有效,"Le contraire de ""有效"" est """,无效,0,0,24.25,23.5,-0.75
gemma-2-2b,64,val,desc,fr,zh,有效,"Le contraire de ""有效"" est """,无效,0,5,24.25,23.5,-0.75
gemma-2-2b,64,val,val,fr,zh,有效,"Le contraire de ""有效"" est """,无效,0,12,24.25,23.5,-0.75
gemma-2-2b,64,val,freq,fr,zh,有效,"Le contraire de ""有效"" est """,无效,0,1,24.25,23.875,-0.375
gemma-2-2b,64,freq,desc,fr,zh,有效,"Le contraire de ""有效"" est """,无效,0,2,24.25,23.5,-0.75
gemma-2-2b,64,freq,val,fr,zh,有效,"Le contraire de ""有效"" est """,无效,0,2,24.25,23.125,-1.125
gemma-2-2b,64,freq,freq,fr,zh,有效,"Le contraire de ""有效"" est """,无效,0,2,24.25,23.875,-0.375
gemma-2-2b,65,desc,desc,fr,zh,著名,"Le contraire de ""著名"" est """,不为人知,5,9,19.75,20.125,0.375
gemma-2-2b,65,desc,val,fr,zh,著名,"Le contraire de ""著名"" est """,不为人知,5,2,19.75,21.25,1.5
gemma-2-2b,65,desc,freq,fr,zh,著名,"Le contraire de ""著名"" est """,不为人知,5,0,19.75,21.0,1.25
gemma-2-2b,65,val,desc,fr,zh,著名,"Le contraire de ""著名"" est """,不为人知,5,1,19.75,22.875,3.125
gemma-2-2b,65,val,val,fr,zh,著名,"Le contraire de ""著名"" est """,不为人知,5,45,19.75,20.375,0.625
gemma-2-2b,65,val,freq,fr,zh,著名,"Le contraire de ""著名"" est """,不为人知,5,2,19.75,22.5,2.75
gemma-2-2b,65,freq,desc,fr,zh,著名,"Le contraire de ""著名"" est """,不为人知,5,6,19.75,20.25,0.5
gemma-2-2b,65,freq,val,fr,zh,著名,"Le contraire de ""著名"" est """,不为人知,5,23,19.75,18.75,-1.0
gemma-2-2b,65,freq,freq,fr,zh,著名,"Le contraire de ""著名"" est """,不为人知,5,8,19.75,19.875,0.125
gemma-2-2b,66,desc,desc,fr,zh,慷慨,"Le contraire de ""慷慨"" est """,吝啬,0,0,20.75,21.125,0.375
gemma-2-2b,66,desc,val,fr,zh,慷慨,"Le contraire de ""慷慨"" est """,吝啬,0,1,20.75,21.5,0.75
gemma-2-2b,66,desc,freq,fr,zh,慷慨,"Le contraire de ""慷慨"" est """,吝啬,0,0,20.75,18.5,-2.25
gemma-2-2b,66,val,desc,fr,zh,慷慨,"Le contraire de ""慷慨"" est """,吝啬,0,5,20.75,22.25,1.5
gemma-2-2b,66,val,val,fr,zh,慷慨,"Le contraire de ""慷慨"" est """,吝啬,0,3,20.75,22.75,2.0
gemma-2-2b,66,val,freq,fr,zh,慷慨,"Le contraire de ""慷慨"" est """,吝啬,0,9,20.75,18.25,-2.5
gemma-2-2b,66,freq,desc,fr,zh,慷慨,"Le contraire de ""慷慨"" est """,吝啬,0,1,20.75,20.375,-0.375
gemma-2-2b,66,freq,val,fr,zh,慷慨,"Le contraire de ""慷慨"" est """,吝啬,0,1,20.75,20.625,-0.125
gemma-2-2b,66,freq,freq,fr,zh,慷慨,"Le contraire de ""慷慨"" est """,吝啬,0,0,20.75,21.0,0.25
gemma-2-2b,67,desc,desc,fr,zh,高兴,"Le contraire de ""高兴"" est """,不高兴,0,1,17.625,20.125,2.5
gemma-2-2b,67,desc,val,fr,zh,高兴,"Le contraire de ""高兴"" est """,不高兴,0,2,17.625,20.75,3.125
gemma-2-2b,67,desc,freq,fr,zh,高兴,"Le contraire de ""高兴"" est """,不高兴,0,0,17.625,19.25,1.625
gemma-2-2b,67,val,desc,fr,zh,高兴,"Le contraire de ""高兴"" est """,不高兴,0,1,17.625,22.75,5.125
gemma-2-2b,67,val,val,fr,zh,高兴,"Le contraire de ""高兴"" est """,不高兴,0,3,17.625,22.375,4.75
gemma-2-2b,67,val,freq,fr,zh,高兴,"Le contraire de ""高兴"" est """,不高兴,0,1,17.625,21.25,3.625
gemma-2-2b,67,freq,desc,fr,zh,高兴,"Le contraire de ""高兴"" est """,不高兴,0,3,17.625,21.25,3.625
gemma-2-2b,67,freq,val,fr,zh,高兴,"Le contraire de ""高兴"" est """,不高兴,0,3,17.625,20.625,3.0
gemma-2-2b,67,freq,freq,fr,zh,高兴,"Le contraire de ""高兴"" est """,不高兴,0,3,17.625,21.0,3.375
gemma-2-2b,68,desc,desc,fr,zh,健康,"Le contraire de ""健康"" est """,不健康,0,0,20.75,21.5,0.75
gemma-2-2b,68,desc,val,fr,zh,健康,"Le contraire de ""健康"" est """,不健康,0,1,20.75,22.375,1.625
gemma-2-2b,68,desc,freq,fr,zh,健康,"Le contraire de ""健康"" est """,不健康,0,0,20.75,21.25,0.5
gemma-2-2b,68,val,desc,fr,zh,健康,"Le contraire de ""健康"" est """,不健康,0,1,20.75,23.875,3.125
gemma-2-2b,68,val,val,fr,zh,健康,"Le contraire de ""健康"" est """,不健康,0,5,20.75,22.875,2.125
gemma-2-2b,68,val,freq,fr,zh,健康,"Le contraire de ""健康"" est """,不健康,0,0,20.75,22.75,2.0
gemma-2-2b,68,freq,desc,fr,zh,健康,"Le contraire de ""健康"" est """,不健康,0,0,20.75,21.25,0.5
gemma-2-2b,68,freq,val,fr,zh,健康,"Le contraire de ""健康"" est """,不健康,0,0,20.75,21.125,0.375
gemma-2-2b,68,freq,freq,fr,zh,健康,"Le contraire de ""健康"" est """,不健康,0,0,20.75,20.875,0.125
gemma-2-2b,69,desc,desc,fr,zh,高,"Le contraire de ""高"" est """,低,0,0,21.5,22.75,1.25
gemma-2-2b,69,desc,val,fr,zh,高,"Le contraire de ""高"" est """,低,0,0,21.5,22.625,1.125
gemma-2-2b,69,desc,freq,fr,zh,高,"Le contraire de ""高"" est """,低,0,0,21.5,21.5,0.0
gemma-2-2b,69,val,desc,fr,zh,高,"Le contraire de ""高"" est """,低,0,0,21.5,25.0,3.5
gemma-2-2b,69,val,val,fr,zh,高,"Le contraire de ""高"" est """,低,0,1,21.5,24.625,3.125
gemma-2-2b,69,val,freq,fr,zh,高,"Le contraire de ""高"" est """,低,0,0,21.5,23.25,1.75
gemma-2-2b,69,freq,desc,fr,zh,高,"Le contraire de ""高"" est """,低,0,0,21.5,21.875,0.375
gemma-2-2b,69,freq,val,fr,zh,高,"Le contraire de ""高"" est """,低,0,0,21.5,21.625,0.125
gemma-2-2b,69,freq,freq,fr,zh,高,"Le contraire de ""高"" est """,低,0,0,21.5,21.5,0.0
gemma-2-2b,70,desc,desc,fr,zh,重要,"Le contraire de ""重要"" est """,不重要,2,2,20.75,21.375,0.625
gemma-2-2b,70,desc,val,fr,zh,重要,"Le contraire de ""重要"" est """,不重要,2,1,20.75,21.875,1.125
gemma-2-2b,70,desc,freq,fr,zh,重要,"Le contraire de ""重要"" est """,不重要,2,0,20.75,22.25,1.5
gemma-2-2b,70,val,desc,fr,zh,重要,"Le contraire de ""重要"" est """,不重要,2,1,20.75,23.875,3.125
gemma-2-2b,70,val,val,fr,zh,重要,"Le contraire de ""重要"" est """,不重要,2,18,20.75,21.5,0.75
gemma-2-2b,70,val,freq,fr,zh,重要,"Le contraire de ""重要"" est """,不重要,2,1,20.75,23.875,3.125
gemma-2-2b,70,freq,desc,fr,zh,重要,"Le contraire de ""重要"" est """,不重要,2,3,20.75,21.25,0.5
gemma-2-2b,70,freq,val,fr,zh,重要,"Le contraire de ""重要"" est """,不重要,2,5,20.75,20.0,-0.75
gemma-2-2b,70,freq,freq,fr,zh,重要,"Le contraire de ""重要"" est """,不重要,2,2,20.75,20.875,0.125
gemma-2-2b,71,desc,desc,fr,zh,无辜,"Le contraire de ""无辜"" est """,有罪,1,5,18.375,20.25,1.875
gemma-2-2b,71,desc,val,fr,zh,无辜,"Le contraire de ""无辜"" est """,有罪,1,1,18.375,21.5,3.125
gemma-2-2b,71,desc,freq,fr,zh,无辜,"Le contraire de ""无辜"" est """,有罪,1,0,18.375,19.75,1.375
gemma-2-2b,71,val,desc,fr,zh,无辜,"Le contraire de ""无辜"" est """,有罪,1,1,18.375,22.875,4.5
gemma-2-2b,71,val,val,fr,zh,无辜,"Le contraire de ""无辜"" est """,有罪,1,7,18.375,22.75,4.375
gemma-2-2b,71,val,freq,fr,zh,无辜,"Le contraire de ""无辜"" est """,有罪,1,0,18.375,21.125,2.75
gemma-2-2b,71,freq,desc,fr,zh,无辜,"Le contraire de ""无辜"" est """,有罪,1,3,18.375,20.25,1.875
gemma-2-2b,71,freq,val,fr,zh,无辜,"Le contraire de ""无辜"" est """,有罪,1,4,18.375,20.0,1.625
gemma-2-2b,71,freq,freq,fr,zh,无辜,"Le contraire de ""无辜"" est """,有罪,1,6,18.375,20.125,1.75
gemma-2-2b,72,desc,desc,fr,zh,已知,"Le contraire de ""已知"" est """,未知,0,0,23.875,24.125,0.25
gemma-2-2b,72,desc,val,fr,zh,已知,"Le contraire de ""已知"" est """,未知,0,1,23.875,23.875,0.0
gemma-2-2b,72,desc,freq,fr,zh,已知,"Le contraire de ""已知"" est """,未知,0,0,23.875,23.0,-0.875
gemma-2-2b,72,val,desc,fr,zh,已知,"Le contraire de ""已知"" est """,未知,0,1,23.875,25.25,1.375
gemma-2-2b,72,val,val,fr,zh,已知,"Le contraire de ""已知"" est """,未知,0,2,23.875,25.0,1.125
gemma-2-2b,72,val,freq,fr,zh,已知,"Le contraire de ""已知"" est """,未知,0,0,23.875,24.375,0.5
gemma-2-2b,72,freq,desc,fr,zh,已知,"Le contraire de ""已知"" est """,未知,0,1,23.875,23.75,-0.125
gemma-2-2b,72,freq,val,fr,zh,已知,"Le contraire de ""已知"" est """,未知,0,1,23.875,23.125,-0.75
gemma-2-2b,72,freq,freq,fr,zh,已知,"Le contraire de ""已知"" est """,未知,0,1,23.875,24.125,0.25
gemma-2-2b,73,desc,desc,fr,zh,男性,"Le contraire de ""男性"" est """,女性,0,0,21.125,22.375,1.25
gemma-2-2b,73,desc,val,fr,zh,男性,"Le contraire de ""男性"" est """,女性,0,0,21.125,22.875,1.75
gemma-2-2b,73,desc,freq,fr,zh,男性,"Le contraire de ""男性"" est """,女性,0,0,21.125,20.875,-0.25
gemma-2-2b,73,val,desc,fr,zh,男性,"Le contraire de ""男性"" est """,女性,0,0,21.125,23.5,2.375
gemma-2-2b,73,val,val,fr,zh,男性,"Le contraire de ""男性"" est """,女性,0,0,21.125,23.5,2.375
gemma-2-2b,73,val,freq,fr,zh,男性,"Le contraire de ""男性"" est """,女性,0,0,21.125,22.125,1.0
gemma-2-2b,73,freq,desc,fr,zh,男性,"Le contraire de ""男性"" est """,女性,0,0,21.125,21.375,0.25
gemma-2-2b,73,freq,val,fr,zh,男性,"Le contraire de ""男性"" est """,女性,0,0,21.125,20.75,-0.375
gemma-2-2b,73,freq,freq,fr,zh,男性,"Le contraire de ""男性"" est """,女性,0,0,21.125,21.25,0.125
gemma-2-2b,74,desc,desc,fr,zh,正常,"Le contraire de ""正常"" est """,不正常,4,5,21.375,21.875,0.5
gemma-2-2b,74,desc,val,fr,zh,正常,"Le contraire de ""正常"" est """,不正常,4,5,21.375,22.25,0.875
gemma-2-2b,74,desc,freq,fr,zh,正常,"Le contraire de ""正常"" est """,不正常,4,1,21.375,22.5,1.125
gemma-2-2b,74,val,desc,fr,zh,正常,"Le contraire de ""正常"" est """,不正常,4,4,21.375,23.625,2.25
gemma-2-2b,74,val,val,fr,zh,正常,"Le contraire de ""正常"" est """,不正常,4,17,21.375,22.625,1.25
gemma-2-2b,74,val,freq,fr,zh,正常,"Le contraire de ""正常"" est """,不正常,4,2,21.375,23.125,1.75
gemma-2-2b,74,freq,desc,fr,zh,正常,"Le contraire de ""正常"" est """,不正常,4,4,21.375,22.0,0.625
gemma-2-2b,74,freq,val,fr,zh,正常,"Le contraire de ""正常"" est """,不正常,4,6,21.375,21.25,-0.125
gemma-2-2b,74,freq,freq,fr,zh,正常,"Le contraire de ""正常"" est """,不正常,4,3,21.375,21.875,0.5
gemma-2-2b,75,desc,desc,fr,zh,可能,"Le contraire de ""可能"" est """,不可能,0,1,22.5,22.875,0.375
gemma-2-2b,75,desc,val,fr,zh,可能,"Le contraire de ""可能"" est """,不可能,0,0,22.5,23.25,0.75
gemma-2-2b,75,desc,freq,fr,zh,可能,"Le contraire de ""可能"" est """,不可能,0,0,22.5,19.75,-2.75
gemma-2-2b,75,val,desc,fr,zh,可能,"Le contraire de ""可能"" est """,不可能,0,4,22.5,23.5,1.0
gemma-2-2b,75,val,val,fr,zh,可能,"Le contraire de ""可能"" est """,不可能,0,3,22.5,23.5,1.0
gemma-2-2b,75,val,freq,fr,zh,可能,"Le contraire de ""可能"" est """,不可能,0,3,22.5,20.0,-2.5
gemma-2-2b,75,freq,desc,fr,zh,可能,"Le contraire de ""可能"" est """,不可能,0,1,22.5,22.125,-0.375
gemma-2-2b,75,freq,val,fr,zh,可能,"Le contraire de ""可能"" est """,不可能,0,1,22.5,21.75,-0.75
gemma-2-2b,75,freq,freq,fr,zh,可能,"Le contraire de ""可能"" est """,不可能,0,1,22.5,22.625,0.125
gemma-2-2b,76,desc,desc,fr,zh,私人,"Le contraire de ""私人"" est """,公共,3,6,21.0,21.5,0.5
gemma-2-2b,76,desc,val,fr,zh,私人,"Le contraire de ""私人"" est """,公共,3,7,21.0,22.125,1.125
gemma-2-2b,76,desc,freq,fr,zh,私人,"Le contraire de ""私人"" est """,公共,3,3,21.0,19.875,-1.125
gemma-2-2b,76,val,desc,fr,zh,私人,"Le contraire de ""私人"" est """,公共,3,9,21.0,23.875,2.875
gemma-2-2b,76,val,val,fr,zh,私人,"Le contraire de ""私人"" est """,公共,3,12,21.0,23.5,2.5
gemma-2-2b,76,val,freq,fr,zh,私人,"Le contraire de ""私人"" est """,公共,3,2,21.0,23.25,2.25
gemma-2-2b,76,freq,desc,fr,zh,私人,"Le contraire de ""私人"" est """,公共,3,5,21.0,21.125,0.125
gemma-2-2b,76,freq,val,fr,zh,私人,"Le contraire de ""私人"" est """,公共,3,8,21.0,21.25,0.25
gemma-2-2b,76,freq,freq,fr,zh,私人,"Le contraire de ""私人"" est """,公共,3,5,21.0,21.125,0.125
gemma-2-2b,77,desc,desc,fr,zh,对,"Le contraire de ""对"" est """,错,0,1,22.75,23.5,0.75
gemma-2-2b,77,desc,val,fr,zh,对,"Le contraire de ""对"" est """,错,0,0,22.75,23.625,0.875
gemma-2-2b,77,desc,freq,fr,zh,对,"Le contraire de ""对"" est """,错,0,0,22.75,21.375,-1.375
gemma-2-2b,77,val,desc,fr,zh,对,"Le contraire de ""对"" est """,错,0,0,22.75,24.0,1.25
gemma-2-2b,77,val,val,fr,zh,对,"Le contraire de ""对"" est """,错,0,3,22.75,23.875,1.125
gemma-2-2b,77,val,freq,fr,zh,对,"Le contraire de ""对"" est """,错,0,0,22.75,20.25,-2.5
gemma-2-2b,77,freq,desc,fr,zh,对,"Le contraire de ""对"" est """,错,0,0,22.75,24.25,1.5
gemma-2-2b,77,freq,val,fr,zh,对,"Le contraire de ""对"" est """,错,0,0,22.75,23.375,0.625
gemma-2-2b,77,freq,freq,fr,zh,对,"Le contraire de ""对"" est """,错,0,0,22.75,24.25,1.5
gemma-2-2b,78,desc,desc,fr,zh,简单,"Le contraire de ""简单"" est """,复杂,1,8,21.875,21.625,-0.25
gemma-2-2b,78,desc,val,fr,zh,简单,"Le contraire de ""简单"" est """,复杂,1,10,21.875,21.0,-0.875
gemma-2-2b,78,desc,freq,fr,zh,简单,"Le contraire de ""简单"" est """,复杂,1,3,21.875,21.0,-0.875
gemma-2-2b,78,val,desc,fr,zh,简单,"Le contraire de ""简单"" est """,复杂,1,30,21.875,21.875,0.0
gemma-2-2b,78,val,val,fr,zh,简单,"Le contraire de ""简单"" est """,复杂,1,39,21.875,21.5,-0.375
gemma-2-2b,78,val,freq,fr,zh,简单,"Le contraire de ""简单"" est """,复杂,1,16,21.875,21.5,-0.375
gemma-2-2b,78,freq,desc,fr,zh,简单,"Le contraire de ""简单"" est """,复杂,1,10,21.875,20.875,-1.0
gemma-2-2b,78,freq,val,fr,zh,简单,"Le contraire de ""简单"" est """,复杂,1,15,21.875,19.75,-2.125
gemma-2-2b,78,freq,freq,fr,zh,简单,"Le contraire de ""简单"" est """,复杂,1,10,21.875,21.0,-0.875
gemma-2-2b,79,desc,desc,fr,zh,甜,"Le contraire de ""甜"" est """,苦,0,0,18.875,21.5,2.625
gemma-2-2b,79,desc,val,fr,zh,甜,"Le contraire de ""甜"" est """,苦,0,0,18.875,21.0,2.125
gemma-2-2b,79,desc,freq,fr,zh,甜,"Le contraire de ""甜"" est """,苦,0,1,18.875,17.5,-1.375
gemma-2-2b,79,val,desc,fr,zh,甜,"Le contraire de ""甜"" est """,苦,0,0,18.875,23.0,4.125
gemma-2-2b,79,val,val,fr,zh,甜,"Le contraire de ""甜"" est """,苦,0,2,18.875,23.125,4.25
gemma-2-2b,79,val,freq,fr,zh,甜,"Le contraire de ""甜"" est """,苦,0,3,18.875,18.25,-0.625
gemma-2-2b,79,freq,desc,fr,zh,甜,"Le contraire de ""甜"" est """,苦,0,0,18.875,21.125,2.25
gemma-2-2b,79,freq,val,fr,zh,甜,"Le contraire de ""甜"" est """,苦,0,0,18.875,20.375,1.5
gemma-2-2b,79,freq,freq,fr,zh,甜,"Le contraire de ""甜"" est """,苦,0,0,18.875,21.125,2.25
gemma-2-2b,80,desc,desc,fr,zh,可见,"Le contraire de ""可见"" est """,不可见,0,1,21.125,21.625,0.5
gemma-2-2b,80,desc,val,fr,zh,可见,"Le contraire de ""可见"" est """,不可见,0,1,21.125,22.375,1.25
gemma-2-2b,80,desc,freq,fr,zh,可见,"Le contraire de ""可见"" est """,不可见,0,0,21.125,21.25,0.125
gemma-2-2b,80,val,desc,fr,zh,可见,"Le contraire de ""可见"" est """,不可见,0,0,21.125,24.25,3.125
gemma-2-2b,80,val,val,fr,zh,可见,"Le contraire de ""可见"" est """,不可见,0,1,21.125,23.125,2.0
gemma-2-2b,80,val,freq,fr,zh,可见,"Le contraire de ""可见"" est """,不可见,0,0,21.125,23.75,2.625
gemma-2-2b,80,freq,desc,fr,zh,可见,"Le contraire de ""可见"" est """,不可见,0,1,21.125,22.125,1.0
gemma-2-2b,80,freq,val,fr,zh,可见,"Le contraire de ""可见"" est """,不可见,0,1,21.125,22.0,0.875
gemma-2-2b,80,freq,freq,fr,zh,可见,"Le contraire de ""可见"" est """,不可见,0,1,21.125,22.125,1.0
gemma-2-2b,81,desc,desc,fr,zh,暖和,"Le contraire de ""暖和"" est """,冷,2,2,20.0,21.375,1.375
gemma-2-2b,81,desc,val,fr,zh,暖和,"Le contraire de ""暖和"" est """,冷,2,2,20.0,21.875,1.875
gemma-2-2b,81,desc,freq,fr,zh,暖和,"Le contraire de ""暖和"" est """,冷,2,1,20.0,20.25,0.25
gemma-2-2b,81,val,desc,fr,zh,暖和,"Le contraire de ""暖和"" est """,冷,2,2,20.0,23.375,3.375
gemma-2-2b,81,val,val,fr,zh,暖和,"Le contraire de ""暖和"" est """,冷,2,5,20.0,22.75,2.75
gemma-2-2b,81,val,freq,fr,zh,暖和,"Le contraire de ""暖和"" est """,冷,2,1,20.0,21.5,1.5
gemma-2-2b,81,freq,desc,fr,zh,暖和,"Le contraire de ""暖和"" est """,冷,2,1,20.0,20.375,0.375
gemma-2-2b,81,freq,val,fr,zh,暖和,"Le contraire de ""暖和"" est """,冷,2,2,20.0,20.375,0.375
gemma-2-2b,81,freq,freq,fr,zh,暖和,"Le contraire de ""暖和"" est """,冷,2,1,20.0,20.625,0.625
gemma-2-2b,82,desc,desc,fr,zh,光滑,"Le contraire de ""光滑"" est """,粗糙,11,27,18.25,18.25,0.0
gemma-2-2b,82,desc,val,fr,zh,光滑,"Le contraire de ""光滑"" est """,粗糙,11,24,18.25,18.125,-0.125
gemma-2-2b,82,desc,freq,fr,zh,光滑,"Le contraire de ""光滑"" est """,粗糙,11,1,18.25,19.375,1.125
gemma-2-2b,82,val,desc,fr,zh,光滑,"Le contraire de ""光滑"" est """,粗糙,11,12,18.25,21.25,3.0
gemma-2-2b,82,val,val,fr,zh,光滑,"Le contraire de ""光滑"" est """,粗糙,11,87,18.25,18.875,0.625
gemma-2-2b,82,val,freq,fr,zh,光滑,"Le contraire de ""光滑"" est """,粗糙,11,2,18.25,21.375,3.125
gemma-2-2b,82,freq,desc,fr,zh,光滑,"Le contraire de ""光滑"" est """,粗糙,11,15,18.25,18.125,-0.125
gemma-2-2b,82,freq,val,fr,zh,光滑,"Le contraire de ""光滑"" est """,粗糙,11,38,18.25,16.25,-2.0
gemma-2-2b,82,freq,freq,fr,zh,光滑,"Le contraire de ""光滑"" est """,粗糙,11,16,18.25,18.25,0.0
gemma-2-2b,83,desc,desc,fr,zh,薄,"Le contraire de ""薄"" est """,厚,0,0,20.125,21.5,1.375
gemma-2-2b,83,desc,val,fr,zh,薄,"Le contraire de ""薄"" est """,厚,0,0,20.125,22.0,1.875
gemma-2-2b,83,desc,freq,fr,zh,薄,"Le contraire de ""薄"" est """,厚,0,0,20.125,19.75,-0.375
gemma-2-2b,83,val,desc,fr,zh,薄,"Le contraire de ""薄"" est """,厚,0,0,20.125,24.625,4.5
gemma-2-2b,83,val,val,fr,zh,薄,"Le contraire de ""薄"" est """,厚,0,0,20.125,23.5,3.375
gemma-2-2b,83,val,freq,fr,zh,薄,"Le contraire de ""薄"" est """,厚,0,0,20.125,22.0,1.875
gemma-2-2b,83,freq,desc,fr,zh,薄,"Le contraire de ""薄"" est """,厚,0,0,20.125,20.375,0.25
gemma-2-2b,83,freq,val,fr,zh,薄,"Le contraire de ""薄"" est """,厚,0,0,20.125,20.125,0.0
gemma-2-2b,83,freq,freq,fr,zh,薄,"Le contraire de ""薄"" est """,厚,0,0,20.125,20.375,0.25
gemma-2-2b,84,desc,desc,fr,zh,高,"Le contraire de ""高"" est """,矮,7,10,17.375,17.875,0.5
gemma-2-2b,84,desc,val,fr,zh,高,"Le contraire de ""高"" est """,矮,7,11,17.375,18.75,1.375
gemma-2-2b,84,desc,freq,fr,zh,高,"Le contraire de ""高"" est """,矮,7,16,17.375,15.9375,-1.4375
gemma-2-2b,84,val,desc,fr,zh,高,"Le contraire de ""高"" est """,矮,7,16,17.375,20.875,3.5
gemma-2-2b,84,val,val,fr,zh,高,"Le contraire de ""高"" est """,矮,7,29,17.375,19.875,2.5
gemma-2-2b,84,val,freq,fr,zh,高,"Le contraire de ""高"" est """,矮,7,22,17.375,17.0,-0.375
gemma-2-2b,84,freq,desc,fr,zh,高,"Le contraire de ""高"" est """,矮,7,8,17.375,17.125,-0.25
gemma-2-2b,84,freq,val,fr,zh,高,"Le contraire de ""高"" est """,矮,7,13,17.375,16.875,-0.5
gemma-2-2b,84,freq,freq,fr,zh,高,"Le contraire de ""高"" est """,矮,7,8,17.375,17.0,-0.375
gemma-2-2b,85,desc,desc,fr,zh,已婚,"Le contraire de ""已婚"" est """,未婚,2,2,21.875,22.375,0.5
gemma-2-2b,85,desc,val,fr,zh,已婚,"Le contraire de ""已婚"" est """,未婚,2,0,21.875,22.125,0.25
gemma-2-2b,85,desc,freq,fr,zh,已婚,"Le contraire de ""已婚"" est """,未婚,2,0,21.875,19.875,-2.0
gemma-2-2b,85,val,desc,fr,zh,已婚,"Le contraire de ""已婚"" est """,未婚,2,0,21.875,24.375,2.5
gemma-2-2b,85,val,val,fr,zh,已婚,"Le contraire de ""已婚"" est """,未婚,2,4,21.875,23.125,1.25
gemma-2-2b,85,val,freq,fr,zh,已婚,"Le contraire de ""已婚"" est """,未婚,2,0,21.875,22.625,0.75
gemma-2-2b,85,freq,desc,fr,zh,已婚,"Le contraire de ""已婚"" est """,未婚,2,1,21.875,22.375,0.5
gemma-2-2b,85,freq,val,fr,zh,已婚,"Le contraire de ""已婚"" est """,未婚,2,2,21.875,21.5,-0.375
gemma-2-2b,85,freq,freq,fr,zh,已婚,"Le contraire de ""已婚"" est """,未婚,2,1,21.875,22.125,0.25
gemma-2-2b,86,desc,desc,fr,zh,乐观,"Le contraire de ""乐观"" est """,悲观,0,1,19.375,20.75,1.375
gemma-2-2b,86,desc,val,fr,zh,乐观,"Le contraire de ""乐观"" est """,悲观,0,1,19.375,21.625,2.25
gemma-2-2b,86,desc,freq,fr,zh,乐观,"Le contraire de ""乐观"" est """,悲观,0,0,19.375,18.625,-0.75
gemma-2-2b,86,val,desc,fr,zh,乐观,"Le contraire de ""乐观"" est """,悲观,0,3,19.375,23.75,4.375
gemma-2-2b,86,val,val,fr,zh,乐观,"Le contraire de ""乐观"" est """,悲观,0,7,19.375,23.125,3.75
gemma-2-2b,86,val,freq,fr,zh,乐观,"Le contraire de ""乐观"" est """,悲观,0,1,19.375,22.125,2.75
gemma-2-2b,86,freq,desc,fr,zh,乐观,"Le contraire de ""乐观"" est """,悲观,0,1,19.375,20.625,1.25
gemma-2-2b,86,freq,val,fr,zh,乐观,"Le contraire de ""乐观"" est """,悲观,0,2,19.375,21.0,1.625
gemma-2-2b,86,freq,freq,fr,zh,乐观,"Le contraire de ""乐观"" est """,悲观,0,1,19.375,20.875,1.5
gemma-2-2b,87,desc,desc,fr,zh,永久,"Le contraire de ""永久"" est """,临时,70,95,17.0,17.25,0.25
gemma-2-2b,87,desc,val,fr,zh,永久,"Le contraire de ""永久"" est """,临时,70,198,17.0,15.9375,-1.0625
gemma-2-2b,87,desc,freq,fr,zh,永久,"Le contraire de ""永久"" est """,临时,70,50,17.0,14.0625,-2.9375
gemma-2-2b,87,val,desc,fr,zh,永久,"Le contraire de ""永久"" est """,临时,70,643,17.0,16.375,-0.625
gemma-2-2b,87,val,val,fr,zh,永久,"Le contraire de ""永久"" est """,临时,70,1085,17.0,15.5,-1.5
gemma-2-2b,87,val,freq,fr,zh,永久,"Le contraire de ""永久"" est """,临时,70,245,17.0,14.4375,-2.5625
gemma-2-2b,87,freq,desc,fr,zh,永久,"Le contraire de ""永久"" est """,临时,70,71,17.0,17.0,0.0
gemma-2-2b,87,freq,val,fr,zh,永久,"Le contraire de ""永久"" est """,临时,70,108,17.0,16.125,-0.875
gemma-2-2b,87,freq,freq,fr,zh,永久,"Le contraire de ""永久"" est """,临时,70,79,17.0,16.875,-0.125
gemma-2-2b,88,desc,desc,fr,zh,现在,"Le contraire de ""现在"" est """,过去,3,19,20.375,20.75,0.375
gemma-2-2b,88,desc,val,fr,zh,现在,"Le contraire de ""现在"" est """,过去,3,5,20.375,21.5,1.125
gemma-2-2b,88,desc,freq,fr,zh,现在,"Le contraire de ""现在"" est """,过去,3,3,20.375,21.125,0.75
gemma-2-2b,88,val,desc,fr,zh,现在,"Le contraire de ""现在"" est """,过去,3,29,20.375,21.5,1.125
gemma-2-2b,88,val,val,fr,zh,现在,"Le contraire de ""现在"" est """,过去,3,100,20.375,20.25,-0.125
gemma-2-2b,88,val,freq,fr,zh,现在,"Le contraire de ""现在"" est """,过去,3,4,20.375,22.25,1.875
gemma-2-2b,88,freq,desc,fr,zh,现在,"Le contraire de ""现在"" est """,过去,3,25,20.375,20.375,0.0
gemma-2-2b,88,freq,val,fr,zh,现在,"Le contraire de ""现在"" est """,过去,3,22,20.375,19.875,-0.5
gemma-2-2b,88,freq,freq,fr,zh,现在,"Le contraire de ""现在"" est """,过去,3,29,20.375,20.125,-0.25
gemma-2-2b,89,desc,desc,fr,zh,公共,"Le contraire de ""公共"" est """,私人,15,22,17.875,18.0,0.125
gemma-2-2b,89,desc,val,fr,zh,公共,"Le contraire de ""公共"" est """,私人,15,17,17.875,19.25,1.375
gemma-2-2b,89,desc,freq,fr,zh,公共,"Le contraire de ""公共"" est """,私人,15,5,17.875,17.75,-0.125
gemma-2-2b,89,val,desc,fr,zh,公共,"Le contraire de ""公共"" est """,私人,15,40,17.875,19.5,1.625
gemma-2-2b,89,val,val,fr,zh,公共,"Le contraire de ""公共"" est """,私人,15,71,17.875,18.5,0.625
gemma-2-2b,89,val,freq,fr,zh,公共,"Le contraire de ""公共"" est """,私人,15,16,17.875,19.125,1.25
gemma-2-2b,89,freq,desc,fr,zh,公共,"Le contraire de ""公共"" est """,私人,15,28,17.875,17.5,-0.375
gemma-2-2b,89,freq,val,fr,zh,公共,"Le contraire de ""公共"" est """,私人,15,37,17.875,17.0,-0.875
gemma-2-2b,89,freq,freq,fr,zh,公共,"Le contraire de ""公共"" est """,私人,15,26,17.875,17.75,-0.125
gemma-2-2b,90,desc,desc,fr,zh,真实,"Le contraire de ""真实"" est """,虚假,0,1,21.625,22.25,0.625
gemma-2-2b,90,desc,val,fr,zh,真实,"Le contraire de ""真实"" est """,虚假,0,1,21.625,22.625,1.0
gemma-2-2b,90,desc,freq,fr,zh,真实,"Le contraire de ""真实"" est """,虚假,0,0,21.625,21.125,-0.5
gemma-2-2b,90,val,desc,fr,zh,真实,"Le contraire de ""真实"" est """,虚假,0,5,21.625,23.5,1.875
gemma-2-2b,90,val,val,fr,zh,真实,"Le contraire de ""真实"" est """,虚假,0,9,21.625,23.25,1.625
gemma-2-2b,90,val,freq,fr,zh,真实,"Le contraire de ""真实"" est """,虚假,0,2,21.625,21.25,-0.375
gemma-2-2b,90,freq,desc,fr,zh,真实,"Le contraire de ""真实"" est """,虚假,0,1,21.625,22.375,0.75
gemma-2-2b,90,freq,val,fr,zh,真实,"Le contraire de ""真实"" est """,虚假,0,1,21.625,21.75,0.125
gemma-2-2b,90,freq,freq,fr,zh,真实,"Le contraire de ""真实"" est """,虚假,0,1,21.625,22.625,1.0
gemma-2-2b,91,desc,desc,fr,zh,负责,"Le contraire de ""负责"" est """,不负责,0,1,21.75,23.25,1.5
gemma-2-2b,91,desc,val,fr,zh,负责,"Le contraire de ""负责"" est """,不负责,0,1,21.75,23.5,1.75
gemma-2-2b,91,desc,freq,fr,zh,负责,"Le contraire de ""负责"" est """,不负责,0,0,21.75,22.5,0.75
gemma-2-2b,91,val,desc,fr,zh,负责,"Le contraire de ""负责"" est """,不负责,0,2,21.75,24.75,3.0
gemma-2-2b,91,val,val,fr,zh,负责,"Le contraire de ""负责"" est """,不负责,0,6,21.75,23.875,2.125
gemma-2-2b,91,val,freq,fr,zh,负责,"Le contraire de ""负责"" est """,不负责,0,0,21.75,23.5,1.75
gemma-2-2b,91,freq,desc,fr,zh,负责,"Le contraire de ""负责"" est """,不负责,0,1,21.75,23.5,1.75
gemma-2-2b,91,freq,val,fr,zh,负责,"Le contraire de ""负责"" est """,不负责,0,2,21.75,23.0,1.25
gemma-2-2b,91,freq,freq,fr,zh,负责,"Le contraire de ""负责"" est """,不负责,0,1,21.75,23.375,1.625
gemma-2-2b,92,desc,desc,fr,zh,单身,"Le contraire de ""单身"" est """,已婚,0,1,19.5,21.125,1.625
gemma-2-2b,92,desc,val,fr,zh,单身,"Le contraire de ""单身"" est """,已婚,0,5,19.5,21.0,1.5
gemma-2-2b,92,desc,freq,fr,zh,单身,"Le contraire de ""单身"" est """,已婚,0,3,19.5,20.0,0.5
gemma-2-2b,92,val,desc,fr,zh,单身,"Le contraire de ""单身"" est """,已婚,0,4,19.5,23.0,3.5
gemma-2-2b,92,val,val,fr,zh,单身,"Le contraire de ""单身"" est """,已婚,0,18,19.5,22.375,2.875
gemma-2-2b,92,val,freq,fr,zh,单身,"Le contraire de ""单身"" est """,已婚,0,3,19.5,20.875,1.375
gemma-2-2b,92,freq,desc,fr,zh,单身,"Le contraire de ""单身"" est """,已婚,0,0,19.5,21.625,2.125
gemma-2-2b,92,freq,val,fr,zh,单身,"Le contraire de ""单身"" est """,已婚,0,2,19.5,21.25,1.75
gemma-2-2b,92,freq,freq,fr,zh,单身,"Le contraire de ""单身"" est """,已婚,0,0,19.5,21.375,1.875
gemma-2-2b,93,desc,desc,fr,zh,酸,"Le contraire de ""酸"" est """,甜,2,2,18.125,20.125,2.0
gemma-2-2b,93,desc,val,fr,zh,酸,"Le contraire de ""酸"" est """,甜,2,1,18.125,20.375,2.25
gemma-2-2b,93,desc,freq,fr,zh,酸,"Le contraire de ""酸"" est """,甜,2,0,18.125,17.375,-0.75
gemma-2-2b,93,val,desc,fr,zh,酸,"Le contraire de ""酸"" est """,甜,2,6,18.125,21.0,2.875
gemma-2-2b,93,val,val,fr,zh,酸,"Le contraire de ""酸"" est """,甜,2,11,18.125,20.75,2.625
gemma-2-2b,93,val,freq,fr,zh,酸,"Le contraire de ""酸"" est """,甜,2,6,18.125,16.875,-1.25
gemma-2-2b,93,freq,desc,fr,zh,酸,"Le contraire de ""酸"" est """,甜,2,2,18.125,18.875,0.75
gemma-2-2b,93,freq,val,fr,zh,酸,"Le contraire de ""酸"" est """,甜,2,4,18.125,18.125,0.0
gemma-2-2b,93,freq,freq,fr,zh,酸,"Le contraire de ""酸"" est """,甜,2,2,18.125,18.75,0.625
gemma-2-2b,94,desc,desc,fr,zh,有用,"Le contraire de ""有用"" est """,没用,2,5,19.25,19.375,0.125
gemma-2-2b,94,desc,val,fr,zh,有用,"Le contraire de ""有用"" est """,没用,2,2,19.25,21.75,2.5
gemma-2-2b,94,desc,freq,fr,zh,有用,"Le contraire de ""有用"" est """,没用,2,1,19.25,21.0,1.75
gemma-2-2b,94,val,desc,fr,zh,有用,"Le contraire de ""有用"" est """,没用,2,3,19.25,23.125,3.875
gemma-2-2b,94,val,val,fr,zh,有用,"Le contraire de ""有用"" est """,没用,2,6,19.25,22.0,2.75
gemma-2-2b,94,val,freq,fr,zh,有用,"Le contraire de ""有用"" est """,没用,2,4,19.25,22.0,2.75
gemma-2-2b,94,freq,desc,fr,zh,有用,"Le contraire de ""有用"" est """,没用,2,2,19.25,19.75,0.5
gemma-2-2b,94,freq,val,fr,zh,有用,"Le contraire de ""有用"" est """,没用,2,3,19.25,20.0,0.75
gemma-2-2b,94,freq,freq,fr,zh,有用,"Le contraire de ""有用"" est """,没用,2,2,19.25,19.375,0.125
gemma-2-2b,95,desc,desc,fr,zh,垂直,"Le contraire de ""垂直"" est """,水平,6,6,19.75,20.125,0.375
gemma-2-2b,95,desc,val,fr,zh,垂直,"Le contraire de ""垂直"" est """,水平,6,5,19.75,20.375,0.625
gemma-2-2b,95,desc,freq,fr,zh,垂直,"Le contraire de ""垂直"" est """,水平,6,0,19.75,19.875,0.125
gemma-2-2b,95,val,desc,fr,zh,垂直,"Le contraire de ""垂直"" est """,水平,6,11,19.75,21.5,1.75
gemma-2-2b,95,val,val,fr,zh,垂直,"Le contraire de ""垂直"" est """,水平,6,18,19.75,20.75,1.0
gemma-2-2b,95,val,freq,fr,zh,垂直,"Le contraire de ""垂直"" est """,水平,6,0,19.75,21.25,1.5
gemma-2-2b,95,freq,desc,fr,zh,垂直,"Le contraire de ""垂直"" est """,水平,6,3,19.75,20.0,0.25
gemma-2-2b,95,freq,val,fr,zh,垂直,"Le contraire de ""垂直"" est """,水平,6,7,19.75,18.875,-0.875
gemma-2-2b,95,freq,freq,fr,zh,垂直,"Le contraire de ""垂直"" est """,水平,6,5,19.75,20.0,0.25
gemma-2-2b,96,desc,desc,fr,zh,好,"Le contraire de ""好"" est """,差,3,3,17.875,19.125,1.25
gemma-2-2b,96,desc,val,fr,zh,好,"Le contraire de ""好"" est """,差,3,0,17.875,20.125,2.25
gemma-2-2b,96,desc,freq,fr,zh,好,"Le contraire de ""好"" est """,差,3,0,17.875,17.75,-0.125
gemma-2-2b,96,val,desc,fr,zh,好,"Le contraire de ""好"" est """,差,3,0,17.875,21.875,4.0
gemma-2-2b,96,val,val,fr,zh,好,"Le contraire de ""好"" est """,差,3,1,17.875,21.125,3.25
gemma-2-2b,96,val,freq,fr,zh,好,"Le contraire de ""好"" est """,差,3,3,17.875,19.5,1.625
gemma-2-2b,96,freq,desc,fr,zh,好,"Le contraire de ""好"" est """,差,3,2,17.875,20.125,2.25
gemma-2-2b,96,freq,val,fr,zh,好,"Le contraire de ""好"" est """,差,3,3,17.875,19.75,1.875
gemma-2-2b,96,freq,freq,fr,zh,好,"Le contraire de ""好"" est """,差,3,3,17.875,20.0,2.125
gemma-2-2b,97,desc,desc,fr,zh,获胜,"Le contraire de ""获胜"" est """,失败,0,3,20.25,20.25,0.0
gemma-2-2b,97,desc,val,fr,zh,获胜,"Le contraire de ""获胜"" est """,失败,0,4,20.25,21.0,0.75
gemma-2-2b,97,desc,freq,fr,zh,获胜,"Le contraire de ""获胜"" est """,失败,0,3,20.25,19.75,-0.5
gemma-2-2b,97,val,desc,fr,zh,获胜,"Le contraire de ""获胜"" est """,失败,0,5,20.25,22.25,2.0
gemma-2-2b,97,val,val,fr,zh,获胜,"Le contraire de ""获胜"" est """,失败,0,20,20.25,21.25,1.0
gemma-2-2b,97,val,freq,fr,zh,获胜,"Le contraire de ""获胜"" est """,失败,0,7,20.25,20.125,-0.125
gemma-2-2b,97,freq,desc,fr,zh,获胜,"Le contraire de ""获胜"" est """,失败,0,5,20.25,19.75,-0.5
gemma-2-2b,97,freq,val,fr,zh,获胜,"Le contraire de ""获胜"" est """,失败,0,6,20.25,19.75,-0.5
gemma-2-2b,97,freq,freq,fr,zh,获胜,"Le contraire de ""获胜"" est """,失败,0,5,20.25,20.0,-0.25
gemma-2-2b,98,desc,desc,fr,zh,不善良,"Le contraire de ""不善良"" est """,善良,0,0,23.5,24.125,0.625
gemma-2-2b,98,desc,val,fr,zh,不善良,"Le contraire de ""不善良"" est """,善良,0,0,23.5,24.5,1.0
gemma-2-2b,98,desc,freq,fr,zh,不善良,"Le contraire de ""不善良"" est """,善良,0,0,23.5,22.625,-0.875
gemma-2-2b,98,val,desc,fr,zh,不善良,"Le contraire de ""不善良"" est """,善良,0,0,23.5,24.75,1.25
gemma-2-2b,98,val,val,fr,zh,不善良,"Le contraire de ""不善良"" est """,善良,0,0,23.5,25.125,1.625
gemma-2-2b,98,val,freq,fr,zh,不善良,"Le contraire de ""不善良"" est """,善良,0,0,23.5,22.125,-1.375
gemma-2-2b,98,freq,desc,fr,zh,不善良,"Le contraire de ""不善良"" est """,善良,0,0,23.5,23.125,-0.375
gemma-2-2b,98,freq,val,fr,zh,不善良,"Le contraire de ""不善良"" est """,善良,0,0,23.5,23.375,-0.125
gemma-2-2b,98,freq,freq,fr,zh,不善良,"Le contraire de ""不善良"" est """,善良,0,0,23.5,23.5,0.0
gemma-2-2b,99,desc,desc,fr,zh,懦弱,"Le contraire de ""懦弱"" est """,勇敢,76,93,15.5,15.8125,0.3125
gemma-2-2b,99,desc,val,fr,zh,懦弱,"Le contraire de ""懦弱"" est """,勇敢,76,14,15.5,16.375,0.875
gemma-2-2b,99,desc,freq,fr,zh,懦弱,"Le contraire de ""懦弱"" est """,勇敢,76,7,15.5,13.9375,-1.5625
gemma-2-2b,99,val,desc,fr,zh,懦弱,"Le contraire de ""懦弱"" est """,勇敢,76,43,15.5,16.625,1.125
gemma-2-2b,99,val,val,fr,zh,懦弱,"Le contraire de ""懦弱"" est """,勇敢,76,134,15.5,16.125,0.625
gemma-2-2b,99,val,freq,fr,zh,懦弱,"Le contraire de ""懦弱"" est """,勇敢,76,34,15.5,12.8125,-2.6875
gemma-2-2b,99,freq,desc,fr,zh,懦弱,"Le contraire de ""懦弱"" est """,勇敢,76,116,15.5,15.125,-0.375
gemma-2-2b,99,freq,val,fr,zh,懦弱,"Le contraire de ""懦弱"" est """,勇敢,76,55,15.5,14.4375,-1.0625
gemma-2-2b,99,freq,freq,fr,zh,懦弱,"Le contraire de ""懦弱"" est """,勇敢,76,81,15.5,15.5625,0.0625
