model,sample_idx,ablation_method,amplification_method,prompt_lang,adj_lang,adjective,prompt,tracked_target,baseline_adj_rank,combined_adj_rank,baseline_target_logit,combined_target_logit,delta_combined_logit
qwen3-4b,0,desc,desc,fr,de,gut,"Le contraire de ""gut"" est """,schlecht,448,448,8.9375,8.9375,0.0
qwen3-4b,0,desc,val,fr,de,gut,"Le contraire de ""gut"" est """,schlecht,448,239,8.9375,11.0625,2.125
qwen3-4b,0,desc,freq,fr,de,gut,"Le contraire de ""gut"" est """,schlecht,448,10,8.9375,12.75,3.8125
qwen3-4b,0,val,desc,fr,de,gut,"Le contraire de ""gut"" est """,schlecht,448,566,8.9375,7.4375,-1.5
qwen3-4b,0,val,val,fr,de,gut,"Le contraire de ""gut"" est """,schlecht,448,561,8.9375,7.53125,-1.40625
qwen3-4b,0,val,freq,fr,de,gut,"Le contraire de ""gut"" est """,schlecht,448,3,8.9375,14.3125,5.375
qwen3-4b,0,freq,desc,fr,de,gut,"Le contraire de ""gut"" est """,schlecht,448,514,8.9375,8.75,-0.1875
qwen3-4b,0,freq,val,fr,de,gut,"Le contraire de ""gut"" est """,schlecht,448,525,8.9375,10.4375,1.5
qwen3-4b,0,freq,freq,fr,de,gut,"Le contraire de ""gut"" est """,schlecht,448,514,8.9375,8.75,-0.1875
qwen3-4b,1,desc,desc,fr,de,glücklich,"Le contraire de ""glücklich"" est """,unglücklich,1,1,22.625,23.5,0.875
qwen3-4b,1,desc,val,fr,de,glücklich,"Le contraire de ""glücklich"" est """,unglücklich,1,1,22.625,23.0,0.375
qwen3-4b,1,desc,freq,fr,de,glücklich,"Le contraire de ""glücklich"" est """,unglücklich,1,0,22.625,22.75,0.125
qwen3-4b,1,val,desc,fr,de,glücklich,"Le contraire de ""glücklich"" est """,unglücklich,1,1,22.625,22.375,-0.25
qwen3-4b,1,val,val,fr,de,glücklich,"Le contraire de ""glücklich"" est """,unglücklich,1,1,22.625,22.125,-0.5
qwen3-4b,1,val,freq,fr,de,glücklich,"Le contraire de ""glücklich"" est """,unglücklich,1,1,22.625,21.25,-1.375
qwen3-4b,1,freq,desc,fr,de,glücklich,"Le contraire de ""glücklich"" est """,unglücklich,1,1,22.625,19.25,-3.375
qwen3-4b,1,freq,val,fr,de,glücklich,"Le contraire de ""glücklich"" est """,unglücklich,1,1,22.625,18.875,-3.75
qwen3-4b,1,freq,freq,fr,de,glücklich,"Le contraire de ""glücklich"" est """,unglücklich,1,1,22.625,19.25,-3.375
qwen3-4b,2,desc,desc,fr,de,groß,"Le contraire de ""groß"" est """,klein,0,0,21.5,20.5,-1.0
qwen3-4b,2,desc,val,fr,de,groß,"Le contraire de ""groß"" est """,klein,0,0,21.5,21.5,0.0
qwen3-4b,2,desc,freq,fr,de,groß,"Le contraire de ""groß"" est """,klein,0,0,21.5,22.0,0.5
qwen3-4b,2,val,desc,fr,de,groß,"Le contraire de ""groß"" est """,klein,0,0,21.5,19.875,-1.625
qwen3-4b,2,val,val,fr,de,groß,"Le contraire de ""groß"" est """,klein,0,0,21.5,19.875,-1.625
qwen3-4b,2,val,freq,fr,de,groß,"Le contraire de ""groß"" est """,klein,0,0,21.5,20.5,-1.0
qwen3-4b,2,freq,desc,fr,de,groß,"Le contraire de ""groß"" est """,klein,0,1,21.5,17.375,-4.125
qwen3-4b,2,freq,val,fr,de,groß,"Le contraire de ""groß"" est """,klein,0,1,21.5,17.875,-3.625
qwen3-4b,2,freq,freq,fr,de,groß,"Le contraire de ""groß"" est """,klein,0,1,21.5,17.375,-4.125
qwen3-4b,3,desc,desc,fr,de,heiß,"Le contraire de ""heiß"" est """,kalt,0,0,25.5,24.0,-1.5
qwen3-4b,3,desc,val,fr,de,heiß,"Le contraire de ""heiß"" est """,kalt,0,0,25.5,24.625,-0.875
qwen3-4b,3,desc,freq,fr,de,heiß,"Le contraire de ""heiß"" est """,kalt,0,0,25.5,25.5,0.0
qwen3-4b,3,val,desc,fr,de,heiß,"Le contraire de ""heiß"" est """,kalt,0,0,25.5,23.0,-2.5
qwen3-4b,3,val,val,fr,de,heiß,"Le contraire de ""heiß"" est """,kalt,0,0,25.5,22.875,-2.625
qwen3-4b,3,val,freq,fr,de,heiß,"Le contraire de ""heiß"" est """,kalt,0,0,25.5,23.375,-2.125
qwen3-4b,3,freq,desc,fr,de,heiß,"Le contraire de ""heiß"" est """,kalt,0,0,25.5,21.0,-4.5
qwen3-4b,3,freq,val,fr,de,heiß,"Le contraire de ""heiß"" est """,kalt,0,0,25.5,20.625,-4.875
qwen3-4b,3,freq,freq,fr,de,heiß,"Le contraire de ""heiß"" est """,kalt,0,0,25.5,21.125,-4.375
qwen3-4b,4,desc,desc,fr,de,schnell,"Le contraire de ""schnell"" est """,langsam,0,0,23.25,23.375,0.125
qwen3-4b,4,desc,val,fr,de,schnell,"Le contraire de ""schnell"" est """,langsam,0,0,23.25,22.75,-0.5
qwen3-4b,4,desc,freq,fr,de,schnell,"Le contraire de ""schnell"" est """,langsam,0,0,23.25,22.875,-0.375
qwen3-4b,4,val,desc,fr,de,schnell,"Le contraire de ""schnell"" est """,langsam,0,0,23.25,21.125,-2.125
qwen3-4b,4,val,val,fr,de,schnell,"Le contraire de ""schnell"" est """,langsam,0,0,23.25,21.125,-2.125
qwen3-4b,4,val,freq,fr,de,schnell,"Le contraire de ""schnell"" est """,langsam,0,0,23.25,20.875,-2.375
qwen3-4b,4,freq,desc,fr,de,schnell,"Le contraire de ""schnell"" est """,langsam,0,0,23.25,22.75,-0.5
qwen3-4b,4,freq,val,fr,de,schnell,"Le contraire de ""schnell"" est """,langsam,0,0,23.25,22.0,-1.25
qwen3-4b,4,freq,freq,fr,de,schnell,"Le contraire de ""schnell"" est """,langsam,0,0,23.25,22.75,-0.5
qwen3-4b,5,desc,desc,fr,de,leicht,"Le contraire de ""leicht"" est """,schwer,0,2,25.625,19.0,-6.625
qwen3-4b,5,desc,val,fr,de,leicht,"Le contraire de ""leicht"" est """,schwer,0,1,25.625,21.25,-4.375
qwen3-4b,5,desc,freq,fr,de,leicht,"Le contraire de ""leicht"" est """,schwer,0,0,25.625,26.5,0.875
qwen3-4b,5,val,desc,fr,de,leicht,"Le contraire de ""leicht"" est """,schwer,0,0,25.625,20.25,-5.375
qwen3-4b,5,val,val,fr,de,leicht,"Le contraire de ""leicht"" est """,schwer,0,1,25.625,19.75,-5.875
qwen3-4b,5,val,freq,fr,de,leicht,"Le contraire de ""leicht"" est """,schwer,0,0,25.625,25.625,0.0
qwen3-4b,5,freq,desc,fr,de,leicht,"Le contraire de ""leicht"" est """,schwer,0,33,25.625,12.0,-13.625
qwen3-4b,5,freq,val,fr,de,leicht,"Le contraire de ""leicht"" est """,schwer,0,55,25.625,11.5625,-14.0625
qwen3-4b,5,freq,freq,fr,de,leicht,"Le contraire de ""leicht"" est """,schwer,0,33,25.625,12.0,-13.625
qwen3-4b,6,desc,desc,fr,de,einfach,"Le contraire de ""einfach"" est """,schwierig,3,3,17.625,18.5,0.875
qwen3-4b,6,desc,val,fr,de,einfach,"Le contraire de ""einfach"" est """,schwierig,3,3,17.625,18.625,1.0
qwen3-4b,6,desc,freq,fr,de,einfach,"Le contraire de ""einfach"" est """,schwierig,3,3,17.625,17.375,-0.25
qwen3-4b,6,val,desc,fr,de,einfach,"Le contraire de ""einfach"" est """,schwierig,3,1,17.625,16.375,-1.25
qwen3-4b,6,val,val,fr,de,einfach,"Le contraire de ""einfach"" est """,schwierig,3,1,17.625,16.375,-1.25
qwen3-4b,6,val,freq,fr,de,einfach,"Le contraire de ""einfach"" est """,schwierig,3,3,17.625,15.1875,-2.4375
qwen3-4b,6,freq,desc,fr,de,einfach,"Le contraire de ""einfach"" est """,schwierig,3,6,17.625,16.0,-1.625
qwen3-4b,6,freq,val,fr,de,einfach,"Le contraire de ""einfach"" est """,schwierig,3,8,17.625,16.125,-1.5
qwen3-4b,6,freq,freq,fr,de,einfach,"Le contraire de ""einfach"" est """,schwierig,3,6,17.625,16.0,-1.625
qwen3-4b,7,desc,desc,fr,de,neu,"Le contraire de ""neu"" est """,alt,333,333,8.3125,8.3125,0.0
qwen3-4b,7,desc,val,fr,de,neu,"Le contraire de ""neu"" est """,alt,333,309,8.3125,10.6875,2.375
qwen3-4b,7,desc,freq,fr,de,neu,"Le contraire de ""neu"" est """,alt,333,125,8.3125,9.4375,1.125
qwen3-4b,7,val,desc,fr,de,neu,"Le contraire de ""neu"" est """,alt,333,1022,8.3125,6.0625,-2.25
qwen3-4b,7,val,val,fr,de,neu,"Le contraire de ""neu"" est """,alt,333,942,8.3125,6.09375,-2.21875
qwen3-4b,7,val,freq,fr,de,neu,"Le contraire de ""neu"" est """,alt,333,254,8.3125,8.8125,0.5
qwen3-4b,7,freq,desc,fr,de,neu,"Le contraire de ""neu"" est """,alt,333,394,8.3125,7.84375,-0.46875
qwen3-4b,7,freq,val,fr,de,neu,"Le contraire de ""neu"" est """,alt,333,518,8.3125,9.875,1.5625
qwen3-4b,7,freq,freq,fr,de,neu,"Le contraire de ""neu"" est """,alt,333,394,8.3125,7.84375,-0.46875
qwen3-4b,8,desc,desc,fr,de,wahr,"Le contraire de ""wahr"" est """,falsch,0,0,25.875,23.875,-2.0
qwen3-4b,8,desc,val,fr,de,wahr,"Le contraire de ""wahr"" est """,falsch,0,0,25.875,22.5,-3.375
qwen3-4b,8,desc,freq,fr,de,wahr,"Le contraire de ""wahr"" est """,falsch,0,0,25.875,23.25,-2.625
qwen3-4b,8,val,desc,fr,de,wahr,"Le contraire de ""wahr"" est """,falsch,0,0,25.875,23.0,-2.875
qwen3-4b,8,val,val,fr,de,wahr,"Le contraire de ""wahr"" est """,falsch,0,0,25.875,22.875,-3.0
qwen3-4b,8,val,freq,fr,de,wahr,"Le contraire de ""wahr"" est """,falsch,0,0,25.875,23.125,-2.75
qwen3-4b,8,freq,desc,fr,de,wahr,"Le contraire de ""wahr"" est """,falsch,0,1,25.875,21.5,-4.375
qwen3-4b,8,freq,val,fr,de,wahr,"Le contraire de ""wahr"" est """,falsch,0,1,25.875,21.375,-4.5
qwen3-4b,8,freq,freq,fr,de,wahr,"Le contraire de ""wahr"" est """,falsch,0,1,25.875,21.5,-4.375
qwen3-4b,9,desc,desc,fr,de,lebendig,"Le contraire de ""lebendig"" est """,tot,1,7,21.125,17.0,-4.125
qwen3-4b,9,desc,val,fr,de,lebendig,"Le contraire de ""lebendig"" est """,tot,1,10,21.125,17.125,-4.0
qwen3-4b,9,desc,freq,fr,de,lebendig,"Le contraire de ""lebendig"" est """,tot,1,6,21.125,16.75,-4.375
qwen3-4b,9,val,desc,fr,de,lebendig,"Le contraire de ""lebendig"" est """,tot,1,3,21.125,16.375,-4.75
qwen3-4b,9,val,val,fr,de,lebendig,"Le contraire de ""lebendig"" est """,tot,1,3,21.125,16.625,-4.5
qwen3-4b,9,val,freq,fr,de,lebendig,"Le contraire de ""lebendig"" est """,tot,1,4,21.125,15.8125,-5.3125
qwen3-4b,9,freq,desc,fr,de,lebendig,"Le contraire de ""lebendig"" est """,tot,1,45,21.125,13.1875,-7.9375
qwen3-4b,9,freq,val,fr,de,lebendig,"Le contraire de ""lebendig"" est """,tot,1,67,21.125,13.6875,-7.4375
qwen3-4b,9,freq,freq,fr,de,lebendig,"Le contraire de ""lebendig"" est """,tot,1,45,21.125,13.1875,-7.9375
qwen3-4b,10,desc,desc,fr,de,voll,"Le contraire de ""voll"" est """,leer,7,17,12.875,11.6875,-1.1875
qwen3-4b,10,desc,val,fr,de,voll,"Le contraire de ""voll"" est """,leer,7,14,12.875,14.875,2.0
qwen3-4b,10,desc,freq,fr,de,voll,"Le contraire de ""voll"" est """,leer,7,7,12.875,12.4375,-0.4375
qwen3-4b,10,val,desc,fr,de,voll,"Le contraire de ""voll"" est """,leer,7,15,12.875,12.0625,-0.8125
qwen3-4b,10,val,val,fr,de,voll,"Le contraire de ""voll"" est """,leer,7,15,12.875,11.8125,-1.0625
qwen3-4b,10,val,freq,fr,de,voll,"Le contraire de ""voll"" est """,leer,7,4,12.875,13.0,0.125
qwen3-4b,10,freq,desc,fr,de,voll,"Le contraire de ""voll"" est """,leer,7,34,12.875,10.625,-2.25
qwen3-4b,10,freq,val,fr,de,voll,"Le contraire de ""voll"" est """,leer,7,40,12.875,13.5625,0.6875
qwen3-4b,10,freq,freq,fr,de,voll,"Le contraire de ""voll"" est """,leer,7,34,12.875,10.625,-2.25
qwen3-4b,11,desc,desc,fr,de,hell,"Le contraire de ""hell"" est """,dunkel,9,8,13.5,13.5,0.0
qwen3-4b,11,desc,val,fr,de,hell,"Le contraire de ""hell"" est """,dunkel,9,10,13.5,14.875,1.375
qwen3-4b,11,desc,freq,fr,de,hell,"Le contraire de ""hell"" est """,dunkel,9,11,13.5,12.75,-0.75
qwen3-4b,11,val,desc,fr,de,hell,"Le contraire de ""hell"" est """,dunkel,9,6,13.5,12.5625,-0.9375
qwen3-4b,11,val,val,fr,de,hell,"Le contraire de ""hell"" est """,dunkel,9,7,13.5,12.3125,-1.1875
qwen3-4b,11,val,freq,fr,de,hell,"Le contraire de ""hell"" est """,dunkel,9,11,13.5,12.0625,-1.4375
qwen3-4b,11,freq,desc,fr,de,hell,"Le contraire de ""hell"" est """,dunkel,9,9,13.5,13.4375,-0.0625
qwen3-4b,11,freq,val,fr,de,hell,"Le contraire de ""hell"" est """,dunkel,9,7,13.5,15.5625,2.0625
qwen3-4b,11,freq,freq,fr,de,hell,"Le contraire de ""hell"" est """,dunkel,9,9,13.5,13.4375,-0.0625
qwen3-4b,12,desc,desc,fr,de,stark,"Le contraire de ""stark"" est """,schwach,623,623,7.84375,7.84375,0.0
qwen3-4b,12,desc,val,fr,de,stark,"Le contraire de ""stark"" est """,schwach,623,518,7.84375,8.8125,0.96875
qwen3-4b,12,desc,freq,fr,de,stark,"Le contraire de ""stark"" est """,schwach,623,19,7.84375,12.5,4.65625
qwen3-4b,12,val,desc,fr,de,stark,"Le contraire de ""stark"" est """,schwach,623,932,7.84375,4.5625,-3.28125
qwen3-4b,12,val,val,fr,de,stark,"Le contraire de ""stark"" est """,schwach,623,842,7.84375,4.78125,-3.0625
qwen3-4b,12,val,freq,fr,de,stark,"Le contraire de ""stark"" est """,schwach,623,28,7.84375,11.625,3.78125
qwen3-4b,12,freq,desc,fr,de,stark,"Le contraire de ""stark"" est """,schwach,623,638,7.84375,7.71875,-0.125
qwen3-4b,12,freq,val,fr,de,stark,"Le contraire de ""stark"" est """,schwach,623,680,7.84375,8.4375,0.59375
qwen3-4b,12,freq,freq,fr,de,stark,"Le contraire de ""stark"" est """,schwach,623,638,7.84375,7.71875,-0.125
qwen3-4b,13,desc,desc,fr,de,sauber,"Le contraire de ""sauber"" est """,schmutzig,1,3,19.625,17.75,-1.875
qwen3-4b,13,desc,val,fr,de,sauber,"Le contraire de ""sauber"" est """,schmutzig,1,3,19.625,19.75,0.125
qwen3-4b,13,desc,freq,fr,de,sauber,"Le contraire de ""sauber"" est """,schmutzig,1,2,19.625,19.125,-0.5
qwen3-4b,13,val,desc,fr,de,sauber,"Le contraire de ""sauber"" est """,schmutzig,1,3,19.625,17.5,-2.125
qwen3-4b,13,val,val,fr,de,sauber,"Le contraire de ""sauber"" est """,schmutzig,1,3,19.625,17.375,-2.25
qwen3-4b,13,val,freq,fr,de,sauber,"Le contraire de ""sauber"" est """,schmutzig,1,3,19.625,17.375,-2.25
qwen3-4b,13,freq,desc,fr,de,sauber,"Le contraire de ""sauber"" est """,schmutzig,1,8,19.625,15.8125,-3.8125
qwen3-4b,13,freq,val,fr,de,sauber,"Le contraire de ""sauber"" est """,schmutzig,1,16,19.625,16.5,-3.125
qwen3-4b,13,freq,freq,fr,de,sauber,"Le contraire de ""sauber"" est """,schmutzig,1,8,19.625,15.8125,-3.8125
qwen3-4b,14,desc,desc,fr,de,offen,"Le contraire de ""offen"" est """,geschlossen,6657,6657,3.84375,3.84375,0.0
qwen3-4b,14,desc,val,fr,de,offen,"Le contraire de ""offen"" est """,geschlossen,6657,3445,3.84375,6.25,2.40625
qwen3-4b,14,desc,freq,fr,de,offen,"Le contraire de ""offen"" est """,geschlossen,6657,318,3.84375,8.25,4.40625
qwen3-4b,14,val,desc,fr,de,offen,"Le contraire de ""offen"" est """,geschlossen,6657,13276,3.84375,-0.1962890625,-4.0400390625
qwen3-4b,14,val,val,fr,de,offen,"Le contraire de ""offen"" est """,geschlossen,6657,12439,3.84375,-0.0120849609375,-3.8558349609375
qwen3-4b,14,val,freq,fr,de,offen,"Le contraire de ""offen"" est """,geschlossen,6657,626,3.84375,6.4375,2.59375
qwen3-4b,14,freq,desc,fr,de,offen,"Le contraire de ""offen"" est """,geschlossen,6657,6671,3.84375,3.8125,-0.03125
qwen3-4b,14,freq,val,fr,de,offen,"Le contraire de ""offen"" est """,geschlossen,6657,6334,3.84375,5.09375,1.25
qwen3-4b,14,freq,freq,fr,de,offen,"Le contraire de ""offen"" est """,geschlossen,6657,6671,3.84375,3.8125,-0.03125
qwen3-4b,15,desc,desc,fr,de,reich,"Le contraire de ""reich"" est """,arm,1701,2446,6.5,5.96875,-0.53125
qwen3-4b,15,desc,val,fr,de,reich,"Le contraire de ""reich"" est """,arm,1701,2229,6.5,7.34375,0.84375
qwen3-4b,15,desc,freq,fr,de,reich,"Le contraire de ""reich"" est """,arm,1701,385,6.5,7.90625,1.40625
qwen3-4b,15,val,desc,fr,de,reich,"Le contraire de ""reich"" est """,arm,1701,2941,6.5,3.703125,-2.796875
qwen3-4b,15,val,val,fr,de,reich,"Le contraire de ""reich"" est """,arm,1701,2991,6.5,3.71875,-2.78125
qwen3-4b,15,val,freq,fr,de,reich,"Le contraire de ""reich"" est """,arm,1701,65,6.5,9.1875,2.6875
qwen3-4b,15,freq,desc,fr,de,reich,"Le contraire de ""reich"" est """,arm,1701,2622,6.5,5.78125,-0.71875
qwen3-4b,15,freq,val,fr,de,reich,"Le contraire de ""reich"" est """,arm,1701,2898,6.5,6.8125,0.3125
qwen3-4b,15,freq,freq,fr,de,reich,"Le contraire de ""reich"" est """,arm,1701,2622,6.5,5.78125,-0.71875
qwen3-4b,16,desc,desc,fr,de,schön,"Le contraire de ""schön"" est """,hässlich,14,32,14.1875,13.5,-0.6875
qwen3-4b,16,desc,val,fr,de,schön,"Le contraire de ""schön"" est """,hässlich,14,94,14.1875,12.875,-1.3125
qwen3-4b,16,desc,freq,fr,de,schön,"Le contraire de ""schön"" est """,hässlich,14,18,14.1875,14.875,0.6875
qwen3-4b,16,val,desc,fr,de,schön,"Le contraire de ""schön"" est """,hässlich,14,40,14.1875,11.3125,-2.875
qwen3-4b,16,val,val,fr,de,schön,"Le contraire de ""schön"" est """,hässlich,14,37,14.1875,11.375,-2.8125
qwen3-4b,16,val,freq,fr,de,schön,"Le contraire de ""schön"" est """,hässlich,14,26,14.1875,12.5,-1.6875
qwen3-4b,16,freq,desc,fr,de,schön,"Le contraire de ""schön"" est """,hässlich,14,190,14.1875,11.25,-2.9375
qwen3-4b,16,freq,val,fr,de,schön,"Le contraire de ""schön"" est """,hässlich,14,313,14.1875,11.5625,-2.625
qwen3-4b,16,freq,freq,fr,de,schön,"Le contraire de ""schön"" est """,hässlich,14,191,14.1875,11.25,-2.9375
qwen3-4b,17,desc,desc,fr,de,lang,"Le contraire de ""lang"" est """,kurz,6110,6110,4.375,4.375,0.0
qwen3-4b,17,desc,val,fr,de,lang,"Le contraire de ""lang"" est """,kurz,6110,3544,4.375,6.5625,2.1875
qwen3-4b,17,desc,freq,fr,de,lang,"Le contraire de ""lang"" est """,kurz,6110,1421,4.375,6.25,1.875
qwen3-4b,17,val,desc,fr,de,lang,"Le contraire de ""lang"" est """,kurz,6110,9982,4.375,1.3984375,-2.9765625
qwen3-4b,17,val,val,fr,de,lang,"Le contraire de ""lang"" est """,kurz,6110,10177,4.375,1.3359375,-3.0390625
qwen3-4b,17,val,freq,fr,de,lang,"Le contraire de ""lang"" est """,kurz,6110,1878,4.375,5.3125,0.9375
qwen3-4b,17,freq,desc,fr,de,lang,"Le contraire de ""lang"" est """,kurz,6110,6403,4.375,4.25,-0.125
qwen3-4b,17,freq,val,fr,de,lang,"Le contraire de ""lang"" est """,kurz,6110,5346,4.375,5.90625,1.53125
qwen3-4b,17,freq,freq,fr,de,lang,"Le contraire de ""lang"" est """,kurz,6110,6403,4.375,4.25,-0.125
qwen3-4b,18,desc,desc,fr,de,breit,"Le contraire de ""breit"" est """,eng,7,159,14.625,9.75,-4.875
qwen3-4b,18,desc,val,fr,de,breit,"Le contraire de ""breit"" est """,eng,7,73,14.625,11.9375,-2.6875
qwen3-4b,18,desc,freq,fr,de,breit,"Le contraire de ""breit"" est """,eng,7,71,14.625,11.4375,-3.1875
qwen3-4b,18,val,desc,fr,de,breit,"Le contraire de ""breit"" est """,eng,7,55,14.625,9.3125,-5.3125
qwen3-4b,18,val,val,fr,de,breit,"Le contraire de ""breit"" est """,eng,7,51,14.625,9.375,-5.25
qwen3-4b,18,val,freq,fr,de,breit,"Le contraire de ""breit"" est """,eng,7,145,14.625,8.5,-6.125
qwen3-4b,18,freq,desc,fr,de,breit,"Le contraire de ""breit"" est """,eng,7,816,14.625,7.125,-7.5
qwen3-4b,18,freq,val,fr,de,breit,"Le contraire de ""breit"" est """,eng,7,892,14.625,7.84375,-6.78125
qwen3-4b,18,freq,freq,fr,de,breit,"Le contraire de ""breit"" est """,eng,7,816,14.625,7.125,-7.5
qwen3-4b,19,desc,desc,fr,de,hart,"Le contraire de ""hart"" est """,weich,750,750,7.46875,7.46875,0.0
qwen3-4b,19,desc,val,fr,de,hart,"Le contraire de ""hart"" est """,weich,750,395,7.46875,9.75,2.28125
qwen3-4b,19,desc,freq,fr,de,hart,"Le contraire de ""hart"" est """,weich,750,4,7.46875,14.3125,6.84375
qwen3-4b,19,val,desc,fr,de,hart,"Le contraire de ""hart"" est """,weich,750,1673,7.46875,3.8125,-3.65625
qwen3-4b,19,val,val,fr,de,hart,"Le contraire de ""hart"" est """,weich,750,1650,7.46875,3.8125,-3.65625
qwen3-4b,19,val,freq,fr,de,hart,"Le contraire de ""hart"" est """,weich,750,1,7.46875,17.5,10.03125
qwen3-4b,19,freq,desc,fr,de,hart,"Le contraire de ""hart"" est """,weich,750,800,7.46875,7.15625,-0.3125
qwen3-4b,19,freq,val,fr,de,hart,"Le contraire de ""hart"" est """,weich,750,845,7.46875,8.6875,1.21875
qwen3-4b,19,freq,freq,fr,de,hart,"Le contraire de ""hart"" est """,weich,750,800,7.46875,7.15625,-0.3125
qwen3-4b,20,desc,desc,fr,de,trocken,"Le contraire de ""trocken"" est """,nass,1,2,19.25,18.5,-0.75
qwen3-4b,20,desc,val,fr,de,trocken,"Le contraire de ""trocken"" est """,nass,1,2,19.25,19.125,-0.125
qwen3-4b,20,desc,freq,fr,de,trocken,"Le contraire de ""trocken"" est """,nass,1,0,19.25,21.125,1.875
qwen3-4b,20,val,desc,fr,de,trocken,"Le contraire de ""trocken"" est """,nass,1,1,19.25,17.0,-2.25
qwen3-4b,20,val,val,fr,de,trocken,"Le contraire de ""trocken"" est """,nass,1,1,19.25,16.75,-2.5
qwen3-4b,20,val,freq,fr,de,trocken,"Le contraire de ""trocken"" est """,nass,1,1,19.25,19.375,0.125
qwen3-4b,20,freq,desc,fr,de,trocken,"Le contraire de ""trocken"" est """,nass,1,2,19.25,17.625,-1.625
qwen3-4b,20,freq,val,fr,de,trocken,"Le contraire de ""trocken"" est """,nass,1,2,19.25,18.125,-1.125
qwen3-4b,20,freq,freq,fr,de,trocken,"Le contraire de ""trocken"" est """,nass,1,2,19.25,17.625,-1.625
qwen3-4b,21,desc,desc,fr,de,laut,"Le contraire de ""laut"" est """,leise,1,1,15.5625,15.5625,0.0
qwen3-4b,21,desc,val,fr,de,laut,"Le contraire de ""laut"" est """,leise,1,1,15.5625,19.5,3.9375
qwen3-4b,21,desc,freq,fr,de,laut,"Le contraire de ""laut"" est """,leise,1,1,15.5625,14.875,-0.6875
qwen3-4b,21,val,desc,fr,de,laut,"Le contraire de ""laut"" est """,leise,1,2,15.5625,17.5,1.9375
qwen3-4b,21,val,val,fr,de,laut,"Le contraire de ""laut"" est """,leise,1,1,15.5625,17.75,2.1875
qwen3-4b,21,val,freq,fr,de,laut,"Le contraire de ""laut"" est """,leise,1,1,15.5625,17.875,2.3125
qwen3-4b,21,freq,desc,fr,de,laut,"Le contraire de ""laut"" est """,leise,1,1,15.5625,15.3125,-0.25
qwen3-4b,21,freq,val,fr,de,laut,"Le contraire de ""laut"" est """,leise,1,1,15.5625,20.5,4.9375
qwen3-4b,21,freq,freq,fr,de,laut,"Le contraire de ""laut"" est """,leise,1,1,15.5625,15.3125,-0.25
qwen3-4b,22,desc,desc,fr,de,früh,"Le contraire de ""früh"" est """,spät,0,1,22.75,17.75,-5.0
qwen3-4b,22,desc,val,fr,de,früh,"Le contraire de ""früh"" est """,spät,0,1,22.75,19.375,-3.375
qwen3-4b,22,desc,freq,fr,de,früh,"Le contraire de ""früh"" est """,spät,0,0,22.75,21.625,-1.125
qwen3-4b,22,val,desc,fr,de,früh,"Le contraire de ""früh"" est """,spät,0,1,22.75,18.75,-4.0
qwen3-4b,22,val,val,fr,de,früh,"Le contraire de ""früh"" est """,spät,0,1,22.75,17.875,-4.875
qwen3-4b,22,val,freq,fr,de,früh,"Le contraire de ""früh"" est """,spät,0,0,22.75,21.125,-1.625
qwen3-4b,22,freq,desc,fr,de,früh,"Le contraire de ""früh"" est """,spät,0,23,22.75,12.5,-10.25
qwen3-4b,22,freq,val,fr,de,früh,"Le contraire de ""früh"" est """,spät,0,36,22.75,12.8125,-9.9375
qwen3-4b,22,freq,freq,fr,de,früh,"Le contraire de ""früh"" est """,spät,0,23,22.75,12.5625,-10.1875
qwen3-4b,23,desc,desc,fr,de,nah,"Le contraire de ""nah"" est """,weit,756,756,6.90625,6.90625,0.0
qwen3-4b,23,desc,val,fr,de,nah,"Le contraire de ""nah"" est """,weit,756,324,6.90625,10.5,3.59375
qwen3-4b,23,desc,freq,fr,de,nah,"Le contraire de ""nah"" est """,weit,756,124,6.90625,9.6875,2.78125
qwen3-4b,23,val,desc,fr,de,nah,"Le contraire de ""nah"" est """,weit,756,1134,6.90625,4.71875,-2.1875
qwen3-4b,23,val,val,fr,de,nah,"Le contraire de ""nah"" est """,weit,756,1105,6.90625,4.875,-2.03125
qwen3-4b,23,val,freq,fr,de,nah,"Le contraire de ""nah"" est """,weit,756,363,6.90625,7.21875,0.3125
qwen3-4b,23,freq,desc,fr,de,nah,"Le contraire de ""nah"" est """,weit,756,780,6.90625,6.71875,-0.1875
qwen3-4b,23,freq,val,fr,de,nah,"Le contraire de ""nah"" est """,weit,756,703,6.90625,9.1875,2.28125
qwen3-4b,23,freq,freq,fr,de,nah,"Le contraire de ""nah"" est """,weit,756,780,6.90625,6.71875,-0.1875
qwen3-4b,24,desc,desc,fr,de,tief,"Le contraire de ""tief"" est """,flach,10,8,13.875,13.375,-0.5
qwen3-4b,24,desc,val,fr,de,tief,"Le contraire de ""tief"" est """,flach,10,8,13.875,15.625,1.75
qwen3-4b,24,desc,freq,fr,de,tief,"Le contraire de ""tief"" est """,flach,10,8,13.875,13.75,-0.125
qwen3-4b,24,val,desc,fr,de,tief,"Le contraire de ""tief"" est """,flach,10,17,13.875,11.9375,-1.9375
qwen3-4b,24,val,val,fr,de,tief,"Le contraire de ""tief"" est """,flach,10,18,13.875,11.875,-2.0
qwen3-4b,24,val,freq,fr,de,tief,"Le contraire de ""tief"" est """,flach,10,14,13.875,11.3125,-2.5625
qwen3-4b,24,freq,desc,fr,de,tief,"Le contraire de ""tief"" est """,flach,10,20,13.875,12.0625,-1.8125
qwen3-4b,24,freq,val,fr,de,tief,"Le contraire de ""tief"" est """,flach,10,21,13.875,14.0,0.125
qwen3-4b,24,freq,freq,fr,de,tief,"Le contraire de ""tief"" est """,flach,10,20,13.875,12.0625,-1.8125
qwen3-4b,25,desc,desc,fr,de,schlecht,"Le contraire de ""schlecht"" est """,gut,0,0,26.25,25.375,-0.875
qwen3-4b,25,desc,val,fr,de,schlecht,"Le contraire de ""schlecht"" est """,gut,0,0,26.25,23.5,-2.75
qwen3-4b,25,desc,freq,fr,de,schlecht,"Le contraire de ""schlecht"" est """,gut,0,0,26.25,24.25,-2.0
qwen3-4b,25,val,desc,fr,de,schlecht,"Le contraire de ""schlecht"" est """,gut,0,0,26.25,24.0,-2.25
qwen3-4b,25,val,val,fr,de,schlecht,"Le contraire de ""schlecht"" est """,gut,0,0,26.25,23.75,-2.5
qwen3-4b,25,val,freq,fr,de,schlecht,"Le contraire de ""schlecht"" est """,gut,0,0,26.25,22.625,-3.625
qwen3-4b,25,freq,desc,fr,de,schlecht,"Le contraire de ""schlecht"" est """,gut,0,2,26.25,19.625,-6.625
qwen3-4b,25,freq,val,fr,de,schlecht,"Le contraire de ""schlecht"" est """,gut,0,2,26.25,18.375,-7.875
qwen3-4b,25,freq,freq,fr,de,schlecht,"Le contraire de ""schlecht"" est """,gut,0,2,26.25,19.625,-6.625
qwen3-4b,26,desc,desc,fr,de,traurig,"Le contraire de ""traurig"" est """,glücklich,3,17,16.375,13.625,-2.75
qwen3-4b,26,desc,val,fr,de,traurig,"Le contraire de ""traurig"" est """,glücklich,3,16,16.375,14.875,-1.5
qwen3-4b,26,desc,freq,fr,de,traurig,"Le contraire de ""traurig"" est """,glücklich,3,1,16.375,19.125,2.75
qwen3-4b,26,val,desc,fr,de,traurig,"Le contraire de ""traurig"" est """,glücklich,3,8,16.375,14.125,-2.25
qwen3-4b,26,val,val,fr,de,traurig,"Le contraire de ""traurig"" est """,glücklich,3,9,16.375,13.5625,-2.8125
qwen3-4b,26,val,freq,fr,de,traurig,"Le contraire de ""traurig"" est """,glücklich,3,0,16.375,19.125,2.75
qwen3-4b,26,freq,desc,fr,de,traurig,"Le contraire de ""traurig"" est """,glücklich,3,22,16.375,12.875,-3.5
qwen3-4b,26,freq,val,fr,de,traurig,"Le contraire de ""traurig"" est """,glücklich,3,28,16.375,14.0,-2.375
qwen3-4b,26,freq,freq,fr,de,traurig,"Le contraire de ""traurig"" est """,glücklich,3,22,16.375,12.875,-3.5
qwen3-4b,27,desc,desc,fr,de,klein,"Le contraire de ""klein"" est """,groß,10,21,12.125,11.3125,-0.8125
qwen3-4b,27,desc,val,fr,de,klein,"Le contraire de ""klein"" est """,groß,10,8,12.125,14.375,2.25
qwen3-4b,27,desc,freq,fr,de,klein,"Le contraire de ""klein"" est """,groß,10,2,12.125,15.25,3.125
qwen3-4b,27,val,desc,fr,de,klein,"Le contraire de ""klein"" est """,groß,10,17,12.125,10.375,-1.75
qwen3-4b,27,val,val,fr,de,klein,"Le contraire de ""klein"" est """,groß,10,14,12.125,10.5625,-1.5625
qwen3-4b,27,val,freq,fr,de,klein,"Le contraire de ""klein"" est """,groß,10,1,12.125,17.0,4.875
qwen3-4b,27,freq,desc,fr,de,klein,"Le contraire de ""klein"" est """,groß,10,22,12.125,11.125,-1.0
qwen3-4b,27,freq,val,fr,de,klein,"Le contraire de ""klein"" est """,groß,10,20,12.125,13.1875,1.0625
qwen3-4b,27,freq,freq,fr,de,klein,"Le contraire de ""klein"" est """,groß,10,22,12.125,11.125,-1.0
qwen3-4b,28,desc,desc,fr,de,kalt,"Le contraire de ""kalt"" est """,heiß,1,1,24.125,21.75,-2.375
qwen3-4b,28,desc,val,fr,de,kalt,"Le contraire de ""kalt"" est """,heiß,1,1,24.125,21.75,-2.375
qwen3-4b,28,desc,freq,fr,de,kalt,"Le contraire de ""kalt"" est """,heiß,1,2,24.125,20.125,-4.0
qwen3-4b,28,val,desc,fr,de,kalt,"Le contraire de ""kalt"" est """,heiß,1,2,24.125,19.5,-4.625
qwen3-4b,28,val,val,fr,de,kalt,"Le contraire de ""kalt"" est """,heiß,1,2,24.125,19.875,-4.25
qwen3-4b,28,val,freq,fr,de,kalt,"Le contraire de ""kalt"" est """,heiß,1,3,24.125,17.125,-7.0
qwen3-4b,28,freq,desc,fr,de,kalt,"Le contraire de ""kalt"" est """,heiß,1,4,24.125,16.625,-7.5
qwen3-4b,28,freq,val,fr,de,kalt,"Le contraire de ""kalt"" est """,heiß,1,4,24.125,16.625,-7.5
qwen3-4b,28,freq,freq,fr,de,kalt,"Le contraire de ""kalt"" est """,heiß,1,4,24.125,16.625,-7.5
qwen3-4b,29,desc,desc,fr,de,langsam,"Le contraire de ""langsam"" est """,schnell,0,0,24.75,21.375,-3.375
qwen3-4b,29,desc,val,fr,de,langsam,"Le contraire de ""langsam"" est """,schnell,0,0,24.75,20.5,-4.25
qwen3-4b,29,desc,freq,fr,de,langsam,"Le contraire de ""langsam"" est """,schnell,0,0,24.75,23.25,-1.5
qwen3-4b,29,val,desc,fr,de,langsam,"Le contraire de ""langsam"" est """,schnell,0,0,24.75,20.375,-4.375
qwen3-4b,29,val,val,fr,de,langsam,"Le contraire de ""langsam"" est """,schnell,0,0,24.75,20.5,-4.25
qwen3-4b,29,val,freq,fr,de,langsam,"Le contraire de ""langsam"" est """,schnell,0,0,24.75,21.25,-3.5
qwen3-4b,29,freq,desc,fr,de,langsam,"Le contraire de ""langsam"" est """,schnell,0,2,24.75,17.75,-7.0
qwen3-4b,29,freq,val,fr,de,langsam,"Le contraire de ""langsam"" est """,schnell,0,2,24.75,17.375,-7.375
qwen3-4b,29,freq,freq,fr,de,langsam,"Le contraire de ""langsam"" est """,schnell,0,2,24.75,17.875,-6.875
qwen3-4b,30,desc,desc,fr,de,schwer,"Le contraire de ""schwer"" est """,leicht,0,0,27.625,24.125,-3.5
qwen3-4b,30,desc,val,fr,de,schwer,"Le contraire de ""schwer"" est """,leicht,0,0,27.625,23.5,-4.125
qwen3-4b,30,desc,freq,fr,de,schwer,"Le contraire de ""schwer"" est """,leicht,0,0,27.625,26.0,-1.625
qwen3-4b,30,val,desc,fr,de,schwer,"Le contraire de ""schwer"" est """,leicht,0,0,27.625,24.75,-2.875
qwen3-4b,30,val,val,fr,de,schwer,"Le contraire de ""schwer"" est """,leicht,0,0,27.625,24.75,-2.875
qwen3-4b,30,val,freq,fr,de,schwer,"Le contraire de ""schwer"" est """,leicht,0,0,27.625,25.375,-2.25
qwen3-4b,30,freq,desc,fr,de,schwer,"Le contraire de ""schwer"" est """,leicht,0,3,27.625,18.75,-8.875
qwen3-4b,30,freq,val,fr,de,schwer,"Le contraire de ""schwer"" est """,leicht,0,4,27.625,17.875,-9.75
qwen3-4b,30,freq,freq,fr,de,schwer,"Le contraire de ""schwer"" est """,leicht,0,3,27.625,18.75,-8.875
qwen3-4b,31,desc,desc,fr,de,schwierig,"Le contraire de ""schwierig"" est """,einfach,0,0,25.0,23.75,-1.25
qwen3-4b,31,desc,val,fr,de,schwierig,"Le contraire de ""schwierig"" est """,einfach,0,0,25.0,22.25,-2.75
qwen3-4b,31,desc,freq,fr,de,schwierig,"Le contraire de ""schwierig"" est """,einfach,0,0,25.0,23.625,-1.375
qwen3-4b,31,val,desc,fr,de,schwierig,"Le contraire de ""schwierig"" est """,einfach,0,0,25.0,21.625,-3.375
qwen3-4b,31,val,val,fr,de,schwierig,"Le contraire de ""schwierig"" est """,einfach,0,0,25.0,21.625,-3.375
qwen3-4b,31,val,freq,fr,de,schwierig,"Le contraire de ""schwierig"" est """,einfach,0,0,25.0,22.375,-2.625
qwen3-4b,31,freq,desc,fr,de,schwierig,"Le contraire de ""schwierig"" est """,einfach,0,1,25.0,22.5,-2.5
qwen3-4b,31,freq,val,fr,de,schwierig,"Le contraire de ""schwierig"" est """,einfach,0,1,25.0,21.25,-3.75
qwen3-4b,31,freq,freq,fr,de,schwierig,"Le contraire de ""schwierig"" est """,einfach,0,1,25.0,22.5,-2.5
qwen3-4b,32,desc,desc,fr,de,alt,"Le contraire de ""alt"" est """,neu,452,452,8.3125,8.3125,0.0
qwen3-4b,32,desc,val,fr,de,alt,"Le contraire de ""alt"" est """,neu,452,394,8.3125,10.5,2.1875
qwen3-4b,32,desc,freq,fr,de,alt,"Le contraire de ""alt"" est """,neu,452,247,8.3125,8.8125,0.5
qwen3-4b,32,val,desc,fr,de,alt,"Le contraire de ""alt"" est """,neu,452,672,8.3125,7.375,-0.9375
qwen3-4b,32,val,val,fr,de,alt,"Le contraire de ""alt"" est """,neu,452,675,8.3125,7.375,-0.9375
qwen3-4b,32,val,freq,fr,de,alt,"Le contraire de ""alt"" est """,neu,452,307,8.3125,8.3125,0.0
qwen3-4b,32,freq,desc,fr,de,alt,"Le contraire de ""alt"" est """,neu,452,452,8.3125,8.3125,0.0
qwen3-4b,32,freq,val,fr,de,alt,"Le contraire de ""alt"" est """,neu,452,397,8.3125,10.75,2.4375
qwen3-4b,32,freq,freq,fr,de,alt,"Le contraire de ""alt"" est """,neu,452,452,8.3125,8.3125,0.0
qwen3-4b,33,desc,desc,fr,de,falsch,"Le contraire de ""falsch"" est """,wahr,0,0,19.25,18.125,-1.125
qwen3-4b,33,desc,val,fr,de,falsch,"Le contraire de ""falsch"" est """,wahr,0,0,19.25,20.75,1.5
qwen3-4b,33,desc,freq,fr,de,falsch,"Le contraire de ""falsch"" est """,wahr,0,0,19.25,17.125,-2.125
qwen3-4b,33,val,desc,fr,de,falsch,"Le contraire de ""falsch"" est """,wahr,0,0,19.25,17.5,-1.75
qwen3-4b,33,val,val,fr,de,falsch,"Le contraire de ""falsch"" est """,wahr,0,0,19.25,17.375,-1.875
qwen3-4b,33,val,freq,fr,de,falsch,"Le contraire de ""falsch"" est """,wahr,0,0,19.25,16.125,-3.125
qwen3-4b,33,freq,desc,fr,de,falsch,"Le contraire de ""falsch"" est """,wahr,0,3,19.25,15.375,-3.875
qwen3-4b,33,freq,val,fr,de,falsch,"Le contraire de ""falsch"" est """,wahr,0,4,19.25,17.375,-1.875
qwen3-4b,33,freq,freq,fr,de,falsch,"Le contraire de ""falsch"" est """,wahr,0,3,19.25,15.375,-3.875
qwen3-4b,34,desc,desc,fr,de,tot,"Le contraire de ""tot"" est """,lebendig,325,325,7.9375,7.9375,0.0
qwen3-4b,34,desc,val,fr,de,tot,"Le contraire de ""tot"" est """,lebendig,325,504,7.9375,9.0625,1.125
qwen3-4b,34,desc,freq,fr,de,tot,"Le contraire de ""tot"" est """,lebendig,325,32,7.9375,12.0,4.0625
qwen3-4b,34,val,desc,fr,de,tot,"Le contraire de ""tot"" est """,lebendig,325,856,7.9375,5.96875,-1.96875
qwen3-4b,34,val,val,fr,de,tot,"Le contraire de ""tot"" est """,lebendig,325,908,7.9375,5.875,-2.0625
qwen3-4b,34,val,freq,fr,de,tot,"Le contraire de ""tot"" est """,lebendig,325,61,7.9375,11.375,3.4375
qwen3-4b,34,freq,desc,fr,de,tot,"Le contraire de ""tot"" est """,lebendig,325,360,7.9375,7.5625,-0.375
qwen3-4b,34,freq,val,fr,de,tot,"Le contraire de ""tot"" est """,lebendig,325,432,7.9375,9.4375,1.5
qwen3-4b,34,freq,freq,fr,de,tot,"Le contraire de ""tot"" est """,lebendig,325,360,7.9375,7.5625,-0.375
qwen3-4b,35,desc,desc,fr,de,leer,"Le contraire de ""leer"" est """,voll,14,12,13.5625,13.5625,0.0
qwen3-4b,35,desc,val,fr,de,leer,"Le contraire de ""leer"" est """,voll,14,10,13.5625,15.1875,1.625
qwen3-4b,35,desc,freq,fr,de,leer,"Le contraire de ""leer"" est """,voll,14,33,13.5625,11.9375,-1.625
qwen3-4b,35,val,desc,fr,de,leer,"Le contraire de ""leer"" est """,voll,14,17,13.5625,11.5625,-2.0
qwen3-4b,35,val,val,fr,de,leer,"Le contraire de ""leer"" est """,voll,14,17,13.5625,11.5625,-2.0
qwen3-4b,35,val,freq,fr,de,leer,"Le contraire de ""leer"" est """,voll,14,53,13.5625,10.375,-3.1875
qwen3-4b,35,freq,desc,fr,de,leer,"Le contraire de ""leer"" est """,voll,14,14,13.5625,13.5,-0.0625
qwen3-4b,35,freq,val,fr,de,leer,"Le contraire de ""leer"" est """,voll,14,12,13.5625,15.3125,1.75
qwen3-4b,35,freq,freq,fr,de,leer,"Le contraire de ""leer"" est """,voll,14,14,13.5625,13.5,-0.0625
qwen3-4b,36,desc,desc,fr,de,dunkel,"Le contraire de ""dunkel"" est """,hell,3,59,16.375,11.0,-5.375
qwen3-4b,36,desc,val,fr,de,dunkel,"Le contraire de ""dunkel"" est """,hell,3,21,16.375,13.75,-2.625
qwen3-4b,36,desc,freq,fr,de,dunkel,"Le contraire de ""dunkel"" est """,hell,3,1,16.375,17.125,0.75
qwen3-4b,36,val,desc,fr,de,dunkel,"Le contraire de ""dunkel"" est """,hell,3,19,16.375,10.75,-5.625
qwen3-4b,36,val,val,fr,de,dunkel,"Le contraire de ""dunkel"" est """,hell,3,18,16.375,10.75,-5.625
qwen3-4b,36,val,freq,fr,de,dunkel,"Le contraire de ""dunkel"" est """,hell,3,0,16.375,19.375,3.0
qwen3-4b,36,freq,desc,fr,de,dunkel,"Le contraire de ""dunkel"" est """,hell,3,191,16.375,9.0,-7.375
qwen3-4b,36,freq,val,fr,de,dunkel,"Le contraire de ""dunkel"" est """,hell,3,210,16.375,10.3125,-6.0625
qwen3-4b,36,freq,freq,fr,de,dunkel,"Le contraire de ""dunkel"" est """,hell,3,191,16.375,9.0,-7.375
qwen3-4b,37,desc,desc,fr,de,schwach,"Le contraire de ""schwach"" est """,stark,0,0,24.25,17.375,-6.875
qwen3-4b,37,desc,val,fr,de,schwach,"Le contraire de ""schwach"" est """,stark,0,0,24.25,18.75,-5.5
qwen3-4b,37,desc,freq,fr,de,schwach,"Le contraire de ""schwach"" est """,stark,0,0,24.25,21.375,-2.875
qwen3-4b,37,val,desc,fr,de,schwach,"Le contraire de ""schwach"" est """,stark,0,0,24.25,18.5,-5.75
qwen3-4b,37,val,val,fr,de,schwach,"Le contraire de ""schwach"" est """,stark,0,0,24.25,19.25,-5.0
qwen3-4b,37,val,freq,fr,de,schwach,"Le contraire de ""schwach"" est """,stark,0,0,24.25,20.0,-4.25
qwen3-4b,37,freq,desc,fr,de,schwach,"Le contraire de ""schwach"" est """,stark,0,53,24.25,11.4375,-12.8125
qwen3-4b,37,freq,val,fr,de,schwach,"Le contraire de ""schwach"" est """,stark,0,32,24.25,12.75,-11.5
qwen3-4b,37,freq,freq,fr,de,schwach,"Le contraire de ""schwach"" est """,stark,0,53,24.25,11.4375,-12.8125
qwen3-4b,38,desc,desc,fr,de,schmutzig,"Le contraire de ""schmutzig"" est """,sauber,1,52,17.25,11.1875,-6.0625
qwen3-4b,38,desc,val,fr,de,schmutzig,"Le contraire de ""schmutzig"" est """,sauber,1,23,17.25,13.0,-4.25
qwen3-4b,38,desc,freq,fr,de,schmutzig,"Le contraire de ""schmutzig"" est """,sauber,1,0,17.25,21.5,4.25
qwen3-4b,38,val,desc,fr,de,schmutzig,"Le contraire de ""schmutzig"" est """,sauber,1,36,17.25,9.1875,-8.0625
qwen3-4b,38,val,val,fr,de,schmutzig,"Le contraire de ""schmutzig"" est """,sauber,1,64,17.25,8.1875,-9.0625
qwen3-4b,38,val,freq,fr,de,schmutzig,"Le contraire de ""schmutzig"" est """,sauber,1,0,17.25,17.875,0.625
qwen3-4b,38,freq,desc,fr,de,schmutzig,"Le contraire de ""schmutzig"" est """,sauber,1,86,17.25,10.3125,-6.9375
qwen3-4b,38,freq,val,fr,de,schmutzig,"Le contraire de ""schmutzig"" est """,sauber,1,109,17.25,10.5625,-6.6875
qwen3-4b,38,freq,freq,fr,de,schmutzig,"Le contraire de ""schmutzig"" est """,sauber,1,86,17.25,10.3125,-6.9375
qwen3-4b,39,desc,desc,fr,de,geschlossen,"Le contraire de ""geschlossen"" est """,offen,0,2,22.875,18.875,-4.0
qwen3-4b,39,desc,val,fr,de,geschlossen,"Le contraire de ""geschlossen"" est """,offen,0,1,22.875,18.25,-4.625
qwen3-4b,39,desc,freq,fr,de,geschlossen,"Le contraire de ""geschlossen"" est """,offen,0,0,22.875,21.0,-1.875
qwen3-4b,39,val,desc,fr,de,geschlossen,"Le contraire de ""geschlossen"" est """,offen,0,1,22.875,18.875,-4.0
qwen3-4b,39,val,val,fr,de,geschlossen,"Le contraire de ""geschlossen"" est """,offen,0,1,22.875,18.75,-4.125
qwen3-4b,39,val,freq,fr,de,geschlossen,"Le contraire de ""geschlossen"" est """,offen,0,0,22.875,20.5,-2.375
qwen3-4b,39,freq,desc,fr,de,geschlossen,"Le contraire de ""geschlossen"" est """,offen,0,5,22.875,13.875,-9.0
qwen3-4b,39,freq,val,fr,de,geschlossen,"Le contraire de ""geschlossen"" est """,offen,0,7,22.875,14.1875,-8.6875
qwen3-4b,39,freq,freq,fr,de,geschlossen,"Le contraire de ""geschlossen"" est """,offen,0,5,22.875,13.875,-9.0
qwen3-4b,40,desc,desc,fr,de,arm,"Le contraire de ""arm"" est """,reich,10196,10196,3.1875,3.1875,0.0
qwen3-4b,40,desc,val,fr,de,arm,"Le contraire de ""arm"" est """,reich,10196,5683,3.1875,5.84375,2.65625
qwen3-4b,40,desc,freq,fr,de,arm,"Le contraire de ""arm"" est """,reich,10196,683,3.1875,7.84375,4.65625
qwen3-4b,40,val,desc,fr,de,arm,"Le contraire de ""arm"" est """,reich,10196,5253,3.1875,3.28125,0.09375
qwen3-4b,40,val,val,fr,de,arm,"Le contraire de ""arm"" est """,reich,10196,5416,3.1875,3.25,0.0625
qwen3-4b,40,val,freq,fr,de,arm,"Le contraire de ""arm"" est """,reich,10196,419,3.1875,8.375,5.1875
qwen3-4b,40,freq,desc,fr,de,arm,"Le contraire de ""arm"" est """,reich,10196,10196,3.1875,3.1875,0.0
qwen3-4b,40,freq,val,fr,de,arm,"Le contraire de ""arm"" est """,reich,10196,9252,3.1875,5.0,1.8125
qwen3-4b,40,freq,freq,fr,de,arm,"Le contraire de ""arm"" est """,reich,10196,10196,3.1875,3.1875,0.0
qwen3-4b,41,desc,desc,fr,de,hässlich,"Le contraire de ""hässlich"" est """,schön,3,2,18.75,19.125,0.375
qwen3-4b,41,desc,val,fr,de,hässlich,"Le contraire de ""hässlich"" est """,schön,3,1,18.75,18.875,0.125
qwen3-4b,41,desc,freq,fr,de,hässlich,"Le contraire de ""hässlich"" est """,schön,3,2,18.75,17.875,-0.875
qwen3-4b,41,val,desc,fr,de,hässlich,"Le contraire de ""hässlich"" est """,schön,3,2,18.75,15.6875,-3.0625
qwen3-4b,41,val,val,fr,de,hässlich,"Le contraire de ""hässlich"" est """,schön,3,2,18.75,15.75,-3.0
qwen3-4b,41,val,freq,fr,de,hässlich,"Le contraire de ""hässlich"" est """,schön,3,4,18.75,15.5625,-3.1875
qwen3-4b,41,freq,desc,fr,de,hässlich,"Le contraire de ""hässlich"" est """,schön,3,2,18.75,18.25,-0.5
qwen3-4b,41,freq,val,fr,de,hässlich,"Le contraire de ""hässlich"" est """,schön,3,2,18.75,17.5,-1.25
qwen3-4b,41,freq,freq,fr,de,hässlich,"Le contraire de ""hässlich"" est """,schön,3,2,18.75,18.25,-0.5
qwen3-4b,42,desc,desc,fr,de,kurz,"Le contraire de ""kurz"" est """,lang,0,0,21.0,20.375,-0.625
qwen3-4b,42,desc,val,fr,de,kurz,"Le contraire de ""kurz"" est """,lang,0,0,21.0,23.375,2.375
qwen3-4b,42,desc,freq,fr,de,kurz,"Le contraire de ""kurz"" est """,lang,0,0,21.0,19.75,-1.25
qwen3-4b,42,val,desc,fr,de,kurz,"Le contraire de ""kurz"" est """,lang,0,0,21.0,22.75,1.75
qwen3-4b,42,val,val,fr,de,kurz,"Le contraire de ""kurz"" est """,lang,0,0,21.0,22.75,1.75
qwen3-4b,42,val,freq,fr,de,kurz,"Le contraire de ""kurz"" est """,lang,0,0,21.0,21.625,0.625
qwen3-4b,42,freq,desc,fr,de,kurz,"Le contraire de ""kurz"" est """,lang,0,0,21.0,19.125,-1.875
qwen3-4b,42,freq,val,fr,de,kurz,"Le contraire de ""kurz"" est """,lang,0,0,21.0,22.25,1.25
qwen3-4b,42,freq,freq,fr,de,kurz,"Le contraire de ""kurz"" est """,lang,0,0,21.0,19.125,-1.875
qwen3-4b,43,desc,desc,fr,de,eng,"Le contraire de ""eng"" est """,breit,1129,1129,6.96875,6.96875,0.0
qwen3-4b,43,desc,val,fr,de,eng,"Le contraire de ""eng"" est """,breit,1129,934,6.96875,9.1875,2.21875
qwen3-4b,43,desc,freq,fr,de,eng,"Le contraire de ""eng"" est """,breit,1129,843,6.96875,6.90625,-0.0625
qwen3-4b,43,val,desc,fr,de,eng,"Le contraire de ""eng"" est """,breit,1129,1748,6.96875,4.96875,-2.0
qwen3-4b,43,val,val,fr,de,eng,"Le contraire de ""eng"" est """,breit,1129,1623,6.96875,5.125,-1.84375
qwen3-4b,43,val,freq,fr,de,eng,"Le contraire de ""eng"" est """,breit,1129,607,6.96875,6.90625,-0.0625
qwen3-4b,43,freq,desc,fr,de,eng,"Le contraire de ""eng"" est """,breit,1129,1215,6.96875,6.625,-0.34375
qwen3-4b,43,freq,val,fr,de,eng,"Le contraire de ""eng"" est """,breit,1129,1274,6.96875,8.8125,1.84375
qwen3-4b,43,freq,freq,fr,de,eng,"Le contraire de ""eng"" est """,breit,1129,1215,6.96875,6.625,-0.34375
qwen3-4b,44,desc,desc,fr,de,weich,"Le contraire de ""weich"" est """,hart,0,0,24.625,22.375,-2.25
qwen3-4b,44,desc,val,fr,de,weich,"Le contraire de ""weich"" est """,hart,0,0,24.625,20.5,-4.125
qwen3-4b,44,desc,freq,fr,de,weich,"Le contraire de ""weich"" est """,hart,0,1,24.625,22.5,-2.125
qwen3-4b,44,val,desc,fr,de,weich,"Le contraire de ""weich"" est """,hart,0,0,24.625,21.5,-3.125
qwen3-4b,44,val,val,fr,de,weich,"Le contraire de ""weich"" est """,hart,0,0,24.625,21.25,-3.375
qwen3-4b,44,val,freq,fr,de,weich,"Le contraire de ""weich"" est """,hart,0,0,24.625,21.0,-3.625
qwen3-4b,44,freq,desc,fr,de,weich,"Le contraire de ""weich"" est """,hart,0,1,24.625,18.375,-6.25
qwen3-4b,44,freq,val,fr,de,weich,"Le contraire de ""weich"" est """,hart,0,4,24.625,17.125,-7.5
qwen3-4b,44,freq,freq,fr,de,weich,"Le contraire de ""weich"" est """,hart,0,1,24.625,18.375,-6.25
qwen3-4b,45,desc,desc,fr,de,nass,"Le contraire de ""nass"" est """,trocken,8,8,12.75,12.75,0.0
qwen3-4b,45,desc,val,fr,de,nass,"Le contraire de ""nass"" est """,trocken,8,5,12.75,17.25,4.5
qwen3-4b,45,desc,freq,fr,de,nass,"Le contraire de ""nass"" est """,trocken,8,10,12.75,11.625,-1.125
qwen3-4b,45,val,desc,fr,de,nass,"Le contraire de ""nass"" est """,trocken,8,7,12.75,14.625,1.875
qwen3-4b,45,val,val,fr,de,nass,"Le contraire de ""nass"" est """,trocken,8,5,12.75,14.8125,2.0625
qwen3-4b,45,val,freq,fr,de,nass,"Le contraire de ""nass"" est """,trocken,8,11,12.75,13.4375,0.6875
qwen3-4b,45,freq,desc,fr,de,nass,"Le contraire de ""nass"" est """,trocken,8,8,12.75,12.4375,-0.3125
qwen3-4b,45,freq,val,fr,de,nass,"Le contraire de ""nass"" est """,trocken,8,6,12.75,17.75,5.0
qwen3-4b,45,freq,freq,fr,de,nass,"Le contraire de ""nass"" est """,trocken,8,8,12.75,12.4375,-0.3125
qwen3-4b,46,desc,desc,fr,de,leise,"Le contraire de ""leise"" est """,laut,3,14,17.375,14.3125,-3.0625
qwen3-4b,46,desc,val,fr,de,leise,"Le contraire de ""leise"" est """,laut,3,6,17.375,16.125,-1.25
qwen3-4b,46,desc,freq,fr,de,leise,"Le contraire de ""leise"" est """,laut,3,0,17.375,21.375,4.0
qwen3-4b,46,val,desc,fr,de,leise,"Le contraire de ""leise"" est """,laut,3,20,17.375,11.6875,-5.6875
qwen3-4b,46,val,val,fr,de,leise,"Le contraire de ""leise"" est """,laut,3,25,17.375,11.3125,-6.0625
qwen3-4b,46,val,freq,fr,de,leise,"Le contraire de ""leise"" est """,laut,3,0,17.375,19.375,2.0
qwen3-4b,46,freq,desc,fr,de,leise,"Le contraire de ""leise"" est """,laut,3,18,17.375,14.1875,-3.1875
qwen3-4b,46,freq,val,fr,de,leise,"Le contraire de ""leise"" est """,laut,3,10,17.375,15.5625,-1.8125
qwen3-4b,46,freq,freq,fr,de,leise,"Le contraire de ""leise"" est """,laut,3,18,17.375,14.1875,-3.1875
qwen3-4b,47,desc,desc,fr,de,spät,"Le contraire de ""spät"" est """,früh,0,0,23.75,21.75,-2.0
qwen3-4b,47,desc,val,fr,de,spät,"Le contraire de ""spät"" est """,früh,0,0,23.75,22.625,-1.125
qwen3-4b,47,desc,freq,fr,de,spät,"Le contraire de ""spät"" est """,früh,0,0,23.75,21.875,-1.875
qwen3-4b,47,val,desc,fr,de,spät,"Le contraire de ""spät"" est """,früh,0,0,23.75,21.25,-2.5
qwen3-4b,47,val,val,fr,de,spät,"Le contraire de ""spät"" est """,früh,0,0,23.75,21.25,-2.5
qwen3-4b,47,val,freq,fr,de,spät,"Le contraire de ""spät"" est """,früh,0,0,23.75,20.125,-3.625
qwen3-4b,47,freq,desc,fr,de,spät,"Le contraire de ""spät"" est """,früh,0,2,23.75,17.875,-5.875
qwen3-4b,47,freq,val,fr,de,spät,"Le contraire de ""spät"" est """,früh,0,2,23.75,18.75,-5.0
qwen3-4b,47,freq,freq,fr,de,spät,"Le contraire de ""spät"" est """,früh,0,2,23.75,17.875,-5.875
qwen3-4b,48,desc,desc,fr,de,fern,"Le contraire de ""fern"" est """,nah,4945,4945,5.0,5.0,0.0
qwen3-4b,48,desc,val,fr,de,fern,"Le contraire de ""fern"" est """,nah,4945,3521,5.0,6.4375,1.4375
qwen3-4b,48,desc,freq,fr,de,fern,"Le contraire de ""fern"" est """,nah,4945,1354,5.0,6.875,1.875
qwen3-4b,48,val,desc,fr,de,fern,"Le contraire de ""fern"" est """,nah,4945,3633,5.0,2.984375,-2.015625
qwen3-4b,48,val,val,fr,de,fern,"Le contraire de ""fern"" est """,nah,4945,3532,5.0,3.046875,-1.953125
qwen3-4b,48,val,freq,fr,de,fern,"Le contraire de ""fern"" est """,nah,4945,852,5.0,6.5,1.5
qwen3-4b,48,freq,desc,fr,de,fern,"Le contraire de ""fern"" est """,nah,4945,5009,5.0,4.96875,-0.03125
qwen3-4b,48,freq,val,fr,de,fern,"Le contraire de ""fern"" est """,nah,4945,5424,5.0,5.6875,0.6875
qwen3-4b,48,freq,freq,fr,de,fern,"Le contraire de ""fern"" est """,nah,4945,5009,5.0,4.96875,-0.03125
qwen3-4b,49,desc,desc,fr,de,flach,"Le contraire de ""flach"" est """,tief,13,14,12.375,12.4375,0.0625
qwen3-4b,49,desc,val,fr,de,flach,"Le contraire de ""flach"" est """,tief,13,16,12.375,15.0,2.625
qwen3-4b,49,desc,freq,fr,de,flach,"Le contraire de ""flach"" est """,tief,13,11,12.375,12.1875,-0.1875
qwen3-4b,49,val,desc,fr,de,flach,"Le contraire de ""flach"" est """,tief,13,28,12.375,11.4375,-0.9375
qwen3-4b,49,val,val,fr,de,flach,"Le contraire de ""flach"" est """,tief,13,27,12.375,11.5,-0.875
qwen3-4b,49,val,freq,fr,de,flach,"Le contraire de ""flach"" est """,tief,13,10,12.375,12.3125,-0.0625
qwen3-4b,49,freq,desc,fr,de,flach,"Le contraire de ""flach"" est """,tief,13,14,12.375,12.1875,-0.1875
qwen3-4b,49,freq,val,fr,de,flach,"Le contraire de ""flach"" est """,tief,13,15,12.375,15.4375,3.0625
qwen3-4b,49,freq,freq,fr,de,flach,"Le contraire de ""flach"" est """,tief,13,14,12.375,12.1875,-0.1875
qwen3-4b,50,desc,desc,fr,de,jung,"Le contraire de ""jung"" est """,alt,104,184,9.4375,8.6875,-0.75
qwen3-4b,50,desc,val,fr,de,jung,"Le contraire de ""jung"" est """,alt,104,97,9.4375,12.625,3.1875
qwen3-4b,50,desc,freq,fr,de,jung,"Le contraire de ""jung"" est """,alt,104,73,9.4375,9.75,0.3125
qwen3-4b,50,val,desc,fr,de,jung,"Le contraire de ""jung"" est """,alt,104,373,9.4375,7.53125,-1.90625
qwen3-4b,50,val,val,fr,de,jung,"Le contraire de ""jung"" est """,alt,104,301,9.4375,7.875,-1.5625
qwen3-4b,50,val,freq,fr,de,jung,"Le contraire de ""jung"" est """,alt,104,60,9.4375,10.5625,1.125
qwen3-4b,50,freq,desc,fr,de,jung,"Le contraire de ""jung"" est """,alt,104,194,9.4375,8.5625,-0.875
qwen3-4b,50,freq,val,fr,de,jung,"Le contraire de ""jung"" est """,alt,104,223,9.4375,11.5625,2.125
qwen3-4b,50,freq,freq,fr,de,jung,"Le contraire de ""jung"" est """,alt,104,194,9.4375,8.5625,-0.875
qwen3-4b,51,desc,desc,fr,de,freundlich,"Le contraire de ""freundlich"" est """,unfreundlich,0,0,22.0,21.875,-0.125
qwen3-4b,51,desc,val,fr,de,freundlich,"Le contraire de ""freundlich"" est """,unfreundlich,0,0,22.0,22.125,0.125
qwen3-4b,51,desc,freq,fr,de,freundlich,"Le contraire de ""freundlich"" est """,unfreundlich,0,0,22.0,20.125,-1.875
qwen3-4b,51,val,desc,fr,de,freundlich,"Le contraire de ""freundlich"" est """,unfreundlich,0,0,22.0,21.375,-0.625
qwen3-4b,51,val,val,fr,de,freundlich,"Le contraire de ""freundlich"" est """,unfreundlich,0,0,22.0,21.5,-0.5
qwen3-4b,51,val,freq,fr,de,freundlich,"Le contraire de ""freundlich"" est """,unfreundlich,0,0,22.0,20.125,-1.875
qwen3-4b,51,freq,desc,fr,de,freundlich,"Le contraire de ""freundlich"" est """,unfreundlich,0,0,22.0,20.25,-1.75
qwen3-4b,51,freq,val,fr,de,freundlich,"Le contraire de ""freundlich"" est """,unfreundlich,0,0,22.0,20.75,-1.25
qwen3-4b,51,freq,freq,fr,de,freundlich,"Le contraire de ""freundlich"" est """,unfreundlich,0,0,22.0,20.25,-1.75
qwen3-4b,52,desc,desc,fr,de,mutig,"Le contraire de ""mutig"" est """,feige,404,414,9.125,9.0625,-0.0625
qwen3-4b,52,desc,val,fr,de,mutig,"Le contraire de ""mutig"" est """,feige,404,468,9.125,9.625,0.5
qwen3-4b,52,desc,freq,fr,de,mutig,"Le contraire de ""mutig"" est """,feige,404,493,9.125,8.5,-0.625
qwen3-4b,52,val,desc,fr,de,mutig,"Le contraire de ""mutig"" est """,feige,404,693,9.125,6.1875,-2.9375
qwen3-4b,52,val,val,fr,de,mutig,"Le contraire de ""mutig"" est """,feige,404,674,9.125,6.125,-3.0
qwen3-4b,52,val,freq,fr,de,mutig,"Le contraire de ""mutig"" est """,feige,404,332,9.125,7.6875,-1.4375
qwen3-4b,52,freq,desc,fr,de,mutig,"Le contraire de ""mutig"" est """,feige,404,426,9.125,8.8125,-0.3125
qwen3-4b,52,freq,val,fr,de,mutig,"Le contraire de ""mutig"" est """,feige,404,422,9.125,9.875,0.75
qwen3-4b,52,freq,freq,fr,de,mutig,"Le contraire de ""mutig"" est """,feige,404,426,9.125,8.8125,-0.3125
qwen3-4b,53,desc,desc,fr,de,weise,"Le contraire de ""weise"" est """,dumm,11,13,14.625,14.4375,-0.1875
qwen3-4b,53,desc,val,fr,de,weise,"Le contraire de ""weise"" est """,dumm,11,13,14.625,14.9375,0.3125
qwen3-4b,53,desc,freq,fr,de,weise,"Le contraire de ""weise"" est """,dumm,11,11,14.625,14.6875,0.0625
qwen3-4b,53,val,desc,fr,de,weise,"Le contraire de ""weise"" est """,dumm,11,17,14.625,12.125,-2.5
qwen3-4b,53,val,val,fr,de,weise,"Le contraire de ""weise"" est """,dumm,11,17,14.625,12.0625,-2.5625
qwen3-4b,53,val,freq,fr,de,weise,"Le contraire de ""weise"" est """,dumm,11,11,14.625,13.4375,-1.1875
qwen3-4b,53,freq,desc,fr,de,weise,"Le contraire de ""weise"" est """,dumm,11,17,14.625,14.1875,-0.4375
qwen3-4b,53,freq,val,fr,de,weise,"Le contraire de ""weise"" est """,dumm,11,15,14.625,15.5625,0.9375
qwen3-4b,53,freq,freq,fr,de,weise,"Le contraire de ""weise"" est """,dumm,11,17,14.625,14.1875,-0.4375
qwen3-4b,54,desc,desc,fr,de,höflich,"Le contraire de ""höflich"" est """,unhöflich,0,0,23.0,19.875,-3.125
qwen3-4b,54,desc,val,fr,de,höflich,"Le contraire de ""höflich"" est """,unhöflich,0,0,23.0,21.0,-2.0
qwen3-4b,54,desc,freq,fr,de,höflich,"Le contraire de ""höflich"" est """,unhöflich,0,1,23.0,19.5,-3.5
qwen3-4b,54,val,desc,fr,de,höflich,"Le contraire de ""höflich"" est """,unhöflich,0,1,23.0,18.25,-4.75
qwen3-4b,54,val,val,fr,de,höflich,"Le contraire de ""höflich"" est """,unhöflich,0,1,23.0,18.5,-4.5
qwen3-4b,54,val,freq,fr,de,höflich,"Le contraire de ""höflich"" est """,unhöflich,0,0,23.0,18.5,-4.5
qwen3-4b,54,freq,desc,fr,de,höflich,"Le contraire de ""höflich"" est """,unhöflich,0,7,23.0,16.375,-6.625
qwen3-4b,54,freq,val,fr,de,höflich,"Le contraire de ""höflich"" est """,unhöflich,0,6,23.0,17.25,-5.75
qwen3-4b,54,freq,freq,fr,de,höflich,"Le contraire de ""höflich"" est """,unhöflich,0,7,23.0,16.375,-6.625
qwen3-4b,55,desc,desc,fr,de,geduldig,"Le contraire de ""geduldig"" est """,ungeduldig,8,140,16.25,11.4375,-4.8125
qwen3-4b,55,desc,val,fr,de,geduldig,"Le contraire de ""geduldig"" est """,ungeduldig,8,59,16.25,13.125,-3.125
qwen3-4b,55,desc,freq,fr,de,geduldig,"Le contraire de ""geduldig"" est """,ungeduldig,8,0,16.25,18.5,2.25
qwen3-4b,55,val,desc,fr,de,geduldig,"Le contraire de ""geduldig"" est """,ungeduldig,8,119,16.25,9.5,-6.75
qwen3-4b,55,val,val,fr,de,geduldig,"Le contraire de ""geduldig"" est """,ungeduldig,8,150,16.25,9.1875,-7.0625
qwen3-4b,55,val,freq,fr,de,geduldig,"Le contraire de ""geduldig"" est """,ungeduldig,8,0,16.25,17.625,1.375
qwen3-4b,55,freq,desc,fr,de,geduldig,"Le contraire de ""geduldig"" est """,ungeduldig,8,248,16.25,10.3125,-5.9375
qwen3-4b,55,freq,val,fr,de,geduldig,"Le contraire de ""geduldig"" est """,ungeduldig,8,256,16.25,10.9375,-5.3125
qwen3-4b,55,freq,freq,fr,de,geduldig,"Le contraire de ""geduldig"" est """,ungeduldig,8,248,16.25,10.3125,-5.9375
qwen3-4b,56,desc,desc,fr,de,ehrlich,"Le contraire de ""ehrlich"" est """,unehrlich,0,2,19.125,15.875,-3.25
qwen3-4b,56,desc,val,fr,de,ehrlich,"Le contraire de ""ehrlich"" est """,unehrlich,0,2,19.125,18.25,-0.875
qwen3-4b,56,desc,freq,fr,de,ehrlich,"Le contraire de ""ehrlich"" est """,unehrlich,0,1,19.125,17.25,-1.875
qwen3-4b,56,val,desc,fr,de,ehrlich,"Le contraire de ""ehrlich"" est """,unehrlich,0,1,19.125,17.875,-1.25
qwen3-4b,56,val,val,fr,de,ehrlich,"Le contraire de ""ehrlich"" est """,unehrlich,0,1,19.125,17.625,-1.5
qwen3-4b,56,val,freq,fr,de,ehrlich,"Le contraire de ""ehrlich"" est """,unehrlich,0,1,19.125,18.5,-0.625
qwen3-4b,56,freq,desc,fr,de,ehrlich,"Le contraire de ""ehrlich"" est """,unehrlich,0,25,19.125,14.0,-5.125
qwen3-4b,56,freq,val,fr,de,ehrlich,"Le contraire de ""ehrlich"" est """,unehrlich,0,21,19.125,15.875,-3.25
qwen3-4b,56,freq,freq,fr,de,ehrlich,"Le contraire de ""ehrlich"" est """,unehrlich,0,25,19.125,14.0,-5.125
qwen3-4b,57,desc,desc,fr,de,sicher,"Le contraire de ""sicher"" est """,unsicher,138,140,10.5625,10.5,-0.0625
qwen3-4b,57,desc,val,fr,de,sicher,"Le contraire de ""sicher"" est """,unsicher,138,148,10.5625,10.9375,0.375
qwen3-4b,57,desc,freq,fr,de,sicher,"Le contraire de ""sicher"" est """,unsicher,138,7,10.5625,14.5625,4.0
qwen3-4b,57,val,desc,fr,de,sicher,"Le contraire de ""sicher"" est """,unsicher,138,198,10.5625,7.78125,-2.78125
qwen3-4b,57,val,val,fr,de,sicher,"Le contraire de ""sicher"" est """,unsicher,138,185,10.5625,7.875,-2.6875
qwen3-4b,57,val,freq,fr,de,sicher,"Le contraire de ""sicher"" est """,unsicher,138,9,10.5625,12.625,2.0625
qwen3-4b,57,freq,desc,fr,de,sicher,"Le contraire de ""sicher"" est """,unsicher,138,142,10.5625,10.5,-0.0625
qwen3-4b,57,freq,val,fr,de,sicher,"Le contraire de ""sicher"" est """,unsicher,138,163,10.5625,11.0,0.4375
qwen3-4b,57,freq,freq,fr,de,sicher,"Le contraire de ""sicher"" est """,unsicher,138,142,10.5625,10.5,-0.0625
qwen3-4b,58,desc,desc,fr,de,aktiv,"Le contraire de ""aktiv"" est """,passiv,0,0,21.875,21.625,-0.25
qwen3-4b,58,desc,val,fr,de,aktiv,"Le contraire de ""aktiv"" est """,passiv,0,0,21.875,23.75,1.875
qwen3-4b,58,desc,freq,fr,de,aktiv,"Le contraire de ""aktiv"" est """,passiv,0,0,21.875,20.75,-1.125
qwen3-4b,58,val,desc,fr,de,aktiv,"Le contraire de ""aktiv"" est """,passiv,0,0,21.875,23.125,1.25
qwen3-4b,58,val,val,fr,de,aktiv,"Le contraire de ""aktiv"" est """,passiv,0,0,21.875,23.125,1.25
qwen3-4b,58,val,freq,fr,de,aktiv,"Le contraire de ""aktiv"" est """,passiv,0,0,21.875,22.875,1.0
qwen3-4b,58,freq,desc,fr,de,aktiv,"Le contraire de ""aktiv"" est """,passiv,0,0,21.875,21.625,-0.25
qwen3-4b,58,freq,val,fr,de,aktiv,"Le contraire de ""aktiv"" est """,passiv,0,0,21.875,24.5,2.625
qwen3-4b,58,freq,freq,fr,de,aktiv,"Le contraire de ""aktiv"" est """,passiv,0,0,21.875,21.625,-0.25
qwen3-4b,59,desc,desc,fr,de,gerade,"Le contraire de ""gerade"" est """,krumm,14,3,15.125,16.125,1.0
qwen3-4b,59,desc,val,fr,de,gerade,"Le contraire de ""gerade"" est """,krumm,14,1,15.125,18.5,3.375
qwen3-4b,59,desc,freq,fr,de,gerade,"Le contraire de ""gerade"" est """,krumm,14,2,15.125,17.125,2.0
qwen3-4b,59,val,desc,fr,de,gerade,"Le contraire de ""gerade"" est """,krumm,14,4,15.125,15.5,0.375
qwen3-4b,59,val,val,fr,de,gerade,"Le contraire de ""gerade"" est """,krumm,14,4,15.125,15.5,0.375
qwen3-4b,59,val,freq,fr,de,gerade,"Le contraire de ""gerade"" est """,krumm,14,2,15.125,16.875,1.75
qwen3-4b,59,freq,desc,fr,de,gerade,"Le contraire de ""gerade"" est """,krumm,14,1,15.125,16.125,1.0
qwen3-4b,59,freq,val,fr,de,gerade,"Le contraire de ""gerade"" est """,krumm,14,1,15.125,18.625,3.5
qwen3-4b,59,freq,freq,fr,de,gerade,"Le contraire de ""gerade"" est """,krumm,14,1,15.125,16.125,1.0
qwen3-4b,60,desc,desc,fr,de,ganz,"Le contraire de ""ganz"" est """,gebrochen,5,16,13.3125,12.25,-1.0625
qwen3-4b,60,desc,val,fr,de,ganz,"Le contraire de ""ganz"" est """,gebrochen,5,11,13.3125,15.8125,2.5
qwen3-4b,60,desc,freq,fr,de,ganz,"Le contraire de ""ganz"" est """,gebrochen,5,5,13.3125,12.8125,-0.5
qwen3-4b,60,val,desc,fr,de,ganz,"Le contraire de ""ganz"" est """,gebrochen,5,11,13.3125,13.9375,0.625
qwen3-4b,60,val,val,fr,de,ganz,"Le contraire de ""ganz"" est """,gebrochen,5,11,13.3125,13.875,0.5625
qwen3-4b,60,val,freq,fr,de,ganz,"Le contraire de ""ganz"" est """,gebrochen,5,5,13.3125,14.25,0.9375
qwen3-4b,60,freq,desc,fr,de,ganz,"Le contraire de ""ganz"" est """,gebrochen,5,25,13.3125,11.0625,-2.25
qwen3-4b,60,freq,val,fr,de,ganz,"Le contraire de ""ganz"" est """,gebrochen,5,29,13.3125,14.25,0.9375
qwen3-4b,60,freq,freq,fr,de,ganz,"Le contraire de ""ganz"" est """,gebrochen,5,25,13.3125,11.0625,-2.25
qwen3-4b,61,desc,desc,fr,de,ruhig,"Le contraire de ""ruhig"" est """,aufgeregt,2,6,17.5,16.625,-0.875
qwen3-4b,61,desc,val,fr,de,ruhig,"Le contraire de ""ruhig"" est """,aufgeregt,2,6,17.5,17.5,0.0
qwen3-4b,61,desc,freq,fr,de,ruhig,"Le contraire de ""ruhig"" est """,aufgeregt,2,4,17.5,17.0,-0.5
qwen3-4b,61,val,desc,fr,de,ruhig,"Le contraire de ""ruhig"" est """,aufgeregt,2,1,17.5,16.875,-0.625
qwen3-4b,61,val,val,fr,de,ruhig,"Le contraire de ""ruhig"" est """,aufgeregt,2,1,17.5,16.75,-0.75
qwen3-4b,61,val,freq,fr,de,ruhig,"Le contraire de ""ruhig"" est """,aufgeregt,2,3,17.5,16.625,-0.875
qwen3-4b,61,freq,desc,fr,de,ruhig,"Le contraire de ""ruhig"" est """,aufgeregt,2,18,17.5,13.8125,-3.6875
qwen3-4b,61,freq,val,fr,de,ruhig,"Le contraire de ""ruhig"" est """,aufgeregt,2,20,17.5,14.6875,-2.8125
qwen3-4b,61,freq,freq,fr,de,ruhig,"Le contraire de ""ruhig"" est """,aufgeregt,2,18,17.5,13.8125,-3.6875
qwen3-4b,62,desc,desc,fr,de,richtig,"Le contraire de ""richtig"" est """,falsch,0,0,23.125,22.125,-1.0
qwen3-4b,62,desc,val,fr,de,richtig,"Le contraire de ""richtig"" est """,falsch,0,0,23.125,22.375,-0.75
qwen3-4b,62,desc,freq,fr,de,richtig,"Le contraire de ""richtig"" est """,falsch,0,0,23.125,24.0,0.875
qwen3-4b,62,val,desc,fr,de,richtig,"Le contraire de ""richtig"" est """,falsch,0,0,23.125,19.0,-4.125
qwen3-4b,62,val,val,fr,de,richtig,"Le contraire de ""richtig"" est """,falsch,0,0,23.125,18.875,-4.25
qwen3-4b,62,val,freq,fr,de,richtig,"Le contraire de ""richtig"" est """,falsch,0,0,23.125,22.625,-0.5
qwen3-4b,62,freq,desc,fr,de,richtig,"Le contraire de ""richtig"" est """,falsch,0,0,23.125,21.0,-2.125
qwen3-4b,62,freq,val,fr,de,richtig,"Le contraire de ""richtig"" est """,falsch,0,0,23.125,21.625,-1.5
qwen3-4b,62,freq,freq,fr,de,richtig,"Le contraire de ""richtig"" est """,falsch,0,0,23.125,21.0,-2.125
qwen3-4b,63,desc,desc,fr,de,komplex,"Le contraire de ""komplex"" est """,einfach,36,60,11.375,10.4375,-0.9375
qwen3-4b,63,desc,val,fr,de,komplex,"Le contraire de ""komplex"" est """,einfach,36,44,11.375,12.5625,1.1875
qwen3-4b,63,desc,freq,fr,de,komplex,"Le contraire de ""komplex"" est """,einfach,36,4,11.375,14.625,3.25
qwen3-4b,63,val,desc,fr,de,komplex,"Le contraire de ""komplex"" est """,einfach,36,105,11.375,8.1875,-3.1875
qwen3-4b,63,val,val,fr,de,komplex,"Le contraire de ""komplex"" est """,einfach,36,119,11.375,7.96875,-3.40625
qwen3-4b,63,val,freq,fr,de,komplex,"Le contraire de ""komplex"" est """,einfach,36,2,11.375,15.375,4.0
qwen3-4b,63,freq,desc,fr,de,komplex,"Le contraire de ""komplex"" est """,einfach,36,63,11.375,10.375,-1.0
qwen3-4b,63,freq,val,fr,de,komplex,"Le contraire de ""komplex"" est """,einfach,36,65,11.375,11.875,0.5
qwen3-4b,63,freq,freq,fr,de,komplex,"Le contraire de ""komplex"" est """,einfach,36,63,11.375,10.375,-1.0
qwen3-4b,64,desc,desc,fr,de,effektiv,"Le contraire de ""effektiv"" est """,ineffektiv,0,0,25.375,25.375,0.0
qwen3-4b,64,desc,val,fr,de,effektiv,"Le contraire de ""effektiv"" est """,ineffektiv,0,0,25.375,25.75,0.375
qwen3-4b,64,desc,freq,fr,de,effektiv,"Le contraire de ""effektiv"" est """,ineffektiv,0,0,25.375,23.875,-1.5
qwen3-4b,64,val,desc,fr,de,effektiv,"Le contraire de ""effektiv"" est """,ineffektiv,0,0,25.375,23.625,-1.75
qwen3-4b,64,val,val,fr,de,effektiv,"Le contraire de ""effektiv"" est """,ineffektiv,0,0,25.375,23.625,-1.75
qwen3-4b,64,val,freq,fr,de,effektiv,"Le contraire de ""effektiv"" est """,ineffektiv,0,0,25.375,24.125,-1.25
qwen3-4b,64,freq,desc,fr,de,effektiv,"Le contraire de ""effektiv"" est """,ineffektiv,0,0,25.375,25.25,-0.125
qwen3-4b,64,freq,val,fr,de,effektiv,"Le contraire de ""effektiv"" est """,ineffektiv,0,0,25.375,27.0,1.625
qwen3-4b,64,freq,freq,fr,de,effektiv,"Le contraire de ""effektiv"" est """,ineffektiv,0,0,25.375,25.25,-0.125
qwen3-4b,65,desc,desc,fr,de,berühmt,"Le contraire de ""berühmt"" est """,unbekannt,0,4,21.5,17.75,-3.75
qwen3-4b,65,desc,val,fr,de,berühmt,"Le contraire de ""berühmt"" est """,unbekannt,0,1,21.5,18.75,-2.75
qwen3-4b,65,desc,freq,fr,de,berühmt,"Le contraire de ""berühmt"" est """,unbekannt,0,2,21.5,18.375,-3.125
qwen3-4b,65,val,desc,fr,de,berühmt,"Le contraire de ""berühmt"" est """,unbekannt,0,0,21.5,17.375,-4.125
qwen3-4b,65,val,val,fr,de,berühmt,"Le contraire de ""berühmt"" est """,unbekannt,0,0,21.5,17.25,-4.25
qwen3-4b,65,val,freq,fr,de,berühmt,"Le contraire de ""berühmt"" est """,unbekannt,0,0,21.5,17.375,-4.125
qwen3-4b,65,freq,desc,fr,de,berühmt,"Le contraire de ""berühmt"" est """,unbekannt,0,38,21.5,14.4375,-7.0625
qwen3-4b,65,freq,val,fr,de,berühmt,"Le contraire de ""berühmt"" est """,unbekannt,0,17,21.5,15.6875,-5.8125
qwen3-4b,65,freq,freq,fr,de,berühmt,"Le contraire de ""berühmt"" est """,unbekannt,0,38,21.5,14.4375,-7.0625
qwen3-4b,66,desc,desc,fr,de,großzügig,"Le contraire de ""großzügig"" est """,geizig,859,1535,7.0625,5.96875,-1.09375
qwen3-4b,66,desc,val,fr,de,großzügig,"Le contraire de ""großzügig"" est """,geizig,859,1450,7.0625,7.40625,0.34375
qwen3-4b,66,desc,freq,fr,de,großzügig,"Le contraire de ""großzügig"" est """,geizig,859,1635,7.0625,6.125,-0.9375
qwen3-4b,66,val,desc,fr,de,großzügig,"Le contraire de ""großzügig"" est """,geizig,859,981,7.0625,5.125,-1.9375
qwen3-4b,66,val,val,fr,de,großzügig,"Le contraire de ""großzügig"" est """,geizig,859,984,7.0625,5.0,-2.0625
qwen3-4b,66,val,freq,fr,de,großzügig,"Le contraire de ""großzügig"" est """,geizig,859,969,7.0625,5.15625,-1.90625
qwen3-4b,66,freq,desc,fr,de,großzügig,"Le contraire de ""großzügig"" est """,geizig,859,3168,7.0625,4.40625,-2.65625
qwen3-4b,66,freq,val,fr,de,großzügig,"Le contraire de ""großzügig"" est """,geizig,859,3417,7.0625,5.8125,-1.25
qwen3-4b,66,freq,freq,fr,de,großzügig,"Le contraire de ""großzügig"" est """,geizig,859,3168,7.0625,4.40625,-2.65625
qwen3-4b,67,desc,desc,fr,de,zufrieden,"Le contraire de ""zufrieden"" est """,unzufrieden,0,0,24.0,23.125,-0.875
qwen3-4b,67,desc,val,fr,de,zufrieden,"Le contraire de ""zufrieden"" est """,unzufrieden,0,0,24.0,23.375,-0.625
qwen3-4b,67,desc,freq,fr,de,zufrieden,"Le contraire de ""zufrieden"" est """,unzufrieden,0,0,24.0,21.875,-2.125
qwen3-4b,67,val,desc,fr,de,zufrieden,"Le contraire de ""zufrieden"" est """,unzufrieden,0,0,24.0,23.625,-0.375
qwen3-4b,67,val,val,fr,de,zufrieden,"Le contraire de ""zufrieden"" est """,unzufrieden,0,0,24.0,23.75,-0.25
qwen3-4b,67,val,freq,fr,de,zufrieden,"Le contraire de ""zufrieden"" est """,unzufrieden,0,0,24.0,22.75,-1.25
qwen3-4b,67,freq,desc,fr,de,zufrieden,"Le contraire de ""zufrieden"" est """,unzufrieden,0,1,24.0,17.875,-6.125
qwen3-4b,67,freq,val,fr,de,zufrieden,"Le contraire de ""zufrieden"" est """,unzufrieden,0,2,24.0,18.75,-5.25
qwen3-4b,67,freq,freq,fr,de,zufrieden,"Le contraire de ""zufrieden"" est """,unzufrieden,0,1,24.0,17.875,-6.125
qwen3-4b,68,desc,desc,fr,de,gesund,"Le contraire de ""gesund"" est """,krank,1,5,22.75,17.75,-5.0
qwen3-4b,68,desc,val,fr,de,gesund,"Le contraire de ""gesund"" est """,krank,1,3,22.75,18.75,-4.0
qwen3-4b,68,desc,freq,fr,de,gesund,"Le contraire de ""gesund"" est """,krank,1,2,22.75,19.375,-3.375
qwen3-4b,68,val,desc,fr,de,gesund,"Le contraire de ""gesund"" est """,krank,1,2,22.75,17.75,-5.0
qwen3-4b,68,val,val,fr,de,gesund,"Le contraire de ""gesund"" est """,krank,1,1,22.75,18.125,-4.625
qwen3-4b,68,val,freq,fr,de,gesund,"Le contraire de ""gesund"" est """,krank,1,2,22.75,18.0,-4.75
qwen3-4b,68,freq,desc,fr,de,gesund,"Le contraire de ""gesund"" est """,krank,1,69,22.75,11.5625,-11.1875
qwen3-4b,68,freq,val,fr,de,gesund,"Le contraire de ""gesund"" est """,krank,1,63,22.75,12.0,-10.75
qwen3-4b,68,freq,freq,fr,de,gesund,"Le contraire de ""gesund"" est """,krank,1,69,22.75,11.5625,-11.1875
qwen3-4b,69,desc,desc,fr,de,hoch,"Le contraire de ""hoch"" est """,niedrig,7,13,14.0,13.0,-1.0
qwen3-4b,69,desc,val,fr,de,hoch,"Le contraire de ""hoch"" est """,niedrig,7,9,14.0,15.75,1.75
qwen3-4b,69,desc,freq,fr,de,hoch,"Le contraire de ""hoch"" est """,niedrig,7,0,14.0,15.8125,1.8125
qwen3-4b,69,val,desc,fr,de,hoch,"Le contraire de ""hoch"" est """,niedrig,7,53,14.0,10.5,-3.5
qwen3-4b,69,val,val,fr,de,hoch,"Le contraire de ""hoch"" est """,niedrig,7,63,14.0,10.25,-3.75
qwen3-4b,69,val,freq,fr,de,hoch,"Le contraire de ""hoch"" est """,niedrig,7,0,14.0,14.875,0.875
qwen3-4b,69,freq,desc,fr,de,hoch,"Le contraire de ""hoch"" est """,niedrig,7,13,14.0,12.6875,-1.3125
qwen3-4b,69,freq,val,fr,de,hoch,"Le contraire de ""hoch"" est """,niedrig,7,13,14.0,15.0,1.0
qwen3-4b,69,freq,freq,fr,de,hoch,"Le contraire de ""hoch"" est """,niedrig,7,13,14.0,12.6875,-1.3125
qwen3-4b,70,desc,desc,fr,de,wichtig,"Le contraire de ""wichtig"" est """,unwichtig,1,8,19.875,15.5625,-4.3125
qwen3-4b,70,desc,val,fr,de,wichtig,"Le contraire de ""wichtig"" est """,unwichtig,1,3,19.875,16.5,-3.375
qwen3-4b,70,desc,freq,fr,de,wichtig,"Le contraire de ""wichtig"" est """,unwichtig,1,1,19.875,18.25,-1.625
qwen3-4b,70,val,desc,fr,de,wichtig,"Le contraire de ""wichtig"" est """,unwichtig,1,3,19.875,14.0,-5.875
qwen3-4b,70,val,val,fr,de,wichtig,"Le contraire de ""wichtig"" est """,unwichtig,1,3,19.875,14.3125,-5.5625
qwen3-4b,70,val,freq,fr,de,wichtig,"Le contraire de ""wichtig"" est """,unwichtig,1,1,19.875,16.375,-3.5
qwen3-4b,70,freq,desc,fr,de,wichtig,"Le contraire de ""wichtig"" est """,unwichtig,1,26,19.875,13.25,-6.625
qwen3-4b,70,freq,val,fr,de,wichtig,"Le contraire de ""wichtig"" est """,unwichtig,1,23,19.875,14.1875,-5.6875
qwen3-4b,70,freq,freq,fr,de,wichtig,"Le contraire de ""wichtig"" est """,unwichtig,1,26,19.875,13.25,-6.625
qwen3-4b,71,desc,desc,fr,de,unschuldig,"Le contraire de ""unschuldig"" est """,schuldig,0,0,25.125,25.0,-0.125
qwen3-4b,71,desc,val,fr,de,unschuldig,"Le contraire de ""unschuldig"" est """,schuldig,0,0,25.125,24.125,-1.0
qwen3-4b,71,desc,freq,fr,de,unschuldig,"Le contraire de ""unschuldig"" est """,schuldig,0,0,25.125,26.75,1.625
qwen3-4b,71,val,desc,fr,de,unschuldig,"Le contraire de ""unschuldig"" est """,schuldig,0,0,25.125,23.875,-1.25
qwen3-4b,71,val,val,fr,de,unschuldig,"Le contraire de ""unschuldig"" est """,schuldig,0,0,25.125,23.625,-1.5
qwen3-4b,71,val,freq,fr,de,unschuldig,"Le contraire de ""unschuldig"" est """,schuldig,0,0,25.125,25.875,0.75
qwen3-4b,71,freq,desc,fr,de,unschuldig,"Le contraire de ""unschuldig"" est """,schuldig,0,0,25.125,24.125,-1.0
qwen3-4b,71,freq,val,fr,de,unschuldig,"Le contraire de ""unschuldig"" est """,schuldig,0,0,25.125,22.75,-2.375
qwen3-4b,71,freq,freq,fr,de,unschuldig,"Le contraire de ""unschuldig"" est """,schuldig,0,0,25.125,24.125,-1.0
qwen3-4b,72,desc,desc,fr,de,bekannt,"Le contraire de ""bekannt"" est """,unbekannt,0,1,23.25,20.625,-2.625
qwen3-4b,72,desc,val,fr,de,bekannt,"Le contraire de ""bekannt"" est """,unbekannt,0,0,23.25,20.375,-2.875
qwen3-4b,72,desc,freq,fr,de,bekannt,"Le contraire de ""bekannt"" est """,unbekannt,0,2,23.25,19.875,-3.375
qwen3-4b,72,val,desc,fr,de,bekannt,"Le contraire de ""bekannt"" est """,unbekannt,0,0,23.25,18.875,-4.375
qwen3-4b,72,val,val,fr,de,bekannt,"Le contraire de ""bekannt"" est """,unbekannt,0,0,23.25,19.0,-4.25
qwen3-4b,72,val,freq,fr,de,bekannt,"Le contraire de ""bekannt"" est """,unbekannt,0,0,23.25,19.125,-4.125
qwen3-4b,72,freq,desc,fr,de,bekannt,"Le contraire de ""bekannt"" est """,unbekannt,0,6,23.25,15.8125,-7.4375
qwen3-4b,72,freq,val,fr,de,bekannt,"Le contraire de ""bekannt"" est """,unbekannt,0,6,23.25,15.625,-7.625
qwen3-4b,72,freq,freq,fr,de,bekannt,"Le contraire de ""bekannt"" est """,unbekannt,0,6,23.25,15.8125,-7.4375
qwen3-4b,73,desc,desc,fr,de,männlich,"Le contraire de ""männlich"" est """,weiblich,0,0,23.25,20.875,-2.375
qwen3-4b,73,desc,val,fr,de,männlich,"Le contraire de ""männlich"" est """,weiblich,0,0,23.25,19.5,-3.75
qwen3-4b,73,desc,freq,fr,de,männlich,"Le contraire de ""männlich"" est """,weiblich,0,0,23.25,19.625,-3.625
qwen3-4b,73,val,desc,fr,de,männlich,"Le contraire de ""männlich"" est """,weiblich,0,0,23.25,20.75,-2.5
qwen3-4b,73,val,val,fr,de,männlich,"Le contraire de ""männlich"" est """,weiblich,0,0,23.25,20.875,-2.375
qwen3-4b,73,val,freq,fr,de,männlich,"Le contraire de ""männlich"" est """,weiblich,0,0,23.25,18.625,-4.625
qwen3-4b,73,freq,desc,fr,de,männlich,"Le contraire de ""männlich"" est """,weiblich,0,16,23.25,13.1875,-10.0625
qwen3-4b,73,freq,val,fr,de,männlich,"Le contraire de ""männlich"" est """,weiblich,0,71,23.25,12.125,-11.125
qwen3-4b,73,freq,freq,fr,de,männlich,"Le contraire de ""männlich"" est """,weiblich,0,16,23.25,13.1875,-10.0625
qwen3-4b,74,desc,desc,fr,de,normal,"Le contraire de ""normal"" est """,abnormal,1,1,17.125,17.0,-0.125
qwen3-4b,74,desc,val,fr,de,normal,"Le contraire de ""normal"" est """,abnormal,1,1,17.125,17.5,0.375
qwen3-4b,74,desc,freq,fr,de,normal,"Le contraire de ""normal"" est """,abnormal,1,1,17.125,19.0,1.875
qwen3-4b,74,val,desc,fr,de,normal,"Le contraire de ""normal"" est """,abnormal,1,2,17.125,14.0,-3.125
qwen3-4b,74,val,val,fr,de,normal,"Le contraire de ""normal"" est """,abnormal,1,2,17.125,14.0,-3.125
qwen3-4b,74,val,freq,fr,de,normal,"Le contraire de ""normal"" est """,abnormal,1,2,17.125,17.5,0.375
qwen3-4b,74,freq,desc,fr,de,normal,"Le contraire de ""normal"" est """,abnormal,1,1,17.125,17.0,-0.125
qwen3-4b,74,freq,val,fr,de,normal,"Le contraire de ""normal"" est """,abnormal,1,1,17.125,17.875,0.75
qwen3-4b,74,freq,freq,fr,de,normal,"Le contraire de ""normal"" est """,abnormal,1,1,17.125,17.0,-0.125
qwen3-4b,75,desc,desc,fr,de,möglich,"Le contraire de ""möglich"" est """,unmöglich,2,3,21.375,19.125,-2.25
qwen3-4b,75,desc,val,fr,de,möglich,"Le contraire de ""möglich"" est """,unmöglich,2,3,21.375,19.5,-1.875
qwen3-4b,75,desc,freq,fr,de,möglich,"Le contraire de ""möglich"" est """,unmöglich,2,2,21.375,18.375,-3.0
qwen3-4b,75,val,desc,fr,de,möglich,"Le contraire de ""möglich"" est """,unmöglich,2,2,21.375,17.5,-3.875
qwen3-4b,75,val,val,fr,de,möglich,"Le contraire de ""möglich"" est """,unmöglich,2,2,21.375,17.625,-3.75
qwen3-4b,75,val,freq,fr,de,möglich,"Le contraire de ""möglich"" est """,unmöglich,2,2,21.375,16.625,-4.75
qwen3-4b,75,freq,desc,fr,de,möglich,"Le contraire de ""möglich"" est """,unmöglich,2,8,21.375,15.375,-6.0
qwen3-4b,75,freq,val,fr,de,möglich,"Le contraire de ""möglich"" est """,unmöglich,2,5,21.375,16.0,-5.375
qwen3-4b,75,freq,freq,fr,de,möglich,"Le contraire de ""möglich"" est """,unmöglich,2,8,21.375,15.375,-6.0
qwen3-4b,76,desc,desc,fr,de,privat,"Le contraire de ""privat"" est """,öffentlich,112,113,8.5,8.5,0.0
qwen3-4b,76,desc,val,fr,de,privat,"Le contraire de ""privat"" est """,öffentlich,112,44,8.5,11.9375,3.4375
qwen3-4b,76,desc,freq,fr,de,privat,"Le contraire de ""privat"" est """,öffentlich,112,3,8.5,12.4375,3.9375
qwen3-4b,76,val,desc,fr,de,privat,"Le contraire de ""privat"" est """,öffentlich,112,134,8.5,7.375,-1.125
qwen3-4b,76,val,val,fr,de,privat,"Le contraire de ""privat"" est """,öffentlich,112,139,8.5,7.40625,-1.09375
qwen3-4b,76,val,freq,fr,de,privat,"Le contraire de ""privat"" est """,öffentlich,112,4,8.5,13.1875,4.6875
qwen3-4b,76,freq,desc,fr,de,privat,"Le contraire de ""privat"" est """,öffentlich,112,109,8.5,8.4375,-0.0625
qwen3-4b,76,freq,val,fr,de,privat,"Le contraire de ""privat"" est """,öffentlich,112,81,8.5,11.125,2.625
qwen3-4b,76,freq,freq,fr,de,privat,"Le contraire de ""privat"" est """,öffentlich,112,109,8.5,8.4375,-0.0625
qwen3-4b,77,desc,desc,fr,de,richtig,"Le contraire de ""richtig"" est """,falsch,0,0,23.125,22.125,-1.0
qwen3-4b,77,desc,val,fr,de,richtig,"Le contraire de ""richtig"" est """,falsch,0,0,23.125,22.375,-0.75
qwen3-4b,77,desc,freq,fr,de,richtig,"Le contraire de ""richtig"" est """,falsch,0,0,23.125,24.0,0.875
qwen3-4b,77,val,desc,fr,de,richtig,"Le contraire de ""richtig"" est """,falsch,0,0,23.125,19.0,-4.125
qwen3-4b,77,val,val,fr,de,richtig,"Le contraire de ""richtig"" est """,falsch,0,0,23.125,18.875,-4.25
qwen3-4b,77,val,freq,fr,de,richtig,"Le contraire de ""richtig"" est """,falsch,0,0,23.125,22.625,-0.5
qwen3-4b,77,freq,desc,fr,de,richtig,"Le contraire de ""richtig"" est """,falsch,0,0,23.125,21.0,-2.125
qwen3-4b,77,freq,val,fr,de,richtig,"Le contraire de ""richtig"" est """,falsch,0,0,23.125,21.625,-1.5
qwen3-4b,77,freq,freq,fr,de,richtig,"Le contraire de ""richtig"" est """,falsch,0,0,23.125,21.0,-2.125
qwen3-4b,78,desc,desc,fr,de,einfach,"Le contraire de ""einfach"" est """,komplex,0,0,23.125,22.5,-0.625
qwen3-4b,78,desc,val,fr,de,einfach,"Le contraire de ""einfach"" est """,komplex,0,0,23.125,23.0,-0.125
qwen3-4b,78,desc,freq,fr,de,einfach,"Le contraire de ""einfach"" est """,komplex,0,0,23.125,23.5,0.375
qwen3-4b,78,val,desc,fr,de,einfach,"Le contraire de ""einfach"" est """,komplex,0,0,23.125,20.5,-2.625
qwen3-4b,78,val,val,fr,de,einfach,"Le contraire de ""einfach"" est """,komplex,0,0,23.125,20.5,-2.625
qwen3-4b,78,val,freq,fr,de,einfach,"Le contraire de ""einfach"" est """,komplex,0,0,23.125,21.25,-1.875
qwen3-4b,78,freq,desc,fr,de,einfach,"Le contraire de ""einfach"" est """,komplex,0,0,23.125,22.375,-0.75
qwen3-4b,78,freq,val,fr,de,einfach,"Le contraire de ""einfach"" est """,komplex,0,0,23.125,22.875,-0.25
qwen3-4b,78,freq,freq,fr,de,einfach,"Le contraire de ""einfach"" est """,komplex,0,0,23.125,22.375,-0.75
qwen3-4b,79,desc,desc,fr,de,süß,"Le contraire de ""süß"" est """,sauer,0,0,25.25,24.0,-1.25
qwen3-4b,79,desc,val,fr,de,süß,"Le contraire de ""süß"" est """,sauer,0,0,25.25,23.75,-1.5
qwen3-4b,79,desc,freq,fr,de,süß,"Le contraire de ""süß"" est """,sauer,0,0,25.25,22.5,-2.75
qwen3-4b,79,val,desc,fr,de,süß,"Le contraire de ""süß"" est """,sauer,0,0,25.25,19.75,-5.5
qwen3-4b,79,val,val,fr,de,süß,"Le contraire de ""süß"" est """,sauer,0,0,25.25,19.875,-5.375
qwen3-4b,79,val,freq,fr,de,süß,"Le contraire de ""süß"" est """,sauer,0,0,25.25,19.25,-6.0
qwen3-4b,79,freq,desc,fr,de,süß,"Le contraire de ""süß"" est """,sauer,0,0,25.25,22.25,-3.0
qwen3-4b,79,freq,val,fr,de,süß,"Le contraire de ""süß"" est """,sauer,0,0,25.25,23.0,-2.25
qwen3-4b,79,freq,freq,fr,de,süß,"Le contraire de ""süß"" est """,sauer,0,0,25.25,22.25,-3.0
qwen3-4b,80,desc,desc,fr,de,sichtbar,"Le contraire de ""sichtbar"" est """,unsichtbar,0,0,24.5,21.0,-3.5
qwen3-4b,80,desc,val,fr,de,sichtbar,"Le contraire de ""sichtbar"" est """,unsichtbar,0,1,24.5,20.375,-4.125
qwen3-4b,80,desc,freq,fr,de,sichtbar,"Le contraire de ""sichtbar"" est """,unsichtbar,0,1,24.5,20.125,-4.375
qwen3-4b,80,val,desc,fr,de,sichtbar,"Le contraire de ""sichtbar"" est """,unsichtbar,0,0,24.5,21.875,-2.625
qwen3-4b,80,val,val,fr,de,sichtbar,"Le contraire de ""sichtbar"" est """,unsichtbar,0,0,24.5,21.875,-2.625
qwen3-4b,80,val,freq,fr,de,sichtbar,"Le contraire de ""sichtbar"" est """,unsichtbar,0,0,24.5,21.625,-2.875
qwen3-4b,80,freq,desc,fr,de,sichtbar,"Le contraire de ""sichtbar"" est """,unsichtbar,0,13,24.5,14.5625,-9.9375
qwen3-4b,80,freq,val,fr,de,sichtbar,"Le contraire de ""sichtbar"" est """,unsichtbar,0,13,24.5,14.875,-9.625
qwen3-4b,80,freq,freq,fr,de,sichtbar,"Le contraire de ""sichtbar"" est """,unsichtbar,0,13,24.5,14.5625,-9.9375
qwen3-4b,81,desc,desc,fr,de,warm,"Le contraire de ""warm"" est """,kühl,91,91,10.25,10.25,0.0
qwen3-4b,81,desc,val,fr,de,warm,"Le contraire de ""warm"" est """,kühl,91,28,10.25,12.75,2.5
qwen3-4b,81,desc,freq,fr,de,warm,"Le contraire de ""warm"" est """,kühl,91,1,10.25,18.875,8.625
qwen3-4b,81,val,desc,fr,de,warm,"Le contraire de ""warm"" est """,kühl,91,233,10.25,6.5625,-3.6875
qwen3-4b,81,val,val,fr,de,warm,"Le contraire de ""warm"" est """,kühl,91,181,10.25,6.96875,-3.28125
qwen3-4b,81,val,freq,fr,de,warm,"Le contraire de ""warm"" est """,kühl,91,1,10.25,17.5,7.25
qwen3-4b,81,freq,desc,fr,de,warm,"Le contraire de ""warm"" est """,kühl,91,91,10.25,10.25,0.0
qwen3-4b,81,freq,val,fr,de,warm,"Le contraire de ""warm"" est """,kühl,91,65,10.25,11.625,1.375
qwen3-4b,81,freq,freq,fr,de,warm,"Le contraire de ""warm"" est """,kühl,91,91,10.25,10.25,0.0
qwen3-4b,82,desc,desc,fr,de,glatt,"Le contraire de ""glatt"" est """,holprig,388,249,8.1875,8.625,0.4375
qwen3-4b,82,desc,val,fr,de,glatt,"Le contraire de ""glatt"" est """,holprig,388,324,8.1875,10.5,2.3125
qwen3-4b,82,desc,freq,fr,de,glatt,"Le contraire de ""glatt"" est """,holprig,388,168,8.1875,9.4375,1.25
qwen3-4b,82,val,desc,fr,de,glatt,"Le contraire de ""glatt"" est """,holprig,388,303,8.1875,6.78125,-1.40625
qwen3-4b,82,val,val,fr,de,glatt,"Le contraire de ""glatt"" est """,holprig,388,266,8.1875,6.9375,-1.25
qwen3-4b,82,val,freq,fr,de,glatt,"Le contraire de ""glatt"" est """,holprig,388,121,8.1875,8.9375,0.75
qwen3-4b,82,freq,desc,fr,de,glatt,"Le contraire de ""glatt"" est """,holprig,388,259,8.1875,8.4375,0.25
qwen3-4b,82,freq,val,fr,de,glatt,"Le contraire de ""glatt"" est """,holprig,388,243,8.1875,10.9375,2.75
qwen3-4b,82,freq,freq,fr,de,glatt,"Le contraire de ""glatt"" est """,holprig,388,259,8.1875,8.4375,0.25
qwen3-4b,83,desc,desc,fr,de,dünn,"Le contraire de ""dünn"" est """,dick,0,1,23.375,19.75,-3.625
qwen3-4b,83,desc,val,fr,de,dünn,"Le contraire de ""dünn"" est """,dick,0,1,23.375,18.625,-4.75
qwen3-4b,83,desc,freq,fr,de,dünn,"Le contraire de ""dünn"" est """,dick,0,1,23.375,19.0,-4.375
qwen3-4b,83,val,desc,fr,de,dünn,"Le contraire de ""dünn"" est """,dick,0,1,23.375,18.25,-5.125
qwen3-4b,83,val,val,fr,de,dünn,"Le contraire de ""dünn"" est """,dick,0,1,23.375,18.25,-5.125
qwen3-4b,83,val,freq,fr,de,dünn,"Le contraire de ""dünn"" est """,dick,0,1,23.375,17.625,-5.75
qwen3-4b,83,freq,desc,fr,de,dünn,"Le contraire de ""dünn"" est """,dick,0,2,23.375,17.125,-6.25
qwen3-4b,83,freq,val,fr,de,dünn,"Le contraire de ""dünn"" est """,dick,0,3,23.375,16.375,-7.0
qwen3-4b,83,freq,freq,fr,de,dünn,"Le contraire de ""dünn"" est """,dick,0,2,23.375,17.125,-6.25
qwen3-4b,84,desc,desc,fr,de,groß,"Le contraire de ""groß"" est """,klein,0,0,21.5,20.5,-1.0
qwen3-4b,84,desc,val,fr,de,groß,"Le contraire de ""groß"" est """,klein,0,0,21.5,21.5,0.0
qwen3-4b,84,desc,freq,fr,de,groß,"Le contraire de ""groß"" est """,klein,0,0,21.5,22.0,0.5
qwen3-4b,84,val,desc,fr,de,groß,"Le contraire de ""groß"" est """,klein,0,0,21.5,19.875,-1.625
qwen3-4b,84,val,val,fr,de,groß,"Le contraire de ""groß"" est """,klein,0,0,21.5,19.875,-1.625
qwen3-4b,84,val,freq,fr,de,groß,"Le contraire de ""groß"" est """,klein,0,0,21.5,20.375,-1.125
qwen3-4b,84,freq,desc,fr,de,groß,"Le contraire de ""groß"" est """,klein,0,1,21.5,17.375,-4.125
qwen3-4b,84,freq,val,fr,de,groß,"Le contraire de ""groß"" est """,klein,0,1,21.5,17.875,-3.625
qwen3-4b,84,freq,freq,fr,de,groß,"Le contraire de ""groß"" est """,klein,0,1,21.5,17.375,-4.125
qwen3-4b,85,desc,desc,fr,de,verheiratet,"Le contraire de ""verheiratet"" est """,unverheiratet,3,5,19.125,15.25,-3.875
qwen3-4b,85,desc,val,fr,de,verheiratet,"Le contraire de ""verheiratet"" est """,unverheiratet,3,4,19.125,16.375,-2.75
qwen3-4b,85,desc,freq,fr,de,verheiratet,"Le contraire de ""verheiratet"" est """,unverheiratet,3,5,19.125,17.125,-2.0
qwen3-4b,85,val,desc,fr,de,verheiratet,"Le contraire de ""verheiratet"" est """,unverheiratet,3,8,19.125,12.75,-6.375
qwen3-4b,85,val,val,fr,de,verheiratet,"Le contraire de ""verheiratet"" est """,unverheiratet,3,6,19.125,13.4375,-5.6875
qwen3-4b,85,val,freq,fr,de,verheiratet,"Le contraire de ""verheiratet"" est """,unverheiratet,3,3,19.125,16.25,-2.875
qwen3-4b,85,freq,desc,fr,de,verheiratet,"Le contraire de ""verheiratet"" est """,unverheiratet,3,19,19.125,12.5,-6.625
qwen3-4b,85,freq,val,fr,de,verheiratet,"Le contraire de ""verheiratet"" est """,unverheiratet,3,16,19.125,14.5625,-4.5625
qwen3-4b,85,freq,freq,fr,de,verheiratet,"Le contraire de ""verheiratet"" est """,unverheiratet,3,19,19.125,12.5,-6.625
qwen3-4b,86,desc,desc,fr,de,optimistisch,"Le contraire de ""optimistisch"" est """,pessimistisch,0,0,26.125,26.0,-0.125
qwen3-4b,86,desc,val,fr,de,optimistisch,"Le contraire de ""optimistisch"" est """,pessimistisch,0,0,26.125,25.375,-0.75
qwen3-4b,86,desc,freq,fr,de,optimistisch,"Le contraire de ""optimistisch"" est """,pessimistisch,0,0,26.125,26.5,0.375
qwen3-4b,86,val,desc,fr,de,optimistisch,"Le contraire de ""optimistisch"" est """,pessimistisch,0,0,26.125,21.875,-4.25
qwen3-4b,86,val,val,fr,de,optimistisch,"Le contraire de ""optimistisch"" est """,pessimistisch,0,0,26.125,21.875,-4.25
qwen3-4b,86,val,freq,fr,de,optimistisch,"Le contraire de ""optimistisch"" est """,pessimistisch,0,0,26.125,24.25,-1.875
qwen3-4b,86,freq,desc,fr,de,optimistisch,"Le contraire de ""optimistisch"" est """,pessimistisch,0,0,26.125,26.0,-0.125
qwen3-4b,86,freq,val,fr,de,optimistisch,"Le contraire de ""optimistisch"" est """,pessimistisch,0,0,26.125,25.75,-0.375
qwen3-4b,86,freq,freq,fr,de,optimistisch,"Le contraire de ""optimistisch"" est """,pessimistisch,0,0,26.125,26.0,-0.125
qwen3-4b,87,desc,desc,fr,de,permanent,"Le contraire de ""permanent"" est """,temporär,0,0,19.625,19.625,0.0
qwen3-4b,87,desc,val,fr,de,permanent,"Le contraire de ""permanent"" est """,temporär,0,0,19.625,20.0,0.375
qwen3-4b,87,desc,freq,fr,de,permanent,"Le contraire de ""permanent"" est """,temporär,0,0,19.625,18.625,-1.0
qwen3-4b,87,val,desc,fr,de,permanent,"Le contraire de ""permanent"" est """,temporär,0,0,19.625,16.5,-3.125
qwen3-4b,87,val,val,fr,de,permanent,"Le contraire de ""permanent"" est """,temporär,0,0,19.625,16.625,-3.0
qwen3-4b,87,val,freq,fr,de,permanent,"Le contraire de ""permanent"" est """,temporär,0,1,19.625,16.0,-3.625
qwen3-4b,87,freq,desc,fr,de,permanent,"Le contraire de ""permanent"" est """,temporär,0,0,19.625,19.625,0.0
qwen3-4b,87,freq,val,fr,de,permanent,"Le contraire de ""permanent"" est """,temporär,0,0,19.625,20.5,0.875
qwen3-4b,87,freq,freq,fr,de,permanent,"Le contraire de ""permanent"" est """,temporär,0,0,19.625,19.625,0.0
qwen3-4b,88,desc,desc,fr,de,gegenwärtig,"Le contraire de ""gegenwärtig"" est """,vergangen,1,1,20.0,20.5,0.5
qwen3-4b,88,desc,val,fr,de,gegenwärtig,"Le contraire de ""gegenwärtig"" est """,vergangen,1,1,20.0,21.0,1.0
qwen3-4b,88,desc,freq,fr,de,gegenwärtig,"Le contraire de ""gegenwärtig"" est """,vergangen,1,1,20.0,18.125,-1.875
qwen3-4b,88,val,desc,fr,de,gegenwärtig,"Le contraire de ""gegenwärtig"" est """,vergangen,1,1,20.0,19.0,-1.0
qwen3-4b,88,val,val,fr,de,gegenwärtig,"Le contraire de ""gegenwärtig"" est """,vergangen,1,1,20.0,19.125,-0.875
qwen3-4b,88,val,freq,fr,de,gegenwärtig,"Le contraire de ""gegenwärtig"" est """,vergangen,1,1,20.0,16.625,-3.375
qwen3-4b,88,freq,desc,fr,de,gegenwärtig,"Le contraire de ""gegenwärtig"" est """,vergangen,1,1,20.0,19.25,-0.75
qwen3-4b,88,freq,val,fr,de,gegenwärtig,"Le contraire de ""gegenwärtig"" est """,vergangen,1,1,20.0,19.5,-0.5
qwen3-4b,88,freq,freq,fr,de,gegenwärtig,"Le contraire de ""gegenwärtig"" est """,vergangen,1,1,20.0,19.25,-0.75
qwen3-4b,89,desc,desc,fr,de,öffentlich,"Le contraire de ""öffentlich"" est """,privat,0,0,20.875,20.875,0.0
qwen3-4b,89,desc,val,fr,de,öffentlich,"Le contraire de ""öffentlich"" est """,privat,0,0,20.875,20.875,0.0
qwen3-4b,89,desc,freq,fr,de,öffentlich,"Le contraire de ""öffentlich"" est """,privat,0,0,20.875,21.0,0.125
qwen3-4b,89,val,desc,fr,de,öffentlich,"Le contraire de ""öffentlich"" est """,privat,0,1,20.875,18.375,-2.5
qwen3-4b,89,val,val,fr,de,öffentlich,"Le contraire de ""öffentlich"" est """,privat,0,1,20.875,18.5,-2.375
qwen3-4b,89,val,freq,fr,de,öffentlich,"Le contraire de ""öffentlich"" est """,privat,0,0,20.875,19.875,-1.0
qwen3-4b,89,freq,desc,fr,de,öffentlich,"Le contraire de ""öffentlich"" est """,privat,0,0,20.875,20.75,-0.125
qwen3-4b,89,freq,val,fr,de,öffentlich,"Le contraire de ""öffentlich"" est """,privat,0,0,20.875,21.125,0.25
qwen3-4b,89,freq,freq,fr,de,öffentlich,"Le contraire de ""öffentlich"" est """,privat,0,0,20.875,20.75,-0.125
qwen3-4b,90,desc,desc,fr,de,echt,"Le contraire de ""echt"" est """,falsch,0,0,20.625,20.75,0.125
qwen3-4b,90,desc,val,fr,de,echt,"Le contraire de ""echt"" est """,falsch,0,0,20.625,20.625,0.0
qwen3-4b,90,desc,freq,fr,de,echt,"Le contraire de ""echt"" est """,falsch,0,0,20.625,21.25,0.625
qwen3-4b,90,val,desc,fr,de,echt,"Le contraire de ""echt"" est """,falsch,0,0,20.625,18.875,-1.75
qwen3-4b,90,val,val,fr,de,echt,"Le contraire de ""echt"" est """,falsch,0,0,20.625,19.125,-1.5
qwen3-4b,90,val,freq,fr,de,echt,"Le contraire de ""echt"" est """,falsch,0,0,20.625,21.625,1.0
qwen3-4b,90,freq,desc,fr,de,echt,"Le contraire de ""echt"" est """,falsch,0,0,20.625,20.5,-0.125
qwen3-4b,90,freq,val,fr,de,echt,"Le contraire de ""echt"" est """,falsch,0,0,20.625,21.5,0.875
qwen3-4b,90,freq,freq,fr,de,echt,"Le contraire de ""echt"" est """,falsch,0,0,20.625,20.5,-0.125
qwen3-4b,91,desc,desc,fr,de,verantwortlich,"Le contraire de ""verantwortlich"" est """,unverantwortlich,1,4,19.75,16.0,-3.75
qwen3-4b,91,desc,val,fr,de,verantwortlich,"Le contraire de ""verantwortlich"" est """,unverantwortlich,1,2,19.75,16.875,-2.875
qwen3-4b,91,desc,freq,fr,de,verantwortlich,"Le contraire de ""verantwortlich"" est """,unverantwortlich,1,2,19.75,17.25,-2.5
qwen3-4b,91,val,desc,fr,de,verantwortlich,"Le contraire de ""verantwortlich"" est """,unverantwortlich,1,3,19.75,14.0,-5.75
qwen3-4b,91,val,val,fr,de,verantwortlich,"Le contraire de ""verantwortlich"" est """,unverantwortlich,1,3,19.75,14.1875,-5.5625
qwen3-4b,91,val,freq,fr,de,verantwortlich,"Le contraire de ""verantwortlich"" est """,unverantwortlich,1,2,19.75,14.1875,-5.5625
qwen3-4b,91,freq,desc,fr,de,verantwortlich,"Le contraire de ""verantwortlich"" est """,unverantwortlich,1,15,19.75,13.6875,-6.0625
qwen3-4b,91,freq,val,fr,de,verantwortlich,"Le contraire de ""verantwortlich"" est """,unverantwortlich,1,15,19.75,14.5,-5.25
qwen3-4b,91,freq,freq,fr,de,verantwortlich,"Le contraire de ""verantwortlich"" est """,unverantwortlich,1,15,19.75,13.6875,-6.0625
qwen3-4b,92,desc,desc,fr,de,ledig,"Le contraire de ""ledig"" est """,verheiratet,24,125,13.875,11.1875,-2.6875
qwen3-4b,92,desc,val,fr,de,ledig,"Le contraire de ""ledig"" est """,verheiratet,24,82,13.875,13.0625,-0.8125
qwen3-4b,92,desc,freq,fr,de,ledig,"Le contraire de ""ledig"" est """,verheiratet,24,14,13.875,14.8125,0.9375
qwen3-4b,92,val,desc,fr,de,ledig,"Le contraire de ""ledig"" est """,verheiratet,24,414,13.875,7.34375,-6.53125
qwen3-4b,92,val,val,fr,de,ledig,"Le contraire de ""ledig"" est """,verheiratet,24,349,13.875,7.65625,-6.21875
qwen3-4b,92,val,freq,fr,de,ledig,"Le contraire de ""ledig"" est """,verheiratet,24,38,13.875,11.9375,-1.9375
qwen3-4b,92,freq,desc,fr,de,ledig,"Le contraire de ""ledig"" est """,verheiratet,24,230,13.875,9.9375,-3.9375
qwen3-4b,92,freq,val,fr,de,ledig,"Le contraire de ""ledig"" est """,verheiratet,24,216,13.875,11.125,-2.75
qwen3-4b,92,freq,freq,fr,de,ledig,"Le contraire de ""ledig"" est """,verheiratet,24,230,13.875,9.9375,-3.9375
qwen3-4b,93,desc,desc,fr,de,sauer,"Le contraire de ""sauer"" est """,süß,0,4,17.0,16.125,-0.875
qwen3-4b,93,desc,val,fr,de,sauer,"Le contraire de ""sauer"" est """,süß,0,3,17.0,17.75,0.75
qwen3-4b,93,desc,freq,fr,de,sauer,"Le contraire de ""sauer"" est """,süß,0,0,17.0,17.0,0.0
qwen3-4b,93,val,desc,fr,de,sauer,"Le contraire de ""sauer"" est """,süß,0,4,17.0,14.0625,-2.9375
qwen3-4b,93,val,val,fr,de,sauer,"Le contraire de ""sauer"" est """,süß,0,4,17.0,14.0,-3.0
qwen3-4b,93,val,freq,fr,de,sauer,"Le contraire de ""sauer"" est """,süß,0,2,17.0,16.5,-0.5
qwen3-4b,93,freq,desc,fr,de,sauer,"Le contraire de ""sauer"" est """,süß,0,3,17.0,15.875,-1.125
qwen3-4b,93,freq,val,fr,de,sauer,"Le contraire de ""sauer"" est """,süß,0,4,17.0,17.75,0.75
qwen3-4b,93,freq,freq,fr,de,sauer,"Le contraire de ""sauer"" est """,süß,0,3,17.0,15.875,-1.125
qwen3-4b,94,desc,desc,fr,de,nützlich,"Le contraire de ""nützlich"" est """,nutzlos,4,4,19.0,17.75,-1.25
qwen3-4b,94,desc,val,fr,de,nützlich,"Le contraire de ""nützlich"" est """,nutzlos,4,4,19.0,17.875,-1.125
qwen3-4b,94,desc,freq,fr,de,nützlich,"Le contraire de ""nützlich"" est """,nutzlos,4,2,19.0,18.75,-0.25
qwen3-4b,94,val,desc,fr,de,nützlich,"Le contraire de ""nützlich"" est """,nutzlos,4,3,19.0,15.4375,-3.5625
qwen3-4b,94,val,val,fr,de,nützlich,"Le contraire de ""nützlich"" est """,nutzlos,4,3,19.0,15.6875,-3.3125
qwen3-4b,94,val,freq,fr,de,nützlich,"Le contraire de ""nützlich"" est """,nutzlos,4,3,19.0,16.125,-2.875
qwen3-4b,94,freq,desc,fr,de,nützlich,"Le contraire de ""nützlich"" est """,nutzlos,4,5,19.0,16.625,-2.375
qwen3-4b,94,freq,val,fr,de,nützlich,"Le contraire de ""nützlich"" est """,nutzlos,4,7,19.0,16.625,-2.375
qwen3-4b,94,freq,freq,fr,de,nützlich,"Le contraire de ""nützlich"" est """,nutzlos,4,5,19.0,16.625,-2.375
qwen3-4b,95,desc,desc,fr,de,vertikal,"Le contraire de ""vertikal"" est """,horizontal,0,0,22.5,22.375,-0.125
qwen3-4b,95,desc,val,fr,de,vertikal,"Le contraire de ""vertikal"" est """,horizontal,0,0,22.5,24.125,1.625
qwen3-4b,95,desc,freq,fr,de,vertikal,"Le contraire de ""vertikal"" est """,horizontal,0,0,22.5,21.625,-0.875
qwen3-4b,95,val,desc,fr,de,vertikal,"Le contraire de ""vertikal"" est """,horizontal,0,0,22.5,22.875,0.375
qwen3-4b,95,val,val,fr,de,vertikal,"Le contraire de ""vertikal"" est """,horizontal,0,0,22.5,23.0,0.5
qwen3-4b,95,val,freq,fr,de,vertikal,"Le contraire de ""vertikal"" est """,horizontal,0,0,22.5,24.125,1.625
qwen3-4b,95,freq,desc,fr,de,vertikal,"Le contraire de ""vertikal"" est """,horizontal,0,0,22.5,22.5,0.0
qwen3-4b,95,freq,val,fr,de,vertikal,"Le contraire de ""vertikal"" est """,horizontal,0,0,22.5,24.75,2.25
qwen3-4b,95,freq,freq,fr,de,vertikal,"Le contraire de ""vertikal"" est """,horizontal,0,0,22.5,22.5,0.0
qwen3-4b,96,desc,desc,fr,de,gut,"Le contraire de ""gut"" est """,schlecht,448,448,8.9375,8.9375,0.0
qwen3-4b,96,desc,val,fr,de,gut,"Le contraire de ""gut"" est """,schlecht,448,239,8.9375,11.0625,2.125
qwen3-4b,96,desc,freq,fr,de,gut,"Le contraire de ""gut"" est """,schlecht,448,10,8.9375,12.6875,3.75
qwen3-4b,96,val,desc,fr,de,gut,"Le contraire de ""gut"" est """,schlecht,448,566,8.9375,7.4375,-1.5
qwen3-4b,96,val,val,fr,de,gut,"Le contraire de ""gut"" est """,schlecht,448,561,8.9375,7.53125,-1.40625
qwen3-4b,96,val,freq,fr,de,gut,"Le contraire de ""gut"" est """,schlecht,448,3,8.9375,14.25,5.3125
qwen3-4b,96,freq,desc,fr,de,gut,"Le contraire de ""gut"" est """,schlecht,448,514,8.9375,8.75,-0.1875
qwen3-4b,96,freq,val,fr,de,gut,"Le contraire de ""gut"" est """,schlecht,448,525,8.9375,10.4375,1.5
qwen3-4b,96,freq,freq,fr,de,gut,"Le contraire de ""gut"" est """,schlecht,448,514,8.9375,8.75,-0.1875
qwen3-4b,97,desc,desc,fr,de,gewinnend,"Le contraire de ""gewinnend"" est """,verlierend,0,0,24.375,22.75,-1.625
qwen3-4b,97,desc,val,fr,de,gewinnend,"Le contraire de ""gewinnend"" est """,verlierend,0,0,24.375,23.125,-1.25
qwen3-4b,97,desc,freq,fr,de,gewinnend,"Le contraire de ""gewinnend"" est """,verlierend,0,0,24.375,24.0,-0.375
qwen3-4b,97,val,desc,fr,de,gewinnend,"Le contraire de ""gewinnend"" est """,verlierend,0,0,24.375,22.0,-2.375
qwen3-4b,97,val,val,fr,de,gewinnend,"Le contraire de ""gewinnend"" est """,verlierend,0,0,24.375,22.0,-2.375
qwen3-4b,97,val,freq,fr,de,gewinnend,"Le contraire de ""gewinnend"" est """,verlierend,0,0,24.375,23.5,-0.875
qwen3-4b,97,freq,desc,fr,de,gewinnend,"Le contraire de ""gewinnend"" est """,verlierend,0,0,24.375,20.75,-3.625
qwen3-4b,97,freq,val,fr,de,gewinnend,"Le contraire de ""gewinnend"" est """,verlierend,0,1,24.375,20.625,-3.75
qwen3-4b,97,freq,freq,fr,de,gewinnend,"Le contraire de ""gewinnend"" est """,verlierend,0,0,24.375,20.75,-3.625
qwen3-4b,98,desc,desc,fr,de,unfreundlich,"Le contraire de ""unfreundlich"" est """,freundlich,0,0,28.125,24.375,-3.75
qwen3-4b,98,desc,val,fr,de,unfreundlich,"Le contraire de ""unfreundlich"" est """,freundlich,0,0,28.125,23.625,-4.5
qwen3-4b,98,desc,freq,fr,de,unfreundlich,"Le contraire de ""unfreundlich"" est """,freundlich,0,0,28.125,25.875,-2.25
qwen3-4b,98,val,desc,fr,de,unfreundlich,"Le contraire de ""unfreundlich"" est """,freundlich,0,0,28.125,24.875,-3.25
qwen3-4b,98,val,val,fr,de,unfreundlich,"Le contraire de ""unfreundlich"" est """,freundlich,0,0,28.125,25.125,-3.0
qwen3-4b,98,val,freq,fr,de,unfreundlich,"Le contraire de ""unfreundlich"" est """,freundlich,0,0,28.125,25.375,-2.75
qwen3-4b,98,freq,desc,fr,de,unfreundlich,"Le contraire de ""unfreundlich"" est """,freundlich,0,1,28.125,18.875,-9.25
qwen3-4b,98,freq,val,fr,de,unfreundlich,"Le contraire de ""unfreundlich"" est """,freundlich,0,1,28.125,18.375,-9.75
qwen3-4b,98,freq,freq,fr,de,unfreundlich,"Le contraire de ""unfreundlich"" est """,freundlich,0,1,28.125,18.875,-9.25
qwen3-4b,99,desc,desc,fr,de,feige,"Le contraire de ""feige"" est """,mutig,366,366,8.6875,8.6875,0.0
qwen3-4b,99,desc,val,fr,de,feige,"Le contraire de ""feige"" est """,mutig,366,489,8.6875,9.6875,1.0
qwen3-4b,99,desc,freq,fr,de,feige,"Le contraire de ""feige"" est """,mutig,366,127,8.6875,9.5625,0.875
qwen3-4b,99,val,desc,fr,de,feige,"Le contraire de ""feige"" est """,mutig,366,233,8.6875,8.875,0.1875
qwen3-4b,99,val,val,fr,de,feige,"Le contraire de ""feige"" est """,mutig,366,245,8.6875,8.8125,0.125
qwen3-4b,99,val,freq,fr,de,feige,"Le contraire de ""feige"" est """,mutig,366,39,8.6875,11.4375,2.75
qwen3-4b,99,freq,desc,fr,de,feige,"Le contraire de ""feige"" est """,mutig,366,382,8.6875,8.4375,-0.25
qwen3-4b,99,freq,val,fr,de,feige,"Le contraire de ""feige"" est """,mutig,366,436,8.6875,10.0625,1.375
qwen3-4b,99,freq,freq,fr,de,feige,"Le contraire de ""feige"" est """,mutig,366,382,8.6875,8.4375,-0.25
qwen3-4b,0,desc,desc,fr,en,good,"Le contraire de ""good"" est """,bad,0,13855,21.875,nan,nan
qwen3-4b,0,desc,val,fr,en,good,"Le contraire de ""good"" est """,bad,0,13855,21.875,nan,nan
qwen3-4b,0,desc,freq,fr,en,good,"Le contraire de ""good"" est """,bad,0,13855,21.875,nan,nan
qwen3-4b,0,val,desc,fr,en,good,"Le contraire de ""good"" est """,bad,0,13855,21.875,nan,nan
qwen3-4b,0,val,val,fr,en,good,"Le contraire de ""good"" est """,bad,0,0,21.875,20.375,-1.5
qwen3-4b,0,val,freq,fr,en,good,"Le contraire de ""good"" est """,bad,0,0,21.875,20.25,-1.625
qwen3-4b,0,freq,desc,fr,en,good,"Le contraire de ""good"" est """,bad,0,13855,21.875,nan,nan
qwen3-4b,0,freq,val,fr,en,good,"Le contraire de ""good"" est """,bad,0,0,21.875,22.25,0.375
qwen3-4b,0,freq,freq,fr,en,good,"Le contraire de ""good"" est """,bad,0,0,21.875,21.875,0.0
qwen3-4b,1,desc,desc,fr,en,happy,"Le contraire de ""happy"" est """,sad,0,359,22.875,nan,nan
qwen3-4b,1,desc,val,fr,en,happy,"Le contraire de ""happy"" est """,sad,0,359,22.875,nan,nan
qwen3-4b,1,desc,freq,fr,en,happy,"Le contraire de ""happy"" est """,sad,0,359,22.875,nan,nan
qwen3-4b,1,val,desc,fr,en,happy,"Le contraire de ""happy"" est """,sad,0,359,22.875,nan,nan
qwen3-4b,1,val,val,fr,en,happy,"Le contraire de ""happy"" est """,sad,0,1,22.875,18.5,-4.375
qwen3-4b,1,val,freq,fr,en,happy,"Le contraire de ""happy"" est """,sad,0,1,22.875,18.25,-4.625
qwen3-4b,1,freq,desc,fr,en,happy,"Le contraire de ""happy"" est """,sad,0,359,22.875,nan,nan
qwen3-4b,1,freq,val,fr,en,happy,"Le contraire de ""happy"" est """,sad,0,0,22.875,20.875,-2.0
qwen3-4b,1,freq,freq,fr,en,happy,"Le contraire de ""happy"" est """,sad,0,0,22.875,22.875,0.0
qwen3-4b,2,desc,desc,fr,en,big,"Le contraire de ""big"" est """,small,0,9004,20.375,nan,nan
qwen3-4b,2,desc,val,fr,en,big,"Le contraire de ""big"" est """,small,0,9004,20.375,nan,nan
qwen3-4b,2,desc,freq,fr,en,big,"Le contraire de ""big"" est """,small,0,9004,20.375,nan,nan
qwen3-4b,2,val,desc,fr,en,big,"Le contraire de ""big"" est """,small,0,9004,20.375,nan,nan
qwen3-4b,2,val,val,fr,en,big,"Le contraire de ""big"" est """,small,0,1,20.375,16.875,-3.5
qwen3-4b,2,val,freq,fr,en,big,"Le contraire de ""big"" est """,small,0,1,20.375,17.0,-3.375
qwen3-4b,2,freq,desc,fr,en,big,"Le contraire de ""big"" est """,small,0,9004,20.375,nan,nan
qwen3-4b,2,freq,val,fr,en,big,"Le contraire de ""big"" est """,small,0,0,20.375,20.625,0.25
qwen3-4b,2,freq,freq,fr,en,big,"Le contraire de ""big"" est """,small,0,0,20.375,20.375,0.0
qwen3-4b,3,desc,desc,fr,en,hot,"Le contraire de ""hot"" est """,cold,0,87072,21.625,nan,nan
qwen3-4b,3,desc,val,fr,en,hot,"Le contraire de ""hot"" est """,cold,0,87072,21.625,nan,nan
qwen3-4b,3,desc,freq,fr,en,hot,"Le contraire de ""hot"" est """,cold,0,87072,21.625,nan,nan
qwen3-4b,3,val,desc,fr,en,hot,"Le contraire de ""hot"" est """,cold,0,87072,21.625,nan,nan
qwen3-4b,3,val,val,fr,en,hot,"Le contraire de ""hot"" est """,cold,0,2,21.625,17.75,-3.875
qwen3-4b,3,val,freq,fr,en,hot,"Le contraire de ""hot"" est """,cold,0,2,21.625,17.75,-3.875
qwen3-4b,3,freq,desc,fr,en,hot,"Le contraire de ""hot"" est """,cold,0,87072,21.625,nan,nan
qwen3-4b,3,freq,val,fr,en,hot,"Le contraire de ""hot"" est """,cold,0,0,21.625,22.25,0.625
qwen3-4b,3,freq,freq,fr,en,hot,"Le contraire de ""hot"" est """,cold,0,0,21.625,21.625,0.0
qwen3-4b,4,desc,desc,fr,en,fast,"Le contraire de ""fast"" est """,slow,0,35211,21.75,nan,nan
qwen3-4b,4,desc,val,fr,en,fast,"Le contraire de ""fast"" est """,slow,0,35211,21.75,nan,nan
qwen3-4b,4,desc,freq,fr,en,fast,"Le contraire de ""fast"" est """,slow,0,35211,21.75,nan,nan
qwen3-4b,4,val,desc,fr,en,fast,"Le contraire de ""fast"" est """,slow,0,35211,21.75,nan,nan
qwen3-4b,4,val,val,fr,en,fast,"Le contraire de ""fast"" est """,slow,0,0,21.75,18.0,-3.75
qwen3-4b,4,val,freq,fr,en,fast,"Le contraire de ""fast"" est """,slow,0,0,21.75,18.0,-3.75
qwen3-4b,4,freq,desc,fr,en,fast,"Le contraire de ""fast"" est """,slow,0,35211,21.75,nan,nan
qwen3-4b,4,freq,val,fr,en,fast,"Le contraire de ""fast"" est """,slow,0,0,21.75,22.875,1.125
qwen3-4b,4,freq,freq,fr,en,fast,"Le contraire de ""fast"" est """,slow,0,0,21.75,21.75,0.0
qwen3-4b,5,desc,desc,fr,en,light,"Le contraire de ""light"" est """,heavy,0,22624,20.25,nan,nan
qwen3-4b,5,desc,val,fr,en,light,"Le contraire de ""light"" est """,heavy,0,22624,20.25,nan,nan
qwen3-4b,5,desc,freq,fr,en,light,"Le contraire de ""light"" est """,heavy,0,22624,20.25,nan,nan
qwen3-4b,5,val,desc,fr,en,light,"Le contraire de ""light"" est """,heavy,0,22624,20.25,nan,nan
qwen3-4b,5,val,val,fr,en,light,"Le contraire de ""light"" est """,heavy,0,3,20.25,12.25,-8.0
qwen3-4b,5,val,freq,fr,en,light,"Le contraire de ""light"" est """,heavy,0,2,20.25,12.0625,-8.1875
qwen3-4b,5,freq,desc,fr,en,light,"Le contraire de ""light"" est """,heavy,0,22624,20.25,nan,nan
qwen3-4b,5,freq,val,fr,en,light,"Le contraire de ""light"" est """,heavy,0,0,20.25,20.75,0.5
qwen3-4b,5,freq,freq,fr,en,light,"Le contraire de ""light"" est """,heavy,0,0,20.25,20.25,0.0
qwen3-4b,6,desc,desc,fr,en,easy,"Le contraire de ""easy"" est """,difficult,0,13490,23.25,nan,nan
qwen3-4b,6,desc,val,fr,en,easy,"Le contraire de ""easy"" est """,difficult,0,13490,23.25,nan,nan
qwen3-4b,6,desc,freq,fr,en,easy,"Le contraire de ""easy"" est """,difficult,0,13490,23.25,nan,nan
qwen3-4b,6,val,desc,fr,en,easy,"Le contraire de ""easy"" est """,difficult,0,13490,23.25,nan,nan
qwen3-4b,6,val,val,fr,en,easy,"Le contraire de ""easy"" est """,difficult,0,0,23.25,22.0,-1.25
qwen3-4b,6,val,freq,fr,en,easy,"Le contraire de ""easy"" est """,difficult,0,0,23.25,21.875,-1.375
qwen3-4b,6,freq,desc,fr,en,easy,"Le contraire de ""easy"" est """,difficult,0,13490,23.25,nan,nan
qwen3-4b,6,freq,val,fr,en,easy,"Le contraire de ""easy"" est """,difficult,0,0,23.25,22.25,-1.0
qwen3-4b,6,freq,freq,fr,en,easy,"Le contraire de ""easy"" est """,difficult,0,0,23.25,23.25,0.0
qwen3-4b,7,desc,desc,fr,en,new,"Le contraire de ""new"" est """,old,0,813,21.375,nan,nan
qwen3-4b,7,desc,val,fr,en,new,"Le contraire de ""new"" est """,old,0,813,21.375,nan,nan
qwen3-4b,7,desc,freq,fr,en,new,"Le contraire de ""new"" est """,old,0,813,21.375,nan,nan
qwen3-4b,7,val,desc,fr,en,new,"Le contraire de ""new"" est """,old,0,813,21.375,nan,nan
qwen3-4b,7,val,val,fr,en,new,"Le contraire de ""new"" est """,old,0,0,21.375,19.625,-1.75
qwen3-4b,7,val,freq,fr,en,new,"Le contraire de ""new"" est """,old,0,0,21.375,19.625,-1.75
qwen3-4b,7,freq,desc,fr,en,new,"Le contraire de ""new"" est """,old,0,813,21.375,nan,nan
qwen3-4b,7,freq,val,fr,en,new,"Le contraire de ""new"" est """,old,0,0,21.375,23.875,2.5
qwen3-4b,7,freq,freq,fr,en,new,"Le contraire de ""new"" est """,old,0,0,21.375,21.375,0.0
qwen3-4b,8,desc,desc,fr,en,true,"Le contraire de ""true"" est """,false,0,359,24.25,nan,nan
qwen3-4b,8,desc,val,fr,en,true,"Le contraire de ""true"" est """,false,0,359,24.25,nan,nan
qwen3-4b,8,desc,freq,fr,en,true,"Le contraire de ""true"" est """,false,0,359,24.25,nan,nan
qwen3-4b,8,val,desc,fr,en,true,"Le contraire de ""true"" est """,false,0,359,24.25,nan,nan
qwen3-4b,8,val,val,fr,en,true,"Le contraire de ""true"" est """,false,0,0,24.25,21.375,-2.875
qwen3-4b,8,val,freq,fr,en,true,"Le contraire de ""true"" est """,false,0,0,24.25,21.25,-3.0
qwen3-4b,8,freq,desc,fr,en,true,"Le contraire de ""true"" est """,false,0,359,24.25,nan,nan
qwen3-4b,8,freq,val,fr,en,true,"Le contraire de ""true"" est """,false,0,0,24.25,23.125,-1.125
qwen3-4b,8,freq,freq,fr,en,true,"Le contraire de ""true"" est """,false,0,0,24.25,24.25,0.0
qwen3-4b,9,desc,desc,fr,en,alive,"Le contraire de ""alive"" est """,dead,0,33754,21.625,nan,nan
qwen3-4b,9,desc,val,fr,en,alive,"Le contraire de ""alive"" est """,dead,0,33754,21.625,nan,nan
qwen3-4b,9,desc,freq,fr,en,alive,"Le contraire de ""alive"" est """,dead,0,33754,21.625,nan,nan
qwen3-4b,9,val,desc,fr,en,alive,"Le contraire de ""alive"" est """,dead,0,33754,21.625,nan,nan
qwen3-4b,9,val,val,fr,en,alive,"Le contraire de ""alive"" est """,dead,0,2,21.625,18.625,-3.0
qwen3-4b,9,val,freq,fr,en,alive,"Le contraire de ""alive"" est """,dead,0,2,21.625,18.5,-3.125
qwen3-4b,9,freq,desc,fr,en,alive,"Le contraire de ""alive"" est """,dead,0,33754,21.625,nan,nan
qwen3-4b,9,freq,val,fr,en,alive,"Le contraire de ""alive"" est """,dead,0,0,21.625,21.5,-0.125
qwen3-4b,9,freq,freq,fr,en,alive,"Le contraire de ""alive"" est """,dead,0,0,21.625,21.625,0.0
qwen3-4b,10,desc,desc,fr,en,full,"Le contraire de ""full"" est """,empty,0,3194,17.875,nan,nan
qwen3-4b,10,desc,val,fr,en,full,"Le contraire de ""full"" est """,empty,0,3194,17.875,nan,nan
qwen3-4b,10,desc,freq,fr,en,full,"Le contraire de ""full"" est """,empty,0,3194,17.875,nan,nan
qwen3-4b,10,val,desc,fr,en,full,"Le contraire de ""full"" est """,empty,0,3194,17.875,nan,nan
qwen3-4b,10,val,val,fr,en,full,"Le contraire de ""full"" est """,empty,0,2,17.875,14.625,-3.25
qwen3-4b,10,val,freq,fr,en,full,"Le contraire de ""full"" est """,empty,0,2,17.875,14.5,-3.375
qwen3-4b,10,freq,desc,fr,en,full,"Le contraire de ""full"" est """,empty,0,3194,17.875,nan,nan
qwen3-4b,10,freq,val,fr,en,full,"Le contraire de ""full"" est """,empty,0,0,17.875,18.75,0.875
qwen3-4b,10,freq,freq,fr,en,full,"Le contraire de ""full"" est """,empty,0,0,17.875,17.875,0.0
qwen3-4b,11,desc,desc,fr,en,bright,"Le contraire de ""bright"" est """,dark,0,12927,22.25,nan,nan
qwen3-4b,11,desc,val,fr,en,bright,"Le contraire de ""bright"" est """,dark,0,12927,22.25,nan,nan
qwen3-4b,11,desc,freq,fr,en,bright,"Le contraire de ""bright"" est """,dark,0,12927,22.25,nan,nan
qwen3-4b,11,val,desc,fr,en,bright,"Le contraire de ""bright"" est """,dark,0,12927,22.25,nan,nan
qwen3-4b,11,val,val,fr,en,bright,"Le contraire de ""bright"" est """,dark,0,0,22.25,20.0,-2.25
qwen3-4b,11,val,freq,fr,en,bright,"Le contraire de ""bright"" est """,dark,0,0,22.25,20.0,-2.25
qwen3-4b,11,freq,desc,fr,en,bright,"Le contraire de ""bright"" est """,dark,0,12927,22.25,nan,nan
qwen3-4b,11,freq,val,fr,en,bright,"Le contraire de ""bright"" est """,dark,0,0,22.25,21.75,-0.5
qwen3-4b,11,freq,freq,fr,en,bright,"Le contraire de ""bright"" est """,dark,0,0,22.25,22.25,0.0
qwen3-4b,12,desc,desc,fr,en,strong,"Le contraire de ""strong"" est """,weak,0,13150,22.0,nan,nan
qwen3-4b,12,desc,val,fr,en,strong,"Le contraire de ""strong"" est """,weak,0,13150,22.0,nan,nan
qwen3-4b,12,desc,freq,fr,en,strong,"Le contraire de ""strong"" est """,weak,0,13150,22.0,nan,nan
qwen3-4b,12,val,desc,fr,en,strong,"Le contraire de ""strong"" est """,weak,0,13150,22.0,nan,nan
qwen3-4b,12,val,val,fr,en,strong,"Le contraire de ""strong"" est """,weak,0,0,22.0,18.375,-3.625
qwen3-4b,12,val,freq,fr,en,strong,"Le contraire de ""strong"" est """,weak,0,0,22.0,18.375,-3.625
qwen3-4b,12,freq,desc,fr,en,strong,"Le contraire de ""strong"" est """,weak,0,13150,22.0,nan,nan
qwen3-4b,12,freq,val,fr,en,strong,"Le contraire de ""strong"" est """,weak,0,0,22.0,23.125,1.125
qwen3-4b,12,freq,freq,fr,en,strong,"Le contraire de ""strong"" est """,weak,0,0,22.0,22.0,0.0
qwen3-4b,13,desc,desc,fr,en,clean,"Le contraire de ""clean"" est """,dirty,0,53488,22.375,nan,nan
qwen3-4b,13,desc,val,fr,en,clean,"Le contraire de ""clean"" est """,dirty,0,53488,22.375,nan,nan
qwen3-4b,13,desc,freq,fr,en,clean,"Le contraire de ""clean"" est """,dirty,0,53488,22.375,nan,nan
qwen3-4b,13,val,desc,fr,en,clean,"Le contraire de ""clean"" est """,dirty,0,53488,22.375,nan,nan
qwen3-4b,13,val,val,fr,en,clean,"Le contraire de ""clean"" est """,dirty,0,0,22.375,19.5,-2.875
qwen3-4b,13,val,freq,fr,en,clean,"Le contraire de ""clean"" est """,dirty,0,0,22.375,19.25,-3.125
qwen3-4b,13,freq,desc,fr,en,clean,"Le contraire de ""clean"" est """,dirty,0,53488,22.375,nan,nan
qwen3-4b,13,freq,val,fr,en,clean,"Le contraire de ""clean"" est """,dirty,0,0,22.375,24.875,2.5
qwen3-4b,13,freq,freq,fr,en,clean,"Le contraire de ""clean"" est """,dirty,0,0,22.375,22.375,0.0
qwen3-4b,14,desc,desc,fr,en,open,"Le contraire de ""open"" est """,closed,0,34087,21.0,nan,nan
qwen3-4b,14,desc,val,fr,en,open,"Le contraire de ""open"" est """,closed,0,34087,21.0,nan,nan
qwen3-4b,14,desc,freq,fr,en,open,"Le contraire de ""open"" est """,closed,0,34087,21.0,nan,nan
qwen3-4b,14,val,desc,fr,en,open,"Le contraire de ""open"" est """,closed,0,34087,21.0,nan,nan
qwen3-4b,14,val,val,fr,en,open,"Le contraire de ""open"" est """,closed,0,1,21.0,19.0,-2.0
qwen3-4b,14,val,freq,fr,en,open,"Le contraire de ""open"" est """,closed,0,1,21.0,18.875,-2.125
qwen3-4b,14,freq,desc,fr,en,open,"Le contraire de ""open"" est """,closed,0,34087,21.0,nan,nan
qwen3-4b,14,freq,val,fr,en,open,"Le contraire de ""open"" est """,closed,0,0,21.0,21.625,0.625
qwen3-4b,14,freq,freq,fr,en,open,"Le contraire de ""open"" est """,closed,0,0,21.0,21.0,0.0
qwen3-4b,15,desc,desc,fr,en,rich,"Le contraire de ""rich"" est """,poor,0,5368,21.0,nan,nan
qwen3-4b,15,desc,val,fr,en,rich,"Le contraire de ""rich"" est """,poor,0,5368,21.0,nan,nan
qwen3-4b,15,desc,freq,fr,en,rich,"Le contraire de ""rich"" est """,poor,0,5368,21.0,nan,nan
qwen3-4b,15,val,desc,fr,en,rich,"Le contraire de ""rich"" est """,poor,0,5368,21.0,nan,nan
qwen3-4b,15,val,val,fr,en,rich,"Le contraire de ""rich"" est """,poor,0,4,21.0,15.3125,-5.6875
qwen3-4b,15,val,freq,fr,en,rich,"Le contraire de ""rich"" est """,poor,0,4,21.0,15.0625,-5.9375
qwen3-4b,15,freq,desc,fr,en,rich,"Le contraire de ""rich"" est """,poor,0,5368,21.0,nan,nan
qwen3-4b,15,freq,val,fr,en,rich,"Le contraire de ""rich"" est """,poor,0,0,21.0,21.75,0.75
qwen3-4b,15,freq,freq,fr,en,rich,"Le contraire de ""rich"" est """,poor,0,0,21.0,21.0,0.0
qwen3-4b,16,desc,desc,fr,en,beautiful,"Le contraire de ""beautiful"" est """,ugly,1,768,19.25,nan,nan
qwen3-4b,16,desc,val,fr,en,beautiful,"Le contraire de ""beautiful"" est """,ugly,1,768,19.25,nan,nan
qwen3-4b,16,desc,freq,fr,en,beautiful,"Le contraire de ""beautiful"" est """,ugly,1,768,19.25,nan,nan
qwen3-4b,16,val,desc,fr,en,beautiful,"Le contraire de ""beautiful"" est """,ugly,1,768,19.25,nan,nan
qwen3-4b,16,val,val,fr,en,beautiful,"Le contraire de ""beautiful"" est """,ugly,1,4,19.25,14.4375,-4.8125
qwen3-4b,16,val,freq,fr,en,beautiful,"Le contraire de ""beautiful"" est """,ugly,1,4,19.25,14.1875,-5.0625
qwen3-4b,16,freq,desc,fr,en,beautiful,"Le contraire de ""beautiful"" est """,ugly,1,768,19.25,nan,nan
qwen3-4b,16,freq,val,fr,en,beautiful,"Le contraire de ""beautiful"" est """,ugly,1,0,19.25,20.25,1.0
qwen3-4b,16,freq,freq,fr,en,beautiful,"Le contraire de ""beautiful"" est """,ugly,1,1,19.25,19.25,0.0
qwen3-4b,17,desc,desc,fr,en,long,"Le contraire de ""long"" est """,short,3,8676,18.375,nan,nan
qwen3-4b,17,desc,val,fr,en,long,"Le contraire de ""long"" est """,short,3,8676,18.375,nan,nan
qwen3-4b,17,desc,freq,fr,en,long,"Le contraire de ""long"" est """,short,3,8676,18.375,nan,nan
qwen3-4b,17,val,desc,fr,en,long,"Le contraire de ""long"" est """,short,3,8676,18.375,nan,nan
qwen3-4b,17,val,val,fr,en,long,"Le contraire de ""long"" est """,short,3,4,18.375,14.6875,-3.6875
qwen3-4b,17,val,freq,fr,en,long,"Le contraire de ""long"" est """,short,3,4,18.375,14.375,-4.0
qwen3-4b,17,freq,desc,fr,en,long,"Le contraire de ""long"" est """,short,3,8676,18.375,nan,nan
qwen3-4b,17,freq,val,fr,en,long,"Le contraire de ""long"" est """,short,3,1,18.375,19.5,1.125
qwen3-4b,17,freq,freq,fr,en,long,"Le contraire de ""long"" est """,short,3,3,18.375,18.375,0.0
qwen3-4b,18,desc,desc,fr,en,wide,"Le contraire de ""wide"" est """,narrow,0,77,23.625,nan,nan
qwen3-4b,18,desc,val,fr,en,wide,"Le contraire de ""wide"" est """,narrow,0,77,23.625,nan,nan
qwen3-4b,18,desc,freq,fr,en,wide,"Le contraire de ""wide"" est """,narrow,0,77,23.625,nan,nan
qwen3-4b,18,val,desc,fr,en,wide,"Le contraire de ""wide"" est """,narrow,0,77,23.625,nan,nan
qwen3-4b,18,val,val,fr,en,wide,"Le contraire de ""wide"" est """,narrow,0,0,23.625,18.25,-5.375
qwen3-4b,18,val,freq,fr,en,wide,"Le contraire de ""wide"" est """,narrow,0,0,23.625,18.125,-5.5
qwen3-4b,18,freq,desc,fr,en,wide,"Le contraire de ""wide"" est """,narrow,0,77,23.625,nan,nan
qwen3-4b,18,freq,val,fr,en,wide,"Le contraire de ""wide"" est """,narrow,0,0,23.625,21.125,-2.5
qwen3-4b,18,freq,freq,fr,en,wide,"Le contraire de ""wide"" est """,narrow,0,0,23.625,23.625,0.0
qwen3-4b,19,desc,desc,fr,en,hard,"Le contraire de ""hard"" est """,soft,0,3510,20.25,nan,nan
qwen3-4b,19,desc,val,fr,en,hard,"Le contraire de ""hard"" est """,soft,0,3510,20.25,nan,nan
qwen3-4b,19,desc,freq,fr,en,hard,"Le contraire de ""hard"" est """,soft,0,3510,20.25,nan,nan
qwen3-4b,19,val,desc,fr,en,hard,"Le contraire de ""hard"" est """,soft,0,3510,20.25,nan,nan
qwen3-4b,19,val,val,fr,en,hard,"Le contraire de ""hard"" est """,soft,0,1,20.25,17.375,-2.875
qwen3-4b,19,val,freq,fr,en,hard,"Le contraire de ""hard"" est """,soft,0,1,20.25,17.25,-3.0
qwen3-4b,19,freq,desc,fr,en,hard,"Le contraire de ""hard"" est """,soft,0,3510,20.25,nan,nan
qwen3-4b,19,freq,val,fr,en,hard,"Le contraire de ""hard"" est """,soft,0,0,20.25,21.25,1.0
qwen3-4b,19,freq,freq,fr,en,hard,"Le contraire de ""hard"" est """,soft,0,0,20.25,20.25,0.0
qwen3-4b,20,desc,desc,fr,en,dry,"Le contraire de ""dry"" est """,wet,0,86,20.25,nan,nan
qwen3-4b,20,desc,val,fr,en,dry,"Le contraire de ""dry"" est """,wet,0,86,20.25,nan,nan
qwen3-4b,20,desc,freq,fr,en,dry,"Le contraire de ""dry"" est """,wet,0,86,20.25,nan,nan
qwen3-4b,20,val,desc,fr,en,dry,"Le contraire de ""dry"" est """,wet,0,86,20.25,nan,nan
qwen3-4b,20,val,val,fr,en,dry,"Le contraire de ""dry"" est """,wet,0,1,20.25,17.625,-2.625
qwen3-4b,20,val,freq,fr,en,dry,"Le contraire de ""dry"" est """,wet,0,1,20.25,17.625,-2.625
qwen3-4b,20,freq,desc,fr,en,dry,"Le contraire de ""dry"" est """,wet,0,86,20.25,nan,nan
qwen3-4b,20,freq,val,fr,en,dry,"Le contraire de ""dry"" est """,wet,0,0,20.25,20.25,0.0
qwen3-4b,20,freq,freq,fr,en,dry,"Le contraire de ""dry"" est """,wet,0,0,20.25,20.25,0.0
qwen3-4b,21,desc,desc,fr,en,loud,"Le contraire de ""loud"" est """,quiet,0,43650,20.625,nan,nan
qwen3-4b,21,desc,val,fr,en,loud,"Le contraire de ""loud"" est """,quiet,0,43650,20.625,nan,nan
qwen3-4b,21,desc,freq,fr,en,loud,"Le contraire de ""loud"" est """,quiet,0,43650,20.625,nan,nan
qwen3-4b,21,val,desc,fr,en,loud,"Le contraire de ""loud"" est """,quiet,0,43650,20.625,nan,nan
qwen3-4b,21,val,val,fr,en,loud,"Le contraire de ""loud"" est """,quiet,0,1,20.625,18.0,-2.625
qwen3-4b,21,val,freq,fr,en,loud,"Le contraire de ""loud"" est """,quiet,0,1,20.625,17.75,-2.875
qwen3-4b,21,freq,desc,fr,en,loud,"Le contraire de ""loud"" est """,quiet,0,43650,20.625,nan,nan
qwen3-4b,21,freq,val,fr,en,loud,"Le contraire de ""loud"" est """,quiet,0,0,20.625,21.0,0.375
qwen3-4b,21,freq,freq,fr,en,loud,"Le contraire de ""loud"" est """,quiet,0,0,20.625,20.625,0.0
qwen3-4b,22,desc,desc,fr,en,early,"Le contraire de ""early"" est """,late,0,5075,22.375,nan,nan
qwen3-4b,22,desc,val,fr,en,early,"Le contraire de ""early"" est """,late,0,5075,22.375,nan,nan
qwen3-4b,22,desc,freq,fr,en,early,"Le contraire de ""early"" est """,late,0,5075,22.375,nan,nan
qwen3-4b,22,val,desc,fr,en,early,"Le contraire de ""early"" est """,late,0,5075,22.375,nan,nan
qwen3-4b,22,val,val,fr,en,early,"Le contraire de ""early"" est """,late,0,1,22.375,18.625,-3.75
qwen3-4b,22,val,freq,fr,en,early,"Le contraire de ""early"" est """,late,0,1,22.375,18.5,-3.875
qwen3-4b,22,freq,desc,fr,en,early,"Le contraire de ""early"" est """,late,0,5075,22.375,nan,nan
qwen3-4b,22,freq,val,fr,en,early,"Le contraire de ""early"" est """,late,0,0,22.375,22.875,0.5
qwen3-4b,22,freq,freq,fr,en,early,"Le contraire de ""early"" est """,late,0,0,22.375,22.375,0.0
qwen3-4b,23,desc,desc,fr,en,near,"Le contraire de ""near"" est """,far,0,23559,21.625,nan,nan
qwen3-4b,23,desc,val,fr,en,near,"Le contraire de ""near"" est """,far,0,23559,21.625,nan,nan
qwen3-4b,23,desc,freq,fr,en,near,"Le contraire de ""near"" est """,far,0,23559,21.625,nan,nan
qwen3-4b,23,val,desc,fr,en,near,"Le contraire de ""near"" est """,far,0,23559,21.625,nan,nan
qwen3-4b,23,val,val,fr,en,near,"Le contraire de ""near"" est """,far,0,0,21.625,18.875,-2.75
qwen3-4b,23,val,freq,fr,en,near,"Le contraire de ""near"" est """,far,0,0,21.625,18.75,-2.875
qwen3-4b,23,freq,desc,fr,en,near,"Le contraire de ""near"" est """,far,0,23559,21.625,nan,nan
qwen3-4b,23,freq,val,fr,en,near,"Le contraire de ""near"" est """,far,0,0,21.625,22.125,0.5
qwen3-4b,23,freq,freq,fr,en,near,"Le contraire de ""near"" est """,far,0,0,21.625,21.625,0.0
qwen3-4b,24,desc,desc,fr,en,deep,"Le contraire de ""deep"" est """,shallow,0,927,20.625,nan,nan
qwen3-4b,24,desc,val,fr,en,deep,"Le contraire de ""deep"" est """,shallow,0,927,20.625,nan,nan
qwen3-4b,24,desc,freq,fr,en,deep,"Le contraire de ""deep"" est """,shallow,0,927,20.625,nan,nan
qwen3-4b,24,val,desc,fr,en,deep,"Le contraire de ""deep"" est """,shallow,0,927,20.625,nan,nan
qwen3-4b,24,val,val,fr,en,deep,"Le contraire de ""deep"" est """,shallow,0,0,20.625,22.5,1.875
qwen3-4b,24,val,freq,fr,en,deep,"Le contraire de ""deep"" est """,shallow,0,0,20.625,22.25,1.625
qwen3-4b,24,freq,desc,fr,en,deep,"Le contraire de ""deep"" est """,shallow,0,927,20.625,nan,nan
qwen3-4b,24,freq,val,fr,en,deep,"Le contraire de ""deep"" est """,shallow,0,0,20.625,22.25,1.625
qwen3-4b,24,freq,freq,fr,en,deep,"Le contraire de ""deep"" est """,shallow,0,0,20.625,20.625,0.0
qwen3-4b,25,desc,desc,fr,en,bad,"Le contraire de ""bad"" est """,good,0,18536,20.5,nan,nan
qwen3-4b,25,desc,val,fr,en,bad,"Le contraire de ""bad"" est """,good,0,18536,20.5,nan,nan
qwen3-4b,25,desc,freq,fr,en,bad,"Le contraire de ""bad"" est """,good,0,18536,20.5,nan,nan
qwen3-4b,25,val,desc,fr,en,bad,"Le contraire de ""bad"" est """,good,0,18536,20.5,nan,nan
qwen3-4b,25,val,val,fr,en,bad,"Le contraire de ""bad"" est """,good,0,1,20.5,17.875,-2.625
qwen3-4b,25,val,freq,fr,en,bad,"Le contraire de ""bad"" est """,good,0,1,20.5,17.75,-2.75
qwen3-4b,25,freq,desc,fr,en,bad,"Le contraire de ""bad"" est """,good,0,18536,20.5,nan,nan
qwen3-4b,25,freq,val,fr,en,bad,"Le contraire de ""bad"" est """,good,0,0,20.5,21.875,1.375
qwen3-4b,25,freq,freq,fr,en,bad,"Le contraire de ""bad"" est """,good,0,0,20.5,20.5,0.0
qwen3-4b,26,desc,desc,fr,en,sad,"Le contraire de ""sad"" est """,joyful,0,4123,20.75,nan,nan
qwen3-4b,26,desc,val,fr,en,sad,"Le contraire de ""sad"" est """,joyful,0,4123,20.75,nan,nan
qwen3-4b,26,desc,freq,fr,en,sad,"Le contraire de ""sad"" est """,joyful,0,4123,20.75,nan,nan
qwen3-4b,26,val,desc,fr,en,sad,"Le contraire de ""sad"" est """,joyful,0,4123,20.75,nan,nan
qwen3-4b,26,val,val,fr,en,sad,"Le contraire de ""sad"" est """,joyful,0,0,20.75,18.875,-1.875
qwen3-4b,26,val,freq,fr,en,sad,"Le contraire de ""sad"" est """,joyful,0,0,20.75,18.75,-2.0
qwen3-4b,26,freq,desc,fr,en,sad,"Le contraire de ""sad"" est """,joyful,0,4123,20.75,nan,nan
qwen3-4b,26,freq,val,fr,en,sad,"Le contraire de ""sad"" est """,joyful,0,0,20.75,20.375,-0.375
qwen3-4b,26,freq,freq,fr,en,sad,"Le contraire de ""sad"" est """,joyful,0,0,20.75,20.75,0.0
qwen3-4b,27,desc,desc,fr,en,small,"Le contraire de ""small"" est """,large,0,16154,20.625,nan,nan
qwen3-4b,27,desc,val,fr,en,small,"Le contraire de ""small"" est """,large,0,16154,20.625,nan,nan
qwen3-4b,27,desc,freq,fr,en,small,"Le contraire de ""small"" est """,large,0,16154,20.625,nan,nan
qwen3-4b,27,val,desc,fr,en,small,"Le contraire de ""small"" est """,large,0,16154,20.625,nan,nan
qwen3-4b,27,val,val,fr,en,small,"Le contraire de ""small"" est """,large,0,3,20.625,16.25,-4.375
qwen3-4b,27,val,freq,fr,en,small,"Le contraire de ""small"" est """,large,0,3,20.625,16.125,-4.5
qwen3-4b,27,freq,desc,fr,en,small,"Le contraire de ""small"" est """,large,0,16154,20.625,nan,nan
qwen3-4b,27,freq,val,fr,en,small,"Le contraire de ""small"" est """,large,0,0,20.625,20.375,-0.25
qwen3-4b,27,freq,freq,fr,en,small,"Le contraire de ""small"" est """,large,0,0,20.625,20.625,0.0
qwen3-4b,28,desc,desc,fr,en,cold,"Le contraire de ""cold"" est """,warm,0,10622,19.875,nan,nan
qwen3-4b,28,desc,val,fr,en,cold,"Le contraire de ""cold"" est """,warm,0,10622,19.875,nan,nan
qwen3-4b,28,desc,freq,fr,en,cold,"Le contraire de ""cold"" est """,warm,0,10622,19.875,nan,nan
qwen3-4b,28,val,desc,fr,en,cold,"Le contraire de ""cold"" est """,warm,0,10622,19.875,nan,nan
qwen3-4b,28,val,val,fr,en,cold,"Le contraire de ""cold"" est """,warm,0,1,19.875,15.375,-4.5
qwen3-4b,28,val,freq,fr,en,cold,"Le contraire de ""cold"" est """,warm,0,1,19.875,15.375,-4.5
qwen3-4b,28,freq,desc,fr,en,cold,"Le contraire de ""cold"" est """,warm,0,10622,19.875,nan,nan
qwen3-4b,28,freq,val,fr,en,cold,"Le contraire de ""cold"" est """,warm,0,0,19.875,20.5,0.625
qwen3-4b,28,freq,freq,fr,en,cold,"Le contraire de ""cold"" est """,warm,0,0,19.875,19.875,0.0
qwen3-4b,29,desc,desc,fr,en,slow,"Le contraire de ""slow"" est """,fast,1,9349,18.0,nan,nan
qwen3-4b,29,desc,val,fr,en,slow,"Le contraire de ""slow"" est """,fast,1,9349,18.0,nan,nan
qwen3-4b,29,desc,freq,fr,en,slow,"Le contraire de ""slow"" est """,fast,1,9349,18.0,nan,nan
qwen3-4b,29,val,desc,fr,en,slow,"Le contraire de ""slow"" est """,fast,1,9349,18.0,nan,nan
qwen3-4b,29,val,val,fr,en,slow,"Le contraire de ""slow"" est """,fast,1,2,18.0,13.1875,-4.8125
qwen3-4b,29,val,freq,fr,en,slow,"Le contraire de ""slow"" est """,fast,1,2,18.0,12.9375,-5.0625
qwen3-4b,29,freq,desc,fr,en,slow,"Le contraire de ""slow"" est """,fast,1,9349,18.0,nan,nan
qwen3-4b,29,freq,val,fr,en,slow,"Le contraire de ""slow"" est """,fast,1,1,18.0,18.25,0.25
qwen3-4b,29,freq,freq,fr,en,slow,"Le contraire de ""slow"" est """,fast,1,1,18.0,18.0,0.0
qwen3-4b,30,desc,desc,fr,en,heavy,"Le contraire de ""heavy"" est """,light,0,4145,23.375,nan,nan
qwen3-4b,30,desc,val,fr,en,heavy,"Le contraire de ""heavy"" est """,light,0,4145,23.375,nan,nan
qwen3-4b,30,desc,freq,fr,en,heavy,"Le contraire de ""heavy"" est """,light,0,4145,23.375,nan,nan
qwen3-4b,30,val,desc,fr,en,heavy,"Le contraire de ""heavy"" est """,light,0,4145,23.375,nan,nan
qwen3-4b,30,val,val,fr,en,heavy,"Le contraire de ""heavy"" est """,light,0,0,23.375,20.5,-2.875
qwen3-4b,30,val,freq,fr,en,heavy,"Le contraire de ""heavy"" est """,light,0,0,23.375,20.375,-3.0
qwen3-4b,30,freq,desc,fr,en,heavy,"Le contraire de ""heavy"" est """,light,0,4145,23.375,nan,nan
qwen3-4b,30,freq,val,fr,en,heavy,"Le contraire de ""heavy"" est """,light,0,0,23.375,23.5,0.125
qwen3-4b,30,freq,freq,fr,en,heavy,"Le contraire de ""heavy"" est """,light,0,0,23.375,23.375,0.0
qwen3-4b,31,desc,desc,fr,en,difficult,"Le contraire de ""difficult"" est """,simple,1,22944,18.875,nan,nan
qwen3-4b,31,desc,val,fr,en,difficult,"Le contraire de ""difficult"" est """,simple,1,22944,18.875,nan,nan
qwen3-4b,31,desc,freq,fr,en,difficult,"Le contraire de ""difficult"" est """,simple,1,22944,18.875,nan,nan
qwen3-4b,31,val,desc,fr,en,difficult,"Le contraire de ""difficult"" est """,simple,1,22944,18.875,nan,nan
qwen3-4b,31,val,val,fr,en,difficult,"Le contraire de ""difficult"" est """,simple,1,1,18.875,20.5,1.625
qwen3-4b,31,val,freq,fr,en,difficult,"Le contraire de ""difficult"" est """,simple,1,1,18.875,20.25,1.375
qwen3-4b,31,freq,desc,fr,en,difficult,"Le contraire de ""difficult"" est """,simple,1,22944,18.875,nan,nan
qwen3-4b,31,freq,val,fr,en,difficult,"Le contraire de ""difficult"" est """,simple,1,1,18.875,19.125,0.25
qwen3-4b,31,freq,freq,fr,en,difficult,"Le contraire de ""difficult"" est """,simple,1,1,18.875,18.875,0.0
qwen3-4b,32,desc,desc,fr,en,old,"Le contraire de ""old"" est """,new,0,931,21.875,nan,nan
qwen3-4b,32,desc,val,fr,en,old,"Le contraire de ""old"" est """,new,0,931,21.875,nan,nan
qwen3-4b,32,desc,freq,fr,en,old,"Le contraire de ""old"" est """,new,0,931,21.875,nan,nan
qwen3-4b,32,val,desc,fr,en,old,"Le contraire de ""old"" est """,new,0,931,21.875,nan,nan
qwen3-4b,32,val,val,fr,en,old,"Le contraire de ""old"" est """,new,0,0,21.875,20.25,-1.625
qwen3-4b,32,val,freq,fr,en,old,"Le contraire de ""old"" est """,new,0,0,21.875,20.0,-1.875
qwen3-4b,32,freq,desc,fr,en,old,"Le contraire de ""old"" est """,new,0,931,21.875,nan,nan
qwen3-4b,32,freq,val,fr,en,old,"Le contraire de ""old"" est """,new,0,0,21.875,20.25,-1.625
qwen3-4b,32,freq,freq,fr,en,old,"Le contraire de ""old"" est """,new,0,0,21.875,21.875,0.0
qwen3-4b,33,desc,desc,fr,en,false,"Le contraire de ""false"" est """,true,0,1866,21.125,nan,nan
qwen3-4b,33,desc,val,fr,en,false,"Le contraire de ""false"" est """,true,0,1866,21.125,nan,nan
qwen3-4b,33,desc,freq,fr,en,false,"Le contraire de ""false"" est """,true,0,1866,21.125,nan,nan
qwen3-4b,33,val,desc,fr,en,false,"Le contraire de ""false"" est """,true,0,1866,21.125,nan,nan
qwen3-4b,33,val,val,fr,en,false,"Le contraire de ""false"" est """,true,0,2,21.125,19.0,-2.125
qwen3-4b,33,val,freq,fr,en,false,"Le contraire de ""false"" est """,true,0,2,21.125,18.875,-2.25
qwen3-4b,33,freq,desc,fr,en,false,"Le contraire de ""false"" est """,true,0,1866,21.125,nan,nan
qwen3-4b,33,freq,val,fr,en,false,"Le contraire de ""false"" est """,true,0,0,21.125,21.75,0.625
qwen3-4b,33,freq,freq,fr,en,false,"Le contraire de ""false"" est """,true,0,0,21.125,21.125,0.0
qwen3-4b,34,desc,desc,fr,en,dead,"Le contraire de ""dead"" est """,alive,0,50961,19.75,nan,nan
qwen3-4b,34,desc,val,fr,en,dead,"Le contraire de ""dead"" est """,alive,0,50961,19.75,nan,nan
qwen3-4b,34,desc,freq,fr,en,dead,"Le contraire de ""dead"" est """,alive,0,50961,19.75,nan,nan
qwen3-4b,34,val,desc,fr,en,dead,"Le contraire de ""dead"" est """,alive,0,50961,19.75,nan,nan
qwen3-4b,34,val,val,fr,en,dead,"Le contraire de ""dead"" est """,alive,0,1,19.75,17.375,-2.375
qwen3-4b,34,val,freq,fr,en,dead,"Le contraire de ""dead"" est """,alive,0,1,19.75,17.25,-2.5
qwen3-4b,34,freq,desc,fr,en,dead,"Le contraire de ""dead"" est """,alive,0,50961,19.75,nan,nan
qwen3-4b,34,freq,val,fr,en,dead,"Le contraire de ""dead"" est """,alive,0,0,19.75,22.125,2.375
qwen3-4b,34,freq,freq,fr,en,dead,"Le contraire de ""dead"" est """,alive,0,0,19.75,19.75,0.0
qwen3-4b,35,desc,desc,fr,en,empty,"Le contraire de ""empty"" est """,full,1,8878,17.625,nan,nan
qwen3-4b,35,desc,val,fr,en,empty,"Le contraire de ""empty"" est """,full,1,8878,17.625,nan,nan
qwen3-4b,35,desc,freq,fr,en,empty,"Le contraire de ""empty"" est """,full,1,8878,17.625,nan,nan
qwen3-4b,35,val,desc,fr,en,empty,"Le contraire de ""empty"" est """,full,1,8878,17.625,nan,nan
qwen3-4b,35,val,val,fr,en,empty,"Le contraire de ""empty"" est """,full,1,4,17.625,14.4375,-3.1875
qwen3-4b,35,val,freq,fr,en,empty,"Le contraire de ""empty"" est """,full,1,4,17.625,14.375,-3.25
qwen3-4b,35,freq,desc,fr,en,empty,"Le contraire de ""empty"" est """,full,1,8878,17.625,nan,nan
qwen3-4b,35,freq,val,fr,en,empty,"Le contraire de ""empty"" est """,full,1,2,17.625,19.0,1.375
qwen3-4b,35,freq,freq,fr,en,empty,"Le contraire de ""empty"" est """,full,1,1,17.625,17.625,0.0
qwen3-4b,36,desc,desc,fr,en,dark,"Le contraire de ""dark"" est """,light,0,4145,21.875,nan,nan
qwen3-4b,36,desc,val,fr,en,dark,"Le contraire de ""dark"" est """,light,0,4145,21.875,nan,nan
qwen3-4b,36,desc,freq,fr,en,dark,"Le contraire de ""dark"" est """,light,0,4145,21.875,nan,nan
qwen3-4b,36,val,desc,fr,en,dark,"Le contraire de ""dark"" est """,light,0,4145,21.875,nan,nan
qwen3-4b,36,val,val,fr,en,dark,"Le contraire de ""dark"" est """,light,0,0,21.875,19.75,-2.125
qwen3-4b,36,val,freq,fr,en,dark,"Le contraire de ""dark"" est """,light,0,0,21.875,19.625,-2.25
qwen3-4b,36,freq,desc,fr,en,dark,"Le contraire de ""dark"" est """,light,0,4145,21.875,nan,nan
qwen3-4b,36,freq,val,fr,en,dark,"Le contraire de ""dark"" est """,light,0,0,21.875,22.25,0.375
qwen3-4b,36,freq,freq,fr,en,dark,"Le contraire de ""dark"" est """,light,0,0,21.875,21.875,0.0
qwen3-4b,37,desc,desc,fr,en,weak,"Le contraire de ""weak"" est """,strong,0,4519,21.875,nan,nan
qwen3-4b,37,desc,val,fr,en,weak,"Le contraire de ""weak"" est """,strong,0,4519,21.875,nan,nan
qwen3-4b,37,desc,freq,fr,en,weak,"Le contraire de ""weak"" est """,strong,0,4519,21.875,nan,nan
qwen3-4b,37,val,desc,fr,en,weak,"Le contraire de ""weak"" est """,strong,0,4519,21.875,nan,nan
qwen3-4b,37,val,val,fr,en,weak,"Le contraire de ""weak"" est """,strong,0,1,21.875,17.625,-4.25
qwen3-4b,37,val,freq,fr,en,weak,"Le contraire de ""weak"" est """,strong,0,1,21.875,17.5,-4.375
qwen3-4b,37,freq,desc,fr,en,weak,"Le contraire de ""weak"" est """,strong,0,4519,21.875,nan,nan
qwen3-4b,37,freq,val,fr,en,weak,"Le contraire de ""weak"" est """,strong,0,0,21.875,22.625,0.75
qwen3-4b,37,freq,freq,fr,en,weak,"Le contraire de ""weak"" est """,strong,0,0,21.875,21.875,0.0
qwen3-4b,38,desc,desc,fr,en,dirty,"Le contraire de ""dirty"" est """,clean,1,18377,20.125,nan,nan
qwen3-4b,38,desc,val,fr,en,dirty,"Le contraire de ""dirty"" est """,clean,1,18377,20.125,nan,nan
qwen3-4b,38,desc,freq,fr,en,dirty,"Le contraire de ""dirty"" est """,clean,1,18377,20.125,nan,nan
qwen3-4b,38,val,desc,fr,en,dirty,"Le contraire de ""dirty"" est """,clean,1,18377,20.125,nan,nan
qwen3-4b,38,val,val,fr,en,dirty,"Le contraire de ""dirty"" est """,clean,1,1,20.125,14.5,-5.625
qwen3-4b,38,val,freq,fr,en,dirty,"Le contraire de ""dirty"" est """,clean,1,2,20.125,14.3125,-5.8125
qwen3-4b,38,freq,desc,fr,en,dirty,"Le contraire de ""dirty"" est """,clean,1,18377,20.125,nan,nan
qwen3-4b,38,freq,val,fr,en,dirty,"Le contraire de ""dirty"" est """,clean,1,0,20.125,20.5,0.375
qwen3-4b,38,freq,freq,fr,en,dirty,"Le contraire de ""dirty"" est """,clean,1,1,20.125,20.125,0.0
qwen3-4b,39,desc,desc,fr,en,closed,"Le contraire de ""closed"" est """,open,0,2508,21.875,nan,nan
qwen3-4b,39,desc,val,fr,en,closed,"Le contraire de ""closed"" est """,open,0,2508,21.875,nan,nan
qwen3-4b,39,desc,freq,fr,en,closed,"Le contraire de ""closed"" est """,open,0,2508,21.875,nan,nan
qwen3-4b,39,val,desc,fr,en,closed,"Le contraire de ""closed"" est """,open,0,2508,21.875,nan,nan
qwen3-4b,39,val,val,fr,en,closed,"Le contraire de ""closed"" est """,open,0,0,21.875,21.0,-0.875
qwen3-4b,39,val,freq,fr,en,closed,"Le contraire de ""closed"" est """,open,0,0,21.875,21.0,-0.875
qwen3-4b,39,freq,desc,fr,en,closed,"Le contraire de ""closed"" est """,open,0,2508,21.875,nan,nan
qwen3-4b,39,freq,val,fr,en,closed,"Le contraire de ""closed"" est """,open,0,0,21.875,23.25,1.375
qwen3-4b,39,freq,freq,fr,en,closed,"Le contraire de ""closed"" est """,open,0,0,21.875,21.875,0.0
qwen3-4b,40,desc,desc,fr,en,poor,"Le contraire de ""poor"" est """,rich,1,13851,22.375,nan,nan
qwen3-4b,40,desc,val,fr,en,poor,"Le contraire de ""poor"" est """,rich,1,13851,22.375,nan,nan
qwen3-4b,40,desc,freq,fr,en,poor,"Le contraire de ""poor"" est """,rich,1,13851,22.375,nan,nan
qwen3-4b,40,val,desc,fr,en,poor,"Le contraire de ""poor"" est """,rich,1,13851,22.375,nan,nan
qwen3-4b,40,val,val,fr,en,poor,"Le contraire de ""poor"" est """,rich,1,2,22.375,19.625,-2.75
qwen3-4b,40,val,freq,fr,en,poor,"Le contraire de ""poor"" est """,rich,1,2,22.375,19.5,-2.875
qwen3-4b,40,freq,desc,fr,en,poor,"Le contraire de ""poor"" est """,rich,1,13851,22.375,nan,nan
qwen3-4b,40,freq,val,fr,en,poor,"Le contraire de ""poor"" est """,rich,1,1,22.375,21.375,-1.0
qwen3-4b,40,freq,freq,fr,en,poor,"Le contraire de ""poor"" est """,rich,1,1,22.375,22.375,0.0
qwen3-4b,41,desc,desc,fr,en,ugly,"Le contraire de ""ugly"" est """,beautiful,1,32955,20.125,nan,nan
qwen3-4b,41,desc,val,fr,en,ugly,"Le contraire de ""ugly"" est """,beautiful,1,32955,20.125,nan,nan
qwen3-4b,41,desc,freq,fr,en,ugly,"Le contraire de ""ugly"" est """,beautiful,1,32955,20.125,nan,nan
qwen3-4b,41,val,desc,fr,en,ugly,"Le contraire de ""ugly"" est """,beautiful,1,32955,20.125,nan,nan
qwen3-4b,41,val,val,fr,en,ugly,"Le contraire de ""ugly"" est """,beautiful,1,1,20.125,15.4375,-4.6875
qwen3-4b,41,val,freq,fr,en,ugly,"Le contraire de ""ugly"" est """,beautiful,1,1,20.125,15.3125,-4.8125
qwen3-4b,41,freq,desc,fr,en,ugly,"Le contraire de ""ugly"" est """,beautiful,1,32955,20.125,nan,nan
qwen3-4b,41,freq,val,fr,en,ugly,"Le contraire de ""ugly"" est """,beautiful,1,0,20.125,20.0,-0.125
qwen3-4b,41,freq,freq,fr,en,ugly,"Le contraire de ""ugly"" est """,beautiful,1,1,20.125,20.125,0.0
qwen3-4b,42,desc,desc,fr,en,short,"Le contraire de ""short"" est """,long,0,4825,23.125,nan,nan
qwen3-4b,42,desc,val,fr,en,short,"Le contraire de ""short"" est """,long,0,4825,23.125,nan,nan
qwen3-4b,42,desc,freq,fr,en,short,"Le contraire de ""short"" est """,long,0,4825,23.125,nan,nan
qwen3-4b,42,val,desc,fr,en,short,"Le contraire de ""short"" est """,long,0,4825,23.125,nan,nan
qwen3-4b,42,val,val,fr,en,short,"Le contraire de ""short"" est """,long,0,0,23.125,20.75,-2.375
qwen3-4b,42,val,freq,fr,en,short,"Le contraire de ""short"" est """,long,0,0,23.125,20.625,-2.5
qwen3-4b,42,freq,desc,fr,en,short,"Le contraire de ""short"" est """,long,0,4825,23.125,nan,nan
qwen3-4b,42,freq,val,fr,en,short,"Le contraire de ""short"" est """,long,0,0,23.125,21.0,-2.125
qwen3-4b,42,freq,freq,fr,en,short,"Le contraire de ""short"" est """,long,0,0,23.125,23.125,0.0
qwen3-4b,43,desc,desc,fr,en,narrow,"Le contraire de ""narrow"" est """,wide,0,65,22.5,nan,nan
qwen3-4b,43,desc,val,fr,en,narrow,"Le contraire de ""narrow"" est """,wide,0,65,22.5,nan,nan
qwen3-4b,43,desc,freq,fr,en,narrow,"Le contraire de ""narrow"" est """,wide,0,65,22.5,nan,nan
qwen3-4b,43,val,desc,fr,en,narrow,"Le contraire de ""narrow"" est """,wide,0,65,22.5,nan,nan
qwen3-4b,43,val,val,fr,en,narrow,"Le contraire de ""narrow"" est """,wide,0,1,22.5,17.125,-5.375
qwen3-4b,43,val,freq,fr,en,narrow,"Le contraire de ""narrow"" est """,wide,0,1,22.5,17.0,-5.5
qwen3-4b,43,freq,desc,fr,en,narrow,"Le contraire de ""narrow"" est """,wide,0,65,22.5,nan,nan
qwen3-4b,43,freq,val,fr,en,narrow,"Le contraire de ""narrow"" est """,wide,0,0,22.5,21.25,-1.25
qwen3-4b,43,freq,freq,fr,en,narrow,"Le contraire de ""narrow"" est """,wide,0,0,22.5,22.5,0.0
qwen3-4b,44,desc,desc,fr,en,soft,"Le contraire de ""soft"" est """,hard,0,8802,21.375,nan,nan
qwen3-4b,44,desc,val,fr,en,soft,"Le contraire de ""soft"" est """,hard,0,8802,21.375,nan,nan
qwen3-4b,44,desc,freq,fr,en,soft,"Le contraire de ""soft"" est """,hard,0,8802,21.375,nan,nan
qwen3-4b,44,val,desc,fr,en,soft,"Le contraire de ""soft"" est """,hard,0,8802,21.375,nan,nan
qwen3-4b,44,val,val,fr,en,soft,"Le contraire de ""soft"" est """,hard,0,1,21.375,17.25,-4.125
qwen3-4b,44,val,freq,fr,en,soft,"Le contraire de ""soft"" est """,hard,0,1,21.375,17.125,-4.25
qwen3-4b,44,freq,desc,fr,en,soft,"Le contraire de ""soft"" est """,hard,0,8802,21.375,nan,nan
qwen3-4b,44,freq,val,fr,en,soft,"Le contraire de ""soft"" est """,hard,0,0,21.375,21.5,0.125
qwen3-4b,44,freq,freq,fr,en,soft,"Le contraire de ""soft"" est """,hard,0,0,21.375,21.375,0.0
qwen3-4b,45,desc,desc,fr,en,wet,"Le contraire de ""wet"" est """,dry,0,53210,20.875,nan,nan
qwen3-4b,45,desc,val,fr,en,wet,"Le contraire de ""wet"" est """,dry,0,53210,20.875,nan,nan
qwen3-4b,45,desc,freq,fr,en,wet,"Le contraire de ""wet"" est """,dry,0,53210,20.875,nan,nan
qwen3-4b,45,val,desc,fr,en,wet,"Le contraire de ""wet"" est """,dry,0,53210,20.875,nan,nan
qwen3-4b,45,val,val,fr,en,wet,"Le contraire de ""wet"" est """,dry,0,2,20.875,15.75,-5.125
qwen3-4b,45,val,freq,fr,en,wet,"Le contraire de ""wet"" est """,dry,0,2,20.875,15.6875,-5.1875
qwen3-4b,45,freq,desc,fr,en,wet,"Le contraire de ""wet"" est """,dry,0,53210,20.875,nan,nan
qwen3-4b,45,freq,val,fr,en,wet,"Le contraire de ""wet"" est """,dry,0,0,20.875,21.5,0.625
qwen3-4b,45,freq,freq,fr,en,wet,"Le contraire de ""wet"" est """,dry,0,0,20.875,21.0,0.125
qwen3-4b,46,desc,desc,fr,en,quiet,"Le contraire de ""quiet"" est """,loud,18,2152,13.125,nan,nan
qwen3-4b,46,desc,val,fr,en,quiet,"Le contraire de ""quiet"" est """,loud,18,2152,13.125,nan,nan
qwen3-4b,46,desc,freq,fr,en,quiet,"Le contraire de ""quiet"" est """,loud,18,2152,13.125,nan,nan
qwen3-4b,46,val,desc,fr,en,quiet,"Le contraire de ""quiet"" est """,loud,18,2152,13.125,nan,nan
qwen3-4b,46,val,val,fr,en,quiet,"Le contraire de ""quiet"" est """,loud,18,49,13.125,9.375,-3.75
qwen3-4b,46,val,freq,fr,en,quiet,"Le contraire de ""quiet"" est """,loud,18,50,13.125,9.25,-3.875
qwen3-4b,46,freq,desc,fr,en,quiet,"Le contraire de ""quiet"" est """,loud,18,2152,13.125,nan,nan
qwen3-4b,46,freq,val,fr,en,quiet,"Le contraire de ""quiet"" est """,loud,18,2,13.125,16.125,3.0
qwen3-4b,46,freq,freq,fr,en,quiet,"Le contraire de ""quiet"" est """,loud,18,18,13.125,13.125,0.0
qwen3-4b,47,desc,desc,fr,en,late,"Le contraire de ""late"" est """,early,0,22140,24.0,nan,nan
qwen3-4b,47,desc,val,fr,en,late,"Le contraire de ""late"" est """,early,0,22140,24.0,nan,nan
qwen3-4b,47,desc,freq,fr,en,late,"Le contraire de ""late"" est """,early,0,22140,24.0,nan,nan
qwen3-4b,47,val,desc,fr,en,late,"Le contraire de ""late"" est """,early,0,22140,24.0,nan,nan
qwen3-4b,47,val,val,fr,en,late,"Le contraire de ""late"" est """,early,0,0,24.0,22.75,-1.25
qwen3-4b,47,val,freq,fr,en,late,"Le contraire de ""late"" est """,early,0,0,24.0,22.625,-1.375
qwen3-4b,47,freq,desc,fr,en,late,"Le contraire de ""late"" est """,early,0,22140,24.0,nan,nan
qwen3-4b,47,freq,val,fr,en,late,"Le contraire de ""late"" est """,early,0,0,24.0,25.0,1.0
qwen3-4b,47,freq,freq,fr,en,late,"Le contraire de ""late"" est """,early,0,0,24.0,24.0,0.0
qwen3-4b,48,desc,desc,fr,en,far,"Le contraire de ""far"" est """,near,46,5552,11.6875,nan,nan
qwen3-4b,48,desc,val,fr,en,far,"Le contraire de ""far"" est """,near,46,5552,11.6875,nan,nan
qwen3-4b,48,desc,freq,fr,en,far,"Le contraire de ""far"" est """,near,46,5552,11.6875,nan,nan
qwen3-4b,48,val,desc,fr,en,far,"Le contraire de ""far"" est """,near,46,5552,11.6875,nan,nan
qwen3-4b,48,val,val,fr,en,far,"Le contraire de ""far"" est """,near,46,159,11.6875,9.4375,-2.25
qwen3-4b,48,val,freq,fr,en,far,"Le contraire de ""far"" est """,near,46,159,11.6875,9.3125,-2.375
qwen3-4b,48,freq,desc,fr,en,far,"Le contraire de ""far"" est """,near,46,5552,11.6875,nan,nan
qwen3-4b,48,freq,val,fr,en,far,"Le contraire de ""far"" est """,near,46,19,11.6875,14.1875,2.5
qwen3-4b,48,freq,freq,fr,en,far,"Le contraire de ""far"" est """,near,46,46,11.6875,11.6875,0.0
qwen3-4b,49,desc,desc,fr,en,shallow,"Le contraire de ""shallow"" est """,deep,0,32880,20.625,nan,nan
qwen3-4b,49,desc,val,fr,en,shallow,"Le contraire de ""shallow"" est """,deep,0,32880,20.625,nan,nan
qwen3-4b,49,desc,freq,fr,en,shallow,"Le contraire de ""shallow"" est """,deep,0,32880,20.625,nan,nan
qwen3-4b,49,val,desc,fr,en,shallow,"Le contraire de ""shallow"" est """,deep,0,32880,20.625,nan,nan
qwen3-4b,49,val,val,fr,en,shallow,"Le contraire de ""shallow"" est """,deep,0,51,20.625,10.1875,-10.4375
qwen3-4b,49,val,freq,fr,en,shallow,"Le contraire de ""shallow"" est """,deep,0,58,20.625,9.875,-10.75
qwen3-4b,49,freq,desc,fr,en,shallow,"Le contraire de ""shallow"" est """,deep,0,32880,20.625,nan,nan
qwen3-4b,49,freq,val,fr,en,shallow,"Le contraire de ""shallow"" est """,deep,0,0,20.625,20.875,0.25
qwen3-4b,49,freq,freq,fr,en,shallow,"Le contraire de ""shallow"" est """,deep,0,0,20.625,20.625,0.0
qwen3-4b,50,desc,desc,fr,en,young,"Le contraire de ""young"" est """,old,0,813,22.75,nan,nan
qwen3-4b,50,desc,val,fr,en,young,"Le contraire de ""young"" est """,old,0,813,22.75,nan,nan
qwen3-4b,50,desc,freq,fr,en,young,"Le contraire de ""young"" est """,old,0,813,22.75,nan,nan
qwen3-4b,50,val,desc,fr,en,young,"Le contraire de ""young"" est """,old,0,813,22.75,nan,nan
qwen3-4b,50,val,val,fr,en,young,"Le contraire de ""young"" est """,old,0,1,22.75,19.75,-3.0
qwen3-4b,50,val,freq,fr,en,young,"Le contraire de ""young"" est """,old,0,1,22.75,19.75,-3.0
qwen3-4b,50,freq,desc,fr,en,young,"Le contraire de ""young"" est """,old,0,813,22.75,nan,nan
qwen3-4b,50,freq,val,fr,en,young,"Le contraire de ""young"" est """,old,0,0,22.75,22.375,-0.375
qwen3-4b,50,freq,freq,fr,en,young,"Le contraire de ""young"" est """,old,0,0,22.75,22.75,0.0
qwen3-4b,51,desc,desc,fr,en,kind,"Le contraire de ""kind"" est """,mean,23,3122,14.125,nan,nan
qwen3-4b,51,desc,val,fr,en,kind,"Le contraire de ""kind"" est """,mean,23,3122,14.125,nan,nan
qwen3-4b,51,desc,freq,fr,en,kind,"Le contraire de ""kind"" est """,mean,23,3122,14.125,nan,nan
qwen3-4b,51,val,desc,fr,en,kind,"Le contraire de ""kind"" est """,mean,23,3122,14.125,nan,nan
qwen3-4b,51,val,val,fr,en,kind,"Le contraire de ""kind"" est """,mean,23,161,14.125,8.875,-5.25
qwen3-4b,51,val,freq,fr,en,kind,"Le contraire de ""kind"" est """,mean,23,158,14.125,8.75,-5.375
qwen3-4b,51,freq,desc,fr,en,kind,"Le contraire de ""kind"" est """,mean,23,3122,14.125,nan,nan
qwen3-4b,51,freq,val,fr,en,kind,"Le contraire de ""kind"" est """,mean,23,16,14.125,14.5625,0.4375
qwen3-4b,51,freq,freq,fr,en,kind,"Le contraire de ""kind"" est """,mean,23,23,14.125,14.125,0.0
qwen3-4b,52,desc,desc,fr,en,brave,"Le contraire de ""brave"" est """,cowardly,7,18921,15.875,nan,nan
qwen3-4b,52,desc,val,fr,en,brave,"Le contraire de ""brave"" est """,cowardly,7,18921,15.875,nan,nan
qwen3-4b,52,desc,freq,fr,en,brave,"Le contraire de ""brave"" est """,cowardly,7,18921,15.875,nan,nan
qwen3-4b,52,val,desc,fr,en,brave,"Le contraire de ""brave"" est """,cowardly,7,18921,15.875,nan,nan
qwen3-4b,52,val,val,fr,en,brave,"Le contraire de ""brave"" est """,cowardly,7,4,15.875,15.125,-0.75
qwen3-4b,52,val,freq,fr,en,brave,"Le contraire de ""brave"" est """,cowardly,7,4,15.875,15.0625,-0.8125
qwen3-4b,52,freq,desc,fr,en,brave,"Le contraire de ""brave"" est """,cowardly,7,18921,15.875,nan,nan
qwen3-4b,52,freq,val,fr,en,brave,"Le contraire de ""brave"" est """,cowardly,7,3,15.875,17.25,1.375
qwen3-4b,52,freq,freq,fr,en,brave,"Le contraire de ""brave"" est """,cowardly,7,7,15.875,15.875,0.0
qwen3-4b,53,desc,desc,fr,en,wise,"Le contraire de ""wise"" est """,foolish,0,824,20.75,nan,nan
qwen3-4b,53,desc,val,fr,en,wise,"Le contraire de ""wise"" est """,foolish,0,824,20.75,nan,nan
qwen3-4b,53,desc,freq,fr,en,wise,"Le contraire de ""wise"" est """,foolish,0,824,20.75,nan,nan
qwen3-4b,53,val,desc,fr,en,wise,"Le contraire de ""wise"" est """,foolish,0,824,20.75,nan,nan
qwen3-4b,53,val,val,fr,en,wise,"Le contraire de ""wise"" est """,foolish,0,0,20.75,17.625,-3.125
qwen3-4b,53,val,freq,fr,en,wise,"Le contraire de ""wise"" est """,foolish,0,0,20.75,17.375,-3.375
qwen3-4b,53,freq,desc,fr,en,wise,"Le contraire de ""wise"" est """,foolish,0,824,20.75,nan,nan
qwen3-4b,53,freq,val,fr,en,wise,"Le contraire de ""wise"" est """,foolish,0,0,20.75,20.75,0.0
qwen3-4b,53,freq,freq,fr,en,wise,"Le contraire de ""wise"" est """,foolish,0,0,20.75,20.75,0.0
qwen3-4b,54,desc,desc,fr,en,polite,"Le contraire de ""polite"" est """,impolite,0,81,22.25,nan,nan
qwen3-4b,54,desc,val,fr,en,polite,"Le contraire de ""polite"" est """,impolite,0,81,22.25,nan,nan
qwen3-4b,54,desc,freq,fr,en,polite,"Le contraire de ""polite"" est """,impolite,0,81,22.25,nan,nan
qwen3-4b,54,val,desc,fr,en,polite,"Le contraire de ""polite"" est """,impolite,0,81,22.25,nan,nan
qwen3-4b,54,val,val,fr,en,polite,"Le contraire de ""polite"" est """,impolite,0,0,22.25,19.125,-3.125
qwen3-4b,54,val,freq,fr,en,polite,"Le contraire de ""polite"" est """,impolite,0,0,22.25,18.875,-3.375
qwen3-4b,54,freq,desc,fr,en,polite,"Le contraire de ""polite"" est """,impolite,0,81,22.25,nan,nan
qwen3-4b,54,freq,val,fr,en,polite,"Le contraire de ""polite"" est """,impolite,0,0,22.25,21.25,-1.0
qwen3-4b,54,freq,freq,fr,en,polite,"Le contraire de ""polite"" est """,impolite,0,0,22.25,22.25,0.0
qwen3-4b,55,desc,desc,fr,en,patient,"Le contraire de ""patient"" est """,impatient,0,318,21.375,nan,nan
qwen3-4b,55,desc,val,fr,en,patient,"Le contraire de ""patient"" est """,impatient,0,318,21.375,nan,nan
qwen3-4b,55,desc,freq,fr,en,patient,"Le contraire de ""patient"" est """,impatient,0,318,21.375,nan,nan
qwen3-4b,55,val,desc,fr,en,patient,"Le contraire de ""patient"" est """,impatient,0,318,21.375,nan,nan
qwen3-4b,55,val,val,fr,en,patient,"Le contraire de ""patient"" est """,impatient,0,0,21.375,20.5,-0.875
qwen3-4b,55,val,freq,fr,en,patient,"Le contraire de ""patient"" est """,impatient,0,0,21.375,20.375,-1.0
qwen3-4b,55,freq,desc,fr,en,patient,"Le contraire de ""patient"" est """,impatient,0,318,21.375,nan,nan
qwen3-4b,55,freq,val,fr,en,patient,"Le contraire de ""patient"" est """,impatient,0,0,21.375,19.875,-1.5
qwen3-4b,55,freq,freq,fr,en,patient,"Le contraire de ""patient"" est """,impatient,0,0,21.375,21.375,0.0
qwen3-4b,56,desc,desc,fr,en,honest,"Le contraire de ""honest"" est """,dishonest,0,72833,23.25,nan,nan
qwen3-4b,56,desc,val,fr,en,honest,"Le contraire de ""honest"" est """,dishonest,0,72833,23.25,nan,nan
qwen3-4b,56,desc,freq,fr,en,honest,"Le contraire de ""honest"" est """,dishonest,0,72833,23.25,nan,nan
qwen3-4b,56,val,desc,fr,en,honest,"Le contraire de ""honest"" est """,dishonest,0,72833,23.25,nan,nan
qwen3-4b,56,val,val,fr,en,honest,"Le contraire de ""honest"" est """,dishonest,0,1,23.25,17.875,-5.375
qwen3-4b,56,val,freq,fr,en,honest,"Le contraire de ""honest"" est """,dishonest,0,1,23.25,17.625,-5.625
qwen3-4b,56,freq,desc,fr,en,honest,"Le contraire de ""honest"" est """,dishonest,0,72833,23.25,nan,nan
qwen3-4b,56,freq,val,fr,en,honest,"Le contraire de ""honest"" est """,dishonest,0,0,23.25,21.125,-2.125
qwen3-4b,56,freq,freq,fr,en,honest,"Le contraire de ""honest"" est """,dishonest,0,0,23.25,23.25,0.0
qwen3-4b,57,desc,desc,fr,en,safe,"Le contraire de ""safe"" est """,dangerous,0,31450,22.625,nan,nan
qwen3-4b,57,desc,val,fr,en,safe,"Le contraire de ""safe"" est """,dangerous,0,31450,22.625,nan,nan
qwen3-4b,57,desc,freq,fr,en,safe,"Le contraire de ""safe"" est """,dangerous,0,31450,22.625,nan,nan
qwen3-4b,57,val,desc,fr,en,safe,"Le contraire de ""safe"" est """,dangerous,0,31450,22.625,nan,nan
qwen3-4b,57,val,val,fr,en,safe,"Le contraire de ""safe"" est """,dangerous,0,0,22.625,19.875,-2.75
qwen3-4b,57,val,freq,fr,en,safe,"Le contraire de ""safe"" est """,dangerous,0,0,22.625,19.75,-2.875
qwen3-4b,57,freq,desc,fr,en,safe,"Le contraire de ""safe"" est """,dangerous,0,31450,22.625,nan,nan
qwen3-4b,57,freq,val,fr,en,safe,"Le contraire de ""safe"" est """,dangerous,0,0,22.625,21.625,-1.0
qwen3-4b,57,freq,freq,fr,en,safe,"Le contraire de ""safe"" est """,dangerous,0,0,22.625,22.625,0.0
qwen3-4b,58,desc,desc,fr,en,active,"Le contraire de ""active"" est """,passive,0,6385,24.75,nan,nan
qwen3-4b,58,desc,val,fr,en,active,"Le contraire de ""active"" est """,passive,0,6385,24.75,nan,nan
qwen3-4b,58,desc,freq,fr,en,active,"Le contraire de ""active"" est """,passive,0,6385,24.75,nan,nan
qwen3-4b,58,val,desc,fr,en,active,"Le contraire de ""active"" est """,passive,0,6385,24.75,nan,nan
qwen3-4b,58,val,val,fr,en,active,"Le contraire de ""active"" est """,passive,0,0,24.75,24.125,-0.625
qwen3-4b,58,val,freq,fr,en,active,"Le contraire de ""active"" est """,passive,0,0,24.75,24.0,-0.75
qwen3-4b,58,freq,desc,fr,en,active,"Le contraire de ""active"" est """,passive,0,6385,24.75,nan,nan
qwen3-4b,58,freq,val,fr,en,active,"Le contraire de ""active"" est """,passive,0,0,24.75,24.375,-0.375
qwen3-4b,58,freq,freq,fr,en,active,"Le contraire de ""active"" est """,passive,0,0,24.75,24.75,0.0
qwen3-4b,59,desc,desc,fr,en,straight,"Le contraire de ""straight"" est """,curved,1,65,19.875,nan,nan
qwen3-4b,59,desc,val,fr,en,straight,"Le contraire de ""straight"" est """,curved,1,65,19.875,nan,nan
qwen3-4b,59,desc,freq,fr,en,straight,"Le contraire de ""straight"" est """,curved,1,65,19.875,nan,nan
qwen3-4b,59,val,desc,fr,en,straight,"Le contraire de ""straight"" est """,curved,1,65,19.875,nan,nan
qwen3-4b,59,val,val,fr,en,straight,"Le contraire de ""straight"" est """,curved,1,2,19.875,16.25,-3.625
qwen3-4b,59,val,freq,fr,en,straight,"Le contraire de ""straight"" est """,curved,1,2,19.875,16.0,-3.875
qwen3-4b,59,freq,desc,fr,en,straight,"Le contraire de ""straight"" est """,curved,1,65,19.875,nan,nan
qwen3-4b,59,freq,val,fr,en,straight,"Le contraire de ""straight"" est """,curved,1,1,19.875,16.875,-3.0
qwen3-4b,59,freq,freq,fr,en,straight,"Le contraire de ""straight"" est """,curved,1,1,19.875,19.875,0.0
qwen3-4b,60,desc,desc,fr,en,whole,"Le contraire de ""whole"" est """,part,0,4480,18.875,nan,nan
qwen3-4b,60,desc,val,fr,en,whole,"Le contraire de ""whole"" est """,part,0,4480,18.875,nan,nan
qwen3-4b,60,desc,freq,fr,en,whole,"Le contraire de ""whole"" est """,part,0,4480,18.875,nan,nan
qwen3-4b,60,val,desc,fr,en,whole,"Le contraire de ""whole"" est """,part,0,4480,18.875,nan,nan
qwen3-4b,60,val,val,fr,en,whole,"Le contraire de ""whole"" est """,part,0,0,18.875,18.0,-0.875
qwen3-4b,60,val,freq,fr,en,whole,"Le contraire de ""whole"" est """,part,0,0,18.875,17.75,-1.125
qwen3-4b,60,freq,desc,fr,en,whole,"Le contraire de ""whole"" est """,part,0,4480,18.875,nan,nan
qwen3-4b,60,freq,val,fr,en,whole,"Le contraire de ""whole"" est """,part,0,0,18.875,19.625,0.75
qwen3-4b,60,freq,freq,fr,en,whole,"Le contraire de ""whole"" est """,part,0,0,18.875,18.875,0.0
qwen3-4b,61,desc,desc,fr,en,calm,"Le contraire de ""calm"" est """,agitated,0,351,20.625,nan,nan
qwen3-4b,61,desc,val,fr,en,calm,"Le contraire de ""calm"" est """,agitated,0,351,20.625,nan,nan
qwen3-4b,61,desc,freq,fr,en,calm,"Le contraire de ""calm"" est """,agitated,0,351,20.625,nan,nan
qwen3-4b,61,val,desc,fr,en,calm,"Le contraire de ""calm"" est """,agitated,0,351,20.625,nan,nan
qwen3-4b,61,val,val,fr,en,calm,"Le contraire de ""calm"" est """,agitated,0,0,20.625,18.375,-2.25
qwen3-4b,61,val,freq,fr,en,calm,"Le contraire de ""calm"" est """,agitated,0,0,20.625,18.0,-2.625
qwen3-4b,61,freq,desc,fr,en,calm,"Le contraire de ""calm"" est """,agitated,0,351,20.625,nan,nan
qwen3-4b,61,freq,val,fr,en,calm,"Le contraire de ""calm"" est """,agitated,0,0,20.625,20.0,-0.625
qwen3-4b,61,freq,freq,fr,en,calm,"Le contraire de ""calm"" est """,agitated,0,0,20.625,20.625,0.0
qwen3-4b,62,desc,desc,fr,en,correct,"Le contraire de ""correct"" est """,incorrect,0,34870,22.125,nan,nan
qwen3-4b,62,desc,val,fr,en,correct,"Le contraire de ""correct"" est """,incorrect,0,34870,22.125,nan,nan
qwen3-4b,62,desc,freq,fr,en,correct,"Le contraire de ""correct"" est """,incorrect,0,34870,22.125,nan,nan
qwen3-4b,62,val,desc,fr,en,correct,"Le contraire de ""correct"" est """,incorrect,0,34870,22.125,nan,nan
qwen3-4b,62,val,val,fr,en,correct,"Le contraire de ""correct"" est """,incorrect,0,0,22.125,19.5,-2.625
qwen3-4b,62,val,freq,fr,en,correct,"Le contraire de ""correct"" est """,incorrect,0,0,22.125,19.375,-2.75
qwen3-4b,62,freq,desc,fr,en,correct,"Le contraire de ""correct"" est """,incorrect,0,34870,22.125,nan,nan
qwen3-4b,62,freq,val,fr,en,correct,"Le contraire de ""correct"" est """,incorrect,0,0,22.125,23.0,0.875
qwen3-4b,62,freq,freq,fr,en,correct,"Le contraire de ""correct"" est """,incorrect,0,0,22.125,22.125,0.0
qwen3-4b,63,desc,desc,fr,en,complex,"Le contraire de ""complex"" est """,simple,0,22944,23.5,nan,nan
qwen3-4b,63,desc,val,fr,en,complex,"Le contraire de ""complex"" est """,simple,0,22944,23.5,nan,nan
qwen3-4b,63,desc,freq,fr,en,complex,"Le contraire de ""complex"" est """,simple,0,22944,23.5,nan,nan
qwen3-4b,63,val,desc,fr,en,complex,"Le contraire de ""complex"" est """,simple,0,22944,23.5,nan,nan
qwen3-4b,63,val,val,fr,en,complex,"Le contraire de ""complex"" est """,simple,0,0,23.5,22.375,-1.125
qwen3-4b,63,val,freq,fr,en,complex,"Le contraire de ""complex"" est """,simple,0,0,23.5,22.25,-1.25
qwen3-4b,63,freq,desc,fr,en,complex,"Le contraire de ""complex"" est """,simple,0,22944,23.5,nan,nan
qwen3-4b,63,freq,val,fr,en,complex,"Le contraire de ""complex"" est """,simple,0,0,23.5,23.375,-0.125
qwen3-4b,63,freq,freq,fr,en,complex,"Le contraire de ""complex"" est """,simple,0,0,23.5,23.5,0.0
qwen3-4b,64,desc,desc,fr,en,effective,"Le contraire de ""effective"" est """,ineffective,0,482,26.375,nan,nan
qwen3-4b,64,desc,val,fr,en,effective,"Le contraire de ""effective"" est """,ineffective,0,482,26.375,nan,nan
qwen3-4b,64,desc,freq,fr,en,effective,"Le contraire de ""effective"" est """,ineffective,0,482,26.375,nan,nan
qwen3-4b,64,val,desc,fr,en,effective,"Le contraire de ""effective"" est """,ineffective,0,482,26.375,nan,nan
qwen3-4b,64,val,val,fr,en,effective,"Le contraire de ""effective"" est """,ineffective,0,0,26.375,25.5,-0.875
qwen3-4b,64,val,freq,fr,en,effective,"Le contraire de ""effective"" est """,ineffective,0,0,26.375,25.375,-1.0
qwen3-4b,64,freq,desc,fr,en,effective,"Le contraire de ""effective"" est """,ineffective,0,482,26.375,nan,nan
qwen3-4b,64,freq,val,fr,en,effective,"Le contraire de ""effective"" est """,ineffective,0,0,26.375,25.125,-1.25
qwen3-4b,64,freq,freq,fr,en,effective,"Le contraire de ""effective"" est """,ineffective,0,0,26.375,26.375,0.0
qwen3-4b,65,desc,desc,fr,en,famous,"Le contraire de ""famous"" est """,unknown,0,674,20.125,nan,nan
qwen3-4b,65,desc,val,fr,en,famous,"Le contraire de ""famous"" est """,unknown,0,674,20.125,nan,nan
qwen3-4b,65,desc,freq,fr,en,famous,"Le contraire de ""famous"" est """,unknown,0,674,20.125,nan,nan
qwen3-4b,65,val,desc,fr,en,famous,"Le contraire de ""famous"" est """,unknown,0,674,20.125,nan,nan
qwen3-4b,65,val,val,fr,en,famous,"Le contraire de ""famous"" est """,unknown,0,1,20.125,16.875,-3.25
qwen3-4b,65,val,freq,fr,en,famous,"Le contraire de ""famous"" est """,unknown,0,1,20.125,16.75,-3.375
qwen3-4b,65,freq,desc,fr,en,famous,"Le contraire de ""famous"" est """,unknown,0,674,20.125,nan,nan
qwen3-4b,65,freq,val,fr,en,famous,"Le contraire de ""famous"" est """,unknown,0,0,20.125,19.625,-0.5
qwen3-4b,65,freq,freq,fr,en,famous,"Le contraire de ""famous"" est """,unknown,0,0,20.125,20.125,0.0
qwen3-4b,66,desc,desc,fr,en,generous,"Le contraire de ""generous"" est """,stingy,0,267,21.375,nan,nan
qwen3-4b,66,desc,val,fr,en,generous,"Le contraire de ""generous"" est """,stingy,0,267,21.375,nan,nan
qwen3-4b,66,desc,freq,fr,en,generous,"Le contraire de ""generous"" est """,stingy,0,267,21.375,nan,nan
qwen3-4b,66,val,desc,fr,en,generous,"Le contraire de ""generous"" est """,stingy,0,267,21.375,nan,nan
qwen3-4b,66,val,val,fr,en,generous,"Le contraire de ""generous"" est """,stingy,0,0,21.375,18.375,-3.0
qwen3-4b,66,val,freq,fr,en,generous,"Le contraire de ""generous"" est """,stingy,0,0,21.375,18.125,-3.25
qwen3-4b,66,freq,desc,fr,en,generous,"Le contraire de ""generous"" est """,stingy,0,267,21.375,nan,nan
qwen3-4b,66,freq,val,fr,en,generous,"Le contraire de ""generous"" est """,stingy,0,0,21.375,19.375,-2.0
qwen3-4b,66,freq,freq,fr,en,generous,"Le contraire de ""generous"" est """,stingy,0,0,21.375,21.375,0.0
qwen3-4b,67,desc,desc,fr,en,content,"Le contraire de ""content"" est """,dissatisfied,2,67,16.625,nan,nan
qwen3-4b,67,desc,val,fr,en,content,"Le contraire de ""content"" est """,dissatisfied,2,67,16.625,nan,nan
qwen3-4b,67,desc,freq,fr,en,content,"Le contraire de ""content"" est """,dissatisfied,2,67,16.625,nan,nan
qwen3-4b,67,val,desc,fr,en,content,"Le contraire de ""content"" est """,dissatisfied,2,67,16.625,nan,nan
qwen3-4b,67,val,val,fr,en,content,"Le contraire de ""content"" est """,dissatisfied,2,6,16.625,14.1875,-2.4375
qwen3-4b,67,val,freq,fr,en,content,"Le contraire de ""content"" est """,dissatisfied,2,6,16.625,14.0,-2.625
qwen3-4b,67,freq,desc,fr,en,content,"Le contraire de ""content"" est """,dissatisfied,2,67,16.625,nan,nan
qwen3-4b,67,freq,val,fr,en,content,"Le contraire de ""content"" est """,dissatisfied,2,10,16.625,14.75,-1.875
qwen3-4b,67,freq,freq,fr,en,content,"Le contraire de ""content"" est """,dissatisfied,2,2,16.625,16.625,0.0
qwen3-4b,68,desc,desc,fr,en,healthy,"Le contraire de ""healthy"" est """,sick,0,82,22.0,nan,nan
qwen3-4b,68,desc,val,fr,en,healthy,"Le contraire de ""healthy"" est """,sick,0,82,22.0,nan,nan
qwen3-4b,68,desc,freq,fr,en,healthy,"Le contraire de ""healthy"" est """,sick,0,82,22.0,nan,nan
qwen3-4b,68,val,desc,fr,en,healthy,"Le contraire de ""healthy"" est """,sick,0,82,22.0,nan,nan
qwen3-4b,68,val,val,fr,en,healthy,"Le contraire de ""healthy"" est """,sick,0,0,22.0,19.25,-2.75
qwen3-4b,68,val,freq,fr,en,healthy,"Le contraire de ""healthy"" est """,sick,0,0,22.0,19.125,-2.875
qwen3-4b,68,freq,desc,fr,en,healthy,"Le contraire de ""healthy"" est """,sick,0,82,22.0,nan,nan
qwen3-4b,68,freq,val,fr,en,healthy,"Le contraire de ""healthy"" est """,sick,0,0,22.0,19.375,-2.625
qwen3-4b,68,freq,freq,fr,en,healthy,"Le contraire de ""healthy"" est """,sick,0,0,22.0,22.0,0.0
qwen3-4b,69,desc,desc,fr,en,high,"Le contraire de ""high"" est """,low,0,10303,22.625,nan,nan
qwen3-4b,69,desc,val,fr,en,high,"Le contraire de ""high"" est """,low,0,10303,22.625,nan,nan
qwen3-4b,69,desc,freq,fr,en,high,"Le contraire de ""high"" est """,low,0,10303,22.625,nan,nan
qwen3-4b,69,val,desc,fr,en,high,"Le contraire de ""high"" est """,low,0,10303,22.625,nan,nan
qwen3-4b,69,val,val,fr,en,high,"Le contraire de ""high"" est """,low,0,0,22.625,21.125,-1.5
qwen3-4b,69,val,freq,fr,en,high,"Le contraire de ""high"" est """,low,0,0,22.625,21.0,-1.625
qwen3-4b,69,freq,desc,fr,en,high,"Le contraire de ""high"" est """,low,0,10303,22.625,nan,nan
qwen3-4b,69,freq,val,fr,en,high,"Le contraire de ""high"" est """,low,0,0,22.625,23.75,1.125
qwen3-4b,69,freq,freq,fr,en,high,"Le contraire de ""high"" est """,low,0,0,22.625,22.625,0.0
qwen3-4b,70,desc,desc,fr,en,important,"Le contraire de ""important"" est """,trivial,12,359,14.1875,nan,nan
qwen3-4b,70,desc,val,fr,en,important,"Le contraire de ""important"" est """,trivial,12,359,14.1875,nan,nan
qwen3-4b,70,desc,freq,fr,en,important,"Le contraire de ""important"" est """,trivial,12,359,14.1875,nan,nan
qwen3-4b,70,val,desc,fr,en,important,"Le contraire de ""important"" est """,trivial,12,359,14.1875,nan,nan
qwen3-4b,70,val,val,fr,en,important,"Le contraire de ""important"" est """,trivial,12,9,14.1875,12.375,-1.8125
qwen3-4b,70,val,freq,fr,en,important,"Le contraire de ""important"" est """,trivial,12,9,14.1875,12.3125,-1.875
qwen3-4b,70,freq,desc,fr,en,important,"Le contraire de ""important"" est """,trivial,12,359,14.1875,nan,nan
qwen3-4b,70,freq,val,fr,en,important,"Le contraire de ""important"" est """,trivial,12,36,14.1875,12.75,-1.4375
qwen3-4b,70,freq,freq,fr,en,important,"Le contraire de ""important"" est """,trivial,12,12,14.1875,14.1875,0.0
qwen3-4b,71,desc,desc,fr,en,innocent,"Le contraire de ""innocent"" est """,guilty,3,8717,17.875,nan,nan
qwen3-4b,71,desc,val,fr,en,innocent,"Le contraire de ""innocent"" est """,guilty,3,8717,17.875,nan,nan
qwen3-4b,71,desc,freq,fr,en,innocent,"Le contraire de ""innocent"" est """,guilty,3,8717,17.875,nan,nan
qwen3-4b,71,val,desc,fr,en,innocent,"Le contraire de ""innocent"" est """,guilty,3,8717,17.875,nan,nan
qwen3-4b,71,val,val,fr,en,innocent,"Le contraire de ""innocent"" est """,guilty,3,2,17.875,16.75,-1.125
qwen3-4b,71,val,freq,fr,en,innocent,"Le contraire de ""innocent"" est """,guilty,3,2,17.875,16.5,-1.375
qwen3-4b,71,freq,desc,fr,en,innocent,"Le contraire de ""innocent"" est """,guilty,3,8717,17.875,nan,nan
qwen3-4b,71,freq,val,fr,en,innocent,"Le contraire de ""innocent"" est """,guilty,3,3,17.875,17.125,-0.75
qwen3-4b,71,freq,freq,fr,en,innocent,"Le contraire de ""innocent"" est """,guilty,3,3,17.875,17.875,0.0
qwen3-4b,72,desc,desc,fr,en,known,"Le contraire de ""known"" est """,unknown,0,16088,23.5,nan,nan
qwen3-4b,72,desc,val,fr,en,known,"Le contraire de ""known"" est """,unknown,0,16088,23.5,nan,nan
qwen3-4b,72,desc,freq,fr,en,known,"Le contraire de ""known"" est """,unknown,0,16088,23.5,nan,nan
qwen3-4b,72,val,desc,fr,en,known,"Le contraire de ""known"" est """,unknown,0,16088,23.5,nan,nan
qwen3-4b,72,val,val,fr,en,known,"Le contraire de ""known"" est """,unknown,0,0,23.5,21.875,-1.625
qwen3-4b,72,val,freq,fr,en,known,"Le contraire de ""known"" est """,unknown,0,0,23.5,21.625,-1.875
qwen3-4b,72,freq,desc,fr,en,known,"Le contraire de ""known"" est """,unknown,0,16088,23.5,nan,nan
qwen3-4b,72,freq,val,fr,en,known,"Le contraire de ""known"" est """,unknown,0,0,23.5,23.375,-0.125
qwen3-4b,72,freq,freq,fr,en,known,"Le contraire de ""known"" est """,unknown,0,0,23.5,23.5,0.0
qwen3-4b,73,desc,desc,fr,en,male,"Le contraire de ""male"" est """,female,6,42634,14.125,nan,nan
qwen3-4b,73,desc,val,fr,en,male,"Le contraire de ""male"" est """,female,6,42634,14.125,nan,nan
qwen3-4b,73,desc,freq,fr,en,male,"Le contraire de ""male"" est """,female,6,42634,14.125,nan,nan
qwen3-4b,73,val,desc,fr,en,male,"Le contraire de ""male"" est """,female,6,42634,14.125,nan,nan
qwen3-4b,73,val,val,fr,en,male,"Le contraire de ""male"" est """,female,6,73,14.125,7.96875,-6.15625
qwen3-4b,73,val,freq,fr,en,male,"Le contraire de ""male"" est """,female,6,73,14.125,7.8125,-6.3125
qwen3-4b,73,freq,desc,fr,en,male,"Le contraire de ""male"" est """,female,6,42634,14.125,nan,nan
qwen3-4b,73,freq,val,fr,en,male,"Le contraire de ""male"" est """,female,6,4,14.125,17.125,3.0
qwen3-4b,73,freq,freq,fr,en,male,"Le contraire de ""male"" est """,female,6,6,14.125,14.125,0.0
qwen3-4b,74,desc,desc,fr,en,normal,"Le contraire de ""normal"" est """,abnormal,1,359,17.125,nan,nan
qwen3-4b,74,desc,val,fr,en,normal,"Le contraire de ""normal"" est """,abnormal,1,359,17.125,nan,nan
qwen3-4b,74,desc,freq,fr,en,normal,"Le contraire de ""normal"" est """,abnormal,1,359,17.125,nan,nan
qwen3-4b,74,val,desc,fr,en,normal,"Le contraire de ""normal"" est """,abnormal,1,359,17.125,nan,nan
qwen3-4b,74,val,val,fr,en,normal,"Le contraire de ""normal"" est """,abnormal,1,2,17.125,15.0,-2.125
qwen3-4b,74,val,freq,fr,en,normal,"Le contraire de ""normal"" est """,abnormal,1,2,17.125,14.875,-2.25
qwen3-4b,74,freq,desc,fr,en,normal,"Le contraire de ""normal"" est """,abnormal,1,359,17.125,nan,nan
qwen3-4b,74,freq,val,fr,en,normal,"Le contraire de ""normal"" est """,abnormal,1,1,17.125,17.0,-0.125
qwen3-4b,74,freq,freq,fr,en,normal,"Le contraire de ""normal"" est """,abnormal,1,1,17.125,17.125,0.0
qwen3-4b,75,desc,desc,fr,en,possible,"Le contraire de ""possible"" est """,impossible,0,318,25.625,nan,nan
qwen3-4b,75,desc,val,fr,en,possible,"Le contraire de ""possible"" est """,impossible,0,318,25.625,nan,nan
qwen3-4b,75,desc,freq,fr,en,possible,"Le contraire de ""possible"" est """,impossible,0,318,25.625,nan,nan
qwen3-4b,75,val,desc,fr,en,possible,"Le contraire de ""possible"" est """,impossible,0,318,25.625,nan,nan
qwen3-4b,75,val,val,fr,en,possible,"Le contraire de ""possible"" est """,impossible,0,0,25.625,23.0,-2.625
qwen3-4b,75,val,freq,fr,en,possible,"Le contraire de ""possible"" est """,impossible,0,0,25.625,22.875,-2.75
qwen3-4b,75,freq,desc,fr,en,possible,"Le contraire de ""possible"" est """,impossible,0,318,25.625,nan,nan
qwen3-4b,75,freq,val,fr,en,possible,"Le contraire de ""possible"" est """,impossible,0,0,25.625,23.125,-2.5
qwen3-4b,75,freq,freq,fr,en,possible,"Le contraire de ""possible"" est """,impossible,0,0,25.625,25.625,0.0
qwen3-4b,76,desc,desc,fr,en,private,"Le contraire de ""private"" est """,public,0,888,21.125,nan,nan
qwen3-4b,76,desc,val,fr,en,private,"Le contraire de ""private"" est """,public,0,888,21.125,nan,nan
qwen3-4b,76,desc,freq,fr,en,private,"Le contraire de ""private"" est """,public,0,888,21.125,nan,nan
qwen3-4b,76,val,desc,fr,en,private,"Le contraire de ""private"" est """,public,0,888,21.125,nan,nan
qwen3-4b,76,val,val,fr,en,private,"Le contraire de ""private"" est """,public,0,0,21.125,19.0,-2.125
qwen3-4b,76,val,freq,fr,en,private,"Le contraire de ""private"" est """,public,0,0,21.125,18.75,-2.375
qwen3-4b,76,freq,desc,fr,en,private,"Le contraire de ""private"" est """,public,0,888,21.125,nan,nan
qwen3-4b,76,freq,val,fr,en,private,"Le contraire de ""private"" est """,public,0,0,21.125,21.625,0.5
qwen3-4b,76,freq,freq,fr,en,private,"Le contraire de ""private"" est """,public,0,0,21.125,21.125,0.0
qwen3-4b,77,desc,desc,fr,en,right,"Le contraire de ""right"" est """,wrong,1,34870,19.875,nan,nan
qwen3-4b,77,desc,val,fr,en,right,"Le contraire de ""right"" est """,wrong,1,34870,19.875,nan,nan
qwen3-4b,77,desc,freq,fr,en,right,"Le contraire de ""right"" est """,wrong,1,34870,19.875,nan,nan
qwen3-4b,77,val,desc,fr,en,right,"Le contraire de ""right"" est """,wrong,1,34870,19.875,nan,nan
qwen3-4b,77,val,val,fr,en,right,"Le contraire de ""right"" est """,wrong,1,1,19.875,19.0,-0.875
qwen3-4b,77,val,freq,fr,en,right,"Le contraire de ""right"" est """,wrong,1,1,19.875,18.875,-1.0
qwen3-4b,77,freq,desc,fr,en,right,"Le contraire de ""right"" est """,wrong,1,34870,19.875,nan,nan
qwen3-4b,77,freq,val,fr,en,right,"Le contraire de ""right"" est """,wrong,1,1,19.875,20.0,0.125
qwen3-4b,77,freq,freq,fr,en,right,"Le contraire de ""right"" est """,wrong,1,1,19.875,19.875,0.0
qwen3-4b,78,desc,desc,fr,en,simple,"Le contraire de ""simple"" est """,complex,1,23247,20.5,nan,nan
qwen3-4b,78,desc,val,fr,en,simple,"Le contraire de ""simple"" est """,complex,1,23247,20.5,nan,nan
qwen3-4b,78,desc,freq,fr,en,simple,"Le contraire de ""simple"" est """,complex,1,23247,20.5,nan,nan
qwen3-4b,78,val,desc,fr,en,simple,"Le contraire de ""simple"" est """,complex,1,23247,20.5,nan,nan
qwen3-4b,78,val,val,fr,en,simple,"Le contraire de ""simple"" est """,complex,1,1,20.5,18.75,-1.75
qwen3-4b,78,val,freq,fr,en,simple,"Le contraire de ""simple"" est """,complex,1,1,20.5,18.5,-2.0
qwen3-4b,78,freq,desc,fr,en,simple,"Le contraire de ""simple"" est """,complex,1,23247,20.5,nan,nan
qwen3-4b,78,freq,val,fr,en,simple,"Le contraire de ""simple"" est """,complex,1,1,20.5,21.875,1.375
qwen3-4b,78,freq,freq,fr,en,simple,"Le contraire de ""simple"" est """,complex,1,1,20.5,20.5,0.0
qwen3-4b,79,desc,desc,fr,en,sweet,"Le contraire de ""sweet"" est """,sour,0,65,21.375,nan,nan
qwen3-4b,79,desc,val,fr,en,sweet,"Le contraire de ""sweet"" est """,sour,0,65,21.375,nan,nan
qwen3-4b,79,desc,freq,fr,en,sweet,"Le contraire de ""sweet"" est """,sour,0,65,21.375,nan,nan
qwen3-4b,79,val,desc,fr,en,sweet,"Le contraire de ""sweet"" est """,sour,0,65,21.375,nan,nan
qwen3-4b,79,val,val,fr,en,sweet,"Le contraire de ""sweet"" est """,sour,0,0,21.375,19.375,-2.0
qwen3-4b,79,val,freq,fr,en,sweet,"Le contraire de ""sweet"" est """,sour,0,0,21.375,19.125,-2.25
qwen3-4b,79,freq,desc,fr,en,sweet,"Le contraire de ""sweet"" est """,sour,0,65,21.375,nan,nan
qwen3-4b,79,freq,val,fr,en,sweet,"Le contraire de ""sweet"" est """,sour,0,0,21.375,18.75,-2.625
qwen3-4b,79,freq,freq,fr,en,sweet,"Le contraire de ""sweet"" est """,sour,0,0,21.375,21.375,0.0
qwen3-4b,80,desc,desc,fr,en,visible,"Le contraire de ""visible"" est """,invisible,0,90751,25.5,nan,nan
qwen3-4b,80,desc,val,fr,en,visible,"Le contraire de ""visible"" est """,invisible,0,90751,25.5,nan,nan
qwen3-4b,80,desc,freq,fr,en,visible,"Le contraire de ""visible"" est """,invisible,0,90751,25.5,nan,nan
qwen3-4b,80,val,desc,fr,en,visible,"Le contraire de ""visible"" est """,invisible,0,90751,25.5,nan,nan
qwen3-4b,80,val,val,fr,en,visible,"Le contraire de ""visible"" est """,invisible,0,0,25.5,21.5,-4.0
qwen3-4b,80,val,freq,fr,en,visible,"Le contraire de ""visible"" est """,invisible,0,0,25.5,21.5,-4.0
qwen3-4b,80,freq,desc,fr,en,visible,"Le contraire de ""visible"" est """,invisible,0,90751,25.5,nan,nan
qwen3-4b,80,freq,val,fr,en,visible,"Le contraire de ""visible"" est """,invisible,0,0,25.5,24.25,-1.25
qwen3-4b,80,freq,freq,fr,en,visible,"Le contraire de ""visible"" est """,invisible,0,0,25.5,25.5,0.0
qwen3-4b,81,desc,desc,fr,en,warm,"Le contraire de ""warm"" est """,cold,0,42196,20.875,nan,nan
qwen3-4b,81,desc,val,fr,en,warm,"Le contraire de ""warm"" est """,cold,0,42196,20.875,nan,nan
qwen3-4b,81,desc,freq,fr,en,warm,"Le contraire de ""warm"" est """,cold,0,42196,20.875,nan,nan
qwen3-4b,81,val,desc,fr,en,warm,"Le contraire de ""warm"" est """,cold,0,42196,20.875,nan,nan
qwen3-4b,81,val,val,fr,en,warm,"Le contraire de ""warm"" est """,cold,0,2,20.875,16.625,-4.25
qwen3-4b,81,val,freq,fr,en,warm,"Le contraire de ""warm"" est """,cold,0,2,20.875,16.5,-4.375
qwen3-4b,81,freq,desc,fr,en,warm,"Le contraire de ""warm"" est """,cold,0,42196,20.875,nan,nan
qwen3-4b,81,freq,val,fr,en,warm,"Le contraire de ""warm"" est """,cold,0,0,20.875,21.75,0.875
qwen3-4b,81,freq,freq,fr,en,warm,"Le contraire de ""warm"" est """,cold,0,0,20.875,20.875,0.0
qwen3-4b,82,desc,desc,fr,en,smooth,"Le contraire de ""smooth"" est """,rough,0,65,21.25,nan,nan
qwen3-4b,82,desc,val,fr,en,smooth,"Le contraire de ""smooth"" est """,rough,0,65,21.25,nan,nan
qwen3-4b,82,desc,freq,fr,en,smooth,"Le contraire de ""smooth"" est """,rough,0,65,21.25,nan,nan
qwen3-4b,82,val,desc,fr,en,smooth,"Le contraire de ""smooth"" est """,rough,0,65,21.25,nan,nan
qwen3-4b,82,val,val,fr,en,smooth,"Le contraire de ""smooth"" est """,rough,0,0,21.25,19.75,-1.5
qwen3-4b,82,val,freq,fr,en,smooth,"Le contraire de ""smooth"" est """,rough,0,0,21.25,19.625,-1.625
qwen3-4b,82,freq,desc,fr,en,smooth,"Le contraire de ""smooth"" est """,rough,0,65,21.25,nan,nan
qwen3-4b,82,freq,val,fr,en,smooth,"Le contraire de ""smooth"" est """,rough,0,0,21.25,23.75,2.5
qwen3-4b,82,freq,freq,fr,en,smooth,"Le contraire de ""smooth"" est """,rough,0,0,21.25,21.25,0.0
qwen3-4b,83,desc,desc,fr,en,thin,"Le contraire de ""thin"" est """,fat,0,339,19.25,nan,nan
qwen3-4b,83,desc,val,fr,en,thin,"Le contraire de ""thin"" est """,fat,0,339,19.25,nan,nan
qwen3-4b,83,desc,freq,fr,en,thin,"Le contraire de ""thin"" est """,fat,0,339,19.25,nan,nan
qwen3-4b,83,val,desc,fr,en,thin,"Le contraire de ""thin"" est """,fat,0,339,19.25,nan,nan
qwen3-4b,83,val,val,fr,en,thin,"Le contraire de ""thin"" est """,fat,0,4,19.25,14.0,-5.25
qwen3-4b,83,val,freq,fr,en,thin,"Le contraire de ""thin"" est """,fat,0,4,19.25,13.9375,-5.3125
qwen3-4b,83,freq,desc,fr,en,thin,"Le contraire de ""thin"" est """,fat,0,339,19.25,nan,nan
qwen3-4b,83,freq,val,fr,en,thin,"Le contraire de ""thin"" est """,fat,0,0,19.25,18.375,-0.875
qwen3-4b,83,freq,freq,fr,en,thin,"Le contraire de ""thin"" est """,fat,0,0,19.25,19.25,0.0
qwen3-4b,84,desc,desc,fr,en,tall,"Le contraire de ""tall"" est """,short,0,8676,23.5,nan,nan
qwen3-4b,84,desc,val,fr,en,tall,"Le contraire de ""tall"" est """,short,0,8676,23.5,nan,nan
qwen3-4b,84,desc,freq,fr,en,tall,"Le contraire de ""tall"" est """,short,0,8676,23.5,nan,nan
qwen3-4b,84,val,desc,fr,en,tall,"Le contraire de ""tall"" est """,short,0,8676,23.5,nan,nan
qwen3-4b,84,val,val,fr,en,tall,"Le contraire de ""tall"" est """,short,0,0,23.5,18.875,-4.625
qwen3-4b,84,val,freq,fr,en,tall,"Le contraire de ""tall"" est """,short,0,0,23.5,18.75,-4.75
qwen3-4b,84,freq,desc,fr,en,tall,"Le contraire de ""tall"" est """,short,0,8676,23.5,nan,nan
qwen3-4b,84,freq,val,fr,en,tall,"Le contraire de ""tall"" est """,short,0,0,23.5,22.125,-1.375
qwen3-4b,84,freq,freq,fr,en,tall,"Le contraire de ""tall"" est """,short,0,0,23.5,23.5,0.0
qwen3-4b,85,desc,desc,fr,en,married,"Le contraire de ""married"" est """,single,0,359,22.625,nan,nan
qwen3-4b,85,desc,val,fr,en,married,"Le contraire de ""married"" est """,single,0,359,22.625,nan,nan
qwen3-4b,85,desc,freq,fr,en,married,"Le contraire de ""married"" est """,single,0,359,22.625,nan,nan
qwen3-4b,85,val,desc,fr,en,married,"Le contraire de ""married"" est """,single,0,359,22.625,nan,nan
qwen3-4b,85,val,val,fr,en,married,"Le contraire de ""married"" est """,single,0,0,22.625,20.375,-2.25
qwen3-4b,85,val,freq,fr,en,married,"Le contraire de ""married"" est """,single,0,0,22.625,20.375,-2.25
qwen3-4b,85,freq,desc,fr,en,married,"Le contraire de ""married"" est """,single,0,359,22.625,nan,nan
qwen3-4b,85,freq,val,fr,en,married,"Le contraire de ""married"" est """,single,0,0,22.625,21.0,-1.625
qwen3-4b,85,freq,freq,fr,en,married,"Le contraire de ""married"" est """,single,0,0,22.625,22.625,0.0
qwen3-4b,86,desc,desc,fr,en,optimistic,"Le contraire de ""optimistic"" est """,pessimistic,0,79,26.375,nan,nan
qwen3-4b,86,desc,val,fr,en,optimistic,"Le contraire de ""optimistic"" est """,pessimistic,0,79,26.375,nan,nan
qwen3-4b,86,desc,freq,fr,en,optimistic,"Le contraire de ""optimistic"" est """,pessimistic,0,79,26.375,nan,nan
qwen3-4b,86,val,desc,fr,en,optimistic,"Le contraire de ""optimistic"" est """,pessimistic,0,79,26.375,nan,nan
qwen3-4b,86,val,val,fr,en,optimistic,"Le contraire de ""optimistic"" est """,pessimistic,0,0,26.375,22.125,-4.25
qwen3-4b,86,val,freq,fr,en,optimistic,"Le contraire de ""optimistic"" est """,pessimistic,0,0,26.375,21.875,-4.5
qwen3-4b,86,freq,desc,fr,en,optimistic,"Le contraire de ""optimistic"" est """,pessimistic,0,79,26.375,nan,nan
qwen3-4b,86,freq,val,fr,en,optimistic,"Le contraire de ""optimistic"" est """,pessimistic,0,0,26.375,22.625,-3.75
qwen3-4b,86,freq,freq,fr,en,optimistic,"Le contraire de ""optimistic"" est """,pessimistic,0,0,26.375,26.375,0.0
qwen3-4b,87,desc,desc,fr,en,permanent,"Le contraire de ""permanent"" est """,temporary,2,78090,15.0,nan,nan
qwen3-4b,87,desc,val,fr,en,permanent,"Le contraire de ""permanent"" est """,temporary,2,78090,15.0,nan,nan
qwen3-4b,87,desc,freq,fr,en,permanent,"Le contraire de ""permanent"" est """,temporary,2,78090,15.0,nan,nan
qwen3-4b,87,val,desc,fr,en,permanent,"Le contraire de ""permanent"" est """,temporary,2,78090,15.0,nan,nan
qwen3-4b,87,val,val,fr,en,permanent,"Le contraire de ""permanent"" est """,temporary,2,17,15.0,10.9375,-4.0625
qwen3-4b,87,val,freq,fr,en,permanent,"Le contraire de ""permanent"" est """,temporary,2,18,15.0,10.75,-4.25
qwen3-4b,87,freq,desc,fr,en,permanent,"Le contraire de ""permanent"" est """,temporary,2,78090,15.0,nan,nan
qwen3-4b,87,freq,val,fr,en,permanent,"Le contraire de ""permanent"" est """,temporary,2,2,15.0,16.75,1.75
qwen3-4b,87,freq,freq,fr,en,permanent,"Le contraire de ""permanent"" est """,temporary,2,2,15.0,15.0,0.0
qwen3-4b,88,desc,desc,fr,en,present,"Le contraire de ""present"" est """,absent,1,3435,18.25,nan,nan
qwen3-4b,88,desc,val,fr,en,present,"Le contraire de ""present"" est """,absent,1,3435,18.25,nan,nan
qwen3-4b,88,desc,freq,fr,en,present,"Le contraire de ""present"" est """,absent,1,3435,18.25,nan,nan
qwen3-4b,88,val,desc,fr,en,present,"Le contraire de ""present"" est """,absent,1,3435,18.25,nan,nan
qwen3-4b,88,val,val,fr,en,present,"Le contraire de ""present"" est """,absent,1,3,18.25,15.3125,-2.9375
qwen3-4b,88,val,freq,fr,en,present,"Le contraire de ""present"" est """,absent,1,3,18.25,15.0,-3.25
qwen3-4b,88,freq,desc,fr,en,present,"Le contraire de ""present"" est """,absent,1,3435,18.25,nan,nan
qwen3-4b,88,freq,val,fr,en,present,"Le contraire de ""present"" est """,absent,1,1,18.25,20.25,2.0
qwen3-4b,88,freq,freq,fr,en,present,"Le contraire de ""present"" est """,absent,1,1,18.25,18.25,0.0
qwen3-4b,89,desc,desc,fr,en,public,"Le contraire de ""public"" est """,private,1,1996,17.25,nan,nan
qwen3-4b,89,desc,val,fr,en,public,"Le contraire de ""public"" est """,private,1,1996,17.25,nan,nan
qwen3-4b,89,desc,freq,fr,en,public,"Le contraire de ""public"" est """,private,1,1996,17.25,nan,nan
qwen3-4b,89,val,desc,fr,en,public,"Le contraire de ""public"" est """,private,1,1996,17.25,nan,nan
qwen3-4b,89,val,val,fr,en,public,"Le contraire de ""public"" est """,private,1,6,17.25,12.25,-5.0
qwen3-4b,89,val,freq,fr,en,public,"Le contraire de ""public"" est """,private,1,6,17.25,12.0625,-5.1875
qwen3-4b,89,freq,desc,fr,en,public,"Le contraire de ""public"" est """,private,1,1996,17.25,nan,nan
qwen3-4b,89,freq,val,fr,en,public,"Le contraire de ""public"" est """,private,1,2,17.25,17.5,0.25
qwen3-4b,89,freq,freq,fr,en,public,"Le contraire de ""public"" est """,private,1,1,17.25,17.25,0.0
qwen3-4b,90,desc,desc,fr,en,real,"Le contraire de ""real"" est """,fake,2,359,18.125,nan,nan
qwen3-4b,90,desc,val,fr,en,real,"Le contraire de ""real"" est """,fake,2,359,18.125,nan,nan
qwen3-4b,90,desc,freq,fr,en,real,"Le contraire de ""real"" est """,fake,2,359,18.125,nan,nan
qwen3-4b,90,val,desc,fr,en,real,"Le contraire de ""real"" est """,fake,2,359,18.125,nan,nan
qwen3-4b,90,val,val,fr,en,real,"Le contraire de ""real"" est """,fake,2,8,18.125,14.5,-3.625
qwen3-4b,90,val,freq,fr,en,real,"Le contraire de ""real"" est """,fake,2,8,18.125,14.3125,-3.8125
qwen3-4b,90,freq,desc,fr,en,real,"Le contraire de ""real"" est """,fake,2,359,18.125,nan,nan
qwen3-4b,90,freq,val,fr,en,real,"Le contraire de ""real"" est """,fake,2,0,18.125,18.375,0.25
qwen3-4b,90,freq,freq,fr,en,real,"Le contraire de ""real"" est """,fake,2,2,18.125,18.125,0.0
qwen3-4b,91,desc,desc,fr,en,responsible,"Le contraire de ""responsible"" est """,irresponsible,3,404,17.0,nan,nan
qwen3-4b,91,desc,val,fr,en,responsible,"Le contraire de ""responsible"" est """,irresponsible,3,404,17.0,nan,nan
qwen3-4b,91,desc,freq,fr,en,responsible,"Le contraire de ""responsible"" est """,irresponsible,3,404,17.0,nan,nan
qwen3-4b,91,val,desc,fr,en,responsible,"Le contraire de ""responsible"" est """,irresponsible,3,404,17.0,nan,nan
qwen3-4b,91,val,val,fr,en,responsible,"Le contraire de ""responsible"" est """,irresponsible,3,7,17.0,13.0,-4.0
qwen3-4b,91,val,freq,fr,en,responsible,"Le contraire de ""responsible"" est """,irresponsible,3,7,17.0,12.875,-4.125
qwen3-4b,91,freq,desc,fr,en,responsible,"Le contraire de ""responsible"" est """,irresponsible,3,404,17.0,nan,nan
qwen3-4b,91,freq,val,fr,en,responsible,"Le contraire de ""responsible"" est """,irresponsible,3,4,17.0,16.0,-1.0
qwen3-4b,91,freq,freq,fr,en,responsible,"Le contraire de ""responsible"" est """,irresponsible,3,3,17.0,17.0,0.0
qwen3-4b,92,desc,desc,fr,en,single,"Le contraire de ""single"" est """,married,11,69482,13.875,nan,nan
qwen3-4b,92,desc,val,fr,en,single,"Le contraire de ""single"" est """,married,11,69482,13.875,nan,nan
qwen3-4b,92,desc,freq,fr,en,single,"Le contraire de ""single"" est """,married,11,69482,13.875,nan,nan
qwen3-4b,92,val,desc,fr,en,single,"Le contraire de ""single"" est """,married,11,69482,13.875,nan,nan
qwen3-4b,92,val,val,fr,en,single,"Le contraire de ""single"" est """,married,11,22,13.875,11.0625,-2.8125
qwen3-4b,92,val,freq,fr,en,single,"Le contraire de ""single"" est """,married,11,22,13.875,11.0,-2.875
qwen3-4b,92,freq,desc,fr,en,single,"Le contraire de ""single"" est """,married,11,69482,13.875,nan,nan
qwen3-4b,92,freq,val,fr,en,single,"Le contraire de ""single"" est """,married,11,8,13.875,14.75,0.875
qwen3-4b,92,freq,freq,fr,en,single,"Le contraire de ""single"" est """,married,11,11,13.875,13.875,0.0
qwen3-4b,93,desc,desc,fr,en,sour,"Le contraire de ""sour"" est """,sweet,175,94828,9.3125,nan,nan
qwen3-4b,93,desc,val,fr,en,sour,"Le contraire de ""sour"" est """,sweet,175,94828,9.3125,nan,nan
qwen3-4b,93,desc,freq,fr,en,sour,"Le contraire de ""sour"" est """,sweet,175,94828,9.3125,nan,nan
qwen3-4b,93,val,desc,fr,en,sour,"Le contraire de ""sour"" est """,sweet,175,94828,9.3125,nan,nan
qwen3-4b,93,val,val,fr,en,sour,"Le contraire de ""sour"" est """,sweet,175,1456,9.3125,5.3125,-4.0
qwen3-4b,93,val,freq,fr,en,sour,"Le contraire de ""sour"" est """,sweet,175,1490,9.3125,5.25,-4.0625
qwen3-4b,93,freq,desc,fr,en,sour,"Le contraire de ""sour"" est """,sweet,175,94828,9.3125,nan,nan
qwen3-4b,93,freq,val,fr,en,sour,"Le contraire de ""sour"" est """,sweet,175,31,9.3125,13.5,4.1875
qwen3-4b,93,freq,freq,fr,en,sour,"Le contraire de ""sour"" est """,sweet,175,175,9.3125,9.3125,0.0
qwen3-4b,94,desc,desc,fr,en,useful,"Le contraire de ""useful"" est """,useless,0,810,22.5,nan,nan
qwen3-4b,94,desc,val,fr,en,useful,"Le contraire de ""useful"" est """,useless,0,810,22.5,nan,nan
qwen3-4b,94,desc,freq,fr,en,useful,"Le contraire de ""useful"" est """,useless,0,810,22.5,nan,nan
qwen3-4b,94,val,desc,fr,en,useful,"Le contraire de ""useful"" est """,useless,0,810,22.5,nan,nan
qwen3-4b,94,val,val,fr,en,useful,"Le contraire de ""useful"" est """,useless,0,1,22.5,18.0,-4.5
qwen3-4b,94,val,freq,fr,en,useful,"Le contraire de ""useful"" est """,useless,0,1,22.5,17.75,-4.75
qwen3-4b,94,freq,desc,fr,en,useful,"Le contraire de ""useful"" est """,useless,0,810,22.5,nan,nan
qwen3-4b,94,freq,val,fr,en,useful,"Le contraire de ""useful"" est """,useless,0,0,22.5,20.75,-1.75
qwen3-4b,94,freq,freq,fr,en,useful,"Le contraire de ""useful"" est """,useless,0,0,22.5,22.5,0.0
qwen3-4b,95,desc,desc,fr,en,vertical,"Le contraire de ""vertical"" est """,horizontal,0,30629,24.75,nan,nan
qwen3-4b,95,desc,val,fr,en,vertical,"Le contraire de ""vertical"" est """,horizontal,0,30629,24.75,nan,nan
qwen3-4b,95,desc,freq,fr,en,vertical,"Le contraire de ""vertical"" est """,horizontal,0,30629,24.75,nan,nan
qwen3-4b,95,val,desc,fr,en,vertical,"Le contraire de ""vertical"" est """,horizontal,0,30629,24.75,nan,nan
qwen3-4b,95,val,val,fr,en,vertical,"Le contraire de ""vertical"" est """,horizontal,0,0,24.75,21.5,-3.25
qwen3-4b,95,val,freq,fr,en,vertical,"Le contraire de ""vertical"" est """,horizontal,0,0,24.75,21.375,-3.375
qwen3-4b,95,freq,desc,fr,en,vertical,"Le contraire de ""vertical"" est """,horizontal,0,30629,24.75,nan,nan
qwen3-4b,95,freq,val,fr,en,vertical,"Le contraire de ""vertical"" est """,horizontal,0,0,24.75,23.75,-1.0
qwen3-4b,95,freq,freq,fr,en,vertical,"Le contraire de ""vertical"" est """,horizontal,0,0,24.75,24.875,0.125
qwen3-4b,96,desc,desc,fr,en,well,"Le contraire de ""well"" est """,poorly,2,5368,18.0,nan,nan
qwen3-4b,96,desc,val,fr,en,well,"Le contraire de ""well"" est """,poorly,2,5368,18.0,nan,nan
qwen3-4b,96,desc,freq,fr,en,well,"Le contraire de ""well"" est """,poorly,2,5368,18.0,nan,nan
qwen3-4b,96,val,desc,fr,en,well,"Le contraire de ""well"" est """,poorly,2,5368,18.0,nan,nan
qwen3-4b,96,val,val,fr,en,well,"Le contraire de ""well"" est """,poorly,2,2,18.0,16.5,-1.5
qwen3-4b,96,val,freq,fr,en,well,"Le contraire de ""well"" est """,poorly,2,2,18.0,16.375,-1.625
qwen3-4b,96,freq,desc,fr,en,well,"Le contraire de ""well"" est """,poorly,2,5368,18.0,nan,nan
qwen3-4b,96,freq,val,fr,en,well,"Le contraire de ""well"" est """,poorly,2,1,18.0,18.125,0.125
qwen3-4b,96,freq,freq,fr,en,well,"Le contraire de ""well"" est """,poorly,2,2,18.0,18.0,0.0
qwen3-4b,97,desc,desc,fr,en,winning,"Le contraire de ""winning"" est """,losing,0,17831,25.0,nan,nan
qwen3-4b,97,desc,val,fr,en,winning,"Le contraire de ""winning"" est """,losing,0,17831,25.0,nan,nan
qwen3-4b,97,desc,freq,fr,en,winning,"Le contraire de ""winning"" est """,losing,0,17831,25.0,nan,nan
qwen3-4b,97,val,desc,fr,en,winning,"Le contraire de ""winning"" est """,losing,0,17831,25.0,nan,nan
qwen3-4b,97,val,val,fr,en,winning,"Le contraire de ""winning"" est """,losing,0,0,25.0,21.625,-3.375
qwen3-4b,97,val,freq,fr,en,winning,"Le contraire de ""winning"" est """,losing,0,0,25.0,21.5,-3.5
qwen3-4b,97,freq,desc,fr,en,winning,"Le contraire de ""winning"" est """,losing,0,17831,25.0,nan,nan
qwen3-4b,97,freq,val,fr,en,winning,"Le contraire de ""winning"" est """,losing,0,0,25.0,26.375,1.375
qwen3-4b,97,freq,freq,fr,en,winning,"Le contraire de ""winning"" est """,losing,0,0,25.0,25.0,0.0
qwen3-4b,98,desc,desc,fr,en,unkind,"Le contraire de ""unkind"" est """,kind,0,15314,20.75,nan,nan
qwen3-4b,98,desc,val,fr,en,unkind,"Le contraire de ""unkind"" est """,kind,0,15314,20.75,nan,nan
qwen3-4b,98,desc,freq,fr,en,unkind,"Le contraire de ""unkind"" est """,kind,0,15314,20.75,nan,nan
qwen3-4b,98,val,desc,fr,en,unkind,"Le contraire de ""unkind"" est """,kind,0,15314,20.75,nan,nan
qwen3-4b,98,val,val,fr,en,unkind,"Le contraire de ""unkind"" est """,kind,0,2,20.75,16.375,-4.375
qwen3-4b,98,val,freq,fr,en,unkind,"Le contraire de ""unkind"" est """,kind,0,2,20.75,16.0,-4.75
qwen3-4b,98,freq,desc,fr,en,unkind,"Le contraire de ""unkind"" est """,kind,0,15314,20.75,nan,nan
qwen3-4b,98,freq,val,fr,en,unkind,"Le contraire de ""unkind"" est """,kind,0,0,20.75,21.0,0.25
qwen3-4b,98,freq,freq,fr,en,unkind,"Le contraire de ""unkind"" est """,kind,0,0,20.75,20.75,0.0
qwen3-4b,99,desc,desc,fr,en,cowardly,"Le contraire de ""cowardly"" est """,brave,1,1323,21.875,nan,nan
qwen3-4b,99,desc,val,fr,en,cowardly,"Le contraire de ""cowardly"" est """,brave,1,1323,21.875,nan,nan
qwen3-4b,99,desc,freq,fr,en,cowardly,"Le contraire de ""cowardly"" est """,brave,1,1323,21.875,nan,nan
qwen3-4b,99,val,desc,fr,en,cowardly,"Le contraire de ""cowardly"" est """,brave,1,1323,21.875,nan,nan
qwen3-4b,99,val,val,fr,en,cowardly,"Le contraire de ""cowardly"" est """,brave,1,1,21.875,19.0,-2.875
qwen3-4b,99,val,freq,fr,en,cowardly,"Le contraire de ""cowardly"" est """,brave,1,1,21.875,18.875,-3.0
qwen3-4b,99,freq,desc,fr,en,cowardly,"Le contraire de ""cowardly"" est """,brave,1,1323,21.875,nan,nan
qwen3-4b,99,freq,val,fr,en,cowardly,"Le contraire de ""cowardly"" est """,brave,1,0,21.875,21.0,-0.875
qwen3-4b,99,freq,freq,fr,en,cowardly,"Le contraire de ""cowardly"" est """,brave,1,1,21.875,21.875,0.0
qwen3-4b,0,desc,desc,fr,es,bueno,"Le contraire de ""bueno"" est """,malo,0,1,25.875,25.75,-0.125
qwen3-4b,0,desc,val,fr,es,bueno,"Le contraire de ""bueno"" est """,malo,0,1,25.875,24.75,-1.125
qwen3-4b,0,desc,freq,fr,es,bueno,"Le contraire de ""bueno"" est """,malo,0,0,25.875,26.0,0.125
qwen3-4b,0,val,desc,fr,es,bueno,"Le contraire de ""bueno"" est """,malo,0,1,25.875,23.0,-2.875
qwen3-4b,0,val,val,fr,es,bueno,"Le contraire de ""bueno"" est """,malo,0,1,25.875,22.875,-3.0
qwen3-4b,0,val,freq,fr,es,bueno,"Le contraire de ""bueno"" est """,malo,0,1,25.875,23.25,-2.625
qwen3-4b,0,freq,desc,fr,es,bueno,"Le contraire de ""bueno"" est """,malo,0,1,25.875,24.375,-1.5
qwen3-4b,0,freq,val,fr,es,bueno,"Le contraire de ""bueno"" est """,malo,0,1,25.875,23.0,-2.875
qwen3-4b,0,freq,freq,fr,es,bueno,"Le contraire de ""bueno"" est """,malo,0,1,25.875,24.375,-1.5
qwen3-4b,1,desc,desc,fr,es,feliz,"Le contraire de ""feliz"" est """,triste,0,0,26.0,26.625,0.625
qwen3-4b,1,desc,val,fr,es,feliz,"Le contraire de ""feliz"" est """,triste,0,0,26.0,24.125,-1.875
qwen3-4b,1,desc,freq,fr,es,feliz,"Le contraire de ""feliz"" est """,triste,0,0,26.0,26.75,0.75
qwen3-4b,1,val,desc,fr,es,feliz,"Le contraire de ""feliz"" est """,triste,0,0,26.0,24.25,-1.75
qwen3-4b,1,val,val,fr,es,feliz,"Le contraire de ""feliz"" est """,triste,0,0,26.0,24.375,-1.625
qwen3-4b,1,val,freq,fr,es,feliz,"Le contraire de ""feliz"" est """,triste,0,0,26.0,24.625,-1.375
qwen3-4b,1,freq,desc,fr,es,feliz,"Le contraire de ""feliz"" est """,triste,0,0,26.0,26.0,0.0
qwen3-4b,1,freq,val,fr,es,feliz,"Le contraire de ""feliz"" est """,triste,0,0,26.0,23.75,-2.25
qwen3-4b,1,freq,freq,fr,es,feliz,"Le contraire de ""feliz"" est """,triste,0,0,26.0,26.0,0.0
qwen3-4b,2,desc,desc,fr,es,grande,"Le contraire de ""grande"" est """,pequeño,2,2,16.375,16.375,0.0
qwen3-4b,2,desc,val,fr,es,grande,"Le contraire de ""grande"" est """,pequeño,2,1,16.375,18.75,2.375
qwen3-4b,2,desc,freq,fr,es,grande,"Le contraire de ""grande"" est """,pequeño,2,1,16.375,20.125,3.75
qwen3-4b,2,val,desc,fr,es,grande,"Le contraire de ""grande"" est """,pequeño,2,2,16.375,14.0,-2.375
qwen3-4b,2,val,val,fr,es,grande,"Le contraire de ""grande"" est """,pequeño,2,4,16.375,13.25,-3.125
qwen3-4b,2,val,freq,fr,es,grande,"Le contraire de ""grande"" est """,pequeño,2,1,16.375,20.625,4.25
qwen3-4b,2,freq,desc,fr,es,grande,"Le contraire de ""grande"" est """,pequeño,2,2,16.375,16.125,-0.25
qwen3-4b,2,freq,val,fr,es,grande,"Le contraire de ""grande"" est """,pequeño,2,2,16.375,17.375,1.0
qwen3-4b,2,freq,freq,fr,es,grande,"Le contraire de ""grande"" est """,pequeño,2,2,16.375,16.125,-0.25
qwen3-4b,3,desc,desc,fr,es,caliente,"Le contraire de ""caliente"" est """,frío,0,1,26.375,23.625,-2.75
qwen3-4b,3,desc,val,fr,es,caliente,"Le contraire de ""caliente"" est """,frío,0,1,26.375,23.875,-2.5
qwen3-4b,3,desc,freq,fr,es,caliente,"Le contraire de ""caliente"" est """,frío,0,1,26.375,24.75,-1.625
qwen3-4b,3,val,desc,fr,es,caliente,"Le contraire de ""caliente"" est """,frío,0,0,26.375,23.75,-2.625
qwen3-4b,3,val,val,fr,es,caliente,"Le contraire de ""caliente"" est """,frío,0,0,26.375,23.375,-3.0
qwen3-4b,3,val,freq,fr,es,caliente,"Le contraire de ""caliente"" est """,frío,0,1,26.375,22.75,-3.625
qwen3-4b,3,freq,desc,fr,es,caliente,"Le contraire de ""caliente"" est """,frío,0,1,26.375,19.5,-6.875
qwen3-4b,3,freq,val,fr,es,caliente,"Le contraire de ""caliente"" est """,frío,0,1,26.375,19.875,-6.5
qwen3-4b,3,freq,freq,fr,es,caliente,"Le contraire de ""caliente"" est """,frío,0,1,26.375,19.5,-6.875
qwen3-4b,4,desc,desc,fr,es,rápido,"Le contraire de ""rápido"" est """,lento,0,0,25.875,25.125,-0.75
qwen3-4b,4,desc,val,fr,es,rápido,"Le contraire de ""rápido"" est """,lento,0,0,25.875,24.625,-1.25
qwen3-4b,4,desc,freq,fr,es,rápido,"Le contraire de ""rápido"" est """,lento,0,0,25.875,25.25,-0.625
qwen3-4b,4,val,desc,fr,es,rápido,"Le contraire de ""rápido"" est """,lento,0,0,25.875,22.125,-3.75
qwen3-4b,4,val,val,fr,es,rápido,"Le contraire de ""rápido"" est """,lento,0,0,25.875,21.375,-4.5
qwen3-4b,4,val,freq,fr,es,rápido,"Le contraire de ""rápido"" est """,lento,0,0,25.875,22.375,-3.5
qwen3-4b,4,freq,desc,fr,es,rápido,"Le contraire de ""rápido"" est """,lento,0,0,25.875,24.625,-1.25
qwen3-4b,4,freq,val,fr,es,rápido,"Le contraire de ""rápido"" est """,lento,0,0,25.875,24.0,-1.875
qwen3-4b,4,freq,freq,fr,es,rápido,"Le contraire de ""rápido"" est """,lento,0,0,25.875,24.625,-1.25
qwen3-4b,5,desc,desc,fr,es,ligero,"Le contraire de ""ligero"" est """,pesado,6,6,15.0,14.8125,-0.1875
qwen3-4b,5,desc,val,fr,es,ligero,"Le contraire de ""ligero"" est """,pesado,6,3,15.0,16.875,1.875
qwen3-4b,5,desc,freq,fr,es,ligero,"Le contraire de ""ligero"" est """,pesado,6,2,15.0,18.875,3.875
qwen3-4b,5,val,desc,fr,es,ligero,"Le contraire de ""ligero"" est """,pesado,6,3,15.0,13.875,-1.125
qwen3-4b,5,val,val,fr,es,ligero,"Le contraire de ""ligero"" est """,pesado,6,5,15.0,13.4375,-1.5625
qwen3-4b,5,val,freq,fr,es,ligero,"Le contraire de ""ligero"" est """,pesado,6,0,15.0,19.0,4.0
qwen3-4b,5,freq,desc,fr,es,ligero,"Le contraire de ""ligero"" est """,pesado,6,7,15.0,14.3125,-0.6875
qwen3-4b,5,freq,val,fr,es,ligero,"Le contraire de ""ligero"" est """,pesado,6,8,15.0,14.5625,-0.4375
qwen3-4b,5,freq,freq,fr,es,ligero,"Le contraire de ""ligero"" est """,pesado,6,7,15.0,14.3125,-0.6875
qwen3-4b,6,desc,desc,fr,es,fácil,"Le contraire de ""fácil"" est """,difícil,2,2,21.125,20.125,-1.0
qwen3-4b,6,desc,val,fr,es,fácil,"Le contraire de ""fácil"" est """,difícil,2,2,21.125,21.75,0.625
qwen3-4b,6,desc,freq,fr,es,fácil,"Le contraire de ""fácil"" est """,difícil,2,2,21.125,23.25,2.125
qwen3-4b,6,val,desc,fr,es,fácil,"Le contraire de ""fácil"" est """,difícil,2,2,21.125,18.125,-3.0
qwen3-4b,6,val,val,fr,es,fácil,"Le contraire de ""fácil"" est """,difícil,2,3,21.125,15.9375,-5.1875
qwen3-4b,6,val,freq,fr,es,fácil,"Le contraire de ""fácil"" est """,difícil,2,2,21.125,20.0,-1.125
qwen3-4b,6,freq,desc,fr,es,fácil,"Le contraire de ""fácil"" est """,difícil,2,2,21.125,19.375,-1.75
qwen3-4b,6,freq,val,fr,es,fácil,"Le contraire de ""fácil"" est """,difícil,2,1,21.125,19.5,-1.625
qwen3-4b,6,freq,freq,fr,es,fácil,"Le contraire de ""fácil"" est """,difícil,2,2,21.125,19.375,-1.75
qwen3-4b,7,desc,desc,fr,es,nuevo,"Le contraire de ""nuevo"" est """,viejo,3,3,18.0,17.5,-0.5
qwen3-4b,7,desc,val,fr,es,nuevo,"Le contraire de ""nuevo"" est """,viejo,3,3,18.0,18.5,0.5
qwen3-4b,7,desc,freq,fr,es,nuevo,"Le contraire de ""nuevo"" est """,viejo,3,2,18.0,18.875,0.875
qwen3-4b,7,val,desc,fr,es,nuevo,"Le contraire de ""nuevo"" est """,viejo,3,1,18.0,19.0,1.0
qwen3-4b,7,val,val,fr,es,nuevo,"Le contraire de ""nuevo"" est """,viejo,3,1,18.0,18.125,0.125
qwen3-4b,7,val,freq,fr,es,nuevo,"Le contraire de ""nuevo"" est """,viejo,3,1,18.0,19.25,1.25
qwen3-4b,7,freq,desc,fr,es,nuevo,"Le contraire de ""nuevo"" est """,viejo,3,3,18.0,16.625,-1.375
qwen3-4b,7,freq,val,fr,es,nuevo,"Le contraire de ""nuevo"" est """,viejo,3,7,18.0,16.5,-1.5
qwen3-4b,7,freq,freq,fr,es,nuevo,"Le contraire de ""nuevo"" est """,viejo,3,3,18.0,16.625,-1.375
qwen3-4b,8,desc,desc,fr,es,verdadero,"Le contraire de ""verdadero"" est """,falso,0,0,27.875,27.625,-0.25
qwen3-4b,8,desc,val,fr,es,verdadero,"Le contraire de ""verdadero"" est """,falso,0,0,27.875,25.375,-2.5
qwen3-4b,8,desc,freq,fr,es,verdadero,"Le contraire de ""verdadero"" est """,falso,0,0,27.875,28.0,0.125
qwen3-4b,8,val,desc,fr,es,verdadero,"Le contraire de ""verdadero"" est """,falso,0,0,27.875,25.125,-2.75
qwen3-4b,8,val,val,fr,es,verdadero,"Le contraire de ""verdadero"" est """,falso,0,0,27.875,25.25,-2.625
qwen3-4b,8,val,freq,fr,es,verdadero,"Le contraire de ""verdadero"" est """,falso,0,0,27.875,25.125,-2.75
qwen3-4b,8,freq,desc,fr,es,verdadero,"Le contraire de ""verdadero"" est """,falso,0,0,27.875,26.125,-1.75
qwen3-4b,8,freq,val,fr,es,verdadero,"Le contraire de ""verdadero"" est """,falso,0,0,27.875,24.375,-3.5
qwen3-4b,8,freq,freq,fr,es,verdadero,"Le contraire de ""verdadero"" est """,falso,0,0,27.875,26.125,-1.75
qwen3-4b,9,desc,desc,fr,es,vivo,"Le contraire de ""vivo"" est """,muerto,1,1,21.625,20.25,-1.375
qwen3-4b,9,desc,val,fr,es,vivo,"Le contraire de ""vivo"" est """,muerto,1,1,21.625,24.0,2.375
qwen3-4b,9,desc,freq,fr,es,vivo,"Le contraire de ""vivo"" est """,muerto,1,1,21.625,21.125,-0.5
qwen3-4b,9,val,desc,fr,es,vivo,"Le contraire de ""vivo"" est """,muerto,1,0,21.625,23.875,2.25
qwen3-4b,9,val,val,fr,es,vivo,"Le contraire de ""vivo"" est """,muerto,1,0,21.625,23.375,1.75
qwen3-4b,9,val,freq,fr,es,vivo,"Le contraire de ""vivo"" est """,muerto,1,0,21.625,24.0,2.375
qwen3-4b,9,freq,desc,fr,es,vivo,"Le contraire de ""vivo"" est """,muerto,1,2,21.625,19.0,-2.625
qwen3-4b,9,freq,val,fr,es,vivo,"Le contraire de ""vivo"" est """,muerto,1,2,21.625,21.875,0.25
qwen3-4b,9,freq,freq,fr,es,vivo,"Le contraire de ""vivo"" est """,muerto,1,2,21.625,19.0,-2.625
qwen3-4b,10,desc,desc,fr,es,lleno,"Le contraire de ""lleno"" est """,vacío,1,1,21.375,18.25,-3.125
qwen3-4b,10,desc,val,fr,es,lleno,"Le contraire de ""lleno"" est """,vacío,1,1,21.375,19.375,-2.0
qwen3-4b,10,desc,freq,fr,es,lleno,"Le contraire de ""lleno"" est """,vacío,1,1,21.375,20.0,-1.375
qwen3-4b,10,val,desc,fr,es,lleno,"Le contraire de ""lleno"" est """,vacío,1,1,21.375,17.25,-4.125
qwen3-4b,10,val,val,fr,es,lleno,"Le contraire de ""lleno"" est """,vacío,1,1,21.375,17.25,-4.125
qwen3-4b,10,val,freq,fr,es,lleno,"Le contraire de ""lleno"" est """,vacío,1,1,21.375,18.0,-3.375
qwen3-4b,10,freq,desc,fr,es,lleno,"Le contraire de ""lleno"" est """,vacío,1,5,21.375,15.5,-5.875
qwen3-4b,10,freq,val,fr,es,lleno,"Le contraire de ""lleno"" est """,vacío,1,7,21.375,16.375,-5.0
qwen3-4b,10,freq,freq,fr,es,lleno,"Le contraire de ""lleno"" est """,vacío,1,5,21.375,15.5,-5.875
qwen3-4b,11,desc,desc,fr,es,brillante,"Le contraire de ""brillante"" est """,opaco,49,50,12.375,12.375,0.0
qwen3-4b,11,desc,val,fr,es,brillante,"Le contraire de ""brillante"" est """,opaco,49,21,12.375,14.4375,2.0625
qwen3-4b,11,desc,freq,fr,es,brillante,"Le contraire de ""brillante"" est """,opaco,49,11,12.375,14.6875,2.3125
qwen3-4b,11,val,desc,fr,es,brillante,"Le contraire de ""brillante"" est """,opaco,49,60,12.375,10.3125,-2.0625
qwen3-4b,11,val,val,fr,es,brillante,"Le contraire de ""brillante"" est """,opaco,49,63,12.375,10.125,-2.25
qwen3-4b,11,val,freq,fr,es,brillante,"Le contraire de ""brillante"" est """,opaco,49,7,12.375,13.9375,1.5625
qwen3-4b,11,freq,desc,fr,es,brillante,"Le contraire de ""brillante"" est """,opaco,49,53,12.375,12.375,0.0
qwen3-4b,11,freq,val,fr,es,brillante,"Le contraire de ""brillante"" est """,opaco,49,42,12.375,13.5,1.125
qwen3-4b,11,freq,freq,fr,es,brillante,"Le contraire de ""brillante"" est """,opaco,49,53,12.375,12.375,0.0
qwen3-4b,12,desc,desc,fr,es,fuerte,"Le contraire de ""fuerte"" est """,débil,0,0,26.75,22.875,-3.875
qwen3-4b,12,desc,val,fr,es,fuerte,"Le contraire de ""fuerte"" est """,débil,0,0,26.75,21.25,-5.5
qwen3-4b,12,desc,freq,fr,es,fuerte,"Le contraire de ""fuerte"" est """,débil,0,0,26.75,21.25,-5.5
qwen3-4b,12,val,desc,fr,es,fuerte,"Le contraire de ""fuerte"" est """,débil,0,0,26.75,22.5,-4.25
qwen3-4b,12,val,val,fr,es,fuerte,"Le contraire de ""fuerte"" est """,débil,0,0,26.75,22.25,-4.5
qwen3-4b,12,val,freq,fr,es,fuerte,"Le contraire de ""fuerte"" est """,débil,0,0,26.75,21.125,-5.625
qwen3-4b,12,freq,desc,fr,es,fuerte,"Le contraire de ""fuerte"" est """,débil,0,3,26.75,17.0,-9.75
qwen3-4b,12,freq,val,fr,es,fuerte,"Le contraire de ""fuerte"" est """,débil,0,3,26.75,16.875,-9.875
qwen3-4b,12,freq,freq,fr,es,fuerte,"Le contraire de ""fuerte"" est """,débil,0,3,26.75,17.0,-9.75
qwen3-4b,13,desc,desc,fr,es,limpio,"Le contraire de ""limpio"" est """,sucio,0,1,19.5,19.0,-0.5
qwen3-4b,13,desc,val,fr,es,limpio,"Le contraire de ""limpio"" est """,sucio,0,1,19.5,19.75,0.25
qwen3-4b,13,desc,freq,fr,es,limpio,"Le contraire de ""limpio"" est """,sucio,0,1,19.5,19.75,0.25
qwen3-4b,13,val,desc,fr,es,limpio,"Le contraire de ""limpio"" est """,sucio,0,3,19.5,14.6875,-4.8125
qwen3-4b,13,val,val,fr,es,limpio,"Le contraire de ""limpio"" est """,sucio,0,4,19.5,14.375,-5.125
qwen3-4b,13,val,freq,fr,es,limpio,"Le contraire de ""limpio"" est """,sucio,0,1,19.5,15.5,-4.0
qwen3-4b,13,freq,desc,fr,es,limpio,"Le contraire de ""limpio"" est """,sucio,0,2,19.5,17.25,-2.25
qwen3-4b,13,freq,val,fr,es,limpio,"Le contraire de ""limpio"" est """,sucio,0,3,19.5,18.125,-1.375
qwen3-4b,13,freq,freq,fr,es,limpio,"Le contraire de ""limpio"" est """,sucio,0,2,19.5,17.25,-2.25
qwen3-4b,14,desc,desc,fr,es,abierto,"Le contraire de ""abierto"" est """,cerrado,0,1,24.75,19.75,-5.0
qwen3-4b,14,desc,val,fr,es,abierto,"Le contraire de ""abierto"" est """,cerrado,0,1,24.75,21.25,-3.5
qwen3-4b,14,desc,freq,fr,es,abierto,"Le contraire de ""abierto"" est """,cerrado,0,0,24.75,22.875,-1.875
qwen3-4b,14,val,desc,fr,es,abierto,"Le contraire de ""abierto"" est """,cerrado,0,0,24.75,23.25,-1.5
qwen3-4b,14,val,val,fr,es,abierto,"Le contraire de ""abierto"" est """,cerrado,0,0,24.75,23.25,-1.5
qwen3-4b,14,val,freq,fr,es,abierto,"Le contraire de ""abierto"" est """,cerrado,0,0,24.75,21.875,-2.875
qwen3-4b,14,freq,desc,fr,es,abierto,"Le contraire de ""abierto"" est """,cerrado,0,6,24.75,16.625,-8.125
qwen3-4b,14,freq,val,fr,es,abierto,"Le contraire de ""abierto"" est """,cerrado,0,5,24.75,16.75,-8.0
qwen3-4b,14,freq,freq,fr,es,abierto,"Le contraire de ""abierto"" est """,cerrado,0,6,24.75,16.625,-8.125
qwen3-4b,15,desc,desc,fr,es,rico,"Le contraire de ""rico"" est """,pobre,0,0,25.625,25.0,-0.625
qwen3-4b,15,desc,val,fr,es,rico,"Le contraire de ""rico"" est """,pobre,0,0,25.625,25.0,-0.625
qwen3-4b,15,desc,freq,fr,es,rico,"Le contraire de ""rico"" est """,pobre,0,0,25.625,25.5,-0.125
qwen3-4b,15,val,desc,fr,es,rico,"Le contraire de ""rico"" est """,pobre,0,0,25.625,23.875,-1.75
qwen3-4b,15,val,val,fr,es,rico,"Le contraire de ""rico"" est """,pobre,0,0,25.625,23.625,-2.0
qwen3-4b,15,val,freq,fr,es,rico,"Le contraire de ""rico"" est """,pobre,0,0,25.625,23.625,-2.0
qwen3-4b,15,freq,desc,fr,es,rico,"Le contraire de ""rico"" est """,pobre,0,0,25.625,24.375,-1.25
qwen3-4b,15,freq,val,fr,es,rico,"Le contraire de ""rico"" est """,pobre,0,0,25.625,24.0,-1.625
qwen3-4b,15,freq,freq,fr,es,rico,"Le contraire de ""rico"" est """,pobre,0,0,25.625,24.375,-1.25
qwen3-4b,16,desc,desc,fr,es,hermoso,"Le contraire de ""hermoso"" est """,feo,0,1,23.5,22.125,-1.375
qwen3-4b,16,desc,val,fr,es,hermoso,"Le contraire de ""hermoso"" est """,feo,0,1,23.5,20.0,-3.5
qwen3-4b,16,desc,freq,fr,es,hermoso,"Le contraire de ""hermoso"" est """,feo,0,0,23.5,21.625,-1.875
qwen3-4b,16,val,desc,fr,es,hermoso,"Le contraire de ""hermoso"" est """,feo,0,1,23.5,19.625,-3.875
qwen3-4b,16,val,val,fr,es,hermoso,"Le contraire de ""hermoso"" est """,feo,0,2,23.5,17.875,-5.625
qwen3-4b,16,val,freq,fr,es,hermoso,"Le contraire de ""hermoso"" est """,feo,0,1,23.5,19.625,-3.875
qwen3-4b,16,freq,desc,fr,es,hermoso,"Le contraire de ""hermoso"" est """,feo,0,79,23.5,11.9375,-11.5625
qwen3-4b,16,freq,val,fr,es,hermoso,"Le contraire de ""hermoso"" est """,feo,0,103,23.5,12.375,-11.125
qwen3-4b,16,freq,freq,fr,es,hermoso,"Le contraire de ""hermoso"" est """,feo,0,79,23.5,11.9375,-11.5625
qwen3-4b,17,desc,desc,fr,es,largo,"Le contraire de ""largo"" est """,corto,4,3,15.25,15.3125,0.0625
qwen3-4b,17,desc,val,fr,es,largo,"Le contraire de ""largo"" est """,corto,4,2,15.25,16.75,1.5
qwen3-4b,17,desc,freq,fr,es,largo,"Le contraire de ""largo"" est """,corto,4,2,15.25,15.5625,0.3125
qwen3-4b,17,val,desc,fr,es,largo,"Le contraire de ""largo"" est """,corto,4,2,15.25,14.5,-0.75
qwen3-4b,17,val,val,fr,es,largo,"Le contraire de ""largo"" est """,corto,4,2,15.25,13.875,-1.375
qwen3-4b,17,val,freq,fr,es,largo,"Le contraire de ""largo"" est """,corto,4,0,15.25,16.625,1.375
qwen3-4b,17,freq,desc,fr,es,largo,"Le contraire de ""largo"" est """,corto,4,3,15.25,15.0,-0.25
qwen3-4b,17,freq,val,fr,es,largo,"Le contraire de ""largo"" est """,corto,4,2,15.25,17.5,2.25
qwen3-4b,17,freq,freq,fr,es,largo,"Le contraire de ""largo"" est """,corto,4,3,15.25,15.0,-0.25
qwen3-4b,18,desc,desc,fr,es,ancho,"Le contraire de ""ancho"" est """,estrecho,147,227,9.8125,8.875,-0.9375
qwen3-4b,18,desc,val,fr,es,ancho,"Le contraire de ""ancho"" est """,estrecho,147,493,9.8125,9.875,0.0625
qwen3-4b,18,desc,freq,fr,es,ancho,"Le contraire de ""ancho"" est """,estrecho,147,413,9.8125,8.4375,-1.375
qwen3-4b,18,val,desc,fr,es,ancho,"Le contraire de ""ancho"" est """,estrecho,147,185,9.8125,8.875,-0.9375
qwen3-4b,18,val,val,fr,es,ancho,"Le contraire de ""ancho"" est """,estrecho,147,187,9.8125,8.8125,-1.0
qwen3-4b,18,val,freq,fr,es,ancho,"Le contraire de ""ancho"" est """,estrecho,147,380,9.8125,7.71875,-2.09375
qwen3-4b,18,freq,desc,fr,es,ancho,"Le contraire de ""ancho"" est """,estrecho,147,235,9.8125,8.8125,-1.0
qwen3-4b,18,freq,val,fr,es,ancho,"Le contraire de ""ancho"" est """,estrecho,147,617,9.8125,9.6875,-0.125
qwen3-4b,18,freq,freq,fr,es,ancho,"Le contraire de ""ancho"" est """,estrecho,147,235,9.8125,8.8125,-1.0
qwen3-4b,19,desc,desc,fr,es,duro,"Le contraire de ""duro"" est """,suave,4,6,16.625,15.25,-1.375
qwen3-4b,19,desc,val,fr,es,duro,"Le contraire de ""duro"" est """,suave,4,6,16.625,17.5,0.875
qwen3-4b,19,desc,freq,fr,es,duro,"Le contraire de ""duro"" est """,suave,4,6,16.625,16.125,-0.5
qwen3-4b,19,val,desc,fr,es,duro,"Le contraire de ""duro"" est """,suave,4,3,16.625,17.25,0.625
qwen3-4b,19,val,val,fr,es,duro,"Le contraire de ""duro"" est """,suave,4,4,16.625,16.25,-0.375
qwen3-4b,19,val,freq,fr,es,duro,"Le contraire de ""duro"" est """,suave,4,2,16.625,17.375,0.75
qwen3-4b,19,freq,desc,fr,es,duro,"Le contraire de ""duro"" est """,suave,4,13,16.625,13.9375,-2.6875
qwen3-4b,19,freq,val,fr,es,duro,"Le contraire de ""duro"" est """,suave,4,14,16.625,15.6875,-0.9375
qwen3-4b,19,freq,freq,fr,es,duro,"Le contraire de ""duro"" est """,suave,4,13,16.625,13.9375,-2.6875
qwen3-4b,20,desc,desc,fr,es,seco,"Le contraire de ""seco"" est """,mojado,3,3,15.6875,15.875,0.1875
qwen3-4b,20,desc,val,fr,es,seco,"Le contraire de ""seco"" est """,mojado,3,5,15.6875,16.875,1.1875
qwen3-4b,20,desc,freq,fr,es,seco,"Le contraire de ""seco"" est """,mojado,3,3,15.6875,16.125,0.4375
qwen3-4b,20,val,desc,fr,es,seco,"Le contraire de ""seco"" est """,mojado,3,2,15.6875,15.75,0.0625
qwen3-4b,20,val,val,fr,es,seco,"Le contraire de ""seco"" est """,mojado,3,4,15.6875,15.5625,-0.125
qwen3-4b,20,val,freq,fr,es,seco,"Le contraire de ""seco"" est """,mojado,3,1,15.6875,17.75,2.0625
qwen3-4b,20,freq,desc,fr,es,seco,"Le contraire de ""seco"" est """,mojado,3,2,15.6875,16.25,0.5625
qwen3-4b,20,freq,val,fr,es,seco,"Le contraire de ""seco"" est """,mojado,3,2,15.6875,18.0,2.3125
qwen3-4b,20,freq,freq,fr,es,seco,"Le contraire de ""seco"" est """,mojado,3,2,15.6875,16.25,0.5625
qwen3-4b,21,desc,desc,fr,es,ruidoso,"Le contraire de ""ruidoso"" est """,silencioso,0,0,22.75,22.5,-0.25
qwen3-4b,21,desc,val,fr,es,ruidoso,"Le contraire de ""ruidoso"" est """,silencioso,0,0,22.75,22.375,-0.375
qwen3-4b,21,desc,freq,fr,es,ruidoso,"Le contraire de ""ruidoso"" est """,silencioso,0,0,22.75,23.25,0.5
qwen3-4b,21,val,desc,fr,es,ruidoso,"Le contraire de ""ruidoso"" est """,silencioso,0,0,22.75,19.125,-3.625
qwen3-4b,21,val,val,fr,es,ruidoso,"Le contraire de ""ruidoso"" est """,silencioso,0,0,22.75,19.75,-3.0
qwen3-4b,21,val,freq,fr,es,ruidoso,"Le contraire de ""ruidoso"" est """,silencioso,0,0,22.75,18.875,-3.875
qwen3-4b,21,freq,desc,fr,es,ruidoso,"Le contraire de ""ruidoso"" est """,silencioso,0,0,22.75,21.75,-1.0
qwen3-4b,21,freq,val,fr,es,ruidoso,"Le contraire de ""ruidoso"" est """,silencioso,0,0,22.75,21.625,-1.125
qwen3-4b,21,freq,freq,fr,es,ruidoso,"Le contraire de ""ruidoso"" est """,silencioso,0,0,22.75,21.75,-1.0
qwen3-4b,22,desc,desc,fr,es,temprano,"Le contraire de ""temprano"" est """,tarde,1,1,23.125,21.25,-1.875
qwen3-4b,22,desc,val,fr,es,temprano,"Le contraire de ""temprano"" est """,tarde,1,1,23.125,21.75,-1.375
qwen3-4b,22,desc,freq,fr,es,temprano,"Le contraire de ""temprano"" est """,tarde,1,1,23.125,21.75,-1.375
qwen3-4b,22,val,desc,fr,es,temprano,"Le contraire de ""temprano"" est """,tarde,1,1,23.125,19.375,-3.75
qwen3-4b,22,val,val,fr,es,temprano,"Le contraire de ""temprano"" est """,tarde,1,1,23.125,19.25,-3.875
qwen3-4b,22,val,freq,fr,es,temprano,"Le contraire de ""temprano"" est """,tarde,1,1,23.125,19.625,-3.5
qwen3-4b,22,freq,desc,fr,es,temprano,"Le contraire de ""temprano"" est """,tarde,1,1,23.125,20.125,-3.0
qwen3-4b,22,freq,val,fr,es,temprano,"Le contraire de ""temprano"" est """,tarde,1,1,23.125,19.875,-3.25
qwen3-4b,22,freq,freq,fr,es,temprano,"Le contraire de ""temprano"" est """,tarde,1,1,23.125,20.125,-3.0
qwen3-4b,23,desc,desc,fr,es,cerca,"Le contraire de ""cerca"" est """,lejos,0,11,22.0,15.0625,-6.9375
qwen3-4b,23,desc,val,fr,es,cerca,"Le contraire de ""cerca"" est """,lejos,0,2,22.0,19.375,-2.625
qwen3-4b,23,desc,freq,fr,es,cerca,"Le contraire de ""cerca"" est """,lejos,0,0,22.0,20.5,-1.5
qwen3-4b,23,val,desc,fr,es,cerca,"Le contraire de ""cerca"" est """,lejos,0,0,22.0,23.375,1.375
qwen3-4b,23,val,val,fr,es,cerca,"Le contraire de ""cerca"" est """,lejos,0,33,22.0,12.625,-9.375
qwen3-4b,23,val,freq,fr,es,cerca,"Le contraire de ""cerca"" est """,lejos,0,0,22.0,22.875,0.875
qwen3-4b,23,freq,desc,fr,es,cerca,"Le contraire de ""cerca"" est """,lejos,0,42,22.0,12.875,-9.125
qwen3-4b,23,freq,val,fr,es,cerca,"Le contraire de ""cerca"" est """,lejos,0,43,22.0,13.875,-8.125
qwen3-4b,23,freq,freq,fr,es,cerca,"Le contraire de ""cerca"" est """,lejos,0,42,22.0,12.875,-9.125
qwen3-4b,24,desc,desc,fr,es,profundo,"Le contraire de ""profundo"" est """,superficial,0,0,22.25,23.125,0.875
qwen3-4b,24,desc,val,fr,es,profundo,"Le contraire de ""profundo"" est """,superficial,0,0,22.25,25.0,2.75
qwen3-4b,24,desc,freq,fr,es,profundo,"Le contraire de ""profundo"" est """,superficial,0,0,22.25,23.125,0.875
qwen3-4b,24,val,desc,fr,es,profundo,"Le contraire de ""profundo"" est """,superficial,0,0,22.25,20.0,-2.25
qwen3-4b,24,val,val,fr,es,profundo,"Le contraire de ""profundo"" est """,superficial,0,0,22.25,19.5,-2.75
qwen3-4b,24,val,freq,fr,es,profundo,"Le contraire de ""profundo"" est """,superficial,0,0,22.25,20.75,-1.5
qwen3-4b,24,freq,desc,fr,es,profundo,"Le contraire de ""profundo"" est """,superficial,0,0,22.25,22.625,0.375
qwen3-4b,24,freq,val,fr,es,profundo,"Le contraire de ""profundo"" est """,superficial,0,0,22.25,24.625,2.375
qwen3-4b,24,freq,freq,fr,es,profundo,"Le contraire de ""profundo"" est """,superficial,0,0,22.25,22.625,0.375
qwen3-4b,25,desc,desc,fr,es,malo,"Le contraire de ""malo"" est """,bueno,0,0,21.0,21.125,0.125
qwen3-4b,25,desc,val,fr,es,malo,"Le contraire de ""malo"" est """,bueno,0,0,21.0,24.125,3.125
qwen3-4b,25,desc,freq,fr,es,malo,"Le contraire de ""malo"" est """,bueno,0,0,21.0,20.875,-0.125
qwen3-4b,25,val,desc,fr,es,malo,"Le contraire de ""malo"" est """,bueno,0,0,21.0,22.625,1.625
qwen3-4b,25,val,val,fr,es,malo,"Le contraire de ""malo"" est """,bueno,0,0,21.0,22.5,1.5
qwen3-4b,25,val,freq,fr,es,malo,"Le contraire de ""malo"" est """,bueno,0,0,21.0,21.875,0.875
qwen3-4b,25,freq,desc,fr,es,malo,"Le contraire de ""malo"" est """,bueno,0,0,21.0,21.0,0.0
qwen3-4b,25,freq,val,fr,es,malo,"Le contraire de ""malo"" est """,bueno,0,0,21.0,23.375,2.375
qwen3-4b,25,freq,freq,fr,es,malo,"Le contraire de ""malo"" est """,bueno,0,0,21.0,21.0,0.0
qwen3-4b,26,desc,desc,fr,es,triste,"Le contraire de ""triste"" est """,feliz,10,10,13.875,13.875,0.0
qwen3-4b,26,desc,val,fr,es,triste,"Le contraire de ""triste"" est """,feliz,10,6,13.875,16.625,2.75
qwen3-4b,26,desc,freq,fr,es,triste,"Le contraire de ""triste"" est """,feliz,10,3,13.875,17.375,3.5
qwen3-4b,26,val,desc,fr,es,triste,"Le contraire de ""triste"" est """,feliz,10,6,13.875,14.625,0.75
qwen3-4b,26,val,val,fr,es,triste,"Le contraire de ""triste"" est """,feliz,10,7,13.875,13.75,-0.125
qwen3-4b,26,val,freq,fr,es,triste,"Le contraire de ""triste"" est """,feliz,10,1,13.875,19.0,5.125
qwen3-4b,26,freq,desc,fr,es,triste,"Le contraire de ""triste"" est """,feliz,10,10,13.875,13.4375,-0.4375
qwen3-4b,26,freq,val,fr,es,triste,"Le contraire de ""triste"" est """,feliz,10,9,13.875,15.5625,1.6875
qwen3-4b,26,freq,freq,fr,es,triste,"Le contraire de ""triste"" est """,feliz,10,10,13.875,13.4375,-0.4375
qwen3-4b,27,desc,desc,fr,es,pequeño,"Le contraire de ""pequeño"" est """,grande,1,1,20.625,19.25,-1.375
qwen3-4b,27,desc,val,fr,es,pequeño,"Le contraire de ""pequeño"" est """,grande,1,1,20.625,21.25,0.625
qwen3-4b,27,desc,freq,fr,es,pequeño,"Le contraire de ""pequeño"" est """,grande,1,0,20.625,22.875,2.25
qwen3-4b,27,val,desc,fr,es,pequeño,"Le contraire de ""pequeño"" est """,grande,1,1,20.625,20.875,0.25
qwen3-4b,27,val,val,fr,es,pequeño,"Le contraire de ""pequeño"" est """,grande,1,1,20.625,18.375,-2.25
qwen3-4b,27,val,freq,fr,es,pequeño,"Le contraire de ""pequeño"" est """,grande,1,0,20.625,22.625,2.0
qwen3-4b,27,freq,desc,fr,es,pequeño,"Le contraire de ""pequeño"" est """,grande,1,1,20.625,18.25,-2.375
qwen3-4b,27,freq,val,fr,es,pequeño,"Le contraire de ""pequeño"" est """,grande,1,1,20.625,19.875,-0.75
qwen3-4b,27,freq,freq,fr,es,pequeño,"Le contraire de ""pequeño"" est """,grande,1,1,20.625,18.25,-2.375
qwen3-4b,28,desc,desc,fr,es,frío,"Le contraire de ""frío"" est """,cálido,11,11,12.3125,12.1875,-0.125
qwen3-4b,28,desc,val,fr,es,frío,"Le contraire de ""frío"" est """,cálido,11,3,12.3125,14.1875,1.875
qwen3-4b,28,desc,freq,fr,es,frío,"Le contraire de ""frío"" est """,cálido,11,0,12.3125,19.5,7.1875
qwen3-4b,28,val,desc,fr,es,frío,"Le contraire de ""frío"" est """,cálido,11,1,12.3125,11.4375,-0.875
qwen3-4b,28,val,val,fr,es,frío,"Le contraire de ""frío"" est """,cálido,11,25,12.3125,8.9375,-3.375
qwen3-4b,28,val,freq,fr,es,frío,"Le contraire de ""frío"" est """,cálido,11,0,12.3125,19.625,7.3125
qwen3-4b,28,freq,desc,fr,es,frío,"Le contraire de ""frío"" est """,cálido,11,17,12.3125,11.625,-0.6875
qwen3-4b,28,freq,val,fr,es,frío,"Le contraire de ""frío"" est """,cálido,11,11,12.3125,13.0625,0.75
qwen3-4b,28,freq,freq,fr,es,frío,"Le contraire de ""frío"" est """,cálido,11,17,12.3125,11.625,-0.6875
qwen3-4b,29,desc,desc,fr,es,lento,"Le contraire de ""lento"" est """,veloz,1,1,21.875,21.875,0.0
qwen3-4b,29,desc,val,fr,es,lento,"Le contraire de ""lento"" est """,veloz,1,1,21.875,20.875,-1.0
qwen3-4b,29,desc,freq,fr,es,lento,"Le contraire de ""lento"" est """,veloz,1,1,21.875,19.875,-2.0
qwen3-4b,29,val,desc,fr,es,lento,"Le contraire de ""lento"" est """,veloz,1,1,21.875,19.875,-2.0
qwen3-4b,29,val,val,fr,es,lento,"Le contraire de ""lento"" est """,veloz,1,1,21.875,21.375,-0.5
qwen3-4b,29,val,freq,fr,es,lento,"Le contraire de ""lento"" est """,veloz,1,1,21.875,17.625,-4.25
qwen3-4b,29,freq,desc,fr,es,lento,"Le contraire de ""lento"" est """,veloz,1,1,21.875,21.125,-0.75
qwen3-4b,29,freq,val,fr,es,lento,"Le contraire de ""lento"" est """,veloz,1,1,21.875,20.25,-1.625
qwen3-4b,29,freq,freq,fr,es,lento,"Le contraire de ""lento"" est """,veloz,1,1,21.875,21.125,-0.75
qwen3-4b,30,desc,desc,fr,es,pesado,"Le contraire de ""pesado"" est """,ligero,0,2,21.875,19.875,-2.0
qwen3-4b,30,desc,val,fr,es,pesado,"Le contraire de ""pesado"" est """,ligero,0,0,21.875,20.875,-1.0
qwen3-4b,30,desc,freq,fr,es,pesado,"Le contraire de ""pesado"" est """,ligero,0,0,21.875,22.0,0.125
qwen3-4b,30,val,desc,fr,es,pesado,"Le contraire de ""pesado"" est """,ligero,0,1,21.875,19.375,-2.5
qwen3-4b,30,val,val,fr,es,pesado,"Le contraire de ""pesado"" est """,ligero,0,1,21.875,18.5,-3.375
qwen3-4b,30,val,freq,fr,es,pesado,"Le contraire de ""pesado"" est """,ligero,0,1,21.875,20.125,-1.75
qwen3-4b,30,freq,desc,fr,es,pesado,"Le contraire de ""pesado"" est """,ligero,0,3,21.875,18.5,-3.375
qwen3-4b,30,freq,val,fr,es,pesado,"Le contraire de ""pesado"" est """,ligero,0,4,21.875,18.625,-3.25
qwen3-4b,30,freq,freq,fr,es,pesado,"Le contraire de ""pesado"" est """,ligero,0,3,21.875,18.5,-3.375
qwen3-4b,31,desc,desc,fr,es,difícil,"Le contraire de ""difícil"" est """,fácil,4,6,17.625,16.5,-1.125
qwen3-4b,31,desc,val,fr,es,difícil,"Le contraire de ""difícil"" est """,fácil,4,3,17.625,18.25,0.625
qwen3-4b,31,desc,freq,fr,es,difícil,"Le contraire de ""difícil"" est """,fácil,4,2,17.625,19.875,2.25
qwen3-4b,31,val,desc,fr,es,difícil,"Le contraire de ""difícil"" est """,fácil,4,4,17.625,16.625,-1.0
qwen3-4b,31,val,val,fr,es,difícil,"Le contraire de ""difícil"" est """,fácil,4,10,17.625,13.3125,-4.3125
qwen3-4b,31,val,freq,fr,es,difícil,"Le contraire de ""difícil"" est """,fácil,4,2,17.625,19.625,2.0
qwen3-4b,31,freq,desc,fr,es,difícil,"Le contraire de ""difícil"" est """,fácil,4,8,17.625,15.3125,-2.3125
qwen3-4b,31,freq,val,fr,es,difícil,"Le contraire de ""difícil"" est """,fácil,4,8,17.625,15.875,-1.75
qwen3-4b,31,freq,freq,fr,es,difícil,"Le contraire de ""difícil"" est """,fácil,4,8,17.625,15.3125,-2.3125
qwen3-4b,32,desc,desc,fr,es,viejo,"Le contraire de ""viejo"" est """,joven,0,0,23.75,23.375,-0.375
qwen3-4b,32,desc,val,fr,es,viejo,"Le contraire de ""viejo"" est """,joven,0,0,23.75,24.0,0.25
qwen3-4b,32,desc,freq,fr,es,viejo,"Le contraire de ""viejo"" est """,joven,0,0,23.75,24.25,0.5
qwen3-4b,32,val,desc,fr,es,viejo,"Le contraire de ""viejo"" est """,joven,0,0,23.75,22.375,-1.375
qwen3-4b,32,val,val,fr,es,viejo,"Le contraire de ""viejo"" est """,joven,0,0,23.75,22.375,-1.375
qwen3-4b,32,val,freq,fr,es,viejo,"Le contraire de ""viejo"" est """,joven,0,0,23.75,23.0,-0.75
qwen3-4b,32,freq,desc,fr,es,viejo,"Le contraire de ""viejo"" est """,joven,0,1,23.75,22.625,-1.125
qwen3-4b,32,freq,val,fr,es,viejo,"Le contraire de ""viejo"" est """,joven,0,1,23.75,22.875,-0.875
qwen3-4b,32,freq,freq,fr,es,viejo,"Le contraire de ""viejo"" est """,joven,0,1,23.75,22.625,-1.125
qwen3-4b,33,desc,desc,fr,es,falso,"Le contraire de ""falso"" est """,verdadero,0,1,19.375,18.625,-0.75
qwen3-4b,33,desc,val,fr,es,falso,"Le contraire de ""falso"" est """,verdadero,0,1,19.375,21.875,2.5
qwen3-4b,33,desc,freq,fr,es,falso,"Le contraire de ""falso"" est """,verdadero,0,0,19.375,19.875,0.5
qwen3-4b,33,val,desc,fr,es,falso,"Le contraire de ""falso"" est """,verdadero,0,0,19.375,20.0,0.625
qwen3-4b,33,val,val,fr,es,falso,"Le contraire de ""falso"" est """,verdadero,0,1,19.375,19.75,0.375
qwen3-4b,33,val,freq,fr,es,falso,"Le contraire de ""falso"" est """,verdadero,0,0,19.375,20.25,0.875
qwen3-4b,33,freq,desc,fr,es,falso,"Le contraire de ""falso"" est """,verdadero,0,1,19.375,18.25,-1.125
qwen3-4b,33,freq,val,fr,es,falso,"Le contraire de ""falso"" est """,verdadero,0,1,19.375,20.75,1.375
qwen3-4b,33,freq,freq,fr,es,falso,"Le contraire de ""falso"" est """,verdadero,0,1,19.375,18.25,-1.125
qwen3-4b,34,desc,desc,fr,es,muerto,"Le contraire de ""muerto"" est """,vivo,0,0,25.5,23.625,-1.875
qwen3-4b,34,desc,val,fr,es,muerto,"Le contraire de ""muerto"" est """,vivo,0,0,25.5,24.5,-1.0
qwen3-4b,34,desc,freq,fr,es,muerto,"Le contraire de ""muerto"" est """,vivo,0,0,25.5,24.5,-1.0
qwen3-4b,34,val,desc,fr,es,muerto,"Le contraire de ""muerto"" est """,vivo,0,0,25.5,23.25,-2.25
qwen3-4b,34,val,val,fr,es,muerto,"Le contraire de ""muerto"" est """,vivo,0,0,25.5,22.375,-3.125
qwen3-4b,34,val,freq,fr,es,muerto,"Le contraire de ""muerto"" est """,vivo,0,0,25.5,22.125,-3.375
qwen3-4b,34,freq,desc,fr,es,muerto,"Le contraire de ""muerto"" est """,vivo,0,0,25.5,22.625,-2.875
qwen3-4b,34,freq,val,fr,es,muerto,"Le contraire de ""muerto"" est """,vivo,0,0,25.5,22.875,-2.625
qwen3-4b,34,freq,freq,fr,es,muerto,"Le contraire de ""muerto"" est """,vivo,0,0,25.5,22.625,-2.875
qwen3-4b,35,desc,desc,fr,es,vacío,"Le contraire de ""vacío"" est """,lleno,9,48,12.25,10.5,-1.75
qwen3-4b,35,desc,val,fr,es,vacío,"Le contraire de ""vacío"" est """,lleno,9,3,12.25,16.25,4.0
qwen3-4b,35,desc,freq,fr,es,vacío,"Le contraire de ""vacío"" est """,lleno,9,1,12.25,17.25,5.0
qwen3-4b,35,val,desc,fr,es,vacío,"Le contraire de ""vacío"" est """,lleno,9,0,12.25,16.875,4.625
qwen3-4b,35,val,val,fr,es,vacío,"Le contraire de ""vacío"" est """,lleno,9,43,12.25,9.6875,-2.5625
qwen3-4b,35,val,freq,fr,es,vacío,"Le contraire de ""vacío"" est """,lleno,9,0,12.25,20.75,8.5
qwen3-4b,35,freq,desc,fr,es,vacío,"Le contraire de ""vacío"" est """,lleno,9,84,12.25,9.6875,-2.5625
qwen3-4b,35,freq,val,fr,es,vacío,"Le contraire de ""vacío"" est """,lleno,9,100,12.25,11.6875,-0.5625
qwen3-4b,35,freq,freq,fr,es,vacío,"Le contraire de ""vacío"" est """,lleno,9,84,12.25,9.6875,-2.5625
qwen3-4b,36,desc,desc,fr,es,oscuro,"Le contraire de ""oscuro"" est """,claro,0,2,22.75,19.125,-3.625
qwen3-4b,36,desc,val,fr,es,oscuro,"Le contraire de ""oscuro"" est """,claro,0,0,22.75,22.125,-0.625
qwen3-4b,36,desc,freq,fr,es,oscuro,"Le contraire de ""oscuro"" est """,claro,0,0,22.75,21.875,-0.875
qwen3-4b,36,val,desc,fr,es,oscuro,"Le contraire de ""oscuro"" est """,claro,0,0,22.75,21.75,-1.0
qwen3-4b,36,val,val,fr,es,oscuro,"Le contraire de ""oscuro"" est """,claro,0,1,22.75,20.0,-2.75
qwen3-4b,36,val,freq,fr,es,oscuro,"Le contraire de ""oscuro"" est """,claro,0,0,22.75,21.25,-1.5
qwen3-4b,36,freq,desc,fr,es,oscuro,"Le contraire de ""oscuro"" est """,claro,0,3,22.75,17.5,-5.25
qwen3-4b,36,freq,val,fr,es,oscuro,"Le contraire de ""oscuro"" est """,claro,0,3,22.75,19.375,-3.375
qwen3-4b,36,freq,freq,fr,es,oscuro,"Le contraire de ""oscuro"" est """,claro,0,3,22.75,17.5,-5.25
qwen3-4b,37,desc,desc,fr,es,débil,"Le contraire de ""débil"" est """,fuerte,19,36,13.1875,11.5,-1.6875
qwen3-4b,37,desc,val,fr,es,débil,"Le contraire de ""débil"" est """,fuerte,19,11,13.1875,15.875,2.6875
qwen3-4b,37,desc,freq,fr,es,débil,"Le contraire de ""débil"" est """,fuerte,19,3,13.1875,17.125,3.9375
qwen3-4b,37,val,desc,fr,es,débil,"Le contraire de ""débil"" est """,fuerte,19,13,13.1875,13.0625,-0.125
qwen3-4b,37,val,val,fr,es,débil,"Le contraire de ""débil"" est """,fuerte,19,80,13.1875,9.0625,-4.125
qwen3-4b,37,val,freq,fr,es,débil,"Le contraire de ""débil"" est """,fuerte,19,2,13.1875,17.75,4.5625
qwen3-4b,37,freq,desc,fr,es,débil,"Le contraire de ""débil"" est """,fuerte,19,95,13.1875,10.0625,-3.125
qwen3-4b,37,freq,val,fr,es,débil,"Le contraire de ""débil"" est """,fuerte,19,87,13.1875,11.8125,-1.375
qwen3-4b,37,freq,freq,fr,es,débil,"Le contraire de ""débil"" est """,fuerte,19,95,13.1875,10.0625,-3.125
qwen3-4b,38,desc,desc,fr,es,sucio,"Le contraire de ""sucio"" est """,limpio,0,1,25.25,20.5,-4.75
qwen3-4b,38,desc,val,fr,es,sucio,"Le contraire de ""sucio"" est """,limpio,0,0,25.25,22.375,-2.875
qwen3-4b,38,desc,freq,fr,es,sucio,"Le contraire de ""sucio"" est """,limpio,0,0,25.25,23.75,-1.5
qwen3-4b,38,val,desc,fr,es,sucio,"Le contraire de ""sucio"" est """,limpio,0,0,25.25,22.25,-3.0
qwen3-4b,38,val,val,fr,es,sucio,"Le contraire de ""sucio"" est """,limpio,0,0,25.25,21.0,-4.25
qwen3-4b,38,val,freq,fr,es,sucio,"Le contraire de ""sucio"" est """,limpio,0,0,25.25,22.0,-3.25
qwen3-4b,38,freq,desc,fr,es,sucio,"Le contraire de ""sucio"" est """,limpio,0,4,25.25,16.625,-8.625
qwen3-4b,38,freq,val,fr,es,sucio,"Le contraire de ""sucio"" est """,limpio,0,3,25.25,17.375,-7.875
qwen3-4b,38,freq,freq,fr,es,sucio,"Le contraire de ""sucio"" est """,limpio,0,4,25.25,16.625,-8.625
qwen3-4b,39,desc,desc,fr,es,cerrado,"Le contraire de ""cerrado"" est """,abierto,1,3,22.0,15.3125,-6.6875
qwen3-4b,39,desc,val,fr,es,cerrado,"Le contraire de ""cerrado"" est """,abierto,1,2,22.0,17.875,-4.125
qwen3-4b,39,desc,freq,fr,es,cerrado,"Le contraire de ""cerrado"" est """,abierto,1,1,22.0,19.0,-3.0
qwen3-4b,39,val,desc,fr,es,cerrado,"Le contraire de ""cerrado"" est """,abierto,1,1,22.0,21.25,-0.75
qwen3-4b,39,val,val,fr,es,cerrado,"Le contraire de ""cerrado"" est """,abierto,1,1,22.0,20.875,-1.125
qwen3-4b,39,val,freq,fr,es,cerrado,"Le contraire de ""cerrado"" est """,abierto,1,1,22.0,21.0,-1.0
qwen3-4b,39,freq,desc,fr,es,cerrado,"Le contraire de ""cerrado"" est """,abierto,1,6,22.0,11.9375,-10.0625
qwen3-4b,39,freq,val,fr,es,cerrado,"Le contraire de ""cerrado"" est """,abierto,1,6,22.0,13.5,-8.5
qwen3-4b,39,freq,freq,fr,es,cerrado,"Le contraire de ""cerrado"" est """,abierto,1,6,22.0,11.9375,-10.0625
qwen3-4b,40,desc,desc,fr,es,pobre,"Le contraire de ""pobre"" est """,rico,0,3,24.375,19.875,-4.5
qwen3-4b,40,desc,val,fr,es,pobre,"Le contraire de ""pobre"" est """,rico,0,1,24.375,22.25,-2.125
qwen3-4b,40,desc,freq,fr,es,pobre,"Le contraire de ""pobre"" est """,rico,0,1,24.375,25.625,1.25
qwen3-4b,40,val,desc,fr,es,pobre,"Le contraire de ""pobre"" est """,rico,0,0,24.375,21.875,-2.5
qwen3-4b,40,val,val,fr,es,pobre,"Le contraire de ""pobre"" est """,rico,0,1,24.375,21.0,-3.375
qwen3-4b,40,val,freq,fr,es,pobre,"Le contraire de ""pobre"" est """,rico,0,0,24.375,21.875,-2.5
qwen3-4b,40,freq,desc,fr,es,pobre,"Le contraire de ""pobre"" est """,rico,0,3,24.375,17.0,-7.375
qwen3-4b,40,freq,val,fr,es,pobre,"Le contraire de ""pobre"" est """,rico,0,4,24.375,18.0,-6.375
qwen3-4b,40,freq,freq,fr,es,pobre,"Le contraire de ""pobre"" est """,rico,0,3,24.375,17.0,-7.375
qwen3-4b,41,desc,desc,fr,es,feo,"Le contraire de ""feo"" est """,bonito,0,1,23.75,21.0,-2.75
qwen3-4b,41,desc,val,fr,es,feo,"Le contraire de ""feo"" est """,bonito,0,1,23.75,21.125,-2.625
qwen3-4b,41,desc,freq,fr,es,feo,"Le contraire de ""feo"" est """,bonito,0,1,23.75,21.875,-1.875
qwen3-4b,41,val,desc,fr,es,feo,"Le contraire de ""feo"" est """,bonito,0,0,23.75,21.5,-2.25
qwen3-4b,41,val,val,fr,es,feo,"Le contraire de ""feo"" est """,bonito,0,0,23.75,20.875,-2.875
qwen3-4b,41,val,freq,fr,es,feo,"Le contraire de ""feo"" est """,bonito,0,0,23.75,21.125,-2.625
qwen3-4b,41,freq,desc,fr,es,feo,"Le contraire de ""feo"" est """,bonito,0,3,23.75,19.0,-4.75
qwen3-4b,41,freq,val,fr,es,feo,"Le contraire de ""feo"" est """,bonito,0,3,23.75,19.0,-4.75
qwen3-4b,41,freq,freq,fr,es,feo,"Le contraire de ""feo"" est """,bonito,0,3,23.75,19.0,-4.75
qwen3-4b,42,desc,desc,fr,es,corto,"Le contraire de ""corto"" est """,largo,0,1,21.625,19.875,-1.75
qwen3-4b,42,desc,val,fr,es,corto,"Le contraire de ""corto"" est """,largo,0,1,21.625,21.375,-0.25
qwen3-4b,42,desc,freq,fr,es,corto,"Le contraire de ""corto"" est """,largo,0,1,21.625,19.5,-2.125
qwen3-4b,42,val,desc,fr,es,corto,"Le contraire de ""corto"" est """,largo,0,1,21.625,19.75,-1.875
qwen3-4b,42,val,val,fr,es,corto,"Le contraire de ""corto"" est """,largo,0,2,21.625,18.875,-2.75
qwen3-4b,42,val,freq,fr,es,corto,"Le contraire de ""corto"" est """,largo,0,1,21.625,18.75,-2.875
qwen3-4b,42,freq,desc,fr,es,corto,"Le contraire de ""corto"" est """,largo,0,2,21.625,18.0,-3.625
qwen3-4b,42,freq,val,fr,es,corto,"Le contraire de ""corto"" est """,largo,0,2,21.625,19.75,-1.875
qwen3-4b,42,freq,freq,fr,es,corto,"Le contraire de ""corto"" est """,largo,0,2,21.625,18.0,-3.625
qwen3-4b,43,desc,desc,fr,es,estrecho,"Le contraire de ""estrecho"" est """,ancho,4,26,17.5,14.1875,-3.3125
qwen3-4b,43,desc,val,fr,es,estrecho,"Le contraire de ""estrecho"" est """,ancho,4,26,17.5,14.375,-3.125
qwen3-4b,43,desc,freq,fr,es,estrecho,"Le contraire de ""estrecho"" est """,ancho,4,26,17.5,14.4375,-3.0625
qwen3-4b,43,val,desc,fr,es,estrecho,"Le contraire de ""estrecho"" est """,ancho,4,19,17.5,11.6875,-5.8125
qwen3-4b,43,val,val,fr,es,estrecho,"Le contraire de ""estrecho"" est """,ancho,4,20,17.5,11.5,-6.0
qwen3-4b,43,val,freq,fr,es,estrecho,"Le contraire de ""estrecho"" est """,ancho,4,32,17.5,11.625,-5.875
qwen3-4b,43,freq,desc,fr,es,estrecho,"Le contraire de ""estrecho"" est """,ancho,4,312,17.5,8.75,-8.75
qwen3-4b,43,freq,val,fr,es,estrecho,"Le contraire de ""estrecho"" est """,ancho,4,241,17.5,10.0625,-7.4375
qwen3-4b,43,freq,freq,fr,es,estrecho,"Le contraire de ""estrecho"" est """,ancho,4,312,17.5,8.75,-8.75
qwen3-4b,44,desc,desc,fr,es,suave,"Le contraire de ""suave"" est """,duro,28,43,13.875,13.25,-0.625
qwen3-4b,44,desc,val,fr,es,suave,"Le contraire de ""suave"" est """,duro,28,25,13.875,14.5625,0.6875
qwen3-4b,44,desc,freq,fr,es,suave,"Le contraire de ""suave"" est """,duro,28,12,13.875,15.875,2.0
qwen3-4b,44,val,desc,fr,es,suave,"Le contraire de ""suave"" est """,duro,28,18,13.875,12.75,-1.125
qwen3-4b,44,val,val,fr,es,suave,"Le contraire de ""suave"" est """,duro,28,34,13.875,11.3125,-2.5625
qwen3-4b,44,val,freq,fr,es,suave,"Le contraire de ""suave"" est """,duro,28,14,13.875,13.1875,-0.6875
qwen3-4b,44,freq,desc,fr,es,suave,"Le contraire de ""suave"" est """,duro,28,44,13.875,13.0,-0.875
qwen3-4b,44,freq,val,fr,es,suave,"Le contraire de ""suave"" est """,duro,28,37,13.875,13.9375,0.0625
qwen3-4b,44,freq,freq,fr,es,suave,"Le contraire de ""suave"" est """,duro,28,44,13.875,13.0,-0.875
qwen3-4b,45,desc,desc,fr,es,mojado,"Le contraire de ""mojado"" est """,seco,1,3,18.375,16.5,-1.875
qwen3-4b,45,desc,val,fr,es,mojado,"Le contraire de ""mojado"" est """,seco,1,2,18.375,17.375,-1.0
qwen3-4b,45,desc,freq,fr,es,mojado,"Le contraire de ""mojado"" est """,seco,1,1,18.375,18.625,0.25
qwen3-4b,45,val,desc,fr,es,mojado,"Le contraire de ""mojado"" est """,seco,1,1,18.375,14.625,-3.75
qwen3-4b,45,val,val,fr,es,mojado,"Le contraire de ""mojado"" est """,seco,1,2,18.375,14.125,-4.25
qwen3-4b,45,val,freq,fr,es,mojado,"Le contraire de ""mojado"" est """,seco,1,1,18.375,14.9375,-3.4375
qwen3-4b,45,freq,desc,fr,es,mojado,"Le contraire de ""mojado"" est """,seco,1,3,18.375,16.0,-2.375
qwen3-4b,45,freq,val,fr,es,mojado,"Le contraire de ""mojado"" est """,seco,1,2,18.375,16.25,-2.125
qwen3-4b,45,freq,freq,fr,es,mojado,"Le contraire de ""mojado"" est """,seco,1,3,18.375,16.0,-2.375
qwen3-4b,46,desc,desc,fr,es,tranquilo,"Le contraire de ""tranquilo"" est """,ruidoso,18,45,14.1875,12.6875,-1.5
qwen3-4b,46,desc,val,fr,es,tranquilo,"Le contraire de ""tranquilo"" est """,ruidoso,18,24,14.1875,14.4375,0.25
qwen3-4b,46,desc,freq,fr,es,tranquilo,"Le contraire de ""tranquilo"" est """,ruidoso,18,10,14.1875,15.625,1.4375
qwen3-4b,46,val,desc,fr,es,tranquilo,"Le contraire de ""tranquilo"" est """,ruidoso,18,14,14.1875,12.1875,-2.0
qwen3-4b,46,val,val,fr,es,tranquilo,"Le contraire de ""tranquilo"" est """,ruidoso,18,75,14.1875,10.4375,-3.75
qwen3-4b,46,val,freq,fr,es,tranquilo,"Le contraire de ""tranquilo"" est """,ruidoso,18,16,14.1875,13.125,-1.0625
qwen3-4b,46,freq,desc,fr,es,tranquilo,"Le contraire de ""tranquilo"" est """,ruidoso,18,63,14.1875,11.9375,-2.25
qwen3-4b,46,freq,val,fr,es,tranquilo,"Le contraire de ""tranquilo"" est """,ruidoso,18,39,14.1875,13.5625,-0.625
qwen3-4b,46,freq,freq,fr,es,tranquilo,"Le contraire de ""tranquilo"" est """,ruidoso,18,63,14.1875,11.9375,-2.25
qwen3-4b,47,desc,desc,fr,es,tarde,"Le contraire de ""tarde"" est """,temprano,5,21,16.375,13.75,-2.625
qwen3-4b,47,desc,val,fr,es,tarde,"Le contraire de ""tarde"" est """,temprano,5,8,16.375,15.75,-0.625
qwen3-4b,47,desc,freq,fr,es,tarde,"Le contraire de ""tarde"" est """,temprano,5,6,16.375,16.5,0.125
qwen3-4b,47,val,desc,fr,es,tarde,"Le contraire de ""tarde"" est """,temprano,5,2,16.375,16.25,-0.125
qwen3-4b,47,val,val,fr,es,tarde,"Le contraire de ""tarde"" est """,temprano,5,4,16.375,14.875,-1.5
qwen3-4b,47,val,freq,fr,es,tarde,"Le contraire de ""tarde"" est """,temprano,5,1,16.375,17.5,1.125
qwen3-4b,47,freq,desc,fr,es,tarde,"Le contraire de ""tarde"" est """,temprano,5,37,16.375,12.9375,-3.4375
qwen3-4b,47,freq,val,fr,es,tarde,"Le contraire de ""tarde"" est """,temprano,5,25,16.375,14.1875,-2.1875
qwen3-4b,47,freq,freq,fr,es,tarde,"Le contraire de ""tarde"" est """,temprano,5,37,16.375,12.9375,-3.4375
qwen3-4b,48,desc,desc,fr,es,lejos,"Le contraire de ""lejos"" est """,cerca,0,2,25.625,19.375,-6.25
qwen3-4b,48,desc,val,fr,es,lejos,"Le contraire de ""lejos"" est """,cerca,0,2,25.625,18.75,-6.875
qwen3-4b,48,desc,freq,fr,es,lejos,"Le contraire de ""lejos"" est """,cerca,0,2,25.625,20.75,-4.875
qwen3-4b,48,val,desc,fr,es,lejos,"Le contraire de ""lejos"" est """,cerca,0,1,25.625,22.5,-3.125
qwen3-4b,48,val,val,fr,es,lejos,"Le contraire de ""lejos"" est """,cerca,0,1,25.625,22.625,-3.0
qwen3-4b,48,val,freq,fr,es,lejos,"Le contraire de ""lejos"" est """,cerca,0,1,25.625,20.75,-4.875
qwen3-4b,48,freq,desc,fr,es,lejos,"Le contraire de ""lejos"" est """,cerca,0,37,25.625,13.5625,-12.0625
qwen3-4b,48,freq,val,fr,es,lejos,"Le contraire de ""lejos"" est """,cerca,0,71,25.625,12.75,-12.875
qwen3-4b,48,freq,freq,fr,es,lejos,"Le contraire de ""lejos"" est """,cerca,0,37,25.625,13.5625,-12.0625
qwen3-4b,49,desc,desc,fr,es,superficial,"Le contraire de ""superficial"" est """,profundo,0,0,24.0,24.0,0.0
qwen3-4b,49,desc,val,fr,es,superficial,"Le contraire de ""superficial"" est """,profundo,0,0,24.0,23.75,-0.25
qwen3-4b,49,desc,freq,fr,es,superficial,"Le contraire de ""superficial"" est """,profundo,0,0,24.0,24.125,0.125
qwen3-4b,49,val,desc,fr,es,superficial,"Le contraire de ""superficial"" est """,profundo,0,0,24.0,21.125,-2.875
qwen3-4b,49,val,val,fr,es,superficial,"Le contraire de ""superficial"" est """,profundo,0,0,24.0,21.75,-2.25
qwen3-4b,49,val,freq,fr,es,superficial,"Le contraire de ""superficial"" est """,profundo,0,0,24.0,20.5,-3.5
qwen3-4b,49,freq,desc,fr,es,superficial,"Le contraire de ""superficial"" est """,profundo,0,0,24.0,24.0,0.0
qwen3-4b,49,freq,val,fr,es,superficial,"Le contraire de ""superficial"" est """,profundo,0,0,24.0,23.75,-0.25
qwen3-4b,49,freq,freq,fr,es,superficial,"Le contraire de ""superficial"" est """,profundo,0,0,24.0,24.0,0.0
qwen3-4b,50,desc,desc,fr,es,joven,"Le contraire de ""joven"" est """,viejo,1,1,21.375,19.25,-2.125
qwen3-4b,50,desc,val,fr,es,joven,"Le contraire de ""joven"" est """,viejo,1,1,21.375,20.125,-1.25
qwen3-4b,50,desc,freq,fr,es,joven,"Le contraire de ""joven"" est """,viejo,1,2,21.375,20.0,-1.375
qwen3-4b,50,val,desc,fr,es,joven,"Le contraire de ""joven"" est """,viejo,1,1,21.375,19.5,-1.875
qwen3-4b,50,val,val,fr,es,joven,"Le contraire de ""joven"" est """,viejo,1,1,21.375,19.375,-2.0
qwen3-4b,50,val,freq,fr,es,joven,"Le contraire de ""joven"" est """,viejo,1,1,21.375,19.75,-1.625
qwen3-4b,50,freq,desc,fr,es,joven,"Le contraire de ""joven"" est """,viejo,1,2,21.375,18.0,-3.375
qwen3-4b,50,freq,val,fr,es,joven,"Le contraire de ""joven"" est """,viejo,1,2,21.375,18.5,-2.875
qwen3-4b,50,freq,freq,fr,es,joven,"Le contraire de ""joven"" est """,viejo,1,2,21.375,18.0,-3.375
qwen3-4b,51,desc,desc,fr,es,amable,"Le contraire de ""amable"" est """,malo,8,8,14.75,14.8125,0.0625
qwen3-4b,51,desc,val,fr,es,amable,"Le contraire de ""amable"" est """,malo,8,5,14.75,16.25,1.5
qwen3-4b,51,desc,freq,fr,es,amable,"Le contraire de ""amable"" est """,malo,8,6,14.75,16.375,1.625
qwen3-4b,51,val,desc,fr,es,amable,"Le contraire de ""amable"" est """,malo,8,8,14.75,12.5625,-2.1875
qwen3-4b,51,val,val,fr,es,amable,"Le contraire de ""amable"" est """,malo,8,8,14.75,12.3125,-2.4375
qwen3-4b,51,val,freq,fr,es,amable,"Le contraire de ""amable"" est """,malo,8,5,14.75,13.9375,-0.8125
qwen3-4b,51,freq,desc,fr,es,amable,"Le contraire de ""amable"" est """,malo,8,8,14.75,14.75,0.0
qwen3-4b,51,freq,val,fr,es,amable,"Le contraire de ""amable"" est """,malo,8,8,14.75,15.625,0.875
qwen3-4b,51,freq,freq,fr,es,amable,"Le contraire de ""amable"" est """,malo,8,8,14.75,14.75,0.0
qwen3-4b,52,desc,desc,fr,es,valiente,"Le contraire de ""valiente"" est """,cobarde,0,1,19.375,19.75,0.375
qwen3-4b,52,desc,val,fr,es,valiente,"Le contraire de ""valiente"" est """,cobarde,0,1,19.375,19.0,-0.375
qwen3-4b,52,desc,freq,fr,es,valiente,"Le contraire de ""valiente"" est """,cobarde,0,1,19.375,20.375,1.0
qwen3-4b,52,val,desc,fr,es,valiente,"Le contraire de ""valiente"" est """,cobarde,0,0,19.375,18.75,-0.625
qwen3-4b,52,val,val,fr,es,valiente,"Le contraire de ""valiente"" est """,cobarde,0,1,19.375,18.625,-0.75
qwen3-4b,52,val,freq,fr,es,valiente,"Le contraire de ""valiente"" est """,cobarde,0,0,19.375,19.25,-0.125
qwen3-4b,52,freq,desc,fr,es,valiente,"Le contraire de ""valiente"" est """,cobarde,0,1,19.375,19.625,0.25
qwen3-4b,52,freq,val,fr,es,valiente,"Le contraire de ""valiente"" est """,cobarde,0,1,19.375,19.5,0.125
qwen3-4b,52,freq,freq,fr,es,valiente,"Le contraire de ""valiente"" est """,cobarde,0,1,19.375,19.625,0.25
qwen3-4b,53,desc,desc,fr,es,sabio,"Le contraire de ""sabio"" est """,necio,9,5,17.375,17.875,0.5
qwen3-4b,53,desc,val,fr,es,sabio,"Le contraire de ""sabio"" est """,necio,9,6,17.375,18.125,0.75
qwen3-4b,53,desc,freq,fr,es,sabio,"Le contraire de ""sabio"" est """,necio,9,7,17.375,18.125,0.75
qwen3-4b,53,val,desc,fr,es,sabio,"Le contraire de ""sabio"" est """,necio,9,14,17.375,14.5,-2.875
qwen3-4b,53,val,val,fr,es,sabio,"Le contraire de ""sabio"" est """,necio,9,13,17.375,14.625,-2.75
qwen3-4b,53,val,freq,fr,es,sabio,"Le contraire de ""sabio"" est """,necio,9,12,17.375,14.625,-2.75
qwen3-4b,53,freq,desc,fr,es,sabio,"Le contraire de ""sabio"" est """,necio,9,6,17.375,17.5,0.125
qwen3-4b,53,freq,val,fr,es,sabio,"Le contraire de ""sabio"" est """,necio,9,5,17.375,17.75,0.375
qwen3-4b,53,freq,freq,fr,es,sabio,"Le contraire de ""sabio"" est """,necio,9,6,17.375,17.5,0.125
qwen3-4b,54,desc,desc,fr,es,educado,"Le contraire de ""educado"" est """,descortés,38,107,15.5625,13.25,-2.3125
qwen3-4b,54,desc,val,fr,es,educado,"Le contraire de ""educado"" est """,descortés,38,84,15.5625,13.0625,-2.5
qwen3-4b,54,desc,freq,fr,es,educado,"Le contraire de ""educado"" est """,descortés,38,48,15.5625,15.5,-0.0625
qwen3-4b,54,val,desc,fr,es,educado,"Le contraire de ""educado"" est """,descortés,38,23,15.5625,13.1875,-2.375
qwen3-4b,54,val,val,fr,es,educado,"Le contraire de ""educado"" est """,descortés,38,83,15.5625,11.25,-4.3125
qwen3-4b,54,val,freq,fr,es,educado,"Le contraire de ""educado"" est """,descortés,38,32,15.5625,13.25,-2.3125
qwen3-4b,54,freq,desc,fr,es,educado,"Le contraire de ""educado"" est """,descortés,38,74,15.5625,11.25,-4.3125
qwen3-4b,54,freq,val,fr,es,educado,"Le contraire de ""educado"" est """,descortés,38,68,15.5625,10.4375,-5.125
qwen3-4b,54,freq,freq,fr,es,educado,"Le contraire de ""educado"" est """,descortés,38,74,15.5625,11.25,-4.3125
qwen3-4b,55,desc,desc,fr,es,paciente,"Le contraire de ""paciente"" est """,impaciente,35,35,11.8125,11.8125,0.0
qwen3-4b,55,desc,val,fr,es,paciente,"Le contraire de ""paciente"" est """,impaciente,35,28,11.8125,13.75,1.9375
qwen3-4b,55,desc,freq,fr,es,paciente,"Le contraire de ""paciente"" est """,impaciente,35,17,11.8125,12.625,0.8125
qwen3-4b,55,val,desc,fr,es,paciente,"Le contraire de ""paciente"" est """,impaciente,35,35,11.8125,9.6875,-2.125
qwen3-4b,55,val,val,fr,es,paciente,"Le contraire de ""paciente"" est """,impaciente,35,46,11.8125,9.1875,-2.625
qwen3-4b,55,val,freq,fr,es,paciente,"Le contraire de ""paciente"" est """,impaciente,35,12,11.8125,12.125,0.3125
qwen3-4b,55,freq,desc,fr,es,paciente,"Le contraire de ""paciente"" est """,impaciente,35,33,11.8125,11.875,0.0625
qwen3-4b,55,freq,val,fr,es,paciente,"Le contraire de ""paciente"" est """,impaciente,35,30,11.8125,13.6875,1.875
qwen3-4b,55,freq,freq,fr,es,paciente,"Le contraire de ""paciente"" est """,impaciente,35,33,11.8125,11.875,0.0625
qwen3-4b,56,desc,desc,fr,es,honesto,"Le contraire de ""honesto"" est """,deshonesto,2,2,18.75,18.75,0.0
qwen3-4b,56,desc,val,fr,es,honesto,"Le contraire de ""honesto"" est """,deshonesto,2,0,18.75,18.75,0.0
qwen3-4b,56,desc,freq,fr,es,honesto,"Le contraire de ""honesto"" est """,deshonesto,2,0,18.75,20.125,1.375
qwen3-4b,56,val,desc,fr,es,honesto,"Le contraire de ""honesto"" est """,deshonesto,2,3,18.75,16.125,-2.625
qwen3-4b,56,val,val,fr,es,honesto,"Le contraire de ""honesto"" est """,deshonesto,2,4,18.75,15.9375,-2.8125
qwen3-4b,56,val,freq,fr,es,honesto,"Le contraire de ""honesto"" est """,deshonesto,2,1,18.75,17.375,-1.375
qwen3-4b,56,freq,desc,fr,es,honesto,"Le contraire de ""honesto"" est """,deshonesto,2,2,18.75,18.375,-0.375
qwen3-4b,56,freq,val,fr,es,honesto,"Le contraire de ""honesto"" est """,deshonesto,2,2,18.75,18.125,-0.625
qwen3-4b,56,freq,freq,fr,es,honesto,"Le contraire de ""honesto"" est """,deshonesto,2,2,18.75,18.375,-0.375
qwen3-4b,57,desc,desc,fr,es,seguro,"Le contraire de ""seguro"" est """,inseguro,6,3,16.75,17.125,0.375
qwen3-4b,57,desc,val,fr,es,seguro,"Le contraire de ""seguro"" est """,inseguro,6,7,16.75,17.5,0.75
qwen3-4b,57,desc,freq,fr,es,seguro,"Le contraire de ""seguro"" est """,inseguro,6,3,16.75,16.75,0.0
qwen3-4b,57,val,desc,fr,es,seguro,"Le contraire de ""seguro"" est """,inseguro,6,7,16.75,14.0625,-2.6875
qwen3-4b,57,val,val,fr,es,seguro,"Le contraire de ""seguro"" est """,inseguro,6,7,16.75,14.3125,-2.4375
qwen3-4b,57,val,freq,fr,es,seguro,"Le contraire de ""seguro"" est """,inseguro,6,6,16.75,14.4375,-2.3125
qwen3-4b,57,freq,desc,fr,es,seguro,"Le contraire de ""seguro"" est """,inseguro,6,4,16.75,16.875,0.125
qwen3-4b,57,freq,val,fr,es,seguro,"Le contraire de ""seguro"" est """,inseguro,6,3,16.75,18.0,1.25
qwen3-4b,57,freq,freq,fr,es,seguro,"Le contraire de ""seguro"" est """,inseguro,6,4,16.75,16.875,0.125
qwen3-4b,58,desc,desc,fr,es,activo,"Le contraire de ""activo"" est """,pasivo,1,1,23.375,22.375,-1.0
qwen3-4b,58,desc,val,fr,es,activo,"Le contraire de ""activo"" est """,pasivo,1,1,23.375,21.5,-1.875
qwen3-4b,58,desc,freq,fr,es,activo,"Le contraire de ""activo"" est """,pasivo,1,1,23.375,24.25,0.875
qwen3-4b,58,val,desc,fr,es,activo,"Le contraire de ""activo"" est """,pasivo,1,1,23.375,23.375,0.0
qwen3-4b,58,val,val,fr,es,activo,"Le contraire de ""activo"" est """,pasivo,1,1,23.375,23.125,-0.25
qwen3-4b,58,val,freq,fr,es,activo,"Le contraire de ""activo"" est """,pasivo,1,0,23.375,25.0,1.625
qwen3-4b,58,freq,desc,fr,es,activo,"Le contraire de ""activo"" est """,pasivo,1,1,23.375,21.375,-2.0
qwen3-4b,58,freq,val,fr,es,activo,"Le contraire de ""activo"" est """,pasivo,1,1,23.375,20.625,-2.75
qwen3-4b,58,freq,freq,fr,es,activo,"Le contraire de ""activo"" est """,pasivo,1,1,23.375,21.375,-2.0
qwen3-4b,59,desc,desc,fr,es,recto,"Le contraire de ""recto"" est """,doblado,34,34,11.4375,11.4375,0.0
qwen3-4b,59,desc,val,fr,es,recto,"Le contraire de ""recto"" est """,doblado,34,7,11.4375,15.0625,3.625
qwen3-4b,59,desc,freq,fr,es,recto,"Le contraire de ""recto"" est """,doblado,34,23,11.4375,12.8125,1.375
qwen3-4b,59,val,desc,fr,es,recto,"Le contraire de ""recto"" est """,doblado,34,63,11.4375,8.6875,-2.75
qwen3-4b,59,val,val,fr,es,recto,"Le contraire de ""recto"" est """,doblado,34,56,11.4375,8.8125,-2.625
qwen3-4b,59,val,freq,fr,es,recto,"Le contraire de ""recto"" est """,doblado,34,48,11.4375,9.1875,-2.25
qwen3-4b,59,freq,desc,fr,es,recto,"Le contraire de ""recto"" est """,doblado,34,34,11.4375,11.125,-0.3125
qwen3-4b,59,freq,val,fr,es,recto,"Le contraire de ""recto"" est """,doblado,34,9,11.4375,14.875,3.4375
qwen3-4b,59,freq,freq,fr,es,recto,"Le contraire de ""recto"" est """,doblado,34,34,11.4375,11.125,-0.3125
qwen3-4b,60,desc,desc,fr,es,entero,"Le contraire de ""entero"" est """,parcial,2,3,17.125,16.0,-1.125
qwen3-4b,60,desc,val,fr,es,entero,"Le contraire de ""entero"" est """,parcial,2,3,17.125,18.25,1.125
qwen3-4b,60,desc,freq,fr,es,entero,"Le contraire de ""entero"" est """,parcial,2,2,17.125,16.625,-0.5
qwen3-4b,60,val,desc,fr,es,entero,"Le contraire de ""entero"" est """,parcial,2,2,17.125,16.75,-0.375
qwen3-4b,60,val,val,fr,es,entero,"Le contraire de ""entero"" est """,parcial,2,2,17.125,16.75,-0.375
qwen3-4b,60,val,freq,fr,es,entero,"Le contraire de ""entero"" est """,parcial,2,2,17.125,16.875,-0.25
qwen3-4b,60,freq,desc,fr,es,entero,"Le contraire de ""entero"" est """,parcial,2,14,17.125,13.875,-3.25
qwen3-4b,60,freq,val,fr,es,entero,"Le contraire de ""entero"" est """,parcial,2,15,17.125,16.125,-1.0
qwen3-4b,60,freq,freq,fr,es,entero,"Le contraire de ""entero"" est """,parcial,2,14,17.125,13.875,-3.25
qwen3-4b,61,desc,desc,fr,es,calmado,"Le contraire de ""calmado"" est """,agitado,29,36,13.6875,13.1875,-0.5
qwen3-4b,61,desc,val,fr,es,calmado,"Le contraire de ""calmado"" est """,agitado,29,16,13.6875,15.3125,1.625
qwen3-4b,61,desc,freq,fr,es,calmado,"Le contraire de ""calmado"" est """,agitado,29,17,13.6875,15.4375,1.75
qwen3-4b,61,val,desc,fr,es,calmado,"Le contraire de ""calmado"" est """,agitado,29,18,13.6875,12.5625,-1.125
qwen3-4b,61,val,val,fr,es,calmado,"Le contraire de ""calmado"" est """,agitado,29,50,13.6875,10.6875,-3.0
qwen3-4b,61,val,freq,fr,es,calmado,"Le contraire de ""calmado"" est """,agitado,29,31,13.6875,12.6875,-1.0
qwen3-4b,61,freq,desc,fr,es,calmado,"Le contraire de ""calmado"" est """,agitado,29,45,13.6875,12.5,-1.1875
qwen3-4b,61,freq,val,fr,es,calmado,"Le contraire de ""calmado"" est """,agitado,29,36,13.6875,14.3125,0.625
qwen3-4b,61,freq,freq,fr,es,calmado,"Le contraire de ""calmado"" est """,agitado,29,45,13.6875,12.5,-1.1875
qwen3-4b,62,desc,desc,fr,es,correcto,"Le contraire de ""correcto"" est """,incorrecto,0,0,19.875,19.375,-0.5
qwen3-4b,62,desc,val,fr,es,correcto,"Le contraire de ""correcto"" est """,incorrecto,0,0,19.875,22.0,2.125
qwen3-4b,62,desc,freq,fr,es,correcto,"Le contraire de ""correcto"" est """,incorrecto,0,0,19.875,19.75,-0.125
qwen3-4b,62,val,desc,fr,es,correcto,"Le contraire de ""correcto"" est """,incorrecto,0,0,19.875,19.75,-0.125
qwen3-4b,62,val,val,fr,es,correcto,"Le contraire de ""correcto"" est """,incorrecto,0,0,19.875,19.625,-0.25
qwen3-4b,62,val,freq,fr,es,correcto,"Le contraire de ""correcto"" est """,incorrecto,0,0,19.875,20.375,0.5
qwen3-4b,62,freq,desc,fr,es,correcto,"Le contraire de ""correcto"" est """,incorrecto,0,0,19.875,18.875,-1.0
qwen3-4b,62,freq,val,fr,es,correcto,"Le contraire de ""correcto"" est """,incorrecto,0,0,19.875,21.25,1.375
qwen3-4b,62,freq,freq,fr,es,correcto,"Le contraire de ""correcto"" est """,incorrecto,0,0,19.875,18.875,-1.0
qwen3-4b,63,desc,desc,fr,es,complejo,"Le contraire de ""complejo"" est """,simple,0,0,20.875,20.875,0.0
qwen3-4b,63,desc,val,fr,es,complejo,"Le contraire de ""complejo"" est """,simple,0,0,20.875,22.5,1.625
qwen3-4b,63,desc,freq,fr,es,complejo,"Le contraire de ""complejo"" est """,simple,0,0,20.875,21.25,0.375
qwen3-4b,63,val,desc,fr,es,complejo,"Le contraire de ""complejo"" est """,simple,0,0,20.875,21.5,0.625
qwen3-4b,63,val,val,fr,es,complejo,"Le contraire de ""complejo"" est """,simple,0,0,20.875,20.875,0.0
qwen3-4b,63,val,freq,fr,es,complejo,"Le contraire de ""complejo"" est """,simple,0,0,20.875,21.875,1.0
qwen3-4b,63,freq,desc,fr,es,complejo,"Le contraire de ""complejo"" est """,simple,0,0,20.875,21.125,0.25
qwen3-4b,63,freq,val,fr,es,complejo,"Le contraire de ""complejo"" est """,simple,0,0,20.875,22.0,1.125
qwen3-4b,63,freq,freq,fr,es,complejo,"Le contraire de ""complejo"" est """,simple,0,0,20.875,21.125,0.25
qwen3-4b,64,desc,desc,fr,es,efectivo,"Le contraire de ""efectivo"" est """,ineficaz,687,426,7.15625,8.125,0.96875
qwen3-4b,64,desc,val,fr,es,efectivo,"Le contraire de ""efectivo"" est """,ineficaz,687,498,7.15625,9.5,2.34375
qwen3-4b,64,desc,freq,fr,es,efectivo,"Le contraire de ""efectivo"" est """,ineficaz,687,676,7.15625,7.71875,0.5625
qwen3-4b,64,val,desc,fr,es,efectivo,"Le contraire de ""efectivo"" est """,ineficaz,687,434,7.15625,5.65625,-1.5
qwen3-4b,64,val,val,fr,es,efectivo,"Le contraire de ""efectivo"" est """,ineficaz,687,400,7.15625,5.78125,-1.375
qwen3-4b,64,val,freq,fr,es,efectivo,"Le contraire de ""efectivo"" est """,ineficaz,687,612,7.15625,5.5625,-1.59375
qwen3-4b,64,freq,desc,fr,es,efectivo,"Le contraire de ""efectivo"" est """,ineficaz,687,460,7.15625,8.0,0.84375
qwen3-4b,64,freq,val,fr,es,efectivo,"Le contraire de ""efectivo"" est """,ineficaz,687,400,7.15625,9.9375,2.78125
qwen3-4b,64,freq,freq,fr,es,efectivo,"Le contraire de ""efectivo"" est """,ineficaz,687,461,7.15625,8.0,0.84375
qwen3-4b,65,desc,desc,fr,es,famoso,"Le contraire de ""famoso"" est """,desconocido,14,75,14.75,11.8125,-2.9375
qwen3-4b,65,desc,val,fr,es,famoso,"Le contraire de ""famoso"" est """,desconocido,14,27,14.75,14.25,-0.5
qwen3-4b,65,desc,freq,fr,es,famoso,"Le contraire de ""famoso"" est """,desconocido,14,6,14.75,17.125,2.375
qwen3-4b,65,val,desc,fr,es,famoso,"Le contraire de ""famoso"" est """,desconocido,14,11,14.75,13.5625,-1.1875
qwen3-4b,65,val,val,fr,es,famoso,"Le contraire de ""famoso"" est """,desconocido,14,60,14.75,10.375,-4.375
qwen3-4b,65,val,freq,fr,es,famoso,"Le contraire de ""famoso"" est """,desconocido,14,8,14.75,14.4375,-0.3125
qwen3-4b,65,freq,desc,fr,es,famoso,"Le contraire de ""famoso"" est """,desconocido,14,223,14.75,10.0,-4.75
qwen3-4b,65,freq,val,fr,es,famoso,"Le contraire de ""famoso"" est """,desconocido,14,242,14.75,10.625,-4.125
qwen3-4b,65,freq,freq,fr,es,famoso,"Le contraire de ""famoso"" est """,desconocido,14,223,14.75,10.0,-4.75
qwen3-4b,66,desc,desc,fr,es,generoso,"Le contraire de ""generoso"" est """,tacaño,2,6,15.9375,15.125,-0.8125
qwen3-4b,66,desc,val,fr,es,generoso,"Le contraire de ""generoso"" est """,tacaño,2,3,15.9375,15.25,-0.6875
qwen3-4b,66,desc,freq,fr,es,generoso,"Le contraire de ""generoso"" est """,tacaño,2,1,15.9375,16.5,0.5625
qwen3-4b,66,val,desc,fr,es,generoso,"Le contraire de ""generoso"" est """,tacaño,2,1,15.9375,14.625,-1.3125
qwen3-4b,66,val,val,fr,es,generoso,"Le contraire de ""generoso"" est """,tacaño,2,5,15.9375,13.125,-2.8125
qwen3-4b,66,val,freq,fr,es,generoso,"Le contraire de ""generoso"" est """,tacaño,2,1,15.9375,14.75,-1.1875
qwen3-4b,66,freq,desc,fr,es,generoso,"Le contraire de ""generoso"" est """,tacaño,2,6,15.9375,15.0,-0.9375
qwen3-4b,66,freq,val,fr,es,generoso,"Le contraire de ""generoso"" est """,tacaño,2,6,15.9375,14.875,-1.0625
qwen3-4b,66,freq,freq,fr,es,generoso,"Le contraire de ""generoso"" est """,tacaño,2,6,15.9375,15.0,-0.9375
qwen3-4b,67,desc,desc,fr,es,contento,"Le contraire de ""contento"" est """,insatisfecho,1,2,18.75,18.625,-0.125
qwen3-4b,67,desc,val,fr,es,contento,"Le contraire de ""contento"" est """,insatisfecho,1,4,18.75,17.75,-1.0
qwen3-4b,67,desc,freq,fr,es,contento,"Le contraire de ""contento"" est """,insatisfecho,1,1,18.75,18.875,0.125
qwen3-4b,67,val,desc,fr,es,contento,"Le contraire de ""contento"" est """,insatisfecho,1,1,18.75,16.25,-2.5
qwen3-4b,67,val,val,fr,es,contento,"Le contraire de ""contento"" est """,insatisfecho,1,4,18.75,15.9375,-2.8125
qwen3-4b,67,val,freq,fr,es,contento,"Le contraire de ""contento"" est """,insatisfecho,1,1,18.75,16.625,-2.125
qwen3-4b,67,freq,desc,fr,es,contento,"Le contraire de ""contento"" est """,insatisfecho,1,2,18.75,18.25,-0.5
qwen3-4b,67,freq,val,fr,es,contento,"Le contraire de ""contento"" est """,insatisfecho,1,3,18.75,17.875,-0.875
qwen3-4b,67,freq,freq,fr,es,contento,"Le contraire de ""contento"" est """,insatisfecho,1,2,18.75,18.25,-0.5
qwen3-4b,68,desc,desc,fr,es,saludable,"Le contraire de ""saludable"" est """,insalubre,4,5,17.125,16.75,-0.375
qwen3-4b,68,desc,val,fr,es,saludable,"Le contraire de ""saludable"" est """,insalubre,4,5,17.125,17.625,0.5
qwen3-4b,68,desc,freq,fr,es,saludable,"Le contraire de ""saludable"" est """,insalubre,4,4,17.125,17.5,0.375
qwen3-4b,68,val,desc,fr,es,saludable,"Le contraire de ""saludable"" est """,insalubre,4,0,17.125,16.125,-1.0
qwen3-4b,68,val,val,fr,es,saludable,"Le contraire de ""saludable"" est """,insalubre,4,3,17.125,15.0,-2.125
qwen3-4b,68,val,freq,fr,es,saludable,"Le contraire de ""saludable"" est """,insalubre,4,2,17.125,16.125,-1.0
qwen3-4b,68,freq,desc,fr,es,saludable,"Le contraire de ""saludable"" est """,insalubre,4,5,17.125,16.125,-1.0
qwen3-4b,68,freq,val,fr,es,saludable,"Le contraire de ""saludable"" est """,insalubre,4,5,17.125,17.0,-0.125
qwen3-4b,68,freq,freq,fr,es,saludable,"Le contraire de ""saludable"" est """,insalubre,4,5,17.125,16.125,-1.0
qwen3-4b,69,desc,desc,fr,es,alto,"Le contraire de ""alto"" est """,bajo,0,0,26.25,25.875,-0.375
qwen3-4b,69,desc,val,fr,es,alto,"Le contraire de ""alto"" est """,bajo,0,0,26.25,25.75,-0.5
qwen3-4b,69,desc,freq,fr,es,alto,"Le contraire de ""alto"" est """,bajo,0,0,26.25,25.75,-0.5
qwen3-4b,69,val,desc,fr,es,alto,"Le contraire de ""alto"" est """,bajo,0,0,26.25,24.625,-1.625
qwen3-4b,69,val,val,fr,es,alto,"Le contraire de ""alto"" est """,bajo,0,0,26.25,24.625,-1.625
qwen3-4b,69,val,freq,fr,es,alto,"Le contraire de ""alto"" est """,bajo,0,0,26.25,24.5,-1.75
qwen3-4b,69,freq,desc,fr,es,alto,"Le contraire de ""alto"" est """,bajo,0,0,26.25,25.125,-1.125
qwen3-4b,69,freq,val,fr,es,alto,"Le contraire de ""alto"" est """,bajo,0,0,26.25,25.125,-1.125
qwen3-4b,69,freq,freq,fr,es,alto,"Le contraire de ""alto"" est """,bajo,0,0,26.25,25.125,-1.125
qwen3-4b,70,desc,desc,fr,es,importante,"Le contraire de ""importante"" est """,trivial,21,23,13.4375,13.0625,-0.375
qwen3-4b,70,desc,val,fr,es,importante,"Le contraire de ""importante"" est """,trivial,21,12,13.4375,14.875,1.4375
qwen3-4b,70,desc,freq,fr,es,importante,"Le contraire de ""importante"" est """,trivial,21,3,13.4375,17.25,3.8125
qwen3-4b,70,val,desc,fr,es,importante,"Le contraire de ""importante"" est """,trivial,21,5,13.4375,13.5625,0.125
qwen3-4b,70,val,val,fr,es,importante,"Le contraire de ""importante"" est """,trivial,21,14,13.4375,12.25,-1.1875
qwen3-4b,70,val,freq,fr,es,importante,"Le contraire de ""importante"" est """,trivial,21,0,13.4375,18.375,4.9375
qwen3-4b,70,freq,desc,fr,es,importante,"Le contraire de ""importante"" est """,trivial,21,21,13.4375,13.25,-0.1875
qwen3-4b,70,freq,val,fr,es,importante,"Le contraire de ""importante"" est """,trivial,21,17,13.4375,14.375,0.9375
qwen3-4b,70,freq,freq,fr,es,importante,"Le contraire de ""importante"" est """,trivial,21,21,13.4375,13.25,-0.1875
qwen3-4b,71,desc,desc,fr,es,inocente,"Le contraire de ""inocente"" est """,culpable,1,1,19.75,19.625,-0.125
qwen3-4b,71,desc,val,fr,es,inocente,"Le contraire de ""inocente"" est """,culpable,1,1,19.75,19.125,-0.625
qwen3-4b,71,desc,freq,fr,es,inocente,"Le contraire de ""inocente"" est """,culpable,1,1,19.75,19.5,-0.25
qwen3-4b,71,val,desc,fr,es,inocente,"Le contraire de ""inocente"" est """,culpable,1,1,19.75,18.0,-1.75
qwen3-4b,71,val,val,fr,es,inocente,"Le contraire de ""inocente"" est """,culpable,1,1,19.75,17.875,-1.875
qwen3-4b,71,val,freq,fr,es,inocente,"Le contraire de ""inocente"" est """,culpable,1,1,19.75,17.75,-2.0
qwen3-4b,71,freq,desc,fr,es,inocente,"Le contraire de ""inocente"" est """,culpable,1,1,19.75,19.5,-0.25
qwen3-4b,71,freq,val,fr,es,inocente,"Le contraire de ""inocente"" est """,culpable,1,1,19.75,19.625,-0.125
qwen3-4b,71,freq,freq,fr,es,inocente,"Le contraire de ""inocente"" est """,culpable,1,1,19.75,19.5,-0.25
qwen3-4b,72,desc,desc,fr,es,conocido,"Le contraire de ""conocido"" est """,desconocido,0,1,24.125,22.25,-1.875
qwen3-4b,72,desc,val,fr,es,conocido,"Le contraire de ""conocido"" est """,desconocido,0,1,24.125,20.875,-3.25
qwen3-4b,72,desc,freq,fr,es,conocido,"Le contraire de ""conocido"" est """,desconocido,0,0,24.125,22.25,-1.875
qwen3-4b,72,val,desc,fr,es,conocido,"Le contraire de ""conocido"" est """,desconocido,0,0,24.125,20.625,-3.5
qwen3-4b,72,val,val,fr,es,conocido,"Le contraire de ""conocido"" est """,desconocido,0,0,24.125,20.0,-4.125
qwen3-4b,72,val,freq,fr,es,conocido,"Le contraire de ""conocido"" est """,desconocido,0,0,24.125,19.75,-4.375
qwen3-4b,72,freq,desc,fr,es,conocido,"Le contraire de ""conocido"" est """,desconocido,0,7,24.125,17.0,-7.125
qwen3-4b,72,freq,val,fr,es,conocido,"Le contraire de ""conocido"" est """,desconocido,0,10,24.125,16.0,-8.125
qwen3-4b,72,freq,freq,fr,es,conocido,"Le contraire de ""conocido"" est """,desconocido,0,7,24.125,17.0,-7.125
qwen3-4b,73,desc,desc,fr,es,masculino,"Le contraire de ""masculino"" est """,femenino,0,0,25.5,25.375,-0.125
qwen3-4b,73,desc,val,fr,es,masculino,"Le contraire de ""masculino"" est """,femenino,0,0,25.5,23.0,-2.5
qwen3-4b,73,desc,freq,fr,es,masculino,"Le contraire de ""masculino"" est """,femenino,0,0,25.5,25.625,0.125
qwen3-4b,73,val,desc,fr,es,masculino,"Le contraire de ""masculino"" est """,femenino,0,0,25.5,20.625,-4.875
qwen3-4b,73,val,val,fr,es,masculino,"Le contraire de ""masculino"" est """,femenino,0,1,25.5,20.0,-5.5
qwen3-4b,73,val,freq,fr,es,masculino,"Le contraire de ""masculino"" est """,femenino,0,0,25.5,20.625,-4.875
qwen3-4b,73,freq,desc,fr,es,masculino,"Le contraire de ""masculino"" est """,femenino,0,0,25.5,25.25,-0.25
qwen3-4b,73,freq,val,fr,es,masculino,"Le contraire de ""masculino"" est """,femenino,0,0,25.5,23.125,-2.375
qwen3-4b,73,freq,freq,fr,es,masculino,"Le contraire de ""masculino"" est """,femenino,0,0,25.5,25.25,-0.25
qwen3-4b,74,desc,desc,fr,es,normal,"Le contraire de ""normal"" est """,anormal,0,0,22.0,21.875,-0.125
qwen3-4b,74,desc,val,fr,es,normal,"Le contraire de ""normal"" est """,anormal,0,0,22.0,22.5,0.5
qwen3-4b,74,desc,freq,fr,es,normal,"Le contraire de ""normal"" est """,anormal,0,0,22.0,22.625,0.625
qwen3-4b,74,val,desc,fr,es,normal,"Le contraire de ""normal"" est """,anormal,0,0,22.0,20.25,-1.75
qwen3-4b,74,val,val,fr,es,normal,"Le contraire de ""normal"" est """,anormal,0,0,22.0,19.875,-2.125
qwen3-4b,74,val,freq,fr,es,normal,"Le contraire de ""normal"" est """,anormal,0,0,22.0,20.625,-1.375
qwen3-4b,74,freq,desc,fr,es,normal,"Le contraire de ""normal"" est """,anormal,0,0,22.0,21.75,-0.25
qwen3-4b,74,freq,val,fr,es,normal,"Le contraire de ""normal"" est """,anormal,0,0,22.0,22.125,0.125
qwen3-4b,74,freq,freq,fr,es,normal,"Le contraire de ""normal"" est """,anormal,0,0,22.0,21.75,-0.25
qwen3-4b,75,desc,desc,fr,es,posible,"Le contraire de ""posible"" est """,imposible,0,0,24.875,25.0,0.125
qwen3-4b,75,desc,val,fr,es,posible,"Le contraire de ""posible"" est """,imposible,0,0,24.875,24.875,0.0
qwen3-4b,75,desc,freq,fr,es,posible,"Le contraire de ""posible"" est """,imposible,0,0,24.875,25.625,0.75
qwen3-4b,75,val,desc,fr,es,posible,"Le contraire de ""posible"" est """,imposible,0,0,24.875,22.25,-2.625
qwen3-4b,75,val,val,fr,es,posible,"Le contraire de ""posible"" est """,imposible,0,0,24.875,22.5,-2.375
qwen3-4b,75,val,freq,fr,es,posible,"Le contraire de ""posible"" est """,imposible,0,0,24.875,23.5,-1.375
qwen3-4b,75,freq,desc,fr,es,posible,"Le contraire de ""posible"" est """,imposible,0,0,24.875,25.25,0.375
qwen3-4b,75,freq,val,fr,es,posible,"Le contraire de ""posible"" est """,imposible,0,0,24.875,24.875,0.0
qwen3-4b,75,freq,freq,fr,es,posible,"Le contraire de ""posible"" est """,imposible,0,0,24.875,25.25,0.375
qwen3-4b,76,desc,desc,fr,es,privado,"Le contraire de ""privado"" est """,público,2,3,14.9375,14.75,-0.1875
qwen3-4b,76,desc,val,fr,es,privado,"Le contraire de ""privado"" est """,público,2,3,14.9375,17.625,2.6875
qwen3-4b,76,desc,freq,fr,es,privado,"Le contraire de ""privado"" est """,público,2,2,14.9375,15.5625,0.625
qwen3-4b,76,val,desc,fr,es,privado,"Le contraire de ""privado"" est """,público,2,4,14.9375,14.625,-0.3125
qwen3-4b,76,val,val,fr,es,privado,"Le contraire de ""privado"" est """,público,2,4,14.9375,14.3125,-0.625
qwen3-4b,76,val,freq,fr,es,privado,"Le contraire de ""privado"" est """,público,2,3,14.9375,15.125,0.1875
qwen3-4b,76,freq,desc,fr,es,privado,"Le contraire de ""privado"" est """,público,2,4,14.9375,14.125,-0.8125
qwen3-4b,76,freq,val,fr,es,privado,"Le contraire de ""privado"" est """,público,2,4,14.9375,17.0,2.0625
qwen3-4b,76,freq,freq,fr,es,privado,"Le contraire de ""privado"" est """,público,2,4,14.9375,14.125,-0.8125
qwen3-4b,77,desc,desc,fr,es,correcto,"Le contraire de ""correcto"" est """,incorrecto,0,0,19.875,19.375,-0.5
qwen3-4b,77,desc,val,fr,es,correcto,"Le contraire de ""correcto"" est """,incorrecto,0,0,19.875,22.0,2.125
qwen3-4b,77,desc,freq,fr,es,correcto,"Le contraire de ""correcto"" est """,incorrecto,0,0,19.875,19.875,0.0
qwen3-4b,77,val,desc,fr,es,correcto,"Le contraire de ""correcto"" est """,incorrecto,0,0,19.875,19.75,-0.125
qwen3-4b,77,val,val,fr,es,correcto,"Le contraire de ""correcto"" est """,incorrecto,0,0,19.875,19.625,-0.25
qwen3-4b,77,val,freq,fr,es,correcto,"Le contraire de ""correcto"" est """,incorrecto,0,0,19.875,20.375,0.5
qwen3-4b,77,freq,desc,fr,es,correcto,"Le contraire de ""correcto"" est """,incorrecto,0,0,19.875,18.875,-1.0
qwen3-4b,77,freq,val,fr,es,correcto,"Le contraire de ""correcto"" est """,incorrecto,0,0,19.875,21.25,1.375
qwen3-4b,77,freq,freq,fr,es,correcto,"Le contraire de ""correcto"" est """,incorrecto,0,0,19.875,18.875,-1.0
qwen3-4b,78,desc,desc,fr,es,sencillo,"Le contraire de ""sencillo"" est """,complejo,1,1,23.875,24.0,0.125
qwen3-4b,78,desc,val,fr,es,sencillo,"Le contraire de ""sencillo"" est """,complejo,1,1,23.875,23.875,0.0
qwen3-4b,78,desc,freq,fr,es,sencillo,"Le contraire de ""sencillo"" est """,complejo,1,1,23.875,24.25,0.375
qwen3-4b,78,val,desc,fr,es,sencillo,"Le contraire de ""sencillo"" est """,complejo,1,0,23.875,21.125,-2.75
qwen3-4b,78,val,val,fr,es,sencillo,"Le contraire de ""sencillo"" est """,complejo,1,0,23.875,21.25,-2.625
qwen3-4b,78,val,freq,fr,es,sencillo,"Le contraire de ""sencillo"" est """,complejo,1,0,23.875,21.625,-2.25
qwen3-4b,78,freq,desc,fr,es,sencillo,"Le contraire de ""sencillo"" est """,complejo,1,0,23.875,24.125,0.25
qwen3-4b,78,freq,val,fr,es,sencillo,"Le contraire de ""sencillo"" est """,complejo,1,0,23.875,23.75,-0.125
qwen3-4b,78,freq,freq,fr,es,sencillo,"Le contraire de ""sencillo"" est """,complejo,1,0,23.875,24.125,0.25
qwen3-4b,79,desc,desc,fr,es,dulce,"Le contraire de ""dulce"" est """,amargo,1,1,21.75,21.75,0.0
qwen3-4b,79,desc,val,fr,es,dulce,"Le contraire de ""dulce"" est """,amargo,1,0,21.75,21.0,-0.75
qwen3-4b,79,desc,freq,fr,es,dulce,"Le contraire de ""dulce"" est """,amargo,1,0,21.75,23.875,2.125
qwen3-4b,79,val,desc,fr,es,dulce,"Le contraire de ""dulce"" est """,amargo,1,1,21.75,21.25,-0.5
qwen3-4b,79,val,val,fr,es,dulce,"Le contraire de ""dulce"" est """,amargo,1,1,21.75,19.875,-1.875
qwen3-4b,79,val,freq,fr,es,dulce,"Le contraire de ""dulce"" est """,amargo,1,0,21.75,22.375,0.625
qwen3-4b,79,freq,desc,fr,es,dulce,"Le contraire de ""dulce"" est """,amargo,1,1,21.75,21.375,-0.375
qwen3-4b,79,freq,val,fr,es,dulce,"Le contraire de ""dulce"" est """,amargo,1,1,21.75,20.5,-1.25
qwen3-4b,79,freq,freq,fr,es,dulce,"Le contraire de ""dulce"" est """,amargo,1,1,21.75,21.375,-0.375
qwen3-4b,80,desc,desc,fr,es,visible,"Le contraire de ""visible"" est """,invisible,0,0,25.5,25.5,0.0
qwen3-4b,80,desc,val,fr,es,visible,"Le contraire de ""visible"" est """,invisible,0,0,25.5,24.875,-0.625
qwen3-4b,80,desc,freq,fr,es,visible,"Le contraire de ""visible"" est """,invisible,0,0,25.5,26.25,0.75
qwen3-4b,80,val,desc,fr,es,visible,"Le contraire de ""visible"" est """,invisible,0,0,25.5,21.25,-4.25
qwen3-4b,80,val,val,fr,es,visible,"Le contraire de ""visible"" est """,invisible,0,0,25.5,21.0,-4.5
qwen3-4b,80,val,freq,fr,es,visible,"Le contraire de ""visible"" est """,invisible,0,0,25.5,21.75,-3.75
qwen3-4b,80,freq,desc,fr,es,visible,"Le contraire de ""visible"" est """,invisible,0,0,25.5,25.625,0.125
qwen3-4b,80,freq,val,fr,es,visible,"Le contraire de ""visible"" est """,invisible,0,0,25.5,24.375,-1.125
qwen3-4b,80,freq,freq,fr,es,visible,"Le contraire de ""visible"" est """,invisible,0,0,25.5,25.625,0.125
qwen3-4b,81,desc,desc,fr,es,cálido,"Le contraire de ""cálido"" est """,fresco,0,0,25.25,24.875,-0.375
qwen3-4b,81,desc,val,fr,es,cálido,"Le contraire de ""cálido"" est """,fresco,0,0,25.25,23.25,-2.0
qwen3-4b,81,desc,freq,fr,es,cálido,"Le contraire de ""cálido"" est """,fresco,0,0,25.25,25.125,-0.125
qwen3-4b,81,val,desc,fr,es,cálido,"Le contraire de ""cálido"" est """,fresco,0,0,25.25,23.625,-1.625
qwen3-4b,81,val,val,fr,es,cálido,"Le contraire de ""cálido"" est """,fresco,0,0,25.25,23.375,-1.875
qwen3-4b,81,val,freq,fr,es,cálido,"Le contraire de ""cálido"" est """,fresco,0,0,25.25,22.625,-2.625
qwen3-4b,81,freq,desc,fr,es,cálido,"Le contraire de ""cálido"" est """,fresco,0,0,25.25,24.875,-0.375
qwen3-4b,81,freq,val,fr,es,cálido,"Le contraire de ""cálido"" est """,fresco,0,0,25.25,23.125,-2.125
qwen3-4b,81,freq,freq,fr,es,cálido,"Le contraire de ""cálido"" est """,fresco,0,0,25.25,24.875,-0.375
qwen3-4b,82,desc,desc,fr,es,liso,"Le contraire de ""liso"" est """,áspero,25,31,13.5625,13.25,-0.3125
qwen3-4b,82,desc,val,fr,es,liso,"Le contraire de ""liso"" est """,áspero,25,11,13.5625,16.125,2.5625
qwen3-4b,82,desc,freq,fr,es,liso,"Le contraire de ""liso"" est """,áspero,25,6,13.5625,15.625,2.0625
qwen3-4b,82,val,desc,fr,es,liso,"Le contraire de ""liso"" est """,áspero,25,0,13.5625,18.25,4.6875
qwen3-4b,82,val,val,fr,es,liso,"Le contraire de ""liso"" est """,áspero,25,15,13.5625,14.1875,0.625
qwen3-4b,82,val,freq,fr,es,liso,"Le contraire de ""liso"" est """,áspero,25,0,13.5625,19.625,6.0625
qwen3-4b,82,freq,desc,fr,es,liso,"Le contraire de ""liso"" est """,áspero,25,47,13.5625,12.875,-0.6875
qwen3-4b,82,freq,val,fr,es,liso,"Le contraire de ""liso"" est """,áspero,25,43,13.5625,14.5,0.9375
qwen3-4b,82,freq,freq,fr,es,liso,"Le contraire de ""liso"" est """,áspero,25,47,13.5625,12.875,-0.6875
qwen3-4b,83,desc,desc,fr,es,delgado,"Le contraire de ""delgado"" est """,grueso,1,1,19.875,17.875,-2.0
qwen3-4b,83,desc,val,fr,es,delgado,"Le contraire de ""delgado"" est """,grueso,1,1,19.875,19.5,-0.375
qwen3-4b,83,desc,freq,fr,es,delgado,"Le contraire de ""delgado"" est """,grueso,1,1,19.875,18.75,-1.125
qwen3-4b,83,val,desc,fr,es,delgado,"Le contraire de ""delgado"" est """,grueso,1,1,19.875,16.125,-3.75
qwen3-4b,83,val,val,fr,es,delgado,"Le contraire de ""delgado"" est """,grueso,1,3,19.875,15.0625,-4.8125
qwen3-4b,83,val,freq,fr,es,delgado,"Le contraire de ""delgado"" est """,grueso,1,4,19.875,15.9375,-3.9375
qwen3-4b,83,freq,desc,fr,es,delgado,"Le contraire de ""delgado"" est """,grueso,1,3,19.875,16.125,-3.75
qwen3-4b,83,freq,val,fr,es,delgado,"Le contraire de ""delgado"" est """,grueso,1,3,19.875,17.125,-2.75
qwen3-4b,83,freq,freq,fr,es,delgado,"Le contraire de ""delgado"" est """,grueso,1,3,19.875,16.125,-3.75
qwen3-4b,84,desc,desc,fr,es,alto,"Le contraire de ""alto"" est """,bajo,0,0,26.25,25.875,-0.375
qwen3-4b,84,desc,val,fr,es,alto,"Le contraire de ""alto"" est """,bajo,0,0,26.25,25.75,-0.5
qwen3-4b,84,desc,freq,fr,es,alto,"Le contraire de ""alto"" est """,bajo,0,0,26.25,25.875,-0.375
qwen3-4b,84,val,desc,fr,es,alto,"Le contraire de ""alto"" est """,bajo,0,0,26.25,24.625,-1.625
qwen3-4b,84,val,val,fr,es,alto,"Le contraire de ""alto"" est """,bajo,0,0,26.25,24.625,-1.625
qwen3-4b,84,val,freq,fr,es,alto,"Le contraire de ""alto"" est """,bajo,0,0,26.25,24.5,-1.75
qwen3-4b,84,freq,desc,fr,es,alto,"Le contraire de ""alto"" est """,bajo,0,0,26.25,25.125,-1.125
qwen3-4b,84,freq,val,fr,es,alto,"Le contraire de ""alto"" est """,bajo,0,0,26.25,25.125,-1.125
qwen3-4b,84,freq,freq,fr,es,alto,"Le contraire de ""alto"" est """,bajo,0,0,26.25,25.125,-1.125
qwen3-4b,85,desc,desc,fr,es,casado,"Le contraire de ""casado"" est """,soltero,0,0,25.0,23.375,-1.625
qwen3-4b,85,desc,val,fr,es,casado,"Le contraire de ""casado"" est """,soltero,0,0,25.0,22.875,-2.125
qwen3-4b,85,desc,freq,fr,es,casado,"Le contraire de ""casado"" est """,soltero,0,0,25.0,25.0,0.0
qwen3-4b,85,val,desc,fr,es,casado,"Le contraire de ""casado"" est """,soltero,0,0,25.0,24.125,-0.875
qwen3-4b,85,val,val,fr,es,casado,"Le contraire de ""casado"" est """,soltero,0,0,25.0,22.5,-2.5
qwen3-4b,85,val,freq,fr,es,casado,"Le contraire de ""casado"" est """,soltero,0,0,25.0,23.25,-1.75
qwen3-4b,85,freq,desc,fr,es,casado,"Le contraire de ""casado"" est """,soltero,0,3,25.0,18.625,-6.375
qwen3-4b,85,freq,val,fr,es,casado,"Le contraire de ""casado"" est """,soltero,0,2,25.0,19.75,-5.25
qwen3-4b,85,freq,freq,fr,es,casado,"Le contraire de ""casado"" est """,soltero,0,3,25.0,18.625,-6.375
qwen3-4b,86,desc,desc,fr,es,optimista,"Le contraire de ""optimista"" est """,pesimista,4,4,17.75,17.75,0.0
qwen3-4b,86,desc,val,fr,es,optimista,"Le contraire de ""optimista"" est """,pesimista,4,4,17.75,17.625,-0.125
qwen3-4b,86,desc,freq,fr,es,optimista,"Le contraire de ""optimista"" est """,pesimista,4,1,17.75,20.75,3.0
qwen3-4b,86,val,desc,fr,es,optimista,"Le contraire de ""optimista"" est """,pesimista,4,1,17.75,17.625,-0.125
qwen3-4b,86,val,val,fr,es,optimista,"Le contraire de ""optimista"" est """,pesimista,4,2,17.75,16.625,-1.125
qwen3-4b,86,val,freq,fr,es,optimista,"Le contraire de ""optimista"" est """,pesimista,4,1,17.75,19.75,2.0
qwen3-4b,86,freq,desc,fr,es,optimista,"Le contraire de ""optimista"" est """,pesimista,4,5,17.75,17.75,0.0
qwen3-4b,86,freq,val,fr,es,optimista,"Le contraire de ""optimista"" est """,pesimista,4,7,17.75,16.75,-1.0
qwen3-4b,86,freq,freq,fr,es,optimista,"Le contraire de ""optimista"" est """,pesimista,4,5,17.75,17.75,0.0
qwen3-4b,87,desc,desc,fr,es,permanente,"Le contraire de ""permanente"" est """,temporal,0,0,19.0,19.0,0.0
qwen3-4b,87,desc,val,fr,es,permanente,"Le contraire de ""permanente"" est """,temporal,0,0,19.0,20.25,1.25
qwen3-4b,87,desc,freq,fr,es,permanente,"Le contraire de ""permanente"" est """,temporal,0,0,19.0,19.5,0.5
qwen3-4b,87,val,desc,fr,es,permanente,"Le contraire de ""permanente"" est """,temporal,0,1,19.0,16.125,-2.875
qwen3-4b,87,val,val,fr,es,permanente,"Le contraire de ""permanente"" est """,temporal,0,1,19.0,16.125,-2.875
qwen3-4b,87,val,freq,fr,es,permanente,"Le contraire de ""permanente"" est """,temporal,0,1,19.0,16.875,-2.125
qwen3-4b,87,freq,desc,fr,es,permanente,"Le contraire de ""permanente"" est """,temporal,0,0,19.0,18.75,-0.25
qwen3-4b,87,freq,val,fr,es,permanente,"Le contraire de ""permanente"" est """,temporal,0,0,19.0,19.625,0.625
qwen3-4b,87,freq,freq,fr,es,permanente,"Le contraire de ""permanente"" est """,temporal,0,0,19.0,18.75,-0.25
qwen3-4b,88,desc,desc,fr,es,presente,"Le contraire de ""presente"" est """,pasado,2,5,16.375,15.3125,-1.0625
qwen3-4b,88,desc,val,fr,es,presente,"Le contraire de ""presente"" est """,pasado,2,2,16.375,18.125,1.75
qwen3-4b,88,desc,freq,fr,es,presente,"Le contraire de ""presente"" est """,pasado,2,2,16.375,17.25,0.875
qwen3-4b,88,val,desc,fr,es,presente,"Le contraire de ""presente"" est """,pasado,2,2,16.375,17.25,0.875
qwen3-4b,88,val,val,fr,es,presente,"Le contraire de ""presente"" est """,pasado,2,2,16.375,15.75,-0.625
qwen3-4b,88,val,freq,fr,es,presente,"Le contraire de ""presente"" est """,pasado,2,1,16.375,18.875,2.5
qwen3-4b,88,freq,desc,fr,es,presente,"Le contraire de ""presente"" est """,pasado,2,5,16.375,14.4375,-1.9375
qwen3-4b,88,freq,val,fr,es,presente,"Le contraire de ""presente"" est """,pasado,2,5,16.375,16.625,0.25
qwen3-4b,88,freq,freq,fr,es,presente,"Le contraire de ""presente"" est """,pasado,2,5,16.375,14.4375,-1.9375
qwen3-4b,89,desc,desc,fr,es,público,"Le contraire de ""público"" est """,privado,0,0,18.5,18.125,-0.375
qwen3-4b,89,desc,val,fr,es,público,"Le contraire de ""público"" est """,privado,0,0,18.5,20.75,2.25
qwen3-4b,89,desc,freq,fr,es,público,"Le contraire de ""público"" est """,privado,0,0,18.5,21.875,3.375
qwen3-4b,89,val,desc,fr,es,público,"Le contraire de ""público"" est """,privado,0,1,18.5,15.4375,-3.0625
qwen3-4b,89,val,val,fr,es,público,"Le contraire de ""público"" est """,privado,0,1,18.5,14.8125,-3.6875
qwen3-4b,89,val,freq,fr,es,público,"Le contraire de ""público"" est """,privado,0,0,18.5,19.75,1.25
qwen3-4b,89,freq,desc,fr,es,público,"Le contraire de ""público"" est """,privado,0,0,18.5,17.75,-0.75
qwen3-4b,89,freq,val,fr,es,público,"Le contraire de ""público"" est """,privado,0,0,18.5,19.5,1.0
qwen3-4b,89,freq,freq,fr,es,público,"Le contraire de ""público"" est """,privado,0,0,18.5,17.75,-0.75
qwen3-4b,90,desc,desc,fr,es,real,"Le contraire de ""real"" est """,falso,1,2,18.125,18.125,0.0
qwen3-4b,90,desc,val,fr,es,real,"Le contraire de ""real"" est """,falso,1,0,18.125,20.125,2.0
qwen3-4b,90,desc,freq,fr,es,real,"Le contraire de ""real"" est """,falso,1,0,18.125,19.375,1.25
qwen3-4b,90,val,desc,fr,es,real,"Le contraire de ""real"" est """,falso,1,0,18.125,18.125,0.0
qwen3-4b,90,val,val,fr,es,real,"Le contraire de ""real"" est """,falso,1,1,18.125,16.5,-1.625
qwen3-4b,90,val,freq,fr,es,real,"Le contraire de ""real"" est """,falso,1,0,18.125,20.0,1.875
qwen3-4b,90,freq,desc,fr,es,real,"Le contraire de ""real"" est """,falso,1,1,18.125,18.125,0.0
qwen3-4b,90,freq,val,fr,es,real,"Le contraire de ""real"" est """,falso,1,0,18.125,19.625,1.5
qwen3-4b,90,freq,freq,fr,es,real,"Le contraire de ""real"" est """,falso,1,1,18.125,18.125,0.0
qwen3-4b,91,desc,desc,fr,es,responsable,"Le contraire de ""responsable"" est """,irresponsable,17,17,14.375,14.3125,-0.0625
qwen3-4b,91,desc,val,fr,es,responsable,"Le contraire de ""responsable"" est """,irresponsable,17,21,14.375,14.5,0.125
qwen3-4b,91,desc,freq,fr,es,responsable,"Le contraire de ""responsable"" est """,irresponsable,17,9,14.375,15.8125,1.4375
qwen3-4b,91,val,desc,fr,es,responsable,"Le contraire de ""responsable"" est """,irresponsable,17,46,14.375,10.4375,-3.9375
qwen3-4b,91,val,val,fr,es,responsable,"Le contraire de ""responsable"" est """,irresponsable,17,51,14.375,10.125,-4.25
qwen3-4b,91,val,freq,fr,es,responsable,"Le contraire de ""responsable"" est """,irresponsable,17,13,14.375,12.6875,-1.6875
qwen3-4b,91,freq,desc,fr,es,responsable,"Le contraire de ""responsable"" est """,irresponsable,17,16,14.375,14.5,0.125
qwen3-4b,91,freq,val,fr,es,responsable,"Le contraire de ""responsable"" est """,irresponsable,17,20,14.375,14.8125,0.4375
qwen3-4b,91,freq,freq,fr,es,responsable,"Le contraire de ""responsable"" est """,irresponsable,17,16,14.375,14.5,0.125
qwen3-4b,92,desc,desc,fr,es,soltero,"Le contraire de ""soltero"" est """,casado,1,6,19.125,15.0625,-4.0625
qwen3-4b,92,desc,val,fr,es,soltero,"Le contraire de ""soltero"" est """,casado,1,2,19.125,17.25,-1.875
qwen3-4b,92,desc,freq,fr,es,soltero,"Le contraire de ""soltero"" est """,casado,1,1,19.125,18.125,-1.0
qwen3-4b,92,val,desc,fr,es,soltero,"Le contraire de ""soltero"" est """,casado,1,1,19.125,18.0,-1.125
qwen3-4b,92,val,val,fr,es,soltero,"Le contraire de ""soltero"" est """,casado,1,1,19.125,16.625,-2.5
qwen3-4b,92,val,freq,fr,es,soltero,"Le contraire de ""soltero"" est """,casado,1,1,19.125,17.5,-1.625
qwen3-4b,92,freq,desc,fr,es,soltero,"Le contraire de ""soltero"" est """,casado,1,29,19.125,11.625,-7.5
qwen3-4b,92,freq,val,fr,es,soltero,"Le contraire de ""soltero"" est """,casado,1,26,19.125,13.6875,-5.4375
qwen3-4b,92,freq,freq,fr,es,soltero,"Le contraire de ""soltero"" est """,casado,1,29,19.125,11.625,-7.5
qwen3-4b,93,desc,desc,fr,es,agrio,"Le contraire de ""agrio"" est """,dulce,0,0,18.5,18.25,-0.25
qwen3-4b,93,desc,val,fr,es,agrio,"Le contraire de ""agrio"" est """,dulce,0,0,18.5,20.375,1.875
qwen3-4b,93,desc,freq,fr,es,agrio,"Le contraire de ""agrio"" est """,dulce,0,0,18.5,18.625,0.125
qwen3-4b,93,val,desc,fr,es,agrio,"Le contraire de ""agrio"" est """,dulce,0,0,18.5,19.25,0.75
qwen3-4b,93,val,val,fr,es,agrio,"Le contraire de ""agrio"" est """,dulce,0,0,18.5,19.25,0.75
qwen3-4b,93,val,freq,fr,es,agrio,"Le contraire de ""agrio"" est """,dulce,0,0,18.5,18.375,-0.125
qwen3-4b,93,freq,desc,fr,es,agrio,"Le contraire de ""agrio"" est """,dulce,0,0,18.5,18.0,-0.5
qwen3-4b,93,freq,val,fr,es,agrio,"Le contraire de ""agrio"" est """,dulce,0,0,18.5,19.375,0.875
qwen3-4b,93,freq,freq,fr,es,agrio,"Le contraire de ""agrio"" est """,dulce,0,0,18.5,18.0,-0.5
qwen3-4b,94,desc,desc,fr,es,útil,"Le contraire de ""útil"" est """,inútil,0,0,21.375,21.625,0.25
qwen3-4b,94,desc,val,fr,es,útil,"Le contraire de ""útil"" est """,inútil,0,0,21.375,21.5,0.125
qwen3-4b,94,desc,freq,fr,es,útil,"Le contraire de ""útil"" est """,inútil,0,0,21.375,21.625,0.25
qwen3-4b,94,val,desc,fr,es,útil,"Le contraire de ""útil"" est """,inútil,0,0,21.375,18.375,-3.0
qwen3-4b,94,val,val,fr,es,útil,"Le contraire de ""útil"" est """,inútil,0,0,21.375,18.625,-2.75
qwen3-4b,94,val,freq,fr,es,útil,"Le contraire de ""útil"" est """,inútil,0,0,21.375,19.125,-2.25
qwen3-4b,94,freq,desc,fr,es,útil,"Le contraire de ""útil"" est """,inútil,0,0,21.375,22.125,0.75
qwen3-4b,94,freq,val,fr,es,útil,"Le contraire de ""útil"" est """,inútil,0,0,21.375,22.375,1.0
qwen3-4b,94,freq,freq,fr,es,útil,"Le contraire de ""útil"" est """,inútil,0,0,21.375,22.125,0.75
qwen3-4b,95,desc,desc,fr,es,vertical,"Le contraire de ""vertical"" est """,horizontal,0,0,24.75,24.875,0.125
qwen3-4b,95,desc,val,fr,es,vertical,"Le contraire de ""vertical"" est """,horizontal,0,0,24.75,23.5,-1.25
qwen3-4b,95,desc,freq,fr,es,vertical,"Le contraire de ""vertical"" est """,horizontal,0,0,24.75,24.125,-0.625
qwen3-4b,95,val,desc,fr,es,vertical,"Le contraire de ""vertical"" est """,horizontal,0,0,24.75,20.5,-4.25
qwen3-4b,95,val,val,fr,es,vertical,"Le contraire de ""vertical"" est """,horizontal,0,0,24.75,21.0,-3.75
qwen3-4b,95,val,freq,fr,es,vertical,"Le contraire de ""vertical"" est """,horizontal,0,0,24.75,20.375,-4.375
qwen3-4b,95,freq,desc,fr,es,vertical,"Le contraire de ""vertical"" est """,horizontal,0,0,24.75,24.75,0.0
qwen3-4b,95,freq,val,fr,es,vertical,"Le contraire de ""vertical"" est """,horizontal,0,0,24.75,23.875,-0.875
qwen3-4b,95,freq,freq,fr,es,vertical,"Le contraire de ""vertical"" est """,horizontal,0,0,24.75,24.75,0.0
qwen3-4b,96,desc,desc,fr,es,bien,"Le contraire de ""bien"" est """,mal,1,1,25.25,25.25,0.0
qwen3-4b,96,desc,val,fr,es,bien,"Le contraire de ""bien"" est """,mal,1,0,25.25,26.125,0.875
qwen3-4b,96,desc,freq,fr,es,bien,"Le contraire de ""bien"" est """,mal,1,0,25.25,25.75,0.5
qwen3-4b,96,val,desc,fr,es,bien,"Le contraire de ""bien"" est """,mal,1,0,25.25,24.25,-1.0
qwen3-4b,96,val,val,fr,es,bien,"Le contraire de ""bien"" est """,mal,1,0,25.25,24.0,-1.25
qwen3-4b,96,val,freq,fr,es,bien,"Le contraire de ""bien"" est """,mal,1,0,25.25,25.5,0.25
qwen3-4b,96,freq,desc,fr,es,bien,"Le contraire de ""bien"" est """,mal,1,1,25.25,25.125,-0.125
qwen3-4b,96,freq,val,fr,es,bien,"Le contraire de ""bien"" est """,mal,1,1,25.25,25.5,0.25
qwen3-4b,96,freq,freq,fr,es,bien,"Le contraire de ""bien"" est """,mal,1,1,25.25,25.125,-0.125
qwen3-4b,97,desc,desc,fr,es,ganador,"Le contraire de ""ganador"" est """,perdedor,0,0,25.75,24.625,-1.125
qwen3-4b,97,desc,val,fr,es,ganador,"Le contraire de ""ganador"" est """,perdedor,0,0,25.75,23.75,-2.0
qwen3-4b,97,desc,freq,fr,es,ganador,"Le contraire de ""ganador"" est """,perdedor,0,0,25.75,25.25,-0.5
qwen3-4b,97,val,desc,fr,es,ganador,"Le contraire de ""ganador"" est """,perdedor,0,0,25.75,23.75,-2.0
qwen3-4b,97,val,val,fr,es,ganador,"Le contraire de ""ganador"" est """,perdedor,0,0,25.75,23.375,-2.375
qwen3-4b,97,val,freq,fr,es,ganador,"Le contraire de ""ganador"" est """,perdedor,0,0,25.75,23.375,-2.375
qwen3-4b,97,freq,desc,fr,es,ganador,"Le contraire de ""ganador"" est """,perdedor,0,0,25.75,23.75,-2.0
qwen3-4b,97,freq,val,fr,es,ganador,"Le contraire de ""ganador"" est """,perdedor,0,0,25.75,22.5,-3.25
qwen3-4b,97,freq,freq,fr,es,ganador,"Le contraire de ""ganador"" est """,perdedor,0,0,25.75,23.75,-2.0
qwen3-4b,98,desc,desc,fr,es,desagradable,"Le contraire de ""desagradable"" est """,amable,25,26,12.8125,12.6875,-0.125
qwen3-4b,98,desc,val,fr,es,desagradable,"Le contraire de ""desagradable"" est """,amable,25,21,12.8125,13.8125,1.0
qwen3-4b,98,desc,freq,fr,es,desagradable,"Le contraire de ""desagradable"" est """,amable,25,17,12.8125,15.25,2.4375
qwen3-4b,98,val,desc,fr,es,desagradable,"Le contraire de ""desagradable"" est """,amable,25,23,12.8125,10.6875,-2.125
qwen3-4b,98,val,val,fr,es,desagradable,"Le contraire de ""desagradable"" est """,amable,25,27,12.8125,9.9375,-2.875
qwen3-4b,98,val,freq,fr,es,desagradable,"Le contraire de ""desagradable"" est """,amable,25,9,12.8125,13.125,0.3125
qwen3-4b,98,freq,desc,fr,es,desagradable,"Le contraire de ""desagradable"" est """,amable,25,29,12.8125,12.1875,-0.625
qwen3-4b,98,freq,val,fr,es,desagradable,"Le contraire de ""desagradable"" est """,amable,25,28,12.8125,13.0625,0.25
qwen3-4b,98,freq,freq,fr,es,desagradable,"Le contraire de ""desagradable"" est """,amable,25,29,12.8125,12.1875,-0.625
qwen3-4b,99,desc,desc,fr,es,cobarde,"Le contraire de ""cobarde"" est """,valiente,10,10,15.0625,14.8125,-0.25
qwen3-4b,99,desc,val,fr,es,cobarde,"Le contraire de ""cobarde"" est """,valiente,10,8,15.0625,16.375,1.3125
qwen3-4b,99,desc,freq,fr,es,cobarde,"Le contraire de ""cobarde"" est """,valiente,10,2,15.0625,19.0,3.9375
qwen3-4b,99,val,desc,fr,es,cobarde,"Le contraire de ""cobarde"" est """,valiente,10,3,15.0625,17.75,2.6875
qwen3-4b,99,val,val,fr,es,cobarde,"Le contraire de ""cobarde"" est """,valiente,10,7,15.0625,14.5,-0.5625
qwen3-4b,99,val,freq,fr,es,cobarde,"Le contraire de ""cobarde"" est """,valiente,10,2,15.0625,18.5,3.4375
qwen3-4b,99,freq,desc,fr,es,cobarde,"Le contraire de ""cobarde"" est """,valiente,10,11,15.0625,14.625,-0.4375
qwen3-4b,99,freq,val,fr,es,cobarde,"Le contraire de ""cobarde"" est """,valiente,10,10,15.0625,15.75,0.6875
qwen3-4b,99,freq,freq,fr,es,cobarde,"Le contraire de ""cobarde"" est """,valiente,10,11,15.0625,14.625,-0.4375
qwen3-4b,0,desc,desc,fr,fr,bon,"Le contraire de ""bon"" est """,mauvais,0,0,26.125,25.625,-0.5
qwen3-4b,0,desc,val,fr,fr,bon,"Le contraire de ""bon"" est """,mauvais,0,0,26.125,23.0,-3.125
qwen3-4b,0,desc,freq,fr,fr,bon,"Le contraire de ""bon"" est """,mauvais,0,0,26.125,23.75,-2.375
qwen3-4b,0,val,desc,fr,fr,bon,"Le contraire de ""bon"" est """,mauvais,0,0,26.125,24.5,-1.625
qwen3-4b,0,val,val,fr,fr,bon,"Le contraire de ""bon"" est """,mauvais,0,0,26.125,24.5,-1.625
qwen3-4b,0,val,freq,fr,fr,bon,"Le contraire de ""bon"" est """,mauvais,0,0,26.125,22.375,-3.75
qwen3-4b,0,freq,desc,fr,fr,bon,"Le contraire de ""bon"" est """,mauvais,0,0,26.125,24.25,-1.875
qwen3-4b,0,freq,val,fr,fr,bon,"Le contraire de ""bon"" est """,mauvais,0,0,26.125,21.5,-4.625
qwen3-4b,0,freq,freq,fr,fr,bon,"Le contraire de ""bon"" est """,mauvais,0,0,26.125,24.375,-1.75
qwen3-4b,1,desc,desc,fr,fr,heureux,"Le contraire de ""heureux"" est """,malheureux,0,0,24.5,24.25,-0.25
qwen3-4b,1,desc,val,fr,fr,heureux,"Le contraire de ""heureux"" est """,malheureux,0,0,24.5,21.375,-3.125
qwen3-4b,1,desc,freq,fr,fr,heureux,"Le contraire de ""heureux"" est """,malheureux,0,0,24.5,23.0,-1.5
qwen3-4b,1,val,desc,fr,fr,heureux,"Le contraire de ""heureux"" est """,malheureux,0,0,24.5,22.625,-1.875
qwen3-4b,1,val,val,fr,fr,heureux,"Le contraire de ""heureux"" est """,malheureux,0,0,24.5,22.5,-2.0
qwen3-4b,1,val,freq,fr,fr,heureux,"Le contraire de ""heureux"" est """,malheureux,0,0,24.5,21.0,-3.5
qwen3-4b,1,freq,desc,fr,fr,heureux,"Le contraire de ""heureux"" est """,malheureux,0,0,24.5,22.75,-1.75
qwen3-4b,1,freq,val,fr,fr,heureux,"Le contraire de ""heureux"" est """,malheureux,0,1,24.5,19.125,-5.375
qwen3-4b,1,freq,freq,fr,fr,heureux,"Le contraire de ""heureux"" est """,malheureux,0,0,24.5,22.625,-1.875
qwen3-4b,2,desc,desc,fr,fr,grand,"Le contraire de ""grand"" est """,petit,0,0,24.5,26.5,2.0
qwen3-4b,2,desc,val,fr,fr,grand,"Le contraire de ""grand"" est """,petit,0,0,24.5,24.125,-0.375
qwen3-4b,2,desc,freq,fr,fr,grand,"Le contraire de ""grand"" est """,petit,0,0,24.5,24.875,0.375
qwen3-4b,2,val,desc,fr,fr,grand,"Le contraire de ""grand"" est """,petit,0,0,24.5,23.125,-1.375
qwen3-4b,2,val,val,fr,fr,grand,"Le contraire de ""grand"" est """,petit,0,0,24.5,23.0,-1.5
qwen3-4b,2,val,freq,fr,fr,grand,"Le contraire de ""grand"" est """,petit,0,0,24.5,22.125,-2.375
qwen3-4b,2,freq,desc,fr,fr,grand,"Le contraire de ""grand"" est """,petit,0,0,24.5,25.0,0.5
qwen3-4b,2,freq,val,fr,fr,grand,"Le contraire de ""grand"" est """,petit,0,0,24.5,22.75,-1.75
qwen3-4b,2,freq,freq,fr,fr,grand,"Le contraire de ""grand"" est """,petit,0,0,24.5,24.75,0.25
qwen3-4b,3,desc,desc,fr,fr,chaud,"Le contraire de ""chaud"" est """,froid,0,0,25.125,25.875,0.75
qwen3-4b,3,desc,val,fr,fr,chaud,"Le contraire de ""chaud"" est """,froid,0,0,25.125,23.5,-1.625
qwen3-4b,3,desc,freq,fr,fr,chaud,"Le contraire de ""chaud"" est """,froid,0,0,25.125,25.0,-0.125
qwen3-4b,3,val,desc,fr,fr,chaud,"Le contraire de ""chaud"" est """,froid,0,0,25.125,24.625,-0.5
qwen3-4b,3,val,val,fr,fr,chaud,"Le contraire de ""chaud"" est """,froid,0,0,25.125,24.375,-0.75
qwen3-4b,3,val,freq,fr,fr,chaud,"Le contraire de ""chaud"" est """,froid,0,0,25.125,24.25,-0.875
qwen3-4b,3,freq,desc,fr,fr,chaud,"Le contraire de ""chaud"" est """,froid,0,0,25.125,26.0,0.875
qwen3-4b,3,freq,val,fr,fr,chaud,"Le contraire de ""chaud"" est """,froid,0,0,25.125,22.625,-2.5
qwen3-4b,3,freq,freq,fr,fr,chaud,"Le contraire de ""chaud"" est """,froid,0,0,25.125,25.75,0.625
qwen3-4b,4,desc,desc,fr,fr,rapide,"Le contraire de ""rapide"" est """,lent,0,0,24.875,25.375,0.5
qwen3-4b,4,desc,val,fr,fr,rapide,"Le contraire de ""rapide"" est """,lent,0,0,24.875,23.25,-1.625
qwen3-4b,4,desc,freq,fr,fr,rapide,"Le contraire de ""rapide"" est """,lent,0,0,24.875,23.875,-1.0
qwen3-4b,4,val,desc,fr,fr,rapide,"Le contraire de ""rapide"" est """,lent,0,0,24.875,21.375,-3.5
qwen3-4b,4,val,val,fr,fr,rapide,"Le contraire de ""rapide"" est """,lent,0,0,24.875,21.375,-3.5
qwen3-4b,4,val,freq,fr,fr,rapide,"Le contraire de ""rapide"" est """,lent,0,0,24.875,19.75,-5.125
qwen3-4b,4,freq,desc,fr,fr,rapide,"Le contraire de ""rapide"" est """,lent,0,0,24.875,25.125,0.25
qwen3-4b,4,freq,val,fr,fr,rapide,"Le contraire de ""rapide"" est """,lent,0,0,24.875,23.0,-1.875
qwen3-4b,4,freq,freq,fr,fr,rapide,"Le contraire de ""rapide"" est """,lent,0,0,24.875,25.125,0.25
qwen3-4b,5,desc,desc,fr,fr,léger,"Le contraire de ""léger"" est """,lourd,0,1,22.625,21.5,-1.125
qwen3-4b,5,desc,val,fr,fr,léger,"Le contraire de ""léger"" est """,lourd,0,1,22.625,20.125,-2.5
qwen3-4b,5,desc,freq,fr,fr,léger,"Le contraire de ""léger"" est """,lourd,0,0,22.625,20.25,-2.375
qwen3-4b,5,val,desc,fr,fr,léger,"Le contraire de ""léger"" est """,lourd,0,0,22.625,19.0,-3.625
qwen3-4b,5,val,val,fr,fr,léger,"Le contraire de ""léger"" est """,lourd,0,0,22.625,19.0,-3.625
qwen3-4b,5,val,freq,fr,fr,léger,"Le contraire de ""léger"" est """,lourd,0,0,22.625,18.625,-4.0
qwen3-4b,5,freq,desc,fr,fr,léger,"Le contraire de ""léger"" est """,lourd,0,1,22.625,19.75,-2.875
qwen3-4b,5,freq,val,fr,fr,léger,"Le contraire de ""léger"" est """,lourd,0,1,22.625,18.5,-4.125
qwen3-4b,5,freq,freq,fr,fr,léger,"Le contraire de ""léger"" est """,lourd,0,1,22.625,19.75,-2.875
qwen3-4b,6,desc,desc,fr,fr,facile,"Le contraire de ""facile"" est """,difficile,0,0,24.875,25.625,0.75
qwen3-4b,6,desc,val,fr,fr,facile,"Le contraire de ""facile"" est """,difficile,0,0,24.875,23.875,-1.0
qwen3-4b,6,desc,freq,fr,fr,facile,"Le contraire de ""facile"" est """,difficile,0,0,24.875,24.375,-0.5
qwen3-4b,6,val,desc,fr,fr,facile,"Le contraire de ""facile"" est """,difficile,0,0,24.875,22.5,-2.375
qwen3-4b,6,val,val,fr,fr,facile,"Le contraire de ""facile"" est """,difficile,0,0,24.875,22.5,-2.375
qwen3-4b,6,val,freq,fr,fr,facile,"Le contraire de ""facile"" est """,difficile,0,0,24.875,21.375,-3.5
qwen3-4b,6,freq,desc,fr,fr,facile,"Le contraire de ""facile"" est """,difficile,0,0,24.875,25.375,0.5
qwen3-4b,6,freq,val,fr,fr,facile,"Le contraire de ""facile"" est """,difficile,0,0,24.875,23.5,-1.375
qwen3-4b,6,freq,freq,fr,fr,facile,"Le contraire de ""facile"" est """,difficile,0,0,24.875,25.25,0.375
qwen3-4b,7,desc,desc,fr,fr,nouveau,"Le contraire de ""nouveau"" est """,ancien,0,0,22.625,23.125,0.5
qwen3-4b,7,desc,val,fr,fr,nouveau,"Le contraire de ""nouveau"" est """,ancien,0,0,22.625,23.5,0.875
qwen3-4b,7,desc,freq,fr,fr,nouveau,"Le contraire de ""nouveau"" est """,ancien,0,0,22.625,22.125,-0.5
qwen3-4b,7,val,desc,fr,fr,nouveau,"Le contraire de ""nouveau"" est """,ancien,0,0,22.625,21.125,-1.5
qwen3-4b,7,val,val,fr,fr,nouveau,"Le contraire de ""nouveau"" est """,ancien,0,0,22.625,20.75,-1.875
qwen3-4b,7,val,freq,fr,fr,nouveau,"Le contraire de ""nouveau"" est """,ancien,0,0,22.625,20.0,-2.625
qwen3-4b,7,freq,desc,fr,fr,nouveau,"Le contraire de ""nouveau"" est """,ancien,0,0,22.625,21.375,-1.25
qwen3-4b,7,freq,val,fr,fr,nouveau,"Le contraire de ""nouveau"" est """,ancien,0,0,22.625,21.875,-0.75
qwen3-4b,7,freq,freq,fr,fr,nouveau,"Le contraire de ""nouveau"" est """,ancien,0,0,22.625,21.125,-1.5
qwen3-4b,8,desc,desc,fr,fr,vrai,"Le contraire de ""vrai"" est """,faux,0,0,24.5,24.25,-0.25
qwen3-4b,8,desc,val,fr,fr,vrai,"Le contraire de ""vrai"" est """,faux,0,1,24.5,21.625,-2.875
qwen3-4b,8,desc,freq,fr,fr,vrai,"Le contraire de ""vrai"" est """,faux,0,0,24.5,23.625,-0.875
qwen3-4b,8,val,desc,fr,fr,vrai,"Le contraire de ""vrai"" est """,faux,0,0,24.5,23.125,-1.375
qwen3-4b,8,val,val,fr,fr,vrai,"Le contraire de ""vrai"" est """,faux,0,0,24.5,23.0,-1.5
qwen3-4b,8,val,freq,fr,fr,vrai,"Le contraire de ""vrai"" est """,faux,0,0,24.5,22.625,-1.875
qwen3-4b,8,freq,desc,fr,fr,vrai,"Le contraire de ""vrai"" est """,faux,0,1,24.5,24.0,-0.5
qwen3-4b,8,freq,val,fr,fr,vrai,"Le contraire de ""vrai"" est """,faux,0,1,24.5,21.125,-3.375
qwen3-4b,8,freq,freq,fr,fr,vrai,"Le contraire de ""vrai"" est """,faux,0,1,24.5,24.0,-0.5
qwen3-4b,9,desc,desc,fr,fr,vivant,"Le contraire de ""vivant"" est """,mort,0,0,24.875,25.0,0.125
qwen3-4b,9,desc,val,fr,fr,vivant,"Le contraire de ""vivant"" est """,mort,0,1,24.875,22.875,-2.0
qwen3-4b,9,desc,freq,fr,fr,vivant,"Le contraire de ""vivant"" est """,mort,0,0,24.875,23.5,-1.375
qwen3-4b,9,val,desc,fr,fr,vivant,"Le contraire de ""vivant"" est """,mort,0,0,24.875,25.5,0.625
qwen3-4b,9,val,val,fr,fr,vivant,"Le contraire de ""vivant"" est """,mort,0,0,24.875,25.625,0.75
qwen3-4b,9,val,freq,fr,fr,vivant,"Le contraire de ""vivant"" est """,mort,0,0,24.875,23.75,-1.125
qwen3-4b,9,freq,desc,fr,fr,vivant,"Le contraire de ""vivant"" est """,mort,0,1,24.875,24.875,0.0
qwen3-4b,9,freq,val,fr,fr,vivant,"Le contraire de ""vivant"" est """,mort,0,1,24.875,22.0,-2.875
qwen3-4b,9,freq,freq,fr,fr,vivant,"Le contraire de ""vivant"" est """,mort,0,1,24.875,24.75,-0.125
qwen3-4b,10,desc,desc,fr,fr,plein,"Le contraire de ""plein"" est """,vide,0,0,22.375,20.0,-2.375
qwen3-4b,10,desc,val,fr,fr,plein,"Le contraire de ""plein"" est """,vide,0,0,22.375,20.125,-2.25
qwen3-4b,10,desc,freq,fr,fr,plein,"Le contraire de ""plein"" est """,vide,0,1,22.375,17.875,-4.5
qwen3-4b,10,val,desc,fr,fr,plein,"Le contraire de ""plein"" est """,vide,0,0,22.375,19.375,-3.0
qwen3-4b,10,val,val,fr,fr,plein,"Le contraire de ""plein"" est """,vide,0,0,22.375,19.75,-2.625
qwen3-4b,10,val,freq,fr,fr,plein,"Le contraire de ""plein"" est """,vide,0,0,22.375,17.125,-5.25
qwen3-4b,10,freq,desc,fr,fr,plein,"Le contraire de ""plein"" est """,vide,0,1,22.375,17.25,-5.125
qwen3-4b,10,freq,val,fr,fr,plein,"Le contraire de ""plein"" est """,vide,0,1,22.375,17.375,-5.0
qwen3-4b,10,freq,freq,fr,fr,plein,"Le contraire de ""plein"" est """,vide,0,1,22.375,17.375,-5.0
qwen3-4b,11,desc,desc,fr,fr,brillant,"Le contraire de ""brillant"" est """,obscur,4,8,15.4375,15.9375,0.5
qwen3-4b,11,desc,val,fr,fr,brillant,"Le contraire de ""brillant"" est """,obscur,4,5,15.4375,17.125,1.6875
qwen3-4b,11,desc,freq,fr,fr,brillant,"Le contraire de ""brillant"" est """,obscur,4,4,15.4375,14.625,-0.8125
qwen3-4b,11,val,desc,fr,fr,brillant,"Le contraire de ""brillant"" est """,obscur,4,13,15.4375,12.3125,-3.125
qwen3-4b,11,val,val,fr,fr,brillant,"Le contraire de ""brillant"" est """,obscur,4,13,15.4375,12.625,-2.8125
qwen3-4b,11,val,freq,fr,fr,brillant,"Le contraire de ""brillant"" est """,obscur,4,5,15.4375,10.6875,-4.75
qwen3-4b,11,freq,desc,fr,fr,brillant,"Le contraire de ""brillant"" est """,obscur,4,9,15.4375,15.6875,0.25
qwen3-4b,11,freq,val,fr,fr,brillant,"Le contraire de ""brillant"" est """,obscur,4,8,15.4375,16.625,1.1875
qwen3-4b,11,freq,freq,fr,fr,brillant,"Le contraire de ""brillant"" est """,obscur,4,9,15.4375,15.625,0.1875
qwen3-4b,12,desc,desc,fr,fr,fort,"Le contraire de ""fort"" est """,faible,0,0,22.375,21.625,-0.75
qwen3-4b,12,desc,val,fr,fr,fort,"Le contraire de ""fort"" est """,faible,0,0,22.375,20.5,-1.875
qwen3-4b,12,desc,freq,fr,fr,fort,"Le contraire de ""fort"" est """,faible,0,0,22.375,20.5,-1.875
qwen3-4b,12,val,desc,fr,fr,fort,"Le contraire de ""fort"" est """,faible,0,0,22.375,20.75,-1.625
qwen3-4b,12,val,val,fr,fr,fort,"Le contraire de ""fort"" est """,faible,0,0,22.375,20.5,-1.875
qwen3-4b,12,val,freq,fr,fr,fort,"Le contraire de ""fort"" est """,faible,0,0,22.375,19.875,-2.5
qwen3-4b,12,freq,desc,fr,fr,fort,"Le contraire de ""fort"" est """,faible,0,0,22.375,19.5,-2.875
qwen3-4b,12,freq,val,fr,fr,fort,"Le contraire de ""fort"" est """,faible,0,0,22.375,18.625,-3.75
qwen3-4b,12,freq,freq,fr,fr,fort,"Le contraire de ""fort"" est """,faible,0,0,22.375,19.5,-2.875
qwen3-4b,13,desc,desc,fr,fr,propre,"Le contraire de ""propre"" est """,sale,2,6,18.125,15.5,-2.625
qwen3-4b,13,desc,val,fr,fr,propre,"Le contraire de ""propre"" est """,sale,2,15,18.125,14.75,-3.375
qwen3-4b,13,desc,freq,fr,fr,propre,"Le contraire de ""propre"" est """,sale,2,9,18.125,15.75,-2.375
qwen3-4b,13,val,desc,fr,fr,propre,"Le contraire de ""propre"" est """,sale,2,6,18.125,14.6875,-3.4375
qwen3-4b,13,val,val,fr,fr,propre,"Le contraire de ""propre"" est """,sale,2,8,18.125,14.125,-4.0
qwen3-4b,13,val,freq,fr,fr,propre,"Le contraire de ""propre"" est """,sale,2,2,18.125,15.875,-2.25
qwen3-4b,13,freq,desc,fr,fr,propre,"Le contraire de ""propre"" est """,sale,2,43,18.125,12.875,-5.25
qwen3-4b,13,freq,val,fr,fr,propre,"Le contraire de ""propre"" est """,sale,2,77,18.125,12.4375,-5.6875
qwen3-4b,13,freq,freq,fr,fr,propre,"Le contraire de ""propre"" est """,sale,2,43,18.125,12.75,-5.375
qwen3-4b,14,desc,desc,fr,fr,ouvert,"Le contraire de ""ouvert"" est """,fermé,0,0,26.5,26.375,-0.125
qwen3-4b,14,desc,val,fr,fr,ouvert,"Le contraire de ""ouvert"" est """,fermé,0,0,26.5,25.25,-1.25
qwen3-4b,14,desc,freq,fr,fr,ouvert,"Le contraire de ""ouvert"" est """,fermé,0,0,26.5,25.625,-0.875
qwen3-4b,14,val,desc,fr,fr,ouvert,"Le contraire de ""ouvert"" est """,fermé,0,0,26.5,25.875,-0.625
qwen3-4b,14,val,val,fr,fr,ouvert,"Le contraire de ""ouvert"" est """,fermé,0,0,26.5,25.875,-0.625
qwen3-4b,14,val,freq,fr,fr,ouvert,"Le contraire de ""ouvert"" est """,fermé,0,0,26.5,25.125,-1.375
qwen3-4b,14,freq,desc,fr,fr,ouvert,"Le contraire de ""ouvert"" est """,fermé,0,0,26.5,24.75,-1.75
qwen3-4b,14,freq,val,fr,fr,ouvert,"Le contraire de ""ouvert"" est """,fermé,0,0,26.5,23.5,-3.0
qwen3-4b,14,freq,freq,fr,fr,ouvert,"Le contraire de ""ouvert"" est """,fermé,0,0,26.5,24.75,-1.75
qwen3-4b,15,desc,desc,fr,fr,riche,"Le contraire de ""riche"" est """,pauvre,0,0,23.25,25.875,2.625
qwen3-4b,15,desc,val,fr,fr,riche,"Le contraire de ""riche"" est """,pauvre,0,0,23.25,23.5,0.25
qwen3-4b,15,desc,freq,fr,fr,riche,"Le contraire de ""riche"" est """,pauvre,0,0,23.25,24.125,0.875
qwen3-4b,15,val,desc,fr,fr,riche,"Le contraire de ""riche"" est """,pauvre,0,0,23.25,23.625,0.375
qwen3-4b,15,val,val,fr,fr,riche,"Le contraire de ""riche"" est """,pauvre,0,0,23.25,23.875,0.625
qwen3-4b,15,val,freq,fr,fr,riche,"Le contraire de ""riche"" est """,pauvre,0,0,23.25,21.5,-1.75
qwen3-4b,15,freq,desc,fr,fr,riche,"Le contraire de ""riche"" est """,pauvre,0,0,23.25,26.625,3.375
qwen3-4b,15,freq,val,fr,fr,riche,"Le contraire de ""riche"" est """,pauvre,0,0,23.25,24.5,1.25
qwen3-4b,15,freq,freq,fr,fr,riche,"Le contraire de ""riche"" est """,pauvre,0,0,23.25,26.5,3.25
qwen3-4b,16,desc,desc,fr,fr,beau,"Le contraire de ""beau"" est """,laid,27,56,11.625,11.9375,0.3125
qwen3-4b,16,desc,val,fr,fr,beau,"Le contraire de ""beau"" est """,laid,27,35,11.625,13.75,2.125
qwen3-4b,16,desc,freq,fr,fr,beau,"Le contraire de ""beau"" est """,laid,27,30,11.625,13.4375,1.8125
qwen3-4b,16,val,desc,fr,fr,beau,"Le contraire de ""beau"" est """,laid,27,57,11.625,10.125,-1.5
qwen3-4b,16,val,val,fr,fr,beau,"Le contraire de ""beau"" est """,laid,27,52,11.625,10.375,-1.25
qwen3-4b,16,val,freq,fr,fr,beau,"Le contraire de ""beau"" est """,laid,27,29,11.625,11.1875,-0.4375
qwen3-4b,16,freq,desc,fr,fr,beau,"Le contraire de ""beau"" est """,laid,27,50,11.625,12.9375,1.3125
qwen3-4b,16,freq,val,fr,fr,beau,"Le contraire de ""beau"" est """,laid,27,26,11.625,14.625,3.0
qwen3-4b,16,freq,freq,fr,fr,beau,"Le contraire de ""beau"" est """,laid,27,45,11.625,13.1875,1.5625
qwen3-4b,17,desc,desc,fr,fr,long,"Le contraire de ""long"" est """,court,0,0,24.625,24.0,-0.625
qwen3-4b,17,desc,val,fr,fr,long,"Le contraire de ""long"" est """,court,0,0,24.625,22.125,-2.5
qwen3-4b,17,desc,freq,fr,fr,long,"Le contraire de ""long"" est """,court,0,0,24.625,23.625,-1.0
qwen3-4b,17,val,desc,fr,fr,long,"Le contraire de ""long"" est """,court,0,0,24.625,23.25,-1.375
qwen3-4b,17,val,val,fr,fr,long,"Le contraire de ""long"" est """,court,0,0,24.625,23.0,-1.625
qwen3-4b,17,val,freq,fr,fr,long,"Le contraire de ""long"" est """,court,0,0,24.625,23.25,-1.375
qwen3-4b,17,freq,desc,fr,fr,long,"Le contraire de ""long"" est """,court,0,0,24.625,22.75,-1.875
qwen3-4b,17,freq,val,fr,fr,long,"Le contraire de ""long"" est """,court,0,1,24.625,20.75,-3.875
qwen3-4b,17,freq,freq,fr,fr,long,"Le contraire de ""long"" est """,court,0,0,24.625,22.625,-2.0
qwen3-4b,18,desc,desc,fr,fr,large,"Le contraire de ""large"" est """,étroit,0,2,19.625,17.125,-2.5
qwen3-4b,18,desc,val,fr,fr,large,"Le contraire de ""large"" est """,étroit,0,4,19.625,15.5625,-4.0625
qwen3-4b,18,desc,freq,fr,fr,large,"Le contraire de ""large"" est """,étroit,0,3,19.625,15.6875,-3.9375
qwen3-4b,18,val,desc,fr,fr,large,"Le contraire de ""large"" est """,étroit,0,1,19.625,14.9375,-4.6875
qwen3-4b,18,val,val,fr,fr,large,"Le contraire de ""large"" est """,étroit,0,1,19.625,15.125,-4.5
qwen3-4b,18,val,freq,fr,fr,large,"Le contraire de ""large"" est """,étroit,0,2,19.625,13.375,-6.25
qwen3-4b,18,freq,desc,fr,fr,large,"Le contraire de ""large"" est """,étroit,0,6,19.625,15.4375,-4.1875
qwen3-4b,18,freq,val,fr,fr,large,"Le contraire de ""large"" est """,étroit,0,7,19.625,14.1875,-5.4375
qwen3-4b,18,freq,freq,fr,fr,large,"Le contraire de ""large"" est """,étroit,0,6,19.625,15.5,-4.125
qwen3-4b,19,desc,desc,fr,fr,dur,"Le contraire de ""dur"" est """,mou,0,0,20.375,22.5,2.125
qwen3-4b,19,desc,val,fr,fr,dur,"Le contraire de ""dur"" est """,mou,0,0,20.375,21.25,0.875
qwen3-4b,19,desc,freq,fr,fr,dur,"Le contraire de ""dur"" est """,mou,0,0,20.375,21.875,1.5
qwen3-4b,19,val,desc,fr,fr,dur,"Le contraire de ""dur"" est """,mou,0,0,20.375,20.875,0.5
qwen3-4b,19,val,val,fr,fr,dur,"Le contraire de ""dur"" est """,mou,0,0,20.375,21.5,1.125
qwen3-4b,19,val,freq,fr,fr,dur,"Le contraire de ""dur"" est """,mou,0,0,20.375,20.125,-0.25
qwen3-4b,19,freq,desc,fr,fr,dur,"Le contraire de ""dur"" est """,mou,0,0,20.375,23.25,2.875
qwen3-4b,19,freq,val,fr,fr,dur,"Le contraire de ""dur"" est """,mou,0,0,20.375,21.75,1.375
qwen3-4b,19,freq,freq,fr,fr,dur,"Le contraire de ""dur"" est """,mou,0,0,20.375,23.125,2.75
qwen3-4b,20,desc,desc,fr,fr,sec,"Le contraire de ""sec"" est """,mouillé,4,3,14.875,15.0625,0.1875
qwen3-4b,20,desc,val,fr,fr,sec,"Le contraire de ""sec"" est """,mouillé,4,3,14.875,17.125,2.25
qwen3-4b,20,desc,freq,fr,fr,sec,"Le contraire de ""sec"" est """,mouillé,4,5,14.875,14.625,-0.25
qwen3-4b,20,val,desc,fr,fr,sec,"Le contraire de ""sec"" est """,mouillé,4,0,14.875,15.0,0.125
qwen3-4b,20,val,val,fr,fr,sec,"Le contraire de ""sec"" est """,mouillé,4,0,14.875,15.1875,0.3125
qwen3-4b,20,val,freq,fr,fr,sec,"Le contraire de ""sec"" est """,mouillé,4,4,14.875,13.9375,-0.9375
qwen3-4b,20,freq,desc,fr,fr,sec,"Le contraire de ""sec"" est """,mouillé,4,3,14.875,15.1875,0.3125
qwen3-4b,20,freq,val,fr,fr,sec,"Le contraire de ""sec"" est """,mouillé,4,3,14.875,17.375,2.5
qwen3-4b,20,freq,freq,fr,fr,sec,"Le contraire de ""sec"" est """,mouillé,4,3,14.875,15.25,0.375
qwen3-4b,21,desc,desc,fr,fr,fort,"Le contraire de ""fort"" est """,doux,9,4,14.125,15.1875,1.0625
qwen3-4b,21,desc,val,fr,fr,fort,"Le contraire de ""fort"" est """,doux,9,5,14.125,15.5,1.375
qwen3-4b,21,desc,freq,fr,fr,fort,"Le contraire de ""fort"" est """,doux,9,2,14.125,15.8125,1.6875
qwen3-4b,21,val,desc,fr,fr,fort,"Le contraire de ""fort"" est """,doux,9,7,14.125,12.75,-1.375
qwen3-4b,21,val,val,fr,fr,fort,"Le contraire de ""fort"" est """,doux,9,7,14.125,12.9375,-1.1875
qwen3-4b,21,val,freq,fr,fr,fort,"Le contraire de ""fort"" est """,doux,9,1,14.125,13.5,-0.625
qwen3-4b,21,freq,desc,fr,fr,fort,"Le contraire de ""fort"" est """,doux,9,4,14.125,15.375,1.25
qwen3-4b,21,freq,val,fr,fr,fort,"Le contraire de ""fort"" est """,doux,9,5,14.125,15.5625,1.4375
qwen3-4b,21,freq,freq,fr,fr,fort,"Le contraire de ""fort"" est """,doux,9,4,14.125,15.5625,1.4375
qwen3-4b,22,desc,desc,fr,fr,tôt,"Le contraire de ""tôt"" est """,tard,0,0,25.875,27.75,1.875
qwen3-4b,22,desc,val,fr,fr,tôt,"Le contraire de ""tôt"" est """,tard,0,0,25.875,25.75,-0.125
qwen3-4b,22,desc,freq,fr,fr,tôt,"Le contraire de ""tôt"" est """,tard,0,0,25.875,25.75,-0.125
qwen3-4b,22,val,desc,fr,fr,tôt,"Le contraire de ""tôt"" est """,tard,0,0,25.875,25.0,-0.875
qwen3-4b,22,val,val,fr,fr,tôt,"Le contraire de ""tôt"" est """,tard,0,0,25.875,25.25,-0.625
qwen3-4b,22,val,freq,fr,fr,tôt,"Le contraire de ""tôt"" est """,tard,0,0,25.875,21.875,-4.0
qwen3-4b,22,freq,desc,fr,fr,tôt,"Le contraire de ""tôt"" est """,tard,0,0,25.875,27.25,1.375
qwen3-4b,22,freq,val,fr,fr,tôt,"Le contraire de ""tôt"" est """,tard,0,0,25.875,24.5,-1.375
qwen3-4b,22,freq,freq,fr,fr,tôt,"Le contraire de ""tôt"" est """,tard,0,0,25.875,27.125,1.25
qwen3-4b,23,desc,desc,fr,fr,proche,"Le contraire de ""proche"" est """,loin,0,0,26.125,25.75,-0.375
qwen3-4b,23,desc,val,fr,fr,proche,"Le contraire de ""proche"" est """,loin,0,0,26.125,22.625,-3.5
qwen3-4b,23,desc,freq,fr,fr,proche,"Le contraire de ""proche"" est """,loin,0,0,26.125,25.625,-0.5
qwen3-4b,23,val,desc,fr,fr,proche,"Le contraire de ""proche"" est """,loin,0,0,26.125,23.75,-2.375
qwen3-4b,23,val,val,fr,fr,proche,"Le contraire de ""proche"" est """,loin,0,0,26.125,23.25,-2.875
qwen3-4b,23,val,freq,fr,fr,proche,"Le contraire de ""proche"" est """,loin,0,0,26.125,23.75,-2.375
qwen3-4b,23,freq,desc,fr,fr,proche,"Le contraire de ""proche"" est """,loin,0,0,26.125,22.375,-3.75
qwen3-4b,23,freq,val,fr,fr,proche,"Le contraire de ""proche"" est """,loin,0,0,26.125,19.375,-6.75
qwen3-4b,23,freq,freq,fr,fr,proche,"Le contraire de ""proche"" est """,loin,0,0,26.125,22.0,-4.125
qwen3-4b,24,desc,desc,fr,fr,profond,"Le contraire de ""profond"" est """,peu profond,25,14,11.875,13.9375,2.0625
qwen3-4b,24,desc,val,fr,fr,profond,"Le contraire de ""profond"" est """,peu profond,25,16,11.875,14.5625,2.6875
qwen3-4b,24,desc,freq,fr,fr,profond,"Le contraire de ""profond"" est """,peu profond,25,24,11.875,13.5,1.625
qwen3-4b,24,val,desc,fr,fr,profond,"Le contraire de ""profond"" est """,peu profond,25,18,11.875,11.4375,-0.4375
qwen3-4b,24,val,val,fr,fr,profond,"Le contraire de ""profond"" est """,peu profond,25,14,11.875,11.75,-0.125
qwen3-4b,24,val,freq,fr,fr,profond,"Le contraire de ""profond"" est """,peu profond,25,32,11.875,10.375,-1.5
qwen3-4b,24,freq,desc,fr,fr,profond,"Le contraire de ""profond"" est """,peu profond,25,30,11.875,13.75,1.875
qwen3-4b,24,freq,val,fr,fr,profond,"Le contraire de ""profond"" est """,peu profond,25,33,11.875,13.8125,1.9375
qwen3-4b,24,freq,freq,fr,fr,profond,"Le contraire de ""profond"" est """,peu profond,25,30,11.875,13.625,1.75
qwen3-4b,25,desc,desc,fr,fr,mauvais,"Le contraire de ""mauvais"" est """,bon,0,0,23.875,25.5,1.625
qwen3-4b,25,desc,val,fr,fr,mauvais,"Le contraire de ""mauvais"" est """,bon,0,0,23.875,22.625,-1.25
qwen3-4b,25,desc,freq,fr,fr,mauvais,"Le contraire de ""mauvais"" est """,bon,0,0,23.875,24.25,0.375
qwen3-4b,25,val,desc,fr,fr,mauvais,"Le contraire de ""mauvais"" est """,bon,0,0,23.875,24.75,0.875
qwen3-4b,25,val,val,fr,fr,mauvais,"Le contraire de ""mauvais"" est """,bon,0,0,23.875,24.625,0.75
qwen3-4b,25,val,freq,fr,fr,mauvais,"Le contraire de ""mauvais"" est """,bon,0,0,23.875,23.375,-0.5
qwen3-4b,25,freq,desc,fr,fr,mauvais,"Le contraire de ""mauvais"" est """,bon,0,0,23.875,25.5,1.625
qwen3-4b,25,freq,val,fr,fr,mauvais,"Le contraire de ""mauvais"" est """,bon,0,1,23.875,22.0,-1.875
qwen3-4b,25,freq,freq,fr,fr,mauvais,"Le contraire de ""mauvais"" est """,bon,0,0,23.875,25.25,1.375
qwen3-4b,26,desc,desc,fr,fr,triste,"Le contraire de ""triste"" est """,heureux,0,0,19.875,17.5,-2.375
qwen3-4b,26,desc,val,fr,fr,triste,"Le contraire de ""triste"" est """,heureux,0,0,19.875,16.875,-3.0
qwen3-4b,26,desc,freq,fr,fr,triste,"Le contraire de ""triste"" est """,heureux,0,0,19.875,16.75,-3.125
qwen3-4b,26,val,desc,fr,fr,triste,"Le contraire de ""triste"" est """,heureux,0,1,19.875,15.8125,-4.0625
qwen3-4b,26,val,val,fr,fr,triste,"Le contraire de ""triste"" est """,heureux,0,1,19.875,15.9375,-3.9375
qwen3-4b,26,val,freq,fr,fr,triste,"Le contraire de ""triste"" est """,heureux,0,0,19.875,15.5,-4.375
qwen3-4b,26,freq,desc,fr,fr,triste,"Le contraire de ""triste"" est """,heureux,0,0,19.875,17.0,-2.875
qwen3-4b,26,freq,val,fr,fr,triste,"Le contraire de ""triste"" est """,heureux,0,0,19.875,16.625,-3.25
qwen3-4b,26,freq,freq,fr,fr,triste,"Le contraire de ""triste"" est """,heureux,0,0,19.875,17.125,-2.75
qwen3-4b,27,desc,desc,fr,fr,petit,"Le contraire de ""petit"" est """,grand,0,0,24.75,26.375,1.625
qwen3-4b,27,desc,val,fr,fr,petit,"Le contraire de ""petit"" est """,grand,0,0,24.75,24.625,-0.125
qwen3-4b,27,desc,freq,fr,fr,petit,"Le contraire de ""petit"" est """,grand,0,0,24.75,25.875,1.125
qwen3-4b,27,val,desc,fr,fr,petit,"Le contraire de ""petit"" est """,grand,0,0,24.75,25.25,0.5
qwen3-4b,27,val,val,fr,fr,petit,"Le contraire de ""petit"" est """,grand,0,0,24.75,25.125,0.375
qwen3-4b,27,val,freq,fr,fr,petit,"Le contraire de ""petit"" est """,grand,0,0,24.75,23.875,-0.875
qwen3-4b,27,freq,desc,fr,fr,petit,"Le contraire de ""petit"" est """,grand,0,0,24.75,26.375,1.625
qwen3-4b,27,freq,val,fr,fr,petit,"Le contraire de ""petit"" est """,grand,0,0,24.75,23.75,-1.0
qwen3-4b,27,freq,freq,fr,fr,petit,"Le contraire de ""petit"" est """,grand,0,0,24.75,26.0,1.25
qwen3-4b,28,desc,desc,fr,fr,froid,"Le contraire de ""froid"" est """,chaud,0,0,25.0,23.75,-1.25
qwen3-4b,28,desc,val,fr,fr,froid,"Le contraire de ""froid"" est """,chaud,0,0,25.0,22.125,-2.875
qwen3-4b,28,desc,freq,fr,fr,froid,"Le contraire de ""froid"" est """,chaud,0,0,25.0,22.625,-2.375
qwen3-4b,28,val,desc,fr,fr,froid,"Le contraire de ""froid"" est """,chaud,0,0,25.0,22.75,-2.25
qwen3-4b,28,val,val,fr,fr,froid,"Le contraire de ""froid"" est """,chaud,0,0,25.0,22.75,-2.25
qwen3-4b,28,val,freq,fr,fr,froid,"Le contraire de ""froid"" est """,chaud,0,0,25.0,21.625,-3.375
qwen3-4b,28,freq,desc,fr,fr,froid,"Le contraire de ""froid"" est """,chaud,0,0,25.0,21.5,-3.5
qwen3-4b,28,freq,val,fr,fr,froid,"Le contraire de ""froid"" est """,chaud,0,0,25.0,19.625,-5.375
qwen3-4b,28,freq,freq,fr,fr,froid,"Le contraire de ""froid"" est """,chaud,0,0,25.0,21.375,-3.625
qwen3-4b,29,desc,desc,fr,fr,lent,"Le contraire de ""lent"" est """,rapide,0,0,22.0,21.375,-0.625
qwen3-4b,29,desc,val,fr,fr,lent,"Le contraire de ""lent"" est """,rapide,0,0,22.0,20.375,-1.625
qwen3-4b,29,desc,freq,fr,fr,lent,"Le contraire de ""lent"" est """,rapide,0,0,22.0,20.25,-1.75
qwen3-4b,29,val,desc,fr,fr,lent,"Le contraire de ""lent"" est """,rapide,0,0,22.0,18.875,-3.125
qwen3-4b,29,val,val,fr,fr,lent,"Le contraire de ""lent"" est """,rapide,0,0,22.0,18.875,-3.125
qwen3-4b,29,val,freq,fr,fr,lent,"Le contraire de ""lent"" est """,rapide,0,1,22.0,17.375,-4.625
qwen3-4b,29,freq,desc,fr,fr,lent,"Le contraire de ""lent"" est """,rapide,0,0,22.0,20.625,-1.375
qwen3-4b,29,freq,val,fr,fr,lent,"Le contraire de ""lent"" est """,rapide,0,0,22.0,19.375,-2.625
qwen3-4b,29,freq,freq,fr,fr,lent,"Le contraire de ""lent"" est """,rapide,0,0,22.0,20.5,-1.5
qwen3-4b,30,desc,desc,fr,fr,lourd,"Le contraire de ""lourd"" est """,léger,1,2,19.75,18.375,-1.375
qwen3-4b,30,desc,val,fr,fr,lourd,"Le contraire de ""lourd"" est """,léger,1,6,19.75,16.25,-3.5
qwen3-4b,30,desc,freq,fr,fr,lourd,"Le contraire de ""lourd"" est """,léger,1,7,19.75,16.375,-3.375
qwen3-4b,30,val,desc,fr,fr,lourd,"Le contraire de ""lourd"" est """,léger,1,1,19.75,17.25,-2.5
qwen3-4b,30,val,val,fr,fr,lourd,"Le contraire de ""lourd"" est """,léger,1,1,19.75,17.5,-2.25
qwen3-4b,30,val,freq,fr,fr,lourd,"Le contraire de ""lourd"" est """,léger,1,2,19.75,15.625,-4.125
qwen3-4b,30,freq,desc,fr,fr,lourd,"Le contraire de ""lourd"" est """,léger,1,3,19.75,17.75,-2.0
qwen3-4b,30,freq,val,fr,fr,lourd,"Le contraire de ""lourd"" est """,léger,1,5,19.75,16.25,-3.5
qwen3-4b,30,freq,freq,fr,fr,lourd,"Le contraire de ""lourd"" est """,léger,1,3,19.75,18.0,-1.75
qwen3-4b,31,desc,desc,fr,fr,difficile,"Le contraire de ""difficile"" est """,facile,0,0,24.0,25.25,1.25
qwen3-4b,31,desc,val,fr,fr,difficile,"Le contraire de ""difficile"" est """,facile,0,0,24.0,23.5,-0.5
qwen3-4b,31,desc,freq,fr,fr,difficile,"Le contraire de ""difficile"" est """,facile,0,0,24.0,24.625,0.625
qwen3-4b,31,val,desc,fr,fr,difficile,"Le contraire de ""difficile"" est """,facile,0,0,24.0,22.0,-2.0
qwen3-4b,31,val,val,fr,fr,difficile,"Le contraire de ""difficile"" est """,facile,0,0,24.0,22.25,-1.75
qwen3-4b,31,val,freq,fr,fr,difficile,"Le contraire de ""difficile"" est """,facile,0,0,24.0,21.875,-2.125
qwen3-4b,31,freq,desc,fr,fr,difficile,"Le contraire de ""difficile"" est """,facile,0,0,24.0,25.625,1.625
qwen3-4b,31,freq,val,fr,fr,difficile,"Le contraire de ""difficile"" est """,facile,0,0,24.0,23.5,-0.5
qwen3-4b,31,freq,freq,fr,fr,difficile,"Le contraire de ""difficile"" est """,facile,0,0,24.0,25.5,1.5
qwen3-4b,32,desc,desc,fr,fr,vieux,"Le contraire de ""vieux"" est """,jeune,0,0,23.75,24.75,1.0
qwen3-4b,32,desc,val,fr,fr,vieux,"Le contraire de ""vieux"" est """,jeune,0,0,23.75,23.0,-0.75
qwen3-4b,32,desc,freq,fr,fr,vieux,"Le contraire de ""vieux"" est """,jeune,0,0,23.75,24.0,0.25
qwen3-4b,32,val,desc,fr,fr,vieux,"Le contraire de ""vieux"" est """,jeune,0,0,23.75,24.0,0.25
qwen3-4b,32,val,val,fr,fr,vieux,"Le contraire de ""vieux"" est """,jeune,0,0,23.75,24.25,0.5
qwen3-4b,32,val,freq,fr,fr,vieux,"Le contraire de ""vieux"" est """,jeune,0,0,23.75,23.5,-0.25
qwen3-4b,32,freq,desc,fr,fr,vieux,"Le contraire de ""vieux"" est """,jeune,0,0,23.75,24.5,0.75
qwen3-4b,32,freq,val,fr,fr,vieux,"Le contraire de ""vieux"" est """,jeune,0,0,23.75,22.25,-1.5
qwen3-4b,32,freq,freq,fr,fr,vieux,"Le contraire de ""vieux"" est """,jeune,0,0,23.75,24.375,0.625
qwen3-4b,33,desc,desc,fr,fr,faux,"Le contraire de ""faux"" est """,vrai,0,0,23.375,22.5,-0.875
qwen3-4b,33,desc,val,fr,fr,faux,"Le contraire de ""faux"" est """,vrai,0,0,23.375,21.0,-2.375
qwen3-4b,33,desc,freq,fr,fr,faux,"Le contraire de ""faux"" est """,vrai,0,0,23.375,20.625,-2.75
qwen3-4b,33,val,desc,fr,fr,faux,"Le contraire de ""faux"" est """,vrai,0,0,23.375,21.75,-1.625
qwen3-4b,33,val,val,fr,fr,faux,"Le contraire de ""faux"" est """,vrai,0,0,23.375,21.75,-1.625
qwen3-4b,33,val,freq,fr,fr,faux,"Le contraire de ""faux"" est """,vrai,0,0,23.375,20.25,-3.125
qwen3-4b,33,freq,desc,fr,fr,faux,"Le contraire de ""faux"" est """,vrai,0,0,23.375,19.625,-3.75
qwen3-4b,33,freq,val,fr,fr,faux,"Le contraire de ""faux"" est """,vrai,0,0,23.375,19.5,-3.875
qwen3-4b,33,freq,freq,fr,fr,faux,"Le contraire de ""faux"" est """,vrai,0,0,23.375,19.75,-3.625
qwen3-4b,34,desc,desc,fr,fr,mort,"Le contraire de ""mort"" est """,vivant,0,0,21.75,22.0,0.25
qwen3-4b,34,desc,val,fr,fr,mort,"Le contraire de ""mort"" est """,vivant,0,0,21.75,23.125,1.375
qwen3-4b,34,desc,freq,fr,fr,mort,"Le contraire de ""mort"" est """,vivant,0,0,21.75,22.375,0.625
qwen3-4b,34,val,desc,fr,fr,mort,"Le contraire de ""mort"" est """,vivant,0,0,21.75,19.375,-2.375
qwen3-4b,34,val,val,fr,fr,mort,"Le contraire de ""mort"" est """,vivant,0,0,21.75,19.5,-2.25
qwen3-4b,34,val,freq,fr,fr,mort,"Le contraire de ""mort"" est """,vivant,0,0,21.75,20.125,-1.625
qwen3-4b,34,freq,desc,fr,fr,mort,"Le contraire de ""mort"" est """,vivant,0,0,21.75,22.125,0.375
qwen3-4b,34,freq,val,fr,fr,mort,"Le contraire de ""mort"" est """,vivant,0,0,21.75,23.0,1.25
qwen3-4b,34,freq,freq,fr,fr,mort,"Le contraire de ""mort"" est """,vivant,0,0,21.75,22.125,0.375
qwen3-4b,35,desc,desc,fr,fr,vide,"Le contraire de ""vide"" est """,plein,0,0,18.625,17.5,-1.125
qwen3-4b,35,desc,val,fr,fr,vide,"Le contraire de ""vide"" est """,plein,0,0,18.625,19.75,1.125
qwen3-4b,35,desc,freq,fr,fr,vide,"Le contraire de ""vide"" est """,plein,0,0,18.625,17.0,-1.625
qwen3-4b,35,val,desc,fr,fr,vide,"Le contraire de ""vide"" est """,plein,0,0,18.625,20.125,1.5
qwen3-4b,35,val,val,fr,fr,vide,"Le contraire de ""vide"" est """,plein,0,0,18.625,20.375,1.75
qwen3-4b,35,val,freq,fr,fr,vide,"Le contraire de ""vide"" est """,plein,0,0,18.625,20.625,2.0
qwen3-4b,35,freq,desc,fr,fr,vide,"Le contraire de ""vide"" est """,plein,0,1,18.625,15.3125,-3.3125
qwen3-4b,35,freq,val,fr,fr,vide,"Le contraire de ""vide"" est """,plein,0,1,18.625,18.0,-0.625
qwen3-4b,35,freq,freq,fr,fr,vide,"Le contraire de ""vide"" est """,plein,0,1,18.625,15.3125,-3.3125
qwen3-4b,36,desc,desc,fr,fr,sombre,"Le contraire de ""sombre"" est """,clair,0,0,22.375,21.0,-1.375
qwen3-4b,36,desc,val,fr,fr,sombre,"Le contraire de ""sombre"" est """,clair,0,2,22.375,19.125,-3.25
qwen3-4b,36,desc,freq,fr,fr,sombre,"Le contraire de ""sombre"" est """,clair,0,2,22.375,19.125,-3.25
qwen3-4b,36,val,desc,fr,fr,sombre,"Le contraire de ""sombre"" est """,clair,0,1,22.375,20.875,-1.5
qwen3-4b,36,val,val,fr,fr,sombre,"Le contraire de ""sombre"" est """,clair,0,1,22.375,21.5,-0.875
qwen3-4b,36,val,freq,fr,fr,sombre,"Le contraire de ""sombre"" est """,clair,0,1,22.375,19.25,-3.125
qwen3-4b,36,freq,desc,fr,fr,sombre,"Le contraire de ""sombre"" est """,clair,0,2,22.375,20.0,-2.375
qwen3-4b,36,freq,val,fr,fr,sombre,"Le contraire de ""sombre"" est """,clair,0,2,22.375,18.875,-3.5
qwen3-4b,36,freq,freq,fr,fr,sombre,"Le contraire de ""sombre"" est """,clair,0,2,22.375,20.125,-2.25
qwen3-4b,37,desc,desc,fr,fr,faible,"Le contraire de ""faible"" est """,fort,0,0,23.875,24.0,0.125
qwen3-4b,37,desc,val,fr,fr,faible,"Le contraire de ""faible"" est """,fort,0,0,23.875,23.25,-0.625
qwen3-4b,37,desc,freq,fr,fr,faible,"Le contraire de ""faible"" est """,fort,0,0,23.875,22.375,-1.5
qwen3-4b,37,val,desc,fr,fr,faible,"Le contraire de ""faible"" est """,fort,0,0,23.875,22.75,-1.125
qwen3-4b,37,val,val,fr,fr,faible,"Le contraire de ""faible"" est """,fort,0,0,23.875,22.625,-1.25
qwen3-4b,37,val,freq,fr,fr,faible,"Le contraire de ""faible"" est """,fort,0,0,23.875,21.625,-2.25
qwen3-4b,37,freq,desc,fr,fr,faible,"Le contraire de ""faible"" est """,fort,0,0,23.875,23.25,-0.625
qwen3-4b,37,freq,val,fr,fr,faible,"Le contraire de ""faible"" est """,fort,0,0,23.875,21.875,-2.0
qwen3-4b,37,freq,freq,fr,fr,faible,"Le contraire de ""faible"" est """,fort,0,0,23.875,23.125,-0.75
qwen3-4b,38,desc,desc,fr,fr,sale,"Le contraire de ""sale"" est """,propre,1,3,17.625,17.875,0.25
qwen3-4b,38,desc,val,fr,fr,sale,"Le contraire de ""sale"" est """,propre,1,3,17.625,17.625,0.0
qwen3-4b,38,desc,freq,fr,fr,sale,"Le contraire de ""sale"" est """,propre,1,2,17.625,18.375,0.75
qwen3-4b,38,val,desc,fr,fr,sale,"Le contraire de ""sale"" est """,propre,1,1,17.625,16.875,-0.75
qwen3-4b,38,val,val,fr,fr,sale,"Le contraire de ""sale"" est """,propre,1,1,17.625,16.75,-0.875
qwen3-4b,38,val,freq,fr,fr,sale,"Le contraire de ""sale"" est """,propre,1,1,17.625,17.125,-0.5
qwen3-4b,38,freq,desc,fr,fr,sale,"Le contraire de ""sale"" est """,propre,1,4,17.625,17.375,-0.25
qwen3-4b,38,freq,val,fr,fr,sale,"Le contraire de ""sale"" est """,propre,1,5,17.625,16.375,-1.25
qwen3-4b,38,freq,freq,fr,fr,sale,"Le contraire de ""sale"" est """,propre,1,4,17.625,17.25,-0.375
qwen3-4b,39,desc,desc,fr,fr,fermé,"Le contraire de ""fermé"" est """,ouvert,0,0,21.625,21.0,-0.625
qwen3-4b,39,desc,val,fr,fr,fermé,"Le contraire de ""fermé"" est """,ouvert,0,0,21.625,21.5,-0.125
qwen3-4b,39,desc,freq,fr,fr,fermé,"Le contraire de ""fermé"" est """,ouvert,0,0,21.625,20.0,-1.625
qwen3-4b,39,val,desc,fr,fr,fermé,"Le contraire de ""fermé"" est """,ouvert,0,0,21.625,20.5,-1.125
qwen3-4b,39,val,val,fr,fr,fermé,"Le contraire de ""fermé"" est """,ouvert,0,0,21.625,20.625,-1.0
qwen3-4b,39,val,freq,fr,fr,fermé,"Le contraire de ""fermé"" est """,ouvert,0,0,21.625,19.25,-2.375
qwen3-4b,39,freq,desc,fr,fr,fermé,"Le contraire de ""fermé"" est """,ouvert,0,0,21.625,19.75,-1.875
qwen3-4b,39,freq,val,fr,fr,fermé,"Le contraire de ""fermé"" est """,ouvert,0,0,21.625,20.75,-0.875
qwen3-4b,39,freq,freq,fr,fr,fermé,"Le contraire de ""fermé"" est """,ouvert,0,0,21.625,19.875,-1.75
qwen3-4b,40,desc,desc,fr,fr,pauvre,"Le contraire de ""pauvre"" est """,riche,0,0,24.0,26.375,2.375
qwen3-4b,40,desc,val,fr,fr,pauvre,"Le contraire de ""pauvre"" est """,riche,0,0,24.0,26.375,2.375
qwen3-4b,40,desc,freq,fr,fr,pauvre,"Le contraire de ""pauvre"" est """,riche,0,0,24.0,24.5,0.5
qwen3-4b,40,val,desc,fr,fr,pauvre,"Le contraire de ""pauvre"" est """,riche,0,0,24.0,24.375,0.375
qwen3-4b,40,val,val,fr,fr,pauvre,"Le contraire de ""pauvre"" est """,riche,0,0,24.0,24.375,0.375
qwen3-4b,40,val,freq,fr,fr,pauvre,"Le contraire de ""pauvre"" est """,riche,0,0,24.0,22.5,-1.5
qwen3-4b,40,freq,desc,fr,fr,pauvre,"Le contraire de ""pauvre"" est """,riche,0,0,24.0,25.375,1.375
qwen3-4b,40,freq,val,fr,fr,pauvre,"Le contraire de ""pauvre"" est """,riche,0,0,24.0,24.625,0.625
qwen3-4b,40,freq,freq,fr,fr,pauvre,"Le contraire de ""pauvre"" est """,riche,0,0,24.0,25.25,1.25
qwen3-4b,41,desc,desc,fr,fr,laid,"Le contraire de ""laid"" est """,beau,0,1,19.25,19.125,-0.125
qwen3-4b,41,desc,val,fr,fr,laid,"Le contraire de ""laid"" est """,beau,0,1,19.25,18.375,-0.875
qwen3-4b,41,desc,freq,fr,fr,laid,"Le contraire de ""laid"" est """,beau,0,1,19.25,17.75,-1.5
qwen3-4b,41,val,desc,fr,fr,laid,"Le contraire de ""laid"" est """,beau,0,1,19.25,15.375,-3.875
qwen3-4b,41,val,val,fr,fr,laid,"Le contraire de ""laid"" est """,beau,0,1,19.25,15.625,-3.625
qwen3-4b,41,val,freq,fr,fr,laid,"Le contraire de ""laid"" est """,beau,0,1,19.25,15.1875,-4.0625
qwen3-4b,41,freq,desc,fr,fr,laid,"Le contraire de ""laid"" est """,beau,0,1,19.25,17.25,-2.0
qwen3-4b,41,freq,val,fr,fr,laid,"Le contraire de ""laid"" est """,beau,0,1,19.25,17.0,-2.25
qwen3-4b,41,freq,freq,fr,fr,laid,"Le contraire de ""laid"" est """,beau,0,1,19.25,17.25,-2.0
qwen3-4b,42,desc,desc,fr,fr,court,"Le contraire de ""court"" est """,long,0,0,25.125,25.875,0.75
qwen3-4b,42,desc,val,fr,fr,court,"Le contraire de ""court"" est """,long,0,0,25.125,24.375,-0.75
qwen3-4b,42,desc,freq,fr,fr,court,"Le contraire de ""court"" est """,long,0,0,25.125,25.5,0.375
qwen3-4b,42,val,desc,fr,fr,court,"Le contraire de ""court"" est """,long,0,0,25.125,23.625,-1.5
qwen3-4b,42,val,val,fr,fr,court,"Le contraire de ""court"" est """,long,0,0,25.125,23.5,-1.625
qwen3-4b,42,val,freq,fr,fr,court,"Le contraire de ""court"" est """,long,0,0,25.125,23.625,-1.5
qwen3-4b,42,freq,desc,fr,fr,court,"Le contraire de ""court"" est """,long,0,0,25.125,26.125,1.0
qwen3-4b,42,freq,val,fr,fr,court,"Le contraire de ""court"" est """,long,0,0,25.125,24.5,-0.625
qwen3-4b,42,freq,freq,fr,fr,court,"Le contraire de ""court"" est """,long,0,0,25.125,26.125,1.0
qwen3-4b,43,desc,desc,fr,fr,étroit,"Le contraire de ""étroit"" est """,large,0,0,23.0,22.75,-0.25
qwen3-4b,43,desc,val,fr,fr,étroit,"Le contraire de ""étroit"" est """,large,0,0,23.0,21.375,-1.625
qwen3-4b,43,desc,freq,fr,fr,étroit,"Le contraire de ""étroit"" est """,large,0,0,23.0,21.75,-1.25
qwen3-4b,43,val,desc,fr,fr,étroit,"Le contraire de ""étroit"" est """,large,0,0,23.0,22.875,-0.125
qwen3-4b,43,val,val,fr,fr,étroit,"Le contraire de ""étroit"" est """,large,0,0,23.0,23.375,0.375
qwen3-4b,43,val,freq,fr,fr,étroit,"Le contraire de ""étroit"" est """,large,0,0,23.0,22.25,-0.75
qwen3-4b,43,freq,desc,fr,fr,étroit,"Le contraire de ""étroit"" est """,large,0,0,23.0,22.625,-0.375
qwen3-4b,43,freq,val,fr,fr,étroit,"Le contraire de ""étroit"" est """,large,0,0,23.0,20.875,-2.125
qwen3-4b,43,freq,freq,fr,fr,étroit,"Le contraire de ""étroit"" est """,large,0,0,23.0,22.625,-0.375
qwen3-4b,44,desc,desc,fr,fr,mou,"Le contraire de ""mou"" est """,dur,1,1,19.75,20.25,0.5
qwen3-4b,44,desc,val,fr,fr,mou,"Le contraire de ""mou"" est """,dur,1,3,19.75,18.125,-1.625
qwen3-4b,44,desc,freq,fr,fr,mou,"Le contraire de ""mou"" est """,dur,1,1,19.75,18.625,-1.125
qwen3-4b,44,val,desc,fr,fr,mou,"Le contraire de ""mou"" est """,dur,1,2,19.75,17.875,-1.875
qwen3-4b,44,val,val,fr,fr,mou,"Le contraire de ""mou"" est """,dur,1,2,19.75,18.0,-1.75
qwen3-4b,44,val,freq,fr,fr,mou,"Le contraire de ""mou"" est """,dur,1,2,19.75,16.125,-3.625
qwen3-4b,44,freq,desc,fr,fr,mou,"Le contraire de ""mou"" est """,dur,1,2,19.75,18.375,-1.375
qwen3-4b,44,freq,val,fr,fr,mou,"Le contraire de ""mou"" est """,dur,1,9,19.75,15.8125,-3.9375
qwen3-4b,44,freq,freq,fr,fr,mou,"Le contraire de ""mou"" est """,dur,1,2,19.75,18.375,-1.375
qwen3-4b,45,desc,desc,fr,fr,humide,"Le contraire de ""humide"" est """,sec,0,0,21.75,22.75,1.0
qwen3-4b,45,desc,val,fr,fr,humide,"Le contraire de ""humide"" est """,sec,0,1,21.75,21.375,-0.375
qwen3-4b,45,desc,freq,fr,fr,humide,"Le contraire de ""humide"" est """,sec,0,0,21.75,23.125,1.375
qwen3-4b,45,val,desc,fr,fr,humide,"Le contraire de ""humide"" est """,sec,0,0,21.75,19.375,-2.375
qwen3-4b,45,val,val,fr,fr,humide,"Le contraire de ""humide"" est """,sec,0,0,21.75,19.375,-2.375
qwen3-4b,45,val,freq,fr,fr,humide,"Le contraire de ""humide"" est """,sec,0,0,21.75,19.625,-2.125
qwen3-4b,45,freq,desc,fr,fr,humide,"Le contraire de ""humide"" est """,sec,0,0,21.75,22.25,0.5
qwen3-4b,45,freq,val,fr,fr,humide,"Le contraire de ""humide"" est """,sec,0,0,21.75,20.5,-1.25
qwen3-4b,45,freq,freq,fr,fr,humide,"Le contraire de ""humide"" est """,sec,0,0,21.75,22.25,0.5
qwen3-4b,46,desc,desc,fr,fr,silencieux,"Le contraire de ""silencieux"" est """,bruyant,0,2,18.75,17.0,-1.75
qwen3-4b,46,desc,val,fr,fr,silencieux,"Le contraire de ""silencieux"" est """,bruyant,0,2,18.75,17.875,-0.875
qwen3-4b,46,desc,freq,fr,fr,silencieux,"Le contraire de ""silencieux"" est """,bruyant,0,4,18.75,15.3125,-3.4375
qwen3-4b,46,val,desc,fr,fr,silencieux,"Le contraire de ""silencieux"" est """,bruyant,0,0,18.75,17.375,-1.375
qwen3-4b,46,val,val,fr,fr,silencieux,"Le contraire de ""silencieux"" est """,bruyant,0,1,18.75,16.625,-2.125
qwen3-4b,46,val,freq,fr,fr,silencieux,"Le contraire de ""silencieux"" est """,bruyant,0,1,18.75,15.125,-3.625
qwen3-4b,46,freq,desc,fr,fr,silencieux,"Le contraire de ""silencieux"" est """,bruyant,0,4,18.75,15.125,-3.625
qwen3-4b,46,freq,val,fr,fr,silencieux,"Le contraire de ""silencieux"" est """,bruyant,0,4,18.75,16.125,-2.625
qwen3-4b,46,freq,freq,fr,fr,silencieux,"Le contraire de ""silencieux"" est """,bruyant,0,5,18.75,14.875,-3.875
qwen3-4b,47,desc,desc,fr,fr,tard,"Le contraire de ""tard"" est """,tôt,0,0,20.625,20.375,-0.25
qwen3-4b,47,desc,val,fr,fr,tard,"Le contraire de ""tard"" est """,tôt,0,1,20.625,20.5,-0.125
qwen3-4b,47,desc,freq,fr,fr,tard,"Le contraire de ""tard"" est """,tôt,0,0,20.625,19.375,-1.25
qwen3-4b,47,val,desc,fr,fr,tard,"Le contraire de ""tard"" est """,tôt,0,0,20.625,19.375,-1.25
qwen3-4b,47,val,val,fr,fr,tard,"Le contraire de ""tard"" est """,tôt,0,0,20.625,19.5,-1.125
qwen3-4b,47,val,freq,fr,fr,tard,"Le contraire de ""tard"" est """,tôt,0,0,20.625,18.75,-1.875
qwen3-4b,47,freq,desc,fr,fr,tard,"Le contraire de ""tard"" est """,tôt,0,1,20.625,18.75,-1.875
qwen3-4b,47,freq,val,fr,fr,tard,"Le contraire de ""tard"" est """,tôt,0,1,20.625,19.25,-1.375
qwen3-4b,47,freq,freq,fr,fr,tard,"Le contraire de ""tard"" est """,tôt,0,1,20.625,18.75,-1.875
qwen3-4b,48,desc,desc,fr,fr,loin,"Le contraire de ""loin"" est """,proche,1,1,21.75,22.5,0.75
qwen3-4b,48,desc,val,fr,fr,loin,"Le contraire de ""loin"" est """,proche,1,1,21.75,21.75,0.0
qwen3-4b,48,desc,freq,fr,fr,loin,"Le contraire de ""loin"" est """,proche,1,1,21.75,22.875,1.125
qwen3-4b,48,val,desc,fr,fr,loin,"Le contraire de ""loin"" est """,proche,1,1,21.75,20.625,-1.125
qwen3-4b,48,val,val,fr,fr,loin,"Le contraire de ""loin"" est """,proche,1,1,21.75,20.375,-1.375
qwen3-4b,48,val,freq,fr,fr,loin,"Le contraire de ""loin"" est """,proche,1,1,21.75,20.0,-1.75
qwen3-4b,48,freq,desc,fr,fr,loin,"Le contraire de ""loin"" est """,proche,1,1,21.75,21.75,0.0
qwen3-4b,48,freq,val,fr,fr,loin,"Le contraire de ""loin"" est """,proche,1,1,21.75,20.0,-1.75
qwen3-4b,48,freq,freq,fr,fr,loin,"Le contraire de ""loin"" est """,proche,1,1,21.75,21.625,-0.125
qwen3-4b,49,desc,desc,fr,fr,peu profond,"Le contraire de ""peu profond"" est """,profond,0,0,21.875,23.0,1.125
qwen3-4b,49,desc,val,fr,fr,peu profond,"Le contraire de ""peu profond"" est """,profond,0,0,21.875,22.375,0.5
qwen3-4b,49,desc,freq,fr,fr,peu profond,"Le contraire de ""peu profond"" est """,profond,0,0,21.875,23.75,1.875
qwen3-4b,49,val,desc,fr,fr,peu profond,"Le contraire de ""peu profond"" est """,profond,0,0,21.875,19.5,-2.375
qwen3-4b,49,val,val,fr,fr,peu profond,"Le contraire de ""peu profond"" est """,profond,0,0,21.875,19.5,-2.375
qwen3-4b,49,val,freq,fr,fr,peu profond,"Le contraire de ""peu profond"" est """,profond,0,0,21.875,19.75,-2.125
qwen3-4b,49,freq,desc,fr,fr,peu profond,"Le contraire de ""peu profond"" est """,profond,0,0,21.875,23.625,1.75
qwen3-4b,49,freq,val,fr,fr,peu profond,"Le contraire de ""peu profond"" est """,profond,0,0,21.875,22.75,0.875
qwen3-4b,49,freq,freq,fr,fr,peu profond,"Le contraire de ""peu profond"" est """,profond,0,0,21.875,23.625,1.75
qwen3-4b,50,desc,desc,fr,fr,jeune,"Le contraire de ""jeune"" est """,vieux,0,0,21.125,22.25,1.125
qwen3-4b,50,desc,val,fr,fr,jeune,"Le contraire de ""jeune"" est """,vieux,0,0,21.125,22.25,1.125
qwen3-4b,50,desc,freq,fr,fr,jeune,"Le contraire de ""jeune"" est """,vieux,0,0,21.125,22.375,1.25
qwen3-4b,50,val,desc,fr,fr,jeune,"Le contraire de ""jeune"" est """,vieux,0,0,21.125,22.75,1.625
qwen3-4b,50,val,val,fr,fr,jeune,"Le contraire de ""jeune"" est """,vieux,0,0,21.125,22.75,1.625
qwen3-4b,50,val,freq,fr,fr,jeune,"Le contraire de ""jeune"" est """,vieux,0,0,21.125,22.75,1.625
qwen3-4b,50,freq,desc,fr,fr,jeune,"Le contraire de ""jeune"" est """,vieux,0,0,21.125,23.125,2.0
qwen3-4b,50,freq,val,fr,fr,jeune,"Le contraire de ""jeune"" est """,vieux,0,0,21.125,22.25,1.125
qwen3-4b,50,freq,freq,fr,fr,jeune,"Le contraire de ""jeune"" est """,vieux,0,0,21.125,23.125,2.0
qwen3-4b,51,desc,desc,fr,fr,gentil,"Le contraire de ""gentil"" est """,méchant,0,2,21.0,19.125,-1.875
qwen3-4b,51,desc,val,fr,fr,gentil,"Le contraire de ""gentil"" est """,méchant,0,5,21.0,17.0,-4.0
qwen3-4b,51,desc,freq,fr,fr,gentil,"Le contraire de ""gentil"" est """,méchant,0,4,21.0,18.0,-3.0
qwen3-4b,51,val,desc,fr,fr,gentil,"Le contraire de ""gentil"" est """,méchant,0,1,21.0,17.0,-4.0
qwen3-4b,51,val,val,fr,fr,gentil,"Le contraire de ""gentil"" est """,méchant,0,2,21.0,17.125,-3.875
qwen3-4b,51,val,freq,fr,fr,gentil,"Le contraire de ""gentil"" est """,méchant,0,3,21.0,16.0,-5.0
qwen3-4b,51,freq,desc,fr,fr,gentil,"Le contraire de ""gentil"" est """,méchant,0,2,21.0,19.0,-2.0
qwen3-4b,51,freq,val,fr,fr,gentil,"Le contraire de ""gentil"" est """,méchant,0,7,21.0,17.0,-4.0
qwen3-4b,51,freq,freq,fr,fr,gentil,"Le contraire de ""gentil"" est """,méchant,0,2,21.0,18.875,-2.125
qwen3-4b,52,desc,desc,fr,fr,courageux,"Le contraire de ""courageux"" est """,lâche,6,13,16.75,15.5625,-1.1875
qwen3-4b,52,desc,val,fr,fr,courageux,"Le contraire de ""courageux"" est """,lâche,6,44,16.75,13.5625,-3.1875
qwen3-4b,52,desc,freq,fr,fr,courageux,"Le contraire de ""courageux"" est """,lâche,6,28,16.75,14.125,-2.625
qwen3-4b,52,val,desc,fr,fr,courageux,"Le contraire de ""courageux"" est """,lâche,6,31,16.75,11.9375,-4.8125
qwen3-4b,52,val,val,fr,fr,courageux,"Le contraire de ""courageux"" est """,lâche,6,29,16.75,12.3125,-4.4375
qwen3-4b,52,val,freq,fr,fr,courageux,"Le contraire de ""courageux"" est """,lâche,6,46,16.75,11.375,-5.375
qwen3-4b,52,freq,desc,fr,fr,courageux,"Le contraire de ""courageux"" est """,lâche,6,19,16.75,14.9375,-1.8125
qwen3-4b,52,freq,val,fr,fr,courageux,"Le contraire de ""courageux"" est """,lâche,6,60,16.75,13.125,-3.625
qwen3-4b,52,freq,freq,fr,fr,courageux,"Le contraire de ""courageux"" est """,lâche,6,19,16.75,15.125,-1.625
qwen3-4b,53,desc,desc,fr,fr,sage,"Le contraire de ""sage"" est """,insensé,6,3,14.0625,17.625,3.5625
qwen3-4b,53,desc,val,fr,fr,sage,"Le contraire de ""sage"" est """,insensé,6,0,14.0625,19.125,5.0625
qwen3-4b,53,desc,freq,fr,fr,sage,"Le contraire de ""sage"" est """,insensé,6,0,14.0625,19.25,5.1875
qwen3-4b,53,val,desc,fr,fr,sage,"Le contraire de ""sage"" est """,insensé,6,3,14.0625,14.8125,0.75
qwen3-4b,53,val,val,fr,fr,sage,"Le contraire de ""sage"" est """,insensé,6,4,14.0625,14.875,0.8125
qwen3-4b,53,val,freq,fr,fr,sage,"Le contraire de ""sage"" est """,insensé,6,2,14.0625,16.0,1.9375
qwen3-4b,53,freq,desc,fr,fr,sage,"Le contraire de ""sage"" est """,insensé,6,1,14.0625,19.25,5.1875
qwen3-4b,53,freq,val,fr,fr,sage,"Le contraire de ""sage"" est """,insensé,6,0,14.0625,19.25,5.1875
qwen3-4b,53,freq,freq,fr,fr,sage,"Le contraire de ""sage"" est """,insensé,6,1,14.0625,19.125,5.0625
qwen3-4b,54,desc,desc,fr,fr,poli,"Le contraire de ""poli"" est """,impoli,17,8,13.375,14.125,0.75
qwen3-4b,54,desc,val,fr,fr,poli,"Le contraire de ""poli"" est """,impoli,17,9,13.375,16.25,2.875
qwen3-4b,54,desc,freq,fr,fr,poli,"Le contraire de ""poli"" est """,impoli,17,14,13.375,13.875,0.5
qwen3-4b,54,val,desc,fr,fr,poli,"Le contraire de ""poli"" est """,impoli,17,21,13.375,12.5625,-0.8125
qwen3-4b,54,val,val,fr,fr,poli,"Le contraire de ""poli"" est """,impoli,17,21,13.375,12.75,-0.625
qwen3-4b,54,val,freq,fr,fr,poli,"Le contraire de ""poli"" est """,impoli,17,27,13.375,12.0,-1.375
qwen3-4b,54,freq,desc,fr,fr,poli,"Le contraire de ""poli"" est """,impoli,17,8,13.375,14.375,1.0
qwen3-4b,54,freq,val,fr,fr,poli,"Le contraire de ""poli"" est """,impoli,17,7,13.375,16.5,3.125
qwen3-4b,54,freq,freq,fr,fr,poli,"Le contraire de ""poli"" est """,impoli,17,8,13.375,14.3125,0.9375
qwen3-4b,55,desc,desc,fr,fr,patient,"Le contraire de ""patient"" est """,impatient,0,0,21.375,23.25,1.875
qwen3-4b,55,desc,val,fr,fr,patient,"Le contraire de ""patient"" est """,impatient,0,0,21.375,23.625,2.25
qwen3-4b,55,desc,freq,fr,fr,patient,"Le contraire de ""patient"" est """,impatient,0,0,21.375,22.625,1.25
qwen3-4b,55,val,desc,fr,fr,patient,"Le contraire de ""patient"" est """,impatient,0,0,21.375,22.125,0.75
qwen3-4b,55,val,val,fr,fr,patient,"Le contraire de ""patient"" est """,impatient,0,0,21.375,21.875,0.5
qwen3-4b,55,val,freq,fr,fr,patient,"Le contraire de ""patient"" est """,impatient,0,0,21.375,21.125,-0.25
qwen3-4b,55,freq,desc,fr,fr,patient,"Le contraire de ""patient"" est """,impatient,0,0,21.375,23.75,2.375
qwen3-4b,55,freq,val,fr,fr,patient,"Le contraire de ""patient"" est """,impatient,0,0,21.375,23.625,2.25
qwen3-4b,55,freq,freq,fr,fr,patient,"Le contraire de ""patient"" est """,impatient,0,0,21.375,23.5,2.125
qwen3-4b,56,desc,desc,fr,fr,honnête,"Le contraire de ""honnête"" est """,malhonnête,4,5,16.125,16.75,0.625
qwen3-4b,56,desc,val,fr,fr,honnête,"Le contraire de ""honnête"" est """,malhonnête,4,13,16.125,15.8125,-0.3125
qwen3-4b,56,desc,freq,fr,fr,honnête,"Le contraire de ""honnête"" est """,malhonnête,4,7,16.125,15.9375,-0.1875
qwen3-4b,56,val,desc,fr,fr,honnête,"Le contraire de ""honnête"" est """,malhonnête,4,2,16.125,15.75,-0.375
qwen3-4b,56,val,val,fr,fr,honnête,"Le contraire de ""honnête"" est """,malhonnête,4,2,16.125,15.625,-0.5
qwen3-4b,56,val,freq,fr,fr,honnête,"Le contraire de ""honnête"" est """,malhonnête,4,5,16.125,14.375,-1.75
qwen3-4b,56,freq,desc,fr,fr,honnête,"Le contraire de ""honnête"" est """,malhonnête,4,8,16.125,17.125,1.0
qwen3-4b,56,freq,val,fr,fr,honnête,"Le contraire de ""honnête"" est """,malhonnête,4,18,16.125,15.125,-1.0
qwen3-4b,56,freq,freq,fr,fr,honnête,"Le contraire de ""honnête"" est """,malhonnête,4,8,16.125,17.125,1.0
qwen3-4b,57,desc,desc,fr,fr,sûr,"Le contraire de ""sûr"" est """,dangereux,12,22,13.6875,13.625,-0.0625
qwen3-4b,57,desc,val,fr,fr,sûr,"Le contraire de ""sûr"" est """,dangereux,12,16,13.6875,14.75,1.0625
qwen3-4b,57,desc,freq,fr,fr,sûr,"Le contraire de ""sûr"" est """,dangereux,12,9,13.6875,14.875,1.1875
qwen3-4b,57,val,desc,fr,fr,sûr,"Le contraire de ""sûr"" est """,dangereux,12,35,13.6875,10.625,-3.0625
qwen3-4b,57,val,val,fr,fr,sûr,"Le contraire de ""sûr"" est """,dangereux,12,29,13.6875,10.9375,-2.75
qwen3-4b,57,val,freq,fr,fr,sûr,"Le contraire de ""sûr"" est """,dangereux,12,11,13.6875,12.0,-1.6875
qwen3-4b,57,freq,desc,fr,fr,sûr,"Le contraire de ""sûr"" est """,dangereux,12,16,13.6875,14.75,1.0625
qwen3-4b,57,freq,val,fr,fr,sûr,"Le contraire de ""sûr"" est """,dangereux,12,12,13.6875,15.5625,1.875
qwen3-4b,57,freq,freq,fr,fr,sûr,"Le contraire de ""sûr"" est """,dangereux,12,16,13.6875,14.875,1.1875
qwen3-4b,58,desc,desc,fr,fr,actif,"Le contraire de ""actif"" est """,passif,0,0,23.0,25.125,2.125
qwen3-4b,58,desc,val,fr,fr,actif,"Le contraire de ""actif"" est """,passif,0,0,23.0,22.75,-0.25
qwen3-4b,58,desc,freq,fr,fr,actif,"Le contraire de ""actif"" est """,passif,0,0,23.0,24.625,1.625
qwen3-4b,58,val,desc,fr,fr,actif,"Le contraire de ""actif"" est """,passif,0,0,23.0,23.375,0.375
qwen3-4b,58,val,val,fr,fr,actif,"Le contraire de ""actif"" est """,passif,0,0,23.0,23.125,0.125
qwen3-4b,58,val,freq,fr,fr,actif,"Le contraire de ""actif"" est """,passif,0,0,23.0,23.25,0.25
qwen3-4b,58,freq,desc,fr,fr,actif,"Le contraire de ""actif"" est """,passif,0,0,23.0,25.125,2.125
qwen3-4b,58,freq,val,fr,fr,actif,"Le contraire de ""actif"" est """,passif,0,0,23.0,22.5,-0.5
qwen3-4b,58,freq,freq,fr,fr,actif,"Le contraire de ""actif"" est """,passif,0,0,23.0,25.0,2.0
qwen3-4b,59,desc,desc,fr,fr,droit,"Le contraire de ""droit"" est """,tordu,51,37,10.875,12.1875,1.3125
qwen3-4b,59,desc,val,fr,fr,droit,"Le contraire de ""droit"" est """,tordu,51,33,10.875,13.375,2.5
qwen3-4b,59,desc,freq,fr,fr,droit,"Le contraire de ""droit"" est """,tordu,51,30,10.875,12.625,1.75
qwen3-4b,59,val,desc,fr,fr,droit,"Le contraire de ""droit"" est """,tordu,51,26,10.875,10.625,-0.25
qwen3-4b,59,val,val,fr,fr,droit,"Le contraire de ""droit"" est """,tordu,51,30,10.875,10.5,-0.375
qwen3-4b,59,val,freq,fr,fr,droit,"Le contraire de ""droit"" est """,tordu,51,20,10.875,11.1875,0.3125
qwen3-4b,59,freq,desc,fr,fr,droit,"Le contraire de ""droit"" est """,tordu,51,38,10.875,12.8125,1.9375
qwen3-4b,59,freq,val,fr,fr,droit,"Le contraire de ""droit"" est """,tordu,51,36,10.875,13.5,2.625
qwen3-4b,59,freq,freq,fr,fr,droit,"Le contraire de ""droit"" est """,tordu,51,42,10.875,12.6875,1.8125
qwen3-4b,60,desc,desc,fr,fr,entier,"Le contraire de ""entier"" est """,partiel,27,18,11.375,11.125,-0.25
qwen3-4b,60,desc,val,fr,fr,entier,"Le contraire de ""entier"" est """,partiel,27,26,11.375,12.9375,1.5625
qwen3-4b,60,desc,freq,fr,fr,entier,"Le contraire de ""entier"" est """,partiel,27,21,11.375,11.5625,0.1875
qwen3-4b,60,val,desc,fr,fr,entier,"Le contraire de ""entier"" est """,partiel,27,36,11.375,9.5,-1.875
qwen3-4b,60,val,val,fr,fr,entier,"Le contraire de ""entier"" est """,partiel,27,34,11.375,9.6875,-1.6875
qwen3-4b,60,val,freq,fr,fr,entier,"Le contraire de ""entier"" est """,partiel,27,31,11.375,9.5625,-1.8125
qwen3-4b,60,freq,desc,fr,fr,entier,"Le contraire de ""entier"" est """,partiel,27,15,11.375,11.0,-0.375
qwen3-4b,60,freq,val,fr,fr,entier,"Le contraire de ""entier"" est """,partiel,27,16,11.375,12.6875,1.3125
qwen3-4b,60,freq,freq,fr,fr,entier,"Le contraire de ""entier"" est """,partiel,27,13,11.375,11.0,-0.375
qwen3-4b,61,desc,desc,fr,fr,calme,"Le contraire de ""calme"" est """,agité,0,0,18.625,21.625,3.0
qwen3-4b,61,desc,val,fr,fr,calme,"Le contraire de ""calme"" est """,agité,0,0,18.625,22.375,3.75
qwen3-4b,61,desc,freq,fr,fr,calme,"Le contraire de ""calme"" est """,agité,0,0,18.625,21.0,2.375
qwen3-4b,61,val,desc,fr,fr,calme,"Le contraire de ""calme"" est """,agité,0,0,18.625,19.625,1.0
qwen3-4b,61,val,val,fr,fr,calme,"Le contraire de ""calme"" est """,agité,0,0,18.625,19.5,0.875
qwen3-4b,61,val,freq,fr,fr,calme,"Le contraire de ""calme"" est """,agité,0,0,18.625,18.25,-0.375
qwen3-4b,61,freq,desc,fr,fr,calme,"Le contraire de ""calme"" est """,agité,0,0,18.625,22.75,4.125
qwen3-4b,61,freq,val,fr,fr,calme,"Le contraire de ""calme"" est """,agité,0,0,18.625,22.25,3.625
qwen3-4b,61,freq,freq,fr,fr,calme,"Le contraire de ""calme"" est """,agité,0,0,18.625,22.625,4.0
qwen3-4b,62,desc,desc,fr,fr,correct,"Le contraire de ""correct"" est """,incorrect,0,0,22.125,22.625,0.5
qwen3-4b,62,desc,val,fr,fr,correct,"Le contraire de ""correct"" est """,incorrect,0,0,22.125,22.75,0.625
qwen3-4b,62,desc,freq,fr,fr,correct,"Le contraire de ""correct"" est """,incorrect,0,0,22.125,21.875,-0.25
qwen3-4b,62,val,desc,fr,fr,correct,"Le contraire de ""correct"" est """,incorrect,0,0,22.125,19.75,-2.375
qwen3-4b,62,val,val,fr,fr,correct,"Le contraire de ""correct"" est """,incorrect,0,0,22.125,19.625,-2.5
qwen3-4b,62,val,freq,fr,fr,correct,"Le contraire de ""correct"" est """,incorrect,0,0,22.125,19.125,-3.0
qwen3-4b,62,freq,desc,fr,fr,correct,"Le contraire de ""correct"" est """,incorrect,0,0,22.125,22.625,0.5
qwen3-4b,62,freq,val,fr,fr,correct,"Le contraire de ""correct"" est """,incorrect,0,0,22.125,22.875,0.75
qwen3-4b,62,freq,freq,fr,fr,correct,"Le contraire de ""correct"" est """,incorrect,0,0,22.125,22.625,0.5
qwen3-4b,63,desc,desc,fr,fr,complexe,"Le contraire de ""complexe"" est """,simple,0,0,19.125,19.875,0.75
qwen3-4b,63,desc,val,fr,fr,complexe,"Le contraire de ""complexe"" est """,simple,0,0,19.125,19.875,0.75
qwen3-4b,63,desc,freq,fr,fr,complexe,"Le contraire de ""complexe"" est """,simple,0,1,19.125,18.875,-0.25
qwen3-4b,63,val,desc,fr,fr,complexe,"Le contraire de ""complexe"" est """,simple,0,0,19.125,18.375,-0.75
qwen3-4b,63,val,val,fr,fr,complexe,"Le contraire de ""complexe"" est """,simple,0,0,19.125,18.125,-1.0
qwen3-4b,63,val,freq,fr,fr,complexe,"Le contraire de ""complexe"" est """,simple,0,0,19.125,17.0,-2.125
qwen3-4b,63,freq,desc,fr,fr,complexe,"Le contraire de ""complexe"" est """,simple,0,0,19.125,19.75,0.625
qwen3-4b,63,freq,val,fr,fr,complexe,"Le contraire de ""complexe"" est """,simple,0,0,19.125,19.5,0.375
qwen3-4b,63,freq,freq,fr,fr,complexe,"Le contraire de ""complexe"" est """,simple,0,0,19.125,19.875,0.75
qwen3-4b,64,desc,desc,fr,fr,efficace,"Le contraire de ""efficace"" est """,inefficace,0,0,26.25,27.625,1.375
qwen3-4b,64,desc,val,fr,fr,efficace,"Le contraire de ""efficace"" est """,inefficace,0,0,26.25,25.75,-0.5
qwen3-4b,64,desc,freq,fr,fr,efficace,"Le contraire de ""efficace"" est """,inefficace,0,0,26.25,26.625,0.375
qwen3-4b,64,val,desc,fr,fr,efficace,"Le contraire de ""efficace"" est """,inefficace,0,0,26.25,23.625,-2.625
qwen3-4b,64,val,val,fr,fr,efficace,"Le contraire de ""efficace"" est """,inefficace,0,0,26.25,23.5,-2.75
qwen3-4b,64,val,freq,fr,fr,efficace,"Le contraire de ""efficace"" est """,inefficace,0,0,26.25,22.875,-3.375
qwen3-4b,64,freq,desc,fr,fr,efficace,"Le contraire de ""efficace"" est """,inefficace,0,0,26.25,28.125,1.875
qwen3-4b,64,freq,val,fr,fr,efficace,"Le contraire de ""efficace"" est """,inefficace,0,0,26.25,26.125,-0.125
qwen3-4b,64,freq,freq,fr,fr,efficace,"Le contraire de ""efficace"" est """,inefficace,0,0,26.25,27.875,1.625
qwen3-4b,65,desc,desc,fr,fr,célèbre,"Le contraire de ""célèbre"" est """,inconnu,1,1,19.0,20.125,1.125
qwen3-4b,65,desc,val,fr,fr,célèbre,"Le contraire de ""célèbre"" est """,inconnu,1,0,19.0,20.25,1.25
qwen3-4b,65,desc,freq,fr,fr,célèbre,"Le contraire de ""célèbre"" est """,inconnu,1,0,19.0,19.5,0.5
qwen3-4b,65,val,desc,fr,fr,célèbre,"Le contraire de ""célèbre"" est """,inconnu,1,4,19.0,16.625,-2.375
qwen3-4b,65,val,val,fr,fr,célèbre,"Le contraire de ""célèbre"" est """,inconnu,1,3,19.0,16.875,-2.125
qwen3-4b,65,val,freq,fr,fr,célèbre,"Le contraire de ""célèbre"" est """,inconnu,1,3,19.0,16.125,-2.875
qwen3-4b,65,freq,desc,fr,fr,célèbre,"Le contraire de ""célèbre"" est """,inconnu,1,0,19.0,20.125,1.125
qwen3-4b,65,freq,val,fr,fr,célèbre,"Le contraire de ""célèbre"" est """,inconnu,1,0,19.0,20.0,1.0
qwen3-4b,65,freq,freq,fr,fr,célèbre,"Le contraire de ""célèbre"" est """,inconnu,1,0,19.0,20.0,1.0
qwen3-4b,66,desc,desc,fr,fr,généreux,"Le contraire de ""généreux"" est """,mesquin,2,3,16.25,16.5,0.25
qwen3-4b,66,desc,val,fr,fr,généreux,"Le contraire de ""généreux"" est """,mesquin,2,11,16.25,15.125,-1.125
qwen3-4b,66,desc,freq,fr,fr,généreux,"Le contraire de ""généreux"" est """,mesquin,2,13,16.25,14.375,-1.875
qwen3-4b,66,val,desc,fr,fr,généreux,"Le contraire de ""généreux"" est """,mesquin,2,4,16.25,13.1875,-3.0625
qwen3-4b,66,val,val,fr,fr,généreux,"Le contraire de ""généreux"" est """,mesquin,2,6,16.25,13.1875,-3.0625
qwen3-4b,66,val,freq,fr,fr,généreux,"Le contraire de ""généreux"" est """,mesquin,2,10,16.25,11.9375,-4.3125
qwen3-4b,66,freq,desc,fr,fr,généreux,"Le contraire de ""généreux"" est """,mesquin,2,6,16.25,15.875,-0.375
qwen3-4b,66,freq,val,fr,fr,généreux,"Le contraire de ""généreux"" est """,mesquin,2,15,16.25,14.6875,-1.5625
qwen3-4b,66,freq,freq,fr,fr,généreux,"Le contraire de ""généreux"" est """,mesquin,2,6,16.25,15.8125,-0.4375
qwen3-4b,67,desc,desc,fr,fr,content,"Le contraire de ""content"" est """,insatisfait,1,2,17.5,18.625,1.125
qwen3-4b,67,desc,val,fr,fr,content,"Le contraire de ""content"" est """,insatisfait,1,3,17.5,16.875,-0.625
qwen3-4b,67,desc,freq,fr,fr,content,"Le contraire de ""content"" est """,insatisfait,1,1,17.5,18.5,1.0
qwen3-4b,67,val,desc,fr,fr,content,"Le contraire de ""content"" est """,insatisfait,1,1,17.5,15.3125,-2.1875
qwen3-4b,67,val,val,fr,fr,content,"Le contraire de ""content"" est """,insatisfait,1,2,17.5,15.625,-1.875
qwen3-4b,67,val,freq,fr,fr,content,"Le contraire de ""content"" est """,insatisfait,1,1,17.5,16.0,-1.5
qwen3-4b,67,freq,desc,fr,fr,content,"Le contraire de ""content"" est """,insatisfait,1,3,17.5,18.0,0.5
qwen3-4b,67,freq,val,fr,fr,content,"Le contraire de ""content"" est """,insatisfait,1,7,17.5,16.75,-0.75
qwen3-4b,67,freq,freq,fr,fr,content,"Le contraire de ""content"" est """,insatisfait,1,3,17.5,18.0,0.5
qwen3-4b,68,desc,desc,fr,fr,sain,"Le contraire de ""sain"" est """,malade,0,0,19.875,19.75,-0.125
qwen3-4b,68,desc,val,fr,fr,sain,"Le contraire de ""sain"" est """,malade,0,1,19.875,19.0,-0.875
qwen3-4b,68,desc,freq,fr,fr,sain,"Le contraire de ""sain"" est """,malade,0,2,19.875,18.125,-1.75
qwen3-4b,68,val,desc,fr,fr,sain,"Le contraire de ""sain"" est """,malade,0,1,19.875,17.875,-2.0
qwen3-4b,68,val,val,fr,fr,sain,"Le contraire de ""sain"" est """,malade,0,1,19.875,17.75,-2.125
qwen3-4b,68,val,freq,fr,fr,sain,"Le contraire de ""sain"" est """,malade,0,3,19.875,15.9375,-3.9375
qwen3-4b,68,freq,desc,fr,fr,sain,"Le contraire de ""sain"" est """,malade,0,2,19.875,18.375,-1.5
qwen3-4b,68,freq,val,fr,fr,sain,"Le contraire de ""sain"" est """,malade,0,2,19.875,16.875,-3.0
qwen3-4b,68,freq,freq,fr,fr,sain,"Le contraire de ""sain"" est """,malade,0,2,19.875,18.375,-1.5
qwen3-4b,69,desc,desc,fr,fr,haut,"Le contraire de ""haut"" est """,bas,0,0,25.25,25.125,-0.125
qwen3-4b,69,desc,val,fr,fr,haut,"Le contraire de ""haut"" est """,bas,0,0,25.25,22.375,-2.875
qwen3-4b,69,desc,freq,fr,fr,haut,"Le contraire de ""haut"" est """,bas,0,0,25.25,23.25,-2.0
qwen3-4b,69,val,desc,fr,fr,haut,"Le contraire de ""haut"" est """,bas,0,0,25.25,22.625,-2.625
qwen3-4b,69,val,val,fr,fr,haut,"Le contraire de ""haut"" est """,bas,0,0,25.25,22.75,-2.5
qwen3-4b,69,val,freq,fr,fr,haut,"Le contraire de ""haut"" est """,bas,0,0,25.25,21.25,-4.0
qwen3-4b,69,freq,desc,fr,fr,haut,"Le contraire de ""haut"" est """,bas,0,0,25.25,23.75,-1.5
qwen3-4b,69,freq,val,fr,fr,haut,"Le contraire de ""haut"" est """,bas,0,1,25.25,20.875,-4.375
qwen3-4b,69,freq,freq,fr,fr,haut,"Le contraire de ""haut"" est """,bas,0,0,25.25,23.5,-1.75
qwen3-4b,70,desc,desc,fr,fr,important,"Le contraire de ""important"" est """,insignifiant,4,1,17.125,19.25,2.125
qwen3-4b,70,desc,val,fr,fr,important,"Le contraire de ""important"" est """,insignifiant,4,1,17.125,18.875,1.75
qwen3-4b,70,desc,freq,fr,fr,important,"Le contraire de ""important"" est """,insignifiant,4,2,17.125,18.75,1.625
qwen3-4b,70,val,desc,fr,fr,important,"Le contraire de ""important"" est """,insignifiant,4,3,17.125,15.375,-1.75
qwen3-4b,70,val,val,fr,fr,important,"Le contraire de ""important"" est """,insignifiant,4,3,17.125,15.3125,-1.8125
qwen3-4b,70,val,freq,fr,fr,important,"Le contraire de ""important"" est """,insignifiant,4,3,17.125,15.125,-2.0
qwen3-4b,70,freq,desc,fr,fr,important,"Le contraire de ""important"" est """,insignifiant,4,0,17.125,19.5,2.375
qwen3-4b,70,freq,val,fr,fr,important,"Le contraire de ""important"" est """,insignifiant,4,0,17.125,19.25,2.125
qwen3-4b,70,freq,freq,fr,fr,important,"Le contraire de ""important"" est """,insignifiant,4,0,17.125,19.375,2.25
qwen3-4b,71,desc,desc,fr,fr,innocent,"Le contraire de ""innocent"" est """,coupable,0,0,23.25,23.75,0.5
qwen3-4b,71,desc,val,fr,fr,innocent,"Le contraire de ""innocent"" est """,coupable,0,1,23.25,21.375,-1.875
qwen3-4b,71,desc,freq,fr,fr,innocent,"Le contraire de ""innocent"" est """,coupable,0,0,23.25,22.875,-0.375
qwen3-4b,71,val,desc,fr,fr,innocent,"Le contraire de ""innocent"" est """,coupable,0,0,23.25,21.125,-2.125
qwen3-4b,71,val,val,fr,fr,innocent,"Le contraire de ""innocent"" est """,coupable,0,0,23.25,21.125,-2.125
qwen3-4b,71,val,freq,fr,fr,innocent,"Le contraire de ""innocent"" est """,coupable,0,0,23.25,21.375,-1.875
qwen3-4b,71,freq,desc,fr,fr,innocent,"Le contraire de ""innocent"" est """,coupable,0,0,23.25,23.125,-0.125
qwen3-4b,71,freq,val,fr,fr,innocent,"Le contraire de ""innocent"" est """,coupable,0,1,23.25,21.375,-1.875
qwen3-4b,71,freq,freq,fr,fr,innocent,"Le contraire de ""innocent"" est """,coupable,0,0,23.25,23.0,-0.25
qwen3-4b,72,desc,desc,fr,fr,connu,"Le contraire de ""connu"" est """,inconnu,0,0,24.625,24.125,-0.5
qwen3-4b,72,desc,val,fr,fr,connu,"Le contraire de ""connu"" est """,inconnu,0,0,24.625,23.125,-1.5
qwen3-4b,72,desc,freq,fr,fr,connu,"Le contraire de ""connu"" est """,inconnu,0,0,24.625,22.125,-2.5
qwen3-4b,72,val,desc,fr,fr,connu,"Le contraire de ""connu"" est """,inconnu,0,0,24.625,20.625,-4.0
qwen3-4b,72,val,val,fr,fr,connu,"Le contraire de ""connu"" est """,inconnu,0,0,24.625,20.375,-4.25
qwen3-4b,72,val,freq,fr,fr,connu,"Le contraire de ""connu"" est """,inconnu,0,0,24.625,19.375,-5.25
qwen3-4b,72,freq,desc,fr,fr,connu,"Le contraire de ""connu"" est """,inconnu,0,1,24.625,20.75,-3.875
qwen3-4b,72,freq,val,fr,fr,connu,"Le contraire de ""connu"" est """,inconnu,0,0,24.625,20.25,-4.375
qwen3-4b,72,freq,freq,fr,fr,connu,"Le contraire de ""connu"" est """,inconnu,0,0,24.625,20.75,-3.875
qwen3-4b,73,desc,desc,fr,fr,masculin,"Le contraire de ""masculin"" est """,féminin,0,1,25.375,23.25,-2.125
qwen3-4b,73,desc,val,fr,fr,masculin,"Le contraire de ""masculin"" est """,féminin,0,1,25.375,17.875,-7.5
qwen3-4b,73,desc,freq,fr,fr,masculin,"Le contraire de ""masculin"" est """,féminin,0,1,25.375,22.75,-2.625
qwen3-4b,73,val,desc,fr,fr,masculin,"Le contraire de ""masculin"" est """,féminin,0,0,25.375,19.625,-5.75
qwen3-4b,73,val,val,fr,fr,masculin,"Le contraire de ""masculin"" est """,féminin,0,1,25.375,19.25,-6.125
qwen3-4b,73,val,freq,fr,fr,masculin,"Le contraire de ""masculin"" est """,féminin,0,0,25.375,19.625,-5.75
qwen3-4b,73,freq,desc,fr,fr,masculin,"Le contraire de ""masculin"" est """,féminin,0,1,25.375,22.0,-3.375
qwen3-4b,73,freq,val,fr,fr,masculin,"Le contraire de ""masculin"" est """,féminin,0,1,25.375,17.125,-8.25
qwen3-4b,73,freq,freq,fr,fr,masculin,"Le contraire de ""masculin"" est """,féminin,0,1,25.375,21.875,-3.5
qwen3-4b,74,desc,desc,fr,fr,normal,"Le contraire de ""normal"" est """,anormal,0,0,22.0,23.75,1.75
qwen3-4b,74,desc,val,fr,fr,normal,"Le contraire de ""normal"" est """,anormal,0,0,22.0,23.125,1.125
qwen3-4b,74,desc,freq,fr,fr,normal,"Le contraire de ""normal"" est """,anormal,0,0,22.0,23.0,1.0
qwen3-4b,74,val,desc,fr,fr,normal,"Le contraire de ""normal"" est """,anormal,0,0,22.0,21.125,-0.875
qwen3-4b,74,val,val,fr,fr,normal,"Le contraire de ""normal"" est """,anormal,0,0,22.0,21.0,-1.0
qwen3-4b,74,val,freq,fr,fr,normal,"Le contraire de ""normal"" est """,anormal,0,0,22.0,20.625,-1.375
qwen3-4b,74,freq,desc,fr,fr,normal,"Le contraire de ""normal"" est """,anormal,0,0,22.0,23.375,1.375
qwen3-4b,74,freq,val,fr,fr,normal,"Le contraire de ""normal"" est """,anormal,0,0,22.0,22.75,0.75
qwen3-4b,74,freq,freq,fr,fr,normal,"Le contraire de ""normal"" est """,anormal,0,0,22.0,23.375,1.375
qwen3-4b,75,desc,desc,fr,fr,possible,"Le contraire de ""possible"" est """,impossible,0,0,25.625,27.125,1.5
qwen3-4b,75,desc,val,fr,fr,possible,"Le contraire de ""possible"" est """,impossible,0,0,25.625,25.625,0.0
qwen3-4b,75,desc,freq,fr,fr,possible,"Le contraire de ""possible"" est """,impossible,0,0,25.625,27.125,1.5
qwen3-4b,75,val,desc,fr,fr,possible,"Le contraire de ""possible"" est """,impossible,0,0,25.625,23.375,-2.25
qwen3-4b,75,val,val,fr,fr,possible,"Le contraire de ""possible"" est """,impossible,0,0,25.625,23.5,-2.125
qwen3-4b,75,val,freq,fr,fr,possible,"Le contraire de ""possible"" est """,impossible,0,0,25.625,23.375,-2.25
qwen3-4b,75,freq,desc,fr,fr,possible,"Le contraire de ""possible"" est """,impossible,0,0,25.625,26.875,1.25
qwen3-4b,75,freq,val,fr,fr,possible,"Le contraire de ""possible"" est """,impossible,0,0,25.625,25.375,-0.25
qwen3-4b,75,freq,freq,fr,fr,possible,"Le contraire de ""possible"" est """,impossible,0,0,25.625,26.75,1.125
qwen3-4b,76,desc,desc,fr,fr,privé,"Le contraire de ""privé"" est """,public,0,0,21.375,22.375,1.0
qwen3-4b,76,desc,val,fr,fr,privé,"Le contraire de ""privé"" est """,public,0,0,21.375,22.375,1.0
qwen3-4b,76,desc,freq,fr,fr,privé,"Le contraire de ""privé"" est """,public,0,0,21.375,22.25,0.875
qwen3-4b,76,val,desc,fr,fr,privé,"Le contraire de ""privé"" est """,public,0,0,21.375,20.0,-1.375
qwen3-4b,76,val,val,fr,fr,privé,"Le contraire de ""privé"" est """,public,0,0,21.375,19.875,-1.5
qwen3-4b,76,val,freq,fr,fr,privé,"Le contraire de ""privé"" est """,public,0,0,21.375,19.375,-2.0
qwen3-4b,76,freq,desc,fr,fr,privé,"Le contraire de ""privé"" est """,public,0,0,21.375,20.875,-0.5
qwen3-4b,76,freq,val,fr,fr,privé,"Le contraire de ""privé"" est """,public,0,0,21.375,21.5,0.125
qwen3-4b,76,freq,freq,fr,fr,privé,"Le contraire de ""privé"" est """,public,0,0,21.375,20.625,-0.75
qwen3-4b,77,desc,desc,fr,fr,juste,"Le contraire de ""juste"" est """,faux,21,22,13.0625,13.0625,0.0
qwen3-4b,77,desc,val,fr,fr,juste,"Le contraire de ""juste"" est """,faux,21,26,13.0625,13.5,0.4375
qwen3-4b,77,desc,freq,fr,fr,juste,"Le contraire de ""juste"" est """,faux,21,32,13.0625,12.75,-0.3125
qwen3-4b,77,val,desc,fr,fr,juste,"Le contraire de ""juste"" est """,faux,21,15,13.0625,11.9375,-1.125
qwen3-4b,77,val,val,fr,fr,juste,"Le contraire de ""juste"" est """,faux,21,15,13.0625,12.0625,-1.0
qwen3-4b,77,val,freq,fr,fr,juste,"Le contraire de ""juste"" est """,faux,21,27,13.0625,11.1875,-1.875
qwen3-4b,77,freq,desc,fr,fr,juste,"Le contraire de ""juste"" est """,faux,21,22,13.0625,13.6875,0.625
qwen3-4b,77,freq,val,fr,fr,juste,"Le contraire de ""juste"" est """,faux,21,24,13.0625,13.875,0.8125
qwen3-4b,77,freq,freq,fr,fr,juste,"Le contraire de ""juste"" est """,faux,21,22,13.0625,13.6875,0.625
qwen3-4b,78,desc,desc,fr,fr,simple,"Le contraire de ""simple"" est """,complexe,0,1,21.5,21.25,-0.25
qwen3-4b,78,desc,val,fr,fr,simple,"Le contraire de ""simple"" est """,complexe,0,1,21.5,22.5,1.0
qwen3-4b,78,desc,freq,fr,fr,simple,"Le contraire de ""simple"" est """,complexe,0,0,21.5,21.625,0.125
qwen3-4b,78,val,desc,fr,fr,simple,"Le contraire de ""simple"" est """,complexe,0,1,21.5,18.875,-2.625
qwen3-4b,78,val,val,fr,fr,simple,"Le contraire de ""simple"" est """,complexe,0,1,21.5,19.125,-2.375
qwen3-4b,78,val,freq,fr,fr,simple,"Le contraire de ""simple"" est """,complexe,0,1,21.5,19.0,-2.5
qwen3-4b,78,freq,desc,fr,fr,simple,"Le contraire de ""simple"" est """,complexe,0,1,21.5,20.75,-0.75
qwen3-4b,78,freq,val,fr,fr,simple,"Le contraire de ""simple"" est """,complexe,0,1,21.5,22.125,0.625
qwen3-4b,78,freq,freq,fr,fr,simple,"Le contraire de ""simple"" est """,complexe,0,1,21.5,20.75,-0.75
qwen3-4b,79,desc,desc,fr,fr,doux,"Le contraire de ""doux"" est """,amer,5,3,15.6875,17.5,1.8125
qwen3-4b,79,desc,val,fr,fr,doux,"Le contraire de ""doux"" est """,amer,5,5,15.6875,16.625,0.9375
qwen3-4b,79,desc,freq,fr,fr,doux,"Le contraire de ""doux"" est """,amer,5,6,15.6875,16.625,0.9375
qwen3-4b,79,val,desc,fr,fr,doux,"Le contraire de ""doux"" est """,amer,5,1,15.6875,16.625,0.9375
qwen3-4b,79,val,val,fr,fr,doux,"Le contraire de ""doux"" est """,amer,5,1,15.6875,16.875,1.1875
qwen3-4b,79,val,freq,fr,fr,doux,"Le contraire de ""doux"" est """,amer,5,9,15.6875,14.375,-1.3125
qwen3-4b,79,freq,desc,fr,fr,doux,"Le contraire de ""doux"" est """,amer,5,1,15.6875,19.375,3.6875
qwen3-4b,79,freq,val,fr,fr,doux,"Le contraire de ""doux"" est """,amer,5,11,15.6875,16.0,0.3125
qwen3-4b,79,freq,freq,fr,fr,doux,"Le contraire de ""doux"" est """,amer,5,1,15.6875,19.25,3.5625
qwen3-4b,80,desc,desc,fr,fr,visible,"Le contraire de ""visible"" est """,invisible,0,0,25.5,26.5,1.0
qwen3-4b,80,desc,val,fr,fr,visible,"Le contraire de ""visible"" est """,invisible,0,0,25.5,25.125,-0.375
qwen3-4b,80,desc,freq,fr,fr,visible,"Le contraire de ""visible"" est """,invisible,0,0,25.5,26.375,0.875
qwen3-4b,80,val,desc,fr,fr,visible,"Le contraire de ""visible"" est """,invisible,0,0,25.5,21.75,-3.75
qwen3-4b,80,val,val,fr,fr,visible,"Le contraire de ""visible"" est """,invisible,0,0,25.5,21.875,-3.625
qwen3-4b,80,val,freq,fr,fr,visible,"Le contraire de ""visible"" est """,invisible,0,0,25.5,22.0,-3.5
qwen3-4b,80,freq,desc,fr,fr,visible,"Le contraire de ""visible"" est """,invisible,0,0,25.5,26.25,0.75
qwen3-4b,80,freq,val,fr,fr,visible,"Le contraire de ""visible"" est """,invisible,0,0,25.5,24.875,-0.625
qwen3-4b,80,freq,freq,fr,fr,visible,"Le contraire de ""visible"" est """,invisible,0,0,25.5,26.375,0.875
qwen3-4b,81,desc,desc,fr,fr,chaud,"Le contraire de ""chaud"" est """,frais,0,0,25.125,25.875,0.75
qwen3-4b,81,desc,val,fr,fr,chaud,"Le contraire de ""chaud"" est """,frais,0,0,25.125,23.5,-1.625
qwen3-4b,81,desc,freq,fr,fr,chaud,"Le contraire de ""chaud"" est """,frais,0,0,25.125,25.0,-0.125
qwen3-4b,81,val,desc,fr,fr,chaud,"Le contraire de ""chaud"" est """,frais,0,0,25.125,24.625,-0.5
qwen3-4b,81,val,val,fr,fr,chaud,"Le contraire de ""chaud"" est """,frais,0,0,25.125,24.375,-0.75
qwen3-4b,81,val,freq,fr,fr,chaud,"Le contraire de ""chaud"" est """,frais,0,0,25.125,24.25,-0.875
qwen3-4b,81,freq,desc,fr,fr,chaud,"Le contraire de ""chaud"" est """,frais,0,0,25.125,26.0,0.875
qwen3-4b,81,freq,val,fr,fr,chaud,"Le contraire de ""chaud"" est """,frais,0,0,25.125,22.625,-2.5
qwen3-4b,81,freq,freq,fr,fr,chaud,"Le contraire de ""chaud"" est """,frais,0,0,25.125,25.875,0.75
qwen3-4b,82,desc,desc,fr,fr,lisse,"Le contraire de ""lisse"" est """,rugueux,0,0,20.0,20.625,0.625
qwen3-4b,82,desc,val,fr,fr,lisse,"Le contraire de ""lisse"" est """,rugueux,0,0,20.0,21.375,1.375
qwen3-4b,82,desc,freq,fr,fr,lisse,"Le contraire de ""lisse"" est """,rugueux,0,0,20.0,21.25,1.25
qwen3-4b,82,val,desc,fr,fr,lisse,"Le contraire de ""lisse"" est """,rugueux,0,0,20.0,20.5,0.5
qwen3-4b,82,val,val,fr,fr,lisse,"Le contraire de ""lisse"" est """,rugueux,0,0,20.0,20.375,0.375
qwen3-4b,82,val,freq,fr,fr,lisse,"Le contraire de ""lisse"" est """,rugueux,0,0,20.0,20.25,0.25
qwen3-4b,82,freq,desc,fr,fr,lisse,"Le contraire de ""lisse"" est """,rugueux,0,0,20.0,20.625,0.625
qwen3-4b,82,freq,val,fr,fr,lisse,"Le contraire de ""lisse"" est """,rugueux,0,1,20.0,20.25,0.25
qwen3-4b,82,freq,freq,fr,fr,lisse,"Le contraire de ""lisse"" est """,rugueux,0,0,20.0,20.375,0.375
qwen3-4b,83,desc,desc,fr,fr,mince,"Le contraire de ""mince"" est """,épais,0,3,18.0,16.875,-1.125
qwen3-4b,83,desc,val,fr,fr,mince,"Le contraire de ""mince"" est """,épais,0,6,18.0,16.125,-1.875
qwen3-4b,83,desc,freq,fr,fr,mince,"Le contraire de ""mince"" est """,épais,0,15,18.0,13.625,-4.375
qwen3-4b,83,val,desc,fr,fr,mince,"Le contraire de ""mince"" est """,épais,0,7,18.0,13.375,-4.625
qwen3-4b,83,val,val,fr,fr,mince,"Le contraire de ""mince"" est """,épais,0,7,18.0,13.3125,-4.6875
qwen3-4b,83,val,freq,fr,fr,mince,"Le contraire de ""mince"" est """,épais,0,15,18.0,11.25,-6.75
qwen3-4b,83,freq,desc,fr,fr,mince,"Le contraire de ""mince"" est """,épais,0,19,18.0,14.5,-3.5
qwen3-4b,83,freq,val,fr,fr,mince,"Le contraire de ""mince"" est """,épais,0,21,18.0,14.375,-3.625
qwen3-4b,83,freq,freq,fr,fr,mince,"Le contraire de ""mince"" est """,épais,0,18,18.0,14.5625,-3.4375
qwen3-4b,84,desc,desc,fr,fr,grand,"Le contraire de ""grand"" est """,petit,0,0,24.5,26.5,2.0
qwen3-4b,84,desc,val,fr,fr,grand,"Le contraire de ""grand"" est """,petit,0,0,24.5,24.125,-0.375
qwen3-4b,84,desc,freq,fr,fr,grand,"Le contraire de ""grand"" est """,petit,0,0,24.5,24.875,0.375
qwen3-4b,84,val,desc,fr,fr,grand,"Le contraire de ""grand"" est """,petit,0,0,24.5,23.125,-1.375
qwen3-4b,84,val,val,fr,fr,grand,"Le contraire de ""grand"" est """,petit,0,0,24.5,23.0,-1.5
qwen3-4b,84,val,freq,fr,fr,grand,"Le contraire de ""grand"" est """,petit,0,0,24.5,22.125,-2.375
qwen3-4b,84,freq,desc,fr,fr,grand,"Le contraire de ""grand"" est """,petit,0,0,24.5,25.0,0.5
qwen3-4b,84,freq,val,fr,fr,grand,"Le contraire de ""grand"" est """,petit,0,0,24.5,22.75,-1.75
qwen3-4b,84,freq,freq,fr,fr,grand,"Le contraire de ""grand"" est """,petit,0,0,24.5,24.75,0.25
qwen3-4b,85,desc,desc,fr,fr,marié,"Le contraire de ""marié"" est """,célibataire,1,2,20.125,17.875,-2.25
qwen3-4b,85,desc,val,fr,fr,marié,"Le contraire de ""marié"" est """,célibataire,1,10,20.125,16.375,-3.75
qwen3-4b,85,desc,freq,fr,fr,marié,"Le contraire de ""marié"" est """,célibataire,1,6,20.125,15.875,-4.25
qwen3-4b,85,val,desc,fr,fr,marié,"Le contraire de ""marié"" est """,célibataire,1,3,20.125,16.875,-3.25
qwen3-4b,85,val,val,fr,fr,marié,"Le contraire de ""marié"" est """,célibataire,1,4,20.125,17.125,-3.0
qwen3-4b,85,val,freq,fr,fr,marié,"Le contraire de ""marié"" est """,célibataire,1,2,20.125,16.125,-4.0
qwen3-4b,85,freq,desc,fr,fr,marié,"Le contraire de ""marié"" est """,célibataire,1,9,20.125,15.25,-4.875
qwen3-4b,85,freq,val,fr,fr,marié,"Le contraire de ""marié"" est """,célibataire,1,13,20.125,14.5625,-5.5625
qwen3-4b,85,freq,freq,fr,fr,marié,"Le contraire de ""marié"" est """,célibataire,1,9,20.125,15.1875,-4.9375
qwen3-4b,86,desc,desc,fr,fr,optimiste,"Le contraire de ""optimiste"" est """,pessimiste,0,0,24.875,28.875,4.0
qwen3-4b,86,desc,val,fr,fr,optimiste,"Le contraire de ""optimiste"" est """,pessimiste,0,0,24.875,26.5,1.625
qwen3-4b,86,desc,freq,fr,fr,optimiste,"Le contraire de ""optimiste"" est """,pessimiste,0,0,24.875,29.0,4.125
qwen3-4b,86,val,desc,fr,fr,optimiste,"Le contraire de ""optimiste"" est """,pessimiste,0,0,24.875,24.75,-0.125
qwen3-4b,86,val,val,fr,fr,optimiste,"Le contraire de ""optimiste"" est """,pessimiste,0,0,24.875,25.0,0.125
qwen3-4b,86,val,freq,fr,fr,optimiste,"Le contraire de ""optimiste"" est """,pessimiste,0,0,24.875,25.25,0.375
qwen3-4b,86,freq,desc,fr,fr,optimiste,"Le contraire de ""optimiste"" est """,pessimiste,0,0,24.875,29.5,4.625
qwen3-4b,86,freq,val,fr,fr,optimiste,"Le contraire de ""optimiste"" est """,pessimiste,0,0,24.875,26.875,2.0
qwen3-4b,86,freq,freq,fr,fr,optimiste,"Le contraire de ""optimiste"" est """,pessimiste,0,0,24.875,29.25,4.375
qwen3-4b,87,desc,desc,fr,fr,permanent,"Le contraire de ""permanent"" est """,temporaire,0,0,19.625,19.625,0.0
qwen3-4b,87,desc,val,fr,fr,permanent,"Le contraire de ""permanent"" est """,temporaire,0,1,19.625,20.75,1.125
qwen3-4b,87,desc,freq,fr,fr,permanent,"Le contraire de ""permanent"" est """,temporaire,0,0,19.625,19.75,0.125
qwen3-4b,87,val,desc,fr,fr,permanent,"Le contraire de ""permanent"" est """,temporaire,0,1,19.625,16.25,-3.375
qwen3-4b,87,val,val,fr,fr,permanent,"Le contraire de ""permanent"" est """,temporaire,0,1,19.625,16.5,-3.125
qwen3-4b,87,val,freq,fr,fr,permanent,"Le contraire de ""permanent"" est """,temporaire,0,1,19.625,16.0,-3.625
qwen3-4b,87,freq,desc,fr,fr,permanent,"Le contraire de ""permanent"" est """,temporaire,0,1,19.625,19.25,-0.375
qwen3-4b,87,freq,val,fr,fr,permanent,"Le contraire de ""permanent"" est """,temporaire,0,1,19.625,20.75,1.125
qwen3-4b,87,freq,freq,fr,fr,permanent,"Le contraire de ""permanent"" est """,temporaire,0,0,19.625,19.25,-0.375
qwen3-4b,88,desc,desc,fr,fr,présent,"Le contraire de ""présent"" est """,passé,0,0,21.0,22.125,1.125
qwen3-4b,88,desc,val,fr,fr,présent,"Le contraire de ""présent"" est """,passé,0,0,21.0,22.625,1.625
qwen3-4b,88,desc,freq,fr,fr,présent,"Le contraire de ""présent"" est """,passé,0,0,21.0,22.0,1.0
qwen3-4b,88,val,desc,fr,fr,présent,"Le contraire de ""présent"" est """,passé,0,0,21.0,20.5,-0.5
qwen3-4b,88,val,val,fr,fr,présent,"Le contraire de ""présent"" est """,passé,0,0,21.0,20.5,-0.5
qwen3-4b,88,val,freq,fr,fr,présent,"Le contraire de ""présent"" est """,passé,0,0,21.0,20.375,-0.625
qwen3-4b,88,freq,desc,fr,fr,présent,"Le contraire de ""présent"" est """,passé,0,0,21.0,22.25,1.25
qwen3-4b,88,freq,val,fr,fr,présent,"Le contraire de ""présent"" est """,passé,0,0,21.0,22.75,1.75
qwen3-4b,88,freq,freq,fr,fr,présent,"Le contraire de ""présent"" est """,passé,0,0,21.0,22.25,1.25
qwen3-4b,89,desc,desc,fr,fr,public,"Le contraire de ""public"" est """,privé,0,0,18.0,17.875,-0.125
qwen3-4b,89,desc,val,fr,fr,public,"Le contraire de ""public"" est """,privé,0,1,18.0,18.75,0.75
qwen3-4b,89,desc,freq,fr,fr,public,"Le contraire de ""public"" est """,privé,0,0,18.0,18.5,0.5
qwen3-4b,89,val,desc,fr,fr,public,"Le contraire de ""public"" est """,privé,0,0,18.0,15.0,-3.0
qwen3-4b,89,val,val,fr,fr,public,"Le contraire de ""public"" est """,privé,0,0,18.0,15.0625,-2.9375
qwen3-4b,89,val,freq,fr,fr,public,"Le contraire de ""public"" est """,privé,0,0,18.0,15.0625,-2.9375
qwen3-4b,89,freq,desc,fr,fr,public,"Le contraire de ""public"" est """,privé,0,1,18.0,17.75,-0.25
qwen3-4b,89,freq,val,fr,fr,public,"Le contraire de ""public"" est """,privé,0,1,18.0,18.875,0.875
qwen3-4b,89,freq,freq,fr,fr,public,"Le contraire de ""public"" est """,privé,0,1,18.0,17.75,-0.25
qwen3-4b,90,desc,desc,fr,fr,réel,"Le contraire de ""réel"" est """,irréel,9,2,15.5,19.25,3.75
qwen3-4b,90,desc,val,fr,fr,réel,"Le contraire de ""réel"" est """,irréel,9,2,15.5,19.0,3.5
qwen3-4b,90,desc,freq,fr,fr,réel,"Le contraire de ""réel"" est """,irréel,9,9,15.5,16.375,0.875
qwen3-4b,90,val,desc,fr,fr,réel,"Le contraire de ""réel"" est """,irréel,9,4,15.5,16.375,0.875
qwen3-4b,90,val,val,fr,fr,réel,"Le contraire de ""réel"" est """,irréel,9,4,15.5,16.5,1.0
qwen3-4b,90,val,freq,fr,fr,réel,"Le contraire de ""réel"" est """,irréel,9,14,15.5,13.4375,-2.0625
qwen3-4b,90,freq,desc,fr,fr,réel,"Le contraire de ""réel"" est """,irréel,9,2,15.5,20.0,4.5
qwen3-4b,90,freq,val,fr,fr,réel,"Le contraire de ""réel"" est """,irréel,9,2,15.5,19.625,4.125
qwen3-4b,90,freq,freq,fr,fr,réel,"Le contraire de ""réel"" est """,irréel,9,2,15.5,20.0,4.5
qwen3-4b,91,desc,desc,fr,fr,responsable,"Le contraire de ""responsable"" est """,irresponsable,17,11,14.375,15.8125,1.4375
qwen3-4b,91,desc,val,fr,fr,responsable,"Le contraire de ""responsable"" est """,irresponsable,17,16,14.375,15.1875,0.8125
qwen3-4b,91,desc,freq,fr,fr,responsable,"Le contraire de ""responsable"" est """,irresponsable,17,36,14.375,13.0625,-1.3125
qwen3-4b,91,val,desc,fr,fr,responsable,"Le contraire de ""responsable"" est """,irresponsable,17,27,14.375,11.3125,-3.0625
qwen3-4b,91,val,val,fr,fr,responsable,"Le contraire de ""responsable"" est """,irresponsable,17,28,14.375,11.375,-3.0
qwen3-4b,91,val,freq,fr,fr,responsable,"Le contraire de ""responsable"" est """,irresponsable,17,57,14.375,9.9375,-4.4375
qwen3-4b,91,freq,desc,fr,fr,responsable,"Le contraire de ""responsable"" est """,irresponsable,17,10,14.375,16.375,2.0
qwen3-4b,91,freq,val,fr,fr,responsable,"Le contraire de ""responsable"" est """,irresponsable,17,11,14.375,15.875,1.5
qwen3-4b,91,freq,freq,fr,fr,responsable,"Le contraire de ""responsable"" est """,irresponsable,17,9,14.375,16.25,1.875
qwen3-4b,92,desc,desc,fr,fr,célibataire,"Le contraire de ""célibataire"" est """,marié,0,1,19.5,17.0,-2.5
qwen3-4b,92,desc,val,fr,fr,célibataire,"Le contraire de ""célibataire"" est """,marié,0,1,19.5,17.75,-1.75
qwen3-4b,92,desc,freq,fr,fr,célibataire,"Le contraire de ""célibataire"" est """,marié,0,1,19.5,15.5625,-3.9375
qwen3-4b,92,val,desc,fr,fr,célibataire,"Le contraire de ""célibataire"" est """,marié,0,5,19.5,12.9375,-6.5625
qwen3-4b,92,val,val,fr,fr,célibataire,"Le contraire de ""célibataire"" est """,marié,0,4,19.5,13.5,-6.0
qwen3-4b,92,val,freq,fr,fr,célibataire,"Le contraire de ""célibataire"" est """,marié,0,5,19.5,13.0625,-6.4375
qwen3-4b,92,freq,desc,fr,fr,célibataire,"Le contraire de ""célibataire"" est """,marié,0,2,19.5,15.625,-3.875
qwen3-4b,92,freq,val,fr,fr,célibataire,"Le contraire de ""célibataire"" est """,marié,0,1,19.5,17.375,-2.125
qwen3-4b,92,freq,freq,fr,fr,célibataire,"Le contraire de ""célibataire"" est """,marié,0,2,19.5,15.6875,-3.8125
qwen3-4b,93,desc,desc,fr,fr,acide,"Le contraire de ""acide"" est """,doux,13,14,12.3125,13.25,0.9375
qwen3-4b,93,desc,val,fr,fr,acide,"Le contraire de ""acide"" est """,doux,13,17,12.3125,14.25,1.9375
qwen3-4b,93,desc,freq,fr,fr,acide,"Le contraire de ""acide"" est """,doux,13,7,12.3125,13.9375,1.625
qwen3-4b,93,val,desc,fr,fr,acide,"Le contraire de ""acide"" est """,doux,13,16,12.3125,11.875,-0.4375
qwen3-4b,93,val,val,fr,fr,acide,"Le contraire de ""acide"" est """,doux,13,16,12.3125,12.0,-0.3125
qwen3-4b,93,val,freq,fr,fr,acide,"Le contraire de ""acide"" est """,doux,13,6,12.3125,12.5,0.1875
qwen3-4b,93,freq,desc,fr,fr,acide,"Le contraire de ""acide"" est """,doux,13,18,12.3125,14.0,1.6875
qwen3-4b,93,freq,val,fr,fr,acide,"Le contraire de ""acide"" est """,doux,13,17,12.3125,14.625,2.3125
qwen3-4b,93,freq,freq,fr,fr,acide,"Le contraire de ""acide"" est """,doux,13,18,12.3125,14.0,1.6875
qwen3-4b,94,desc,desc,fr,fr,utile,"Le contraire de ""utile"" est """,inutile,0,0,21.375,21.625,0.25
qwen3-4b,94,desc,val,fr,fr,utile,"Le contraire de ""utile"" est """,inutile,0,0,21.375,20.75,-0.625
qwen3-4b,94,desc,freq,fr,fr,utile,"Le contraire de ""utile"" est """,inutile,0,0,21.375,21.5,0.125
qwen3-4b,94,val,desc,fr,fr,utile,"Le contraire de ""utile"" est """,inutile,0,0,21.375,17.125,-4.25
qwen3-4b,94,val,val,fr,fr,utile,"Le contraire de ""utile"" est """,inutile,0,0,21.375,17.25,-4.125
qwen3-4b,94,val,freq,fr,fr,utile,"Le contraire de ""utile"" est """,inutile,0,0,21.375,17.25,-4.125
qwen3-4b,94,freq,desc,fr,fr,utile,"Le contraire de ""utile"" est """,inutile,0,0,21.375,21.25,-0.125
qwen3-4b,94,freq,val,fr,fr,utile,"Le contraire de ""utile"" est """,inutile,0,0,21.375,20.375,-1.0
qwen3-4b,94,freq,freq,fr,fr,utile,"Le contraire de ""utile"" est """,inutile,0,0,21.375,21.25,-0.125
qwen3-4b,95,desc,desc,fr,fr,vertical,"Le contraire de ""vertical"" est """,horizontal,0,0,24.75,24.625,-0.125
qwen3-4b,95,desc,val,fr,fr,vertical,"Le contraire de ""vertical"" est """,horizontal,0,0,24.75,23.5,-1.25
qwen3-4b,95,desc,freq,fr,fr,vertical,"Le contraire de ""vertical"" est """,horizontal,0,0,24.75,24.875,0.125
qwen3-4b,95,val,desc,fr,fr,vertical,"Le contraire de ""vertical"" est """,horizontal,0,0,24.75,21.0,-3.75
qwen3-4b,95,val,val,fr,fr,vertical,"Le contraire de ""vertical"" est """,horizontal,0,0,24.75,21.0,-3.75
qwen3-4b,95,val,freq,fr,fr,vertical,"Le contraire de ""vertical"" est """,horizontal,0,0,24.75,22.375,-2.375
qwen3-4b,95,freq,desc,fr,fr,vertical,"Le contraire de ""vertical"" est """,horizontal,0,0,24.75,24.375,-0.375
qwen3-4b,95,freq,val,fr,fr,vertical,"Le contraire de ""vertical"" est """,horizontal,0,0,24.75,23.625,-1.125
qwen3-4b,95,freq,freq,fr,fr,vertical,"Le contraire de ""vertical"" est """,horizontal,0,0,24.75,24.375,-0.375
qwen3-4b,96,desc,desc,fr,fr,bien,"Le contraire de ""bien"" est """,mal,1,0,25.25,25.875,0.625
qwen3-4b,96,desc,val,fr,fr,bien,"Le contraire de ""bien"" est """,mal,1,0,25.25,24.625,-0.625
qwen3-4b,96,desc,freq,fr,fr,bien,"Le contraire de ""bien"" est """,mal,1,0,25.25,24.625,-0.625
qwen3-4b,96,val,desc,fr,fr,bien,"Le contraire de ""bien"" est """,mal,1,0,25.25,23.5,-1.75
qwen3-4b,96,val,val,fr,fr,bien,"Le contraire de ""bien"" est """,mal,1,0,25.25,23.375,-1.875
qwen3-4b,96,val,freq,fr,fr,bien,"Le contraire de ""bien"" est """,mal,1,0,25.25,22.125,-3.125
qwen3-4b,96,freq,desc,fr,fr,bien,"Le contraire de ""bien"" est """,mal,1,0,25.25,25.0,-0.25
qwen3-4b,96,freq,val,fr,fr,bien,"Le contraire de ""bien"" est """,mal,1,0,25.25,23.5,-1.75
qwen3-4b,96,freq,freq,fr,fr,bien,"Le contraire de ""bien"" est """,mal,1,0,25.25,25.0,-0.25
qwen3-4b,97,desc,desc,fr,fr,gagnant,"Le contraire de ""gagnant"" est """,perdant,0,0,24.375,25.625,1.25
qwen3-4b,97,desc,val,fr,fr,gagnant,"Le contraire de ""gagnant"" est """,perdant,0,0,24.375,23.5,-0.875
qwen3-4b,97,desc,freq,fr,fr,gagnant,"Le contraire de ""gagnant"" est """,perdant,0,0,24.375,25.75,1.375
qwen3-4b,97,val,desc,fr,fr,gagnant,"Le contraire de ""gagnant"" est """,perdant,0,0,24.375,23.25,-1.125
qwen3-4b,97,val,val,fr,fr,gagnant,"Le contraire de ""gagnant"" est """,perdant,0,0,24.375,23.25,-1.125
qwen3-4b,97,val,freq,fr,fr,gagnant,"Le contraire de ""gagnant"" est """,perdant,0,0,24.375,23.5,-0.875
qwen3-4b,97,freq,desc,fr,fr,gagnant,"Le contraire de ""gagnant"" est """,perdant,0,0,24.375,25.125,0.75
qwen3-4b,97,freq,val,fr,fr,gagnant,"Le contraire de ""gagnant"" est """,perdant,0,0,24.375,22.75,-1.625
qwen3-4b,97,freq,freq,fr,fr,gagnant,"Le contraire de ""gagnant"" est """,perdant,0,0,24.375,25.0,0.625
qwen3-4b,98,desc,desc,fr,fr,méchant,"Le contraire de ""méchant"" est """,gentil,1,1,19.875,21.375,1.5
qwen3-4b,98,desc,val,fr,fr,méchant,"Le contraire de ""méchant"" est """,gentil,1,1,19.875,21.0,1.125
qwen3-4b,98,desc,freq,fr,fr,méchant,"Le contraire de ""méchant"" est """,gentil,1,0,19.875,20.625,0.75
qwen3-4b,98,val,desc,fr,fr,méchant,"Le contraire de ""méchant"" est """,gentil,1,2,19.875,20.125,0.25
qwen3-4b,98,val,val,fr,fr,méchant,"Le contraire de ""méchant"" est """,gentil,1,2,19.875,19.875,0.0
qwen3-4b,98,val,freq,fr,fr,méchant,"Le contraire de ""méchant"" est """,gentil,1,1,19.875,18.875,-1.0
qwen3-4b,98,freq,desc,fr,fr,méchant,"Le contraire de ""méchant"" est """,gentil,1,1,19.875,22.0,2.125
qwen3-4b,98,freq,val,fr,fr,méchant,"Le contraire de ""méchant"" est """,gentil,1,1,19.875,20.5,0.625
qwen3-4b,98,freq,freq,fr,fr,méchant,"Le contraire de ""méchant"" est """,gentil,1,1,19.875,21.875,2.0
qwen3-4b,99,desc,desc,fr,fr,lâche,"Le contraire de ""lâche"" est """,courageux,5,4,15.9375,17.0,1.0625
qwen3-4b,99,desc,val,fr,fr,lâche,"Le contraire de ""lâche"" est """,courageux,5,5,15.9375,16.875,0.9375
qwen3-4b,99,desc,freq,fr,fr,lâche,"Le contraire de ""lâche"" est """,courageux,5,2,15.9375,17.875,1.9375
qwen3-4b,99,val,desc,fr,fr,lâche,"Le contraire de ""lâche"" est """,courageux,5,3,15.9375,16.375,0.4375
qwen3-4b,99,val,val,fr,fr,lâche,"Le contraire de ""lâche"" est """,courageux,5,3,15.9375,16.0,0.0625
qwen3-4b,99,val,freq,fr,fr,lâche,"Le contraire de ""lâche"" est """,courageux,5,0,15.9375,17.5,1.5625
qwen3-4b,99,freq,desc,fr,fr,lâche,"Le contraire de ""lâche"" est """,courageux,5,5,15.9375,17.125,1.1875
qwen3-4b,99,freq,val,fr,fr,lâche,"Le contraire de ""lâche"" est """,courageux,5,7,15.9375,16.5,0.5625
qwen3-4b,99,freq,freq,fr,fr,lâche,"Le contraire de ""lâche"" est """,courageux,5,5,15.9375,17.125,1.1875
qwen3-4b,0,desc,desc,fr,ja,良い,"Le contraire de ""良い"" est """,悪い,0,0,22.0,21.625,-0.375
qwen3-4b,0,desc,val,fr,ja,良い,"Le contraire de ""良い"" est """,悪い,0,0,22.0,18.75,-3.25
qwen3-4b,0,desc,freq,fr,ja,良い,"Le contraire de ""良い"" est """,悪い,0,0,22.0,20.375,-1.625
qwen3-4b,0,val,desc,fr,ja,良い,"Le contraire de ""良い"" est """,悪い,0,1,22.0,14.125,-7.875
qwen3-4b,0,val,val,fr,ja,良い,"Le contraire de ""良い"" est """,悪い,0,1,22.0,13.5,-8.5
qwen3-4b,0,val,freq,fr,ja,良い,"Le contraire de ""良い"" est """,悪い,0,1,22.0,13.625,-8.375
qwen3-4b,0,freq,desc,fr,ja,良い,"Le contraire de ""良い"" est """,悪い,0,4,22.0,15.125,-6.875
qwen3-4b,0,freq,val,fr,ja,良い,"Le contraire de ""良い"" est """,悪い,0,5,22.0,13.5625,-8.4375
qwen3-4b,0,freq,freq,fr,ja,良い,"Le contraire de ""良い"" est """,悪い,0,6,22.0,14.3125,-7.6875
qwen3-4b,1,desc,desc,fr,ja,嬉しい,"Le contraire de ""嬉しい"" est """,悲しい,0,0,19.125,19.0,-0.125
qwen3-4b,1,desc,val,fr,ja,嬉しい,"Le contraire de ""嬉しい"" est """,悲しい,0,0,19.125,17.25,-1.875
qwen3-4b,1,desc,freq,fr,ja,嬉しい,"Le contraire de ""嬉しい"" est """,悲しい,0,0,19.125,19.625,0.5
qwen3-4b,1,val,desc,fr,ja,嬉しい,"Le contraire de ""嬉しい"" est """,悲しい,0,0,19.125,15.8125,-3.3125
qwen3-4b,1,val,val,fr,ja,嬉しい,"Le contraire de ""嬉しい"" est """,悲しい,0,0,19.125,15.3125,-3.8125
qwen3-4b,1,val,freq,fr,ja,嬉しい,"Le contraire de ""嬉しい"" est """,悲しい,0,0,19.125,16.875,-2.25
qwen3-4b,1,freq,desc,fr,ja,嬉しい,"Le contraire de ""嬉しい"" est """,悲しい,0,4,19.125,15.5,-3.625
qwen3-4b,1,freq,val,fr,ja,嬉しい,"Le contraire de ""嬉しい"" est """,悲しい,0,2,19.125,14.3125,-4.8125
qwen3-4b,1,freq,freq,fr,ja,嬉しい,"Le contraire de ""嬉しい"" est """,悲しい,0,6,19.125,15.125,-4.0
qwen3-4b,2,desc,desc,fr,ja,大きい,"Le contraire de ""大きい"" est """,小さい,0,0,18.5,17.5,-1.0
qwen3-4b,2,desc,val,fr,ja,大きい,"Le contraire de ""大きい"" est """,小さい,0,1,18.5,15.5625,-2.9375
qwen3-4b,2,desc,freq,fr,ja,大きい,"Le contraire de ""大きい"" est """,小さい,0,1,18.5,18.25,-0.25
qwen3-4b,2,val,desc,fr,ja,大きい,"Le contraire de ""大きい"" est """,小さい,0,2,18.5,11.5625,-6.9375
qwen3-4b,2,val,val,fr,ja,大きい,"Le contraire de ""大きい"" est """,小さい,0,2,18.5,11.0,-7.5
qwen3-4b,2,val,freq,fr,ja,大きい,"Le contraire de ""大きい"" est """,小さい,0,1,18.5,12.25,-6.25
qwen3-4b,2,freq,desc,fr,ja,大きい,"Le contraire de ""大きい"" est """,小さい,0,44,18.5,11.125,-7.375
qwen3-4b,2,freq,val,fr,ja,大きい,"Le contraire de ""大きい"" est """,小さい,0,74,18.5,9.6875,-8.8125
qwen3-4b,2,freq,freq,fr,ja,大きい,"Le contraire de ""大きい"" est """,小さい,0,58,18.5,10.5625,-7.9375
qwen3-4b,3,desc,desc,fr,ja,暑い,"Le contraire de ""暑い"" est """,寒い,0,0,17.5,17.0,-0.5
qwen3-4b,3,desc,val,fr,ja,暑い,"Le contraire de ""暑い"" est """,寒い,0,0,17.5,15.625,-1.875
qwen3-4b,3,desc,freq,fr,ja,暑い,"Le contraire de ""暑い"" est """,寒い,0,0,17.5,17.375,-0.125
qwen3-4b,3,val,desc,fr,ja,暑い,"Le contraire de ""暑い"" est """,寒い,0,0,17.5,14.4375,-3.0625
qwen3-4b,3,val,val,fr,ja,暑い,"Le contraire de ""暑い"" est """,寒い,0,2,17.5,13.625,-3.875
qwen3-4b,3,val,freq,fr,ja,暑い,"Le contraire de ""暑い"" est """,寒い,0,0,17.5,13.5625,-3.9375
qwen3-4b,3,freq,desc,fr,ja,暑い,"Le contraire de ""暑い"" est """,寒い,0,7,17.5,13.375,-4.125
qwen3-4b,3,freq,val,fr,ja,暑い,"Le contraire de ""暑い"" est """,寒い,0,10,17.5,12.6875,-4.8125
qwen3-4b,3,freq,freq,fr,ja,暑い,"Le contraire de ""暑い"" est """,寒い,0,9,17.5,13.0,-4.5
qwen3-4b,4,desc,desc,fr,ja,速い,"Le contraire de ""速い"" est """,遅い,0,0,23.125,22.875,-0.25
qwen3-4b,4,desc,val,fr,ja,速い,"Le contraire de ""速い"" est """,遅い,0,0,23.125,20.25,-2.875
qwen3-4b,4,desc,freq,fr,ja,速い,"Le contraire de ""速い"" est """,遅い,0,0,23.125,22.25,-0.875
qwen3-4b,4,val,desc,fr,ja,速い,"Le contraire de ""速い"" est """,遅い,0,0,23.125,18.0,-5.125
qwen3-4b,4,val,val,fr,ja,速い,"Le contraire de ""速い"" est """,遅い,0,0,23.125,17.625,-5.5
qwen3-4b,4,val,freq,fr,ja,速い,"Le contraire de ""速い"" est """,遅い,0,0,23.125,17.625,-5.5
qwen3-4b,4,freq,desc,fr,ja,速い,"Le contraire de ""速い"" est """,遅い,0,1,23.125,18.625,-4.5
qwen3-4b,4,freq,val,fr,ja,速い,"Le contraire de ""速い"" est """,遅い,0,1,23.125,15.9375,-7.1875
qwen3-4b,4,freq,freq,fr,ja,速い,"Le contraire de ""速い"" est """,遅い,0,1,23.125,18.0,-5.125
qwen3-4b,5,desc,desc,fr,ja,軽い,"Le contraire de ""軽い"" est """,重い,0,0,21.875,20.875,-1.0
qwen3-4b,5,desc,val,fr,ja,軽い,"Le contraire de ""軽い"" est """,重い,0,0,21.875,17.5,-4.375
qwen3-4b,5,desc,freq,fr,ja,軽い,"Le contraire de ""軽い"" est """,重い,0,0,21.875,21.0,-0.875
qwen3-4b,5,val,desc,fr,ja,軽い,"Le contraire de ""軽い"" est """,重い,0,3,21.875,11.9375,-9.9375
qwen3-4b,5,val,val,fr,ja,軽い,"Le contraire de ""軽い"" est """,重い,0,4,21.875,11.25,-10.625
qwen3-4b,5,val,freq,fr,ja,軽い,"Le contraire de ""軽い"" est """,重い,0,3,21.875,12.1875,-9.6875
qwen3-4b,5,freq,desc,fr,ja,軽い,"Le contraire de ""軽い"" est """,重い,0,3,21.875,15.1875,-6.6875
qwen3-4b,5,freq,val,fr,ja,軽い,"Le contraire de ""軽い"" est """,重い,0,11,21.875,11.125,-10.75
qwen3-4b,5,freq,freq,fr,ja,軽い,"Le contraire de ""軽い"" est """,重い,0,3,21.875,15.375,-6.5
qwen3-4b,6,desc,desc,fr,ja,簡単な,"Le contraire de ""簡単な"" est """,難しい,1,2,20.0,19.5,-0.5
qwen3-4b,6,desc,val,fr,ja,簡単な,"Le contraire de ""簡単な"" est """,難しい,1,2,20.0,17.375,-2.625
qwen3-4b,6,desc,freq,fr,ja,簡単な,"Le contraire de ""簡単な"" est """,難しい,1,2,20.0,18.5,-1.5
qwen3-4b,6,val,desc,fr,ja,簡単な,"Le contraire de ""簡単な"" est """,難しい,1,3,20.0,13.5,-6.5
qwen3-4b,6,val,val,fr,ja,簡単な,"Le contraire de ""簡単な"" est """,難しい,1,5,20.0,13.25,-6.75
qwen3-4b,6,val,freq,fr,ja,簡単な,"Le contraire de ""簡単な"" est """,難しい,1,3,20.0,12.3125,-7.6875
qwen3-4b,6,freq,desc,fr,ja,簡単な,"Le contraire de ""簡単な"" est """,難しい,1,10,20.0,15.1875,-4.8125
qwen3-4b,6,freq,val,fr,ja,簡単な,"Le contraire de ""簡単な"" est """,難しい,1,14,20.0,13.125,-6.875
qwen3-4b,6,freq,freq,fr,ja,簡単な,"Le contraire de ""簡単な"" est """,難しい,1,13,20.0,14.6875,-5.3125
qwen3-4b,7,desc,desc,fr,ja,新しい,"Le contraire de ""新しい"" est """,古い,0,0,20.875,20.375,-0.5
qwen3-4b,7,desc,val,fr,ja,新しい,"Le contraire de ""新しい"" est """,古い,0,0,20.875,18.25,-2.625
qwen3-4b,7,desc,freq,fr,ja,新しい,"Le contraire de ""新しい"" est """,古い,0,0,20.875,20.0,-0.875
qwen3-4b,7,val,desc,fr,ja,新しい,"Le contraire de ""新しい"" est """,古い,0,2,20.875,14.5625,-6.3125
qwen3-4b,7,val,val,fr,ja,新しい,"Le contraire de ""新しい"" est """,古い,0,2,20.875,14.0,-6.875
qwen3-4b,7,val,freq,fr,ja,新しい,"Le contraire de ""新しい"" est """,古い,0,1,20.875,15.125,-5.75
qwen3-4b,7,freq,desc,fr,ja,新しい,"Le contraire de ""新しい"" est """,古い,0,9,20.875,14.0,-6.875
qwen3-4b,7,freq,val,fr,ja,新しい,"Le contraire de ""新しい"" est """,古い,0,21,20.875,12.125,-8.75
qwen3-4b,7,freq,freq,fr,ja,新しい,"Le contraire de ""新しい"" est """,古い,0,13,20.875,13.4375,-7.4375
qwen3-4b,8,desc,desc,fr,ja,正しい,"Le contraire de ""正しい"" est """,間違った,0,0,20.25,19.875,-0.375
qwen3-4b,8,desc,val,fr,ja,正しい,"Le contraire de ""正しい"" est """,間違った,0,0,20.25,17.375,-2.875
qwen3-4b,8,desc,freq,fr,ja,正しい,"Le contraire de ""正しい"" est """,間違った,0,0,20.25,19.0,-1.25
qwen3-4b,8,val,desc,fr,ja,正しい,"Le contraire de ""正しい"" est """,間違った,0,0,20.25,15.875,-4.375
qwen3-4b,8,val,val,fr,ja,正しい,"Le contraire de ""正しい"" est """,間違った,0,0,20.25,15.6875,-4.5625
qwen3-4b,8,val,freq,fr,ja,正しい,"Le contraire de ""正しい"" est """,間違った,0,0,20.25,15.625,-4.625
qwen3-4b,8,freq,desc,fr,ja,正しい,"Le contraire de ""正しい"" est """,間違った,0,3,20.25,15.5,-4.75
qwen3-4b,8,freq,val,fr,ja,正しい,"Le contraire de ""正しい"" est """,間違った,0,5,20.25,13.8125,-6.4375
qwen3-4b,8,freq,freq,fr,ja,正しい,"Le contraire de ""正しい"" est """,間違った,0,5,20.25,14.9375,-5.3125
qwen3-4b,9,desc,desc,fr,ja,生きている,"Le contraire de ""生きている"" est """,死んでいる,0,0,20.625,18.875,-1.75
qwen3-4b,9,desc,val,fr,ja,生きている,"Le contraire de ""生きている"" est """,死んでいる,0,2,20.625,15.0625,-5.5625
qwen3-4b,9,desc,freq,fr,ja,生きている,"Le contraire de ""生きている"" est """,死んでいる,0,0,20.625,19.375,-1.25
qwen3-4b,9,val,desc,fr,ja,生きている,"Le contraire de ""生きている"" est """,死んでいる,0,1,20.625,14.75,-5.875
qwen3-4b,9,val,val,fr,ja,生きている,"Le contraire de ""生きている"" est """,死んでいる,0,5,20.625,13.625,-7.0
qwen3-4b,9,val,freq,fr,ja,生きている,"Le contraire de ""生きている"" est """,死んでいる,0,0,20.625,15.75,-4.875
qwen3-4b,9,freq,desc,fr,ja,生きている,"Le contraire de ""生きている"" est """,死んでいる,0,25,20.625,13.3125,-7.3125
qwen3-4b,9,freq,val,fr,ja,生きている,"Le contraire de ""生きている"" est """,死んでいる,0,39,20.625,11.0625,-9.5625
qwen3-4b,9,freq,freq,fr,ja,生きている,"Le contraire de ""生きている"" est """,死んでいる,0,33,20.625,12.3125,-8.3125
qwen3-4b,10,desc,desc,fr,ja,満杯,"Le contraire de ""満杯"" est """,空っぽ,0,0,17.625,17.5,-0.125
qwen3-4b,10,desc,val,fr,ja,満杯,"Le contraire de ""満杯"" est """,空っぽ,0,0,17.625,17.5,-0.125
qwen3-4b,10,desc,freq,fr,ja,満杯,"Le contraire de ""満杯"" est """,空っぽ,0,0,17.625,18.125,0.5
qwen3-4b,10,val,desc,fr,ja,満杯,"Le contraire de ""満杯"" est """,空っぽ,0,0,17.625,18.125,0.5
qwen3-4b,10,val,val,fr,ja,満杯,"Le contraire de ""満杯"" est """,空っぽ,0,0,17.625,17.5,-0.125
qwen3-4b,10,val,freq,fr,ja,満杯,"Le contraire de ""満杯"" est """,空っぽ,0,0,17.625,16.25,-1.375
qwen3-4b,10,freq,desc,fr,ja,満杯,"Le contraire de ""満杯"" est """,空っぽ,0,0,17.625,18.625,1.0
qwen3-4b,10,freq,val,fr,ja,満杯,"Le contraire de ""満杯"" est """,空っぽ,0,0,17.625,18.625,1.0
qwen3-4b,10,freq,freq,fr,ja,満杯,"Le contraire de ""満杯"" est """,空っぽ,0,0,17.625,18.25,0.625
qwen3-4b,11,desc,desc,fr,ja,明るい,"Le contraire de ""明るい"" est """,暗い,0,0,22.0,21.875,-0.125
qwen3-4b,11,desc,val,fr,ja,明るい,"Le contraire de ""明るい"" est """,暗い,0,0,22.0,20.75,-1.25
qwen3-4b,11,desc,freq,fr,ja,明るい,"Le contraire de ""明るい"" est """,暗い,0,0,22.0,22.5,0.5
qwen3-4b,11,val,desc,fr,ja,明るい,"Le contraire de ""明るい"" est """,暗い,0,0,22.0,20.5,-1.5
qwen3-4b,11,val,val,fr,ja,明るい,"Le contraire de ""明るい"" est """,暗い,0,0,22.0,20.625,-1.375
qwen3-4b,11,val,freq,fr,ja,明るい,"Le contraire de ""明るい"" est """,暗い,0,0,22.0,20.625,-1.375
qwen3-4b,11,freq,desc,fr,ja,明るい,"Le contraire de ""明るい"" est """,暗い,0,0,22.0,21.75,-0.25
qwen3-4b,11,freq,val,fr,ja,明るい,"Le contraire de ""明るい"" est """,暗い,0,0,22.0,20.625,-1.375
qwen3-4b,11,freq,freq,fr,ja,明るい,"Le contraire de ""明るい"" est """,暗い,0,0,22.0,21.625,-0.375
qwen3-4b,12,desc,desc,fr,ja,強い,"Le contraire de ""強い"" est """,弱い,0,0,20.625,20.125,-0.5
qwen3-4b,12,desc,val,fr,ja,強い,"Le contraire de ""強い"" est """,弱い,0,0,20.625,16.875,-3.75
qwen3-4b,12,desc,freq,fr,ja,強い,"Le contraire de ""強い"" est """,弱い,0,0,20.625,19.625,-1.0
qwen3-4b,12,val,desc,fr,ja,強い,"Le contraire de ""強い"" est """,弱い,0,1,20.625,12.8125,-7.8125
qwen3-4b,12,val,val,fr,ja,強い,"Le contraire de ""強い"" est """,弱い,0,2,20.625,12.375,-8.25
qwen3-4b,12,val,freq,fr,ja,強い,"Le contraire de ""強い"" est """,弱い,0,2,20.625,13.0,-7.625
qwen3-4b,12,freq,desc,fr,ja,強い,"Le contraire de ""強い"" est """,弱い,0,2,20.625,17.25,-3.375
qwen3-4b,12,freq,val,fr,ja,強い,"Le contraire de ""強い"" est """,弱い,0,2,20.625,14.4375,-6.1875
qwen3-4b,12,freq,freq,fr,ja,強い,"Le contraire de ""強い"" est """,弱い,0,2,20.625,17.25,-3.375
qwen3-4b,13,desc,desc,fr,ja,きれいな,"Le contraire de ""きれいな"" est """,汚い,0,0,15.9375,15.5,-0.4375
qwen3-4b,13,desc,val,fr,ja,きれいな,"Le contraire de ""きれいな"" est """,汚い,0,0,15.9375,14.9375,-1.0
qwen3-4b,13,desc,freq,fr,ja,きれいな,"Le contraire de ""きれいな"" est """,汚い,0,0,15.9375,16.0,0.0625
qwen3-4b,13,val,desc,fr,ja,きれいな,"Le contraire de ""きれいな"" est """,汚い,0,7,15.9375,10.5625,-5.375
qwen3-4b,13,val,val,fr,ja,きれいな,"Le contraire de ""きれいな"" est """,汚い,0,8,15.9375,10.3125,-5.625
qwen3-4b,13,val,freq,fr,ja,きれいな,"Le contraire de ""きれいな"" est """,汚い,0,6,15.9375,11.4375,-4.5
qwen3-4b,13,freq,desc,fr,ja,きれいな,"Le contraire de ""きれいな"" est """,汚い,0,62,15.9375,11.0,-4.9375
qwen3-4b,13,freq,val,fr,ja,きれいな,"Le contraire de ""きれいな"" est """,汚い,0,112,15.9375,10.25,-5.6875
qwen3-4b,13,freq,freq,fr,ja,きれいな,"Le contraire de ""きれいな"" est """,汚い,0,74,15.9375,10.75,-5.1875
qwen3-4b,14,desc,desc,fr,ja,開いた,"Le contraire de ""開いた"" est """,閉じた,0,0,22.0,21.625,-0.375
qwen3-4b,14,desc,val,fr,ja,開いた,"Le contraire de ""開いた"" est """,閉じた,0,0,22.0,18.75,-3.25
qwen3-4b,14,desc,freq,fr,ja,開いた,"Le contraire de ""開いた"" est """,閉じた,0,0,22.0,20.0,-2.0
qwen3-4b,14,val,desc,fr,ja,開いた,"Le contraire de ""開いた"" est """,閉じた,0,0,22.0,16.5,-5.5
qwen3-4b,14,val,val,fr,ja,開いた,"Le contraire de ""開いた"" est """,閉じた,0,0,22.0,16.375,-5.625
qwen3-4b,14,val,freq,fr,ja,開いた,"Le contraire de ""開いた"" est """,閉じた,0,0,22.0,14.9375,-7.0625
qwen3-4b,14,freq,desc,fr,ja,開いた,"Le contraire de ""開いた"" est """,閉じた,0,5,22.0,17.5,-4.5
qwen3-4b,14,freq,val,fr,ja,開いた,"Le contraire de ""開いた"" est """,閉じた,0,4,22.0,15.625,-6.375
qwen3-4b,14,freq,freq,fr,ja,開いた,"Le contraire de ""開いた"" est """,閉じた,0,5,22.0,17.125,-4.875
qwen3-4b,15,desc,desc,fr,ja,裕福な,"Le contraire de ""裕福な"" est """,貧しい,0,0,19.125,18.625,-0.5
qwen3-4b,15,desc,val,fr,ja,裕福な,"Le contraire de ""裕福な"" est """,貧しい,0,0,19.125,18.375,-0.75
qwen3-4b,15,desc,freq,fr,ja,裕福な,"Le contraire de ""裕福な"" est """,貧しい,0,0,19.125,19.625,0.5
qwen3-4b,15,val,desc,fr,ja,裕福な,"Le contraire de ""裕福な"" est """,貧しい,0,0,19.125,14.0625,-5.0625
qwen3-4b,15,val,val,fr,ja,裕福な,"Le contraire de ""裕福な"" est """,貧しい,0,0,19.125,13.75,-5.375
qwen3-4b,15,val,freq,fr,ja,裕福な,"Le contraire de ""裕福な"" est """,貧しい,0,0,19.125,14.5625,-4.5625
qwen3-4b,15,freq,desc,fr,ja,裕福な,"Le contraire de ""裕福な"" est """,貧しい,0,3,19.125,14.375,-4.75
qwen3-4b,15,freq,val,fr,ja,裕福な,"Le contraire de ""裕福な"" est """,貧しい,0,0,19.125,14.75,-4.375
qwen3-4b,15,freq,freq,fr,ja,裕福な,"Le contraire de ""裕福な"" est """,貧しい,0,6,19.125,14.5625,-4.5625
qwen3-4b,16,desc,desc,fr,ja,美しい,"Le contraire de ""美しい"" est """,醜い,0,0,18.375,18.0,-0.375
qwen3-4b,16,desc,val,fr,ja,美しい,"Le contraire de ""美しい"" est """,醜い,0,0,18.375,16.875,-1.5
qwen3-4b,16,desc,freq,fr,ja,美しい,"Le contraire de ""美しい"" est """,醜い,0,0,18.375,18.375,0.0
qwen3-4b,16,val,desc,fr,ja,美しい,"Le contraire de ""美しい"" est """,醜い,0,0,18.375,15.125,-3.25
qwen3-4b,16,val,val,fr,ja,美しい,"Le contraire de ""美しい"" est """,醜い,0,0,18.375,15.0625,-3.3125
qwen3-4b,16,val,freq,fr,ja,美しい,"Le contraire de ""美しい"" est """,醜い,0,0,18.375,16.25,-2.125
qwen3-4b,16,freq,desc,fr,ja,美しい,"Le contraire de ""美しい"" est """,醜い,0,1,18.375,16.75,-1.625
qwen3-4b,16,freq,val,fr,ja,美しい,"Le contraire de ""美しい"" est """,醜い,0,2,18.375,15.875,-2.5
qwen3-4b,16,freq,freq,fr,ja,美しい,"Le contraire de ""美しい"" est """,醜い,0,1,18.375,16.75,-1.625
qwen3-4b,17,desc,desc,fr,ja,長い,"Le contraire de ""長い"" est """,短い,0,0,22.625,22.25,-0.375
qwen3-4b,17,desc,val,fr,ja,長い,"Le contraire de ""長い"" est """,短い,0,0,22.625,19.625,-3.0
qwen3-4b,17,desc,freq,fr,ja,長い,"Le contraire de ""長い"" est """,短い,0,0,22.625,22.375,-0.25
qwen3-4b,17,val,desc,fr,ja,長い,"Le contraire de ""長い"" est """,短い,0,0,22.625,15.75,-6.875
qwen3-4b,17,val,val,fr,ja,長い,"Le contraire de ""長い"" est """,短い,0,0,22.625,15.5625,-7.0625
qwen3-4b,17,val,freq,fr,ja,長い,"Le contraire de ""長い"" est """,短い,0,0,22.625,16.375,-6.25
qwen3-4b,17,freq,desc,fr,ja,長い,"Le contraire de ""長い"" est """,短い,0,0,22.625,21.5,-1.125
qwen3-4b,17,freq,val,fr,ja,長い,"Le contraire de ""長い"" est """,短い,0,0,22.625,19.125,-3.5
qwen3-4b,17,freq,freq,fr,ja,長い,"Le contraire de ""長い"" est """,短い,0,0,22.625,21.125,-1.5
qwen3-4b,18,desc,desc,fr,ja,広い,"Le contraire de ""広い"" est """,狭い,0,0,22.25,21.625,-0.625
qwen3-4b,18,desc,val,fr,ja,広い,"Le contraire de ""広い"" est """,狭い,0,0,22.25,19.125,-3.125
qwen3-4b,18,desc,freq,fr,ja,広い,"Le contraire de ""広い"" est """,狭い,0,0,22.25,21.25,-1.0
qwen3-4b,18,val,desc,fr,ja,広い,"Le contraire de ""広い"" est """,狭い,0,0,22.25,15.375,-6.875
qwen3-4b,18,val,val,fr,ja,広い,"Le contraire de ""広い"" est """,狭い,0,0,22.25,15.6875,-6.5625
qwen3-4b,18,val,freq,fr,ja,広い,"Le contraire de ""広い"" est """,狭い,0,0,22.25,15.625,-6.625
qwen3-4b,18,freq,desc,fr,ja,広い,"Le contraire de ""広い"" est """,狭い,0,2,22.25,18.25,-4.0
qwen3-4b,18,freq,val,fr,ja,広い,"Le contraire de ""広い"" est """,狭い,0,2,22.25,15.9375,-6.3125
qwen3-4b,18,freq,freq,fr,ja,広い,"Le contraire de ""広い"" est """,狭い,0,2,22.25,18.375,-3.875
qwen3-4b,19,desc,desc,fr,ja,硬い,"Le contraire de ""硬い"" est """,柔らかい,0,0,16.375,16.0,-0.375
qwen3-4b,19,desc,val,fr,ja,硬い,"Le contraire de ""硬い"" est """,柔らかい,0,0,16.375,15.1875,-1.1875
qwen3-4b,19,desc,freq,fr,ja,硬い,"Le contraire de ""硬い"" est """,柔らかい,0,0,16.375,17.75,1.375
qwen3-4b,19,val,desc,fr,ja,硬い,"Le contraire de ""硬い"" est """,柔らかい,0,0,16.375,13.875,-2.5
qwen3-4b,19,val,val,fr,ja,硬い,"Le contraire de ""硬い"" est """,柔らかい,0,1,16.375,13.0625,-3.3125
qwen3-4b,19,val,freq,fr,ja,硬い,"Le contraire de ""硬い"" est """,柔らかい,0,0,16.375,15.125,-1.25
qwen3-4b,19,freq,desc,fr,ja,硬い,"Le contraire de ""硬い"" est """,柔らかい,0,5,16.375,14.5625,-1.8125
qwen3-4b,19,freq,val,fr,ja,硬い,"Le contraire de ""硬い"" est """,柔らかい,0,6,16.375,12.8125,-3.5625
qwen3-4b,19,freq,freq,fr,ja,硬い,"Le contraire de ""硬い"" est """,柔らかい,0,7,16.375,13.625,-2.75
qwen3-4b,20,desc,desc,fr,ja,乾いた,"Le contraire de ""乾いた"" est """,湿った,2,2,15.1875,14.8125,-0.375
qwen3-4b,20,desc,val,fr,ja,乾いた,"Le contraire de ""乾いた"" est """,湿った,2,0,15.1875,15.0625,-0.125
qwen3-4b,20,desc,freq,fr,ja,乾いた,"Le contraire de ""乾いた"" est """,湿った,2,0,15.1875,14.875,-0.3125
qwen3-4b,20,val,desc,fr,ja,乾いた,"Le contraire de ""乾いた"" est """,湿った,2,19,15.1875,9.1875,-6.0
qwen3-4b,20,val,val,fr,ja,乾いた,"Le contraire de ""乾いた"" est """,湿った,2,22,15.1875,8.9375,-6.25
qwen3-4b,20,val,freq,fr,ja,乾いた,"Le contraire de ""乾いた"" est """,湿った,2,15,15.1875,10.0625,-5.125
qwen3-4b,20,freq,desc,fr,ja,乾いた,"Le contraire de ""乾いた"" est """,湿った,2,7,15.1875,13.1875,-2.0
qwen3-4b,20,freq,val,fr,ja,乾いた,"Le contraire de ""乾いた"" est """,湿った,2,3,15.1875,14.1875,-1.0
qwen3-4b,20,freq,freq,fr,ja,乾いた,"Le contraire de ""乾いた"" est """,湿った,2,7,15.1875,13.75,-1.4375
qwen3-4b,21,desc,desc,fr,ja,うるさい,"Le contraire de ""うるさい"" est """,静かな,0,0,16.5,15.9375,-0.5625
qwen3-4b,21,desc,val,fr,ja,うるさい,"Le contraire de ""うるさい"" est """,静かな,0,0,16.5,17.0,0.5
qwen3-4b,21,desc,freq,fr,ja,うるさい,"Le contraire de ""うるさい"" est """,静かな,0,0,16.5,17.25,0.75
qwen3-4b,21,val,desc,fr,ja,うるさい,"Le contraire de ""うるさい"" est """,静かな,0,4,16.5,11.375,-5.125
qwen3-4b,21,val,val,fr,ja,うるさい,"Le contraire de ""うるさい"" est """,静かな,0,4,16.5,11.125,-5.375
qwen3-4b,21,val,freq,fr,ja,うるさい,"Le contraire de ""うるさい"" est """,静かな,0,2,16.5,12.875,-3.625
qwen3-4b,21,freq,desc,fr,ja,うるさい,"Le contraire de ""うるさい"" est """,静かな,0,9,16.5,13.6875,-2.8125
qwen3-4b,21,freq,val,fr,ja,うるさい,"Le contraire de ""うるさい"" est """,静かな,0,7,16.5,13.875,-2.625
qwen3-4b,21,freq,freq,fr,ja,うるさい,"Le contraire de ""うるさい"" est """,静かな,0,14,16.5,13.5,-3.0
qwen3-4b,22,desc,desc,fr,ja,早い,"Le contraire de ""早い"" est """,遅い,0,0,26.375,26.0,-0.375
qwen3-4b,22,desc,val,fr,ja,早い,"Le contraire de ""早い"" est """,遅い,0,0,26.375,22.75,-3.625
qwen3-4b,22,desc,freq,fr,ja,早い,"Le contraire de ""早い"" est """,遅い,0,0,26.375,25.375,-1.0
qwen3-4b,22,val,desc,fr,ja,早い,"Le contraire de ""早い"" est """,遅い,0,0,26.375,21.125,-5.25
qwen3-4b,22,val,val,fr,ja,早い,"Le contraire de ""早い"" est """,遅い,0,0,26.375,20.875,-5.5
qwen3-4b,22,val,freq,fr,ja,早い,"Le contraire de ""早い"" est """,遅い,0,0,26.375,21.375,-5.0
qwen3-4b,22,freq,desc,fr,ja,早い,"Le contraire de ""早い"" est """,遅い,0,0,26.375,22.5,-3.875
qwen3-4b,22,freq,val,fr,ja,早い,"Le contraire de ""早い"" est """,遅い,0,0,26.375,19.75,-6.625
qwen3-4b,22,freq,freq,fr,ja,早い,"Le contraire de ""早い"" est """,遅い,0,0,26.375,22.125,-4.25
qwen3-4b,23,desc,desc,fr,ja,近い,"Le contraire de ""近い"" est """,遠い,0,0,24.125,23.875,-0.25
qwen3-4b,23,desc,val,fr,ja,近い,"Le contraire de ""近い"" est """,遠い,0,0,24.125,21.25,-2.875
qwen3-4b,23,desc,freq,fr,ja,近い,"Le contraire de ""近い"" est """,遠い,0,0,24.125,24.0,-0.125
qwen3-4b,23,val,desc,fr,ja,近い,"Le contraire de ""近い"" est """,遠い,0,0,24.125,18.75,-5.375
qwen3-4b,23,val,val,fr,ja,近い,"Le contraire de ""近い"" est """,遠い,0,0,24.125,18.5,-5.625
qwen3-4b,23,val,freq,fr,ja,近い,"Le contraire de ""近い"" est """,遠い,0,0,24.125,19.125,-5.0
qwen3-4b,23,freq,desc,fr,ja,近い,"Le contraire de ""近い"" est """,遠い,0,1,24.125,21.125,-3.0
qwen3-4b,23,freq,val,fr,ja,近い,"Le contraire de ""近い"" est """,遠い,0,2,24.125,18.75,-5.375
qwen3-4b,23,freq,freq,fr,ja,近い,"Le contraire de ""近い"" est """,遠い,0,1,24.125,20.875,-3.25
qwen3-4b,24,desc,desc,fr,ja,深い,"Le contraire de ""深い"" est """,浅い,0,0,21.875,21.0,-0.875
qwen3-4b,24,desc,val,fr,ja,深い,"Le contraire de ""深い"" est """,浅い,0,0,21.875,19.625,-2.25
qwen3-4b,24,desc,freq,fr,ja,深い,"Le contraire de ""深い"" est """,浅い,0,0,21.875,22.875,1.0
qwen3-4b,24,val,desc,fr,ja,深い,"Le contraire de ""深い"" est """,浅い,0,0,21.875,15.625,-6.25
qwen3-4b,24,val,val,fr,ja,深い,"Le contraire de ""深い"" est """,浅い,0,0,21.875,14.9375,-6.9375
qwen3-4b,24,val,freq,fr,ja,深い,"Le contraire de ""深い"" est """,浅い,0,0,21.875,17.125,-4.75
qwen3-4b,24,freq,desc,fr,ja,深い,"Le contraire de ""深い"" est """,浅い,0,1,21.875,17.875,-4.0
qwen3-4b,24,freq,val,fr,ja,深い,"Le contraire de ""深い"" est """,浅い,0,2,21.875,16.75,-5.125
qwen3-4b,24,freq,freq,fr,ja,深い,"Le contraire de ""深い"" est """,浅い,0,2,21.875,17.625,-4.25
qwen3-4b,25,desc,desc,fr,ja,悪い,"Le contraire de ""悪い"" est """,良い,0,0,22.0,22.0,0.0
qwen3-4b,25,desc,val,fr,ja,悪い,"Le contraire de ""悪い"" est """,良い,0,0,22.0,18.875,-3.125
qwen3-4b,25,desc,freq,fr,ja,悪い,"Le contraire de ""悪い"" est """,良い,0,0,22.0,21.125,-0.875
qwen3-4b,25,val,desc,fr,ja,悪い,"Le contraire de ""悪い"" est """,良い,0,0,22.0,16.25,-5.75
qwen3-4b,25,val,val,fr,ja,悪い,"Le contraire de ""悪い"" est """,良い,0,0,22.0,16.125,-5.875
qwen3-4b,25,val,freq,fr,ja,悪い,"Le contraire de ""悪い"" est """,良い,0,0,22.0,15.5,-6.5
qwen3-4b,25,freq,desc,fr,ja,悪い,"Le contraire de ""悪い"" est """,良い,0,3,22.0,16.5,-5.5
qwen3-4b,25,freq,val,fr,ja,悪い,"Le contraire de ""悪い"" est """,良い,0,8,22.0,13.8125,-8.1875
qwen3-4b,25,freq,freq,fr,ja,悪い,"Le contraire de ""悪い"" est """,良い,0,3,22.0,16.25,-5.75
qwen3-4b,26,desc,desc,fr,ja,悲しい,"Le contraire de ""悲しい"" est """,嬉しい,5,7,15.25,14.5,-0.75
qwen3-4b,26,desc,val,fr,ja,悲しい,"Le contraire de ""悲しい"" est """,嬉しい,5,6,15.25,13.3125,-1.9375
qwen3-4b,26,desc,freq,fr,ja,悲しい,"Le contraire de ""悲しい"" est """,嬉しい,5,5,15.25,14.625,-0.625
qwen3-4b,26,val,desc,fr,ja,悲しい,"Le contraire de ""悲しい"" est """,嬉しい,5,5,15.25,12.5625,-2.6875
qwen3-4b,26,val,val,fr,ja,悲しい,"Le contraire de ""悲しい"" est """,嬉しい,5,6,15.25,11.5625,-3.6875
qwen3-4b,26,val,freq,fr,ja,悲しい,"Le contraire de ""悲しい"" est """,嬉しい,5,5,15.25,12.875,-2.375
qwen3-4b,26,freq,desc,fr,ja,悲しい,"Le contraire de ""悲しい"" est """,嬉しい,5,108,15.25,10.0625,-5.1875
qwen3-4b,26,freq,val,fr,ja,悲しい,"Le contraire de ""悲しい"" est """,嬉しい,5,258,15.25,8.3125,-6.9375
qwen3-4b,26,freq,freq,fr,ja,悲しい,"Le contraire de ""悲しい"" est """,嬉しい,5,169,15.25,9.1875,-6.0625
qwen3-4b,27,desc,desc,fr,ja,小さい,"Le contraire de ""小さい"" est """,大きい,0,0,22.625,21.625,-1.0
qwen3-4b,27,desc,val,fr,ja,小さい,"Le contraire de ""小さい"" est """,大きい,0,0,22.625,19.875,-2.75
qwen3-4b,27,desc,freq,fr,ja,小さい,"Le contraire de ""小さい"" est """,大きい,0,0,22.625,20.375,-2.25
qwen3-4b,27,val,desc,fr,ja,小さい,"Le contraire de ""小さい"" est """,大きい,0,1,22.625,17.125,-5.5
qwen3-4b,27,val,val,fr,ja,小さい,"Le contraire de ""小さい"" est """,大きい,0,1,22.625,16.875,-5.75
qwen3-4b,27,val,freq,fr,ja,小さい,"Le contraire de ""小さい"" est """,大きい,0,0,22.625,16.25,-6.375
qwen3-4b,27,freq,desc,fr,ja,小さい,"Le contraire de ""小さい"" est """,大きい,0,8,22.625,15.3125,-7.3125
qwen3-4b,27,freq,val,fr,ja,小さい,"Le contraire de ""小さい"" est """,大きい,0,7,22.625,14.3125,-8.3125
qwen3-4b,27,freq,freq,fr,ja,小さい,"Le contraire de ""小さい"" est """,大きい,0,8,22.625,14.9375,-7.6875
qwen3-4b,28,desc,desc,fr,ja,寒い,"Le contraire de ""寒い"" est """,暑い,0,0,17.0,16.75,-0.25
qwen3-4b,28,desc,val,fr,ja,寒い,"Le contraire de ""寒い"" est """,暑い,0,0,17.0,15.125,-1.875
qwen3-4b,28,desc,freq,fr,ja,寒い,"Le contraire de ""寒い"" est """,暑い,0,1,17.0,16.125,-0.875
qwen3-4b,28,val,desc,fr,ja,寒い,"Le contraire de ""寒い"" est """,暑い,0,0,17.0,13.75,-3.25
qwen3-4b,28,val,val,fr,ja,寒い,"Le contraire de ""寒い"" est """,暑い,0,0,17.0,13.25,-3.75
qwen3-4b,28,val,freq,fr,ja,寒い,"Le contraire de ""寒い"" est """,暑い,0,0,17.0,12.6875,-4.3125
qwen3-4b,28,freq,desc,fr,ja,寒い,"Le contraire de ""寒い"" est """,暑い,0,10,17.0,13.0625,-3.9375
qwen3-4b,28,freq,val,fr,ja,寒い,"Le contraire de ""寒い"" est """,暑い,0,10,17.0,10.6875,-6.3125
qwen3-4b,28,freq,freq,fr,ja,寒い,"Le contraire de ""寒い"" est """,暑い,0,8,17.0,12.25,-4.75
qwen3-4b,29,desc,desc,fr,ja,遅い,"Le contraire de ""遅い"" est """,早い,1,1,20.5,20.25,-0.25
qwen3-4b,29,desc,val,fr,ja,遅い,"Le contraire de ""遅い"" est """,早い,1,1,20.5,17.125,-3.375
qwen3-4b,29,desc,freq,fr,ja,遅い,"Le contraire de ""遅い"" est """,早い,1,1,20.5,18.75,-1.75
qwen3-4b,29,val,desc,fr,ja,遅い,"Le contraire de ""遅い"" est """,早い,1,1,20.5,14.25,-6.25
qwen3-4b,29,val,val,fr,ja,遅い,"Le contraire de ""遅い"" est """,早い,1,1,20.5,14.0,-6.5
qwen3-4b,29,val,freq,fr,ja,遅い,"Le contraire de ""遅い"" est """,早い,1,2,20.5,13.8125,-6.6875
qwen3-4b,29,freq,desc,fr,ja,遅い,"Le contraire de ""遅い"" est """,早い,1,3,20.5,15.9375,-4.5625
qwen3-4b,29,freq,val,fr,ja,遅い,"Le contraire de ""遅い"" est """,早い,1,3,20.5,14.3125,-6.1875
qwen3-4b,29,freq,freq,fr,ja,遅い,"Le contraire de ""遅い"" est """,早い,1,3,20.5,15.625,-4.875
qwen3-4b,30,desc,desc,fr,ja,重い,"Le contraire de ""重い"" est """,軽い,0,0,23.375,23.125,-0.25
qwen3-4b,30,desc,val,fr,ja,重い,"Le contraire de ""重い"" est """,軽い,0,0,23.375,20.125,-3.25
qwen3-4b,30,desc,freq,fr,ja,重い,"Le contraire de ""重い"" est """,軽い,0,0,23.375,23.0,-0.375
qwen3-4b,30,val,desc,fr,ja,重い,"Le contraire de ""重い"" est """,軽い,0,0,23.375,19.375,-4.0
qwen3-4b,30,val,val,fr,ja,重い,"Le contraire de ""重い"" est """,軽い,0,0,23.375,19.125,-4.25
qwen3-4b,30,val,freq,fr,ja,重い,"Le contraire de ""重い"" est """,軽い,0,0,23.375,19.0,-4.375
qwen3-4b,30,freq,desc,fr,ja,重い,"Le contraire de ""重い"" est """,軽い,0,2,23.375,18.25,-5.125
qwen3-4b,30,freq,val,fr,ja,重い,"Le contraire de ""重い"" est """,軽い,0,2,23.375,15.25,-8.125
qwen3-4b,30,freq,freq,fr,ja,重い,"Le contraire de ""重い"" est """,軽い,0,3,23.375,17.25,-6.125
qwen3-4b,31,desc,desc,fr,ja,難しい,"Le contraire de ""難しい"" est """,簡単な,0,1,19.25,18.375,-0.875
qwen3-4b,31,desc,val,fr,ja,難しい,"Le contraire de ""難しい"" est """,簡単な,0,1,19.25,16.5,-2.75
qwen3-4b,31,desc,freq,fr,ja,難しい,"Le contraire de ""難しい"" est """,簡単な,0,1,19.25,18.125,-1.125
qwen3-4b,31,val,desc,fr,ja,難しい,"Le contraire de ""難しい"" est """,簡単な,0,4,19.25,14.6875,-4.5625
qwen3-4b,31,val,val,fr,ja,難しい,"Le contraire de ""難しい"" est """,簡単な,0,5,19.25,14.1875,-5.0625
qwen3-4b,31,val,freq,fr,ja,難しい,"Le contraire de ""難しい"" est """,簡単な,0,2,19.25,14.75,-4.5
qwen3-4b,31,freq,desc,fr,ja,難しい,"Le contraire de ""難しい"" est """,簡単な,0,17,19.25,14.0625,-5.1875
qwen3-4b,31,freq,val,fr,ja,難しい,"Le contraire de ""難しい"" est """,簡単な,0,19,19.25,12.25,-7.0
qwen3-4b,31,freq,freq,fr,ja,難しい,"Le contraire de ""難しい"" est """,簡単な,0,19,19.25,13.75,-5.5
qwen3-4b,32,desc,desc,fr,ja,古い,"Le contraire de ""古い"" est """,新しい,0,0,24.25,23.125,-1.125
qwen3-4b,32,desc,val,fr,ja,古い,"Le contraire de ""古い"" est """,新しい,0,0,24.25,20.875,-3.375
qwen3-4b,32,desc,freq,fr,ja,古い,"Le contraire de ""古い"" est """,新しい,0,0,24.25,22.75,-1.5
qwen3-4b,32,val,desc,fr,ja,古い,"Le contraire de ""古い"" est """,新しい,0,0,24.25,19.25,-5.0
qwen3-4b,32,val,val,fr,ja,古い,"Le contraire de ""古い"" est """,新しい,0,0,24.25,18.625,-5.625
qwen3-4b,32,val,freq,fr,ja,古い,"Le contraire de ""古い"" est """,新しい,0,0,24.25,19.125,-5.125
qwen3-4b,32,freq,desc,fr,ja,古い,"Le contraire de ""古い"" est """,新しい,0,4,24.25,16.625,-7.625
qwen3-4b,32,freq,val,fr,ja,古い,"Le contraire de ""古い"" est """,新しい,0,6,24.25,14.875,-9.375
qwen3-4b,32,freq,freq,fr,ja,古い,"Le contraire de ""古い"" est """,新しい,0,5,24.25,16.25,-8.0
qwen3-4b,33,desc,desc,fr,ja,間違った,"Le contraire de ""間違った"" est """,正しい,0,0,23.25,22.75,-0.5
qwen3-4b,33,desc,val,fr,ja,間違った,"Le contraire de ""間違った"" est """,正しい,0,0,23.25,19.5,-3.75
qwen3-4b,33,desc,freq,fr,ja,間違った,"Le contraire de ""間違った"" est """,正しい,0,1,23.25,21.25,-2.0
qwen3-4b,33,val,desc,fr,ja,間違った,"Le contraire de ""間違った"" est """,正しい,0,1,23.25,18.0,-5.25
qwen3-4b,33,val,val,fr,ja,間違った,"Le contraire de ""間違った"" est """,正しい,0,1,23.25,17.875,-5.375
qwen3-4b,33,val,freq,fr,ja,間違った,"Le contraire de ""間違った"" est """,正しい,0,1,23.25,17.375,-5.875
qwen3-4b,33,freq,desc,fr,ja,間違った,"Le contraire de ""間違った"" est """,正しい,0,1,23.25,17.875,-5.375
qwen3-4b,33,freq,val,fr,ja,間違った,"Le contraire de ""間違った"" est """,正しい,0,1,23.25,15.875,-7.375
qwen3-4b,33,freq,freq,fr,ja,間違った,"Le contraire de ""間違った"" est """,正しい,0,1,23.25,17.875,-5.375
qwen3-4b,34,desc,desc,fr,ja,死んでいる,"Le contraire de ""死んでいる"" est """,生きている,0,0,22.0,21.0,-1.0
qwen3-4b,34,desc,val,fr,ja,死んでいる,"Le contraire de ""死んでいる"" est """,生きている,0,0,22.0,17.75,-4.25
qwen3-4b,34,desc,freq,fr,ja,死んでいる,"Le contraire de ""死んでいる"" est """,生きている,0,1,22.0,19.625,-2.375
qwen3-4b,34,val,desc,fr,ja,死んでいる,"Le contraire de ""死んでいる"" est """,生きている,0,1,22.0,14.875,-7.125
qwen3-4b,34,val,val,fr,ja,死んでいる,"Le contraire de ""死んでいる"" est """,生きている,0,2,22.0,14.4375,-7.5625
qwen3-4b,34,val,freq,fr,ja,死んでいる,"Le contraire de ""死んでいる"" est """,生きている,0,2,22.0,14.4375,-7.5625
qwen3-4b,34,freq,desc,fr,ja,死んでいる,"Le contraire de ""死んでいる"" est """,生きている,0,11,22.0,14.9375,-7.0625
qwen3-4b,34,freq,val,fr,ja,死んでいる,"Le contraire de ""死んでいる"" est """,生きている,0,12,22.0,12.5,-9.5
qwen3-4b,34,freq,freq,fr,ja,死んでいる,"Le contraire de ""死んでいる"" est """,生きている,0,12,22.0,14.8125,-7.1875
qwen3-4b,35,desc,desc,fr,ja,空っぽ,"Le contraire de ""空っぽ"" est """,満杯,0,0,20.5,20.375,-0.125
qwen3-4b,35,desc,val,fr,ja,空っぽ,"Le contraire de ""空っぽ"" est """,満杯,0,0,20.5,19.375,-1.125
qwen3-4b,35,desc,freq,fr,ja,空っぽ,"Le contraire de ""空っぽ"" est """,満杯,0,0,20.5,20.125,-0.375
qwen3-4b,35,val,desc,fr,ja,空っぽ,"Le contraire de ""空っぽ"" est """,満杯,0,0,20.5,16.875,-3.625
qwen3-4b,35,val,val,fr,ja,空っぽ,"Le contraire de ""空っぽ"" est """,満杯,0,0,20.5,16.75,-3.75
qwen3-4b,35,val,freq,fr,ja,空っぽ,"Le contraire de ""空っぽ"" est """,満杯,0,0,20.5,17.375,-3.125
qwen3-4b,35,freq,desc,fr,ja,空っぽ,"Le contraire de ""空っぽ"" est """,満杯,0,0,20.5,16.125,-4.375
qwen3-4b,35,freq,val,fr,ja,空っぽ,"Le contraire de ""空っぽ"" est """,満杯,0,2,20.5,15.0,-5.5
qwen3-4b,35,freq,freq,fr,ja,空っぽ,"Le contraire de ""空っぽ"" est """,満杯,0,2,20.5,15.875,-4.625
qwen3-4b,36,desc,desc,fr,ja,暗い,"Le contraire de ""暗い"" est """,明るい,0,0,22.25,22.0,-0.25
qwen3-4b,36,desc,val,fr,ja,暗い,"Le contraire de ""暗い"" est """,明るい,0,0,22.25,19.625,-2.625
qwen3-4b,36,desc,freq,fr,ja,暗い,"Le contraire de ""暗い"" est """,明るい,0,0,22.25,23.25,1.0
qwen3-4b,36,val,desc,fr,ja,暗い,"Le contraire de ""暗い"" est """,明るい,0,0,22.25,17.25,-5.0
qwen3-4b,36,val,val,fr,ja,暗い,"Le contraire de ""暗い"" est """,明るい,0,0,22.25,16.75,-5.5
qwen3-4b,36,val,freq,fr,ja,暗い,"Le contraire de ""暗い"" est """,明るい,0,0,22.25,18.875,-3.375
qwen3-4b,36,freq,desc,fr,ja,暗い,"Le contraire de ""暗い"" est """,明るい,0,0,22.25,19.625,-2.625
qwen3-4b,36,freq,val,fr,ja,暗い,"Le contraire de ""暗い"" est """,明るい,0,1,22.25,17.375,-4.875
qwen3-4b,36,freq,freq,fr,ja,暗い,"Le contraire de ""暗い"" est """,明るい,0,1,22.25,19.125,-3.125
qwen3-4b,37,desc,desc,fr,ja,弱い,"Le contraire de ""弱い"" est """,強い,0,0,23.625,22.75,-0.875
qwen3-4b,37,desc,val,fr,ja,弱い,"Le contraire de ""弱い"" est """,強い,0,0,23.625,19.875,-3.75
qwen3-4b,37,desc,freq,fr,ja,弱い,"Le contraire de ""弱い"" est """,強い,0,0,23.625,22.625,-1.0
qwen3-4b,37,val,desc,fr,ja,弱い,"Le contraire de ""弱い"" est """,強い,0,1,23.625,16.5,-7.125
qwen3-4b,37,val,val,fr,ja,弱い,"Le contraire de ""弱い"" est """,強い,0,1,23.625,16.125,-7.5
qwen3-4b,37,val,freq,fr,ja,弱い,"Le contraire de ""弱い"" est """,強い,0,2,23.625,15.9375,-7.6875
qwen3-4b,37,freq,desc,fr,ja,弱い,"Le contraire de ""弱い"" est """,強い,0,7,23.625,17.375,-6.25
qwen3-4b,37,freq,val,fr,ja,弱い,"Le contraire de ""弱い"" est """,強い,0,6,23.625,15.0,-8.625
qwen3-4b,37,freq,freq,fr,ja,弱い,"Le contraire de ""弱い"" est """,強い,0,8,23.625,16.875,-6.75
qwen3-4b,38,desc,desc,fr,ja,汚い,"Le contraire de ""汚い"" est """,綺麗,1,1,16.875,16.625,-0.25
qwen3-4b,38,desc,val,fr,ja,汚い,"Le contraire de ""汚い"" est """,綺麗,1,1,16.875,15.5,-1.375
qwen3-4b,38,desc,freq,fr,ja,汚い,"Le contraire de ""汚い"" est """,綺麗,1,1,16.875,16.5,-0.375
qwen3-4b,38,val,desc,fr,ja,汚い,"Le contraire de ""汚い"" est """,綺麗,1,1,16.875,12.8125,-4.0625
qwen3-4b,38,val,val,fr,ja,汚い,"Le contraire de ""汚い"" est """,綺麗,1,1,16.875,12.5625,-4.3125
qwen3-4b,38,val,freq,fr,ja,汚い,"Le contraire de ""汚い"" est """,綺麗,1,1,16.875,13.9375,-2.9375
qwen3-4b,38,freq,desc,fr,ja,汚い,"Le contraire de ""汚い"" est """,綺麗,1,15,16.875,11.9375,-4.9375
qwen3-4b,38,freq,val,fr,ja,汚い,"Le contraire de ""汚い"" est """,綺麗,1,14,16.875,11.0,-5.875
qwen3-4b,38,freq,freq,fr,ja,汚い,"Le contraire de ""汚い"" est """,綺麗,1,17,16.875,11.75,-5.125
qwen3-4b,39,desc,desc,fr,ja,閉じた,"Le contraire de ""閉じた"" est """,開いた,0,1,17.625,16.875,-0.75
qwen3-4b,39,desc,val,fr,ja,閉じた,"Le contraire de ""閉じた"" est """,開いた,0,1,17.625,15.75,-1.875
qwen3-4b,39,desc,freq,fr,ja,閉じた,"Le contraire de ""閉じた"" est """,開いた,0,0,17.625,17.5,-0.125
qwen3-4b,39,val,desc,fr,ja,閉じた,"Le contraire de ""閉じた"" est """,開いた,0,1,17.625,14.875,-2.75
qwen3-4b,39,val,val,fr,ja,閉じた,"Le contraire de ""閉じた"" est """,開いた,0,3,17.625,12.5625,-5.0625
qwen3-4b,39,val,freq,fr,ja,閉じた,"Le contraire de ""閉じた"" est """,開いた,0,1,17.625,13.5625,-4.0625
qwen3-4b,39,freq,desc,fr,ja,閉じた,"Le contraire de ""閉じた"" est """,開いた,0,50,17.625,10.25,-7.375
qwen3-4b,39,freq,val,fr,ja,閉じた,"Le contraire de ""閉じた"" est """,開いた,0,139,17.625,8.4375,-9.1875
qwen3-4b,39,freq,freq,fr,ja,閉じた,"Le contraire de ""閉じた"" est """,開いた,0,84,17.625,9.5,-8.125
qwen3-4b,40,desc,desc,fr,ja,貧しい,"Le contraire de ""貧しい"" est """,豊かな,0,0,24.0,23.125,-0.875
qwen3-4b,40,desc,val,fr,ja,貧しい,"Le contraire de ""貧しい"" est """,豊かな,0,0,24.0,22.375,-1.625
qwen3-4b,40,desc,freq,fr,ja,貧しい,"Le contraire de ""貧しい"" est """,豊かな,0,0,24.0,23.625,-0.375
qwen3-4b,40,val,desc,fr,ja,貧しい,"Le contraire de ""貧しい"" est """,豊かな,0,0,24.0,21.5,-2.5
qwen3-4b,40,val,val,fr,ja,貧しい,"Le contraire de ""貧しい"" est """,豊かな,0,1,24.0,20.125,-3.875
qwen3-4b,40,val,freq,fr,ja,貧しい,"Le contraire de ""貧しい"" est """,豊かな,0,0,24.0,21.25,-2.75
qwen3-4b,40,freq,desc,fr,ja,貧しい,"Le contraire de ""貧しい"" est """,豊かな,0,3,24.0,16.875,-7.125
qwen3-4b,40,freq,val,fr,ja,貧しい,"Le contraire de ""貧しい"" est """,豊かな,0,4,24.0,16.25,-7.75
qwen3-4b,40,freq,freq,fr,ja,貧しい,"Le contraire de ""貧しい"" est """,豊かな,0,5,24.0,16.25,-7.75
qwen3-4b,41,desc,desc,fr,ja,醜い,"Le contraire de ""醜い"" est """,美しい,0,0,21.875,21.375,-0.5
qwen3-4b,41,desc,val,fr,ja,醜い,"Le contraire de ""醜い"" est """,美しい,0,0,21.875,19.25,-2.625
qwen3-4b,41,desc,freq,fr,ja,醜い,"Le contraire de ""醜い"" est """,美しい,0,0,21.875,20.875,-1.0
qwen3-4b,41,val,desc,fr,ja,醜い,"Le contraire de ""醜い"" est """,美しい,0,0,21.875,16.5,-5.375
qwen3-4b,41,val,val,fr,ja,醜い,"Le contraire de ""醜い"" est """,美しい,0,0,21.875,16.375,-5.5
qwen3-4b,41,val,freq,fr,ja,醜い,"Le contraire de ""醜い"" est """,美しい,0,1,21.875,16.25,-5.625
qwen3-4b,41,freq,desc,fr,ja,醜い,"Le contraire de ""醜い"" est """,美しい,0,5,21.875,17.5,-4.375
qwen3-4b,41,freq,val,fr,ja,醜い,"Le contraire de ""醜い"" est """,美しい,0,4,21.875,15.3125,-6.5625
qwen3-4b,41,freq,freq,fr,ja,醜い,"Le contraire de ""醜い"" est """,美しい,0,5,21.875,16.875,-5.0
qwen3-4b,42,desc,desc,fr,ja,短い,"Le contraire de ""短い"" est """,長い,0,0,23.625,23.25,-0.375
qwen3-4b,42,desc,val,fr,ja,短い,"Le contraire de ""短い"" est """,長い,0,0,23.625,19.625,-4.0
qwen3-4b,42,desc,freq,fr,ja,短い,"Le contraire de ""短い"" est """,長い,0,0,23.625,21.625,-2.0
qwen3-4b,42,val,desc,fr,ja,短い,"Le contraire de ""短い"" est """,長い,0,0,23.625,16.25,-7.375
qwen3-4b,42,val,val,fr,ja,短い,"Le contraire de ""短い"" est """,長い,0,0,23.625,15.9375,-7.6875
qwen3-4b,42,val,freq,fr,ja,短い,"Le contraire de ""短い"" est """,長い,0,1,23.625,14.375,-9.25
qwen3-4b,42,freq,desc,fr,ja,短い,"Le contraire de ""短い"" est """,長い,0,4,23.625,17.0,-6.625
qwen3-4b,42,freq,val,fr,ja,短い,"Le contraire de ""短い"" est """,長い,0,4,23.625,14.4375,-9.1875
qwen3-4b,42,freq,freq,fr,ja,短い,"Le contraire de ""短い"" est """,長い,0,4,23.625,16.875,-6.75
qwen3-4b,43,desc,desc,fr,ja,狭い,"Le contraire de ""狭い"" est """,広い,0,0,25.625,25.625,0.0
qwen3-4b,43,desc,val,fr,ja,狭い,"Le contraire de ""狭い"" est """,広い,0,0,25.625,23.375,-2.25
qwen3-4b,43,desc,freq,fr,ja,狭い,"Le contraire de ""狭い"" est """,広い,0,0,25.625,24.125,-1.5
qwen3-4b,43,val,desc,fr,ja,狭い,"Le contraire de ""狭い"" est """,広い,0,0,25.625,22.0,-3.625
qwen3-4b,43,val,val,fr,ja,狭い,"Le contraire de ""狭い"" est """,広い,0,0,25.625,21.625,-4.0
qwen3-4b,43,val,freq,fr,ja,狭い,"Le contraire de ""狭い"" est """,広い,0,0,25.625,20.25,-5.375
qwen3-4b,43,freq,desc,fr,ja,狭い,"Le contraire de ""狭い"" est """,広い,0,1,25.625,19.625,-6.0
qwen3-4b,43,freq,val,fr,ja,狭い,"Le contraire de ""狭い"" est """,広い,0,1,25.625,18.375,-7.25
qwen3-4b,43,freq,freq,fr,ja,狭い,"Le contraire de ""狭い"" est """,広い,0,1,25.625,19.25,-6.375
qwen3-4b,44,desc,desc,fr,ja,柔らかい,"Le contraire de ""柔らかい"" est """,硬い,0,0,19.75,19.375,-0.375
qwen3-4b,44,desc,val,fr,ja,柔らかい,"Le contraire de ""柔らかい"" est """,硬い,0,0,19.75,18.25,-1.5
qwen3-4b,44,desc,freq,fr,ja,柔らかい,"Le contraire de ""柔らかい"" est """,硬い,0,0,19.75,19.75,0.0
qwen3-4b,44,val,desc,fr,ja,柔らかい,"Le contraire de ""柔らかい"" est """,硬い,0,0,19.75,17.375,-2.375
qwen3-4b,44,val,val,fr,ja,柔らかい,"Le contraire de ""柔らかい"" est """,硬い,0,0,19.75,17.75,-2.0
qwen3-4b,44,val,freq,fr,ja,柔らかい,"Le contraire de ""柔らかい"" est """,硬い,0,0,19.75,18.0,-1.75
qwen3-4b,44,freq,desc,fr,ja,柔らかい,"Le contraire de ""柔らかい"" est """,硬い,0,0,19.75,20.875,1.125
qwen3-4b,44,freq,val,fr,ja,柔らかい,"Le contraire de ""柔らかい"" est """,硬い,0,0,19.75,19.75,0.0
qwen3-4b,44,freq,freq,fr,ja,柔らかい,"Le contraire de ""柔らかい"" est """,硬い,0,0,19.75,21.25,1.5
qwen3-4b,45,desc,desc,fr,ja,濡れた,"Le contraire de ""濡れた"" est """,乾いた,0,0,17.75,17.125,-0.625
qwen3-4b,45,desc,val,fr,ja,濡れた,"Le contraire de ""濡れた"" est """,乾いた,0,0,17.75,15.6875,-2.0625
qwen3-4b,45,desc,freq,fr,ja,濡れた,"Le contraire de ""濡れた"" est """,乾いた,0,0,17.75,17.5,-0.25
qwen3-4b,45,val,desc,fr,ja,濡れた,"Le contraire de ""濡れた"" est """,乾いた,0,1,17.75,12.875,-4.875
qwen3-4b,45,val,val,fr,ja,濡れた,"Le contraire de ""濡れた"" est """,乾いた,0,1,17.75,12.0,-5.75
qwen3-4b,45,val,freq,fr,ja,濡れた,"Le contraire de ""濡れた"" est """,乾いた,0,0,17.75,13.5,-4.25
qwen3-4b,45,freq,desc,fr,ja,濡れた,"Le contraire de ""濡れた"" est """,乾いた,0,15,17.75,12.625,-5.125
qwen3-4b,45,freq,val,fr,ja,濡れた,"Le contraire de ""濡れた"" est """,乾いた,0,29,17.75,11.0,-6.75
qwen3-4b,45,freq,freq,fr,ja,濡れた,"Le contraire de ""濡れた"" est """,乾いた,0,33,17.75,11.75,-6.0
qwen3-4b,46,desc,desc,fr,ja,静かな,"Le contraire de ""静かな"" est """,うるさい,2,3,14.1875,13.25,-0.9375
qwen3-4b,46,desc,val,fr,ja,静かな,"Le contraire de ""静かな"" est """,うるさい,2,17,14.1875,10.875,-3.3125
qwen3-4b,46,desc,freq,fr,ja,静かな,"Le contraire de ""静かな"" est """,うるさい,2,15,14.1875,11.5625,-2.625
qwen3-4b,46,val,desc,fr,ja,静かな,"Le contraire de ""静かな"" est """,うるさい,2,9,14.1875,9.4375,-4.75
qwen3-4b,46,val,val,fr,ja,静かな,"Le contraire de ""静かな"" est """,うるさい,2,10,14.1875,9.1875,-5.0
qwen3-4b,46,val,freq,fr,ja,静かな,"Le contraire de ""静かな"" est """,うるさい,2,9,14.1875,9.5625,-4.625
qwen3-4b,46,freq,desc,fr,ja,静かな,"Le contraire de ""静かな"" est """,うるさい,2,288,14.1875,8.5,-5.6875
qwen3-4b,46,freq,val,fr,ja,静かな,"Le contraire de ""静かな"" est """,うるさい,2,288,14.1875,8.1875,-6.0
qwen3-4b,46,freq,freq,fr,ja,静かな,"Le contraire de ""静かな"" est """,うるさい,2,395,14.1875,8.125,-6.0625
qwen3-4b,47,desc,desc,fr,ja,遅い,"Le contraire de ""遅い"" est """,早い,1,1,20.5,20.25,-0.25
qwen3-4b,47,desc,val,fr,ja,遅い,"Le contraire de ""遅い"" est """,早い,1,1,20.5,17.125,-3.375
qwen3-4b,47,desc,freq,fr,ja,遅い,"Le contraire de ""遅い"" est """,早い,1,1,20.5,18.75,-1.75
qwen3-4b,47,val,desc,fr,ja,遅い,"Le contraire de ""遅い"" est """,早い,1,1,20.5,14.25,-6.25
qwen3-4b,47,val,val,fr,ja,遅い,"Le contraire de ""遅い"" est """,早い,1,1,20.5,14.0,-6.5
qwen3-4b,47,val,freq,fr,ja,遅い,"Le contraire de ""遅い"" est """,早い,1,2,20.5,13.75,-6.75
qwen3-4b,47,freq,desc,fr,ja,遅い,"Le contraire de ""遅い"" est """,早い,1,5,20.5,15.9375,-4.5625
qwen3-4b,47,freq,val,fr,ja,遅い,"Le contraire de ""遅い"" est """,早い,1,4,20.5,14.3125,-6.1875
qwen3-4b,47,freq,freq,fr,ja,遅い,"Le contraire de ""遅い"" est """,早い,1,5,20.5,15.625,-4.875
qwen3-4b,48,desc,desc,fr,ja,遠い,"Le contraire de ""遠い"" est """,近い,0,0,23.625,23.5,-0.125
qwen3-4b,48,desc,val,fr,ja,遠い,"Le contraire de ""遠い"" est """,近い,0,0,23.625,21.0,-2.625
qwen3-4b,48,desc,freq,fr,ja,遠い,"Le contraire de ""遠い"" est """,近い,0,0,23.625,24.125,0.5
qwen3-4b,48,val,desc,fr,ja,遠い,"Le contraire de ""遠い"" est """,近い,0,0,23.625,18.75,-4.875
qwen3-4b,48,val,val,fr,ja,遠い,"Le contraire de ""遠い"" est """,近い,0,0,23.625,18.75,-4.875
qwen3-4b,48,val,freq,fr,ja,遠い,"Le contraire de ""遠い"" est """,近い,0,0,23.625,18.5,-5.125
qwen3-4b,48,freq,desc,fr,ja,遠い,"Le contraire de ""遠い"" est """,近い,0,0,23.625,24.375,0.75
qwen3-4b,48,freq,val,fr,ja,遠い,"Le contraire de ""遠い"" est """,近い,0,0,23.625,21.25,-2.375
qwen3-4b,48,freq,freq,fr,ja,遠い,"Le contraire de ""遠い"" est """,近い,0,0,23.625,24.75,1.125
qwen3-4b,49,desc,desc,fr,ja,浅い,"Le contraire de ""浅い"" est """,深い,1,1,24.875,24.5,-0.375
qwen3-4b,49,desc,val,fr,ja,浅い,"Le contraire de ""浅い"" est """,深い,1,0,24.875,21.5,-3.375
qwen3-4b,49,desc,freq,fr,ja,浅い,"Le contraire de ""浅い"" est """,深い,1,0,24.875,24.375,-0.5
qwen3-4b,49,val,desc,fr,ja,浅い,"Le contraire de ""浅い"" est """,深い,1,1,24.875,17.125,-7.75
qwen3-4b,49,val,val,fr,ja,浅い,"Le contraire de ""浅い"" est """,深い,1,1,24.875,17.125,-7.75
qwen3-4b,49,val,freq,fr,ja,浅い,"Le contraire de ""浅い"" est """,深い,1,2,24.875,16.125,-8.75
qwen3-4b,49,freq,desc,fr,ja,浅い,"Le contraire de ""浅い"" est """,深い,1,5,24.875,18.75,-6.125
qwen3-4b,49,freq,val,fr,ja,浅い,"Le contraire de ""浅い"" est """,深い,1,3,24.875,15.1875,-9.6875
qwen3-4b,49,freq,freq,fr,ja,浅い,"Le contraire de ""浅い"" est """,深い,1,5,24.875,18.5,-6.375
qwen3-4b,50,desc,desc,fr,ja,若い,"Le contraire de ""若い"" est """,老いた,1,1,17.75,17.375,-0.375
qwen3-4b,50,desc,val,fr,ja,若い,"Le contraire de ""若い"" est """,老いた,1,1,17.75,16.125,-1.625
qwen3-4b,50,desc,freq,fr,ja,若い,"Le contraire de ""若い"" est """,老いた,1,1,17.75,18.375,0.625
qwen3-4b,50,val,desc,fr,ja,若い,"Le contraire de ""若い"" est """,老いた,1,1,17.75,14.375,-3.375
qwen3-4b,50,val,val,fr,ja,若い,"Le contraire de ""若い"" est """,老いた,1,1,17.75,14.1875,-3.5625
qwen3-4b,50,val,freq,fr,ja,若い,"Le contraire de ""若い"" est """,老いた,1,1,17.75,15.8125,-1.9375
qwen3-4b,50,freq,desc,fr,ja,若い,"Le contraire de ""若い"" est """,老いた,1,1,17.75,16.125,-1.625
qwen3-4b,50,freq,val,fr,ja,若い,"Le contraire de ""若い"" est """,老いた,1,1,17.75,16.375,-1.375
qwen3-4b,50,freq,freq,fr,ja,若い,"Le contraire de ""若い"" est """,老いた,1,1,17.75,16.0,-1.75
qwen3-4b,51,desc,desc,fr,ja,親切な,"Le contraire de ""親切な"" est """,不親切な,1,1,15.3125,15.375,0.0625
qwen3-4b,51,desc,val,fr,ja,親切な,"Le contraire de ""親切な"" est """,不親切な,1,1,15.3125,15.125,-0.1875
qwen3-4b,51,desc,freq,fr,ja,親切な,"Le contraire de ""親切な"" est """,不親切な,1,1,15.3125,15.625,0.3125
qwen3-4b,51,val,desc,fr,ja,親切な,"Le contraire de ""親切な"" est """,不親切な,1,1,15.3125,14.5,-0.8125
qwen3-4b,51,val,val,fr,ja,親切な,"Le contraire de ""親切な"" est """,不親切な,1,1,15.3125,14.0625,-1.25
qwen3-4b,51,val,freq,fr,ja,親切な,"Le contraire de ""親切な"" est """,不親切な,1,1,15.3125,13.25,-2.0625
qwen3-4b,51,freq,desc,fr,ja,親切な,"Le contraire de ""親切な"" est """,不親切な,1,2,15.3125,16.625,1.3125
qwen3-4b,51,freq,val,fr,ja,親切な,"Le contraire de ""親切な"" est """,不親切な,1,2,15.3125,15.125,-0.1875
qwen3-4b,51,freq,freq,fr,ja,親切な,"Le contraire de ""親切な"" est """,不親切な,1,2,15.3125,16.25,0.9375
qwen3-4b,52,desc,desc,fr,ja,勇敢な,"Le contraire de ""勇敢な"" est """,臆病な,1,2,16.125,15.75,-0.375
qwen3-4b,52,desc,val,fr,ja,勇敢な,"Le contraire de ""勇敢な"" est """,臆病な,1,2,16.125,13.9375,-2.1875
qwen3-4b,52,desc,freq,fr,ja,勇敢な,"Le contraire de ""勇敢な"" est """,臆病な,1,2,16.125,15.8125,-0.3125
qwen3-4b,52,val,desc,fr,ja,勇敢な,"Le contraire de ""勇敢な"" est """,臆病な,1,1,16.125,12.125,-4.0
qwen3-4b,52,val,val,fr,ja,勇敢な,"Le contraire de ""勇敢な"" est """,臆病な,1,1,16.125,11.4375,-4.6875
qwen3-4b,52,val,freq,fr,ja,勇敢な,"Le contraire de ""勇敢な"" est """,臆病な,1,1,16.125,12.25,-3.875
qwen3-4b,52,freq,desc,fr,ja,勇敢な,"Le contraire de ""勇敢な"" est """,臆病な,1,43,16.125,12.3125,-3.8125
qwen3-4b,52,freq,val,fr,ja,勇敢な,"Le contraire de ""勇敢な"" est """,臆病な,1,106,16.125,9.5,-6.625
qwen3-4b,52,freq,freq,fr,ja,勇敢な,"Le contraire de ""勇敢な"" est """,臆病な,1,78,16.125,11.5,-4.625
qwen3-4b,53,desc,desc,fr,ja,賢い,"Le contraire de ""賢い"" est """,愚かな,0,0,17.875,17.625,-0.25
qwen3-4b,53,desc,val,fr,ja,賢い,"Le contraire de ""賢い"" est """,愚かな,0,0,17.875,15.875,-2.0
qwen3-4b,53,desc,freq,fr,ja,賢い,"Le contraire de ""賢い"" est """,愚かな,0,0,17.875,18.75,0.875
qwen3-4b,53,val,desc,fr,ja,賢い,"Le contraire de ""賢い"" est """,愚かな,0,0,17.875,13.375,-4.5
qwen3-4b,53,val,val,fr,ja,賢い,"Le contraire de ""賢い"" est """,愚かな,0,0,17.875,12.9375,-4.9375
qwen3-4b,53,val,freq,fr,ja,賢い,"Le contraire de ""賢い"" est """,愚かな,0,0,17.875,15.5,-2.375
qwen3-4b,53,freq,desc,fr,ja,賢い,"Le contraire de ""賢い"" est """,愚かな,0,1,17.875,16.125,-1.75
qwen3-4b,53,freq,val,fr,ja,賢い,"Le contraire de ""賢い"" est """,愚かな,0,0,17.875,14.6875,-3.1875
qwen3-4b,53,freq,freq,fr,ja,賢い,"Le contraire de ""賢い"" est """,愚かな,0,1,17.875,15.6875,-2.1875
qwen3-4b,54,desc,desc,fr,ja,丁寧な,"Le contraire de ""丁寧な"" est """,粗略な,0,0,16.625,16.625,0.0
qwen3-4b,54,desc,val,fr,ja,丁寧な,"Le contraire de ""丁寧な"" est """,粗略な,0,0,16.625,16.0,-0.625
qwen3-4b,54,desc,freq,fr,ja,丁寧な,"Le contraire de ""丁寧な"" est """,粗略な,0,0,16.625,16.875,0.25
qwen3-4b,54,val,desc,fr,ja,丁寧な,"Le contraire de ""丁寧な"" est """,粗略な,0,1,16.625,12.875,-3.75
qwen3-4b,54,val,val,fr,ja,丁寧な,"Le contraire de ""丁寧な"" est """,粗略な,0,1,16.625,12.6875,-3.9375
qwen3-4b,54,val,freq,fr,ja,丁寧な,"Le contraire de ""丁寧な"" est """,粗略な,0,0,16.625,13.5,-3.125
qwen3-4b,54,freq,desc,fr,ja,丁寧な,"Le contraire de ""丁寧な"" est """,粗略な,0,0,16.625,18.125,1.5
qwen3-4b,54,freq,val,fr,ja,丁寧な,"Le contraire de ""丁寧な"" est """,粗略な,0,0,16.625,17.875,1.25
qwen3-4b,54,freq,freq,fr,ja,丁寧な,"Le contraire de ""丁寧な"" est """,粗略な,0,0,16.625,18.25,1.625
qwen3-4b,55,desc,desc,fr,ja,我慢強い,"Le contraire de ""我慢強い"" est """,せっかちな,366,378,7.1875,7.15625,-0.03125
qwen3-4b,55,desc,val,fr,ja,我慢強い,"Le contraire de ""我慢強い"" est """,せっかちな,366,395,7.1875,7.75,0.5625
qwen3-4b,55,desc,freq,fr,ja,我慢強い,"Le contraire de ""我慢強い"" est """,せっかちな,366,274,7.1875,7.96875,0.78125
qwen3-4b,55,val,desc,fr,ja,我慢強い,"Le contraire de ""我慢強い"" est """,せっかちな,366,726,7.1875,4.1875,-3.0
qwen3-4b,55,val,val,fr,ja,我慢強い,"Le contraire de ""我慢強い"" est """,せっかちな,366,909,7.1875,3.875,-3.3125
qwen3-4b,55,val,freq,fr,ja,我慢強い,"Le contraire de ""我慢強い"" est """,せっかちな,366,662,7.1875,3.859375,-3.328125
qwen3-4b,55,freq,desc,fr,ja,我慢強い,"Le contraire de ""我慢強い"" est """,せっかちな,366,1546,7.1875,5.0,-2.1875
qwen3-4b,55,freq,val,fr,ja,我慢強い,"Le contraire de ""我慢強い"" est """,せっかちな,366,2235,7.1875,5.125,-2.0625
qwen3-4b,55,freq,freq,fr,ja,我慢強い,"Le contraire de ""我慢強い"" est """,せっかちな,366,1832,7.1875,4.8125,-2.375
qwen3-4b,56,desc,desc,fr,ja,正直な,"Le contraire de ""正直な"" est """,不正直な,0,0,19.375,19.5,0.125
qwen3-4b,56,desc,val,fr,ja,正直な,"Le contraire de ""正直な"" est """,不正直な,0,0,19.375,17.0,-2.375
qwen3-4b,56,desc,freq,fr,ja,正直な,"Le contraire de ""正直な"" est """,不正直な,0,1,19.375,19.25,-0.125
qwen3-4b,56,val,desc,fr,ja,正直な,"Le contraire de ""正直な"" est """,不正直な,0,0,19.375,16.875,-2.5
qwen3-4b,56,val,val,fr,ja,正直な,"Le contraire de ""正直な"" est """,不正直な,0,0,19.375,16.75,-2.625
qwen3-4b,56,val,freq,fr,ja,正直な,"Le contraire de ""正直な"" est """,不正直な,0,0,19.375,17.25,-2.125
qwen3-4b,56,freq,desc,fr,ja,正直な,"Le contraire de ""正直な"" est """,不正直な,0,0,19.375,20.875,1.5
qwen3-4b,56,freq,val,fr,ja,正直な,"Le contraire de ""正直な"" est """,不正直な,0,0,19.375,17.375,-2.0
qwen3-4b,56,freq,freq,fr,ja,正直な,"Le contraire de ""正直な"" est """,不正直な,0,0,19.375,21.125,1.75
qwen3-4b,57,desc,desc,fr,ja,安全な,"Le contraire de ""安全な"" est """,危険な,1,1,17.875,17.875,0.0
qwen3-4b,57,desc,val,fr,ja,安全な,"Le contraire de ""安全な"" est """,危険な,1,1,17.875,16.625,-1.25
qwen3-4b,57,desc,freq,fr,ja,安全な,"Le contraire de ""安全な"" est """,危険な,1,1,17.875,19.5,1.625
qwen3-4b,57,val,desc,fr,ja,安全な,"Le contraire de ""安全な"" est """,危険な,1,6,17.875,13.3125,-4.5625
qwen3-4b,57,val,val,fr,ja,安全な,"Le contraire de ""安全な"" est """,危険な,1,6,17.875,12.9375,-4.9375
qwen3-4b,57,val,freq,fr,ja,安全な,"Le contraire de ""安全な"" est """,危険な,1,3,17.875,14.125,-3.75
qwen3-4b,57,freq,desc,fr,ja,安全な,"Le contraire de ""安全な"" est """,危険な,1,6,17.875,17.5,-0.375
qwen3-4b,57,freq,val,fr,ja,安全な,"Le contraire de ""安全な"" est """,危険な,1,7,17.875,15.9375,-1.9375
qwen3-4b,57,freq,freq,fr,ja,安全な,"Le contraire de ""安全な"" est """,危険な,1,8,17.875,17.25,-0.625
qwen3-4b,58,desc,desc,fr,ja,活動的な,"Le contraire de ""活動的な"" est """,消極的な,35,41,12.1875,11.9375,-0.25
qwen3-4b,58,desc,val,fr,ja,活動的な,"Le contraire de ""活動的な"" est """,消極的な,35,56,12.1875,11.125,-1.0625
qwen3-4b,58,desc,freq,fr,ja,活動的な,"Le contraire de ""活動的な"" est """,消極的な,35,7,12.1875,14.5,2.3125
qwen3-4b,58,val,desc,fr,ja,活動的な,"Le contraire de ""活動的な"" est """,消極的な,35,38,12.1875,9.4375,-2.75
qwen3-4b,58,val,val,fr,ja,活動的な,"Le contraire de ""活動的な"" est """,消極的な,35,77,12.1875,8.25,-3.9375
qwen3-4b,58,val,freq,fr,ja,活動的な,"Le contraire de ""活動的な"" est """,消極的な,35,4,12.1875,12.125,-0.0625
qwen3-4b,58,freq,desc,fr,ja,活動的な,"Le contraire de ""活動的な"" est """,消極的な,35,88,12.1875,11.25,-0.9375
qwen3-4b,58,freq,val,fr,ja,活動的な,"Le contraire de ""活動的な"" est """,消極的な,35,196,12.1875,9.3125,-2.875
qwen3-4b,58,freq,freq,fr,ja,活動的な,"Le contraire de ""活動的な"" est """,消極的な,35,118,12.1875,10.625,-1.5625
qwen3-4b,59,desc,desc,fr,ja,まっすぐな,"Le contraire de ""まっすぐな"" est """,曲がった,1,1,17.625,17.625,0.0
qwen3-4b,59,desc,val,fr,ja,まっすぐな,"Le contraire de ""まっすぐな"" est """,曲がった,1,0,17.625,16.75,-0.875
qwen3-4b,59,desc,freq,fr,ja,まっすぐな,"Le contraire de ""まっすぐな"" est """,曲がった,1,0,17.625,18.25,0.625
qwen3-4b,59,val,desc,fr,ja,まっすぐな,"Le contraire de ""まっすぐな"" est """,曲がった,1,0,17.625,16.625,-1.0
qwen3-4b,59,val,val,fr,ja,まっすぐな,"Le contraire de ""まっすぐな"" est """,曲がった,1,0,17.625,16.5,-1.125
qwen3-4b,59,val,freq,fr,ja,まっすぐな,"Le contraire de ""まっすぐな"" est """,曲がった,1,0,17.625,17.0,-0.625
qwen3-4b,59,freq,desc,fr,ja,まっすぐな,"Le contraire de ""まっすぐな"" est """,曲がった,1,0,17.625,17.375,-0.25
qwen3-4b,59,freq,val,fr,ja,まっすぐな,"Le contraire de ""まっすぐな"" est """,曲がった,1,0,17.625,15.125,-2.5
qwen3-4b,59,freq,freq,fr,ja,まっすぐな,"Le contraire de ""まっすぐな"" est """,曲がった,1,0,17.625,17.0,-0.625
qwen3-4b,60,desc,desc,fr,ja,全体の,"Le contraire de ""全体の"" est """,部分的な,0,0,19.875,19.5,-0.375
qwen3-4b,60,desc,val,fr,ja,全体の,"Le contraire de ""全体の"" est """,部分的な,0,0,19.875,19.5,-0.375
qwen3-4b,60,desc,freq,fr,ja,全体の,"Le contraire de ""全体の"" est """,部分的な,0,0,19.875,21.0,1.125
qwen3-4b,60,val,desc,fr,ja,全体の,"Le contraire de ""全体の"" est """,部分的な,0,0,19.875,19.875,0.0
qwen3-4b,60,val,val,fr,ja,全体の,"Le contraire de ""全体の"" est """,部分的な,0,0,19.875,19.375,-0.5
qwen3-4b,60,val,freq,fr,ja,全体の,"Le contraire de ""全体の"" est """,部分的な,0,0,19.875,19.375,-0.5
qwen3-4b,60,freq,desc,fr,ja,全体の,"Le contraire de ""全体の"" est """,部分的な,0,0,19.875,21.0,1.125
qwen3-4b,60,freq,val,fr,ja,全体の,"Le contraire de ""全体の"" est """,部分的な,0,0,19.875,20.25,0.375
qwen3-4b,60,freq,freq,fr,ja,全体の,"Le contraire de ""全体の"" est """,部分的な,0,0,19.875,20.875,1.0
qwen3-4b,61,desc,desc,fr,ja,穏やかな,"Le contraire de ""穏やかな"" est """,荒れた,4,3,15.5625,15.625,0.0625
qwen3-4b,61,desc,val,fr,ja,穏やかな,"Le contraire de ""穏やかな"" est """,荒れた,4,6,15.5625,13.3125,-2.25
qwen3-4b,61,desc,freq,fr,ja,穏やかな,"Le contraire de ""穏やかな"" est """,荒れた,4,5,15.5625,14.3125,-1.25
qwen3-4b,61,val,desc,fr,ja,穏やかな,"Le contraire de ""穏やかな"" est """,荒れた,4,8,15.5625,10.9375,-4.625
qwen3-4b,61,val,val,fr,ja,穏やかな,"Le contraire de ""穏やかな"" est """,荒れた,4,8,15.5625,10.875,-4.6875
qwen3-4b,61,val,freq,fr,ja,穏やかな,"Le contraire de ""穏やかな"" est """,荒れた,4,7,15.5625,11.25,-4.3125
qwen3-4b,61,freq,desc,fr,ja,穏やかな,"Le contraire de ""穏やかな"" est """,荒れた,4,26,15.5625,13.0625,-2.5
qwen3-4b,61,freq,val,fr,ja,穏やかな,"Le contraire de ""穏やかな"" est """,荒れた,4,45,15.5625,11.375,-4.1875
qwen3-4b,61,freq,freq,fr,ja,穏やかな,"Le contraire de ""穏やかな"" est """,荒れた,4,41,15.5625,12.75,-2.8125
qwen3-4b,62,desc,desc,fr,ja,正しい,"Le contraire de ""正しい"" est """,間違っている,0,0,20.25,19.875,-0.375
qwen3-4b,62,desc,val,fr,ja,正しい,"Le contraire de ""正しい"" est """,間違っている,0,0,20.25,17.375,-2.875
qwen3-4b,62,desc,freq,fr,ja,正しい,"Le contraire de ""正しい"" est """,間違っている,0,0,20.25,19.125,-1.125
qwen3-4b,62,val,desc,fr,ja,正しい,"Le contraire de ""正しい"" est """,間違っている,0,0,20.25,15.875,-4.375
qwen3-4b,62,val,val,fr,ja,正しい,"Le contraire de ""正しい"" est """,間違っている,0,0,20.25,15.6875,-4.5625
qwen3-4b,62,val,freq,fr,ja,正しい,"Le contraire de ""正しい"" est """,間違っている,0,0,20.25,15.75,-4.5
qwen3-4b,62,freq,desc,fr,ja,正しい,"Le contraire de ""正しい"" est """,間違っている,0,3,20.25,15.5,-4.75
qwen3-4b,62,freq,val,fr,ja,正しい,"Le contraire de ""正しい"" est """,間違っている,0,5,20.25,13.8125,-6.4375
qwen3-4b,62,freq,freq,fr,ja,正しい,"Le contraire de ""正しい"" est """,間違っている,0,5,20.25,14.9375,-5.3125
qwen3-4b,63,desc,desc,fr,ja,複雑な,"Le contraire de ""複雑な"" est """,単純な,0,1,20.375,20.125,-0.25
qwen3-4b,63,desc,val,fr,ja,複雑な,"Le contraire de ""複雑な"" est """,単純な,0,1,20.375,18.875,-1.5
qwen3-4b,63,desc,freq,fr,ja,複雑な,"Le contraire de ""複雑な"" est """,単純な,0,0,20.375,21.125,0.75
qwen3-4b,63,val,desc,fr,ja,複雑な,"Le contraire de ""複雑な"" est """,単純な,0,0,20.375,18.5,-1.875
qwen3-4b,63,val,val,fr,ja,複雑な,"Le contraire de ""複雑な"" est """,単純な,0,1,20.375,16.5,-3.875
qwen3-4b,63,val,freq,fr,ja,複雑な,"Le contraire de ""複雑な"" est """,単純な,0,0,20.375,18.25,-2.125
qwen3-4b,63,freq,desc,fr,ja,複雑な,"Le contraire de ""複雑な"" est """,単純な,0,2,20.375,18.25,-2.125
qwen3-4b,63,freq,val,fr,ja,複雑な,"Le contraire de ""複雑な"" est """,単純な,0,3,20.375,15.75,-4.625
qwen3-4b,63,freq,freq,fr,ja,複雑な,"Le contraire de ""複雑な"" est """,単純な,0,3,20.375,17.5,-2.875
qwen3-4b,64,desc,desc,fr,ja,効果的な,"Le contraire de ""効果的な"" est """,非効果的な,0,0,19.625,19.625,0.0
qwen3-4b,64,desc,val,fr,ja,効果的な,"Le contraire de ""効果的な"" est """,非効果的な,0,0,19.625,16.875,-2.75
qwen3-4b,64,desc,freq,fr,ja,効果的な,"Le contraire de ""効果的な"" est """,非効果的な,0,0,19.625,19.5,-0.125
qwen3-4b,64,val,desc,fr,ja,効果的な,"Le contraire de ""効果的な"" est """,非効果的な,0,0,19.625,16.0,-3.625
qwen3-4b,64,val,val,fr,ja,効果的な,"Le contraire de ""効果的な"" est """,非効果的な,0,0,19.625,16.25,-3.375
qwen3-4b,64,val,freq,fr,ja,効果的な,"Le contraire de ""効果的な"" est """,非効果的な,0,0,19.625,16.5,-3.125
qwen3-4b,64,freq,desc,fr,ja,効果的な,"Le contraire de ""効果的な"" est """,非効果的な,0,1,19.625,20.0,0.375
qwen3-4b,64,freq,val,fr,ja,効果的な,"Le contraire de ""効果的な"" est """,非効果的な,0,1,19.625,17.5,-2.125
qwen3-4b,64,freq,freq,fr,ja,効果的な,"Le contraire de ""効果的な"" est """,非効果的な,0,1,19.625,20.125,0.5
qwen3-4b,65,desc,desc,fr,ja,有名な,"Le contraire de ""有名な"" est """,無名の,43,56,12.125,11.875,-0.25
qwen3-4b,65,desc,val,fr,ja,有名な,"Le contraire de ""有名な"" est """,無名の,43,10,12.125,12.8125,0.6875
qwen3-4b,65,desc,freq,fr,ja,有名な,"Le contraire de ""有名な"" est """,無名の,43,5,12.125,13.75,1.625
qwen3-4b,65,val,desc,fr,ja,有名な,"Le contraire de ""有名な"" est """,無名の,43,19,12.125,10.4375,-1.6875
qwen3-4b,65,val,val,fr,ja,有名な,"Le contraire de ""有名な"" est """,無名の,43,82,12.125,8.875,-3.25
qwen3-4b,65,val,freq,fr,ja,有名な,"Le contraire de ""有名な"" est """,無名の,43,20,12.125,9.25,-2.875
qwen3-4b,65,freq,desc,fr,ja,有名な,"Le contraire de ""有名な"" est """,無名の,43,81,12.125,11.125,-1.0
qwen3-4b,65,freq,val,fr,ja,有名な,"Le contraire de ""有名な"" est """,無名の,43,107,12.125,9.9375,-2.1875
qwen3-4b,65,freq,freq,fr,ja,有名な,"Le contraire de ""有名な"" est """,無名の,43,160,12.125,10.1875,-1.9375
qwen3-4b,66,desc,desc,fr,ja,寛大な,"Le contraire de ""寛大な"" est """,ケチな,1899,1839,6.5,6.625,0.125
qwen3-4b,66,desc,val,fr,ja,寛大な,"Le contraire de ""寛大な"" est """,ケチな,1899,1712,6.5,5.9375,-0.5625
qwen3-4b,66,desc,freq,fr,ja,寛大な,"Le contraire de ""寛大な"" est """,ケチな,1899,1865,6.5,6.34375,-0.15625
qwen3-4b,66,val,desc,fr,ja,寛大な,"Le contraire de ""寛大な"" est """,ケチな,1899,13419,6.5,0.322265625,-6.177734375
qwen3-4b,66,val,val,fr,ja,寛大な,"Le contraire de ""寛大な"" est """,ケチな,1899,15412,6.5,0.11669921875,-6.38330078125
qwen3-4b,66,val,freq,fr,ja,寛大な,"Le contraire de ""寛大な"" est """,ケチな,1899,10297,6.5,0.38671875,-6.11328125
qwen3-4b,66,freq,desc,fr,ja,寛大な,"Le contraire de ""寛大な"" est """,ケチな,1899,13141,6.5,3.6875,-2.8125
qwen3-4b,66,freq,val,fr,ja,寛大な,"Le contraire de ""寛大な"" est """,ケチな,1899,11201,6.5,3.203125,-3.296875
qwen3-4b,66,freq,freq,fr,ja,寛大な,"Le contraire de ""寛大な"" est """,ケチな,1899,13841,6.5,3.734375,-2.765625
qwen3-4b,67,desc,desc,fr,ja,幸せな,"Le contraire de ""幸せな"" est """,不幸せな,1,1,20.375,19.75,-0.625
qwen3-4b,67,desc,val,fr,ja,幸せな,"Le contraire de ""幸せな"" est """,不幸せな,1,1,20.375,17.0,-3.375
qwen3-4b,67,desc,freq,fr,ja,幸せな,"Le contraire de ""幸せな"" est """,不幸せな,1,0,20.375,21.25,0.875
qwen3-4b,67,val,desc,fr,ja,幸せな,"Le contraire de ""幸せな"" est """,不幸せな,1,1,20.375,17.5,-2.875
qwen3-4b,67,val,val,fr,ja,幸せな,"Le contraire de ""幸せな"" est """,不幸せな,1,1,20.375,16.875,-3.5
qwen3-4b,67,val,freq,fr,ja,幸せな,"Le contraire de ""幸せな"" est """,不幸せな,1,0,20.375,19.375,-1.0
qwen3-4b,67,freq,desc,fr,ja,幸せな,"Le contraire de ""幸せな"" est """,不幸せな,1,2,20.375,18.0,-2.375
qwen3-4b,67,freq,val,fr,ja,幸せな,"Le contraire de ""幸せな"" est """,不幸せな,1,3,20.375,15.75,-4.625
qwen3-4b,67,freq,freq,fr,ja,幸せな,"Le contraire de ""幸せな"" est """,不幸せな,1,3,20.375,17.5,-2.875
qwen3-4b,68,desc,desc,fr,ja,健康な,"Le contraire de ""健康な"" est """,病気の,0,0,18.625,18.375,-0.25
qwen3-4b,68,desc,val,fr,ja,健康な,"Le contraire de ""健康な"" est """,病気の,0,0,18.625,17.25,-1.375
qwen3-4b,68,desc,freq,fr,ja,健康な,"Le contraire de ""健康な"" est """,病気の,0,0,18.625,19.5,0.875
qwen3-4b,68,val,desc,fr,ja,健康な,"Le contraire de ""健康な"" est """,病気の,0,0,18.625,16.875,-1.75
qwen3-4b,68,val,val,fr,ja,健康な,"Le contraire de ""健康な"" est """,病気の,0,0,18.625,16.625,-2.0
qwen3-4b,68,val,freq,fr,ja,健康な,"Le contraire de ""健康な"" est """,病気の,0,0,18.625,18.0,-0.625
qwen3-4b,68,freq,desc,fr,ja,健康な,"Le contraire de ""健康な"" est """,病気の,0,0,18.625,19.125,0.5
qwen3-4b,68,freq,val,fr,ja,健康な,"Le contraire de ""健康な"" est """,病気の,0,1,18.625,17.625,-1.0
qwen3-4b,68,freq,freq,fr,ja,健康な,"Le contraire de ""健康な"" est """,病気の,0,0,18.625,19.0,0.375
qwen3-4b,69,desc,desc,fr,ja,高い,"Le contraire de ""高い"" est """,低い,0,0,20.625,19.875,-0.75
qwen3-4b,69,desc,val,fr,ja,高い,"Le contraire de ""高い"" est """,低い,0,0,20.625,18.25,-2.375
qwen3-4b,69,desc,freq,fr,ja,高い,"Le contraire de ""高い"" est """,低い,0,0,20.625,20.5,-0.125
qwen3-4b,69,val,desc,fr,ja,高い,"Le contraire de ""高い"" est """,低い,0,0,20.625,14.625,-6.0
qwen3-4b,69,val,val,fr,ja,高い,"Le contraire de ""高い"" est """,低い,0,1,20.625,13.8125,-6.8125
qwen3-4b,69,val,freq,fr,ja,高い,"Le contraire de ""高い"" est """,低い,0,0,20.625,15.125,-5.5
qwen3-4b,69,freq,desc,fr,ja,高い,"Le contraire de ""高い"" est """,低い,0,17,20.625,12.5,-8.125
qwen3-4b,69,freq,val,fr,ja,高い,"Le contraire de ""高い"" est """,低い,0,18,20.625,11.4375,-9.1875
qwen3-4b,69,freq,freq,fr,ja,高い,"Le contraire de ""高い"" est """,低い,0,25,20.625,11.8125,-8.8125
qwen3-4b,70,desc,desc,fr,ja,重要な,"Le contraire de ""重要な"" est """,重要でない,3,5,16.25,16.0,-0.25
qwen3-4b,70,desc,val,fr,ja,重要な,"Le contraire de ""重要な"" est """,重要でない,3,4,16.25,14.5625,-1.6875
qwen3-4b,70,desc,freq,fr,ja,重要な,"Le contraire de ""重要な"" est """,重要でない,3,2,16.25,16.25,0.0
qwen3-4b,70,val,desc,fr,ja,重要な,"Le contraire de ""重要な"" est """,重要でない,3,5,16.25,12.25,-4.0
qwen3-4b,70,val,val,fr,ja,重要な,"Le contraire de ""重要な"" est """,重要でない,3,5,16.25,12.25,-4.0
qwen3-4b,70,val,freq,fr,ja,重要な,"Le contraire de ""重要な"" est """,重要でない,3,2,16.25,13.3125,-2.9375
qwen3-4b,70,freq,desc,fr,ja,重要な,"Le contraire de ""重要な"" est """,重要でない,3,9,16.25,14.9375,-1.3125
qwen3-4b,70,freq,val,fr,ja,重要な,"Le contraire de ""重要な"" est """,重要でない,3,7,16.25,13.875,-2.375
qwen3-4b,70,freq,freq,fr,ja,重要な,"Le contraire de ""重要な"" est """,重要でない,3,8,16.25,15.125,-1.125
qwen3-4b,71,desc,desc,fr,ja,無罪の,"Le contraire de ""無罪の"" est """,有罪の,0,0,20.75,20.75,0.0
qwen3-4b,71,desc,val,fr,ja,無罪の,"Le contraire de ""無罪の"" est """,有罪の,0,0,20.75,18.5,-2.25
qwen3-4b,71,desc,freq,fr,ja,無罪の,"Le contraire de ""無罪の"" est """,有罪の,0,0,20.75,20.0,-0.75
qwen3-4b,71,val,desc,fr,ja,無罪の,"Le contraire de ""無罪の"" est """,有罪の,0,0,20.75,17.125,-3.625
qwen3-4b,71,val,val,fr,ja,無罪の,"Le contraire de ""無罪の"" est """,有罪の,0,0,20.75,16.625,-4.125
qwen3-4b,71,val,freq,fr,ja,無罪の,"Le contraire de ""無罪の"" est """,有罪の,0,0,20.75,15.8125,-4.9375
qwen3-4b,71,freq,desc,fr,ja,無罪の,"Le contraire de ""無罪の"" est """,有罪の,0,0,20.75,22.375,1.625
qwen3-4b,71,freq,val,fr,ja,無罪の,"Le contraire de ""無罪の"" est """,有罪の,0,0,20.75,19.75,-1.0
qwen3-4b,71,freq,freq,fr,ja,無罪の,"Le contraire de ""無罪の"" est """,有罪の,0,0,20.75,22.25,1.5
qwen3-4b,72,desc,desc,fr,ja,既知の,"Le contraire de ""既知の"" est """,未知の,0,0,23.375,22.75,-0.625
qwen3-4b,72,desc,val,fr,ja,既知の,"Le contraire de ""既知の"" est """,未知の,0,0,23.375,19.625,-3.75
qwen3-4b,72,desc,freq,fr,ja,既知の,"Le contraire de ""既知の"" est """,未知の,0,0,23.375,21.125,-2.25
qwen3-4b,72,val,desc,fr,ja,既知の,"Le contraire de ""既知の"" est """,未知の,0,0,23.375,18.75,-4.625
qwen3-4b,72,val,val,fr,ja,既知の,"Le contraire de ""既知の"" est """,未知の,0,0,23.375,18.25,-5.125
qwen3-4b,72,val,freq,fr,ja,既知の,"Le contraire de ""既知の"" est """,未知の,0,0,23.375,17.625,-5.75
qwen3-4b,72,freq,desc,fr,ja,既知の,"Le contraire de ""既知の"" est """,未知の,0,0,23.375,21.25,-2.125
qwen3-4b,72,freq,val,fr,ja,既知の,"Le contraire de ""既知の"" est """,未知の,0,0,23.375,18.625,-4.75
qwen3-4b,72,freq,freq,fr,ja,既知の,"Le contraire de ""既知の"" est """,未知の,0,0,23.375,21.25,-2.125
qwen3-4b,73,desc,desc,fr,ja,男性の,"Le contraire de ""男性の"" est """,女性の,0,0,22.625,22.25,-0.375
qwen3-4b,73,desc,val,fr,ja,男性の,"Le contraire de ""男性の"" est """,女性の,0,0,22.625,20.375,-2.25
qwen3-4b,73,desc,freq,fr,ja,男性の,"Le contraire de ""男性の"" est """,女性の,0,0,22.625,23.125,0.5
qwen3-4b,73,val,desc,fr,ja,男性の,"Le contraire de ""男性の"" est """,女性の,0,0,22.625,16.25,-6.375
qwen3-4b,73,val,val,fr,ja,男性の,"Le contraire de ""男性の"" est """,女性の,0,1,22.625,15.4375,-7.1875
qwen3-4b,73,val,freq,fr,ja,男性の,"Le contraire de ""男性の"" est """,女性の,0,0,22.625,16.375,-6.25
qwen3-4b,73,freq,desc,fr,ja,男性の,"Le contraire de ""男性の"" est """,女性の,0,0,22.625,21.375,-1.25
qwen3-4b,73,freq,val,fr,ja,男性の,"Le contraire de ""男性の"" est """,女性の,0,1,22.625,19.0,-3.625
qwen3-4b,73,freq,freq,fr,ja,男性の,"Le contraire de ""男性の"" est """,女性の,0,0,22.625,21.125,-1.5
qwen3-4b,74,desc,desc,fr,ja,普通の,"Le contraire de ""普通の"" est """,異常な,5,5,14.4375,14.5,0.0625
qwen3-4b,74,desc,val,fr,ja,普通の,"Le contraire de ""普通の"" est """,異常な,5,5,14.4375,13.6875,-0.75
qwen3-4b,74,desc,freq,fr,ja,普通の,"Le contraire de ""普通の"" est """,異常な,5,5,14.4375,14.125,-0.3125
qwen3-4b,74,val,desc,fr,ja,普通の,"Le contraire de ""普通の"" est """,異常な,5,22,14.4375,10.0,-4.4375
qwen3-4b,74,val,val,fr,ja,普通の,"Le contraire de ""普通の"" est """,異常な,5,19,14.4375,10.0,-4.4375
qwen3-4b,74,val,freq,fr,ja,普通の,"Le contraire de ""普通の"" est """,異常な,5,20,14.4375,9.4375,-5.0
qwen3-4b,74,freq,desc,fr,ja,普通の,"Le contraire de ""普通の"" est """,異常な,5,40,14.4375,11.4375,-3.0
qwen3-4b,74,freq,val,fr,ja,普通の,"Le contraire de ""普通の"" est """,異常な,5,41,14.4375,11.1875,-3.25
qwen3-4b,74,freq,freq,fr,ja,普通の,"Le contraire de ""普通の"" est """,異常な,5,41,14.4375,11.5,-2.9375
qwen3-4b,75,desc,desc,fr,ja,可能な,"Le contraire de ""可能な"" est """,不可能な,0,0,24.125,23.5,-0.625
qwen3-4b,75,desc,val,fr,ja,可能な,"Le contraire de ""可能な"" est """,不可能な,0,0,24.125,19.375,-4.75
qwen3-4b,75,desc,freq,fr,ja,可能な,"Le contraire de ""可能な"" est """,不可能な,0,0,24.125,23.5,-0.625
qwen3-4b,75,val,desc,fr,ja,可能な,"Le contraire de ""可能な"" est """,不可能な,0,0,24.125,18.125,-6.0
qwen3-4b,75,val,val,fr,ja,可能な,"Le contraire de ""可能な"" est """,不可能な,0,1,24.125,17.5,-6.625
qwen3-4b,75,val,freq,fr,ja,可能な,"Le contraire de ""可能な"" est """,不可能な,0,0,24.125,19.5,-4.625
qwen3-4b,75,freq,desc,fr,ja,可能な,"Le contraire de ""可能な"" est """,不可能な,0,1,24.125,22.0,-2.125
qwen3-4b,75,freq,val,fr,ja,可能な,"Le contraire de ""可能な"" est """,不可能な,0,1,24.125,18.75,-5.375
qwen3-4b,75,freq,freq,fr,ja,可能な,"Le contraire de ""可能な"" est """,不可能な,0,1,24.125,21.875,-2.25
qwen3-4b,76,desc,desc,fr,ja,個人の,"Le contraire de ""個人の"" est """,公共の,1,1,18.25,18.25,0.0
qwen3-4b,76,desc,val,fr,ja,個人の,"Le contraire de ""個人の"" est """,公共の,1,1,18.25,18.375,0.125
qwen3-4b,76,desc,freq,fr,ja,個人の,"Le contraire de ""個人の"" est """,公共の,1,1,18.25,19.125,0.875
qwen3-4b,76,val,desc,fr,ja,個人の,"Le contraire de ""個人の"" est """,公共の,1,1,18.25,15.5,-2.75
qwen3-4b,76,val,val,fr,ja,個人の,"Le contraire de ""個人の"" est """,公共の,1,2,18.25,15.0625,-3.1875
qwen3-4b,76,val,freq,fr,ja,個人の,"Le contraire de ""個人の"" est """,公共の,1,1,18.25,15.5,-2.75
qwen3-4b,76,freq,desc,fr,ja,個人の,"Le contraire de ""個人の"" est """,公共の,1,3,18.25,17.5,-0.75
qwen3-4b,76,freq,val,fr,ja,個人の,"Le contraire de ""個人の"" est """,公共の,1,3,18.25,17.125,-1.125
qwen3-4b,76,freq,freq,fr,ja,個人の,"Le contraire de ""個人の"" est """,公共の,1,2,18.25,17.375,-0.875
qwen3-4b,77,desc,desc,fr,ja,正しい,"Le contraire de ""正しい"" est """,間違っている,0,0,20.25,19.875,-0.375
qwen3-4b,77,desc,val,fr,ja,正しい,"Le contraire de ""正しい"" est """,間違っている,0,0,20.25,17.375,-2.875
qwen3-4b,77,desc,freq,fr,ja,正しい,"Le contraire de ""正しい"" est """,間違っている,0,0,20.25,19.0,-1.25
qwen3-4b,77,val,desc,fr,ja,正しい,"Le contraire de ""正しい"" est """,間違っている,0,0,20.25,15.875,-4.375
qwen3-4b,77,val,val,fr,ja,正しい,"Le contraire de ""正しい"" est """,間違っている,0,0,20.25,15.6875,-4.5625
qwen3-4b,77,val,freq,fr,ja,正しい,"Le contraire de ""正しい"" est """,間違っている,0,0,20.25,15.6875,-4.5625
qwen3-4b,77,freq,desc,fr,ja,正しい,"Le contraire de ""正しい"" est """,間違っている,0,3,20.25,15.5,-4.75
qwen3-4b,77,freq,val,fr,ja,正しい,"Le contraire de ""正しい"" est """,間違っている,0,5,20.25,13.8125,-6.4375
qwen3-4b,77,freq,freq,fr,ja,正しい,"Le contraire de ""正しい"" est """,間違っている,0,5,20.25,14.9375,-5.3125
qwen3-4b,78,desc,desc,fr,ja,簡単な,"Le contraire de ""簡単な"" est """,複雑な,0,0,21.875,21.5,-0.375
qwen3-4b,78,desc,val,fr,ja,簡単な,"Le contraire de ""簡単な"" est """,複雑な,0,0,21.875,19.125,-2.75
qwen3-4b,78,desc,freq,fr,ja,簡単な,"Le contraire de ""簡単な"" est """,複雑な,0,0,21.875,20.875,-1.0
qwen3-4b,78,val,desc,fr,ja,簡単な,"Le contraire de ""簡単な"" est """,複雑な,0,0,21.875,17.875,-4.0
qwen3-4b,78,val,val,fr,ja,簡単な,"Le contraire de ""簡単な"" est """,複雑な,0,1,21.875,17.125,-4.75
qwen3-4b,78,val,freq,fr,ja,簡単な,"Le contraire de ""簡単な"" est """,複雑な,0,0,21.875,17.75,-4.125
qwen3-4b,78,freq,desc,fr,ja,簡単な,"Le contraire de ""簡単な"" est """,複雑な,0,3,21.875,20.0,-1.875
qwen3-4b,78,freq,val,fr,ja,簡単な,"Le contraire de ""簡単な"" est """,複雑な,0,3,21.875,17.5,-4.375
qwen3-4b,78,freq,freq,fr,ja,簡単な,"Le contraire de ""簡単な"" est """,複雑な,0,3,21.875,19.625,-2.25
qwen3-4b,79,desc,desc,fr,ja,甘い,"Le contraire de ""甘い"" est """,苦い,0,0,18.5,18.75,0.25
qwen3-4b,79,desc,val,fr,ja,甘い,"Le contraire de ""甘い"" est """,苦い,0,0,18.5,17.125,-1.375
qwen3-4b,79,desc,freq,fr,ja,甘い,"Le contraire de ""甘い"" est """,苦い,0,0,18.5,17.5,-1.0
qwen3-4b,79,val,desc,fr,ja,甘い,"Le contraire de ""甘い"" est """,苦い,0,0,18.5,16.875,-1.625
qwen3-4b,79,val,val,fr,ja,甘い,"Le contraire de ""甘い"" est """,苦い,0,0,18.5,16.75,-1.75
qwen3-4b,79,val,freq,fr,ja,甘い,"Le contraire de ""甘い"" est """,苦い,0,0,18.5,17.25,-1.25
qwen3-4b,79,freq,desc,fr,ja,甘い,"Le contraire de ""甘い"" est """,苦い,0,0,18.5,17.875,-0.625
qwen3-4b,79,freq,val,fr,ja,甘い,"Le contraire de ""甘い"" est """,苦い,0,0,18.5,17.875,-0.625
qwen3-4b,79,freq,freq,fr,ja,甘い,"Le contraire de ""甘い"" est """,苦い,0,1,18.5,17.625,-0.875
qwen3-4b,80,desc,desc,fr,ja,見える,"Le contraire de ""見える"" est """,見えない,0,0,22.75,22.125,-0.625
qwen3-4b,80,desc,val,fr,ja,見える,"Le contraire de ""見える"" est """,見えない,0,0,22.75,19.5,-3.25
qwen3-4b,80,desc,freq,fr,ja,見える,"Le contraire de ""見える"" est """,見えない,0,0,22.75,22.125,-0.625
qwen3-4b,80,val,desc,fr,ja,見える,"Le contraire de ""見える"" est """,見えない,0,0,22.75,17.375,-5.375
qwen3-4b,80,val,val,fr,ja,見える,"Le contraire de ""見える"" est """,見えない,0,0,22.75,16.875,-5.875
qwen3-4b,80,val,freq,fr,ja,見える,"Le contraire de ""見える"" est """,見えない,0,0,22.75,18.0,-4.75
qwen3-4b,80,freq,desc,fr,ja,見える,"Le contraire de ""見える"" est """,見えない,0,6,22.75,18.0,-4.75
qwen3-4b,80,freq,val,fr,ja,見える,"Le contraire de ""見える"" est """,見えない,0,7,22.75,15.3125,-7.4375
qwen3-4b,80,freq,freq,fr,ja,見える,"Le contraire de ""見える"" est """,見えない,0,7,22.75,17.5,-5.25
qwen3-4b,81,desc,desc,fr,ja,暖かい,"Le contraire de ""暖かい"" est """,冷たい,1,1,19.125,18.25,-0.875
qwen3-4b,81,desc,val,fr,ja,暖かい,"Le contraire de ""暖かい"" est """,冷たい,1,1,19.125,17.0,-2.125
qwen3-4b,81,desc,freq,fr,ja,暖かい,"Le contraire de ""暖かい"" est """,冷たい,1,0,19.125,19.875,0.75
qwen3-4b,81,val,desc,fr,ja,暖かい,"Le contraire de ""暖かい"" est """,冷たい,1,1,19.125,14.9375,-4.1875
qwen3-4b,81,val,val,fr,ja,暖かい,"Le contraire de ""暖かい"" est """,冷たい,1,2,19.125,14.5625,-4.5625
qwen3-4b,81,val,freq,fr,ja,暖かい,"Le contraire de ""暖かい"" est """,冷たい,1,1,19.125,15.5,-3.625
qwen3-4b,81,freq,desc,fr,ja,暖かい,"Le contraire de ""暖かい"" est """,冷たい,1,6,19.125,14.75,-4.375
qwen3-4b,81,freq,val,fr,ja,暖かい,"Le contraire de ""暖かい"" est """,冷たい,1,8,19.125,13.25,-5.875
qwen3-4b,81,freq,freq,fr,ja,暖かい,"Le contraire de ""暖かい"" est """,冷たい,1,8,19.125,14.375,-4.75
qwen3-4b,82,desc,desc,fr,ja,滑らかな,"Le contraire de ""滑らかな"" est """,粗い,7,6,15.1875,15.1875,0.0
qwen3-4b,82,desc,val,fr,ja,滑らかな,"Le contraire de ""滑らかな"" est """,粗い,7,0,15.1875,14.75,-0.4375
qwen3-4b,82,desc,freq,fr,ja,滑らかな,"Le contraire de ""滑らかな"" est """,粗い,7,2,15.1875,15.25,0.0625
qwen3-4b,82,val,desc,fr,ja,滑らかな,"Le contraire de ""滑らかな"" est """,粗い,7,26,15.1875,10.0625,-5.125
qwen3-4b,82,val,val,fr,ja,滑らかな,"Le contraire de ""滑らかな"" est """,粗い,7,31,15.1875,9.875,-5.3125
qwen3-4b,82,val,freq,fr,ja,滑らかな,"Le contraire de ""滑らかな"" est """,粗い,7,19,15.1875,10.875,-4.3125
qwen3-4b,82,freq,desc,fr,ja,滑らかな,"Le contraire de ""滑らかな"" est """,粗い,7,13,15.1875,14.5625,-0.625
qwen3-4b,82,freq,val,fr,ja,滑らかな,"Le contraire de ""滑らかな"" est """,粗い,7,6,15.1875,15.0,-0.1875
qwen3-4b,82,freq,freq,fr,ja,滑らかな,"Le contraire de ""滑らかな"" est """,粗い,7,12,15.1875,14.6875,-0.5
qwen3-4b,83,desc,desc,fr,ja,薄い,"Le contraire de ""薄い"" est """,厚い,0,0,19.5,19.125,-0.375
qwen3-4b,83,desc,val,fr,ja,薄い,"Le contraire de ""薄い"" est """,厚い,0,0,19.5,16.875,-2.625
qwen3-4b,83,desc,freq,fr,ja,薄い,"Le contraire de ""薄い"" est """,厚い,0,0,19.5,19.625,0.125
qwen3-4b,83,val,desc,fr,ja,薄い,"Le contraire de ""薄い"" est """,厚い,0,2,19.5,11.9375,-7.5625
qwen3-4b,83,val,val,fr,ja,薄い,"Le contraire de ""薄い"" est """,厚い,0,2,19.5,11.6875,-7.8125
qwen3-4b,83,val,freq,fr,ja,薄い,"Le contraire de ""薄い"" est """,厚い,0,1,19.5,12.8125,-6.6875
qwen3-4b,83,freq,desc,fr,ja,薄い,"Le contraire de ""薄い"" est """,厚い,0,0,19.5,17.875,-1.625
qwen3-4b,83,freq,val,fr,ja,薄い,"Le contraire de ""薄い"" est """,厚い,0,0,19.5,15.375,-4.125
qwen3-4b,83,freq,freq,fr,ja,薄い,"Le contraire de ""薄い"" est """,厚い,0,0,19.5,18.0,-1.5
qwen3-4b,84,desc,desc,fr,ja,背が高い,"Le contraire de ""背が高い"" est """,背が低い,0,0,22.875,22.75,-0.125
qwen3-4b,84,desc,val,fr,ja,背が高い,"Le contraire de ""背が高い"" est """,背が低い,0,0,22.875,22.875,0.0
qwen3-4b,84,desc,freq,fr,ja,背が高い,"Le contraire de ""背が高い"" est """,背が低い,0,0,22.875,23.5,0.625
qwen3-4b,84,val,desc,fr,ja,背が高い,"Le contraire de ""背が高い"" est """,背が低い,0,0,22.875,19.625,-3.25
qwen3-4b,84,val,val,fr,ja,背が高い,"Le contraire de ""背が高い"" est """,背が低い,0,0,22.875,19.375,-3.5
qwen3-4b,84,val,freq,fr,ja,背が高い,"Le contraire de ""背が高い"" est """,背が低い,0,0,22.875,18.5,-4.375
qwen3-4b,84,freq,desc,fr,ja,背が高い,"Le contraire de ""背が高い"" est """,背が低い,0,0,22.875,22.875,0.0
qwen3-4b,84,freq,val,fr,ja,背が高い,"Le contraire de ""背が高い"" est """,背が低い,0,0,22.875,22.625,-0.25
qwen3-4b,84,freq,freq,fr,ja,背が高い,"Le contraire de ""背が高い"" est """,背が低い,0,0,22.875,22.375,-0.5
qwen3-4b,85,desc,desc,fr,ja,既婚の,"Le contraire de ""既婚の"" est """,未婚の,0,0,20.875,20.75,-0.125
qwen3-4b,85,desc,val,fr,ja,既婚の,"Le contraire de ""既婚の"" est """,未婚の,0,0,20.875,19.75,-1.125
qwen3-4b,85,desc,freq,fr,ja,既婚の,"Le contraire de ""既婚の"" est """,未婚の,0,0,20.875,20.0,-0.875
qwen3-4b,85,val,desc,fr,ja,既婚の,"Le contraire de ""既婚の"" est """,未婚の,0,1,20.875,17.125,-3.75
qwen3-4b,85,val,val,fr,ja,既婚の,"Le contraire de ""既婚の"" est """,未婚の,0,1,20.875,16.875,-4.0
qwen3-4b,85,val,freq,fr,ja,既婚の,"Le contraire de ""既婚の"" est """,未婚の,0,2,20.875,16.5,-4.375
qwen3-4b,85,freq,desc,fr,ja,既婚の,"Le contraire de ""既婚の"" est """,未婚の,0,0,20.875,20.625,-0.25
qwen3-4b,85,freq,val,fr,ja,既婚の,"Le contraire de ""既婚の"" est """,未婚の,0,0,20.875,19.125,-1.75
qwen3-4b,85,freq,freq,fr,ja,既婚の,"Le contraire de ""既婚の"" est """,未婚の,0,0,20.875,21.0,0.125
qwen3-4b,86,desc,desc,fr,ja,楽観的な,"Le contraire de ""楽観的な"" est """,悲観的な,0,0,23.125,22.875,-0.25
qwen3-4b,86,desc,val,fr,ja,楽観的な,"Le contraire de ""楽観的な"" est """,悲観的な,0,0,23.125,19.5,-3.625
qwen3-4b,86,desc,freq,fr,ja,楽観的な,"Le contraire de ""楽観的な"" est """,悲観的な,0,0,23.125,23.125,0.0
qwen3-4b,86,val,desc,fr,ja,楽観的な,"Le contraire de ""楽観的な"" est """,悲観的な,0,0,23.125,20.0,-3.125
qwen3-4b,86,val,val,fr,ja,楽観的な,"Le contraire de ""楽観的な"" est """,悲観的な,0,0,23.125,19.75,-3.375
qwen3-4b,86,val,freq,fr,ja,楽観的な,"Le contraire de ""楽観的な"" est """,悲観的な,0,0,23.125,21.0,-2.125
qwen3-4b,86,freq,desc,fr,ja,楽観的な,"Le contraire de ""楽観的な"" est """,悲観的な,0,1,23.125,21.5,-1.625
qwen3-4b,86,freq,val,fr,ja,楽観的な,"Le contraire de ""楽観的な"" est """,悲観的な,0,2,23.125,18.125,-5.0
qwen3-4b,86,freq,freq,fr,ja,楽観的な,"Le contraire de ""楽観的な"" est """,悲観的な,0,1,23.125,20.875,-2.25
qwen3-4b,87,desc,desc,fr,ja,恒久的な,"Le contraire de ""恒久的な"" est """,一時的な,0,0,19.875,19.375,-0.5
qwen3-4b,87,desc,val,fr,ja,恒久的な,"Le contraire de ""恒久的な"" est """,一時的な,0,1,19.875,16.25,-3.625
qwen3-4b,87,desc,freq,fr,ja,恒久的な,"Le contraire de ""恒久的な"" est """,一時的な,0,0,19.875,19.75,-0.125
qwen3-4b,87,val,desc,fr,ja,恒久的な,"Le contraire de ""恒久的な"" est """,一時的な,0,1,19.875,15.0,-4.875
qwen3-4b,87,val,val,fr,ja,恒久的な,"Le contraire de ""恒久的な"" est """,一時的な,0,2,19.875,14.0,-5.875
qwen3-4b,87,val,freq,fr,ja,恒久的な,"Le contraire de ""恒久的な"" est """,一時的な,0,0,19.875,16.375,-3.5
qwen3-4b,87,freq,desc,fr,ja,恒久的な,"Le contraire de ""恒久的な"" est """,一時的な,0,1,19.875,17.625,-2.25
qwen3-4b,87,freq,val,fr,ja,恒久的な,"Le contraire de ""恒久的な"" est """,一時的な,0,10,19.875,13.125,-6.75
qwen3-4b,87,freq,freq,fr,ja,恒久的な,"Le contraire de ""恒久的な"" est """,一時的な,0,1,19.875,17.0,-2.875
qwen3-4b,88,desc,desc,fr,ja,現在の,"Le contraire de ""現在の"" est """,過去の,0,0,21.25,20.625,-0.625
qwen3-4b,88,desc,val,fr,ja,現在の,"Le contraire de ""現在の"" est """,過去の,0,0,21.25,18.375,-2.875
qwen3-4b,88,desc,freq,fr,ja,現在の,"Le contraire de ""現在の"" est """,過去の,0,0,21.25,20.125,-1.125
qwen3-4b,88,val,desc,fr,ja,現在の,"Le contraire de ""現在の"" est """,過去の,0,1,21.25,13.9375,-7.3125
qwen3-4b,88,val,val,fr,ja,現在の,"Le contraire de ""現在の"" est """,過去の,0,5,21.25,12.625,-8.625
qwen3-4b,88,val,freq,fr,ja,現在の,"Le contraire de ""現在の"" est """,過去の,0,1,21.25,13.9375,-7.3125
qwen3-4b,88,freq,desc,fr,ja,現在の,"Le contraire de ""現在の"" est """,過去の,0,13,21.25,15.0,-6.25
qwen3-4b,88,freq,val,fr,ja,現在の,"Le contraire de ""現在の"" est """,過去の,0,33,21.25,12.875,-8.375
qwen3-4b,88,freq,freq,fr,ja,現在の,"Le contraire de ""現在の"" est """,過去の,0,16,21.25,14.4375,-6.8125
qwen3-4b,89,desc,desc,fr,ja,公共の,"Le contraire de ""公共の"" est """,個人の,3,3,16.875,16.375,-0.5
qwen3-4b,89,desc,val,fr,ja,公共の,"Le contraire de ""公共の"" est """,個人の,3,4,16.875,16.25,-0.625
qwen3-4b,89,desc,freq,fr,ja,公共の,"Le contraire de ""公共の"" est """,個人の,3,3,16.875,17.125,0.25
qwen3-4b,89,val,desc,fr,ja,公共の,"Le contraire de ""公共の"" est """,個人の,3,1,16.875,13.0625,-3.8125
qwen3-4b,89,val,val,fr,ja,公共の,"Le contraire de ""公共の"" est """,個人の,3,6,16.875,11.5625,-5.3125
qwen3-4b,89,val,freq,fr,ja,公共の,"Le contraire de ""公共の"" est """,個人の,3,0,16.875,13.5625,-3.3125
qwen3-4b,89,freq,desc,fr,ja,公共の,"Le contraire de ""公共の"" est """,個人の,3,25,16.875,12.0625,-4.8125
qwen3-4b,89,freq,val,fr,ja,公共の,"Le contraire de ""公共の"" est """,個人の,3,30,16.875,11.8125,-5.0625
qwen3-4b,89,freq,freq,fr,ja,公共の,"Le contraire de ""公共の"" est """,個人の,3,41,16.875,11.4375,-5.4375
qwen3-4b,90,desc,desc,fr,ja,本物の,"Le contraire de ""本物の"" est """,偽物の,0,0,18.375,18.875,0.5
qwen3-4b,90,desc,val,fr,ja,本物の,"Le contraire de ""本物の"" est """,偽物の,0,0,18.375,17.375,-1.0
qwen3-4b,90,desc,freq,fr,ja,本物の,"Le contraire de ""本物の"" est """,偽物の,0,0,18.375,18.25,-0.125
qwen3-4b,90,val,desc,fr,ja,本物の,"Le contraire de ""本物の"" est """,偽物の,0,0,18.375,15.0625,-3.3125
qwen3-4b,90,val,val,fr,ja,本物の,"Le contraire de ""本物の"" est """,偽物の,0,0,18.375,15.1875,-3.1875
qwen3-4b,90,val,freq,fr,ja,本物の,"Le contraire de ""本物の"" est """,偽物の,0,0,18.375,15.0625,-3.3125
qwen3-4b,90,freq,desc,fr,ja,本物の,"Le contraire de ""本物の"" est """,偽物の,0,2,18.375,17.375,-1.0
qwen3-4b,90,freq,val,fr,ja,本物の,"Le contraire de ""本物の"" est """,偽物の,0,4,18.375,15.375,-3.0
qwen3-4b,90,freq,freq,fr,ja,本物の,"Le contraire de ""本物の"" est """,偽物の,0,2,18.375,17.75,-0.625
qwen3-4b,91,desc,desc,fr,ja,責任,"Le contraire de ""責任"" est """,無責任な,7,8,12.6875,12.625,-0.0625
qwen3-4b,91,desc,val,fr,ja,責任,"Le contraire de ""責任"" est """,無責任な,7,8,12.6875,13.125,0.4375
qwen3-4b,91,desc,freq,fr,ja,責任,"Le contraire de ""責任"" est """,無責任な,7,0,12.6875,14.6875,2.0
qwen3-4b,91,val,desc,fr,ja,責任,"Le contraire de ""責任"" est """,無責任な,7,83,12.6875,8.125,-4.5625
qwen3-4b,91,val,val,fr,ja,責任,"Le contraire de ""責任"" est """,無責任な,7,166,12.6875,7.0,-5.6875
qwen3-4b,91,val,freq,fr,ja,責任,"Le contraire de ""責任"" est """,無責任な,7,8,12.6875,10.5,-2.1875
qwen3-4b,91,freq,desc,fr,ja,責任,"Le contraire de ""責任"" est """,無責任な,7,69,12.6875,10.1875,-2.5
qwen3-4b,91,freq,val,fr,ja,責任,"Le contraire de ""責任"" est """,無責任な,7,92,12.6875,10.1875,-2.5
qwen3-4b,91,freq,freq,fr,ja,責任,"Le contraire de ""責任"" est """,無責任な,7,71,12.6875,10.1875,-2.5
qwen3-4b,92,desc,desc,fr,ja,独身の,"Le contraire de ""独身の"" est """,結婚している,0,0,14.25,13.8125,-0.4375
qwen3-4b,92,desc,val,fr,ja,独身の,"Le contraire de ""独身の"" est """,結婚している,0,0,14.25,13.625,-0.625
qwen3-4b,92,desc,freq,fr,ja,独身の,"Le contraire de ""独身の"" est """,結婚している,0,1,14.25,14.625,0.375
qwen3-4b,92,val,desc,fr,ja,独身の,"Le contraire de ""独身の"" est """,結婚している,0,1,14.25,9.625,-4.625
qwen3-4b,92,val,val,fr,ja,独身の,"Le contraire de ""独身の"" est """,結婚している,0,2,14.25,9.1875,-5.0625
qwen3-4b,92,val,freq,fr,ja,独身の,"Le contraire de ""独身の"" est """,結婚している,0,0,14.25,10.3125,-3.9375
qwen3-4b,92,freq,desc,fr,ja,独身の,"Le contraire de ""独身の"" est """,結婚している,0,32,14.25,10.3125,-3.9375
qwen3-4b,92,freq,val,fr,ja,独身の,"Le contraire de ""独身の"" est """,結婚している,0,36,14.25,10.125,-4.125
qwen3-4b,92,freq,freq,fr,ja,独身の,"Le contraire de ""独身の"" est """,結婚している,0,30,14.25,9.9375,-4.3125
qwen3-4b,93,desc,desc,fr,ja,酸っぱい,"Le contraire de ""酸っぱい"" est """,甘い,0,0,16.375,16.375,0.0
qwen3-4b,93,desc,val,fr,ja,酸っぱい,"Le contraire de ""酸っぱい"" est """,甘い,0,0,16.375,16.375,0.0
qwen3-4b,93,desc,freq,fr,ja,酸っぱい,"Le contraire de ""酸っぱい"" est """,甘い,0,0,16.375,16.875,0.5
qwen3-4b,93,val,desc,fr,ja,酸っぱい,"Le contraire de ""酸っぱい"" est """,甘い,0,0,16.375,15.125,-1.25
qwen3-4b,93,val,val,fr,ja,酸っぱい,"Le contraire de ""酸っぱい"" est """,甘い,0,2,16.375,14.875,-1.5
qwen3-4b,93,val,freq,fr,ja,酸っぱい,"Le contraire de ""酸っぱい"" est """,甘い,0,0,16.375,15.8125,-0.5625
qwen3-4b,93,freq,desc,fr,ja,酸っぱい,"Le contraire de ""酸っぱい"" est """,甘い,0,2,16.375,16.25,-0.125
qwen3-4b,93,freq,val,fr,ja,酸っぱい,"Le contraire de ""酸っぱい"" est """,甘い,0,3,16.375,15.3125,-1.0625
qwen3-4b,93,freq,freq,fr,ja,酸っぱい,"Le contraire de ""酸っぱい"" est """,甘い,0,4,16.375,15.875,-0.5
qwen3-4b,94,desc,desc,fr,ja,役に立つ,"Le contraire de ""役に立つ"" est """,役に立たない,0,0,23.125,22.75,-0.375
qwen3-4b,94,desc,val,fr,ja,役に立つ,"Le contraire de ""役に立つ"" est """,役に立たない,0,0,23.125,21.125,-2.0
qwen3-4b,94,desc,freq,fr,ja,役に立つ,"Le contraire de ""役に立つ"" est """,役に立たない,0,0,23.125,22.625,-0.5
qwen3-4b,94,val,desc,fr,ja,役に立つ,"Le contraire de ""役に立つ"" est """,役に立たない,0,0,23.125,20.5,-2.625
qwen3-4b,94,val,val,fr,ja,役に立つ,"Le contraire de ""役に立つ"" est """,役に立たない,0,0,23.125,20.375,-2.75
qwen3-4b,94,val,freq,fr,ja,役に立つ,"Le contraire de ""役に立つ"" est """,役に立たない,0,0,23.125,19.25,-3.875
qwen3-4b,94,freq,desc,fr,ja,役に立つ,"Le contraire de ""役に立つ"" est """,役に立たない,0,0,23.125,20.5,-2.625
qwen3-4b,94,freq,val,fr,ja,役に立つ,"Le contraire de ""役に立つ"" est """,役に立たない,0,0,23.125,19.625,-3.5
qwen3-4b,94,freq,freq,fr,ja,役に立つ,"Le contraire de ""役に立つ"" est """,役に立たない,0,0,23.125,20.125,-3.0
qwen3-4b,95,desc,desc,fr,ja,垂直な,"Le contraire de ""垂直な"" est """,水平な,1,1,19.125,19.0,-0.125
qwen3-4b,95,desc,val,fr,ja,垂直な,"Le contraire de ""垂直な"" est """,水平な,1,1,19.125,17.75,-1.375
qwen3-4b,95,desc,freq,fr,ja,垂直な,"Le contraire de ""垂直な"" est """,水平な,1,0,19.125,21.625,2.5
qwen3-4b,95,val,desc,fr,ja,垂直な,"Le contraire de ""垂直な"" est """,水平な,1,3,19.125,16.75,-2.375
qwen3-4b,95,val,val,fr,ja,垂直な,"Le contraire de ""垂直な"" est """,水平な,1,4,19.125,14.75,-4.375
qwen3-4b,95,val,freq,fr,ja,垂直な,"Le contraire de ""垂直な"" est """,水平な,1,0,19.125,19.375,0.25
qwen3-4b,95,freq,desc,fr,ja,垂直な,"Le contraire de ""垂直な"" est """,水平な,1,2,19.125,19.625,0.5
qwen3-4b,95,freq,val,fr,ja,垂直な,"Le contraire de ""垂直な"" est """,水平な,1,4,19.125,17.25,-1.875
qwen3-4b,95,freq,freq,fr,ja,垂直な,"Le contraire de ""垂直な"" est """,水平な,1,2,19.125,19.25,0.125
qwen3-4b,96,desc,desc,fr,ja,良い,"Le contraire de ""良い"" est """,悪い,0,0,22.0,21.625,-0.375
qwen3-4b,96,desc,val,fr,ja,良い,"Le contraire de ""良い"" est """,悪い,0,0,22.0,18.75,-3.25
qwen3-4b,96,desc,freq,fr,ja,良い,"Le contraire de ""良い"" est """,悪い,0,0,22.0,20.5,-1.5
qwen3-4b,96,val,desc,fr,ja,良い,"Le contraire de ""良い"" est """,悪い,0,1,22.0,14.125,-7.875
qwen3-4b,96,val,val,fr,ja,良い,"Le contraire de ""良い"" est """,悪い,0,1,22.0,13.5,-8.5
qwen3-4b,96,val,freq,fr,ja,良い,"Le contraire de ""良い"" est """,悪い,0,1,22.0,13.625,-8.375
qwen3-4b,96,freq,desc,fr,ja,良い,"Le contraire de ""良い"" est """,悪い,0,4,22.0,15.125,-6.875
qwen3-4b,96,freq,val,fr,ja,良い,"Le contraire de ""良い"" est """,悪い,0,5,22.0,13.5625,-8.4375
qwen3-4b,96,freq,freq,fr,ja,良い,"Le contraire de ""良い"" est """,悪い,0,6,22.0,14.3125,-7.6875
qwen3-4b,97,desc,desc,fr,ja,勝利の,"Le contraire de ""勝利の"" est """,敗北の,0,0,18.25,18.0,-0.25
qwen3-4b,97,desc,val,fr,ja,勝利の,"Le contraire de ""勝利の"" est """,敗北の,0,0,18.25,15.875,-2.375
qwen3-4b,97,desc,freq,fr,ja,勝利の,"Le contraire de ""勝利の"" est """,敗北の,0,0,18.25,18.625,0.375
qwen3-4b,97,val,desc,fr,ja,勝利の,"Le contraire de ""勝利の"" est """,敗北の,0,1,18.25,13.75,-4.5
qwen3-4b,97,val,val,fr,ja,勝利の,"Le contraire de ""勝利の"" est """,敗北の,0,2,18.25,12.875,-5.375
qwen3-4b,97,val,freq,fr,ja,勝利の,"Le contraire de ""勝利の"" est """,敗北の,0,0,18.25,14.8125,-3.4375
qwen3-4b,97,freq,desc,fr,ja,勝利の,"Le contraire de ""勝利の"" est """,敗北の,0,11,18.25,14.125,-4.125
qwen3-4b,97,freq,val,fr,ja,勝利の,"Le contraire de ""勝利の"" est """,敗北の,0,10,18.25,13.25,-5.0
qwen3-4b,97,freq,freq,fr,ja,勝利の,"Le contraire de ""勝利の"" est """,敗北の,0,12,18.25,13.5,-4.75
qwen3-4b,98,desc,desc,fr,ja,意地悪な,"Le contraire de ""意地悪な"" est """,親切な,14,17,12.9375,12.625,-0.3125
qwen3-4b,98,desc,val,fr,ja,意地悪な,"Le contraire de ""意地悪な"" est """,親切な,14,25,12.9375,11.4375,-1.5
qwen3-4b,98,desc,freq,fr,ja,意地悪な,"Le contraire de ""意地悪な"" est """,親切な,14,18,12.9375,13.375,0.4375
qwen3-4b,98,val,desc,fr,ja,意地悪な,"Le contraire de ""意地悪な"" est """,親切な,14,45,12.9375,8.9375,-4.0
qwen3-4b,98,val,val,fr,ja,意地悪な,"Le contraire de ""意地悪な"" est """,親切な,14,57,12.9375,8.5625,-4.375
qwen3-4b,98,val,freq,fr,ja,意地悪な,"Le contraire de ""意地悪な"" est """,親切な,14,35,12.9375,8.6875,-4.25
qwen3-4b,98,freq,desc,fr,ja,意地悪な,"Le contraire de ""意地悪な"" est """,親切な,14,169,12.9375,9.625,-3.3125
qwen3-4b,98,freq,val,fr,ja,意地悪な,"Le contraire de ""意地悪な"" est """,親切な,14,216,12.9375,8.625,-4.3125
qwen3-4b,98,freq,freq,fr,ja,意地悪な,"Le contraire de ""意地悪な"" est """,親切な,14,176,12.9375,9.5625,-3.375
qwen3-4b,99,desc,desc,fr,ja,臆病な,"Le contraire de ""臆病な"" est """,勇敢な,500,384,7.53125,7.78125,0.25
qwen3-4b,99,desc,val,fr,ja,臆病な,"Le contraire de ""臆病な"" est """,勇敢な,500,397,7.53125,8.0625,0.53125
qwen3-4b,99,desc,freq,fr,ja,臆病な,"Le contraire de ""臆病な"" est """,勇敢な,500,312,7.53125,8.3125,0.78125
qwen3-4b,99,val,desc,fr,ja,臆病な,"Le contraire de ""臆病な"" est """,勇敢な,500,305,7.53125,6.53125,-1.0
qwen3-4b,99,val,val,fr,ja,臆病な,"Le contraire de ""臆病な"" est """,勇敢な,500,244,7.53125,6.875,-0.65625
qwen3-4b,99,val,freq,fr,ja,臆病な,"Le contraire de ""臆病な"" est """,勇敢な,500,122,7.53125,7.28125,-0.25
qwen3-4b,99,freq,desc,fr,ja,臆病な,"Le contraire de ""臆病な"" est """,勇敢な,500,413,7.53125,8.25,0.71875
qwen3-4b,99,freq,val,fr,ja,臆病な,"Le contraire de ""臆病な"" est """,勇敢な,500,296,7.53125,8.8125,1.28125
qwen3-4b,99,freq,freq,fr,ja,臆病な,"Le contraire de ""臆病な"" est """,勇敢な,500,396,7.53125,8.25,0.71875
qwen3-4b,0,desc,desc,fr,ko,좋은,"Le contraire de ""좋은"" est """,나쁜,0,1,16.0,15.25,-0.75
qwen3-4b,0,desc,val,fr,ko,좋은,"Le contraire de ""좋은"" est """,나쁜,0,1,16.0,15.1875,-0.8125
qwen3-4b,0,desc,freq,fr,ko,좋은,"Le contraire de ""좋은"" est """,나쁜,0,1,16.0,15.6875,-0.3125
qwen3-4b,0,val,desc,fr,ko,좋은,"Le contraire de ""좋은"" est """,나쁜,0,1,16.0,14.25,-1.75
qwen3-4b,0,val,val,fr,ko,좋은,"Le contraire de ""좋은"" est """,나쁜,0,1,16.0,14.3125,-1.6875
qwen3-4b,0,val,freq,fr,ko,좋은,"Le contraire de ""좋은"" est """,나쁜,0,1,16.0,14.125,-1.875
qwen3-4b,0,freq,desc,fr,ko,좋은,"Le contraire de ""좋은"" est """,나쁜,0,3,16.0,13.625,-2.375
qwen3-4b,0,freq,val,fr,ko,좋은,"Le contraire de ""좋은"" est """,나쁜,0,3,16.0,13.875,-2.125
qwen3-4b,0,freq,freq,fr,ko,좋은,"Le contraire de ""좋은"" est """,나쁜,0,3,16.0,13.625,-2.375
qwen3-4b,1,desc,desc,fr,ko,행복한,"Le contraire de ""행복한"" est """,불행한,0,1,18.875,18.5,-0.375
qwen3-4b,1,desc,val,fr,ko,행복한,"Le contraire de ""행복한"" est """,불행한,0,2,18.875,17.25,-1.625
qwen3-4b,1,desc,freq,fr,ko,행복한,"Le contraire de ""행복한"" est """,불행한,0,2,18.875,17.875,-1.0
qwen3-4b,1,val,desc,fr,ko,행복한,"Le contraire de ""행복한"" est """,불행한,0,1,18.875,16.875,-2.0
qwen3-4b,1,val,val,fr,ko,행복한,"Le contraire de ""행복한"" est """,불행한,0,1,18.875,16.875,-2.0
qwen3-4b,1,val,freq,fr,ko,행복한,"Le contraire de ""행복한"" est """,불행한,0,1,18.875,17.625,-1.25
qwen3-4b,1,freq,desc,fr,ko,행복한,"Le contraire de ""행복한"" est """,불행한,0,3,18.875,16.5,-2.375
qwen3-4b,1,freq,val,fr,ko,행복한,"Le contraire de ""행복한"" est """,불행한,0,2,18.875,16.625,-2.25
qwen3-4b,1,freq,freq,fr,ko,행복한,"Le contraire de ""행복한"" est """,불행한,0,3,18.875,16.5,-2.375
qwen3-4b,2,desc,desc,fr,ko,큰,"Le contraire de ""큰"" est """,작은,0,0,20.875,20.75,-0.125
qwen3-4b,2,desc,val,fr,ko,큰,"Le contraire de ""큰"" est """,작은,0,0,20.875,20.625,-0.25
qwen3-4b,2,desc,freq,fr,ko,큰,"Le contraire de ""큰"" est """,작은,0,0,20.875,21.75,0.875
qwen3-4b,2,val,desc,fr,ko,큰,"Le contraire de ""큰"" est """,작은,0,0,20.875,19.0,-1.875
qwen3-4b,2,val,val,fr,ko,큰,"Le contraire de ""큰"" est """,작은,0,0,20.875,18.875,-2.0
qwen3-4b,2,val,freq,fr,ko,큰,"Le contraire de ""큰"" est """,작은,0,0,20.875,20.0,-0.875
qwen3-4b,2,freq,desc,fr,ko,큰,"Le contraire de ""큰"" est """,작은,0,0,20.875,17.875,-3.0
qwen3-4b,2,freq,val,fr,ko,큰,"Le contraire de ""큰"" est """,작은,0,0,20.875,18.5,-2.375
qwen3-4b,2,freq,freq,fr,ko,큰,"Le contraire de ""큰"" est """,작은,0,0,20.875,17.875,-3.0
qwen3-4b,3,desc,desc,fr,ko,더운,"Le contraire de ""더운"" est """,차가운,0,2,15.0,14.4375,-0.5625
qwen3-4b,3,desc,val,fr,ko,더운,"Le contraire de ""더운"" est """,차가운,0,2,15.0,14.8125,-0.1875
qwen3-4b,3,desc,freq,fr,ko,더운,"Le contraire de ""더운"" est """,차가운,0,3,15.0,13.8125,-1.1875
qwen3-4b,3,val,desc,fr,ko,더운,"Le contraire de ""더운"" est """,차가운,0,1,15.0,13.8125,-1.1875
qwen3-4b,3,val,val,fr,ko,더운,"Le contraire de ""더운"" est """,차가운,0,1,15.0,13.75,-1.25
qwen3-4b,3,val,freq,fr,ko,더운,"Le contraire de ""더운"" est """,차가운,0,1,15.0,12.9375,-2.0625
qwen3-4b,3,freq,desc,fr,ko,더운,"Le contraire de ""더운"" est """,차가운,0,24,15.0,10.375,-4.625
qwen3-4b,3,freq,val,fr,ko,더운,"Le contraire de ""더운"" est """,차가운,0,24,15.0,11.0625,-3.9375
qwen3-4b,3,freq,freq,fr,ko,더운,"Le contraire de ""더운"" est """,차가운,0,24,15.0,10.375,-4.625
qwen3-4b,4,desc,desc,fr,ko,빠른,"Le contraire de ""빠른"" est """,느린,0,0,17.0,16.25,-0.75
qwen3-4b,4,desc,val,fr,ko,빠른,"Le contraire de ""빠른"" est """,느린,0,0,17.0,15.3125,-1.6875
qwen3-4b,4,desc,freq,fr,ko,빠른,"Le contraire de ""빠른"" est """,느린,0,0,17.0,16.125,-0.875
qwen3-4b,4,val,desc,fr,ko,빠른,"Le contraire de ""빠른"" est """,느린,0,1,17.0,12.6875,-4.3125
qwen3-4b,4,val,val,fr,ko,빠른,"Le contraire de ""빠른"" est """,느린,0,1,17.0,12.75,-4.25
qwen3-4b,4,val,freq,fr,ko,빠른,"Le contraire de ""빠른"" est """,느린,0,0,17.0,12.8125,-4.1875
qwen3-4b,4,freq,desc,fr,ko,빠른,"Le contraire de ""빠른"" est """,느린,0,3,17.0,13.625,-3.375
qwen3-4b,4,freq,val,fr,ko,빠른,"Le contraire de ""빠른"" est """,느린,0,3,17.0,12.9375,-4.0625
qwen3-4b,4,freq,freq,fr,ko,빠른,"Le contraire de ""빠른"" est """,느린,0,3,17.0,13.625,-3.375
qwen3-4b,5,desc,desc,fr,ko,가벼운,"Le contraire de ""가벼운"" est """,무거운,0,0,19.5,18.625,-0.875
qwen3-4b,5,desc,val,fr,ko,가벼운,"Le contraire de ""가벼운"" est """,무거운,0,0,19.5,18.5,-1.0
qwen3-4b,5,desc,freq,fr,ko,가벼운,"Le contraire de ""가벼운"" est """,무거운,0,0,19.5,19.75,0.25
qwen3-4b,5,val,desc,fr,ko,가벼운,"Le contraire de ""가벼운"" est """,무거운,0,0,19.5,17.125,-2.375
qwen3-4b,5,val,val,fr,ko,가벼운,"Le contraire de ""가벼운"" est """,무거운,0,0,19.5,17.0,-2.5
qwen3-4b,5,val,freq,fr,ko,가벼운,"Le contraire de ""가벼운"" est """,무거운,0,0,19.5,17.75,-1.75
qwen3-4b,5,freq,desc,fr,ko,가벼운,"Le contraire de ""가벼운"" est """,무거운,0,0,19.5,14.875,-4.625
qwen3-4b,5,freq,val,fr,ko,가벼운,"Le contraire de ""가벼운"" est """,무거운,0,0,19.5,14.6875,-4.8125
qwen3-4b,5,freq,freq,fr,ko,가벼운,"Le contraire de ""가벼운"" est """,무거운,0,0,19.5,14.875,-4.625
qwen3-4b,6,desc,desc,fr,ko,쉬운,"Le contraire de ""쉬운"" est """,어려운,0,1,16.375,16.0,-0.375
qwen3-4b,6,desc,val,fr,ko,쉬운,"Le contraire de ""쉬운"" est """,어려운,0,5,16.375,14.3125,-2.0625
qwen3-4b,6,desc,freq,fr,ko,쉬운,"Le contraire de ""쉬운"" est """,어려운,0,3,16.375,15.5625,-0.8125
qwen3-4b,6,val,desc,fr,ko,쉬운,"Le contraire de ""쉬운"" est """,어려운,0,0,16.375,14.875,-1.5
qwen3-4b,6,val,val,fr,ko,쉬운,"Le contraire de ""쉬운"" est """,어려운,0,0,16.375,14.875,-1.5
qwen3-4b,6,val,freq,fr,ko,쉬운,"Le contraire de ""쉬운"" est """,어려운,0,0,16.375,15.0,-1.375
qwen3-4b,6,freq,desc,fr,ko,쉬운,"Le contraire de ""쉬운"" est """,어려운,0,5,16.375,12.8125,-3.5625
qwen3-4b,6,freq,val,fr,ko,쉬운,"Le contraire de ""쉬운"" est """,어려운,0,11,16.375,12.0,-4.375
qwen3-4b,6,freq,freq,fr,ko,쉬운,"Le contraire de ""쉬운"" est """,어려운,0,5,16.375,12.8125,-3.5625
qwen3-4b,7,desc,desc,fr,ko,새로운,"Le contraire de ""새로운"" est """,오래된,2,11,13.8125,12.0625,-1.75
qwen3-4b,7,desc,val,fr,ko,새로운,"Le contraire de ""새로운"" est """,오래된,2,10,13.8125,12.875,-0.9375
qwen3-4b,7,desc,freq,fr,ko,새로운,"Le contraire de ""새로운"" est """,오래된,2,4,13.8125,14.0625,0.25
qwen3-4b,7,val,desc,fr,ko,새로운,"Le contraire de ""새로운"" est """,오래된,2,10,13.8125,10.6875,-3.125
qwen3-4b,7,val,val,fr,ko,새로운,"Le contraire de ""새로운"" est """,오래된,2,10,13.8125,10.5,-3.3125
qwen3-4b,7,val,freq,fr,ko,새로운,"Le contraire de ""새로운"" est """,오래된,2,4,13.8125,12.0625,-1.75
qwen3-4b,7,freq,desc,fr,ko,새로운,"Le contraire de ""새로운"" est """,오래된,2,28,13.8125,9.875,-3.9375
qwen3-4b,7,freq,val,fr,ko,새로운,"Le contraire de ""새로운"" est """,오래된,2,29,13.8125,10.75,-3.0625
qwen3-4b,7,freq,freq,fr,ko,새로운,"Le contraire de ""새로운"" est """,오래된,2,28,13.8125,9.875,-3.9375
qwen3-4b,8,desc,desc,fr,ko,진실한,"Le contraire de ""진실한"" est """,거짓의,0,0,20.25,20.625,0.375
qwen3-4b,8,desc,val,fr,ko,진실한,"Le contraire de ""진실한"" est """,거짓의,0,0,20.25,19.625,-0.625
qwen3-4b,8,desc,freq,fr,ko,진실한,"Le contraire de ""진실한"" est """,거짓의,0,0,20.25,21.375,1.125
qwen3-4b,8,val,desc,fr,ko,진실한,"Le contraire de ""진실한"" est """,거짓의,0,0,20.25,18.125,-2.125
qwen3-4b,8,val,val,fr,ko,진실한,"Le contraire de ""진실한"" est """,거짓의,0,0,20.25,18.125,-2.125
qwen3-4b,8,val,freq,fr,ko,진실한,"Le contraire de ""진실한"" est """,거짓의,0,0,20.25,18.625,-1.625
qwen3-4b,8,freq,desc,fr,ko,진실한,"Le contraire de ""진실한"" est """,거짓의,0,0,20.25,16.375,-3.875
qwen3-4b,8,freq,val,fr,ko,진실한,"Le contraire de ""진실한"" est """,거짓의,0,0,20.25,16.0,-4.25
qwen3-4b,8,freq,freq,fr,ko,진실한,"Le contraire de ""진실한"" est """,거짓의,0,0,20.25,16.375,-3.875
qwen3-4b,9,desc,desc,fr,ko,살아있는,"Le contraire de ""살아있는"" est """,죽은,1,5,17.0,16.125,-0.875
qwen3-4b,9,desc,val,fr,ko,살아있는,"Le contraire de ""살아있는"" est """,죽은,1,2,17.0,15.625,-1.375
qwen3-4b,9,desc,freq,fr,ko,살아있는,"Le contraire de ""살아있는"" est """,죽은,1,4,17.0,16.0,-1.0
qwen3-4b,9,val,desc,fr,ko,살아있는,"Le contraire de ""살아있는"" est """,죽은,1,8,17.0,12.3125,-4.6875
qwen3-4b,9,val,val,fr,ko,살아있는,"Le contraire de ""살아있는"" est """,죽은,1,8,17.0,12.125,-4.875
qwen3-4b,9,val,freq,fr,ko,살아있는,"Le contraire de ""살아있는"" est """,죽은,1,11,17.0,11.1875,-5.8125
qwen3-4b,9,freq,desc,fr,ko,살아있는,"Le contraire de ""살아있는"" est """,죽은,1,16,17.0,12.75,-4.25
qwen3-4b,9,freq,val,fr,ko,살아있는,"Le contraire de ""살아있는"" est """,죽은,1,15,17.0,12.4375,-4.5625
qwen3-4b,9,freq,freq,fr,ko,살아있는,"Le contraire de ""살아있는"" est """,죽은,1,16,17.0,12.75,-4.25
qwen3-4b,10,desc,desc,fr,ko,가득 찬,"Le contraire de ""가득 찬"" est """,빈,10,22,10.9375,10.3125,-0.625
qwen3-4b,10,desc,val,fr,ko,가득 찬,"Le contraire de ""가득 찬"" est """,빈,10,12,10.9375,12.0625,1.125
qwen3-4b,10,desc,freq,fr,ko,가득 찬,"Le contraire de ""가득 찬"" est """,빈,10,9,10.9375,12.75,1.8125
qwen3-4b,10,val,desc,fr,ko,가득 찬,"Le contraire de ""가득 찬"" est """,빈,10,145,10.9375,6.3125,-4.625
qwen3-4b,10,val,val,fr,ko,가득 찬,"Le contraire de ""가득 찬"" est """,빈,10,155,10.9375,6.15625,-4.78125
qwen3-4b,10,val,freq,fr,ko,가득 찬,"Le contraire de ""가득 찬"" est """,빈,10,55,10.9375,7.6875,-3.25
qwen3-4b,10,freq,desc,fr,ko,가득 찬,"Le contraire de ""가득 찬"" est """,빈,10,114,10.9375,7.96875,-2.96875
qwen3-4b,10,freq,val,fr,ko,가득 찬,"Le contraire de ""가득 찬"" est """,빈,10,76,10.9375,9.5625,-1.375
qwen3-4b,10,freq,freq,fr,ko,가득 찬,"Le contraire de ""가득 찬"" est """,빈,10,114,10.9375,7.96875,-2.96875
qwen3-4b,11,desc,desc,fr,ko,밝은,"Le contraire de ""밝은"" est """,어두운,0,2,15.9375,14.5,-1.4375
qwen3-4b,11,desc,val,fr,ko,밝은,"Le contraire de ""밝은"" est """,어두운,0,4,15.9375,15.125,-0.8125
qwen3-4b,11,desc,freq,fr,ko,밝은,"Le contraire de ""밝은"" est """,어두운,0,4,15.9375,14.6875,-1.25
qwen3-4b,11,val,desc,fr,ko,밝은,"Le contraire de ""밝은"" est """,어두운,0,3,15.9375,13.625,-2.3125
qwen3-4b,11,val,val,fr,ko,밝은,"Le contraire de ""밝은"" est """,어두운,0,3,15.9375,13.625,-2.3125
qwen3-4b,11,val,freq,fr,ko,밝은,"Le contraire de ""밝은"" est """,어두운,0,3,15.9375,14.0,-1.9375
qwen3-4b,11,freq,desc,fr,ko,밝은,"Le contraire de ""밝은"" est """,어두운,0,5,15.9375,11.625,-4.3125
qwen3-4b,11,freq,val,fr,ko,밝은,"Le contraire de ""밝은"" est """,어두운,0,8,15.9375,13.1875,-2.75
qwen3-4b,11,freq,freq,fr,ko,밝은,"Le contraire de ""밝은"" est """,어두운,0,5,15.9375,11.625,-4.3125
qwen3-4b,12,desc,desc,fr,ko,강한,"Le contraire de ""강한"" est """,약한,0,0,21.125,20.75,-0.375
qwen3-4b,12,desc,val,fr,ko,강한,"Le contraire de ""강한"" est """,약한,0,0,21.125,19.75,-1.375
qwen3-4b,12,desc,freq,fr,ko,강한,"Le contraire de ""강한"" est """,약한,0,0,21.125,21.0,-0.125
qwen3-4b,12,val,desc,fr,ko,강한,"Le contraire de ""강한"" est """,약한,0,0,21.125,18.25,-2.875
qwen3-4b,12,val,val,fr,ko,강한,"Le contraire de ""강한"" est """,약한,0,0,21.125,18.375,-2.75
qwen3-4b,12,val,freq,fr,ko,강한,"Le contraire de ""강한"" est """,약한,0,0,21.125,18.125,-3.0
qwen3-4b,12,freq,desc,fr,ko,강한,"Le contraire de ""강한"" est """,약한,0,0,21.125,16.25,-4.875
qwen3-4b,12,freq,val,fr,ko,강한,"Le contraire de ""강한"" est """,약한,0,0,21.125,15.4375,-5.6875
qwen3-4b,12,freq,freq,fr,ko,강한,"Le contraire de ""강한"" est """,약한,0,0,21.125,16.25,-4.875
qwen3-4b,13,desc,desc,fr,ko,깨끗한,"Le contraire de ""깨끗한"" est """,더러운,2,3,13.5625,12.875,-0.6875
qwen3-4b,13,desc,val,fr,ko,깨끗한,"Le contraire de ""깨끗한"" est """,더러운,2,14,13.5625,12.3125,-1.25
qwen3-4b,13,desc,freq,fr,ko,깨끗한,"Le contraire de ""깨끗한"" est """,더러운,2,6,13.5625,12.9375,-0.625
qwen3-4b,13,val,desc,fr,ko,깨끗한,"Le contraire de ""깨끗한"" est """,더러운,2,2,13.5625,11.0,-2.5625
qwen3-4b,13,val,val,fr,ko,깨끗한,"Le contraire de ""깨끗한"" est """,더러운,2,2,13.5625,10.875,-2.6875
qwen3-4b,13,val,freq,fr,ko,깨끗한,"Le contraire de ""깨끗한"" est """,더러운,2,4,13.5625,11.25,-2.3125
qwen3-4b,13,freq,desc,fr,ko,깨끗한,"Le contraire de ""깨끗한"" est """,더러운,2,28,13.5625,10.3125,-3.25
qwen3-4b,13,freq,val,fr,ko,깨끗한,"Le contraire de ""깨끗한"" est """,더러운,2,35,13.5625,10.9375,-2.625
qwen3-4b,13,freq,freq,fr,ko,깨끗한,"Le contraire de ""깨끗한"" est """,더러운,2,28,13.5625,10.3125,-3.25
qwen3-4b,14,desc,desc,fr,ko,열린,"Le contraire de ""열린"" est """,닫힌,0,0,16.625,15.8125,-0.8125
qwen3-4b,14,desc,val,fr,ko,열린,"Le contraire de ""열린"" est """,닫힌,0,2,16.625,15.5,-1.125
qwen3-4b,14,desc,freq,fr,ko,열린,"Le contraire de ""열린"" est """,닫힌,0,2,16.625,16.125,-0.5
qwen3-4b,14,val,desc,fr,ko,열린,"Le contraire de ""열린"" est """,닫힌,0,0,16.625,13.8125,-2.8125
qwen3-4b,14,val,val,fr,ko,열린,"Le contraire de ""열린"" est """,닫힌,0,0,16.625,13.6875,-2.9375
qwen3-4b,14,val,freq,fr,ko,열린,"Le contraire de ""열린"" est """,닫힌,0,0,16.625,13.75,-2.875
qwen3-4b,14,freq,desc,fr,ko,열린,"Le contraire de ""열린"" est """,닫힌,0,8,16.625,12.3125,-4.3125
qwen3-4b,14,freq,val,fr,ko,열린,"Le contraire de ""열린"" est """,닫힌,0,11,16.625,12.75,-3.875
qwen3-4b,14,freq,freq,fr,ko,열린,"Le contraire de ""열린"" est """,닫힌,0,8,16.625,12.3125,-4.3125
qwen3-4b,15,desc,desc,fr,ko,부유한,"Le contraire de ""부유한"" est """,가난한,0,0,17.125,16.25,-0.875
qwen3-4b,15,desc,val,fr,ko,부유한,"Le contraire de ""부유한"" est """,가난한,0,0,17.125,16.125,-1.0
qwen3-4b,15,desc,freq,fr,ko,부유한,"Le contraire de ""부유한"" est """,가난한,0,1,17.125,16.0,-1.125
qwen3-4b,15,val,desc,fr,ko,부유한,"Le contraire de ""부유한"" est """,가난한,0,0,17.125,15.0,-2.125
qwen3-4b,15,val,val,fr,ko,부유한,"Le contraire de ""부유한"" est """,가난한,0,0,17.125,14.9375,-2.1875
qwen3-4b,15,val,freq,fr,ko,부유한,"Le contraire de ""부유한"" est """,가난한,0,0,17.125,15.4375,-1.6875
qwen3-4b,15,freq,desc,fr,ko,부유한,"Le contraire de ""부유한"" est """,가난한,0,0,17.125,15.25,-1.875
qwen3-4b,15,freq,val,fr,ko,부유한,"Le contraire de ""부유한"" est """,가난한,0,0,17.125,15.25,-1.875
qwen3-4b,15,freq,freq,fr,ko,부유한,"Le contraire de ""부유한"" est """,가난한,0,0,17.125,15.25,-1.875
qwen3-4b,16,desc,desc,fr,ko,아름다운,"Le contraire de ""아름다운"" est """,못생긴,11,17,13.625,12.875,-0.75
qwen3-4b,16,desc,val,fr,ko,아름다운,"Le contraire de ""아름다운"" est """,못생긴,11,18,13.625,13.0625,-0.5625
qwen3-4b,16,desc,freq,fr,ko,아름다운,"Le contraire de ""아름다운"" est """,못생긴,11,19,13.625,13.5625,-0.0625
qwen3-4b,16,val,desc,fr,ko,아름다운,"Le contraire de ""아름다운"" est """,못생긴,11,33,13.625,10.4375,-3.1875
qwen3-4b,16,val,val,fr,ko,아름다운,"Le contraire de ""아름다운"" est """,못생긴,11,32,13.625,10.5,-3.125
qwen3-4b,16,val,freq,fr,ko,아름다운,"Le contraire de ""아름다운"" est """,못생긴,11,32,13.625,10.4375,-3.1875
qwen3-4b,16,freq,desc,fr,ko,아름다운,"Le contraire de ""아름다운"" est """,못생긴,11,212,13.625,8.875,-4.75
qwen3-4b,16,freq,val,fr,ko,아름다운,"Le contraire de ""아름다운"" est """,못생긴,11,164,13.625,9.5,-4.125
qwen3-4b,16,freq,freq,fr,ko,아름다운,"Le contraire de ""아름다운"" est """,못생긴,11,212,13.625,8.875,-4.75
qwen3-4b,17,desc,desc,fr,ko,긴,"Le contraire de ""긴"" est """,짧은,1,2,16.375,15.875,-0.5
qwen3-4b,17,desc,val,fr,ko,긴,"Le contraire de ""긴"" est """,짧은,1,13,16.375,13.0,-3.375
qwen3-4b,17,desc,freq,fr,ko,긴,"Le contraire de ""긴"" est """,짧은,1,45,16.375,12.375,-4.0
qwen3-4b,17,val,desc,fr,ko,긴,"Le contraire de ""긴"" est """,짧은,1,8,16.375,12.5625,-3.8125
qwen3-4b,17,val,val,fr,ko,긴,"Le contraire de ""긴"" est """,짧은,1,6,16.375,12.5625,-3.8125
qwen3-4b,17,val,freq,fr,ko,긴,"Le contraire de ""긴"" est """,짧은,1,21,16.375,11.4375,-4.9375
qwen3-4b,17,freq,desc,fr,ko,긴,"Le contraire de ""긴"" est """,짧은,1,7,16.375,13.5625,-2.8125
qwen3-4b,17,freq,val,fr,ko,긴,"Le contraire de ""긴"" est """,짧은,1,4,16.375,14.0625,-2.3125
qwen3-4b,17,freq,freq,fr,ko,긴,"Le contraire de ""긴"" est """,짧은,1,7,16.375,13.5625,-2.8125
qwen3-4b,18,desc,desc,fr,ko,넓은,"Le contraire de ""넓은"" est """,좁은,3,2,15.375,16.25,0.875
qwen3-4b,18,desc,val,fr,ko,넓은,"Le contraire de ""넓은"" est """,좁은,3,3,15.375,14.875,-0.5
qwen3-4b,18,desc,freq,fr,ko,넓은,"Le contraire de ""넓은"" est """,좁은,3,3,15.375,14.9375,-0.4375
qwen3-4b,18,val,desc,fr,ko,넓은,"Le contraire de ""넓은"" est """,좁은,3,2,15.375,13.875,-1.5
qwen3-4b,18,val,val,fr,ko,넓은,"Le contraire de ""넓은"" est """,좁은,3,2,15.375,13.8125,-1.5625
qwen3-4b,18,val,freq,fr,ko,넓은,"Le contraire de ""넓은"" est """,좁은,3,3,15.375,13.6875,-1.6875
qwen3-4b,18,freq,desc,fr,ko,넓은,"Le contraire de ""넓은"" est """,좁은,3,1,15.375,16.25,0.875
qwen3-4b,18,freq,val,fr,ko,넓은,"Le contraire de ""넓은"" est """,좁은,3,1,15.375,16.5,1.125
qwen3-4b,18,freq,freq,fr,ko,넓은,"Le contraire de ""넓은"" est """,좁은,3,1,15.375,16.25,0.875
qwen3-4b,19,desc,desc,fr,ko,딱딱한,"Le contraire de ""딱딱한"" est """,부드러운,0,0,14.5625,14.4375,-0.125
qwen3-4b,19,desc,val,fr,ko,딱딱한,"Le contraire de ""딱딱한"" est """,부드러운,0,0,14.5625,14.5625,0.0
qwen3-4b,19,desc,freq,fr,ko,딱딱한,"Le contraire de ""딱딱한"" est """,부드러운,0,0,14.5625,16.0,1.4375
qwen3-4b,19,val,desc,fr,ko,딱딱한,"Le contraire de ""딱딱한"" est """,부드러운,0,0,14.5625,12.6875,-1.875
qwen3-4b,19,val,val,fr,ko,딱딱한,"Le contraire de ""딱딱한"" est """,부드러운,0,0,14.5625,12.5,-2.0625
qwen3-4b,19,val,freq,fr,ko,딱딱한,"Le contraire de ""딱딱한"" est """,부드러운,0,0,14.5625,13.625,-0.9375
qwen3-4b,19,freq,desc,fr,ko,딱딱한,"Le contraire de ""딱딱한"" est """,부드러운,0,0,14.5625,12.1875,-2.375
qwen3-4b,19,freq,val,fr,ko,딱딱한,"Le contraire de ""딱딱한"" est """,부드러운,0,0,14.5625,12.625,-1.9375
qwen3-4b,19,freq,freq,fr,ko,딱딱한,"Le contraire de ""딱딱한"" est """,부드러운,0,0,14.5625,12.1875,-2.375
qwen3-4b,20,desc,desc,fr,ko,마른,"Le contraire de ""마른"" est """,젖은,52,15,10.0,11.125,1.125
qwen3-4b,20,desc,val,fr,ko,마른,"Le contraire de ""마른"" est """,젖은,52,59,10.0,10.1875,0.1875
qwen3-4b,20,desc,freq,fr,ko,마른,"Le contraire de ""마른"" est """,젖은,52,92,10.0,9.4375,-0.5625
qwen3-4b,20,val,desc,fr,ko,마른,"Le contraire de ""마른"" est """,젖은,52,28,10.0,9.5,-0.5
qwen3-4b,20,val,val,fr,ko,마른,"Le contraire de ""마른"" est """,젖은,52,28,10.0,9.5,-0.5
qwen3-4b,20,val,freq,fr,ko,마른,"Le contraire de ""마른"" est """,젖은,52,53,10.0,9.0625,-0.9375
qwen3-4b,20,freq,desc,fr,ko,마른,"Le contraire de ""마른"" est """,젖은,52,16,10.0,9.9375,-0.0625
qwen3-4b,20,freq,val,fr,ko,마른,"Le contraire de ""마른"" est """,젖은,52,13,10.0,10.9375,0.9375
qwen3-4b,20,freq,freq,fr,ko,마른,"Le contraire de ""마른"" est """,젖은,52,16,10.0,9.9375,-0.0625
qwen3-4b,21,desc,desc,fr,ko,시끄러운,"Le contraire de ""시끄러운"" est """,고요한,10,6,11.25,11.4375,0.1875
qwen3-4b,21,desc,val,fr,ko,시끄러운,"Le contraire de ""시끄러운"" est """,고요한,10,12,11.25,10.875,-0.375
qwen3-4b,21,desc,freq,fr,ko,시끄러운,"Le contraire de ""시끄러운"" est """,고요한,10,7,11.25,11.0625,-0.1875
qwen3-4b,21,val,desc,fr,ko,시끄러운,"Le contraire de ""시끄러운"" est """,고요한,10,17,11.25,8.4375,-2.8125
qwen3-4b,21,val,val,fr,ko,시끄러운,"Le contraire de ""시끄러운"" est """,고요한,10,18,11.25,8.25,-3.0
qwen3-4b,21,val,freq,fr,ko,시끄러운,"Le contraire de ""시끄러운"" est """,고요한,10,6,11.25,8.5625,-2.6875
qwen3-4b,21,freq,desc,fr,ko,시끄러운,"Le contraire de ""시끄러운"" est """,고요한,10,78,11.25,8.1875,-3.0625
qwen3-4b,21,freq,val,fr,ko,시끄러운,"Le contraire de ""시끄러운"" est """,고요한,10,81,11.25,8.3125,-2.9375
qwen3-4b,21,freq,freq,fr,ko,시끄러운,"Le contraire de ""시끄러운"" est """,고요한,10,78,11.25,8.1875,-3.0625
qwen3-4b,22,desc,desc,fr,ko,이른,"Le contraire de ""이른"" est """,늦은,6,4,14.25,14.25,0.0
qwen3-4b,22,desc,val,fr,ko,이른,"Le contraire de ""이른"" est """,늦은,6,6,14.25,12.9375,-1.3125
qwen3-4b,22,desc,freq,fr,ko,이른,"Le contraire de ""이른"" est """,늦은,6,30,14.25,11.8125,-2.4375
qwen3-4b,22,val,desc,fr,ko,이른,"Le contraire de ""이른"" est """,늦은,6,7,14.25,11.5625,-2.6875
qwen3-4b,22,val,val,fr,ko,이른,"Le contraire de ""이른"" est """,늦은,6,7,14.25,11.625,-2.625
qwen3-4b,22,val,freq,fr,ko,이른,"Le contraire de ""이른"" est """,늦은,6,24,14.25,10.375,-3.875
qwen3-4b,22,freq,desc,fr,ko,이른,"Le contraire de ""이른"" est """,늦은,6,20,14.25,10.5,-3.75
qwen3-4b,22,freq,val,fr,ko,이른,"Le contraire de ""이른"" est """,늦은,6,13,14.25,11.5625,-2.6875
qwen3-4b,22,freq,freq,fr,ko,이른,"Le contraire de ""이른"" est """,늦은,6,20,14.25,10.5,-3.75
qwen3-4b,23,desc,desc,fr,ko,가까운,"Le contraire de ""가까운"" est """,먼,2,3,16.125,15.1875,-0.9375
qwen3-4b,23,desc,val,fr,ko,가까운,"Le contraire de ""가까운"" est """,먼,2,1,16.125,16.625,0.5
qwen3-4b,23,desc,freq,fr,ko,가까운,"Le contraire de ""가까운"" est """,먼,2,1,16.125,18.0,1.875
qwen3-4b,23,val,desc,fr,ko,가까운,"Le contraire de ""가까운"" est """,먼,2,3,16.125,13.625,-2.5
qwen3-4b,23,val,val,fr,ko,가까운,"Le contraire de ""가까운"" est """,먼,2,4,16.125,13.375,-2.75
qwen3-4b,23,val,freq,fr,ko,가까운,"Le contraire de ""가까운"" est """,먼,2,0,16.125,15.0625,-1.0625
qwen3-4b,23,freq,desc,fr,ko,가까운,"Le contraire de ""가까운"" est """,먼,2,58,16.125,10.75,-5.375
qwen3-4b,23,freq,val,fr,ko,가까운,"Le contraire de ""가까운"" est """,먼,2,57,16.125,11.0625,-5.0625
qwen3-4b,23,freq,freq,fr,ko,가까운,"Le contraire de ""가까운"" est """,먼,2,58,16.125,10.75,-5.375
qwen3-4b,24,desc,desc,fr,ko,깊은,"Le contraire de ""깊은"" est """,얕은,24,15,11.25,12.0,0.75
qwen3-4b,24,desc,val,fr,ko,깊은,"Le contraire de ""깊은"" est """,얕은,24,377,11.25,8.3125,-2.9375
qwen3-4b,24,desc,freq,fr,ko,깊은,"Le contraire de ""깊은"" est """,얕은,24,1891,11.25,5.46875,-5.78125
qwen3-4b,24,val,desc,fr,ko,깊은,"Le contraire de ""깊은"" est """,얕은,24,12,11.25,10.875,-0.375
qwen3-4b,24,val,val,fr,ko,깊은,"Le contraire de ""깊은"" est """,얕은,24,12,11.25,10.8125,-0.4375
qwen3-4b,24,val,freq,fr,ko,깊은,"Le contraire de ""깊은"" est """,얕은,24,77,11.25,8.25,-3.0
qwen3-4b,24,freq,desc,fr,ko,깊은,"Le contraire de ""깊은"" est """,얕은,24,6,11.25,13.3125,2.0625
qwen3-4b,24,freq,val,fr,ko,깊은,"Le contraire de ""깊은"" est """,얕은,24,6,11.25,14.4375,3.1875
qwen3-4b,24,freq,freq,fr,ko,깊은,"Le contraire de ""깊은"" est """,얕은,24,6,11.25,13.3125,2.0625
qwen3-4b,25,desc,desc,fr,ko,나쁜,"Le contraire de ""나쁜"" est """,좋은,0,0,19.375,18.625,-0.75
qwen3-4b,25,desc,val,fr,ko,나쁜,"Le contraire de ""나쁜"" est """,좋은,0,0,19.375,18.25,-1.125
qwen3-4b,25,desc,freq,fr,ko,나쁜,"Le contraire de ""나쁜"" est """,좋은,0,1,19.375,18.5,-0.875
qwen3-4b,25,val,desc,fr,ko,나쁜,"Le contraire de ""나쁜"" est """,좋은,0,0,19.375,15.6875,-3.6875
qwen3-4b,25,val,val,fr,ko,나쁜,"Le contraire de ""나쁜"" est """,좋은,0,0,19.375,15.5,-3.875
qwen3-4b,25,val,freq,fr,ko,나쁜,"Le contraire de ""나쁜"" est """,좋은,0,0,19.375,16.375,-3.0
qwen3-4b,25,freq,desc,fr,ko,나쁜,"Le contraire de ""나쁜"" est """,좋은,0,3,19.375,13.5,-5.875
qwen3-4b,25,freq,val,fr,ko,나쁜,"Le contraire de ""나쁜"" est """,좋은,0,1,19.375,14.5,-4.875
qwen3-4b,25,freq,freq,fr,ko,나쁜,"Le contraire de ""나쁜"" est """,좋은,0,3,19.375,13.5,-5.875
qwen3-4b,26,desc,desc,fr,ko,슬픈,"Le contraire de ""슬픈"" est """,기쁜,0,0,14.9375,14.1875,-0.75
qwen3-4b,26,desc,val,fr,ko,슬픈,"Le contraire de ""슬픈"" est """,기쁜,0,1,14.9375,15.0,0.0625
qwen3-4b,26,desc,freq,fr,ko,슬픈,"Le contraire de ""슬픈"" est """,기쁜,0,1,14.9375,17.0,2.0625
qwen3-4b,26,val,desc,fr,ko,슬픈,"Le contraire de ""슬픈"" est """,기쁜,0,1,14.9375,12.5625,-2.375
qwen3-4b,26,val,val,fr,ko,슬픈,"Le contraire de ""슬픈"" est """,기쁜,0,1,14.9375,12.375,-2.5625
qwen3-4b,26,val,freq,fr,ko,슬픈,"Le contraire de ""슬픈"" est """,기쁜,0,0,14.9375,14.5625,-0.375
qwen3-4b,26,freq,desc,fr,ko,슬픈,"Le contraire de ""슬픈"" est """,기쁜,0,4,14.9375,11.625,-3.3125
qwen3-4b,26,freq,val,fr,ko,슬픈,"Le contraire de ""슬픈"" est """,기쁜,0,2,14.9375,12.4375,-2.5
qwen3-4b,26,freq,freq,fr,ko,슬픈,"Le contraire de ""슬픈"" est """,기쁜,0,4,14.9375,11.625,-3.3125
qwen3-4b,27,desc,desc,fr,ko,작은,"Le contraire de ""작은"" est """,큰,1,5,16.25,15.5,-0.75
qwen3-4b,27,desc,val,fr,ko,작은,"Le contraire de ""작은"" est """,큰,1,2,16.25,16.5,0.25
qwen3-4b,27,desc,freq,fr,ko,작은,"Le contraire de ""작은"" est """,큰,1,1,16.25,17.125,0.875
qwen3-4b,27,val,desc,fr,ko,작은,"Le contraire de ""작은"" est """,큰,1,1,16.25,14.125,-2.125
qwen3-4b,27,val,val,fr,ko,작은,"Le contraire de ""작은"" est """,큰,1,3,16.25,13.9375,-2.3125
qwen3-4b,27,val,freq,fr,ko,작은,"Le contraire de ""작은"" est """,큰,1,1,16.25,14.125,-2.125
qwen3-4b,27,freq,desc,fr,ko,작은,"Le contraire de ""작은"" est """,큰,1,17,16.25,11.375,-4.875
qwen3-4b,27,freq,val,fr,ko,작은,"Le contraire de ""작은"" est """,큰,1,15,16.25,11.9375,-4.3125
qwen3-4b,27,freq,freq,fr,ko,작은,"Le contraire de ""작은"" est """,큰,1,17,16.25,11.375,-4.875
qwen3-4b,28,desc,desc,fr,ko,추운,"Le contraire de ""추운"" est """,따뜻한,0,0,16.0,15.25,-0.75
qwen3-4b,28,desc,val,fr,ko,추운,"Le contraire de ""추운"" est """,따뜻한,0,0,16.0,15.9375,-0.0625
qwen3-4b,28,desc,freq,fr,ko,추운,"Le contraire de ""추운"" est """,따뜻한,0,1,16.0,15.6875,-0.3125
qwen3-4b,28,val,desc,fr,ko,추운,"Le contraire de ""추운"" est """,따뜻한,0,0,16.0,13.4375,-2.5625
qwen3-4b,28,val,val,fr,ko,추운,"Le contraire de ""추운"" est """,따뜻한,0,0,16.0,13.5,-2.5
qwen3-4b,28,val,freq,fr,ko,추운,"Le contraire de ""추운"" est """,따뜻한,0,0,16.0,13.875,-2.125
qwen3-4b,28,freq,desc,fr,ko,추운,"Le contraire de ""추운"" est """,따뜻한,0,2,16.0,11.625,-4.375
qwen3-4b,28,freq,val,fr,ko,추운,"Le contraire de ""추운"" est """,따뜻한,0,2,16.0,12.5,-3.5
qwen3-4b,28,freq,freq,fr,ko,추운,"Le contraire de ""추운"" est """,따뜻한,0,2,16.0,11.625,-4.375
qwen3-4b,29,desc,desc,fr,ko,느린,"Le contraire de ""느린"" est """,빠른,2,5,15.9375,14.4375,-1.5
qwen3-4b,29,desc,val,fr,ko,느린,"Le contraire de ""느린"" est """,빠른,2,4,15.9375,15.0625,-0.875
qwen3-4b,29,desc,freq,fr,ko,느린,"Le contraire de ""느린"" est """,빠른,2,3,15.9375,16.0,0.0625
qwen3-4b,29,val,desc,fr,ko,느린,"Le contraire de ""느린"" est """,빠른,2,7,15.9375,12.125,-3.8125
qwen3-4b,29,val,val,fr,ko,느린,"Le contraire de ""느린"" est """,빠른,2,8,15.9375,11.75,-4.1875
qwen3-4b,29,val,freq,fr,ko,느린,"Le contraire de ""느린"" est """,빠른,2,7,15.9375,12.5,-3.4375
qwen3-4b,29,freq,desc,fr,ko,느린,"Le contraire de ""느린"" est """,빠른,2,39,15.9375,10.0,-5.9375
qwen3-4b,29,freq,val,fr,ko,느린,"Le contraire de ""느린"" est """,빠른,2,36,15.9375,10.0625,-5.875
qwen3-4b,29,freq,freq,fr,ko,느린,"Le contraire de ""느린"" est """,빠른,2,39,15.9375,10.0,-5.9375
qwen3-4b,30,desc,desc,fr,ko,무거운,"Le contraire de ""무거운"" est """,가벼운,0,0,18.125,17.25,-0.875
qwen3-4b,30,desc,val,fr,ko,무거운,"Le contraire de ""무거운"" est """,가벼운,0,1,18.125,16.875,-1.25
qwen3-4b,30,desc,freq,fr,ko,무거운,"Le contraire de ""무거운"" est """,가벼운,0,3,18.125,16.625,-1.5
qwen3-4b,30,val,desc,fr,ko,무거운,"Le contraire de ""무거운"" est """,가벼운,0,0,18.125,16.0,-2.125
qwen3-4b,30,val,val,fr,ko,무거운,"Le contraire de ""무거운"" est """,가벼운,0,0,18.125,15.875,-2.25
qwen3-4b,30,val,freq,fr,ko,무거운,"Le contraire de ""무거운"" est """,가벼운,0,1,18.125,15.25,-2.875
qwen3-4b,30,freq,desc,fr,ko,무거운,"Le contraire de ""무거운"" est """,가벼운,0,3,18.125,14.8125,-3.3125
qwen3-4b,30,freq,val,fr,ko,무거운,"Le contraire de ""무거운"" est """,가벼운,0,2,18.125,14.8125,-3.3125
qwen3-4b,30,freq,freq,fr,ko,무거운,"Le contraire de ""무거운"" est """,가벼운,0,3,18.125,14.8125,-3.3125
qwen3-4b,31,desc,desc,fr,ko,어려운,"Le contraire de ""어려운"" est """,쉬운,0,0,18.25,18.625,0.375
qwen3-4b,31,desc,val,fr,ko,어려운,"Le contraire de ""어려운"" est """,쉬운,0,0,18.25,19.375,1.125
qwen3-4b,31,desc,freq,fr,ko,어려운,"Le contraire de ""어려운"" est """,쉬운,0,0,18.25,20.125,1.875
qwen3-4b,31,val,desc,fr,ko,어려운,"Le contraire de ""어려운"" est """,쉬운,0,0,18.25,15.0625,-3.1875
qwen3-4b,31,val,val,fr,ko,어려운,"Le contraire de ""어려운"" est """,쉬운,0,0,18.25,14.9375,-3.3125
qwen3-4b,31,val,freq,fr,ko,어려운,"Le contraire de ""어려운"" est """,쉬운,0,0,18.25,15.25,-3.0
qwen3-4b,31,freq,desc,fr,ko,어려운,"Le contraire de ""어려운"" est """,쉬운,0,5,18.25,15.3125,-2.9375
qwen3-4b,31,freq,val,fr,ko,어려운,"Le contraire de ""어려운"" est """,쉬운,0,4,18.25,14.9375,-3.3125
qwen3-4b,31,freq,freq,fr,ko,어려운,"Le contraire de ""어려운"" est """,쉬운,0,5,18.25,15.3125,-2.9375
qwen3-4b,32,desc,desc,fr,ko,오래된,"Le contraire de ""오래된"" est """,새로운,0,0,17.25,16.375,-0.875
qwen3-4b,32,desc,val,fr,ko,오래된,"Le contraire de ""오래된"" est """,새로운,0,0,17.25,16.25,-1.0
qwen3-4b,32,desc,freq,fr,ko,오래된,"Le contraire de ""오래된"" est """,새로운,0,0,17.25,16.625,-0.625
qwen3-4b,32,val,desc,fr,ko,오래된,"Le contraire de ""오래된"" est """,새로운,0,0,17.25,14.9375,-2.3125
qwen3-4b,32,val,val,fr,ko,오래된,"Le contraire de ""오래된"" est """,새로운,0,0,17.25,14.75,-2.5
qwen3-4b,32,val,freq,fr,ko,오래된,"Le contraire de ""오래된"" est """,새로운,0,0,17.25,15.125,-2.125
qwen3-4b,32,freq,desc,fr,ko,오래된,"Le contraire de ""오래된"" est """,새로운,0,4,17.25,12.8125,-4.4375
qwen3-4b,32,freq,val,fr,ko,오래된,"Le contraire de ""오래된"" est """,새로운,0,5,17.25,13.1875,-4.0625
qwen3-4b,32,freq,freq,fr,ko,오래된,"Le contraire de ""오래된"" est """,새로운,0,4,17.25,12.8125,-4.4375
qwen3-4b,33,desc,desc,fr,ko,거짓의,"Le contraire de ""거짓의"" est """,진실한,0,0,20.625,19.875,-0.75
qwen3-4b,33,desc,val,fr,ko,거짓의,"Le contraire de ""거짓의"" est """,진실한,0,0,20.625,18.625,-2.0
qwen3-4b,33,desc,freq,fr,ko,거짓의,"Le contraire de ""거짓의"" est """,진실한,0,0,20.625,20.125,-0.5
qwen3-4b,33,val,desc,fr,ko,거짓의,"Le contraire de ""거짓의"" est """,진실한,0,0,20.625,17.625,-3.0
qwen3-4b,33,val,val,fr,ko,거짓의,"Le contraire de ""거짓의"" est """,진실한,0,0,20.625,17.375,-3.25
qwen3-4b,33,val,freq,fr,ko,거짓의,"Le contraire de ""거짓의"" est """,진실한,0,0,20.625,18.25,-2.375
qwen3-4b,33,freq,desc,fr,ko,거짓의,"Le contraire de ""거짓의"" est """,진실한,0,0,20.625,17.0,-3.625
qwen3-4b,33,freq,val,fr,ko,거짓의,"Le contraire de ""거짓의"" est """,진실한,0,0,20.625,17.125,-3.5
qwen3-4b,33,freq,freq,fr,ko,거짓의,"Le contraire de ""거짓의"" est """,진실한,0,0,20.625,17.0,-3.625
qwen3-4b,34,desc,desc,fr,ko,죽은,"Le contraire de ""죽은"" est """,살아있는,0,0,18.125,17.875,-0.25
qwen3-4b,34,desc,val,fr,ko,죽은,"Le contraire de ""죽은"" est """,살아있는,0,0,18.125,18.875,0.75
qwen3-4b,34,desc,freq,fr,ko,죽은,"Le contraire de ""죽은"" est """,살아있는,0,0,18.125,19.0,0.875
qwen3-4b,34,val,desc,fr,ko,죽은,"Le contraire de ""죽은"" est """,살아있는,0,0,18.125,15.25,-2.875
qwen3-4b,34,val,val,fr,ko,죽은,"Le contraire de ""죽은"" est """,살아있는,0,0,18.125,15.1875,-2.9375
qwen3-4b,34,val,freq,fr,ko,죽은,"Le contraire de ""죽은"" est """,살아있는,0,0,18.125,15.375,-2.75
qwen3-4b,34,freq,desc,fr,ko,죽은,"Le contraire de ""죽은"" est """,살아있는,0,2,18.125,15.0,-3.125
qwen3-4b,34,freq,val,fr,ko,죽은,"Le contraire de ""죽은"" est """,살아있는,0,1,18.125,15.1875,-2.9375
qwen3-4b,34,freq,freq,fr,ko,죽은,"Le contraire de ""죽은"" est """,살아있는,0,2,18.125,15.0,-3.125
qwen3-4b,35,desc,desc,fr,ko,빈,"Le contraire de ""빈"" est """,가득 찬,0,3,13.1875,12.1875,-1.0
qwen3-4b,35,desc,val,fr,ko,빈,"Le contraire de ""빈"" est """,가득 찬,0,1,13.1875,13.5625,0.375
qwen3-4b,35,desc,freq,fr,ko,빈,"Le contraire de ""빈"" est """,가득 찬,0,7,13.1875,11.875,-1.3125
qwen3-4b,35,val,desc,fr,ko,빈,"Le contraire de ""빈"" est """,가득 찬,0,0,13.1875,12.5,-0.6875
qwen3-4b,35,val,val,fr,ko,빈,"Le contraire de ""빈"" est """,가득 찬,0,0,13.1875,12.4375,-0.75
qwen3-4b,35,val,freq,fr,ko,빈,"Le contraire de ""빈"" est """,가득 찬,0,0,13.1875,13.0,-0.1875
qwen3-4b,35,freq,desc,fr,ko,빈,"Le contraire de ""빈"" est """,가득 찬,0,8,13.1875,11.5625,-1.625
qwen3-4b,35,freq,val,fr,ko,빈,"Le contraire de ""빈"" est """,가득 찬,0,4,13.1875,14.0625,0.875
qwen3-4b,35,freq,freq,fr,ko,빈,"Le contraire de ""빈"" est """,가득 찬,0,8,13.1875,11.5625,-1.625
qwen3-4b,36,desc,desc,fr,ko,어두운,"Le contraire de ""어두운"" est """,밝은,3,3,14.25,13.875,-0.375
qwen3-4b,36,desc,val,fr,ko,어두운,"Le contraire de ""어두운"" est """,밝은,3,17,14.25,12.6875,-1.5625
qwen3-4b,36,desc,freq,fr,ko,어두운,"Le contraire de ""어두운"" est """,밝은,3,20,14.25,11.5625,-2.6875
qwen3-4b,36,val,desc,fr,ko,어두운,"Le contraire de ""어두운"" est """,밝은,3,13,14.25,11.25,-3.0
qwen3-4b,36,val,val,fr,ko,어두운,"Le contraire de ""어두운"" est """,밝은,3,16,14.25,11.0625,-3.1875
qwen3-4b,36,val,freq,fr,ko,어두운,"Le contraire de ""어두운"" est """,밝은,3,12,14.25,11.4375,-2.8125
qwen3-4b,36,freq,desc,fr,ko,어두운,"Le contraire de ""어두운"" est """,밝은,3,0,14.25,13.4375,-0.8125
qwen3-4b,36,freq,val,fr,ko,어두운,"Le contraire de ""어두운"" est """,밝은,3,0,14.25,14.6875,0.4375
qwen3-4b,36,freq,freq,fr,ko,어두운,"Le contraire de ""어두운"" est """,밝은,3,0,14.25,13.4375,-0.8125
qwen3-4b,37,desc,desc,fr,ko,약한,"Le contraire de ""약한"" est """,강한,0,0,21.125,21.0,-0.125
qwen3-4b,37,desc,val,fr,ko,약한,"Le contraire de ""약한"" est """,강한,0,0,21.125,20.125,-1.0
qwen3-4b,37,desc,freq,fr,ko,약한,"Le contraire de ""약한"" est """,강한,0,0,21.125,22.125,1.0
qwen3-4b,37,val,desc,fr,ko,약한,"Le contraire de ""약한"" est """,강한,0,0,21.125,19.0,-2.125
qwen3-4b,37,val,val,fr,ko,약한,"Le contraire de ""약한"" est """,강한,0,0,21.125,18.875,-2.25
qwen3-4b,37,val,freq,fr,ko,약한,"Le contraire de ""약한"" est """,강한,0,0,21.125,19.625,-1.5
qwen3-4b,37,freq,desc,fr,ko,약한,"Le contraire de ""약한"" est """,강한,0,0,21.125,18.5,-2.625
qwen3-4b,37,freq,val,fr,ko,약한,"Le contraire de ""약한"" est """,강한,0,0,21.125,17.75,-3.375
qwen3-4b,37,freq,freq,fr,ko,약한,"Le contraire de ""약한"" est """,강한,0,0,21.125,18.5,-2.625
qwen3-4b,38,desc,desc,fr,ko,더러운,"Le contraire de ""더러운"" est """,깨끗한,1,2,14.9375,13.9375,-1.0
qwen3-4b,38,desc,val,fr,ko,더러운,"Le contraire de ""더러운"" est """,깨끗한,1,2,14.9375,14.5,-0.4375
qwen3-4b,38,desc,freq,fr,ko,더러운,"Le contraire de ""더러운"" est """,깨끗한,1,4,14.9375,14.875,-0.0625
qwen3-4b,38,val,desc,fr,ko,더러운,"Le contraire de ""더러운"" est """,깨끗한,1,1,14.9375,12.6875,-2.25
qwen3-4b,38,val,val,fr,ko,더러운,"Le contraire de ""더러운"" est """,깨끗한,1,3,14.9375,12.375,-2.5625
qwen3-4b,38,val,freq,fr,ko,더러운,"Le contraire de ""더러운"" est """,깨끗한,1,2,14.9375,13.5625,-1.375
qwen3-4b,38,freq,desc,fr,ko,더러운,"Le contraire de ""더러운"" est """,깨끗한,1,15,14.9375,11.3125,-3.625
qwen3-4b,38,freq,val,fr,ko,더러운,"Le contraire de ""더러운"" est """,깨끗한,1,7,14.9375,12.25,-2.6875
qwen3-4b,38,freq,freq,fr,ko,더러운,"Le contraire de ""더러운"" est """,깨끗한,1,15,14.9375,11.3125,-3.625
qwen3-4b,39,desc,desc,fr,ko,닫힌,"Le contraire de ""닫힌"" est """,열린,0,1,17.75,16.5,-1.25
qwen3-4b,39,desc,val,fr,ko,닫힌,"Le contraire de ""닫힌"" est """,열린,0,0,17.75,15.875,-1.875
qwen3-4b,39,desc,freq,fr,ko,닫힌,"Le contraire de ""닫힌"" est """,열린,0,0,17.75,19.0,1.25
qwen3-4b,39,val,desc,fr,ko,닫힌,"Le contraire de ""닫힌"" est """,열린,0,1,17.75,13.125,-4.625
qwen3-4b,39,val,val,fr,ko,닫힌,"Le contraire de ""닫힌"" est """,열린,0,2,17.75,12.875,-4.875
qwen3-4b,39,val,freq,fr,ko,닫힌,"Le contraire de ""닫힌"" est """,열린,0,1,17.75,14.9375,-2.8125
qwen3-4b,39,freq,desc,fr,ko,닫힌,"Le contraire de ""닫힌"" est """,열린,0,3,17.75,12.8125,-4.9375
qwen3-4b,39,freq,val,fr,ko,닫힌,"Le contraire de ""닫힌"" est """,열린,0,3,17.75,12.9375,-4.8125
qwen3-4b,39,freq,freq,fr,ko,닫힌,"Le contraire de ""닫힌"" est """,열린,0,3,17.75,12.8125,-4.9375
qwen3-4b,40,desc,desc,fr,ko,가난한,"Le contraire de ""가난한"" est """,부유한,0,1,16.375,15.875,-0.5
qwen3-4b,40,desc,val,fr,ko,가난한,"Le contraire de ""가난한"" est """,부유한,0,1,16.375,16.75,0.375
qwen3-4b,40,desc,freq,fr,ko,가난한,"Le contraire de ""가난한"" est """,부유한,0,0,16.375,16.125,-0.25
qwen3-4b,40,val,desc,fr,ko,가난한,"Le contraire de ""가난한"" est """,부유한,0,1,16.375,16.25,-0.125
qwen3-4b,40,val,val,fr,ko,가난한,"Le contraire de ""가난한"" est """,부유한,0,1,16.375,16.125,-0.25
qwen3-4b,40,val,freq,fr,ko,가난한,"Le contraire de ""가난한"" est """,부유한,0,1,16.375,16.375,0.0
qwen3-4b,40,freq,desc,fr,ko,가난한,"Le contraire de ""가난한"" est """,부유한,0,9,16.375,13.3125,-3.0625
qwen3-4b,40,freq,val,fr,ko,가난한,"Le contraire de ""가난한"" est """,부유한,0,9,16.375,14.5,-1.875
qwen3-4b,40,freq,freq,fr,ko,가난한,"Le contraire de ""가난한"" est """,부유한,0,9,16.375,13.3125,-3.0625
qwen3-4b,41,desc,desc,fr,ko,못생긴,"Le contraire de ""못생긴"" est """,예쁜,4,9,13.875,13.125,-0.75
qwen3-4b,41,desc,val,fr,ko,못생긴,"Le contraire de ""못생긴"" est """,예쁜,4,14,13.875,12.9375,-0.9375
qwen3-4b,41,desc,freq,fr,ko,못생긴,"Le contraire de ""못생긴"" est """,예쁜,4,2,13.875,14.3125,0.4375
qwen3-4b,41,val,desc,fr,ko,못생긴,"Le contraire de ""못생긴"" est """,예쁜,4,1,13.875,13.5625,-0.3125
qwen3-4b,41,val,val,fr,ko,못생긴,"Le contraire de ""못생긴"" est """,예쁜,4,2,13.875,13.4375,-0.4375
qwen3-4b,41,val,freq,fr,ko,못생긴,"Le contraire de ""못생긴"" est """,예쁜,4,1,13.875,14.9375,1.0625
qwen3-4b,41,freq,desc,fr,ko,못생긴,"Le contraire de ""못생긴"" est """,예쁜,4,11,13.875,11.625,-2.25
qwen3-4b,41,freq,val,fr,ko,못생긴,"Le contraire de ""못생긴"" est """,예쁜,4,28,13.875,11.8125,-2.0625
qwen3-4b,41,freq,freq,fr,ko,못생긴,"Le contraire de ""못생긴"" est """,예쁜,4,11,13.875,11.625,-2.25
qwen3-4b,42,desc,desc,fr,ko,짧은,"Le contraire de ""짧은"" est """,긴,2,3,14.5625,13.3125,-1.25
qwen3-4b,42,desc,val,fr,ko,짧은,"Le contraire de ""짧은"" est """,긴,2,2,14.5625,17.25,2.6875
qwen3-4b,42,desc,freq,fr,ko,짧은,"Le contraire de ""짧은"" est """,긴,2,2,14.5625,14.75,0.1875
qwen3-4b,42,val,desc,fr,ko,짧은,"Le contraire de ""짧은"" est """,긴,2,3,14.5625,13.625,-0.9375
qwen3-4b,42,val,val,fr,ko,짧은,"Le contraire de ""짧은"" est """,긴,2,5,14.5625,12.4375,-2.125
qwen3-4b,42,val,freq,fr,ko,짧은,"Le contraire de ""짧은"" est """,긴,2,3,14.5625,13.0625,-1.5
qwen3-4b,42,freq,desc,fr,ko,짧은,"Le contraire de ""짧은"" est """,긴,2,20,14.5625,10.25,-4.3125
qwen3-4b,42,freq,val,fr,ko,짧은,"Le contraire de ""짧은"" est """,긴,2,5,14.5625,13.3125,-1.25
qwen3-4b,42,freq,freq,fr,ko,짧은,"Le contraire de ""짧은"" est """,긴,2,20,14.5625,10.25,-4.3125
qwen3-4b,43,desc,desc,fr,ko,좁은,"Le contraire de ""좁은"" est """,넓은,0,0,18.25,18.75,0.5
qwen3-4b,43,desc,val,fr,ko,좁은,"Le contraire de ""좁은"" est """,넓은,0,0,18.25,18.25,0.0
qwen3-4b,43,desc,freq,fr,ko,좁은,"Le contraire de ""좁은"" est """,넓은,0,1,18.25,17.75,-0.5
qwen3-4b,43,val,desc,fr,ko,좁은,"Le contraire de ""좁은"" est """,넓은,0,0,18.25,17.875,-0.375
qwen3-4b,43,val,val,fr,ko,좁은,"Le contraire de ""좁은"" est """,넓은,0,0,18.25,17.75,-0.5
qwen3-4b,43,val,freq,fr,ko,좁은,"Le contraire de ""좁은"" est """,넓은,0,0,18.25,18.5,0.25
qwen3-4b,43,freq,desc,fr,ko,좁은,"Le contraire de ""좁은"" est """,넓은,0,2,18.25,15.4375,-2.8125
qwen3-4b,43,freq,val,fr,ko,좁은,"Le contraire de ""좁은"" est """,넓은,0,2,18.25,16.5,-1.75
qwen3-4b,43,freq,freq,fr,ko,좁은,"Le contraire de ""좁은"" est """,넓은,0,2,18.25,15.4375,-2.8125
qwen3-4b,44,desc,desc,fr,ko,부드러운,"Le contraire de ""부드러운"" est """,딱딱한,365,512,9.0,8.25,-0.75
qwen3-4b,44,desc,val,fr,ko,부드러운,"Le contraire de ""부드러운"" est """,딱딱한,365,1112,9.0,7.15625,-1.84375
qwen3-4b,44,desc,freq,fr,ko,부드러운,"Le contraire de ""부드러운"" est """,딱딱한,365,1285,9.0,7.28125,-1.71875
qwen3-4b,44,val,desc,fr,ko,부드러운,"Le contraire de ""부드러운"" est """,딱딱한,365,730,9.0,5.65625,-3.34375
qwen3-4b,44,val,val,fr,ko,부드러운,"Le contraire de ""부드러운"" est """,딱딱한,365,720,9.0,5.625,-3.375
qwen3-4b,44,val,freq,fr,ko,부드러운,"Le contraire de ""부드러운"" est """,딱딱한,365,707,9.0,5.59375,-3.40625
qwen3-4b,44,freq,desc,fr,ko,부드러운,"Le contraire de ""부드러운"" est """,딱딱한,365,2871,9.0,3.953125,-5.046875
qwen3-4b,44,freq,val,fr,ko,부드러운,"Le contraire de ""부드러운"" est """,딱딱한,365,2752,9.0,4.1875,-4.8125
qwen3-4b,44,freq,freq,fr,ko,부드러운,"Le contraire de ""부드러운"" est """,딱딱한,365,2871,9.0,3.953125,-5.046875
qwen3-4b,45,desc,desc,fr,ko,젖은,"Le contraire de ""젖은"" est """,마른,8,22,12.3125,11.25,-1.0625
qwen3-4b,45,desc,val,fr,ko,젖은,"Le contraire de ""젖은"" est """,마른,8,13,12.3125,11.5,-0.8125
qwen3-4b,45,desc,freq,fr,ko,젖은,"Le contraire de ""젖은"" est """,마른,8,14,12.3125,11.8125,-0.5
qwen3-4b,45,val,desc,fr,ko,젖은,"Le contraire de ""젖은"" est """,마른,8,15,12.3125,8.25,-4.0625
qwen3-4b,45,val,val,fr,ko,젖은,"Le contraire de ""젖은"" est """,마른,8,16,12.3125,8.125,-4.1875
qwen3-4b,45,val,freq,fr,ko,젖은,"Le contraire de ""젖은"" est """,마른,8,17,12.3125,7.46875,-4.84375
qwen3-4b,45,freq,desc,fr,ko,젖은,"Le contraire de ""젖은"" est """,마른,8,79,12.3125,9.125,-3.1875
qwen3-4b,45,freq,val,fr,ko,젖은,"Le contraire de ""젖은"" est """,마른,8,79,12.3125,8.375,-3.9375
qwen3-4b,45,freq,freq,fr,ko,젖은,"Le contraire de ""젖은"" est """,마른,8,79,12.3125,9.125,-3.1875
qwen3-4b,46,desc,desc,fr,ko,조용한,"Le contraire de ""조용한"" est """,시끄러운,93,158,10.4375,9.375,-1.0625
qwen3-4b,46,desc,val,fr,ko,조용한,"Le contraire de ""조용한"" est """,시끄러운,93,240,10.4375,9.0,-1.4375
qwen3-4b,46,desc,freq,fr,ko,조용한,"Le contraire de ""조용한"" est """,시끄러운,93,243,10.4375,9.125,-1.3125
qwen3-4b,46,val,desc,fr,ko,조용한,"Le contraire de ""조용한"" est """,시끄러운,93,110,10.4375,8.125,-2.3125
qwen3-4b,46,val,val,fr,ko,조용한,"Le contraire de ""조용한"" est """,시끄러운,93,134,10.4375,7.8125,-2.625
qwen3-4b,46,val,freq,fr,ko,조용한,"Le contraire de ""조용한"" est """,시끄러운,93,141,10.4375,8.1875,-2.25
qwen3-4b,46,freq,desc,fr,ko,조용한,"Le contraire de ""조용한"" est """,시끄러운,93,549,10.4375,6.28125,-4.15625
qwen3-4b,46,freq,val,fr,ko,조용한,"Le contraire de ""조용한"" est """,시끄러운,93,543,10.4375,6.59375,-3.84375
qwen3-4b,46,freq,freq,fr,ko,조용한,"Le contraire de ""조용한"" est """,시끄러운,93,549,10.4375,6.28125,-4.15625
qwen3-4b,47,desc,desc,fr,ko,늦은,"Le contraire de ""늦은"" est """,이른,1,5,15.0,14.0,-1.0
qwen3-4b,47,desc,val,fr,ko,늦은,"Le contraire de ""늦은"" est """,이른,1,5,15.0,13.0625,-1.9375
qwen3-4b,47,desc,freq,fr,ko,늦은,"Le contraire de ""늦은"" est """,이른,1,6,15.0,14.1875,-0.8125
qwen3-4b,47,val,desc,fr,ko,늦은,"Le contraire de ""늦은"" est """,이른,1,1,15.0,12.375,-2.625
qwen3-4b,47,val,val,fr,ko,늦은,"Le contraire de ""늦은"" est """,이른,1,1,15.0,12.25,-2.75
qwen3-4b,47,val,freq,fr,ko,늦은,"Le contraire de ""늦은"" est """,이른,1,0,15.0,13.125,-1.875
qwen3-4b,47,freq,desc,fr,ko,늦은,"Le contraire de ""늦은"" est """,이른,1,4,15.0,12.9375,-2.0625
qwen3-4b,47,freq,val,fr,ko,늦은,"Le contraire de ""늦은"" est """,이른,1,4,15.0,12.8125,-2.1875
qwen3-4b,47,freq,freq,fr,ko,늦은,"Le contraire de ""늦은"" est """,이른,1,4,15.0,12.9375,-2.0625
qwen3-4b,48,desc,desc,fr,ko,먼,"Le contraire de ""먼"" est """,가까운,0,0,18.625,17.625,-1.0
qwen3-4b,48,desc,val,fr,ko,먼,"Le contraire de ""먼"" est """,가까운,0,0,18.625,17.375,-1.25
qwen3-4b,48,desc,freq,fr,ko,먼,"Le contraire de ""먼"" est """,가까운,0,0,18.625,18.625,0.0
qwen3-4b,48,val,desc,fr,ko,먼,"Le contraire de ""먼"" est """,가까운,0,0,18.625,17.125,-1.5
qwen3-4b,48,val,val,fr,ko,먼,"Le contraire de ""먼"" est """,가까운,0,0,18.625,17.25,-1.375
qwen3-4b,48,val,freq,fr,ko,먼,"Le contraire de ""먼"" est """,가까운,0,0,18.625,17.125,-1.5
qwen3-4b,48,freq,desc,fr,ko,먼,"Le contraire de ""먼"" est """,가까운,0,1,18.625,16.375,-2.25
qwen3-4b,48,freq,val,fr,ko,먼,"Le contraire de ""먼"" est """,가까운,0,0,18.625,16.125,-2.5
qwen3-4b,48,freq,freq,fr,ko,먼,"Le contraire de ""먼"" est """,가까운,0,1,18.625,16.375,-2.25
qwen3-4b,49,desc,desc,fr,ko,얕은,"Le contraire de ""얕은"" est """,깊은,1,4,15.125,13.875,-1.25
qwen3-4b,49,desc,val,fr,ko,얕은,"Le contraire de ""얕은"" est """,깊은,1,3,15.125,14.375,-0.75
qwen3-4b,49,desc,freq,fr,ko,얕은,"Le contraire de ""얕은"" est """,깊은,1,10,15.125,13.3125,-1.8125
qwen3-4b,49,val,desc,fr,ko,얕은,"Le contraire de ""얕은"" est """,깊은,1,67,15.125,6.84375,-8.28125
qwen3-4b,49,val,val,fr,ko,얕은,"Le contraire de ""얕은"" est """,깊은,1,155,15.125,5.9375,-9.1875
qwen3-4b,49,val,freq,fr,ko,얕은,"Le contraire de ""얕은"" est """,깊은,1,563,15.125,4.625,-10.5
qwen3-4b,49,freq,desc,fr,ko,얕은,"Le contraire de ""얕은"" est """,깊은,1,7,15.125,11.75,-3.375
qwen3-4b,49,freq,val,fr,ko,얕은,"Le contraire de ""얕은"" est """,깊은,1,7,15.125,12.125,-3.0
qwen3-4b,49,freq,freq,fr,ko,얕은,"Le contraire de ""얕은"" est """,깊은,1,7,15.125,11.75,-3.375
qwen3-4b,50,desc,desc,fr,ko,젊은,"Le contraire de ""젊은"" est """,늙은,50,13,10.75,11.9375,1.1875
qwen3-4b,50,desc,val,fr,ko,젊은,"Le contraire de ""젊은"" est """,늙은,50,87,10.75,10.0625,-0.6875
qwen3-4b,50,desc,freq,fr,ko,젊은,"Le contraire de ""젊은"" est """,늙은,50,525,10.75,7.40625,-3.34375
qwen3-4b,50,val,desc,fr,ko,젊은,"Le contraire de ""젊은"" est """,늙은,50,28,10.75,9.75,-1.0
qwen3-4b,50,val,val,fr,ko,젊은,"Le contraire de ""젊은"" est """,늙은,50,29,10.75,9.6875,-1.0625
qwen3-4b,50,val,freq,fr,ko,젊은,"Le contraire de ""젊은"" est """,늙은,50,163,10.75,7.375,-3.375
qwen3-4b,50,freq,desc,fr,ko,젊은,"Le contraire de ""젊은"" est """,늙은,50,5,10.75,11.75,1.0
qwen3-4b,50,freq,val,fr,ko,젊은,"Le contraire de ""젊은"" est """,늙은,50,0,10.75,13.875,3.125
qwen3-4b,50,freq,freq,fr,ko,젊은,"Le contraire de ""젊은"" est """,늙은,50,5,10.75,11.75,1.0
qwen3-4b,51,desc,desc,fr,ko,친절한,"Le contraire de ""친절한"" est """,불친절한,3,3,16.5,15.9375,-0.5625
qwen3-4b,51,desc,val,fr,ko,친절한,"Le contraire de ""친절한"" est """,불친절한,3,5,16.5,14.6875,-1.8125
qwen3-4b,51,desc,freq,fr,ko,친절한,"Le contraire de ""친절한"" est """,불친절한,3,11,16.5,14.4375,-2.0625
qwen3-4b,51,val,desc,fr,ko,친절한,"Le contraire de ""친절한"" est """,불친절한,3,6,16.5,13.375,-3.125
qwen3-4b,51,val,val,fr,ko,친절한,"Le contraire de ""친절한"" est """,불친절한,3,6,16.5,13.375,-3.125
qwen3-4b,51,val,freq,fr,ko,친절한,"Le contraire de ""친절한"" est """,불친절한,3,12,16.5,12.5,-4.0
qwen3-4b,51,freq,desc,fr,ko,친절한,"Le contraire de ""친절한"" est """,불친절한,3,15,16.5,13.125,-3.375
qwen3-4b,51,freq,val,fr,ko,친절한,"Le contraire de ""친절한"" est """,불친절한,3,18,16.5,13.125,-3.375
qwen3-4b,51,freq,freq,fr,ko,친절한,"Le contraire de ""친절한"" est """,불친절한,3,15,16.5,13.125,-3.375
qwen3-4b,52,desc,desc,fr,ko,용감한,"Le contraire de ""용감한"" est """,겁많은,59,78,11.25,10.75,-0.5
qwen3-4b,52,desc,val,fr,ko,용감한,"Le contraire de ""용감한"" est """,겁많은,59,71,11.25,11.5,0.25
qwen3-4b,52,desc,freq,fr,ko,용감한,"Le contraire de ""용감한"" est """,겁많은,59,76,11.25,11.125,-0.125
qwen3-4b,52,val,desc,fr,ko,용감한,"Le contraire de ""용감한"" est """,겁많은,59,110,11.25,8.9375,-2.3125
qwen3-4b,52,val,val,fr,ko,용감한,"Le contraire de ""용감한"" est """,겁많은,59,135,11.25,8.5625,-2.6875
qwen3-4b,52,val,freq,fr,ko,용감한,"Le contraire de ""용감한"" est """,겁많은,59,128,11.25,8.5625,-2.6875
qwen3-4b,52,freq,desc,fr,ko,용감한,"Le contraire de ""용감한"" est """,겁많은,59,568,11.25,6.75,-4.5
qwen3-4b,52,freq,val,fr,ko,용감한,"Le contraire de ""용감한"" est """,겁많은,59,490,11.25,7.65625,-3.59375
qwen3-4b,52,freq,freq,fr,ko,용감한,"Le contraire de ""용감한"" est """,겁많은,59,568,11.25,6.75,-4.5
qwen3-4b,53,desc,desc,fr,ko,현명한,"Le contraire de ""현명한"" est """,어리석은,14,13,12.875,12.3125,-0.5625
qwen3-4b,53,desc,val,fr,ko,현명한,"Le contraire de ""현명한"" est """,어리석은,14,49,12.875,11.875,-1.0
qwen3-4b,53,desc,freq,fr,ko,현명한,"Le contraire de ""현명한"" est """,어리석은,14,86,12.875,11.0,-1.875
qwen3-4b,53,val,desc,fr,ko,현명한,"Le contraire de ""현명한"" est """,어리석은,14,12,12.875,11.875,-1.0
qwen3-4b,53,val,val,fr,ko,현명한,"Le contraire de ""현명한"" est """,어리석은,14,12,12.875,11.8125,-1.0625
qwen3-4b,53,val,freq,fr,ko,현명한,"Le contraire de ""현명한"" est """,어리석은,14,42,12.875,10.375,-2.5
qwen3-4b,53,freq,desc,fr,ko,현명한,"Le contraire de ""현명한"" est """,어리석은,14,52,12.875,9.625,-3.25
qwen3-4b,53,freq,val,fr,ko,현명한,"Le contraire de ""현명한"" est """,어리석은,14,75,12.875,10.3125,-2.5625
qwen3-4b,53,freq,freq,fr,ko,현명한,"Le contraire de ""현명한"" est """,어리석은,14,52,12.875,9.625,-3.25
qwen3-4b,54,desc,desc,fr,ko,예의 바른,"Le contraire de ""예의 바른"" est """,무례한,6,5,12.4375,11.75,-0.6875
qwen3-4b,54,desc,val,fr,ko,예의 바른,"Le contraire de ""예의 바른"" est """,무례한,6,2,12.4375,14.0625,1.625
qwen3-4b,54,desc,freq,fr,ko,예의 바른,"Le contraire de ""예의 바른"" est """,무례한,6,4,12.4375,12.9375,0.5
qwen3-4b,54,val,desc,fr,ko,예의 바른,"Le contraire de ""예의 바른"" est """,무례한,6,8,12.4375,9.875,-2.5625
qwen3-4b,54,val,val,fr,ko,예의 바른,"Le contraire de ""예의 바른"" est """,무례한,6,9,12.4375,9.875,-2.5625
qwen3-4b,54,val,freq,fr,ko,예의 바른,"Le contraire de ""예의 바른"" est """,무례한,6,18,12.4375,9.625,-2.8125
qwen3-4b,54,freq,desc,fr,ko,예의 바른,"Le contraire de ""예의 바른"" est """,무례한,6,11,12.4375,9.6875,-2.75
qwen3-4b,54,freq,val,fr,ko,예의 바른,"Le contraire de ""예의 바른"" est """,무례한,6,17,12.4375,11.625,-0.8125
qwen3-4b,54,freq,freq,fr,ko,예의 바른,"Le contraire de ""예의 바른"" est """,무례한,6,11,12.4375,9.6875,-2.75
qwen3-4b,55,desc,desc,fr,ko,인내심 있는,"Le contraire de ""인내심 있는"" est """,성급한,8,15,12.5,11.1875,-1.3125
qwen3-4b,55,desc,val,fr,ko,인내심 있는,"Le contraire de ""인내심 있는"" est """,성급한,8,38,12.5,11.25,-1.25
qwen3-4b,55,desc,freq,fr,ko,인내심 있는,"Le contraire de ""인내심 있는"" est """,성급한,8,12,12.5,12.875,0.375
qwen3-4b,55,val,desc,fr,ko,인내심 있는,"Le contraire de ""인내심 있는"" est """,성급한,8,14,12.5,10.0625,-2.4375
qwen3-4b,55,val,val,fr,ko,인내심 있는,"Le contraire de ""인내심 있는"" est """,성급한,8,16,12.5,9.8125,-2.6875
qwen3-4b,55,val,freq,fr,ko,인내심 있는,"Le contraire de ""인내심 있는"" est """,성급한,8,3,12.5,11.9375,-0.5625
qwen3-4b,55,freq,desc,fr,ko,인내심 있는,"Le contraire de ""인내심 있는"" est """,성급한,8,64,12.5,8.9375,-3.5625
qwen3-4b,55,freq,val,fr,ko,인내심 있는,"Le contraire de ""인내심 있는"" est """,성급한,8,72,12.5,9.625,-2.875
qwen3-4b,55,freq,freq,fr,ko,인내심 있는,"Le contraire de ""인내심 있는"" est """,성급한,8,64,12.5,8.9375,-3.5625
qwen3-4b,56,desc,desc,fr,ko,정직한,"Le contraire de ""정직한"" est """,부정직한,7,8,14.8125,14.5625,-0.25
qwen3-4b,56,desc,val,fr,ko,정직한,"Le contraire de ""정직한"" est """,부정직한,7,9,14.8125,13.4375,-1.375
qwen3-4b,56,desc,freq,fr,ko,정직한,"Le contraire de ""정직한"" est """,부정직한,7,16,14.8125,14.1875,-0.625
qwen3-4b,56,val,desc,fr,ko,정직한,"Le contraire de ""정직한"" est """,부정직한,7,7,14.8125,12.8125,-2.0
qwen3-4b,56,val,val,fr,ko,정직한,"Le contraire de ""정직한"" est """,부정직한,7,7,14.8125,12.6875,-2.125
qwen3-4b,56,val,freq,fr,ko,정직한,"Le contraire de ""정직한"" est """,부정직한,7,7,14.8125,12.75,-2.0625
qwen3-4b,56,freq,desc,fr,ko,정직한,"Le contraire de ""정직한"" est """,부정직한,7,26,14.8125,11.8125,-3.0
qwen3-4b,56,freq,val,fr,ko,정직한,"Le contraire de ""정직한"" est """,부정직한,7,30,14.8125,11.5625,-3.25
qwen3-4b,56,freq,freq,fr,ko,정직한,"Le contraire de ""정직한"" est """,부정직한,7,26,14.8125,11.8125,-3.0
qwen3-4b,57,desc,desc,fr,ko,안전한,"Le contraire de ""안전한"" est """,위험한,0,1,17.625,17.0,-0.625
qwen3-4b,57,desc,val,fr,ko,안전한,"Le contraire de ""안전한"" est """,위험한,0,0,17.625,17.875,0.25
qwen3-4b,57,desc,freq,fr,ko,안전한,"Le contraire de ""안전한"" est """,위험한,0,1,17.625,17.0,-0.625
qwen3-4b,57,val,desc,fr,ko,안전한,"Le contraire de ""안전한"" est """,위험한,0,0,17.625,15.5625,-2.0625
qwen3-4b,57,val,val,fr,ko,안전한,"Le contraire de ""안전한"" est """,위험한,0,0,17.625,15.4375,-2.1875
qwen3-4b,57,val,freq,fr,ko,안전한,"Le contraire de ""안전한"" est """,위험한,0,4,17.625,13.9375,-3.6875
qwen3-4b,57,freq,desc,fr,ko,안전한,"Le contraire de ""안전한"" est """,위험한,0,1,17.625,15.25,-2.375
qwen3-4b,57,freq,val,fr,ko,안전한,"Le contraire de ""안전한"" est """,위험한,0,1,17.625,15.25,-2.375
qwen3-4b,57,freq,freq,fr,ko,안전한,"Le contraire de ""안전한"" est """,위험한,0,1,17.625,15.25,-2.375
qwen3-4b,58,desc,desc,fr,ko,활동적인,"Le contraire de ""활동적인"" est """,비활동적인,4,12,14.0,12.375,-1.625
qwen3-4b,58,desc,val,fr,ko,활동적인,"Le contraire de ""활동적인"" est """,비활동적인,4,24,14.0,12.125,-1.875
qwen3-4b,58,desc,freq,fr,ko,활동적인,"Le contraire de ""활동적인"" est """,비활동적인,4,18,14.0,12.5,-1.5
qwen3-4b,58,val,desc,fr,ko,활동적인,"Le contraire de ""활동적인"" est """,비활동적인,4,8,14.0,11.3125,-2.6875
qwen3-4b,58,val,val,fr,ko,활동적인,"Le contraire de ""활동적인"" est """,비활동적인,4,10,14.0,11.0625,-2.9375
qwen3-4b,58,val,freq,fr,ko,활동적인,"Le contraire de ""활동적인"" est """,비활동적인,4,8,14.0,11.625,-2.375
qwen3-4b,58,freq,desc,fr,ko,활동적인,"Le contraire de ""활동적인"" est """,비활동적인,4,47,14.0,9.75,-4.25
qwen3-4b,58,freq,val,fr,ko,활동적인,"Le contraire de ""활동적인"" est """,비활동적인,4,63,14.0,10.0,-4.0
qwen3-4b,58,freq,freq,fr,ko,활동적인,"Le contraire de ""활동적인"" est """,비활동적인,4,47,14.0,9.75,-4.25
qwen3-4b,59,desc,desc,fr,ko,곧은,"Le contraire de ""곧은"" est """,휘어진,3184,8103,3.546875,2.46875,-1.078125
qwen3-4b,59,desc,val,fr,ko,곧은,"Le contraire de ""곧은"" est """,휘어진,3184,10355,3.546875,2.9375,-0.609375
qwen3-4b,59,desc,freq,fr,ko,곧은,"Le contraire de ""곧은"" est """,휘어진,3184,8510,3.546875,4.3125,0.765625
qwen3-4b,59,val,desc,fr,ko,곧은,"Le contraire de ""곧은"" est """,휘어진,3184,8430,3.546875,0.5703125,-2.9765625
qwen3-4b,59,val,val,fr,ko,곧은,"Le contraire de ""곧은"" est """,휘어진,3184,7873,3.546875,0.5703125,-2.9765625
qwen3-4b,59,val,freq,fr,ko,곧은,"Le contraire de ""곧은"" est """,휘어진,3184,6517,3.546875,0.52734375,-3.01953125
qwen3-4b,59,freq,desc,fr,ko,곧은,"Le contraire de ""곧은"" est """,휘어진,3184,7997,3.546875,1.1796875,-2.3671875
qwen3-4b,59,freq,val,fr,ko,곧은,"Le contraire de ""곧은"" est """,휘어진,3184,6233,3.546875,0.27734375,-3.26953125
qwen3-4b,59,freq,freq,fr,ko,곧은,"Le contraire de ""곧은"" est """,휘어진,3184,7997,3.546875,1.1796875,-2.3671875
qwen3-4b,60,desc,desc,fr,ko,전체의,"Le contraire de ""전체의"" est """,부분적인,0,0,18.125,18.0,-0.125
qwen3-4b,60,desc,val,fr,ko,전체의,"Le contraire de ""전체의"" est """,부분적인,0,0,18.125,18.25,0.125
qwen3-4b,60,desc,freq,fr,ko,전체의,"Le contraire de ""전체의"" est """,부분적인,0,0,18.125,19.375,1.25
qwen3-4b,60,val,desc,fr,ko,전체의,"Le contraire de ""전체의"" est """,부분적인,0,0,18.125,15.875,-2.25
qwen3-4b,60,val,val,fr,ko,전체의,"Le contraire de ""전체의"" est """,부분적인,0,0,18.125,15.8125,-2.3125
qwen3-4b,60,val,freq,fr,ko,전체의,"Le contraire de ""전체의"" est """,부분적인,0,0,18.125,16.5,-1.625
qwen3-4b,60,freq,desc,fr,ko,전체의,"Le contraire de ""전체의"" est """,부분적인,0,0,18.125,15.1875,-2.9375
qwen3-4b,60,freq,val,fr,ko,전체의,"Le contraire de ""전체의"" est """,부분적인,0,0,18.125,15.9375,-2.1875
qwen3-4b,60,freq,freq,fr,ko,전체의,"Le contraire de ""전체의"" est """,부분적인,0,0,18.125,15.1875,-2.9375
qwen3-4b,61,desc,desc,fr,ko,차분한,"Le contraire de ""차분한"" est """,격앙된,25,28,12.6875,11.8125,-0.875
qwen3-4b,61,desc,val,fr,ko,차분한,"Le contraire de ""차분한"" est """,격앙된,25,26,12.6875,12.4375,-0.25
qwen3-4b,61,desc,freq,fr,ko,차분한,"Le contraire de ""차분한"" est """,격앙된,25,21,12.6875,12.875,0.1875
qwen3-4b,61,val,desc,fr,ko,차분한,"Le contraire de ""차분한"" est """,격앙된,25,27,12.6875,9.0625,-3.625
qwen3-4b,61,val,val,fr,ko,차분한,"Le contraire de ""차분한"" est """,격앙된,25,30,12.6875,9.0,-3.6875
qwen3-4b,61,val,freq,fr,ko,차분한,"Le contraire de ""차분한"" est """,격앙된,25,31,12.6875,9.5625,-3.125
qwen3-4b,61,freq,desc,fr,ko,차분한,"Le contraire de ""차분한"" est """,격앙된,25,125,12.6875,8.1875,-4.5
qwen3-4b,61,freq,val,fr,ko,차분한,"Le contraire de ""차분한"" est """,격앙된,25,110,12.6875,9.375,-3.3125
qwen3-4b,61,freq,freq,fr,ko,차분한,"Le contraire de ""차분한"" est """,격앙된,25,125,12.6875,8.1875,-4.5
qwen3-4b,62,desc,desc,fr,ko,정확한,"Le contraire de ""정확한"" est """,부정확한,2,3,15.75,15.4375,-0.3125
qwen3-4b,62,desc,val,fr,ko,정확한,"Le contraire de ""정확한"" est """,부정확한,2,4,15.75,15.125,-0.625
qwen3-4b,62,desc,freq,fr,ko,정확한,"Le contraire de ""정확한"" est """,부정확한,2,2,15.75,16.375,0.625
qwen3-4b,62,val,desc,fr,ko,정확한,"Le contraire de ""정확한"" est """,부정확한,2,5,15.75,13.5,-2.25
qwen3-4b,62,val,val,fr,ko,정확한,"Le contraire de ""정확한"" est """,부정확한,2,5,15.75,13.4375,-2.3125
qwen3-4b,62,val,freq,fr,ko,정확한,"Le contraire de ""정확한"" est """,부정확한,2,4,15.75,14.3125,-1.4375
qwen3-4b,62,freq,desc,fr,ko,정확한,"Le contraire de ""정확한"" est """,부정확한,2,11,15.75,12.6875,-3.0625
qwen3-4b,62,freq,val,fr,ko,정확한,"Le contraire de ""정확한"" est """,부정확한,2,12,15.75,12.8125,-2.9375
qwen3-4b,62,freq,freq,fr,ko,정확한,"Le contraire de ""정확한"" est """,부정확한,2,11,15.75,12.6875,-3.0625
qwen3-4b,63,desc,desc,fr,ko,복잡한,"Le contraire de ""복잡한"" est """,간단한,1,1,18.375,17.125,-1.25
qwen3-4b,63,desc,val,fr,ko,복잡한,"Le contraire de ""복잡한"" est """,간단한,1,1,18.375,17.125,-1.25
qwen3-4b,63,desc,freq,fr,ko,복잡한,"Le contraire de ""복잡한"" est """,간단한,1,0,18.375,20.125,1.75
qwen3-4b,63,val,desc,fr,ko,복잡한,"Le contraire de ""복잡한"" est """,간단한,1,0,18.375,17.5,-0.875
qwen3-4b,63,val,val,fr,ko,복잡한,"Le contraire de ""복잡한"" est """,간단한,1,0,18.375,17.0,-1.375
qwen3-4b,63,val,freq,fr,ko,복잡한,"Le contraire de ""복잡한"" est """,간단한,1,0,18.375,18.5,0.125
qwen3-4b,63,freq,desc,fr,ko,복잡한,"Le contraire de ""복잡한"" est """,간단한,1,5,18.375,13.625,-4.75
qwen3-4b,63,freq,val,fr,ko,복잡한,"Le contraire de ""복잡한"" est """,간단한,1,6,18.375,13.4375,-4.9375
qwen3-4b,63,freq,freq,fr,ko,복잡한,"Le contraire de ""복잡한"" est """,간단한,1,5,18.375,13.625,-4.75
qwen3-4b,64,desc,desc,fr,ko,효과적인,"Le contraire de ""효과적인"" est """,비효과적인,2,4,17.125,16.125,-1.0
qwen3-4b,64,desc,val,fr,ko,효과적인,"Le contraire de ""효과적인"" est """,비효과적인,2,4,17.125,14.9375,-2.1875
qwen3-4b,64,desc,freq,fr,ko,효과적인,"Le contraire de ""효과적인"" est """,비효과적인,2,5,17.125,16.125,-1.0
qwen3-4b,64,val,desc,fr,ko,효과적인,"Le contraire de ""효과적인"" est """,비효과적인,2,2,17.125,14.875,-2.25
qwen3-4b,64,val,val,fr,ko,효과적인,"Le contraire de ""효과적인"" est """,비효과적인,2,2,17.125,14.75,-2.375
qwen3-4b,64,val,freq,fr,ko,효과적인,"Le contraire de ""효과적인"" est """,비효과적인,2,3,17.125,15.0625,-2.0625
qwen3-4b,64,freq,desc,fr,ko,효과적인,"Le contraire de ""효과적인"" est """,비효과적인,2,6,17.125,13.3125,-3.8125
qwen3-4b,64,freq,val,fr,ko,효과적인,"Le contraire de ""효과적인"" est """,비효과적인,2,10,17.125,12.875,-4.25
qwen3-4b,64,freq,freq,fr,ko,효과적인,"Le contraire de ""효과적인"" est """,비효과적인,2,6,17.125,13.3125,-3.8125
qwen3-4b,65,desc,desc,fr,ko,유명한,"Le contraire de ""유명한"" est """,무명의,5,11,13.0625,12.8125,-0.25
qwen3-4b,65,desc,val,fr,ko,유명한,"Le contraire de ""유명한"" est """,무명의,5,9,13.0625,13.3125,0.25
qwen3-4b,65,desc,freq,fr,ko,유명한,"Le contraire de ""유명한"" est """,무명의,5,11,13.0625,12.875,-0.1875
qwen3-4b,65,val,desc,fr,ko,유명한,"Le contraire de ""유명한"" est """,무명의,5,16,13.0625,10.5625,-2.5
qwen3-4b,65,val,val,fr,ko,유명한,"Le contraire de ""유명한"" est """,무명의,5,14,13.0625,10.5625,-2.5
qwen3-4b,65,val,freq,fr,ko,유명한,"Le contraire de ""유명한"" est """,무명의,5,20,13.0625,10.375,-2.6875
qwen3-4b,65,freq,desc,fr,ko,유명한,"Le contraire de ""유명한"" est """,무명의,5,37,13.0625,10.375,-2.6875
qwen3-4b,65,freq,val,fr,ko,유명한,"Le contraire de ""유명한"" est """,무명의,5,39,13.0625,10.5625,-2.5
qwen3-4b,65,freq,freq,fr,ko,유명한,"Le contraire de ""유명한"" est """,무명의,5,37,13.0625,10.375,-2.6875
qwen3-4b,66,desc,desc,fr,ko,관대한,"Le contraire de ""관대한"" est """,인색한,137,188,11.3125,10.4375,-0.875
qwen3-4b,66,desc,val,fr,ko,관대한,"Le contraire de ""관대한"" est """,인색한,137,670,11.3125,8.6875,-2.625
qwen3-4b,66,desc,freq,fr,ko,관대한,"Le contraire de ""관대한"" est """,인색한,137,1359,11.3125,7.78125,-3.53125
qwen3-4b,66,val,desc,fr,ko,관대한,"Le contraire de ""관대한"" est """,인색한,137,86,11.3125,9.4375,-1.875
qwen3-4b,66,val,val,fr,ko,관대한,"Le contraire de ""관대한"" est """,인색한,137,91,11.3125,9.25,-2.0625
qwen3-4b,66,val,freq,fr,ko,관대한,"Le contraire de ""관대한"" est """,인색한,137,155,11.3125,8.0,-3.3125
qwen3-4b,66,freq,desc,fr,ko,관대한,"Le contraire de ""관대한"" est """,인색한,137,331,11.3125,7.9375,-3.375
qwen3-4b,66,freq,val,fr,ko,관대한,"Le contraire de ""관대한"" est """,인색한,137,372,11.3125,8.375,-2.9375
qwen3-4b,66,freq,freq,fr,ko,관대한,"Le contraire de ""관대한"" est """,인색한,137,331,11.3125,7.9375,-3.375
qwen3-4b,67,desc,desc,fr,ko,행복한,"Le contraire de ""행복한"" est """,불행한,0,1,18.875,18.5,-0.375
qwen3-4b,67,desc,val,fr,ko,행복한,"Le contraire de ""행복한"" est """,불행한,0,2,18.875,17.25,-1.625
qwen3-4b,67,desc,freq,fr,ko,행복한,"Le contraire de ""행복한"" est """,불행한,0,2,18.875,17.875,-1.0
qwen3-4b,67,val,desc,fr,ko,행복한,"Le contraire de ""행복한"" est """,불행한,0,1,18.875,16.875,-2.0
qwen3-4b,67,val,val,fr,ko,행복한,"Le contraire de ""행복한"" est """,불행한,0,1,18.875,16.875,-2.0
qwen3-4b,67,val,freq,fr,ko,행복한,"Le contraire de ""행복한"" est """,불행한,0,1,18.875,17.625,-1.25
qwen3-4b,67,freq,desc,fr,ko,행복한,"Le contraire de ""행복한"" est """,불행한,0,3,18.875,16.5,-2.375
qwen3-4b,67,freq,val,fr,ko,행복한,"Le contraire de ""행복한"" est """,불행한,0,2,18.875,16.625,-2.25
qwen3-4b,67,freq,freq,fr,ko,행복한,"Le contraire de ""행복한"" est """,불행한,0,3,18.875,16.5,-2.375
qwen3-4b,68,desc,desc,fr,ko,건강한,"Le contraire de ""건강한"" est """,건강하지 않은,1,1,17.125,16.5,-0.625
qwen3-4b,68,desc,val,fr,ko,건강한,"Le contraire de ""건강한"" est """,건강하지 않은,1,1,17.125,17.5,0.375
qwen3-4b,68,desc,freq,fr,ko,건강한,"Le contraire de ""건강한"" est """,건강하지 않은,1,0,17.125,19.375,2.25
qwen3-4b,68,val,desc,fr,ko,건강한,"Le contraire de ""건강한"" est """,건강하지 않은,1,3,17.125,14.375,-2.75
qwen3-4b,68,val,val,fr,ko,건강한,"Le contraire de ""건강한"" est """,건강하지 않은,1,3,17.125,14.125,-3.0
qwen3-4b,68,val,freq,fr,ko,건강한,"Le contraire de ""건강한"" est """,건강하지 않은,1,2,17.125,16.25,-0.875
qwen3-4b,68,freq,desc,fr,ko,건강한,"Le contraire de ""건강한"" est """,건강하지 않은,1,6,17.125,13.8125,-3.3125
qwen3-4b,68,freq,val,fr,ko,건강한,"Le contraire de ""건강한"" est """,건강하지 않은,1,6,17.125,14.625,-2.5
qwen3-4b,68,freq,freq,fr,ko,건강한,"Le contraire de ""건강한"" est """,건강하지 않은,1,6,17.125,13.8125,-3.3125
qwen3-4b,69,desc,desc,fr,ko,높은,"Le contraire de ""높은"" est """,낮은,1,1,18.125,16.625,-1.5
qwen3-4b,69,desc,val,fr,ko,높은,"Le contraire de ""높은"" est """,낮은,1,2,18.125,15.8125,-2.3125
qwen3-4b,69,desc,freq,fr,ko,높은,"Le contraire de ""높은"" est """,낮은,1,2,18.125,17.0,-1.125
qwen3-4b,69,val,desc,fr,ko,높은,"Le contraire de ""높은"" est """,낮은,1,2,18.125,13.375,-4.75
qwen3-4b,69,val,val,fr,ko,높은,"Le contraire de ""높은"" est """,낮은,1,2,18.125,13.375,-4.75
qwen3-4b,69,val,freq,fr,ko,높은,"Le contraire de ""높은"" est """,낮은,1,2,18.125,14.0625,-4.0625
qwen3-4b,69,freq,desc,fr,ko,높은,"Le contraire de ""높은"" est """,낮은,1,13,18.125,11.6875,-6.4375
qwen3-4b,69,freq,val,fr,ko,높은,"Le contraire de ""높은"" est """,낮은,1,8,18.125,12.4375,-5.6875
qwen3-4b,69,freq,freq,fr,ko,높은,"Le contraire de ""높은"" est """,낮은,1,13,18.125,11.6875,-6.4375
qwen3-4b,70,desc,desc,fr,ko,중요한,"Le contraire de ""중요한"" est """,중요하지 않은,0,1,18.25,17.375,-0.875
qwen3-4b,70,desc,val,fr,ko,중요한,"Le contraire de ""중요한"" est """,중요하지 않은,0,0,18.25,17.25,-1.0
qwen3-4b,70,desc,freq,fr,ko,중요한,"Le contraire de ""중요한"" est """,중요하지 않은,0,0,18.25,18.75,0.5
qwen3-4b,70,val,desc,fr,ko,중요한,"Le contraire de ""중요한"" est """,중요하지 않은,0,1,18.25,14.9375,-3.3125
qwen3-4b,70,val,val,fr,ko,중요한,"Le contraire de ""중요한"" est """,중요하지 않은,0,1,18.25,14.6875,-3.5625
qwen3-4b,70,val,freq,fr,ko,중요한,"Le contraire de ""중요한"" est """,중요하지 않은,0,0,18.25,15.8125,-2.4375
qwen3-4b,70,freq,desc,fr,ko,중요한,"Le contraire de ""중요한"" est """,중요하지 않은,0,2,18.25,15.6875,-2.5625
qwen3-4b,70,freq,val,fr,ko,중요한,"Le contraire de ""중요한"" est """,중요하지 않은,0,3,18.25,15.0625,-3.1875
qwen3-4b,70,freq,freq,fr,ko,중요한,"Le contraire de ""중요한"" est """,중요하지 않은,0,2,18.25,15.6875,-2.5625
qwen3-4b,71,desc,desc,fr,ko,무고한,"Le contraire de ""무고한"" est """,유죄의,5,8,14.6875,13.5625,-1.125
qwen3-4b,71,desc,val,fr,ko,무고한,"Le contraire de ""무고한"" est """,유죄의,5,7,14.6875,14.625,-0.0625
qwen3-4b,71,desc,freq,fr,ko,무고한,"Le contraire de ""무고한"" est """,유죄의,5,12,14.6875,13.9375,-0.75
qwen3-4b,71,val,desc,fr,ko,무고한,"Le contraire de ""무고한"" est """,유죄의,5,9,14.6875,12.375,-2.3125
qwen3-4b,71,val,val,fr,ko,무고한,"Le contraire de ""무고한"" est """,유죄의,5,9,14.6875,12.375,-2.3125
qwen3-4b,71,val,freq,fr,ko,무고한,"Le contraire de ""무고한"" est """,유죄의,5,17,14.6875,11.6875,-3.0
qwen3-4b,71,freq,desc,fr,ko,무고한,"Le contraire de ""무고한"" est """,유죄의,5,27,14.6875,10.8125,-3.875
qwen3-4b,71,freq,val,fr,ko,무고한,"Le contraire de ""무고한"" est """,유죄의,5,28,14.6875,12.0625,-2.625
qwen3-4b,71,freq,freq,fr,ko,무고한,"Le contraire de ""무고한"" est """,유죄의,5,27,14.6875,10.8125,-3.875
qwen3-4b,72,desc,desc,fr,ko,알려진,"Le contraire de ""알려진"" est """,알려지지 않은,0,0,29.625,30.125,0.5
qwen3-4b,72,desc,val,fr,ko,알려진,"Le contraire de ""알려진"" est """,알려지지 않은,0,0,29.625,28.375,-1.25
qwen3-4b,72,desc,freq,fr,ko,알려진,"Le contraire de ""알려진"" est """,알려지지 않은,0,0,29.625,30.5,0.875
qwen3-4b,72,val,desc,fr,ko,알려진,"Le contraire de ""알려진"" est """,알려지지 않은,0,0,29.625,27.125,-2.5
qwen3-4b,72,val,val,fr,ko,알려진,"Le contraire de ""알려진"" est """,알려지지 않은,0,0,29.625,27.125,-2.5
qwen3-4b,72,val,freq,fr,ko,알려진,"Le contraire de ""알려진"" est """,알려지지 않은,0,0,29.625,28.0,-1.625
qwen3-4b,72,freq,desc,fr,ko,알려진,"Le contraire de ""알려진"" est """,알려지지 않은,0,0,29.625,27.25,-2.375
qwen3-4b,72,freq,val,fr,ko,알려진,"Le contraire de ""알려진"" est """,알려지지 않은,0,0,29.625,26.75,-2.875
qwen3-4b,72,freq,freq,fr,ko,알려진,"Le contraire de ""알려진"" est """,알려지지 않은,0,0,29.625,27.25,-2.375
qwen3-4b,73,desc,desc,fr,ko,남성의,"Le contraire de ""남성의"" est """,여성의,2,4,17.125,15.1875,-1.9375
qwen3-4b,73,desc,val,fr,ko,남성의,"Le contraire de ""남성의"" est """,여성의,2,5,17.125,14.5,-2.625
qwen3-4b,73,desc,freq,fr,ko,남성의,"Le contraire de ""남성의"" est """,여성의,2,1,17.125,19.25,2.125
qwen3-4b,73,val,desc,fr,ko,남성의,"Le contraire de ""남성의"" est """,여성의,2,2,17.125,14.25,-2.875
qwen3-4b,73,val,val,fr,ko,남성의,"Le contraire de ""남성의"" est """,여성의,2,2,17.125,13.6875,-3.4375
qwen3-4b,73,val,freq,fr,ko,남성의,"Le contraire de ""남성의"" est """,여성의,2,0,17.125,16.5,-0.625
qwen3-4b,73,freq,desc,fr,ko,남성의,"Le contraire de ""남성의"" est """,여성의,2,8,17.125,13.0,-4.125
qwen3-4b,73,freq,val,fr,ko,남성의,"Le contraire de ""남성의"" est """,여성의,2,7,17.125,13.0625,-4.0625
qwen3-4b,73,freq,freq,fr,ko,남성의,"Le contraire de ""남성의"" est """,여성의,2,8,17.125,13.0,-4.125
qwen3-4b,74,desc,desc,fr,ko,정상적인,"Le contraire de ""정상적인"" est """,비정상적인,0,0,22.75,22.125,-0.625
qwen3-4b,74,desc,val,fr,ko,정상적인,"Le contraire de ""정상적인"" est """,비정상적인,0,0,22.75,20.875,-1.875
qwen3-4b,74,desc,freq,fr,ko,정상적인,"Le contraire de ""정상적인"" est """,비정상적인,0,0,22.75,21.5,-1.25
qwen3-4b,74,val,desc,fr,ko,정상적인,"Le contraire de ""정상적인"" est """,비정상적인,0,0,22.75,21.0,-1.75
qwen3-4b,74,val,val,fr,ko,정상적인,"Le contraire de ""정상적인"" est """,비정상적인,0,0,22.75,21.125,-1.625
qwen3-4b,74,val,freq,fr,ko,정상적인,"Le contraire de ""정상적인"" est """,비정상적인,0,0,22.75,20.375,-2.375
qwen3-4b,74,freq,desc,fr,ko,정상적인,"Le contraire de ""정상적인"" est """,비정상적인,0,0,22.75,19.25,-3.5
qwen3-4b,74,freq,val,fr,ko,정상적인,"Le contraire de ""정상적인"" est """,비정상적인,0,0,22.75,19.25,-3.5
qwen3-4b,74,freq,freq,fr,ko,정상적인,"Le contraire de ""정상적인"" est """,비정상적인,0,0,22.75,19.25,-3.5
qwen3-4b,75,desc,desc,fr,ko,가능한,"Le contraire de ""가능한"" est """,불가능한,1,1,20.0,18.5,-1.5
qwen3-4b,75,desc,val,fr,ko,가능한,"Le contraire de ""가능한"" est """,불가능한,1,1,20.0,18.125,-1.875
qwen3-4b,75,desc,freq,fr,ko,가능한,"Le contraire de ""가능한"" est """,불가능한,1,0,20.0,21.625,1.625
qwen3-4b,75,val,desc,fr,ko,가능한,"Le contraire de ""가능한"" est """,불가능한,1,1,20.0,16.5,-3.5
qwen3-4b,75,val,val,fr,ko,가능한,"Le contraire de ""가능한"" est """,불가능한,1,1,20.0,15.875,-4.125
qwen3-4b,75,val,freq,fr,ko,가능한,"Le contraire de ""가능한"" est """,불가능한,1,2,20.0,18.125,-1.875
qwen3-4b,75,freq,desc,fr,ko,가능한,"Le contraire de ""가능한"" est """,불가능한,1,4,20.0,16.0,-4.0
qwen3-4b,75,freq,val,fr,ko,가능한,"Le contraire de ""가능한"" est """,불가능한,1,3,20.0,15.4375,-4.5625
qwen3-4b,75,freq,freq,fr,ko,가능한,"Le contraire de ""가능한"" est """,불가능한,1,4,20.0,16.0,-4.0
qwen3-4b,76,desc,desc,fr,ko,사적인,"Le contraire de ""사적인"" est """,공적인,0,0,21.0,20.5,-0.5
qwen3-4b,76,desc,val,fr,ko,사적인,"Le contraire de ""사적인"" est """,공적인,0,0,21.0,20.625,-0.375
qwen3-4b,76,desc,freq,fr,ko,사적인,"Le contraire de ""사적인"" est """,공적인,0,0,21.0,22.875,1.875
qwen3-4b,76,val,desc,fr,ko,사적인,"Le contraire de ""사적인"" est """,공적인,0,0,21.0,18.0,-3.0
qwen3-4b,76,val,val,fr,ko,사적인,"Le contraire de ""사적인"" est """,공적인,0,0,21.0,18.125,-2.875
qwen3-4b,76,val,freq,fr,ko,사적인,"Le contraire de ""사적인"" est """,공적인,0,0,21.0,20.375,-0.625
qwen3-4b,76,freq,desc,fr,ko,사적인,"Le contraire de ""사적인"" est """,공적인,0,1,21.0,17.875,-3.125
qwen3-4b,76,freq,val,fr,ko,사적인,"Le contraire de ""사적인"" est """,공적인,0,1,21.0,18.375,-2.625
qwen3-4b,76,freq,freq,fr,ko,사적인,"Le contraire de ""사적인"" est """,공적인,0,1,21.0,17.875,-3.125
qwen3-4b,77,desc,desc,fr,ko,올바른,"Le contraire de ""올바른"" est """,틀린,11,17,12.0,11.8125,-0.1875
qwen3-4b,77,desc,val,fr,ko,올바른,"Le contraire de ""올바른"" est """,틀린,11,11,12.0,12.6875,0.6875
qwen3-4b,77,desc,freq,fr,ko,올바른,"Le contraire de ""올바른"" est """,틀린,11,11,12.0,12.375,0.375
qwen3-4b,77,val,desc,fr,ko,올바른,"Le contraire de ""올바른"" est """,틀린,11,15,12.0,9.9375,-2.0625
qwen3-4b,77,val,val,fr,ko,올바른,"Le contraire de ""올바른"" est """,틀린,11,15,12.0,9.9375,-2.0625
qwen3-4b,77,val,freq,fr,ko,올바른,"Le contraire de ""올바른"" est """,틀린,11,22,12.0,9.5,-2.5
qwen3-4b,77,freq,desc,fr,ko,올바른,"Le contraire de ""올바른"" est """,틀린,11,31,12.0,10.0625,-1.9375
qwen3-4b,77,freq,val,fr,ko,올바른,"Le contraire de ""올바른"" est """,틀린,11,36,12.0,10.3125,-1.6875
qwen3-4b,77,freq,freq,fr,ko,올바른,"Le contraire de ""올바른"" est """,틀린,11,31,12.0,10.0625,-1.9375
qwen3-4b,78,desc,desc,fr,ko,단순한,"Le contraire de ""단순한"" est """,복잡한,0,0,19.25,18.125,-1.125
qwen3-4b,78,desc,val,fr,ko,단순한,"Le contraire de ""단순한"" est """,복잡한,0,0,19.25,17.875,-1.375
qwen3-4b,78,desc,freq,fr,ko,단순한,"Le contraire de ""단순한"" est """,복잡한,0,0,19.25,19.25,0.0
qwen3-4b,78,val,desc,fr,ko,단순한,"Le contraire de ""단순한"" est """,복잡한,0,0,19.25,14.75,-4.5
qwen3-4b,78,val,val,fr,ko,단순한,"Le contraire de ""단순한"" est """,복잡한,0,0,19.25,14.5,-4.75
qwen3-4b,78,val,freq,fr,ko,단순한,"Le contraire de ""단순한"" est """,복잡한,0,0,19.25,15.1875,-4.0625
qwen3-4b,78,freq,desc,fr,ko,단순한,"Le contraire de ""단순한"" est """,복잡한,0,5,19.25,13.8125,-5.4375
qwen3-4b,78,freq,val,fr,ko,단순한,"Le contraire de ""단순한"" est """,복잡한,0,5,19.25,14.25,-5.0
qwen3-4b,78,freq,freq,fr,ko,단순한,"Le contraire de ""단순한"" est """,복잡한,0,5,19.25,13.8125,-5.4375
qwen3-4b,79,desc,desc,fr,ko,달콤한,"Le contraire de ""달콤한"" est """,쓴,2,2,15.375,15.25,-0.125
qwen3-4b,79,desc,val,fr,ko,달콤한,"Le contraire de ""달콤한"" est """,쓴,2,6,15.375,14.0,-1.375
qwen3-4b,79,desc,freq,fr,ko,달콤한,"Le contraire de ""달콤한"" est """,쓴,2,9,15.375,13.875,-1.5
qwen3-4b,79,val,desc,fr,ko,달콤한,"Le contraire de ""달콤한"" est """,쓴,2,3,15.375,12.4375,-2.9375
qwen3-4b,79,val,val,fr,ko,달콤한,"Le contraire de ""달콤한"" est """,쓴,2,3,15.375,12.4375,-2.9375
qwen3-4b,79,val,freq,fr,ko,달콤한,"Le contraire de ""달콤한"" est """,쓴,2,16,15.375,11.0,-4.375
qwen3-4b,79,freq,desc,fr,ko,달콤한,"Le contraire de ""달콤한"" est """,쓴,2,22,15.375,11.9375,-3.4375
qwen3-4b,79,freq,val,fr,ko,달콤한,"Le contraire de ""달콤한"" est """,쓴,2,27,15.375,11.9375,-3.4375
qwen3-4b,79,freq,freq,fr,ko,달콤한,"Le contraire de ""달콤한"" est """,쓴,2,22,15.375,11.9375,-3.4375
qwen3-4b,80,desc,desc,fr,ko,보이는,"Le contraire de ""보이는"" est """,보이지 않는,0,0,19.375,19.375,0.0
qwen3-4b,80,desc,val,fr,ko,보이는,"Le contraire de ""보이는"" est """,보이지 않는,0,0,19.375,18.5,-0.875
qwen3-4b,80,desc,freq,fr,ko,보이는,"Le contraire de ""보이는"" est """,보이지 않는,0,0,19.375,21.375,2.0
qwen3-4b,80,val,desc,fr,ko,보이는,"Le contraire de ""보이는"" est """,보이지 않는,0,0,19.375,16.625,-2.75
qwen3-4b,80,val,val,fr,ko,보이는,"Le contraire de ""보이는"" est """,보이지 않는,0,0,19.375,16.5,-2.875
qwen3-4b,80,val,freq,fr,ko,보이는,"Le contraire de ""보이는"" est """,보이지 않는,0,0,19.375,18.125,-1.25
qwen3-4b,80,freq,desc,fr,ko,보이는,"Le contraire de ""보이는"" est """,보이지 않는,0,0,19.375,18.125,-1.25
qwen3-4b,80,freq,val,fr,ko,보이는,"Le contraire de ""보이는"" est """,보이지 않는,0,0,19.375,17.5,-1.875
qwen3-4b,80,freq,freq,fr,ko,보이는,"Le contraire de ""보이는"" est """,보이지 않는,0,0,19.375,18.125,-1.25
qwen3-4b,81,desc,desc,fr,ko,따뜻한,"Le contraire de ""따뜻한"" est """,차가운,0,2,16.125,15.375,-0.75
qwen3-4b,81,desc,val,fr,ko,따뜻한,"Le contraire de ""따뜻한"" est """,차가운,0,2,16.125,14.75,-1.375
qwen3-4b,81,desc,freq,fr,ko,따뜻한,"Le contraire de ""따뜻한"" est """,차가운,0,7,16.125,14.4375,-1.6875
qwen3-4b,81,val,desc,fr,ko,따뜻한,"Le contraire de ""따뜻한"" est """,차가운,0,7,16.125,12.8125,-3.3125
qwen3-4b,81,val,val,fr,ko,따뜻한,"Le contraire de ""따뜻한"" est """,차가운,0,7,16.125,12.6875,-3.4375
qwen3-4b,81,val,freq,fr,ko,따뜻한,"Le contraire de ""따뜻한"" est """,차가운,0,5,16.125,12.625,-3.5
qwen3-4b,81,freq,desc,fr,ko,따뜻한,"Le contraire de ""따뜻한"" est """,차가운,0,30,16.125,11.3125,-4.8125
qwen3-4b,81,freq,val,fr,ko,따뜻한,"Le contraire de ""따뜻한"" est """,차가운,0,30,16.125,11.25,-4.875
qwen3-4b,81,freq,freq,fr,ko,따뜻한,"Le contraire de ""따뜻한"" est """,차가운,0,30,16.125,11.3125,-4.8125
qwen3-4b,82,desc,desc,fr,ko,매끄러운,"Le contraire de ""매끄러운"" est """,거친,11,27,14.0625,13.0625,-1.0
qwen3-4b,82,desc,val,fr,ko,매끄러운,"Le contraire de ""매끄러운"" est """,거친,11,24,14.0625,13.25,-0.8125
qwen3-4b,82,desc,freq,fr,ko,매끄러운,"Le contraire de ""매끄러운"" est """,거친,11,14,14.0625,14.5,0.4375
qwen3-4b,82,val,desc,fr,ko,매끄러운,"Le contraire de ""매끄러운"" est """,거친,11,42,14.0625,9.75,-4.3125
qwen3-4b,82,val,val,fr,ko,매끄러운,"Le contraire de ""매끄러운"" est """,거친,11,56,14.0625,9.4375,-4.625
qwen3-4b,82,val,freq,fr,ko,매끄러운,"Le contraire de ""매끄러운"" est """,거친,11,35,14.0625,10.1875,-3.875
qwen3-4b,82,freq,desc,fr,ko,매끄러운,"Le contraire de ""매끄러운"" est """,거친,11,422,14.0625,7.5625,-6.5
qwen3-4b,82,freq,val,fr,ko,매끄러운,"Le contraire de ""매끄러운"" est """,거친,11,392,14.0625,7.75,-6.3125
qwen3-4b,82,freq,freq,fr,ko,매끄러운,"Le contraire de ""매끄러운"" est """,거친,11,422,14.0625,7.5625,-6.5
qwen3-4b,83,desc,desc,fr,ko,얇은,"Le contraire de ""얇은"" est """,두꺼운,0,0,18.5,17.125,-1.375
qwen3-4b,83,desc,val,fr,ko,얇은,"Le contraire de ""얇은"" est """,두꺼운,0,0,18.5,17.625,-0.875
qwen3-4b,83,desc,freq,fr,ko,얇은,"Le contraire de ""얇은"" est """,두꺼운,0,0,18.5,20.0,1.5
qwen3-4b,83,val,desc,fr,ko,얇은,"Le contraire de ""얇은"" est """,두꺼운,0,0,18.5,16.625,-1.875
qwen3-4b,83,val,val,fr,ko,얇은,"Le contraire de ""얇은"" est """,두꺼운,0,0,18.5,16.25,-2.25
qwen3-4b,83,val,freq,fr,ko,얇은,"Le contraire de ""얇은"" est """,두꺼운,0,0,18.5,17.5,-1.0
qwen3-4b,83,freq,desc,fr,ko,얇은,"Le contraire de ""얇은"" est """,두꺼운,0,2,18.5,13.25,-5.25
qwen3-4b,83,freq,val,fr,ko,얇은,"Le contraire de ""얇은"" est """,두꺼운,0,4,18.5,12.8125,-5.6875
qwen3-4b,83,freq,freq,fr,ko,얇은,"Le contraire de ""얇은"" est """,두꺼운,0,2,18.5,13.25,-5.25
qwen3-4b,84,desc,desc,fr,ko,키가 큰,"Le contraire de ""키가 큰"" est """,키가 작은,0,0,20.0,19.75,-0.25
qwen3-4b,84,desc,val,fr,ko,키가 큰,"Le contraire de ""키가 큰"" est """,키가 작은,0,0,20.0,22.5,2.5
qwen3-4b,84,desc,freq,fr,ko,키가 큰,"Le contraire de ""키가 큰"" est """,키가 작은,0,0,20.0,24.0,4.0
qwen3-4b,84,val,desc,fr,ko,키가 큰,"Le contraire de ""키가 큰"" est """,키가 작은,0,0,20.0,16.5,-3.5
qwen3-4b,84,val,val,fr,ko,키가 큰,"Le contraire de ""키가 큰"" est """,키가 작은,0,0,20.0,16.375,-3.625
qwen3-4b,84,val,freq,fr,ko,키가 큰,"Le contraire de ""키가 큰"" est """,키가 작은,0,0,20.0,18.75,-1.25
qwen3-4b,84,freq,desc,fr,ko,키가 큰,"Le contraire de ""키가 큰"" est """,키가 작은,0,0,20.0,17.875,-2.125
qwen3-4b,84,freq,val,fr,ko,키가 큰,"Le contraire de ""키가 큰"" est """,키가 작은,0,0,20.0,19.875,-0.125
qwen3-4b,84,freq,freq,fr,ko,키가 큰,"Le contraire de ""키가 큰"" est """,키가 작은,0,0,20.0,17.875,-2.125
qwen3-4b,85,desc,desc,fr,ko,결혼한,"Le contraire de ""결혼한"" est """,미혼의,1,1,14.6875,14.375,-0.3125
qwen3-4b,85,desc,val,fr,ko,결혼한,"Le contraire de ""결혼한"" est """,미혼의,1,2,14.6875,14.8125,0.125
qwen3-4b,85,desc,freq,fr,ko,결혼한,"Le contraire de ""결혼한"" est """,미혼의,1,5,14.6875,13.1875,-1.5
qwen3-4b,85,val,desc,fr,ko,결혼한,"Le contraire de ""결혼한"" est """,미혼의,1,3,14.6875,12.25,-2.4375
qwen3-4b,85,val,val,fr,ko,결혼한,"Le contraire de ""결혼한"" est """,미혼의,1,3,14.6875,12.1875,-2.5
qwen3-4b,85,val,freq,fr,ko,결혼한,"Le contraire de ""결혼한"" est """,미혼의,1,5,14.6875,11.8125,-2.875
qwen3-4b,85,freq,desc,fr,ko,결혼한,"Le contraire de ""결혼한"" est """,미혼의,1,1,14.6875,12.6875,-2.0
qwen3-4b,85,freq,val,fr,ko,결혼한,"Le contraire de ""결혼한"" est """,미혼의,1,1,14.6875,14.125,-0.5625
qwen3-4b,85,freq,freq,fr,ko,결혼한,"Le contraire de ""결혼한"" est """,미혼의,1,1,14.6875,12.6875,-2.0
qwen3-4b,86,desc,desc,fr,ko,낙관적인,"Le contraire de ""낙관적인"" est """,비관적인,3,4,17.25,15.8125,-1.4375
qwen3-4b,86,desc,val,fr,ko,낙관적인,"Le contraire de ""낙관적인"" est """,비관적인,3,8,17.25,14.1875,-3.0625
qwen3-4b,86,desc,freq,fr,ko,낙관적인,"Le contraire de ""낙관적인"" est """,비관적인,3,8,17.25,14.5625,-2.6875
qwen3-4b,86,val,desc,fr,ko,낙관적인,"Le contraire de ""낙관적인"" est """,비관적인,3,3,17.25,13.5,-3.75
qwen3-4b,86,val,val,fr,ko,낙관적인,"Le contraire de ""낙관적인"" est """,비관적인,3,4,17.25,13.125,-4.125
qwen3-4b,86,val,freq,fr,ko,낙관적인,"Le contraire de ""낙관적인"" est """,비관적인,3,2,17.25,13.6875,-3.5625
qwen3-4b,86,freq,desc,fr,ko,낙관적인,"Le contraire de ""낙관적인"" est """,비관적인,3,9,17.25,13.375,-3.875
qwen3-4b,86,freq,val,fr,ko,낙관적인,"Le contraire de ""낙관적인"" est """,비관적인,3,10,17.25,12.8125,-4.4375
qwen3-4b,86,freq,freq,fr,ko,낙관적인,"Le contraire de ""낙관적인"" est """,비관적인,3,9,17.25,13.375,-3.875
qwen3-4b,87,desc,desc,fr,ko,영구적인,"Le contraire de ""영구적인"" est """,일시적인,0,2,16.375,15.375,-1.0
qwen3-4b,87,desc,val,fr,ko,영구적인,"Le contraire de ""영구적인"" est """,일시적인,0,8,16.375,13.625,-2.75
qwen3-4b,87,desc,freq,fr,ko,영구적인,"Le contraire de ""영구적인"" est """,일시적인,0,4,16.375,14.3125,-2.0625
qwen3-4b,87,val,desc,fr,ko,영구적인,"Le contraire de ""영구적인"" est """,일시적인,0,1,16.375,14.625,-1.75
qwen3-4b,87,val,val,fr,ko,영구적인,"Le contraire de ""영구적인"" est """,일시적인,0,1,16.375,14.5,-1.875
qwen3-4b,87,val,freq,fr,ko,영구적인,"Le contraire de ""영구적인"" est """,일시적인,0,1,16.375,14.5,-1.875
qwen3-4b,87,freq,desc,fr,ko,영구적인,"Le contraire de ""영구적인"" est """,일시적인,0,16,16.375,11.0,-5.375
qwen3-4b,87,freq,val,fr,ko,영구적인,"Le contraire de ""영구적인"" est """,일시적인,0,26,16.375,11.125,-5.25
qwen3-4b,87,freq,freq,fr,ko,영구적인,"Le contraire de ""영구적인"" est """,일시적인,0,16,16.375,11.0,-5.375
qwen3-4b,88,desc,desc,fr,ko,현재의,"Le contraire de ""현재의"" est """,과거의,4,9,14.1875,13.3125,-0.875
qwen3-4b,88,desc,val,fr,ko,현재의,"Le contraire de ""현재의"" est """,과거의,4,11,14.1875,14.0,-0.1875
qwen3-4b,88,desc,freq,fr,ko,현재의,"Le contraire de ""현재의"" est """,과거의,4,10,14.1875,14.3125,0.125
qwen3-4b,88,val,desc,fr,ko,현재의,"Le contraire de ""현재의"" est """,과거의,4,18,14.1875,11.6875,-2.5
qwen3-4b,88,val,val,fr,ko,현재의,"Le contraire de ""현재의"" est """,과거의,4,19,14.1875,11.625,-2.5625
qwen3-4b,88,val,freq,fr,ko,현재의,"Le contraire de ""현재의"" est """,과거의,4,11,14.1875,12.6875,-1.5
qwen3-4b,88,freq,desc,fr,ko,현재의,"Le contraire de ""현재의"" est """,과거의,4,26,14.1875,11.4375,-2.75
qwen3-4b,88,freq,val,fr,ko,현재의,"Le contraire de ""현재의"" est """,과거의,4,29,14.1875,12.125,-2.0625
qwen3-4b,88,freq,freq,fr,ko,현재의,"Le contraire de ""현재의"" est """,과거의,4,26,14.1875,11.4375,-2.75
qwen3-4b,89,desc,desc,fr,ko,공공의,"Le contraire de ""공공의"" est """,사적인,5,8,15.6875,14.0,-1.6875
qwen3-4b,89,desc,val,fr,ko,공공의,"Le contraire de ""공공의"" est """,사적인,5,8,15.6875,14.5625,-1.125
qwen3-4b,89,desc,freq,fr,ko,공공의,"Le contraire de ""공공의"" est """,사적인,5,6,15.6875,15.25,-0.4375
qwen3-4b,89,val,desc,fr,ko,공공의,"Le contraire de ""공공의"" est """,사적인,5,2,15.6875,13.125,-2.5625
qwen3-4b,89,val,val,fr,ko,공공의,"Le contraire de ""공공의"" est """,사적인,5,3,15.6875,13.0625,-2.625
qwen3-4b,89,val,freq,fr,ko,공공의,"Le contraire de ""공공의"" est """,사적인,5,6,15.6875,13.4375,-2.25
qwen3-4b,89,freq,desc,fr,ko,공공의,"Le contraire de ""공공의"" est """,사적인,5,15,15.6875,11.0,-4.6875
qwen3-4b,89,freq,val,fr,ko,공공의,"Le contraire de ""공공의"" est """,사적인,5,24,15.6875,12.0,-3.6875
qwen3-4b,89,freq,freq,fr,ko,공공의,"Le contraire de ""공공의"" est """,사적인,5,15,15.6875,11.0,-4.6875
qwen3-4b,90,desc,desc,fr,ko,실제적인,"Le contraire de ""실제적인"" est """,가짜의,1,1,17.875,17.875,0.0
qwen3-4b,90,desc,val,fr,ko,실제적인,"Le contraire de ""실제적인"" est """,가짜의,1,0,17.875,17.75,-0.125
qwen3-4b,90,desc,freq,fr,ko,실제적인,"Le contraire de ""실제적인"" est """,가짜의,1,1,17.875,18.5,0.625
qwen3-4b,90,val,desc,fr,ko,실제적인,"Le contraire de ""실제적인"" est """,가짜의,1,1,17.875,16.625,-1.25
qwen3-4b,90,val,val,fr,ko,실제적인,"Le contraire de ""실제적인"" est """,가짜의,1,1,17.875,16.5,-1.375
qwen3-4b,90,val,freq,fr,ko,실제적인,"Le contraire de ""실제적인"" est """,가짜의,1,1,17.875,17.875,0.0
qwen3-4b,90,freq,desc,fr,ko,실제적인,"Le contraire de ""실제적인"" est """,가짜의,1,1,17.875,15.9375,-1.9375
qwen3-4b,90,freq,val,fr,ko,실제적인,"Le contraire de ""실제적인"" est """,가짜의,1,1,17.875,15.9375,-1.9375
qwen3-4b,90,freq,freq,fr,ko,실제적인,"Le contraire de ""실제적인"" est """,가짜의,1,1,17.875,15.9375,-1.9375
qwen3-4b,91,desc,desc,fr,ko,책임 있는,"Le contraire de ""책임 있는"" est """,무책임한,8,10,13.625,12.3125,-1.3125
qwen3-4b,91,desc,val,fr,ko,책임 있는,"Le contraire de ""책임 있는"" est """,무책임한,8,8,13.625,13.5625,-0.0625
qwen3-4b,91,desc,freq,fr,ko,책임 있는,"Le contraire de ""책임 있는"" est """,무책임한,8,20,13.625,12.8125,-0.8125
qwen3-4b,91,val,desc,fr,ko,책임 있는,"Le contraire de ""책임 있는"" est """,무책임한,8,38,13.625,8.75,-4.875
qwen3-4b,91,val,val,fr,ko,책임 있는,"Le contraire de ""책임 있는"" est """,무책임한,8,46,13.625,8.5,-5.125
qwen3-4b,91,val,freq,fr,ko,책임 있는,"Le contraire de ""책임 있는"" est """,무책임한,8,73,13.625,8.125,-5.5
qwen3-4b,91,freq,desc,fr,ko,책임 있는,"Le contraire de ""책임 있는"" est """,무책임한,8,34,13.625,10.0625,-3.5625
qwen3-4b,91,freq,val,fr,ko,책임 있는,"Le contraire de ""책임 있는"" est """,무책임한,8,29,13.625,10.875,-2.75
qwen3-4b,91,freq,freq,fr,ko,책임 있는,"Le contraire de ""책임 있는"" est """,무책임한,8,34,13.625,10.0625,-3.5625
qwen3-4b,92,desc,desc,fr,ko,독신의,"Le contraire de ""독신의"" est """,결혼한,10,16,12.375,10.625,-1.75
qwen3-4b,92,desc,val,fr,ko,독신의,"Le contraire de ""독신의"" est """,결혼한,10,33,12.375,11.5625,-0.8125
qwen3-4b,92,desc,freq,fr,ko,독신의,"Le contraire de ""독신의"" est """,결혼한,10,43,12.375,10.8125,-1.5625
qwen3-4b,92,val,desc,fr,ko,독신의,"Le contraire de ""독신의"" est """,결혼한,10,8,12.375,10.5,-1.875
qwen3-4b,92,val,val,fr,ko,독신의,"Le contraire de ""독신의"" est """,결혼한,10,7,12.375,10.5625,-1.8125
qwen3-4b,92,val,freq,fr,ko,독신의,"Le contraire de ""독신의"" est """,결혼한,10,13,12.375,10.4375,-1.9375
qwen3-4b,92,freq,desc,fr,ko,독신의,"Le contraire de ""독신의"" est """,결혼한,10,81,12.375,7.5625,-4.8125
qwen3-4b,92,freq,val,fr,ko,독신의,"Le contraire de ""독신의"" est """,결혼한,10,87,12.375,9.375,-3.0
qwen3-4b,92,freq,freq,fr,ko,독신의,"Le contraire de ""독신의"" est """,결혼한,10,81,12.375,7.5625,-4.8125
qwen3-4b,93,desc,desc,fr,ko,신,"Le contraire de ""신"" est """,달콤한,207,584,6.65625,4.8125,-1.84375
qwen3-4b,93,desc,val,fr,ko,신,"Le contraire de ""신"" est """,달콤한,207,468,6.65625,8.3125,1.65625
qwen3-4b,93,desc,freq,fr,ko,신,"Le contraire de ""신"" est """,달콤한,207,396,6.65625,8.0,1.34375
qwen3-4b,93,val,desc,fr,ko,신,"Le contraire de ""신"" est """,달콤한,207,388,6.65625,4.09375,-2.5625
qwen3-4b,93,val,val,fr,ko,신,"Le contraire de ""신"" est """,달콤한,207,386,6.65625,3.921875,-2.734375
qwen3-4b,93,val,freq,fr,ko,신,"Le contraire de ""신"" est """,달콤한,207,285,6.65625,5.96875,-0.6875
qwen3-4b,93,freq,desc,fr,ko,신,"Le contraire de ""신"" est """,달콤한,207,2066,6.65625,2.96875,-3.6875
qwen3-4b,93,freq,val,fr,ko,신,"Le contraire de ""신"" est """,달콤한,207,1985,6.65625,5.1875,-1.46875
qwen3-4b,93,freq,freq,fr,ko,신,"Le contraire de ""신"" est """,달콤한,207,2066,6.65625,2.96875,-3.6875
qwen3-4b,94,desc,desc,fr,ko,유용한,"Le contraire de ""유용한"" est """,쓸모없는,322,498,8.625,8.0625,-0.5625
qwen3-4b,94,desc,val,fr,ko,유용한,"Le contraire de ""유용한"" est """,쓸모없는,322,1011,8.625,6.875,-1.75
qwen3-4b,94,desc,freq,fr,ko,유용한,"Le contraire de ""유용한"" est """,쓸모없는,322,616,8.625,8.4375,-0.1875
qwen3-4b,94,val,desc,fr,ko,유용한,"Le contraire de ""유용한"" est """,쓸모없는,322,929,8.625,4.625,-4.0
qwen3-4b,94,val,val,fr,ko,유용한,"Le contraire de ""유용한"" est """,쓸모없는,322,1081,8.625,4.375,-4.25
qwen3-4b,94,val,freq,fr,ko,유용한,"Le contraire de ""유용한"" est """,쓸모없는,322,566,8.625,5.375,-3.25
qwen3-4b,94,freq,desc,fr,ko,유용한,"Le contraire de ""유용한"" est """,쓸모없는,322,1004,8.625,6.6875,-1.9375
qwen3-4b,94,freq,val,fr,ko,유용한,"Le contraire de ""유용한"" est """,쓸모없는,322,922,8.625,6.375,-2.25
qwen3-4b,94,freq,freq,fr,ko,유용한,"Le contraire de ""유용한"" est """,쓸모없는,322,1004,8.625,6.6875,-1.9375
qwen3-4b,95,desc,desc,fr,ko,수직의,"Le contraire de ""수직의"" est """,수평의,0,0,19.125,18.75,-0.375
qwen3-4b,95,desc,val,fr,ko,수직의,"Le contraire de ""수직의"" est """,수평의,0,0,19.125,18.375,-0.75
qwen3-4b,95,desc,freq,fr,ko,수직의,"Le contraire de ""수직의"" est """,수평의,0,0,19.125,21.0,1.875
qwen3-4b,95,val,desc,fr,ko,수직의,"Le contraire de ""수직의"" est """,수평의,0,0,19.125,18.0,-1.125
qwen3-4b,95,val,val,fr,ko,수직의,"Le contraire de ""수직의"" est """,수평의,0,0,19.125,17.875,-1.25
qwen3-4b,95,val,freq,fr,ko,수직의,"Le contraire de ""수직의"" est """,수평의,0,0,19.125,19.5,0.375
qwen3-4b,95,freq,desc,fr,ko,수직의,"Le contraire de ""수직의"" est """,수평의,0,0,19.125,16.75,-2.375
qwen3-4b,95,freq,val,fr,ko,수직의,"Le contraire de ""수직의"" est """,수평의,0,0,19.125,16.875,-2.25
qwen3-4b,95,freq,freq,fr,ko,수직의,"Le contraire de ""수직의"" est """,수평의,0,0,19.125,16.75,-2.375
qwen3-4b,96,desc,desc,fr,ko,잘,"Le contraire de ""잘"" est """,못,5,28,12.0,10.25,-1.75
qwen3-4b,96,desc,val,fr,ko,잘,"Le contraire de ""잘"" est """,못,5,9,12.0,12.75,0.75
qwen3-4b,96,desc,freq,fr,ko,잘,"Le contraire de ""잘"" est """,못,5,17,12.0,11.5625,-0.4375
qwen3-4b,96,val,desc,fr,ko,잘,"Le contraire de ""잘"" est """,못,5,31,12.0,9.5625,-2.4375
qwen3-4b,96,val,val,fr,ko,잘,"Le contraire de ""잘"" est """,못,5,30,12.0,9.5625,-2.4375
qwen3-4b,96,val,freq,fr,ko,잘,"Le contraire de ""잘"" est """,못,5,19,12.0,9.875,-2.125
qwen3-4b,96,freq,desc,fr,ko,잘,"Le contraire de ""잘"" est """,못,5,174,12.0,7.71875,-4.28125
qwen3-4b,96,freq,val,fr,ko,잘,"Le contraire de ""잘"" est """,못,5,103,12.0,9.375,-2.625
qwen3-4b,96,freq,freq,fr,ko,잘,"Le contraire de ""잘"" est """,못,5,174,12.0,7.71875,-4.28125
qwen3-4b,97,desc,desc,fr,ko,승리하는,"Le contraire de ""승리하는"" est """,패배하는,0,1,17.75,16.375,-1.375
qwen3-4b,97,desc,val,fr,ko,승리하는,"Le contraire de ""승리하는"" est """,패배하는,0,1,17.75,16.75,-1.0
qwen3-4b,97,desc,freq,fr,ko,승리하는,"Le contraire de ""승리하는"" est """,패배하는,0,0,17.75,19.875,2.125
qwen3-4b,97,val,desc,fr,ko,승리하는,"Le contraire de ""승리하는"" est """,패배하는,0,1,17.75,14.875,-2.875
qwen3-4b,97,val,val,fr,ko,승리하는,"Le contraire de ""승리하는"" est """,패배하는,0,1,17.75,14.25,-3.5
qwen3-4b,97,val,freq,fr,ko,승리하는,"Le contraire de ""승리하는"" est """,패배하는,0,0,17.75,16.375,-1.375
qwen3-4b,97,freq,desc,fr,ko,승리하는,"Le contraire de ""승리하는"" est """,패배하는,0,16,17.75,11.875,-5.875
qwen3-4b,97,freq,val,fr,ko,승리하는,"Le contraire de ""승리하는"" est """,패배하는,0,23,17.75,11.625,-6.125
qwen3-4b,97,freq,freq,fr,ko,승리하는,"Le contraire de ""승리하는"" est """,패배하는,0,16,17.75,11.875,-5.875
qwen3-4b,98,desc,desc,fr,ko,불친절한,"Le contraire de ""불친절한"" est """,친절한,0,0,22.0,21.75,-0.25
qwen3-4b,98,desc,val,fr,ko,불친절한,"Le contraire de ""불친절한"" est """,친절한,0,0,22.0,20.25,-1.75
qwen3-4b,98,desc,freq,fr,ko,불친절한,"Le contraire de ""불친절한"" est """,친절한,0,0,22.0,21.625,-0.375
qwen3-4b,98,val,desc,fr,ko,불친절한,"Le contraire de ""불친절한"" est """,친절한,0,0,22.0,17.0,-5.0
qwen3-4b,98,val,val,fr,ko,불친절한,"Le contraire de ""불친절한"" est """,친절한,0,0,22.0,16.875,-5.125
qwen3-4b,98,val,freq,fr,ko,불친절한,"Le contraire de ""불친절한"" est """,친절한,0,0,22.0,17.25,-4.75
qwen3-4b,98,freq,desc,fr,ko,불친절한,"Le contraire de ""불친절한"" est """,친절한,0,0,22.0,18.0,-4.0
qwen3-4b,98,freq,val,fr,ko,불친절한,"Le contraire de ""불친절한"" est """,친절한,0,0,22.0,18.375,-3.625
qwen3-4b,98,freq,freq,fr,ko,불친절한,"Le contraire de ""불친절한"" est """,친절한,0,0,22.0,18.0,-4.0
qwen3-4b,99,desc,desc,fr,ko,겁많은,"Le contraire de ""겁많은"" est """,용감한,18,22,10.5625,10.125,-0.4375
qwen3-4b,99,desc,val,fr,ko,겁많은,"Le contraire de ""겁많은"" est """,용감한,18,46,10.5625,10.375,-0.1875
qwen3-4b,99,desc,freq,fr,ko,겁많은,"Le contraire de ""겁많은"" est """,용감한,18,38,10.5625,10.6875,0.125
qwen3-4b,99,val,desc,fr,ko,겁많은,"Le contraire de ""겁많은"" est """,용감한,18,22,10.5625,9.1875,-1.375
qwen3-4b,99,val,val,fr,ko,겁많은,"Le contraire de ""겁많은"" est """,용감한,18,29,10.5625,9.0,-1.5625
qwen3-4b,99,val,freq,fr,ko,겁많은,"Le contraire de ""겁많은"" est """,용감한,18,21,10.5625,9.75,-0.8125
qwen3-4b,99,freq,desc,fr,ko,겁많은,"Le contraire de ""겁많은"" est """,용감한,18,87,10.5625,8.3125,-2.25
qwen3-4b,99,freq,val,fr,ko,겁많은,"Le contraire de ""겁많은"" est """,용감한,18,119,10.5625,8.875,-1.6875
qwen3-4b,99,freq,freq,fr,ko,겁많은,"Le contraire de ""겁많은"" est """,용감한,18,87,10.5625,8.3125,-2.25
qwen3-4b,0,desc,desc,fr,zh,好,"Le contraire de ""好"" est """,坏,4,4,13.625,13.1875,-0.4375
qwen3-4b,0,desc,val,fr,zh,好,"Le contraire de ""好"" est """,坏,4,4,13.625,16.625,3.0
qwen3-4b,0,desc,freq,fr,zh,好,"Le contraire de ""好"" est """,坏,4,0,13.625,17.75,4.125
qwen3-4b,0,val,desc,fr,zh,好,"Le contraire de ""好"" est """,坏,4,32,13.625,9.875,-3.75
qwen3-4b,0,val,val,fr,zh,好,"Le contraire de ""好"" est """,坏,4,64,13.625,8.9375,-4.6875
qwen3-4b,0,val,freq,fr,zh,好,"Le contraire de ""好"" est """,坏,4,1,13.625,15.875,2.25
qwen3-4b,0,freq,desc,fr,zh,好,"Le contraire de ""好"" est """,坏,4,14,13.625,11.5,-2.125
qwen3-4b,0,freq,val,fr,zh,好,"Le contraire de ""好"" est """,坏,4,42,13.625,12.3125,-1.3125
qwen3-4b,0,freq,freq,fr,zh,好,"Le contraire de ""好"" est """,坏,4,15,13.625,11.3125,-2.3125
qwen3-4b,1,desc,desc,fr,zh,开心,"Le contraire de ""开心"" est """,难过,2,3,18.75,18.25,-0.5
qwen3-4b,1,desc,val,fr,zh,开心,"Le contraire de ""开心"" est """,难过,2,1,18.75,16.75,-2.0
qwen3-4b,1,desc,freq,fr,zh,开心,"Le contraire de ""开心"" est """,难过,2,1,18.75,19.875,1.125
qwen3-4b,1,val,desc,fr,zh,开心,"Le contraire de ""开心"" est """,难过,2,7,18.75,13.5625,-5.1875
qwen3-4b,1,val,val,fr,zh,开心,"Le contraire de ""开心"" est """,难过,2,7,18.75,12.75,-6.0
qwen3-4b,1,val,freq,fr,zh,开心,"Le contraire de ""开心"" est """,难过,2,1,18.75,15.4375,-3.3125
qwen3-4b,1,freq,desc,fr,zh,开心,"Le contraire de ""开心"" est """,难过,2,10,18.75,15.3125,-3.4375
qwen3-4b,1,freq,val,fr,zh,开心,"Le contraire de ""开心"" est """,难过,2,6,18.75,14.0,-4.75
qwen3-4b,1,freq,freq,fr,zh,开心,"Le contraire de ""开心"" est """,难过,2,10,18.75,15.125,-3.625
qwen3-4b,2,desc,desc,fr,zh,大,"Le contraire de ""大"" est """,小,0,0,22.125,22.125,0.0
qwen3-4b,2,desc,val,fr,zh,大,"Le contraire de ""大"" est """,小,0,0,22.125,24.25,2.125
qwen3-4b,2,desc,freq,fr,zh,大,"Le contraire de ""大"" est """,小,0,0,22.125,24.25,2.125
qwen3-4b,2,val,desc,fr,zh,大,"Le contraire de ""大"" est """,小,0,0,22.125,18.875,-3.25
qwen3-4b,2,val,val,fr,zh,大,"Le contraire de ""大"" est """,小,0,0,22.125,18.0,-4.125
qwen3-4b,2,val,freq,fr,zh,大,"Le contraire de ""大"" est """,小,0,0,22.125,20.125,-2.0
qwen3-4b,2,freq,desc,fr,zh,大,"Le contraire de ""大"" est """,小,0,0,22.125,22.25,0.125
qwen3-4b,2,freq,val,fr,zh,大,"Le contraire de ""大"" est """,小,0,0,22.125,21.75,-0.375
qwen3-4b,2,freq,freq,fr,zh,大,"Le contraire de ""大"" est """,小,0,0,22.125,22.0,-0.125
qwen3-4b,3,desc,desc,fr,zh,热,"Le contraire de ""热"" est """,冷,0,0,19.25,18.875,-0.375
qwen3-4b,3,desc,val,fr,zh,热,"Le contraire de ""热"" est """,冷,0,0,19.25,20.5,1.25
qwen3-4b,3,desc,freq,fr,zh,热,"Le contraire de ""热"" est """,冷,0,0,19.25,21.125,1.875
qwen3-4b,3,val,desc,fr,zh,热,"Le contraire de ""热"" est """,冷,0,4,19.25,13.5625,-5.6875
qwen3-4b,3,val,val,fr,zh,热,"Le contraire de ""热"" est """,冷,0,6,19.25,12.8125,-6.4375
qwen3-4b,3,val,freq,fr,zh,热,"Le contraire de ""热"" est """,冷,0,0,19.25,17.0,-2.25
qwen3-4b,3,freq,desc,fr,zh,热,"Le contraire de ""热"" est """,冷,0,0,19.25,17.125,-2.125
qwen3-4b,3,freq,val,fr,zh,热,"Le contraire de ""热"" est """,冷,0,1,19.25,16.5,-2.75
qwen3-4b,3,freq,freq,fr,zh,热,"Le contraire de ""热"" est """,冷,0,0,19.25,16.75,-2.5
qwen3-4b,4,desc,desc,fr,zh,快,"Le contraire de ""快"" est """,慢,0,0,21.25,21.0,-0.25
qwen3-4b,4,desc,val,fr,zh,快,"Le contraire de ""快"" est """,慢,0,0,21.25,22.375,1.125
qwen3-4b,4,desc,freq,fr,zh,快,"Le contraire de ""快"" est """,慢,0,0,21.25,23.125,1.875
qwen3-4b,4,val,desc,fr,zh,快,"Le contraire de ""快"" est """,慢,0,0,21.25,14.875,-6.375
qwen3-4b,4,val,val,fr,zh,快,"Le contraire de ""快"" est """,慢,0,1,21.25,13.875,-7.375
qwen3-4b,4,val,freq,fr,zh,快,"Le contraire de ""快"" est """,慢,0,0,21.25,17.875,-3.375
qwen3-4b,4,freq,desc,fr,zh,快,"Le contraire de ""快"" est """,慢,0,0,21.25,19.25,-2.0
qwen3-4b,4,freq,val,fr,zh,快,"Le contraire de ""快"" est """,慢,0,0,21.25,18.75,-2.5
qwen3-4b,4,freq,freq,fr,zh,快,"Le contraire de ""快"" est """,慢,0,0,21.25,19.0,-2.25
qwen3-4b,5,desc,desc,fr,zh,轻,"Le contraire de ""轻"" est """,重,0,0,18.5,18.0,-0.5
qwen3-4b,5,desc,val,fr,zh,轻,"Le contraire de ""轻"" est """,重,0,0,18.5,20.0,1.5
qwen3-4b,5,desc,freq,fr,zh,轻,"Le contraire de ""轻"" est """,重,0,0,18.5,21.375,2.875
qwen3-4b,5,val,desc,fr,zh,轻,"Le contraire de ""轻"" est """,重,0,2,18.5,11.375,-7.125
qwen3-4b,5,val,val,fr,zh,轻,"Le contraire de ""轻"" est """,重,0,4,18.5,9.5,-9.0
qwen3-4b,5,val,freq,fr,zh,轻,"Le contraire de ""轻"" est """,重,0,0,18.5,15.125,-3.375
qwen3-4b,5,freq,desc,fr,zh,轻,"Le contraire de ""轻"" est """,重,0,0,18.5,16.875,-1.625
qwen3-4b,5,freq,val,fr,zh,轻,"Le contraire de ""轻"" est """,重,0,0,18.5,15.125,-3.375
qwen3-4b,5,freq,freq,fr,zh,轻,"Le contraire de ""轻"" est """,重,0,0,18.5,16.625,-1.875
qwen3-4b,6,desc,desc,fr,zh,容易,"Le contraire de ""容易"" est """,难,15,16,15.125,15.0625,-0.0625
qwen3-4b,6,desc,val,fr,zh,容易,"Le contraire de ""容易"" est """,难,15,14,15.125,15.75,0.625
qwen3-4b,6,desc,freq,fr,zh,容易,"Le contraire de ""容易"" est """,难,15,1,15.125,19.25,4.125
qwen3-4b,6,val,desc,fr,zh,容易,"Le contraire de ""容易"" est """,难,15,31,15.125,10.625,-4.5
qwen3-4b,6,val,val,fr,zh,容易,"Le contraire de ""容易"" est """,难,15,48,15.125,9.6875,-5.4375
qwen3-4b,6,val,freq,fr,zh,容易,"Le contraire de ""容易"" est """,难,15,5,15.125,15.0625,-0.0625
qwen3-4b,6,freq,desc,fr,zh,容易,"Le contraire de ""容易"" est """,难,15,19,15.125,14.6875,-0.4375
qwen3-4b,6,freq,val,fr,zh,容易,"Le contraire de ""容易"" est """,难,15,37,15.125,13.0625,-2.0625
qwen3-4b,6,freq,freq,fr,zh,容易,"Le contraire de ""容易"" est """,难,15,20,15.125,14.4375,-0.6875
qwen3-4b,7,desc,desc,fr,zh,新,"Le contraire de ""新"" est """,旧,0,1,16.625,16.25,-0.375
qwen3-4b,7,desc,val,fr,zh,新,"Le contraire de ""新"" est """,旧,0,0,16.625,20.5,3.875
qwen3-4b,7,desc,freq,fr,zh,新,"Le contraire de ""新"" est """,旧,0,0,16.625,20.0,3.375
qwen3-4b,7,val,desc,fr,zh,新,"Le contraire de ""新"" est """,旧,0,1,16.625,15.0,-1.625
qwen3-4b,7,val,val,fr,zh,新,"Le contraire de ""新"" est """,旧,0,1,16.625,14.625,-2.0
qwen3-4b,7,val,freq,fr,zh,新,"Le contraire de ""新"" est """,旧,0,0,16.625,17.0,0.375
qwen3-4b,7,freq,desc,fr,zh,新,"Le contraire de ""新"" est """,旧,0,1,16.625,15.5,-1.125
qwen3-4b,7,freq,val,fr,zh,新,"Le contraire de ""新"" est """,旧,0,1,16.625,16.875,0.25
qwen3-4b,7,freq,freq,fr,zh,新,"Le contraire de ""新"" est """,旧,0,1,16.625,15.3125,-1.3125
qwen3-4b,8,desc,desc,fr,zh,真,"Le contraire de ""真"" est """,假,0,0,21.125,21.125,0.0
qwen3-4b,8,desc,val,fr,zh,真,"Le contraire de ""真"" est """,假,0,0,21.125,23.25,2.125
qwen3-4b,8,desc,freq,fr,zh,真,"Le contraire de ""真"" est """,假,0,0,21.125,23.75,2.625
qwen3-4b,8,val,desc,fr,zh,真,"Le contraire de ""真"" est """,假,0,0,21.125,19.875,-1.25
qwen3-4b,8,val,val,fr,zh,真,"Le contraire de ""真"" est """,假,0,0,21.125,19.0,-2.125
qwen3-4b,8,val,freq,fr,zh,真,"Le contraire de ""真"" est """,假,0,0,21.125,21.125,0.0
qwen3-4b,8,freq,desc,fr,zh,真,"Le contraire de ""真"" est """,假,0,0,21.125,20.875,-0.25
qwen3-4b,8,freq,val,fr,zh,真,"Le contraire de ""真"" est """,假,0,0,21.125,20.625,-0.5
qwen3-4b,8,freq,freq,fr,zh,真,"Le contraire de ""真"" est """,假,0,0,21.125,20.625,-0.5
qwen3-4b,9,desc,desc,fr,zh,活,"Le contraire de ""活"" est """,死,0,0,19.375,19.125,-0.25
qwen3-4b,9,desc,val,fr,zh,活,"Le contraire de ""活"" est """,死,0,0,19.375,21.625,2.25
qwen3-4b,9,desc,freq,fr,zh,活,"Le contraire de ""活"" est """,死,0,0,19.375,20.25,0.875
qwen3-4b,9,val,desc,fr,zh,活,"Le contraire de ""活"" est """,死,0,1,19.375,15.125,-4.25
qwen3-4b,9,val,val,fr,zh,活,"Le contraire de ""活"" est """,死,0,1,19.375,14.6875,-4.6875
qwen3-4b,9,val,freq,fr,zh,活,"Le contraire de ""活"" est """,死,0,0,19.375,16.125,-3.25
qwen3-4b,9,freq,desc,fr,zh,活,"Le contraire de ""活"" est """,死,0,0,19.375,18.375,-1.0
qwen3-4b,9,freq,val,fr,zh,活,"Le contraire de ""活"" est """,死,0,1,19.375,18.375,-1.0
qwen3-4b,9,freq,freq,fr,zh,活,"Le contraire de ""活"" est """,死,0,0,19.375,18.125,-1.25
qwen3-4b,10,desc,desc,fr,zh,满,"Le contraire de ""满"" est """,空,0,0,20.0,19.875,-0.125
qwen3-4b,10,desc,val,fr,zh,满,"Le contraire de ""满"" est """,空,0,0,20.0,22.125,2.125
qwen3-4b,10,desc,freq,fr,zh,满,"Le contraire de ""满"" est """,空,0,0,20.0,22.5,2.5
qwen3-4b,10,val,desc,fr,zh,满,"Le contraire de ""满"" est """,空,0,0,20.0,17.625,-2.375
qwen3-4b,10,val,val,fr,zh,满,"Le contraire de ""满"" est """,空,0,0,20.0,16.875,-3.125
qwen3-4b,10,val,freq,fr,zh,满,"Le contraire de ""满"" est """,空,0,0,20.0,18.5,-1.5
qwen3-4b,10,freq,desc,fr,zh,满,"Le contraire de ""满"" est """,空,0,0,20.0,20.0,0.0
qwen3-4b,10,freq,val,fr,zh,满,"Le contraire de ""满"" est """,空,0,0,20.0,19.875,-0.125
qwen3-4b,10,freq,freq,fr,zh,满,"Le contraire de ""满"" est """,空,0,0,20.0,19.875,-0.125
qwen3-4b,11,desc,desc,fr,zh,亮,"Le contraire de ""亮"" est """,暗,0,0,18.375,18.375,0.0
qwen3-4b,11,desc,val,fr,zh,亮,"Le contraire de ""亮"" est """,暗,0,0,18.375,22.0,3.625
qwen3-4b,11,desc,freq,fr,zh,亮,"Le contraire de ""亮"" est """,暗,0,0,18.375,20.25,1.875
qwen3-4b,11,val,desc,fr,zh,亮,"Le contraire de ""亮"" est """,暗,0,0,18.375,15.125,-3.25
qwen3-4b,11,val,val,fr,zh,亮,"Le contraire de ""亮"" est """,暗,0,1,18.375,14.875,-3.5
qwen3-4b,11,val,freq,fr,zh,亮,"Le contraire de ""亮"" est """,暗,0,0,18.375,14.75,-3.625
qwen3-4b,11,freq,desc,fr,zh,亮,"Le contraire de ""亮"" est """,暗,0,0,18.375,19.25,0.875
qwen3-4b,11,freq,val,fr,zh,亮,"Le contraire de ""亮"" est """,暗,0,0,18.375,20.25,1.875
qwen3-4b,11,freq,freq,fr,zh,亮,"Le contraire de ""亮"" est """,暗,0,0,18.375,19.125,0.75
qwen3-4b,12,desc,desc,fr,zh,强,"Le contraire de ""强"" est """,弱,0,0,21.5,21.375,-0.125
qwen3-4b,12,desc,val,fr,zh,强,"Le contraire de ""强"" est """,弱,0,0,21.5,23.25,1.75
qwen3-4b,12,desc,freq,fr,zh,强,"Le contraire de ""强"" est """,弱,0,0,21.5,23.25,1.75
qwen3-4b,12,val,desc,fr,zh,强,"Le contraire de ""强"" est """,弱,0,0,21.5,17.625,-3.875
qwen3-4b,12,val,val,fr,zh,强,"Le contraire de ""强"" est """,弱,0,0,21.5,17.0,-4.5
qwen3-4b,12,val,freq,fr,zh,强,"Le contraire de ""强"" est """,弱,0,0,21.5,19.25,-2.25
qwen3-4b,12,freq,desc,fr,zh,强,"Le contraire de ""强"" est """,弱,0,0,21.5,20.875,-0.625
qwen3-4b,12,freq,val,fr,zh,强,"Le contraire de ""强"" est """,弱,0,0,21.5,21.0,-0.5
qwen3-4b,12,freq,freq,fr,zh,强,"Le contraire de ""强"" est """,弱,0,0,21.5,20.75,-0.75
qwen3-4b,13,desc,desc,fr,zh,干净,"Le contraire de ""干净"" est """,脏,3,4,17.125,16.875,-0.25
qwen3-4b,13,desc,val,fr,zh,干净,"Le contraire de ""干净"" est """,脏,3,1,17.125,19.125,2.0
qwen3-4b,13,desc,freq,fr,zh,干净,"Le contraire de ""干净"" est """,脏,3,0,17.125,20.375,3.25
qwen3-4b,13,val,desc,fr,zh,干净,"Le contraire de ""干净"" est """,脏,3,0,17.125,16.375,-0.75
qwen3-4b,13,val,val,fr,zh,干净,"Le contraire de ""干净"" est """,脏,3,3,17.125,15.9375,-1.1875
qwen3-4b,13,val,freq,fr,zh,干净,"Le contraire de ""干净"" est """,脏,3,1,17.125,16.25,-0.875
qwen3-4b,13,freq,desc,fr,zh,干净,"Le contraire de ""干净"" est """,脏,3,4,17.125,16.75,-0.375
qwen3-4b,13,freq,val,fr,zh,干净,"Le contraire de ""干净"" est """,脏,3,4,17.125,16.875,-0.25
qwen3-4b,13,freq,freq,fr,zh,干净,"Le contraire de ""干净"" est """,脏,3,4,17.125,16.625,-0.5
qwen3-4b,14,desc,desc,fr,zh,开,"Le contraire de ""开"" est """,关,2,2,17.25,17.125,-0.125
qwen3-4b,14,desc,val,fr,zh,开,"Le contraire de ""开"" est """,关,2,3,17.25,19.375,2.125
qwen3-4b,14,desc,freq,fr,zh,开,"Le contraire de ""开"" est """,关,2,0,17.25,19.75,2.5
qwen3-4b,14,val,desc,fr,zh,开,"Le contraire de ""开"" est """,关,2,5,17.25,13.75,-3.5
qwen3-4b,14,val,val,fr,zh,开,"Le contraire de ""开"" est """,关,2,14,17.25,11.875,-5.375
qwen3-4b,14,val,freq,fr,zh,开,"Le contraire de ""开"" est """,关,2,0,17.25,18.125,0.875
qwen3-4b,14,freq,desc,fr,zh,开,"Le contraire de ""开"" est """,关,2,7,17.25,14.875,-2.375
qwen3-4b,14,freq,val,fr,zh,开,"Le contraire de ""开"" est """,关,2,11,17.25,15.125,-2.125
qwen3-4b,14,freq,freq,fr,zh,开,"Le contraire de ""开"" est """,关,2,9,17.25,14.5625,-2.6875
qwen3-4b,15,desc,desc,fr,zh,富裕,"Le contraire de ""富裕"" est """,贫穷,14,16,14.0,13.875,-0.125
qwen3-4b,15,desc,val,fr,zh,富裕,"Le contraire de ""富裕"" est """,贫穷,14,7,14.0,16.25,2.25
qwen3-4b,15,desc,freq,fr,zh,富裕,"Le contraire de ""富裕"" est """,贫穷,14,0,14.0,21.125,7.125
qwen3-4b,15,val,desc,fr,zh,富裕,"Le contraire de ""富裕"" est """,贫穷,14,13,14.0,12.375,-1.625
qwen3-4b,15,val,val,fr,zh,富裕,"Le contraire de ""富裕"" est """,贫穷,14,18,14.0,11.5,-2.5
qwen3-4b,15,val,freq,fr,zh,富裕,"Le contraire de ""富裕"" est """,贫穷,14,0,14.0,17.875,3.875
qwen3-4b,15,freq,desc,fr,zh,富裕,"Le contraire de ""富裕"" est """,贫穷,14,17,14.0,13.5,-0.5
qwen3-4b,15,freq,val,fr,zh,富裕,"Le contraire de ""富裕"" est """,贫穷,14,24,14.0,13.4375,-0.5625
qwen3-4b,15,freq,freq,fr,zh,富裕,"Le contraire de ""富裕"" est """,贫穷,14,20,14.0,13.25,-0.75
qwen3-4b,16,desc,desc,fr,zh,美,"Le contraire de ""美"" est """,丑,1,1,16.625,16.375,-0.25
qwen3-4b,16,desc,val,fr,zh,美,"Le contraire de ""美"" est """,丑,1,0,16.625,19.25,2.625
qwen3-4b,16,desc,freq,fr,zh,美,"Le contraire de ""美"" est """,丑,1,0,16.625,22.5,5.875
qwen3-4b,16,val,desc,fr,zh,美,"Le contraire de ""美"" est """,丑,1,2,16.625,12.75,-3.875
qwen3-4b,16,val,val,fr,zh,美,"Le contraire de ""美"" est """,丑,1,5,16.625,12.0625,-4.5625
qwen3-4b,16,val,freq,fr,zh,美,"Le contraire de ""美"" est """,丑,1,0,16.625,17.5,0.875
qwen3-4b,16,freq,desc,fr,zh,美,"Le contraire de ""美"" est """,丑,1,1,16.625,16.0,-0.625
qwen3-4b,16,freq,val,fr,zh,美,"Le contraire de ""美"" est """,丑,1,2,16.625,16.25,-0.375
qwen3-4b,16,freq,freq,fr,zh,美,"Le contraire de ""美"" est """,丑,1,2,16.625,15.8125,-0.8125
qwen3-4b,17,desc,desc,fr,zh,长,"Le contraire de ""长"" est """,短,0,0,20.625,20.5,-0.125
qwen3-4b,17,desc,val,fr,zh,长,"Le contraire de ""长"" est """,短,0,0,20.625,22.5,1.875
qwen3-4b,17,desc,freq,fr,zh,长,"Le contraire de ""长"" est """,短,0,0,20.625,23.375,2.75
qwen3-4b,17,val,desc,fr,zh,长,"Le contraire de ""长"" est """,短,0,0,20.625,15.5625,-5.0625
qwen3-4b,17,val,val,fr,zh,长,"Le contraire de ""长"" est """,短,0,1,20.625,14.5,-6.125
qwen3-4b,17,val,freq,fr,zh,长,"Le contraire de ""长"" est """,短,0,0,20.625,18.5,-2.125
qwen3-4b,17,freq,desc,fr,zh,长,"Le contraire de ""长"" est """,短,0,0,20.625,19.5,-1.125
qwen3-4b,17,freq,val,fr,zh,长,"Le contraire de ""长"" est """,短,0,0,20.625,19.625,-1.0
qwen3-4b,17,freq,freq,fr,zh,长,"Le contraire de ""长"" est """,短,0,0,20.625,19.375,-1.25
qwen3-4b,18,desc,desc,fr,zh,宽,"Le contraire de ""宽"" est """,窄,0,0,20.875,20.875,0.0
qwen3-4b,18,desc,val,fr,zh,宽,"Le contraire de ""宽"" est """,窄,0,0,20.875,22.625,1.75
qwen3-4b,18,desc,freq,fr,zh,宽,"Le contraire de ""宽"" est """,窄,0,0,20.875,20.625,-0.25
qwen3-4b,18,val,desc,fr,zh,宽,"Le contraire de ""宽"" est """,窄,0,0,20.875,17.75,-3.125
qwen3-4b,18,val,val,fr,zh,宽,"Le contraire de ""宽"" est """,窄,0,0,20.875,17.5,-3.375
qwen3-4b,18,val,freq,fr,zh,宽,"Le contraire de ""宽"" est """,窄,0,0,20.875,15.9375,-4.9375
qwen3-4b,18,freq,desc,fr,zh,宽,"Le contraire de ""宽"" est """,窄,0,0,20.875,20.125,-0.75
qwen3-4b,18,freq,val,fr,zh,宽,"Le contraire de ""宽"" est """,窄,0,0,20.875,20.25,-0.625
qwen3-4b,18,freq,freq,fr,zh,宽,"Le contraire de ""宽"" est """,窄,0,0,20.875,20.125,-0.75
qwen3-4b,19,desc,desc,fr,zh,硬,"Le contraire de ""硬"" est """,软,0,0,18.5,18.375,-0.125
qwen3-4b,19,desc,val,fr,zh,硬,"Le contraire de ""硬"" est """,软,0,0,18.5,20.625,2.125
qwen3-4b,19,desc,freq,fr,zh,硬,"Le contraire de ""硬"" est """,软,0,0,18.5,21.875,3.375
qwen3-4b,19,val,desc,fr,zh,硬,"Le contraire de ""硬"" est """,软,0,0,18.5,16.25,-2.25
qwen3-4b,19,val,val,fr,zh,硬,"Le contraire de ""硬"" est """,软,0,0,18.5,14.6875,-3.8125
qwen3-4b,19,val,freq,fr,zh,硬,"Le contraire de ""硬"" est """,软,0,0,18.5,18.375,-0.125
qwen3-4b,19,freq,desc,fr,zh,硬,"Le contraire de ""硬"" est """,软,0,0,18.5,17.75,-0.75
qwen3-4b,19,freq,val,fr,zh,硬,"Le contraire de ""硬"" est """,软,0,1,18.5,16.75,-1.75
qwen3-4b,19,freq,freq,fr,zh,硬,"Le contraire de ""硬"" est """,软,0,0,18.5,17.375,-1.125
qwen3-4b,20,desc,desc,fr,zh,干,"Le contraire de ""干"" est """,湿,0,0,19.5,19.375,-0.125
qwen3-4b,20,desc,val,fr,zh,干,"Le contraire de ""干"" est """,湿,0,0,19.5,21.125,1.625
qwen3-4b,20,desc,freq,fr,zh,干,"Le contraire de ""干"" est """,湿,0,0,19.5,21.375,1.875
qwen3-4b,20,val,desc,fr,zh,干,"Le contraire de ""干"" est """,湿,0,0,19.5,16.0,-3.5
qwen3-4b,20,val,val,fr,zh,干,"Le contraire de ""干"" est """,湿,0,1,19.5,15.3125,-4.1875
qwen3-4b,20,val,freq,fr,zh,干,"Le contraire de ""干"" est """,湿,0,0,19.5,16.0,-3.5
qwen3-4b,20,freq,desc,fr,zh,干,"Le contraire de ""干"" est """,湿,0,0,19.5,18.5,-1.0
qwen3-4b,20,freq,val,fr,zh,干,"Le contraire de ""干"" est """,湿,0,1,19.5,18.375,-1.125
qwen3-4b,20,freq,freq,fr,zh,干,"Le contraire de ""干"" est """,湿,0,0,19.5,18.375,-1.125
qwen3-4b,21,desc,desc,fr,zh,大声,"Le contraire de ""大声"" est """,小声,1,1,17.875,17.375,-0.5
qwen3-4b,21,desc,val,fr,zh,大声,"Le contraire de ""大声"" est """,小声,1,0,17.875,18.75,0.875
qwen3-4b,21,desc,freq,fr,zh,大声,"Le contraire de ""大声"" est """,小声,1,0,17.875,20.0,2.125
qwen3-4b,21,val,desc,fr,zh,大声,"Le contraire de ""大声"" est """,小声,1,0,17.875,15.0,-2.875
qwen3-4b,21,val,val,fr,zh,大声,"Le contraire de ""大声"" est """,小声,1,2,17.875,13.625,-4.25
qwen3-4b,21,val,freq,fr,zh,大声,"Le contraire de ""大声"" est """,小声,1,0,17.875,16.0,-1.875
qwen3-4b,21,freq,desc,fr,zh,大声,"Le contraire de ""大声"" est """,小声,1,3,17.875,16.5,-1.375
qwen3-4b,21,freq,val,fr,zh,大声,"Le contraire de ""大声"" est """,小声,1,7,17.875,15.5625,-2.3125
qwen3-4b,21,freq,freq,fr,zh,大声,"Le contraire de ""大声"" est """,小声,1,6,17.875,15.8125,-2.0625
qwen3-4b,22,desc,desc,fr,zh,早,"Le contraire de ""早"" est """,晚,0,0,20.75,20.5,-0.25
qwen3-4b,22,desc,val,fr,zh,早,"Le contraire de ""早"" est """,晚,0,1,20.75,22.25,1.5
qwen3-4b,22,desc,freq,fr,zh,早,"Le contraire de ""早"" est """,晚,0,0,20.75,21.875,1.125
qwen3-4b,22,val,desc,fr,zh,早,"Le contraire de ""早"" est """,晚,0,1,20.75,18.875,-1.875
qwen3-4b,22,val,val,fr,zh,早,"Le contraire de ""早"" est """,晚,0,1,20.75,18.375,-2.375
qwen3-4b,22,val,freq,fr,zh,早,"Le contraire de ""早"" est """,晚,0,1,20.75,17.875,-2.875
qwen3-4b,22,freq,desc,fr,zh,早,"Le contraire de ""早"" est """,晚,0,0,20.75,19.875,-0.875
qwen3-4b,22,freq,val,fr,zh,早,"Le contraire de ""早"" est """,晚,0,1,20.75,19.125,-1.625
qwen3-4b,22,freq,freq,fr,zh,早,"Le contraire de ""早"" est """,晚,0,0,20.75,19.625,-1.125
qwen3-4b,23,desc,desc,fr,zh,近,"Le contraire de ""近"" est """,远,0,0,21.625,21.25,-0.375
qwen3-4b,23,desc,val,fr,zh,近,"Le contraire de ""近"" est """,远,0,0,21.625,23.375,1.75
qwen3-4b,23,desc,freq,fr,zh,近,"Le contraire de ""近"" est """,远,0,0,21.625,24.0,2.375
qwen3-4b,23,val,desc,fr,zh,近,"Le contraire de ""近"" est """,远,0,0,21.625,20.0,-1.625
qwen3-4b,23,val,val,fr,zh,近,"Le contraire de ""近"" est """,远,0,0,21.625,19.125,-2.5
qwen3-4b,23,val,freq,fr,zh,近,"Le contraire de ""近"" est """,远,0,0,21.625,20.75,-0.875
qwen3-4b,23,freq,desc,fr,zh,近,"Le contraire de ""近"" est """,远,0,1,21.625,20.375,-1.25
qwen3-4b,23,freq,val,fr,zh,近,"Le contraire de ""近"" est """,远,0,0,21.625,20.0,-1.625
qwen3-4b,23,freq,freq,fr,zh,近,"Le contraire de ""近"" est """,远,0,1,21.625,20.0,-1.625
qwen3-4b,24,desc,desc,fr,zh,深,"Le contraire de ""深"" est """,浅,0,0,22.25,22.25,0.0
qwen3-4b,24,desc,val,fr,zh,深,"Le contraire de ""深"" est """,浅,0,0,22.25,24.0,1.75
qwen3-4b,24,desc,freq,fr,zh,深,"Le contraire de ""深"" est """,浅,0,0,22.25,24.875,2.625
qwen3-4b,24,val,desc,fr,zh,深,"Le contraire de ""深"" est """,浅,0,0,22.25,18.375,-3.875
qwen3-4b,24,val,val,fr,zh,深,"Le contraire de ""深"" est """,浅,0,0,22.25,17.875,-4.375
qwen3-4b,24,val,freq,fr,zh,深,"Le contraire de ""深"" est """,浅,0,0,22.25,19.25,-3.0
qwen3-4b,24,freq,desc,fr,zh,深,"Le contraire de ""深"" est """,浅,0,0,22.25,22.75,0.5
qwen3-4b,24,freq,val,fr,zh,深,"Le contraire de ""深"" est """,浅,0,0,22.25,22.125,-0.125
qwen3-4b,24,freq,freq,fr,zh,深,"Le contraire de ""深"" est """,浅,0,0,22.25,22.625,0.375
qwen3-4b,25,desc,desc,fr,zh,坏,"Le contraire de ""坏"" est """,好,0,0,20.0,19.75,-0.25
qwen3-4b,25,desc,val,fr,zh,坏,"Le contraire de ""坏"" est """,好,0,0,20.0,23.0,3.0
qwen3-4b,25,desc,freq,fr,zh,坏,"Le contraire de ""坏"" est """,好,0,0,20.0,20.375,0.375
qwen3-4b,25,val,desc,fr,zh,坏,"Le contraire de ""坏"" est """,好,0,1,20.0,20.5,0.5
qwen3-4b,25,val,val,fr,zh,坏,"Le contraire de ""坏"" est """,好,0,1,20.0,19.625,-0.375
qwen3-4b,25,val,freq,fr,zh,坏,"Le contraire de ""坏"" est """,好,0,0,20.0,20.375,0.375
qwen3-4b,25,freq,desc,fr,zh,坏,"Le contraire de ""坏"" est """,好,0,0,20.0,19.0,-1.0
qwen3-4b,25,freq,val,fr,zh,坏,"Le contraire de ""坏"" est """,好,0,1,20.0,20.75,0.75
qwen3-4b,25,freq,freq,fr,zh,坏,"Le contraire de ""坏"" est """,好,0,0,20.0,18.75,-1.25
qwen3-4b,26,desc,desc,fr,zh,难过,"Le contraire de ""难过"" est """,开心,32,34,12.625,12.375,-0.25
qwen3-4b,26,desc,val,fr,zh,难过,"Le contraire de ""难过"" est """,开心,32,23,12.625,14.4375,1.8125
qwen3-4b,26,desc,freq,fr,zh,难过,"Le contraire de ""难过"" est """,开心,32,2,12.625,19.25,6.625
qwen3-4b,26,val,desc,fr,zh,难过,"Le contraire de ""难过"" est """,开心,32,36,12.625,9.625,-3.0
qwen3-4b,26,val,val,fr,zh,难过,"Le contraire de ""难过"" est """,开心,32,72,12.625,8.5,-4.125
qwen3-4b,26,val,freq,fr,zh,难过,"Le contraire de ""难过"" est """,开心,32,2,12.625,15.75,3.125
qwen3-4b,26,freq,desc,fr,zh,难过,"Le contraire de ""难过"" est """,开心,32,50,12.625,11.5,-1.125
qwen3-4b,26,freq,val,fr,zh,难过,"Le contraire de ""难过"" est """,开心,32,76,12.625,11.4375,-1.1875
qwen3-4b,26,freq,freq,fr,zh,难过,"Le contraire de ""难过"" est """,开心,32,52,12.625,11.25,-1.375
qwen3-4b,27,desc,desc,fr,zh,小,"Le contraire de ""小"" est """,大,0,0,21.625,21.5,-0.125
qwen3-4b,27,desc,val,fr,zh,小,"Le contraire de ""小"" est """,大,0,0,21.625,23.75,2.125
qwen3-4b,27,desc,freq,fr,zh,小,"Le contraire de ""小"" est """,大,0,0,21.625,23.5,1.875
qwen3-4b,27,val,desc,fr,zh,小,"Le contraire de ""小"" est """,大,0,0,21.625,20.25,-1.375
qwen3-4b,27,val,val,fr,zh,小,"Le contraire de ""小"" est """,大,0,0,21.625,18.375,-3.25
qwen3-4b,27,val,freq,fr,zh,小,"Le contraire de ""小"" est """,大,0,0,21.625,22.25,0.625
qwen3-4b,27,freq,desc,fr,zh,小,"Le contraire de ""小"" est """,大,0,0,21.625,21.125,-0.5
qwen3-4b,27,freq,val,fr,zh,小,"Le contraire de ""小"" est """,大,0,1,21.625,20.875,-0.75
qwen3-4b,27,freq,freq,fr,zh,小,"Le contraire de ""小"" est """,大,0,0,21.625,20.75,-0.875
qwen3-4b,28,desc,desc,fr,zh,冷,"Le contraire de ""冷"" est """,热,0,0,18.625,18.375,-0.25
qwen3-4b,28,desc,val,fr,zh,冷,"Le contraire de ""冷"" est """,热,0,0,18.625,19.875,1.25
qwen3-4b,28,desc,freq,fr,zh,冷,"Le contraire de ""冷"" est """,热,0,0,18.625,22.625,4.0
qwen3-4b,28,val,desc,fr,zh,冷,"Le contraire de ""冷"" est """,热,0,2,18.625,13.1875,-5.4375
qwen3-4b,28,val,val,fr,zh,冷,"Le contraire de ""冷"" est """,热,0,4,18.625,12.5,-6.125
qwen3-4b,28,val,freq,fr,zh,冷,"Le contraire de ""冷"" est """,热,0,0,18.625,15.9375,-2.6875
qwen3-4b,28,freq,desc,fr,zh,冷,"Le contraire de ""冷"" est """,热,0,0,18.625,17.875,-0.75
qwen3-4b,28,freq,val,fr,zh,冷,"Le contraire de ""冷"" est """,热,0,2,18.625,16.375,-2.25
qwen3-4b,28,freq,freq,fr,zh,冷,"Le contraire de ""冷"" est """,热,0,1,18.625,17.5,-1.125
qwen3-4b,29,desc,desc,fr,zh,慢,"Le contraire de ""慢"" est """,快,2,2,14.5,14.375,-0.125
qwen3-4b,29,desc,val,fr,zh,慢,"Le contraire de ""慢"" est """,快,2,4,14.5,16.0,1.5
qwen3-4b,29,desc,freq,fr,zh,慢,"Le contraire de ""慢"" est """,快,2,0,14.5,18.125,3.625
qwen3-4b,29,val,desc,fr,zh,慢,"Le contraire de ""慢"" est """,快,2,29,14.5,8.4375,-6.0625
qwen3-4b,29,val,val,fr,zh,慢,"Le contraire de ""慢"" est """,快,2,74,14.5,7.125,-7.375
qwen3-4b,29,val,freq,fr,zh,慢,"Le contraire de ""慢"" est """,快,2,0,14.5,14.25,-0.25
qwen3-4b,29,freq,desc,fr,zh,慢,"Le contraire de ""慢"" est """,快,2,5,14.5,13.4375,-1.0625
qwen3-4b,29,freq,val,fr,zh,慢,"Le contraire de ""慢"" est """,快,2,17,14.5,12.8125,-1.6875
qwen3-4b,29,freq,freq,fr,zh,慢,"Le contraire de ""慢"" est """,快,2,5,14.5,13.1875,-1.3125
qwen3-4b,30,desc,desc,fr,zh,重,"Le contraire de ""重"" est """,轻,1,1,16.75,16.75,0.0
qwen3-4b,30,desc,val,fr,zh,重,"Le contraire de ""重"" est """,轻,1,1,16.75,20.5,3.75
qwen3-4b,30,desc,freq,fr,zh,重,"Le contraire de ""重"" est """,轻,1,0,16.75,21.125,4.375
qwen3-4b,30,val,desc,fr,zh,重,"Le contraire de ""重"" est """,轻,1,3,16.75,13.9375,-2.8125
qwen3-4b,30,val,val,fr,zh,重,"Le contraire de ""重"" est """,轻,1,7,16.75,11.375,-5.375
qwen3-4b,30,val,freq,fr,zh,重,"Le contraire de ""重"" est """,轻,1,0,16.75,18.75,2.0
qwen3-4b,30,freq,desc,fr,zh,重,"Le contraire de ""重"" est """,轻,1,1,16.75,16.25,-0.5
qwen3-4b,30,freq,val,fr,zh,重,"Le contraire de ""重"" est """,轻,1,2,16.75,17.0,0.25
qwen3-4b,30,freq,freq,fr,zh,重,"Le contraire de ""重"" est """,轻,1,1,16.75,15.9375,-0.8125
qwen3-4b,31,desc,desc,fr,zh,难,"Le contraire de ""难"" est """,容易,2,2,17.625,17.5,-0.125
qwen3-4b,31,desc,val,fr,zh,难,"Le contraire de ""难"" est """,容易,2,1,17.625,20.0,2.375
qwen3-4b,31,desc,freq,fr,zh,难,"Le contraire de ""难"" est """,容易,2,0,17.625,19.0,1.375
qwen3-4b,31,val,desc,fr,zh,难,"Le contraire de ""难"" est """,容易,2,0,17.625,17.25,-0.375
qwen3-4b,31,val,val,fr,zh,难,"Le contraire de ""难"" est """,容易,2,3,17.625,17.125,-0.5
qwen3-4b,31,val,freq,fr,zh,难,"Le contraire de ""难"" est """,容易,2,0,17.625,16.25,-1.375
qwen3-4b,31,freq,desc,fr,zh,难,"Le contraire de ""难"" est """,容易,2,3,17.625,16.875,-0.75
qwen3-4b,31,freq,val,fr,zh,难,"Le contraire de ""难"" est """,容易,2,5,17.625,18.0,0.375
qwen3-4b,31,freq,freq,fr,zh,难,"Le contraire de ""难"" est """,容易,2,3,17.625,16.875,-0.75
qwen3-4b,32,desc,desc,fr,zh,旧,"Le contraire de ""旧"" est """,新,0,0,19.75,19.625,-0.125
qwen3-4b,32,desc,val,fr,zh,旧,"Le contraire de ""旧"" est """,新,0,0,19.75,22.75,3.0
qwen3-4b,32,desc,freq,fr,zh,旧,"Le contraire de ""旧"" est """,新,0,0,19.75,20.75,1.0
qwen3-4b,32,val,desc,fr,zh,旧,"Le contraire de ""旧"" est """,新,0,0,19.75,17.75,-2.0
qwen3-4b,32,val,val,fr,zh,旧,"Le contraire de ""旧"" est """,新,0,0,19.75,17.375,-2.375
qwen3-4b,32,val,freq,fr,zh,旧,"Le contraire de ""旧"" est """,新,0,0,19.75,17.375,-2.375
qwen3-4b,32,freq,desc,fr,zh,旧,"Le contraire de ""旧"" est """,新,0,0,19.75,19.375,-0.375
qwen3-4b,32,freq,val,fr,zh,旧,"Le contraire de ""旧"" est """,新,0,0,19.75,20.375,0.625
qwen3-4b,32,freq,freq,fr,zh,旧,"Le contraire de ""旧"" est """,新,0,0,19.75,19.125,-0.625
qwen3-4b,33,desc,desc,fr,zh,假,"Le contraire de ""假"" est """,真,0,0,19.125,19.0,-0.125
qwen3-4b,33,desc,val,fr,zh,假,"Le contraire de ""假"" est """,真,0,0,19.125,20.625,1.5
qwen3-4b,33,desc,freq,fr,zh,假,"Le contraire de ""假"" est """,真,0,0,19.125,21.375,2.25
qwen3-4b,33,val,desc,fr,zh,假,"Le contraire de ""假"" est """,真,0,2,19.125,15.875,-3.25
qwen3-4b,33,val,val,fr,zh,假,"Le contraire de ""假"" est """,真,0,2,19.125,15.4375,-3.6875
qwen3-4b,33,val,freq,fr,zh,假,"Le contraire de ""假"" est """,真,0,0,19.125,17.75,-1.375
qwen3-4b,33,freq,desc,fr,zh,假,"Le contraire de ""假"" est """,真,0,0,19.125,18.25,-0.875
qwen3-4b,33,freq,val,fr,zh,假,"Le contraire de ""假"" est """,真,0,2,19.125,18.25,-0.875
qwen3-4b,33,freq,freq,fr,zh,假,"Le contraire de ""假"" est """,真,0,0,19.125,18.0,-1.125
qwen3-4b,34,desc,desc,fr,zh,死,"Le contraire de ""死"" est """,生,0,0,18.75,18.75,0.0
qwen3-4b,34,desc,val,fr,zh,死,"Le contraire de ""死"" est """,生,0,0,18.75,20.125,1.375
qwen3-4b,34,desc,freq,fr,zh,死,"Le contraire de ""死"" est """,生,0,0,18.75,20.75,2.0
qwen3-4b,34,val,desc,fr,zh,死,"Le contraire de ""死"" est """,生,0,0,18.75,15.25,-3.5
qwen3-4b,34,val,val,fr,zh,死,"Le contraire de ""死"" est """,生,0,0,18.75,15.0,-3.75
qwen3-4b,34,val,freq,fr,zh,死,"Le contraire de ""死"" est """,生,0,0,18.75,17.75,-1.0
qwen3-4b,34,freq,desc,fr,zh,死,"Le contraire de ""死"" est """,生,0,0,18.75,18.5,-0.25
qwen3-4b,34,freq,val,fr,zh,死,"Le contraire de ""死"" est """,生,0,0,18.75,17.5,-1.25
qwen3-4b,34,freq,freq,fr,zh,死,"Le contraire de ""死"" est """,生,0,0,18.75,18.25,-0.5
qwen3-4b,35,desc,desc,fr,zh,空,"Le contraire de ""空"" est """,满,1,1,15.4375,15.375,-0.0625
qwen3-4b,35,desc,val,fr,zh,空,"Le contraire de ""空"" est """,满,1,1,15.4375,18.75,3.3125
qwen3-4b,35,desc,freq,fr,zh,空,"Le contraire de ""空"" est """,满,1,0,15.4375,19.875,4.4375
qwen3-4b,35,val,desc,fr,zh,空,"Le contraire de ""空"" est """,满,1,2,15.4375,14.4375,-1.0
qwen3-4b,35,val,val,fr,zh,空,"Le contraire de ""空"" est """,满,1,3,15.4375,13.625,-1.8125
qwen3-4b,35,val,freq,fr,zh,空,"Le contraire de ""空"" est """,满,1,0,15.4375,19.125,3.6875
qwen3-4b,35,freq,desc,fr,zh,空,"Le contraire de ""空"" est """,满,1,3,15.4375,15.375,-0.0625
qwen3-4b,35,freq,val,fr,zh,空,"Le contraire de ""空"" est """,满,1,8,15.4375,15.5,0.0625
qwen3-4b,35,freq,freq,fr,zh,空,"Le contraire de ""空"" est """,满,1,3,15.4375,15.0,-0.4375
qwen3-4b,36,desc,desc,fr,zh,暗,"Le contraire de ""暗"" est """,亮,3,3,14.5625,14.5625,0.0
qwen3-4b,36,desc,val,fr,zh,暗,"Le contraire de ""暗"" est """,亮,3,3,14.5625,17.0,2.4375
qwen3-4b,36,desc,freq,fr,zh,暗,"Le contraire de ""暗"" est """,亮,3,2,14.5625,18.75,4.1875
qwen3-4b,36,val,desc,fr,zh,暗,"Le contraire de ""暗"" est """,亮,3,7,14.5625,10.625,-3.9375
qwen3-4b,36,val,val,fr,zh,暗,"Le contraire de ""暗"" est """,亮,3,14,14.5625,9.8125,-4.75
qwen3-4b,36,val,freq,fr,zh,暗,"Le contraire de ""暗"" est """,亮,3,2,14.5625,13.25,-1.3125
qwen3-4b,36,freq,desc,fr,zh,暗,"Le contraire de ""暗"" est """,亮,3,3,14.5625,15.125,0.5625
qwen3-4b,36,freq,val,fr,zh,暗,"Le contraire de ""暗"" est """,亮,3,7,14.5625,14.75,0.1875
qwen3-4b,36,freq,freq,fr,zh,暗,"Le contraire de ""暗"" est """,亮,3,4,14.5625,14.9375,0.375
qwen3-4b,37,desc,desc,fr,zh,弱,"Le contraire de ""弱"" est """,强,1,1,20.0,19.875,-0.125
qwen3-4b,37,desc,val,fr,zh,弱,"Le contraire de ""弱"" est """,强,1,0,20.0,23.25,3.25
qwen3-4b,37,desc,freq,fr,zh,弱,"Le contraire de ""弱"" est """,强,1,0,20.0,22.125,2.125
qwen3-4b,37,val,desc,fr,zh,弱,"Le contraire de ""弱"" est """,强,1,1,20.0,19.375,-0.625
qwen3-4b,37,val,val,fr,zh,弱,"Le contraire de ""弱"" est """,强,1,1,20.0,18.875,-1.125
qwen3-4b,37,val,freq,fr,zh,弱,"Le contraire de ""弱"" est """,强,1,0,20.0,20.375,0.375
qwen3-4b,37,freq,desc,fr,zh,弱,"Le contraire de ""弱"" est """,强,1,1,20.0,19.875,-0.125
qwen3-4b,37,freq,val,fr,zh,弱,"Le contraire de ""弱"" est """,强,1,0,20.0,20.875,0.875
qwen3-4b,37,freq,freq,fr,zh,弱,"Le contraire de ""弱"" est """,强,1,1,20.0,19.625,-0.375
qwen3-4b,38,desc,desc,fr,zh,脏,"Le contraire de ""脏"" est """,干净,7,6,14.3125,14.3125,0.0
qwen3-4b,38,desc,val,fr,zh,脏,"Le contraire de ""脏"" est """,干净,7,3,14.3125,16.25,1.9375
qwen3-4b,38,desc,freq,fr,zh,脏,"Le contraire de ""脏"" est """,干净,7,1,14.3125,18.5,4.1875
qwen3-4b,38,val,desc,fr,zh,脏,"Le contraire de ""脏"" est """,干净,7,10,14.3125,10.25,-4.0625
qwen3-4b,38,val,val,fr,zh,脏,"Le contraire de ""脏"" est """,干净,7,15,14.3125,9.6875,-4.625
qwen3-4b,38,val,freq,fr,zh,脏,"Le contraire de ""脏"" est """,干净,7,1,14.3125,14.3125,0.0
qwen3-4b,38,freq,desc,fr,zh,脏,"Le contraire de ""脏"" est """,干净,7,7,14.3125,13.9375,-0.375
qwen3-4b,38,freq,val,fr,zh,脏,"Le contraire de ""脏"" est """,干净,7,16,14.3125,13.5,-0.8125
qwen3-4b,38,freq,freq,fr,zh,脏,"Le contraire de ""脏"" est """,干净,7,9,14.3125,13.8125,-0.5
qwen3-4b,39,desc,desc,fr,zh,关,"Le contraire de ""关"" est """,开,0,0,18.5,18.375,-0.125
qwen3-4b,39,desc,val,fr,zh,关,"Le contraire de ""关"" est """,开,0,0,18.5,19.625,1.125
qwen3-4b,39,desc,freq,fr,zh,关,"Le contraire de ""关"" est """,开,0,0,18.5,22.125,3.625
qwen3-4b,39,val,desc,fr,zh,关,"Le contraire de ""关"" est """,开,0,1,18.5,17.0,-1.5
qwen3-4b,39,val,val,fr,zh,关,"Le contraire de ""关"" est """,开,0,3,18.5,14.0625,-4.4375
qwen3-4b,39,val,freq,fr,zh,关,"Le contraire de ""关"" est """,开,0,0,18.5,21.25,2.75
qwen3-4b,39,freq,desc,fr,zh,关,"Le contraire de ""关"" est """,开,0,1,18.5,16.125,-2.375
qwen3-4b,39,freq,val,fr,zh,关,"Le contraire de ""关"" est """,开,0,4,18.5,14.5,-4.0
qwen3-4b,39,freq,freq,fr,zh,关,"Le contraire de ""关"" est """,开,0,2,18.5,15.75,-2.75
qwen3-4b,40,desc,desc,fr,zh,贫穷,"Le contraire de ""贫穷"" est """,富裕,5,5,16.875,16.875,0.0
qwen3-4b,40,desc,val,fr,zh,贫穷,"Le contraire de ""贫穷"" est """,富裕,5,4,16.875,17.625,0.75
qwen3-4b,40,desc,freq,fr,zh,贫穷,"Le contraire de ""贫穷"" est """,富裕,5,0,16.875,22.375,5.5
qwen3-4b,40,val,desc,fr,zh,贫穷,"Le contraire de ""贫穷"" est """,富裕,5,5,16.875,14.1875,-2.6875
qwen3-4b,40,val,val,fr,zh,贫穷,"Le contraire de ""贫穷"" est """,富裕,5,5,16.875,14.0625,-2.8125
qwen3-4b,40,val,freq,fr,zh,贫穷,"Le contraire de ""贫穷"" est """,富裕,5,2,16.875,17.25,0.375
qwen3-4b,40,freq,desc,fr,zh,贫穷,"Le contraire de ""贫穷"" est """,富裕,5,2,16.875,17.5,0.625
qwen3-4b,40,freq,val,fr,zh,贫穷,"Le contraire de ""贫穷"" est """,富裕,5,6,16.875,16.25,-0.625
qwen3-4b,40,freq,freq,fr,zh,贫穷,"Le contraire de ""贫穷"" est """,富裕,5,2,16.875,17.25,0.375
qwen3-4b,41,desc,desc,fr,zh,丑,"Le contraire de ""丑"" est """,美,0,0,20.625,20.625,0.0
qwen3-4b,41,desc,val,fr,zh,丑,"Le contraire de ""丑"" est """,美,0,0,20.625,21.125,0.5
qwen3-4b,41,desc,freq,fr,zh,丑,"Le contraire de ""丑"" est """,美,0,0,20.625,23.125,2.5
qwen3-4b,41,val,desc,fr,zh,丑,"Le contraire de ""丑"" est """,美,0,0,20.625,17.5,-3.125
qwen3-4b,41,val,val,fr,zh,丑,"Le contraire de ""丑"" est """,美,0,0,20.625,17.0,-3.625
qwen3-4b,41,val,freq,fr,zh,丑,"Le contraire de ""丑"" est """,美,0,0,20.625,17.75,-2.875
qwen3-4b,41,freq,desc,fr,zh,丑,"Le contraire de ""丑"" est """,美,0,0,20.625,21.0,0.375
qwen3-4b,41,freq,val,fr,zh,丑,"Le contraire de ""丑"" est """,美,0,0,20.625,18.75,-1.875
qwen3-4b,41,freq,freq,fr,zh,丑,"Le contraire de ""丑"" est """,美,0,0,20.625,20.75,0.125
qwen3-4b,42,desc,desc,fr,zh,短,"Le contraire de ""短"" est """,长,1,1,19.0,18.75,-0.25
qwen3-4b,42,desc,val,fr,zh,短,"Le contraire de ""短"" est """,长,1,0,19.0,21.875,2.875
qwen3-4b,42,desc,freq,fr,zh,短,"Le contraire de ""短"" est """,长,1,0,19.0,22.75,3.75
qwen3-4b,42,val,desc,fr,zh,短,"Le contraire de ""短"" est """,长,1,0,19.0,16.375,-2.625
qwen3-4b,42,val,val,fr,zh,短,"Le contraire de ""短"" est """,长,1,1,19.0,14.875,-4.125
qwen3-4b,42,val,freq,fr,zh,短,"Le contraire de ""短"" est """,长,1,0,19.0,18.625,-0.375
qwen3-4b,42,freq,desc,fr,zh,短,"Le contraire de ""短"" est """,长,1,1,19.0,18.875,-0.125
qwen3-4b,42,freq,val,fr,zh,短,"Le contraire de ""短"" est """,长,1,1,19.0,19.0,0.0
qwen3-4b,42,freq,freq,fr,zh,短,"Le contraire de ""短"" est """,长,1,1,19.0,18.625,-0.375
qwen3-4b,43,desc,desc,fr,zh,窄,"Le contraire de ""窄"" est """,宽,0,0,20.625,20.5,-0.125
qwen3-4b,43,desc,val,fr,zh,窄,"Le contraire de ""窄"" est """,宽,0,0,20.625,23.25,2.625
qwen3-4b,43,desc,freq,fr,zh,窄,"Le contraire de ""窄"" est """,宽,0,0,20.625,20.875,0.25
qwen3-4b,43,val,desc,fr,zh,窄,"Le contraire de ""窄"" est """,宽,0,0,20.625,18.125,-2.5
qwen3-4b,43,val,val,fr,zh,窄,"Le contraire de ""窄"" est """,宽,0,1,20.625,17.5,-3.125
qwen3-4b,43,val,freq,fr,zh,窄,"Le contraire de ""窄"" est """,宽,0,0,20.625,16.375,-4.25
qwen3-4b,43,freq,desc,fr,zh,窄,"Le contraire de ""窄"" est """,宽,0,0,20.625,19.875,-0.75
qwen3-4b,43,freq,val,fr,zh,窄,"Le contraire de ""窄"" est """,宽,0,1,20.625,20.5,-0.125
qwen3-4b,43,freq,freq,fr,zh,窄,"Le contraire de ""窄"" est """,宽,0,1,20.625,19.75,-0.875
qwen3-4b,44,desc,desc,fr,zh,软,"Le contraire de ""软"" est """,硬,0,0,23.375,23.25,-0.125
qwen3-4b,44,desc,val,fr,zh,软,"Le contraire de ""软"" est """,硬,0,0,23.375,24.625,1.25
qwen3-4b,44,desc,freq,fr,zh,软,"Le contraire de ""软"" est """,硬,0,0,23.375,22.625,-0.75
qwen3-4b,44,val,desc,fr,zh,软,"Le contraire de ""软"" est """,硬,0,0,23.375,21.375,-2.0
qwen3-4b,44,val,val,fr,zh,软,"Le contraire de ""软"" est """,硬,0,0,23.375,21.125,-2.25
qwen3-4b,44,val,freq,fr,zh,软,"Le contraire de ""软"" est """,硬,0,0,23.375,19.75,-3.625
qwen3-4b,44,freq,desc,fr,zh,软,"Le contraire de ""软"" est """,硬,0,0,23.375,22.5,-0.875
qwen3-4b,44,freq,val,fr,zh,软,"Le contraire de ""软"" est """,硬,0,0,23.375,22.75,-0.625
qwen3-4b,44,freq,freq,fr,zh,软,"Le contraire de ""软"" est """,硬,0,0,23.375,22.375,-1.0
qwen3-4b,45,desc,desc,fr,zh,湿,"Le contraire de ""湿"" est """,干,0,0,16.625,16.375,-0.25
qwen3-4b,45,desc,val,fr,zh,湿,"Le contraire de ""湿"" est """,干,0,0,16.625,18.5,1.875
qwen3-4b,45,desc,freq,fr,zh,湿,"Le contraire de ""湿"" est """,干,0,0,16.625,19.25,2.625
qwen3-4b,45,val,desc,fr,zh,湿,"Le contraire de ""湿"" est """,干,0,4,16.625,10.5,-6.125
qwen3-4b,45,val,val,fr,zh,湿,"Le contraire de ""湿"" est """,干,0,6,16.625,9.9375,-6.6875
qwen3-4b,45,val,freq,fr,zh,湿,"Le contraire de ""湿"" est """,干,0,0,16.625,14.5,-2.125
qwen3-4b,45,freq,desc,fr,zh,湿,"Le contraire de ""湿"" est """,干,0,0,16.625,15.125,-1.5
qwen3-4b,45,freq,val,fr,zh,湿,"Le contraire de ""湿"" est """,干,0,3,16.625,14.1875,-2.4375
qwen3-4b,45,freq,freq,fr,zh,湿,"Le contraire de ""湿"" est """,干,0,0,16.625,14.875,-1.75
qwen3-4b,46,desc,desc,fr,zh,安静,"Le contraire de ""安静"" est """,吵闹,13,13,13.9375,13.875,-0.0625
qwen3-4b,46,desc,val,fr,zh,安静,"Le contraire de ""安静"" est """,吵闹,13,14,13.9375,15.25,1.3125
qwen3-4b,46,desc,freq,fr,zh,安静,"Le contraire de ""安静"" est """,吵闹,13,4,13.9375,16.75,2.8125
qwen3-4b,46,val,desc,fr,zh,安静,"Le contraire de ""安静"" est """,吵闹,13,25,13.9375,10.625,-3.3125
qwen3-4b,46,val,val,fr,zh,安静,"Le contraire de ""安静"" est """,吵闹,13,66,13.9375,9.3125,-4.625
qwen3-4b,46,val,freq,fr,zh,安静,"Le contraire de ""安静"" est """,吵闹,13,1,13.9375,15.125,1.1875
qwen3-4b,46,freq,desc,fr,zh,安静,"Le contraire de ""安静"" est """,吵闹,13,38,13.9375,12.5,-1.4375
qwen3-4b,46,freq,val,fr,zh,安静,"Le contraire de ""安静"" est """,吵闹,13,81,13.9375,12.0,-1.9375
qwen3-4b,46,freq,freq,fr,zh,安静,"Le contraire de ""安静"" est """,吵闹,13,46,13.9375,12.1875,-1.75
qwen3-4b,47,desc,desc,fr,zh,晚,"Le contraire de ""晚"" est """,早,0,0,20.375,20.25,-0.125
qwen3-4b,47,desc,val,fr,zh,晚,"Le contraire de ""晚"" est """,早,0,0,20.375,23.875,3.5
qwen3-4b,47,desc,freq,fr,zh,晚,"Le contraire de ""晚"" est """,早,0,0,20.375,21.875,1.5
qwen3-4b,47,val,desc,fr,zh,晚,"Le contraire de ""晚"" est """,早,0,0,20.375,17.875,-2.5
qwen3-4b,47,val,val,fr,zh,晚,"Le contraire de ""晚"" est """,早,0,0,20.375,17.25,-3.125
qwen3-4b,47,val,freq,fr,zh,晚,"Le contraire de ""晚"" est """,早,0,0,20.375,20.125,-0.25
qwen3-4b,47,freq,desc,fr,zh,晚,"Le contraire de ""晚"" est """,早,0,0,20.375,19.75,-0.625
qwen3-4b,47,freq,val,fr,zh,晚,"Le contraire de ""晚"" est """,早,0,0,20.375,21.0,0.625
qwen3-4b,47,freq,freq,fr,zh,晚,"Le contraire de ""晚"" est """,早,0,0,20.375,19.75,-0.625
qwen3-4b,48,desc,desc,fr,zh,远,"Le contraire de ""远"" est """,近,0,0,24.625,24.625,0.0
qwen3-4b,48,desc,val,fr,zh,远,"Le contraire de ""远"" est """,近,0,0,24.625,25.625,1.0
qwen3-4b,48,desc,freq,fr,zh,远,"Le contraire de ""远"" est """,近,0,0,24.625,25.125,0.5
qwen3-4b,48,val,desc,fr,zh,远,"Le contraire de ""远"" est """,近,0,0,24.625,22.5,-2.125
qwen3-4b,48,val,val,fr,zh,远,"Le contraire de ""远"" est """,近,0,0,24.625,22.0,-2.625
qwen3-4b,48,val,freq,fr,zh,远,"Le contraire de ""远"" est """,近,0,0,24.625,23.0,-1.625
qwen3-4b,48,freq,desc,fr,zh,远,"Le contraire de ""远"" est """,近,0,0,24.625,24.0,-0.625
qwen3-4b,48,freq,val,fr,zh,远,"Le contraire de ""远"" est """,近,0,0,24.625,23.75,-0.875
qwen3-4b,48,freq,freq,fr,zh,远,"Le contraire de ""远"" est """,近,0,0,24.625,23.875,-0.75
qwen3-4b,49,desc,desc,fr,zh,浅,"Le contraire de ""浅"" est """,深,0,0,21.5,21.375,-0.125
qwen3-4b,49,desc,val,fr,zh,浅,"Le contraire de ""浅"" est """,深,0,0,21.5,22.75,1.25
qwen3-4b,49,desc,freq,fr,zh,浅,"Le contraire de ""浅"" est """,深,0,0,21.5,24.0,2.5
qwen3-4b,49,val,desc,fr,zh,浅,"Le contraire de ""浅"" est """,深,0,0,21.5,16.875,-4.625
qwen3-4b,49,val,val,fr,zh,浅,"Le contraire de ""浅"" est """,深,0,0,21.5,16.25,-5.25
qwen3-4b,49,val,freq,fr,zh,浅,"Le contraire de ""浅"" est """,深,0,0,21.5,16.625,-4.875
qwen3-4b,49,freq,desc,fr,zh,浅,"Le contraire de ""浅"" est """,深,0,0,21.5,22.125,0.625
qwen3-4b,49,freq,val,fr,zh,浅,"Le contraire de ""浅"" est """,深,0,0,21.5,20.25,-1.25
qwen3-4b,49,freq,freq,fr,zh,浅,"Le contraire de ""浅"" est """,深,0,0,21.5,21.75,0.25
qwen3-4b,50,desc,desc,fr,zh,年轻,"Le contraire de ""年轻"" est """,老,2,2,17.5,17.25,-0.25
qwen3-4b,50,desc,val,fr,zh,年轻,"Le contraire de ""年轻"" est """,老,2,2,17.5,18.625,1.125
qwen3-4b,50,desc,freq,fr,zh,年轻,"Le contraire de ""年轻"" est """,老,2,0,17.5,19.125,1.625
qwen3-4b,50,val,desc,fr,zh,年轻,"Le contraire de ""年轻"" est """,老,2,3,17.5,13.25,-4.25
qwen3-4b,50,val,val,fr,zh,年轻,"Le contraire de ""年轻"" est """,老,2,7,17.5,12.625,-4.875
qwen3-4b,50,val,freq,fr,zh,年轻,"Le contraire de ""年轻"" est """,老,2,0,17.5,16.75,-0.75
qwen3-4b,50,freq,desc,fr,zh,年轻,"Le contraire de ""年轻"" est """,老,2,3,17.5,16.75,-0.75
qwen3-4b,50,freq,val,fr,zh,年轻,"Le contraire de ""年轻"" est """,老,2,4,17.5,16.125,-1.375
qwen3-4b,50,freq,freq,fr,zh,年轻,"Le contraire de ""年轻"" est """,老,2,3,17.5,16.5,-1.0
qwen3-4b,51,desc,desc,fr,zh,善良,"Le contraire de ""善良"" est """,邪恶,7,9,15.5,15.3125,-0.1875
qwen3-4b,51,desc,val,fr,zh,善良,"Le contraire de ""善良"" est """,邪恶,7,4,15.5,17.625,2.125
qwen3-4b,51,desc,freq,fr,zh,善良,"Le contraire de ""善良"" est """,邪恶,7,0,15.5,19.75,4.25
qwen3-4b,51,val,desc,fr,zh,善良,"Le contraire de ""善良"" est """,邪恶,7,12,15.5,12.125,-3.375
qwen3-4b,51,val,val,fr,zh,善良,"Le contraire de ""善良"" est """,邪恶,7,20,15.5,10.875,-4.625
qwen3-4b,51,val,freq,fr,zh,善良,"Le contraire de ""善良"" est """,邪恶,7,1,15.5,16.25,0.75
qwen3-4b,51,freq,desc,fr,zh,善良,"Le contraire de ""善良"" est """,邪恶,7,11,15.5,14.4375,-1.0625
qwen3-4b,51,freq,val,fr,zh,善良,"Le contraire de ""善良"" est """,邪恶,7,13,15.5,14.8125,-0.6875
qwen3-4b,51,freq,freq,fr,zh,善良,"Le contraire de ""善良"" est """,邪恶,7,12,15.5,14.1875,-1.3125
qwen3-4b,52,desc,desc,fr,zh,勇敢,"Le contraire de ""勇敢"" est """,懦弱,65,82,11.875,11.5625,-0.3125
qwen3-4b,52,desc,val,fr,zh,勇敢,"Le contraire de ""勇敢"" est """,懦弱,65,39,11.875,13.125,1.25
qwen3-4b,52,desc,freq,fr,zh,勇敢,"Le contraire de ""勇敢"" est """,懦弱,65,3,11.875,17.0,5.125
qwen3-4b,52,val,desc,fr,zh,勇敢,"Le contraire de ""勇敢"" est """,懦弱,65,111,11.875,7.78125,-4.09375
qwen3-4b,52,val,val,fr,zh,勇敢,"Le contraire de ""勇敢"" est """,懦弱,65,236,11.875,7.09375,-4.78125
qwen3-4b,52,val,freq,fr,zh,勇敢,"Le contraire de ""勇敢"" est """,懦弱,65,4,11.875,11.9375,0.0625
qwen3-4b,52,freq,desc,fr,zh,勇敢,"Le contraire de ""勇敢"" est """,懦弱,65,189,11.875,10.3125,-1.5625
qwen3-4b,52,freq,val,fr,zh,勇敢,"Le contraire de ""勇敢"" est """,懦弱,65,278,11.875,10.0625,-1.8125
qwen3-4b,52,freq,freq,fr,zh,勇敢,"Le contraire de ""勇敢"" est """,懦弱,65,217,11.875,10.0625,-1.8125
qwen3-4b,53,desc,desc,fr,zh,明智,"Le contraire de ""明智"" est """,愚蠢,4,6,15.0625,14.875,-0.1875
qwen3-4b,53,desc,val,fr,zh,明智,"Le contraire de ""明智"" est """,愚蠢,4,1,15.0625,16.875,1.8125
qwen3-4b,53,desc,freq,fr,zh,明智,"Le contraire de ""明智"" est """,愚蠢,4,1,15.0625,18.625,3.5625
qwen3-4b,53,val,desc,fr,zh,明智,"Le contraire de ""明智"" est """,愚蠢,4,12,15.0625,10.875,-4.1875
qwen3-4b,53,val,val,fr,zh,明智,"Le contraire de ""明智"" est """,愚蠢,4,20,15.0625,10.125,-4.9375
qwen3-4b,53,val,freq,fr,zh,明智,"Le contraire de ""明智"" est """,愚蠢,4,3,15.0625,12.5625,-2.5
qwen3-4b,53,freq,desc,fr,zh,明智,"Le contraire de ""明智"" est """,愚蠢,4,10,15.0625,13.75,-1.3125
qwen3-4b,53,freq,val,fr,zh,明智,"Le contraire de ""明智"" est """,愚蠢,4,13,15.0625,14.0625,-1.0
qwen3-4b,53,freq,freq,fr,zh,明智,"Le contraire de ""明智"" est """,愚蠢,4,12,15.0625,13.5625,-1.5
qwen3-4b,54,desc,desc,fr,zh,礼貌,"Le contraire de ""礼貌"" est """,不礼貌,2,2,17.75,17.25,-0.5
qwen3-4b,54,desc,val,fr,zh,礼貌,"Le contraire de ""礼貌"" est """,不礼貌,2,2,17.75,17.875,0.125
qwen3-4b,54,desc,freq,fr,zh,礼貌,"Le contraire de ""礼貌"" est """,不礼貌,2,1,17.75,20.0,2.25
qwen3-4b,54,val,desc,fr,zh,礼貌,"Le contraire de ""礼貌"" est """,不礼貌,2,3,17.75,14.6875,-3.0625
qwen3-4b,54,val,val,fr,zh,礼貌,"Le contraire de ""礼貌"" est """,不礼貌,2,4,17.75,13.5,-4.25
qwen3-4b,54,val,freq,fr,zh,礼貌,"Le contraire de ""礼貌"" est """,不礼貌,2,3,17.75,15.9375,-1.8125
qwen3-4b,54,freq,desc,fr,zh,礼貌,"Le contraire de ""礼貌"" est """,不礼貌,2,5,17.75,16.5,-1.25
qwen3-4b,54,freq,val,fr,zh,礼貌,"Le contraire de ""礼貌"" est """,不礼貌,2,11,17.75,14.875,-2.875
qwen3-4b,54,freq,freq,fr,zh,礼貌,"Le contraire de ""礼貌"" est """,不礼貌,2,6,17.75,16.25,-1.5
qwen3-4b,55,desc,desc,fr,zh,耐心,"Le contraire de ""耐心"" est """,不耐烦,167,169,10.6875,10.6875,0.0
qwen3-4b,55,desc,val,fr,zh,耐心,"Le contraire de ""耐心"" est """,不耐烦,167,122,10.6875,11.8125,1.125
qwen3-4b,55,desc,freq,fr,zh,耐心,"Le contraire de ""耐心"" est """,不耐烦,167,2,10.6875,16.625,5.9375
qwen3-4b,55,val,desc,fr,zh,耐心,"Le contraire de ""耐心"" est """,不耐烦,167,157,10.6875,7.28125,-3.40625
qwen3-4b,55,val,val,fr,zh,耐心,"Le contraire de ""耐心"" est """,不耐烦,167,294,10.6875,6.625,-4.0625
qwen3-4b,55,val,freq,fr,zh,耐心,"Le contraire de ""耐心"" est """,不耐烦,167,5,10.6875,12.875,2.1875
qwen3-4b,55,freq,desc,fr,zh,耐心,"Le contraire de ""耐心"" est """,不耐烦,167,173,10.6875,10.4375,-0.25
qwen3-4b,55,freq,val,fr,zh,耐心,"Le contraire de ""耐心"" est """,不耐烦,167,352,10.6875,9.375,-1.3125
qwen3-4b,55,freq,freq,fr,zh,耐心,"Le contraire de ""耐心"" est """,不耐烦,167,211,10.6875,10.125,-0.5625
qwen3-4b,56,desc,desc,fr,zh,诚实,"Le contraire de ""诚实"" est """,不诚实,4,7,15.375,14.9375,-0.4375
qwen3-4b,56,desc,val,fr,zh,诚实,"Le contraire de ""诚实"" est """,不诚实,4,3,15.375,17.25,1.875
qwen3-4b,56,desc,freq,fr,zh,诚实,"Le contraire de ""诚实"" est """,不诚实,4,2,15.375,19.375,4.0
qwen3-4b,56,val,desc,fr,zh,诚实,"Le contraire de ""诚实"" est """,不诚实,4,9,15.375,12.0625,-3.3125
qwen3-4b,56,val,val,fr,zh,诚实,"Le contraire de ""诚实"" est """,不诚实,4,13,15.375,11.0625,-4.3125
qwen3-4b,56,val,freq,fr,zh,诚实,"Le contraire de ""诚实"" est """,不诚实,4,1,15.375,15.4375,0.0625
qwen3-4b,56,freq,desc,fr,zh,诚实,"Le contraire de ""诚实"" est """,不诚实,4,16,15.375,13.9375,-1.4375
qwen3-4b,56,freq,val,fr,zh,诚实,"Le contraire de ""诚实"" est """,不诚实,4,16,15.375,13.6875,-1.6875
qwen3-4b,56,freq,freq,fr,zh,诚实,"Le contraire de ""诚实"" est """,不诚实,4,20,15.375,13.5625,-1.8125
qwen3-4b,57,desc,desc,fr,zh,安全,"Le contraire de ""安全"" est """,危险,4,4,16.875,16.75,-0.125
qwen3-4b,57,desc,val,fr,zh,安全,"Le contraire de ""安全"" est """,危险,4,4,16.875,17.625,0.75
qwen3-4b,57,desc,freq,fr,zh,安全,"Le contraire de ""安全"" est """,危险,4,0,16.875,20.625,3.75
qwen3-4b,57,val,desc,fr,zh,安全,"Le contraire de ""安全"" est """,危险,4,7,16.875,13.125,-3.75
qwen3-4b,57,val,val,fr,zh,安全,"Le contraire de ""安全"" est """,危险,4,8,16.875,12.625,-4.25
qwen3-4b,57,val,freq,fr,zh,安全,"Le contraire de ""安全"" est """,危险,4,1,16.875,16.5,-0.375
qwen3-4b,57,freq,desc,fr,zh,安全,"Le contraire de ""安全"" est """,危险,4,6,16.875,15.625,-1.25
qwen3-4b,57,freq,val,fr,zh,安全,"Le contraire de ""安全"" est """,危险,4,11,16.875,14.5,-2.375
qwen3-4b,57,freq,freq,fr,zh,安全,"Le contraire de ""安全"" est """,危险,4,7,16.875,15.5,-1.375
qwen3-4b,58,desc,desc,fr,zh,积极,"Le contraire de ""积极"" est """,消极,0,0,24.0,23.5,-0.5
qwen3-4b,58,desc,val,fr,zh,积极,"Le contraire de ""积极"" est """,消极,0,0,24.0,25.25,1.25
qwen3-4b,58,desc,freq,fr,zh,积极,"Le contraire de ""积极"" est """,消极,0,0,24.0,23.5,-0.5
qwen3-4b,58,val,desc,fr,zh,积极,"Le contraire de ""积极"" est """,消极,0,0,24.0,21.75,-2.25
qwen3-4b,58,val,val,fr,zh,积极,"Le contraire de ""积极"" est """,消极,0,0,24.0,20.875,-3.125
qwen3-4b,58,val,freq,fr,zh,积极,"Le contraire de ""积极"" est """,消极,0,0,24.0,22.5,-1.5
qwen3-4b,58,freq,desc,fr,zh,积极,"Le contraire de ""积极"" est """,消极,0,0,24.0,22.125,-1.875
qwen3-4b,58,freq,val,fr,zh,积极,"Le contraire de ""积极"" est """,消极,0,0,24.0,22.75,-1.25
qwen3-4b,58,freq,freq,fr,zh,积极,"Le contraire de ""积极"" est """,消极,0,0,24.0,22.125,-1.875
qwen3-4b,59,desc,desc,fr,zh,直,"Le contraire de ""直"" est """,弯,1,1,16.125,16.0,-0.125
qwen3-4b,59,desc,val,fr,zh,直,"Le contraire de ""直"" est """,弯,1,0,16.125,19.75,3.625
qwen3-4b,59,desc,freq,fr,zh,直,"Le contraire de ""直"" est """,弯,1,0,16.125,20.875,4.75
qwen3-4b,59,val,desc,fr,zh,直,"Le contraire de ""直"" est """,弯,1,2,16.125,12.375,-3.75
qwen3-4b,59,val,val,fr,zh,直,"Le contraire de ""直"" est """,弯,1,5,16.125,11.4375,-4.6875
qwen3-4b,59,val,freq,fr,zh,直,"Le contraire de ""直"" est """,弯,1,1,16.125,15.125,-1.0
qwen3-4b,59,freq,desc,fr,zh,直,"Le contraire de ""直"" est """,弯,1,2,16.125,15.25,-0.875
qwen3-4b,59,freq,val,fr,zh,直,"Le contraire de ""直"" est """,弯,1,1,16.125,15.9375,-0.1875
qwen3-4b,59,freq,freq,fr,zh,直,"Le contraire de ""直"" est """,弯,1,2,16.125,14.9375,-1.1875
qwen3-4b,60,desc,desc,fr,zh,完整,"Le contraire de ""完整"" est """,部分,9,7,14.875,14.6875,-0.1875
qwen3-4b,60,desc,val,fr,zh,完整,"Le contraire de ""完整"" est """,部分,9,10,14.875,16.375,1.5
qwen3-4b,60,desc,freq,fr,zh,完整,"Le contraire de ""完整"" est """,部分,9,7,14.875,14.3125,-0.5625
qwen3-4b,60,val,desc,fr,zh,完整,"Le contraire de ""完整"" est """,部分,9,8,14.875,12.5625,-2.3125
qwen3-4b,60,val,val,fr,zh,完整,"Le contraire de ""完整"" est """,部分,9,21,14.875,11.25,-3.625
qwen3-4b,60,val,freq,fr,zh,完整,"Le contraire de ""完整"" est """,部分,9,6,14.875,13.5625,-1.3125
qwen3-4b,60,freq,desc,fr,zh,完整,"Le contraire de ""完整"" est """,部分,9,13,14.875,13.3125,-1.5625
qwen3-4b,60,freq,val,fr,zh,完整,"Le contraire de ""完整"" est """,部分,9,22,14.875,13.6875,-1.1875
qwen3-4b,60,freq,freq,fr,zh,完整,"Le contraire de ""完整"" est """,部分,9,12,14.875,13.25,-1.625
qwen3-4b,61,desc,desc,fr,zh,平静,"Le contraire de ""平静"" est """,激动,38,41,12.375,12.25,-0.125
qwen3-4b,61,desc,val,fr,zh,平静,"Le contraire de ""平静"" est """,激动,38,26,12.375,14.625,2.25
qwen3-4b,61,desc,freq,fr,zh,平静,"Le contraire de ""平静"" est """,激动,38,1,12.375,17.875,5.5
qwen3-4b,61,val,desc,fr,zh,平静,"Le contraire de ""平静"" est """,激动,38,31,12.375,10.75,-1.625
qwen3-4b,61,val,val,fr,zh,平静,"Le contraire de ""平静"" est """,激动,38,49,12.375,9.6875,-2.6875
qwen3-4b,61,val,freq,fr,zh,平静,"Le contraire de ""平静"" est """,激动,38,1,12.375,17.875,5.5
qwen3-4b,61,freq,desc,fr,zh,平静,"Le contraire de ""平静"" est """,激动,38,40,12.375,12.1875,-0.1875
qwen3-4b,61,freq,val,fr,zh,平静,"Le contraire de ""平静"" est """,激动,38,80,12.375,12.0625,-0.3125
qwen3-4b,61,freq,freq,fr,zh,平静,"Le contraire de ""平静"" est """,激动,38,47,12.375,11.9375,-0.4375
qwen3-4b,62,desc,desc,fr,zh,正确,"Le contraire de ""正确"" est """,错误,0,0,20.625,20.5,-0.125
qwen3-4b,62,desc,val,fr,zh,正确,"Le contraire de ""正确"" est """,错误,0,0,20.625,22.0,1.375
qwen3-4b,62,desc,freq,fr,zh,正确,"Le contraire de ""正确"" est """,错误,0,0,20.625,21.625,1.0
qwen3-4b,62,val,desc,fr,zh,正确,"Le contraire de ""正确"" est """,错误,0,0,20.625,18.625,-2.0
qwen3-4b,62,val,val,fr,zh,正确,"Le contraire de ""正确"" est """,错误,0,0,20.625,18.125,-2.5
qwen3-4b,62,val,freq,fr,zh,正确,"Le contraire de ""正确"" est """,错误,0,0,20.625,21.125,0.5
qwen3-4b,62,freq,desc,fr,zh,正确,"Le contraire de ""正确"" est """,错误,0,0,20.625,19.0,-1.625
qwen3-4b,62,freq,val,fr,zh,正确,"Le contraire de ""正确"" est """,错误,0,1,20.625,19.875,-0.75
qwen3-4b,62,freq,freq,fr,zh,正确,"Le contraire de ""正确"" est """,错误,0,1,20.625,18.875,-1.75
qwen3-4b,63,desc,desc,fr,zh,复杂,"Le contraire de ""复杂"" est """,简单,1,1,21.25,21.125,-0.125
qwen3-4b,63,desc,val,fr,zh,复杂,"Le contraire de ""复杂"" est """,简单,1,1,21.25,22.375,1.125
qwen3-4b,63,desc,freq,fr,zh,复杂,"Le contraire de ""复杂"" est """,简单,1,0,21.25,22.125,0.875
qwen3-4b,63,val,desc,fr,zh,复杂,"Le contraire de ""复杂"" est """,简单,1,1,21.25,18.25,-3.0
qwen3-4b,63,val,val,fr,zh,复杂,"Le contraire de ""复杂"" est """,简单,1,1,21.25,17.625,-3.625
qwen3-4b,63,val,freq,fr,zh,复杂,"Le contraire de ""复杂"" est """,简单,1,0,21.25,20.75,-0.5
qwen3-4b,63,freq,desc,fr,zh,复杂,"Le contraire de ""复杂"" est """,简单,1,1,21.25,20.625,-0.625
qwen3-4b,63,freq,val,fr,zh,复杂,"Le contraire de ""复杂"" est """,简单,1,1,21.25,20.375,-0.875
qwen3-4b,63,freq,freq,fr,zh,复杂,"Le contraire de ""复杂"" est """,简单,1,1,21.25,20.625,-0.625
qwen3-4b,64,desc,desc,fr,zh,有效,"Le contraire de ""有效"" est """,无效,1,1,19.25,18.875,-0.375
qwen3-4b,64,desc,val,fr,zh,有效,"Le contraire de ""有效"" est """,无效,1,1,19.25,19.625,0.375
qwen3-4b,64,desc,freq,fr,zh,有效,"Le contraire de ""有效"" est """,无效,1,0,19.25,21.75,2.5
qwen3-4b,64,val,desc,fr,zh,有效,"Le contraire de ""有效"" est """,无效,1,5,19.25,14.125,-5.125
qwen3-4b,64,val,val,fr,zh,有效,"Le contraire de ""有效"" est """,无效,1,6,19.25,13.0625,-6.1875
qwen3-4b,64,val,freq,fr,zh,有效,"Le contraire de ""有效"" est """,无效,1,0,19.25,18.0,-1.25
qwen3-4b,64,freq,desc,fr,zh,有效,"Le contraire de ""有效"" est """,无效,1,2,19.25,17.5,-1.75
qwen3-4b,64,freq,val,fr,zh,有效,"Le contraire de ""有效"" est """,无效,1,3,19.25,17.125,-2.125
qwen3-4b,64,freq,freq,fr,zh,有效,"Le contraire de ""有效"" est """,无效,1,2,19.25,17.375,-1.875
qwen3-4b,65,desc,desc,fr,zh,著名,"Le contraire de ""著名"" est """,不为人知,1,1,17.375,16.625,-0.75
qwen3-4b,65,desc,val,fr,zh,著名,"Le contraire de ""著名"" est """,不为人知,1,0,17.375,19.75,2.375
qwen3-4b,65,desc,freq,fr,zh,著名,"Le contraire de ""著名"" est """,不为人知,1,0,17.375,19.875,2.5
qwen3-4b,65,val,desc,fr,zh,著名,"Le contraire de ""著名"" est """,不为人知,1,1,17.375,16.25,-1.125
qwen3-4b,65,val,val,fr,zh,著名,"Le contraire de ""著名"" est """,不为人知,1,2,17.375,14.0,-3.375
qwen3-4b,65,val,freq,fr,zh,著名,"Le contraire de ""著名"" est """,不为人知,1,0,17.375,20.5,3.125
qwen3-4b,65,freq,desc,fr,zh,著名,"Le contraire de ""著名"" est """,不为人知,1,4,17.375,15.625,-1.75
qwen3-4b,65,freq,val,fr,zh,著名,"Le contraire de ""著名"" est """,不为人知,1,3,17.375,16.375,-1.0
qwen3-4b,65,freq,freq,fr,zh,著名,"Le contraire de ""著名"" est """,不为人知,1,6,17.375,15.125,-2.25
qwen3-4b,66,desc,desc,fr,zh,慷慨,"Le contraire de ""慷慨"" est """,吝啬,4,5,16.125,15.75,-0.375
qwen3-4b,66,desc,val,fr,zh,慷慨,"Le contraire de ""慷慨"" est """,吝啬,4,2,16.125,17.5,1.375
qwen3-4b,66,desc,freq,fr,zh,慷慨,"Le contraire de ""慷慨"" est """,吝啬,4,1,16.125,18.875,2.75
qwen3-4b,66,val,desc,fr,zh,慷慨,"Le contraire de ""慷慨"" est """,吝啬,4,3,16.125,13.625,-2.5
qwen3-4b,66,val,val,fr,zh,慷慨,"Le contraire de ""慷慨"" est """,吝啬,4,7,16.125,12.5,-3.625
qwen3-4b,66,val,freq,fr,zh,慷慨,"Le contraire de ""慷慨"" est """,吝啬,4,1,16.125,15.125,-1.0
qwen3-4b,66,freq,desc,fr,zh,慷慨,"Le contraire de ""慷慨"" est """,吝啬,4,7,16.125,15.125,-1.0
qwen3-4b,66,freq,val,fr,zh,慷慨,"Le contraire de ""慷慨"" est """,吝啬,4,8,16.125,14.9375,-1.1875
qwen3-4b,66,freq,freq,fr,zh,慷慨,"Le contraire de ""慷慨"" est """,吝啬,4,7,16.125,14.875,-1.25
qwen3-4b,67,desc,desc,fr,zh,高兴,"Le contraire de ""高兴"" est """,不高兴,17,19,15.3125,14.875,-0.4375
qwen3-4b,67,desc,val,fr,zh,高兴,"Le contraire de ""高兴"" est """,不高兴,17,5,15.3125,16.125,0.8125
qwen3-4b,67,desc,freq,fr,zh,高兴,"Le contraire de ""高兴"" est """,不高兴,17,3,15.3125,18.375,3.0625
qwen3-4b,67,val,desc,fr,zh,高兴,"Le contraire de ""高兴"" est """,不高兴,17,17,15.3125,10.875,-4.4375
qwen3-4b,67,val,val,fr,zh,高兴,"Le contraire de ""高兴"" est """,不高兴,17,18,15.3125,10.125,-5.1875
qwen3-4b,67,val,freq,fr,zh,高兴,"Le contraire de ""高兴"" est """,不高兴,17,5,15.3125,14.5,-0.8125
qwen3-4b,67,freq,desc,fr,zh,高兴,"Le contraire de ""高兴"" est """,不高兴,17,45,15.3125,13.25,-2.0625
qwen3-4b,67,freq,val,fr,zh,高兴,"Le contraire de ""高兴"" est """,不高兴,17,50,15.3125,12.625,-2.6875
qwen3-4b,67,freq,freq,fr,zh,高兴,"Le contraire de ""高兴"" est """,不高兴,17,54,15.3125,12.875,-2.4375
qwen3-4b,68,desc,desc,fr,zh,健康,"Le contraire de ""健康"" est """,生病,5,5,15.0625,15.0625,0.0
qwen3-4b,68,desc,val,fr,zh,健康,"Le contraire de ""健康"" est """,生病,5,5,15.0625,16.625,1.5625
qwen3-4b,68,desc,freq,fr,zh,健康,"Le contraire de ""健康"" est """,生病,5,2,15.0625,17.375,2.3125
qwen3-4b,68,val,desc,fr,zh,健康,"Le contraire de ""健康"" est """,生病,5,7,15.0625,12.3125,-2.75
qwen3-4b,68,val,val,fr,zh,健康,"Le contraire de ""健康"" est """,生病,5,10,15.0625,12.25,-2.8125
qwen3-4b,68,val,freq,fr,zh,健康,"Le contraire de ""健康"" est """,生病,5,2,15.0625,14.5625,-0.5
qwen3-4b,68,freq,desc,fr,zh,健康,"Le contraire de ""健康"" est """,生病,5,6,15.0625,14.1875,-0.875
qwen3-4b,68,freq,val,fr,zh,健康,"Le contraire de ""健康"" est """,生病,5,6,15.0625,15.1875,0.125
qwen3-4b,68,freq,freq,fr,zh,健康,"Le contraire de ""健康"" est """,生病,5,6,15.0625,14.375,-0.6875
qwen3-4b,69,desc,desc,fr,zh,高,"Le contraire de ""高"" est """,低,0,0,19.375,19.125,-0.25
qwen3-4b,69,desc,val,fr,zh,高,"Le contraire de ""高"" est """,低,0,0,19.375,21.625,2.25
qwen3-4b,69,desc,freq,fr,zh,高,"Le contraire de ""高"" est """,低,0,0,19.375,21.625,2.25
qwen3-4b,69,val,desc,fr,zh,高,"Le contraire de ""高"" est """,低,0,0,19.375,16.125,-3.25
qwen3-4b,69,val,val,fr,zh,高,"Le contraire de ""高"" est """,低,0,0,19.375,15.75,-3.625
qwen3-4b,69,val,freq,fr,zh,高,"Le contraire de ""高"" est """,低,0,0,19.375,17.375,-2.0
qwen3-4b,69,freq,desc,fr,zh,高,"Le contraire de ""高"" est """,低,0,0,19.375,19.125,-0.25
qwen3-4b,69,freq,val,fr,zh,高,"Le contraire de ""高"" est """,低,0,0,19.375,19.375,0.0
qwen3-4b,69,freq,freq,fr,zh,高,"Le contraire de ""高"" est """,低,0,0,19.375,19.0,-0.375
qwen3-4b,70,desc,desc,fr,zh,重要,"Le contraire de ""重要"" est """,不重要,2,3,16.5,16.125,-0.375
qwen3-4b,70,desc,val,fr,zh,重要,"Le contraire de ""重要"" est """,不重要,2,2,16.5,18.25,1.75
qwen3-4b,70,desc,freq,fr,zh,重要,"Le contraire de ""重要"" est """,不重要,2,0,16.5,21.0,4.5
qwen3-4b,70,val,desc,fr,zh,重要,"Le contraire de ""重要"" est """,不重要,2,2,16.5,15.1875,-1.3125
qwen3-4b,70,val,val,fr,zh,重要,"Le contraire de ""重要"" est """,不重要,2,2,16.5,13.9375,-2.5625
qwen3-4b,70,val,freq,fr,zh,重要,"Le contraire de ""重要"" est """,不重要,2,0,16.5,19.625,3.125
qwen3-4b,70,freq,desc,fr,zh,重要,"Le contraire de ""重要"" est """,不重要,2,3,16.5,16.125,-0.375
qwen3-4b,70,freq,val,fr,zh,重要,"Le contraire de ""重要"" est """,不重要,2,6,16.5,15.9375,-0.5625
qwen3-4b,70,freq,freq,fr,zh,重要,"Le contraire de ""重要"" est """,不重要,2,4,16.5,15.875,-0.625
qwen3-4b,71,desc,desc,fr,zh,无辜,"Le contraire de ""无辜"" est """,有罪,0,0,18.75,18.375,-0.375
qwen3-4b,71,desc,val,fr,zh,无辜,"Le contraire de ""无辜"" est """,有罪,0,0,18.75,20.0,1.25
qwen3-4b,71,desc,freq,fr,zh,无辜,"Le contraire de ""无辜"" est """,有罪,0,0,18.75,21.125,2.375
qwen3-4b,71,val,desc,fr,zh,无辜,"Le contraire de ""无辜"" est """,有罪,0,0,18.75,17.625,-1.125
qwen3-4b,71,val,val,fr,zh,无辜,"Le contraire de ""无辜"" est """,有罪,0,3,18.75,16.25,-2.5
qwen3-4b,71,val,freq,fr,zh,无辜,"Le contraire de ""无辜"" est """,有罪,0,0,18.75,18.5,-0.25
qwen3-4b,71,freq,desc,fr,zh,无辜,"Le contraire de ""无辜"" est """,有罪,0,3,18.75,17.5,-1.25
qwen3-4b,71,freq,val,fr,zh,无辜,"Le contraire de ""无辜"" est """,有罪,0,4,18.75,17.125,-1.625
qwen3-4b,71,freq,freq,fr,zh,无辜,"Le contraire de ""无辜"" est """,有罪,0,3,18.75,17.0,-1.75
qwen3-4b,72,desc,desc,fr,zh,已知,"Le contraire de ""已知"" est """,未知,2,2,18.0,18.0,0.0
qwen3-4b,72,desc,val,fr,zh,已知,"Le contraire de ""已知"" est """,未知,2,1,18.0,19.875,1.875
qwen3-4b,72,desc,freq,fr,zh,已知,"Le contraire de ""已知"" est """,未知,2,0,18.0,21.125,3.125
qwen3-4b,72,val,desc,fr,zh,已知,"Le contraire de ""已知"" est """,未知,2,4,18.0,14.75,-3.25
qwen3-4b,72,val,val,fr,zh,已知,"Le contraire de ""已知"" est """,未知,2,5,18.0,13.5,-4.5
qwen3-4b,72,val,freq,fr,zh,已知,"Le contraire de ""已知"" est """,未知,2,0,18.0,17.375,-0.625
qwen3-4b,72,freq,desc,fr,zh,已知,"Le contraire de ""已知"" est """,未知,2,2,18.0,17.5,-0.5
qwen3-4b,72,freq,val,fr,zh,已知,"Le contraire de ""已知"" est """,未知,2,3,18.0,17.625,-0.375
qwen3-4b,72,freq,freq,fr,zh,已知,"Le contraire de ""已知"" est """,未知,2,2,18.0,17.375,-0.625
qwen3-4b,73,desc,desc,fr,zh,男性,"Le contraire de ""男性"" est """,女性,0,0,19.875,19.75,-0.125
qwen3-4b,73,desc,val,fr,zh,男性,"Le contraire de ""男性"" est """,女性,0,1,19.875,21.25,1.375
qwen3-4b,73,desc,freq,fr,zh,男性,"Le contraire de ""男性"" est """,女性,0,0,19.875,22.75,2.875
qwen3-4b,73,val,desc,fr,zh,男性,"Le contraire de ""男性"" est """,女性,0,3,19.875,15.0625,-4.8125
qwen3-4b,73,val,val,fr,zh,男性,"Le contraire de ""男性"" est """,女性,0,3,19.875,14.875,-5.0
qwen3-4b,73,val,freq,fr,zh,男性,"Le contraire de ""男性"" est """,女性,0,0,19.875,17.125,-2.75
qwen3-4b,73,freq,desc,fr,zh,男性,"Le contraire de ""男性"" est """,女性,0,0,19.875,19.0,-0.875
qwen3-4b,73,freq,val,fr,zh,男性,"Le contraire de ""男性"" est """,女性,0,3,19.875,18.75,-1.125
qwen3-4b,73,freq,freq,fr,zh,男性,"Le contraire de ""男性"" est """,女性,0,0,19.875,19.0,-0.875
qwen3-4b,74,desc,desc,fr,zh,正常,"Le contraire de ""正常"" est """,异常,2,2,18.0,17.75,-0.25
qwen3-4b,74,desc,val,fr,zh,正常,"Le contraire de ""正常"" est """,异常,2,2,18.0,19.5,1.5
qwen3-4b,74,desc,freq,fr,zh,正常,"Le contraire de ""正常"" est """,异常,2,0,18.0,21.125,3.125
qwen3-4b,74,val,desc,fr,zh,正常,"Le contraire de ""正常"" est """,异常,2,2,18.0,15.25,-2.75
qwen3-4b,74,val,val,fr,zh,正常,"Le contraire de ""正常"" est """,异常,2,2,18.0,14.6875,-3.3125
qwen3-4b,74,val,freq,fr,zh,正常,"Le contraire de ""正常"" est """,异常,2,0,18.0,18.75,0.75
qwen3-4b,74,freq,desc,fr,zh,正常,"Le contraire de ""正常"" est """,异常,2,2,18.0,17.125,-0.875
qwen3-4b,74,freq,val,fr,zh,正常,"Le contraire de ""正常"" est """,异常,2,4,18.0,16.75,-1.25
qwen3-4b,74,freq,freq,fr,zh,正常,"Le contraire de ""正常"" est """,异常,2,2,18.0,17.0,-1.0
qwen3-4b,75,desc,desc,fr,zh,可能,"Le contraire de ""可能"" est """,不可能,1,1,20.75,20.5,-0.25
qwen3-4b,75,desc,val,fr,zh,可能,"Le contraire de ""可能"" est """,不可能,1,1,20.75,21.125,0.375
qwen3-4b,75,desc,freq,fr,zh,可能,"Le contraire de ""可能"" est """,不可能,1,0,20.75,23.375,2.625
qwen3-4b,75,val,desc,fr,zh,可能,"Le contraire de ""可能"" est """,不可能,1,1,20.75,16.125,-4.625
qwen3-4b,75,val,val,fr,zh,可能,"Le contraire de ""可能"" est """,不可能,1,1,20.75,15.3125,-5.4375
qwen3-4b,75,val,freq,fr,zh,可能,"Le contraire de ""可能"" est """,不可能,1,0,20.75,18.75,-2.0
qwen3-4b,75,freq,desc,fr,zh,可能,"Le contraire de ""可能"" est """,不可能,1,1,20.75,20.125,-0.625
qwen3-4b,75,freq,val,fr,zh,可能,"Le contraire de ""可能"" est """,不可能,1,1,20.75,19.25,-1.5
qwen3-4b,75,freq,freq,fr,zh,可能,"Le contraire de ""可能"" est """,不可能,1,1,20.75,19.875,-0.875
qwen3-4b,76,desc,desc,fr,zh,私人,"Le contraire de ""私人"" est """,公共,1,1,17.625,17.375,-0.25
qwen3-4b,76,desc,val,fr,zh,私人,"Le contraire de ""私人"" est """,公共,1,1,17.625,20.125,2.5
qwen3-4b,76,desc,freq,fr,zh,私人,"Le contraire de ""私人"" est """,公共,1,0,17.625,18.875,1.25
qwen3-4b,76,val,desc,fr,zh,私人,"Le contraire de ""私人"" est """,公共,1,3,17.625,13.75,-3.875
qwen3-4b,76,val,val,fr,zh,私人,"Le contraire de ""私人"" est """,公共,1,3,17.625,13.1875,-4.4375
qwen3-4b,76,val,freq,fr,zh,私人,"Le contraire de ""私人"" est """,公共,1,1,17.625,14.5625,-3.0625
qwen3-4b,76,freq,desc,fr,zh,私人,"Le contraire de ""私人"" est """,公共,1,1,17.625,16.625,-1.0
qwen3-4b,76,freq,val,fr,zh,私人,"Le contraire de ""私人"" est """,公共,1,2,17.625,17.375,-0.25
qwen3-4b,76,freq,freq,fr,zh,私人,"Le contraire de ""私人"" est """,公共,1,1,17.625,16.375,-1.25
qwen3-4b,77,desc,desc,fr,zh,对,"Le contraire de ""对"" est """,错,0,0,20.375,20.0,-0.375
qwen3-4b,77,desc,val,fr,zh,对,"Le contraire de ""对"" est """,错,0,0,20.375,22.375,2.0
qwen3-4b,77,desc,freq,fr,zh,对,"Le contraire de ""对"" est """,错,0,0,20.375,23.25,2.875
qwen3-4b,77,val,desc,fr,zh,对,"Le contraire de ""对"" est """,错,0,0,20.375,17.75,-2.625
qwen3-4b,77,val,val,fr,zh,对,"Le contraire de ""对"" est """,错,0,2,20.375,16.125,-4.25
qwen3-4b,77,val,freq,fr,zh,对,"Le contraire de ""对"" est """,错,0,0,20.375,22.5,2.125
qwen3-4b,77,freq,desc,fr,zh,对,"Le contraire de ""对"" est """,错,0,0,20.375,18.25,-2.125
qwen3-4b,77,freq,val,fr,zh,对,"Le contraire de ""对"" est """,错,0,0,20.375,19.25,-1.125
qwen3-4b,77,freq,freq,fr,zh,对,"Le contraire de ""对"" est """,错,0,0,20.375,17.875,-2.5
qwen3-4b,78,desc,desc,fr,zh,简单,"Le contraire de ""简单"" est """,复杂,3,3,17.25,17.25,0.0
qwen3-4b,78,desc,val,fr,zh,简单,"Le contraire de ""简单"" est """,复杂,3,3,17.25,19.75,2.5
qwen3-4b,78,desc,freq,fr,zh,简单,"Le contraire de ""简单"" est """,复杂,3,0,17.25,20.0,2.75
qwen3-4b,78,val,desc,fr,zh,简单,"Le contraire de ""简单"" est """,复杂,3,3,17.25,15.75,-1.5
qwen3-4b,78,val,val,fr,zh,简单,"Le contraire de ""简单"" est """,复杂,3,4,17.25,14.75,-2.5
qwen3-4b,78,val,freq,fr,zh,简单,"Le contraire de ""简单"" est """,复杂,3,0,17.25,20.25,3.0
qwen3-4b,78,freq,desc,fr,zh,简单,"Le contraire de ""简单"" est """,复杂,3,3,17.25,15.9375,-1.3125
qwen3-4b,78,freq,val,fr,zh,简单,"Le contraire de ""简单"" est """,复杂,3,3,17.25,17.0,-0.25
qwen3-4b,78,freq,freq,fr,zh,简单,"Le contraire de ""简单"" est """,复杂,3,3,17.25,15.75,-1.5
qwen3-4b,79,desc,desc,fr,zh,甜,"Le contraire de ""甜"" est """,苦,0,0,23.0,22.625,-0.375
qwen3-4b,79,desc,val,fr,zh,甜,"Le contraire de ""甜"" est """,苦,0,0,23.0,22.875,-0.125
qwen3-4b,79,desc,freq,fr,zh,甜,"Le contraire de ""甜"" est """,苦,0,0,23.0,22.625,-0.375
qwen3-4b,79,val,desc,fr,zh,甜,"Le contraire de ""甜"" est """,苦,0,0,23.0,20.375,-2.625
qwen3-4b,79,val,val,fr,zh,甜,"Le contraire de ""甜"" est """,苦,0,0,23.0,19.125,-3.875
qwen3-4b,79,val,freq,fr,zh,甜,"Le contraire de ""甜"" est """,苦,0,0,23.0,20.125,-2.875
qwen3-4b,79,freq,desc,fr,zh,甜,"Le contraire de ""甜"" est """,苦,0,0,23.0,21.875,-1.125
qwen3-4b,79,freq,val,fr,zh,甜,"Le contraire de ""甜"" est """,苦,0,0,23.0,21.125,-1.875
qwen3-4b,79,freq,freq,fr,zh,甜,"Le contraire de ""甜"" est """,苦,0,0,23.0,21.5,-1.5
qwen3-4b,80,desc,desc,fr,zh,可见,"Le contraire de ""可见"" est """,不可见,0,0,22.25,22.125,-0.125
qwen3-4b,80,desc,val,fr,zh,可见,"Le contraire de ""可见"" est """,不可见,0,0,22.25,23.5,1.25
qwen3-4b,80,desc,freq,fr,zh,可见,"Le contraire de ""可见"" est """,不可见,0,0,22.25,22.625,0.375
qwen3-4b,80,val,desc,fr,zh,可见,"Le contraire de ""可见"" est """,不可见,0,0,22.25,20.0,-2.25
qwen3-4b,80,val,val,fr,zh,可见,"Le contraire de ""可见"" est """,不可见,0,0,22.25,19.25,-3.0
qwen3-4b,80,val,freq,fr,zh,可见,"Le contraire de ""可见"" est """,不可见,0,0,22.25,21.25,-1.0
qwen3-4b,80,freq,desc,fr,zh,可见,"Le contraire de ""可见"" est """,不可见,0,0,22.25,21.5,-0.75
qwen3-4b,80,freq,val,fr,zh,可见,"Le contraire de ""可见"" est """,不可见,0,0,22.25,21.75,-0.5
qwen3-4b,80,freq,freq,fr,zh,可见,"Le contraire de ""可见"" est """,不可见,0,0,22.25,21.25,-1.0
qwen3-4b,81,desc,desc,fr,zh,暖和,"Le contraire de ""暖和"" est """,冷,14,16,14.0,13.4375,-0.5625
qwen3-4b,81,desc,val,fr,zh,暖和,"Le contraire de ""暖和"" est """,冷,14,7,14.0,15.375,1.375
qwen3-4b,81,desc,freq,fr,zh,暖和,"Le contraire de ""暖和"" est """,冷,14,1,14.0,19.75,5.75
qwen3-4b,81,val,desc,fr,zh,暖和,"Le contraire de ""暖和"" est """,冷,14,23,14.0,9.875,-4.125
qwen3-4b,81,val,val,fr,zh,暖和,"Le contraire de ""暖和"" est """,冷,14,24,14.0,9.6875,-4.3125
qwen3-4b,81,val,freq,fr,zh,暖和,"Le contraire de ""暖和"" est """,冷,14,2,14.0,13.8125,-0.1875
qwen3-4b,81,freq,desc,fr,zh,暖和,"Le contraire de ""暖和"" est """,冷,14,31,14.0,11.875,-2.125
qwen3-4b,81,freq,val,fr,zh,暖和,"Le contraire de ""暖和"" est """,冷,14,77,14.0,10.8125,-3.1875
qwen3-4b,81,freq,freq,fr,zh,暖和,"Le contraire de ""暖和"" est """,冷,14,40,14.0,11.375,-2.625
qwen3-4b,82,desc,desc,fr,zh,光滑,"Le contraire de ""光滑"" est """,粗糙,0,0,20.5,20.5,0.0
qwen3-4b,82,desc,val,fr,zh,光滑,"Le contraire de ""光滑"" est """,粗糙,0,0,20.5,23.125,2.625
qwen3-4b,82,desc,freq,fr,zh,光滑,"Le contraire de ""光滑"" est """,粗糙,0,0,20.5,21.625,1.125
qwen3-4b,82,val,desc,fr,zh,光滑,"Le contraire de ""光滑"" est """,粗糙,0,1,20.5,16.25,-4.25
qwen3-4b,82,val,val,fr,zh,光滑,"Le contraire de ""光滑"" est """,粗糙,0,3,20.5,15.5625,-4.9375
qwen3-4b,82,val,freq,fr,zh,光滑,"Le contraire de ""光滑"" est """,粗糙,0,0,20.5,18.375,-2.125
qwen3-4b,82,freq,desc,fr,zh,光滑,"Le contraire de ""光滑"" est """,粗糙,0,0,20.5,19.875,-0.625
qwen3-4b,82,freq,val,fr,zh,光滑,"Le contraire de ""光滑"" est """,粗糙,0,1,20.5,20.125,-0.375
qwen3-4b,82,freq,freq,fr,zh,光滑,"Le contraire de ""光滑"" est """,粗糙,0,0,20.5,19.625,-0.875
qwen3-4b,83,desc,desc,fr,zh,薄,"Le contraire de ""薄"" est """,厚,0,0,18.875,18.625,-0.25
qwen3-4b,83,desc,val,fr,zh,薄,"Le contraire de ""薄"" est """,厚,0,0,18.875,20.5,1.625
qwen3-4b,83,desc,freq,fr,zh,薄,"Le contraire de ""薄"" est """,厚,0,0,18.875,21.0,2.125
qwen3-4b,83,val,desc,fr,zh,薄,"Le contraire de ""薄"" est """,厚,0,0,18.875,12.5625,-6.3125
qwen3-4b,83,val,val,fr,zh,薄,"Le contraire de ""薄"" est """,厚,0,1,18.875,12.3125,-6.5625
qwen3-4b,83,val,freq,fr,zh,薄,"Le contraire de ""薄"" est """,厚,0,0,18.875,13.75,-5.125
qwen3-4b,83,freq,desc,fr,zh,薄,"Le contraire de ""薄"" est """,厚,0,0,18.875,19.0,0.125
qwen3-4b,83,freq,val,fr,zh,薄,"Le contraire de ""薄"" est """,厚,0,0,18.875,18.25,-0.625
qwen3-4b,83,freq,freq,fr,zh,薄,"Le contraire de ""薄"" est """,厚,0,0,18.875,18.875,0.0
qwen3-4b,84,desc,desc,fr,zh,高,"Le contraire de ""高"" est """,矮,9,10,11.75,11.625,-0.125
qwen3-4b,84,desc,val,fr,zh,高,"Le contraire de ""高"" est """,矮,9,9,11.75,13.8125,2.0625
qwen3-4b,84,desc,freq,fr,zh,高,"Le contraire de ""高"" est """,矮,9,2,11.75,14.5625,2.8125
qwen3-4b,84,val,desc,fr,zh,高,"Le contraire de ""高"" est """,矮,9,12,11.75,8.5,-3.25
qwen3-4b,84,val,val,fr,zh,高,"Le contraire de ""高"" est """,矮,9,15,11.75,8.1875,-3.5625
qwen3-4b,84,val,freq,fr,zh,高,"Le contraire de ""高"" est """,矮,9,2,11.75,10.8125,-0.9375
qwen3-4b,84,freq,desc,fr,zh,高,"Le contraire de ""高"" est """,矮,9,19,11.75,11.0,-0.75
qwen3-4b,84,freq,val,fr,zh,高,"Le contraire de ""高"" est """,矮,9,27,11.75,11.375,-0.375
qwen3-4b,84,freq,freq,fr,zh,高,"Le contraire de ""高"" est """,矮,9,20,11.75,10.875,-0.875
qwen3-4b,85,desc,desc,fr,zh,已婚,"Le contraire de ""已婚"" est """,单身,0,0,20.0,19.875,-0.125
qwen3-4b,85,desc,val,fr,zh,已婚,"Le contraire de ""已婚"" est """,单身,0,0,20.0,23.125,3.125
qwen3-4b,85,desc,freq,fr,zh,已婚,"Le contraire de ""已婚"" est """,单身,0,0,20.0,24.0,4.0
qwen3-4b,85,val,desc,fr,zh,已婚,"Le contraire de ""已婚"" est """,单身,0,0,20.0,17.5,-2.5
qwen3-4b,85,val,val,fr,zh,已婚,"Le contraire de ""已婚"" est """,单身,0,3,20.0,17.25,-2.75
qwen3-4b,85,val,freq,fr,zh,已婚,"Le contraire de ""已婚"" est """,单身,0,0,20.0,17.0,-3.0
qwen3-4b,85,freq,desc,fr,zh,已婚,"Le contraire de ""已婚"" est """,单身,0,0,20.0,19.5,-0.5
qwen3-4b,85,freq,val,fr,zh,已婚,"Le contraire de ""已婚"" est """,单身,0,0,20.0,20.875,0.875
qwen3-4b,85,freq,freq,fr,zh,已婚,"Le contraire de ""已婚"" est """,单身,0,1,20.0,19.375,-0.625
qwen3-4b,86,desc,desc,fr,zh,乐观,"Le contraire de ""乐观"" est """,悲观,0,0,24.0,23.5,-0.5
qwen3-4b,86,desc,val,fr,zh,乐观,"Le contraire de ""乐观"" est """,悲观,0,0,24.0,23.875,-0.125
qwen3-4b,86,desc,freq,fr,zh,乐观,"Le contraire de ""乐观"" est """,悲观,0,0,24.0,22.875,-1.125
qwen3-4b,86,val,desc,fr,zh,乐观,"Le contraire de ""乐观"" est """,悲观,0,0,24.0,18.375,-5.625
qwen3-4b,86,val,val,fr,zh,乐观,"Le contraire de ""乐观"" est """,悲观,0,0,24.0,18.125,-5.875
qwen3-4b,86,val,freq,fr,zh,乐观,"Le contraire de ""乐观"" est """,悲观,0,0,24.0,17.625,-6.375
qwen3-4b,86,freq,desc,fr,zh,乐观,"Le contraire de ""乐观"" est """,悲观,0,0,24.0,22.75,-1.25
qwen3-4b,86,freq,val,fr,zh,乐观,"Le contraire de ""乐观"" est """,悲观,0,0,24.0,21.75,-2.25
qwen3-4b,86,freq,freq,fr,zh,乐观,"Le contraire de ""乐观"" est """,悲观,0,0,24.0,22.75,-1.25
qwen3-4b,87,desc,desc,fr,zh,永久,"Le contraire de ""永久"" est """,临时,5,5,16.375,15.875,-0.5
qwen3-4b,87,desc,val,fr,zh,永久,"Le contraire de ""永久"" est """,临时,5,5,16.375,17.375,1.0
qwen3-4b,87,desc,freq,fr,zh,永久,"Le contraire de ""永久"" est """,临时,5,2,16.375,17.875,1.5
qwen3-4b,87,val,desc,fr,zh,永久,"Le contraire de ""永久"" est """,临时,5,12,16.375,10.1875,-6.1875
qwen3-4b,87,val,val,fr,zh,永久,"Le contraire de ""永久"" est """,临时,5,14,16.375,9.5625,-6.8125
qwen3-4b,87,val,freq,fr,zh,永久,"Le contraire de ""永久"" est """,临时,5,3,16.375,13.5,-2.875
qwen3-4b,87,freq,desc,fr,zh,永久,"Le contraire de ""永久"" est """,临时,5,6,16.375,13.625,-2.75
qwen3-4b,87,freq,val,fr,zh,永久,"Le contraire de ""永久"" est """,临时,5,15,16.375,13.625,-2.75
qwen3-4b,87,freq,freq,fr,zh,永久,"Le contraire de ""永久"" est """,临时,5,7,16.375,13.5,-2.875
qwen3-4b,88,desc,desc,fr,zh,现在,"Le contraire de ""现在"" est """,过去,43,43,11.75,11.75,0.0
qwen3-4b,88,desc,val,fr,zh,现在,"Le contraire de ""现在"" est """,过去,43,37,11.75,13.9375,2.1875
qwen3-4b,88,desc,freq,fr,zh,现在,"Le contraire de ""现在"" est """,过去,43,0,11.75,20.25,8.5
qwen3-4b,88,val,desc,fr,zh,现在,"Le contraire de ""现在"" est """,过去,43,153,11.75,8.4375,-3.3125
qwen3-4b,88,val,val,fr,zh,现在,"Le contraire de ""现在"" est """,过去,43,280,11.75,7.5,-4.25
qwen3-4b,88,val,freq,fr,zh,现在,"Le contraire de ""现在"" est """,过去,43,0,11.75,18.125,6.375
qwen3-4b,88,freq,desc,fr,zh,现在,"Le contraire de ""现在"" est """,过去,43,58,11.75,11.125,-0.625
qwen3-4b,88,freq,val,fr,zh,现在,"Le contraire de ""现在"" est """,过去,43,154,11.75,10.875,-0.875
qwen3-4b,88,freq,freq,fr,zh,现在,"Le contraire de ""现在"" est """,过去,43,69,11.75,10.8125,-0.9375
qwen3-4b,89,desc,desc,fr,zh,公共,"Le contraire de ""公共"" est """,私人,4,4,15.625,15.4375,-0.1875
qwen3-4b,89,desc,val,fr,zh,公共,"Le contraire de ""公共"" est """,私人,4,5,15.625,17.375,1.75
qwen3-4b,89,desc,freq,fr,zh,公共,"Le contraire de ""公共"" est """,私人,4,0,15.625,19.375,3.75
qwen3-4b,89,val,desc,fr,zh,公共,"Le contraire de ""公共"" est """,私人,4,16,15.625,10.4375,-5.1875
qwen3-4b,89,val,val,fr,zh,公共,"Le contraire de ""公共"" est """,私人,4,25,15.625,9.625,-6.0
qwen3-4b,89,val,freq,fr,zh,公共,"Le contraire de ""公共"" est """,私人,4,0,15.625,16.625,1.0
qwen3-4b,89,freq,desc,fr,zh,公共,"Le contraire de ""公共"" est """,私人,4,5,15.625,14.3125,-1.3125
qwen3-4b,89,freq,val,fr,zh,公共,"Le contraire de ""公共"" est """,私人,4,10,15.625,14.375,-1.25
qwen3-4b,89,freq,freq,fr,zh,公共,"Le contraire de ""公共"" est """,私人,4,5,15.625,14.25,-1.375
qwen3-4b,90,desc,desc,fr,zh,真实,"Le contraire de ""真实"" est """,虚假,0,1,19.125,18.875,-0.25
qwen3-4b,90,desc,val,fr,zh,真实,"Le contraire de ""真实"" est """,虚假,0,1,19.125,20.25,1.125
qwen3-4b,90,desc,freq,fr,zh,真实,"Le contraire de ""真实"" est """,虚假,0,0,19.125,21.0,1.875
qwen3-4b,90,val,desc,fr,zh,真实,"Le contraire de ""真实"" est """,虚假,0,1,19.125,15.875,-3.25
qwen3-4b,90,val,val,fr,zh,真实,"Le contraire de ""真实"" est """,虚假,0,1,19.125,15.0625,-4.0625
qwen3-4b,90,val,freq,fr,zh,真实,"Le contraire de ""真实"" est """,虚假,0,0,19.125,18.875,-0.25
qwen3-4b,90,freq,desc,fr,zh,真实,"Le contraire de ""真实"" est """,虚假,0,1,19.125,17.75,-1.375
qwen3-4b,90,freq,val,fr,zh,真实,"Le contraire de ""真实"" est """,虚假,0,1,19.125,17.75,-1.375
qwen3-4b,90,freq,freq,fr,zh,真实,"Le contraire de ""真实"" est """,虚假,0,1,19.125,17.625,-1.5
qwen3-4b,91,desc,desc,fr,zh,负责,"Le contraire de ""负责"" est """,不负责,42,42,12.0,11.9375,-0.0625
qwen3-4b,91,desc,val,fr,zh,负责,"Le contraire de ""负责"" est """,不负责,42,22,12.0,14.9375,2.9375
qwen3-4b,91,desc,freq,fr,zh,负责,"Le contraire de ""负责"" est """,不负责,42,1,12.0,17.125,5.125
qwen3-4b,91,val,desc,fr,zh,负责,"Le contraire de ""负责"" est """,不负责,42,112,12.0,8.625,-3.375
qwen3-4b,91,val,val,fr,zh,负责,"Le contraire de ""负责"" est """,不负责,42,319,12.0,7.34375,-4.65625
qwen3-4b,91,val,freq,fr,zh,负责,"Le contraire de ""负责"" est """,不负责,42,2,12.0,14.5,2.5
qwen3-4b,91,freq,desc,fr,zh,负责,"Le contraire de ""负责"" est """,不负责,42,49,12.0,11.5,-0.5
qwen3-4b,91,freq,val,fr,zh,负责,"Le contraire de ""负责"" est """,不负责,42,83,12.0,12.1875,0.1875
qwen3-4b,91,freq,freq,fr,zh,负责,"Le contraire de ""负责"" est """,不负责,42,70,12.0,11.125,-0.875
qwen3-4b,92,desc,desc,fr,zh,单身,"Le contraire de ""单身"" est """,已婚,8,9,12.9375,12.625,-0.3125
qwen3-4b,92,desc,val,fr,zh,单身,"Le contraire de ""单身"" est """,已婚,8,4,12.9375,15.5625,2.625
qwen3-4b,92,desc,freq,fr,zh,单身,"Le contraire de ""单身"" est """,已婚,8,0,12.9375,18.0,5.0625
qwen3-4b,92,val,desc,fr,zh,单身,"Le contraire de ""单身"" est """,已婚,8,5,12.9375,11.6875,-1.25
qwen3-4b,92,val,val,fr,zh,单身,"Le contraire de ""单身"" est """,已婚,8,13,12.9375,10.3125,-2.625
qwen3-4b,92,val,freq,fr,zh,单身,"Le contraire de ""单身"" est """,已婚,8,0,12.9375,15.6875,2.75
qwen3-4b,92,freq,desc,fr,zh,单身,"Le contraire de ""单身"" est """,已婚,8,15,12.9375,11.5625,-1.375
qwen3-4b,92,freq,val,fr,zh,单身,"Le contraire de ""单身"" est """,已婚,8,34,12.9375,12.1875,-0.75
qwen3-4b,92,freq,freq,fr,zh,单身,"Le contraire de ""单身"" est """,已婚,8,19,12.9375,11.25,-1.6875
qwen3-4b,93,desc,desc,fr,zh,酸,"Le contraire de ""酸"" est """,甜,147,146,9.375,9.3125,-0.0625
qwen3-4b,93,desc,val,fr,zh,酸,"Le contraire de ""酸"" est """,甜,147,29,9.375,14.0,4.625
qwen3-4b,93,desc,freq,fr,zh,酸,"Le contraire de ""酸"" est """,甜,147,4,9.375,14.3125,4.9375
qwen3-4b,93,val,desc,fr,zh,酸,"Le contraire de ""酸"" est """,甜,147,128,9.375,8.0,-1.375
qwen3-4b,93,val,val,fr,zh,酸,"Le contraire de ""酸"" est """,甜,147,173,9.375,7.53125,-1.84375
qwen3-4b,93,val,freq,fr,zh,酸,"Le contraire de ""酸"" est """,甜,147,20,9.375,10.375,1.0
qwen3-4b,93,freq,desc,fr,zh,酸,"Le contraire de ""酸"" est """,甜,147,180,9.375,9.1875,-0.1875
qwen3-4b,93,freq,val,fr,zh,酸,"Le contraire de ""酸"" est """,甜,147,139,9.375,11.1875,1.8125
qwen3-4b,93,freq,freq,fr,zh,酸,"Le contraire de ""酸"" est """,甜,147,193,9.375,9.0,-0.375
qwen3-4b,94,desc,desc,fr,zh,有用,"Le contraire de ""有用"" est """,没用,6,9,15.8125,15.5,-0.3125
qwen3-4b,94,desc,val,fr,zh,有用,"Le contraire de ""有用"" est """,没用,6,4,15.8125,17.125,1.3125
qwen3-4b,94,desc,freq,fr,zh,有用,"Le contraire de ""有用"" est """,没用,6,1,15.8125,19.0,3.1875
qwen3-4b,94,val,desc,fr,zh,有用,"Le contraire de ""有用"" est """,没用,6,7,15.8125,11.0625,-4.75
qwen3-4b,94,val,val,fr,zh,有用,"Le contraire de ""有用"" est """,没用,6,9,15.8125,10.375,-5.4375
qwen3-4b,94,val,freq,fr,zh,有用,"Le contraire de ""有用"" est """,没用,6,1,15.8125,15.875,0.0625
qwen3-4b,94,freq,desc,fr,zh,有用,"Le contraire de ""有用"" est """,没用,6,12,15.8125,14.375,-1.4375
qwen3-4b,94,freq,val,fr,zh,有用,"Le contraire de ""有用"" est """,没用,6,18,15.8125,13.8125,-2.0
qwen3-4b,94,freq,freq,fr,zh,有用,"Le contraire de ""有用"" est """,没用,6,14,15.8125,14.0625,-1.75
qwen3-4b,95,desc,desc,fr,zh,垂直,"Le contraire de ""垂直"" est """,水平,1,1,20.75,20.75,0.0
qwen3-4b,95,desc,val,fr,zh,垂直,"Le contraire de ""垂直"" est """,水平,1,1,20.75,21.0,0.25
qwen3-4b,95,desc,freq,fr,zh,垂直,"Le contraire de ""垂直"" est """,水平,1,0,20.75,21.125,0.375
qwen3-4b,95,val,desc,fr,zh,垂直,"Le contraire de ""垂直"" est """,水平,1,1,20.75,17.625,-3.125
qwen3-4b,95,val,val,fr,zh,垂直,"Le contraire de ""垂直"" est """,水平,1,1,20.75,17.0,-3.75
qwen3-4b,95,val,freq,fr,zh,垂直,"Le contraire de ""垂直"" est """,水平,1,0,20.75,20.375,-0.375
qwen3-4b,95,freq,desc,fr,zh,垂直,"Le contraire de ""垂直"" est """,水平,1,1,20.75,20.0,-0.75
qwen3-4b,95,freq,val,fr,zh,垂直,"Le contraire de ""垂直"" est """,水平,1,2,20.75,19.5,-1.25
qwen3-4b,95,freq,freq,fr,zh,垂直,"Le contraire de ""垂直"" est """,水平,1,1,20.75,20.0,-0.75
qwen3-4b,96,desc,desc,fr,zh,好,"Le contraire de ""好"" est """,差,2,2,15.5625,15.25,-0.3125
qwen3-4b,96,desc,val,fr,zh,好,"Le contraire de ""好"" est """,差,2,1,15.5625,18.75,3.1875
qwen3-4b,96,desc,freq,fr,zh,好,"Le contraire de ""好"" est """,差,2,1,15.5625,17.375,1.8125
qwen3-4b,96,val,desc,fr,zh,好,"Le contraire de ""好"" est """,差,2,2,15.5625,15.0,-0.5625
qwen3-4b,96,val,val,fr,zh,好,"Le contraire de ""好"" est """,差,2,2,15.5625,14.125,-1.4375
qwen3-4b,96,val,freq,fr,zh,好,"Le contraire de ""好"" est """,差,2,0,15.5625,17.0,1.4375
qwen3-4b,96,freq,desc,fr,zh,好,"Le contraire de ""好"" est """,差,2,2,15.5625,14.1875,-1.375
qwen3-4b,96,freq,val,fr,zh,好,"Le contraire de ""好"" est """,差,2,2,15.5625,15.8125,0.25
qwen3-4b,96,freq,freq,fr,zh,好,"Le contraire de ""好"" est """,差,2,2,15.5625,13.9375,-1.625
qwen3-4b,97,desc,desc,fr,zh,获胜,"Le contraire de ""获胜"" est """,失败,4,4,16.75,16.5,-0.25
qwen3-4b,97,desc,val,fr,zh,获胜,"Le contraire de ""获胜"" est """,失败,4,4,16.75,17.25,0.5
qwen3-4b,97,desc,freq,fr,zh,获胜,"Le contraire de ""获胜"" est """,失败,4,0,16.75,20.5,3.75
qwen3-4b,97,val,desc,fr,zh,获胜,"Le contraire de ""获胜"" est """,失败,4,9,16.75,12.4375,-4.3125
qwen3-4b,97,val,val,fr,zh,获胜,"Le contraire de ""获胜"" est """,失败,4,12,16.75,11.8125,-4.9375
qwen3-4b,97,val,freq,fr,zh,获胜,"Le contraire de ""获胜"" est """,失败,4,0,16.75,17.25,0.5
qwen3-4b,97,freq,desc,fr,zh,获胜,"Le contraire de ""获胜"" est """,失败,4,5,16.75,15.3125,-1.4375
qwen3-4b,97,freq,val,fr,zh,获胜,"Le contraire de ""获胜"" est """,失败,4,7,16.75,14.4375,-2.3125
qwen3-4b,97,freq,freq,fr,zh,获胜,"Le contraire de ""获胜"" est """,失败,4,5,16.75,15.125,-1.625
qwen3-4b,98,desc,desc,fr,zh,不善良,"Le contraire de ""不善良"" est """,善良,0,0,21.0,20.5,-0.5
qwen3-4b,98,desc,val,fr,zh,不善良,"Le contraire de ""不善良"" est """,善良,0,0,21.0,22.625,1.625
qwen3-4b,98,desc,freq,fr,zh,不善良,"Le contraire de ""不善良"" est """,善良,0,0,21.0,22.25,1.25
qwen3-4b,98,val,desc,fr,zh,不善良,"Le contraire de ""不善良"" est """,善良,0,0,21.0,17.875,-3.125
qwen3-4b,98,val,val,fr,zh,不善良,"Le contraire de ""不善良"" est """,善良,0,0,21.0,17.0,-4.0
qwen3-4b,98,val,freq,fr,zh,不善良,"Le contraire de ""不善良"" est """,善良,0,0,21.0,20.125,-0.875
qwen3-4b,98,freq,desc,fr,zh,不善良,"Le contraire de ""不善良"" est """,善良,0,0,21.0,19.375,-1.625
qwen3-4b,98,freq,val,fr,zh,不善良,"Le contraire de ""不善良"" est """,善良,0,0,21.0,20.5,-0.5
qwen3-4b,98,freq,freq,fr,zh,不善良,"Le contraire de ""不善良"" est """,善良,0,0,21.0,19.125,-1.875
qwen3-4b,99,desc,desc,fr,zh,懦弱,"Le contraire de ""懦弱"" est """,勇敢,10,11,15.5,15.5,0.0
qwen3-4b,99,desc,val,fr,zh,懦弱,"Le contraire de ""懦弱"" est """,勇敢,10,7,15.5,16.75,1.25
qwen3-4b,99,desc,freq,fr,zh,懦弱,"Le contraire de ""懦弱"" est """,勇敢,10,0,15.5,21.25,5.75
qwen3-4b,99,val,desc,fr,zh,懦弱,"Le contraire de ""懦弱"" est """,勇敢,10,17,15.5,12.0,-3.5
qwen3-4b,99,val,val,fr,zh,懦弱,"Le contraire de ""懦弱"" est """,勇敢,10,23,15.5,11.25,-4.25
qwen3-4b,99,val,freq,fr,zh,懦弱,"Le contraire de ""懦弱"" est """,勇敢,10,1,15.5,16.625,1.125
qwen3-4b,99,freq,desc,fr,zh,懦弱,"Le contraire de ""懦弱"" est """,勇敢,10,6,15.5,15.8125,0.3125
qwen3-4b,99,freq,val,fr,zh,懦弱,"Le contraire de ""懦弱"" est """,勇敢,10,14,15.5,15.0,-0.5
qwen3-4b,99,freq,freq,fr,zh,懦弱,"Le contraire de ""懦弱"" est """,勇敢,10,10,15.5,15.5,0.0
