model,sample_idx,ablation_method,amplification_method,prompt_lang,adj_lang,adjective,prompt,tracked_target,baseline_adj_rank,combined_adj_rank,baseline_target_logit,combined_target_logit,delta_combined_logit
gemma-2-2b,0,desc,desc,de,de,gut,"Das Gegenteil von ""gut"" ist """,schlecht,0,2,20.875,20.875,0.0
gemma-2-2b,0,desc,val,de,de,gut,"Das Gegenteil von ""gut"" ist """,schlecht,0,3,20.875,19.375,-1.5
gemma-2-2b,0,desc,freq,de,de,gut,"Das Gegenteil von ""gut"" ist """,schlecht,0,3,20.875,18.375,-2.5
gemma-2-2b,0,val,desc,de,de,gut,"Das Gegenteil von ""gut"" ist """,schlecht,0,0,20.875,21.875,1.0
gemma-2-2b,0,val,val,de,de,gut,"Das Gegenteil von ""gut"" ist """,schlecht,0,0,20.875,21.625,0.75
gemma-2-2b,0,val,freq,de,de,gut,"Das Gegenteil von ""gut"" ist """,schlecht,0,0,20.875,20.125,-0.75
gemma-2-2b,0,freq,desc,de,de,gut,"Das Gegenteil von ""gut"" ist """,schlecht,0,4,20.875,21.0,0.125
gemma-2-2b,0,freq,val,de,de,gut,"Das Gegenteil von ""gut"" ist """,schlecht,0,3,20.875,19.75,-1.125
gemma-2-2b,0,freq,freq,de,de,gut,"Das Gegenteil von ""gut"" ist """,schlecht,0,2,20.875,21.125,0.25
gemma-2-2b,1,desc,desc,de,de,glücklich,"Das Gegenteil von ""glücklich"" ist """,unglücklich,1,5,19.625,21.0,1.375
gemma-2-2b,1,desc,val,de,de,glücklich,"Das Gegenteil von ""glücklich"" ist """,unglücklich,1,5,19.625,19.75,0.125
gemma-2-2b,1,desc,freq,de,de,glücklich,"Das Gegenteil von ""glücklich"" ist """,unglücklich,1,7,19.625,19.125,-0.5
gemma-2-2b,1,val,desc,de,de,glücklich,"Das Gegenteil von ""glücklich"" ist """,unglücklich,1,5,19.625,19.5,-0.125
gemma-2-2b,1,val,val,de,de,glücklich,"Das Gegenteil von ""glücklich"" ist """,unglücklich,1,3,19.625,21.625,2.0
gemma-2-2b,1,val,freq,de,de,glücklich,"Das Gegenteil von ""glücklich"" ist """,unglücklich,1,21,19.625,17.875,-1.75
gemma-2-2b,1,freq,desc,de,de,glücklich,"Das Gegenteil von ""glücklich"" ist """,unglücklich,1,7,19.625,21.5,1.875
gemma-2-2b,1,freq,val,de,de,glücklich,"Das Gegenteil von ""glücklich"" ist """,unglücklich,1,6,19.625,20.0,0.375
gemma-2-2b,1,freq,freq,de,de,glücklich,"Das Gegenteil von ""glücklich"" ist """,unglücklich,1,7,19.625,21.375,1.75
gemma-2-2b,2,desc,desc,de,de,groß,"Das Gegenteil von ""groß"" ist """,klein,0,0,21.375,22.875,1.5
gemma-2-2b,2,desc,val,de,de,groß,"Das Gegenteil von ""groß"" ist """,klein,0,0,21.375,21.625,0.25
gemma-2-2b,2,desc,freq,de,de,groß,"Das Gegenteil von ""groß"" ist """,klein,0,0,21.375,18.625,-2.75
gemma-2-2b,2,val,desc,de,de,groß,"Das Gegenteil von ""groß"" ist """,klein,0,0,21.375,22.5,1.125
gemma-2-2b,2,val,val,de,de,groß,"Das Gegenteil von ""groß"" ist """,klein,0,0,21.375,23.5,2.125
gemma-2-2b,2,val,freq,de,de,groß,"Das Gegenteil von ""groß"" ist """,klein,0,0,21.375,19.75,-1.625
gemma-2-2b,2,freq,desc,de,de,groß,"Das Gegenteil von ""groß"" ist """,klein,0,0,21.375,22.75,1.375
gemma-2-2b,2,freq,val,de,de,groß,"Das Gegenteil von ""groß"" ist """,klein,0,0,21.375,22.375,1.0
gemma-2-2b,2,freq,freq,de,de,groß,"Das Gegenteil von ""groß"" ist """,klein,0,0,21.375,23.125,1.75
gemma-2-2b,3,desc,desc,de,de,heiß,"Das Gegenteil von ""heiß"" ist """,kalt,0,1,19.75,21.25,1.5
gemma-2-2b,3,desc,val,de,de,heiß,"Das Gegenteil von ""heiß"" ist """,kalt,0,1,19.75,19.5,-0.25
gemma-2-2b,3,desc,freq,de,de,heiß,"Das Gegenteil von ""heiß"" ist """,kalt,0,0,19.75,18.0,-1.75
gemma-2-2b,3,val,desc,de,de,heiß,"Das Gegenteil von ""heiß"" ist """,kalt,0,0,19.75,21.375,1.625
gemma-2-2b,3,val,val,de,de,heiß,"Das Gegenteil von ""heiß"" ist """,kalt,0,1,19.75,22.625,2.875
gemma-2-2b,3,val,freq,de,de,heiß,"Das Gegenteil von ""heiß"" ist """,kalt,0,0,19.75,19.875,0.125
gemma-2-2b,3,freq,desc,de,de,heiß,"Das Gegenteil von ""heiß"" ist """,kalt,0,1,19.75,21.75,2.0
gemma-2-2b,3,freq,val,de,de,heiß,"Das Gegenteil von ""heiß"" ist """,kalt,0,1,19.75,21.375,1.625
gemma-2-2b,3,freq,freq,de,de,heiß,"Das Gegenteil von ""heiß"" ist """,kalt,0,1,19.75,21.875,2.125
gemma-2-2b,4,desc,desc,de,de,schnell,"Das Gegenteil von ""schnell"" ist """,langsam,0,1,21.5,22.25,0.75
gemma-2-2b,4,desc,val,de,de,schnell,"Das Gegenteil von ""schnell"" ist """,langsam,0,1,21.5,21.0,-0.5
gemma-2-2b,4,desc,freq,de,de,schnell,"Das Gegenteil von ""schnell"" ist """,langsam,0,1,21.5,20.625,-0.875
gemma-2-2b,4,val,desc,de,de,schnell,"Das Gegenteil von ""schnell"" ist """,langsam,0,1,21.5,21.875,0.375
gemma-2-2b,4,val,val,de,de,schnell,"Das Gegenteil von ""schnell"" ist """,langsam,0,0,21.5,23.375,1.875
gemma-2-2b,4,val,freq,de,de,schnell,"Das Gegenteil von ""schnell"" ist """,langsam,0,1,21.5,20.75,-0.75
gemma-2-2b,4,freq,desc,de,de,schnell,"Das Gegenteil von ""schnell"" ist """,langsam,0,1,21.5,21.875,0.375
gemma-2-2b,4,freq,val,de,de,schnell,"Das Gegenteil von ""schnell"" ist """,langsam,0,1,21.5,21.0,-0.5
gemma-2-2b,4,freq,freq,de,de,schnell,"Das Gegenteil von ""schnell"" ist """,langsam,0,1,21.5,22.0,0.5
gemma-2-2b,5,desc,desc,de,de,leicht,"Das Gegenteil von ""leicht"" ist """,schwer,0,1,21.625,22.25,0.625
gemma-2-2b,5,desc,val,de,de,leicht,"Das Gegenteil von ""leicht"" ist """,schwer,0,1,21.625,21.125,-0.5
gemma-2-2b,5,desc,freq,de,de,leicht,"Das Gegenteil von ""leicht"" ist """,schwer,0,1,21.625,20.25,-1.375
gemma-2-2b,5,val,desc,de,de,leicht,"Das Gegenteil von ""leicht"" ist """,schwer,0,1,21.625,23.625,2.0
gemma-2-2b,5,val,val,de,de,leicht,"Das Gegenteil von ""leicht"" ist """,schwer,0,0,21.625,23.5,1.875
gemma-2-2b,5,val,freq,de,de,leicht,"Das Gegenteil von ""leicht"" ist """,schwer,0,1,21.625,21.25,-0.375
gemma-2-2b,5,freq,desc,de,de,leicht,"Das Gegenteil von ""leicht"" ist """,schwer,0,0,21.625,22.5,0.875
gemma-2-2b,5,freq,val,de,de,leicht,"Das Gegenteil von ""leicht"" ist """,schwer,0,1,21.625,21.5,-0.125
gemma-2-2b,5,freq,freq,de,de,leicht,"Das Gegenteil von ""leicht"" ist """,schwer,0,0,21.625,22.625,1.0
gemma-2-2b,6,desc,desc,de,de,einfach,"Das Gegenteil von ""einfach"" ist """,schwierig,0,0,21.375,22.0,0.625
gemma-2-2b,6,desc,val,de,de,einfach,"Das Gegenteil von ""einfach"" ist """,schwierig,0,1,21.375,20.5,-0.875
gemma-2-2b,6,desc,freq,de,de,einfach,"Das Gegenteil von ""einfach"" ist """,schwierig,0,4,21.375,19.875,-1.5
gemma-2-2b,6,val,desc,de,de,einfach,"Das Gegenteil von ""einfach"" ist """,schwierig,0,0,21.375,23.375,2.0
gemma-2-2b,6,val,val,de,de,einfach,"Das Gegenteil von ""einfach"" ist """,schwierig,0,0,21.375,23.0,1.625
gemma-2-2b,6,val,freq,de,de,einfach,"Das Gegenteil von ""einfach"" ist """,schwierig,0,0,21.375,21.0,-0.375
gemma-2-2b,6,freq,desc,de,de,einfach,"Das Gegenteil von ""einfach"" ist """,schwierig,0,4,21.375,22.0,0.625
gemma-2-2b,6,freq,val,de,de,einfach,"Das Gegenteil von ""einfach"" ist """,schwierig,0,1,21.375,21.125,-0.25
gemma-2-2b,6,freq,freq,de,de,einfach,"Das Gegenteil von ""einfach"" ist """,schwierig,0,2,21.375,22.125,0.75
gemma-2-2b,7,desc,desc,de,de,neu,"Das Gegenteil von ""neu"" ist """,alt,0,4,22.75,20.25,-2.5
gemma-2-2b,7,desc,val,de,de,neu,"Das Gegenteil von ""neu"" ist """,alt,0,3,22.75,19.625,-3.125
gemma-2-2b,7,desc,freq,de,de,neu,"Das Gegenteil von ""neu"" ist """,alt,0,2,22.75,18.125,-4.625
gemma-2-2b,7,val,desc,de,de,neu,"Das Gegenteil von ""neu"" ist """,alt,0,0,22.75,22.125,-0.625
gemma-2-2b,7,val,val,de,de,neu,"Das Gegenteil von ""neu"" ist """,alt,0,4,22.75,21.5,-1.25
gemma-2-2b,7,val,freq,de,de,neu,"Das Gegenteil von ""neu"" ist """,alt,0,3,22.75,18.25,-4.5
gemma-2-2b,7,freq,desc,de,de,neu,"Das Gegenteil von ""neu"" ist """,alt,0,9,22.75,20.125,-2.625
gemma-2-2b,7,freq,val,de,de,neu,"Das Gegenteil von ""neu"" ist """,alt,0,6,22.75,19.125,-3.625
gemma-2-2b,7,freq,freq,de,de,neu,"Das Gegenteil von ""neu"" ist """,alt,0,10,22.75,20.0,-2.75
gemma-2-2b,8,desc,desc,de,de,wahr,"Das Gegenteil von ""wahr"" ist """,falsch,0,0,18.25,19.25,1.0
gemma-2-2b,8,desc,val,de,de,wahr,"Das Gegenteil von ""wahr"" ist """,falsch,0,0,18.25,18.125,-0.125
gemma-2-2b,8,desc,freq,de,de,wahr,"Das Gegenteil von ""wahr"" ist """,falsch,0,0,18.25,15.375,-2.875
gemma-2-2b,8,val,desc,de,de,wahr,"Das Gegenteil von ""wahr"" ist """,falsch,0,0,18.25,18.25,0.0
gemma-2-2b,8,val,val,de,de,wahr,"Das Gegenteil von ""wahr"" ist """,falsch,0,0,18.25,20.375,2.125
gemma-2-2b,8,val,freq,de,de,wahr,"Das Gegenteil von ""wahr"" ist """,falsch,0,1,18.25,15.6875,-2.5625
gemma-2-2b,8,freq,desc,de,de,wahr,"Das Gegenteil von ""wahr"" ist """,falsch,0,0,18.25,17.875,-0.375
gemma-2-2b,8,freq,val,de,de,wahr,"Das Gegenteil von ""wahr"" ist """,falsch,0,0,18.25,17.5,-0.75
gemma-2-2b,8,freq,freq,de,de,wahr,"Das Gegenteil von ""wahr"" ist """,falsch,0,1,18.25,18.125,-0.125
gemma-2-2b,9,desc,desc,de,de,lebendig,"Das Gegenteil von ""lebendig"" ist """,tot,0,113,19.75,17.375,-2.375
gemma-2-2b,9,desc,val,de,de,lebendig,"Das Gegenteil von ""lebendig"" ist """,tot,0,100,19.75,16.125,-3.625
gemma-2-2b,9,desc,freq,de,de,lebendig,"Das Gegenteil von ""lebendig"" ist """,tot,0,1280,19.75,12.25,-7.5
gemma-2-2b,9,val,desc,de,de,lebendig,"Das Gegenteil von ""lebendig"" ist """,tot,0,20,19.75,19.25,-0.5
gemma-2-2b,9,val,val,de,de,lebendig,"Das Gegenteil von ""lebendig"" ist """,tot,0,57,19.75,19.0,-0.75
gemma-2-2b,9,val,freq,de,de,lebendig,"Das Gegenteil von ""lebendig"" ist """,tot,0,753,19.75,12.875,-6.875
gemma-2-2b,9,freq,desc,de,de,lebendig,"Das Gegenteil von ""lebendig"" ist """,tot,0,732,19.75,15.5,-4.25
gemma-2-2b,9,freq,val,de,de,lebendig,"Das Gegenteil von ""lebendig"" ist """,tot,0,670,19.75,13.625,-6.125
gemma-2-2b,9,freq,freq,de,de,lebendig,"Das Gegenteil von ""lebendig"" ist """,tot,0,759,19.75,15.5,-4.25
gemma-2-2b,10,desc,desc,de,de,voll,"Das Gegenteil von ""voll"" ist """,leer,0,4,20.625,20.125,-0.5
gemma-2-2b,10,desc,val,de,de,voll,"Das Gegenteil von ""voll"" ist """,leer,0,2,20.625,19.75,-0.875
gemma-2-2b,10,desc,freq,de,de,voll,"Das Gegenteil von ""voll"" ist """,leer,0,9,20.625,16.375,-4.25
gemma-2-2b,10,val,desc,de,de,voll,"Das Gegenteil von ""voll"" ist """,leer,0,1,20.625,22.25,1.625
gemma-2-2b,10,val,val,de,de,voll,"Das Gegenteil von ""voll"" ist """,leer,0,0,20.625,22.125,1.5
gemma-2-2b,10,val,freq,de,de,voll,"Das Gegenteil von ""voll"" ist """,leer,0,10,20.625,17.0,-3.625
gemma-2-2b,10,freq,desc,de,de,voll,"Das Gegenteil von ""voll"" ist """,leer,0,9,20.625,19.75,-0.875
gemma-2-2b,10,freq,val,de,de,voll,"Das Gegenteil von ""voll"" ist """,leer,0,6,20.625,19.125,-1.5
gemma-2-2b,10,freq,freq,de,de,voll,"Das Gegenteil von ""voll"" ist """,leer,0,9,20.625,19.875,-0.75
gemma-2-2b,11,desc,desc,de,de,hell,"Das Gegenteil von ""hell"" ist """,dunkel,0,1,21.5,19.875,-1.625
gemma-2-2b,11,desc,val,de,de,hell,"Das Gegenteil von ""hell"" ist """,dunkel,0,1,21.5,19.875,-1.625
gemma-2-2b,11,desc,freq,de,de,hell,"Das Gegenteil von ""hell"" ist """,dunkel,0,16,21.5,13.625,-7.875
gemma-2-2b,11,val,desc,de,de,hell,"Das Gegenteil von ""hell"" ist """,dunkel,0,0,21.5,21.25,-0.25
gemma-2-2b,11,val,val,de,de,hell,"Das Gegenteil von ""hell"" ist """,dunkel,0,1,21.5,22.0,0.5
gemma-2-2b,11,val,freq,de,de,hell,"Das Gegenteil von ""hell"" ist """,dunkel,0,33,21.5,13.125,-8.375
gemma-2-2b,11,freq,desc,de,de,hell,"Das Gegenteil von ""hell"" ist """,dunkel,0,1,21.5,19.75,-1.75
gemma-2-2b,11,freq,val,de,de,hell,"Das Gegenteil von ""hell"" ist """,dunkel,0,1,21.5,19.5,-2.0
gemma-2-2b,11,freq,freq,de,de,hell,"Das Gegenteil von ""hell"" ist """,dunkel,0,1,21.5,19.875,-1.625
gemma-2-2b,12,desc,desc,de,de,stark,"Das Gegenteil von ""stark"" ist """,schwach,0,0,20.875,22.0,1.125
gemma-2-2b,12,desc,val,de,de,stark,"Das Gegenteil von ""stark"" ist """,schwach,0,0,20.875,21.0,0.125
gemma-2-2b,12,desc,freq,de,de,stark,"Das Gegenteil von ""stark"" ist """,schwach,0,5,20.875,18.875,-2.0
gemma-2-2b,12,val,desc,de,de,stark,"Das Gegenteil von ""stark"" ist """,schwach,0,0,20.875,23.375,2.5
gemma-2-2b,12,val,val,de,de,stark,"Das Gegenteil von ""stark"" ist """,schwach,0,0,20.875,23.125,2.25
gemma-2-2b,12,val,freq,de,de,stark,"Das Gegenteil von ""stark"" ist """,schwach,0,1,20.875,20.125,-0.75
gemma-2-2b,12,freq,desc,de,de,stark,"Das Gegenteil von ""stark"" ist """,schwach,0,1,20.875,22.5,1.625
gemma-2-2b,12,freq,val,de,de,stark,"Das Gegenteil von ""stark"" ist """,schwach,0,1,20.875,21.5,0.625
gemma-2-2b,12,freq,freq,de,de,stark,"Das Gegenteil von ""stark"" ist """,schwach,0,1,20.875,22.625,1.75
gemma-2-2b,13,desc,desc,de,de,sauber,"Das Gegenteil von ""sauber"" ist """,schmutzig,0,0,20.875,21.875,1.0
gemma-2-2b,13,desc,val,de,de,sauber,"Das Gegenteil von ""sauber"" ist """,schmutzig,0,0,20.875,20.75,-0.125
gemma-2-2b,13,desc,freq,de,de,sauber,"Das Gegenteil von ""sauber"" ist """,schmutzig,0,2,20.875,19.25,-1.625
gemma-2-2b,13,val,desc,de,de,sauber,"Das Gegenteil von ""sauber"" ist """,schmutzig,0,0,20.875,23.125,2.25
gemma-2-2b,13,val,val,de,de,sauber,"Das Gegenteil von ""sauber"" ist """,schmutzig,0,0,20.875,23.0,2.125
gemma-2-2b,13,val,freq,de,de,sauber,"Das Gegenteil von ""sauber"" ist """,schmutzig,0,1,20.875,20.25,-0.625
gemma-2-2b,13,freq,desc,de,de,sauber,"Das Gegenteil von ""sauber"" ist """,schmutzig,0,1,20.875,22.375,1.5
gemma-2-2b,13,freq,val,de,de,sauber,"Das Gegenteil von ""sauber"" ist """,schmutzig,0,2,20.875,21.25,0.375
gemma-2-2b,13,freq,freq,de,de,sauber,"Das Gegenteil von ""sauber"" ist """,schmutzig,0,1,20.875,22.375,1.5
gemma-2-2b,14,desc,desc,de,de,offen,"Das Gegenteil von ""offen"" ist """,geschlossen,0,9,19.5,18.375,-1.125
gemma-2-2b,14,desc,val,de,de,offen,"Das Gegenteil von ""offen"" ist """,geschlossen,0,12,19.5,16.75,-2.75
gemma-2-2b,14,desc,freq,de,de,offen,"Das Gegenteil von ""offen"" ist """,geschlossen,0,19,19.5,14.9375,-4.5625
gemma-2-2b,14,val,desc,de,de,offen,"Das Gegenteil von ""offen"" ist """,geschlossen,0,10,19.5,19.0,-0.5
gemma-2-2b,14,val,val,de,de,offen,"Das Gegenteil von ""offen"" ist """,geschlossen,0,6,19.5,19.625,0.125
gemma-2-2b,14,val,freq,de,de,offen,"Das Gegenteil von ""offen"" ist """,geschlossen,0,22,19.5,16.25,-3.25
gemma-2-2b,14,freq,desc,de,de,offen,"Das Gegenteil von ""offen"" ist """,geschlossen,0,8,19.5,19.125,-0.375
gemma-2-2b,14,freq,val,de,de,offen,"Das Gegenteil von ""offen"" ist """,geschlossen,0,7,19.5,17.875,-1.625
gemma-2-2b,14,freq,freq,de,de,offen,"Das Gegenteil von ""offen"" ist """,geschlossen,0,8,19.5,19.125,-0.375
gemma-2-2b,15,desc,desc,de,de,reich,"Das Gegenteil von ""reich"" ist """,arm,0,7,20.375,18.125,-2.25
gemma-2-2b,15,desc,val,de,de,reich,"Das Gegenteil von ""reich"" ist """,arm,0,8,20.375,16.75,-3.625
gemma-2-2b,15,desc,freq,de,de,reich,"Das Gegenteil von ""reich"" ist """,arm,0,17,20.375,15.375,-5.0
gemma-2-2b,15,val,desc,de,de,reich,"Das Gegenteil von ""reich"" ist """,arm,0,0,20.375,20.875,0.5
gemma-2-2b,15,val,val,de,de,reich,"Das Gegenteil von ""reich"" ist """,arm,0,1,20.375,20.0,-0.375
gemma-2-2b,15,val,freq,de,de,reich,"Das Gegenteil von ""reich"" ist """,arm,0,3,20.375,17.5,-2.875
gemma-2-2b,15,freq,desc,de,de,reich,"Das Gegenteil von ""reich"" ist """,arm,0,53,20.375,17.0,-3.375
gemma-2-2b,15,freq,val,de,de,reich,"Das Gegenteil von ""reich"" ist """,arm,0,53,20.375,15.25,-5.125
gemma-2-2b,15,freq,freq,de,de,reich,"Das Gegenteil von ""reich"" ist """,arm,0,54,20.375,17.0,-3.375
gemma-2-2b,16,desc,desc,de,de,schön,"Das Gegenteil von ""schön"" ist """,hässlich,8,13,17.625,19.5,1.875
gemma-2-2b,16,desc,val,de,de,schön,"Das Gegenteil von ""schön"" ist """,hässlich,8,16,17.625,17.75,0.125
gemma-2-2b,16,desc,freq,de,de,schön,"Das Gegenteil von ""schön"" ist """,hässlich,8,56,17.625,16.25,-1.375
gemma-2-2b,16,val,desc,de,de,schön,"Das Gegenteil von ""schön"" ist """,hässlich,8,12,17.625,19.25,1.625
gemma-2-2b,16,val,val,de,de,schön,"Das Gegenteil von ""schön"" ist """,hässlich,8,25,17.625,19.5,1.875
gemma-2-2b,16,val,freq,de,de,schön,"Das Gegenteil von ""schön"" ist """,hässlich,8,60,17.625,16.125,-1.5
gemma-2-2b,16,freq,desc,de,de,schön,"Das Gegenteil von ""schön"" ist """,hässlich,8,17,17.625,19.625,2.0
gemma-2-2b,16,freq,val,de,de,schön,"Das Gegenteil von ""schön"" ist """,hässlich,8,37,17.625,17.25,-0.375
gemma-2-2b,16,freq,freq,de,de,schön,"Das Gegenteil von ""schön"" ist """,hässlich,8,17,17.625,19.5,1.875
gemma-2-2b,17,desc,desc,de,de,lang,"Das Gegenteil von ""lang"" ist """,kurz,0,1,22.625,23.25,0.625
gemma-2-2b,17,desc,val,de,de,lang,"Das Gegenteil von ""lang"" ist """,kurz,0,1,22.625,22.125,-0.5
gemma-2-2b,17,desc,freq,de,de,lang,"Das Gegenteil von ""lang"" ist """,kurz,0,3,22.625,18.75,-3.875
gemma-2-2b,17,val,desc,de,de,lang,"Das Gegenteil von ""lang"" ist """,kurz,0,0,22.625,24.25,1.625
gemma-2-2b,17,val,val,de,de,lang,"Das Gegenteil von ""lang"" ist """,kurz,0,1,22.625,23.875,1.25
gemma-2-2b,17,val,freq,de,de,lang,"Das Gegenteil von ""lang"" ist """,kurz,0,1,22.625,20.25,-2.375
gemma-2-2b,17,freq,desc,de,de,lang,"Das Gegenteil von ""lang"" ist """,kurz,0,0,22.625,23.625,1.0
gemma-2-2b,17,freq,val,de,de,lang,"Das Gegenteil von ""lang"" ist """,kurz,0,1,22.625,22.75,0.125
gemma-2-2b,17,freq,freq,de,de,lang,"Das Gegenteil von ""lang"" ist """,kurz,0,1,22.625,23.75,1.125
gemma-2-2b,18,desc,desc,de,de,breit,"Das Gegenteil von ""breit"" ist """,eng,12,94,14.25,15.375,1.125
gemma-2-2b,18,desc,val,de,de,breit,"Das Gegenteil von ""breit"" ist """,eng,12,176,14.25,13.25,-1.0
gemma-2-2b,18,desc,freq,de,de,breit,"Das Gegenteil von ""breit"" ist """,eng,12,75,14.25,13.875,-0.375
gemma-2-2b,18,val,desc,de,de,breit,"Das Gegenteil von ""breit"" ist """,eng,12,18,14.25,17.5,3.25
gemma-2-2b,18,val,val,de,de,breit,"Das Gegenteil von ""breit"" ist """,eng,12,87,14.25,16.0,1.75
gemma-2-2b,18,val,freq,de,de,breit,"Das Gegenteil von ""breit"" ist """,eng,12,20,14.25,15.5625,1.3125
gemma-2-2b,18,freq,desc,de,de,breit,"Das Gegenteil von ""breit"" ist """,eng,12,225,14.25,15.25,1.0
gemma-2-2b,18,freq,val,de,de,breit,"Das Gegenteil von ""breit"" ist """,eng,12,208,14.25,13.5625,-0.6875
gemma-2-2b,18,freq,freq,de,de,breit,"Das Gegenteil von ""breit"" ist """,eng,12,188,14.25,15.5,1.25
gemma-2-2b,19,desc,desc,de,de,hart,"Das Gegenteil von ""hart"" ist """,weich,0,1,20.75,20.0,-0.75
gemma-2-2b,19,desc,val,de,de,hart,"Das Gegenteil von ""hart"" ist """,weich,0,2,20.75,18.5,-2.25
gemma-2-2b,19,desc,freq,de,de,hart,"Das Gegenteil von ""hart"" ist """,weich,0,24,20.75,15.375,-5.375
gemma-2-2b,19,val,desc,de,de,hart,"Das Gegenteil von ""hart"" ist """,weich,0,0,20.75,21.0,0.25
gemma-2-2b,19,val,val,de,de,hart,"Das Gegenteil von ""hart"" ist """,weich,0,1,20.75,20.625,-0.125
gemma-2-2b,19,val,freq,de,de,hart,"Das Gegenteil von ""hart"" ist """,weich,0,10,20.75,16.875,-3.875
gemma-2-2b,19,freq,desc,de,de,hart,"Das Gegenteil von ""hart"" ist """,weich,0,1,20.75,20.125,-0.625
gemma-2-2b,19,freq,val,de,de,hart,"Das Gegenteil von ""hart"" ist """,weich,0,1,20.75,18.875,-1.875
gemma-2-2b,19,freq,freq,de,de,hart,"Das Gegenteil von ""hart"" ist """,weich,0,1,20.75,20.375,-0.375
gemma-2-2b,20,desc,desc,de,de,trocken,"Das Gegenteil von ""trocken"" ist """,nass,1,11,18.625,17.5,-1.125
gemma-2-2b,20,desc,val,de,de,trocken,"Das Gegenteil von ""trocken"" ist """,nass,1,8,18.625,16.75,-1.875
gemma-2-2b,20,desc,freq,de,de,trocken,"Das Gegenteil von ""trocken"" ist """,nass,1,48,18.625,13.75,-4.875
gemma-2-2b,20,val,desc,de,de,trocken,"Das Gegenteil von ""trocken"" ist """,nass,1,11,18.625,18.25,-0.375
gemma-2-2b,20,val,val,de,de,trocken,"Das Gegenteil von ""trocken"" ist """,nass,1,14,18.625,18.125,-0.5
gemma-2-2b,20,val,freq,de,de,trocken,"Das Gegenteil von ""trocken"" ist """,nass,1,183,18.625,12.625,-6.0
gemma-2-2b,20,freq,desc,de,de,trocken,"Das Gegenteil von ""trocken"" ist """,nass,1,205,18.625,14.75,-3.875
gemma-2-2b,20,freq,val,de,de,trocken,"Das Gegenteil von ""trocken"" ist """,nass,1,176,18.625,12.6875,-5.9375
gemma-2-2b,20,freq,freq,de,de,trocken,"Das Gegenteil von ""trocken"" ist """,nass,1,179,18.625,14.875,-3.75
gemma-2-2b,21,desc,desc,de,de,laut,"Das Gegenteil von ""laut"" ist """,leise,0,19,19.125,16.75,-2.375
gemma-2-2b,21,desc,val,de,de,laut,"Das Gegenteil von ""laut"" ist """,leise,0,14,19.125,15.5625,-3.5625
gemma-2-2b,21,desc,freq,de,de,laut,"Das Gegenteil von ""laut"" ist """,leise,0,26,19.125,14.25,-4.875
gemma-2-2b,21,val,desc,de,de,laut,"Das Gegenteil von ""laut"" ist """,leise,0,1,19.125,20.125,1.0
gemma-2-2b,21,val,val,de,de,laut,"Das Gegenteil von ""laut"" ist """,leise,0,4,19.125,18.625,-0.5
gemma-2-2b,21,val,freq,de,de,laut,"Das Gegenteil von ""laut"" ist """,leise,0,3,19.125,16.75,-2.375
gemma-2-2b,21,freq,desc,de,de,laut,"Das Gegenteil von ""laut"" ist """,leise,0,15,19.125,17.625,-1.5
gemma-2-2b,21,freq,val,de,de,laut,"Das Gegenteil von ""laut"" ist """,leise,0,17,19.125,15.9375,-3.1875
gemma-2-2b,21,freq,freq,de,de,laut,"Das Gegenteil von ""laut"" ist """,leise,0,18,19.125,17.375,-1.75
gemma-2-2b,22,desc,desc,de,de,früh,"Das Gegenteil von ""früh"" ist """,spät,0,7,19.125,18.125,-1.0
gemma-2-2b,22,desc,val,de,de,früh,"Das Gegenteil von ""früh"" ist """,spät,0,7,19.125,16.375,-2.75
gemma-2-2b,22,desc,freq,de,de,früh,"Das Gegenteil von ""früh"" ist """,spät,0,2,19.125,16.5,-2.625
gemma-2-2b,22,val,desc,de,de,früh,"Das Gegenteil von ""früh"" ist """,spät,0,2,19.125,20.0,0.875
gemma-2-2b,22,val,val,de,de,früh,"Das Gegenteil von ""früh"" ist """,spät,0,5,19.125,19.625,0.5
gemma-2-2b,22,val,freq,de,de,früh,"Das Gegenteil von ""früh"" ist """,spät,0,2,19.125,17.25,-1.875
gemma-2-2b,22,freq,desc,de,de,früh,"Das Gegenteil von ""früh"" ist """,spät,0,11,19.125,18.25,-0.875
gemma-2-2b,22,freq,val,de,de,früh,"Das Gegenteil von ""früh"" ist """,spät,0,12,19.125,16.5,-2.625
gemma-2-2b,22,freq,freq,de,de,früh,"Das Gegenteil von ""früh"" ist """,spät,0,11,19.125,18.25,-0.875
gemma-2-2b,23,desc,desc,de,de,nah,"Das Gegenteil von ""nah"" ist """,fern,0,1,23.0,21.875,-1.125
gemma-2-2b,23,desc,val,de,de,nah,"Das Gegenteil von ""nah"" ist """,fern,0,2,23.0,21.125,-1.875
gemma-2-2b,23,desc,freq,de,de,nah,"Das Gegenteil von ""nah"" ist """,fern,0,15,23.0,18.0,-5.0
gemma-2-2b,23,val,desc,de,de,nah,"Das Gegenteil von ""nah"" ist """,fern,0,0,23.0,23.25,0.25
gemma-2-2b,23,val,val,de,de,nah,"Das Gegenteil von ""nah"" ist """,fern,0,1,23.0,23.25,0.25
gemma-2-2b,23,val,freq,de,de,nah,"Das Gegenteil von ""nah"" ist """,fern,0,8,23.0,18.75,-4.25
gemma-2-2b,23,freq,desc,de,de,nah,"Das Gegenteil von ""nah"" ist """,fern,0,3,23.0,21.75,-1.25
gemma-2-2b,23,freq,val,de,de,nah,"Das Gegenteil von ""nah"" ist """,fern,0,5,23.0,20.375,-2.625
gemma-2-2b,23,freq,freq,de,de,nah,"Das Gegenteil von ""nah"" ist """,fern,0,5,23.0,21.5,-1.5
gemma-2-2b,24,desc,desc,de,de,tief,"Das Gegenteil von ""tief"" ist """,flach,60,752,13.875,13.875,0.0
gemma-2-2b,24,desc,val,de,de,tief,"Das Gegenteil von ""tief"" ist """,flach,60,954,13.875,12.125,-1.75
gemma-2-2b,24,desc,freq,de,de,tief,"Das Gegenteil von ""tief"" ist """,flach,60,2325,13.875,10.625,-3.25
gemma-2-2b,24,val,desc,de,de,tief,"Das Gegenteil von ""tief"" ist """,flach,60,267,13.875,15.375,1.5
gemma-2-2b,24,val,val,de,de,tief,"Das Gegenteil von ""tief"" ist """,flach,60,368,13.875,15.5625,1.6875
gemma-2-2b,24,val,freq,de,de,tief,"Das Gegenteil von ""tief"" ist """,flach,60,988,13.875,11.5625,-2.3125
gemma-2-2b,24,freq,desc,de,de,tief,"Das Gegenteil von ""tief"" ist """,flach,60,1067,13.875,14.25,0.375
gemma-2-2b,24,freq,val,de,de,tief,"Das Gegenteil von ""tief"" ist """,flach,60,1226,13.875,11.8125,-2.0625
gemma-2-2b,24,freq,freq,de,de,tief,"Das Gegenteil von ""tief"" ist """,flach,60,1560,13.875,13.75,-0.125
gemma-2-2b,25,desc,desc,de,de,schlecht,"Das Gegenteil von ""schlecht"" ist """,gut,0,25,23.375,20.0,-3.375
gemma-2-2b,25,desc,val,de,de,schlecht,"Das Gegenteil von ""schlecht"" ist """,gut,0,45,23.375,17.75,-5.625
gemma-2-2b,25,desc,freq,de,de,schlecht,"Das Gegenteil von ""schlecht"" ist """,gut,0,291,23.375,14.5,-8.875
gemma-2-2b,25,val,desc,de,de,schlecht,"Das Gegenteil von ""schlecht"" ist """,gut,0,2,23.375,21.875,-1.5
gemma-2-2b,25,val,val,de,de,schlecht,"Das Gegenteil von ""schlecht"" ist """,gut,0,11,23.375,21.5,-1.875
gemma-2-2b,25,val,freq,de,de,schlecht,"Das Gegenteil von ""schlecht"" ist """,gut,0,32,23.375,16.625,-6.75
gemma-2-2b,25,freq,desc,de,de,schlecht,"Das Gegenteil von ""schlecht"" ist """,gut,0,53,23.375,19.5,-3.875
gemma-2-2b,25,freq,val,de,de,schlecht,"Das Gegenteil von ""schlecht"" ist """,gut,0,67,23.375,17.625,-5.75
gemma-2-2b,25,freq,freq,de,de,schlecht,"Das Gegenteil von ""schlecht"" ist """,gut,0,57,23.375,19.5,-3.875
gemma-2-2b,26,desc,desc,de,de,traurig,"Das Gegenteil von ""traurig"" ist """,glücklich,0,5,20.125,20.375,0.25
gemma-2-2b,26,desc,val,de,de,traurig,"Das Gegenteil von ""traurig"" ist """,glücklich,0,3,20.125,20.0,-0.125
gemma-2-2b,26,desc,freq,de,de,traurig,"Das Gegenteil von ""traurig"" ist """,glücklich,0,0,20.125,18.75,-1.375
gemma-2-2b,26,val,desc,de,de,traurig,"Das Gegenteil von ""traurig"" ist """,glücklich,0,2,20.125,21.125,1.0
gemma-2-2b,26,val,val,de,de,traurig,"Das Gegenteil von ""traurig"" ist """,glücklich,0,3,20.125,21.25,1.125
gemma-2-2b,26,val,freq,de,de,traurig,"Das Gegenteil von ""traurig"" ist """,glücklich,0,0,20.125,19.625,-0.5
gemma-2-2b,26,freq,desc,de,de,traurig,"Das Gegenteil von ""traurig"" ist """,glücklich,0,1,20.125,21.875,1.75
gemma-2-2b,26,freq,val,de,de,traurig,"Das Gegenteil von ""traurig"" ist """,glücklich,0,2,20.125,20.875,0.75
gemma-2-2b,26,freq,freq,de,de,traurig,"Das Gegenteil von ""traurig"" ist """,glücklich,0,1,20.125,22.0,1.875
gemma-2-2b,27,desc,desc,de,de,klein,"Das Gegenteil von ""klein"" ist """,groß,0,0,23.5,23.125,-0.375
gemma-2-2b,27,desc,val,de,de,klein,"Das Gegenteil von ""klein"" ist """,groß,0,0,23.5,21.75,-1.75
gemma-2-2b,27,desc,freq,de,de,klein,"Das Gegenteil von ""klein"" ist """,groß,0,0,23.5,21.25,-2.25
gemma-2-2b,27,val,desc,de,de,klein,"Das Gegenteil von ""klein"" ist """,groß,0,0,23.5,23.125,-0.375
gemma-2-2b,27,val,val,de,de,klein,"Das Gegenteil von ""klein"" ist """,groß,0,0,23.5,23.5,0.0
gemma-2-2b,27,val,freq,de,de,klein,"Das Gegenteil von ""klein"" ist """,groß,0,0,23.5,21.375,-2.125
gemma-2-2b,27,freq,desc,de,de,klein,"Das Gegenteil von ""klein"" ist """,groß,0,0,23.5,23.25,-0.25
gemma-2-2b,27,freq,val,de,de,klein,"Das Gegenteil von ""klein"" ist """,groß,0,0,23.5,22.125,-1.375
gemma-2-2b,27,freq,freq,de,de,klein,"Das Gegenteil von ""klein"" ist """,groß,0,0,23.5,23.5,0.0
gemma-2-2b,28,desc,desc,de,de,kalt,"Das Gegenteil von ""kalt"" ist """,heiß,1,5,19.75,19.25,-0.5
gemma-2-2b,28,desc,val,de,de,kalt,"Das Gegenteil von ""kalt"" ist """,heiß,1,6,19.75,17.375,-2.375
gemma-2-2b,28,desc,freq,de,de,kalt,"Das Gegenteil von ""kalt"" ist """,heiß,1,11,19.75,14.875,-4.875
gemma-2-2b,28,val,desc,de,de,kalt,"Das Gegenteil von ""kalt"" ist """,heiß,1,3,19.75,19.625,-0.125
gemma-2-2b,28,val,val,de,de,kalt,"Das Gegenteil von ""kalt"" ist """,heiß,1,6,19.75,20.25,0.5
gemma-2-2b,28,val,freq,de,de,kalt,"Das Gegenteil von ""kalt"" ist """,heiß,1,10,19.75,16.0,-3.75
gemma-2-2b,28,freq,desc,de,de,kalt,"Das Gegenteil von ""kalt"" ist """,heiß,1,6,19.75,19.75,0.0
gemma-2-2b,28,freq,val,de,de,kalt,"Das Gegenteil von ""kalt"" ist """,heiß,1,7,19.75,18.75,-1.0
gemma-2-2b,28,freq,freq,de,de,kalt,"Das Gegenteil von ""kalt"" ist """,heiß,1,6,19.75,19.875,0.125
gemma-2-2b,29,desc,desc,de,de,langsam,"Das Gegenteil von ""langsam"" ist """,schnell,0,2,21.125,21.625,0.5
gemma-2-2b,29,desc,val,de,de,langsam,"Das Gegenteil von ""langsam"" ist """,schnell,0,3,21.125,20.375,-0.75
gemma-2-2b,29,desc,freq,de,de,langsam,"Das Gegenteil von ""langsam"" ist """,schnell,0,4,21.125,19.75,-1.375
gemma-2-2b,29,val,desc,de,de,langsam,"Das Gegenteil von ""langsam"" ist """,schnell,0,0,21.125,23.0,1.875
gemma-2-2b,29,val,val,de,de,langsam,"Das Gegenteil von ""langsam"" ist """,schnell,0,2,21.125,22.75,1.625
gemma-2-2b,29,val,freq,de,de,langsam,"Das Gegenteil von ""langsam"" ist """,schnell,0,0,21.125,20.625,-0.5
gemma-2-2b,29,freq,desc,de,de,langsam,"Das Gegenteil von ""langsam"" ist """,schnell,0,2,21.125,22.125,1.0
gemma-2-2b,29,freq,val,de,de,langsam,"Das Gegenteil von ""langsam"" ist """,schnell,0,2,21.125,21.0,-0.125
gemma-2-2b,29,freq,freq,de,de,langsam,"Das Gegenteil von ""langsam"" ist """,schnell,0,2,21.125,22.125,1.0
gemma-2-2b,30,desc,desc,de,de,schwer,"Das Gegenteil von ""schwer"" ist """,leicht,0,0,21.75,21.375,-0.375
gemma-2-2b,30,desc,val,de,de,schwer,"Das Gegenteil von ""schwer"" ist """,leicht,0,0,21.75,20.875,-0.875
gemma-2-2b,30,desc,freq,de,de,schwer,"Das Gegenteil von ""schwer"" ist """,leicht,0,2,21.75,16.5,-5.25
gemma-2-2b,30,val,desc,de,de,schwer,"Das Gegenteil von ""schwer"" ist """,leicht,0,0,21.75,22.125,0.375
gemma-2-2b,30,val,val,de,de,schwer,"Das Gegenteil von ""schwer"" ist """,leicht,0,0,21.75,21.875,0.125
gemma-2-2b,30,val,freq,de,de,schwer,"Das Gegenteil von ""schwer"" ist """,leicht,0,1,21.75,17.75,-4.0
gemma-2-2b,30,freq,desc,de,de,schwer,"Das Gegenteil von ""schwer"" ist """,leicht,0,0,21.75,21.5,-0.25
gemma-2-2b,30,freq,val,de,de,schwer,"Das Gegenteil von ""schwer"" ist """,leicht,0,0,21.75,21.5,-0.25
gemma-2-2b,30,freq,freq,de,de,schwer,"Das Gegenteil von ""schwer"" ist """,leicht,0,0,21.75,21.875,0.125
gemma-2-2b,31,desc,desc,de,de,schwierig,"Das Gegenteil von ""schwierig"" ist """,einfach,0,0,21.625,22.0,0.375
gemma-2-2b,31,desc,val,de,de,schwierig,"Das Gegenteil von ""schwierig"" ist """,einfach,0,0,21.625,21.5,-0.125
gemma-2-2b,31,desc,freq,de,de,schwierig,"Das Gegenteil von ""schwierig"" ist """,einfach,0,1,21.625,19.875,-1.75
gemma-2-2b,31,val,desc,de,de,schwierig,"Das Gegenteil von ""schwierig"" ist """,einfach,0,0,21.625,22.375,0.75
gemma-2-2b,31,val,val,de,de,schwierig,"Das Gegenteil von ""schwierig"" ist """,einfach,0,0,21.625,22.875,1.25
gemma-2-2b,31,val,freq,de,de,schwierig,"Das Gegenteil von ""schwierig"" ist """,einfach,0,1,21.625,20.25,-1.375
gemma-2-2b,31,freq,desc,de,de,schwierig,"Das Gegenteil von ""schwierig"" ist """,einfach,0,0,21.625,22.875,1.25
gemma-2-2b,31,freq,val,de,de,schwierig,"Das Gegenteil von ""schwierig"" ist """,einfach,0,0,21.625,21.875,0.25
gemma-2-2b,31,freq,freq,de,de,schwierig,"Das Gegenteil von ""schwierig"" ist """,einfach,0,0,21.625,23.0,1.375
gemma-2-2b,32,desc,desc,de,de,alt,"Das Gegenteil von ""alt"" ist """,neu,1,3,21.75,21.625,-0.125
gemma-2-2b,32,desc,val,de,de,alt,"Das Gegenteil von ""alt"" ist """,neu,1,0,21.75,21.0,-0.75
gemma-2-2b,32,desc,freq,de,de,alt,"Das Gegenteil von ""alt"" ist """,neu,1,1,21.75,19.75,-2.0
gemma-2-2b,32,val,desc,de,de,alt,"Das Gegenteil von ""alt"" ist """,neu,1,0,21.75,23.25,1.5
gemma-2-2b,32,val,val,de,de,alt,"Das Gegenteil von ""alt"" ist """,neu,1,1,21.75,22.875,1.125
gemma-2-2b,32,val,freq,de,de,alt,"Das Gegenteil von ""alt"" ist """,neu,1,1,21.75,20.75,-1.0
gemma-2-2b,32,freq,desc,de,de,alt,"Das Gegenteil von ""alt"" ist """,neu,1,4,21.75,21.875,0.125
gemma-2-2b,32,freq,val,de,de,alt,"Das Gegenteil von ""alt"" ist """,neu,1,2,21.75,21.125,-0.625
gemma-2-2b,32,freq,freq,de,de,alt,"Das Gegenteil von ""alt"" ist """,neu,1,5,21.75,22.0,0.25
gemma-2-2b,33,desc,desc,de,de,falsch,"Das Gegenteil von ""falsch"" ist """,richtig,0,0,19.375,18.25,-1.125
gemma-2-2b,33,desc,val,de,de,falsch,"Das Gegenteil von ""falsch"" ist """,richtig,0,0,19.375,17.75,-1.625
gemma-2-2b,33,desc,freq,de,de,falsch,"Das Gegenteil von ""falsch"" ist """,richtig,0,1,19.375,11.75,-7.625
gemma-2-2b,33,val,desc,de,de,falsch,"Das Gegenteil von ""falsch"" ist """,richtig,0,0,19.375,18.25,-1.125
gemma-2-2b,33,val,val,de,de,falsch,"Das Gegenteil von ""falsch"" ist """,richtig,0,0,19.375,19.5,0.125
gemma-2-2b,33,val,freq,de,de,falsch,"Das Gegenteil von ""falsch"" ist """,richtig,0,1,19.375,12.625,-6.75
gemma-2-2b,33,freq,desc,de,de,falsch,"Das Gegenteil von ""falsch"" ist """,richtig,0,1,19.375,17.625,-1.75
gemma-2-2b,33,freq,val,de,de,falsch,"Das Gegenteil von ""falsch"" ist """,richtig,0,0,19.375,17.75,-1.625
gemma-2-2b,33,freq,freq,de,de,falsch,"Das Gegenteil von ""falsch"" ist """,richtig,0,1,19.375,17.75,-1.625
gemma-2-2b,34,desc,desc,de,de,tot,"Das Gegenteil von ""tot"" ist """,lebendig,0,1,22.125,22.25,0.125
gemma-2-2b,34,desc,val,de,de,tot,"Das Gegenteil von ""tot"" ist """,lebendig,0,1,22.125,21.75,-0.375
gemma-2-2b,34,desc,freq,de,de,tot,"Das Gegenteil von ""tot"" ist """,lebendig,0,0,22.125,20.625,-1.5
gemma-2-2b,34,val,desc,de,de,tot,"Das Gegenteil von ""tot"" ist """,lebendig,0,0,22.125,23.25,1.125
gemma-2-2b,34,val,val,de,de,tot,"Das Gegenteil von ""tot"" ist """,lebendig,0,2,22.125,23.125,1.0
gemma-2-2b,34,val,freq,de,de,tot,"Das Gegenteil von ""tot"" ist """,lebendig,0,0,22.125,21.0,-1.125
gemma-2-2b,34,freq,desc,de,de,tot,"Das Gegenteil von ""tot"" ist """,lebendig,0,0,22.125,23.125,1.0
gemma-2-2b,34,freq,val,de,de,tot,"Das Gegenteil von ""tot"" ist """,lebendig,0,3,22.125,22.25,0.125
gemma-2-2b,34,freq,freq,de,de,tot,"Das Gegenteil von ""tot"" ist """,lebendig,0,1,22.125,23.125,1.0
gemma-2-2b,35,desc,desc,de,de,leer,"Das Gegenteil von ""leer"" ist """,voll,0,1,22.375,21.625,-0.75
gemma-2-2b,35,desc,val,de,de,leer,"Das Gegenteil von ""leer"" ist """,voll,0,1,22.375,20.25,-2.125
gemma-2-2b,35,desc,freq,de,de,leer,"Das Gegenteil von ""leer"" ist """,voll,0,39,22.375,16.5,-5.875
gemma-2-2b,35,val,desc,de,de,leer,"Das Gegenteil von ""leer"" ist """,voll,0,0,22.375,22.875,0.5
gemma-2-2b,35,val,val,de,de,leer,"Das Gegenteil von ""leer"" ist """,voll,0,1,22.375,22.625,0.25
gemma-2-2b,35,val,freq,de,de,leer,"Das Gegenteil von ""leer"" ist """,voll,0,10,22.375,17.875,-4.5
gemma-2-2b,35,freq,desc,de,de,leer,"Das Gegenteil von ""leer"" ist """,voll,0,2,22.375,21.375,-1.0
gemma-2-2b,35,freq,val,de,de,leer,"Das Gegenteil von ""leer"" ist """,voll,0,2,22.375,20.25,-2.125
gemma-2-2b,35,freq,freq,de,de,leer,"Das Gegenteil von ""leer"" ist """,voll,0,2,22.375,21.5,-0.875
gemma-2-2b,36,desc,desc,de,de,dunkel,"Das Gegenteil von ""dunkel"" ist """,hell,0,10,22.0,19.25,-2.75
gemma-2-2b,36,desc,val,de,de,dunkel,"Das Gegenteil von ""dunkel"" ist """,hell,0,7,22.0,18.75,-3.25
gemma-2-2b,36,desc,freq,de,de,dunkel,"Das Gegenteil von ""dunkel"" ist """,hell,0,4,22.0,17.125,-4.875
gemma-2-2b,36,val,desc,de,de,dunkel,"Das Gegenteil von ""dunkel"" ist """,hell,0,0,22.0,21.25,-0.75
gemma-2-2b,36,val,val,de,de,dunkel,"Das Gegenteil von ""dunkel"" ist """,hell,0,3,22.0,21.25,-0.75
gemma-2-2b,36,val,freq,de,de,dunkel,"Das Gegenteil von ""dunkel"" ist """,hell,0,2,22.0,17.25,-4.75
gemma-2-2b,36,freq,desc,de,de,dunkel,"Das Gegenteil von ""dunkel"" ist """,hell,0,47,22.0,18.125,-3.875
gemma-2-2b,36,freq,val,de,de,dunkel,"Das Gegenteil von ""dunkel"" ist """,hell,0,30,22.0,17.125,-4.875
gemma-2-2b,36,freq,freq,de,de,dunkel,"Das Gegenteil von ""dunkel"" ist """,hell,0,46,22.0,18.125,-3.875
gemma-2-2b,37,desc,desc,de,de,schwach,"Das Gegenteil von ""schwach"" ist """,stark,0,0,21.875,22.375,0.5
gemma-2-2b,37,desc,val,de,de,schwach,"Das Gegenteil von ""schwach"" ist """,stark,0,1,21.875,21.625,-0.25
gemma-2-2b,37,desc,freq,de,de,schwach,"Das Gegenteil von ""schwach"" ist """,stark,0,9,21.875,17.75,-4.125
gemma-2-2b,37,val,desc,de,de,schwach,"Das Gegenteil von ""schwach"" ist """,stark,0,3,21.875,21.25,-0.625
gemma-2-2b,37,val,val,de,de,schwach,"Das Gegenteil von ""schwach"" ist """,stark,0,2,21.875,23.0,1.125
gemma-2-2b,37,val,freq,de,de,schwach,"Das Gegenteil von ""schwach"" ist """,stark,0,41,21.875,16.0,-5.875
gemma-2-2b,37,freq,desc,de,de,schwach,"Das Gegenteil von ""schwach"" ist """,stark,0,5,21.875,21.875,0.0
gemma-2-2b,37,freq,val,de,de,schwach,"Das Gegenteil von ""schwach"" ist """,stark,0,4,21.875,21.125,-0.75
gemma-2-2b,37,freq,freq,de,de,schwach,"Das Gegenteil von ""schwach"" ist """,stark,0,3,21.875,22.375,0.5
gemma-2-2b,38,desc,desc,de,de,schmutzig,"Das Gegenteil von ""schmutzig"" ist """,sauber,1,11,20.0,19.125,-0.875
gemma-2-2b,38,desc,val,de,de,schmutzig,"Das Gegenteil von ""schmutzig"" ist """,sauber,1,9,20.0,17.875,-2.125
gemma-2-2b,38,desc,freq,de,de,schmutzig,"Das Gegenteil von ""schmutzig"" ist """,sauber,1,5,20.0,17.0,-3.0
gemma-2-2b,38,val,desc,de,de,schmutzig,"Das Gegenteil von ""schmutzig"" ist """,sauber,1,12,20.0,19.25,-0.75
gemma-2-2b,38,val,val,de,de,schmutzig,"Das Gegenteil von ""schmutzig"" ist """,sauber,1,12,20.0,19.75,-0.25
gemma-2-2b,38,val,freq,de,de,schmutzig,"Das Gegenteil von ""schmutzig"" ist """,sauber,1,33,20.0,15.5625,-4.4375
gemma-2-2b,38,freq,desc,de,de,schmutzig,"Das Gegenteil von ""schmutzig"" ist """,sauber,1,18,20.0,19.75,-0.25
gemma-2-2b,38,freq,val,de,de,schmutzig,"Das Gegenteil von ""schmutzig"" ist """,sauber,1,15,20.0,18.25,-1.75
gemma-2-2b,38,freq,freq,de,de,schmutzig,"Das Gegenteil von ""schmutzig"" ist """,sauber,1,21,20.0,19.75,-0.25
gemma-2-2b,39,desc,desc,de,de,geschlossen,"Das Gegenteil von ""geschlossen"" ist """,offen,0,1,21.625,20.75,-0.875
gemma-2-2b,39,desc,val,de,de,geschlossen,"Das Gegenteil von ""geschlossen"" ist """,offen,0,1,21.625,20.375,-1.25
gemma-2-2b,39,desc,freq,de,de,geschlossen,"Das Gegenteil von ""geschlossen"" ist """,offen,0,10,21.625,15.0,-6.625
gemma-2-2b,39,val,desc,de,de,geschlossen,"Das Gegenteil von ""geschlossen"" ist """,offen,0,0,21.625,22.5,0.875
gemma-2-2b,39,val,val,de,de,geschlossen,"Das Gegenteil von ""geschlossen"" ist """,offen,0,1,21.625,21.875,0.25
gemma-2-2b,39,val,freq,de,de,geschlossen,"Das Gegenteil von ""geschlossen"" ist """,offen,0,11,21.625,16.125,-5.5
gemma-2-2b,39,freq,desc,de,de,geschlossen,"Das Gegenteil von ""geschlossen"" ist """,offen,0,5,21.625,19.875,-1.75
gemma-2-2b,39,freq,val,de,de,geschlossen,"Das Gegenteil von ""geschlossen"" ist """,offen,0,3,21.625,19.75,-1.875
gemma-2-2b,39,freq,freq,de,de,geschlossen,"Das Gegenteil von ""geschlossen"" ist """,offen,0,3,21.625,20.25,-1.375
gemma-2-2b,40,desc,desc,de,de,arm,"Das Gegenteil von ""arm"" ist """,reich,0,1,22.25,22.75,0.5
gemma-2-2b,40,desc,val,de,de,arm,"Das Gegenteil von ""arm"" ist """,reich,0,1,22.25,22.375,0.125
gemma-2-2b,40,desc,freq,de,de,arm,"Das Gegenteil von ""arm"" ist """,reich,0,0,22.25,21.125,-1.125
gemma-2-2b,40,val,desc,de,de,arm,"Das Gegenteil von ""arm"" ist """,reich,0,1,22.25,22.75,0.5
gemma-2-2b,40,val,val,de,de,arm,"Das Gegenteil von ""arm"" ist """,reich,0,4,22.25,23.25,1.0
gemma-2-2b,40,val,freq,de,de,arm,"Das Gegenteil von ""arm"" ist """,reich,0,2,22.25,20.125,-2.125
gemma-2-2b,40,freq,desc,de,de,arm,"Das Gegenteil von ""arm"" ist """,reich,0,4,22.25,22.75,0.5
gemma-2-2b,40,freq,val,de,de,arm,"Das Gegenteil von ""arm"" ist """,reich,0,5,22.25,21.75,-0.5
gemma-2-2b,40,freq,freq,de,de,arm,"Das Gegenteil von ""arm"" ist """,reich,0,2,22.25,23.0,0.75
gemma-2-2b,41,desc,desc,de,de,hässlich,"Das Gegenteil von ""hässlich"" ist """,schön,0,0,19.75,21.875,2.125
gemma-2-2b,41,desc,val,de,de,hässlich,"Das Gegenteil von ""hässlich"" ist """,schön,0,0,19.75,20.625,0.875
gemma-2-2b,41,desc,freq,de,de,hässlich,"Das Gegenteil von ""hässlich"" ist """,schön,0,2,19.75,18.375,-1.375
gemma-2-2b,41,val,desc,de,de,hässlich,"Das Gegenteil von ""hässlich"" ist """,schön,0,0,19.75,23.125,3.375
gemma-2-2b,41,val,val,de,de,hässlich,"Das Gegenteil von ""hässlich"" ist """,schön,0,0,19.75,22.625,2.875
gemma-2-2b,41,val,freq,de,de,hässlich,"Das Gegenteil von ""hässlich"" ist """,schön,0,0,19.75,20.0,0.25
gemma-2-2b,41,freq,desc,de,de,hässlich,"Das Gegenteil von ""hässlich"" ist """,schön,0,0,19.75,21.625,1.875
gemma-2-2b,41,freq,val,de,de,hässlich,"Das Gegenteil von ""hässlich"" ist """,schön,0,0,19.75,20.25,0.5
gemma-2-2b,41,freq,freq,de,de,hässlich,"Das Gegenteil von ""hässlich"" ist """,schön,0,0,19.75,21.875,2.125
gemma-2-2b,42,desc,desc,de,de,kurz,"Das Gegenteil von ""kurz"" ist """,lang,0,1,22.125,21.75,-0.375
gemma-2-2b,42,desc,val,de,de,kurz,"Das Gegenteil von ""kurz"" ist """,lang,0,2,22.125,20.375,-1.75
gemma-2-2b,42,desc,freq,de,de,kurz,"Das Gegenteil von ""kurz"" ist """,lang,0,1,22.125,19.875,-2.25
gemma-2-2b,42,val,desc,de,de,kurz,"Das Gegenteil von ""kurz"" ist """,lang,0,0,22.125,22.25,0.125
gemma-2-2b,42,val,val,de,de,kurz,"Das Gegenteil von ""kurz"" ist """,lang,0,0,22.125,23.25,1.125
gemma-2-2b,42,val,freq,de,de,kurz,"Das Gegenteil von ""kurz"" ist """,lang,0,1,22.125,20.375,-1.75
gemma-2-2b,42,freq,desc,de,de,kurz,"Das Gegenteil von ""kurz"" ist """,lang,0,5,22.125,20.875,-1.25
gemma-2-2b,42,freq,val,de,de,kurz,"Das Gegenteil von ""kurz"" ist """,lang,0,4,22.125,20.125,-2.0
gemma-2-2b,42,freq,freq,de,de,kurz,"Das Gegenteil von ""kurz"" ist """,lang,0,3,22.125,21.125,-1.0
gemma-2-2b,43,desc,desc,de,de,eng,"Das Gegenteil von ""eng"" ist """,breit,2,32,19.75,19.625,-0.125
gemma-2-2b,43,desc,val,de,de,eng,"Das Gegenteil von ""eng"" ist """,breit,2,36,19.75,18.5,-1.25
gemma-2-2b,43,desc,freq,de,de,eng,"Das Gegenteil von ""eng"" ist """,breit,2,1617,19.75,13.0,-6.75
gemma-2-2b,43,val,desc,de,de,eng,"Das Gegenteil von ""eng"" ist """,breit,2,3,19.75,21.0,1.25
gemma-2-2b,43,val,val,de,de,eng,"Das Gegenteil von ""eng"" ist """,breit,2,22,19.75,20.75,1.0
gemma-2-2b,43,val,freq,de,de,eng,"Das Gegenteil von ""eng"" ist """,breit,2,483,19.75,14.4375,-5.3125
gemma-2-2b,43,freq,desc,de,de,eng,"Das Gegenteil von ""eng"" ist """,breit,2,131,19.75,18.625,-1.125
gemma-2-2b,43,freq,val,de,de,eng,"Das Gegenteil von ""eng"" ist """,breit,2,168,19.75,16.75,-3.0
gemma-2-2b,43,freq,freq,de,de,eng,"Das Gegenteil von ""eng"" ist """,breit,2,107,19.75,18.875,-0.875
gemma-2-2b,44,desc,desc,de,de,weich,"Das Gegenteil von ""weich"" ist """,hart,0,6,20.875,20.125,-0.75
gemma-2-2b,44,desc,val,de,de,weich,"Das Gegenteil von ""weich"" ist """,hart,0,7,20.875,18.75,-2.125
gemma-2-2b,44,desc,freq,de,de,weich,"Das Gegenteil von ""weich"" ist """,hart,0,23,20.875,16.375,-4.5
gemma-2-2b,44,val,desc,de,de,weich,"Das Gegenteil von ""weich"" ist """,hart,0,9,20.875,19.75,-1.125
gemma-2-2b,44,val,val,de,de,weich,"Das Gegenteil von ""weich"" ist """,hart,0,6,20.875,21.125,0.25
gemma-2-2b,44,val,freq,de,de,weich,"Das Gegenteil von ""weich"" ist """,hart,0,37,20.875,16.25,-4.625
gemma-2-2b,44,freq,desc,de,de,weich,"Das Gegenteil von ""weich"" ist """,hart,0,18,20.875,19.125,-1.75
gemma-2-2b,44,freq,val,de,de,weich,"Das Gegenteil von ""weich"" ist """,hart,0,12,20.875,18.75,-2.125
gemma-2-2b,44,freq,freq,de,de,weich,"Das Gegenteil von ""weich"" ist """,hart,0,15,20.875,19.75,-1.125
gemma-2-2b,45,desc,desc,de,de,nass,"Das Gegenteil von ""nass"" ist """,trocken,0,2,20.625,20.125,-0.5
gemma-2-2b,45,desc,val,de,de,nass,"Das Gegenteil von ""nass"" ist """,trocken,0,2,20.625,19.25,-1.375
gemma-2-2b,45,desc,freq,de,de,nass,"Das Gegenteil von ""nass"" ist """,trocken,0,1,20.625,19.375,-1.25
gemma-2-2b,45,val,desc,de,de,nass,"Das Gegenteil von ""nass"" ist """,trocken,0,0,20.625,21.625,1.0
gemma-2-2b,45,val,val,de,de,nass,"Das Gegenteil von ""nass"" ist """,trocken,0,2,20.625,21.625,1.0
gemma-2-2b,45,val,freq,de,de,nass,"Das Gegenteil von ""nass"" ist """,trocken,0,1,20.625,19.625,-1.0
gemma-2-2b,45,freq,desc,de,de,nass,"Das Gegenteil von ""nass"" ist """,trocken,0,6,20.625,20.25,-0.375
gemma-2-2b,45,freq,val,de,de,nass,"Das Gegenteil von ""nass"" ist """,trocken,0,6,20.625,19.25,-1.375
gemma-2-2b,45,freq,freq,de,de,nass,"Das Gegenteil von ""nass"" ist """,trocken,0,6,20.625,20.25,-0.375
gemma-2-2b,46,desc,desc,de,de,leise,"Das Gegenteil von ""leise"" ist """,laut,0,12,21.5,20.75,-0.75
gemma-2-2b,46,desc,val,de,de,leise,"Das Gegenteil von ""leise"" ist """,laut,0,18,21.5,19.25,-2.25
gemma-2-2b,46,desc,freq,de,de,leise,"Das Gegenteil von ""leise"" ist """,laut,0,84,21.5,17.0,-4.5
gemma-2-2b,46,val,desc,de,de,leise,"Das Gegenteil von ""leise"" ist """,laut,0,6,21.5,21.5,0.0
gemma-2-2b,46,val,val,de,de,leise,"Das Gegenteil von ""leise"" ist """,laut,0,6,21.5,22.0,0.5
gemma-2-2b,46,val,freq,de,de,leise,"Das Gegenteil von ""leise"" ist """,laut,0,79,21.5,17.25,-4.25
gemma-2-2b,46,freq,desc,de,de,leise,"Das Gegenteil von ""leise"" ist """,laut,0,19,21.5,21.0,-0.5
gemma-2-2b,46,freq,val,de,de,leise,"Das Gegenteil von ""leise"" ist """,laut,0,41,21.5,18.75,-2.75
gemma-2-2b,46,freq,freq,de,de,leise,"Das Gegenteil von ""leise"" ist """,laut,0,23,21.5,20.75,-0.75
gemma-2-2b,47,desc,desc,de,de,spät,"Das Gegenteil von ""spät"" ist """,früh,0,15,19.75,17.625,-2.125
gemma-2-2b,47,desc,val,de,de,spät,"Das Gegenteil von ""spät"" ist """,früh,0,10,19.75,16.5,-3.25
gemma-2-2b,47,desc,freq,de,de,spät,"Das Gegenteil von ""spät"" ist """,früh,0,34,19.75,13.9375,-5.8125
gemma-2-2b,47,val,desc,de,de,spät,"Das Gegenteil von ""spät"" ist """,früh,0,1,19.75,19.5,-0.25
gemma-2-2b,47,val,val,de,de,spät,"Das Gegenteil von ""spät"" ist """,früh,0,8,19.75,19.0,-0.75
gemma-2-2b,47,val,freq,de,de,spät,"Das Gegenteil von ""spät"" ist """,früh,0,16,19.75,14.9375,-4.8125
gemma-2-2b,47,freq,desc,de,de,spät,"Das Gegenteil von ""spät"" ist """,früh,0,34,19.75,16.75,-3.0
gemma-2-2b,47,freq,val,de,de,spät,"Das Gegenteil von ""spät"" ist """,früh,0,30,19.75,15.5,-4.25
gemma-2-2b,47,freq,freq,de,de,spät,"Das Gegenteil von ""spät"" ist """,früh,0,35,19.75,16.75,-3.0
gemma-2-2b,48,desc,desc,de,de,fern,"Das Gegenteil von ""fern"" ist """,nah,0,15,18.875,18.25,-0.625
gemma-2-2b,48,desc,val,de,de,fern,"Das Gegenteil von ""fern"" ist """,nah,0,11,18.875,17.25,-1.625
gemma-2-2b,48,desc,freq,de,de,fern,"Das Gegenteil von ""fern"" ist """,nah,0,53,18.875,13.6875,-5.1875
gemma-2-2b,48,val,desc,de,de,fern,"Das Gegenteil von ""fern"" ist """,nah,0,0,18.875,20.25,1.375
gemma-2-2b,48,val,val,de,de,fern,"Das Gegenteil von ""fern"" ist """,nah,0,5,18.875,20.125,1.25
gemma-2-2b,48,val,freq,de,de,fern,"Das Gegenteil von ""fern"" ist """,nah,0,16,18.875,15.125,-3.75
gemma-2-2b,48,freq,desc,de,de,fern,"Das Gegenteil von ""fern"" ist """,nah,0,19,18.875,18.75,-0.125
gemma-2-2b,48,freq,val,de,de,fern,"Das Gegenteil von ""fern"" ist """,nah,0,18,18.875,17.75,-1.125
gemma-2-2b,48,freq,freq,de,de,fern,"Das Gegenteil von ""fern"" ist """,nah,0,24,18.875,18.75,-0.125
gemma-2-2b,49,desc,desc,de,de,flach,"Das Gegenteil von ""flach"" ist """,tief,0,3,21.25,21.5,0.25
gemma-2-2b,49,desc,val,de,de,flach,"Das Gegenteil von ""flach"" ist """,tief,0,2,21.25,20.75,-0.5
gemma-2-2b,49,desc,freq,de,de,flach,"Das Gegenteil von ""flach"" ist """,tief,0,5,21.25,19.5,-1.75
gemma-2-2b,49,val,desc,de,de,flach,"Das Gegenteil von ""flach"" ist """,tief,0,1,21.25,22.375,1.125
gemma-2-2b,49,val,val,de,de,flach,"Das Gegenteil von ""flach"" ist """,tief,0,1,21.25,23.375,2.125
gemma-2-2b,49,val,freq,de,de,flach,"Das Gegenteil von ""flach"" ist """,tief,0,3,21.25,19.75,-1.5
gemma-2-2b,49,freq,desc,de,de,flach,"Das Gegenteil von ""flach"" ist """,tief,0,12,21.25,21.5,0.25
gemma-2-2b,49,freq,val,de,de,flach,"Das Gegenteil von ""flach"" ist """,tief,0,8,21.25,20.875,-0.375
gemma-2-2b,49,freq,freq,de,de,flach,"Das Gegenteil von ""flach"" ist """,tief,0,7,21.25,21.75,0.5
gemma-2-2b,50,desc,desc,de,de,jung,"Das Gegenteil von ""jung"" ist """,alt,0,2,22.5,19.75,-2.75
gemma-2-2b,50,desc,val,de,de,jung,"Das Gegenteil von ""jung"" ist """,alt,0,2,22.5,18.875,-3.625
gemma-2-2b,50,desc,freq,de,de,jung,"Das Gegenteil von ""jung"" ist """,alt,0,3,22.5,15.9375,-6.5625
gemma-2-2b,50,val,desc,de,de,jung,"Das Gegenteil von ""jung"" ist """,alt,0,0,22.5,21.625,-0.875
gemma-2-2b,50,val,val,de,de,jung,"Das Gegenteil von ""jung"" ist """,alt,0,2,22.5,21.0,-1.5
gemma-2-2b,50,val,freq,de,de,jung,"Das Gegenteil von ""jung"" ist """,alt,0,4,22.5,16.625,-5.875
gemma-2-2b,50,freq,desc,de,de,jung,"Das Gegenteil von ""jung"" ist """,alt,0,16,22.5,18.25,-4.25
gemma-2-2b,50,freq,val,de,de,jung,"Das Gegenteil von ""jung"" ist """,alt,0,15,22.5,17.0,-5.5
gemma-2-2b,50,freq,freq,de,de,jung,"Das Gegenteil von ""jung"" ist """,alt,0,21,22.5,18.125,-4.375
gemma-2-2b,51,desc,desc,de,de,freundlich,"Das Gegenteil von ""freundlich"" ist """,unfreundlich,0,0,22.125,23.5,1.375
gemma-2-2b,51,desc,val,de,de,freundlich,"Das Gegenteil von ""freundlich"" ist """,unfreundlich,0,0,22.125,22.5,0.375
gemma-2-2b,51,desc,freq,de,de,freundlich,"Das Gegenteil von ""freundlich"" ist """,unfreundlich,0,4,22.125,20.375,-1.75
gemma-2-2b,51,val,desc,de,de,freundlich,"Das Gegenteil von ""freundlich"" ist """,unfreundlich,0,1,22.125,22.875,0.75
gemma-2-2b,51,val,val,de,de,freundlich,"Das Gegenteil von ""freundlich"" ist """,unfreundlich,0,0,22.125,23.875,1.75
gemma-2-2b,51,val,freq,de,de,freundlich,"Das Gegenteil von ""freundlich"" ist """,unfreundlich,0,12,22.125,19.875,-2.25
gemma-2-2b,51,freq,desc,de,de,freundlich,"Das Gegenteil von ""freundlich"" ist """,unfreundlich,0,0,22.125,24.125,2.0
gemma-2-2b,51,freq,val,de,de,freundlich,"Das Gegenteil von ""freundlich"" ist """,unfreundlich,0,1,22.125,23.25,1.125
gemma-2-2b,51,freq,freq,de,de,freundlich,"Das Gegenteil von ""freundlich"" ist """,unfreundlich,0,0,22.125,24.25,2.125
gemma-2-2b,52,desc,desc,de,de,mutig,"Das Gegenteil von ""mutig"" ist """,feige,1,2,19.125,20.875,1.75
gemma-2-2b,52,desc,val,de,de,mutig,"Das Gegenteil von ""mutig"" ist """,feige,1,2,19.125,19.375,0.25
gemma-2-2b,52,desc,freq,de,de,mutig,"Das Gegenteil von ""mutig"" ist """,feige,1,25,19.125,17.625,-1.5
gemma-2-2b,52,val,desc,de,de,mutig,"Das Gegenteil von ""mutig"" ist """,feige,1,3,19.125,20.875,1.75
gemma-2-2b,52,val,val,de,de,mutig,"Das Gegenteil von ""mutig"" ist """,feige,1,2,19.125,21.875,2.75
gemma-2-2b,52,val,freq,de,de,mutig,"Das Gegenteil von ""mutig"" ist """,feige,1,34,19.125,17.5,-1.625
gemma-2-2b,52,freq,desc,de,de,mutig,"Das Gegenteil von ""mutig"" ist """,feige,1,5,19.125,21.0,1.875
gemma-2-2b,52,freq,val,de,de,mutig,"Das Gegenteil von ""mutig"" ist """,feige,1,5,19.125,19.5,0.375
gemma-2-2b,52,freq,freq,de,de,mutig,"Das Gegenteil von ""mutig"" ist """,feige,1,5,19.125,21.0,1.875
gemma-2-2b,53,desc,desc,de,de,weise,"Das Gegenteil von ""weise"" ist """,dumm,0,4,21.25,20.875,-0.375
gemma-2-2b,53,desc,val,de,de,weise,"Das Gegenteil von ""weise"" ist """,dumm,0,4,21.25,19.75,-1.5
gemma-2-2b,53,desc,freq,de,de,weise,"Das Gegenteil von ""weise"" ist """,dumm,0,3,21.25,20.0,-1.25
gemma-2-2b,53,val,desc,de,de,weise,"Das Gegenteil von ""weise"" ist """,dumm,0,3,21.25,21.375,0.125
gemma-2-2b,53,val,val,de,de,weise,"Das Gegenteil von ""weise"" ist """,dumm,0,4,21.25,22.0,0.75
gemma-2-2b,53,val,freq,de,de,weise,"Das Gegenteil von ""weise"" ist """,dumm,0,1,21.25,20.5,-0.75
gemma-2-2b,53,freq,desc,de,de,weise,"Das Gegenteil von ""weise"" ist """,dumm,0,7,21.25,21.125,-0.125
gemma-2-2b,53,freq,val,de,de,weise,"Das Gegenteil von ""weise"" ist """,dumm,0,6,21.25,20.0,-1.25
gemma-2-2b,53,freq,freq,de,de,weise,"Das Gegenteil von ""weise"" ist """,dumm,0,7,21.25,21.0,-0.25
gemma-2-2b,54,desc,desc,de,de,höflich,"Das Gegenteil von ""höflich"" ist """,unhöflich,0,0,21.875,23.125,1.25
gemma-2-2b,54,desc,val,de,de,höflich,"Das Gegenteil von ""höflich"" ist """,unhöflich,0,1,21.875,21.875,0.0
gemma-2-2b,54,desc,freq,de,de,höflich,"Das Gegenteil von ""höflich"" ist """,unhöflich,0,15,21.875,19.875,-2.0
gemma-2-2b,54,val,desc,de,de,höflich,"Das Gegenteil von ""höflich"" ist """,unhöflich,0,2,21.875,22.5,0.625
gemma-2-2b,54,val,val,de,de,höflich,"Das Gegenteil von ""höflich"" ist """,unhöflich,0,1,21.875,23.5,1.625
gemma-2-2b,54,val,freq,de,de,höflich,"Das Gegenteil von ""höflich"" ist """,unhöflich,0,30,21.875,19.375,-2.5
gemma-2-2b,54,freq,desc,de,de,höflich,"Das Gegenteil von ""höflich"" ist """,unhöflich,0,0,21.875,23.5,1.625
gemma-2-2b,54,freq,val,de,de,höflich,"Das Gegenteil von ""höflich"" ist """,unhöflich,0,0,21.875,22.375,0.5
gemma-2-2b,54,freq,freq,de,de,höflich,"Das Gegenteil von ""höflich"" ist """,unhöflich,0,0,21.875,23.625,1.75
gemma-2-2b,55,desc,desc,de,de,geduldig,"Das Gegenteil von ""geduldig"" ist """,ungeduldig,5,35,19.125,20.375,1.25
gemma-2-2b,55,desc,val,de,de,geduldig,"Das Gegenteil von ""geduldig"" ist """,ungeduldig,5,25,19.125,19.5,0.375
gemma-2-2b,55,desc,freq,de,de,geduldig,"Das Gegenteil von ""geduldig"" ist """,ungeduldig,5,17,19.125,19.75,0.625
gemma-2-2b,55,val,desc,de,de,geduldig,"Das Gegenteil von ""geduldig"" ist """,ungeduldig,5,123,19.125,19.25,0.125
gemma-2-2b,55,val,val,de,de,geduldig,"Das Gegenteil von ""geduldig"" ist """,ungeduldig,5,38,19.125,21.5,2.375
gemma-2-2b,55,val,freq,de,de,geduldig,"Das Gegenteil von ""geduldig"" ist """,ungeduldig,5,70,19.125,18.25,-0.875
gemma-2-2b,55,freq,desc,de,de,geduldig,"Das Gegenteil von ""geduldig"" ist """,ungeduldig,5,22,19.125,21.375,2.25
gemma-2-2b,55,freq,val,de,de,geduldig,"Das Gegenteil von ""geduldig"" ist """,ungeduldig,5,27,19.125,20.0,0.875
gemma-2-2b,55,freq,freq,de,de,geduldig,"Das Gegenteil von ""geduldig"" ist """,ungeduldig,5,23,19.125,21.25,2.125
gemma-2-2b,56,desc,desc,de,de,ehrlich,"Das Gegenteil von ""ehrlich"" ist """,unehrlich,4,8,19.375,20.75,1.375
gemma-2-2b,56,desc,val,de,de,ehrlich,"Das Gegenteil von ""ehrlich"" ist """,unehrlich,4,8,19.375,19.5,0.125
gemma-2-2b,56,desc,freq,de,de,ehrlich,"Das Gegenteil von ""ehrlich"" ist """,unehrlich,4,284,19.375,15.9375,-3.4375
gemma-2-2b,56,val,desc,de,de,ehrlich,"Das Gegenteil von ""ehrlich"" ist """,unehrlich,4,25,19.375,19.625,0.25
gemma-2-2b,56,val,val,de,de,ehrlich,"Das Gegenteil von ""ehrlich"" ist """,unehrlich,4,7,19.375,21.5,2.125
gemma-2-2b,56,val,freq,de,de,ehrlich,"Das Gegenteil von ""ehrlich"" ist """,unehrlich,4,622,19.375,14.4375,-4.9375
gemma-2-2b,56,freq,desc,de,de,ehrlich,"Das Gegenteil von ""ehrlich"" ist """,unehrlich,4,16,19.375,21.0,1.625
gemma-2-2b,56,freq,val,de,de,ehrlich,"Das Gegenteil von ""ehrlich"" ist """,unehrlich,4,21,19.375,19.25,-0.125
gemma-2-2b,56,freq,freq,de,de,ehrlich,"Das Gegenteil von ""ehrlich"" ist """,unehrlich,4,15,19.375,21.125,1.75
gemma-2-2b,57,desc,desc,de,de,sicher,"Das Gegenteil von ""sicher"" ist """,unsicher,0,0,23.125,23.125,0.0
gemma-2-2b,57,desc,val,de,de,sicher,"Das Gegenteil von ""sicher"" ist """,unsicher,0,0,23.125,21.875,-1.25
gemma-2-2b,57,desc,freq,de,de,sicher,"Das Gegenteil von ""sicher"" ist """,unsicher,0,2,23.125,19.75,-3.375
gemma-2-2b,57,val,desc,de,de,sicher,"Das Gegenteil von ""sicher"" ist """,unsicher,0,0,23.125,23.875,0.75
gemma-2-2b,57,val,val,de,de,sicher,"Das Gegenteil von ""sicher"" ist """,unsicher,0,0,23.125,24.125,1.0
gemma-2-2b,57,val,freq,de,de,sicher,"Das Gegenteil von ""sicher"" ist """,unsicher,0,2,23.125,21.375,-1.75
gemma-2-2b,57,freq,desc,de,de,sicher,"Das Gegenteil von ""sicher"" ist """,unsicher,0,0,23.125,23.875,0.75
gemma-2-2b,57,freq,val,de,de,sicher,"Das Gegenteil von ""sicher"" ist """,unsicher,0,0,23.125,23.375,0.25
gemma-2-2b,57,freq,freq,de,de,sicher,"Das Gegenteil von ""sicher"" ist """,unsicher,0,0,23.125,24.0,0.875
gemma-2-2b,58,desc,desc,de,de,aktiv,"Das Gegenteil von ""aktiv"" ist """,passiv,0,0,21.5,24.0,2.5
gemma-2-2b,58,desc,val,de,de,aktiv,"Das Gegenteil von ""aktiv"" ist """,passiv,0,0,21.5,23.625,2.125
gemma-2-2b,58,desc,freq,de,de,aktiv,"Das Gegenteil von ""aktiv"" ist """,passiv,0,0,21.5,22.375,0.875
gemma-2-2b,58,val,desc,de,de,aktiv,"Das Gegenteil von ""aktiv"" ist """,passiv,0,0,21.5,25.125,3.625
gemma-2-2b,58,val,val,de,de,aktiv,"Das Gegenteil von ""aktiv"" ist """,passiv,0,0,21.5,25.25,3.75
gemma-2-2b,58,val,freq,de,de,aktiv,"Das Gegenteil von ""aktiv"" ist """,passiv,0,0,21.5,23.5,2.0
gemma-2-2b,58,freq,desc,de,de,aktiv,"Das Gegenteil von ""aktiv"" ist """,passiv,0,0,21.5,24.5,3.0
gemma-2-2b,58,freq,val,de,de,aktiv,"Das Gegenteil von ""aktiv"" ist """,passiv,0,0,21.5,24.0,2.5
gemma-2-2b,58,freq,freq,de,de,aktiv,"Das Gegenteil von ""aktiv"" ist """,passiv,0,0,21.5,24.5,3.0
gemma-2-2b,59,desc,desc,de,de,gerade,"Das Gegenteil von ""gerade"" ist """,krumm,28,27,17.0,19.625,2.625
gemma-2-2b,59,desc,val,de,de,gerade,"Das Gegenteil von ""gerade"" ist """,krumm,28,34,17.0,18.25,1.25
gemma-2-2b,59,desc,freq,de,de,gerade,"Das Gegenteil von ""gerade"" ist """,krumm,28,112,17.0,16.5,-0.5
gemma-2-2b,59,val,desc,de,de,gerade,"Das Gegenteil von ""gerade"" ist """,krumm,28,18,17.0,19.75,2.75
gemma-2-2b,59,val,val,de,de,gerade,"Das Gegenteil von ""gerade"" ist """,krumm,28,30,17.0,20.75,3.75
gemma-2-2b,59,val,freq,de,de,gerade,"Das Gegenteil von ""gerade"" ist """,krumm,28,19,17.0,17.0,0.0
gemma-2-2b,59,freq,desc,de,de,gerade,"Das Gegenteil von ""gerade"" ist """,krumm,28,31,17.0,20.0,3.0
gemma-2-2b,59,freq,val,de,de,gerade,"Das Gegenteil von ""gerade"" ist """,krumm,28,32,17.0,18.875,1.875
gemma-2-2b,59,freq,freq,de,de,gerade,"Das Gegenteil von ""gerade"" ist """,krumm,28,29,17.0,20.125,3.125
gemma-2-2b,60,desc,desc,de,de,ganz,"Das Gegenteil von ""ganz"" ist """,teilweise,2,20,20.0,21.0,1.0
gemma-2-2b,60,desc,val,de,de,ganz,"Das Gegenteil von ""ganz"" ist """,teilweise,2,22,20.0,19.875,-0.125
gemma-2-2b,60,desc,freq,de,de,ganz,"Das Gegenteil von ""ganz"" ist """,teilweise,2,98,20.0,17.5,-2.5
gemma-2-2b,60,val,desc,de,de,ganz,"Das Gegenteil von ""ganz"" ist """,teilweise,2,17,20.0,21.25,1.25
gemma-2-2b,60,val,val,de,de,ganz,"Das Gegenteil von ""ganz"" ist """,teilweise,2,39,20.0,21.375,1.375
gemma-2-2b,60,val,freq,de,de,ganz,"Das Gegenteil von ""ganz"" ist """,teilweise,2,38,20.0,18.375,-1.625
gemma-2-2b,60,freq,desc,de,de,ganz,"Das Gegenteil von ""ganz"" ist """,teilweise,2,33,20.0,20.875,0.875
gemma-2-2b,60,freq,val,de,de,ganz,"Das Gegenteil von ""ganz"" ist """,teilweise,2,62,20.0,19.125,-0.875
gemma-2-2b,60,freq,freq,de,de,ganz,"Das Gegenteil von ""ganz"" ist """,teilweise,2,39,20.0,20.875,0.875
gemma-2-2b,61,desc,desc,de,de,ruhig,"Das Gegenteil von ""ruhig"" ist """,stürmisch,17,73,18.25,19.5,1.25
gemma-2-2b,61,desc,val,de,de,ruhig,"Das Gegenteil von ""ruhig"" ist """,stürmisch,17,87,18.25,17.875,-0.375
gemma-2-2b,61,desc,freq,de,de,ruhig,"Das Gegenteil von ""ruhig"" ist """,stürmisch,17,63,18.25,18.0,-0.25
gemma-2-2b,61,val,desc,de,de,ruhig,"Das Gegenteil von ""ruhig"" ist """,stürmisch,17,59,18.25,19.75,1.5
gemma-2-2b,61,val,val,de,de,ruhig,"Das Gegenteil von ""ruhig"" ist """,stürmisch,17,65,18.25,20.25,2.0
gemma-2-2b,61,val,freq,de,de,ruhig,"Das Gegenteil von ""ruhig"" ist """,stürmisch,17,67,18.25,18.0,-0.25
gemma-2-2b,61,freq,desc,de,de,ruhig,"Das Gegenteil von ""ruhig"" ist """,stürmisch,17,62,18.25,19.875,1.625
gemma-2-2b,61,freq,val,de,de,ruhig,"Das Gegenteil von ""ruhig"" ist """,stürmisch,17,52,18.25,18.5,0.25
gemma-2-2b,61,freq,freq,de,de,ruhig,"Das Gegenteil von ""ruhig"" ist """,stürmisch,17,65,18.25,19.875,1.625
gemma-2-2b,62,desc,desc,de,de,richtig,"Das Gegenteil von ""richtig"" ist """,falsch,0,0,21.625,22.125,0.5
gemma-2-2b,62,desc,val,de,de,richtig,"Das Gegenteil von ""richtig"" ist """,falsch,0,0,21.625,21.0,-0.625
gemma-2-2b,62,desc,freq,de,de,richtig,"Das Gegenteil von ""richtig"" ist """,falsch,0,0,21.625,19.375,-2.25
gemma-2-2b,62,val,desc,de,de,richtig,"Das Gegenteil von ""richtig"" ist """,falsch,0,0,21.625,22.5,0.875
gemma-2-2b,62,val,val,de,de,richtig,"Das Gegenteil von ""richtig"" ist """,falsch,0,0,21.625,23.375,1.75
gemma-2-2b,62,val,freq,de,de,richtig,"Das Gegenteil von ""richtig"" ist """,falsch,0,0,21.625,20.0,-1.625
gemma-2-2b,62,freq,desc,de,de,richtig,"Das Gegenteil von ""richtig"" ist """,falsch,0,1,21.625,21.75,0.125
gemma-2-2b,62,freq,val,de,de,richtig,"Das Gegenteil von ""richtig"" ist """,falsch,0,0,21.625,20.875,-0.75
gemma-2-2b,62,freq,freq,de,de,richtig,"Das Gegenteil von ""richtig"" ist """,falsch,0,0,21.625,21.875,0.25
gemma-2-2b,63,desc,desc,de,de,komplex,"Das Gegenteil von ""komplex"" ist """,einfach,0,2,21.0,20.125,-0.875
gemma-2-2b,63,desc,val,de,de,komplex,"Das Gegenteil von ""komplex"" ist """,einfach,0,1,21.0,19.5,-1.5
gemma-2-2b,63,desc,freq,de,de,komplex,"Das Gegenteil von ""komplex"" ist """,einfach,0,3,21.0,15.5,-5.5
gemma-2-2b,63,val,desc,de,de,komplex,"Das Gegenteil von ""komplex"" ist """,einfach,0,0,21.0,21.5,0.5
gemma-2-2b,63,val,val,de,de,komplex,"Das Gegenteil von ""komplex"" ist """,einfach,0,1,21.0,21.5,0.5
gemma-2-2b,63,val,freq,de,de,komplex,"Das Gegenteil von ""komplex"" ist """,einfach,0,5,21.0,16.5,-4.5
gemma-2-2b,63,freq,desc,de,de,komplex,"Das Gegenteil von ""komplex"" ist """,einfach,0,1,21.0,20.5,-0.5
gemma-2-2b,63,freq,val,de,de,komplex,"Das Gegenteil von ""komplex"" ist """,einfach,0,1,21.0,19.875,-1.125
gemma-2-2b,63,freq,freq,de,de,komplex,"Das Gegenteil von ""komplex"" ist """,einfach,0,1,21.0,20.75,-0.25
gemma-2-2b,64,desc,desc,de,de,effektiv,"Das Gegenteil von ""effektiv"" ist """,ineffektiv,5,0,20.125,25.25,5.125
gemma-2-2b,64,desc,val,de,de,effektiv,"Das Gegenteil von ""effektiv"" ist """,ineffektiv,5,0,20.125,25.125,5.0
gemma-2-2b,64,desc,freq,de,de,effektiv,"Das Gegenteil von ""effektiv"" ist """,ineffektiv,5,0,20.125,22.625,2.5
gemma-2-2b,64,val,desc,de,de,effektiv,"Das Gegenteil von ""effektiv"" ist """,ineffektiv,5,0,20.125,24.5,4.375
gemma-2-2b,64,val,val,de,de,effektiv,"Das Gegenteil von ""effektiv"" ist """,ineffektiv,5,0,20.125,25.625,5.5
gemma-2-2b,64,val,freq,de,de,effektiv,"Das Gegenteil von ""effektiv"" ist """,ineffektiv,5,0,20.125,22.125,2.0
gemma-2-2b,64,freq,desc,de,de,effektiv,"Das Gegenteil von ""effektiv"" ist """,ineffektiv,5,0,20.125,25.875,5.75
gemma-2-2b,64,freq,val,de,de,effektiv,"Das Gegenteil von ""effektiv"" ist """,ineffektiv,5,0,20.125,25.5,5.375
gemma-2-2b,64,freq,freq,de,de,effektiv,"Das Gegenteil von ""effektiv"" ist """,ineffektiv,5,0,20.125,26.0,5.875
gemma-2-2b,65,desc,desc,de,de,berühmt,"Das Gegenteil von ""berühmt"" ist """,unbekannt,1,0,19.625,21.375,1.75
gemma-2-2b,65,desc,val,de,de,berühmt,"Das Gegenteil von ""berühmt"" ist """,unbekannt,1,0,19.625,20.25,0.625
gemma-2-2b,65,desc,freq,de,de,berühmt,"Das Gegenteil von ""berühmt"" ist """,unbekannt,1,23,19.625,17.5,-2.125
gemma-2-2b,65,val,desc,de,de,berühmt,"Das Gegenteil von ""berühmt"" ist """,unbekannt,1,2,19.625,21.25,1.625
gemma-2-2b,65,val,val,de,de,berühmt,"Das Gegenteil von ""berühmt"" ist """,unbekannt,1,1,19.625,21.875,2.25
gemma-2-2b,65,val,freq,de,de,berühmt,"Das Gegenteil von ""berühmt"" ist """,unbekannt,1,33,19.625,17.5,-2.125
gemma-2-2b,65,freq,desc,de,de,berühmt,"Das Gegenteil von ""berühmt"" ist """,unbekannt,1,0,19.625,21.75,2.125
gemma-2-2b,65,freq,val,de,de,berühmt,"Das Gegenteil von ""berühmt"" ist """,unbekannt,1,0,19.625,20.625,1.0
gemma-2-2b,65,freq,freq,de,de,berühmt,"Das Gegenteil von ""berühmt"" ist """,unbekannt,1,0,19.625,21.875,2.25
gemma-2-2b,66,desc,desc,de,de,großzügig,"Das Gegenteil von ""großzügig"" ist """,geizig,27,118,18.0,19.5,1.5
gemma-2-2b,66,desc,val,de,de,großzügig,"Das Gegenteil von ""großzügig"" ist """,geizig,27,169,18.0,17.75,-0.25
gemma-2-2b,66,desc,freq,de,de,großzügig,"Das Gegenteil von ""großzügig"" ist """,geizig,27,1532,18.0,14.75,-3.25
gemma-2-2b,66,val,desc,de,de,großzügig,"Das Gegenteil von ""großzügig"" ist """,geizig,27,16,18.0,21.25,3.25
gemma-2-2b,66,val,val,de,de,großzügig,"Das Gegenteil von ""großzügig"" ist """,geizig,27,91,18.0,20.125,2.125
gemma-2-2b,66,val,freq,de,de,großzügig,"Das Gegenteil von ""großzügig"" ist """,geizig,27,145,18.0,17.75,-0.25
gemma-2-2b,66,freq,desc,de,de,großzügig,"Das Gegenteil von ""großzügig"" ist """,geizig,27,173,18.0,19.25,1.25
gemma-2-2b,66,freq,val,de,de,großzügig,"Das Gegenteil von ""großzügig"" ist """,geizig,27,138,18.0,17.875,-0.125
gemma-2-2b,66,freq,freq,de,de,großzügig,"Das Gegenteil von ""großzügig"" ist """,geizig,27,183,18.0,19.25,1.25
gemma-2-2b,67,desc,desc,de,de,zufrieden,"Das Gegenteil von ""zufrieden"" ist """,unzufrieden,0,0,22.0,23.125,1.125
gemma-2-2b,67,desc,val,de,de,zufrieden,"Das Gegenteil von ""zufrieden"" ist """,unzufrieden,0,0,22.0,22.125,0.125
gemma-2-2b,67,desc,freq,de,de,zufrieden,"Das Gegenteil von ""zufrieden"" ist """,unzufrieden,0,1,22.0,19.875,-2.125
gemma-2-2b,67,val,desc,de,de,zufrieden,"Das Gegenteil von ""zufrieden"" ist """,unzufrieden,0,0,22.0,22.875,0.875
gemma-2-2b,67,val,val,de,de,zufrieden,"Das Gegenteil von ""zufrieden"" ist """,unzufrieden,0,0,22.0,23.75,1.75
gemma-2-2b,67,val,freq,de,de,zufrieden,"Das Gegenteil von ""zufrieden"" ist """,unzufrieden,0,1,22.0,20.875,-1.125
gemma-2-2b,67,freq,desc,de,de,zufrieden,"Das Gegenteil von ""zufrieden"" ist """,unzufrieden,0,0,22.0,23.875,1.875
gemma-2-2b,67,freq,val,de,de,zufrieden,"Das Gegenteil von ""zufrieden"" ist """,unzufrieden,0,0,22.0,23.125,1.125
gemma-2-2b,67,freq,freq,de,de,zufrieden,"Das Gegenteil von ""zufrieden"" ist """,unzufrieden,0,0,22.0,24.0,2.0
gemma-2-2b,68,desc,desc,de,de,gesund,"Das Gegenteil von ""gesund"" ist """,krank,0,1,21.875,21.625,-0.25
gemma-2-2b,68,desc,val,de,de,gesund,"Das Gegenteil von ""gesund"" ist """,krank,0,1,21.875,19.5,-2.375
gemma-2-2b,68,desc,freq,de,de,gesund,"Das Gegenteil von ""gesund"" ist """,krank,0,1,21.875,18.5,-3.375
gemma-2-2b,68,val,desc,de,de,gesund,"Das Gegenteil von ""gesund"" ist """,krank,0,0,21.875,22.0,0.125
gemma-2-2b,68,val,val,de,de,gesund,"Das Gegenteil von ""gesund"" ist """,krank,0,1,21.875,22.5,0.625
gemma-2-2b,68,val,freq,de,de,gesund,"Das Gegenteil von ""gesund"" ist """,krank,0,3,21.875,19.25,-2.625
gemma-2-2b,68,freq,desc,de,de,gesund,"Das Gegenteil von ""gesund"" ist """,krank,0,2,21.875,21.75,-0.125
gemma-2-2b,68,freq,val,de,de,gesund,"Das Gegenteil von ""gesund"" ist """,krank,0,3,21.875,19.75,-2.125
gemma-2-2b,68,freq,freq,de,de,gesund,"Das Gegenteil von ""gesund"" ist """,krank,0,2,21.875,21.75,-0.125
gemma-2-2b,69,desc,desc,de,de,hoch,"Das Gegenteil von ""hoch"" ist """,niedrig,1,4,17.5,17.5,0.0
gemma-2-2b,69,desc,val,de,de,hoch,"Das Gegenteil von ""hoch"" ist """,niedrig,1,5,17.5,15.8125,-1.6875
gemma-2-2b,69,desc,freq,de,de,hoch,"Das Gegenteil von ""hoch"" ist """,niedrig,1,45,17.5,11.5,-6.0
gemma-2-2b,69,val,desc,de,de,hoch,"Das Gegenteil von ""hoch"" ist """,niedrig,1,3,17.5,17.75,0.25
gemma-2-2b,69,val,val,de,de,hoch,"Das Gegenteil von ""hoch"" ist """,niedrig,1,4,17.5,18.875,1.375
gemma-2-2b,69,val,freq,de,de,hoch,"Das Gegenteil von ""hoch"" ist """,niedrig,1,31,17.5,12.4375,-5.0625
gemma-2-2b,69,freq,desc,de,de,hoch,"Das Gegenteil von ""hoch"" ist """,niedrig,1,7,17.5,16.625,-0.875
gemma-2-2b,69,freq,val,de,de,hoch,"Das Gegenteil von ""hoch"" ist """,niedrig,1,4,17.5,16.625,-0.875
gemma-2-2b,69,freq,freq,de,de,hoch,"Das Gegenteil von ""hoch"" ist """,niedrig,1,6,17.5,16.875,-0.625
gemma-2-2b,70,desc,desc,de,de,wichtig,"Das Gegenteil von ""wichtig"" ist """,unwichtig,0,1,23.125,23.375,0.25
gemma-2-2b,70,desc,val,de,de,wichtig,"Das Gegenteil von ""wichtig"" ist """,unwichtig,0,1,23.125,22.375,-0.75
gemma-2-2b,70,desc,freq,de,de,wichtig,"Das Gegenteil von ""wichtig"" ist """,unwichtig,0,2,23.125,21.125,-2.0
gemma-2-2b,70,val,desc,de,de,wichtig,"Das Gegenteil von ""wichtig"" ist """,unwichtig,0,1,23.125,23.5,0.375
gemma-2-2b,70,val,val,de,de,wichtig,"Das Gegenteil von ""wichtig"" ist """,unwichtig,0,1,23.125,24.125,1.0
gemma-2-2b,70,val,freq,de,de,wichtig,"Das Gegenteil von ""wichtig"" ist """,unwichtig,0,1,23.125,21.5,-1.625
gemma-2-2b,70,freq,desc,de,de,wichtig,"Das Gegenteil von ""wichtig"" ist """,unwichtig,0,1,23.125,24.0,0.875
gemma-2-2b,70,freq,val,de,de,wichtig,"Das Gegenteil von ""wichtig"" ist """,unwichtig,0,2,23.125,23.125,0.0
gemma-2-2b,70,freq,freq,de,de,wichtig,"Das Gegenteil von ""wichtig"" ist """,unwichtig,0,1,23.125,23.875,0.75
gemma-2-2b,71,desc,desc,de,de,unschuldig,"Das Gegenteil von ""unschuldig"" ist """,schuldig,0,2,19.0,21.125,2.125
gemma-2-2b,71,desc,val,de,de,unschuldig,"Das Gegenteil von ""unschuldig"" ist """,schuldig,0,2,19.0,19.625,0.625
gemma-2-2b,71,desc,freq,de,de,unschuldig,"Das Gegenteil von ""unschuldig"" ist """,schuldig,0,1,19.0,17.875,-1.125
gemma-2-2b,71,val,desc,de,de,unschuldig,"Das Gegenteil von ""unschuldig"" ist """,schuldig,0,1,19.0,21.875,2.875
gemma-2-2b,71,val,val,de,de,unschuldig,"Das Gegenteil von ""unschuldig"" ist """,schuldig,0,2,19.0,21.875,2.875
gemma-2-2b,71,val,freq,de,de,unschuldig,"Das Gegenteil von ""unschuldig"" ist """,schuldig,0,0,19.0,19.25,0.25
gemma-2-2b,71,freq,desc,de,de,unschuldig,"Das Gegenteil von ""unschuldig"" ist """,schuldig,0,6,19.0,21.0,2.0
gemma-2-2b,71,freq,val,de,de,unschuldig,"Das Gegenteil von ""unschuldig"" ist """,schuldig,0,6,19.0,19.5,0.5
gemma-2-2b,71,freq,freq,de,de,unschuldig,"Das Gegenteil von ""unschuldig"" ist """,schuldig,0,5,19.0,21.125,2.125
gemma-2-2b,72,desc,desc,de,de,bekannt,"Das Gegenteil von ""bekannt"" ist """,unbekannt,0,0,21.625,22.5,0.875
gemma-2-2b,72,desc,val,de,de,bekannt,"Das Gegenteil von ""bekannt"" ist """,unbekannt,0,0,21.625,21.75,0.125
gemma-2-2b,72,desc,freq,de,de,bekannt,"Das Gegenteil von ""bekannt"" ist """,unbekannt,0,5,21.625,19.375,-2.25
gemma-2-2b,72,val,desc,de,de,bekannt,"Das Gegenteil von ""bekannt"" ist """,unbekannt,0,0,21.625,23.0,1.375
gemma-2-2b,72,val,val,de,de,bekannt,"Das Gegenteil von ""bekannt"" ist """,unbekannt,0,0,21.625,23.375,1.75
gemma-2-2b,72,val,freq,de,de,bekannt,"Das Gegenteil von ""bekannt"" ist """,unbekannt,0,4,21.625,19.75,-1.875
gemma-2-2b,72,freq,desc,de,de,bekannt,"Das Gegenteil von ""bekannt"" ist """,unbekannt,0,0,21.625,23.125,1.5
gemma-2-2b,72,freq,val,de,de,bekannt,"Das Gegenteil von ""bekannt"" ist """,unbekannt,0,0,21.625,22.125,0.5
gemma-2-2b,72,freq,freq,de,de,bekannt,"Das Gegenteil von ""bekannt"" ist """,unbekannt,0,0,21.625,23.125,1.5
gemma-2-2b,73,desc,desc,de,de,männlich,"Das Gegenteil von ""männlich"" ist """,weiblich,0,2,19.75,17.5,-2.25
gemma-2-2b,73,desc,val,de,de,männlich,"Das Gegenteil von ""männlich"" ist """,weiblich,0,3,19.75,15.9375,-3.8125
gemma-2-2b,73,desc,freq,de,de,männlich,"Das Gegenteil von ""männlich"" ist """,weiblich,0,14,19.75,10.8125,-8.9375
gemma-2-2b,73,val,desc,de,de,männlich,"Das Gegenteil von ""männlich"" ist """,weiblich,0,0,19.75,19.625,-0.125
gemma-2-2b,73,val,val,de,de,männlich,"Das Gegenteil von ""männlich"" ist """,weiblich,0,2,19.75,19.75,0.0
gemma-2-2b,73,val,freq,de,de,männlich,"Das Gegenteil von ""männlich"" ist """,weiblich,0,7,19.75,13.625,-6.125
gemma-2-2b,73,freq,desc,de,de,männlich,"Das Gegenteil von ""männlich"" ist """,weiblich,0,2,19.75,17.125,-2.625
gemma-2-2b,73,freq,val,de,de,männlich,"Das Gegenteil von ""männlich"" ist """,weiblich,0,2,19.75,16.5,-3.25
gemma-2-2b,73,freq,freq,de,de,männlich,"Das Gegenteil von ""männlich"" ist """,weiblich,0,2,19.75,17.375,-2.375
gemma-2-2b,74,desc,desc,de,de,normal,"Das Gegenteil von ""normal"" ist """,abnormal,1,1,22.875,24.25,1.375
gemma-2-2b,74,desc,val,de,de,normal,"Das Gegenteil von ""normal"" ist """,abnormal,1,1,22.875,23.125,0.25
gemma-2-2b,74,desc,freq,de,de,normal,"Das Gegenteil von ""normal"" ist """,abnormal,1,2,22.875,21.75,-1.125
gemma-2-2b,74,val,desc,de,de,normal,"Das Gegenteil von ""normal"" ist """,abnormal,1,0,22.875,24.125,1.25
gemma-2-2b,74,val,val,de,de,normal,"Das Gegenteil von ""normal"" ist """,abnormal,1,1,22.875,24.75,1.875
gemma-2-2b,74,val,freq,de,de,normal,"Das Gegenteil von ""normal"" ist """,abnormal,1,1,22.875,21.875,-1.0
gemma-2-2b,74,freq,desc,de,de,normal,"Das Gegenteil von ""normal"" ist """,abnormal,1,1,22.875,24.75,1.875
gemma-2-2b,74,freq,val,de,de,normal,"Das Gegenteil von ""normal"" ist """,abnormal,1,1,22.875,24.0,1.125
gemma-2-2b,74,freq,freq,de,de,normal,"Das Gegenteil von ""normal"" ist """,abnormal,1,1,22.875,24.75,1.875
gemma-2-2b,75,desc,desc,de,de,möglich,"Das Gegenteil von ""möglich"" ist """,unmöglich,0,10,19.375,16.875,-2.5
gemma-2-2b,75,desc,val,de,de,möglich,"Das Gegenteil von ""möglich"" ist """,unmöglich,0,6,19.375,15.9375,-3.4375
gemma-2-2b,75,desc,freq,de,de,möglich,"Das Gegenteil von ""möglich"" ist """,unmöglich,0,43,19.375,12.0,-7.375
gemma-2-2b,75,val,desc,de,de,möglich,"Das Gegenteil von ""möglich"" ist """,unmöglich,0,2,19.375,18.75,-0.625
gemma-2-2b,75,val,val,de,de,möglich,"Das Gegenteil von ""möglich"" ist """,unmöglich,0,8,19.375,18.25,-1.125
gemma-2-2b,75,val,freq,de,de,möglich,"Das Gegenteil von ""möglich"" ist """,unmöglich,0,12,19.375,14.9375,-4.4375
gemma-2-2b,75,freq,desc,de,de,möglich,"Das Gegenteil von ""möglich"" ist """,unmöglich,0,8,19.375,17.375,-2.0
gemma-2-2b,75,freq,val,de,de,möglich,"Das Gegenteil von ""möglich"" ist """,unmöglich,0,10,19.375,16.625,-2.75
gemma-2-2b,75,freq,freq,de,de,möglich,"Das Gegenteil von ""möglich"" ist """,unmöglich,0,10,19.375,17.5,-1.875
gemma-2-2b,76,desc,desc,de,de,privat,"Das Gegenteil von ""privat"" ist """,öffentlich,0,1,23.25,23.25,0.0
gemma-2-2b,76,desc,val,de,de,privat,"Das Gegenteil von ""privat"" ist """,öffentlich,0,1,23.25,22.625,-0.625
gemma-2-2b,76,desc,freq,de,de,privat,"Das Gegenteil von ""privat"" ist """,öffentlich,0,1,23.25,19.875,-3.375
gemma-2-2b,76,val,desc,de,de,privat,"Das Gegenteil von ""privat"" ist """,öffentlich,0,1,23.25,24.75,1.5
gemma-2-2b,76,val,val,de,de,privat,"Das Gegenteil von ""privat"" ist """,öffentlich,0,2,23.25,24.125,0.875
gemma-2-2b,76,val,freq,de,de,privat,"Das Gegenteil von ""privat"" ist """,öffentlich,0,0,23.25,21.5,-1.75
gemma-2-2b,76,freq,desc,de,de,privat,"Das Gegenteil von ""privat"" ist """,öffentlich,0,2,23.25,23.5,0.25
gemma-2-2b,76,freq,val,de,de,privat,"Das Gegenteil von ""privat"" ist """,öffentlich,0,2,23.25,22.5,-0.75
gemma-2-2b,76,freq,freq,de,de,privat,"Das Gegenteil von ""privat"" ist """,öffentlich,0,1,23.25,23.625,0.375
gemma-2-2b,77,desc,desc,de,de,richtig,"Das Gegenteil von ""richtig"" ist """,falsch,0,0,21.625,22.125,0.5
gemma-2-2b,77,desc,val,de,de,richtig,"Das Gegenteil von ""richtig"" ist """,falsch,0,0,21.625,21.0,-0.625
gemma-2-2b,77,desc,freq,de,de,richtig,"Das Gegenteil von ""richtig"" ist """,falsch,0,0,21.625,19.375,-2.25
gemma-2-2b,77,val,desc,de,de,richtig,"Das Gegenteil von ""richtig"" ist """,falsch,0,0,21.625,22.5,0.875
gemma-2-2b,77,val,val,de,de,richtig,"Das Gegenteil von ""richtig"" ist """,falsch,0,0,21.625,23.375,1.75
gemma-2-2b,77,val,freq,de,de,richtig,"Das Gegenteil von ""richtig"" ist """,falsch,0,0,21.625,20.0,-1.625
gemma-2-2b,77,freq,desc,de,de,richtig,"Das Gegenteil von ""richtig"" ist """,falsch,0,1,21.625,21.75,0.125
gemma-2-2b,77,freq,val,de,de,richtig,"Das Gegenteil von ""richtig"" ist """,falsch,0,0,21.625,20.875,-0.75
gemma-2-2b,77,freq,freq,de,de,richtig,"Das Gegenteil von ""richtig"" ist """,falsch,0,0,21.625,21.875,0.25
gemma-2-2b,78,desc,desc,de,de,einfach,"Das Gegenteil von ""einfach"" ist """,komplex,1,1,21.125,22.0,0.875
gemma-2-2b,78,desc,val,de,de,einfach,"Das Gegenteil von ""einfach"" ist """,komplex,1,5,21.125,20.125,-1.0
gemma-2-2b,78,desc,freq,de,de,einfach,"Das Gegenteil von ""einfach"" ist """,komplex,1,18,21.125,18.875,-2.25
gemma-2-2b,78,val,desc,de,de,einfach,"Das Gegenteil von ""einfach"" ist """,komplex,1,1,21.125,23.125,2.0
gemma-2-2b,78,val,val,de,de,einfach,"Das Gegenteil von ""einfach"" ist """,komplex,1,1,21.125,22.75,1.625
gemma-2-2b,78,val,freq,de,de,einfach,"Das Gegenteil von ""einfach"" ist """,komplex,1,1,21.125,20.875,-0.25
gemma-2-2b,78,freq,desc,de,de,einfach,"Das Gegenteil von ""einfach"" ist """,komplex,1,1,21.125,22.125,1.0
gemma-2-2b,78,freq,val,de,de,einfach,"Das Gegenteil von ""einfach"" ist """,komplex,1,2,21.125,21.125,0.0
gemma-2-2b,78,freq,freq,de,de,einfach,"Das Gegenteil von ""einfach"" ist """,komplex,1,0,21.125,22.5,1.375
gemma-2-2b,79,desc,desc,de,de,süß,"Das Gegenteil von ""süß"" ist """,sauer,1,1,18.5,19.25,0.75
gemma-2-2b,79,desc,val,de,de,süß,"Das Gegenteil von ""süß"" ist """,sauer,1,1,18.5,18.125,-0.375
gemma-2-2b,79,desc,freq,de,de,süß,"Das Gegenteil von ""süß"" ist """,sauer,1,0,18.5,18.75,0.25
gemma-2-2b,79,val,desc,de,de,süß,"Das Gegenteil von ""süß"" ist """,sauer,1,1,18.5,20.25,1.75
gemma-2-2b,79,val,val,de,de,süß,"Das Gegenteil von ""süß"" ist """,sauer,1,1,18.5,20.625,2.125
gemma-2-2b,79,val,freq,de,de,süß,"Das Gegenteil von ""süß"" ist """,sauer,1,0,18.5,18.875,0.375
gemma-2-2b,79,freq,desc,de,de,süß,"Das Gegenteil von ""süß"" ist """,sauer,1,1,18.5,20.125,1.625
gemma-2-2b,79,freq,val,de,de,süß,"Das Gegenteil von ""süß"" ist """,sauer,1,1,18.5,19.375,0.875
gemma-2-2b,79,freq,freq,de,de,süß,"Das Gegenteil von ""süß"" ist """,sauer,1,2,18.5,20.25,1.75
gemma-2-2b,80,desc,desc,de,de,sichtbar,"Das Gegenteil von ""sichtbar"" ist """,unsichtbar,0,14,21.5,19.125,-2.375
gemma-2-2b,80,desc,val,de,de,sichtbar,"Das Gegenteil von ""sichtbar"" ist """,unsichtbar,0,15,21.5,18.125,-3.375
gemma-2-2b,80,desc,freq,de,de,sichtbar,"Das Gegenteil von ""sichtbar"" ist """,unsichtbar,0,60,21.5,15.125,-6.375
gemma-2-2b,80,val,desc,de,de,sichtbar,"Das Gegenteil von ""sichtbar"" ist """,unsichtbar,0,2,21.5,21.875,0.375
gemma-2-2b,80,val,val,de,de,sichtbar,"Das Gegenteil von ""sichtbar"" ist """,unsichtbar,0,6,21.5,21.125,-0.375
gemma-2-2b,80,val,freq,de,de,sichtbar,"Das Gegenteil von ""sichtbar"" ist """,unsichtbar,0,11,21.5,17.875,-3.625
gemma-2-2b,80,freq,desc,de,de,sichtbar,"Das Gegenteil von ""sichtbar"" ist """,unsichtbar,0,15,21.5,19.875,-1.625
gemma-2-2b,80,freq,val,de,de,sichtbar,"Das Gegenteil von ""sichtbar"" ist """,unsichtbar,0,13,21.5,19.125,-2.375
gemma-2-2b,80,freq,freq,de,de,sichtbar,"Das Gegenteil von ""sichtbar"" ist """,unsichtbar,0,16,21.5,20.0,-1.5
gemma-2-2b,81,desc,desc,de,de,warm,"Das Gegenteil von ""warm"" ist """,kalt,2,2,21.75,21.875,0.125
gemma-2-2b,81,desc,val,de,de,warm,"Das Gegenteil von ""warm"" ist """,kalt,2,2,21.75,20.375,-1.375
gemma-2-2b,81,desc,freq,de,de,warm,"Das Gegenteil von ""warm"" ist """,kalt,2,1,21.75,19.875,-1.875
gemma-2-2b,81,val,desc,de,de,warm,"Das Gegenteil von ""warm"" ist """,kalt,2,1,21.75,22.75,1.0
gemma-2-2b,81,val,val,de,de,warm,"Das Gegenteil von ""warm"" ist """,kalt,2,2,21.75,23.25,1.5
gemma-2-2b,81,val,freq,de,de,warm,"Das Gegenteil von ""warm"" ist """,kalt,2,0,21.75,21.25,-0.5
gemma-2-2b,81,freq,desc,de,de,warm,"Das Gegenteil von ""warm"" ist """,kalt,2,2,21.75,22.375,0.625
gemma-2-2b,81,freq,val,de,de,warm,"Das Gegenteil von ""warm"" ist """,kalt,2,2,21.75,22.125,0.375
gemma-2-2b,81,freq,freq,de,de,warm,"Das Gegenteil von ""warm"" ist """,kalt,2,2,21.75,22.5,0.75
gemma-2-2b,82,desc,desc,de,de,glatt,"Das Gegenteil von ""glatt"" ist """,rau,6,95,19.25,19.625,0.375
gemma-2-2b,82,desc,val,de,de,glatt,"Das Gegenteil von ""glatt"" ist """,rau,6,91,19.25,18.75,-0.5
gemma-2-2b,82,desc,freq,de,de,glatt,"Das Gegenteil von ""glatt"" ist """,rau,6,132,19.25,17.875,-1.375
gemma-2-2b,82,val,desc,de,de,glatt,"Das Gegenteil von ""glatt"" ist """,rau,6,61,19.25,20.25,1.0
gemma-2-2b,82,val,val,de,de,glatt,"Das Gegenteil von ""glatt"" ist """,rau,6,82,19.25,20.625,1.375
gemma-2-2b,82,val,freq,de,de,glatt,"Das Gegenteil von ""glatt"" ist """,rau,6,233,19.25,17.375,-1.875
gemma-2-2b,82,freq,desc,de,de,glatt,"Das Gegenteil von ""glatt"" ist """,rau,6,217,19.25,19.25,0.0
gemma-2-2b,82,freq,val,de,de,glatt,"Das Gegenteil von ""glatt"" ist """,rau,6,149,19.25,18.125,-1.125
gemma-2-2b,82,freq,freq,de,de,glatt,"Das Gegenteil von ""glatt"" ist """,rau,6,205,19.25,19.375,0.125
gemma-2-2b,83,desc,desc,de,de,dünn,"Das Gegenteil von ""dünn"" ist """,dick,0,4,21.875,19.625,-2.25
gemma-2-2b,83,desc,val,de,de,dünn,"Das Gegenteil von ""dünn"" ist """,dick,0,2,21.875,18.875,-3.0
gemma-2-2b,83,desc,freq,de,de,dünn,"Das Gegenteil von ""dünn"" ist """,dick,0,39,21.875,15.0,-6.875
gemma-2-2b,83,val,desc,de,de,dünn,"Das Gegenteil von ""dünn"" ist """,dick,0,0,21.875,21.5,-0.375
gemma-2-2b,83,val,val,de,de,dünn,"Das Gegenteil von ""dünn"" ist """,dick,0,0,21.875,22.0,0.125
gemma-2-2b,83,val,freq,de,de,dünn,"Das Gegenteil von ""dünn"" ist """,dick,0,16,21.875,16.125,-5.75
gemma-2-2b,83,freq,desc,de,de,dünn,"Das Gegenteil von ""dünn"" ist """,dick,0,30,21.875,18.125,-3.75
gemma-2-2b,83,freq,val,de,de,dünn,"Das Gegenteil von ""dünn"" ist """,dick,0,17,21.875,17.5,-4.375
gemma-2-2b,83,freq,freq,de,de,dünn,"Das Gegenteil von ""dünn"" ist """,dick,0,33,21.875,18.125,-3.75
gemma-2-2b,84,desc,desc,de,de,groß,"Das Gegenteil von ""groß"" ist """,klein,0,0,21.375,22.875,1.5
gemma-2-2b,84,desc,val,de,de,groß,"Das Gegenteil von ""groß"" ist """,klein,0,0,21.375,21.625,0.25
gemma-2-2b,84,desc,freq,de,de,groß,"Das Gegenteil von ""groß"" ist """,klein,0,0,21.375,18.625,-2.75
gemma-2-2b,84,val,desc,de,de,groß,"Das Gegenteil von ""groß"" ist """,klein,0,0,21.375,22.5,1.125
gemma-2-2b,84,val,val,de,de,groß,"Das Gegenteil von ""groß"" ist """,klein,0,0,21.375,23.5,2.125
gemma-2-2b,84,val,freq,de,de,groß,"Das Gegenteil von ""groß"" ist """,klein,0,0,21.375,19.75,-1.625
gemma-2-2b,84,freq,desc,de,de,groß,"Das Gegenteil von ""groß"" ist """,klein,0,0,21.375,22.75,1.375
gemma-2-2b,84,freq,val,de,de,groß,"Das Gegenteil von ""groß"" ist """,klein,0,0,21.375,22.375,1.0
gemma-2-2b,84,freq,freq,de,de,groß,"Das Gegenteil von ""groß"" ist """,klein,0,0,21.375,23.125,1.75
gemma-2-2b,85,desc,desc,de,de,verheiratet,"Das Gegenteil von ""verheiratet"" ist """,unverheiratet,2,1,19.625,22.5,2.875
gemma-2-2b,85,desc,val,de,de,verheiratet,"Das Gegenteil von ""verheiratet"" ist """,unverheiratet,2,1,19.625,21.5,1.875
gemma-2-2b,85,desc,freq,de,de,verheiratet,"Das Gegenteil von ""verheiratet"" ist """,unverheiratet,2,4,19.625,18.125,-1.5
gemma-2-2b,85,val,desc,de,de,verheiratet,"Das Gegenteil von ""verheiratet"" ist """,unverheiratet,2,2,19.625,21.125,1.5
gemma-2-2b,85,val,val,de,de,verheiratet,"Das Gegenteil von ""verheiratet"" ist """,unverheiratet,2,2,19.625,23.0,3.375
gemma-2-2b,85,val,freq,de,de,verheiratet,"Das Gegenteil von ""verheiratet"" ist """,unverheiratet,2,11,19.625,17.375,-2.25
gemma-2-2b,85,freq,desc,de,de,verheiratet,"Das Gegenteil von ""verheiratet"" ist """,unverheiratet,2,1,19.625,23.0,3.375
gemma-2-2b,85,freq,val,de,de,verheiratet,"Das Gegenteil von ""verheiratet"" ist """,unverheiratet,2,0,19.625,22.0,2.375
gemma-2-2b,85,freq,freq,de,de,verheiratet,"Das Gegenteil von ""verheiratet"" ist """,unverheiratet,2,2,19.625,23.0,3.375
gemma-2-2b,86,desc,desc,de,de,optimistisch,"Das Gegenteil von ""optimistisch"" ist """,pessimistisch,0,0,23.125,23.75,0.625
gemma-2-2b,86,desc,val,de,de,optimistisch,"Das Gegenteil von ""optimistisch"" ist """,pessimistisch,0,0,23.125,23.5,0.375
gemma-2-2b,86,desc,freq,de,de,optimistisch,"Das Gegenteil von ""optimistisch"" ist """,pessimistisch,0,0,23.125,22.125,-1.0
gemma-2-2b,86,val,desc,de,de,optimistisch,"Das Gegenteil von ""optimistisch"" ist """,pessimistisch,0,0,23.125,24.25,1.125
gemma-2-2b,86,val,val,de,de,optimistisch,"Das Gegenteil von ""optimistisch"" ist """,pessimistisch,0,0,23.125,25.0,1.875
gemma-2-2b,86,val,freq,de,de,optimistisch,"Das Gegenteil von ""optimistisch"" ist """,pessimistisch,0,0,23.125,22.625,-0.5
gemma-2-2b,86,freq,desc,de,de,optimistisch,"Das Gegenteil von ""optimistisch"" ist """,pessimistisch,0,0,23.125,24.25,1.125
gemma-2-2b,86,freq,val,de,de,optimistisch,"Das Gegenteil von ""optimistisch"" ist """,pessimistisch,0,0,23.125,23.875,0.75
gemma-2-2b,86,freq,freq,de,de,optimistisch,"Das Gegenteil von ""optimistisch"" ist """,pessimistisch,0,0,23.125,24.375,1.25
gemma-2-2b,87,desc,desc,de,de,permanent,"Das Gegenteil von ""permanent"" ist """,temporär,3,3,23.25,23.5,0.25
gemma-2-2b,87,desc,val,de,de,permanent,"Das Gegenteil von ""permanent"" ist """,temporär,3,4,23.25,22.75,-0.5
gemma-2-2b,87,desc,freq,de,de,permanent,"Das Gegenteil von ""permanent"" ist """,temporär,3,0,23.25,21.375,-1.875
gemma-2-2b,87,val,desc,de,de,permanent,"Das Gegenteil von ""permanent"" ist """,temporär,3,3,23.25,23.5,0.25
gemma-2-2b,87,val,val,de,de,permanent,"Das Gegenteil von ""permanent"" ist """,temporär,3,4,23.25,24.0,0.75
gemma-2-2b,87,val,freq,de,de,permanent,"Das Gegenteil von ""permanent"" ist """,temporär,3,1,23.25,20.625,-2.625
gemma-2-2b,87,freq,desc,de,de,permanent,"Das Gegenteil von ""permanent"" ist """,temporär,3,5,23.25,23.75,0.5
gemma-2-2b,87,freq,val,de,de,permanent,"Das Gegenteil von ""permanent"" ist """,temporär,3,5,23.25,22.875,-0.375
gemma-2-2b,87,freq,freq,de,de,permanent,"Das Gegenteil von ""permanent"" ist """,temporär,3,4,23.25,23.5,0.25
gemma-2-2b,88,desc,desc,de,de,gegenwärtig,"Das Gegenteil von ""gegenwärtig"" ist """,vergangen,0,2,22.875,21.875,-1.0
gemma-2-2b,88,desc,val,de,de,gegenwärtig,"Das Gegenteil von ""gegenwärtig"" ist """,vergangen,0,2,22.875,20.875,-2.0
gemma-2-2b,88,desc,freq,de,de,gegenwärtig,"Das Gegenteil von ""gegenwärtig"" ist """,vergangen,0,9,22.875,19.5,-3.375
gemma-2-2b,88,val,desc,de,de,gegenwärtig,"Das Gegenteil von ""gegenwärtig"" ist """,vergangen,0,0,22.875,23.875,1.0
gemma-2-2b,88,val,val,de,de,gegenwärtig,"Das Gegenteil von ""gegenwärtig"" ist """,vergangen,0,1,22.875,23.375,0.5
gemma-2-2b,88,val,freq,de,de,gegenwärtig,"Das Gegenteil von ""gegenwärtig"" ist """,vergangen,0,2,22.875,21.125,-1.75
gemma-2-2b,88,freq,desc,de,de,gegenwärtig,"Das Gegenteil von ""gegenwärtig"" ist """,vergangen,0,6,22.875,21.625,-1.25
gemma-2-2b,88,freq,val,de,de,gegenwärtig,"Das Gegenteil von ""gegenwärtig"" ist """,vergangen,0,4,22.875,20.5,-2.375
gemma-2-2b,88,freq,freq,de,de,gegenwärtig,"Das Gegenteil von ""gegenwärtig"" ist """,vergangen,0,4,22.875,21.75,-1.125
gemma-2-2b,89,desc,desc,de,de,öffentlich,"Das Gegenteil von ""öffentlich"" ist """,privat,1,0,17.5,20.375,2.875
gemma-2-2b,89,desc,val,de,de,öffentlich,"Das Gegenteil von ""öffentlich"" ist """,privat,1,0,17.5,19.5,2.0
gemma-2-2b,89,desc,freq,de,de,öffentlich,"Das Gegenteil von ""öffentlich"" ist """,privat,1,0,17.5,16.375,-1.125
gemma-2-2b,89,val,desc,de,de,öffentlich,"Das Gegenteil von ""öffentlich"" ist """,privat,1,1,17.5,21.375,3.875
gemma-2-2b,89,val,val,de,de,öffentlich,"Das Gegenteil von ""öffentlich"" ist """,privat,1,0,17.5,21.75,4.25
gemma-2-2b,89,val,freq,de,de,öffentlich,"Das Gegenteil von ""öffentlich"" ist """,privat,1,1,17.5,18.5,1.0
gemma-2-2b,89,freq,desc,de,de,öffentlich,"Das Gegenteil von ""öffentlich"" ist """,privat,1,0,17.5,21.5,4.0
gemma-2-2b,89,freq,val,de,de,öffentlich,"Das Gegenteil von ""öffentlich"" ist """,privat,1,0,17.5,20.875,3.375
gemma-2-2b,89,freq,freq,de,de,öffentlich,"Das Gegenteil von ""öffentlich"" ist """,privat,1,0,17.5,21.5,4.0
gemma-2-2b,90,desc,desc,de,de,echt,"Das Gegenteil von ""echt"" ist """,falsch,0,0,21.125,23.5,2.375
gemma-2-2b,90,desc,val,de,de,echt,"Das Gegenteil von ""echt"" ist """,falsch,0,0,21.125,22.75,1.625
gemma-2-2b,90,desc,freq,de,de,echt,"Das Gegenteil von ""echt"" ist """,falsch,0,0,21.125,22.5,1.375
gemma-2-2b,90,val,desc,de,de,echt,"Das Gegenteil von ""echt"" ist """,falsch,0,0,21.125,23.0,1.875
gemma-2-2b,90,val,val,de,de,echt,"Das Gegenteil von ""echt"" ist """,falsch,0,0,21.125,24.5,3.375
gemma-2-2b,90,val,freq,de,de,echt,"Das Gegenteil von ""echt"" ist """,falsch,0,0,21.125,21.875,0.75
gemma-2-2b,90,freq,desc,de,de,echt,"Das Gegenteil von ""echt"" ist """,falsch,0,0,21.125,24.25,3.125
gemma-2-2b,90,freq,val,de,de,echt,"Das Gegenteil von ""echt"" ist """,falsch,0,0,21.125,23.375,2.25
gemma-2-2b,90,freq,freq,de,de,echt,"Das Gegenteil von ""echt"" ist """,falsch,0,0,21.125,24.125,3.0
gemma-2-2b,91,desc,desc,de,de,verantwortlich,"Das Gegenteil von ""verantwortlich"" ist """,unverantwortlich,1,1,23.0,24.125,1.125
gemma-2-2b,91,desc,val,de,de,verantwortlich,"Das Gegenteil von ""verantwortlich"" ist """,unverantwortlich,1,1,23.0,23.125,0.125
gemma-2-2b,91,desc,freq,de,de,verantwortlich,"Das Gegenteil von ""verantwortlich"" ist """,unverantwortlich,1,3,23.0,20.75,-2.25
gemma-2-2b,91,val,desc,de,de,verantwortlich,"Das Gegenteil von ""verantwortlich"" ist """,unverantwortlich,1,1,23.0,23.875,0.875
gemma-2-2b,91,val,val,de,de,verantwortlich,"Das Gegenteil von ""verantwortlich"" ist """,unverantwortlich,1,0,23.0,24.75,1.75
gemma-2-2b,91,val,freq,de,de,verantwortlich,"Das Gegenteil von ""verantwortlich"" ist """,unverantwortlich,1,6,23.0,20.75,-2.25
gemma-2-2b,91,freq,desc,de,de,verantwortlich,"Das Gegenteil von ""verantwortlich"" ist """,unverantwortlich,1,1,23.0,24.5,1.5
gemma-2-2b,91,freq,val,de,de,verantwortlich,"Das Gegenteil von ""verantwortlich"" ist """,unverantwortlich,1,1,23.0,23.5,0.5
gemma-2-2b,91,freq,freq,de,de,verantwortlich,"Das Gegenteil von ""verantwortlich"" ist """,unverantwortlich,1,1,23.0,24.5,1.5
gemma-2-2b,92,desc,desc,de,de,ledig,"Das Gegenteil von ""ledig"" ist """,verheiratet,0,6,21.875,21.875,0.0
gemma-2-2b,92,desc,val,de,de,ledig,"Das Gegenteil von ""ledig"" ist """,verheiratet,0,7,21.875,20.875,-1.0
gemma-2-2b,92,desc,freq,de,de,ledig,"Das Gegenteil von ""ledig"" ist """,verheiratet,0,45,21.875,18.75,-3.125
gemma-2-2b,92,val,desc,de,de,ledig,"Das Gegenteil von ""ledig"" ist """,verheiratet,0,1,21.875,23.5,1.625
gemma-2-2b,92,val,val,de,de,ledig,"Das Gegenteil von ""ledig"" ist """,verheiratet,0,2,21.875,23.5,1.625
gemma-2-2b,92,val,freq,de,de,ledig,"Das Gegenteil von ""ledig"" ist """,verheiratet,0,11,21.875,19.75,-2.125
gemma-2-2b,92,freq,desc,de,de,ledig,"Das Gegenteil von ""ledig"" ist """,verheiratet,0,18,21.875,21.5,-0.375
gemma-2-2b,92,freq,val,de,de,ledig,"Das Gegenteil von ""ledig"" ist """,verheiratet,0,23,21.875,20.25,-1.625
gemma-2-2b,92,freq,freq,de,de,ledig,"Das Gegenteil von ""ledig"" ist """,verheiratet,0,20,21.875,21.5,-0.375
gemma-2-2b,93,desc,desc,de,de,sauer,"Das Gegenteil von ""sauer"" ist """,süß,0,0,19.125,20.75,1.625
gemma-2-2b,93,desc,val,de,de,sauer,"Das Gegenteil von ""sauer"" ist """,süß,0,0,19.125,20.25,1.125
gemma-2-2b,93,desc,freq,de,de,sauer,"Das Gegenteil von ""sauer"" ist """,süß,0,0,19.125,20.875,1.75
gemma-2-2b,93,val,desc,de,de,sauer,"Das Gegenteil von ""sauer"" ist """,süß,0,0,19.125,22.0,2.875
gemma-2-2b,93,val,val,de,de,sauer,"Das Gegenteil von ""sauer"" ist """,süß,0,0,19.125,22.25,3.125
gemma-2-2b,93,val,freq,de,de,sauer,"Das Gegenteil von ""sauer"" ist """,süß,0,0,19.125,20.875,1.75
gemma-2-2b,93,freq,desc,de,de,sauer,"Das Gegenteil von ""sauer"" ist """,süß,0,0,19.125,21.5,2.375
gemma-2-2b,93,freq,val,de,de,sauer,"Das Gegenteil von ""sauer"" ist """,süß,0,0,19.125,21.0,1.875
gemma-2-2b,93,freq,freq,de,de,sauer,"Das Gegenteil von ""sauer"" ist """,süß,0,0,19.125,21.5,2.375
gemma-2-2b,94,desc,desc,de,de,nützlich,"Das Gegenteil von ""nützlich"" ist """,nutzlos,3,1,20.0,22.375,2.375
gemma-2-2b,94,desc,val,de,de,nützlich,"Das Gegenteil von ""nützlich"" ist """,nutzlos,3,1,20.0,21.25,1.25
gemma-2-2b,94,desc,freq,de,de,nützlich,"Das Gegenteil von ""nützlich"" ist """,nutzlos,3,0,20.0,20.75,0.75
gemma-2-2b,94,val,desc,de,de,nützlich,"Das Gegenteil von ""nützlich"" ist """,nutzlos,3,4,20.0,21.75,1.75
gemma-2-2b,94,val,val,de,de,nützlich,"Das Gegenteil von ""nützlich"" ist """,nutzlos,3,1,20.0,23.25,3.25
gemma-2-2b,94,val,freq,de,de,nützlich,"Das Gegenteil von ""nützlich"" ist """,nutzlos,3,3,20.0,19.875,-0.125
gemma-2-2b,94,freq,desc,de,de,nützlich,"Das Gegenteil von ""nützlich"" ist """,nutzlos,3,0,20.0,23.5,3.5
gemma-2-2b,94,freq,val,de,de,nützlich,"Das Gegenteil von ""nützlich"" ist """,nutzlos,3,0,20.0,22.75,2.75
gemma-2-2b,94,freq,freq,de,de,nützlich,"Das Gegenteil von ""nützlich"" ist """,nutzlos,3,0,20.0,23.5,3.5
gemma-2-2b,95,desc,desc,de,de,vertikal,"Das Gegenteil von ""vertikal"" ist """,horizontal,0,1,20.0,20.875,0.875
gemma-2-2b,95,desc,val,de,de,vertikal,"Das Gegenteil von ""vertikal"" ist """,horizontal,0,1,20.0,20.375,0.375
gemma-2-2b,95,desc,freq,de,de,vertikal,"Das Gegenteil von ""vertikal"" ist """,horizontal,0,3,20.0,16.875,-3.125
gemma-2-2b,95,val,desc,de,de,vertikal,"Das Gegenteil von ""vertikal"" ist """,horizontal,0,1,20.0,22.125,2.125
gemma-2-2b,95,val,val,de,de,vertikal,"Das Gegenteil von ""vertikal"" ist """,horizontal,0,1,20.0,22.5,2.5
gemma-2-2b,95,val,freq,de,de,vertikal,"Das Gegenteil von ""vertikal"" ist """,horizontal,0,3,20.0,16.875,-3.125
gemma-2-2b,95,freq,desc,de,de,vertikal,"Das Gegenteil von ""vertikal"" ist """,horizontal,0,0,20.0,21.875,1.875
gemma-2-2b,95,freq,val,de,de,vertikal,"Das Gegenteil von ""vertikal"" ist """,horizontal,0,1,20.0,21.0,1.0
gemma-2-2b,95,freq,freq,de,de,vertikal,"Das Gegenteil von ""vertikal"" ist """,horizontal,0,1,20.0,21.625,1.625
gemma-2-2b,96,desc,desc,de,de,gut,"Das Gegenteil von ""gut"" ist """,schlecht,0,2,20.875,20.875,0.0
gemma-2-2b,96,desc,val,de,de,gut,"Das Gegenteil von ""gut"" ist """,schlecht,0,3,20.875,19.375,-1.5
gemma-2-2b,96,desc,freq,de,de,gut,"Das Gegenteil von ""gut"" ist """,schlecht,0,3,20.875,18.375,-2.5
gemma-2-2b,96,val,desc,de,de,gut,"Das Gegenteil von ""gut"" ist """,schlecht,0,0,20.875,21.875,1.0
gemma-2-2b,96,val,val,de,de,gut,"Das Gegenteil von ""gut"" ist """,schlecht,0,0,20.875,21.625,0.75
gemma-2-2b,96,val,freq,de,de,gut,"Das Gegenteil von ""gut"" ist """,schlecht,0,0,20.875,20.0,-0.875
gemma-2-2b,96,freq,desc,de,de,gut,"Das Gegenteil von ""gut"" ist """,schlecht,0,3,20.875,21.125,0.25
gemma-2-2b,96,freq,val,de,de,gut,"Das Gegenteil von ""gut"" ist """,schlecht,0,3,20.875,19.75,-1.125
gemma-2-2b,96,freq,freq,de,de,gut,"Das Gegenteil von ""gut"" ist """,schlecht,0,2,20.875,21.125,0.25
gemma-2-2b,97,desc,desc,de,de,gewinnend,"Das Gegenteil von ""gewinnend"" ist """,verlierend,0,0,22.25,22.875,0.625
gemma-2-2b,97,desc,val,de,de,gewinnend,"Das Gegenteil von ""gewinnend"" ist """,verlierend,0,0,22.25,21.5,-0.75
gemma-2-2b,97,desc,freq,de,de,gewinnend,"Das Gegenteil von ""gewinnend"" ist """,verlierend,0,0,22.25,18.25,-4.0
gemma-2-2b,97,val,desc,de,de,gewinnend,"Das Gegenteil von ""gewinnend"" ist """,verlierend,0,0,22.25,23.875,1.625
gemma-2-2b,97,val,val,de,de,gewinnend,"Das Gegenteil von ""gewinnend"" ist """,verlierend,0,0,22.25,23.75,1.5
gemma-2-2b,97,val,freq,de,de,gewinnend,"Das Gegenteil von ""gewinnend"" ist """,verlierend,0,0,22.25,20.375,-1.875
gemma-2-2b,97,freq,desc,de,de,gewinnend,"Das Gegenteil von ""gewinnend"" ist """,verlierend,0,0,22.25,23.125,0.875
gemma-2-2b,97,freq,val,de,de,gewinnend,"Das Gegenteil von ""gewinnend"" ist """,verlierend,0,0,22.25,21.875,-0.375
gemma-2-2b,97,freq,freq,de,de,gewinnend,"Das Gegenteil von ""gewinnend"" ist """,verlierend,0,0,22.25,23.125,0.875
gemma-2-2b,98,desc,desc,de,de,unfreundlich,"Das Gegenteil von ""unfreundlich"" ist """,freundlich,0,2,23.5,22.5,-1.0
gemma-2-2b,98,desc,val,de,de,unfreundlich,"Das Gegenteil von ""unfreundlich"" ist """,freundlich,0,1,23.5,21.875,-1.625
gemma-2-2b,98,desc,freq,de,de,unfreundlich,"Das Gegenteil von ""unfreundlich"" ist """,freundlich,0,3,23.5,19.75,-3.75
gemma-2-2b,98,val,desc,de,de,unfreundlich,"Das Gegenteil von ""unfreundlich"" ist """,freundlich,0,4,23.5,21.625,-1.875
gemma-2-2b,98,val,val,de,de,unfreundlich,"Das Gegenteil von ""unfreundlich"" ist """,freundlich,0,1,23.5,23.125,-0.375
gemma-2-2b,98,val,freq,de,de,unfreundlich,"Das Gegenteil von ""unfreundlich"" ist """,freundlich,0,33,23.5,17.75,-5.75
gemma-2-2b,98,freq,desc,de,de,unfreundlich,"Das Gegenteil von ""unfreundlich"" ist """,freundlich,0,3,23.5,22.375,-1.125
gemma-2-2b,98,freq,val,de,de,unfreundlich,"Das Gegenteil von ""unfreundlich"" ist """,freundlich,0,3,23.5,21.125,-2.375
gemma-2-2b,98,freq,freq,de,de,unfreundlich,"Das Gegenteil von ""unfreundlich"" ist """,freundlich,0,2,23.5,22.625,-0.875
gemma-2-2b,99,desc,desc,de,de,feige,"Das Gegenteil von ""feige"" ist """,mutig,0,3,20.0,21.0,1.0
gemma-2-2b,99,desc,val,de,de,feige,"Das Gegenteil von ""feige"" ist """,mutig,0,2,20.0,20.125,0.125
gemma-2-2b,99,desc,freq,de,de,feige,"Das Gegenteil von ""feige"" ist """,mutig,0,0,20.0,21.0,1.0
gemma-2-2b,99,val,desc,de,de,feige,"Das Gegenteil von ""feige"" ist """,mutig,0,0,20.0,21.375,1.375
gemma-2-2b,99,val,val,de,de,feige,"Das Gegenteil von ""feige"" ist """,mutig,0,0,20.0,22.375,2.375
gemma-2-2b,99,val,freq,de,de,feige,"Das Gegenteil von ""feige"" ist """,mutig,0,0,20.0,21.0,1.0
gemma-2-2b,99,freq,desc,de,de,feige,"Das Gegenteil von ""feige"" ist """,mutig,0,4,20.0,21.25,1.25
gemma-2-2b,99,freq,val,de,de,feige,"Das Gegenteil von ""feige"" ist """,mutig,0,7,20.0,20.375,0.375
gemma-2-2b,99,freq,freq,de,de,feige,"Das Gegenteil von ""feige"" ist """,mutig,0,4,20.0,21.375,1.375
gemma-2-2b,0,desc,desc,de,en,good,"Das Gegenteil von ""good"" ist """,bad,0,0,25.75,25.875,0.125
gemma-2-2b,0,desc,val,de,en,good,"Das Gegenteil von ""good"" ist """,bad,0,0,25.75,26.0,0.25
gemma-2-2b,0,desc,freq,de,en,good,"Das Gegenteil von ""good"" ist """,bad,0,0,25.75,27.125,1.375
gemma-2-2b,0,val,desc,de,en,good,"Das Gegenteil von ""good"" ist """,bad,0,0,25.75,26.75,1.0
gemma-2-2b,0,val,val,de,en,good,"Das Gegenteil von ""good"" ist """,bad,0,0,25.75,26.75,1.0
gemma-2-2b,0,val,freq,de,en,good,"Das Gegenteil von ""good"" ist """,bad,0,0,25.75,27.25,1.5
gemma-2-2b,0,freq,desc,de,en,good,"Das Gegenteil von ""good"" ist """,bad,0,0,25.75,26.0,0.25
gemma-2-2b,0,freq,val,de,en,good,"Das Gegenteil von ""good"" ist """,bad,0,0,25.75,26.25,0.5
gemma-2-2b,0,freq,freq,de,en,good,"Das Gegenteil von ""good"" ist """,bad,0,0,25.75,26.0,0.25
gemma-2-2b,1,desc,desc,de,en,happy,"Das Gegenteil von ""happy"" ist """,sad,0,0,25.0,25.25,0.25
gemma-2-2b,1,desc,val,de,en,happy,"Das Gegenteil von ""happy"" ist """,sad,0,0,25.0,24.375,-0.625
gemma-2-2b,1,desc,freq,de,en,happy,"Das Gegenteil von ""happy"" ist """,sad,0,0,25.0,26.25,1.25
gemma-2-2b,1,val,desc,de,en,happy,"Das Gegenteil von ""happy"" ist """,sad,0,0,25.0,25.0,0.0
gemma-2-2b,1,val,val,de,en,happy,"Das Gegenteil von ""happy"" ist """,sad,0,0,25.0,25.125,0.125
gemma-2-2b,1,val,freq,de,en,happy,"Das Gegenteil von ""happy"" ist """,sad,0,0,25.0,25.75,0.75
gemma-2-2b,1,freq,desc,de,en,happy,"Das Gegenteil von ""happy"" ist """,sad,0,0,25.0,24.75,-0.25
gemma-2-2b,1,freq,val,de,en,happy,"Das Gegenteil von ""happy"" ist """,sad,0,0,25.0,24.25,-0.75
gemma-2-2b,1,freq,freq,de,en,happy,"Das Gegenteil von ""happy"" ist """,sad,0,0,25.0,25.0,0.0
gemma-2-2b,2,desc,desc,de,en,big,"Das Gegenteil von ""big"" ist """,small,0,0,24.125,24.5,0.375
gemma-2-2b,2,desc,val,de,en,big,"Das Gegenteil von ""big"" ist """,small,0,0,24.125,23.875,-0.25
gemma-2-2b,2,desc,freq,de,en,big,"Das Gegenteil von ""big"" ist """,small,0,0,24.125,25.625,1.5
gemma-2-2b,2,val,desc,de,en,big,"Das Gegenteil von ""big"" ist """,small,0,0,24.125,25.125,1.0
gemma-2-2b,2,val,val,de,en,big,"Das Gegenteil von ""big"" ist """,small,0,0,24.125,25.125,1.0
gemma-2-2b,2,val,freq,de,en,big,"Das Gegenteil von ""big"" ist """,small,0,0,24.125,26.125,2.0
gemma-2-2b,2,freq,desc,de,en,big,"Das Gegenteil von ""big"" ist """,small,0,0,24.125,24.125,0.0
gemma-2-2b,2,freq,val,de,en,big,"Das Gegenteil von ""big"" ist """,small,0,0,24.125,24.625,0.5
gemma-2-2b,2,freq,freq,de,en,big,"Das Gegenteil von ""big"" ist """,small,0,0,24.125,24.375,0.25
gemma-2-2b,3,desc,desc,de,en,hot,"Das Gegenteil von ""hot"" ist """,cold,0,0,24.75,25.0,0.25
gemma-2-2b,3,desc,val,de,en,hot,"Das Gegenteil von ""hot"" ist """,cold,0,0,24.75,24.125,-0.625
gemma-2-2b,3,desc,freq,de,en,hot,"Das Gegenteil von ""hot"" ist """,cold,0,0,24.75,26.5,1.75
gemma-2-2b,3,val,desc,de,en,hot,"Das Gegenteil von ""hot"" ist """,cold,0,0,24.75,25.25,0.5
gemma-2-2b,3,val,val,de,en,hot,"Das Gegenteil von ""hot"" ist """,cold,0,0,24.75,25.5,0.75
gemma-2-2b,3,val,freq,de,en,hot,"Das Gegenteil von ""hot"" ist """,cold,0,0,24.75,26.5,1.75
gemma-2-2b,3,freq,desc,de,en,hot,"Das Gegenteil von ""hot"" ist """,cold,0,0,24.75,24.5,-0.25
gemma-2-2b,3,freq,val,de,en,hot,"Das Gegenteil von ""hot"" ist """,cold,0,0,24.75,24.25,-0.5
gemma-2-2b,3,freq,freq,de,en,hot,"Das Gegenteil von ""hot"" ist """,cold,0,0,24.75,24.75,0.0
gemma-2-2b,4,desc,desc,de,en,fast,"Das Gegenteil von ""fast"" ist """,slow,90,89,18.75,19.25,0.5
gemma-2-2b,4,desc,val,de,en,fast,"Das Gegenteil von ""fast"" ist """,slow,90,59,18.75,17.0,-1.75
gemma-2-2b,4,desc,freq,de,en,fast,"Das Gegenteil von ""fast"" ist """,slow,90,84,18.75,20.25,1.5
gemma-2-2b,4,val,desc,de,en,fast,"Das Gegenteil von ""fast"" ist """,slow,90,120,18.75,18.5,-0.25
gemma-2-2b,4,val,val,de,en,fast,"Das Gegenteil von ""fast"" ist """,slow,90,128,18.75,18.25,-0.5
gemma-2-2b,4,val,freq,de,en,fast,"Das Gegenteil von ""fast"" ist """,slow,90,95,18.75,20.0,1.25
gemma-2-2b,4,freq,desc,de,en,fast,"Das Gegenteil von ""fast"" ist """,slow,90,84,18.75,19.0,0.25
gemma-2-2b,4,freq,val,de,en,fast,"Das Gegenteil von ""fast"" ist """,slow,90,47,18.75,17.75,-1.0
gemma-2-2b,4,freq,freq,de,en,fast,"Das Gegenteil von ""fast"" ist """,slow,90,88,18.75,18.75,0.0
gemma-2-2b,5,desc,desc,de,en,light,"Das Gegenteil von ""light"" ist """,heavy,0,0,25.75,26.125,0.375
gemma-2-2b,5,desc,val,de,en,light,"Das Gegenteil von ""light"" ist """,heavy,0,0,25.75,25.0,-0.75
gemma-2-2b,5,desc,freq,de,en,light,"Das Gegenteil von ""light"" ist """,heavy,0,0,25.75,27.25,1.5
gemma-2-2b,5,val,desc,de,en,light,"Das Gegenteil von ""light"" ist """,heavy,0,0,25.75,26.25,0.5
gemma-2-2b,5,val,val,de,en,light,"Das Gegenteil von ""light"" ist """,heavy,0,0,25.75,26.5,0.75
gemma-2-2b,5,val,freq,de,en,light,"Das Gegenteil von ""light"" ist """,heavy,0,0,25.75,27.25,1.5
gemma-2-2b,5,freq,desc,de,en,light,"Das Gegenteil von ""light"" ist """,heavy,0,0,25.75,25.625,-0.125
gemma-2-2b,5,freq,val,de,en,light,"Das Gegenteil von ""light"" ist """,heavy,0,0,25.75,25.25,-0.5
gemma-2-2b,5,freq,freq,de,en,light,"Das Gegenteil von ""light"" ist """,heavy,0,0,25.75,25.875,0.125
gemma-2-2b,6,desc,desc,de,en,easy,"Das Gegenteil von ""easy"" ist """,hard,0,0,26.0,26.25,0.25
gemma-2-2b,6,desc,val,de,en,easy,"Das Gegenteil von ""easy"" ist """,hard,0,0,26.0,24.125,-1.875
gemma-2-2b,6,desc,freq,de,en,easy,"Das Gegenteil von ""easy"" ist """,hard,0,0,26.0,26.875,0.875
gemma-2-2b,6,val,desc,de,en,easy,"Das Gegenteil von ""easy"" ist """,hard,0,0,26.0,25.75,-0.25
gemma-2-2b,6,val,val,de,en,easy,"Das Gegenteil von ""easy"" ist """,hard,0,0,26.0,26.0,0.0
gemma-2-2b,6,val,freq,de,en,easy,"Das Gegenteil von ""easy"" ist """,hard,0,0,26.0,26.625,0.625
gemma-2-2b,6,freq,desc,de,en,easy,"Das Gegenteil von ""easy"" ist """,hard,0,0,26.0,25.625,-0.375
gemma-2-2b,6,freq,val,de,en,easy,"Das Gegenteil von ""easy"" ist """,hard,0,0,26.0,24.625,-1.375
gemma-2-2b,6,freq,freq,de,en,easy,"Das Gegenteil von ""easy"" ist """,hard,0,0,26.0,25.875,-0.125
gemma-2-2b,7,desc,desc,de,en,new,"Das Gegenteil von ""new"" ist """,old,0,0,25.125,25.25,0.125
gemma-2-2b,7,desc,val,de,en,new,"Das Gegenteil von ""new"" ist """,old,0,0,25.125,23.875,-1.25
gemma-2-2b,7,desc,freq,de,en,new,"Das Gegenteil von ""new"" ist """,old,0,0,25.125,26.375,1.25
gemma-2-2b,7,val,desc,de,en,new,"Das Gegenteil von ""new"" ist """,old,0,0,25.125,25.5,0.375
gemma-2-2b,7,val,val,de,en,new,"Das Gegenteil von ""new"" ist """,old,0,0,25.125,25.625,0.5
gemma-2-2b,7,val,freq,de,en,new,"Das Gegenteil von ""new"" ist """,old,0,0,25.125,26.625,1.5
gemma-2-2b,7,freq,desc,de,en,new,"Das Gegenteil von ""new"" ist """,old,0,0,25.125,24.875,-0.25
gemma-2-2b,7,freq,val,de,en,new,"Das Gegenteil von ""new"" ist """,old,0,0,25.125,24.5,-0.625
gemma-2-2b,7,freq,freq,de,en,new,"Das Gegenteil von ""new"" ist """,old,0,0,25.125,25.125,0.0
gemma-2-2b,8,desc,desc,de,en,true,"Das Gegenteil von ""true"" ist """,false,0,0,24.875,25.125,0.25
gemma-2-2b,8,desc,val,de,en,true,"Das Gegenteil von ""true"" ist """,false,0,0,24.875,25.5,0.625
gemma-2-2b,8,desc,freq,de,en,true,"Das Gegenteil von ""true"" ist """,false,0,0,24.875,26.0,1.125
gemma-2-2b,8,val,desc,de,en,true,"Das Gegenteil von ""true"" ist """,false,0,0,24.875,26.375,1.5
gemma-2-2b,8,val,val,de,en,true,"Das Gegenteil von ""true"" ist """,false,0,0,24.875,26.5,1.625
gemma-2-2b,8,val,freq,de,en,true,"Das Gegenteil von ""true"" ist """,false,0,0,24.875,27.125,2.25
gemma-2-2b,8,freq,desc,de,en,true,"Das Gegenteil von ""true"" ist """,false,0,0,24.875,25.125,0.25
gemma-2-2b,8,freq,val,de,en,true,"Das Gegenteil von ""true"" ist """,false,0,0,24.875,26.125,1.25
gemma-2-2b,8,freq,freq,de,en,true,"Das Gegenteil von ""true"" ist """,false,0,0,24.875,25.25,0.375
gemma-2-2b,9,desc,desc,de,en,alive,"Das Gegenteil von ""alive"" ist """,dead,0,0,25.0,25.25,0.25
gemma-2-2b,9,desc,val,de,en,alive,"Das Gegenteil von ""alive"" ist """,dead,0,0,25.0,23.875,-1.125
gemma-2-2b,9,desc,freq,de,en,alive,"Das Gegenteil von ""alive"" ist """,dead,0,0,25.0,26.375,1.375
gemma-2-2b,9,val,desc,de,en,alive,"Das Gegenteil von ""alive"" ist """,dead,0,0,25.0,25.5,0.5
gemma-2-2b,9,val,val,de,en,alive,"Das Gegenteil von ""alive"" ist """,dead,0,0,25.0,25.5,0.5
gemma-2-2b,9,val,freq,de,en,alive,"Das Gegenteil von ""alive"" ist """,dead,0,0,25.0,26.5,1.5
gemma-2-2b,9,freq,desc,de,en,alive,"Das Gegenteil von ""alive"" ist """,dead,0,0,25.0,25.125,0.125
gemma-2-2b,9,freq,val,de,en,alive,"Das Gegenteil von ""alive"" ist """,dead,0,0,25.0,24.0,-1.0
gemma-2-2b,9,freq,freq,de,en,alive,"Das Gegenteil von ""alive"" ist """,dead,0,0,25.0,25.125,0.125
gemma-2-2b,10,desc,desc,de,en,full,"Das Gegenteil von ""full"" ist """,empty,0,0,25.375,25.625,0.25
gemma-2-2b,10,desc,val,de,en,full,"Das Gegenteil von ""full"" ist """,empty,0,0,25.375,24.75,-0.625
gemma-2-2b,10,desc,freq,de,en,full,"Das Gegenteil von ""full"" ist """,empty,0,0,25.375,26.75,1.375
gemma-2-2b,10,val,desc,de,en,full,"Das Gegenteil von ""full"" ist """,empty,0,0,25.375,25.875,0.5
gemma-2-2b,10,val,val,de,en,full,"Das Gegenteil von ""full"" ist """,empty,0,0,25.375,26.0,0.625
gemma-2-2b,10,val,freq,de,en,full,"Das Gegenteil von ""full"" ist """,empty,0,0,25.375,26.75,1.375
gemma-2-2b,10,freq,desc,de,en,full,"Das Gegenteil von ""full"" ist """,empty,0,0,25.375,25.25,-0.125
gemma-2-2b,10,freq,val,de,en,full,"Das Gegenteil von ""full"" ist """,empty,0,0,25.375,25.25,-0.125
gemma-2-2b,10,freq,freq,de,en,full,"Das Gegenteil von ""full"" ist """,empty,0,0,25.375,25.5,0.125
gemma-2-2b,11,desc,desc,de,en,bright,"Das Gegenteil von ""bright"" ist """,dark,0,0,25.25,25.5,0.25
gemma-2-2b,11,desc,val,de,en,bright,"Das Gegenteil von ""bright"" ist """,dark,0,0,25.25,24.5,-0.75
gemma-2-2b,11,desc,freq,de,en,bright,"Das Gegenteil von ""bright"" ist """,dark,0,0,25.25,26.75,1.5
gemma-2-2b,11,val,desc,de,en,bright,"Das Gegenteil von ""bright"" ist """,dark,0,0,25.25,25.625,0.375
gemma-2-2b,11,val,val,de,en,bright,"Das Gegenteil von ""bright"" ist """,dark,0,0,25.25,25.875,0.625
gemma-2-2b,11,val,freq,de,en,bright,"Das Gegenteil von ""bright"" ist """,dark,0,0,25.25,26.75,1.5
gemma-2-2b,11,freq,desc,de,en,bright,"Das Gegenteil von ""bright"" ist """,dark,0,0,25.25,25.0,-0.25
gemma-2-2b,11,freq,val,de,en,bright,"Das Gegenteil von ""bright"" ist """,dark,0,0,25.25,25.125,-0.125
gemma-2-2b,11,freq,freq,de,en,bright,"Das Gegenteil von ""bright"" ist """,dark,0,0,25.25,25.375,0.125
gemma-2-2b,12,desc,desc,de,en,strong,"Das Gegenteil von ""strong"" ist """,weak,0,0,25.75,26.125,0.375
gemma-2-2b,12,desc,val,de,en,strong,"Das Gegenteil von ""strong"" ist """,weak,0,0,25.75,25.625,-0.125
gemma-2-2b,12,desc,freq,de,en,strong,"Das Gegenteil von ""strong"" ist """,weak,0,0,25.75,27.25,1.5
gemma-2-2b,12,val,desc,de,en,strong,"Das Gegenteil von ""strong"" ist """,weak,0,0,25.75,26.375,0.625
gemma-2-2b,12,val,val,de,en,strong,"Das Gegenteil von ""strong"" ist """,weak,0,0,25.75,26.375,0.625
gemma-2-2b,12,val,freq,de,en,strong,"Das Gegenteil von ""strong"" ist """,weak,0,0,25.75,27.0,1.25
gemma-2-2b,12,freq,desc,de,en,strong,"Das Gegenteil von ""strong"" ist """,weak,0,0,25.75,25.75,0.0
gemma-2-2b,12,freq,val,de,en,strong,"Das Gegenteil von ""strong"" ist """,weak,0,0,25.75,25.625,-0.125
gemma-2-2b,12,freq,freq,de,en,strong,"Das Gegenteil von ""strong"" ist """,weak,0,0,25.75,25.875,0.125
gemma-2-2b,13,desc,desc,de,en,clean,"Das Gegenteil von ""clean"" ist """,dirty,0,0,26.25,26.625,0.375
gemma-2-2b,13,desc,val,de,en,clean,"Das Gegenteil von ""clean"" ist """,dirty,0,0,26.25,25.125,-1.125
gemma-2-2b,13,desc,freq,de,en,clean,"Das Gegenteil von ""clean"" ist """,dirty,0,0,26.25,27.5,1.25
gemma-2-2b,13,val,desc,de,en,clean,"Das Gegenteil von ""clean"" ist """,dirty,0,0,26.25,26.5,0.25
gemma-2-2b,13,val,val,de,en,clean,"Das Gegenteil von ""clean"" ist """,dirty,0,0,26.25,26.625,0.375
gemma-2-2b,13,val,freq,de,en,clean,"Das Gegenteil von ""clean"" ist """,dirty,0,0,26.25,27.25,1.0
gemma-2-2b,13,freq,desc,de,en,clean,"Das Gegenteil von ""clean"" ist """,dirty,0,0,26.25,26.125,-0.125
gemma-2-2b,13,freq,val,de,en,clean,"Das Gegenteil von ""clean"" ist """,dirty,0,0,26.25,25.125,-1.125
gemma-2-2b,13,freq,freq,de,en,clean,"Das Gegenteil von ""clean"" ist """,dirty,0,0,26.25,26.25,0.0
gemma-2-2b,14,desc,desc,de,en,open,"Das Gegenteil von ""open"" ist """,closed,0,0,25.25,25.625,0.375
gemma-2-2b,14,desc,val,de,en,open,"Das Gegenteil von ""open"" ist """,closed,0,0,25.25,22.875,-2.375
gemma-2-2b,14,desc,freq,de,en,open,"Das Gegenteil von ""open"" ist """,closed,0,0,25.25,26.625,1.375
gemma-2-2b,14,val,desc,de,en,open,"Das Gegenteil von ""open"" ist """,closed,0,0,25.25,25.125,-0.125
gemma-2-2b,14,val,val,de,en,open,"Das Gegenteil von ""open"" ist """,closed,0,0,25.25,25.25,0.0
gemma-2-2b,14,val,freq,de,en,open,"Das Gegenteil von ""open"" ist """,closed,0,0,25.25,26.125,0.875
gemma-2-2b,14,freq,desc,de,en,open,"Das Gegenteil von ""open"" ist """,closed,0,0,25.25,25.125,-0.125
gemma-2-2b,14,freq,val,de,en,open,"Das Gegenteil von ""open"" ist """,closed,0,0,25.25,23.375,-1.875
gemma-2-2b,14,freq,freq,de,en,open,"Das Gegenteil von ""open"" ist """,closed,0,0,25.25,25.25,0.0
gemma-2-2b,15,desc,desc,de,en,rich,"Das Gegenteil von ""rich"" ist """,poor,0,0,25.25,25.625,0.375
gemma-2-2b,15,desc,val,de,en,rich,"Das Gegenteil von ""rich"" ist """,poor,0,0,25.25,25.125,-0.125
gemma-2-2b,15,desc,freq,de,en,rich,"Das Gegenteil von ""rich"" ist """,poor,0,0,25.25,26.625,1.375
gemma-2-2b,15,val,desc,de,en,rich,"Das Gegenteil von ""rich"" ist """,poor,0,0,25.25,25.625,0.375
gemma-2-2b,15,val,val,de,en,rich,"Das Gegenteil von ""rich"" ist """,poor,0,0,25.25,25.5,0.25
gemma-2-2b,15,val,freq,de,en,rich,"Das Gegenteil von ""rich"" ist """,poor,0,0,25.25,26.375,1.125
gemma-2-2b,15,freq,desc,de,en,rich,"Das Gegenteil von ""rich"" ist """,poor,0,0,25.25,25.375,0.125
gemma-2-2b,15,freq,val,de,en,rich,"Das Gegenteil von ""rich"" ist """,poor,0,0,25.25,25.0,-0.25
gemma-2-2b,15,freq,freq,de,en,rich,"Das Gegenteil von ""rich"" ist """,poor,0,0,25.25,25.25,0.0
gemma-2-2b,16,desc,desc,de,en,beautiful,"Das Gegenteil von ""beautiful"" ist """,ugly,0,0,26.5,26.625,0.125
gemma-2-2b,16,desc,val,de,en,beautiful,"Das Gegenteil von ""beautiful"" ist """,ugly,0,0,26.5,25.625,-0.875
gemma-2-2b,16,desc,freq,de,en,beautiful,"Das Gegenteil von ""beautiful"" ist """,ugly,0,0,26.5,27.375,0.875
gemma-2-2b,16,val,desc,de,en,beautiful,"Das Gegenteil von ""beautiful"" ist """,ugly,0,0,26.5,26.625,0.125
gemma-2-2b,16,val,val,de,en,beautiful,"Das Gegenteil von ""beautiful"" ist """,ugly,0,0,26.5,26.625,0.125
gemma-2-2b,16,val,freq,de,en,beautiful,"Das Gegenteil von ""beautiful"" ist """,ugly,0,0,26.5,27.25,0.75
gemma-2-2b,16,freq,desc,de,en,beautiful,"Das Gegenteil von ""beautiful"" ist """,ugly,0,0,26.5,26.375,-0.125
gemma-2-2b,16,freq,val,de,en,beautiful,"Das Gegenteil von ""beautiful"" ist """,ugly,0,0,26.5,26.0,-0.5
gemma-2-2b,16,freq,freq,de,en,beautiful,"Das Gegenteil von ""beautiful"" ist """,ugly,0,0,26.5,26.5,0.0
gemma-2-2b,17,desc,desc,de,en,long,"Das Gegenteil von ""long"" ist """,short,0,0,25.5,25.75,0.25
gemma-2-2b,17,desc,val,de,en,long,"Das Gegenteil von ""long"" ist """,short,0,0,25.5,25.375,-0.125
gemma-2-2b,17,desc,freq,de,en,long,"Das Gegenteil von ""long"" ist """,short,0,0,25.5,27.0,1.5
gemma-2-2b,17,val,desc,de,en,long,"Das Gegenteil von ""long"" ist """,short,0,0,25.5,26.625,1.125
gemma-2-2b,17,val,val,de,en,long,"Das Gegenteil von ""long"" ist """,short,0,0,25.5,26.625,1.125
gemma-2-2b,17,val,freq,de,en,long,"Das Gegenteil von ""long"" ist """,short,0,0,25.5,27.25,1.75
gemma-2-2b,17,freq,desc,de,en,long,"Das Gegenteil von ""long"" ist """,short,0,0,25.5,25.75,0.25
gemma-2-2b,17,freq,val,de,en,long,"Das Gegenteil von ""long"" ist """,short,0,0,25.5,25.75,0.25
gemma-2-2b,17,freq,freq,de,en,long,"Das Gegenteil von ""long"" ist """,short,0,0,25.5,25.75,0.25
gemma-2-2b,18,desc,desc,de,en,wide,"Das Gegenteil von ""wide"" ist """,narrow,0,0,25.125,25.25,0.125
gemma-2-2b,18,desc,val,de,en,wide,"Das Gegenteil von ""wide"" ist """,narrow,0,0,25.125,24.0,-1.125
gemma-2-2b,18,desc,freq,de,en,wide,"Das Gegenteil von ""wide"" ist """,narrow,0,0,25.125,26.5,1.375
gemma-2-2b,18,val,desc,de,en,wide,"Das Gegenteil von ""wide"" ist """,narrow,0,0,25.125,25.25,0.125
gemma-2-2b,18,val,val,de,en,wide,"Das Gegenteil von ""wide"" ist """,narrow,0,0,25.125,25.75,0.625
gemma-2-2b,18,val,freq,de,en,wide,"Das Gegenteil von ""wide"" ist """,narrow,0,0,25.125,26.625,1.5
gemma-2-2b,18,freq,desc,de,en,wide,"Das Gegenteil von ""wide"" ist """,narrow,0,0,25.125,24.625,-0.5
gemma-2-2b,18,freq,val,de,en,wide,"Das Gegenteil von ""wide"" ist """,narrow,0,0,25.125,24.75,-0.375
gemma-2-2b,18,freq,freq,de,en,wide,"Das Gegenteil von ""wide"" ist """,narrow,0,0,25.125,25.25,0.125
gemma-2-2b,19,desc,desc,de,en,hard,"Das Gegenteil von ""hard"" ist """,soft,0,0,24.75,25.125,0.375
gemma-2-2b,19,desc,val,de,en,hard,"Das Gegenteil von ""hard"" ist """,soft,0,0,24.75,23.875,-0.875
gemma-2-2b,19,desc,freq,de,en,hard,"Das Gegenteil von ""hard"" ist """,soft,0,0,24.75,26.375,1.625
gemma-2-2b,19,val,desc,de,en,hard,"Das Gegenteil von ""hard"" ist """,soft,0,0,24.75,25.5,0.75
gemma-2-2b,19,val,val,de,en,hard,"Das Gegenteil von ""hard"" ist """,soft,0,0,24.75,25.625,0.875
gemma-2-2b,19,val,freq,de,en,hard,"Das Gegenteil von ""hard"" ist """,soft,0,0,24.75,26.5,1.75
gemma-2-2b,19,freq,desc,de,en,hard,"Das Gegenteil von ""hard"" ist """,soft,0,0,24.75,24.625,-0.125
gemma-2-2b,19,freq,val,de,en,hard,"Das Gegenteil von ""hard"" ist """,soft,0,0,24.75,24.5,-0.25
gemma-2-2b,19,freq,freq,de,en,hard,"Das Gegenteil von ""hard"" ist """,soft,0,0,24.75,25.125,0.375
gemma-2-2b,20,desc,desc,de,en,dry,"Das Gegenteil von ""dry"" ist """,wet,0,0,24.5,25.125,0.625
gemma-2-2b,20,desc,val,de,en,dry,"Das Gegenteil von ""dry"" ist """,wet,0,0,24.5,23.25,-1.25
gemma-2-2b,20,desc,freq,de,en,dry,"Das Gegenteil von ""dry"" ist """,wet,0,0,24.5,26.375,1.875
gemma-2-2b,20,val,desc,de,en,dry,"Das Gegenteil von ""dry"" ist """,wet,0,0,24.5,24.875,0.375
gemma-2-2b,20,val,val,de,en,dry,"Das Gegenteil von ""dry"" ist """,wet,0,0,24.5,24.75,0.25
gemma-2-2b,20,val,freq,de,en,dry,"Das Gegenteil von ""dry"" ist """,wet,0,0,24.5,25.875,1.375
gemma-2-2b,20,freq,desc,de,en,dry,"Das Gegenteil von ""dry"" ist """,wet,0,0,24.5,24.5,0.0
gemma-2-2b,20,freq,val,de,en,dry,"Das Gegenteil von ""dry"" ist """,wet,0,0,24.5,23.375,-1.125
gemma-2-2b,20,freq,freq,de,en,dry,"Das Gegenteil von ""dry"" ist """,wet,0,0,24.5,24.625,0.125
gemma-2-2b,21,desc,desc,de,en,loud,"Das Gegenteil von ""loud"" ist """,quiet,0,0,24.0,24.25,0.25
gemma-2-2b,21,desc,val,de,en,loud,"Das Gegenteil von ""loud"" ist """,quiet,0,0,24.0,23.5,-0.5
gemma-2-2b,21,desc,freq,de,en,loud,"Das Gegenteil von ""loud"" ist """,quiet,0,0,24.0,25.625,1.625
gemma-2-2b,21,val,desc,de,en,loud,"Das Gegenteil von ""loud"" ist """,quiet,0,0,24.0,24.25,0.25
gemma-2-2b,21,val,val,de,en,loud,"Das Gegenteil von ""loud"" ist """,quiet,0,0,24.0,24.5,0.5
gemma-2-2b,21,val,freq,de,en,loud,"Das Gegenteil von ""loud"" ist """,quiet,0,0,24.0,25.625,1.625
gemma-2-2b,21,freq,desc,de,en,loud,"Das Gegenteil von ""loud"" ist """,quiet,0,0,24.0,23.5,-0.5
gemma-2-2b,21,freq,val,de,en,loud,"Das Gegenteil von ""loud"" ist """,quiet,0,0,24.0,23.75,-0.25
gemma-2-2b,21,freq,freq,de,en,loud,"Das Gegenteil von ""loud"" ist """,quiet,0,0,24.0,24.0,0.0
gemma-2-2b,22,desc,desc,de,en,early,"Das Gegenteil von ""early"" ist """,late,0,0,25.5,25.625,0.125
gemma-2-2b,22,desc,val,de,en,early,"Das Gegenteil von ""early"" ist """,late,0,0,25.5,25.5,0.0
gemma-2-2b,22,desc,freq,de,en,early,"Das Gegenteil von ""early"" ist """,late,0,0,25.5,27.125,1.625
gemma-2-2b,22,val,desc,de,en,early,"Das Gegenteil von ""early"" ist """,late,0,0,25.5,26.125,0.625
gemma-2-2b,22,val,val,de,en,early,"Das Gegenteil von ""early"" ist """,late,0,0,25.5,26.25,0.75
gemma-2-2b,22,val,freq,de,en,early,"Das Gegenteil von ""early"" ist """,late,0,0,25.5,27.25,1.75
gemma-2-2b,22,freq,desc,de,en,early,"Das Gegenteil von ""early"" ist """,late,0,0,25.5,25.5,0.0
gemma-2-2b,22,freq,val,de,en,early,"Das Gegenteil von ""early"" ist """,late,0,0,25.5,26.0,0.5
gemma-2-2b,22,freq,freq,de,en,early,"Das Gegenteil von ""early"" ist """,late,0,0,25.5,25.625,0.125
gemma-2-2b,23,desc,desc,de,en,near,"Das Gegenteil von ""near"" ist """,far,0,0,25.875,25.875,0.0
gemma-2-2b,23,desc,val,de,en,near,"Das Gegenteil von ""near"" ist """,far,0,0,25.875,26.25,0.375
gemma-2-2b,23,desc,freq,de,en,near,"Das Gegenteil von ""near"" ist """,far,0,0,25.875,27.25,1.375
gemma-2-2b,23,val,desc,de,en,near,"Das Gegenteil von ""near"" ist """,far,0,0,25.875,27.125,1.25
gemma-2-2b,23,val,val,de,en,near,"Das Gegenteil von ""near"" ist """,far,0,0,25.875,27.25,1.375
gemma-2-2b,23,val,freq,de,en,near,"Das Gegenteil von ""near"" ist """,far,0,0,25.875,27.75,1.875
gemma-2-2b,23,freq,desc,de,en,near,"Das Gegenteil von ""near"" ist """,far,0,0,25.875,26.125,0.25
gemma-2-2b,23,freq,val,de,en,near,"Das Gegenteil von ""near"" ist """,far,0,0,25.875,26.75,0.875
gemma-2-2b,23,freq,freq,de,en,near,"Das Gegenteil von ""near"" ist """,far,0,0,25.875,26.25,0.375
gemma-2-2b,24,desc,desc,de,en,deep,"Das Gegenteil von ""deep"" ist """,shallow,0,0,26.625,26.875,0.25
gemma-2-2b,24,desc,val,de,en,deep,"Das Gegenteil von ""deep"" ist """,shallow,0,0,26.625,26.25,-0.375
gemma-2-2b,24,desc,freq,de,en,deep,"Das Gegenteil von ""deep"" ist """,shallow,0,0,26.625,27.375,0.75
gemma-2-2b,24,val,desc,de,en,deep,"Das Gegenteil von ""deep"" ist """,shallow,0,0,26.625,26.5,-0.125
gemma-2-2b,24,val,val,de,en,deep,"Das Gegenteil von ""deep"" ist """,shallow,0,0,26.625,26.75,0.125
gemma-2-2b,24,val,freq,de,en,deep,"Das Gegenteil von ""deep"" ist """,shallow,0,0,26.625,27.25,0.625
gemma-2-2b,24,freq,desc,de,en,deep,"Das Gegenteil von ""deep"" ist """,shallow,0,0,26.625,26.125,-0.5
gemma-2-2b,24,freq,val,de,en,deep,"Das Gegenteil von ""deep"" ist """,shallow,0,0,26.625,26.625,0.0
gemma-2-2b,24,freq,freq,de,en,deep,"Das Gegenteil von ""deep"" ist """,shallow,0,0,26.625,26.625,0.0
gemma-2-2b,25,desc,desc,de,en,bad,"Das Gegenteil von ""bad"" ist """,good,0,0,25.75,26.0,0.25
gemma-2-2b,25,desc,val,de,en,bad,"Das Gegenteil von ""bad"" ist """,good,0,0,25.75,25.5,-0.25
gemma-2-2b,25,desc,freq,de,en,bad,"Das Gegenteil von ""bad"" ist """,good,0,0,25.75,27.125,1.375
gemma-2-2b,25,val,desc,de,en,bad,"Das Gegenteil von ""bad"" ist """,good,0,0,25.75,26.625,0.875
gemma-2-2b,25,val,val,de,en,bad,"Das Gegenteil von ""bad"" ist """,good,0,0,25.75,26.625,0.875
gemma-2-2b,25,val,freq,de,en,bad,"Das Gegenteil von ""bad"" ist """,good,0,0,25.75,27.25,1.5
gemma-2-2b,25,freq,desc,de,en,bad,"Das Gegenteil von ""bad"" ist """,good,0,0,25.75,25.75,0.0
gemma-2-2b,25,freq,val,de,en,bad,"Das Gegenteil von ""bad"" ist """,good,0,0,25.75,26.0,0.25
gemma-2-2b,25,freq,freq,de,en,bad,"Das Gegenteil von ""bad"" ist """,good,0,0,25.75,26.0,0.25
gemma-2-2b,26,desc,desc,de,en,sad,"Das Gegenteil von ""sad"" ist """,happy,0,0,25.625,26.0,0.375
gemma-2-2b,26,desc,val,de,en,sad,"Das Gegenteil von ""sad"" ist """,happy,0,0,25.625,25.375,-0.25
gemma-2-2b,26,desc,freq,de,en,sad,"Das Gegenteil von ""sad"" ist """,happy,0,0,25.625,27.125,1.5
gemma-2-2b,26,val,desc,de,en,sad,"Das Gegenteil von ""sad"" ist """,happy,0,0,25.625,25.75,0.125
gemma-2-2b,26,val,val,de,en,sad,"Das Gegenteil von ""sad"" ist """,happy,0,0,25.625,26.25,0.625
gemma-2-2b,26,val,freq,de,en,sad,"Das Gegenteil von ""sad"" ist """,happy,0,0,25.625,27.125,1.5
gemma-2-2b,26,freq,desc,de,en,sad,"Das Gegenteil von ""sad"" ist """,happy,0,0,25.625,25.25,-0.375
gemma-2-2b,26,freq,val,de,en,sad,"Das Gegenteil von ""sad"" ist """,happy,0,0,25.625,25.625,0.0
gemma-2-2b,26,freq,freq,de,en,sad,"Das Gegenteil von ""sad"" ist """,happy,0,0,25.625,25.75,0.125
gemma-2-2b,27,desc,desc,de,en,small,"Das Gegenteil von ""small"" ist """,big,0,0,25.25,25.375,0.125
gemma-2-2b,27,desc,val,de,en,small,"Das Gegenteil von ""small"" ist """,big,0,0,25.25,25.25,0.0
gemma-2-2b,27,desc,freq,de,en,small,"Das Gegenteil von ""small"" ist """,big,0,0,25.25,26.875,1.625
gemma-2-2b,27,val,desc,de,en,small,"Das Gegenteil von ""small"" ist """,big,0,0,25.25,26.0,0.75
gemma-2-2b,27,val,val,de,en,small,"Das Gegenteil von ""small"" ist """,big,0,0,25.25,26.125,0.875
gemma-2-2b,27,val,freq,de,en,small,"Das Gegenteil von ""small"" ist """,big,0,0,25.25,27.0,1.75
gemma-2-2b,27,freq,desc,de,en,small,"Das Gegenteil von ""small"" ist """,big,0,0,25.25,25.25,0.0
gemma-2-2b,27,freq,val,de,en,small,"Das Gegenteil von ""small"" ist """,big,0,0,25.25,25.625,0.375
gemma-2-2b,27,freq,freq,de,en,small,"Das Gegenteil von ""small"" ist """,big,0,0,25.25,25.5,0.25
gemma-2-2b,28,desc,desc,de,en,cold,"Das Gegenteil von ""cold"" ist """,warm,0,0,25.375,25.625,0.25
gemma-2-2b,28,desc,val,de,en,cold,"Das Gegenteil von ""cold"" ist """,warm,0,0,25.375,24.75,-0.625
gemma-2-2b,28,desc,freq,de,en,cold,"Das Gegenteil von ""cold"" ist """,warm,0,0,25.375,27.125,1.75
gemma-2-2b,28,val,desc,de,en,cold,"Das Gegenteil von ""cold"" ist """,warm,0,0,25.375,25.75,0.375
gemma-2-2b,28,val,val,de,en,cold,"Das Gegenteil von ""cold"" ist """,warm,0,0,25.375,26.125,0.75
gemma-2-2b,28,val,freq,de,en,cold,"Das Gegenteil von ""cold"" ist """,warm,0,0,25.375,27.125,1.75
gemma-2-2b,28,freq,desc,de,en,cold,"Das Gegenteil von ""cold"" ist """,warm,0,0,25.375,25.25,-0.125
gemma-2-2b,28,freq,val,de,en,cold,"Das Gegenteil von ""cold"" ist """,warm,0,0,25.375,25.0,-0.375
gemma-2-2b,28,freq,freq,de,en,cold,"Das Gegenteil von ""cold"" ist """,warm,0,0,25.375,25.5,0.125
gemma-2-2b,29,desc,desc,de,en,slow,"Das Gegenteil von ""slow"" ist """,fast,0,0,25.375,25.75,0.375
gemma-2-2b,29,desc,val,de,en,slow,"Das Gegenteil von ""slow"" ist """,fast,0,0,25.375,24.125,-1.25
gemma-2-2b,29,desc,freq,de,en,slow,"Das Gegenteil von ""slow"" ist """,fast,0,0,25.375,26.875,1.5
gemma-2-2b,29,val,desc,de,en,slow,"Das Gegenteil von ""slow"" ist """,fast,0,0,25.375,25.5,0.125
gemma-2-2b,29,val,val,de,en,slow,"Das Gegenteil von ""slow"" ist """,fast,0,0,25.375,25.5,0.125
gemma-2-2b,29,val,freq,de,en,slow,"Das Gegenteil von ""slow"" ist """,fast,0,0,25.375,26.625,1.25
gemma-2-2b,29,freq,desc,de,en,slow,"Das Gegenteil von ""slow"" ist """,fast,0,0,25.375,25.5,0.125
gemma-2-2b,29,freq,val,de,en,slow,"Das Gegenteil von ""slow"" ist """,fast,0,0,25.375,24.75,-0.625
gemma-2-2b,29,freq,freq,de,en,slow,"Das Gegenteil von ""slow"" ist """,fast,0,0,25.375,25.375,0.0
gemma-2-2b,30,desc,desc,de,en,heavy,"Das Gegenteil von ""heavy"" ist """,light,0,0,25.625,25.875,0.25
gemma-2-2b,30,desc,val,de,en,heavy,"Das Gegenteil von ""heavy"" ist """,light,0,0,25.625,24.75,-0.875
gemma-2-2b,30,desc,freq,de,en,heavy,"Das Gegenteil von ""heavy"" ist """,light,0,0,25.625,27.0,1.375
gemma-2-2b,30,val,desc,de,en,heavy,"Das Gegenteil von ""heavy"" ist """,light,0,0,25.625,25.75,0.125
gemma-2-2b,30,val,val,de,en,heavy,"Das Gegenteil von ""heavy"" ist """,light,0,0,25.625,26.0,0.375
gemma-2-2b,30,val,freq,de,en,heavy,"Das Gegenteil von ""heavy"" ist """,light,0,0,25.625,26.75,1.125
gemma-2-2b,30,freq,desc,de,en,heavy,"Das Gegenteil von ""heavy"" ist """,light,0,0,25.625,25.375,-0.25
gemma-2-2b,30,freq,val,de,en,heavy,"Das Gegenteil von ""heavy"" ist """,light,0,0,25.625,25.125,-0.5
gemma-2-2b,30,freq,freq,de,en,heavy,"Das Gegenteil von ""heavy"" ist """,light,0,0,25.625,25.625,0.0
gemma-2-2b,31,desc,desc,de,en,difficult,"Das Gegenteil von ""difficult"" ist """,easy,0,0,26.625,26.75,0.125
gemma-2-2b,31,desc,val,de,en,difficult,"Das Gegenteil von ""difficult"" ist """,easy,0,0,26.625,26.25,-0.375
gemma-2-2b,31,desc,freq,de,en,difficult,"Das Gegenteil von ""difficult"" ist """,easy,0,0,26.625,27.5,0.875
gemma-2-2b,31,val,desc,de,en,difficult,"Das Gegenteil von ""difficult"" ist """,easy,0,0,26.625,26.875,0.25
gemma-2-2b,31,val,val,de,en,difficult,"Das Gegenteil von ""difficult"" ist """,easy,0,0,26.625,27.0,0.375
gemma-2-2b,31,val,freq,de,en,difficult,"Das Gegenteil von ""difficult"" ist """,easy,0,0,26.625,27.5,0.875
gemma-2-2b,31,freq,desc,de,en,difficult,"Das Gegenteil von ""difficult"" ist """,easy,0,0,26.625,26.375,-0.25
gemma-2-2b,31,freq,val,de,en,difficult,"Das Gegenteil von ""difficult"" ist """,easy,0,0,26.625,26.5,-0.125
gemma-2-2b,31,freq,freq,de,en,difficult,"Das Gegenteil von ""difficult"" ist """,easy,0,0,26.625,26.625,0.0
gemma-2-2b,32,desc,desc,de,en,old,"Das Gegenteil von ""old"" ist """,new,0,0,25.375,25.625,0.25
gemma-2-2b,32,desc,val,de,en,old,"Das Gegenteil von ""old"" ist """,new,0,0,25.375,24.625,-0.75
gemma-2-2b,32,desc,freq,de,en,old,"Das Gegenteil von ""old"" ist """,new,0,0,25.375,26.625,1.25
gemma-2-2b,32,val,desc,de,en,old,"Das Gegenteil von ""old"" ist """,new,0,0,25.375,26.125,0.75
gemma-2-2b,32,val,val,de,en,old,"Das Gegenteil von ""old"" ist """,new,0,0,25.375,26.25,0.875
gemma-2-2b,32,val,freq,de,en,old,"Das Gegenteil von ""old"" ist """,new,0,0,25.375,27.0,1.625
gemma-2-2b,32,freq,desc,de,en,old,"Das Gegenteil von ""old"" ist """,new,0,0,25.375,25.25,-0.125
gemma-2-2b,32,freq,val,de,en,old,"Das Gegenteil von ""old"" ist """,new,0,0,25.375,25.25,-0.125
gemma-2-2b,32,freq,freq,de,en,old,"Das Gegenteil von ""old"" ist """,new,0,0,25.375,25.5,0.125
gemma-2-2b,33,desc,desc,de,en,false,"Das Gegenteil von ""false"" ist """,true,0,0,23.875,24.125,0.25
gemma-2-2b,33,desc,val,de,en,false,"Das Gegenteil von ""false"" ist """,true,0,0,23.875,23.875,0.0
gemma-2-2b,33,desc,freq,de,en,false,"Das Gegenteil von ""false"" ist """,true,0,0,23.875,25.125,1.25
gemma-2-2b,33,val,desc,de,en,false,"Das Gegenteil von ""false"" ist """,true,0,0,23.875,25.375,1.5
gemma-2-2b,33,val,val,de,en,false,"Das Gegenteil von ""false"" ist """,true,0,0,23.875,25.5,1.625
gemma-2-2b,33,val,freq,de,en,false,"Das Gegenteil von ""false"" ist """,true,0,0,23.875,26.25,2.375
gemma-2-2b,33,freq,desc,de,en,false,"Das Gegenteil von ""false"" ist """,true,0,0,23.875,24.0,0.125
gemma-2-2b,33,freq,val,de,en,false,"Das Gegenteil von ""false"" ist """,true,0,0,23.875,24.5,0.625
gemma-2-2b,33,freq,freq,de,en,false,"Das Gegenteil von ""false"" ist """,true,0,0,23.875,24.125,0.25
gemma-2-2b,34,desc,desc,de,en,dead,"Das Gegenteil von ""dead"" ist """,alive,0,0,25.625,26.0,0.375
gemma-2-2b,34,desc,val,de,en,dead,"Das Gegenteil von ""dead"" ist """,alive,0,0,25.625,25.125,-0.5
gemma-2-2b,34,desc,freq,de,en,dead,"Das Gegenteil von ""dead"" ist """,alive,0,0,25.625,27.125,1.5
gemma-2-2b,34,val,desc,de,en,dead,"Das Gegenteil von ""dead"" ist """,alive,0,0,25.625,25.75,0.125
gemma-2-2b,34,val,val,de,en,dead,"Das Gegenteil von ""dead"" ist """,alive,0,0,25.625,26.25,0.625
gemma-2-2b,34,val,freq,de,en,dead,"Das Gegenteil von ""dead"" ist """,alive,0,0,25.625,26.875,1.25
gemma-2-2b,34,freq,desc,de,en,dead,"Das Gegenteil von ""dead"" ist """,alive,0,0,25.625,25.375,-0.25
gemma-2-2b,34,freq,val,de,en,dead,"Das Gegenteil von ""dead"" ist """,alive,0,0,25.625,25.25,-0.375
gemma-2-2b,34,freq,freq,de,en,dead,"Das Gegenteil von ""dead"" ist """,alive,0,0,25.625,25.75,0.125
gemma-2-2b,35,desc,desc,de,en,empty,"Das Gegenteil von ""empty"" ist """,full,0,0,26.5,26.625,0.125
gemma-2-2b,35,desc,val,de,en,empty,"Das Gegenteil von ""empty"" ist """,full,0,0,26.5,25.625,-0.875
gemma-2-2b,35,desc,freq,de,en,empty,"Das Gegenteil von ""empty"" ist """,full,0,0,26.5,27.5,1.0
gemma-2-2b,35,val,desc,de,en,empty,"Das Gegenteil von ""empty"" ist """,full,0,0,26.5,26.625,0.125
gemma-2-2b,35,val,val,de,en,empty,"Das Gegenteil von ""empty"" ist """,full,0,0,26.5,26.875,0.375
gemma-2-2b,35,val,freq,de,en,empty,"Das Gegenteil von ""empty"" ist """,full,0,0,26.5,27.625,1.125
gemma-2-2b,35,freq,desc,de,en,empty,"Das Gegenteil von ""empty"" ist """,full,0,0,26.5,26.25,-0.25
gemma-2-2b,35,freq,val,de,en,empty,"Das Gegenteil von ""empty"" ist """,full,0,0,26.5,26.0,-0.5
gemma-2-2b,35,freq,freq,de,en,empty,"Das Gegenteil von ""empty"" ist """,full,0,0,26.5,26.5,0.0
gemma-2-2b,36,desc,desc,de,en,dark,"Das Gegenteil von ""dark"" ist """,light,0,0,25.625,25.875,0.25
gemma-2-2b,36,desc,val,de,en,dark,"Das Gegenteil von ""dark"" ist """,light,0,0,25.625,24.375,-1.25
gemma-2-2b,36,desc,freq,de,en,dark,"Das Gegenteil von ""dark"" ist """,light,0,0,25.625,27.0,1.375
gemma-2-2b,36,val,desc,de,en,dark,"Das Gegenteil von ""dark"" ist """,light,0,0,25.625,25.75,0.125
gemma-2-2b,36,val,val,de,en,dark,"Das Gegenteil von ""dark"" ist """,light,0,0,25.625,26.125,0.5
gemma-2-2b,36,val,freq,de,en,dark,"Das Gegenteil von ""dark"" ist """,light,0,0,25.625,26.875,1.25
gemma-2-2b,36,freq,desc,de,en,dark,"Das Gegenteil von ""dark"" ist """,light,0,0,25.625,25.25,-0.375
gemma-2-2b,36,freq,val,de,en,dark,"Das Gegenteil von ""dark"" ist """,light,0,0,25.625,24.75,-0.875
gemma-2-2b,36,freq,freq,de,en,dark,"Das Gegenteil von ""dark"" ist """,light,0,0,25.625,25.625,0.0
gemma-2-2b,37,desc,desc,de,en,weak,"Das Gegenteil von ""weak"" ist """,strong,0,0,25.625,26.0,0.375
gemma-2-2b,37,desc,val,de,en,weak,"Das Gegenteil von ""weak"" ist """,strong,0,0,25.625,25.625,0.0
gemma-2-2b,37,desc,freq,de,en,weak,"Das Gegenteil von ""weak"" ist """,strong,0,0,25.625,27.0,1.375
gemma-2-2b,37,val,desc,de,en,weak,"Das Gegenteil von ""weak"" ist """,strong,0,0,25.625,26.375,0.75
gemma-2-2b,37,val,val,de,en,weak,"Das Gegenteil von ""weak"" ist """,strong,0,0,25.625,26.625,1.0
gemma-2-2b,37,val,freq,de,en,weak,"Das Gegenteil von ""weak"" ist """,strong,0,0,25.625,27.25,1.625
gemma-2-2b,37,freq,desc,de,en,weak,"Das Gegenteil von ""weak"" ist """,strong,0,0,25.625,25.25,-0.375
gemma-2-2b,37,freq,val,de,en,weak,"Das Gegenteil von ""weak"" ist """,strong,0,0,25.625,26.0,0.375
gemma-2-2b,37,freq,freq,de,en,weak,"Das Gegenteil von ""weak"" ist """,strong,0,0,25.625,25.75,0.125
gemma-2-2b,38,desc,desc,de,en,dirty,"Das Gegenteil von ""dirty"" ist """,clean,0,0,25.625,26.125,0.5
gemma-2-2b,38,desc,val,de,en,dirty,"Das Gegenteil von ""dirty"" ist """,clean,0,0,25.625,25.25,-0.375
gemma-2-2b,38,desc,freq,de,en,dirty,"Das Gegenteil von ""dirty"" ist """,clean,0,0,25.625,27.25,1.625
gemma-2-2b,38,val,desc,de,en,dirty,"Das Gegenteil von ""dirty"" ist """,clean,0,0,25.625,26.0,0.375
gemma-2-2b,38,val,val,de,en,dirty,"Das Gegenteil von ""dirty"" ist """,clean,0,0,25.625,26.125,0.5
gemma-2-2b,38,val,freq,de,en,dirty,"Das Gegenteil von ""dirty"" ist """,clean,0,0,25.625,27.0,1.375
gemma-2-2b,38,freq,desc,de,en,dirty,"Das Gegenteil von ""dirty"" ist """,clean,0,0,25.625,25.5,-0.125
gemma-2-2b,38,freq,val,de,en,dirty,"Das Gegenteil von ""dirty"" ist """,clean,0,0,25.625,25.25,-0.375
gemma-2-2b,38,freq,freq,de,en,dirty,"Das Gegenteil von ""dirty"" ist """,clean,0,0,25.625,25.75,0.125
gemma-2-2b,39,desc,desc,de,en,closed,"Das Gegenteil von ""closed"" ist """,open,0,0,24.75,24.875,0.125
gemma-2-2b,39,desc,val,de,en,closed,"Das Gegenteil von ""closed"" ist """,open,0,0,24.75,25.0,0.25
gemma-2-2b,39,desc,freq,de,en,closed,"Das Gegenteil von ""closed"" ist """,open,0,0,24.75,26.0,1.25
gemma-2-2b,39,val,desc,de,en,closed,"Das Gegenteil von ""closed"" ist """,open,0,0,24.75,26.5,1.75
gemma-2-2b,39,val,val,de,en,closed,"Das Gegenteil von ""closed"" ist """,open,0,0,24.75,26.625,1.875
gemma-2-2b,39,val,freq,de,en,closed,"Das Gegenteil von ""closed"" ist """,open,0,0,24.75,27.25,2.5
gemma-2-2b,39,freq,desc,de,en,closed,"Das Gegenteil von ""closed"" ist """,open,0,0,24.75,25.0,0.25
gemma-2-2b,39,freq,val,de,en,closed,"Das Gegenteil von ""closed"" ist """,open,0,0,24.75,25.625,0.875
gemma-2-2b,39,freq,freq,de,en,closed,"Das Gegenteil von ""closed"" ist """,open,0,0,24.75,25.25,0.5
gemma-2-2b,40,desc,desc,de,en,poor,"Das Gegenteil von ""poor"" ist """,rich,0,0,26.5,26.625,0.125
gemma-2-2b,40,desc,val,de,en,poor,"Das Gegenteil von ""poor"" ist """,rich,0,0,26.5,26.25,-0.25
gemma-2-2b,40,desc,freq,de,en,poor,"Das Gegenteil von ""poor"" ist """,rich,0,0,26.5,27.5,1.0
gemma-2-2b,40,val,desc,de,en,poor,"Das Gegenteil von ""poor"" ist """,rich,0,0,26.5,26.625,0.125
gemma-2-2b,40,val,val,de,en,poor,"Das Gegenteil von ""poor"" ist """,rich,0,0,26.5,26.75,0.25
gemma-2-2b,40,val,freq,de,en,poor,"Das Gegenteil von ""poor"" ist """,rich,0,0,26.5,27.375,0.875
gemma-2-2b,40,freq,desc,de,en,poor,"Das Gegenteil von ""poor"" ist """,rich,0,0,26.5,26.375,-0.125
gemma-2-2b,40,freq,val,de,en,poor,"Das Gegenteil von ""poor"" ist """,rich,0,0,26.5,26.5,0.0
gemma-2-2b,40,freq,freq,de,en,poor,"Das Gegenteil von ""poor"" ist """,rich,0,0,26.5,26.625,0.125
gemma-2-2b,41,desc,desc,de,en,ugly,"Das Gegenteil von ""ugly"" ist """,beautiful,0,0,24.75,25.25,0.5
gemma-2-2b,41,desc,val,de,en,ugly,"Das Gegenteil von ""ugly"" ist """,beautiful,0,0,24.75,23.875,-0.875
gemma-2-2b,41,desc,freq,de,en,ugly,"Das Gegenteil von ""ugly"" ist """,beautiful,0,0,24.75,25.75,1.0
gemma-2-2b,41,val,desc,de,en,ugly,"Das Gegenteil von ""ugly"" ist """,beautiful,0,0,24.75,24.625,-0.125
gemma-2-2b,41,val,val,de,en,ugly,"Das Gegenteil von ""ugly"" ist """,beautiful,0,0,24.75,24.75,0.0
gemma-2-2b,41,val,freq,de,en,ugly,"Das Gegenteil von ""ugly"" ist """,beautiful,0,0,24.75,25.5,0.75
gemma-2-2b,41,freq,desc,de,en,ugly,"Das Gegenteil von ""ugly"" ist """,beautiful,0,0,24.75,24.5,-0.25
gemma-2-2b,41,freq,val,de,en,ugly,"Das Gegenteil von ""ugly"" ist """,beautiful,0,0,24.75,24.0,-0.75
gemma-2-2b,41,freq,freq,de,en,ugly,"Das Gegenteil von ""ugly"" ist """,beautiful,0,0,24.75,24.625,-0.125
gemma-2-2b,42,desc,desc,de,en,short,"Das Gegenteil von ""short"" ist """,long,0,0,25.75,26.0,0.25
gemma-2-2b,42,desc,val,de,en,short,"Das Gegenteil von ""short"" ist """,long,0,0,25.75,25.25,-0.5
gemma-2-2b,42,desc,freq,de,en,short,"Das Gegenteil von ""short"" ist """,long,0,0,25.75,27.25,1.5
gemma-2-2b,42,val,desc,de,en,short,"Das Gegenteil von ""short"" ist """,long,0,0,25.75,26.5,0.75
gemma-2-2b,42,val,val,de,en,short,"Das Gegenteil von ""short"" ist """,long,0,0,25.75,26.625,0.875
gemma-2-2b,42,val,freq,de,en,short,"Das Gegenteil von ""short"" ist """,long,0,0,25.75,27.375,1.625
gemma-2-2b,42,freq,desc,de,en,short,"Das Gegenteil von ""short"" ist """,long,0,0,25.75,25.625,-0.125
gemma-2-2b,42,freq,val,de,en,short,"Das Gegenteil von ""short"" ist """,long,0,0,25.75,26.0,0.25
gemma-2-2b,42,freq,freq,de,en,short,"Das Gegenteil von ""short"" ist """,long,0,0,25.75,26.0,0.25
gemma-2-2b,43,desc,desc,de,en,narrow,"Das Gegenteil von ""narrow"" ist """,wide,0,0,24.25,24.5,0.25
gemma-2-2b,43,desc,val,de,en,narrow,"Das Gegenteil von ""narrow"" ist """,wide,0,0,24.25,23.125,-1.125
gemma-2-2b,43,desc,freq,de,en,narrow,"Das Gegenteil von ""narrow"" ist """,wide,0,0,24.25,26.125,1.875
gemma-2-2b,43,val,desc,de,en,narrow,"Das Gegenteil von ""narrow"" ist """,wide,0,0,24.25,24.875,0.625
gemma-2-2b,43,val,val,de,en,narrow,"Das Gegenteil von ""narrow"" ist """,wide,0,0,24.25,25.25,1.0
gemma-2-2b,43,val,freq,de,en,narrow,"Das Gegenteil von ""narrow"" ist """,wide,0,0,24.25,26.375,2.125
gemma-2-2b,43,freq,desc,de,en,narrow,"Das Gegenteil von ""narrow"" ist """,wide,0,0,24.25,24.0,-0.25
gemma-2-2b,43,freq,val,de,en,narrow,"Das Gegenteil von ""narrow"" ist """,wide,0,0,24.25,23.875,-0.375
gemma-2-2b,43,freq,freq,de,en,narrow,"Das Gegenteil von ""narrow"" ist """,wide,0,0,24.25,24.5,0.25
gemma-2-2b,44,desc,desc,de,en,soft,"Das Gegenteil von ""soft"" ist """,hard,0,0,24.375,24.75,0.375
gemma-2-2b,44,desc,val,de,en,soft,"Das Gegenteil von ""soft"" ist """,hard,0,0,24.375,22.875,-1.5
gemma-2-2b,44,desc,freq,de,en,soft,"Das Gegenteil von ""soft"" ist """,hard,0,0,24.375,25.75,1.375
gemma-2-2b,44,val,desc,de,en,soft,"Das Gegenteil von ""soft"" ist """,hard,0,0,24.375,24.75,0.375
gemma-2-2b,44,val,val,de,en,soft,"Das Gegenteil von ""soft"" ist """,hard,0,0,24.375,24.75,0.375
gemma-2-2b,44,val,freq,de,en,soft,"Das Gegenteil von ""soft"" ist """,hard,0,0,24.375,25.75,1.375
gemma-2-2b,44,freq,desc,de,en,soft,"Das Gegenteil von ""soft"" ist """,hard,0,0,24.375,24.25,-0.125
gemma-2-2b,44,freq,val,de,en,soft,"Das Gegenteil von ""soft"" ist """,hard,0,0,24.375,23.375,-1.0
gemma-2-2b,44,freq,freq,de,en,soft,"Das Gegenteil von ""soft"" ist """,hard,0,0,24.375,24.5,0.125
gemma-2-2b,45,desc,desc,de,en,wet,"Das Gegenteil von ""wet"" ist """,dry,0,0,23.5,23.625,0.125
gemma-2-2b,45,desc,val,de,en,wet,"Das Gegenteil von ""wet"" ist """,dry,0,0,23.5,24.125,0.625
gemma-2-2b,45,desc,freq,de,en,wet,"Das Gegenteil von ""wet"" ist """,dry,0,0,23.5,25.5,2.0
gemma-2-2b,45,val,desc,de,en,wet,"Das Gegenteil von ""wet"" ist """,dry,0,0,23.5,25.0,1.5
gemma-2-2b,45,val,val,de,en,wet,"Das Gegenteil von ""wet"" ist """,dry,0,0,23.5,25.375,1.875
gemma-2-2b,45,val,freq,de,en,wet,"Das Gegenteil von ""wet"" ist """,dry,0,0,23.5,26.5,3.0
gemma-2-2b,45,freq,desc,de,en,wet,"Das Gegenteil von ""wet"" ist """,dry,0,0,23.5,23.375,-0.125
gemma-2-2b,45,freq,val,de,en,wet,"Das Gegenteil von ""wet"" ist """,dry,0,0,23.5,24.5,1.0
gemma-2-2b,45,freq,freq,de,en,wet,"Das Gegenteil von ""wet"" ist """,dry,0,0,23.5,23.875,0.375
gemma-2-2b,46,desc,desc,de,en,quiet,"Das Gegenteil von ""quiet"" ist """,noisy,0,0,25.0,25.25,0.25
gemma-2-2b,46,desc,val,de,en,quiet,"Das Gegenteil von ""quiet"" ist """,noisy,0,0,25.0,23.75,-1.25
gemma-2-2b,46,desc,freq,de,en,quiet,"Das Gegenteil von ""quiet"" ist """,noisy,0,0,25.0,26.375,1.375
gemma-2-2b,46,val,desc,de,en,quiet,"Das Gegenteil von ""quiet"" ist """,noisy,0,0,25.0,24.625,-0.375
gemma-2-2b,46,val,val,de,en,quiet,"Das Gegenteil von ""quiet"" ist """,noisy,0,0,25.0,25.125,0.125
gemma-2-2b,46,val,freq,de,en,quiet,"Das Gegenteil von ""quiet"" ist """,noisy,0,0,25.0,25.75,0.75
gemma-2-2b,46,freq,desc,de,en,quiet,"Das Gegenteil von ""quiet"" ist """,noisy,0,0,25.0,24.5,-0.5
gemma-2-2b,46,freq,val,de,en,quiet,"Das Gegenteil von ""quiet"" ist """,noisy,0,0,25.0,24.25,-0.75
gemma-2-2b,46,freq,freq,de,en,quiet,"Das Gegenteil von ""quiet"" ist """,noisy,0,0,25.0,25.0,0.0
gemma-2-2b,47,desc,desc,de,en,late,"Das Gegenteil von ""late"" ist """,early,0,0,24.25,24.375,0.125
gemma-2-2b,47,desc,val,de,en,late,"Das Gegenteil von ""late"" ist """,early,0,0,24.25,24.75,0.5
gemma-2-2b,47,desc,freq,de,en,late,"Das Gegenteil von ""late"" ist """,early,0,0,24.25,25.5,1.25
gemma-2-2b,47,val,desc,de,en,late,"Das Gegenteil von ""late"" ist """,early,0,0,24.25,25.5,1.25
gemma-2-2b,47,val,val,de,en,late,"Das Gegenteil von ""late"" ist """,early,0,0,24.25,25.5,1.25
gemma-2-2b,47,val,freq,de,en,late,"Das Gegenteil von ""late"" ist """,early,0,0,24.25,26.25,2.0
gemma-2-2b,47,freq,desc,de,en,late,"Das Gegenteil von ""late"" ist """,early,0,0,24.25,24.5,0.25
gemma-2-2b,47,freq,val,de,en,late,"Das Gegenteil von ""late"" ist """,early,0,0,24.25,25.25,1.0
gemma-2-2b,47,freq,freq,de,en,late,"Das Gegenteil von ""late"" ist """,early,0,0,24.25,24.625,0.375
gemma-2-2b,48,desc,desc,de,en,far,"Das Gegenteil von ""far"" ist """,near,0,0,26.375,26.75,0.375
gemma-2-2b,48,desc,val,de,en,far,"Das Gegenteil von ""far"" ist """,near,0,0,26.375,25.625,-0.75
gemma-2-2b,48,desc,freq,de,en,far,"Das Gegenteil von ""far"" ist """,near,0,0,26.375,27.75,1.375
gemma-2-2b,48,val,desc,de,en,far,"Das Gegenteil von ""far"" ist """,near,0,0,26.375,26.75,0.375
gemma-2-2b,48,val,val,de,en,far,"Das Gegenteil von ""far"" ist """,near,0,0,26.375,26.875,0.5
gemma-2-2b,48,val,freq,de,en,far,"Das Gegenteil von ""far"" ist """,near,0,0,26.375,27.375,1.0
gemma-2-2b,48,freq,desc,de,en,far,"Das Gegenteil von ""far"" ist """,near,0,0,26.375,26.25,-0.125
gemma-2-2b,48,freq,val,de,en,far,"Das Gegenteil von ""far"" ist """,near,0,0,26.375,25.25,-1.125
gemma-2-2b,48,freq,freq,de,en,far,"Das Gegenteil von ""far"" ist """,near,0,0,26.375,26.5,0.125
gemma-2-2b,49,desc,desc,de,en,shallow,"Das Gegenteil von ""shallow"" ist """,deep,0,0,25.375,25.75,0.375
gemma-2-2b,49,desc,val,de,en,shallow,"Das Gegenteil von ""shallow"" ist """,deep,0,0,25.375,24.625,-0.75
gemma-2-2b,49,desc,freq,de,en,shallow,"Das Gegenteil von ""shallow"" ist """,deep,0,0,25.375,26.5,1.125
gemma-2-2b,49,val,desc,de,en,shallow,"Das Gegenteil von ""shallow"" ist """,deep,0,0,25.375,25.0,-0.375
gemma-2-2b,49,val,val,de,en,shallow,"Das Gegenteil von ""shallow"" ist """,deep,0,0,25.375,25.625,0.25
gemma-2-2b,49,val,freq,de,en,shallow,"Das Gegenteil von ""shallow"" ist """,deep,0,0,25.375,26.5,1.125
gemma-2-2b,49,freq,desc,de,en,shallow,"Das Gegenteil von ""shallow"" ist """,deep,0,0,25.375,24.625,-0.75
gemma-2-2b,49,freq,val,de,en,shallow,"Das Gegenteil von ""shallow"" ist """,deep,0,0,25.375,25.0,-0.375
gemma-2-2b,49,freq,freq,de,en,shallow,"Das Gegenteil von ""shallow"" ist """,deep,0,0,25.375,25.375,0.0
gemma-2-2b,50,desc,desc,de,en,young,"Das Gegenteil von ""young"" ist """,old,0,0,26.125,26.375,0.25
gemma-2-2b,50,desc,val,de,en,young,"Das Gegenteil von ""young"" ist """,old,0,0,26.125,25.5,-0.625
gemma-2-2b,50,desc,freq,de,en,young,"Das Gegenteil von ""young"" ist """,old,0,0,26.125,27.25,1.125
gemma-2-2b,50,val,desc,de,en,young,"Das Gegenteil von ""young"" ist """,old,0,0,26.125,26.375,0.25
gemma-2-2b,50,val,val,de,en,young,"Das Gegenteil von ""young"" ist """,old,0,0,26.125,26.5,0.375
gemma-2-2b,50,val,freq,de,en,young,"Das Gegenteil von ""young"" ist """,old,0,0,26.125,27.25,1.125
gemma-2-2b,50,freq,desc,de,en,young,"Das Gegenteil von ""young"" ist """,old,0,0,26.125,26.0,-0.125
gemma-2-2b,50,freq,val,de,en,young,"Das Gegenteil von ""young"" ist """,old,0,0,26.125,25.875,-0.25
gemma-2-2b,50,freq,freq,de,en,young,"Das Gegenteil von ""young"" ist """,old,0,0,26.125,26.25,0.125
gemma-2-2b,51,desc,desc,de,en,kind,"Das Gegenteil von ""kind"" ist """,unkind,18,23,18.75,18.875,0.125
gemma-2-2b,51,desc,val,de,en,kind,"Das Gegenteil von ""kind"" ist """,unkind,18,10,18.75,17.75,-1.0
gemma-2-2b,51,desc,freq,de,en,kind,"Das Gegenteil von ""kind"" ist """,unkind,18,17,18.75,20.625,1.875
gemma-2-2b,51,val,desc,de,en,kind,"Das Gegenteil von ""kind"" ist """,unkind,18,19,18.75,18.875,0.125
gemma-2-2b,51,val,val,de,en,kind,"Das Gegenteil von ""kind"" ist """,unkind,18,16,18.75,19.125,0.375
gemma-2-2b,51,val,freq,de,en,kind,"Das Gegenteil von ""kind"" ist """,unkind,18,16,18.75,20.625,1.875
gemma-2-2b,51,freq,desc,de,en,kind,"Das Gegenteil von ""kind"" ist """,unkind,18,22,18.75,18.75,0.0
gemma-2-2b,51,freq,val,de,en,kind,"Das Gegenteil von ""kind"" ist """,unkind,18,13,18.75,18.125,-0.625
gemma-2-2b,51,freq,freq,de,en,kind,"Das Gegenteil von ""kind"" ist """,unkind,18,20,18.75,18.75,0.0
gemma-2-2b,52,desc,desc,de,en,brave,"Das Gegenteil von ""brave"" ist """,cowardly,0,0,23.0,23.5,0.5
gemma-2-2b,52,desc,val,de,en,brave,"Das Gegenteil von ""brave"" ist """,cowardly,0,1,23.0,20.875,-2.125
gemma-2-2b,52,desc,freq,de,en,brave,"Das Gegenteil von ""brave"" ist """,cowardly,0,0,23.0,24.625,1.625
gemma-2-2b,52,val,desc,de,en,brave,"Das Gegenteil von ""brave"" ist """,cowardly,0,0,23.0,23.25,0.25
gemma-2-2b,52,val,val,de,en,brave,"Das Gegenteil von ""brave"" ist """,cowardly,0,0,23.0,23.375,0.375
gemma-2-2b,52,val,freq,de,en,brave,"Das Gegenteil von ""brave"" ist """,cowardly,0,0,23.0,24.375,1.375
gemma-2-2b,52,freq,desc,de,en,brave,"Das Gegenteil von ""brave"" ist """,cowardly,0,0,23.0,23.0,0.0
gemma-2-2b,52,freq,val,de,en,brave,"Das Gegenteil von ""brave"" ist """,cowardly,0,0,23.0,21.0,-2.0
gemma-2-2b,52,freq,freq,de,en,brave,"Das Gegenteil von ""brave"" ist """,cowardly,0,0,23.0,23.0,0.0
gemma-2-2b,53,desc,desc,de,en,wise,"Das Gegenteil von ""wise"" ist """,foolish,0,0,24.625,24.75,0.125
gemma-2-2b,53,desc,val,de,en,wise,"Das Gegenteil von ""wise"" ist """,foolish,0,0,24.625,24.25,-0.375
gemma-2-2b,53,desc,freq,de,en,wise,"Das Gegenteil von ""wise"" ist """,foolish,0,0,24.625,26.25,1.625
gemma-2-2b,53,val,desc,de,en,wise,"Das Gegenteil von ""wise"" ist """,foolish,0,0,24.625,25.25,0.625
gemma-2-2b,53,val,val,de,en,wise,"Das Gegenteil von ""wise"" ist """,foolish,0,0,24.625,25.25,0.625
gemma-2-2b,53,val,freq,de,en,wise,"Das Gegenteil von ""wise"" ist """,foolish,0,0,24.625,26.125,1.5
gemma-2-2b,53,freq,desc,de,en,wise,"Das Gegenteil von ""wise"" ist """,foolish,0,0,24.625,24.25,-0.375
gemma-2-2b,53,freq,val,de,en,wise,"Das Gegenteil von ""wise"" ist """,foolish,0,0,24.625,24.5,-0.125
gemma-2-2b,53,freq,freq,de,en,wise,"Das Gegenteil von ""wise"" ist """,foolish,0,0,24.625,24.75,0.125
gemma-2-2b,54,desc,desc,de,en,polite,"Das Gegenteil von ""polite"" ist """,rude,1,1,24.375,24.875,0.5
gemma-2-2b,54,desc,val,de,en,polite,"Das Gegenteil von ""polite"" ist """,rude,1,1,24.375,22.75,-1.625
gemma-2-2b,54,desc,freq,de,en,polite,"Das Gegenteil von ""polite"" ist """,rude,1,0,24.375,25.75,1.375
gemma-2-2b,54,val,desc,de,en,polite,"Das Gegenteil von ""polite"" ist """,rude,1,1,24.375,24.125,-0.25
gemma-2-2b,54,val,val,de,en,polite,"Das Gegenteil von ""polite"" ist """,rude,1,1,24.375,24.5,0.125
gemma-2-2b,54,val,freq,de,en,polite,"Das Gegenteil von ""polite"" ist """,rude,1,1,24.375,25.25,0.875
gemma-2-2b,54,freq,desc,de,en,polite,"Das Gegenteil von ""polite"" ist """,rude,1,1,24.375,24.125,-0.25
gemma-2-2b,54,freq,val,de,en,polite,"Das Gegenteil von ""polite"" ist """,rude,1,1,24.375,22.625,-1.75
gemma-2-2b,54,freq,freq,de,en,polite,"Das Gegenteil von ""polite"" ist """,rude,1,1,24.375,24.5,0.125
gemma-2-2b,55,desc,desc,de,en,patient,"Das Gegenteil von ""patient"" ist """,impatient,4,4,22.25,23.125,0.875
gemma-2-2b,55,desc,val,de,en,patient,"Das Gegenteil von ""patient"" ist """,impatient,4,4,22.25,20.25,-2.0
gemma-2-2b,55,desc,freq,de,en,patient,"Das Gegenteil von ""patient"" ist """,impatient,4,5,22.25,23.75,1.5
gemma-2-2b,55,val,desc,de,en,patient,"Das Gegenteil von ""patient"" ist """,impatient,4,8,22.25,21.875,-0.375
gemma-2-2b,55,val,val,de,en,patient,"Das Gegenteil von ""patient"" ist """,impatient,4,3,22.25,22.125,-0.125
gemma-2-2b,55,val,freq,de,en,patient,"Das Gegenteil von ""patient"" ist """,impatient,4,5,22.25,23.125,0.875
gemma-2-2b,55,freq,desc,de,en,patient,"Das Gegenteil von ""patient"" ist """,impatient,4,6,22.25,22.125,-0.125
gemma-2-2b,55,freq,val,de,en,patient,"Das Gegenteil von ""patient"" ist """,impatient,4,4,22.25,20.375,-1.875
gemma-2-2b,55,freq,freq,de,en,patient,"Das Gegenteil von ""patient"" ist """,impatient,4,4,22.25,22.25,0.0
gemma-2-2b,56,desc,desc,de,en,honest,"Das Gegenteil von ""honest"" ist """,dishonest,3,3,22.875,23.5,0.625
gemma-2-2b,56,desc,val,de,en,honest,"Das Gegenteil von ""honest"" ist """,dishonest,3,1,22.875,22.0,-0.875
gemma-2-2b,56,desc,freq,de,en,honest,"Das Gegenteil von ""honest"" ist """,dishonest,3,1,22.875,24.75,1.875
gemma-2-2b,56,val,desc,de,en,honest,"Das Gegenteil von ""honest"" ist """,dishonest,3,2,22.875,23.125,0.25
gemma-2-2b,56,val,val,de,en,honest,"Das Gegenteil von ""honest"" ist """,dishonest,3,2,22.875,23.125,0.25
gemma-2-2b,56,val,freq,de,en,honest,"Das Gegenteil von ""honest"" ist """,dishonest,3,2,22.875,24.125,1.25
gemma-2-2b,56,freq,desc,de,en,honest,"Das Gegenteil von ""honest"" ist """,dishonest,3,3,22.875,22.875,0.0
gemma-2-2b,56,freq,val,de,en,honest,"Das Gegenteil von ""honest"" ist """,dishonest,3,1,22.875,22.0,-0.875
gemma-2-2b,56,freq,freq,de,en,honest,"Das Gegenteil von ""honest"" ist """,dishonest,3,3,22.875,22.75,-0.125
gemma-2-2b,57,desc,desc,de,en,safe,"Das Gegenteil von ""safe"" ist """,unsafe,0,0,26.25,26.625,0.375
gemma-2-2b,57,desc,val,de,en,safe,"Das Gegenteil von ""safe"" ist """,unsafe,0,0,26.25,24.75,-1.5
gemma-2-2b,57,desc,freq,de,en,safe,"Das Gegenteil von ""safe"" ist """,unsafe,0,0,26.25,27.25,1.0
gemma-2-2b,57,val,desc,de,en,safe,"Das Gegenteil von ""safe"" ist """,unsafe,0,0,26.25,25.75,-0.5
gemma-2-2b,57,val,val,de,en,safe,"Das Gegenteil von ""safe"" ist """,unsafe,0,1,26.25,26.125,-0.125
gemma-2-2b,57,val,freq,de,en,safe,"Das Gegenteil von ""safe"" ist """,unsafe,0,1,26.25,26.5,0.25
gemma-2-2b,57,freq,desc,de,en,safe,"Das Gegenteil von ""safe"" ist """,unsafe,0,0,26.25,25.875,-0.375
gemma-2-2b,57,freq,val,de,en,safe,"Das Gegenteil von ""safe"" ist """,unsafe,0,0,26.25,25.125,-1.125
gemma-2-2b,57,freq,freq,de,en,safe,"Das Gegenteil von ""safe"" ist """,unsafe,0,0,26.25,26.25,0.0
gemma-2-2b,58,desc,desc,de,en,active,"Das Gegenteil von ""active"" ist """,passive,0,0,25.5,26.0,0.5
gemma-2-2b,58,desc,val,de,en,active,"Das Gegenteil von ""active"" ist """,passive,0,0,25.5,25.0,-0.5
gemma-2-2b,58,desc,freq,de,en,active,"Das Gegenteil von ""active"" ist """,passive,0,0,25.5,26.875,1.375
gemma-2-2b,58,val,desc,de,en,active,"Das Gegenteil von ""active"" ist """,passive,0,0,25.5,25.875,0.375
gemma-2-2b,58,val,val,de,en,active,"Das Gegenteil von ""active"" ist """,passive,0,0,25.5,26.0,0.5
gemma-2-2b,58,val,freq,de,en,active,"Das Gegenteil von ""active"" ist """,passive,0,0,25.5,26.875,1.375
gemma-2-2b,58,freq,desc,de,en,active,"Das Gegenteil von ""active"" ist """,passive,0,0,25.5,25.375,-0.125
gemma-2-2b,58,freq,val,de,en,active,"Das Gegenteil von ""active"" ist """,passive,0,0,25.5,25.375,-0.125
gemma-2-2b,58,freq,freq,de,en,active,"Das Gegenteil von ""active"" ist """,passive,0,0,25.5,25.625,0.125
gemma-2-2b,59,desc,desc,de,en,straight,"Das Gegenteil von ""straight"" ist """,curved,1,1,22.125,22.625,0.5
gemma-2-2b,59,desc,val,de,en,straight,"Das Gegenteil von ""straight"" ist """,curved,1,1,22.125,20.0,-2.125
gemma-2-2b,59,desc,freq,de,en,straight,"Das Gegenteil von ""straight"" ist """,curved,1,1,22.125,24.25,2.125
gemma-2-2b,59,val,desc,de,en,straight,"Das Gegenteil von ""straight"" ist """,curved,1,1,22.125,22.25,0.125
gemma-2-2b,59,val,val,de,en,straight,"Das Gegenteil von ""straight"" ist """,curved,1,1,22.125,22.625,0.5
gemma-2-2b,59,val,freq,de,en,straight,"Das Gegenteil von ""straight"" ist """,curved,1,2,22.125,24.125,2.0
gemma-2-2b,59,freq,desc,de,en,straight,"Das Gegenteil von ""straight"" ist """,curved,1,1,22.125,21.625,-0.5
gemma-2-2b,59,freq,val,de,en,straight,"Das Gegenteil von ""straight"" ist """,curved,1,1,22.125,20.375,-1.75
gemma-2-2b,59,freq,freq,de,en,straight,"Das Gegenteil von ""straight"" ist """,curved,1,1,22.125,22.25,0.125
gemma-2-2b,60,desc,desc,de,en,whole,"Das Gegenteil von ""whole"" ist """,part,1,1,22.375,22.625,0.25
gemma-2-2b,60,desc,val,de,en,whole,"Das Gegenteil von ""whole"" ist """,part,1,4,22.375,20.625,-1.75
gemma-2-2b,60,desc,freq,de,en,whole,"Das Gegenteil von ""whole"" ist """,part,1,1,22.375,23.5,1.125
gemma-2-2b,60,val,desc,de,en,whole,"Das Gegenteil von ""whole"" ist """,part,1,1,22.375,23.5,1.125
gemma-2-2b,60,val,val,de,en,whole,"Das Gegenteil von ""whole"" ist """,part,1,1,22.375,23.375,1.0
gemma-2-2b,60,val,freq,de,en,whole,"Das Gegenteil von ""whole"" ist """,part,1,1,22.375,24.75,2.375
gemma-2-2b,60,freq,desc,de,en,whole,"Das Gegenteil von ""whole"" ist """,part,1,1,22.375,22.625,0.25
gemma-2-2b,60,freq,val,de,en,whole,"Das Gegenteil von ""whole"" ist """,part,1,1,22.375,22.125,-0.25
gemma-2-2b,60,freq,freq,de,en,whole,"Das Gegenteil von ""whole"" ist """,part,1,1,22.375,22.625,0.25
gemma-2-2b,61,desc,desc,de,en,calm,"Das Gegenteil von ""calm"" ist """,agitated,2,2,23.0,23.375,0.375
gemma-2-2b,61,desc,val,de,en,calm,"Das Gegenteil von ""calm"" ist """,agitated,2,4,23.0,21.375,-1.625
gemma-2-2b,61,desc,freq,de,en,calm,"Das Gegenteil von ""calm"" ist """,agitated,2,2,23.0,24.5,1.5
gemma-2-2b,61,val,desc,de,en,calm,"Das Gegenteil von ""calm"" ist """,agitated,2,2,23.0,23.125,0.125
gemma-2-2b,61,val,val,de,en,calm,"Das Gegenteil von ""calm"" ist """,agitated,2,2,23.0,23.5,0.5
gemma-2-2b,61,val,freq,de,en,calm,"Das Gegenteil von ""calm"" ist """,agitated,2,2,23.0,24.375,1.375
gemma-2-2b,61,freq,desc,de,en,calm,"Das Gegenteil von ""calm"" ist """,agitated,2,2,23.0,22.625,-0.375
gemma-2-2b,61,freq,val,de,en,calm,"Das Gegenteil von ""calm"" ist """,agitated,2,5,23.0,21.625,-1.375
gemma-2-2b,61,freq,freq,de,en,calm,"Das Gegenteil von ""calm"" ist """,agitated,2,2,23.0,23.125,0.125
gemma-2-2b,62,desc,desc,de,en,correct,"Das Gegenteil von ""correct"" ist """,incorrect,0,0,27.5,27.75,0.25
gemma-2-2b,62,desc,val,de,en,correct,"Das Gegenteil von ""correct"" ist """,incorrect,0,0,27.5,27.125,-0.375
gemma-2-2b,62,desc,freq,de,en,correct,"Das Gegenteil von ""correct"" ist """,incorrect,0,0,27.5,28.25,0.75
gemma-2-2b,62,val,desc,de,en,correct,"Das Gegenteil von ""correct"" ist """,incorrect,0,0,27.5,27.375,-0.125
gemma-2-2b,62,val,val,de,en,correct,"Das Gegenteil von ""correct"" ist """,incorrect,0,0,27.5,27.625,0.125
gemma-2-2b,62,val,freq,de,en,correct,"Das Gegenteil von ""correct"" ist """,incorrect,0,0,27.5,27.75,0.25
gemma-2-2b,62,freq,desc,de,en,correct,"Das Gegenteil von ""correct"" ist """,incorrect,0,0,27.5,27.25,-0.25
gemma-2-2b,62,freq,val,de,en,correct,"Das Gegenteil von ""correct"" ist """,incorrect,0,0,27.5,27.25,-0.25
gemma-2-2b,62,freq,freq,de,en,correct,"Das Gegenteil von ""correct"" ist """,incorrect,0,0,27.5,27.5,0.0
gemma-2-2b,63,desc,desc,de,en,complex,"Das Gegenteil von ""complex"" ist """,simple,0,0,24.75,25.0,0.25
gemma-2-2b,63,desc,val,de,en,complex,"Das Gegenteil von ""complex"" ist """,simple,0,0,24.75,24.375,-0.375
gemma-2-2b,63,desc,freq,de,en,complex,"Das Gegenteil von ""complex"" ist """,simple,0,0,24.75,25.75,1.0
gemma-2-2b,63,val,desc,de,en,complex,"Das Gegenteil von ""complex"" ist """,simple,0,0,24.75,24.75,0.0
gemma-2-2b,63,val,val,de,en,complex,"Das Gegenteil von ""complex"" ist """,simple,0,0,24.75,25.0,0.25
gemma-2-2b,63,val,freq,de,en,complex,"Das Gegenteil von ""complex"" ist """,simple,0,0,24.75,25.875,1.125
gemma-2-2b,63,freq,desc,de,en,complex,"Das Gegenteil von ""complex"" ist """,simple,0,0,24.75,24.25,-0.5
gemma-2-2b,63,freq,val,de,en,complex,"Das Gegenteil von ""complex"" ist """,simple,0,0,24.75,24.75,0.0
gemma-2-2b,63,freq,freq,de,en,complex,"Das Gegenteil von ""complex"" ist """,simple,0,0,24.75,24.75,0.0
gemma-2-2b,64,desc,desc,de,en,effective,"Das Gegenteil von ""effective"" ist """,ineffective,0,0,27.25,27.375,0.125
gemma-2-2b,64,desc,val,de,en,effective,"Das Gegenteil von ""effective"" ist """,ineffective,0,0,27.25,27.0,-0.25
gemma-2-2b,64,desc,freq,de,en,effective,"Das Gegenteil von ""effective"" ist """,ineffective,0,0,27.25,28.125,0.875
gemma-2-2b,64,val,desc,de,en,effective,"Das Gegenteil von ""effective"" ist """,ineffective,0,0,27.25,27.25,0.0
gemma-2-2b,64,val,val,de,en,effective,"Das Gegenteil von ""effective"" ist """,ineffective,0,0,27.25,27.375,0.125
gemma-2-2b,64,val,freq,de,en,effective,"Das Gegenteil von ""effective"" ist """,ineffective,0,0,27.25,27.625,0.375
gemma-2-2b,64,freq,desc,de,en,effective,"Das Gegenteil von ""effective"" ist """,ineffective,0,0,27.25,27.125,-0.125
gemma-2-2b,64,freq,val,de,en,effective,"Das Gegenteil von ""effective"" ist """,ineffective,0,0,27.25,26.875,-0.375
gemma-2-2b,64,freq,freq,de,en,effective,"Das Gegenteil von ""effective"" ist """,ineffective,0,0,27.25,27.25,0.0
gemma-2-2b,65,desc,desc,de,en,famous,"Das Gegenteil von ""famous"" ist """,unknown,0,0,25.75,26.0,0.25
gemma-2-2b,65,desc,val,de,en,famous,"Das Gegenteil von ""famous"" ist """,unknown,0,0,25.75,24.875,-0.875
gemma-2-2b,65,desc,freq,de,en,famous,"Das Gegenteil von ""famous"" ist """,unknown,0,1,25.75,26.75,1.0
gemma-2-2b,65,val,desc,de,en,famous,"Das Gegenteil von ""famous"" ist """,unknown,0,1,25.75,25.375,-0.375
gemma-2-2b,65,val,val,de,en,famous,"Das Gegenteil von ""famous"" ist """,unknown,0,0,25.75,25.75,0.0
gemma-2-2b,65,val,freq,de,en,famous,"Das Gegenteil von ""famous"" ist """,unknown,0,0,25.75,26.375,0.625
gemma-2-2b,65,freq,desc,de,en,famous,"Das Gegenteil von ""famous"" ist """,unknown,0,1,25.75,25.25,-0.5
gemma-2-2b,65,freq,val,de,en,famous,"Das Gegenteil von ""famous"" ist """,unknown,0,0,25.75,25.0,-0.75
gemma-2-2b,65,freq,freq,de,en,famous,"Das Gegenteil von ""famous"" ist """,unknown,0,0,25.75,25.75,0.0
gemma-2-2b,66,desc,desc,de,en,generous,"Das Gegenteil von ""generous"" ist """,stingy,0,0,26.25,26.625,0.375
gemma-2-2b,66,desc,val,de,en,generous,"Das Gegenteil von ""generous"" ist """,stingy,0,0,26.25,25.625,-0.625
gemma-2-2b,66,desc,freq,de,en,generous,"Das Gegenteil von ""generous"" ist """,stingy,0,0,26.25,27.25,1.0
gemma-2-2b,66,val,desc,de,en,generous,"Das Gegenteil von ""generous"" ist """,stingy,0,0,26.25,26.25,0.0
gemma-2-2b,66,val,val,de,en,generous,"Das Gegenteil von ""generous"" ist """,stingy,0,0,26.25,26.5,0.25
gemma-2-2b,66,val,freq,de,en,generous,"Das Gegenteil von ""generous"" ist """,stingy,0,0,26.25,26.875,0.625
gemma-2-2b,66,freq,desc,de,en,generous,"Das Gegenteil von ""generous"" ist """,stingy,0,0,26.25,26.125,-0.125
gemma-2-2b,66,freq,val,de,en,generous,"Das Gegenteil von ""generous"" ist """,stingy,0,0,26.25,25.5,-0.75
gemma-2-2b,66,freq,freq,de,en,generous,"Das Gegenteil von ""generous"" ist """,stingy,0,0,26.25,26.25,0.0
gemma-2-2b,67,desc,desc,de,en,content,"Das Gegenteil von ""content"" ist """,unhappy,3,5,23.375,23.5,0.125
gemma-2-2b,67,desc,val,de,en,content,"Das Gegenteil von ""content"" ist """,unhappy,3,1,23.375,22.875,-0.5
gemma-2-2b,67,desc,freq,de,en,content,"Das Gegenteil von ""content"" ist """,unhappy,3,5,23.375,24.125,0.75
gemma-2-2b,67,val,desc,de,en,content,"Das Gegenteil von ""content"" ist """,unhappy,3,3,23.375,23.125,-0.25
gemma-2-2b,67,val,val,de,en,content,"Das Gegenteil von ""content"" ist """,unhappy,3,4,23.375,23.5,0.125
gemma-2-2b,67,val,freq,de,en,content,"Das Gegenteil von ""content"" ist """,unhappy,3,4,23.375,24.125,0.75
gemma-2-2b,67,freq,desc,de,en,content,"Das Gegenteil von ""content"" ist """,unhappy,3,4,23.375,22.875,-0.5
gemma-2-2b,67,freq,val,de,en,content,"Das Gegenteil von ""content"" ist """,unhappy,3,1,23.375,23.25,-0.125
gemma-2-2b,67,freq,freq,de,en,content,"Das Gegenteil von ""content"" ist """,unhappy,3,3,23.375,23.375,0.0
gemma-2-2b,68,desc,desc,de,en,healthy,"Das Gegenteil von ""healthy"" ist """,unhealthy,0,0,26.0,26.25,0.25
gemma-2-2b,68,desc,val,de,en,healthy,"Das Gegenteil von ""healthy"" ist """,unhealthy,0,0,26.0,25.125,-0.875
gemma-2-2b,68,desc,freq,de,en,healthy,"Das Gegenteil von ""healthy"" ist """,unhealthy,0,0,26.0,26.875,0.875
gemma-2-2b,68,val,desc,de,en,healthy,"Das Gegenteil von ""healthy"" ist """,unhealthy,0,0,26.0,26.0,0.0
gemma-2-2b,68,val,val,de,en,healthy,"Das Gegenteil von ""healthy"" ist """,unhealthy,0,0,26.0,26.25,0.25
gemma-2-2b,68,val,freq,de,en,healthy,"Das Gegenteil von ""healthy"" ist """,unhealthy,0,0,26.0,26.625,0.625
gemma-2-2b,68,freq,desc,de,en,healthy,"Das Gegenteil von ""healthy"" ist """,unhealthy,0,0,26.0,25.75,-0.25
gemma-2-2b,68,freq,val,de,en,healthy,"Das Gegenteil von ""healthy"" ist """,unhealthy,0,0,26.0,25.25,-0.75
gemma-2-2b,68,freq,freq,de,en,healthy,"Das Gegenteil von ""healthy"" ist """,unhealthy,0,0,26.0,25.875,-0.125
gemma-2-2b,69,desc,desc,de,en,high,"Das Gegenteil von ""high"" ist """,low,0,0,25.625,25.75,0.125
gemma-2-2b,69,desc,val,de,en,high,"Das Gegenteil von ""high"" ist """,low,0,0,25.625,25.5,-0.125
gemma-2-2b,69,desc,freq,de,en,high,"Das Gegenteil von ""high"" ist """,low,0,0,25.625,26.875,1.25
gemma-2-2b,69,val,desc,de,en,high,"Das Gegenteil von ""high"" ist """,low,0,0,25.625,26.625,1.0
gemma-2-2b,69,val,val,de,en,high,"Das Gegenteil von ""high"" ist """,low,0,0,25.625,26.75,1.125
gemma-2-2b,69,val,freq,de,en,high,"Das Gegenteil von ""high"" ist """,low,0,0,25.625,27.25,1.625
gemma-2-2b,69,freq,desc,de,en,high,"Das Gegenteil von ""high"" ist """,low,0,0,25.625,25.625,0.0
gemma-2-2b,69,freq,val,de,en,high,"Das Gegenteil von ""high"" ist """,low,0,0,25.625,26.125,0.5
gemma-2-2b,69,freq,freq,de,en,high,"Das Gegenteil von ""high"" ist """,low,0,0,25.625,25.75,0.125
gemma-2-2b,70,desc,desc,de,en,important,"Das Gegenteil von ""important"" ist """,unimportant,0,0,25.25,25.5,0.25
gemma-2-2b,70,desc,val,de,en,important,"Das Gegenteil von ""important"" ist """,unimportant,0,1,25.25,24.5,-0.75
gemma-2-2b,70,desc,freq,de,en,important,"Das Gegenteil von ""important"" ist """,unimportant,0,0,25.25,26.25,1.0
gemma-2-2b,70,val,desc,de,en,important,"Das Gegenteil von ""important"" ist """,unimportant,0,1,25.25,25.25,0.0
gemma-2-2b,70,val,val,de,en,important,"Das Gegenteil von ""important"" ist """,unimportant,0,1,25.25,25.625,0.375
gemma-2-2b,70,val,freq,de,en,important,"Das Gegenteil von ""important"" ist """,unimportant,0,2,25.25,26.125,0.875
gemma-2-2b,70,freq,desc,de,en,important,"Das Gegenteil von ""important"" ist """,unimportant,0,0,25.25,24.875,-0.375
gemma-2-2b,70,freq,val,de,en,important,"Das Gegenteil von ""important"" ist """,unimportant,0,1,25.25,24.625,-0.625
gemma-2-2b,70,freq,freq,de,en,important,"Das Gegenteil von ""important"" ist """,unimportant,0,0,25.25,25.25,0.0
gemma-2-2b,71,desc,desc,de,en,innocent,"Das Gegenteil von ""innocent"" ist """,guilty,0,0,26.5,26.875,0.375
gemma-2-2b,71,desc,val,de,en,innocent,"Das Gegenteil von ""innocent"" ist """,guilty,0,0,26.5,25.5,-1.0
gemma-2-2b,71,desc,freq,de,en,innocent,"Das Gegenteil von ""innocent"" ist """,guilty,0,0,26.5,27.625,1.125
gemma-2-2b,71,val,desc,de,en,innocent,"Das Gegenteil von ""innocent"" ist """,guilty,0,0,26.5,26.625,0.125
gemma-2-2b,71,val,val,de,en,innocent,"Das Gegenteil von ""innocent"" ist """,guilty,0,0,26.5,26.875,0.375
gemma-2-2b,71,val,freq,de,en,innocent,"Das Gegenteil von ""innocent"" ist """,guilty,0,0,26.5,27.25,0.75
gemma-2-2b,71,freq,desc,de,en,innocent,"Das Gegenteil von ""innocent"" ist """,guilty,0,0,26.5,26.25,-0.25
gemma-2-2b,71,freq,val,de,en,innocent,"Das Gegenteil von ""innocent"" ist """,guilty,0,0,26.5,25.25,-1.25
gemma-2-2b,71,freq,freq,de,en,innocent,"Das Gegenteil von ""innocent"" ist """,guilty,0,0,26.5,26.5,0.0
gemma-2-2b,72,desc,desc,de,en,known,"Das Gegenteil von ""known"" ist """,unknown,0,0,26.625,26.625,0.0
gemma-2-2b,72,desc,val,de,en,known,"Das Gegenteil von ""known"" ist """,unknown,0,0,26.625,26.625,0.0
gemma-2-2b,72,desc,freq,de,en,known,"Das Gegenteil von ""known"" ist """,unknown,0,0,26.625,27.5,0.875
gemma-2-2b,72,val,desc,de,en,known,"Das Gegenteil von ""known"" ist """,unknown,0,0,26.625,26.875,0.25
gemma-2-2b,72,val,val,de,en,known,"Das Gegenteil von ""known"" ist """,unknown,0,0,26.625,27.25,0.625
gemma-2-2b,72,val,freq,de,en,known,"Das Gegenteil von ""known"" ist """,unknown,0,0,26.625,27.5,0.875
gemma-2-2b,72,freq,desc,de,en,known,"Das Gegenteil von ""known"" ist """,unknown,0,0,26.625,26.125,-0.5
gemma-2-2b,72,freq,val,de,en,known,"Das Gegenteil von ""known"" ist """,unknown,0,0,26.625,26.75,0.125
gemma-2-2b,72,freq,freq,de,en,known,"Das Gegenteil von ""known"" ist """,unknown,0,0,26.625,26.625,0.0
gemma-2-2b,73,desc,desc,de,en,male,"Das Gegenteil von ""male"" ist """,female,0,0,24.75,25.25,0.5
gemma-2-2b,73,desc,val,de,en,male,"Das Gegenteil von ""male"" ist """,female,0,0,24.75,23.875,-0.875
gemma-2-2b,73,desc,freq,de,en,male,"Das Gegenteil von ""male"" ist """,female,0,0,24.75,26.25,1.5
gemma-2-2b,73,val,desc,de,en,male,"Das Gegenteil von ""male"" ist """,female,0,0,24.75,25.0,0.25
gemma-2-2b,73,val,val,de,en,male,"Das Gegenteil von ""male"" ist """,female,0,0,24.75,25.125,0.375
gemma-2-2b,73,val,freq,de,en,male,"Das Gegenteil von ""male"" ist """,female,0,0,24.75,26.0,1.25
gemma-2-2b,73,freq,desc,de,en,male,"Das Gegenteil von ""male"" ist """,female,0,0,24.75,24.5,-0.25
gemma-2-2b,73,freq,val,de,en,male,"Das Gegenteil von ""male"" ist """,female,0,0,24.75,24.0,-0.75
gemma-2-2b,73,freq,freq,de,en,male,"Das Gegenteil von ""male"" ist """,female,0,0,24.75,24.75,0.0
gemma-2-2b,74,desc,desc,de,en,normal,"Das Gegenteil von ""normal"" ist """,abnormal,1,1,22.875,23.125,0.25
gemma-2-2b,74,desc,val,de,en,normal,"Das Gegenteil von ""normal"" ist """,abnormal,1,0,22.875,21.5,-1.375
gemma-2-2b,74,desc,freq,de,en,normal,"Das Gegenteil von ""normal"" ist """,abnormal,1,1,22.875,23.875,1.0
gemma-2-2b,74,val,desc,de,en,normal,"Das Gegenteil von ""normal"" ist """,abnormal,1,1,22.875,23.0,0.125
gemma-2-2b,74,val,val,de,en,normal,"Das Gegenteil von ""normal"" ist """,abnormal,1,1,22.875,23.375,0.5
gemma-2-2b,74,val,freq,de,en,normal,"Das Gegenteil von ""normal"" ist """,abnormal,1,1,22.875,23.875,1.0
gemma-2-2b,74,freq,desc,de,en,normal,"Das Gegenteil von ""normal"" ist """,abnormal,1,2,22.875,22.5,-0.375
gemma-2-2b,74,freq,val,de,en,normal,"Das Gegenteil von ""normal"" ist """,abnormal,1,3,22.875,21.5,-1.375
gemma-2-2b,74,freq,freq,de,en,normal,"Das Gegenteil von ""normal"" ist """,abnormal,1,1,22.875,22.875,0.0
gemma-2-2b,75,desc,desc,de,en,possible,"Das Gegenteil von ""possible"" ist """,impossible,0,0,24.25,24.375,0.125
gemma-2-2b,75,desc,val,de,en,possible,"Das Gegenteil von ""possible"" ist """,impossible,0,0,24.25,25.5,1.25
gemma-2-2b,75,desc,freq,de,en,possible,"Das Gegenteil von ""possible"" ist """,impossible,0,0,24.25,26.125,1.875
gemma-2-2b,75,val,desc,de,en,possible,"Das Gegenteil von ""possible"" ist """,impossible,0,0,24.25,25.5,1.25
gemma-2-2b,75,val,val,de,en,possible,"Das Gegenteil von ""possible"" ist """,impossible,0,0,24.25,26.0,1.75
gemma-2-2b,75,val,freq,de,en,possible,"Das Gegenteil von ""possible"" ist """,impossible,0,0,24.25,26.875,2.625
gemma-2-2b,75,freq,desc,de,en,possible,"Das Gegenteil von ""possible"" ist """,impossible,0,0,24.25,23.875,-0.375
gemma-2-2b,75,freq,val,de,en,possible,"Das Gegenteil von ""possible"" ist """,impossible,0,0,24.25,25.625,1.375
gemma-2-2b,75,freq,freq,de,en,possible,"Das Gegenteil von ""possible"" ist """,impossible,0,0,24.25,24.5,0.25
gemma-2-2b,76,desc,desc,de,en,private,"Das Gegenteil von ""private"" ist """,public,0,0,23.5,24.125,0.625
gemma-2-2b,76,desc,val,de,en,private,"Das Gegenteil von ""private"" ist """,public,0,0,23.5,22.625,-0.875
gemma-2-2b,76,desc,freq,de,en,private,"Das Gegenteil von ""private"" ist """,public,0,0,23.5,25.125,1.625
gemma-2-2b,76,val,desc,de,en,private,"Das Gegenteil von ""private"" ist """,public,0,0,23.5,23.875,0.375
gemma-2-2b,76,val,val,de,en,private,"Das Gegenteil von ""private"" ist """,public,0,0,23.5,23.75,0.25
gemma-2-2b,76,val,freq,de,en,private,"Das Gegenteil von ""private"" ist """,public,0,0,23.5,25.0,1.5
gemma-2-2b,76,freq,desc,de,en,private,"Das Gegenteil von ""private"" ist """,public,0,0,23.5,23.625,0.125
gemma-2-2b,76,freq,val,de,en,private,"Das Gegenteil von ""private"" ist """,public,0,0,23.5,22.75,-0.75
gemma-2-2b,76,freq,freq,de,en,private,"Das Gegenteil von ""private"" ist """,public,0,0,23.5,23.5,0.0
gemma-2-2b,77,desc,desc,de,en,right,"Das Gegenteil von ""right"" ist """,wrong,1,1,24.25,24.375,0.125
gemma-2-2b,77,desc,val,de,en,right,"Das Gegenteil von ""right"" ist """,wrong,1,1,24.25,25.25,1.0
gemma-2-2b,77,desc,freq,de,en,right,"Das Gegenteil von ""right"" ist """,wrong,1,1,24.25,25.625,1.375
gemma-2-2b,77,val,desc,de,en,right,"Das Gegenteil von ""right"" ist """,wrong,1,1,24.25,26.125,1.875
gemma-2-2b,77,val,val,de,en,right,"Das Gegenteil von ""right"" ist """,wrong,1,1,24.25,26.25,2.0
gemma-2-2b,77,val,freq,de,en,right,"Das Gegenteil von ""right"" ist """,wrong,1,1,24.25,27.0,2.75
gemma-2-2b,77,freq,desc,de,en,right,"Das Gegenteil von ""right"" ist """,wrong,1,1,24.25,24.5,0.25
gemma-2-2b,77,freq,val,de,en,right,"Das Gegenteil von ""right"" ist """,wrong,1,1,24.25,25.5,1.25
gemma-2-2b,77,freq,freq,de,en,right,"Das Gegenteil von ""right"" ist """,wrong,1,1,24.25,24.625,0.375
gemma-2-2b,78,desc,desc,de,en,simple,"Das Gegenteil von ""simple"" ist """,complex,2,1,23.75,24.25,0.5
gemma-2-2b,78,desc,val,de,en,simple,"Das Gegenteil von ""simple"" ist """,complex,2,4,23.75,21.0,-2.75
gemma-2-2b,78,desc,freq,de,en,simple,"Das Gegenteil von ""simple"" ist """,complex,2,1,23.75,25.125,1.375
gemma-2-2b,78,val,desc,de,en,simple,"Das Gegenteil von ""simple"" ist """,complex,2,2,23.75,23.375,-0.375
gemma-2-2b,78,val,val,de,en,simple,"Das Gegenteil von ""simple"" ist """,complex,2,2,23.75,23.5,-0.25
gemma-2-2b,78,val,freq,de,en,simple,"Das Gegenteil von ""simple"" ist """,complex,2,2,23.75,24.125,0.375
gemma-2-2b,78,freq,desc,de,en,simple,"Das Gegenteil von ""simple"" ist """,complex,2,1,23.75,23.625,-0.125
gemma-2-2b,78,freq,val,de,en,simple,"Das Gegenteil von ""simple"" ist """,complex,2,3,23.75,21.5,-2.25
gemma-2-2b,78,freq,freq,de,en,simple,"Das Gegenteil von ""simple"" ist """,complex,2,1,23.75,23.75,0.0
gemma-2-2b,79,desc,desc,de,en,sweet,"Das Gegenteil von ""sweet"" ist """,bitter,0,0,23.875,24.25,0.375
gemma-2-2b,79,desc,val,de,en,sweet,"Das Gegenteil von ""sweet"" ist """,bitter,0,0,23.875,23.375,-0.5
gemma-2-2b,79,desc,freq,de,en,sweet,"Das Gegenteil von ""sweet"" ist """,bitter,0,0,23.875,25.75,1.875
gemma-2-2b,79,val,desc,de,en,sweet,"Das Gegenteil von ""sweet"" ist """,bitter,0,0,23.875,23.875,0.0
gemma-2-2b,79,val,val,de,en,sweet,"Das Gegenteil von ""sweet"" ist """,bitter,0,0,23.875,24.5,0.625
gemma-2-2b,79,val,freq,de,en,sweet,"Das Gegenteil von ""sweet"" ist """,bitter,0,0,23.875,25.375,1.5
gemma-2-2b,79,freq,desc,de,en,sweet,"Das Gegenteil von ""sweet"" ist """,bitter,0,0,23.875,23.375,-0.5
gemma-2-2b,79,freq,val,de,en,sweet,"Das Gegenteil von ""sweet"" ist """,bitter,0,0,23.875,23.375,-0.5
gemma-2-2b,79,freq,freq,de,en,sweet,"Das Gegenteil von ""sweet"" ist """,bitter,0,0,23.875,24.125,0.25
gemma-2-2b,80,desc,desc,de,en,visible,"Das Gegenteil von ""visible"" ist """,invisible,0,0,24.375,24.5,0.125
gemma-2-2b,80,desc,val,de,en,visible,"Das Gegenteil von ""visible"" ist """,invisible,0,0,24.375,25.375,1.0
gemma-2-2b,80,desc,freq,de,en,visible,"Das Gegenteil von ""visible"" ist """,invisible,0,0,24.375,26.25,1.875
gemma-2-2b,80,val,desc,de,en,visible,"Das Gegenteil von ""visible"" ist """,invisible,0,0,24.375,25.25,0.875
gemma-2-2b,80,val,val,de,en,visible,"Das Gegenteil von ""visible"" ist """,invisible,0,0,24.375,25.75,1.375
gemma-2-2b,80,val,freq,de,en,visible,"Das Gegenteil von ""visible"" ist """,invisible,0,0,24.375,26.75,2.375
gemma-2-2b,80,freq,desc,de,en,visible,"Das Gegenteil von ""visible"" ist """,invisible,0,0,24.375,23.75,-0.625
gemma-2-2b,80,freq,val,de,en,visible,"Das Gegenteil von ""visible"" ist """,invisible,0,0,24.375,25.5,1.125
gemma-2-2b,80,freq,freq,de,en,visible,"Das Gegenteil von ""visible"" ist """,invisible,0,0,24.375,24.5,0.125
gemma-2-2b,81,desc,desc,de,en,warm,"Das Gegenteil von ""warm"" ist """,cold,0,0,23.25,23.75,0.5
gemma-2-2b,81,desc,val,de,en,warm,"Das Gegenteil von ""warm"" ist """,cold,0,0,23.25,21.875,-1.375
gemma-2-2b,81,desc,freq,de,en,warm,"Das Gegenteil von ""warm"" ist """,cold,0,0,23.25,25.25,2.0
gemma-2-2b,81,val,desc,de,en,warm,"Das Gegenteil von ""warm"" ist """,cold,0,0,23.25,23.625,0.375
gemma-2-2b,81,val,val,de,en,warm,"Das Gegenteil von ""warm"" ist """,cold,0,0,23.25,23.5,0.25
gemma-2-2b,81,val,freq,de,en,warm,"Das Gegenteil von ""warm"" ist """,cold,0,0,23.25,25.0,1.75
gemma-2-2b,81,freq,desc,de,en,warm,"Das Gegenteil von ""warm"" ist """,cold,0,0,23.25,23.25,0.0
gemma-2-2b,81,freq,val,de,en,warm,"Das Gegenteil von ""warm"" ist """,cold,0,0,23.25,21.875,-1.375
gemma-2-2b,81,freq,freq,de,en,warm,"Das Gegenteil von ""warm"" ist """,cold,0,0,23.25,23.25,0.0
gemma-2-2b,82,desc,desc,de,en,smooth,"Das Gegenteil von ""smooth"" ist """,rough,0,0,25.0,25.375,0.375
gemma-2-2b,82,desc,val,de,en,smooth,"Das Gegenteil von ""smooth"" ist """,rough,0,0,25.0,23.25,-1.75
gemma-2-2b,82,desc,freq,de,en,smooth,"Das Gegenteil von ""smooth"" ist """,rough,0,0,25.0,26.375,1.375
gemma-2-2b,82,val,desc,de,en,smooth,"Das Gegenteil von ""smooth"" ist """,rough,0,0,25.0,24.875,-0.125
gemma-2-2b,82,val,val,de,en,smooth,"Das Gegenteil von ""smooth"" ist """,rough,0,0,25.0,25.25,0.25
gemma-2-2b,82,val,freq,de,en,smooth,"Das Gegenteil von ""smooth"" ist """,rough,0,0,25.0,25.75,0.75
gemma-2-2b,82,freq,desc,de,en,smooth,"Das Gegenteil von ""smooth"" ist """,rough,0,0,25.0,24.625,-0.375
gemma-2-2b,82,freq,val,de,en,smooth,"Das Gegenteil von ""smooth"" ist """,rough,0,0,25.0,23.375,-1.625
gemma-2-2b,82,freq,freq,de,en,smooth,"Das Gegenteil von ""smooth"" ist """,rough,0,0,25.0,25.125,0.125
gemma-2-2b,83,desc,desc,de,en,thin,"Das Gegenteil von ""thin"" ist """,fat,0,0,25.25,25.375,0.125
gemma-2-2b,83,desc,val,de,en,thin,"Das Gegenteil von ""thin"" ist """,fat,0,0,25.25,24.25,-1.0
gemma-2-2b,83,desc,freq,de,en,thin,"Das Gegenteil von ""thin"" ist """,fat,0,0,25.25,26.75,1.5
gemma-2-2b,83,val,desc,de,en,thin,"Das Gegenteil von ""thin"" ist """,fat,0,0,25.25,25.375,0.125
gemma-2-2b,83,val,val,de,en,thin,"Das Gegenteil von ""thin"" ist """,fat,0,0,25.25,25.625,0.375
gemma-2-2b,83,val,freq,de,en,thin,"Das Gegenteil von ""thin"" ist """,fat,0,0,25.25,26.5,1.25
gemma-2-2b,83,freq,desc,de,en,thin,"Das Gegenteil von ""thin"" ist """,fat,0,0,25.25,24.875,-0.375
gemma-2-2b,83,freq,val,de,en,thin,"Das Gegenteil von ""thin"" ist """,fat,0,0,25.25,24.25,-1.0
gemma-2-2b,83,freq,freq,de,en,thin,"Das Gegenteil von ""thin"" ist """,fat,0,0,25.25,25.25,0.0
gemma-2-2b,84,desc,desc,de,en,tall,"Das Gegenteil von ""tall"" ist """,short,0,0,24.875,25.25,0.375
gemma-2-2b,84,desc,val,de,en,tall,"Das Gegenteil von ""tall"" ist """,short,0,0,24.875,24.5,-0.375
gemma-2-2b,84,desc,freq,de,en,tall,"Das Gegenteil von ""tall"" ist """,short,0,0,24.875,26.375,1.5
gemma-2-2b,84,val,desc,de,en,tall,"Das Gegenteil von ""tall"" ist """,short,0,0,24.875,25.75,0.875
gemma-2-2b,84,val,val,de,en,tall,"Das Gegenteil von ""tall"" ist """,short,0,0,24.875,25.5,0.625
gemma-2-2b,84,val,freq,de,en,tall,"Das Gegenteil von ""tall"" ist """,short,0,0,24.875,26.375,1.5
gemma-2-2b,84,freq,desc,de,en,tall,"Das Gegenteil von ""tall"" ist """,short,0,0,24.875,25.125,0.25
gemma-2-2b,84,freq,val,de,en,tall,"Das Gegenteil von ""tall"" ist """,short,0,0,24.875,25.0,0.125
gemma-2-2b,84,freq,freq,de,en,tall,"Das Gegenteil von ""tall"" ist """,short,0,0,24.875,25.125,0.25
gemma-2-2b,85,desc,desc,de,en,married,"Das Gegenteil von ""married"" ist """,single,0,0,25.625,25.75,0.125
gemma-2-2b,85,desc,val,de,en,married,"Das Gegenteil von ""married"" ist """,single,0,0,25.625,23.5,-2.125
gemma-2-2b,85,desc,freq,de,en,married,"Das Gegenteil von ""married"" ist """,single,0,0,25.625,26.625,1.0
gemma-2-2b,85,val,desc,de,en,married,"Das Gegenteil von ""married"" ist """,single,0,0,25.625,25.375,-0.25
gemma-2-2b,85,val,val,de,en,married,"Das Gegenteil von ""married"" ist """,single,0,0,25.625,25.75,0.125
gemma-2-2b,85,val,freq,de,en,married,"Das Gegenteil von ""married"" ist """,single,0,0,25.625,26.5,0.875
gemma-2-2b,85,freq,desc,de,en,married,"Das Gegenteil von ""married"" ist """,single,0,0,25.625,25.25,-0.375
gemma-2-2b,85,freq,val,de,en,married,"Das Gegenteil von ""married"" ist """,single,0,0,25.625,24.375,-1.25
gemma-2-2b,85,freq,freq,de,en,married,"Das Gegenteil von ""married"" ist """,single,0,0,25.625,25.75,0.125
gemma-2-2b,86,desc,desc,de,en,optimistic,"Das Gegenteil von ""optimistic"" ist """,pessimistic,0,0,24.25,24.625,0.375
gemma-2-2b,86,desc,val,de,en,optimistic,"Das Gegenteil von ""optimistic"" ist """,pessimistic,0,0,24.25,25.5,1.25
gemma-2-2b,86,desc,freq,de,en,optimistic,"Das Gegenteil von ""optimistic"" ist """,pessimistic,0,0,24.25,26.125,1.875
gemma-2-2b,86,val,desc,de,en,optimistic,"Das Gegenteil von ""optimistic"" ist """,pessimistic,0,0,24.25,25.375,1.125
gemma-2-2b,86,val,val,de,en,optimistic,"Das Gegenteil von ""optimistic"" ist """,pessimistic,0,0,24.25,25.375,1.125
gemma-2-2b,86,val,freq,de,en,optimistic,"Das Gegenteil von ""optimistic"" ist """,pessimistic,0,0,24.25,26.25,2.0
gemma-2-2b,86,freq,desc,de,en,optimistic,"Das Gegenteil von ""optimistic"" ist """,pessimistic,0,0,24.25,24.375,0.125
gemma-2-2b,86,freq,val,de,en,optimistic,"Das Gegenteil von ""optimistic"" ist """,pessimistic,0,0,24.25,25.375,1.125
gemma-2-2b,86,freq,freq,de,en,optimistic,"Das Gegenteil von ""optimistic"" ist """,pessimistic,0,0,24.25,24.5,0.25
gemma-2-2b,87,desc,desc,de,en,permanent,"Das Gegenteil von ""permanent"" ist """,temporary,0,0,24.625,25.125,0.5
gemma-2-2b,87,desc,val,de,en,permanent,"Das Gegenteil von ""permanent"" ist """,temporary,0,1,24.625,23.125,-1.5
gemma-2-2b,87,desc,freq,de,en,permanent,"Das Gegenteil von ""permanent"" ist """,temporary,0,0,24.625,26.0,1.375
gemma-2-2b,87,val,desc,de,en,permanent,"Das Gegenteil von ""permanent"" ist """,temporary,0,0,24.625,24.5,-0.125
gemma-2-2b,87,val,val,de,en,permanent,"Das Gegenteil von ""permanent"" ist """,temporary,0,0,24.625,24.75,0.125
gemma-2-2b,87,val,freq,de,en,permanent,"Das Gegenteil von ""permanent"" ist """,temporary,0,0,24.625,25.625,1.0
gemma-2-2b,87,freq,desc,de,en,permanent,"Das Gegenteil von ""permanent"" ist """,temporary,0,0,24.625,24.25,-0.375
gemma-2-2b,87,freq,val,de,en,permanent,"Das Gegenteil von ""permanent"" ist """,temporary,0,1,24.625,23.125,-1.5
gemma-2-2b,87,freq,freq,de,en,permanent,"Das Gegenteil von ""permanent"" ist """,temporary,0,0,24.625,24.5,-0.125
gemma-2-2b,88,desc,desc,de,en,present,"Das Gegenteil von ""present"" ist """,past,0,0,26.625,26.625,0.0
gemma-2-2b,88,desc,val,de,en,present,"Das Gegenteil von ""present"" ist """,past,0,0,26.625,25.25,-1.375
gemma-2-2b,88,desc,freq,de,en,present,"Das Gegenteil von ""present"" ist """,past,0,0,26.625,27.25,0.625
gemma-2-2b,88,val,desc,de,en,present,"Das Gegenteil von ""present"" ist """,past,0,0,26.625,26.875,0.25
gemma-2-2b,88,val,val,de,en,present,"Das Gegenteil von ""present"" ist """,past,0,0,26.625,27.0,0.375
gemma-2-2b,88,val,freq,de,en,present,"Das Gegenteil von ""present"" ist """,past,0,0,26.625,27.25,0.625
gemma-2-2b,88,freq,desc,de,en,present,"Das Gegenteil von ""present"" ist """,past,0,0,26.625,26.375,-0.25
gemma-2-2b,88,freq,val,de,en,present,"Das Gegenteil von ""present"" ist """,past,0,0,26.625,26.0,-0.625
gemma-2-2b,88,freq,freq,de,en,present,"Das Gegenteil von ""present"" ist """,past,0,0,26.625,26.625,0.0
gemma-2-2b,89,desc,desc,de,en,public,"Das Gegenteil von ""public"" ist """,private,0,0,25.25,25.375,0.125
gemma-2-2b,89,desc,val,de,en,public,"Das Gegenteil von ""public"" ist """,private,0,0,25.25,25.375,0.125
gemma-2-2b,89,desc,freq,de,en,public,"Das Gegenteil von ""public"" ist """,private,0,0,25.25,26.625,1.375
gemma-2-2b,89,val,desc,de,en,public,"Das Gegenteil von ""public"" ist """,private,0,0,25.25,26.375,1.125
gemma-2-2b,89,val,val,de,en,public,"Das Gegenteil von ""public"" ist """,private,0,0,25.25,26.375,1.125
gemma-2-2b,89,val,freq,de,en,public,"Das Gegenteil von ""public"" ist """,private,0,0,25.25,27.25,2.0
gemma-2-2b,89,freq,desc,de,en,public,"Das Gegenteil von ""public"" ist """,private,0,0,25.25,25.25,0.0
gemma-2-2b,89,freq,val,de,en,public,"Das Gegenteil von ""public"" ist """,private,0,0,25.25,25.75,0.5
gemma-2-2b,89,freq,freq,de,en,public,"Das Gegenteil von ""public"" ist """,private,0,0,25.25,25.375,0.125
gemma-2-2b,90,desc,desc,de,en,real,"Das Gegenteil von ""real"" ist """,fake,1,1,24.75,25.125,0.375
gemma-2-2b,90,desc,val,de,en,real,"Das Gegenteil von ""real"" ist """,fake,1,2,24.75,22.25,-2.5
gemma-2-2b,90,desc,freq,de,en,real,"Das Gegenteil von ""real"" ist """,fake,1,1,24.75,26.125,1.375
gemma-2-2b,90,val,desc,de,en,real,"Das Gegenteil von ""real"" ist """,fake,1,2,24.75,24.75,0.0
gemma-2-2b,90,val,val,de,en,real,"Das Gegenteil von ""real"" ist """,fake,1,2,24.75,25.0,0.25
gemma-2-2b,90,val,freq,de,en,real,"Das Gegenteil von ""real"" ist """,fake,1,2,24.75,25.625,0.875
gemma-2-2b,90,freq,desc,de,en,real,"Das Gegenteil von ""real"" ist """,fake,1,1,24.75,24.5,-0.25
gemma-2-2b,90,freq,val,de,en,real,"Das Gegenteil von ""real"" ist """,fake,1,2,24.75,22.5,-2.25
gemma-2-2b,90,freq,freq,de,en,real,"Das Gegenteil von ""real"" ist """,fake,1,1,24.75,24.75,0.0
gemma-2-2b,91,desc,desc,de,en,responsible,"Das Gegenteil von ""responsible"" ist """,irresponsible,0,0,27.25,27.5,0.25
gemma-2-2b,91,desc,val,de,en,responsible,"Das Gegenteil von ""responsible"" ist """,irresponsible,0,0,27.25,26.75,-0.5
gemma-2-2b,91,desc,freq,de,en,responsible,"Das Gegenteil von ""responsible"" ist """,irresponsible,0,0,27.25,27.75,0.5
gemma-2-2b,91,val,desc,de,en,responsible,"Das Gegenteil von ""responsible"" ist """,irresponsible,0,0,27.25,27.125,-0.125
gemma-2-2b,91,val,val,de,en,responsible,"Das Gegenteil von ""responsible"" ist """,irresponsible,0,0,27.25,27.5,0.25
gemma-2-2b,91,val,freq,de,en,responsible,"Das Gegenteil von ""responsible"" ist """,irresponsible,0,0,27.25,27.625,0.375
gemma-2-2b,91,freq,desc,de,en,responsible,"Das Gegenteil von ""responsible"" ist """,irresponsible,0,0,27.25,27.0,-0.25
gemma-2-2b,91,freq,val,de,en,responsible,"Das Gegenteil von ""responsible"" ist """,irresponsible,0,0,27.25,26.625,-0.625
gemma-2-2b,91,freq,freq,de,en,responsible,"Das Gegenteil von ""responsible"" ist """,irresponsible,0,0,27.25,27.25,0.0
gemma-2-2b,92,desc,desc,de,en,single,"Das Gegenteil von ""single"" ist """,married,0,0,24.75,25.125,0.375
gemma-2-2b,92,desc,val,de,en,single,"Das Gegenteil von ""single"" ist """,married,0,0,24.75,23.125,-1.625
gemma-2-2b,92,desc,freq,de,en,single,"Das Gegenteil von ""single"" ist """,married,0,0,24.75,26.375,1.625
gemma-2-2b,92,val,desc,de,en,single,"Das Gegenteil von ""single"" ist """,married,0,0,24.75,24.875,0.125
gemma-2-2b,92,val,val,de,en,single,"Das Gegenteil von ""single"" ist """,married,0,0,24.75,25.125,0.375
gemma-2-2b,92,val,freq,de,en,single,"Das Gegenteil von ""single"" ist """,married,0,0,24.75,25.875,1.125
gemma-2-2b,92,freq,desc,de,en,single,"Das Gegenteil von ""single"" ist """,married,0,0,24.75,24.625,-0.125
gemma-2-2b,92,freq,val,de,en,single,"Das Gegenteil von ""single"" ist """,married,0,0,24.75,23.0,-1.75
gemma-2-2b,92,freq,freq,de,en,single,"Das Gegenteil von ""single"" ist """,married,0,0,24.75,24.75,0.0
gemma-2-2b,93,desc,desc,de,en,sour,"Das Gegenteil von ""sour"" ist """,sweet,0,0,24.625,25.125,0.5
gemma-2-2b,93,desc,val,de,en,sour,"Das Gegenteil von ""sour"" ist """,sweet,0,0,24.625,24.125,-0.5
gemma-2-2b,93,desc,freq,de,en,sour,"Das Gegenteil von ""sour"" ist """,sweet,0,0,24.625,26.5,1.875
gemma-2-2b,93,val,desc,de,en,sour,"Das Gegenteil von ""sour"" ist """,sweet,0,0,24.625,25.25,0.625
gemma-2-2b,93,val,val,de,en,sour,"Das Gegenteil von ""sour"" ist """,sweet,0,0,24.625,25.25,0.625
gemma-2-2b,93,val,freq,de,en,sour,"Das Gegenteil von ""sour"" ist """,sweet,0,0,24.625,26.25,1.625
gemma-2-2b,93,freq,desc,de,en,sour,"Das Gegenteil von ""sour"" ist """,sweet,0,0,24.625,24.625,0.0
gemma-2-2b,93,freq,val,de,en,sour,"Das Gegenteil von ""sour"" ist """,sweet,0,0,24.625,24.125,-0.5
gemma-2-2b,93,freq,freq,de,en,sour,"Das Gegenteil von ""sour"" ist """,sweet,0,0,24.625,24.875,0.25
gemma-2-2b,94,desc,desc,de,en,useful,"Das Gegenteil von ""useful"" ist """,useless,0,0,26.5,26.875,0.375
gemma-2-2b,94,desc,val,de,en,useful,"Das Gegenteil von ""useful"" ist """,useless,0,0,26.5,26.25,-0.25
gemma-2-2b,94,desc,freq,de,en,useful,"Das Gegenteil von ""useful"" ist """,useless,0,0,26.5,27.25,0.75
gemma-2-2b,94,val,desc,de,en,useful,"Das Gegenteil von ""useful"" ist """,useless,0,0,26.5,26.875,0.375
gemma-2-2b,94,val,val,de,en,useful,"Das Gegenteil von ""useful"" ist """,useless,0,0,26.5,26.875,0.375
gemma-2-2b,94,val,freq,de,en,useful,"Das Gegenteil von ""useful"" ist """,useless,0,0,26.5,27.125,0.625
gemma-2-2b,94,freq,desc,de,en,useful,"Das Gegenteil von ""useful"" ist """,useless,0,0,26.5,26.375,-0.125
gemma-2-2b,94,freq,val,de,en,useful,"Das Gegenteil von ""useful"" ist """,useless,0,0,26.5,26.125,-0.375
gemma-2-2b,94,freq,freq,de,en,useful,"Das Gegenteil von ""useful"" ist """,useless,0,0,26.5,26.5,0.0
gemma-2-2b,95,desc,desc,de,en,vertical,"Das Gegenteil von ""vertical"" ist """,horizontal,0,0,25.25,25.75,0.5
gemma-2-2b,95,desc,val,de,en,vertical,"Das Gegenteil von ""vertical"" ist """,horizontal,0,0,25.25,24.75,-0.5
gemma-2-2b,95,desc,freq,de,en,vertical,"Das Gegenteil von ""vertical"" ist """,horizontal,0,0,25.25,26.625,1.375
gemma-2-2b,95,val,desc,de,en,vertical,"Das Gegenteil von ""vertical"" ist """,horizontal,0,0,25.25,25.625,0.375
gemma-2-2b,95,val,val,de,en,vertical,"Das Gegenteil von ""vertical"" ist """,horizontal,0,0,25.25,25.75,0.5
gemma-2-2b,95,val,freq,de,en,vertical,"Das Gegenteil von ""vertical"" ist """,horizontal,0,0,25.25,26.25,1.0
gemma-2-2b,95,freq,desc,de,en,vertical,"Das Gegenteil von ""vertical"" ist """,horizontal,0,0,25.25,25.25,0.0
gemma-2-2b,95,freq,val,de,en,vertical,"Das Gegenteil von ""vertical"" ist """,horizontal,0,0,25.25,24.75,-0.5
gemma-2-2b,95,freq,freq,de,en,vertical,"Das Gegenteil von ""vertical"" ist """,horizontal,0,0,25.25,25.375,0.125
gemma-2-2b,96,desc,desc,de,en,well,"Das Gegenteil von ""well"" ist """,poorly,3,3,22.875,23.125,0.25
gemma-2-2b,96,desc,val,de,en,well,"Das Gegenteil von ""well"" ist """,poorly,3,4,22.875,22.0,-0.875
gemma-2-2b,96,desc,freq,de,en,well,"Das Gegenteil von ""well"" ist """,poorly,3,3,22.875,24.25,1.375
gemma-2-2b,96,val,desc,de,en,well,"Das Gegenteil von ""well"" ist """,poorly,3,3,22.875,24.125,1.25
gemma-2-2b,96,val,val,de,en,well,"Das Gegenteil von ""well"" ist """,poorly,3,3,22.875,24.125,1.25
gemma-2-2b,96,val,freq,de,en,well,"Das Gegenteil von ""well"" ist """,poorly,3,4,22.875,24.625,1.75
gemma-2-2b,96,freq,desc,de,en,well,"Das Gegenteil von ""well"" ist """,poorly,3,3,22.875,23.125,0.25
gemma-2-2b,96,freq,val,de,en,well,"Das Gegenteil von ""well"" ist """,poorly,3,4,22.875,22.625,-0.25
gemma-2-2b,96,freq,freq,de,en,well,"Das Gegenteil von ""well"" ist """,poorly,3,3,22.875,23.25,0.375
gemma-2-2b,97,desc,desc,de,en,winning,"Das Gegenteil von ""winning"" ist """,losing,0,0,25.125,25.25,0.125
gemma-2-2b,97,desc,val,de,en,winning,"Das Gegenteil von ""winning"" ist """,losing,0,0,25.125,24.75,-0.375
gemma-2-2b,97,desc,freq,de,en,winning,"Das Gegenteil von ""winning"" ist """,losing,0,0,25.125,26.5,1.375
gemma-2-2b,97,val,desc,de,en,winning,"Das Gegenteil von ""winning"" ist """,losing,0,0,25.125,25.625,0.5
gemma-2-2b,97,val,val,de,en,winning,"Das Gegenteil von ""winning"" ist """,losing,0,0,25.125,25.875,0.75
gemma-2-2b,97,val,freq,de,en,winning,"Das Gegenteil von ""winning"" ist """,losing,0,0,25.125,26.5,1.375
gemma-2-2b,97,freq,desc,de,en,winning,"Das Gegenteil von ""winning"" ist """,losing,0,0,25.125,24.875,-0.25
gemma-2-2b,97,freq,val,de,en,winning,"Das Gegenteil von ""winning"" ist """,losing,0,0,25.125,25.0,-0.125
gemma-2-2b,97,freq,freq,de,en,winning,"Das Gegenteil von ""winning"" ist """,losing,0,0,25.125,25.25,0.125
gemma-2-2b,98,desc,desc,de,en,unkind,"Das Gegenteil von ""unkind"" ist """,kind,51,56,17.125,17.5,0.375
gemma-2-2b,98,desc,val,de,en,unkind,"Das Gegenteil von ""unkind"" ist """,kind,51,45,17.125,14.9375,-2.1875
gemma-2-2b,98,desc,freq,de,en,unkind,"Das Gegenteil von ""unkind"" ist """,kind,51,101,17.125,17.875,0.75
gemma-2-2b,98,val,desc,de,en,unkind,"Das Gegenteil von ""unkind"" ist """,kind,51,22,17.125,18.0,0.875
gemma-2-2b,98,val,val,de,en,unkind,"Das Gegenteil von ""unkind"" ist """,kind,51,45,17.125,17.375,0.25
gemma-2-2b,98,val,freq,de,en,unkind,"Das Gegenteil von ""unkind"" ist """,kind,51,35,17.125,19.25,2.125
gemma-2-2b,98,freq,desc,de,en,unkind,"Das Gegenteil von ""unkind"" ist """,kind,51,25,17.125,17.875,0.75
gemma-2-2b,98,freq,val,de,en,unkind,"Das Gegenteil von ""unkind"" ist """,kind,51,14,17.125,16.75,-0.375
gemma-2-2b,98,freq,freq,de,en,unkind,"Das Gegenteil von ""unkind"" ist """,kind,51,54,17.125,17.0,-0.125
gemma-2-2b,99,desc,desc,de,en,cowardly,"Das Gegenteil von ""cowardly"" ist """,brave,0,0,23.875,24.125,0.25
gemma-2-2b,99,desc,val,de,en,cowardly,"Das Gegenteil von ""cowardly"" ist """,brave,0,0,23.875,23.25,-0.625
gemma-2-2b,99,desc,freq,de,en,cowardly,"Das Gegenteil von ""cowardly"" ist """,brave,0,0,23.875,25.625,1.75
gemma-2-2b,99,val,desc,de,en,cowardly,"Das Gegenteil von ""cowardly"" ist """,brave,0,0,23.875,23.875,0.0
gemma-2-2b,99,val,val,de,en,cowardly,"Das Gegenteil von ""cowardly"" ist """,brave,0,0,23.875,24.375,0.5
gemma-2-2b,99,val,freq,de,en,cowardly,"Das Gegenteil von ""cowardly"" ist """,brave,0,0,23.875,25.5,1.625
gemma-2-2b,99,freq,desc,de,en,cowardly,"Das Gegenteil von ""cowardly"" ist """,brave,0,0,23.875,23.375,-0.5
gemma-2-2b,99,freq,val,de,en,cowardly,"Das Gegenteil von ""cowardly"" ist """,brave,0,0,23.875,23.125,-0.75
gemma-2-2b,99,freq,freq,de,en,cowardly,"Das Gegenteil von ""cowardly"" ist """,brave,0,0,23.875,23.875,0.0
gemma-2-2b,0,desc,desc,de,es,bueno,"Das Gegenteil von ""bueno"" ist """,malo,1,1,22.875,22.125,-0.75
gemma-2-2b,0,desc,val,de,es,bueno,"Das Gegenteil von ""bueno"" ist """,malo,1,1,22.875,22.375,-0.5
gemma-2-2b,0,desc,freq,de,es,bueno,"Das Gegenteil von ""bueno"" ist """,malo,1,25,22.875,18.125,-4.75
gemma-2-2b,0,val,desc,de,es,bueno,"Das Gegenteil von ""bueno"" ist """,malo,1,1,22.875,22.25,-0.625
gemma-2-2b,0,val,val,de,es,bueno,"Das Gegenteil von ""bueno"" ist """,malo,1,1,22.875,22.375,-0.5
gemma-2-2b,0,val,freq,de,es,bueno,"Das Gegenteil von ""bueno"" ist """,malo,1,16,22.875,19.125,-3.75
gemma-2-2b,0,freq,desc,de,es,bueno,"Das Gegenteil von ""bueno"" ist """,malo,1,1,22.875,20.75,-2.125
gemma-2-2b,0,freq,val,de,es,bueno,"Das Gegenteil von ""bueno"" ist """,malo,1,1,22.875,21.25,-1.625
gemma-2-2b,0,freq,freq,de,es,bueno,"Das Gegenteil von ""bueno"" ist """,malo,1,1,22.875,20.75,-2.125
gemma-2-2b,1,desc,desc,de,es,feliz,"Das Gegenteil von ""feliz"" ist """,triste,1,0,21.0,21.875,0.875
gemma-2-2b,1,desc,val,de,es,feliz,"Das Gegenteil von ""feliz"" ist """,triste,1,0,21.0,21.875,0.875
gemma-2-2b,1,desc,freq,de,es,feliz,"Das Gegenteil von ""feliz"" ist """,triste,1,0,21.0,20.375,-0.625
gemma-2-2b,1,val,desc,de,es,feliz,"Das Gegenteil von ""feliz"" ist """,triste,1,1,21.0,22.25,1.25
gemma-2-2b,1,val,val,de,es,feliz,"Das Gegenteil von ""feliz"" ist """,triste,1,1,21.0,22.625,1.625
gemma-2-2b,1,val,freq,de,es,feliz,"Das Gegenteil von ""feliz"" ist """,triste,1,2,21.0,21.125,0.125
gemma-2-2b,1,freq,desc,de,es,feliz,"Das Gegenteil von ""feliz"" ist """,triste,1,6,21.0,20.375,-0.625
gemma-2-2b,1,freq,val,de,es,feliz,"Das Gegenteil von ""feliz"" ist """,triste,1,6,21.0,20.5,-0.5
gemma-2-2b,1,freq,freq,de,es,feliz,"Das Gegenteil von ""feliz"" ist """,triste,1,6,21.0,20.375,-0.625
gemma-2-2b,2,desc,desc,de,es,grande,"Das Gegenteil von ""grande"" ist """,pequeño,3,6,20.125,19.75,-0.375
gemma-2-2b,2,desc,val,de,es,grande,"Das Gegenteil von ""grande"" ist """,pequeño,3,3,20.125,21.0,0.875
gemma-2-2b,2,desc,freq,de,es,grande,"Das Gegenteil von ""grande"" ist """,pequeño,3,2,20.125,20.125,0.0
gemma-2-2b,2,val,desc,de,es,grande,"Das Gegenteil von ""grande"" ist """,pequeño,3,5,20.125,20.125,0.0
gemma-2-2b,2,val,val,de,es,grande,"Das Gegenteil von ""grande"" ist """,pequeño,3,9,20.125,19.75,-0.375
gemma-2-2b,2,val,freq,de,es,grande,"Das Gegenteil von ""grande"" ist """,pequeño,3,3,20.125,21.0,0.875
gemma-2-2b,2,freq,desc,de,es,grande,"Das Gegenteil von ""grande"" ist """,pequeño,3,7,20.125,19.25,-0.875
gemma-2-2b,2,freq,val,de,es,grande,"Das Gegenteil von ""grande"" ist """,pequeño,3,6,20.125,19.875,-0.25
gemma-2-2b,2,freq,freq,de,es,grande,"Das Gegenteil von ""grande"" ist """,pequeño,3,7,20.125,19.25,-0.875
gemma-2-2b,3,desc,desc,de,es,caliente,"Das Gegenteil von ""caliente"" ist """,frío,0,0,22.875,23.25,0.375
gemma-2-2b,3,desc,val,de,es,caliente,"Das Gegenteil von ""caliente"" ist """,frío,0,1,22.875,23.125,0.25
gemma-2-2b,3,desc,freq,de,es,caliente,"Das Gegenteil von ""caliente"" ist """,frío,0,1,22.875,22.5,-0.375
gemma-2-2b,3,val,desc,de,es,caliente,"Das Gegenteil von ""caliente"" ist """,frío,0,1,22.875,23.5,0.625
gemma-2-2b,3,val,val,de,es,caliente,"Das Gegenteil von ""caliente"" ist """,frío,0,1,22.875,23.5,0.625
gemma-2-2b,3,val,freq,de,es,caliente,"Das Gegenteil von ""caliente"" ist """,frío,0,2,22.875,23.5,0.625
gemma-2-2b,3,freq,desc,de,es,caliente,"Das Gegenteil von ""caliente"" ist """,frío,0,3,22.875,22.0,-0.875
gemma-2-2b,3,freq,val,de,es,caliente,"Das Gegenteil von ""caliente"" ist """,frío,0,3,22.875,22.25,-0.625
gemma-2-2b,3,freq,freq,de,es,caliente,"Das Gegenteil von ""caliente"" ist """,frío,0,3,22.875,22.0,-0.875
gemma-2-2b,4,desc,desc,de,es,rápido,"Das Gegenteil von ""rápido"" ist """,lento,1,2,22.0,22.125,0.125
gemma-2-2b,4,desc,val,de,es,rápido,"Das Gegenteil von ""rápido"" ist """,lento,1,2,22.0,22.875,0.875
gemma-2-2b,4,desc,freq,de,es,rápido,"Das Gegenteil von ""rápido"" ist """,lento,1,1,22.0,23.25,1.25
gemma-2-2b,4,val,desc,de,es,rápido,"Das Gegenteil von ""rápido"" ist """,lento,1,2,22.0,22.375,0.375
gemma-2-2b,4,val,val,de,es,rápido,"Das Gegenteil von ""rápido"" ist """,lento,1,2,22.0,22.5,0.5
gemma-2-2b,4,val,freq,de,es,rápido,"Das Gegenteil von ""rápido"" ist """,lento,1,2,22.0,23.5,1.5
gemma-2-2b,4,freq,desc,de,es,rápido,"Das Gegenteil von ""rápido"" ist """,lento,1,2,22.0,21.625,-0.375
gemma-2-2b,4,freq,val,de,es,rápido,"Das Gegenteil von ""rápido"" ist """,lento,1,2,22.0,22.125,0.125
gemma-2-2b,4,freq,freq,de,es,rápido,"Das Gegenteil von ""rápido"" ist """,lento,1,2,22.0,21.625,-0.375
gemma-2-2b,5,desc,desc,de,es,ligero,"Das Gegenteil von ""ligero"" ist """,pesado,0,0,23.0,23.0,0.0
gemma-2-2b,5,desc,val,de,es,ligero,"Das Gegenteil von ""ligero"" ist """,pesado,0,0,23.0,23.375,0.375
gemma-2-2b,5,desc,freq,de,es,ligero,"Das Gegenteil von ""ligero"" ist """,pesado,0,0,23.0,23.5,0.5
gemma-2-2b,5,val,desc,de,es,ligero,"Das Gegenteil von ""ligero"" ist """,pesado,0,0,23.0,23.625,0.625
gemma-2-2b,5,val,val,de,es,ligero,"Das Gegenteil von ""ligero"" ist """,pesado,0,0,23.0,23.75,0.75
gemma-2-2b,5,val,freq,de,es,ligero,"Das Gegenteil von ""ligero"" ist """,pesado,0,0,23.0,24.375,1.375
gemma-2-2b,5,freq,desc,de,es,ligero,"Das Gegenteil von ""ligero"" ist """,pesado,0,1,23.0,22.75,-0.25
gemma-2-2b,5,freq,val,de,es,ligero,"Das Gegenteil von ""ligero"" ist """,pesado,0,1,23.0,23.0,0.0
gemma-2-2b,5,freq,freq,de,es,ligero,"Das Gegenteil von ""ligero"" ist """,pesado,0,1,23.0,22.75,-0.25
gemma-2-2b,6,desc,desc,de,es,fácil,"Das Gegenteil von ""fácil"" ist """,difícil,0,0,23.375,23.5,0.125
gemma-2-2b,6,desc,val,de,es,fácil,"Das Gegenteil von ""fácil"" ist """,difícil,0,0,23.375,23.875,0.5
gemma-2-2b,6,desc,freq,de,es,fácil,"Das Gegenteil von ""fácil"" ist """,difícil,0,1,23.375,21.25,-2.125
gemma-2-2b,6,val,desc,de,es,fácil,"Das Gegenteil von ""fácil"" ist """,difícil,0,0,23.375,24.0,0.625
gemma-2-2b,6,val,val,de,es,fácil,"Das Gegenteil von ""fácil"" ist """,difícil,0,0,23.375,24.0,0.625
gemma-2-2b,6,val,freq,de,es,fácil,"Das Gegenteil von ""fácil"" ist """,difícil,0,3,23.375,21.75,-1.625
gemma-2-2b,6,freq,desc,de,es,fácil,"Das Gegenteil von ""fácil"" ist """,difícil,0,0,23.375,23.125,-0.25
gemma-2-2b,6,freq,val,de,es,fácil,"Das Gegenteil von ""fácil"" ist """,difícil,0,0,23.375,23.5,0.125
gemma-2-2b,6,freq,freq,de,es,fácil,"Das Gegenteil von ""fácil"" ist """,difícil,0,0,23.375,23.125,-0.25
gemma-2-2b,7,desc,desc,de,es,nuevo,"Das Gegenteil von ""nuevo"" ist """,viejo,1,2,20.5,20.0,-0.5
gemma-2-2b,7,desc,val,de,es,nuevo,"Das Gegenteil von ""nuevo"" ist """,viejo,1,1,20.5,21.125,0.625
gemma-2-2b,7,desc,freq,de,es,nuevo,"Das Gegenteil von ""nuevo"" ist """,viejo,1,2,20.5,20.375,-0.125
gemma-2-2b,7,val,desc,de,es,nuevo,"Das Gegenteil von ""nuevo"" ist """,viejo,1,2,20.5,20.75,0.25
gemma-2-2b,7,val,val,de,es,nuevo,"Das Gegenteil von ""nuevo"" ist """,viejo,1,2,20.5,20.875,0.375
gemma-2-2b,7,val,freq,de,es,nuevo,"Das Gegenteil von ""nuevo"" ist """,viejo,1,6,20.5,20.25,-0.25
gemma-2-2b,7,freq,desc,de,es,nuevo,"Das Gegenteil von ""nuevo"" ist """,viejo,1,2,20.5,19.75,-0.75
gemma-2-2b,7,freq,val,de,es,nuevo,"Das Gegenteil von ""nuevo"" ist """,viejo,1,2,20.5,20.25,-0.25
gemma-2-2b,7,freq,freq,de,es,nuevo,"Das Gegenteil von ""nuevo"" ist """,viejo,1,2,20.5,19.75,-0.75
gemma-2-2b,8,desc,desc,de,es,verdadero,"Das Gegenteil von ""verdadero"" ist """,falso,0,0,22.75,23.125,0.375
gemma-2-2b,8,desc,val,de,es,verdadero,"Das Gegenteil von ""verdadero"" ist """,falso,0,0,22.75,23.5,0.75
gemma-2-2b,8,desc,freq,de,es,verdadero,"Das Gegenteil von ""verdadero"" ist """,falso,0,1,22.75,21.375,-1.375
gemma-2-2b,8,val,desc,de,es,verdadero,"Das Gegenteil von ""verdadero"" ist """,falso,0,0,22.75,23.375,0.625
gemma-2-2b,8,val,val,de,es,verdadero,"Das Gegenteil von ""verdadero"" ist """,falso,0,0,22.75,23.375,0.625
gemma-2-2b,8,val,freq,de,es,verdadero,"Das Gegenteil von ""verdadero"" ist """,falso,0,1,22.75,21.875,-0.875
gemma-2-2b,8,freq,desc,de,es,verdadero,"Das Gegenteil von ""verdadero"" ist """,falso,0,1,22.75,22.0,-0.75
gemma-2-2b,8,freq,val,de,es,verdadero,"Das Gegenteil von ""verdadero"" ist """,falso,0,1,22.75,22.375,-0.375
gemma-2-2b,8,freq,freq,de,es,verdadero,"Das Gegenteil von ""verdadero"" ist """,falso,0,1,22.75,22.0,-0.75
gemma-2-2b,9,desc,desc,de,es,vivo,"Das Gegenteil von ""vivo"" ist """,muerto,32,21,17.75,18.0,0.25
gemma-2-2b,9,desc,val,de,es,vivo,"Das Gegenteil von ""vivo"" ist """,muerto,32,10,17.75,19.5,1.75
gemma-2-2b,9,desc,freq,de,es,vivo,"Das Gegenteil von ""vivo"" ist """,muerto,32,32,17.75,18.375,0.625
gemma-2-2b,9,val,desc,de,es,vivo,"Das Gegenteil von ""vivo"" ist """,muerto,32,19,17.75,18.75,1.0
gemma-2-2b,9,val,val,de,es,vivo,"Das Gegenteil von ""vivo"" ist """,muerto,32,28,17.75,18.625,0.875
gemma-2-2b,9,val,freq,de,es,vivo,"Das Gegenteil von ""vivo"" ist """,muerto,32,38,17.75,18.875,1.125
gemma-2-2b,9,freq,desc,de,es,vivo,"Das Gegenteil von ""vivo"" ist """,muerto,32,30,17.75,17.625,-0.125
gemma-2-2b,9,freq,val,de,es,vivo,"Das Gegenteil von ""vivo"" ist """,muerto,32,28,17.75,17.75,0.0
gemma-2-2b,9,freq,freq,de,es,vivo,"Das Gegenteil von ""vivo"" ist """,muerto,32,30,17.75,17.625,-0.125
gemma-2-2b,10,desc,desc,de,es,lleno,"Das Gegenteil von ""lleno"" ist """,vacío,1,12,21.875,21.125,-0.75
gemma-2-2b,10,desc,val,de,es,lleno,"Das Gegenteil von ""lleno"" ist """,vacío,1,13,21.875,21.5,-0.375
gemma-2-2b,10,desc,freq,de,es,lleno,"Das Gegenteil von ""lleno"" ist """,vacío,1,107,21.875,19.125,-2.75
gemma-2-2b,10,val,desc,de,es,lleno,"Das Gegenteil von ""lleno"" ist """,vacío,1,5,21.875,22.375,0.5
gemma-2-2b,10,val,val,de,es,lleno,"Das Gegenteil von ""lleno"" ist """,vacío,1,11,21.875,22.125,0.25
gemma-2-2b,10,val,freq,de,es,lleno,"Das Gegenteil von ""lleno"" ist """,vacío,1,94,21.875,20.125,-1.75
gemma-2-2b,10,freq,desc,de,es,lleno,"Das Gegenteil von ""lleno"" ist """,vacío,1,28,21.875,20.375,-1.5
gemma-2-2b,10,freq,val,de,es,lleno,"Das Gegenteil von ""lleno"" ist """,vacío,1,38,21.875,20.625,-1.25
gemma-2-2b,10,freq,freq,de,es,lleno,"Das Gegenteil von ""lleno"" ist """,vacío,1,28,21.875,20.375,-1.5
gemma-2-2b,11,desc,desc,de,es,brillante,"Das Gegenteil von ""brillante"" ist """,opaco,1102,1102,14.0625,14.0625,0.0
gemma-2-2b,11,desc,val,de,es,brillante,"Das Gegenteil von ""brillante"" ist """,opaco,1102,678,14.0625,15.25,1.1875
gemma-2-2b,11,desc,freq,de,es,brillante,"Das Gegenteil von ""brillante"" ist """,opaco,1102,770,14.0625,14.9375,0.875
gemma-2-2b,11,val,desc,de,es,brillante,"Das Gegenteil von ""brillante"" ist """,opaco,1102,1150,14.0625,14.875,0.8125
gemma-2-2b,11,val,val,de,es,brillante,"Das Gegenteil von ""brillante"" ist """,opaco,1102,1703,14.0625,13.75,-0.3125
gemma-2-2b,11,val,freq,de,es,brillante,"Das Gegenteil von ""brillante"" ist """,opaco,1102,521,14.0625,14.875,0.8125
gemma-2-2b,11,freq,desc,de,es,brillante,"Das Gegenteil von ""brillante"" ist """,opaco,1102,1103,14.0625,14.0625,0.0
gemma-2-2b,11,freq,val,de,es,brillante,"Das Gegenteil von ""brillante"" ist """,opaco,1102,1291,14.0625,13.9375,-0.125
gemma-2-2b,11,freq,freq,de,es,brillante,"Das Gegenteil von ""brillante"" ist """,opaco,1102,1103,14.0625,14.0625,0.0
gemma-2-2b,12,desc,desc,de,es,fuerte,"Das Gegenteil von ""fuerte"" ist """,débil,13,14,17.75,17.75,0.0
gemma-2-2b,12,desc,val,de,es,fuerte,"Das Gegenteil von ""fuerte"" ist """,débil,13,23,17.75,17.75,0.0
gemma-2-2b,12,desc,freq,de,es,fuerte,"Das Gegenteil von ""fuerte"" ist """,débil,13,74,17.75,16.625,-1.125
gemma-2-2b,12,val,desc,de,es,fuerte,"Das Gegenteil von ""fuerte"" ist """,débil,13,6,17.75,20.0,2.25
gemma-2-2b,12,val,val,de,es,fuerte,"Das Gegenteil von ""fuerte"" ist """,débil,13,16,17.75,18.625,0.875
gemma-2-2b,12,val,freq,de,es,fuerte,"Das Gegenteil von ""fuerte"" ist """,débil,13,17,17.75,19.375,1.625
gemma-2-2b,12,freq,desc,de,es,fuerte,"Das Gegenteil von ""fuerte"" ist """,débil,13,19,17.75,17.5,-0.25
gemma-2-2b,12,freq,val,de,es,fuerte,"Das Gegenteil von ""fuerte"" ist """,débil,13,20,17.75,17.625,-0.125
gemma-2-2b,12,freq,freq,de,es,fuerte,"Das Gegenteil von ""fuerte"" ist """,débil,13,19,17.75,17.5,-0.25
gemma-2-2b,13,desc,desc,de,es,limpio,"Das Gegenteil von ""limpio"" ist """,sucio,0,0,21.875,22.125,0.25
gemma-2-2b,13,desc,val,de,es,limpio,"Das Gegenteil von ""limpio"" ist """,sucio,0,0,21.875,23.5,1.625
gemma-2-2b,13,desc,freq,de,es,limpio,"Das Gegenteil von ""limpio"" ist """,sucio,0,0,21.875,22.625,0.75
gemma-2-2b,13,val,desc,de,es,limpio,"Das Gegenteil von ""limpio"" ist """,sucio,0,0,21.875,23.125,1.25
gemma-2-2b,13,val,val,de,es,limpio,"Das Gegenteil von ""limpio"" ist """,sucio,0,0,21.875,23.125,1.25
gemma-2-2b,13,val,freq,de,es,limpio,"Das Gegenteil von ""limpio"" ist """,sucio,0,0,21.875,23.125,1.25
gemma-2-2b,13,freq,desc,de,es,limpio,"Das Gegenteil von ""limpio"" ist """,sucio,0,2,21.875,21.375,-0.5
gemma-2-2b,13,freq,val,de,es,limpio,"Das Gegenteil von ""limpio"" ist """,sucio,0,3,21.875,21.625,-0.25
gemma-2-2b,13,freq,freq,de,es,limpio,"Das Gegenteil von ""limpio"" ist """,sucio,0,2,21.875,21.375,-0.5
gemma-2-2b,14,desc,desc,de,es,abierto,"Das Gegenteil von ""abierto"" ist """,cerrado,0,0,21.25,20.0,-1.25
gemma-2-2b,14,desc,val,de,es,abierto,"Das Gegenteil von ""abierto"" ist """,cerrado,0,0,21.25,20.75,-0.5
gemma-2-2b,14,desc,freq,de,es,abierto,"Das Gegenteil von ""abierto"" ist """,cerrado,0,5,21.25,17.875,-3.375
gemma-2-2b,14,val,desc,de,es,abierto,"Das Gegenteil von ""abierto"" ist """,cerrado,0,0,21.25,21.125,-0.125
gemma-2-2b,14,val,val,de,es,abierto,"Das Gegenteil von ""abierto"" ist """,cerrado,0,0,21.25,20.375,-0.875
gemma-2-2b,14,val,freq,de,es,abierto,"Das Gegenteil von ""abierto"" ist """,cerrado,0,1,21.25,19.375,-1.875
gemma-2-2b,14,freq,desc,de,es,abierto,"Das Gegenteil von ""abierto"" ist """,cerrado,0,1,21.25,17.75,-3.5
gemma-2-2b,14,freq,val,de,es,abierto,"Das Gegenteil von ""abierto"" ist """,cerrado,0,1,21.25,18.125,-3.125
gemma-2-2b,14,freq,freq,de,es,abierto,"Das Gegenteil von ""abierto"" ist """,cerrado,0,1,21.25,17.75,-3.5
gemma-2-2b,15,desc,desc,de,es,rico,"Das Gegenteil von ""rico"" ist """,pobre,0,0,22.25,22.5,0.25
gemma-2-2b,15,desc,val,de,es,rico,"Das Gegenteil von ""rico"" ist """,pobre,0,0,22.25,23.125,0.875
gemma-2-2b,15,desc,freq,de,es,rico,"Das Gegenteil von ""rico"" ist """,pobre,0,0,22.25,21.0,-1.25
gemma-2-2b,15,val,desc,de,es,rico,"Das Gegenteil von ""rico"" ist """,pobre,0,0,22.25,23.25,1.0
gemma-2-2b,15,val,val,de,es,rico,"Das Gegenteil von ""rico"" ist """,pobre,0,0,22.25,23.5,1.25
gemma-2-2b,15,val,freq,de,es,rico,"Das Gegenteil von ""rico"" ist """,pobre,0,3,22.25,21.625,-0.625
gemma-2-2b,15,freq,desc,de,es,rico,"Das Gegenteil von ""rico"" ist """,pobre,0,0,22.25,22.625,0.375
gemma-2-2b,15,freq,val,de,es,rico,"Das Gegenteil von ""rico"" ist """,pobre,0,0,22.25,23.125,0.875
gemma-2-2b,15,freq,freq,de,es,rico,"Das Gegenteil von ""rico"" ist """,pobre,0,0,22.25,22.625,0.375
gemma-2-2b,16,desc,desc,de,es,hermoso,"Das Gegenteil von ""hermoso"" ist """,feo,0,4,21.875,21.625,-0.25
gemma-2-2b,16,desc,val,de,es,hermoso,"Das Gegenteil von ""hermoso"" ist """,feo,0,5,21.875,21.5,-0.375
gemma-2-2b,16,desc,freq,de,es,hermoso,"Das Gegenteil von ""hermoso"" ist """,feo,0,388,21.875,15.6875,-6.1875
gemma-2-2b,16,val,desc,de,es,hermoso,"Das Gegenteil von ""hermoso"" ist """,feo,0,2,21.875,22.0,0.125
gemma-2-2b,16,val,val,de,es,hermoso,"Das Gegenteil von ""hermoso"" ist """,feo,0,3,21.875,22.0,0.125
gemma-2-2b,16,val,freq,de,es,hermoso,"Das Gegenteil von ""hermoso"" ist """,feo,0,325,21.875,16.75,-5.125
gemma-2-2b,16,freq,desc,de,es,hermoso,"Das Gegenteil von ""hermoso"" ist """,feo,0,13,21.875,20.25,-1.625
gemma-2-2b,16,freq,val,de,es,hermoso,"Das Gegenteil von ""hermoso"" ist """,feo,0,14,21.875,20.375,-1.5
gemma-2-2b,16,freq,freq,de,es,hermoso,"Das Gegenteil von ""hermoso"" ist """,feo,0,13,21.875,20.25,-1.625
gemma-2-2b,17,desc,desc,de,es,largo,"Das Gegenteil von ""largo"" ist """,corto,21,24,16.0,15.9375,-0.0625
gemma-2-2b,17,desc,val,de,es,largo,"Das Gegenteil von ""largo"" ist """,corto,21,11,16.0,17.5,1.5
gemma-2-2b,17,desc,freq,de,es,largo,"Das Gegenteil von ""largo"" ist """,corto,21,36,16.0,16.25,0.25
gemma-2-2b,17,val,desc,de,es,largo,"Das Gegenteil von ""largo"" ist """,corto,21,14,16.0,17.5,1.5
gemma-2-2b,17,val,val,de,es,largo,"Das Gegenteil von ""largo"" ist """,corto,21,14,16.0,17.25,1.25
gemma-2-2b,17,val,freq,de,es,largo,"Das Gegenteil von ""largo"" ist """,corto,21,56,16.0,16.5,0.5
gemma-2-2b,17,freq,desc,de,es,largo,"Das Gegenteil von ""largo"" ist """,corto,21,32,16.0,15.5625,-0.4375
gemma-2-2b,17,freq,val,de,es,largo,"Das Gegenteil von ""largo"" ist """,corto,21,24,16.0,16.25,0.25
gemma-2-2b,17,freq,freq,de,es,largo,"Das Gegenteil von ""largo"" ist """,corto,21,32,16.0,15.5625,-0.4375
gemma-2-2b,18,desc,desc,de,es,ancho,"Das Gegenteil von ""ancho"" ist """,estrecho,552,837,18.0,17.875,-0.125
gemma-2-2b,18,desc,val,de,es,ancho,"Das Gegenteil von ""ancho"" ist """,estrecho,552,420,18.0,18.875,0.875
gemma-2-2b,18,desc,freq,de,es,ancho,"Das Gegenteil von ""ancho"" ist """,estrecho,552,2393,18.0,15.125,-2.875
gemma-2-2b,18,val,desc,de,es,ancho,"Das Gegenteil von ""ancho"" ist """,estrecho,552,571,18.0,18.375,0.375
gemma-2-2b,18,val,val,de,es,ancho,"Das Gegenteil von ""ancho"" ist """,estrecho,552,873,18.0,18.125,0.125
gemma-2-2b,18,val,freq,de,es,ancho,"Das Gegenteil von ""ancho"" ist """,estrecho,552,2866,18.0,15.25,-2.75
gemma-2-2b,18,freq,desc,de,es,ancho,"Das Gegenteil von ""ancho"" ist """,estrecho,552,633,18.0,18.125,0.125
gemma-2-2b,18,freq,val,de,es,ancho,"Das Gegenteil von ""ancho"" ist """,estrecho,552,583,18.0,18.25,0.25
gemma-2-2b,18,freq,freq,de,es,ancho,"Das Gegenteil von ""ancho"" ist """,estrecho,552,633,18.0,18.125,0.125
gemma-2-2b,19,desc,desc,de,es,duro,"Das Gegenteil von ""duro"" ist """,suave,2,2,19.625,19.625,0.0
gemma-2-2b,19,desc,val,de,es,duro,"Das Gegenteil von ""duro"" ist """,suave,2,0,19.625,21.75,2.125
gemma-2-2b,19,desc,freq,de,es,duro,"Das Gegenteil von ""duro"" ist """,suave,2,2,19.625,20.875,1.25
gemma-2-2b,19,val,desc,de,es,duro,"Das Gegenteil von ""duro"" ist """,suave,2,1,19.625,20.875,1.25
gemma-2-2b,19,val,val,de,es,duro,"Das Gegenteil von ""duro"" ist """,suave,2,2,19.625,20.375,0.75
gemma-2-2b,19,val,freq,de,es,duro,"Das Gegenteil von ""duro"" ist """,suave,2,6,19.625,20.875,1.25
gemma-2-2b,19,freq,desc,de,es,duro,"Das Gegenteil von ""duro"" ist """,suave,2,5,19.625,19.625,0.0
gemma-2-2b,19,freq,val,de,es,duro,"Das Gegenteil von ""duro"" ist """,suave,2,6,19.625,19.625,0.0
gemma-2-2b,19,freq,freq,de,es,duro,"Das Gegenteil von ""duro"" ist """,suave,2,5,19.625,19.625,0.0
gemma-2-2b,20,desc,desc,de,es,seco,"Das Gegenteil von ""seco"" ist """,mojado,18,15,21.375,21.875,0.5
gemma-2-2b,20,desc,val,de,es,seco,"Das Gegenteil von ""seco"" ist """,mojado,18,18,21.375,21.5,0.125
gemma-2-2b,20,desc,freq,de,es,seco,"Das Gegenteil von ""seco"" ist """,mojado,18,6,21.375,22.625,1.25
gemma-2-2b,20,val,desc,de,es,seco,"Das Gegenteil von ""seco"" ist """,mojado,18,19,21.375,21.875,0.5
gemma-2-2b,20,val,val,de,es,seco,"Das Gegenteil von ""seco"" ist """,mojado,18,15,21.375,22.0,0.625
gemma-2-2b,20,val,freq,de,es,seco,"Das Gegenteil von ""seco"" ist """,mojado,18,7,21.375,23.5,2.125
gemma-2-2b,20,freq,desc,de,es,seco,"Das Gegenteil von ""seco"" ist """,mojado,18,14,21.375,21.875,0.5
gemma-2-2b,20,freq,val,de,es,seco,"Das Gegenteil von ""seco"" ist """,mojado,18,15,21.375,21.75,0.375
gemma-2-2b,20,freq,freq,de,es,seco,"Das Gegenteil von ""seco"" ist """,mojado,18,14,21.375,21.875,0.5
gemma-2-2b,21,desc,desc,de,es,ruidoso,"Das Gegenteil von ""ruidoso"" ist """,tranquilo,0,0,22.125,22.25,0.125
gemma-2-2b,21,desc,val,de,es,ruidoso,"Das Gegenteil von ""ruidoso"" ist """,tranquilo,0,0,22.125,22.75,0.625
gemma-2-2b,21,desc,freq,de,es,ruidoso,"Das Gegenteil von ""ruidoso"" ist """,tranquilo,0,0,22.125,22.625,0.5
gemma-2-2b,21,val,desc,de,es,ruidoso,"Das Gegenteil von ""ruidoso"" ist """,tranquilo,0,0,22.125,23.0,0.875
gemma-2-2b,21,val,val,de,es,ruidoso,"Das Gegenteil von ""ruidoso"" ist """,tranquilo,0,0,22.125,23.125,1.0
gemma-2-2b,21,val,freq,de,es,ruidoso,"Das Gegenteil von ""ruidoso"" ist """,tranquilo,0,0,22.125,23.125,1.0
gemma-2-2b,21,freq,desc,de,es,ruidoso,"Das Gegenteil von ""ruidoso"" ist """,tranquilo,0,0,22.125,22.0,-0.125
gemma-2-2b,21,freq,val,de,es,ruidoso,"Das Gegenteil von ""ruidoso"" ist """,tranquilo,0,0,22.125,22.375,0.25
gemma-2-2b,21,freq,freq,de,es,ruidoso,"Das Gegenteil von ""ruidoso"" ist """,tranquilo,0,0,22.125,22.0,-0.125
gemma-2-2b,22,desc,desc,de,es,temprano,"Das Gegenteil von ""temprano"" ist """,tarde,0,0,24.125,25.125,1.0
gemma-2-2b,22,desc,val,de,es,temprano,"Das Gegenteil von ""temprano"" ist """,tarde,0,0,24.125,25.25,1.125
gemma-2-2b,22,desc,freq,de,es,temprano,"Das Gegenteil von ""temprano"" ist """,tarde,0,0,24.125,24.125,0.0
gemma-2-2b,22,val,desc,de,es,temprano,"Das Gegenteil von ""temprano"" ist """,tarde,0,0,24.125,25.375,1.25
gemma-2-2b,22,val,val,de,es,temprano,"Das Gegenteil von ""temprano"" ist """,tarde,0,0,24.125,25.5,1.375
gemma-2-2b,22,val,freq,de,es,temprano,"Das Gegenteil von ""temprano"" ist """,tarde,0,1,24.125,24.375,0.25
gemma-2-2b,22,freq,desc,de,es,temprano,"Das Gegenteil von ""temprano"" ist """,tarde,0,0,24.125,24.125,0.0
gemma-2-2b,22,freq,val,de,es,temprano,"Das Gegenteil von ""temprano"" ist """,tarde,0,0,24.125,24.5,0.375
gemma-2-2b,22,freq,freq,de,es,temprano,"Das Gegenteil von ""temprano"" ist """,tarde,0,0,24.125,24.125,0.0
gemma-2-2b,23,desc,desc,de,es,cerca,"Das Gegenteil von ""cerca"" ist """,lejos,151,151,17.875,17.875,0.0
gemma-2-2b,23,desc,val,de,es,cerca,"Das Gegenteil von ""cerca"" ist """,lejos,151,134,17.875,18.25,0.375
gemma-2-2b,23,desc,freq,de,es,cerca,"Das Gegenteil von ""cerca"" ist """,lejos,151,67,17.875,18.5,0.625
gemma-2-2b,23,val,desc,de,es,cerca,"Das Gegenteil von ""cerca"" ist """,lejos,151,111,17.875,18.875,1.0
gemma-2-2b,23,val,val,de,es,cerca,"Das Gegenteil von ""cerca"" ist """,lejos,151,156,17.875,18.625,0.75
gemma-2-2b,23,val,freq,de,es,cerca,"Das Gegenteil von ""cerca"" ist """,lejos,151,42,17.875,19.875,2.0
gemma-2-2b,23,freq,desc,de,es,cerca,"Das Gegenteil von ""cerca"" ist """,lejos,151,113,17.875,18.125,0.25
gemma-2-2b,23,freq,val,de,es,cerca,"Das Gegenteil von ""cerca"" ist """,lejos,151,136,17.875,18.25,0.375
gemma-2-2b,23,freq,freq,de,es,cerca,"Das Gegenteil von ""cerca"" ist """,lejos,151,113,17.875,18.125,0.25
gemma-2-2b,24,desc,desc,de,es,profundo,"Das Gegenteil von ""profundo"" ist """,superficial,1,1,20.875,21.0,0.125
gemma-2-2b,24,desc,val,de,es,profundo,"Das Gegenteil von ""profundo"" ist """,superficial,1,0,20.875,22.0,1.125
gemma-2-2b,24,desc,freq,de,es,profundo,"Das Gegenteil von ""profundo"" ist """,superficial,1,2,20.875,21.5,0.625
gemma-2-2b,24,val,desc,de,es,profundo,"Das Gegenteil von ""profundo"" ist """,superficial,1,1,20.875,23.375,2.5
gemma-2-2b,24,val,val,de,es,profundo,"Das Gegenteil von ""profundo"" ist """,superficial,1,2,20.875,21.625,0.75
gemma-2-2b,24,val,freq,de,es,profundo,"Das Gegenteil von ""profundo"" ist """,superficial,1,2,20.875,22.375,1.5
gemma-2-2b,24,freq,desc,de,es,profundo,"Das Gegenteil von ""profundo"" ist """,superficial,1,2,20.875,20.75,-0.125
gemma-2-2b,24,freq,val,de,es,profundo,"Das Gegenteil von ""profundo"" ist """,superficial,1,2,20.875,20.875,0.0
gemma-2-2b,24,freq,freq,de,es,profundo,"Das Gegenteil von ""profundo"" ist """,superficial,1,2,20.875,20.75,-0.125
gemma-2-2b,25,desc,desc,de,es,malo,"Das Gegenteil von ""malo"" ist """,bueno,0,1,21.75,20.75,-1.0
gemma-2-2b,25,desc,val,de,es,malo,"Das Gegenteil von ""malo"" ist """,bueno,0,0,21.75,21.625,-0.125
gemma-2-2b,25,desc,freq,de,es,malo,"Das Gegenteil von ""malo"" ist """,bueno,0,14,21.75,18.75,-3.0
gemma-2-2b,25,val,desc,de,es,malo,"Das Gegenteil von ""malo"" ist """,bueno,0,0,21.75,22.0,0.25
gemma-2-2b,25,val,val,de,es,malo,"Das Gegenteil von ""malo"" ist """,bueno,0,0,21.75,21.875,0.125
gemma-2-2b,25,val,freq,de,es,malo,"Das Gegenteil von ""malo"" ist """,bueno,0,6,21.75,20.25,-1.5
gemma-2-2b,25,freq,desc,de,es,malo,"Das Gegenteil von ""malo"" ist """,bueno,0,0,21.75,21.0,-0.75
gemma-2-2b,25,freq,val,de,es,malo,"Das Gegenteil von ""malo"" ist """,bueno,0,0,21.75,21.25,-0.5
gemma-2-2b,25,freq,freq,de,es,malo,"Das Gegenteil von ""malo"" ist """,bueno,0,0,21.75,21.0,-0.75
gemma-2-2b,26,desc,desc,de,es,triste,"Das Gegenteil von ""triste"" ist """,feliz,142,142,14.25,14.25,0.0
gemma-2-2b,26,desc,val,de,es,triste,"Das Gegenteil von ""triste"" ist """,feliz,142,24,14.25,17.125,2.875
gemma-2-2b,26,desc,freq,de,es,triste,"Das Gegenteil von ""triste"" ist """,feliz,142,31,14.25,17.375,3.125
gemma-2-2b,26,val,desc,de,es,triste,"Das Gegenteil von ""triste"" ist """,feliz,142,95,14.25,15.5625,1.3125
gemma-2-2b,26,val,val,de,es,triste,"Das Gegenteil von ""triste"" ist """,feliz,142,144,14.25,15.0,0.75
gemma-2-2b,26,val,freq,de,es,triste,"Das Gegenteil von ""triste"" ist """,feliz,142,31,14.25,18.0,3.75
gemma-2-2b,26,freq,desc,de,es,triste,"Das Gegenteil von ""triste"" ist """,feliz,142,145,14.25,14.25,0.0
gemma-2-2b,26,freq,val,de,es,triste,"Das Gegenteil von ""triste"" ist """,feliz,142,90,14.25,15.25,1.0
gemma-2-2b,26,freq,freq,de,es,triste,"Das Gegenteil von ""triste"" ist """,feliz,142,145,14.25,14.25,0.0
gemma-2-2b,27,desc,desc,de,es,pequeño,"Das Gegenteil von ""pequeño"" ist """,grande,0,0,24.0,24.375,0.375
gemma-2-2b,27,desc,val,de,es,pequeño,"Das Gegenteil von ""pequeño"" ist """,grande,0,0,24.0,24.75,0.75
gemma-2-2b,27,desc,freq,de,es,pequeño,"Das Gegenteil von ""pequeño"" ist """,grande,0,0,24.0,22.75,-1.25
gemma-2-2b,27,val,desc,de,es,pequeño,"Das Gegenteil von ""pequeño"" ist """,grande,0,0,24.0,24.75,0.75
gemma-2-2b,27,val,val,de,es,pequeño,"Das Gegenteil von ""pequeño"" ist """,grande,0,0,24.0,24.5,0.5
gemma-2-2b,27,val,freq,de,es,pequeño,"Das Gegenteil von ""pequeño"" ist """,grande,0,0,24.0,23.125,-0.875
gemma-2-2b,27,freq,desc,de,es,pequeño,"Das Gegenteil von ""pequeño"" ist """,grande,0,0,24.0,24.0,0.0
gemma-2-2b,27,freq,val,de,es,pequeño,"Das Gegenteil von ""pequeño"" ist """,grande,0,0,24.0,24.125,0.125
gemma-2-2b,27,freq,freq,de,es,pequeño,"Das Gegenteil von ""pequeño"" ist """,grande,0,0,24.0,24.0,0.0
gemma-2-2b,28,desc,desc,de,es,frío,"Das Gegenteil von ""frío"" ist """,caliente,0,0,22.125,22.5,0.375
gemma-2-2b,28,desc,val,de,es,frío,"Das Gegenteil von ""frío"" ist """,caliente,0,0,22.125,23.0,0.875
gemma-2-2b,28,desc,freq,de,es,frío,"Das Gegenteil von ""frío"" ist """,caliente,0,0,22.125,22.375,0.25
gemma-2-2b,28,val,desc,de,es,frío,"Das Gegenteil von ""frío"" ist """,caliente,0,0,22.125,23.125,1.0
gemma-2-2b,28,val,val,de,es,frío,"Das Gegenteil von ""frío"" ist """,caliente,0,0,22.125,23.125,1.0
gemma-2-2b,28,val,freq,de,es,frío,"Das Gegenteil von ""frío"" ist """,caliente,0,0,22.125,23.125,1.0
gemma-2-2b,28,freq,desc,de,es,frío,"Das Gegenteil von ""frío"" ist """,caliente,0,0,22.125,22.125,0.0
gemma-2-2b,28,freq,val,de,es,frío,"Das Gegenteil von ""frío"" ist """,caliente,0,0,22.125,22.5,0.375
gemma-2-2b,28,freq,freq,de,es,frío,"Das Gegenteil von ""frío"" ist """,caliente,0,0,22.125,22.125,0.0
gemma-2-2b,29,desc,desc,de,es,lento,"Das Gegenteil von ""lento"" ist """,veloz,8,9,18.875,18.875,0.0
gemma-2-2b,29,desc,val,de,es,lento,"Das Gegenteil von ""lento"" ist """,veloz,8,5,18.875,19.375,0.5
gemma-2-2b,29,desc,freq,de,es,lento,"Das Gegenteil von ""lento"" ist """,veloz,8,0,18.875,17.875,-1.0
gemma-2-2b,29,val,desc,de,es,lento,"Das Gegenteil von ""lento"" ist """,veloz,8,9,18.875,18.75,-0.125
gemma-2-2b,29,val,val,de,es,lento,"Das Gegenteil von ""lento"" ist """,veloz,8,16,18.875,18.875,0.0
gemma-2-2b,29,val,freq,de,es,lento,"Das Gegenteil von ""lento"" ist """,veloz,8,0,18.875,18.125,-0.75
gemma-2-2b,29,freq,desc,de,es,lento,"Das Gegenteil von ""lento"" ist """,veloz,8,6,18.875,18.875,0.0
gemma-2-2b,29,freq,val,de,es,lento,"Das Gegenteil von ""lento"" ist """,veloz,8,8,18.875,19.0,0.125
gemma-2-2b,29,freq,freq,de,es,lento,"Das Gegenteil von ""lento"" ist """,veloz,8,6,18.875,18.875,0.0
gemma-2-2b,30,desc,desc,de,es,pesado,"Das Gegenteil von ""pesado"" ist """,ligero,1,3,19.375,19.375,0.0
gemma-2-2b,30,desc,val,de,es,pesado,"Das Gegenteil von ""pesado"" ist """,ligero,1,7,19.375,19.125,-0.25
gemma-2-2b,30,desc,freq,de,es,pesado,"Das Gegenteil von ""pesado"" ist """,ligero,1,1,19.375,20.25,0.875
gemma-2-2b,30,val,desc,de,es,pesado,"Das Gegenteil von ""pesado"" ist """,ligero,1,8,19.375,18.875,-0.5
gemma-2-2b,30,val,val,de,es,pesado,"Das Gegenteil von ""pesado"" ist """,ligero,1,10,19.375,19.0,-0.375
gemma-2-2b,30,val,freq,de,es,pesado,"Das Gegenteil von ""pesado"" ist """,ligero,1,2,19.375,20.875,1.5
gemma-2-2b,30,freq,desc,de,es,pesado,"Das Gegenteil von ""pesado"" ist """,ligero,1,6,19.375,18.875,-0.5
gemma-2-2b,30,freq,val,de,es,pesado,"Das Gegenteil von ""pesado"" ist """,ligero,1,6,19.375,18.875,-0.5
gemma-2-2b,30,freq,freq,de,es,pesado,"Das Gegenteil von ""pesado"" ist """,ligero,1,6,19.375,18.875,-0.5
gemma-2-2b,31,desc,desc,de,es,difícil,"Das Gegenteil von ""difícil"" ist """,fácil,0,0,23.875,23.875,0.0
gemma-2-2b,31,desc,val,de,es,difícil,"Das Gegenteil von ""difícil"" ist """,fácil,0,0,23.875,24.125,0.25
gemma-2-2b,31,desc,freq,de,es,difícil,"Das Gegenteil von ""difícil"" ist """,fácil,0,3,23.875,21.25,-2.625
gemma-2-2b,31,val,desc,de,es,difícil,"Das Gegenteil von ""difícil"" ist """,fácil,0,0,23.875,23.875,0.0
gemma-2-2b,31,val,val,de,es,difícil,"Das Gegenteil von ""difícil"" ist """,fácil,0,0,23.875,24.0,0.125
gemma-2-2b,31,val,freq,de,es,difícil,"Das Gegenteil von ""difícil"" ist """,fácil,0,2,23.875,21.875,-2.0
gemma-2-2b,31,freq,desc,de,es,difícil,"Das Gegenteil von ""difícil"" ist """,fácil,0,0,23.875,23.25,-0.625
gemma-2-2b,31,freq,val,de,es,difícil,"Das Gegenteil von ""difícil"" ist """,fácil,0,0,23.875,23.5,-0.375
gemma-2-2b,31,freq,freq,de,es,difícil,"Das Gegenteil von ""difícil"" ist """,fácil,0,0,23.875,23.25,-0.625
gemma-2-2b,32,desc,desc,de,es,viejo,"Das Gegenteil von ""viejo"" ist """,nuevo,0,0,21.75,21.0,-0.75
gemma-2-2b,32,desc,val,de,es,viejo,"Das Gegenteil von ""viejo"" ist """,nuevo,0,0,21.75,21.75,0.0
gemma-2-2b,32,desc,freq,de,es,viejo,"Das Gegenteil von ""viejo"" ist """,nuevo,0,5,21.75,18.25,-3.5
gemma-2-2b,32,val,desc,de,es,viejo,"Das Gegenteil von ""viejo"" ist """,nuevo,0,0,21.75,21.25,-0.5
gemma-2-2b,32,val,val,de,es,viejo,"Das Gegenteil von ""viejo"" ist """,nuevo,0,1,21.75,21.25,-0.5
gemma-2-2b,32,val,freq,de,es,viejo,"Das Gegenteil von ""viejo"" ist """,nuevo,0,7,21.75,19.375,-2.375
gemma-2-2b,32,freq,desc,de,es,viejo,"Das Gegenteil von ""viejo"" ist """,nuevo,0,0,21.75,20.75,-1.0
gemma-2-2b,32,freq,val,de,es,viejo,"Das Gegenteil von ""viejo"" ist """,nuevo,0,0,21.75,21.625,-0.125
gemma-2-2b,32,freq,freq,de,es,viejo,"Das Gegenteil von ""viejo"" ist """,nuevo,0,0,21.75,20.75,-1.0
gemma-2-2b,33,desc,desc,de,es,falso,"Das Gegenteil von ""falso"" ist """,verdadero,2,3,19.75,18.375,-1.375
gemma-2-2b,33,desc,val,de,es,falso,"Das Gegenteil von ""falso"" ist """,verdadero,2,3,19.75,19.75,0.0
gemma-2-2b,33,desc,freq,de,es,falso,"Das Gegenteil von ""falso"" ist """,verdadero,2,11,19.75,18.5,-1.25
gemma-2-2b,33,val,desc,de,es,falso,"Das Gegenteil von ""falso"" ist """,verdadero,2,5,19.75,19.0,-0.75
gemma-2-2b,33,val,val,de,es,falso,"Das Gegenteil von ""falso"" ist """,verdadero,2,13,19.75,17.75,-2.0
gemma-2-2b,33,val,freq,de,es,falso,"Das Gegenteil von ""falso"" ist """,verdadero,2,10,19.75,18.875,-0.875
gemma-2-2b,33,freq,desc,de,es,falso,"Das Gegenteil von ""falso"" ist """,verdadero,2,5,19.75,17.625,-2.125
gemma-2-2b,33,freq,val,de,es,falso,"Das Gegenteil von ""falso"" ist """,verdadero,2,5,19.75,18.25,-1.5
gemma-2-2b,33,freq,freq,de,es,falso,"Das Gegenteil von ""falso"" ist """,verdadero,2,5,19.75,17.625,-2.125
gemma-2-2b,34,desc,desc,de,es,muerto,"Das Gegenteil von ""muerto"" ist """,vivo,0,0,23.375,23.5,0.125
gemma-2-2b,34,desc,val,de,es,muerto,"Das Gegenteil von ""muerto"" ist """,vivo,0,0,23.375,23.75,0.375
gemma-2-2b,34,desc,freq,de,es,muerto,"Das Gegenteil von ""muerto"" ist """,vivo,0,0,23.375,22.25,-1.125
gemma-2-2b,34,val,desc,de,es,muerto,"Das Gegenteil von ""muerto"" ist """,vivo,0,0,23.375,24.0,0.625
gemma-2-2b,34,val,val,de,es,muerto,"Das Gegenteil von ""muerto"" ist """,vivo,0,0,23.375,24.125,0.75
gemma-2-2b,34,val,freq,de,es,muerto,"Das Gegenteil von ""muerto"" ist """,vivo,0,0,23.375,23.0,-0.375
gemma-2-2b,34,freq,desc,de,es,muerto,"Das Gegenteil von ""muerto"" ist """,vivo,0,0,23.375,22.0,-1.375
gemma-2-2b,34,freq,val,de,es,muerto,"Das Gegenteil von ""muerto"" ist """,vivo,0,0,23.375,22.375,-1.0
gemma-2-2b,34,freq,freq,de,es,muerto,"Das Gegenteil von ""muerto"" ist """,vivo,0,0,23.375,22.0,-1.375
gemma-2-2b,35,desc,desc,de,es,vacío,"Das Gegenteil von ""vacío"" ist """,lleno,0,4,21.0,19.875,-1.125
gemma-2-2b,35,desc,val,de,es,vacío,"Das Gegenteil von ""vacío"" ist """,lleno,0,5,21.0,20.375,-0.625
gemma-2-2b,35,desc,freq,de,es,vacío,"Das Gegenteil von ""vacío"" ist """,lleno,0,13,21.0,19.75,-1.25
gemma-2-2b,35,val,desc,de,es,vacío,"Das Gegenteil von ""vacío"" ist """,lleno,0,5,21.0,20.25,-0.75
gemma-2-2b,35,val,val,de,es,vacío,"Das Gegenteil von ""vacío"" ist """,lleno,0,15,21.0,19.875,-1.125
gemma-2-2b,35,val,freq,de,es,vacío,"Das Gegenteil von ""vacío"" ist """,lleno,0,13,21.0,20.25,-0.75
gemma-2-2b,35,freq,desc,de,es,vacío,"Das Gegenteil von ""vacío"" ist """,lleno,0,12,21.0,19.25,-1.75
gemma-2-2b,35,freq,val,de,es,vacío,"Das Gegenteil von ""vacío"" ist """,lleno,0,9,21.0,19.875,-1.125
gemma-2-2b,35,freq,freq,de,es,vacío,"Das Gegenteil von ""vacío"" ist """,lleno,0,12,21.0,19.25,-1.75
gemma-2-2b,36,desc,desc,de,es,oscuro,"Das Gegenteil von ""oscuro"" ist """,claro,0,0,23.125,22.75,-0.375
gemma-2-2b,36,desc,val,de,es,oscuro,"Das Gegenteil von ""oscuro"" ist """,claro,0,0,23.125,23.5,0.375
gemma-2-2b,36,desc,freq,de,es,oscuro,"Das Gegenteil von ""oscuro"" ist """,claro,0,4,23.125,20.875,-2.25
gemma-2-2b,36,val,desc,de,es,oscuro,"Das Gegenteil von ""oscuro"" ist """,claro,0,0,23.125,23.5,0.375
gemma-2-2b,36,val,val,de,es,oscuro,"Das Gegenteil von ""oscuro"" ist """,claro,0,0,23.125,23.125,0.0
gemma-2-2b,36,val,freq,de,es,oscuro,"Das Gegenteil von ""oscuro"" ist """,claro,0,4,23.125,21.75,-1.375
gemma-2-2b,36,freq,desc,de,es,oscuro,"Das Gegenteil von ""oscuro"" ist """,claro,0,0,23.125,22.375,-0.75
gemma-2-2b,36,freq,val,de,es,oscuro,"Das Gegenteil von ""oscuro"" ist """,claro,0,0,23.125,22.875,-0.25
gemma-2-2b,36,freq,freq,de,es,oscuro,"Das Gegenteil von ""oscuro"" ist """,claro,0,0,23.125,22.375,-0.75
gemma-2-2b,37,desc,desc,de,es,débil,"Das Gegenteil von ""débil"" ist """,fuerte,52,81,17.875,17.5,-0.375
gemma-2-2b,37,desc,val,de,es,débil,"Das Gegenteil von ""débil"" ist """,fuerte,52,31,17.875,19.125,1.25
gemma-2-2b,37,desc,freq,de,es,débil,"Das Gegenteil von ""débil"" ist """,fuerte,52,83,17.875,17.625,-0.25
gemma-2-2b,37,val,desc,de,es,débil,"Das Gegenteil von ""débil"" ist """,fuerte,52,69,17.875,18.125,0.25
gemma-2-2b,37,val,val,de,es,débil,"Das Gegenteil von ""débil"" ist """,fuerte,52,142,17.875,17.25,-0.625
gemma-2-2b,37,val,freq,de,es,débil,"Das Gegenteil von ""débil"" ist """,fuerte,52,120,17.875,17.75,-0.125
gemma-2-2b,37,freq,desc,de,es,débil,"Das Gegenteil von ""débil"" ist """,fuerte,52,161,17.875,16.625,-1.25
gemma-2-2b,37,freq,val,de,es,débil,"Das Gegenteil von ""débil"" ist """,fuerte,52,154,17.875,16.875,-1.0
gemma-2-2b,37,freq,freq,de,es,débil,"Das Gegenteil von ""débil"" ist """,fuerte,52,161,17.875,16.625,-1.25
gemma-2-2b,38,desc,desc,de,es,sucio,"Das Gegenteil von ""sucio"" ist """,limpio,0,0,21.25,20.125,-1.125
gemma-2-2b,38,desc,val,de,es,sucio,"Das Gegenteil von ""sucio"" ist """,limpio,0,1,21.25,19.875,-1.375
gemma-2-2b,38,desc,freq,de,es,sucio,"Das Gegenteil von ""sucio"" ist """,limpio,0,1,21.25,18.875,-2.375
gemma-2-2b,38,val,desc,de,es,sucio,"Das Gegenteil von ""sucio"" ist """,limpio,0,0,21.25,21.125,-0.125
gemma-2-2b,38,val,val,de,es,sucio,"Das Gegenteil von ""sucio"" ist """,limpio,0,0,21.25,20.25,-1.0
gemma-2-2b,38,val,freq,de,es,sucio,"Das Gegenteil von ""sucio"" ist """,limpio,0,0,21.25,20.375,-0.875
gemma-2-2b,38,freq,desc,de,es,sucio,"Das Gegenteil von ""sucio"" ist """,limpio,0,1,21.25,19.125,-2.125
gemma-2-2b,38,freq,val,de,es,sucio,"Das Gegenteil von ""sucio"" ist """,limpio,0,1,21.25,19.5,-1.75
gemma-2-2b,38,freq,freq,de,es,sucio,"Das Gegenteil von ""sucio"" ist """,limpio,0,1,21.25,19.125,-2.125
gemma-2-2b,39,desc,desc,de,es,cerrado,"Das Gegenteil von ""cerrado"" ist """,abierto,0,0,22.25,22.25,0.0
gemma-2-2b,39,desc,val,de,es,cerrado,"Das Gegenteil von ""cerrado"" ist """,abierto,0,0,22.25,22.625,0.375
gemma-2-2b,39,desc,freq,de,es,cerrado,"Das Gegenteil von ""cerrado"" ist """,abierto,0,0,22.25,22.375,0.125
gemma-2-2b,39,val,desc,de,es,cerrado,"Das Gegenteil von ""cerrado"" ist """,abierto,0,0,22.25,22.625,0.375
gemma-2-2b,39,val,val,de,es,cerrado,"Das Gegenteil von ""cerrado"" ist """,abierto,0,0,22.25,22.75,0.5
gemma-2-2b,39,val,freq,de,es,cerrado,"Das Gegenteil von ""cerrado"" ist """,abierto,0,0,22.25,22.75,0.5
gemma-2-2b,39,freq,desc,de,es,cerrado,"Das Gegenteil von ""cerrado"" ist """,abierto,0,0,22.25,21.75,-0.5
gemma-2-2b,39,freq,val,de,es,cerrado,"Das Gegenteil von ""cerrado"" ist """,abierto,0,0,22.25,21.875,-0.375
gemma-2-2b,39,freq,freq,de,es,cerrado,"Das Gegenteil von ""cerrado"" ist """,abierto,0,0,22.25,21.75,-0.5
gemma-2-2b,40,desc,desc,de,es,pobre,"Das Gegenteil von ""pobre"" ist """,rico,0,1,21.25,20.375,-0.875
gemma-2-2b,40,desc,val,de,es,pobre,"Das Gegenteil von ""pobre"" ist """,rico,0,2,21.25,20.25,-1.0
gemma-2-2b,40,desc,freq,de,es,pobre,"Das Gegenteil von ""pobre"" ist """,rico,0,2,21.25,20.0,-1.25
gemma-2-2b,40,val,desc,de,es,pobre,"Das Gegenteil von ""pobre"" ist """,rico,0,2,21.25,20.125,-1.125
gemma-2-2b,40,val,val,de,es,pobre,"Das Gegenteil von ""pobre"" ist """,rico,0,5,21.25,19.75,-1.5
gemma-2-2b,40,val,freq,de,es,pobre,"Das Gegenteil von ""pobre"" ist """,rico,0,4,21.25,20.625,-0.625
gemma-2-2b,40,freq,desc,de,es,pobre,"Das Gegenteil von ""pobre"" ist """,rico,0,3,21.25,19.0,-2.25
gemma-2-2b,40,freq,val,de,es,pobre,"Das Gegenteil von ""pobre"" ist """,rico,0,5,21.25,19.125,-2.125
gemma-2-2b,40,freq,freq,de,es,pobre,"Das Gegenteil von ""pobre"" ist """,rico,0,3,21.25,19.0,-2.25
gemma-2-2b,41,desc,desc,de,es,feo,"Das Gegenteil von ""feo"" ist """,bonito,1,2,21.625,21.875,0.25
gemma-2-2b,41,desc,val,de,es,feo,"Das Gegenteil von ""feo"" ist """,bonito,1,0,21.625,22.5,0.875
gemma-2-2b,41,desc,freq,de,es,feo,"Das Gegenteil von ""feo"" ist """,bonito,1,0,21.625,21.375,-0.25
gemma-2-2b,41,val,desc,de,es,feo,"Das Gegenteil von ""feo"" ist """,bonito,1,1,21.625,22.25,0.625
gemma-2-2b,41,val,val,de,es,feo,"Das Gegenteil von ""feo"" ist """,bonito,1,3,21.625,22.125,0.5
gemma-2-2b,41,val,freq,de,es,feo,"Das Gegenteil von ""feo"" ist """,bonito,1,2,21.625,21.875,0.25
gemma-2-2b,41,freq,desc,de,es,feo,"Das Gegenteil von ""feo"" ist """,bonito,1,2,21.625,21.375,-0.25
gemma-2-2b,41,freq,val,de,es,feo,"Das Gegenteil von ""feo"" ist """,bonito,1,2,21.625,21.375,-0.25
gemma-2-2b,41,freq,freq,de,es,feo,"Das Gegenteil von ""feo"" ist """,bonito,1,2,21.625,21.375,-0.25
gemma-2-2b,42,desc,desc,de,es,corto,"Das Gegenteil von ""corto"" ist """,largo,0,0,23.5,23.0,-0.5
gemma-2-2b,42,desc,val,de,es,corto,"Das Gegenteil von ""corto"" ist """,largo,0,0,23.5,23.25,-0.25
gemma-2-2b,42,desc,freq,de,es,corto,"Das Gegenteil von ""corto"" ist """,largo,0,3,23.5,20.25,-3.25
gemma-2-2b,42,val,desc,de,es,corto,"Das Gegenteil von ""corto"" ist """,largo,0,0,23.5,23.375,-0.125
gemma-2-2b,42,val,val,de,es,corto,"Das Gegenteil von ""corto"" ist """,largo,0,1,23.5,23.25,-0.25
gemma-2-2b,42,val,freq,de,es,corto,"Das Gegenteil von ""corto"" ist """,largo,0,4,23.5,21.5,-2.0
gemma-2-2b,42,freq,desc,de,es,corto,"Das Gegenteil von ""corto"" ist """,largo,0,1,23.5,22.0,-1.5
gemma-2-2b,42,freq,val,de,es,corto,"Das Gegenteil von ""corto"" ist """,largo,0,1,23.5,22.625,-0.875
gemma-2-2b,42,freq,freq,de,es,corto,"Das Gegenteil von ""corto"" ist """,largo,0,1,23.5,22.0,-1.5
gemma-2-2b,43,desc,desc,de,es,estrecho,"Das Gegenteil von ""estrecho"" ist """,ancho,27,171,17.125,15.5,-1.625
gemma-2-2b,43,desc,val,de,es,estrecho,"Das Gegenteil von ""estrecho"" ist """,ancho,27,149,17.125,16.125,-1.0
gemma-2-2b,43,desc,freq,de,es,estrecho,"Das Gegenteil von ""estrecho"" ist """,ancho,27,476,17.125,13.625,-3.5
gemma-2-2b,43,val,desc,de,es,estrecho,"Das Gegenteil von ""estrecho"" ist """,ancho,27,111,17.125,16.5,-0.625
gemma-2-2b,43,val,val,de,es,estrecho,"Das Gegenteil von ""estrecho"" ist """,ancho,27,140,17.125,16.75,-0.375
gemma-2-2b,43,val,freq,de,es,estrecho,"Das Gegenteil von ""estrecho"" ist """,ancho,27,502,17.125,14.125,-3.0
gemma-2-2b,43,freq,desc,de,es,estrecho,"Das Gegenteil von ""estrecho"" ist """,ancho,27,370,17.125,14.5625,-2.5625
gemma-2-2b,43,freq,val,de,es,estrecho,"Das Gegenteil von ""estrecho"" ist """,ancho,27,371,17.125,14.9375,-2.1875
gemma-2-2b,43,freq,freq,de,es,estrecho,"Das Gegenteil von ""estrecho"" ist """,ancho,27,370,17.125,14.5625,-2.5625
gemma-2-2b,44,desc,desc,de,es,suave,"Das Gegenteil von ""suave"" ist """,duro,56,53,19.75,19.875,0.125
gemma-2-2b,44,desc,val,de,es,suave,"Das Gegenteil von ""suave"" ist """,duro,56,47,19.75,20.375,0.625
gemma-2-2b,44,desc,freq,de,es,suave,"Das Gegenteil von ""suave"" ist """,duro,56,51,19.75,19.875,0.125
gemma-2-2b,44,val,desc,de,es,suave,"Das Gegenteil von ""suave"" ist """,duro,56,50,19.75,20.875,1.125
gemma-2-2b,44,val,val,de,es,suave,"Das Gegenteil von ""suave"" ist """,duro,56,43,19.75,20.75,1.0
gemma-2-2b,44,val,freq,de,es,suave,"Das Gegenteil von ""suave"" ist """,duro,56,65,19.75,20.5,0.75
gemma-2-2b,44,freq,desc,de,es,suave,"Das Gegenteil von ""suave"" ist """,duro,56,51,19.75,19.875,0.125
gemma-2-2b,44,freq,val,de,es,suave,"Das Gegenteil von ""suave"" ist """,duro,56,54,19.75,20.125,0.375
gemma-2-2b,44,freq,freq,de,es,suave,"Das Gegenteil von ""suave"" ist """,duro,56,51,19.75,19.875,0.125
gemma-2-2b,45,desc,desc,de,es,mojado,"Das Gegenteil von ""mojado"" ist """,seco,0,0,22.5,22.375,-0.125
gemma-2-2b,45,desc,val,de,es,mojado,"Das Gegenteil von ""mojado"" ist """,seco,0,0,22.5,22.5,0.0
gemma-2-2b,45,desc,freq,de,es,mojado,"Das Gegenteil von ""mojado"" ist """,seco,0,6,22.5,19.0,-3.5
gemma-2-2b,45,val,desc,de,es,mojado,"Das Gegenteil von ""mojado"" ist """,seco,0,0,22.5,22.625,0.125
gemma-2-2b,45,val,val,de,es,mojado,"Das Gegenteil von ""mojado"" ist """,seco,0,0,22.5,22.375,-0.125
gemma-2-2b,45,val,freq,de,es,mojado,"Das Gegenteil von ""mojado"" ist """,seco,0,4,22.5,20.5,-2.0
gemma-2-2b,45,freq,desc,de,es,mojado,"Das Gegenteil von ""mojado"" ist """,seco,0,0,22.5,21.375,-1.125
gemma-2-2b,45,freq,val,de,es,mojado,"Das Gegenteil von ""mojado"" ist """,seco,0,0,22.5,21.625,-0.875
gemma-2-2b,45,freq,freq,de,es,mojado,"Das Gegenteil von ""mojado"" ist """,seco,0,0,22.5,21.375,-1.125
gemma-2-2b,46,desc,desc,de,es,tranquilo,"Das Gegenteil von ""tranquilo"" ist """,ruidoso,14,17,19.75,20.125,0.375
gemma-2-2b,46,desc,val,de,es,tranquilo,"Das Gegenteil von ""tranquilo"" ist """,ruidoso,14,12,19.75,20.875,1.125
gemma-2-2b,46,desc,freq,de,es,tranquilo,"Das Gegenteil von ""tranquilo"" ist """,ruidoso,14,43,19.75,19.0,-0.75
gemma-2-2b,46,val,desc,de,es,tranquilo,"Das Gegenteil von ""tranquilo"" ist """,ruidoso,14,20,19.75,20.25,0.5
gemma-2-2b,46,val,val,de,es,tranquilo,"Das Gegenteil von ""tranquilo"" ist """,ruidoso,14,17,19.75,20.875,1.125
gemma-2-2b,46,val,freq,de,es,tranquilo,"Das Gegenteil von ""tranquilo"" ist """,ruidoso,14,71,19.75,19.25,-0.5
gemma-2-2b,46,freq,desc,de,es,tranquilo,"Das Gegenteil von ""tranquilo"" ist """,ruidoso,14,27,19.75,19.625,-0.125
gemma-2-2b,46,freq,val,de,es,tranquilo,"Das Gegenteil von ""tranquilo"" ist """,ruidoso,14,29,19.75,19.875,0.125
gemma-2-2b,46,freq,freq,de,es,tranquilo,"Das Gegenteil von ""tranquilo"" ist """,ruidoso,14,27,19.75,19.625,-0.125
gemma-2-2b,47,desc,desc,de,es,tarde,"Das Gegenteil von ""tarde"" ist """,temprano,0,2,19.625,19.125,-0.5
gemma-2-2b,47,desc,val,de,es,tarde,"Das Gegenteil von ""tarde"" ist """,temprano,0,2,19.625,19.875,0.25
gemma-2-2b,47,desc,freq,de,es,tarde,"Das Gegenteil von ""tarde"" ist """,temprano,0,5,19.625,19.125,-0.5
gemma-2-2b,47,val,desc,de,es,tarde,"Das Gegenteil von ""tarde"" ist """,temprano,0,5,19.625,19.5,-0.125
gemma-2-2b,47,val,val,de,es,tarde,"Das Gegenteil von ""tarde"" ist """,temprano,0,5,19.625,19.25,-0.375
gemma-2-2b,47,val,freq,de,es,tarde,"Das Gegenteil von ""tarde"" ist """,temprano,0,9,19.625,19.5,-0.125
gemma-2-2b,47,freq,desc,de,es,tarde,"Das Gegenteil von ""tarde"" ist """,temprano,0,7,19.625,18.125,-1.5
gemma-2-2b,47,freq,val,de,es,tarde,"Das Gegenteil von ""tarde"" ist """,temprano,0,9,19.625,18.25,-1.375
gemma-2-2b,47,freq,freq,de,es,tarde,"Das Gegenteil von ""tarde"" ist """,temprano,0,7,19.625,18.125,-1.5
gemma-2-2b,48,desc,desc,de,es,lejos,"Das Gegenteil von ""lejos"" ist """,cerca,13,237,16.5,13.4375,-3.0625
gemma-2-2b,48,desc,val,de,es,lejos,"Das Gegenteil von ""lejos"" ist """,cerca,13,82,16.5,15.375,-1.125
gemma-2-2b,48,desc,freq,de,es,lejos,"Das Gegenteil von ""lejos"" ist """,cerca,13,101,16.5,15.125,-1.375
gemma-2-2b,48,val,desc,de,es,lejos,"Das Gegenteil von ""lejos"" ist """,cerca,13,214,16.5,13.9375,-2.5625
gemma-2-2b,48,val,val,de,es,lejos,"Das Gegenteil von ""lejos"" ist """,cerca,13,1230,16.5,11.0625,-5.4375
gemma-2-2b,48,val,freq,de,es,lejos,"Das Gegenteil von ""lejos"" ist """,cerca,13,306,16.5,13.6875,-2.8125
gemma-2-2b,48,freq,desc,de,es,lejos,"Das Gegenteil von ""lejos"" ist """,cerca,13,720,16.5,11.3125,-5.1875
gemma-2-2b,48,freq,val,de,es,lejos,"Das Gegenteil von ""lejos"" ist """,cerca,13,597,16.5,12.0,-4.5
gemma-2-2b,48,freq,freq,de,es,lejos,"Das Gegenteil von ""lejos"" ist """,cerca,13,720,16.5,11.3125,-5.1875
gemma-2-2b,49,desc,desc,de,es,superficial,"Das Gegenteil von ""superficial"" ist """,profundo,4,4,22.125,22.125,0.0
gemma-2-2b,49,desc,val,de,es,superficial,"Das Gegenteil von ""superficial"" ist """,profundo,4,4,22.125,23.0,0.875
gemma-2-2b,49,desc,freq,de,es,superficial,"Das Gegenteil von ""superficial"" ist """,profundo,4,0,22.125,23.875,1.75
gemma-2-2b,49,val,desc,de,es,superficial,"Das Gegenteil von ""superficial"" ist """,profundo,4,4,22.125,23.5,1.375
gemma-2-2b,49,val,val,de,es,superficial,"Das Gegenteil von ""superficial"" ist """,profundo,4,4,22.125,23.0,0.875
gemma-2-2b,49,val,freq,de,es,superficial,"Das Gegenteil von ""superficial"" ist """,profundo,4,0,22.125,24.75,2.625
gemma-2-2b,49,freq,desc,de,es,superficial,"Das Gegenteil von ""superficial"" ist """,profundo,4,4,22.125,22.0,-0.125
gemma-2-2b,49,freq,val,de,es,superficial,"Das Gegenteil von ""superficial"" ist """,profundo,4,5,22.125,22.125,0.0
gemma-2-2b,49,freq,freq,de,es,superficial,"Das Gegenteil von ""superficial"" ist """,profundo,4,4,22.125,22.0,-0.125
gemma-2-2b,50,desc,desc,de,es,joven,"Das Gegenteil von ""joven"" ist """,viejo,0,0,23.75,23.375,-0.375
gemma-2-2b,50,desc,val,de,es,joven,"Das Gegenteil von ""joven"" ist """,viejo,0,0,23.75,23.625,-0.125
gemma-2-2b,50,desc,freq,de,es,joven,"Das Gegenteil von ""joven"" ist """,viejo,0,0,23.75,22.625,-1.125
gemma-2-2b,50,val,desc,de,es,joven,"Das Gegenteil von ""joven"" ist """,viejo,0,0,23.75,23.5,-0.25
gemma-2-2b,50,val,val,de,es,joven,"Das Gegenteil von ""joven"" ist """,viejo,0,0,23.75,23.625,-0.125
gemma-2-2b,50,val,freq,de,es,joven,"Das Gegenteil von ""joven"" ist """,viejo,0,0,23.75,22.875,-0.875
gemma-2-2b,50,freq,desc,de,es,joven,"Das Gegenteil von ""joven"" ist """,viejo,0,0,23.75,23.125,-0.625
gemma-2-2b,50,freq,val,de,es,joven,"Das Gegenteil von ""joven"" ist """,viejo,0,0,23.75,23.125,-0.625
gemma-2-2b,50,freq,freq,de,es,joven,"Das Gegenteil von ""joven"" ist """,viejo,0,0,23.75,23.125,-0.625
gemma-2-2b,51,desc,desc,de,es,amable,"Das Gegenteil von ""amable"" ist """,desagradable,9,12,21.0,21.25,0.25
gemma-2-2b,51,desc,val,de,es,amable,"Das Gegenteil von ""amable"" ist """,desagradable,9,11,21.0,21.5,0.5
gemma-2-2b,51,desc,freq,de,es,amable,"Das Gegenteil von ""amable"" ist """,desagradable,9,19,21.0,20.75,-0.25
gemma-2-2b,51,val,desc,de,es,amable,"Das Gegenteil von ""amable"" ist """,desagradable,9,11,21.0,21.375,0.375
gemma-2-2b,51,val,val,de,es,amable,"Das Gegenteil von ""amable"" ist """,desagradable,9,17,21.0,21.625,0.625
gemma-2-2b,51,val,freq,de,es,amable,"Das Gegenteil von ""amable"" ist """,desagradable,9,29,21.0,20.75,-0.25
gemma-2-2b,51,freq,desc,de,es,amable,"Das Gegenteil von ""amable"" ist """,desagradable,9,11,21.0,21.375,0.375
gemma-2-2b,51,freq,val,de,es,amable,"Das Gegenteil von ""amable"" ist """,desagradable,9,12,21.0,21.5,0.5
gemma-2-2b,51,freq,freq,de,es,amable,"Das Gegenteil von ""amable"" ist """,desagradable,9,11,21.0,21.375,0.375
gemma-2-2b,52,desc,desc,de,es,valiente,"Das Gegenteil von ""valiente"" ist """,cobarde,0,0,22.375,22.375,0.0
gemma-2-2b,52,desc,val,de,es,valiente,"Das Gegenteil von ""valiente"" ist """,cobarde,0,0,22.375,23.125,0.75
gemma-2-2b,52,desc,freq,de,es,valiente,"Das Gegenteil von ""valiente"" ist """,cobarde,0,0,22.375,22.375,0.0
gemma-2-2b,52,val,desc,de,es,valiente,"Das Gegenteil von ""valiente"" ist """,cobarde,0,0,22.375,23.875,1.5
gemma-2-2b,52,val,val,de,es,valiente,"Das Gegenteil von ""valiente"" ist """,cobarde,0,0,22.375,22.875,0.5
gemma-2-2b,52,val,freq,de,es,valiente,"Das Gegenteil von ""valiente"" ist """,cobarde,0,0,22.375,23.5,1.125
gemma-2-2b,52,freq,desc,de,es,valiente,"Das Gegenteil von ""valiente"" ist """,cobarde,0,0,22.375,22.0,-0.375
gemma-2-2b,52,freq,val,de,es,valiente,"Das Gegenteil von ""valiente"" ist """,cobarde,0,0,22.375,22.25,-0.125
gemma-2-2b,52,freq,freq,de,es,valiente,"Das Gegenteil von ""valiente"" ist """,cobarde,0,0,22.375,22.0,-0.375
gemma-2-2b,53,desc,desc,de,es,sabio,"Das Gegenteil von ""sabio"" ist """,tonto,25,35,18.5,18.25,-0.25
gemma-2-2b,53,desc,val,de,es,sabio,"Das Gegenteil von ""sabio"" ist """,tonto,25,47,18.5,18.875,0.375
gemma-2-2b,53,desc,freq,de,es,sabio,"Das Gegenteil von ""sabio"" ist """,tonto,25,180,18.5,16.125,-2.375
gemma-2-2b,53,val,desc,de,es,sabio,"Das Gegenteil von ""sabio"" ist """,tonto,25,34,18.5,19.25,0.75
gemma-2-2b,53,val,val,de,es,sabio,"Das Gegenteil von ""sabio"" ist """,tonto,25,38,18.5,19.125,0.625
gemma-2-2b,53,val,freq,de,es,sabio,"Das Gegenteil von ""sabio"" ist """,tonto,25,139,18.5,16.75,-1.75
gemma-2-2b,53,freq,desc,de,es,sabio,"Das Gegenteil von ""sabio"" ist """,tonto,25,42,18.5,18.625,0.125
gemma-2-2b,53,freq,val,de,es,sabio,"Das Gegenteil von ""sabio"" ist """,tonto,25,40,18.5,18.75,0.25
gemma-2-2b,53,freq,freq,de,es,sabio,"Das Gegenteil von ""sabio"" ist """,tonto,25,42,18.5,18.625,0.125
gemma-2-2b,54,desc,desc,de,es,educado,"Das Gegenteil von ""educado"" ist """,maleducado,3,3,21.25,21.75,0.5
gemma-2-2b,54,desc,val,de,es,educado,"Das Gegenteil von ""educado"" ist """,maleducado,3,5,21.25,21.875,0.625
gemma-2-2b,54,desc,freq,de,es,educado,"Das Gegenteil von ""educado"" ist """,maleducado,3,6,21.25,21.125,-0.125
gemma-2-2b,54,val,desc,de,es,educado,"Das Gegenteil von ""educado"" ist """,maleducado,3,4,21.25,22.25,1.0
gemma-2-2b,54,val,val,de,es,educado,"Das Gegenteil von ""educado"" ist """,maleducado,3,4,21.25,22.625,1.375
gemma-2-2b,54,val,freq,de,es,educado,"Das Gegenteil von ""educado"" ist """,maleducado,3,4,21.25,22.25,1.0
gemma-2-2b,54,freq,desc,de,es,educado,"Das Gegenteil von ""educado"" ist """,maleducado,3,6,21.25,21.75,0.5
gemma-2-2b,54,freq,val,de,es,educado,"Das Gegenteil von ""educado"" ist """,maleducado,3,6,21.25,22.0,0.75
gemma-2-2b,54,freq,freq,de,es,educado,"Das Gegenteil von ""educado"" ist """,maleducado,3,6,21.25,21.75,0.5
gemma-2-2b,55,desc,desc,de,es,paciente,"Das Gegenteil von ""paciente"" ist """,impaciente,3,2,21.25,21.625,0.375
gemma-2-2b,55,desc,val,de,es,paciente,"Das Gegenteil von ""paciente"" ist """,impaciente,3,3,21.25,22.125,0.875
gemma-2-2b,55,desc,freq,de,es,paciente,"Das Gegenteil von ""paciente"" ist """,impaciente,3,23,21.25,19.5,-1.75
gemma-2-2b,55,val,desc,de,es,paciente,"Das Gegenteil von ""paciente"" ist """,impaciente,3,2,21.25,22.25,1.0
gemma-2-2b,55,val,val,de,es,paciente,"Das Gegenteil von ""paciente"" ist """,impaciente,3,1,21.25,23.125,1.875
gemma-2-2b,55,val,freq,de,es,paciente,"Das Gegenteil von ""paciente"" ist """,impaciente,3,38,21.25,20.0,-1.25
gemma-2-2b,55,freq,desc,de,es,paciente,"Das Gegenteil von ""paciente"" ist """,impaciente,3,2,21.25,21.875,0.625
gemma-2-2b,55,freq,val,de,es,paciente,"Das Gegenteil von ""paciente"" ist """,impaciente,3,1,21.25,22.375,1.125
gemma-2-2b,55,freq,freq,de,es,paciente,"Das Gegenteil von ""paciente"" ist """,impaciente,3,2,21.25,21.875,0.625
gemma-2-2b,56,desc,desc,de,es,honesto,"Das Gegenteil von ""honesto"" ist """,deshonesto,53,66,18.25,18.125,-0.125
gemma-2-2b,56,desc,val,de,es,honesto,"Das Gegenteil von ""honesto"" ist """,deshonesto,53,22,18.25,19.875,1.625
gemma-2-2b,56,desc,freq,de,es,honesto,"Das Gegenteil von ""honesto"" ist """,deshonesto,53,63,18.25,18.25,0.0
gemma-2-2b,56,val,desc,de,es,honesto,"Das Gegenteil von ""honesto"" ist """,deshonesto,53,106,18.25,18.25,0.0
gemma-2-2b,56,val,val,de,es,honesto,"Das Gegenteil von ""honesto"" ist """,deshonesto,53,189,18.25,17.75,-0.5
gemma-2-2b,56,val,freq,de,es,honesto,"Das Gegenteil von ""honesto"" ist """,deshonesto,53,223,18.25,17.25,-1.0
gemma-2-2b,56,freq,desc,de,es,honesto,"Das Gegenteil von ""honesto"" ist """,deshonesto,53,122,18.25,17.625,-0.625
gemma-2-2b,56,freq,val,de,es,honesto,"Das Gegenteil von ""honesto"" ist """,deshonesto,53,117,18.25,17.875,-0.375
gemma-2-2b,56,freq,freq,de,es,honesto,"Das Gegenteil von ""honesto"" ist """,deshonesto,53,122,18.25,17.625,-0.625
gemma-2-2b,57,desc,desc,de,es,seguro,"Das Gegenteil von ""seguro"" ist """,inseguro,1,0,23.375,23.625,0.25
gemma-2-2b,57,desc,val,de,es,seguro,"Das Gegenteil von ""seguro"" ist """,inseguro,1,1,23.375,23.5,0.125
gemma-2-2b,57,desc,freq,de,es,seguro,"Das Gegenteil von ""seguro"" ist """,inseguro,1,0,23.375,23.625,0.25
gemma-2-2b,57,val,desc,de,es,seguro,"Das Gegenteil von ""seguro"" ist """,inseguro,1,0,23.375,23.875,0.5
gemma-2-2b,57,val,val,de,es,seguro,"Das Gegenteil von ""seguro"" ist """,inseguro,1,1,23.375,24.0,0.625
gemma-2-2b,57,val,freq,de,es,seguro,"Das Gegenteil von ""seguro"" ist """,inseguro,1,0,23.375,24.75,1.375
gemma-2-2b,57,freq,desc,de,es,seguro,"Das Gegenteil von ""seguro"" ist """,inseguro,1,1,23.375,23.5,0.125
gemma-2-2b,57,freq,val,de,es,seguro,"Das Gegenteil von ""seguro"" ist """,inseguro,1,2,23.375,23.5,0.125
gemma-2-2b,57,freq,freq,de,es,seguro,"Das Gegenteil von ""seguro"" ist """,inseguro,1,1,23.375,23.5,0.125
gemma-2-2b,58,desc,desc,de,es,activo,"Das Gegenteil von ""activo"" ist """,pasivo,0,0,21.5,22.0,0.5
gemma-2-2b,58,desc,val,de,es,activo,"Das Gegenteil von ""activo"" ist """,pasivo,0,0,21.5,22.375,0.875
gemma-2-2b,58,desc,freq,de,es,activo,"Das Gegenteil von ""activo"" ist """,pasivo,0,0,21.5,22.5,1.0
gemma-2-2b,58,val,desc,de,es,activo,"Das Gegenteil von ""activo"" ist """,pasivo,0,0,21.5,22.75,1.25
gemma-2-2b,58,val,val,de,es,activo,"Das Gegenteil von ""activo"" ist """,pasivo,0,0,21.5,23.25,1.75
gemma-2-2b,58,val,freq,de,es,activo,"Das Gegenteil von ""activo"" ist """,pasivo,0,0,21.5,23.375,1.875
gemma-2-2b,58,freq,desc,de,es,activo,"Das Gegenteil von ""activo"" ist """,pasivo,0,0,21.5,22.0,0.5
gemma-2-2b,58,freq,val,de,es,activo,"Das Gegenteil von ""activo"" ist """,pasivo,0,0,21.5,22.375,0.875
gemma-2-2b,58,freq,freq,de,es,activo,"Das Gegenteil von ""activo"" ist """,pasivo,0,0,21.5,22.0,0.5
gemma-2-2b,59,desc,desc,de,es,recto,"Das Gegenteil von ""recto"" ist """,doblado,1795,1757,8.1875,8.25,0.0625
gemma-2-2b,59,desc,val,de,es,recto,"Das Gegenteil von ""recto"" ist """,doblado,1795,444,8.1875,11.375,3.1875
gemma-2-2b,59,desc,freq,de,es,recto,"Das Gegenteil von ""recto"" ist """,doblado,1795,2719,8.1875,9.125,0.9375
gemma-2-2b,59,val,desc,de,es,recto,"Das Gegenteil von ""recto"" ist """,doblado,1795,712,8.1875,10.6875,2.5
gemma-2-2b,59,val,val,de,es,recto,"Das Gegenteil von ""recto"" ist """,doblado,1795,1695,8.1875,9.3125,1.125
gemma-2-2b,59,val,freq,de,es,recto,"Das Gegenteil von ""recto"" ist """,doblado,1795,3593,8.1875,8.9375,0.75
gemma-2-2b,59,freq,desc,de,es,recto,"Das Gegenteil von ""recto"" ist """,doblado,1795,2123,8.1875,7.96875,-0.21875
gemma-2-2b,59,freq,val,de,es,recto,"Das Gegenteil von ""recto"" ist """,doblado,1795,2051,8.1875,8.875,0.6875
gemma-2-2b,59,freq,freq,de,es,recto,"Das Gegenteil von ""recto"" ist """,doblado,1795,2123,8.1875,7.96875,-0.21875
gemma-2-2b,60,desc,desc,de,es,entero,"Das Gegenteil von ""entero"" ist """,parcial,27,28,20.25,20.25,0.0
gemma-2-2b,60,desc,val,de,es,entero,"Das Gegenteil von ""entero"" ist """,parcial,27,24,20.25,20.875,0.625
gemma-2-2b,60,desc,freq,de,es,entero,"Das Gegenteil von ""entero"" ist """,parcial,27,93,20.25,19.125,-1.125
gemma-2-2b,60,val,desc,de,es,entero,"Das Gegenteil von ""entero"" ist """,parcial,27,23,20.25,20.875,0.625
gemma-2-2b,60,val,val,de,es,entero,"Das Gegenteil von ""entero"" ist """,parcial,27,25,20.25,21.125,0.875
gemma-2-2b,60,val,freq,de,es,entero,"Das Gegenteil von ""entero"" ist """,parcial,27,80,20.25,19.875,-0.375
gemma-2-2b,60,freq,desc,de,es,entero,"Das Gegenteil von ""entero"" ist """,parcial,27,27,20.25,20.375,0.125
gemma-2-2b,60,freq,val,de,es,entero,"Das Gegenteil von ""entero"" ist """,parcial,27,29,20.25,20.375,0.125
gemma-2-2b,60,freq,freq,de,es,entero,"Das Gegenteil von ""entero"" ist """,parcial,27,27,20.25,20.375,0.125
gemma-2-2b,61,desc,desc,de,es,calmado,"Das Gegenteil von ""calmado"" ist """,agitado,0,0,22.625,23.875,1.25
gemma-2-2b,61,desc,val,de,es,calmado,"Das Gegenteil von ""calmado"" ist """,agitado,0,0,22.625,24.0,1.375
gemma-2-2b,61,desc,freq,de,es,calmado,"Das Gegenteil von ""calmado"" ist """,agitado,0,3,22.625,21.25,-1.375
gemma-2-2b,61,val,desc,de,es,calmado,"Das Gegenteil von ""calmado"" ist """,agitado,0,0,22.625,24.375,1.75
gemma-2-2b,61,val,val,de,es,calmado,"Das Gegenteil von ""calmado"" ist """,agitado,0,0,22.625,24.5,1.875
gemma-2-2b,61,val,freq,de,es,calmado,"Das Gegenteil von ""calmado"" ist """,agitado,0,2,22.625,22.0,-0.625
gemma-2-2b,61,freq,desc,de,es,calmado,"Das Gegenteil von ""calmado"" ist """,agitado,0,0,22.625,23.25,0.625
gemma-2-2b,61,freq,val,de,es,calmado,"Das Gegenteil von ""calmado"" ist """,agitado,0,0,22.625,23.75,1.125
gemma-2-2b,61,freq,freq,de,es,calmado,"Das Gegenteil von ""calmado"" ist """,agitado,0,0,22.625,23.25,0.625
gemma-2-2b,62,desc,desc,de,es,correcto,"Das Gegenteil von ""correcto"" ist """,incorrecto,0,0,22.25,22.625,0.375
gemma-2-2b,62,desc,val,de,es,correcto,"Das Gegenteil von ""correcto"" ist """,incorrecto,0,0,22.25,23.125,0.875
gemma-2-2b,62,desc,freq,de,es,correcto,"Das Gegenteil von ""correcto"" ist """,incorrecto,0,0,22.25,23.5,1.25
gemma-2-2b,62,val,desc,de,es,correcto,"Das Gegenteil von ""correcto"" ist """,incorrecto,0,0,22.25,23.5,1.25
gemma-2-2b,62,val,val,de,es,correcto,"Das Gegenteil von ""correcto"" ist """,incorrecto,0,0,22.25,23.5,1.25
gemma-2-2b,62,val,freq,de,es,correcto,"Das Gegenteil von ""correcto"" ist """,incorrecto,0,0,22.25,24.75,2.5
gemma-2-2b,62,freq,desc,de,es,correcto,"Das Gegenteil von ""correcto"" ist """,incorrecto,0,1,22.25,22.125,-0.125
gemma-2-2b,62,freq,val,de,es,correcto,"Das Gegenteil von ""correcto"" ist """,incorrecto,0,1,22.25,22.625,0.375
gemma-2-2b,62,freq,freq,de,es,correcto,"Das Gegenteil von ""correcto"" ist """,incorrecto,0,1,22.25,22.125,-0.125
gemma-2-2b,63,desc,desc,de,es,complejo,"Das Gegenteil von ""complejo"" ist """,simple,0,1,24.5,25.125,0.625
gemma-2-2b,63,desc,val,de,es,complejo,"Das Gegenteil von ""complejo"" ist """,simple,0,1,24.5,25.0,0.5
gemma-2-2b,63,desc,freq,de,es,complejo,"Das Gegenteil von ""complejo"" ist """,simple,0,1,24.5,23.125,-1.375
gemma-2-2b,63,val,desc,de,es,complejo,"Das Gegenteil von ""complejo"" ist """,simple,0,1,24.5,24.875,0.375
gemma-2-2b,63,val,val,de,es,complejo,"Das Gegenteil von ""complejo"" ist """,simple,0,1,24.5,25.375,0.875
gemma-2-2b,63,val,freq,de,es,complejo,"Das Gegenteil von ""complejo"" ist """,simple,0,1,24.5,23.5,-1.0
gemma-2-2b,63,freq,desc,de,es,complejo,"Das Gegenteil von ""complejo"" ist """,simple,0,0,24.5,25.125,0.625
gemma-2-2b,63,freq,val,de,es,complejo,"Das Gegenteil von ""complejo"" ist """,simple,0,1,24.5,25.125,0.625
gemma-2-2b,63,freq,freq,de,es,complejo,"Das Gegenteil von ""complejo"" ist """,simple,0,0,24.5,25.125,0.625
gemma-2-2b,64,desc,desc,de,es,efectivo,"Das Gegenteil von ""efectivo"" ist """,ineficaz,2,0,23.5,24.25,0.75
gemma-2-2b,64,desc,val,de,es,efectivo,"Das Gegenteil von ""efectivo"" ist """,ineficaz,2,0,23.5,24.25,0.75
gemma-2-2b,64,desc,freq,de,es,efectivo,"Das Gegenteil von ""efectivo"" ist """,ineficaz,2,2,23.5,22.75,-0.75
gemma-2-2b,64,val,desc,de,es,efectivo,"Das Gegenteil von ""efectivo"" ist """,ineficaz,2,0,23.5,24.625,1.125
gemma-2-2b,64,val,val,de,es,efectivo,"Das Gegenteil von ""efectivo"" ist """,ineficaz,2,0,23.5,24.875,1.375
gemma-2-2b,64,val,freq,de,es,efectivo,"Das Gegenteil von ""efectivo"" ist """,ineficaz,2,1,23.5,23.5,0.0
gemma-2-2b,64,freq,desc,de,es,efectivo,"Das Gegenteil von ""efectivo"" ist """,ineficaz,2,0,23.5,24.0,0.5
gemma-2-2b,64,freq,val,de,es,efectivo,"Das Gegenteil von ""efectivo"" ist """,ineficaz,2,0,23.5,24.5,1.0
gemma-2-2b,64,freq,freq,de,es,efectivo,"Das Gegenteil von ""efectivo"" ist """,ineficaz,2,0,23.5,24.0,0.5
gemma-2-2b,65,desc,desc,de,es,famoso,"Das Gegenteil von ""famoso"" ist """,desconocido,2,2,21.75,21.625,-0.125
gemma-2-2b,65,desc,val,de,es,famoso,"Das Gegenteil von ""famoso"" ist """,desconocido,2,2,21.75,22.0,0.25
gemma-2-2b,65,desc,freq,de,es,famoso,"Das Gegenteil von ""famoso"" ist """,desconocido,2,3,21.75,21.625,-0.125
gemma-2-2b,65,val,desc,de,es,famoso,"Das Gegenteil von ""famoso"" ist """,desconocido,2,2,21.75,22.125,0.375
gemma-2-2b,65,val,val,de,es,famoso,"Das Gegenteil von ""famoso"" ist """,desconocido,2,4,21.75,22.0,0.25
gemma-2-2b,65,val,freq,de,es,famoso,"Das Gegenteil von ""famoso"" ist """,desconocido,2,4,21.75,21.875,0.125
gemma-2-2b,65,freq,desc,de,es,famoso,"Das Gegenteil von ""famoso"" ist """,desconocido,2,5,21.75,21.125,-0.625
gemma-2-2b,65,freq,val,de,es,famoso,"Das Gegenteil von ""famoso"" ist """,desconocido,2,5,21.75,21.25,-0.5
gemma-2-2b,65,freq,freq,de,es,famoso,"Das Gegenteil von ""famoso"" ist """,desconocido,2,5,21.75,21.125,-0.625
gemma-2-2b,66,desc,desc,de,es,generoso,"Das Gegenteil von ""generoso"" ist """,malo,1395,1626,14.75,14.5,-0.25
gemma-2-2b,66,desc,val,de,es,generoso,"Das Gegenteil von ""generoso"" ist """,malo,1395,1652,14.75,14.6875,-0.0625
gemma-2-2b,66,desc,freq,de,es,generoso,"Das Gegenteil von ""generoso"" ist """,malo,1395,5254,14.75,11.875,-2.875
gemma-2-2b,66,val,desc,de,es,generoso,"Das Gegenteil von ""generoso"" ist """,malo,1395,1883,14.75,14.4375,-0.3125
gemma-2-2b,66,val,val,de,es,generoso,"Das Gegenteil von ""generoso"" ist """,malo,1395,3082,14.75,13.9375,-0.8125
gemma-2-2b,66,val,freq,de,es,generoso,"Das Gegenteil von ""generoso"" ist """,malo,1395,5804,14.75,12.0625,-2.6875
gemma-2-2b,66,freq,desc,de,es,generoso,"Das Gegenteil von ""generoso"" ist """,malo,1395,2463,14.75,14.0625,-0.6875
gemma-2-2b,66,freq,val,de,es,generoso,"Das Gegenteil von ""generoso"" ist """,malo,1395,2736,14.75,13.875,-0.875
gemma-2-2b,66,freq,freq,de,es,generoso,"Das Gegenteil von ""generoso"" ist """,malo,1395,2463,14.75,14.0625,-0.6875
gemma-2-2b,67,desc,desc,de,es,contento,"Das Gegenteil von ""contento"" ist """,infeliz,2,2,22.625,22.75,0.125
gemma-2-2b,67,desc,val,de,es,contento,"Das Gegenteil von ""contento"" ist """,infeliz,2,2,22.625,22.875,0.25
gemma-2-2b,67,desc,freq,de,es,contento,"Das Gegenteil von ""contento"" ist """,infeliz,2,0,22.625,23.25,0.625
gemma-2-2b,67,val,desc,de,es,contento,"Das Gegenteil von ""contento"" ist """,infeliz,2,2,22.625,23.5,0.875
gemma-2-2b,67,val,val,de,es,contento,"Das Gegenteil von ""contento"" ist """,infeliz,2,2,22.625,23.5,0.875
gemma-2-2b,67,val,freq,de,es,contento,"Das Gegenteil von ""contento"" ist """,infeliz,2,0,22.625,24.25,1.625
gemma-2-2b,67,freq,desc,de,es,contento,"Das Gegenteil von ""contento"" ist """,infeliz,2,2,22.625,22.125,-0.5
gemma-2-2b,67,freq,val,de,es,contento,"Das Gegenteil von ""contento"" ist """,infeliz,2,2,22.625,22.375,-0.25
gemma-2-2b,67,freq,freq,de,es,contento,"Das Gegenteil von ""contento"" ist """,infeliz,2,2,22.625,22.125,-0.5
gemma-2-2b,68,desc,desc,de,es,saludable,"Das Gegenteil von ""saludable"" ist """,insalubre,5,3,22.125,23.125,1.0
gemma-2-2b,68,desc,val,de,es,saludable,"Das Gegenteil von ""saludable"" ist """,insalubre,5,0,22.125,23.5,1.375
gemma-2-2b,68,desc,freq,de,es,saludable,"Das Gegenteil von ""saludable"" ist """,insalubre,5,0,22.125,24.125,2.0
gemma-2-2b,68,val,desc,de,es,saludable,"Das Gegenteil von ""saludable"" ist """,insalubre,5,0,22.125,23.875,1.75
gemma-2-2b,68,val,val,de,es,saludable,"Das Gegenteil von ""saludable"" ist """,insalubre,5,3,22.125,23.75,1.625
gemma-2-2b,68,val,freq,de,es,saludable,"Das Gegenteil von ""saludable"" ist """,insalubre,5,0,22.125,25.0,2.875
gemma-2-2b,68,freq,desc,de,es,saludable,"Das Gegenteil von ""saludable"" ist """,insalubre,5,2,22.125,23.0,0.875
gemma-2-2b,68,freq,val,de,es,saludable,"Das Gegenteil von ""saludable"" ist """,insalubre,5,2,22.125,23.25,1.125
gemma-2-2b,68,freq,freq,de,es,saludable,"Das Gegenteil von ""saludable"" ist """,insalubre,5,2,22.125,23.0,0.875
gemma-2-2b,69,desc,desc,de,es,alto,"Das Gegenteil von ""alto"" ist """,bajo,2,2,20.0,19.625,-0.375
gemma-2-2b,69,desc,val,de,es,alto,"Das Gegenteil von ""alto"" ist """,bajo,2,2,20.0,19.875,-0.125
gemma-2-2b,69,desc,freq,de,es,alto,"Das Gegenteil von ""alto"" ist """,bajo,2,13,20.0,18.25,-1.75
gemma-2-2b,69,val,desc,de,es,alto,"Das Gegenteil von ""alto"" ist """,bajo,2,3,20.0,20.375,0.375
gemma-2-2b,69,val,val,de,es,alto,"Das Gegenteil von ""alto"" ist """,bajo,2,2,20.0,20.5,0.5
gemma-2-2b,69,val,freq,de,es,alto,"Das Gegenteil von ""alto"" ist """,bajo,2,11,20.0,19.5,-0.5
gemma-2-2b,69,freq,desc,de,es,alto,"Das Gegenteil von ""alto"" ist """,bajo,2,4,20.0,19.375,-0.625
gemma-2-2b,69,freq,val,de,es,alto,"Das Gegenteil von ""alto"" ist """,bajo,2,2,20.0,20.0,0.0
gemma-2-2b,69,freq,freq,de,es,alto,"Das Gegenteil von ""alto"" ist """,bajo,2,4,20.0,19.375,-0.625
gemma-2-2b,70,desc,desc,de,es,importante,"Das Gegenteil von ""importante"" ist """,trivial,58,55,19.375,19.75,0.375
gemma-2-2b,70,desc,val,de,es,importante,"Das Gegenteil von ""importante"" ist """,trivial,58,50,19.375,19.875,0.5
gemma-2-2b,70,desc,freq,de,es,importante,"Das Gegenteil von ""importante"" ist """,trivial,58,54,19.375,19.25,-0.125
gemma-2-2b,70,val,desc,de,es,importante,"Das Gegenteil von ""importante"" ist """,trivial,58,53,19.375,20.0,0.625
gemma-2-2b,70,val,val,de,es,importante,"Das Gegenteil von ""importante"" ist """,trivial,58,53,19.375,20.375,1.0
gemma-2-2b,70,val,freq,de,es,importante,"Das Gegenteil von ""importante"" ist """,trivial,58,49,19.375,20.0,0.625
gemma-2-2b,70,freq,desc,de,es,importante,"Das Gegenteil von ""importante"" ist """,trivial,58,50,19.375,19.625,0.25
gemma-2-2b,70,freq,val,de,es,importante,"Das Gegenteil von ""importante"" ist """,trivial,58,48,19.375,20.0,0.625
gemma-2-2b,70,freq,freq,de,es,importante,"Das Gegenteil von ""importante"" ist """,trivial,58,50,19.375,19.625,0.25
gemma-2-2b,71,desc,desc,de,es,inocente,"Das Gegenteil von ""inocente"" ist """,culpable,71,71,17.5,17.5,0.0
gemma-2-2b,71,desc,val,de,es,inocente,"Das Gegenteil von ""inocente"" ist """,culpable,71,23,17.5,20.0,2.5
gemma-2-2b,71,desc,freq,de,es,inocente,"Das Gegenteil von ""inocente"" ist """,culpable,71,10,17.5,20.5,3.0
gemma-2-2b,71,val,desc,de,es,inocente,"Das Gegenteil von ""inocente"" ist """,culpable,71,15,17.5,20.875,3.375
gemma-2-2b,71,val,val,de,es,inocente,"Das Gegenteil von ""inocente"" ist """,culpable,71,79,17.5,18.375,0.875
gemma-2-2b,71,val,freq,de,es,inocente,"Das Gegenteil von ""inocente"" ist """,culpable,71,7,17.5,21.375,3.875
gemma-2-2b,71,freq,desc,de,es,inocente,"Das Gegenteil von ""inocente"" ist """,culpable,71,58,17.5,17.75,0.25
gemma-2-2b,71,freq,val,de,es,inocente,"Das Gegenteil von ""inocente"" ist """,culpable,71,63,17.5,18.125,0.625
gemma-2-2b,71,freq,freq,de,es,inocente,"Das Gegenteil von ""inocente"" ist """,culpable,71,58,17.5,17.75,0.25
gemma-2-2b,72,desc,desc,de,es,conocido,"Das Gegenteil von ""conocido"" ist """,desconocido,1,4,19.875,19.75,-0.125
gemma-2-2b,72,desc,val,de,es,conocido,"Das Gegenteil von ""conocido"" ist """,desconocido,1,3,19.875,20.25,0.375
gemma-2-2b,72,desc,freq,de,es,conocido,"Das Gegenteil von ""conocido"" ist """,desconocido,1,6,19.875,19.25,-0.625
gemma-2-2b,72,val,desc,de,es,conocido,"Das Gegenteil von ""conocido"" ist """,desconocido,1,5,19.875,20.125,0.25
gemma-2-2b,72,val,val,de,es,conocido,"Das Gegenteil von ""conocido"" ist """,desconocido,1,7,19.875,20.625,0.75
gemma-2-2b,72,val,freq,de,es,conocido,"Das Gegenteil von ""conocido"" ist """,desconocido,1,17,19.875,19.5,-0.375
gemma-2-2b,72,freq,desc,de,es,conocido,"Das Gegenteil von ""conocido"" ist """,desconocido,1,10,19.875,19.25,-0.625
gemma-2-2b,72,freq,val,de,es,conocido,"Das Gegenteil von ""conocido"" ist """,desconocido,1,10,19.875,19.625,-0.25
gemma-2-2b,72,freq,freq,de,es,conocido,"Das Gegenteil von ""conocido"" ist """,desconocido,1,10,19.875,19.25,-0.625
gemma-2-2b,73,desc,desc,de,es,masculino,"Das Gegenteil von ""masculino"" ist """,femenino,2,2,20.0,20.0,0.0
gemma-2-2b,73,desc,val,de,es,masculino,"Das Gegenteil von ""masculino"" ist """,femenino,2,2,20.0,20.75,0.75
gemma-2-2b,73,desc,freq,de,es,masculino,"Das Gegenteil von ""masculino"" ist """,femenino,2,2,20.0,20.375,0.375
gemma-2-2b,73,val,desc,de,es,masculino,"Das Gegenteil von ""masculino"" ist """,femenino,2,3,20.0,20.375,0.375
gemma-2-2b,73,val,val,de,es,masculino,"Das Gegenteil von ""masculino"" ist """,femenino,2,3,20.0,20.875,0.875
gemma-2-2b,73,val,freq,de,es,masculino,"Das Gegenteil von ""masculino"" ist """,femenino,2,3,20.0,21.0,1.0
gemma-2-2b,73,freq,desc,de,es,masculino,"Das Gegenteil von ""masculino"" ist """,femenino,2,2,20.0,19.625,-0.375
gemma-2-2b,73,freq,val,de,es,masculino,"Das Gegenteil von ""masculino"" ist """,femenino,2,3,20.0,20.125,0.125
gemma-2-2b,73,freq,freq,de,es,masculino,"Das Gegenteil von ""masculino"" ist """,femenino,2,2,20.0,19.625,-0.375
gemma-2-2b,74,desc,desc,de,es,normal,"Das Gegenteil von ""normal"" ist """,anormal,4,4,21.375,21.375,0.0
gemma-2-2b,74,desc,val,de,es,normal,"Das Gegenteil von ""normal"" ist """,anormal,4,4,21.375,22.0,0.625
gemma-2-2b,74,desc,freq,de,es,normal,"Das Gegenteil von ""normal"" ist """,anormal,4,3,21.375,21.875,0.5
gemma-2-2b,74,val,desc,de,es,normal,"Das Gegenteil von ""normal"" ist """,anormal,4,4,21.375,22.5,1.125
gemma-2-2b,74,val,val,de,es,normal,"Das Gegenteil von ""normal"" ist """,anormal,4,4,21.375,22.0,0.625
gemma-2-2b,74,val,freq,de,es,normal,"Das Gegenteil von ""normal"" ist """,anormal,4,2,21.375,22.875,1.5
gemma-2-2b,74,freq,desc,de,es,normal,"Das Gegenteil von ""normal"" ist """,anormal,4,4,21.375,21.5,0.125
gemma-2-2b,74,freq,val,de,es,normal,"Das Gegenteil von ""normal"" ist """,anormal,4,4,21.375,21.625,0.25
gemma-2-2b,74,freq,freq,de,es,normal,"Das Gegenteil von ""normal"" ist """,anormal,4,4,21.375,21.5,0.125
gemma-2-2b,75,desc,desc,de,es,posible,"Das Gegenteil von ""posible"" ist """,imposible,1,2,23.625,23.5,-0.125
gemma-2-2b,75,desc,val,de,es,posible,"Das Gegenteil von ""posible"" ist """,imposible,1,1,23.625,24.0,0.375
gemma-2-2b,75,desc,freq,de,es,posible,"Das Gegenteil von ""posible"" ist """,imposible,1,0,23.625,24.5,0.875
gemma-2-2b,75,val,desc,de,es,posible,"Das Gegenteil von ""posible"" ist """,imposible,1,2,23.625,23.875,0.25
gemma-2-2b,75,val,val,de,es,posible,"Das Gegenteil von ""posible"" ist """,imposible,1,2,23.625,24.0,0.375
gemma-2-2b,75,val,freq,de,es,posible,"Das Gegenteil von ""posible"" ist """,imposible,1,0,23.625,24.75,1.125
gemma-2-2b,75,freq,desc,de,es,posible,"Das Gegenteil von ""posible"" ist """,imposible,1,2,23.625,23.5,-0.125
gemma-2-2b,75,freq,val,de,es,posible,"Das Gegenteil von ""posible"" ist """,imposible,1,2,23.625,23.625,0.0
gemma-2-2b,75,freq,freq,de,es,posible,"Das Gegenteil von ""posible"" ist """,imposible,1,2,23.625,23.5,-0.125
gemma-2-2b,76,desc,desc,de,es,privado,"Das Gegenteil von ""privado"" ist """,público,2,2,21.375,21.5,0.125
gemma-2-2b,76,desc,val,de,es,privado,"Das Gegenteil von ""privado"" ist """,público,2,2,21.375,21.875,0.5
gemma-2-2b,76,desc,freq,de,es,privado,"Das Gegenteil von ""privado"" ist """,público,2,2,21.375,20.625,-0.75
gemma-2-2b,76,val,desc,de,es,privado,"Das Gegenteil von ""privado"" ist """,público,2,3,21.375,21.875,0.5
gemma-2-2b,76,val,val,de,es,privado,"Das Gegenteil von ""privado"" ist """,público,2,3,21.375,21.875,0.5
gemma-2-2b,76,val,freq,de,es,privado,"Das Gegenteil von ""privado"" ist """,público,2,6,21.375,21.5,0.125
gemma-2-2b,76,freq,desc,de,es,privado,"Das Gegenteil von ""privado"" ist """,público,2,4,21.375,20.875,-0.5
gemma-2-2b,76,freq,val,de,es,privado,"Das Gegenteil von ""privado"" ist """,público,2,4,21.375,21.25,-0.125
gemma-2-2b,76,freq,freq,de,es,privado,"Das Gegenteil von ""privado"" ist """,público,2,4,21.375,20.875,-0.5
gemma-2-2b,77,desc,desc,de,es,correcto,"Das Gegenteil von ""correcto"" ist """,incorrecto,0,0,22.25,22.625,0.375
gemma-2-2b,77,desc,val,de,es,correcto,"Das Gegenteil von ""correcto"" ist """,incorrecto,0,0,22.25,23.125,0.875
gemma-2-2b,77,desc,freq,de,es,correcto,"Das Gegenteil von ""correcto"" ist """,incorrecto,0,0,22.25,23.5,1.25
gemma-2-2b,77,val,desc,de,es,correcto,"Das Gegenteil von ""correcto"" ist """,incorrecto,0,0,22.25,23.5,1.25
gemma-2-2b,77,val,val,de,es,correcto,"Das Gegenteil von ""correcto"" ist """,incorrecto,0,0,22.25,23.5,1.25
gemma-2-2b,77,val,freq,de,es,correcto,"Das Gegenteil von ""correcto"" ist """,incorrecto,0,0,22.25,24.75,2.5
gemma-2-2b,77,freq,desc,de,es,correcto,"Das Gegenteil von ""correcto"" ist """,incorrecto,0,1,22.25,22.125,-0.125
gemma-2-2b,77,freq,val,de,es,correcto,"Das Gegenteil von ""correcto"" ist """,incorrecto,0,1,22.25,22.625,0.375
gemma-2-2b,77,freq,freq,de,es,correcto,"Das Gegenteil von ""correcto"" ist """,incorrecto,0,1,22.25,22.125,-0.125
gemma-2-2b,78,desc,desc,de,es,sencillo,"Das Gegenteil von ""sencillo"" ist """,complejo,3,7,21.0,20.75,-0.25
gemma-2-2b,78,desc,val,de,es,sencillo,"Das Gegenteil von ""sencillo"" ist """,complejo,3,4,21.0,21.375,0.375
gemma-2-2b,78,desc,freq,de,es,sencillo,"Das Gegenteil von ""sencillo"" ist """,complejo,3,18,21.0,18.75,-2.25
gemma-2-2b,78,val,desc,de,es,sencillo,"Das Gegenteil von ""sencillo"" ist """,complejo,3,7,21.0,21.125,0.125
gemma-2-2b,78,val,val,de,es,sencillo,"Das Gegenteil von ""sencillo"" ist """,complejo,3,10,21.0,21.0,0.0
gemma-2-2b,78,val,freq,de,es,sencillo,"Das Gegenteil von ""sencillo"" ist """,complejo,3,30,21.0,19.125,-1.875
gemma-2-2b,78,freq,desc,de,es,sencillo,"Das Gegenteil von ""sencillo"" ist """,complejo,3,11,21.0,20.0,-1.0
gemma-2-2b,78,freq,val,de,es,sencillo,"Das Gegenteil von ""sencillo"" ist """,complejo,3,12,21.0,20.125,-0.875
gemma-2-2b,78,freq,freq,de,es,sencillo,"Das Gegenteil von ""sencillo"" ist """,complejo,3,11,21.0,20.0,-1.0
gemma-2-2b,79,desc,desc,de,es,dulce,"Das Gegenteil von ""dulce"" ist """,amargo,0,5,19.75,19.375,-0.375
gemma-2-2b,79,desc,val,de,es,dulce,"Das Gegenteil von ""dulce"" ist """,amargo,0,1,19.75,20.125,0.375
gemma-2-2b,79,desc,freq,de,es,dulce,"Das Gegenteil von ""dulce"" ist """,amargo,0,2,19.75,16.875,-2.875
gemma-2-2b,79,val,desc,de,es,dulce,"Das Gegenteil von ""dulce"" ist """,amargo,0,3,19.75,20.25,0.5
gemma-2-2b,79,val,val,de,es,dulce,"Das Gegenteil von ""dulce"" ist """,amargo,0,6,19.75,20.0,0.25
gemma-2-2b,79,val,freq,de,es,dulce,"Das Gegenteil von ""dulce"" ist """,amargo,0,3,19.75,18.0,-1.75
gemma-2-2b,79,freq,desc,de,es,dulce,"Das Gegenteil von ""dulce"" ist """,amargo,0,8,19.75,18.0,-1.75
gemma-2-2b,79,freq,val,de,es,dulce,"Das Gegenteil von ""dulce"" ist """,amargo,0,10,19.75,18.375,-1.375
gemma-2-2b,79,freq,freq,de,es,dulce,"Das Gegenteil von ""dulce"" ist """,amargo,0,8,19.75,18.0,-1.75
gemma-2-2b,80,desc,desc,de,es,visible,"Das Gegenteil von ""visible"" ist """,invisible,0,0,24.375,24.375,0.0
gemma-2-2b,80,desc,val,de,es,visible,"Das Gegenteil von ""visible"" ist """,invisible,0,0,24.375,25.25,0.875
gemma-2-2b,80,desc,freq,de,es,visible,"Das Gegenteil von ""visible"" ist """,invisible,0,0,24.375,24.375,0.0
gemma-2-2b,80,val,desc,de,es,visible,"Das Gegenteil von ""visible"" ist """,invisible,0,0,24.375,25.25,0.875
gemma-2-2b,80,val,val,de,es,visible,"Das Gegenteil von ""visible"" ist """,invisible,0,0,24.375,25.25,0.875
gemma-2-2b,80,val,freq,de,es,visible,"Das Gegenteil von ""visible"" ist """,invisible,0,0,24.375,24.75,0.375
gemma-2-2b,80,freq,desc,de,es,visible,"Das Gegenteil von ""visible"" ist """,invisible,0,0,24.375,24.375,0.0
gemma-2-2b,80,freq,val,de,es,visible,"Das Gegenteil von ""visible"" ist """,invisible,0,0,24.375,25.0,0.625
gemma-2-2b,80,freq,freq,de,es,visible,"Das Gegenteil von ""visible"" ist """,invisible,0,0,24.375,24.375,0.0
gemma-2-2b,81,desc,desc,de,es,cálido,"Das Gegenteil von ""cálido"" ist """,frío,0,0,23.25,23.5,0.25
gemma-2-2b,81,desc,val,de,es,cálido,"Das Gegenteil von ""cálido"" ist """,frío,0,0,23.25,23.5,0.25
gemma-2-2b,81,desc,freq,de,es,cálido,"Das Gegenteil von ""cálido"" ist """,frío,0,1,23.25,22.875,-0.375
gemma-2-2b,81,val,desc,de,es,cálido,"Das Gegenteil von ""cálido"" ist """,frío,0,0,23.25,23.875,0.625
gemma-2-2b,81,val,val,de,es,cálido,"Das Gegenteil von ""cálido"" ist """,frío,0,0,23.25,24.125,0.875
gemma-2-2b,81,val,freq,de,es,cálido,"Das Gegenteil von ""cálido"" ist """,frío,0,1,23.25,23.75,0.5
gemma-2-2b,81,freq,desc,de,es,cálido,"Das Gegenteil von ""cálido"" ist """,frío,0,0,23.25,23.125,-0.125
gemma-2-2b,81,freq,val,de,es,cálido,"Das Gegenteil von ""cálido"" ist """,frío,0,0,23.25,23.375,0.125
gemma-2-2b,81,freq,freq,de,es,cálido,"Das Gegenteil von ""cálido"" ist """,frío,0,0,23.25,23.125,-0.125
gemma-2-2b,82,desc,desc,de,es,liso,"Das Gegenteil von ""liso"" ist """,irregular,213,261,17.875,18.125,0.25
gemma-2-2b,82,desc,val,de,es,liso,"Das Gegenteil von ""liso"" ist """,irregular,213,538,17.875,17.375,-0.5
gemma-2-2b,82,desc,freq,de,es,liso,"Das Gegenteil von ""liso"" ist """,irregular,213,558,17.875,16.5,-1.375
gemma-2-2b,82,val,desc,de,es,liso,"Das Gegenteil von ""liso"" ist """,irregular,213,82,17.875,20.25,2.375
gemma-2-2b,82,val,val,de,es,liso,"Das Gegenteil von ""liso"" ist """,irregular,213,187,17.875,19.75,1.875
gemma-2-2b,82,val,freq,de,es,liso,"Das Gegenteil von ""liso"" ist """,irregular,213,153,17.875,19.75,1.875
gemma-2-2b,82,freq,desc,de,es,liso,"Das Gegenteil von ""liso"" ist """,irregular,213,306,17.875,18.125,0.25
gemma-2-2b,82,freq,val,de,es,liso,"Das Gegenteil von ""liso"" ist """,irregular,213,262,17.875,18.75,0.875
gemma-2-2b,82,freq,freq,de,es,liso,"Das Gegenteil von ""liso"" ist """,irregular,213,306,17.875,18.125,0.25
gemma-2-2b,83,desc,desc,de,es,delgado,"Das Gegenteil von ""delgado"" ist """,grueso,49,82,19.875,20.125,0.25
gemma-2-2b,83,desc,val,de,es,delgado,"Das Gegenteil von ""delgado"" ist """,grueso,49,44,19.875,20.375,0.5
gemma-2-2b,83,desc,freq,de,es,delgado,"Das Gegenteil von ""delgado"" ist """,grueso,49,96,19.875,19.625,-0.25
gemma-2-2b,83,val,desc,de,es,delgado,"Das Gegenteil von ""delgado"" ist """,grueso,49,71,19.875,20.0,0.125
gemma-2-2b,83,val,val,de,es,delgado,"Das Gegenteil von ""delgado"" ist """,grueso,49,71,19.875,20.25,0.375
gemma-2-2b,83,val,freq,de,es,delgado,"Das Gegenteil von ""delgado"" ist """,grueso,49,142,19.875,19.75,-0.125
gemma-2-2b,83,freq,desc,de,es,delgado,"Das Gegenteil von ""delgado"" ist """,grueso,49,84,19.875,19.875,0.0
gemma-2-2b,83,freq,val,de,es,delgado,"Das Gegenteil von ""delgado"" ist """,grueso,49,84,19.875,19.75,-0.125
gemma-2-2b,83,freq,freq,de,es,delgado,"Das Gegenteil von ""delgado"" ist """,grueso,49,84,19.875,19.875,0.0
gemma-2-2b,84,desc,desc,de,es,alto,"Das Gegenteil von ""alto"" ist """,bajo,2,2,20.0,19.625,-0.375
gemma-2-2b,84,desc,val,de,es,alto,"Das Gegenteil von ""alto"" ist """,bajo,2,2,20.0,19.875,-0.125
gemma-2-2b,84,desc,freq,de,es,alto,"Das Gegenteil von ""alto"" ist """,bajo,2,13,20.0,18.25,-1.75
gemma-2-2b,84,val,desc,de,es,alto,"Das Gegenteil von ""alto"" ist """,bajo,2,3,20.0,20.375,0.375
gemma-2-2b,84,val,val,de,es,alto,"Das Gegenteil von ""alto"" ist """,bajo,2,2,20.0,20.5,0.5
gemma-2-2b,84,val,freq,de,es,alto,"Das Gegenteil von ""alto"" ist """,bajo,2,11,20.0,19.5,-0.5
gemma-2-2b,84,freq,desc,de,es,alto,"Das Gegenteil von ""alto"" ist """,bajo,2,4,20.0,19.375,-0.625
gemma-2-2b,84,freq,val,de,es,alto,"Das Gegenteil von ""alto"" ist """,bajo,2,2,20.0,20.0,0.0
gemma-2-2b,84,freq,freq,de,es,alto,"Das Gegenteil von ""alto"" ist """,bajo,2,4,20.0,19.375,-0.625
gemma-2-2b,85,desc,desc,de,es,casado,"Das Gegenteil von ""casado"" ist """,soltero,0,0,21.625,22.0,0.375
gemma-2-2b,85,desc,val,de,es,casado,"Das Gegenteil von ""casado"" ist """,soltero,0,0,21.625,22.75,1.125
gemma-2-2b,85,desc,freq,de,es,casado,"Das Gegenteil von ""casado"" ist """,soltero,0,1,21.625,20.375,-1.25
gemma-2-2b,85,val,desc,de,es,casado,"Das Gegenteil von ""casado"" ist """,soltero,0,0,21.625,22.625,1.0
gemma-2-2b,85,val,val,de,es,casado,"Das Gegenteil von ""casado"" ist """,soltero,0,0,21.625,22.625,1.0
gemma-2-2b,85,val,freq,de,es,casado,"Das Gegenteil von ""casado"" ist """,soltero,0,1,21.625,21.25,-0.375
gemma-2-2b,85,freq,desc,de,es,casado,"Das Gegenteil von ""casado"" ist """,soltero,0,0,21.625,21.375,-0.25
gemma-2-2b,85,freq,val,de,es,casado,"Das Gegenteil von ""casado"" ist """,soltero,0,0,21.625,21.625,0.0
gemma-2-2b,85,freq,freq,de,es,casado,"Das Gegenteil von ""casado"" ist """,soltero,0,0,21.625,21.375,-0.25
gemma-2-2b,86,desc,desc,de,es,optimista,"Das Gegenteil von ""optimista"" ist """,pesimista,0,0,23.375,23.375,0.0
gemma-2-2b,86,desc,val,de,es,optimista,"Das Gegenteil von ""optimista"" ist """,pesimista,0,0,23.375,23.5,0.125
gemma-2-2b,86,desc,freq,de,es,optimista,"Das Gegenteil von ""optimista"" ist """,pesimista,0,0,23.375,24.5,1.125
gemma-2-2b,86,val,desc,de,es,optimista,"Das Gegenteil von ""optimista"" ist """,pesimista,0,0,23.375,23.875,0.5
gemma-2-2b,86,val,val,de,es,optimista,"Das Gegenteil von ""optimista"" ist """,pesimista,0,0,23.375,24.125,0.75
gemma-2-2b,86,val,freq,de,es,optimista,"Das Gegenteil von ""optimista"" ist """,pesimista,0,0,23.375,25.25,1.875
gemma-2-2b,86,freq,desc,de,es,optimista,"Das Gegenteil von ""optimista"" ist """,pesimista,0,0,23.375,23.375,0.0
gemma-2-2b,86,freq,val,de,es,optimista,"Das Gegenteil von ""optimista"" ist """,pesimista,0,0,23.375,23.5,0.125
gemma-2-2b,86,freq,freq,de,es,optimista,"Das Gegenteil von ""optimista"" ist """,pesimista,0,0,23.375,23.375,0.0
gemma-2-2b,87,desc,desc,de,es,permanente,"Das Gegenteil von ""permanente"" ist """,temporal,53,53,16.75,16.75,0.0
gemma-2-2b,87,desc,val,de,es,permanente,"Das Gegenteil von ""permanente"" ist """,temporal,53,62,16.75,17.125,0.375
gemma-2-2b,87,desc,freq,de,es,permanente,"Das Gegenteil von ""permanente"" ist """,temporal,53,39,16.75,17.75,1.0
gemma-2-2b,87,val,desc,de,es,permanente,"Das Gegenteil von ""permanente"" ist """,temporal,53,30,16.75,18.25,1.5
gemma-2-2b,87,val,val,de,es,permanente,"Das Gegenteil von ""permanente"" ist """,temporal,53,49,16.75,17.875,1.125
gemma-2-2b,87,val,freq,de,es,permanente,"Das Gegenteil von ""permanente"" ist """,temporal,53,29,16.75,19.125,2.375
gemma-2-2b,87,freq,desc,de,es,permanente,"Das Gegenteil von ""permanente"" ist """,temporal,53,54,16.75,16.75,0.0
gemma-2-2b,87,freq,val,de,es,permanente,"Das Gegenteil von ""permanente"" ist """,temporal,53,87,16.75,16.625,-0.125
gemma-2-2b,87,freq,freq,de,es,permanente,"Das Gegenteil von ""permanente"" ist """,temporal,53,54,16.75,16.75,0.0
gemma-2-2b,88,desc,desc,de,es,presente,"Das Gegenteil von ""presente"" ist """,pasado,2,3,21.625,21.375,-0.25
gemma-2-2b,88,desc,val,de,es,presente,"Das Gegenteil von ""presente"" ist """,pasado,2,2,21.625,21.875,0.25
gemma-2-2b,88,desc,freq,de,es,presente,"Das Gegenteil von ""presente"" ist """,pasado,2,1,21.625,22.0,0.375
gemma-2-2b,88,val,desc,de,es,presente,"Das Gegenteil von ""presente"" ist """,pasado,2,2,21.625,22.25,0.625
gemma-2-2b,88,val,val,de,es,presente,"Das Gegenteil von ""presente"" ist """,pasado,2,3,21.625,22.0,0.375
gemma-2-2b,88,val,freq,de,es,presente,"Das Gegenteil von ""presente"" ist """,pasado,2,1,21.625,22.75,1.125
gemma-2-2b,88,freq,desc,de,es,presente,"Das Gegenteil von ""presente"" ist """,pasado,2,3,21.625,20.875,-0.75
gemma-2-2b,88,freq,val,de,es,presente,"Das Gegenteil von ""presente"" ist """,pasado,2,4,21.625,21.0,-0.625
gemma-2-2b,88,freq,freq,de,es,presente,"Das Gegenteil von ""presente"" ist """,pasado,2,3,21.625,20.875,-0.75
gemma-2-2b,89,desc,desc,de,es,público,"Das Gegenteil von ""público"" ist """,privado,0,0,23.0,23.25,0.25
gemma-2-2b,89,desc,val,de,es,público,"Das Gegenteil von ""público"" ist """,privado,0,0,23.0,23.625,0.625
gemma-2-2b,89,desc,freq,de,es,público,"Das Gegenteil von ""público"" ist """,privado,0,1,23.0,21.375,-1.625
gemma-2-2b,89,val,desc,de,es,público,"Das Gegenteil von ""público"" ist """,privado,0,0,23.0,23.875,0.875
gemma-2-2b,89,val,val,de,es,público,"Das Gegenteil von ""público"" ist """,privado,0,0,23.0,24.125,1.125
gemma-2-2b,89,val,freq,de,es,público,"Das Gegenteil von ""público"" ist """,privado,0,1,23.0,21.875,-1.125
gemma-2-2b,89,freq,desc,de,es,público,"Das Gegenteil von ""público"" ist """,privado,0,0,23.0,23.125,0.125
gemma-2-2b,89,freq,val,de,es,público,"Das Gegenteil von ""público"" ist """,privado,0,0,23.0,23.375,0.375
gemma-2-2b,89,freq,freq,de,es,público,"Das Gegenteil von ""público"" ist """,privado,0,0,23.0,23.125,0.125
gemma-2-2b,90,desc,desc,de,es,real,"Das Gegenteil von ""real"" ist """,irreal,18,18,22.0,22.0,0.0
gemma-2-2b,90,desc,val,de,es,real,"Das Gegenteil von ""real"" ist """,irreal,18,11,22.0,22.875,0.875
gemma-2-2b,90,desc,freq,de,es,real,"Das Gegenteil von ""real"" ist """,irreal,18,11,22.0,22.0,0.0
gemma-2-2b,90,val,desc,de,es,real,"Das Gegenteil von ""real"" ist """,irreal,18,19,22.0,22.5,0.5
gemma-2-2b,90,val,val,de,es,real,"Das Gegenteil von ""real"" ist """,irreal,18,20,22.0,22.375,0.375
gemma-2-2b,90,val,freq,de,es,real,"Das Gegenteil von ""real"" ist """,irreal,18,13,22.0,22.125,0.125
gemma-2-2b,90,freq,desc,de,es,real,"Das Gegenteil von ""real"" ist """,irreal,18,18,22.0,22.0,0.0
gemma-2-2b,90,freq,val,de,es,real,"Das Gegenteil von ""real"" ist """,irreal,18,17,22.0,22.0,0.0
gemma-2-2b,90,freq,freq,de,es,real,"Das Gegenteil von ""real"" ist """,irreal,18,18,22.0,22.0,0.0
gemma-2-2b,91,desc,desc,de,es,responsable,"Das Gegenteil von ""responsable"" ist """,irresponsable,0,0,26.25,26.25,0.0
gemma-2-2b,91,desc,val,de,es,responsable,"Das Gegenteil von ""responsable"" ist """,irresponsable,0,0,26.25,27.0,0.75
gemma-2-2b,91,desc,freq,de,es,responsable,"Das Gegenteil von ""responsable"" ist """,irresponsable,0,0,26.25,25.625,-0.625
gemma-2-2b,91,val,desc,de,es,responsable,"Das Gegenteil von ""responsable"" ist """,irresponsable,0,0,26.25,26.75,0.5
gemma-2-2b,91,val,val,de,es,responsable,"Das Gegenteil von ""responsable"" ist """,irresponsable,0,0,26.25,26.625,0.375
gemma-2-2b,91,val,freq,de,es,responsable,"Das Gegenteil von ""responsable"" ist """,irresponsable,0,0,26.25,25.75,-0.5
gemma-2-2b,91,freq,desc,de,es,responsable,"Das Gegenteil von ""responsable"" ist """,irresponsable,0,0,26.25,26.125,-0.125
gemma-2-2b,91,freq,val,de,es,responsable,"Das Gegenteil von ""responsable"" ist """,irresponsable,0,0,26.25,26.5,0.25
gemma-2-2b,91,freq,freq,de,es,responsable,"Das Gegenteil von ""responsable"" ist """,irresponsable,0,0,26.25,26.125,-0.125
gemma-2-2b,92,desc,desc,de,es,soltero,"Das Gegenteil von ""soltero"" ist """,casado,0,0,22.125,22.625,0.5
gemma-2-2b,92,desc,val,de,es,soltero,"Das Gegenteil von ""soltero"" ist """,casado,0,0,22.125,23.125,1.0
gemma-2-2b,92,desc,freq,de,es,soltero,"Das Gegenteil von ""soltero"" ist """,casado,0,0,22.125,23.375,1.25
gemma-2-2b,92,val,desc,de,es,soltero,"Das Gegenteil von ""soltero"" ist """,casado,0,0,22.125,23.125,1.0
gemma-2-2b,92,val,val,de,es,soltero,"Das Gegenteil von ""soltero"" ist """,casado,0,0,22.125,23.0,0.875
gemma-2-2b,92,val,freq,de,es,soltero,"Das Gegenteil von ""soltero"" ist """,casado,0,0,22.125,23.5,1.375
gemma-2-2b,92,freq,desc,de,es,soltero,"Das Gegenteil von ""soltero"" ist """,casado,0,0,22.125,22.25,0.125
gemma-2-2b,92,freq,val,de,es,soltero,"Das Gegenteil von ""soltero"" ist """,casado,0,0,22.125,22.375,0.25
gemma-2-2b,92,freq,freq,de,es,soltero,"Das Gegenteil von ""soltero"" ist """,casado,0,0,22.125,22.25,0.125
gemma-2-2b,93,desc,desc,de,es,agrio,"Das Gegenteil von ""agrio"" ist """,dulce,78,73,19.625,19.75,0.125
gemma-2-2b,93,desc,val,de,es,agrio,"Das Gegenteil von ""agrio"" ist """,dulce,78,98,19.625,19.625,0.0
gemma-2-2b,93,desc,freq,de,es,agrio,"Das Gegenteil von ""agrio"" ist """,dulce,78,138,19.625,18.875,-0.75
gemma-2-2b,93,val,desc,de,es,agrio,"Das Gegenteil von ""agrio"" ist """,dulce,78,101,19.625,19.75,0.125
gemma-2-2b,93,val,val,de,es,agrio,"Das Gegenteil von ""agrio"" ist """,dulce,78,90,19.625,20.125,0.5
gemma-2-2b,93,val,freq,de,es,agrio,"Das Gegenteil von ""agrio"" ist """,dulce,78,135,19.625,19.375,-0.25
gemma-2-2b,93,freq,desc,de,es,agrio,"Das Gegenteil von ""agrio"" ist """,dulce,78,69,19.625,19.875,0.25
gemma-2-2b,93,freq,val,de,es,agrio,"Das Gegenteil von ""agrio"" ist """,dulce,78,78,19.625,19.75,0.125
gemma-2-2b,93,freq,freq,de,es,agrio,"Das Gegenteil von ""agrio"" ist """,dulce,78,69,19.625,19.875,0.25
gemma-2-2b,94,desc,desc,de,es,útil,"Das Gegenteil von ""útil"" ist """,inútil,0,0,22.25,23.0,0.75
gemma-2-2b,94,desc,val,de,es,útil,"Das Gegenteil von ""útil"" ist """,inútil,0,1,22.25,23.0,0.75
gemma-2-2b,94,desc,freq,de,es,útil,"Das Gegenteil von ""útil"" ist """,inútil,0,0,22.25,22.25,0.0
gemma-2-2b,94,val,desc,de,es,útil,"Das Gegenteil von ""útil"" ist """,inútil,0,0,22.25,23.5,1.25
gemma-2-2b,94,val,val,de,es,útil,"Das Gegenteil von ""útil"" ist """,inútil,0,0,22.25,23.75,1.5
gemma-2-2b,94,val,freq,de,es,útil,"Das Gegenteil von ""útil"" ist """,inútil,0,0,22.25,23.375,1.125
gemma-2-2b,94,freq,desc,de,es,útil,"Das Gegenteil von ""útil"" ist """,inútil,0,1,22.25,22.0,-0.25
gemma-2-2b,94,freq,val,de,es,útil,"Das Gegenteil von ""útil"" ist """,inútil,0,2,22.25,22.25,0.0
gemma-2-2b,94,freq,freq,de,es,útil,"Das Gegenteil von ""útil"" ist """,inútil,0,1,22.25,22.0,-0.25
gemma-2-2b,95,desc,desc,de,es,vertical,"Das Gegenteil von ""vertical"" ist """,horizontal,0,0,25.25,25.25,0.0
gemma-2-2b,95,desc,val,de,es,vertical,"Das Gegenteil von ""vertical"" ist """,horizontal,0,0,25.25,25.25,0.0
gemma-2-2b,95,desc,freq,de,es,vertical,"Das Gegenteil von ""vertical"" ist """,horizontal,0,0,25.25,24.5,-0.75
gemma-2-2b,95,val,desc,de,es,vertical,"Das Gegenteil von ""vertical"" ist """,horizontal,0,0,25.25,25.625,0.375
gemma-2-2b,95,val,val,de,es,vertical,"Das Gegenteil von ""vertical"" ist """,horizontal,0,0,25.25,25.875,0.625
gemma-2-2b,95,val,freq,de,es,vertical,"Das Gegenteil von ""vertical"" ist """,horizontal,0,0,25.25,25.25,0.0
gemma-2-2b,95,freq,desc,de,es,vertical,"Das Gegenteil von ""vertical"" ist """,horizontal,0,0,25.25,25.25,0.0
gemma-2-2b,95,freq,val,de,es,vertical,"Das Gegenteil von ""vertical"" ist """,horizontal,0,0,25.25,25.375,0.125
gemma-2-2b,95,freq,freq,de,es,vertical,"Das Gegenteil von ""vertical"" ist """,horizontal,0,0,25.25,25.25,0.0
gemma-2-2b,96,desc,desc,de,es,bien,"Das Gegenteil von ""bien"" ist """,mal,0,0,22.25,22.0,-0.25
gemma-2-2b,96,desc,val,de,es,bien,"Das Gegenteil von ""bien"" ist """,mal,0,0,22.25,22.625,0.375
gemma-2-2b,96,desc,freq,de,es,bien,"Das Gegenteil von ""bien"" ist """,mal,0,0,22.25,22.5,0.25
gemma-2-2b,96,val,desc,de,es,bien,"Das Gegenteil von ""bien"" ist """,mal,0,0,22.25,22.75,0.5
gemma-2-2b,96,val,val,de,es,bien,"Das Gegenteil von ""bien"" ist """,mal,0,0,22.25,22.75,0.5
gemma-2-2b,96,val,freq,de,es,bien,"Das Gegenteil von ""bien"" ist """,mal,0,0,22.25,23.5,1.25
gemma-2-2b,96,freq,desc,de,es,bien,"Das Gegenteil von ""bien"" ist """,mal,0,0,22.25,21.5,-0.75
gemma-2-2b,96,freq,val,de,es,bien,"Das Gegenteil von ""bien"" ist """,mal,0,0,22.25,22.0,-0.25
gemma-2-2b,96,freq,freq,de,es,bien,"Das Gegenteil von ""bien"" ist """,mal,0,0,22.25,21.5,-0.75
gemma-2-2b,97,desc,desc,de,es,ganador,"Das Gegenteil von ""ganador"" ist """,perdedor,0,0,24.0,24.25,0.25
gemma-2-2b,97,desc,val,de,es,ganador,"Das Gegenteil von ""ganador"" ist """,perdedor,0,0,24.0,24.0,0.0
gemma-2-2b,97,desc,freq,de,es,ganador,"Das Gegenteil von ""ganador"" ist """,perdedor,0,0,24.0,23.875,-0.125
gemma-2-2b,97,val,desc,de,es,ganador,"Das Gegenteil von ""ganador"" ist """,perdedor,0,0,24.0,25.125,1.125
gemma-2-2b,97,val,val,de,es,ganador,"Das Gegenteil von ""ganador"" ist """,perdedor,0,0,24.0,25.0,1.0
gemma-2-2b,97,val,freq,de,es,ganador,"Das Gegenteil von ""ganador"" ist """,perdedor,0,0,24.0,25.25,1.25
gemma-2-2b,97,freq,desc,de,es,ganador,"Das Gegenteil von ""ganador"" ist """,perdedor,0,0,24.0,24.25,0.25
gemma-2-2b,97,freq,val,de,es,ganador,"Das Gegenteil von ""ganador"" ist """,perdedor,0,0,24.0,24.375,0.375
gemma-2-2b,97,freq,freq,de,es,ganador,"Das Gegenteil von ""ganador"" ist """,perdedor,0,0,24.0,24.25,0.25
gemma-2-2b,98,desc,desc,de,es,desagradable,"Das Gegenteil von ""desagradable"" ist """,amable,20,41,20.125,19.75,-0.375
gemma-2-2b,98,desc,val,de,es,desagradable,"Das Gegenteil von ""desagradable"" ist """,amable,20,21,20.125,20.625,0.5
gemma-2-2b,98,desc,freq,de,es,desagradable,"Das Gegenteil von ""desagradable"" ist """,amable,20,53,20.125,18.75,-1.375
gemma-2-2b,98,val,desc,de,es,desagradable,"Das Gegenteil von ""desagradable"" ist """,amable,20,40,20.125,19.875,-0.25
gemma-2-2b,98,val,val,de,es,desagradable,"Das Gegenteil von ""desagradable"" ist """,amable,20,49,20.125,19.875,-0.25
gemma-2-2b,98,val,freq,de,es,desagradable,"Das Gegenteil von ""desagradable"" ist """,amable,20,69,20.125,18.625,-1.5
gemma-2-2b,98,freq,desc,de,es,desagradable,"Das Gegenteil von ""desagradable"" ist """,amable,20,69,20.125,18.625,-1.5
gemma-2-2b,98,freq,val,de,es,desagradable,"Das Gegenteil von ""desagradable"" ist """,amable,20,73,20.125,18.875,-1.25
gemma-2-2b,98,freq,freq,de,es,desagradable,"Das Gegenteil von ""desagradable"" ist """,amable,20,69,20.125,18.625,-1.5
gemma-2-2b,99,desc,desc,de,es,cobarde,"Das Gegenteil von ""cobarde"" ist """,valiente,28,31,18.0,18.0,0.0
gemma-2-2b,99,desc,val,de,es,cobarde,"Das Gegenteil von ""cobarde"" ist """,valiente,28,19,18.0,19.375,1.375
gemma-2-2b,99,desc,freq,de,es,cobarde,"Das Gegenteil von ""cobarde"" ist """,valiente,28,3,18.0,20.625,2.625
gemma-2-2b,99,val,desc,de,es,cobarde,"Das Gegenteil von ""cobarde"" ist """,valiente,28,17,18.0,19.5,1.5
gemma-2-2b,99,val,val,de,es,cobarde,"Das Gegenteil von ""cobarde"" ist """,valiente,28,46,18.0,18.125,0.125
gemma-2-2b,99,val,freq,de,es,cobarde,"Das Gegenteil von ""cobarde"" ist """,valiente,28,4,18.0,21.125,3.125
gemma-2-2b,99,freq,desc,de,es,cobarde,"Das Gegenteil von ""cobarde"" ist """,valiente,28,40,18.0,17.75,-0.25
gemma-2-2b,99,freq,val,de,es,cobarde,"Das Gegenteil von ""cobarde"" ist """,valiente,28,42,18.0,17.875,-0.125
gemma-2-2b,99,freq,freq,de,es,cobarde,"Das Gegenteil von ""cobarde"" ist """,valiente,28,40,18.0,17.75,-0.25
gemma-2-2b,0,desc,desc,de,fr,bon,"Das Gegenteil von ""bon"" ist """,mauvais,0,2,22.0,21.375,-0.625
gemma-2-2b,0,desc,val,de,fr,bon,"Das Gegenteil von ""bon"" ist """,mauvais,0,1,22.0,21.125,-0.875
gemma-2-2b,0,desc,freq,de,fr,bon,"Das Gegenteil von ""bon"" ist """,mauvais,0,5,22.0,20.25,-1.75
gemma-2-2b,0,val,desc,de,fr,bon,"Das Gegenteil von ""bon"" ist """,mauvais,0,0,22.0,23.25,1.25
gemma-2-2b,0,val,val,de,fr,bon,"Das Gegenteil von ""bon"" ist """,mauvais,0,1,22.0,22.375,0.375
gemma-2-2b,0,val,freq,de,fr,bon,"Das Gegenteil von ""bon"" ist """,mauvais,0,8,22.0,19.75,-2.25
gemma-2-2b,0,freq,desc,de,fr,bon,"Das Gegenteil von ""bon"" ist """,mauvais,0,2,22.0,21.25,-0.75
gemma-2-2b,0,freq,val,de,fr,bon,"Das Gegenteil von ""bon"" ist """,mauvais,0,3,22.0,19.125,-2.875
gemma-2-2b,0,freq,freq,de,fr,bon,"Das Gegenteil von ""bon"" ist """,mauvais,0,3,22.0,20.875,-1.125
gemma-2-2b,1,desc,desc,de,fr,heureux,"Das Gegenteil von ""heureux"" ist """,malheureux,0,0,22.125,23.0,0.875
gemma-2-2b,1,desc,val,de,fr,heureux,"Das Gegenteil von ""heureux"" ist """,malheureux,0,0,22.125,21.75,-0.375
gemma-2-2b,1,desc,freq,de,fr,heureux,"Das Gegenteil von ""heureux"" ist """,malheureux,0,0,22.125,23.0,0.875
gemma-2-2b,1,val,desc,de,fr,heureux,"Das Gegenteil von ""heureux"" ist """,malheureux,0,0,22.125,22.75,0.625
gemma-2-2b,1,val,val,de,fr,heureux,"Das Gegenteil von ""heureux"" ist """,malheureux,0,0,22.125,23.125,1.0
gemma-2-2b,1,val,freq,de,fr,heureux,"Das Gegenteil von ""heureux"" ist """,malheureux,0,0,22.125,22.875,0.75
gemma-2-2b,1,freq,desc,de,fr,heureux,"Das Gegenteil von ""heureux"" ist """,malheureux,0,0,22.125,23.375,1.25
gemma-2-2b,1,freq,val,de,fr,heureux,"Das Gegenteil von ""heureux"" ist """,malheureux,0,0,22.125,21.5,-0.625
gemma-2-2b,1,freq,freq,de,fr,heureux,"Das Gegenteil von ""heureux"" ist """,malheureux,0,0,22.125,23.25,1.125
gemma-2-2b,2,desc,desc,de,fr,grand,"Das Gegenteil von ""grand"" ist """,petit,0,0,25.125,24.75,-0.375
gemma-2-2b,2,desc,val,de,fr,grand,"Das Gegenteil von ""grand"" ist """,petit,0,1,25.125,23.125,-2.0
gemma-2-2b,2,desc,freq,de,fr,grand,"Das Gegenteil von ""grand"" ist """,petit,0,0,25.125,23.75,-1.375
gemma-2-2b,2,val,desc,de,fr,grand,"Das Gegenteil von ""grand"" ist """,petit,0,0,25.125,24.125,-1.0
gemma-2-2b,2,val,val,de,fr,grand,"Das Gegenteil von ""grand"" ist """,petit,0,0,25.125,24.75,-0.375
gemma-2-2b,2,val,freq,de,fr,grand,"Das Gegenteil von ""grand"" ist """,petit,0,0,25.125,23.25,-1.875
gemma-2-2b,2,freq,desc,de,fr,grand,"Das Gegenteil von ""grand"" ist """,petit,0,0,25.125,24.5,-0.625
gemma-2-2b,2,freq,val,de,fr,grand,"Das Gegenteil von ""grand"" ist """,petit,0,0,25.125,23.125,-2.0
gemma-2-2b,2,freq,freq,de,fr,grand,"Das Gegenteil von ""grand"" ist """,petit,0,0,25.125,24.75,-0.375
gemma-2-2b,3,desc,desc,de,fr,chaud,"Das Gegenteil von ""chaud"" ist """,froid,0,0,21.875,22.375,0.5
gemma-2-2b,3,desc,val,de,fr,chaud,"Das Gegenteil von ""chaud"" ist """,froid,0,0,21.875,21.375,-0.5
gemma-2-2b,3,desc,freq,de,fr,chaud,"Das Gegenteil von ""chaud"" ist """,froid,0,0,21.875,22.375,0.5
gemma-2-2b,3,val,desc,de,fr,chaud,"Das Gegenteil von ""chaud"" ist """,froid,0,0,21.875,23.0,1.125
gemma-2-2b,3,val,val,de,fr,chaud,"Das Gegenteil von ""chaud"" ist """,froid,0,0,21.875,22.875,1.0
gemma-2-2b,3,val,freq,de,fr,chaud,"Das Gegenteil von ""chaud"" ist """,froid,0,0,21.875,22.5,0.625
gemma-2-2b,3,freq,desc,de,fr,chaud,"Das Gegenteil von ""chaud"" ist """,froid,0,1,21.875,21.75,-0.125
gemma-2-2b,3,freq,val,de,fr,chaud,"Das Gegenteil von ""chaud"" ist """,froid,0,1,21.875,20.375,-1.5
gemma-2-2b,3,freq,freq,de,fr,chaud,"Das Gegenteil von ""chaud"" ist """,froid,0,1,21.875,22.0,0.125
gemma-2-2b,4,desc,desc,de,fr,rapide,"Das Gegenteil von ""rapide"" ist """,lent,2,7,21.0,20.25,-0.75
gemma-2-2b,4,desc,val,de,fr,rapide,"Das Gegenteil von ""rapide"" ist """,lent,2,6,21.0,19.875,-1.125
gemma-2-2b,4,desc,freq,de,fr,rapide,"Das Gegenteil von ""rapide"" ist """,lent,2,1,21.0,22.0,1.0
gemma-2-2b,4,val,desc,de,fr,rapide,"Das Gegenteil von ""rapide"" ist """,lent,2,2,21.0,21.875,0.875
gemma-2-2b,4,val,val,de,fr,rapide,"Das Gegenteil von ""rapide"" ist """,lent,2,7,21.0,21.125,0.125
gemma-2-2b,4,val,freq,de,fr,rapide,"Das Gegenteil von ""rapide"" ist """,lent,2,1,21.0,22.5,1.5
gemma-2-2b,4,freq,desc,de,fr,rapide,"Das Gegenteil von ""rapide"" ist """,lent,2,9,21.0,19.75,-1.25
gemma-2-2b,4,freq,val,de,fr,rapide,"Das Gegenteil von ""rapide"" ist """,lent,2,8,21.0,18.5,-2.5
gemma-2-2b,4,freq,freq,de,fr,rapide,"Das Gegenteil von ""rapide"" ist """,lent,2,8,21.0,19.875,-1.125
gemma-2-2b,5,desc,desc,de,fr,léger,"Das Gegenteil von ""léger"" ist """,lourd,0,0,22.375,22.25,-0.125
gemma-2-2b,5,desc,val,de,fr,léger,"Das Gegenteil von ""léger"" ist """,lourd,0,3,22.375,20.375,-2.0
gemma-2-2b,5,desc,freq,de,fr,léger,"Das Gegenteil von ""léger"" ist """,lourd,0,10,22.375,20.0,-2.375
gemma-2-2b,5,val,desc,de,fr,léger,"Das Gegenteil von ""léger"" ist """,lourd,0,0,22.375,23.25,0.875
gemma-2-2b,5,val,val,de,fr,léger,"Das Gegenteil von ""léger"" ist """,lourd,0,1,22.375,23.125,0.75
gemma-2-2b,5,val,freq,de,fr,léger,"Das Gegenteil von ""léger"" ist """,lourd,0,1,22.375,21.875,-0.5
gemma-2-2b,5,freq,desc,de,fr,léger,"Das Gegenteil von ""léger"" ist """,lourd,0,1,22.375,22.125,-0.25
gemma-2-2b,5,freq,val,de,fr,léger,"Das Gegenteil von ""léger"" ist """,lourd,0,1,22.375,20.875,-1.5
gemma-2-2b,5,freq,freq,de,fr,léger,"Das Gegenteil von ""léger"" ist """,lourd,0,1,22.375,21.875,-0.5
gemma-2-2b,6,desc,desc,de,fr,facile,"Das Gegenteil von ""facile"" ist """,difficile,0,1,22.25,21.875,-0.375
gemma-2-2b,6,desc,val,de,fr,facile,"Das Gegenteil von ""facile"" ist """,difficile,0,2,22.25,20.75,-1.5
gemma-2-2b,6,desc,freq,de,fr,facile,"Das Gegenteil von ""facile"" ist """,difficile,0,2,22.25,21.375,-0.875
gemma-2-2b,6,val,desc,de,fr,facile,"Das Gegenteil von ""facile"" ist """,difficile,0,0,22.25,23.75,1.5
gemma-2-2b,6,val,val,de,fr,facile,"Das Gegenteil von ""facile"" ist """,difficile,0,1,22.25,22.75,0.5
gemma-2-2b,6,val,freq,de,fr,facile,"Das Gegenteil von ""facile"" ist """,difficile,0,1,22.25,22.0,-0.25
gemma-2-2b,6,freq,desc,de,fr,facile,"Das Gegenteil von ""facile"" ist """,difficile,0,1,22.25,21.875,-0.375
gemma-2-2b,6,freq,val,de,fr,facile,"Das Gegenteil von ""facile"" ist """,difficile,0,1,22.25,20.875,-1.375
gemma-2-2b,6,freq,freq,de,fr,facile,"Das Gegenteil von ""facile"" ist """,difficile,0,1,22.25,21.875,-0.375
gemma-2-2b,7,desc,desc,de,fr,nouveau,"Das Gegenteil von ""nouveau"" ist """,ancien,0,3,22.25,21.0,-1.25
gemma-2-2b,7,desc,val,de,fr,nouveau,"Das Gegenteil von ""nouveau"" ist """,ancien,0,2,22.25,20.25,-2.0
gemma-2-2b,7,desc,freq,de,fr,nouveau,"Das Gegenteil von ""nouveau"" ist """,ancien,0,4,22.25,20.75,-1.5
gemma-2-2b,7,val,desc,de,fr,nouveau,"Das Gegenteil von ""nouveau"" ist """,ancien,0,5,22.25,21.375,-0.875
gemma-2-2b,7,val,val,de,fr,nouveau,"Das Gegenteil von ""nouveau"" ist """,ancien,0,5,22.25,21.375,-0.875
gemma-2-2b,7,val,freq,de,fr,nouveau,"Das Gegenteil von ""nouveau"" ist """,ancien,0,3,22.25,20.375,-1.875
gemma-2-2b,7,freq,desc,de,fr,nouveau,"Das Gegenteil von ""nouveau"" ist """,ancien,0,7,22.25,20.75,-1.5
gemma-2-2b,7,freq,val,de,fr,nouveau,"Das Gegenteil von ""nouveau"" ist """,ancien,0,3,22.25,19.5,-2.75
gemma-2-2b,7,freq,freq,de,fr,nouveau,"Das Gegenteil von ""nouveau"" ist """,ancien,0,4,22.25,20.875,-1.375
gemma-2-2b,8,desc,desc,de,fr,vrai,"Das Gegenteil von ""vrai"" ist """,faux,0,0,24.125,23.5,-0.625
gemma-2-2b,8,desc,val,de,fr,vrai,"Das Gegenteil von ""vrai"" ist """,faux,0,0,24.125,22.25,-1.875
gemma-2-2b,8,desc,freq,de,fr,vrai,"Das Gegenteil von ""vrai"" ist """,faux,0,1,24.125,22.125,-2.0
gemma-2-2b,8,val,desc,de,fr,vrai,"Das Gegenteil von ""vrai"" ist """,faux,0,0,24.125,23.375,-0.75
gemma-2-2b,8,val,val,de,fr,vrai,"Das Gegenteil von ""vrai"" ist """,faux,0,0,24.125,23.875,-0.25
gemma-2-2b,8,val,freq,de,fr,vrai,"Das Gegenteil von ""vrai"" ist """,faux,0,2,24.125,21.875,-2.25
gemma-2-2b,8,freq,desc,de,fr,vrai,"Das Gegenteil von ""vrai"" ist """,faux,0,0,24.125,23.125,-1.0
gemma-2-2b,8,freq,val,de,fr,vrai,"Das Gegenteil von ""vrai"" ist """,faux,0,0,24.125,21.75,-2.375
gemma-2-2b,8,freq,freq,de,fr,vrai,"Das Gegenteil von ""vrai"" ist """,faux,0,0,24.125,23.125,-1.0
gemma-2-2b,9,desc,desc,de,fr,vivant,"Das Gegenteil von ""vivant"" ist """,mort,0,1,21.875,21.5,-0.375
gemma-2-2b,9,desc,val,de,fr,vivant,"Das Gegenteil von ""vivant"" ist """,mort,0,1,21.875,20.75,-1.125
gemma-2-2b,9,desc,freq,de,fr,vivant,"Das Gegenteil von ""vivant"" ist """,mort,0,8,21.875,19.125,-2.75
gemma-2-2b,9,val,desc,de,fr,vivant,"Das Gegenteil von ""vivant"" ist """,mort,0,2,21.875,21.375,-0.5
gemma-2-2b,9,val,val,de,fr,vivant,"Das Gegenteil von ""vivant"" ist """,mort,0,2,21.875,21.875,0.0
gemma-2-2b,9,val,freq,de,fr,vivant,"Das Gegenteil von ""vivant"" ist """,mort,0,9,21.875,18.875,-3.0
gemma-2-2b,9,freq,desc,de,fr,vivant,"Das Gegenteil von ""vivant"" ist """,mort,0,2,21.875,21.25,-0.625
gemma-2-2b,9,freq,val,de,fr,vivant,"Das Gegenteil von ""vivant"" ist """,mort,0,1,21.875,19.875,-2.0
gemma-2-2b,9,freq,freq,de,fr,vivant,"Das Gegenteil von ""vivant"" ist """,mort,0,1,21.875,21.25,-0.625
gemma-2-2b,10,desc,desc,de,fr,plein,"Das Gegenteil von ""plein"" ist """,vide,1,4,21.375,20.375,-1.0
gemma-2-2b,10,desc,val,de,fr,plein,"Das Gegenteil von ""plein"" ist """,vide,1,9,21.375,18.5,-2.875
gemma-2-2b,10,desc,freq,de,fr,plein,"Das Gegenteil von ""plein"" ist """,vide,1,40,21.375,18.75,-2.625
gemma-2-2b,10,val,desc,de,fr,plein,"Das Gegenteil von ""plein"" ist """,vide,1,5,21.375,20.0,-1.375
gemma-2-2b,10,val,val,de,fr,plein,"Das Gegenteil von ""plein"" ist """,vide,1,5,21.375,20.75,-0.625
gemma-2-2b,10,val,freq,de,fr,plein,"Das Gegenteil von ""plein"" ist """,vide,1,113,21.375,17.0,-4.375
gemma-2-2b,10,freq,desc,de,fr,plein,"Das Gegenteil von ""plein"" ist """,vide,1,10,21.375,19.875,-1.5
gemma-2-2b,10,freq,val,de,fr,plein,"Das Gegenteil von ""plein"" ist """,vide,1,11,21.375,17.5,-3.875
gemma-2-2b,10,freq,freq,de,fr,plein,"Das Gegenteil von ""plein"" ist """,vide,1,10,21.375,19.75,-1.625
gemma-2-2b,11,desc,desc,de,fr,brillant,"Das Gegenteil von ""brillant"" ist """,sombre,16,16,19.75,19.75,0.0
gemma-2-2b,11,desc,val,de,fr,brillant,"Das Gegenteil von ""brillant"" ist """,sombre,16,13,19.75,18.625,-1.125
gemma-2-2b,11,desc,freq,de,fr,brillant,"Das Gegenteil von ""brillant"" ist """,sombre,16,17,19.75,19.125,-0.625
gemma-2-2b,11,val,desc,de,fr,brillant,"Das Gegenteil von ""brillant"" ist """,sombre,16,8,19.75,20.875,1.125
gemma-2-2b,11,val,val,de,fr,brillant,"Das Gegenteil von ""brillant"" ist """,sombre,16,15,19.75,20.375,0.625
gemma-2-2b,11,val,freq,de,fr,brillant,"Das Gegenteil von ""brillant"" ist """,sombre,16,7,19.75,20.375,0.625
gemma-2-2b,11,freq,desc,de,fr,brillant,"Das Gegenteil von ""brillant"" ist """,sombre,16,15,19.75,19.875,0.125
gemma-2-2b,11,freq,val,de,fr,brillant,"Das Gegenteil von ""brillant"" ist """,sombre,16,15,19.75,18.375,-1.375
gemma-2-2b,11,freq,freq,de,fr,brillant,"Das Gegenteil von ""brillant"" ist """,sombre,16,16,19.75,19.75,0.0
gemma-2-2b,12,desc,desc,de,fr,fort,"Das Gegenteil von ""fort"" ist """,faible,451,451,13.9375,13.9375,0.0
gemma-2-2b,12,desc,val,de,fr,fort,"Das Gegenteil von ""fort"" ist """,faible,451,311,13.9375,12.9375,-1.0
gemma-2-2b,12,desc,freq,de,fr,fort,"Das Gegenteil von ""fort"" ist """,faible,451,198,13.9375,15.8125,1.875
gemma-2-2b,12,val,desc,de,fr,fort,"Das Gegenteil von ""fort"" ist """,faible,451,166,13.9375,16.75,2.8125
gemma-2-2b,12,val,val,de,fr,fort,"Das Gegenteil von ""fort"" ist """,faible,451,398,13.9375,14.875,0.9375
gemma-2-2b,12,val,freq,de,fr,fort,"Das Gegenteil von ""fort"" ist """,faible,451,223,13.9375,16.125,2.1875
gemma-2-2b,12,freq,desc,de,fr,fort,"Das Gegenteil von ""fort"" ist """,faible,451,436,13.9375,14.0625,0.125
gemma-2-2b,12,freq,val,de,fr,fort,"Das Gegenteil von ""fort"" ist """,faible,451,584,13.9375,11.3125,-2.625
gemma-2-2b,12,freq,freq,de,fr,fort,"Das Gegenteil von ""fort"" ist """,faible,451,455,13.9375,13.875,-0.0625
gemma-2-2b,13,desc,desc,de,fr,propre,"Das Gegenteil von ""propre"" ist """,sale,9,146,20.125,17.625,-2.5
gemma-2-2b,13,desc,val,de,fr,propre,"Das Gegenteil von ""propre"" ist """,sale,9,121,20.125,16.0,-4.125
gemma-2-2b,13,desc,freq,de,fr,propre,"Das Gegenteil von ""propre"" ist """,sale,9,356,20.125,16.125,-4.0
gemma-2-2b,13,val,desc,de,fr,propre,"Das Gegenteil von ""propre"" ist """,sale,9,2,20.125,21.625,1.5
gemma-2-2b,13,val,val,de,fr,propre,"Das Gegenteil von ""propre"" ist """,sale,9,211,20.125,17.875,-2.25
gemma-2-2b,13,val,freq,de,fr,propre,"Das Gegenteil von ""propre"" ist """,sale,9,44,20.125,18.75,-1.375
gemma-2-2b,13,freq,desc,de,fr,propre,"Das Gegenteil von ""propre"" ist """,sale,9,520,20.125,16.125,-4.0
gemma-2-2b,13,freq,val,de,fr,propre,"Das Gegenteil von ""propre"" ist """,sale,9,434,20.125,13.9375,-6.1875
gemma-2-2b,13,freq,freq,de,fr,propre,"Das Gegenteil von ""propre"" ist """,sale,9,568,20.125,15.6875,-4.4375
gemma-2-2b,14,desc,desc,de,fr,ouvert,"Das Gegenteil von ""ouvert"" ist """,fermé,0,0,21.5,20.875,-0.625
gemma-2-2b,14,desc,val,de,fr,ouvert,"Das Gegenteil von ""ouvert"" ist """,fermé,0,0,21.5,20.75,-0.75
gemma-2-2b,14,desc,freq,de,fr,ouvert,"Das Gegenteil von ""ouvert"" ist """,fermé,0,0,21.5,22.25,0.75
gemma-2-2b,14,val,desc,de,fr,ouvert,"Das Gegenteil von ""ouvert"" ist """,fermé,0,0,21.5,22.75,1.25
gemma-2-2b,14,val,val,de,fr,ouvert,"Das Gegenteil von ""ouvert"" ist """,fermé,0,1,21.5,21.375,-0.125
gemma-2-2b,14,val,freq,de,fr,ouvert,"Das Gegenteil von ""ouvert"" ist """,fermé,0,0,21.5,22.75,1.25
gemma-2-2b,14,freq,desc,de,fr,ouvert,"Das Gegenteil von ""ouvert"" ist """,fermé,0,1,21.5,20.25,-1.25
gemma-2-2b,14,freq,val,de,fr,ouvert,"Das Gegenteil von ""ouvert"" ist """,fermé,0,1,21.5,18.75,-2.75
gemma-2-2b,14,freq,freq,de,fr,ouvert,"Das Gegenteil von ""ouvert"" ist """,fermé,0,1,21.5,20.125,-1.375
gemma-2-2b,15,desc,desc,de,fr,riche,"Das Gegenteil von ""riche"" ist """,pauvre,211,233,14.4375,14.3125,-0.125
gemma-2-2b,15,desc,val,de,fr,riche,"Das Gegenteil von ""riche"" ist """,pauvre,211,228,14.4375,12.625,-1.8125
gemma-2-2b,15,desc,freq,de,fr,riche,"Das Gegenteil von ""riche"" ist """,pauvre,211,242,14.4375,14.6875,0.25
gemma-2-2b,15,val,desc,de,fr,riche,"Das Gegenteil von ""riche"" ist """,pauvre,211,138,14.4375,15.125,0.6875
gemma-2-2b,15,val,val,de,fr,riche,"Das Gegenteil von ""riche"" ist """,pauvre,211,199,14.4375,15.25,0.8125
gemma-2-2b,15,val,freq,de,fr,riche,"Das Gegenteil von ""riche"" ist """,pauvre,211,76,14.4375,15.9375,1.5
gemma-2-2b,15,freq,desc,de,fr,riche,"Das Gegenteil von ""riche"" ist """,pauvre,211,220,14.4375,14.5,0.0625
gemma-2-2b,15,freq,val,de,fr,riche,"Das Gegenteil von ""riche"" ist """,pauvre,211,246,14.4375,12.25,-2.1875
gemma-2-2b,15,freq,freq,de,fr,riche,"Das Gegenteil von ""riche"" ist """,pauvre,211,230,14.4375,14.4375,0.0
gemma-2-2b,16,desc,desc,de,fr,beau,"Das Gegenteil von ""beau"" ist """,laid,2569,11614,11.8125,9.1875,-2.625
gemma-2-2b,16,desc,val,de,fr,beau,"Das Gegenteil von ""beau"" ist """,laid,2569,5580,11.8125,8.375,-3.4375
gemma-2-2b,16,desc,freq,de,fr,beau,"Das Gegenteil von ""beau"" ist """,laid,2569,34148,11.8125,6.0,-5.8125
gemma-2-2b,16,val,desc,de,fr,beau,"Das Gegenteil von ""beau"" ist """,laid,2569,497,11.8125,15.375,3.5625
gemma-2-2b,16,val,val,de,fr,beau,"Das Gegenteil von ""beau"" ist """,laid,2569,9897,11.8125,10.125,-1.6875
gemma-2-2b,16,val,freq,de,fr,beau,"Das Gegenteil von ""beau"" ist """,laid,2569,11492,11.8125,8.375,-3.4375
gemma-2-2b,16,freq,desc,de,fr,beau,"Das Gegenteil von ""beau"" ist """,laid,2569,25887,11.8125,7.5,-4.3125
gemma-2-2b,16,freq,val,de,fr,beau,"Das Gegenteil von ""beau"" ist """,laid,2569,25754,11.8125,5.09375,-6.71875
gemma-2-2b,16,freq,freq,de,fr,beau,"Das Gegenteil von ""beau"" ist """,laid,2569,26947,11.8125,7.40625,-4.40625
gemma-2-2b,17,desc,desc,de,fr,long,"Das Gegenteil von ""long"" ist """,court,848,848,13.0,13.0,0.0
gemma-2-2b,17,desc,val,de,fr,long,"Das Gegenteil von ""long"" ist """,court,848,446,13.0,12.4375,-0.5625
gemma-2-2b,17,desc,freq,de,fr,long,"Das Gegenteil von ""long"" ist """,court,848,174,13.0,16.25,3.25
gemma-2-2b,17,val,desc,de,fr,long,"Das Gegenteil von ""long"" ist """,court,848,100,13.0,17.75,4.75
gemma-2-2b,17,val,val,de,fr,long,"Das Gegenteil von ""long"" ist """,court,848,884,13.0,14.4375,1.4375
gemma-2-2b,17,val,freq,de,fr,long,"Das Gegenteil von ""long"" ist """,court,848,43,13.0,18.625,5.625
gemma-2-2b,17,freq,desc,de,fr,long,"Das Gegenteil von ""long"" ist """,court,848,942,13.0,12.6875,-0.3125
gemma-2-2b,17,freq,val,de,fr,long,"Das Gegenteil von ""long"" ist """,court,848,990,13.0,10.75,-2.25
gemma-2-2b,17,freq,freq,de,fr,long,"Das Gegenteil von ""long"" ist """,court,848,861,13.0,13.0,0.0
gemma-2-2b,18,desc,desc,de,fr,large,"Das Gegenteil von ""large"" ist """,étroit,2426,2709,10.5,10.25,-0.25
gemma-2-2b,18,desc,val,de,fr,large,"Das Gegenteil von ""large"" ist """,étroit,2426,4973,10.5,7.0,-3.5
gemma-2-2b,18,desc,freq,de,fr,large,"Das Gegenteil von ""large"" ist """,étroit,2426,4366,10.5,9.875,-0.625
gemma-2-2b,18,val,desc,de,fr,large,"Das Gegenteil von ""large"" ist """,étroit,2426,1771,10.5,12.4375,1.9375
gemma-2-2b,18,val,val,de,fr,large,"Das Gegenteil von ""large"" ist """,étroit,2426,2965,10.5,11.5625,1.0625
gemma-2-2b,18,val,freq,de,fr,large,"Das Gegenteil von ""large"" ist """,étroit,2426,2499,10.5,11.4375,0.9375
gemma-2-2b,18,freq,desc,de,fr,large,"Das Gegenteil von ""large"" ist """,étroit,2426,2572,10.5,10.1875,-0.3125
gemma-2-2b,18,freq,val,de,fr,large,"Das Gegenteil von ""large"" ist """,étroit,2426,3458,10.5,7.5,-3.0
gemma-2-2b,18,freq,freq,de,fr,large,"Das Gegenteil von ""large"" ist """,étroit,2426,2819,10.5,10.0625,-0.4375
gemma-2-2b,19,desc,desc,de,fr,dur,"Das Gegenteil von ""dur"" ist """,mou,4901,5809,13.6875,13.375,-0.3125
gemma-2-2b,19,desc,val,de,fr,dur,"Das Gegenteil von ""dur"" ist """,mou,4901,6415,13.6875,11.0625,-2.625
gemma-2-2b,19,desc,freq,de,fr,dur,"Das Gegenteil von ""dur"" ist """,mou,4901,12619,13.6875,11.6875,-2.0
gemma-2-2b,19,val,desc,de,fr,dur,"Das Gegenteil von ""dur"" ist """,mou,4901,1797,13.6875,16.25,2.5625
gemma-2-2b,19,val,val,de,fr,dur,"Das Gegenteil von ""dur"" ist """,mou,4901,6204,13.6875,13.8125,0.125
gemma-2-2b,19,val,freq,de,fr,dur,"Das Gegenteil von ""dur"" ist """,mou,4901,7239,13.6875,12.875,-0.8125
gemma-2-2b,19,freq,desc,de,fr,dur,"Das Gegenteil von ""dur"" ist """,mou,4901,5134,13.6875,13.8125,0.125
gemma-2-2b,19,freq,val,de,fr,dur,"Das Gegenteil von ""dur"" ist """,mou,4901,6332,13.6875,10.9375,-2.75
gemma-2-2b,19,freq,freq,de,fr,dur,"Das Gegenteil von ""dur"" ist """,mou,4901,5871,13.6875,13.375,-0.3125
gemma-2-2b,20,desc,desc,de,fr,sec,"Das Gegenteil von ""sec"" ist """,humide,4344,4199,12.75,12.875,0.125
gemma-2-2b,20,desc,val,de,fr,sec,"Das Gegenteil von ""sec"" ist """,humide,4344,2540,12.75,11.5,-1.25
gemma-2-2b,20,desc,freq,de,fr,sec,"Das Gegenteil von ""sec"" ist """,humide,4344,2715,12.75,14.125,1.375
gemma-2-2b,20,val,desc,de,fr,sec,"Das Gegenteil von ""sec"" ist """,humide,4344,4112,12.75,13.4375,0.6875
gemma-2-2b,20,val,val,de,fr,sec,"Das Gegenteil von ""sec"" ist """,humide,4344,4589,12.75,13.375,0.625
gemma-2-2b,20,val,freq,de,fr,sec,"Das Gegenteil von ""sec"" ist """,humide,4344,6753,12.75,12.125,-0.625
gemma-2-2b,20,freq,desc,de,fr,sec,"Das Gegenteil von ""sec"" ist """,humide,4344,4314,12.75,12.9375,0.1875
gemma-2-2b,20,freq,val,de,fr,sec,"Das Gegenteil von ""sec"" ist """,humide,4344,5013,12.75,9.875,-2.875
gemma-2-2b,20,freq,freq,de,fr,sec,"Das Gegenteil von ""sec"" ist """,humide,4344,4297,12.75,12.8125,0.0625
gemma-2-2b,21,desc,desc,de,fr,fort,"Das Gegenteil von ""fort"" ist """,doux,167,167,15.6875,15.6875,0.0
gemma-2-2b,21,desc,val,de,fr,fort,"Das Gegenteil von ""fort"" ist """,doux,167,241,15.6875,13.375,-2.3125
gemma-2-2b,21,desc,freq,de,fr,fort,"Das Gegenteil von ""fort"" ist """,doux,167,298,15.6875,15.375,-0.3125
gemma-2-2b,21,val,desc,de,fr,fort,"Das Gegenteil von ""fort"" ist """,doux,167,102,15.6875,17.625,1.9375
gemma-2-2b,21,val,val,de,fr,fort,"Das Gegenteil von ""fort"" ist """,doux,167,162,15.6875,16.5,0.8125
gemma-2-2b,21,val,freq,de,fr,fort,"Das Gegenteil von ""fort"" ist """,doux,167,106,15.6875,17.5,1.8125
gemma-2-2b,21,freq,desc,de,fr,fort,"Das Gegenteil von ""fort"" ist """,doux,167,202,15.6875,15.5,-0.1875
gemma-2-2b,21,freq,val,de,fr,fort,"Das Gegenteil von ""fort"" ist """,doux,167,215,15.6875,13.125,-2.5625
gemma-2-2b,21,freq,freq,de,fr,fort,"Das Gegenteil von ""fort"" ist """,doux,167,172,15.6875,15.5625,-0.125
gemma-2-2b,22,desc,desc,de,fr,tôt,"Das Gegenteil von ""tôt"" ist """,tard,0,1,23.125,23.375,0.25
gemma-2-2b,22,desc,val,de,fr,tôt,"Das Gegenteil von ""tôt"" ist """,tard,0,1,23.125,21.875,-1.25
gemma-2-2b,22,desc,freq,de,fr,tôt,"Das Gegenteil von ""tôt"" ist """,tard,0,1,23.125,22.0,-1.125
gemma-2-2b,22,val,desc,de,fr,tôt,"Das Gegenteil von ""tôt"" ist """,tard,0,1,23.125,23.5,0.375
gemma-2-2b,22,val,val,de,fr,tôt,"Das Gegenteil von ""tôt"" ist """,tard,0,0,23.125,24.125,1.0
gemma-2-2b,22,val,freq,de,fr,tôt,"Das Gegenteil von ""tôt"" ist """,tard,0,1,23.125,23.25,0.125
gemma-2-2b,22,freq,desc,de,fr,tôt,"Das Gegenteil von ""tôt"" ist """,tard,0,1,23.125,23.25,0.125
gemma-2-2b,22,freq,val,de,fr,tôt,"Das Gegenteil von ""tôt"" ist """,tard,0,1,23.125,22.0,-1.125
gemma-2-2b,22,freq,freq,de,fr,tôt,"Das Gegenteil von ""tôt"" ist """,tard,0,1,23.125,23.125,0.0
gemma-2-2b,23,desc,desc,de,fr,proche,"Das Gegenteil von ""proche"" ist """,loin,40,61,18.125,17.75,-0.375
gemma-2-2b,23,desc,val,de,fr,proche,"Das Gegenteil von ""proche"" ist """,loin,40,55,18.125,16.25,-1.875
gemma-2-2b,23,desc,freq,de,fr,proche,"Das Gegenteil von ""proche"" ist """,loin,40,95,18.125,16.75,-1.375
gemma-2-2b,23,val,desc,de,fr,proche,"Das Gegenteil von ""proche"" ist """,loin,40,3,18.125,21.625,3.5
gemma-2-2b,23,val,val,de,fr,proche,"Das Gegenteil von ""proche"" ist """,loin,40,24,18.125,19.5,1.375
gemma-2-2b,23,val,freq,de,fr,proche,"Das Gegenteil von ""proche"" ist """,loin,40,5,18.125,20.625,2.5
gemma-2-2b,23,freq,desc,de,fr,proche,"Das Gegenteil von ""proche"" ist """,loin,40,73,18.125,17.375,-0.75
gemma-2-2b,23,freq,val,de,fr,proche,"Das Gegenteil von ""proche"" ist """,loin,40,39,18.125,16.5,-1.625
gemma-2-2b,23,freq,freq,de,fr,proche,"Das Gegenteil von ""proche"" ist """,loin,40,60,18.125,17.625,-0.5
gemma-2-2b,24,desc,desc,de,fr,profond,"Das Gegenteil von ""profond"" ist """,peu profond,93,434,17.5,15.5625,-1.9375
gemma-2-2b,24,desc,val,de,fr,profond,"Das Gegenteil von ""profond"" ist """,peu profond,93,491,17.5,14.0625,-3.4375
gemma-2-2b,24,desc,freq,de,fr,profond,"Das Gegenteil von ""profond"" ist """,peu profond,93,424,17.5,15.6875,-1.8125
gemma-2-2b,24,val,desc,de,fr,profond,"Das Gegenteil von ""profond"" ist """,peu profond,93,95,17.5,18.25,0.75
gemma-2-2b,24,val,val,de,fr,profond,"Das Gegenteil von ""profond"" ist """,peu profond,93,432,17.5,16.5,-1.0
gemma-2-2b,24,val,freq,de,fr,profond,"Das Gegenteil von ""profond"" ist """,peu profond,93,285,17.5,16.125,-1.375
gemma-2-2b,24,freq,desc,de,fr,profond,"Das Gegenteil von ""profond"" ist """,peu profond,93,554,17.5,15.375,-2.125
gemma-2-2b,24,freq,val,de,fr,profond,"Das Gegenteil von ""profond"" ist """,peu profond,93,552,17.5,13.4375,-4.0625
gemma-2-2b,24,freq,freq,de,fr,profond,"Das Gegenteil von ""profond"" ist """,peu profond,93,503,17.5,15.375,-2.125
gemma-2-2b,25,desc,desc,de,fr,mauvais,"Das Gegenteil von ""mauvais"" ist """,bon,0,0,22.75,23.0,0.25
gemma-2-2b,25,desc,val,de,fr,mauvais,"Das Gegenteil von ""mauvais"" ist """,bon,0,0,22.75,21.875,-0.875
gemma-2-2b,25,desc,freq,de,fr,mauvais,"Das Gegenteil von ""mauvais"" ist """,bon,0,1,22.75,21.5,-1.25
gemma-2-2b,25,val,desc,de,fr,mauvais,"Das Gegenteil von ""mauvais"" ist """,bon,0,0,22.75,22.5,-0.25
gemma-2-2b,25,val,val,de,fr,mauvais,"Das Gegenteil von ""mauvais"" ist """,bon,0,0,22.75,23.25,0.5
gemma-2-2b,25,val,freq,de,fr,mauvais,"Das Gegenteil von ""mauvais"" ist """,bon,0,1,22.75,20.375,-2.375
gemma-2-2b,25,freq,desc,de,fr,mauvais,"Das Gegenteil von ""mauvais"" ist """,bon,0,0,22.75,22.75,0.0
gemma-2-2b,25,freq,val,de,fr,mauvais,"Das Gegenteil von ""mauvais"" ist """,bon,0,0,22.75,21.0,-1.75
gemma-2-2b,25,freq,freq,de,fr,mauvais,"Das Gegenteil von ""mauvais"" ist """,bon,0,0,22.75,22.75,0.0
gemma-2-2b,26,desc,desc,de,fr,triste,"Das Gegenteil von ""triste"" ist """,heureux,61,61,15.375,15.375,0.0
gemma-2-2b,26,desc,val,de,fr,triste,"Das Gegenteil von ""triste"" ist """,heureux,61,74,15.375,13.5625,-1.8125
gemma-2-2b,26,desc,freq,de,fr,triste,"Das Gegenteil von ""triste"" ist """,heureux,61,5,15.375,18.0,2.625
gemma-2-2b,26,val,desc,de,fr,triste,"Das Gegenteil von ""triste"" ist """,heureux,61,10,15.375,17.0,1.625
gemma-2-2b,26,val,val,de,fr,triste,"Das Gegenteil von ""triste"" ist """,heureux,61,55,15.375,15.5625,0.1875
gemma-2-2b,26,val,freq,de,fr,triste,"Das Gegenteil von ""triste"" ist """,heureux,61,0,15.375,19.875,4.5
gemma-2-2b,26,freq,desc,de,fr,triste,"Das Gegenteil von ""triste"" ist """,heureux,61,72,15.375,15.0,-0.375
gemma-2-2b,26,freq,val,de,fr,triste,"Das Gegenteil von ""triste"" ist """,heureux,61,41,15.375,14.3125,-1.0625
gemma-2-2b,26,freq,freq,de,fr,triste,"Das Gegenteil von ""triste"" ist """,heureux,61,61,15.375,15.375,0.0
gemma-2-2b,27,desc,desc,de,fr,petit,"Das Gegenteil von ""petit"" ist """,grand,0,0,23.5,23.5,0.0
gemma-2-2b,27,desc,val,de,fr,petit,"Das Gegenteil von ""petit"" ist """,grand,0,0,23.5,22.75,-0.75
gemma-2-2b,27,desc,freq,de,fr,petit,"Das Gegenteil von ""petit"" ist """,grand,0,0,23.5,23.5,0.0
gemma-2-2b,27,val,desc,de,fr,petit,"Das Gegenteil von ""petit"" ist """,grand,0,0,23.5,23.5,0.0
gemma-2-2b,27,val,val,de,fr,petit,"Das Gegenteil von ""petit"" ist """,grand,0,1,23.5,23.875,0.375
gemma-2-2b,27,val,freq,de,fr,petit,"Das Gegenteil von ""petit"" ist """,grand,0,0,23.5,23.25,-0.25
gemma-2-2b,27,freq,desc,de,fr,petit,"Das Gegenteil von ""petit"" ist """,grand,0,1,23.5,23.375,-0.125
gemma-2-2b,27,freq,val,de,fr,petit,"Das Gegenteil von ""petit"" ist """,grand,0,1,23.5,22.125,-1.375
gemma-2-2b,27,freq,freq,de,fr,petit,"Das Gegenteil von ""petit"" ist """,grand,0,0,23.5,23.5,0.0
gemma-2-2b,28,desc,desc,de,fr,froid,"Das Gegenteil von ""froid"" ist """,chaud,3,51,18.75,15.375,-3.375
gemma-2-2b,28,desc,val,de,fr,froid,"Das Gegenteil von ""froid"" ist """,chaud,3,51,18.75,13.75,-5.0
gemma-2-2b,28,desc,freq,de,fr,froid,"Das Gegenteil von ""froid"" ist """,chaud,3,9,18.75,17.5,-1.25
gemma-2-2b,28,val,desc,de,fr,froid,"Das Gegenteil von ""froid"" ist """,chaud,3,6,18.75,18.25,-0.5
gemma-2-2b,28,val,val,de,fr,froid,"Das Gegenteil von ""froid"" ist """,chaud,3,54,18.75,16.125,-2.625
gemma-2-2b,28,val,freq,de,fr,froid,"Das Gegenteil von ""froid"" ist """,chaud,3,8,18.75,17.875,-0.875
gemma-2-2b,28,freq,desc,de,fr,froid,"Das Gegenteil von ""froid"" ist """,chaud,3,83,18.75,14.75,-4.0
gemma-2-2b,28,freq,val,de,fr,froid,"Das Gegenteil von ""froid"" ist """,chaud,3,104,18.75,12.3125,-6.4375
gemma-2-2b,28,freq,freq,de,fr,froid,"Das Gegenteil von ""froid"" ist """,chaud,3,84,18.75,14.875,-3.875
gemma-2-2b,29,desc,desc,de,fr,lent,"Das Gegenteil von ""lent"" ist """,rapide,2206,2206,15.5,15.5,0.0
gemma-2-2b,29,desc,val,de,fr,lent,"Das Gegenteil von ""lent"" ist """,rapide,2206,3536,15.5,12.5,-3.0
gemma-2-2b,29,desc,freq,de,fr,lent,"Das Gegenteil von ""lent"" ist """,rapide,2206,1223,15.5,15.9375,0.4375
gemma-2-2b,29,val,desc,de,fr,lent,"Das Gegenteil von ""lent"" ist """,rapide,2206,1146,15.5,16.75,1.25
gemma-2-2b,29,val,val,de,fr,lent,"Das Gegenteil von ""lent"" ist """,rapide,2206,1899,15.5,16.125,0.625
gemma-2-2b,29,val,freq,de,fr,lent,"Das Gegenteil von ""lent"" ist """,rapide,2206,971,15.5,16.125,0.625
gemma-2-2b,29,freq,desc,de,fr,lent,"Das Gegenteil von ""lent"" ist """,rapide,2206,1872,15.5,15.8125,0.3125
gemma-2-2b,29,freq,val,de,fr,lent,"Das Gegenteil von ""lent"" ist """,rapide,2206,2848,15.5,12.6875,-2.8125
gemma-2-2b,29,freq,freq,de,fr,lent,"Das Gegenteil von ""lent"" ist """,rapide,2206,2227,15.5,15.5,0.0
gemma-2-2b,30,desc,desc,de,fr,lourd,"Das Gegenteil von ""lourd"" ist """,léger,0,0,22.625,23.0,0.375
gemma-2-2b,30,desc,val,de,fr,lourd,"Das Gegenteil von ""lourd"" ist """,léger,0,0,22.625,21.375,-1.25
gemma-2-2b,30,desc,freq,de,fr,lourd,"Das Gegenteil von ""lourd"" ist """,léger,0,1,22.625,21.625,-1.0
gemma-2-2b,30,val,desc,de,fr,lourd,"Das Gegenteil von ""lourd"" ist """,léger,0,0,22.625,22.875,0.25
gemma-2-2b,30,val,val,de,fr,lourd,"Das Gegenteil von ""lourd"" ist """,léger,0,2,22.625,22.875,0.25
gemma-2-2b,30,val,freq,de,fr,lourd,"Das Gegenteil von ""lourd"" ist """,léger,0,1,22.625,21.625,-1.0
gemma-2-2b,30,freq,desc,de,fr,lourd,"Das Gegenteil von ""lourd"" ist """,léger,0,1,22.625,22.75,0.125
gemma-2-2b,30,freq,val,de,fr,lourd,"Das Gegenteil von ""lourd"" ist """,léger,0,2,22.625,21.0,-1.625
gemma-2-2b,30,freq,freq,de,fr,lourd,"Das Gegenteil von ""lourd"" ist """,léger,0,1,22.625,22.5,-0.125
gemma-2-2b,31,desc,desc,de,fr,difficile,"Das Gegenteil von ""difficile"" ist """,facile,0,0,23.5,23.5,0.0
gemma-2-2b,31,desc,val,de,fr,difficile,"Das Gegenteil von ""difficile"" ist """,facile,0,0,23.5,23.0,-0.5
gemma-2-2b,31,desc,freq,de,fr,difficile,"Das Gegenteil von ""difficile"" ist """,facile,0,0,23.5,24.75,1.25
gemma-2-2b,31,val,desc,de,fr,difficile,"Das Gegenteil von ""difficile"" ist """,facile,0,0,23.5,24.375,0.875
gemma-2-2b,31,val,val,de,fr,difficile,"Das Gegenteil von ""difficile"" ist """,facile,0,0,23.5,24.0,0.5
gemma-2-2b,31,val,freq,de,fr,difficile,"Das Gegenteil von ""difficile"" ist """,facile,0,0,23.5,24.5,1.0
gemma-2-2b,31,freq,desc,de,fr,difficile,"Das Gegenteil von ""difficile"" ist """,facile,0,0,23.5,23.5,0.0
gemma-2-2b,31,freq,val,de,fr,difficile,"Das Gegenteil von ""difficile"" ist """,facile,0,0,23.5,22.25,-1.25
gemma-2-2b,31,freq,freq,de,fr,difficile,"Das Gegenteil von ""difficile"" ist """,facile,0,0,23.5,23.375,-0.125
gemma-2-2b,32,desc,desc,de,fr,vieux,"Das Gegenteil von ""vieux"" ist """,nouveau,0,0,23.125,22.375,-0.75
gemma-2-2b,32,desc,val,de,fr,vieux,"Das Gegenteil von ""vieux"" ist """,nouveau,0,0,23.125,21.0,-2.125
gemma-2-2b,32,desc,freq,de,fr,vieux,"Das Gegenteil von ""vieux"" ist """,nouveau,0,2,23.125,21.0,-2.125
gemma-2-2b,32,val,desc,de,fr,vieux,"Das Gegenteil von ""vieux"" ist """,nouveau,0,0,23.125,22.0,-1.125
gemma-2-2b,32,val,val,de,fr,vieux,"Das Gegenteil von ""vieux"" ist """,nouveau,0,0,23.125,22.375,-0.75
gemma-2-2b,32,val,freq,de,fr,vieux,"Das Gegenteil von ""vieux"" ist """,nouveau,0,2,23.125,20.625,-2.5
gemma-2-2b,32,freq,desc,de,fr,vieux,"Das Gegenteil von ""vieux"" ist """,nouveau,0,0,23.125,21.875,-1.25
gemma-2-2b,32,freq,val,de,fr,vieux,"Das Gegenteil von ""vieux"" ist """,nouveau,0,0,23.125,20.75,-2.375
gemma-2-2b,32,freq,freq,de,fr,vieux,"Das Gegenteil von ""vieux"" ist """,nouveau,0,0,23.125,22.0,-1.125
gemma-2-2b,33,desc,desc,de,fr,faux,"Das Gegenteil von ""faux"" ist """,vrai,5,29,19.25,17.75,-1.5
gemma-2-2b,33,desc,val,de,fr,faux,"Das Gegenteil von ""faux"" ist """,vrai,5,16,19.25,16.75,-2.5
gemma-2-2b,33,desc,freq,de,fr,faux,"Das Gegenteil von ""faux"" ist """,vrai,5,5,19.25,19.5,0.25
gemma-2-2b,33,val,desc,de,fr,faux,"Das Gegenteil von ""faux"" ist """,vrai,5,5,19.25,20.375,1.125
gemma-2-2b,33,val,val,de,fr,faux,"Das Gegenteil von ""faux"" ist """,vrai,5,26,19.25,18.5,-0.75
gemma-2-2b,33,val,freq,de,fr,faux,"Das Gegenteil von ""faux"" ist """,vrai,5,5,19.25,20.125,0.875
gemma-2-2b,33,freq,desc,de,fr,faux,"Das Gegenteil von ""faux"" ist """,vrai,5,19,19.25,18.125,-1.125
gemma-2-2b,33,freq,val,de,fr,faux,"Das Gegenteil von ""faux"" ist """,vrai,5,33,19.25,15.5,-3.75
gemma-2-2b,33,freq,freq,de,fr,faux,"Das Gegenteil von ""faux"" ist """,vrai,5,29,19.25,17.75,-1.5
gemma-2-2b,34,desc,desc,de,fr,mort,"Das Gegenteil von ""mort"" ist """,vivant,0,0,24.0,23.75,-0.25
gemma-2-2b,34,desc,val,de,fr,mort,"Das Gegenteil von ""mort"" ist """,vivant,0,0,24.0,23.375,-0.625
gemma-2-2b,34,desc,freq,de,fr,mort,"Das Gegenteil von ""mort"" ist """,vivant,0,0,24.0,23.875,-0.125
gemma-2-2b,34,val,desc,de,fr,mort,"Das Gegenteil von ""mort"" ist """,vivant,0,0,24.0,24.5,0.5
gemma-2-2b,34,val,val,de,fr,mort,"Das Gegenteil von ""mort"" ist """,vivant,0,1,24.0,24.125,0.125
gemma-2-2b,34,val,freq,de,fr,mort,"Das Gegenteil von ""mort"" ist """,vivant,0,1,24.0,23.5,-0.5
gemma-2-2b,34,freq,desc,de,fr,mort,"Das Gegenteil von ""mort"" ist """,vivant,0,0,24.0,24.0,0.0
gemma-2-2b,34,freq,val,de,fr,mort,"Das Gegenteil von ""mort"" ist """,vivant,0,0,24.0,22.625,-1.375
gemma-2-2b,34,freq,freq,de,fr,mort,"Das Gegenteil von ""mort"" ist """,vivant,0,0,24.0,23.75,-0.25
gemma-2-2b,35,desc,desc,de,fr,vide,"Das Gegenteil von ""vide"" ist """,plein,3401,4173,15.5625,15.25,-0.3125
gemma-2-2b,35,desc,val,de,fr,vide,"Das Gegenteil von ""vide"" ist """,plein,3401,3442,15.5625,13.375,-2.1875
gemma-2-2b,35,desc,freq,de,fr,vide,"Das Gegenteil von ""vide"" ist """,plein,3401,1999,15.5625,15.9375,0.375
gemma-2-2b,35,val,desc,de,fr,vide,"Das Gegenteil von ""vide"" ist """,plein,3401,6089,15.5625,14.5625,-1.0
gemma-2-2b,35,val,val,de,fr,vide,"Das Gegenteil von ""vide"" ist """,plein,3401,3709,15.5625,15.6875,0.125
gemma-2-2b,35,val,freq,de,fr,vide,"Das Gegenteil von ""vide"" ist """,plein,3401,1862,15.5625,16.0,0.4375
gemma-2-2b,35,freq,desc,de,fr,vide,"Das Gegenteil von ""vide"" ist """,plein,3401,4853,15.5625,15.125,-0.4375
gemma-2-2b,35,freq,val,de,fr,vide,"Das Gegenteil von ""vide"" ist """,plein,3401,3020,15.5625,13.625,-1.9375
gemma-2-2b,35,freq,freq,de,fr,vide,"Das Gegenteil von ""vide"" ist """,plein,3401,4148,15.5625,15.25,-0.3125
gemma-2-2b,36,desc,desc,de,fr,sombre,"Das Gegenteil von ""sombre"" ist """,clair,6,7,22.0,21.0,-1.0
gemma-2-2b,36,desc,val,de,fr,sombre,"Das Gegenteil von ""sombre"" ist """,clair,6,9,22.0,19.5,-2.5
gemma-2-2b,36,desc,freq,de,fr,sombre,"Das Gegenteil von ""sombre"" ist """,clair,6,24,22.0,20.625,-1.375
gemma-2-2b,36,val,desc,de,fr,sombre,"Das Gegenteil von ""sombre"" ist """,clair,6,4,22.0,21.875,-0.125
gemma-2-2b,36,val,val,de,fr,sombre,"Das Gegenteil von ""sombre"" ist """,clair,6,6,22.0,21.375,-0.625
gemma-2-2b,36,val,freq,de,fr,sombre,"Das Gegenteil von ""sombre"" ist """,clair,6,6,22.0,21.125,-0.875
gemma-2-2b,36,freq,desc,de,fr,sombre,"Das Gegenteil von ""sombre"" ist """,clair,6,6,22.0,20.75,-1.25
gemma-2-2b,36,freq,val,de,fr,sombre,"Das Gegenteil von ""sombre"" ist """,clair,6,6,22.0,19.125,-2.875
gemma-2-2b,36,freq,freq,de,fr,sombre,"Das Gegenteil von ""sombre"" ist """,clair,6,7,22.0,21.0,-1.0
gemma-2-2b,37,desc,desc,de,fr,faible,"Das Gegenteil von ""faible"" ist """,fort,0,0,22.125,22.875,0.75
gemma-2-2b,37,desc,val,de,fr,faible,"Das Gegenteil von ""faible"" ist """,fort,0,0,22.125,21.75,-0.375
gemma-2-2b,37,desc,freq,de,fr,faible,"Das Gegenteil von ""faible"" ist """,fort,0,1,22.125,22.125,0.0
gemma-2-2b,37,val,desc,de,fr,faible,"Das Gegenteil von ""faible"" ist """,fort,0,0,22.125,22.625,0.5
gemma-2-2b,37,val,val,de,fr,faible,"Das Gegenteil von ""faible"" ist """,fort,0,0,22.125,23.0,0.875
gemma-2-2b,37,val,freq,de,fr,faible,"Das Gegenteil von ""faible"" ist """,fort,0,1,22.125,21.875,-0.25
gemma-2-2b,37,freq,desc,de,fr,faible,"Das Gegenteil von ""faible"" ist """,fort,0,1,22.125,21.75,-0.375
gemma-2-2b,37,freq,val,de,fr,faible,"Das Gegenteil von ""faible"" ist """,fort,0,2,22.125,20.0,-2.125
gemma-2-2b,37,freq,freq,de,fr,faible,"Das Gegenteil von ""faible"" ist """,fort,0,1,22.125,21.75,-0.375
gemma-2-2b,38,desc,desc,de,fr,sale,"Das Gegenteil von ""sale"" ist """,propre,266,284,18.75,18.75,0.0
gemma-2-2b,38,desc,val,de,fr,sale,"Das Gegenteil von ""sale"" ist """,propre,266,289,18.75,16.125,-2.625
gemma-2-2b,38,desc,freq,de,fr,sale,"Das Gegenteil von ""sale"" ist """,propre,266,162,18.75,18.75,0.0
gemma-2-2b,38,val,desc,de,fr,sale,"Das Gegenteil von ""sale"" ist """,propre,266,96,18.75,20.0,1.25
gemma-2-2b,38,val,val,de,fr,sale,"Das Gegenteil von ""sale"" ist """,propre,266,226,18.75,19.125,0.375
gemma-2-2b,38,val,freq,de,fr,sale,"Das Gegenteil von ""sale"" ist """,propre,266,93,18.75,19.375,0.625
gemma-2-2b,38,freq,desc,de,fr,sale,"Das Gegenteil von ""sale"" ist """,propre,266,274,18.75,18.75,0.0
gemma-2-2b,38,freq,val,de,fr,sale,"Das Gegenteil von ""sale"" ist """,propre,266,325,18.75,15.6875,-3.0625
gemma-2-2b,38,freq,freq,de,fr,sale,"Das Gegenteil von ""sale"" ist """,propre,266,243,18.75,18.875,0.125
gemma-2-2b,39,desc,desc,de,fr,fermé,"Das Gegenteil von ""fermé"" ist """,ouvert,1,4,20.75,19.25,-1.5
gemma-2-2b,39,desc,val,de,fr,fermé,"Das Gegenteil von ""fermé"" ist """,ouvert,1,5,20.75,17.125,-3.625
gemma-2-2b,39,desc,freq,de,fr,fermé,"Das Gegenteil von ""fermé"" ist """,ouvert,1,13,20.75,17.625,-3.125
gemma-2-2b,39,val,desc,de,fr,fermé,"Das Gegenteil von ""fermé"" ist """,ouvert,1,2,20.75,19.875,-0.875
gemma-2-2b,39,val,val,de,fr,fermé,"Das Gegenteil von ""fermé"" ist """,ouvert,1,6,20.75,19.5,-1.25
gemma-2-2b,39,val,freq,de,fr,fermé,"Das Gegenteil von ""fermé"" ist """,ouvert,1,17,20.75,17.375,-3.375
gemma-2-2b,39,freq,desc,de,fr,fermé,"Das Gegenteil von ""fermé"" ist """,ouvert,1,7,20.75,18.625,-2.125
gemma-2-2b,39,freq,val,de,fr,fermé,"Das Gegenteil von ""fermé"" ist """,ouvert,1,9,20.75,16.5,-4.25
gemma-2-2b,39,freq,freq,de,fr,fermé,"Das Gegenteil von ""fermé"" ist """,ouvert,1,8,20.75,18.5,-2.25
gemma-2-2b,40,desc,desc,de,fr,pauvre,"Das Gegenteil von ""pauvre"" ist """,riche,0,0,21.875,21.25,-0.625
gemma-2-2b,40,desc,val,de,fr,pauvre,"Das Gegenteil von ""pauvre"" ist """,riche,0,0,21.875,20.0,-1.875
gemma-2-2b,40,desc,freq,de,fr,pauvre,"Das Gegenteil von ""pauvre"" ist """,riche,0,12,21.875,18.125,-3.75
gemma-2-2b,40,val,desc,de,fr,pauvre,"Das Gegenteil von ""pauvre"" ist """,riche,0,0,21.875,21.5,-0.375
gemma-2-2b,40,val,val,de,fr,pauvre,"Das Gegenteil von ""pauvre"" ist """,riche,0,0,21.875,21.875,0.0
gemma-2-2b,40,val,freq,de,fr,pauvre,"Das Gegenteil von ""pauvre"" ist """,riche,0,9,21.875,18.875,-3.0
gemma-2-2b,40,freq,desc,de,fr,pauvre,"Das Gegenteil von ""pauvre"" ist """,riche,0,0,21.875,21.625,-0.25
gemma-2-2b,40,freq,val,de,fr,pauvre,"Das Gegenteil von ""pauvre"" ist """,riche,0,0,21.875,19.625,-2.25
gemma-2-2b,40,freq,freq,de,fr,pauvre,"Das Gegenteil von ""pauvre"" ist """,riche,0,0,21.875,21.25,-0.625
gemma-2-2b,41,desc,desc,de,fr,laid,"Das Gegenteil von ""laid"" ist """,joli,250,250,19.5,19.5,0.0
gemma-2-2b,41,desc,val,de,fr,laid,"Das Gegenteil von ""laid"" ist """,joli,250,417,19.5,16.125,-3.375
gemma-2-2b,41,desc,freq,de,fr,laid,"Das Gegenteil von ""laid"" ist """,joli,250,1330,19.5,16.125,-3.375
gemma-2-2b,41,val,desc,de,fr,laid,"Das Gegenteil von ""laid"" ist """,joli,250,209,19.5,19.75,0.25
gemma-2-2b,41,val,val,de,fr,laid,"Das Gegenteil von ""laid"" ist """,joli,250,228,19.5,19.75,0.25
gemma-2-2b,41,val,freq,de,fr,laid,"Das Gegenteil von ""laid"" ist """,joli,250,628,19.5,17.0,-2.5
gemma-2-2b,41,freq,desc,de,fr,laid,"Das Gegenteil von ""laid"" ist """,joli,250,253,19.5,19.5,0.0
gemma-2-2b,41,freq,val,de,fr,laid,"Das Gegenteil von ""laid"" ist """,joli,250,257,19.5,16.75,-2.75
gemma-2-2b,41,freq,freq,de,fr,laid,"Das Gegenteil von ""laid"" ist """,joli,250,248,19.5,19.5,0.0
gemma-2-2b,42,desc,desc,de,fr,court,"Das Gegenteil von ""court"" ist """,long,522,482,18.375,18.5,0.125
gemma-2-2b,42,desc,val,de,fr,court,"Das Gegenteil von ""court"" ist """,long,522,475,18.375,16.125,-2.25
gemma-2-2b,42,desc,freq,de,fr,court,"Das Gegenteil von ""court"" ist """,long,522,261,18.375,18.875,0.5
gemma-2-2b,42,val,desc,de,fr,court,"Das Gegenteil von ""court"" ist """,long,522,275,18.375,19.75,1.375
gemma-2-2b,42,val,val,de,fr,court,"Das Gegenteil von ""court"" ist """,long,522,570,18.375,18.75,0.375
gemma-2-2b,42,val,freq,de,fr,court,"Das Gegenteil von ""court"" ist """,long,522,183,18.375,19.25,0.875
gemma-2-2b,42,freq,desc,de,fr,court,"Das Gegenteil von ""court"" ist """,long,522,413,18.375,18.75,0.375
gemma-2-2b,42,freq,val,de,fr,court,"Das Gegenteil von ""court"" ist """,long,522,601,18.375,15.5625,-2.8125
gemma-2-2b,42,freq,freq,de,fr,court,"Das Gegenteil von ""court"" ist """,long,522,486,18.375,18.5,0.125
gemma-2-2b,43,desc,desc,de,fr,étroit,"Das Gegenteil von ""étroit"" ist """,large,5,20,20.25,19.25,-1.0
gemma-2-2b,43,desc,val,de,fr,étroit,"Das Gegenteil von ""étroit"" ist """,large,5,16,20.25,17.875,-2.375
gemma-2-2b,43,desc,freq,de,fr,étroit,"Das Gegenteil von ""étroit"" ist """,large,5,16,20.25,19.25,-1.0
gemma-2-2b,43,val,desc,de,fr,étroit,"Das Gegenteil von ""étroit"" ist """,large,5,8,20.25,19.875,-0.375
gemma-2-2b,43,val,val,de,fr,étroit,"Das Gegenteil von ""étroit"" ist """,large,5,28,20.25,19.75,-0.5
gemma-2-2b,43,val,freq,de,fr,étroit,"Das Gegenteil von ""étroit"" ist """,large,5,23,20.25,18.875,-1.375
gemma-2-2b,43,freq,desc,de,fr,étroit,"Das Gegenteil von ""étroit"" ist """,large,5,23,20.25,19.375,-0.875
gemma-2-2b,43,freq,val,de,fr,étroit,"Das Gegenteil von ""étroit"" ist """,large,5,25,20.25,17.625,-2.625
gemma-2-2b,43,freq,freq,de,fr,étroit,"Das Gegenteil von ""étroit"" ist """,large,5,21,20.25,19.125,-1.125
gemma-2-2b,44,desc,desc,de,fr,mou,"Das Gegenteil von ""mou"" ist """,dur,534,616,18.875,19.125,0.25
gemma-2-2b,44,desc,val,de,fr,mou,"Das Gegenteil von ""mou"" ist """,dur,534,423,18.875,17.625,-1.25
gemma-2-2b,44,desc,freq,de,fr,mou,"Das Gegenteil von ""mou"" ist """,dur,534,1864,18.875,16.5,-2.375
gemma-2-2b,44,val,desc,de,fr,mou,"Das Gegenteil von ""mou"" ist """,dur,534,394,18.875,19.625,0.75
gemma-2-2b,44,val,val,de,fr,mou,"Das Gegenteil von ""mou"" ist """,dur,534,601,18.875,19.25,0.375
gemma-2-2b,44,val,freq,de,fr,mou,"Das Gegenteil von ""mou"" ist """,dur,534,1241,18.875,17.0,-1.875
gemma-2-2b,44,freq,desc,de,fr,mou,"Das Gegenteil von ""mou"" ist """,dur,534,751,18.875,19.0,0.125
gemma-2-2b,44,freq,val,de,fr,mou,"Das Gegenteil von ""mou"" ist """,dur,534,655,18.875,16.625,-2.25
gemma-2-2b,44,freq,freq,de,fr,mou,"Das Gegenteil von ""mou"" ist """,dur,534,726,18.875,18.875,0.0
gemma-2-2b,45,desc,desc,de,fr,humide,"Das Gegenteil von ""humide"" ist """,sec,21,34,17.75,17.25,-0.5
gemma-2-2b,45,desc,val,de,fr,humide,"Das Gegenteil von ""humide"" ist """,sec,21,27,17.75,16.5,-1.25
gemma-2-2b,45,desc,freq,de,fr,humide,"Das Gegenteil von ""humide"" ist """,sec,21,0,17.75,21.125,3.375
gemma-2-2b,45,val,desc,de,fr,humide,"Das Gegenteil von ""humide"" ist """,sec,21,6,17.75,20.625,2.875
gemma-2-2b,45,val,val,de,fr,humide,"Das Gegenteil von ""humide"" ist """,sec,21,34,17.75,18.125,0.375
gemma-2-2b,45,val,freq,de,fr,humide,"Das Gegenteil von ""humide"" ist """,sec,21,2,17.75,20.875,3.125
gemma-2-2b,45,freq,desc,de,fr,humide,"Das Gegenteil von ""humide"" ist """,sec,21,22,17.75,17.75,0.0
gemma-2-2b,45,freq,val,de,fr,humide,"Das Gegenteil von ""humide"" ist """,sec,21,49,17.75,15.25,-2.5
gemma-2-2b,45,freq,freq,de,fr,humide,"Das Gegenteil von ""humide"" ist """,sec,21,33,17.75,17.25,-0.5
gemma-2-2b,46,desc,desc,de,fr,silencieux,"Das Gegenteil von ""silencieux"" ist """,bruyant,1,2,20.0,20.125,0.125
gemma-2-2b,46,desc,val,de,fr,silencieux,"Das Gegenteil von ""silencieux"" ist """,bruyant,1,2,20.0,18.875,-1.125
gemma-2-2b,46,desc,freq,de,fr,silencieux,"Das Gegenteil von ""silencieux"" ist """,bruyant,1,4,20.0,19.75,-0.25
gemma-2-2b,46,val,desc,de,fr,silencieux,"Das Gegenteil von ""silencieux"" ist """,bruyant,1,1,20.0,21.25,1.25
gemma-2-2b,46,val,val,de,fr,silencieux,"Das Gegenteil von ""silencieux"" ist """,bruyant,1,5,20.0,20.125,0.125
gemma-2-2b,46,val,freq,de,fr,silencieux,"Das Gegenteil von ""silencieux"" ist """,bruyant,1,2,20.0,20.125,0.125
gemma-2-2b,46,freq,desc,de,fr,silencieux,"Das Gegenteil von ""silencieux"" ist """,bruyant,1,16,20.0,19.625,-0.375
gemma-2-2b,46,freq,val,de,fr,silencieux,"Das Gegenteil von ""silencieux"" ist """,bruyant,1,11,20.0,17.75,-2.25
gemma-2-2b,46,freq,freq,de,fr,silencieux,"Das Gegenteil von ""silencieux"" ist """,bruyant,1,15,20.0,19.5,-0.5
gemma-2-2b,47,desc,desc,de,fr,tard,"Das Gegenteil von ""tard"" ist """,tôt,0,1,23.375,23.5,0.125
gemma-2-2b,47,desc,val,de,fr,tard,"Das Gegenteil von ""tard"" ist """,tôt,0,0,23.375,22.25,-1.125
gemma-2-2b,47,desc,freq,de,fr,tard,"Das Gegenteil von ""tard"" ist """,tôt,0,0,23.375,23.5,0.125
gemma-2-2b,47,val,desc,de,fr,tard,"Das Gegenteil von ""tard"" ist """,tôt,0,0,23.375,23.875,0.5
gemma-2-2b,47,val,val,de,fr,tard,"Das Gegenteil von ""tard"" ist """,tôt,0,1,23.375,23.625,0.25
gemma-2-2b,47,val,freq,de,fr,tard,"Das Gegenteil von ""tard"" ist """,tôt,0,0,23.375,23.875,0.5
gemma-2-2b,47,freq,desc,de,fr,tard,"Das Gegenteil von ""tard"" ist """,tôt,0,1,23.375,23.5,0.125
gemma-2-2b,47,freq,val,de,fr,tard,"Das Gegenteil von ""tard"" ist """,tôt,0,0,23.375,22.25,-1.125
gemma-2-2b,47,freq,freq,de,fr,tard,"Das Gegenteil von ""tard"" ist """,tôt,0,1,23.375,23.5,0.125
gemma-2-2b,48,desc,desc,de,fr,loin,"Das Gegenteil von ""loin"" ist """,proche,230,202,18.625,18.875,0.25
gemma-2-2b,48,desc,val,de,fr,loin,"Das Gegenteil von ""loin"" ist """,proche,230,207,18.625,17.0,-1.625
gemma-2-2b,48,desc,freq,de,fr,loin,"Das Gegenteil von ""loin"" ist """,proche,230,327,18.625,17.75,-0.875
gemma-2-2b,48,val,desc,de,fr,loin,"Das Gegenteil von ""loin"" ist """,proche,230,135,18.625,19.625,1.0
gemma-2-2b,48,val,val,de,fr,loin,"Das Gegenteil von ""loin"" ist """,proche,230,209,18.625,19.125,0.5
gemma-2-2b,48,val,freq,de,fr,loin,"Das Gegenteil von ""loin"" ist """,proche,230,345,18.625,17.75,-0.875
gemma-2-2b,48,freq,desc,de,fr,loin,"Das Gegenteil von ""loin"" ist """,proche,230,171,18.625,19.25,0.625
gemma-2-2b,48,freq,val,de,fr,loin,"Das Gegenteil von ""loin"" ist """,proche,230,213,18.625,16.625,-2.0
gemma-2-2b,48,freq,freq,de,fr,loin,"Das Gegenteil von ""loin"" ist """,proche,230,173,18.625,19.125,0.5
gemma-2-2b,49,desc,desc,de,fr,peu profond,"Das Gegenteil von ""peu profond"" ist """,profond,0,0,24.125,25.25,1.125
gemma-2-2b,49,desc,val,de,fr,peu profond,"Das Gegenteil von ""peu profond"" ist """,profond,0,0,24.125,24.625,0.5
gemma-2-2b,49,desc,freq,de,fr,peu profond,"Das Gegenteil von ""peu profond"" ist """,profond,0,0,24.125,25.125,1.0
gemma-2-2b,49,val,desc,de,fr,peu profond,"Das Gegenteil von ""peu profond"" ist """,profond,0,0,24.125,25.125,1.0
gemma-2-2b,49,val,val,de,fr,peu profond,"Das Gegenteil von ""peu profond"" ist """,profond,0,0,24.125,25.625,1.5
gemma-2-2b,49,val,freq,de,fr,peu profond,"Das Gegenteil von ""peu profond"" ist """,profond,0,0,24.125,24.5,0.375
gemma-2-2b,49,freq,desc,de,fr,peu profond,"Das Gegenteil von ""peu profond"" ist """,profond,0,0,24.125,25.0,0.875
gemma-2-2b,49,freq,val,de,fr,peu profond,"Das Gegenteil von ""peu profond"" ist """,profond,0,0,24.125,24.125,0.0
gemma-2-2b,49,freq,freq,de,fr,peu profond,"Das Gegenteil von ""peu profond"" ist """,profond,0,0,24.125,24.875,0.75
gemma-2-2b,50,desc,desc,de,fr,jeune,"Das Gegenteil von ""jeune"" ist """,vieux,1,1,23.0,21.625,-1.375
gemma-2-2b,50,desc,val,de,fr,jeune,"Das Gegenteil von ""jeune"" ist """,vieux,1,1,23.0,20.125,-2.875
gemma-2-2b,50,desc,freq,de,fr,jeune,"Das Gegenteil von ""jeune"" ist """,vieux,1,1,23.0,20.875,-2.125
gemma-2-2b,50,val,desc,de,fr,jeune,"Das Gegenteil von ""jeune"" ist """,vieux,1,1,23.0,21.375,-1.625
gemma-2-2b,50,val,val,de,fr,jeune,"Das Gegenteil von ""jeune"" ist """,vieux,1,2,23.0,21.75,-1.25
gemma-2-2b,50,val,freq,de,fr,jeune,"Das Gegenteil von ""jeune"" ist """,vieux,1,3,23.0,20.375,-2.625
gemma-2-2b,50,freq,desc,de,fr,jeune,"Das Gegenteil von ""jeune"" ist """,vieux,1,2,23.0,21.125,-1.875
gemma-2-2b,50,freq,val,de,fr,jeune,"Das Gegenteil von ""jeune"" ist """,vieux,1,2,23.0,19.75,-3.25
gemma-2-2b,50,freq,freq,de,fr,jeune,"Das Gegenteil von ""jeune"" ist """,vieux,1,2,23.0,21.25,-1.75
gemma-2-2b,51,desc,desc,de,fr,gentil,"Das Gegenteil von ""gentil"" ist """,méchant,1352,1352,12.9375,12.9375,0.0
gemma-2-2b,51,desc,val,de,fr,gentil,"Das Gegenteil von ""gentil"" ist """,méchant,1352,1810,12.9375,10.25,-2.6875
gemma-2-2b,51,desc,freq,de,fr,gentil,"Das Gegenteil von ""gentil"" ist """,méchant,1352,1675,12.9375,12.25,-0.6875
gemma-2-2b,51,val,desc,de,fr,gentil,"Das Gegenteil von ""gentil"" ist """,méchant,1352,443,12.9375,15.5625,2.625
gemma-2-2b,51,val,val,de,fr,gentil,"Das Gegenteil von ""gentil"" ist """,méchant,1352,1700,12.9375,13.1875,0.25
gemma-2-2b,51,val,freq,de,fr,gentil,"Das Gegenteil von ""gentil"" ist """,méchant,1352,222,12.9375,16.125,3.1875
gemma-2-2b,51,freq,desc,de,fr,gentil,"Das Gegenteil von ""gentil"" ist """,méchant,1352,1621,12.9375,12.625,-0.3125
gemma-2-2b,51,freq,val,de,fr,gentil,"Das Gegenteil von ""gentil"" ist """,méchant,1352,1756,12.9375,10.125,-2.8125
gemma-2-2b,51,freq,freq,de,fr,gentil,"Das Gegenteil von ""gentil"" ist """,méchant,1352,1418,12.9375,12.8125,-0.125
gemma-2-2b,52,desc,desc,de,fr,courageux,"Das Gegenteil von ""courageux"" ist """,lâche,25,38,19.125,19.125,0.0
gemma-2-2b,52,desc,val,de,fr,courageux,"Das Gegenteil von ""courageux"" ist """,lâche,25,39,19.125,17.25,-1.875
gemma-2-2b,52,desc,freq,de,fr,courageux,"Das Gegenteil von ""courageux"" ist """,lâche,25,15,19.125,19.5,0.375
gemma-2-2b,52,val,desc,de,fr,courageux,"Das Gegenteil von ""courageux"" ist """,lâche,25,30,19.125,19.75,0.625
gemma-2-2b,52,val,val,de,fr,courageux,"Das Gegenteil von ""courageux"" ist """,lâche,25,42,19.125,19.75,0.625
gemma-2-2b,52,val,freq,de,fr,courageux,"Das Gegenteil von ""courageux"" ist """,lâche,25,14,19.125,19.875,0.75
gemma-2-2b,52,freq,desc,de,fr,courageux,"Das Gegenteil von ""courageux"" ist """,lâche,25,39,19.125,19.75,0.625
gemma-2-2b,52,freq,val,de,fr,courageux,"Das Gegenteil von ""courageux"" ist """,lâche,25,37,19.125,17.5,-1.625
gemma-2-2b,52,freq,freq,de,fr,courageux,"Das Gegenteil von ""courageux"" ist """,lâche,25,37,19.125,19.5,0.375
gemma-2-2b,53,desc,desc,de,fr,sage,"Das Gegenteil von ""sage"" ist """,insensé,504,504,15.375,15.375,0.0
gemma-2-2b,53,desc,val,de,fr,sage,"Das Gegenteil von ""sage"" ist """,insensé,504,480,15.375,13.75,-1.625
gemma-2-2b,53,desc,freq,de,fr,sage,"Das Gegenteil von ""sage"" ist """,insensé,504,1424,15.375,13.9375,-1.4375
gemma-2-2b,53,val,desc,de,fr,sage,"Das Gegenteil von ""sage"" ist """,insensé,504,496,15.375,16.125,0.75
gemma-2-2b,53,val,val,de,fr,sage,"Das Gegenteil von ""sage"" ist """,insensé,504,387,15.375,16.5,1.125
gemma-2-2b,53,val,freq,de,fr,sage,"Das Gegenteil von ""sage"" ist """,insensé,504,1343,15.375,14.5625,-0.8125
gemma-2-2b,53,freq,desc,de,fr,sage,"Das Gegenteil von ""sage"" ist """,insensé,504,566,15.375,15.375,0.0
gemma-2-2b,53,freq,val,de,fr,sage,"Das Gegenteil von ""sage"" ist """,insensé,504,431,15.375,13.5625,-1.8125
gemma-2-2b,53,freq,freq,de,fr,sage,"Das Gegenteil von ""sage"" ist """,insensé,504,504,15.375,15.375,0.0
gemma-2-2b,54,desc,desc,de,fr,poli,"Das Gegenteil von ""poli"" ist """,impoli,11,11,21.75,21.75,0.0
gemma-2-2b,54,desc,val,de,fr,poli,"Das Gegenteil von ""poli"" ist """,impoli,11,7,21.75,20.875,-0.875
gemma-2-2b,54,desc,freq,de,fr,poli,"Das Gegenteil von ""poli"" ist """,impoli,11,6,21.75,21.875,0.125
gemma-2-2b,54,val,desc,de,fr,poli,"Das Gegenteil von ""poli"" ist """,impoli,11,6,21.75,23.25,1.5
gemma-2-2b,54,val,val,de,fr,poli,"Das Gegenteil von ""poli"" ist """,impoli,11,13,21.75,22.375,0.625
gemma-2-2b,54,val,freq,de,fr,poli,"Das Gegenteil von ""poli"" ist """,impoli,11,6,21.75,22.5,0.75
gemma-2-2b,54,freq,desc,de,fr,poli,"Das Gegenteil von ""poli"" ist """,impoli,11,11,21.75,22.0,0.25
gemma-2-2b,54,freq,val,de,fr,poli,"Das Gegenteil von ""poli"" ist """,impoli,11,11,21.75,20.375,-1.375
gemma-2-2b,54,freq,freq,de,fr,poli,"Das Gegenteil von ""poli"" ist """,impoli,11,11,21.75,21.75,0.0
gemma-2-2b,55,desc,desc,de,fr,patient,"Das Gegenteil von ""patient"" ist """,impatient,4,4,22.25,22.25,0.0
gemma-2-2b,55,desc,val,de,fr,patient,"Das Gegenteil von ""patient"" ist """,impatient,4,2,22.25,21.375,-0.875
gemma-2-2b,55,desc,freq,de,fr,patient,"Das Gegenteil von ""patient"" ist """,impatient,4,0,22.25,22.375,0.125
gemma-2-2b,55,val,desc,de,fr,patient,"Das Gegenteil von ""patient"" ist """,impatient,4,0,22.25,23.125,0.875
gemma-2-2b,55,val,val,de,fr,patient,"Das Gegenteil von ""patient"" ist """,impatient,4,4,22.25,23.0,0.75
gemma-2-2b,55,val,freq,de,fr,patient,"Das Gegenteil von ""patient"" ist """,impatient,4,1,22.25,22.625,0.375
gemma-2-2b,55,freq,desc,de,fr,patient,"Das Gegenteil von ""patient"" ist """,impatient,4,4,22.25,22.5,0.25
gemma-2-2b,55,freq,val,de,fr,patient,"Das Gegenteil von ""patient"" ist """,impatient,4,2,22.25,21.125,-1.125
gemma-2-2b,55,freq,freq,de,fr,patient,"Das Gegenteil von ""patient"" ist """,impatient,4,4,22.25,22.375,0.125
gemma-2-2b,56,desc,desc,de,fr,honnête,"Das Gegenteil von ""honnête"" ist """,malhonnête,6,6,21.25,21.625,0.375
gemma-2-2b,56,desc,val,de,fr,honnête,"Das Gegenteil von ""honnête"" ist """,malhonnête,6,2,21.25,21.0,-0.25
gemma-2-2b,56,desc,freq,de,fr,honnête,"Das Gegenteil von ""honnête"" ist """,malhonnête,6,3,21.25,20.875,-0.375
gemma-2-2b,56,val,desc,de,fr,honnête,"Das Gegenteil von ""honnête"" ist """,malhonnête,6,4,21.25,22.25,1.0
gemma-2-2b,56,val,val,de,fr,honnête,"Das Gegenteil von ""honnête"" ist """,malhonnête,6,6,21.25,22.125,0.875
gemma-2-2b,56,val,freq,de,fr,honnête,"Das Gegenteil von ""honnête"" ist """,malhonnête,6,12,21.25,20.75,-0.5
gemma-2-2b,56,freq,desc,de,fr,honnête,"Das Gegenteil von ""honnête"" ist """,malhonnête,6,8,21.25,21.625,0.375
gemma-2-2b,56,freq,val,de,fr,honnête,"Das Gegenteil von ""honnête"" ist """,malhonnête,6,9,21.25,20.0,-1.25
gemma-2-2b,56,freq,freq,de,fr,honnête,"Das Gegenteil von ""honnête"" ist """,malhonnête,6,8,21.25,21.5,0.25
gemma-2-2b,57,desc,desc,de,fr,sûr,"Das Gegenteil von ""sûr"" ist """,dangereux,54,112,19.75,19.5,-0.25
gemma-2-2b,57,desc,val,de,fr,sûr,"Das Gegenteil von ""sûr"" ist """,dangereux,54,76,19.75,18.125,-1.625
gemma-2-2b,57,desc,freq,de,fr,sûr,"Das Gegenteil von ""sûr"" ist """,dangereux,54,87,19.75,19.375,-0.375
gemma-2-2b,57,val,desc,de,fr,sûr,"Das Gegenteil von ""sûr"" ist """,dangereux,54,53,19.75,20.375,0.625
gemma-2-2b,57,val,val,de,fr,sûr,"Das Gegenteil von ""sûr"" ist """,dangereux,54,91,19.75,20.0,0.25
gemma-2-2b,57,val,freq,de,fr,sûr,"Das Gegenteil von ""sûr"" ist """,dangereux,54,53,19.75,19.875,0.125
gemma-2-2b,57,freq,desc,de,fr,sûr,"Das Gegenteil von ""sûr"" ist """,dangereux,54,181,19.75,19.25,-0.5
gemma-2-2b,57,freq,val,de,fr,sûr,"Das Gegenteil von ""sûr"" ist """,dangereux,54,114,19.75,17.5,-2.25
gemma-2-2b,57,freq,freq,de,fr,sûr,"Das Gegenteil von ""sûr"" ist """,dangereux,54,139,19.75,19.375,-0.375
gemma-2-2b,58,desc,desc,de,fr,actif,"Das Gegenteil von ""actif"" ist """,passif,0,0,24.0,24.375,0.375
gemma-2-2b,58,desc,val,de,fr,actif,"Das Gegenteil von ""actif"" ist """,passif,0,0,24.0,23.375,-0.625
gemma-2-2b,58,desc,freq,de,fr,actif,"Das Gegenteil von ""actif"" ist """,passif,0,0,24.0,23.875,-0.125
gemma-2-2b,58,val,desc,de,fr,actif,"Das Gegenteil von ""actif"" ist """,passif,0,0,24.0,24.25,0.25
gemma-2-2b,58,val,val,de,fr,actif,"Das Gegenteil von ""actif"" ist """,passif,0,0,24.0,25.0,1.0
gemma-2-2b,58,val,freq,de,fr,actif,"Das Gegenteil von ""actif"" ist """,passif,0,0,24.0,23.5,-0.5
gemma-2-2b,58,freq,desc,de,fr,actif,"Das Gegenteil von ""actif"" ist """,passif,0,0,24.0,24.5,0.5
gemma-2-2b,58,freq,val,de,fr,actif,"Das Gegenteil von ""actif"" ist """,passif,0,0,24.0,23.125,-0.875
gemma-2-2b,58,freq,freq,de,fr,actif,"Das Gegenteil von ""actif"" ist """,passif,0,0,24.0,24.25,0.25
gemma-2-2b,59,desc,desc,de,fr,droit,"Das Gegenteil von ""droit"" ist """,courbe,149,381,18.25,17.5,-0.75
gemma-2-2b,59,desc,val,de,fr,droit,"Das Gegenteil von ""droit"" ist """,courbe,149,451,18.25,14.5,-3.75
gemma-2-2b,59,desc,freq,de,fr,droit,"Das Gegenteil von ""droit"" ist """,courbe,149,414,18.25,15.5625,-2.6875
gemma-2-2b,59,val,desc,de,fr,droit,"Das Gegenteil von ""droit"" ist """,courbe,149,405,18.25,17.5,-0.75
gemma-2-2b,59,val,val,de,fr,droit,"Das Gegenteil von ""droit"" ist """,courbe,149,372,18.25,17.875,-0.375
gemma-2-2b,59,val,freq,de,fr,droit,"Das Gegenteil von ""droit"" ist """,courbe,149,228,18.25,15.5625,-2.6875
gemma-2-2b,59,freq,desc,de,fr,droit,"Das Gegenteil von ""droit"" ist """,courbe,149,392,18.25,17.625,-0.625
gemma-2-2b,59,freq,val,de,fr,droit,"Das Gegenteil von ""droit"" ist """,courbe,149,393,18.25,14.9375,-3.3125
gemma-2-2b,59,freq,freq,de,fr,droit,"Das Gegenteil von ""droit"" ist """,courbe,149,395,18.25,17.5,-0.75
gemma-2-2b,60,desc,desc,de,fr,entier,"Das Gegenteil von ""entier"" ist """,partiel,1301,1433,15.375,15.375,0.0
gemma-2-2b,60,desc,val,de,fr,entier,"Das Gegenteil von ""entier"" ist """,partiel,1301,2106,15.375,12.875,-2.5
gemma-2-2b,60,desc,freq,de,fr,entier,"Das Gegenteil von ""entier"" ist """,partiel,1301,1248,15.375,14.0625,-1.3125
gemma-2-2b,60,val,desc,de,fr,entier,"Das Gegenteil von ""entier"" ist """,partiel,1301,890,15.375,16.625,1.25
gemma-2-2b,60,val,val,de,fr,entier,"Das Gegenteil von ""entier"" ist """,partiel,1301,1886,15.375,15.5,0.125
gemma-2-2b,60,val,freq,de,fr,entier,"Das Gegenteil von ""entier"" ist """,partiel,1301,771,15.375,14.9375,-0.4375
gemma-2-2b,60,freq,desc,de,fr,entier,"Das Gegenteil von ""entier"" ist """,partiel,1301,1122,15.375,16.0,0.625
gemma-2-2b,60,freq,val,de,fr,entier,"Das Gegenteil von ""entier"" ist """,partiel,1301,1339,15.375,13.4375,-1.9375
gemma-2-2b,60,freq,freq,de,fr,entier,"Das Gegenteil von ""entier"" ist """,partiel,1301,1435,15.375,15.375,0.0
gemma-2-2b,61,desc,desc,de,fr,calme,"Das Gegenteil von ""calme"" ist """,agité,0,2,22.375,22.375,0.0
gemma-2-2b,61,desc,val,de,fr,calme,"Das Gegenteil von ""calme"" ist """,agité,0,2,22.375,21.0,-1.375
gemma-2-2b,61,desc,freq,de,fr,calme,"Das Gegenteil von ""calme"" ist """,agité,0,1,22.375,21.875,-0.5
gemma-2-2b,61,val,desc,de,fr,calme,"Das Gegenteil von ""calme"" ist """,agité,0,1,22.375,23.0,0.625
gemma-2-2b,61,val,val,de,fr,calme,"Das Gegenteil von ""calme"" ist """,agité,0,2,22.375,23.0,0.625
gemma-2-2b,61,val,freq,de,fr,calme,"Das Gegenteil von ""calme"" ist """,agité,0,1,22.375,21.875,-0.5
gemma-2-2b,61,freq,desc,de,fr,calme,"Das Gegenteil von ""calme"" ist """,agité,0,2,22.375,22.5,0.125
gemma-2-2b,61,freq,val,de,fr,calme,"Das Gegenteil von ""calme"" ist """,agité,0,2,22.375,20.75,-1.625
gemma-2-2b,61,freq,freq,de,fr,calme,"Das Gegenteil von ""calme"" ist """,agité,0,2,22.375,22.25,-0.125
gemma-2-2b,62,desc,desc,de,fr,correct,"Das Gegenteil von ""correct"" ist """,incorrect,0,0,27.5,27.5,0.0
gemma-2-2b,62,desc,val,de,fr,correct,"Das Gegenteil von ""correct"" ist """,incorrect,0,0,27.5,26.75,-0.75
gemma-2-2b,62,desc,freq,de,fr,correct,"Das Gegenteil von ""correct"" ist """,incorrect,0,0,27.5,26.5,-1.0
gemma-2-2b,62,val,desc,de,fr,correct,"Das Gegenteil von ""correct"" ist """,incorrect,0,0,27.5,27.5,0.0
gemma-2-2b,62,val,val,de,fr,correct,"Das Gegenteil von ""correct"" ist """,incorrect,0,0,27.5,27.625,0.125
gemma-2-2b,62,val,freq,de,fr,correct,"Das Gegenteil von ""correct"" ist """,incorrect,0,0,27.5,26.625,-0.875
gemma-2-2b,62,freq,desc,de,fr,correct,"Das Gegenteil von ""correct"" ist """,incorrect,0,0,27.5,27.375,-0.125
gemma-2-2b,62,freq,val,de,fr,correct,"Das Gegenteil von ""correct"" ist """,incorrect,0,0,27.5,26.875,-0.625
gemma-2-2b,62,freq,freq,de,fr,correct,"Das Gegenteil von ""correct"" ist """,incorrect,0,0,27.5,27.625,0.125
gemma-2-2b,63,desc,desc,de,fr,complexe,"Das Gegenteil von ""complexe"" ist """,simple,1,1,23.5,23.5,0.0
gemma-2-2b,63,desc,val,de,fr,complexe,"Das Gegenteil von ""complexe"" ist """,simple,1,0,23.5,23.0,-0.5
gemma-2-2b,63,desc,freq,de,fr,complexe,"Das Gegenteil von ""complexe"" ist """,simple,1,1,23.5,23.25,-0.25
gemma-2-2b,63,val,desc,de,fr,complexe,"Das Gegenteil von ""complexe"" ist """,simple,1,0,23.5,23.875,0.375
gemma-2-2b,63,val,val,de,fr,complexe,"Das Gegenteil von ""complexe"" ist """,simple,1,1,23.5,23.875,0.375
gemma-2-2b,63,val,freq,de,fr,complexe,"Das Gegenteil von ""complexe"" ist """,simple,1,1,23.5,23.0,-0.5
gemma-2-2b,63,freq,desc,de,fr,complexe,"Das Gegenteil von ""complexe"" ist """,simple,1,1,23.5,23.75,0.25
gemma-2-2b,63,freq,val,de,fr,complexe,"Das Gegenteil von ""complexe"" ist """,simple,1,1,23.5,22.5,-1.0
gemma-2-2b,63,freq,freq,de,fr,complexe,"Das Gegenteil von ""complexe"" ist """,simple,1,1,23.5,23.75,0.25
gemma-2-2b,64,desc,desc,de,fr,efficace,"Das Gegenteil von ""efficace"" ist """,inefficace,0,0,24.625,24.75,0.125
gemma-2-2b,64,desc,val,de,fr,efficace,"Das Gegenteil von ""efficace"" ist """,inefficace,0,0,24.625,24.125,-0.5
gemma-2-2b,64,desc,freq,de,fr,efficace,"Das Gegenteil von ""efficace"" ist """,inefficace,0,0,24.625,24.75,0.125
gemma-2-2b,64,val,desc,de,fr,efficace,"Das Gegenteil von ""efficace"" ist """,inefficace,0,0,24.625,26.125,1.5
gemma-2-2b,64,val,val,de,fr,efficace,"Das Gegenteil von ""efficace"" ist """,inefficace,0,0,24.625,25.25,0.625
gemma-2-2b,64,val,freq,de,fr,efficace,"Das Gegenteil von ""efficace"" ist """,inefficace,0,0,24.625,25.25,0.625
gemma-2-2b,64,freq,desc,de,fr,efficace,"Das Gegenteil von ""efficace"" ist """,inefficace,0,0,24.625,24.75,0.125
gemma-2-2b,64,freq,val,de,fr,efficace,"Das Gegenteil von ""efficace"" ist """,inefficace,0,0,24.625,23.875,-0.75
gemma-2-2b,64,freq,freq,de,fr,efficace,"Das Gegenteil von ""efficace"" ist """,inefficace,0,0,24.625,24.625,0.0
gemma-2-2b,65,desc,desc,de,fr,célèbre,"Das Gegenteil von ""célèbre"" ist """,inconnu,9,17,20.625,20.0,-0.625
gemma-2-2b,65,desc,val,de,fr,célèbre,"Das Gegenteil von ""célèbre"" ist """,inconnu,9,11,20.625,19.25,-1.375
gemma-2-2b,65,desc,freq,de,fr,célèbre,"Das Gegenteil von ""célèbre"" ist """,inconnu,9,12,20.625,18.375,-2.25
gemma-2-2b,65,val,desc,de,fr,célèbre,"Das Gegenteil von ""célèbre"" ist """,inconnu,9,15,20.625,20.375,-0.25
gemma-2-2b,65,val,val,de,fr,célèbre,"Das Gegenteil von ""célèbre"" ist """,inconnu,9,18,20.625,20.5,-0.125
gemma-2-2b,65,val,freq,de,fr,célèbre,"Das Gegenteil von ""célèbre"" ist """,inconnu,9,23,20.625,17.875,-2.75
gemma-2-2b,65,freq,desc,de,fr,célèbre,"Das Gegenteil von ""célèbre"" ist """,inconnu,9,33,20.625,20.0,-0.625
gemma-2-2b,65,freq,val,de,fr,célèbre,"Das Gegenteil von ""célèbre"" ist """,inconnu,9,28,20.625,18.375,-2.25
gemma-2-2b,65,freq,freq,de,fr,célèbre,"Das Gegenteil von ""célèbre"" ist """,inconnu,9,31,20.625,20.0,-0.625
gemma-2-2b,66,desc,desc,de,fr,généreux,"Das Gegenteil von ""généreux"" ist """,mesquin,217,194,17.125,17.75,0.625
gemma-2-2b,66,desc,val,de,fr,généreux,"Das Gegenteil von ""généreux"" ist """,mesquin,217,250,17.125,15.8125,-1.3125
gemma-2-2b,66,desc,freq,de,fr,généreux,"Das Gegenteil von ""généreux"" ist """,mesquin,217,78,17.125,18.25,1.125
gemma-2-2b,66,val,desc,de,fr,généreux,"Das Gegenteil von ""généreux"" ist """,mesquin,217,172,17.125,18.125,1.0
gemma-2-2b,66,val,val,de,fr,généreux,"Das Gegenteil von ""généreux"" ist """,mesquin,217,204,17.125,18.375,1.25
gemma-2-2b,66,val,freq,de,fr,généreux,"Das Gegenteil von ""généreux"" ist """,mesquin,217,41,17.125,19.125,2.0
gemma-2-2b,66,freq,desc,de,fr,généreux,"Das Gegenteil von ""généreux"" ist """,mesquin,217,163,17.125,18.5,1.375
gemma-2-2b,66,freq,val,de,fr,généreux,"Das Gegenteil von ""généreux"" ist """,mesquin,217,165,17.125,16.5,-0.625
gemma-2-2b,66,freq,freq,de,fr,généreux,"Das Gegenteil von ""généreux"" ist """,mesquin,217,155,17.125,18.25,1.125
gemma-2-2b,67,desc,desc,de,fr,content,"Das Gegenteil von ""content"" ist """,insatisfait,296,296,18.375,18.375,0.0
gemma-2-2b,67,desc,val,de,fr,content,"Das Gegenteil von ""content"" ist """,insatisfait,296,278,18.375,16.375,-2.0
gemma-2-2b,67,desc,freq,de,fr,content,"Das Gegenteil von ""content"" ist """,insatisfait,296,505,18.375,17.0,-1.375
gemma-2-2b,67,val,desc,de,fr,content,"Das Gegenteil von ""content"" ist """,insatisfait,296,339,18.375,18.75,0.375
gemma-2-2b,67,val,val,de,fr,content,"Das Gegenteil von ""content"" ist """,insatisfait,296,240,18.375,19.125,0.75
gemma-2-2b,67,val,freq,de,fr,content,"Das Gegenteil von ""content"" ist """,insatisfait,296,551,18.375,17.0,-1.375
gemma-2-2b,67,freq,desc,de,fr,content,"Das Gegenteil von ""content"" ist """,insatisfait,296,262,18.375,18.625,0.25
gemma-2-2b,67,freq,val,de,fr,content,"Das Gegenteil von ""content"" ist """,insatisfait,296,259,18.375,16.375,-2.0
gemma-2-2b,67,freq,freq,de,fr,content,"Das Gegenteil von ""content"" ist """,insatisfait,296,294,18.375,18.5,0.125
gemma-2-2b,68,desc,desc,de,fr,sain,"Das Gegenteil von ""sain"" ist """,malsain,187,248,18.25,18.25,0.0
gemma-2-2b,68,desc,val,de,fr,sain,"Das Gegenteil von ""sain"" ist """,malsain,187,176,18.25,16.75,-1.5
gemma-2-2b,68,desc,freq,de,fr,sain,"Das Gegenteil von ""sain"" ist """,malsain,187,425,18.25,17.5,-0.75
gemma-2-2b,68,val,desc,de,fr,sain,"Das Gegenteil von ""sain"" ist """,malsain,187,143,18.25,19.25,1.0
gemma-2-2b,68,val,val,de,fr,sain,"Das Gegenteil von ""sain"" ist """,malsain,187,242,18.25,18.875,0.625
gemma-2-2b,68,val,freq,de,fr,sain,"Das Gegenteil von ""sain"" ist """,malsain,187,329,18.25,17.5,-0.75
gemma-2-2b,68,freq,desc,de,fr,sain,"Das Gegenteil von ""sain"" ist """,malsain,187,484,18.25,17.75,-0.5
gemma-2-2b,68,freq,val,de,fr,sain,"Das Gegenteil von ""sain"" ist """,malsain,187,229,18.25,16.125,-2.125
gemma-2-2b,68,freq,freq,de,fr,sain,"Das Gegenteil von ""sain"" ist """,malsain,187,307,18.25,18.0,-0.25
gemma-2-2b,69,desc,desc,de,fr,haut,"Das Gegenteil von ""haut"" ist """,bas,320,320,15.5,15.5,0.0
gemma-2-2b,69,desc,val,de,fr,haut,"Das Gegenteil von ""haut"" ist """,bas,320,230,15.5,14.25,-1.25
gemma-2-2b,69,desc,freq,de,fr,haut,"Das Gegenteil von ""haut"" ist """,bas,320,127,15.5,17.5,2.0
gemma-2-2b,69,val,desc,de,fr,haut,"Das Gegenteil von ""haut"" ist """,bas,320,222,15.5,16.875,1.375
gemma-2-2b,69,val,val,de,fr,haut,"Das Gegenteil von ""haut"" ist """,bas,320,288,15.5,16.25,0.75
gemma-2-2b,69,val,freq,de,fr,haut,"Das Gegenteil von ""haut"" ist """,bas,320,309,15.5,16.75,1.25
gemma-2-2b,69,freq,desc,de,fr,haut,"Das Gegenteil von ""haut"" ist """,bas,320,350,15.5,15.5,0.0
gemma-2-2b,69,freq,val,de,fr,haut,"Das Gegenteil von ""haut"" ist """,bas,320,453,15.5,12.75,-2.75
gemma-2-2b,69,freq,freq,de,fr,haut,"Das Gegenteil von ""haut"" ist """,bas,320,338,15.5,15.375,-0.125
gemma-2-2b,70,desc,desc,de,fr,important,"Das Gegenteil von ""important"" ist """,insignifiant,5,5,23.875,23.875,0.0
gemma-2-2b,70,desc,val,de,fr,important,"Das Gegenteil von ""important"" ist """,insignifiant,5,7,23.875,22.0,-1.875
gemma-2-2b,70,desc,freq,de,fr,important,"Das Gegenteil von ""important"" ist """,insignifiant,5,6,23.875,22.5,-1.375
gemma-2-2b,70,val,desc,de,fr,important,"Das Gegenteil von ""important"" ist """,insignifiant,5,4,23.875,24.125,0.25
gemma-2-2b,70,val,val,de,fr,important,"Das Gegenteil von ""important"" ist """,insignifiant,5,3,23.875,24.25,0.375
gemma-2-2b,70,val,freq,de,fr,important,"Das Gegenteil von ""important"" ist """,insignifiant,5,0,23.875,23.5,-0.375
gemma-2-2b,70,freq,desc,de,fr,important,"Das Gegenteil von ""important"" ist """,insignifiant,5,4,23.875,23.875,0.0
gemma-2-2b,70,freq,val,de,fr,important,"Das Gegenteil von ""important"" ist """,insignifiant,5,5,23.875,22.75,-1.125
gemma-2-2b,70,freq,freq,de,fr,important,"Das Gegenteil von ""important"" ist """,insignifiant,5,5,23.875,23.875,0.0
gemma-2-2b,71,desc,desc,de,fr,innocent,"Das Gegenteil von ""innocent"" ist """,coupable,1984,1984,13.3125,13.3125,0.0
gemma-2-2b,71,desc,val,de,fr,innocent,"Das Gegenteil von ""innocent"" ist """,coupable,1984,2173,13.3125,10.4375,-2.875
gemma-2-2b,71,desc,freq,de,fr,innocent,"Das Gegenteil von ""innocent"" ist """,coupable,1984,725,13.3125,14.25,0.9375
gemma-2-2b,71,val,desc,de,fr,innocent,"Das Gegenteil von ""innocent"" ist """,coupable,1984,952,13.3125,14.6875,1.375
gemma-2-2b,71,val,val,de,fr,innocent,"Das Gegenteil von ""innocent"" ist """,coupable,1984,1979,13.3125,13.875,0.5625
gemma-2-2b,71,val,freq,de,fr,innocent,"Das Gegenteil von ""innocent"" ist """,coupable,1984,431,13.3125,14.875,1.5625
gemma-2-2b,71,freq,desc,de,fr,innocent,"Das Gegenteil von ""innocent"" ist """,coupable,1984,1647,13.3125,13.8125,0.5
gemma-2-2b,71,freq,val,de,fr,innocent,"Das Gegenteil von ""innocent"" ist """,coupable,1984,2315,13.3125,10.1875,-3.125
gemma-2-2b,71,freq,freq,de,fr,innocent,"Das Gegenteil von ""innocent"" ist """,coupable,1984,1953,13.3125,13.3125,0.0
gemma-2-2b,72,desc,desc,de,fr,connu,"Das Gegenteil von ""connu"" ist """,inconnu,0,0,22.625,22.25,-0.375
gemma-2-2b,72,desc,val,de,fr,connu,"Das Gegenteil von ""connu"" ist """,inconnu,0,0,22.625,22.0,-0.625
gemma-2-2b,72,desc,freq,de,fr,connu,"Das Gegenteil von ""connu"" ist """,inconnu,0,2,22.625,21.5,-1.125
gemma-2-2b,72,val,desc,de,fr,connu,"Das Gegenteil von ""connu"" ist """,inconnu,0,0,22.625,23.125,0.5
gemma-2-2b,72,val,val,de,fr,connu,"Das Gegenteil von ""connu"" ist """,inconnu,0,0,22.625,22.625,0.0
gemma-2-2b,72,val,freq,de,fr,connu,"Das Gegenteil von ""connu"" ist """,inconnu,0,2,22.625,21.375,-1.25
gemma-2-2b,72,freq,desc,de,fr,connu,"Das Gegenteil von ""connu"" ist """,inconnu,0,5,22.625,21.75,-0.875
gemma-2-2b,72,freq,val,de,fr,connu,"Das Gegenteil von ""connu"" ist """,inconnu,0,2,22.625,20.625,-2.0
gemma-2-2b,72,freq,freq,de,fr,connu,"Das Gegenteil von ""connu"" ist """,inconnu,0,3,22.625,21.875,-0.75
gemma-2-2b,73,desc,desc,de,fr,masculin,"Das Gegenteil von ""masculin"" ist """,féminin,3,4,18.25,17.375,-0.875
gemma-2-2b,73,desc,val,de,fr,masculin,"Das Gegenteil von ""masculin"" ist """,féminin,3,10,18.25,15.0,-3.25
gemma-2-2b,73,desc,freq,de,fr,masculin,"Das Gegenteil von ""masculin"" ist """,féminin,3,31,18.25,16.375,-1.875
gemma-2-2b,73,val,desc,de,fr,masculin,"Das Gegenteil von ""masculin"" ist """,féminin,3,3,18.25,19.375,1.125
gemma-2-2b,73,val,val,de,fr,masculin,"Das Gegenteil von ""masculin"" ist """,féminin,3,6,18.25,18.0,-0.25
gemma-2-2b,73,val,freq,de,fr,masculin,"Das Gegenteil von ""masculin"" ist """,féminin,3,16,18.25,17.75,-0.5
gemma-2-2b,73,freq,desc,de,fr,masculin,"Das Gegenteil von ""masculin"" ist """,féminin,3,3,18.25,17.5,-0.75
gemma-2-2b,73,freq,val,de,fr,masculin,"Das Gegenteil von ""masculin"" ist """,féminin,3,7,18.25,14.9375,-3.3125
gemma-2-2b,73,freq,freq,de,fr,masculin,"Das Gegenteil von ""masculin"" ist """,féminin,3,4,18.25,17.25,-1.0
gemma-2-2b,74,desc,desc,de,fr,normal,"Das Gegenteil von ""normal"" ist """,anormal,4,4,21.375,21.375,0.0
gemma-2-2b,74,desc,val,de,fr,normal,"Das Gegenteil von ""normal"" ist """,anormal,4,8,21.375,19.875,-1.5
gemma-2-2b,74,desc,freq,de,fr,normal,"Das Gegenteil von ""normal"" ist """,anormal,4,3,21.375,21.5,0.125
gemma-2-2b,74,val,desc,de,fr,normal,"Das Gegenteil von ""normal"" ist """,anormal,4,4,21.375,22.25,0.875
gemma-2-2b,74,val,val,de,fr,normal,"Das Gegenteil von ""normal"" ist """,anormal,4,4,21.375,21.875,0.5
gemma-2-2b,74,val,freq,de,fr,normal,"Das Gegenteil von ""normal"" ist """,anormal,4,0,21.375,22.625,1.25
gemma-2-2b,74,freq,desc,de,fr,normal,"Das Gegenteil von ""normal"" ist """,anormal,4,4,21.375,21.5,0.125
gemma-2-2b,74,freq,val,de,fr,normal,"Das Gegenteil von ""normal"" ist """,anormal,4,4,21.375,19.875,-1.5
gemma-2-2b,74,freq,freq,de,fr,normal,"Das Gegenteil von ""normal"" ist """,anormal,4,4,21.375,21.5,0.125
gemma-2-2b,75,desc,desc,de,fr,possible,"Das Gegenteil von ""possible"" ist """,impossible,0,0,24.25,24.25,0.0
gemma-2-2b,75,desc,val,de,fr,possible,"Das Gegenteil von ""possible"" ist """,impossible,0,0,24.25,24.25,0.0
gemma-2-2b,75,desc,freq,de,fr,possible,"Das Gegenteil von ""possible"" ist """,impossible,0,0,24.25,24.25,0.0
gemma-2-2b,75,val,desc,de,fr,possible,"Das Gegenteil von ""possible"" ist """,impossible,0,0,24.25,25.625,1.375
gemma-2-2b,75,val,val,de,fr,possible,"Das Gegenteil von ""possible"" ist """,impossible,0,0,24.25,25.625,1.375
gemma-2-2b,75,val,freq,de,fr,possible,"Das Gegenteil von ""possible"" ist """,impossible,0,0,24.25,25.125,0.875
gemma-2-2b,75,freq,desc,de,fr,possible,"Das Gegenteil von ""possible"" ist """,impossible,0,0,24.25,24.125,-0.125
gemma-2-2b,75,freq,val,de,fr,possible,"Das Gegenteil von ""possible"" ist """,impossible,0,0,24.25,24.5,0.25
gemma-2-2b,75,freq,freq,de,fr,possible,"Das Gegenteil von ""possible"" ist """,impossible,0,0,24.25,24.25,0.0
gemma-2-2b,76,desc,desc,de,fr,privé,"Das Gegenteil von ""privé"" ist """,public,0,0,23.25,23.5,0.25
gemma-2-2b,76,desc,val,de,fr,privé,"Das Gegenteil von ""privé"" ist """,public,0,0,23.25,22.625,-0.625
gemma-2-2b,76,desc,freq,de,fr,privé,"Das Gegenteil von ""privé"" ist """,public,0,0,23.25,23.25,0.0
gemma-2-2b,76,val,desc,de,fr,privé,"Das Gegenteil von ""privé"" ist """,public,0,0,23.25,23.75,0.5
gemma-2-2b,76,val,val,de,fr,privé,"Das Gegenteil von ""privé"" ist """,public,0,0,23.25,24.125,0.875
gemma-2-2b,76,val,freq,de,fr,privé,"Das Gegenteil von ""privé"" ist """,public,0,0,23.25,23.5,0.25
gemma-2-2b,76,freq,desc,de,fr,privé,"Das Gegenteil von ""privé"" ist """,public,0,0,23.25,23.375,0.125
gemma-2-2b,76,freq,val,de,fr,privé,"Das Gegenteil von ""privé"" ist """,public,0,1,23.25,22.375,-0.875
gemma-2-2b,76,freq,freq,de,fr,privé,"Das Gegenteil von ""privé"" ist """,public,0,0,23.25,23.375,0.125
gemma-2-2b,77,desc,desc,de,fr,juste,"Das Gegenteil von ""juste"" ist """,faux,180,609,17.625,16.0,-1.625
gemma-2-2b,77,desc,val,de,fr,juste,"Das Gegenteil von ""juste"" ist """,faux,180,500,17.625,14.25,-3.375
gemma-2-2b,77,desc,freq,de,fr,juste,"Das Gegenteil von ""juste"" ist """,faux,180,389,17.625,16.375,-1.25
gemma-2-2b,77,val,desc,de,fr,juste,"Das Gegenteil von ""juste"" ist """,faux,180,407,17.625,16.75,-0.875
gemma-2-2b,77,val,val,de,fr,juste,"Das Gegenteil von ""juste"" ist """,faux,180,533,17.625,16.75,-0.875
gemma-2-2b,77,val,freq,de,fr,juste,"Das Gegenteil von ""juste"" ist """,faux,180,556,17.625,15.5625,-2.0625
gemma-2-2b,77,freq,desc,de,fr,juste,"Das Gegenteil von ""juste"" ist """,faux,180,693,17.625,16.125,-1.5
gemma-2-2b,77,freq,val,de,fr,juste,"Das Gegenteil von ""juste"" ist """,faux,180,608,17.625,13.6875,-3.9375
gemma-2-2b,77,freq,freq,de,fr,juste,"Das Gegenteil von ""juste"" ist """,faux,180,624,17.625,16.0,-1.625
gemma-2-2b,78,desc,desc,de,fr,simple,"Das Gegenteil von ""simple"" ist """,complexe,2,2,23.75,23.75,0.0
gemma-2-2b,78,desc,val,de,fr,simple,"Das Gegenteil von ""simple"" ist """,complexe,2,4,23.75,22.375,-1.375
gemma-2-2b,78,desc,freq,de,fr,simple,"Das Gegenteil von ""simple"" ist """,complexe,2,12,23.75,20.5,-3.25
gemma-2-2b,78,val,desc,de,fr,simple,"Das Gegenteil von ""simple"" ist """,complexe,2,1,23.75,24.375,0.625
gemma-2-2b,78,val,val,de,fr,simple,"Das Gegenteil von ""simple"" ist """,complexe,2,1,23.75,24.375,0.625
gemma-2-2b,78,val,freq,de,fr,simple,"Das Gegenteil von ""simple"" ist """,complexe,2,6,23.75,21.0,-2.75
gemma-2-2b,78,freq,desc,de,fr,simple,"Das Gegenteil von ""simple"" ist """,complexe,2,1,23.75,23.875,0.125
gemma-2-2b,78,freq,val,de,fr,simple,"Das Gegenteil von ""simple"" ist """,complexe,2,1,23.75,22.375,-1.375
gemma-2-2b,78,freq,freq,de,fr,simple,"Das Gegenteil von ""simple"" ist """,complexe,2,1,23.75,23.875,0.125
gemma-2-2b,79,desc,desc,de,fr,doux,"Das Gegenteil von ""doux"" ist """,acide,135,211,15.6875,15.8125,0.125
gemma-2-2b,79,desc,val,de,fr,doux,"Das Gegenteil von ""doux"" ist """,acide,135,122,15.6875,14.5625,-1.125
gemma-2-2b,79,desc,freq,de,fr,doux,"Das Gegenteil von ""doux"" ist """,acide,135,98,15.6875,16.75,1.0625
gemma-2-2b,79,val,desc,de,fr,doux,"Das Gegenteil von ""doux"" ist """,acide,135,218,15.6875,15.6875,0.0
gemma-2-2b,79,val,val,de,fr,doux,"Das Gegenteil von ""doux"" ist """,acide,135,281,15.6875,15.9375,0.25
gemma-2-2b,79,val,freq,de,fr,doux,"Das Gegenteil von ""doux"" ist """,acide,135,139,15.6875,15.8125,0.125
gemma-2-2b,79,freq,desc,de,fr,doux,"Das Gegenteil von ""doux"" ist """,acide,135,342,15.6875,15.5,-0.1875
gemma-2-2b,79,freq,val,de,fr,doux,"Das Gegenteil von ""doux"" ist """,acide,135,224,15.6875,13.1875,-2.5
gemma-2-2b,79,freq,freq,de,fr,doux,"Das Gegenteil von ""doux"" ist """,acide,135,275,15.6875,15.5625,-0.125
gemma-2-2b,80,desc,desc,de,fr,visible,"Das Gegenteil von ""visible"" ist """,invisible,0,0,24.375,24.375,0.0
gemma-2-2b,80,desc,val,de,fr,visible,"Das Gegenteil von ""visible"" ist """,invisible,0,0,24.375,23.875,-0.5
gemma-2-2b,80,desc,freq,de,fr,visible,"Das Gegenteil von ""visible"" ist """,invisible,0,0,24.375,23.375,-1.0
gemma-2-2b,80,val,desc,de,fr,visible,"Das Gegenteil von ""visible"" ist """,invisible,0,0,24.375,25.25,0.875
gemma-2-2b,80,val,val,de,fr,visible,"Das Gegenteil von ""visible"" ist """,invisible,0,0,24.375,25.375,1.0
gemma-2-2b,80,val,freq,de,fr,visible,"Das Gegenteil von ""visible"" ist """,invisible,0,0,24.375,23.875,-0.5
gemma-2-2b,80,freq,desc,de,fr,visible,"Das Gegenteil von ""visible"" ist """,invisible,0,0,24.375,24.125,-0.25
gemma-2-2b,80,freq,val,de,fr,visible,"Das Gegenteil von ""visible"" ist """,invisible,0,0,24.375,24.25,-0.125
gemma-2-2b,80,freq,freq,de,fr,visible,"Das Gegenteil von ""visible"" ist """,invisible,0,0,24.375,24.25,-0.125
gemma-2-2b,81,desc,desc,de,fr,chaud,"Das Gegenteil von ""chaud"" ist """,froid,0,0,21.875,22.375,0.5
gemma-2-2b,81,desc,val,de,fr,chaud,"Das Gegenteil von ""chaud"" ist """,froid,0,0,21.875,21.375,-0.5
gemma-2-2b,81,desc,freq,de,fr,chaud,"Das Gegenteil von ""chaud"" ist """,froid,0,0,21.875,22.5,0.625
gemma-2-2b,81,val,desc,de,fr,chaud,"Das Gegenteil von ""chaud"" ist """,froid,0,0,21.875,23.0,1.125
gemma-2-2b,81,val,val,de,fr,chaud,"Das Gegenteil von ""chaud"" ist """,froid,0,0,21.875,22.875,1.0
gemma-2-2b,81,val,freq,de,fr,chaud,"Das Gegenteil von ""chaud"" ist """,froid,0,0,21.875,22.5,0.625
gemma-2-2b,81,freq,desc,de,fr,chaud,"Das Gegenteil von ""chaud"" ist """,froid,0,1,21.875,21.75,-0.125
gemma-2-2b,81,freq,val,de,fr,chaud,"Das Gegenteil von ""chaud"" ist """,froid,0,1,21.875,20.375,-1.5
gemma-2-2b,81,freq,freq,de,fr,chaud,"Das Gegenteil von ""chaud"" ist """,froid,0,1,21.875,22.0,0.125
gemma-2-2b,82,desc,desc,de,fr,lisse,"Das Gegenteil von ""lisse"" ist """,rugueux,2,2,19.75,19.75,0.0
gemma-2-2b,82,desc,val,de,fr,lisse,"Das Gegenteil von ""lisse"" ist """,rugueux,2,1,19.75,18.875,-0.875
gemma-2-2b,82,desc,freq,de,fr,lisse,"Das Gegenteil von ""lisse"" ist """,rugueux,2,0,19.75,21.375,1.625
gemma-2-2b,82,val,desc,de,fr,lisse,"Das Gegenteil von ""lisse"" ist """,rugueux,2,2,19.75,20.625,0.875
gemma-2-2b,82,val,val,de,fr,lisse,"Das Gegenteil von ""lisse"" ist """,rugueux,2,2,19.75,20.25,0.5
gemma-2-2b,82,val,freq,de,fr,lisse,"Das Gegenteil von ""lisse"" ist """,rugueux,2,0,19.75,21.5,1.75
gemma-2-2b,82,freq,desc,de,fr,lisse,"Das Gegenteil von ""lisse"" ist """,rugueux,2,3,19.75,19.75,0.0
gemma-2-2b,82,freq,val,de,fr,lisse,"Das Gegenteil von ""lisse"" ist """,rugueux,2,2,19.75,17.875,-1.875
gemma-2-2b,82,freq,freq,de,fr,lisse,"Das Gegenteil von ""lisse"" ist """,rugueux,2,1,19.75,19.75,0.0
gemma-2-2b,83,desc,desc,de,fr,mince,"Das Gegenteil von ""mince"" ist """,épais,498,656,18.25,17.875,-0.375
gemma-2-2b,83,desc,val,de,fr,mince,"Das Gegenteil von ""mince"" ist """,épais,498,690,18.25,15.5,-2.75
gemma-2-2b,83,desc,freq,de,fr,mince,"Das Gegenteil von ""mince"" ist """,épais,498,247,18.25,18.875,0.625
gemma-2-2b,83,val,desc,de,fr,mince,"Das Gegenteil von ""mince"" ist """,épais,498,163,18.25,19.875,1.625
gemma-2-2b,83,val,val,de,fr,mince,"Das Gegenteil von ""mince"" ist """,épais,498,776,18.25,17.875,-0.375
gemma-2-2b,83,val,freq,de,fr,mince,"Das Gegenteil von ""mince"" ist """,épais,498,126,18.25,19.375,1.125
gemma-2-2b,83,freq,desc,de,fr,mince,"Das Gegenteil von ""mince"" ist """,épais,498,509,18.25,18.25,0.0
gemma-2-2b,83,freq,val,de,fr,mince,"Das Gegenteil von ""mince"" ist """,épais,498,720,18.25,15.25,-3.0
gemma-2-2b,83,freq,freq,de,fr,mince,"Das Gegenteil von ""mince"" ist """,épais,498,645,18.25,17.875,-0.375
gemma-2-2b,84,desc,desc,de,fr,grand,"Das Gegenteil von ""grand"" ist """,petit,0,0,25.125,24.75,-0.375
gemma-2-2b,84,desc,val,de,fr,grand,"Das Gegenteil von ""grand"" ist """,petit,0,1,25.125,23.125,-2.0
gemma-2-2b,84,desc,freq,de,fr,grand,"Das Gegenteil von ""grand"" ist """,petit,0,0,25.125,23.75,-1.375
gemma-2-2b,84,val,desc,de,fr,grand,"Das Gegenteil von ""grand"" ist """,petit,0,0,25.125,24.125,-1.0
gemma-2-2b,84,val,val,de,fr,grand,"Das Gegenteil von ""grand"" ist """,petit,0,0,25.125,24.75,-0.375
gemma-2-2b,84,val,freq,de,fr,grand,"Das Gegenteil von ""grand"" ist """,petit,0,0,25.125,23.25,-1.875
gemma-2-2b,84,freq,desc,de,fr,grand,"Das Gegenteil von ""grand"" ist """,petit,0,0,25.125,24.5,-0.625
gemma-2-2b,84,freq,val,de,fr,grand,"Das Gegenteil von ""grand"" ist """,petit,0,0,25.125,23.125,-2.0
gemma-2-2b,84,freq,freq,de,fr,grand,"Das Gegenteil von ""grand"" ist """,petit,0,0,25.125,24.75,-0.375
gemma-2-2b,85,desc,desc,de,fr,marié,"Das Gegenteil von ""marié"" ist """,célibataire,7,17,20.375,19.875,-0.5
gemma-2-2b,85,desc,val,de,fr,marié,"Das Gegenteil von ""marié"" ist """,célibataire,7,46,20.375,17.5,-2.875
gemma-2-2b,85,desc,freq,de,fr,marié,"Das Gegenteil von ""marié"" ist """,célibataire,7,48,20.375,19.125,-1.25
gemma-2-2b,85,val,desc,de,fr,marié,"Das Gegenteil von ""marié"" ist """,célibataire,7,13,20.375,20.375,0.0
gemma-2-2b,85,val,val,de,fr,marié,"Das Gegenteil von ""marié"" ist """,célibataire,7,28,20.375,20.0,-0.375
gemma-2-2b,85,val,freq,de,fr,marié,"Das Gegenteil von ""marié"" ist """,célibataire,7,24,20.375,19.875,-0.5
gemma-2-2b,85,freq,desc,de,fr,marié,"Das Gegenteil von ""marié"" ist """,célibataire,7,47,20.375,19.375,-1.0
gemma-2-2b,85,freq,val,de,fr,marié,"Das Gegenteil von ""marié"" ist """,célibataire,7,72,20.375,16.75,-3.625
gemma-2-2b,85,freq,freq,de,fr,marié,"Das Gegenteil von ""marié"" ist """,célibataire,7,44,20.375,19.25,-1.125
gemma-2-2b,86,desc,desc,de,fr,optimiste,"Das Gegenteil von ""optimiste"" ist """,pessimiste,0,0,23.5,23.5,0.0
gemma-2-2b,86,desc,val,de,fr,optimiste,"Das Gegenteil von ""optimiste"" ist """,pessimiste,0,0,23.5,23.0,-0.5
gemma-2-2b,86,desc,freq,de,fr,optimiste,"Das Gegenteil von ""optimiste"" ist """,pessimiste,0,0,23.5,24.125,0.625
gemma-2-2b,86,val,desc,de,fr,optimiste,"Das Gegenteil von ""optimiste"" ist """,pessimiste,0,0,23.5,24.125,0.625
gemma-2-2b,86,val,val,de,fr,optimiste,"Das Gegenteil von ""optimiste"" ist """,pessimiste,0,0,23.5,24.25,0.75
gemma-2-2b,86,val,freq,de,fr,optimiste,"Das Gegenteil von ""optimiste"" ist """,pessimiste,0,0,23.5,24.125,0.625
gemma-2-2b,86,freq,desc,de,fr,optimiste,"Das Gegenteil von ""optimiste"" ist """,pessimiste,0,0,23.5,23.75,0.25
gemma-2-2b,86,freq,val,de,fr,optimiste,"Das Gegenteil von ""optimiste"" ist """,pessimiste,0,0,23.5,22.625,-0.875
gemma-2-2b,86,freq,freq,de,fr,optimiste,"Das Gegenteil von ""optimiste"" ist """,pessimiste,0,0,23.5,23.625,0.125
gemma-2-2b,87,desc,desc,de,fr,permanent,"Das Gegenteil von ""permanent"" ist """,temporaire,3,3,23.25,23.25,0.0
gemma-2-2b,87,desc,val,de,fr,permanent,"Das Gegenteil von ""permanent"" ist """,temporaire,3,2,23.25,22.25,-1.0
gemma-2-2b,87,desc,freq,de,fr,permanent,"Das Gegenteil von ""permanent"" ist """,temporaire,3,2,23.25,22.5,-0.75
gemma-2-2b,87,val,desc,de,fr,permanent,"Das Gegenteil von ""permanent"" ist """,temporaire,3,3,23.25,23.375,0.125
gemma-2-2b,87,val,val,de,fr,permanent,"Das Gegenteil von ""permanent"" ist """,temporaire,3,2,23.25,23.875,0.625
gemma-2-2b,87,val,freq,de,fr,permanent,"Das Gegenteil von ""permanent"" ist """,temporaire,3,5,23.25,21.875,-1.375
gemma-2-2b,87,freq,desc,de,fr,permanent,"Das Gegenteil von ""permanent"" ist """,temporaire,3,3,23.25,23.125,-0.125
gemma-2-2b,87,freq,val,de,fr,permanent,"Das Gegenteil von ""permanent"" ist """,temporaire,3,2,23.25,22.125,-1.125
gemma-2-2b,87,freq,freq,de,fr,permanent,"Das Gegenteil von ""permanent"" ist """,temporaire,3,3,23.25,23.25,0.0
gemma-2-2b,88,desc,desc,de,fr,présent,"Das Gegenteil von ""présent"" ist """,passé,0,0,23.125,22.875,-0.25
gemma-2-2b,88,desc,val,de,fr,présent,"Das Gegenteil von ""présent"" ist """,passé,0,1,23.125,21.625,-1.5
gemma-2-2b,88,desc,freq,de,fr,présent,"Das Gegenteil von ""présent"" ist """,passé,0,0,23.125,23.125,0.0
gemma-2-2b,88,val,desc,de,fr,présent,"Das Gegenteil von ""présent"" ist """,passé,0,1,23.125,23.25,0.125
gemma-2-2b,88,val,val,de,fr,présent,"Das Gegenteil von ""présent"" ist """,passé,0,0,23.125,23.5,0.375
gemma-2-2b,88,val,freq,de,fr,présent,"Das Gegenteil von ""présent"" ist """,passé,0,0,23.125,23.125,0.0
gemma-2-2b,88,freq,desc,de,fr,présent,"Das Gegenteil von ""présent"" ist """,passé,0,0,23.125,23.125,0.0
gemma-2-2b,88,freq,val,de,fr,présent,"Das Gegenteil von ""présent"" ist """,passé,0,1,23.125,21.5,-1.625
gemma-2-2b,88,freq,freq,de,fr,présent,"Das Gegenteil von ""présent"" ist """,passé,0,1,23.125,22.75,-0.375
gemma-2-2b,89,desc,desc,de,fr,public,"Das Gegenteil von ""public"" ist """,privé,1,1,21.75,21.75,0.0
gemma-2-2b,89,desc,val,de,fr,public,"Das Gegenteil von ""public"" ist """,privé,1,1,21.75,21.5,-0.25
gemma-2-2b,89,desc,freq,de,fr,public,"Das Gegenteil von ""public"" ist """,privé,1,2,21.75,23.0,1.25
gemma-2-2b,89,val,desc,de,fr,public,"Das Gegenteil von ""public"" ist """,privé,1,1,21.75,23.125,1.375
gemma-2-2b,89,val,val,de,fr,public,"Das Gegenteil von ""public"" ist """,privé,1,1,21.75,23.0,1.25
gemma-2-2b,89,val,freq,de,fr,public,"Das Gegenteil von ""public"" ist """,privé,1,2,21.75,23.25,1.5
gemma-2-2b,89,freq,desc,de,fr,public,"Das Gegenteil von ""public"" ist """,privé,1,1,21.75,21.625,-0.125
gemma-2-2b,89,freq,val,de,fr,public,"Das Gegenteil von ""public"" ist """,privé,1,1,21.75,21.0,-0.75
gemma-2-2b,89,freq,freq,de,fr,public,"Das Gegenteil von ""public"" ist """,privé,1,1,21.75,21.75,0.0
gemma-2-2b,90,desc,desc,de,fr,réel,"Das Gegenteil von ""réel"" ist """,irréel,1,1,21.25,22.5,1.25
gemma-2-2b,90,desc,val,de,fr,réel,"Das Gegenteil von ""réel"" ist """,irréel,1,0,21.25,21.75,0.5
gemma-2-2b,90,desc,freq,de,fr,réel,"Das Gegenteil von ""réel"" ist """,irréel,1,1,21.25,21.75,0.5
gemma-2-2b,90,val,desc,de,fr,réel,"Das Gegenteil von ""réel"" ist """,irréel,1,1,21.25,22.875,1.625
gemma-2-2b,90,val,val,de,fr,réel,"Das Gegenteil von ""réel"" ist """,irréel,1,0,21.25,23.0,1.75
gemma-2-2b,90,val,freq,de,fr,réel,"Das Gegenteil von ""réel"" ist """,irréel,1,2,21.25,21.75,0.5
gemma-2-2b,90,freq,desc,de,fr,réel,"Das Gegenteil von ""réel"" ist """,irréel,1,0,21.25,22.625,1.375
gemma-2-2b,90,freq,val,de,fr,réel,"Das Gegenteil von ""réel"" ist """,irréel,1,0,21.25,21.25,0.0
gemma-2-2b,90,freq,freq,de,fr,réel,"Das Gegenteil von ""réel"" ist """,irréel,1,0,21.25,22.625,1.375
gemma-2-2b,91,desc,desc,de,fr,responsable,"Das Gegenteil von ""responsable"" ist """,irresponsable,0,0,26.25,26.375,0.125
gemma-2-2b,91,desc,val,de,fr,responsable,"Das Gegenteil von ""responsable"" ist """,irresponsable,0,0,26.25,26.0,-0.25
gemma-2-2b,91,desc,freq,de,fr,responsable,"Das Gegenteil von ""responsable"" ist """,irresponsable,0,0,26.25,25.75,-0.5
gemma-2-2b,91,val,desc,de,fr,responsable,"Das Gegenteil von ""responsable"" ist """,irresponsable,0,0,26.25,26.875,0.625
gemma-2-2b,91,val,val,de,fr,responsable,"Das Gegenteil von ""responsable"" ist """,irresponsable,0,0,26.25,26.75,0.5
gemma-2-2b,91,val,freq,de,fr,responsable,"Das Gegenteil von ""responsable"" ist """,irresponsable,0,0,26.25,26.0,-0.25
gemma-2-2b,91,freq,desc,de,fr,responsable,"Das Gegenteil von ""responsable"" ist """,irresponsable,0,0,26.25,26.375,0.125
gemma-2-2b,91,freq,val,de,fr,responsable,"Das Gegenteil von ""responsable"" ist """,irresponsable,0,0,26.25,25.625,-0.625
gemma-2-2b,91,freq,freq,de,fr,responsable,"Das Gegenteil von ""responsable"" ist """,irresponsable,0,0,26.25,26.375,0.125
gemma-2-2b,92,desc,desc,de,fr,célibataire,"Das Gegenteil von ""célibataire"" ist """,marié,0,2,22.0,20.25,-1.75
gemma-2-2b,92,desc,val,de,fr,célibataire,"Das Gegenteil von ""célibataire"" ist """,marié,0,2,22.0,18.5,-3.5
gemma-2-2b,92,desc,freq,de,fr,célibataire,"Das Gegenteil von ""célibataire"" ist """,marié,0,2,22.0,20.25,-1.75
gemma-2-2b,92,val,desc,de,fr,célibataire,"Das Gegenteil von ""célibataire"" ist """,marié,0,1,22.0,20.625,-1.375
gemma-2-2b,92,val,val,de,fr,célibataire,"Das Gegenteil von ""célibataire"" ist """,marié,0,2,22.0,20.75,-1.25
gemma-2-2b,92,val,freq,de,fr,célibataire,"Das Gegenteil von ""célibataire"" ist """,marié,0,4,22.0,20.0,-2.0
gemma-2-2b,92,freq,desc,de,fr,célibataire,"Das Gegenteil von ""célibataire"" ist """,marié,0,2,22.0,20.125,-1.875
gemma-2-2b,92,freq,val,de,fr,célibataire,"Das Gegenteil von ""célibataire"" ist """,marié,0,3,22.0,18.125,-3.875
gemma-2-2b,92,freq,freq,de,fr,célibataire,"Das Gegenteil von ""célibataire"" ist """,marié,0,4,22.0,20.0,-2.0
gemma-2-2b,93,desc,desc,de,fr,acide,"Das Gegenteil von ""acide"" ist """,doux,104,252,15.0,14.6875,-0.3125
gemma-2-2b,93,desc,val,de,fr,acide,"Das Gegenteil von ""acide"" ist """,doux,104,369,15.0,12.3125,-2.6875
gemma-2-2b,93,desc,freq,de,fr,acide,"Das Gegenteil von ""acide"" ist """,doux,104,301,15.0,14.5,-0.5
gemma-2-2b,93,val,desc,de,fr,acide,"Das Gegenteil von ""acide"" ist """,doux,104,83,15.0,16.75,1.75
gemma-2-2b,93,val,val,de,fr,acide,"Das Gegenteil von ""acide"" ist """,doux,104,175,15.0,16.25,1.25
gemma-2-2b,93,val,freq,de,fr,acide,"Das Gegenteil von ""acide"" ist """,doux,104,73,15.0,16.75,1.75
gemma-2-2b,93,freq,desc,de,fr,acide,"Das Gegenteil von ""acide"" ist """,doux,104,204,15.0,15.25,0.25
gemma-2-2b,93,freq,val,de,fr,acide,"Das Gegenteil von ""acide"" ist """,doux,104,212,15.0,13.1875,-1.8125
gemma-2-2b,93,freq,freq,de,fr,acide,"Das Gegenteil von ""acide"" ist """,doux,104,187,15.0,15.375,0.375
gemma-2-2b,94,desc,desc,de,fr,utile,"Das Gegenteil von ""utile"" ist """,inutile,1,1,22.5,22.5,0.0
gemma-2-2b,94,desc,val,de,fr,utile,"Das Gegenteil von ""utile"" ist """,inutile,1,2,22.5,20.5,-2.0
gemma-2-2b,94,desc,freq,de,fr,utile,"Das Gegenteil von ""utile"" ist """,inutile,1,4,22.5,21.0,-1.5
gemma-2-2b,94,val,desc,de,fr,utile,"Das Gegenteil von ""utile"" ist """,inutile,1,1,22.5,22.5,0.0
gemma-2-2b,94,val,val,de,fr,utile,"Das Gegenteil von ""utile"" ist """,inutile,1,0,22.5,23.125,0.625
gemma-2-2b,94,val,freq,de,fr,utile,"Das Gegenteil von ""utile"" ist """,inutile,1,4,22.5,21.5,-1.0
gemma-2-2b,94,freq,desc,de,fr,utile,"Das Gegenteil von ""utile"" ist """,inutile,1,0,22.5,22.75,0.25
gemma-2-2b,94,freq,val,de,fr,utile,"Das Gegenteil von ""utile"" ist """,inutile,1,0,22.5,21.375,-1.125
gemma-2-2b,94,freq,freq,de,fr,utile,"Das Gegenteil von ""utile"" ist """,inutile,1,0,22.5,22.75,0.25
gemma-2-2b,95,desc,desc,de,fr,vertical,"Das Gegenteil von ""vertical"" ist """,horizontal,0,0,25.25,25.25,0.0
gemma-2-2b,95,desc,val,de,fr,vertical,"Das Gegenteil von ""vertical"" ist """,horizontal,0,0,25.25,24.25,-1.0
gemma-2-2b,95,desc,freq,de,fr,vertical,"Das Gegenteil von ""vertical"" ist """,horizontal,0,0,25.25,23.0,-2.25
gemma-2-2b,95,val,desc,de,fr,vertical,"Das Gegenteil von ""vertical"" ist """,horizontal,0,0,25.25,25.375,0.125
gemma-2-2b,95,val,val,de,fr,vertical,"Das Gegenteil von ""vertical"" ist """,horizontal,0,0,25.25,25.75,0.5
gemma-2-2b,95,val,freq,de,fr,vertical,"Das Gegenteil von ""vertical"" ist """,horizontal,0,0,25.25,23.125,-2.125
gemma-2-2b,95,freq,desc,de,fr,vertical,"Das Gegenteil von ""vertical"" ist """,horizontal,0,0,25.25,25.25,0.0
gemma-2-2b,95,freq,val,de,fr,vertical,"Das Gegenteil von ""vertical"" ist """,horizontal,0,0,25.25,24.25,-1.0
gemma-2-2b,95,freq,freq,de,fr,vertical,"Das Gegenteil von ""vertical"" ist """,horizontal,0,0,25.25,25.25,0.0
gemma-2-2b,96,desc,desc,de,fr,bien,"Das Gegenteil von ""bien"" ist """,mal,0,0,22.25,22.875,0.625
gemma-2-2b,96,desc,val,de,fr,bien,"Das Gegenteil von ""bien"" ist """,mal,0,0,22.25,23.0,0.75
gemma-2-2b,96,desc,freq,de,fr,bien,"Das Gegenteil von ""bien"" ist """,mal,0,0,22.25,23.5,1.25
gemma-2-2b,96,val,desc,de,fr,bien,"Das Gegenteil von ""bien"" ist """,mal,0,0,22.25,23.5,1.25
gemma-2-2b,96,val,val,de,fr,bien,"Das Gegenteil von ""bien"" ist """,mal,0,0,22.25,23.5,1.25
gemma-2-2b,96,val,freq,de,fr,bien,"Das Gegenteil von ""bien"" ist """,mal,0,0,22.25,23.25,1.0
gemma-2-2b,96,freq,desc,de,fr,bien,"Das Gegenteil von ""bien"" ist """,mal,0,0,22.25,22.75,0.5
gemma-2-2b,96,freq,val,de,fr,bien,"Das Gegenteil von ""bien"" ist """,mal,0,0,22.25,21.75,-0.5
gemma-2-2b,96,freq,freq,de,fr,bien,"Das Gegenteil von ""bien"" ist """,mal,0,0,22.25,22.625,0.375
gemma-2-2b,97,desc,desc,de,fr,gagnant,"Das Gegenteil von ""gagnant"" ist """,perdant,0,0,22.375,23.125,0.75
gemma-2-2b,97,desc,val,de,fr,gagnant,"Das Gegenteil von ""gagnant"" ist """,perdant,0,0,22.375,21.875,-0.5
gemma-2-2b,97,desc,freq,de,fr,gagnant,"Das Gegenteil von ""gagnant"" ist """,perdant,0,0,22.375,23.25,0.875
gemma-2-2b,97,val,desc,de,fr,gagnant,"Das Gegenteil von ""gagnant"" ist """,perdant,0,0,22.375,23.5,1.125
gemma-2-2b,97,val,val,de,fr,gagnant,"Das Gegenteil von ""gagnant"" ist """,perdant,0,0,22.375,23.375,1.0
gemma-2-2b,97,val,freq,de,fr,gagnant,"Das Gegenteil von ""gagnant"" ist """,perdant,0,0,22.375,22.875,0.5
gemma-2-2b,97,freq,desc,de,fr,gagnant,"Das Gegenteil von ""gagnant"" ist """,perdant,0,0,22.375,23.125,0.75
gemma-2-2b,97,freq,val,de,fr,gagnant,"Das Gegenteil von ""gagnant"" ist """,perdant,0,0,22.375,21.25,-1.125
gemma-2-2b,97,freq,freq,de,fr,gagnant,"Das Gegenteil von ""gagnant"" ist """,perdant,0,0,22.375,23.125,0.75
gemma-2-2b,98,desc,desc,de,fr,méchant,"Das Gegenteil von ""méchant"" ist """,gentil,3,0,19.5,21.5,2.0
gemma-2-2b,98,desc,val,de,fr,méchant,"Das Gegenteil von ""méchant"" ist """,gentil,3,0,19.5,19.875,0.375
gemma-2-2b,98,desc,freq,de,fr,méchant,"Das Gegenteil von ""méchant"" ist """,gentil,3,2,19.5,19.625,0.125
gemma-2-2b,98,val,desc,de,fr,méchant,"Das Gegenteil von ""méchant"" ist """,gentil,3,0,19.5,21.5,2.0
gemma-2-2b,98,val,val,de,fr,méchant,"Das Gegenteil von ""méchant"" ist """,gentil,3,0,19.5,22.0,2.5
gemma-2-2b,98,val,freq,de,fr,méchant,"Das Gegenteil von ""méchant"" ist """,gentil,3,1,19.5,19.25,-0.25
gemma-2-2b,98,freq,desc,de,fr,méchant,"Das Gegenteil von ""méchant"" ist """,gentil,3,0,19.5,21.375,1.875
gemma-2-2b,98,freq,val,de,fr,méchant,"Das Gegenteil von ""méchant"" ist """,gentil,3,0,19.5,19.625,0.125
gemma-2-2b,98,freq,freq,de,fr,méchant,"Das Gegenteil von ""méchant"" ist """,gentil,3,0,19.5,21.375,1.875
gemma-2-2b,99,desc,desc,de,fr,lâche,"Das Gegenteil von ""lâche"" ist """,courageux,1,15,19.75,19.125,-0.625
gemma-2-2b,99,desc,val,de,fr,lâche,"Das Gegenteil von ""lâche"" ist """,courageux,1,21,19.75,17.125,-2.625
gemma-2-2b,99,desc,freq,de,fr,lâche,"Das Gegenteil von ""lâche"" ist """,courageux,1,28,19.75,18.5,-1.25
gemma-2-2b,99,val,desc,de,fr,lâche,"Das Gegenteil von ""lâche"" ist """,courageux,1,8,19.75,19.875,0.125
gemma-2-2b,99,val,val,de,fr,lâche,"Das Gegenteil von ""lâche"" ist """,courageux,1,13,19.75,20.125,0.375
gemma-2-2b,99,val,freq,de,fr,lâche,"Das Gegenteil von ""lâche"" ist """,courageux,1,19,19.75,19.125,-0.625
gemma-2-2b,99,freq,desc,de,fr,lâche,"Das Gegenteil von ""lâche"" ist """,courageux,1,19,19.75,19.5,-0.25
gemma-2-2b,99,freq,val,de,fr,lâche,"Das Gegenteil von ""lâche"" ist """,courageux,1,17,19.75,17.375,-2.375
gemma-2-2b,99,freq,freq,de,fr,lâche,"Das Gegenteil von ""lâche"" ist """,courageux,1,15,19.75,19.25,-0.5
gemma-2-2b,0,desc,desc,de,ja,良い,"Das Gegenteil von ""良い"" ist """,悪い,0,12,19.375,20.125,0.75
gemma-2-2b,0,desc,val,de,ja,良い,"Das Gegenteil von ""良い"" ist """,悪い,0,24,19.375,19.125,-0.25
gemma-2-2b,0,desc,freq,de,ja,良い,"Das Gegenteil von ""良い"" ist """,悪い,0,4,19.375,15.5625,-3.8125
gemma-2-2b,0,val,desc,de,ja,良い,"Das Gegenteil von ""良い"" ist """,悪い,0,5,19.375,20.125,0.75
gemma-2-2b,0,val,val,de,ja,良い,"Das Gegenteil von ""良い"" ist """,悪い,0,22,19.375,19.875,0.5
gemma-2-2b,0,val,freq,de,ja,良い,"Das Gegenteil von ""良い"" ist """,悪い,0,6,19.375,16.375,-3.0
gemma-2-2b,0,freq,desc,de,ja,良い,"Das Gegenteil von ""良い"" ist """,悪い,0,7,19.375,17.625,-1.75
gemma-2-2b,0,freq,val,de,ja,良い,"Das Gegenteil von ""良い"" ist """,悪い,0,12,19.375,17.125,-2.25
gemma-2-2b,0,freq,freq,de,ja,良い,"Das Gegenteil von ""良い"" ist """,悪い,0,14,19.375,18.75,-0.625
gemma-2-2b,1,desc,desc,de,ja,嬉しい,"Das Gegenteil von ""嬉しい"" ist """,悲しい,0,9,18.125,20.375,2.25
gemma-2-2b,1,desc,val,de,ja,嬉しい,"Das Gegenteil von ""嬉しい"" ist """,悲しい,0,45,18.125,18.625,0.5
gemma-2-2b,1,desc,freq,de,ja,嬉しい,"Das Gegenteil von ""嬉しい"" ist """,悲しい,0,45,18.125,11.25,-6.875
gemma-2-2b,1,val,desc,de,ja,嬉しい,"Das Gegenteil von ""嬉しい"" ist """,悲しい,0,46,18.125,17.0,-1.125
gemma-2-2b,1,val,val,de,ja,嬉しい,"Das Gegenteil von ""嬉しい"" ist """,悲しい,0,30,18.125,19.875,1.75
gemma-2-2b,1,val,freq,de,ja,嬉しい,"Das Gegenteil von ""嬉しい"" ist """,悲しい,0,131,18.125,10.5625,-7.5625
gemma-2-2b,1,freq,desc,de,ja,嬉しい,"Das Gegenteil von ""嬉しい"" ist """,悲しい,0,10,18.125,16.625,-1.5
gemma-2-2b,1,freq,val,de,ja,嬉しい,"Das Gegenteil von ""嬉しい"" ist """,悲しい,0,15,18.125,16.75,-1.375
gemma-2-2b,1,freq,freq,de,ja,嬉しい,"Das Gegenteil von ""嬉しい"" ist """,悲しい,0,11,18.125,18.25,0.125
gemma-2-2b,2,desc,desc,de,ja,大きい,"Das Gegenteil von ""大きい"" ist """,小さい,0,1,19.75,22.375,2.625
gemma-2-2b,2,desc,val,de,ja,大きい,"Das Gegenteil von ""大きい"" ist """,小さい,0,1,19.75,21.5,1.75
gemma-2-2b,2,desc,freq,de,ja,大きい,"Das Gegenteil von ""大きい"" ist """,小さい,0,1,19.75,15.25,-4.5
gemma-2-2b,2,val,desc,de,ja,大きい,"Das Gegenteil von ""大きい"" ist """,小さい,0,0,19.75,20.5,0.75
gemma-2-2b,2,val,val,de,ja,大きい,"Das Gegenteil von ""大きい"" ist """,小さい,0,2,19.75,22.25,2.5
gemma-2-2b,2,val,freq,de,ja,大きい,"Das Gegenteil von ""大きい"" ist """,小さい,0,1,19.75,16.5,-3.25
gemma-2-2b,2,freq,desc,de,ja,大きい,"Das Gegenteil von ""大きい"" ist """,小さい,0,0,19.75,19.25,-0.5
gemma-2-2b,2,freq,val,de,ja,大きい,"Das Gegenteil von ""大きい"" ist """,小さい,0,0,19.75,19.625,-0.125
gemma-2-2b,2,freq,freq,de,ja,大きい,"Das Gegenteil von ""大きい"" ist """,小さい,0,1,19.75,21.0,1.25
gemma-2-2b,3,desc,desc,de,ja,暑い,"Das Gegenteil von ""暑い"" ist """,寒い,0,8,18.5,20.75,2.25
gemma-2-2b,3,desc,val,de,ja,暑い,"Das Gegenteil von ""暑い"" ist """,寒い,0,9,18.5,19.875,1.375
gemma-2-2b,3,desc,freq,de,ja,暑い,"Das Gegenteil von ""暑い"" ist """,寒い,0,16,18.5,11.8125,-6.6875
gemma-2-2b,3,val,desc,de,ja,暑い,"Das Gegenteil von ""暑い"" ist """,寒い,0,4,18.5,19.125,0.625
gemma-2-2b,3,val,val,de,ja,暑い,"Das Gegenteil von ""暑い"" ist """,寒い,0,8,18.5,21.125,2.625
gemma-2-2b,3,val,freq,de,ja,暑い,"Das Gegenteil von ""暑い"" ist """,寒い,0,19,18.5,12.875,-5.625
gemma-2-2b,3,freq,desc,de,ja,暑い,"Das Gegenteil von ""暑い"" ist """,寒い,0,3,18.5,17.125,-1.375
gemma-2-2b,3,freq,val,de,ja,暑い,"Das Gegenteil von ""暑い"" ist """,寒い,0,4,18.5,18.125,-0.375
gemma-2-2b,3,freq,freq,de,ja,暑い,"Das Gegenteil von ""暑い"" ist """,寒い,0,8,18.5,19.0,0.5
gemma-2-2b,4,desc,desc,de,ja,速い,"Das Gegenteil von ""速い"" ist """,遅い,0,1,21.125,22.625,1.5
gemma-2-2b,4,desc,val,de,ja,速い,"Das Gegenteil von ""速い"" ist """,遅い,0,4,21.125,21.625,0.5
gemma-2-2b,4,desc,freq,de,ja,速い,"Das Gegenteil von ""速い"" ist """,遅い,0,2,21.125,15.5625,-5.5625
gemma-2-2b,4,val,desc,de,ja,速い,"Das Gegenteil von ""速い"" ist """,遅い,0,0,21.125,22.0,0.875
gemma-2-2b,4,val,val,de,ja,速い,"Das Gegenteil von ""速い"" ist """,遅い,0,3,21.125,23.375,2.25
gemma-2-2b,4,val,freq,de,ja,速い,"Das Gegenteil von ""速い"" ist """,遅い,0,3,21.125,17.125,-4.0
gemma-2-2b,4,freq,desc,de,ja,速い,"Das Gegenteil von ""速い"" ist """,遅い,0,0,21.125,19.75,-1.375
gemma-2-2b,4,freq,val,de,ja,速い,"Das Gegenteil von ""速い"" ist """,遅い,0,0,21.125,20.25,-0.875
gemma-2-2b,4,freq,freq,de,ja,速い,"Das Gegenteil von ""速い"" ist """,遅い,0,1,21.125,20.625,-0.5
gemma-2-2b,5,desc,desc,de,ja,軽い,"Das Gegenteil von ""軽い"" ist """,重い,0,2,21.0,22.375,1.375
gemma-2-2b,5,desc,val,de,ja,軽い,"Das Gegenteil von ""軽い"" ist """,重い,0,2,21.0,21.875,0.875
gemma-2-2b,5,desc,freq,de,ja,軽い,"Das Gegenteil von ""軽い"" ist """,重い,0,0,21.0,17.25,-3.75
gemma-2-2b,5,val,desc,de,ja,軽い,"Das Gegenteil von ""軽い"" ist """,重い,0,0,21.0,23.125,2.125
gemma-2-2b,5,val,val,de,ja,軽い,"Das Gegenteil von ""軽い"" ist """,重い,0,2,21.0,23.5,2.5
gemma-2-2b,5,val,freq,de,ja,軽い,"Das Gegenteil von ""軽い"" ist """,重い,0,0,21.0,19.0,-2.0
gemma-2-2b,5,freq,desc,de,ja,軽い,"Das Gegenteil von ""軽い"" ist """,重い,0,1,21.0,20.375,-0.625
gemma-2-2b,5,freq,val,de,ja,軽い,"Das Gegenteil von ""軽い"" ist """,重い,0,1,21.0,20.375,-0.625
gemma-2-2b,5,freq,freq,de,ja,軽い,"Das Gegenteil von ""軽い"" ist """,重い,0,1,21.0,21.125,0.125
gemma-2-2b,6,desc,desc,de,ja,簡単な,"Das Gegenteil von ""簡単な"" ist """,難しい,0,124,18.5,17.5,-1.0
gemma-2-2b,6,desc,val,de,ja,簡単な,"Das Gegenteil von ""簡単な"" ist """,難しい,0,187,18.5,16.5,-2.0
gemma-2-2b,6,desc,freq,de,ja,簡単な,"Das Gegenteil von ""簡単な"" ist """,難しい,0,37,18.5,13.75,-4.75
gemma-2-2b,6,val,desc,de,ja,簡単な,"Das Gegenteil von ""簡単な"" ist """,難しい,0,7,18.5,20.125,1.625
gemma-2-2b,6,val,val,de,ja,簡単な,"Das Gegenteil von ""簡単な"" ist """,難しい,0,161,18.5,17.75,-0.75
gemma-2-2b,6,val,freq,de,ja,簡単な,"Das Gegenteil von ""簡単な"" ist """,難しい,0,8,18.5,16.5,-2.0
gemma-2-2b,6,freq,desc,de,ja,簡単な,"Das Gegenteil von ""簡単な"" ist """,難しい,0,37,18.5,16.125,-2.375
gemma-2-2b,6,freq,val,de,ja,簡単な,"Das Gegenteil von ""簡単な"" ist """,難しい,0,48,18.5,15.9375,-2.5625
gemma-2-2b,6,freq,freq,de,ja,簡単な,"Das Gegenteil von ""簡単な"" ist """,難しい,0,106,18.5,16.625,-1.875
gemma-2-2b,7,desc,desc,de,ja,新しい,"Das Gegenteil von ""新しい"" ist """,古い,0,5,19.125,19.75,0.625
gemma-2-2b,7,desc,val,de,ja,新しい,"Das Gegenteil von ""新しい"" ist """,古い,0,12,19.125,19.375,0.25
gemma-2-2b,7,desc,freq,de,ja,新しい,"Das Gegenteil von ""新しい"" ist """,古い,0,3,19.125,14.5,-4.625
gemma-2-2b,7,val,desc,de,ja,新しい,"Das Gegenteil von ""新しい"" ist """,古い,0,24,19.125,17.25,-1.875
gemma-2-2b,7,val,val,de,ja,新しい,"Das Gegenteil von ""新しい"" ist """,古い,0,18,19.125,19.75,0.625
gemma-2-2b,7,val,freq,de,ja,新しい,"Das Gegenteil von ""新しい"" ist """,古い,0,13,19.125,14.9375,-4.1875
gemma-2-2b,7,freq,desc,de,ja,新しい,"Das Gegenteil von ""新しい"" ist """,古い,0,2,19.125,17.875,-1.25
gemma-2-2b,7,freq,val,de,ja,新しい,"Das Gegenteil von ""新しい"" ist """,古い,0,8,19.125,18.75,-0.375
gemma-2-2b,7,freq,freq,de,ja,新しい,"Das Gegenteil von ""新しい"" ist """,古い,0,4,19.125,19.5,0.375
gemma-2-2b,8,desc,desc,de,ja,正しい,"Das Gegenteil von ""正しい"" ist """,間違った,0,9,21.125,22.625,1.5
gemma-2-2b,8,desc,val,de,ja,正しい,"Das Gegenteil von ""正しい"" ist """,間違った,0,8,21.125,21.875,0.75
gemma-2-2b,8,desc,freq,de,ja,正しい,"Das Gegenteil von ""正しい"" ist """,間違った,0,3,21.125,18.125,-3.0
gemma-2-2b,8,val,desc,de,ja,正しい,"Das Gegenteil von ""正しい"" ist """,間違った,0,7,21.125,21.875,0.75
gemma-2-2b,8,val,val,de,ja,正しい,"Das Gegenteil von ""正しい"" ist """,間違った,0,13,21.125,22.75,1.625
gemma-2-2b,8,val,freq,de,ja,正しい,"Das Gegenteil von ""正しい"" ist """,間違った,0,4,21.125,17.875,-3.25
gemma-2-2b,8,freq,desc,de,ja,正しい,"Das Gegenteil von ""正しい"" ist """,間違った,0,6,21.125,19.875,-1.25
gemma-2-2b,8,freq,val,de,ja,正しい,"Das Gegenteil von ""正しい"" ist """,間違った,0,7,21.125,20.125,-1.0
gemma-2-2b,8,freq,freq,de,ja,正しい,"Das Gegenteil von ""正しい"" ist """,間違った,0,7,21.125,21.125,0.0
gemma-2-2b,9,desc,desc,de,ja,生きている,"Das Gegenteil von ""生きている"" ist """,死んでいる,0,1,18.125,22.125,4.0
gemma-2-2b,9,desc,val,de,ja,生きている,"Das Gegenteil von ""生きている"" ist """,死んでいる,0,1,18.125,20.75,2.625
gemma-2-2b,9,desc,freq,de,ja,生きている,"Das Gegenteil von ""生きている"" ist """,死んでいる,0,0,18.125,16.5,-1.625
gemma-2-2b,9,val,desc,de,ja,生きている,"Das Gegenteil von ""生きている"" ist """,死んでいる,0,0,18.125,21.5,3.375
gemma-2-2b,9,val,val,de,ja,生きている,"Das Gegenteil von ""生きている"" ist """,死んでいる,0,1,18.125,23.125,5.0
gemma-2-2b,9,val,freq,de,ja,生きている,"Das Gegenteil von ""生きている"" ist """,死んでいる,0,0,18.125,17.875,-0.25
gemma-2-2b,9,freq,desc,de,ja,生きている,"Das Gegenteil von ""生きている"" ist """,死んでいる,0,0,18.125,19.25,1.125
gemma-2-2b,9,freq,val,de,ja,生きている,"Das Gegenteil von ""生きている"" ist """,死んでいる,0,0,18.125,18.875,0.75
gemma-2-2b,9,freq,freq,de,ja,生きている,"Das Gegenteil von ""生きている"" ist """,死んでいる,0,0,18.125,20.75,2.625
gemma-2-2b,10,desc,desc,de,ja,満杯,"Das Gegenteil von ""満杯"" ist """,空っぽ,0,0,19.375,24.0,4.625
gemma-2-2b,10,desc,val,de,ja,満杯,"Das Gegenteil von ""満杯"" ist """,空っぽ,0,0,19.375,23.5,4.125
gemma-2-2b,10,desc,freq,de,ja,満杯,"Das Gegenteil von ""満杯"" ist """,空っぽ,0,7,19.375,18.125,-1.25
gemma-2-2b,10,val,desc,de,ja,満杯,"Das Gegenteil von ""満杯"" ist """,空っぽ,0,0,19.375,22.625,3.25
gemma-2-2b,10,val,val,de,ja,満杯,"Das Gegenteil von ""満杯"" ist """,空っぽ,0,3,19.375,24.0,4.625
gemma-2-2b,10,val,freq,de,ja,満杯,"Das Gegenteil von ""満杯"" ist """,空っぽ,0,3,19.375,19.0,-0.375
gemma-2-2b,10,freq,desc,de,ja,満杯,"Das Gegenteil von ""満杯"" ist """,空っぽ,0,0,19.375,21.5,2.125
gemma-2-2b,10,freq,val,de,ja,満杯,"Das Gegenteil von ""満杯"" ist """,空っぽ,0,0,19.375,21.625,2.25
gemma-2-2b,10,freq,freq,de,ja,満杯,"Das Gegenteil von ""満杯"" ist """,空っぽ,0,0,19.375,22.5,3.125
gemma-2-2b,11,desc,desc,de,ja,明るい,"Das Gegenteil von ""明るい"" ist """,暗い,0,3,19.75,20.25,0.5
gemma-2-2b,11,desc,val,de,ja,明るい,"Das Gegenteil von ""明るい"" ist """,暗い,0,8,19.75,19.25,-0.5
gemma-2-2b,11,desc,freq,de,ja,明るい,"Das Gegenteil von ""明るい"" ist """,暗い,0,0,19.75,14.5,-5.25
gemma-2-2b,11,val,desc,de,ja,明るい,"Das Gegenteil von ""明るい"" ist """,暗い,0,0,19.75,21.75,2.0
gemma-2-2b,11,val,val,de,ja,明るい,"Das Gegenteil von ""明るい"" ist """,暗い,0,9,19.75,21.0,1.25
gemma-2-2b,11,val,freq,de,ja,明るい,"Das Gegenteil von ""明るい"" ist """,暗い,0,0,19.75,16.75,-3.0
gemma-2-2b,11,freq,desc,de,ja,明るい,"Das Gegenteil von ""明るい"" ist """,暗い,0,1,19.75,18.25,-1.5
gemma-2-2b,11,freq,val,de,ja,明るい,"Das Gegenteil von ""明るい"" ist """,暗い,0,2,19.75,18.75,-1.0
gemma-2-2b,11,freq,freq,de,ja,明るい,"Das Gegenteil von ""明るい"" ist """,暗い,0,2,19.75,19.25,-0.5
gemma-2-2b,12,desc,desc,de,ja,強い,"Das Gegenteil von ""強い"" ist """,弱い,0,7,20.0,21.375,1.375
gemma-2-2b,12,desc,val,de,ja,強い,"Das Gegenteil von ""強い"" ist """,弱い,0,14,20.0,19.75,-0.25
gemma-2-2b,12,desc,freq,de,ja,強い,"Das Gegenteil von ""強い"" ist """,弱い,0,14,20.0,12.375,-7.625
gemma-2-2b,12,val,desc,de,ja,強い,"Das Gegenteil von ""強い"" ist """,弱い,0,2,20.0,21.625,1.625
gemma-2-2b,12,val,val,de,ja,強い,"Das Gegenteil von ""強い"" ist """,弱い,0,9,20.0,21.625,1.625
gemma-2-2b,12,val,freq,de,ja,強い,"Das Gegenteil von ""強い"" ist """,弱い,0,5,20.0,14.75,-5.25
gemma-2-2b,12,freq,desc,de,ja,強い,"Das Gegenteil von ""強い"" ist """,弱い,0,2,20.0,18.5,-1.5
gemma-2-2b,12,freq,val,de,ja,強い,"Das Gegenteil von ""強い"" ist """,弱い,0,6,20.0,18.25,-1.75
gemma-2-2b,12,freq,freq,de,ja,強い,"Das Gegenteil von ""強い"" ist """,弱い,0,4,20.0,19.375,-0.625
gemma-2-2b,13,desc,desc,de,ja,きれいな,"Das Gegenteil von ""きれいな"" ist """,汚い,0,2,19.5,21.875,2.375
gemma-2-2b,13,desc,val,de,ja,きれいな,"Das Gegenteil von ""きれいな"" ist """,汚い,0,2,19.5,21.375,1.875
gemma-2-2b,13,desc,freq,de,ja,きれいな,"Das Gegenteil von ""きれいな"" ist """,汚い,0,0,19.5,16.75,-2.75
gemma-2-2b,13,val,desc,de,ja,きれいな,"Das Gegenteil von ""きれいな"" ist """,汚い,0,0,19.5,21.5,2.0
gemma-2-2b,13,val,val,de,ja,きれいな,"Das Gegenteil von ""きれいな"" ist """,汚い,0,2,19.5,22.5,3.0
gemma-2-2b,13,val,freq,de,ja,きれいな,"Das Gegenteil von ""きれいな"" ist """,汚い,0,1,19.5,18.125,-1.375
gemma-2-2b,13,freq,desc,de,ja,きれいな,"Das Gegenteil von ""きれいな"" ist """,汚い,0,0,19.5,19.75,0.25
gemma-2-2b,13,freq,val,de,ja,きれいな,"Das Gegenteil von ""きれいな"" ist """,汚い,0,0,19.5,20.125,0.625
gemma-2-2b,13,freq,freq,de,ja,きれいな,"Das Gegenteil von ""きれいな"" ist """,汚い,0,0,19.5,21.0,1.5
gemma-2-2b,14,desc,desc,de,ja,開いた,"Das Gegenteil von ""開いた"" ist """,閉じた,0,8,18.75,21.0,2.25
gemma-2-2b,14,desc,val,de,ja,開いた,"Das Gegenteil von ""開いた"" ist """,閉じた,0,8,18.75,20.5,1.75
gemma-2-2b,14,desc,freq,de,ja,開いた,"Das Gegenteil von ""開いた"" ist """,閉じた,0,0,18.75,17.75,-1.0
gemma-2-2b,14,val,desc,de,ja,開いた,"Das Gegenteil von ""開いた"" ist """,閉じた,0,2,18.75,20.875,2.125
gemma-2-2b,14,val,val,de,ja,開いた,"Das Gegenteil von ""開いた"" ist """,閉じた,0,8,18.75,21.625,2.875
gemma-2-2b,14,val,freq,de,ja,開いた,"Das Gegenteil von ""開いた"" ist """,閉じた,0,1,18.75,19.125,0.375
gemma-2-2b,14,freq,desc,de,ja,開いた,"Das Gegenteil von ""開いた"" ist """,閉じた,0,1,18.75,19.375,0.625
gemma-2-2b,14,freq,val,de,ja,開いた,"Das Gegenteil von ""開いた"" ist """,閉じた,0,2,18.75,19.5,0.75
gemma-2-2b,14,freq,freq,de,ja,開いた,"Das Gegenteil von ""開いた"" ist """,閉じた,0,2,18.75,20.25,1.5
gemma-2-2b,15,desc,desc,de,ja,裕福な,"Das Gegenteil von ""裕福な"" ist """,貧しい,0,14,20.875,20.375,-0.5
gemma-2-2b,15,desc,val,de,ja,裕福な,"Das Gegenteil von ""裕福な"" ist """,貧しい,0,13,20.875,20.25,-0.625
gemma-2-2b,15,desc,freq,de,ja,裕福な,"Das Gegenteil von ""裕福な"" ist """,貧しい,0,0,20.875,16.875,-4.0
gemma-2-2b,15,val,desc,de,ja,裕福な,"Das Gegenteil von ""裕福な"" ist """,貧しい,0,1,20.875,22.5,1.625
gemma-2-2b,15,val,val,de,ja,裕福な,"Das Gegenteil von ""裕福な"" ist """,貧しい,0,21,20.875,21.0,0.125
gemma-2-2b,15,val,freq,de,ja,裕福な,"Das Gegenteil von ""裕福な"" ist """,貧しい,0,0,20.875,19.625,-1.25
gemma-2-2b,15,freq,desc,de,ja,裕福な,"Das Gegenteil von ""裕福な"" ist """,貧しい,0,0,20.875,19.875,-1.0
gemma-2-2b,15,freq,val,de,ja,裕福な,"Das Gegenteil von ""裕福な"" ist """,貧しい,0,0,20.875,19.875,-1.0
gemma-2-2b,15,freq,freq,de,ja,裕福な,"Das Gegenteil von ""裕福な"" ist """,貧しい,0,4,20.875,20.125,-0.75
gemma-2-2b,16,desc,desc,de,ja,美しい,"Das Gegenteil von ""美しい"" ist """,醜い,0,1,19.875,23.25,3.375
gemma-2-2b,16,desc,val,de,ja,美しい,"Das Gegenteil von ""美しい"" ist """,醜い,0,2,19.875,22.375,2.5
gemma-2-2b,16,desc,freq,de,ja,美しい,"Das Gegenteil von ""美しい"" ist """,醜い,0,2,19.875,16.5,-3.375
gemma-2-2b,16,val,desc,de,ja,美しい,"Das Gegenteil von ""美しい"" ist """,醜い,0,0,19.875,23.125,3.25
gemma-2-2b,16,val,val,de,ja,美しい,"Das Gegenteil von ""美しい"" ist """,醜い,0,1,19.875,24.125,4.25
gemma-2-2b,16,val,freq,de,ja,美しい,"Das Gegenteil von ""美しい"" ist """,醜い,0,11,19.875,17.0,-2.875
gemma-2-2b,16,freq,desc,de,ja,美しい,"Das Gegenteil von ""美しい"" ist """,醜い,0,0,19.875,20.75,0.875
gemma-2-2b,16,freq,val,de,ja,美しい,"Das Gegenteil von ""美しい"" ist """,醜い,0,0,19.875,21.0,1.125
gemma-2-2b,16,freq,freq,de,ja,美しい,"Das Gegenteil von ""美しい"" ist """,醜い,0,1,19.875,21.625,1.75
gemma-2-2b,17,desc,desc,de,ja,長い,"Das Gegenteil von ""長い"" ist """,短い,0,3,19.375,21.75,2.375
gemma-2-2b,17,desc,val,de,ja,長い,"Das Gegenteil von ""長い"" ist """,短い,0,5,19.375,21.0,1.625
gemma-2-2b,17,desc,freq,de,ja,長い,"Das Gegenteil von ""長い"" ist """,短い,0,0,19.375,18.125,-1.25
gemma-2-2b,17,val,desc,de,ja,長い,"Das Gegenteil von ""長い"" ist """,短い,0,1,19.375,20.625,1.25
gemma-2-2b,17,val,val,de,ja,長い,"Das Gegenteil von ""長い"" ist """,短い,0,6,19.375,21.875,2.5
gemma-2-2b,17,val,freq,de,ja,長い,"Das Gegenteil von ""長い"" ist """,短い,0,1,19.375,18.875,-0.5
gemma-2-2b,17,freq,desc,de,ja,長い,"Das Gegenteil von ""長い"" ist """,短い,0,1,19.375,19.5,0.125
gemma-2-2b,17,freq,val,de,ja,長い,"Das Gegenteil von ""長い"" ist """,短い,0,1,19.375,19.75,0.375
gemma-2-2b,17,freq,freq,de,ja,長い,"Das Gegenteil von ""長い"" ist """,短い,0,3,19.375,20.75,1.375
gemma-2-2b,18,desc,desc,de,ja,広い,"Das Gegenteil von ""広い"" ist """,狭い,0,1,21.0,23.125,2.125
gemma-2-2b,18,desc,val,de,ja,広い,"Das Gegenteil von ""広い"" ist """,狭い,0,2,21.0,21.75,0.75
gemma-2-2b,18,desc,freq,de,ja,広い,"Das Gegenteil von ""広い"" ist """,狭い,0,1,21.0,16.75,-4.25
gemma-2-2b,18,val,desc,de,ja,広い,"Das Gegenteil von ""広い"" ist """,狭い,0,1,21.0,23.5,2.5
gemma-2-2b,18,val,val,de,ja,広い,"Das Gegenteil von ""広い"" ist """,狭い,0,2,21.0,24.0,3.0
gemma-2-2b,18,val,freq,de,ja,広い,"Das Gegenteil von ""広い"" ist """,狭い,0,3,21.0,18.375,-2.625
gemma-2-2b,18,freq,desc,de,ja,広い,"Das Gegenteil von ""広い"" ist """,狭い,0,1,21.0,20.125,-0.875
gemma-2-2b,18,freq,val,de,ja,広い,"Das Gegenteil von ""広い"" ist """,狭い,0,1,21.0,20.375,-0.625
gemma-2-2b,18,freq,freq,de,ja,広い,"Das Gegenteil von ""広い"" ist """,狭い,0,2,21.0,21.0,0.0
gemma-2-2b,19,desc,desc,de,ja,硬い,"Das Gegenteil von ""硬い"" ist """,柔らかい,1,22,16.5,18.5,2.0
gemma-2-2b,19,desc,val,de,ja,硬い,"Das Gegenteil von ""硬い"" ist """,柔らかい,1,91,16.5,16.375,-0.125
gemma-2-2b,19,desc,freq,de,ja,硬い,"Das Gegenteil von ""硬い"" ist """,柔らかい,1,8,16.5,11.75,-4.75
gemma-2-2b,19,val,desc,de,ja,硬い,"Das Gegenteil von ""硬い"" ist """,柔らかい,1,21,16.5,17.25,0.75
gemma-2-2b,19,val,val,de,ja,硬い,"Das Gegenteil von ""硬い"" ist """,柔らかい,1,54,16.5,17.875,1.375
gemma-2-2b,19,val,freq,de,ja,硬い,"Das Gegenteil von ""硬い"" ist """,柔らかい,1,7,16.5,13.1875,-3.3125
gemma-2-2b,19,freq,desc,de,ja,硬い,"Das Gegenteil von ""硬い"" ist """,柔らかい,1,10,16.5,16.125,-0.375
gemma-2-2b,19,freq,val,de,ja,硬い,"Das Gegenteil von ""硬い"" ist """,柔らかい,1,18,16.5,15.6875,-0.8125
gemma-2-2b,19,freq,freq,de,ja,硬い,"Das Gegenteil von ""硬い"" ist """,柔らかい,1,23,16.5,16.625,0.125
gemma-2-2b,20,desc,desc,de,ja,乾いた,"Das Gegenteil von ""乾いた"" ist """,湿った,0,4,17.625,21.25,3.625
gemma-2-2b,20,desc,val,de,ja,乾いた,"Das Gegenteil von ""乾いた"" ist """,湿った,0,10,17.625,20.5,2.875
gemma-2-2b,20,desc,freq,de,ja,乾いた,"Das Gegenteil von ""乾いた"" ist """,湿った,0,11,17.625,13.8125,-3.8125
gemma-2-2b,20,val,desc,de,ja,乾いた,"Das Gegenteil von ""乾いた"" ist """,湿った,0,10,17.625,19.875,2.25
gemma-2-2b,20,val,val,de,ja,乾いた,"Das Gegenteil von ""乾いた"" ist """,湿った,0,10,17.625,22.125,4.5
gemma-2-2b,20,val,freq,de,ja,乾いた,"Das Gegenteil von ""乾いた"" ist """,湿った,0,9,17.625,15.25,-2.375
gemma-2-2b,20,freq,desc,de,ja,乾いた,"Das Gegenteil von ""乾いた"" ist """,湿った,0,1,17.625,18.875,1.25
gemma-2-2b,20,freq,val,de,ja,乾いた,"Das Gegenteil von ""乾いた"" ist """,湿った,0,2,17.625,19.125,1.5
gemma-2-2b,20,freq,freq,de,ja,乾いた,"Das Gegenteil von ""乾いた"" ist """,湿った,0,1,17.625,19.875,2.25
gemma-2-2b,21,desc,desc,de,ja,うるさい,"Das Gegenteil von ""うるさい"" ist """,静かな,0,1,20.0,23.125,3.125
gemma-2-2b,21,desc,val,de,ja,うるさい,"Das Gegenteil von ""うるさい"" ist """,静かな,0,0,20.0,22.25,2.25
gemma-2-2b,21,desc,freq,de,ja,うるさい,"Das Gegenteil von ""うるさい"" ist """,静かな,0,2,20.0,14.875,-5.125
gemma-2-2b,21,val,desc,de,ja,うるさい,"Das Gegenteil von ""うるさい"" ist """,静かな,0,0,20.0,21.875,1.875
gemma-2-2b,21,val,val,de,ja,うるさい,"Das Gegenteil von ""うるさい"" ist """,静かな,0,1,20.0,23.625,3.625
gemma-2-2b,21,val,freq,de,ja,うるさい,"Das Gegenteil von ""うるさい"" ist """,静かな,0,2,20.0,15.8125,-4.1875
gemma-2-2b,21,freq,desc,de,ja,うるさい,"Das Gegenteil von ""うるさい"" ist """,静かな,0,0,20.0,20.125,0.125
gemma-2-2b,21,freq,val,de,ja,うるさい,"Das Gegenteil von ""うるさい"" ist """,静かな,0,0,20.0,20.75,0.75
gemma-2-2b,21,freq,freq,de,ja,うるさい,"Das Gegenteil von ""うるさい"" ist """,静かな,0,0,20.0,21.875,1.875
gemma-2-2b,22,desc,desc,de,ja,早い,"Das Gegenteil von ""早い"" ist """,遅い,0,0,21.375,23.125,1.75
gemma-2-2b,22,desc,val,de,ja,早い,"Das Gegenteil von ""早い"" ist """,遅い,0,0,21.375,21.75,0.375
gemma-2-2b,22,desc,freq,de,ja,早い,"Das Gegenteil von ""早い"" ist """,遅い,0,2,21.375,15.5,-5.875
gemma-2-2b,22,val,desc,de,ja,早い,"Das Gegenteil von ""早い"" ist """,遅い,0,0,21.375,22.375,1.0
gemma-2-2b,22,val,val,de,ja,早い,"Das Gegenteil von ""早い"" ist """,遅い,0,0,21.375,23.5,2.125
gemma-2-2b,22,val,freq,de,ja,早い,"Das Gegenteil von ""早い"" ist """,遅い,0,0,21.375,17.75,-3.625
gemma-2-2b,22,freq,desc,de,ja,早い,"Das Gegenteil von ""早い"" ist """,遅い,0,0,21.375,20.125,-1.25
gemma-2-2b,22,freq,val,de,ja,早い,"Das Gegenteil von ""早い"" ist """,遅い,0,0,21.375,20.125,-1.25
gemma-2-2b,22,freq,freq,de,ja,早い,"Das Gegenteil von ""早い"" ist """,遅い,0,0,21.375,21.5,0.125
gemma-2-2b,23,desc,desc,de,ja,近い,"Das Gegenteil von ""近い"" ist """,遠い,0,4,21.75,23.5,1.75
gemma-2-2b,23,desc,val,de,ja,近い,"Das Gegenteil von ""近い"" ist """,遠い,0,7,21.75,22.75,1.0
gemma-2-2b,23,desc,freq,de,ja,近い,"Das Gegenteil von ""近い"" ist """,遠い,0,5,21.75,19.375,-2.375
gemma-2-2b,23,val,desc,de,ja,近い,"Das Gegenteil von ""近い"" ist """,遠い,0,5,21.75,23.375,1.625
gemma-2-2b,23,val,val,de,ja,近い,"Das Gegenteil von ""近い"" ist """,遠い,0,7,21.75,24.125,2.375
gemma-2-2b,23,val,freq,de,ja,近い,"Das Gegenteil von ""近い"" ist """,遠い,0,5,21.75,19.75,-2.0
gemma-2-2b,23,freq,desc,de,ja,近い,"Das Gegenteil von ""近い"" ist """,遠い,0,6,21.75,20.25,-1.5
gemma-2-2b,23,freq,val,de,ja,近い,"Das Gegenteil von ""近い"" ist """,遠い,0,6,21.75,20.75,-1.0
gemma-2-2b,23,freq,freq,de,ja,近い,"Das Gegenteil von ""近い"" ist """,遠い,0,5,21.75,21.625,-0.125
gemma-2-2b,24,desc,desc,de,ja,深い,"Das Gegenteil von ""深い"" ist """,浅い,0,0,22.875,26.125,3.25
gemma-2-2b,24,desc,val,de,ja,深い,"Das Gegenteil von ""深い"" ist """,浅い,0,0,22.875,25.125,2.25
gemma-2-2b,24,desc,freq,de,ja,深い,"Das Gegenteil von ""深い"" ist """,浅い,0,0,22.875,22.75,-0.125
gemma-2-2b,24,val,desc,de,ja,深い,"Das Gegenteil von ""深い"" ist """,浅い,0,0,22.875,25.625,2.75
gemma-2-2b,24,val,val,de,ja,深い,"Das Gegenteil von ""深い"" ist """,浅い,0,0,22.875,26.5,3.625
gemma-2-2b,24,val,freq,de,ja,深い,"Das Gegenteil von ""深い"" ist """,浅い,0,0,22.875,23.375,0.5
gemma-2-2b,24,freq,desc,de,ja,深い,"Das Gegenteil von ""深い"" ist """,浅い,0,0,22.875,23.875,1.0
gemma-2-2b,24,freq,val,de,ja,深い,"Das Gegenteil von ""深い"" ist """,浅い,0,0,22.875,23.875,1.0
gemma-2-2b,24,freq,freq,de,ja,深い,"Das Gegenteil von ""深い"" ist """,浅い,0,0,22.875,25.0,2.125
gemma-2-2b,25,desc,desc,de,ja,悪い,"Das Gegenteil von ""悪い"" ist """,良い,0,7,18.875,20.875,2.0
gemma-2-2b,25,desc,val,de,ja,悪い,"Das Gegenteil von ""悪い"" ist """,良い,0,7,18.875,19.875,1.0
gemma-2-2b,25,desc,freq,de,ja,悪い,"Das Gegenteil von ""悪い"" ist """,良い,0,11,18.875,11.8125,-7.0625
gemma-2-2b,25,val,desc,de,ja,悪い,"Das Gegenteil von ""悪い"" ist """,良い,0,1,18.875,19.25,0.375
gemma-2-2b,25,val,val,de,ja,悪い,"Das Gegenteil von ""悪い"" ist """,良い,0,10,18.875,20.375,1.5
gemma-2-2b,25,val,freq,de,ja,悪い,"Das Gegenteil von ""悪い"" ist """,良い,0,11,18.875,12.6875,-6.1875
gemma-2-2b,25,freq,desc,de,ja,悪い,"Das Gegenteil von ""悪い"" ist """,良い,0,4,18.875,17.75,-1.125
gemma-2-2b,25,freq,val,de,ja,悪い,"Das Gegenteil von ""悪い"" ist """,良い,0,4,18.875,18.25,-0.625
gemma-2-2b,25,freq,freq,de,ja,悪い,"Das Gegenteil von ""悪い"" ist """,良い,0,3,18.875,19.75,0.875
gemma-2-2b,26,desc,desc,de,ja,悲しい,"Das Gegenteil von ""悲しい"" ist """,嬉しい,0,6,18.0,20.875,2.875
gemma-2-2b,26,desc,val,de,ja,悲しい,"Das Gegenteil von ""悲しい"" ist """,嬉しい,0,8,18.0,19.75,1.75
gemma-2-2b,26,desc,freq,de,ja,悲しい,"Das Gegenteil von ""悲しい"" ist """,嬉しい,0,37,18.0,10.0,-8.0
gemma-2-2b,26,val,desc,de,ja,悲しい,"Das Gegenteil von ""悲しい"" ist """,嬉しい,0,10,18.0,17.625,-0.375
gemma-2-2b,26,val,val,de,ja,悲しい,"Das Gegenteil von ""悲しい"" ist """,嬉しい,0,11,18.0,20.875,2.875
gemma-2-2b,26,val,freq,de,ja,悲しい,"Das Gegenteil von ""悲しい"" ist """,嬉しい,0,74,18.0,9.875,-8.125
gemma-2-2b,26,freq,desc,de,ja,悲しい,"Das Gegenteil von ""悲しい"" ist """,嬉しい,0,3,18.0,17.625,-0.375
gemma-2-2b,26,freq,val,de,ja,悲しい,"Das Gegenteil von ""悲しい"" ist """,嬉しい,0,4,18.0,18.375,0.375
gemma-2-2b,26,freq,freq,de,ja,悲しい,"Das Gegenteil von ""悲しい"" ist """,嬉しい,0,3,18.0,19.875,1.875
gemma-2-2b,27,desc,desc,de,ja,小さい,"Das Gegenteil von ""小さい"" ist """,大きい,0,1,20.625,22.75,2.125
gemma-2-2b,27,desc,val,de,ja,小さい,"Das Gegenteil von ""小さい"" ist """,大きい,0,1,20.625,21.875,1.25
gemma-2-2b,27,desc,freq,de,ja,小さい,"Das Gegenteil von ""小さい"" ist """,大きい,0,2,20.625,15.375,-5.25
gemma-2-2b,27,val,desc,de,ja,小さい,"Das Gegenteil von ""小さい"" ist """,大きい,0,0,20.625,21.25,0.625
gemma-2-2b,27,val,val,de,ja,小さい,"Das Gegenteil von ""小さい"" ist """,大きい,0,4,20.625,22.5,1.875
gemma-2-2b,27,val,freq,de,ja,小さい,"Das Gegenteil von ""小さい"" ist """,大きい,0,2,20.625,16.125,-4.5
gemma-2-2b,27,freq,desc,de,ja,小さい,"Das Gegenteil von ""小さい"" ist """,大きい,0,0,20.625,20.25,-0.375
gemma-2-2b,27,freq,val,de,ja,小さい,"Das Gegenteil von ""小さい"" ist """,大きい,0,1,20.625,20.125,-0.5
gemma-2-2b,27,freq,freq,de,ja,小さい,"Das Gegenteil von ""小さい"" ist """,大きい,0,3,20.625,21.625,1.0
gemma-2-2b,28,desc,desc,de,ja,寒い,"Das Gegenteil von ""寒い"" ist """,暑い,0,20,18.375,19.25,0.875
gemma-2-2b,28,desc,val,de,ja,寒い,"Das Gegenteil von ""寒い"" ist """,暑い,0,39,18.375,18.375,0.0
gemma-2-2b,28,desc,freq,de,ja,寒い,"Das Gegenteil von ""寒い"" ist """,暑い,0,8,18.375,13.0,-5.375
gemma-2-2b,28,val,desc,de,ja,寒い,"Das Gegenteil von ""寒い"" ist """,暑い,0,19,18.375,17.625,-0.75
gemma-2-2b,28,val,val,de,ja,寒い,"Das Gegenteil von ""寒い"" ist """,暑い,0,26,18.375,19.5,1.125
gemma-2-2b,28,val,freq,de,ja,寒い,"Das Gegenteil von ""寒い"" ist """,暑い,0,21,18.375,13.1875,-5.1875
gemma-2-2b,28,freq,desc,de,ja,寒い,"Das Gegenteil von ""寒い"" ist """,暑い,0,9,18.375,17.5,-0.875
gemma-2-2b,28,freq,val,de,ja,寒い,"Das Gegenteil von ""寒い"" ist """,暑い,0,14,18.375,17.75,-0.625
gemma-2-2b,28,freq,freq,de,ja,寒い,"Das Gegenteil von ""寒い"" ist """,暑い,0,18,18.375,18.125,-0.25
gemma-2-2b,29,desc,desc,de,ja,遅い,"Das Gegenteil von ""遅い"" ist """,早い,1,1,19.75,21.375,1.625
gemma-2-2b,29,desc,val,de,ja,遅い,"Das Gegenteil von ""遅い"" ist """,早い,1,5,19.75,19.75,0.0
gemma-2-2b,29,desc,freq,de,ja,遅い,"Das Gegenteil von ""遅い"" ist """,早い,1,0,19.75,12.4375,-7.3125
gemma-2-2b,29,val,desc,de,ja,遅い,"Das Gegenteil von ""遅い"" ist """,早い,1,1,19.75,20.375,0.625
gemma-2-2b,29,val,val,de,ja,遅い,"Das Gegenteil von ""遅い"" ist """,早い,1,2,19.75,21.5,1.75
gemma-2-2b,29,val,freq,de,ja,遅い,"Das Gegenteil von ""遅い"" ist """,早い,1,0,19.75,13.375,-6.375
gemma-2-2b,29,freq,desc,de,ja,遅い,"Das Gegenteil von ""遅い"" ist """,早い,1,3,19.75,18.0,-1.75
gemma-2-2b,29,freq,val,de,ja,遅い,"Das Gegenteil von ""遅い"" ist """,早い,1,4,19.75,17.75,-2.0
gemma-2-2b,29,freq,freq,de,ja,遅い,"Das Gegenteil von ""遅い"" ist """,早い,1,2,19.75,19.5,-0.25
gemma-2-2b,30,desc,desc,de,ja,重い,"Das Gegenteil von ""重い"" ist """,軽い,0,12,20.0,20.75,0.75
gemma-2-2b,30,desc,val,de,ja,重い,"Das Gegenteil von ""重い"" ist """,軽い,0,31,20.0,18.375,-1.625
gemma-2-2b,30,desc,freq,de,ja,重い,"Das Gegenteil von ""重い"" ist """,軽い,0,4,20.0,15.5,-4.5
gemma-2-2b,30,val,desc,de,ja,重い,"Das Gegenteil von ""重い"" ist """,軽い,0,3,20.0,20.375,0.375
gemma-2-2b,30,val,val,de,ja,重い,"Das Gegenteil von ""重い"" ist """,軽い,0,18,20.0,20.375,0.375
gemma-2-2b,30,val,freq,de,ja,重い,"Das Gegenteil von ""重い"" ist """,軽い,0,0,20.0,17.875,-2.125
gemma-2-2b,30,freq,desc,de,ja,重い,"Das Gegenteil von ""重い"" ist """,軽い,0,6,20.0,17.75,-2.25
gemma-2-2b,30,freq,val,de,ja,重い,"Das Gegenteil von ""重い"" ist """,軽い,0,8,20.0,17.625,-2.375
gemma-2-2b,30,freq,freq,de,ja,重い,"Das Gegenteil von ""重い"" ist """,軽い,0,9,20.0,19.125,-0.875
gemma-2-2b,31,desc,desc,de,ja,難しい,"Das Gegenteil von ""難しい"" ist """,簡単,0,36,18.125,18.125,0.0
gemma-2-2b,31,desc,val,de,ja,難しい,"Das Gegenteil von ""難しい"" ist """,簡単,0,33,18.125,17.875,-0.25
gemma-2-2b,31,desc,freq,de,ja,難しい,"Das Gegenteil von ""難しい"" ist """,簡単,0,12,18.125,13.25,-4.875
gemma-2-2b,31,val,desc,de,ja,難しい,"Das Gegenteil von ""難しい"" ist """,簡単,0,31,18.125,16.0,-2.125
gemma-2-2b,31,val,val,de,ja,難しい,"Das Gegenteil von ""難しい"" ist """,簡単,0,60,18.125,17.75,-0.375
gemma-2-2b,31,val,freq,de,ja,難しい,"Das Gegenteil von ""難しい"" ist """,簡単,0,12,18.125,13.625,-4.5
gemma-2-2b,31,freq,desc,de,ja,難しい,"Das Gegenteil von ""難しい"" ist """,簡単,0,25,18.125,15.6875,-2.4375
gemma-2-2b,31,freq,val,de,ja,難しい,"Das Gegenteil von ""難しい"" ist """,簡単,0,25,18.125,16.5,-1.625
gemma-2-2b,31,freq,freq,de,ja,難しい,"Das Gegenteil von ""難しい"" ist """,簡単,0,38,18.125,17.25,-0.875
gemma-2-2b,32,desc,desc,de,ja,古い,"Das Gegenteil von ""古い"" ist """,新しい,0,0,20.375,23.0,2.625
gemma-2-2b,32,desc,val,de,ja,古い,"Das Gegenteil von ""古い"" ist """,新しい,0,0,20.375,23.125,2.75
gemma-2-2b,32,desc,freq,de,ja,古い,"Das Gegenteil von ""古い"" ist """,新しい,0,0,20.375,17.875,-2.5
gemma-2-2b,32,val,desc,de,ja,古い,"Das Gegenteil von ""古い"" ist """,新しい,0,0,20.375,22.125,1.75
gemma-2-2b,32,val,val,de,ja,古い,"Das Gegenteil von ""古い"" ist """,新しい,0,2,20.375,23.125,2.75
gemma-2-2b,32,val,freq,de,ja,古い,"Das Gegenteil von ""古い"" ist """,新しい,0,0,20.375,18.125,-2.25
gemma-2-2b,32,freq,desc,de,ja,古い,"Das Gegenteil von ""古い"" ist """,新しい,0,0,20.375,20.125,-0.25
gemma-2-2b,32,freq,val,de,ja,古い,"Das Gegenteil von ""古い"" ist """,新しい,0,0,20.375,20.375,0.0
gemma-2-2b,32,freq,freq,de,ja,古い,"Das Gegenteil von ""古い"" ist """,新しい,0,0,20.375,21.75,1.375
gemma-2-2b,33,desc,desc,de,ja,間違った,"Das Gegenteil von ""間違った"" ist """,正しい,0,3,21.5,23.5,2.0
gemma-2-2b,33,desc,val,de,ja,間違った,"Das Gegenteil von ""間違った"" ist """,正しい,0,2,21.5,22.875,1.375
gemma-2-2b,33,desc,freq,de,ja,間違った,"Das Gegenteil von ""間違った"" ist """,正しい,0,0,21.5,18.125,-3.375
gemma-2-2b,33,val,desc,de,ja,間違った,"Das Gegenteil von ""間違った"" ist """,正しい,0,5,21.5,22.25,0.75
gemma-2-2b,33,val,val,de,ja,間違った,"Das Gegenteil von ""間違った"" ist """,正しい,0,6,21.5,23.5,2.0
gemma-2-2b,33,val,freq,de,ja,間違った,"Das Gegenteil von ""間違った"" ist """,正しい,0,2,21.5,18.625,-2.875
gemma-2-2b,33,freq,desc,de,ja,間違った,"Das Gegenteil von ""間違った"" ist """,正しい,0,4,21.5,20.0,-1.5
gemma-2-2b,33,freq,val,de,ja,間違った,"Das Gegenteil von ""間違った"" ist """,正しい,0,4,21.5,20.75,-0.75
gemma-2-2b,33,freq,freq,de,ja,間違った,"Das Gegenteil von ""間違った"" ist """,正しい,0,4,21.5,21.875,0.375
gemma-2-2b,34,desc,desc,de,ja,死んでいる,"Das Gegenteil von ""死んでいる"" ist """,生きている,0,11,20.125,21.875,1.75
gemma-2-2b,34,desc,val,de,ja,死んでいる,"Das Gegenteil von ""死んでいる"" ist """,生きている,0,11,20.125,21.5,1.375
gemma-2-2b,34,desc,freq,de,ja,死んでいる,"Das Gegenteil von ""死んでいる"" ist """,生きている,0,6,20.125,17.5,-2.625
gemma-2-2b,34,val,desc,de,ja,死んでいる,"Das Gegenteil von ""死んでいる"" ist """,生きている,0,8,20.125,21.125,1.0
gemma-2-2b,34,val,val,de,ja,死んでいる,"Das Gegenteil von ""死んでいる"" ist """,生きている,0,18,20.125,22.0,1.875
gemma-2-2b,34,val,freq,de,ja,死んでいる,"Das Gegenteil von ""死んでいる"" ist """,生きている,0,9,20.125,17.75,-2.375
gemma-2-2b,34,freq,desc,de,ja,死んでいる,"Das Gegenteil von ""死んでいる"" ist """,生きている,0,12,20.125,18.75,-1.375
gemma-2-2b,34,freq,val,de,ja,死んでいる,"Das Gegenteil von ""死んでいる"" ist """,生きている,0,13,20.125,19.125,-1.0
gemma-2-2b,34,freq,freq,de,ja,死んでいる,"Das Gegenteil von ""死んでいる"" ist """,生きている,0,12,20.125,19.875,-0.25
gemma-2-2b,35,desc,desc,de,ja,空っぽ,"Das Gegenteil von ""空っぽ"" ist """,満杯,0,19,19.625,21.0,1.375
gemma-2-2b,35,desc,val,de,ja,空っぽ,"Das Gegenteil von ""空っぽ"" ist """,満杯,0,15,19.625,20.5,0.875
gemma-2-2b,35,desc,freq,de,ja,空っぽ,"Das Gegenteil von ""空っぽ"" ist """,満杯,0,20,19.625,14.75,-4.875
gemma-2-2b,35,val,desc,de,ja,空っぽ,"Das Gegenteil von ""空っぽ"" ist """,満杯,0,10,19.625,20.25,0.625
gemma-2-2b,35,val,val,de,ja,空っぽ,"Das Gegenteil von ""空っぽ"" ist """,満杯,0,28,19.625,21.5,1.875
gemma-2-2b,35,val,freq,de,ja,空っぽ,"Das Gegenteil von ""空っぽ"" ist """,満杯,0,11,19.625,16.625,-3.0
gemma-2-2b,35,freq,desc,de,ja,空っぽ,"Das Gegenteil von ""空っぽ"" ist """,満杯,0,4,19.625,18.75,-0.875
gemma-2-2b,35,freq,val,de,ja,空っぽ,"Das Gegenteil von ""空っぽ"" ist """,満杯,0,3,19.625,19.75,0.125
gemma-2-2b,35,freq,freq,de,ja,空っぽ,"Das Gegenteil von ""空っぽ"" ist """,満杯,0,8,19.625,19.75,0.125
gemma-2-2b,36,desc,desc,de,ja,暗い,"Das Gegenteil von ""暗い"" ist """,明るい,0,2,20.375,21.875,1.5
gemma-2-2b,36,desc,val,de,ja,暗い,"Das Gegenteil von ""暗い"" ist """,明るい,0,9,20.375,20.5,0.125
gemma-2-2b,36,desc,freq,de,ja,暗い,"Das Gegenteil von ""暗い"" ist """,明るい,0,1,20.375,14.5625,-5.8125
gemma-2-2b,36,val,desc,de,ja,暗い,"Das Gegenteil von ""暗い"" ist """,明るい,0,3,20.375,19.125,-1.25
gemma-2-2b,36,val,val,de,ja,暗い,"Das Gegenteil von ""暗い"" ist """,明るい,0,8,20.375,21.125,0.75
gemma-2-2b,36,val,freq,de,ja,暗い,"Das Gegenteil von ""暗い"" ist """,明るい,0,1,20.375,15.125,-5.25
gemma-2-2b,36,freq,desc,de,ja,暗い,"Das Gegenteil von ""暗い"" ist """,明るい,0,1,20.375,19.375,-1.0
gemma-2-2b,36,freq,val,de,ja,暗い,"Das Gegenteil von ""暗い"" ist """,明るい,0,3,20.375,19.875,-0.5
gemma-2-2b,36,freq,freq,de,ja,暗い,"Das Gegenteil von ""暗い"" ist """,明るい,0,2,20.375,20.875,0.5
gemma-2-2b,37,desc,desc,de,ja,弱い,"Das Gegenteil von ""弱い"" ist """,強い,0,5,19.625,21.875,2.25
gemma-2-2b,37,desc,val,de,ja,弱い,"Das Gegenteil von ""弱い"" ist """,強い,0,8,19.625,21.5,1.875
gemma-2-2b,37,desc,freq,de,ja,弱い,"Das Gegenteil von ""弱い"" ist """,強い,0,6,19.625,14.5,-5.125
gemma-2-2b,37,val,desc,de,ja,弱い,"Das Gegenteil von ""弱い"" ist """,強い,0,1,19.625,21.625,2.0
gemma-2-2b,37,val,val,de,ja,弱い,"Das Gegenteil von ""弱い"" ist """,強い,0,6,19.625,23.125,3.5
gemma-2-2b,37,val,freq,de,ja,弱い,"Das Gegenteil von ""弱い"" ist """,強い,0,1,19.625,16.75,-2.875
gemma-2-2b,37,freq,desc,de,ja,弱い,"Das Gegenteil von ""弱い"" ist """,強い,0,3,19.625,18.875,-0.75
gemma-2-2b,37,freq,val,de,ja,弱い,"Das Gegenteil von ""弱い"" ist """,強い,0,5,19.625,19.75,0.125
gemma-2-2b,37,freq,freq,de,ja,弱い,"Das Gegenteil von ""弱い"" ist """,強い,0,3,19.625,20.75,1.125
gemma-2-2b,38,desc,desc,de,ja,汚い,"Das Gegenteil von ""汚い"" ist """,綺麗,0,9,16.75,20.75,4.0
gemma-2-2b,38,desc,val,de,ja,汚い,"Das Gegenteil von ""汚い"" ist """,綺麗,0,11,16.75,20.25,3.5
gemma-2-2b,38,desc,freq,de,ja,汚い,"Das Gegenteil von ""汚い"" ist """,綺麗,0,5,16.75,14.25,-2.5
gemma-2-2b,38,val,desc,de,ja,汚い,"Das Gegenteil von ""汚い"" ist """,綺麗,0,22,16.75,18.5,1.75
gemma-2-2b,38,val,val,de,ja,汚い,"Das Gegenteil von ""汚い"" ist """,綺麗,0,16,16.75,20.875,4.125
gemma-2-2b,38,val,freq,de,ja,汚い,"Das Gegenteil von ""汚い"" ist """,綺麗,0,13,16.75,15.5625,-1.1875
gemma-2-2b,38,freq,desc,de,ja,汚い,"Das Gegenteil von ""汚い"" ist """,綺麗,0,4,16.75,17.375,0.625
gemma-2-2b,38,freq,val,de,ja,汚い,"Das Gegenteil von ""汚い"" ist """,綺麗,0,5,16.75,18.75,2.0
gemma-2-2b,38,freq,freq,de,ja,汚い,"Das Gegenteil von ""汚い"" ist """,綺麗,0,4,16.75,18.875,2.125
gemma-2-2b,39,desc,desc,de,ja,閉じた,"Das Gegenteil von ""閉じた"" ist """,開いた,0,2,19.5,23.125,3.625
gemma-2-2b,39,desc,val,de,ja,閉じた,"Das Gegenteil von ""閉じた"" ist """,開いた,0,1,19.5,23.125,3.625
gemma-2-2b,39,desc,freq,de,ja,閉じた,"Das Gegenteil von ""閉じた"" ist """,開いた,0,1,19.5,18.125,-1.375
gemma-2-2b,39,val,desc,de,ja,閉じた,"Das Gegenteil von ""閉じた"" ist """,開いた,0,0,19.5,23.25,3.75
gemma-2-2b,39,val,val,de,ja,閉じた,"Das Gegenteil von ""閉じた"" ist """,開いた,0,2,19.5,23.875,4.375
gemma-2-2b,39,val,freq,de,ja,閉じた,"Das Gegenteil von ""閉じた"" ist """,開いた,0,0,19.5,19.125,-0.375
gemma-2-2b,39,freq,desc,de,ja,閉じた,"Das Gegenteil von ""閉じた"" ist """,開いた,0,0,19.5,21.125,1.625
gemma-2-2b,39,freq,val,de,ja,閉じた,"Das Gegenteil von ""閉じた"" ist """,開いた,0,0,19.5,20.875,1.375
gemma-2-2b,39,freq,freq,de,ja,閉じた,"Das Gegenteil von ""閉じた"" ist """,開いた,0,0,19.5,21.625,2.125
gemma-2-2b,40,desc,desc,de,ja,貧しい,"Das Gegenteil von ""貧しい"" ist """,裕福な,2,22,17.625,20.0,2.375
gemma-2-2b,40,desc,val,de,ja,貧しい,"Das Gegenteil von ""貧しい"" ist """,裕福な,2,22,17.625,20.125,2.5
gemma-2-2b,40,desc,freq,de,ja,貧しい,"Das Gegenteil von ""貧しい"" ist """,裕福な,2,9,17.625,13.375,-4.25
gemma-2-2b,40,val,desc,de,ja,貧しい,"Das Gegenteil von ""貧しい"" ist """,裕福な,2,11,17.625,21.125,3.5
gemma-2-2b,40,val,val,de,ja,貧しい,"Das Gegenteil von ""貧しい"" ist """,裕福な,2,20,17.625,22.25,4.625
gemma-2-2b,40,val,freq,de,ja,貧しい,"Das Gegenteil von ""貧しい"" ist """,裕福な,2,15,17.625,13.0,-4.625
gemma-2-2b,40,freq,desc,de,ja,貧しい,"Das Gegenteil von ""貧しい"" ist """,裕福な,2,13,17.625,17.5,-0.125
gemma-2-2b,40,freq,val,de,ja,貧しい,"Das Gegenteil von ""貧しい"" ist """,裕福な,2,14,17.625,18.25,0.625
gemma-2-2b,40,freq,freq,de,ja,貧しい,"Das Gegenteil von ""貧しい"" ist """,裕福な,2,15,17.625,18.25,0.625
gemma-2-2b,41,desc,desc,de,ja,醜い,"Das Gegenteil von ""醜い"" ist """,美しい,0,19,17.625,19.75,2.125
gemma-2-2b,41,desc,val,de,ja,醜い,"Das Gegenteil von ""醜い"" ist """,美しい,0,26,17.625,18.25,0.625
gemma-2-2b,41,desc,freq,de,ja,醜い,"Das Gegenteil von ""醜い"" ist """,美しい,0,4,17.625,13.125,-4.5
gemma-2-2b,41,val,desc,de,ja,醜い,"Das Gegenteil von ""醜い"" ist """,美しい,0,35,17.625,16.125,-1.5
gemma-2-2b,41,val,val,de,ja,醜い,"Das Gegenteil von ""醜い"" ist """,美しい,0,45,17.625,19.0,1.375
gemma-2-2b,41,val,freq,de,ja,醜い,"Das Gegenteil von ""醜い"" ist """,美しい,0,17,17.625,13.4375,-4.1875
gemma-2-2b,41,freq,desc,de,ja,醜い,"Das Gegenteil von ""醜い"" ist """,美しい,0,10,17.625,15.5,-2.125
gemma-2-2b,41,freq,val,de,ja,醜い,"Das Gegenteil von ""醜い"" ist """,美しい,0,15,17.625,15.6875,-1.9375
gemma-2-2b,41,freq,freq,de,ja,醜い,"Das Gegenteil von ""醜い"" ist """,美しい,0,7,17.625,17.5,-0.125
gemma-2-2b,42,desc,desc,de,ja,短い,"Das Gegenteil von ""短い"" ist """,長い,0,2,21.25,24.125,2.875
gemma-2-2b,42,desc,val,de,ja,短い,"Das Gegenteil von ""短い"" ist """,長い,0,3,21.25,23.25,2.0
gemma-2-2b,42,desc,freq,de,ja,短い,"Das Gegenteil von ""短い"" ist """,長い,0,1,21.25,18.875,-2.375
gemma-2-2b,42,val,desc,de,ja,短い,"Das Gegenteil von ""短い"" ist """,長い,0,1,21.25,22.5,1.25
gemma-2-2b,42,val,val,de,ja,短い,"Das Gegenteil von ""短い"" ist """,長い,0,2,21.25,24.125,2.875
gemma-2-2b,42,val,freq,de,ja,短い,"Das Gegenteil von ""短い"" ist """,長い,0,1,21.25,19.75,-1.5
gemma-2-2b,42,freq,desc,de,ja,短い,"Das Gegenteil von ""短い"" ist """,長い,0,1,21.25,21.375,0.125
gemma-2-2b,42,freq,val,de,ja,短い,"Das Gegenteil von ""短い"" ist """,長い,0,2,21.25,21.375,0.125
gemma-2-2b,42,freq,freq,de,ja,短い,"Das Gegenteil von ""短い"" ist """,長い,0,2,21.25,22.75,1.5
gemma-2-2b,43,desc,desc,de,ja,狭い,"Das Gegenteil von ""狭い"" ist """,広い,1,2,20.375,23.125,2.75
gemma-2-2b,43,desc,val,de,ja,狭い,"Das Gegenteil von ""狭い"" ist """,広い,1,4,20.375,21.875,1.5
gemma-2-2b,43,desc,freq,de,ja,狭い,"Das Gegenteil von ""狭い"" ist """,広い,1,8,20.375,14.9375,-5.4375
gemma-2-2b,43,val,desc,de,ja,狭い,"Das Gegenteil von ""狭い"" ist """,広い,1,1,20.375,21.75,1.375
gemma-2-2b,43,val,val,de,ja,狭い,"Das Gegenteil von ""狭い"" ist """,広い,1,5,20.375,23.125,2.75
gemma-2-2b,43,val,freq,de,ja,狭い,"Das Gegenteil von ""狭い"" ist """,広い,1,12,20.375,15.9375,-4.4375
gemma-2-2b,43,freq,desc,de,ja,狭い,"Das Gegenteil von ""狭い"" ist """,広い,1,1,20.375,20.0,-0.375
gemma-2-2b,43,freq,val,de,ja,狭い,"Das Gegenteil von ""狭い"" ist """,広い,1,4,20.375,20.5,0.125
gemma-2-2b,43,freq,freq,de,ja,狭い,"Das Gegenteil von ""狭い"" ist """,広い,1,3,20.375,21.375,1.0
gemma-2-2b,44,desc,desc,de,ja,柔らかい,"Das Gegenteil von ""柔らかい"" ist """,硬い,0,2,17.75,21.625,3.875
gemma-2-2b,44,desc,val,de,ja,柔らかい,"Das Gegenteil von ""柔らかい"" ist """,硬い,0,7,17.75,20.625,2.875
gemma-2-2b,44,desc,freq,de,ja,柔らかい,"Das Gegenteil von ""柔らかい"" ist """,硬い,0,0,17.75,18.25,0.5
gemma-2-2b,44,val,desc,de,ja,柔らかい,"Das Gegenteil von ""柔らかい"" ist """,硬い,0,0,17.75,21.875,4.125
gemma-2-2b,44,val,val,de,ja,柔らかい,"Das Gegenteil von ""柔らかい"" ist """,硬い,0,6,17.75,22.25,4.5
gemma-2-2b,44,val,freq,de,ja,柔らかい,"Das Gegenteil von ""柔らかい"" ist """,硬い,0,0,17.75,20.375,2.625
gemma-2-2b,44,freq,desc,de,ja,柔らかい,"Das Gegenteil von ""柔らかい"" ist """,硬い,0,1,17.75,19.125,1.375
gemma-2-2b,44,freq,val,de,ja,柔らかい,"Das Gegenteil von ""柔らかい"" ist """,硬い,0,2,17.75,19.375,1.625
gemma-2-2b,44,freq,freq,de,ja,柔らかい,"Das Gegenteil von ""柔らかい"" ist """,硬い,0,1,17.75,20.5,2.75
gemma-2-2b,45,desc,desc,de,ja,濡れた,"Das Gegenteil von ""濡れた"" ist """,乾いた,0,5,18.875,21.875,3.0
gemma-2-2b,45,desc,val,de,ja,濡れた,"Das Gegenteil von ""濡れた"" ist """,乾いた,0,13,18.875,20.875,2.0
gemma-2-2b,45,desc,freq,de,ja,濡れた,"Das Gegenteil von ""濡れた"" ist """,乾いた,0,0,18.875,17.875,-1.0
gemma-2-2b,45,val,desc,de,ja,濡れた,"Das Gegenteil von ""濡れた"" ist """,乾いた,0,0,18.875,23.125,4.25
gemma-2-2b,45,val,val,de,ja,濡れた,"Das Gegenteil von ""濡れた"" ist """,乾いた,0,4,18.875,22.875,4.0
gemma-2-2b,45,val,freq,de,ja,濡れた,"Das Gegenteil von ""濡れた"" ist """,乾いた,0,0,18.875,20.75,1.875
gemma-2-2b,45,freq,desc,de,ja,濡れた,"Das Gegenteil von ""濡れた"" ist """,乾いた,0,0,18.875,20.375,1.5
gemma-2-2b,45,freq,val,de,ja,濡れた,"Das Gegenteil von ""濡れた"" ist """,乾いた,0,1,18.875,20.25,1.375
gemma-2-2b,45,freq,freq,de,ja,濡れた,"Das Gegenteil von ""濡れた"" ist """,乾いた,0,2,18.875,21.0,2.125
gemma-2-2b,46,desc,desc,de,ja,静かな,"Das Gegenteil von ""静かな"" ist """,うるさい,2,25,17.0,19.875,2.875
gemma-2-2b,46,desc,val,de,ja,静かな,"Das Gegenteil von ""静かな"" ist """,うるさい,2,59,17.0,18.625,1.625
gemma-2-2b,46,desc,freq,de,ja,静かな,"Das Gegenteil von ""静かな"" ist """,うるさい,2,21,17.0,11.875,-5.125
gemma-2-2b,46,val,desc,de,ja,静かな,"Das Gegenteil von ""静かな"" ist """,うるさい,2,2,17.0,20.25,3.25
gemma-2-2b,46,val,val,de,ja,静かな,"Das Gegenteil von ""静かな"" ist """,うるさい,2,32,17.0,20.375,3.375
gemma-2-2b,46,val,freq,de,ja,静かな,"Das Gegenteil von ""静かな"" ist """,うるさい,2,2,17.0,16.75,-0.25
gemma-2-2b,46,freq,desc,de,ja,静かな,"Das Gegenteil von ""静かな"" ist """,うるさい,2,12,17.0,17.625,0.625
gemma-2-2b,46,freq,val,de,ja,静かな,"Das Gegenteil von ""静かな"" ist """,うるさい,2,19,17.0,18.0,1.0
gemma-2-2b,46,freq,freq,de,ja,静かな,"Das Gegenteil von ""静かな"" ist """,うるさい,2,23,17.0,17.875,0.875
gemma-2-2b,47,desc,desc,de,ja,遅い,"Das Gegenteil von ""遅い"" ist """,早い,1,8,19.75,21.375,1.625
gemma-2-2b,47,desc,val,de,ja,遅い,"Das Gegenteil von ""遅い"" ist """,早い,1,20,19.75,19.75,0.0
gemma-2-2b,47,desc,freq,de,ja,遅い,"Das Gegenteil von ""遅い"" ist """,早い,1,29,19.75,12.4375,-7.3125
gemma-2-2b,47,val,desc,de,ja,遅い,"Das Gegenteil von ""遅い"" ist """,早い,1,8,19.75,20.375,0.625
gemma-2-2b,47,val,val,de,ja,遅い,"Das Gegenteil von ""遅い"" ist """,早い,1,12,19.75,21.5,1.75
gemma-2-2b,47,val,freq,de,ja,遅い,"Das Gegenteil von ""遅い"" ist """,早い,1,34,19.75,13.25,-6.5
gemma-2-2b,47,freq,desc,de,ja,遅い,"Das Gegenteil von ""遅い"" ist """,早い,1,5,19.75,18.0,-1.75
gemma-2-2b,47,freq,val,de,ja,遅い,"Das Gegenteil von ""遅い"" ist """,早い,1,10,19.75,17.75,-2.0
gemma-2-2b,47,freq,freq,de,ja,遅い,"Das Gegenteil von ""遅い"" ist """,早い,1,9,19.75,19.5,-0.25
gemma-2-2b,48,desc,desc,de,ja,遠い,"Das Gegenteil von ""遠い"" ist """,近い,2,26,17.625,18.625,1.0
gemma-2-2b,48,desc,val,de,ja,遠い,"Das Gegenteil von ""遠い"" ist """,近い,2,33,17.625,17.75,0.125
gemma-2-2b,48,desc,freq,de,ja,遠い,"Das Gegenteil von ""遠い"" ist """,近い,2,8,17.625,14.4375,-3.1875
gemma-2-2b,48,val,desc,de,ja,遠い,"Das Gegenteil von ""遠い"" ist """,近い,2,4,17.625,20.375,2.75
gemma-2-2b,48,val,val,de,ja,遠い,"Das Gegenteil von ""遠い"" ist """,近い,2,45,17.625,19.0,1.375
gemma-2-2b,48,val,freq,de,ja,遠い,"Das Gegenteil von ""遠い"" ist """,近い,2,7,17.625,15.6875,-1.9375
gemma-2-2b,48,freq,desc,de,ja,遠い,"Das Gegenteil von ""遠い"" ist """,近い,2,9,17.625,16.5,-1.125
gemma-2-2b,48,freq,val,de,ja,遠い,"Das Gegenteil von ""遠い"" ist """,近い,2,21,17.625,16.125,-1.5
gemma-2-2b,48,freq,freq,de,ja,遠い,"Das Gegenteil von ""遠い"" ist """,近い,2,40,17.625,16.75,-0.875
gemma-2-2b,49,desc,desc,de,ja,浅い,"Das Gegenteil von ""浅い"" ist """,深い,0,1,20.0,23.0,3.0
gemma-2-2b,49,desc,val,de,ja,浅い,"Das Gegenteil von ""浅い"" ist """,深い,0,1,20.0,21.875,1.875
gemma-2-2b,49,desc,freq,de,ja,浅い,"Das Gegenteil von ""浅い"" ist """,深い,0,0,20.0,17.625,-2.375
gemma-2-2b,49,val,desc,de,ja,浅い,"Das Gegenteil von ""浅い"" ist """,深い,0,0,20.0,22.625,2.625
gemma-2-2b,49,val,val,de,ja,浅い,"Das Gegenteil von ""浅い"" ist """,深い,0,3,20.0,23.125,3.125
gemma-2-2b,49,val,freq,de,ja,浅い,"Das Gegenteil von ""浅い"" ist """,深い,0,3,20.0,19.0,-1.0
gemma-2-2b,49,freq,desc,de,ja,浅い,"Das Gegenteil von ""浅い"" ist """,深い,0,1,20.0,18.75,-1.25
gemma-2-2b,49,freq,val,de,ja,浅い,"Das Gegenteil von ""浅い"" ist """,深い,0,4,20.0,18.375,-1.625
gemma-2-2b,49,freq,freq,de,ja,浅い,"Das Gegenteil von ""浅い"" ist """,深い,0,2,20.0,19.625,-0.375
gemma-2-2b,50,desc,desc,de,ja,若い,"Das Gegenteil von ""若い"" ist """,老いた,1,2,16.75,21.5,4.75
gemma-2-2b,50,desc,val,de,ja,若い,"Das Gegenteil von ""若い"" ist """,老いた,1,10,16.75,20.25,3.5
gemma-2-2b,50,desc,freq,de,ja,若い,"Das Gegenteil von ""若い"" ist """,老いた,1,2,16.75,15.9375,-0.8125
gemma-2-2b,50,val,desc,de,ja,若い,"Das Gegenteil von ""若い"" ist """,老いた,1,4,16.75,19.5,2.75
gemma-2-2b,50,val,val,de,ja,若い,"Das Gegenteil von ""若い"" ist """,老いた,1,5,16.75,21.625,4.875
gemma-2-2b,50,val,freq,de,ja,若い,"Das Gegenteil von ""若い"" ist """,老いた,1,1,16.75,17.75,1.0
gemma-2-2b,50,freq,desc,de,ja,若い,"Das Gegenteil von ""若い"" ist """,老いた,1,1,16.75,19.875,3.125
gemma-2-2b,50,freq,val,de,ja,若い,"Das Gegenteil von ""若い"" ist """,老いた,1,1,16.75,20.125,3.375
gemma-2-2b,50,freq,freq,de,ja,若い,"Das Gegenteil von ""若い"" ist """,老いた,1,1,16.75,21.125,4.375
gemma-2-2b,51,desc,desc,de,ja,親切な,"Das Gegenteil von ""親切な"" ist """,不親切な,0,3,19.0,22.0,3.0
gemma-2-2b,51,desc,val,de,ja,親切な,"Das Gegenteil von ""親切な"" ist """,不親切な,0,6,19.0,21.5,2.5
gemma-2-2b,51,desc,freq,de,ja,親切な,"Das Gegenteil von ""親切な"" ist """,不親切な,0,54,19.0,13.375,-5.625
gemma-2-2b,51,val,desc,de,ja,親切な,"Das Gegenteil von ""親切な"" ist """,不親切な,0,0,19.0,21.375,2.375
gemma-2-2b,51,val,val,de,ja,親切な,"Das Gegenteil von ""親切な"" ist """,不親切な,0,5,19.0,22.375,3.375
gemma-2-2b,51,val,freq,de,ja,親切な,"Das Gegenteil von ""親切な"" ist """,不親切な,0,35,19.0,14.9375,-4.0625
gemma-2-2b,51,freq,desc,de,ja,親切な,"Das Gegenteil von ""親切な"" ist """,不親切な,0,1,19.0,20.0,1.0
gemma-2-2b,51,freq,val,de,ja,親切な,"Das Gegenteil von ""親切な"" ist """,不親切な,0,1,19.0,20.375,1.375
gemma-2-2b,51,freq,freq,de,ja,親切な,"Das Gegenteil von ""親切な"" ist """,不親切な,0,1,19.0,21.0,2.0
gemma-2-2b,52,desc,desc,de,ja,勇敢な,"Das Gegenteil von ""勇敢な"" ist """,臆病な,0,9,18.25,20.125,1.875
gemma-2-2b,52,desc,val,de,ja,勇敢な,"Das Gegenteil von ""勇敢な"" ist """,臆病な,0,33,18.25,18.875,0.625
gemma-2-2b,52,desc,freq,de,ja,勇敢な,"Das Gegenteil von ""勇敢な"" ist """,臆病な,0,2,18.25,14.75,-3.5
gemma-2-2b,52,val,desc,de,ja,勇敢な,"Das Gegenteil von ""勇敢な"" ist """,臆病な,0,1,18.25,22.375,4.125
gemma-2-2b,52,val,val,de,ja,勇敢な,"Das Gegenteil von ""勇敢な"" ist """,臆病な,0,10,18.25,21.5,3.25
gemma-2-2b,52,val,freq,de,ja,勇敢な,"Das Gegenteil von ""勇敢な"" ist """,臆病な,0,2,18.25,18.0,-0.25
gemma-2-2b,52,freq,desc,de,ja,勇敢な,"Das Gegenteil von ""勇敢な"" ist """,臆病な,0,0,18.25,19.25,1.0
gemma-2-2b,52,freq,val,de,ja,勇敢な,"Das Gegenteil von ""勇敢な"" ist """,臆病な,0,4,18.25,18.375,0.125
gemma-2-2b,52,freq,freq,de,ja,勇敢な,"Das Gegenteil von ""勇敢な"" ist """,臆病な,0,5,18.25,19.5,1.25
gemma-2-2b,53,desc,desc,de,ja,賢い,"Das Gegenteil von ""賢い"" ist """,愚かな,0,4,17.75,21.25,3.5
gemma-2-2b,53,desc,val,de,ja,賢い,"Das Gegenteil von ""賢い"" ist """,愚かな,0,55,17.75,19.25,1.5
gemma-2-2b,53,desc,freq,de,ja,賢い,"Das Gegenteil von ""賢い"" ist """,愚かな,0,11,17.75,13.6875,-4.0625
gemma-2-2b,53,val,desc,de,ja,賢い,"Das Gegenteil von ""賢い"" ist """,愚かな,0,13,17.75,19.25,1.5
gemma-2-2b,53,val,val,de,ja,賢い,"Das Gegenteil von ""賢い"" ist """,愚かな,0,7,17.75,21.25,3.5
gemma-2-2b,53,val,freq,de,ja,賢い,"Das Gegenteil von ""賢い"" ist """,愚かな,0,5,17.75,15.5625,-2.1875
gemma-2-2b,53,freq,desc,de,ja,賢い,"Das Gegenteil von ""賢い"" ist """,愚かな,0,0,17.75,19.0,1.25
gemma-2-2b,53,freq,val,de,ja,賢い,"Das Gegenteil von ""賢い"" ist """,愚かな,0,1,17.75,19.5,1.75
gemma-2-2b,53,freq,freq,de,ja,賢い,"Das Gegenteil von ""賢い"" ist """,愚かな,0,0,17.75,19.75,2.0
gemma-2-2b,54,desc,desc,de,ja,丁寧な,"Das Gegenteil von ""丁寧な"" ist """,粗略な,0,3,19.125,22.625,3.5
gemma-2-2b,54,desc,val,de,ja,丁寧な,"Das Gegenteil von ""丁寧な"" ist """,粗略な,0,3,19.125,21.625,2.5
gemma-2-2b,54,desc,freq,de,ja,丁寧な,"Das Gegenteil von ""丁寧な"" ist """,粗略な,0,4,19.125,17.0,-2.125
gemma-2-2b,54,val,desc,de,ja,丁寧な,"Das Gegenteil von ""丁寧な"" ist """,粗略な,0,0,19.125,22.0,2.875
gemma-2-2b,54,val,val,de,ja,丁寧な,"Das Gegenteil von ""丁寧な"" ist """,粗略な,0,4,19.125,23.125,4.0
gemma-2-2b,54,val,freq,de,ja,丁寧な,"Das Gegenteil von ""丁寧な"" ist """,粗略な,0,3,19.125,19.0,-0.125
gemma-2-2b,54,freq,desc,de,ja,丁寧な,"Das Gegenteil von ""丁寧な"" ist """,粗略な,0,0,19.125,21.0,1.875
gemma-2-2b,54,freq,val,de,ja,丁寧な,"Das Gegenteil von ""丁寧な"" ist """,粗略な,0,0,19.125,21.25,2.125
gemma-2-2b,54,freq,freq,de,ja,丁寧な,"Das Gegenteil von ""丁寧な"" ist """,粗略な,0,0,19.125,21.75,2.625
gemma-2-2b,55,desc,desc,de,ja,我慢強い,"Das Gegenteil von ""我慢強い"" ist """,せっかちな,338,3020,13.0625,15.5,2.4375
gemma-2-2b,55,desc,val,de,ja,我慢強い,"Das Gegenteil von ""我慢強い"" ist """,せっかちな,338,3661,13.0625,14.3125,1.25
gemma-2-2b,55,desc,freq,de,ja,我慢強い,"Das Gegenteil von ""我慢強い"" ist """,せっかちな,338,861,13.0625,11.5,-1.5625
gemma-2-2b,55,val,desc,de,ja,我慢強い,"Das Gegenteil von ""我慢強い"" ist """,せっかちな,338,1198,13.0625,14.6875,1.625
gemma-2-2b,55,val,val,de,ja,我慢強い,"Das Gegenteil von ""我慢強い"" ist """,せっかちな,338,4923,13.0625,14.125,1.0625
gemma-2-2b,55,val,freq,de,ja,我慢強い,"Das Gegenteil von ""我慢強い"" ist """,せっかちな,338,117,13.0625,14.125,1.0625
gemma-2-2b,55,freq,desc,de,ja,我慢強い,"Das Gegenteil von ""我慢強い"" ist """,せっかちな,338,1004,13.0625,13.875,0.8125
gemma-2-2b,55,freq,val,de,ja,我慢強い,"Das Gegenteil von ""我慢強い"" ist """,せっかちな,338,1445,13.0625,13.4375,0.375
gemma-2-2b,55,freq,freq,de,ja,我慢強い,"Das Gegenteil von ""我慢強い"" ist """,せっかちな,338,1312,13.0625,14.3125,1.25
gemma-2-2b,56,desc,desc,de,ja,正直な,"Das Gegenteil von ""正直な"" ist """,不正直な,94,286,16.375,17.625,1.25
gemma-2-2b,56,desc,val,de,ja,正直な,"Das Gegenteil von ""正直な"" ist """,不正直な,94,1456,16.375,14.75,-1.625
gemma-2-2b,56,desc,freq,de,ja,正直な,"Das Gegenteil von ""正直な"" ist """,不正直な,94,584,16.375,9.75,-6.625
gemma-2-2b,56,val,desc,de,ja,正直な,"Das Gegenteil von ""正直な"" ist """,不正直な,94,22,16.375,19.25,2.875
gemma-2-2b,56,val,val,de,ja,正直な,"Das Gegenteil von ""正直な"" ist """,不正直な,94,1246,16.375,15.8125,-0.5625
gemma-2-2b,56,val,freq,de,ja,正直な,"Das Gegenteil von ""正直な"" ist """,不正直な,94,137,16.375,12.25,-4.125
gemma-2-2b,56,freq,desc,de,ja,正直な,"Das Gegenteil von ""正直な"" ist """,不正直な,94,94,16.375,16.25,-0.125
gemma-2-2b,56,freq,val,de,ja,正直な,"Das Gegenteil von ""正直な"" ist """,不正直な,94,522,16.375,14.125,-2.25
gemma-2-2b,56,freq,freq,de,ja,正直な,"Das Gegenteil von ""正直な"" ist """,不正直な,94,242,16.375,16.75,0.375
gemma-2-2b,57,desc,desc,de,ja,安全な,"Das Gegenteil von ""安全な"" ist """,危険な,1,11,22.875,23.5,0.625
gemma-2-2b,57,desc,val,de,ja,安全な,"Das Gegenteil von ""安全な"" ist """,危険な,1,14,22.875,23.125,0.25
gemma-2-2b,57,desc,freq,de,ja,安全な,"Das Gegenteil von ""安全な"" ist """,危険な,1,6,22.875,19.0,-3.875
gemma-2-2b,57,val,desc,de,ja,安全な,"Das Gegenteil von ""安全な"" ist """,危険な,1,6,22.875,23.75,0.875
gemma-2-2b,57,val,val,de,ja,安全な,"Das Gegenteil von ""安全な"" ist """,危険な,1,19,22.875,23.875,1.0
gemma-2-2b,57,val,freq,de,ja,安全な,"Das Gegenteil von ""安全な"" ist """,危険な,1,6,22.875,19.625,-3.25
gemma-2-2b,57,freq,desc,de,ja,安全な,"Das Gegenteil von ""安全な"" ist """,危険な,1,2,22.875,21.625,-1.25
gemma-2-2b,57,freq,val,de,ja,安全な,"Das Gegenteil von ""安全な"" ist """,危険な,1,7,22.875,21.75,-1.125
gemma-2-2b,57,freq,freq,de,ja,安全な,"Das Gegenteil von ""安全な"" ist """,危険な,1,7,22.875,22.75,-0.125
gemma-2-2b,58,desc,desc,de,ja,活動的な,"Das Gegenteil von ""活動的な"" ist """,消極的な,5,18,16.625,20.25,3.625
gemma-2-2b,58,desc,val,de,ja,活動的な,"Das Gegenteil von ""活動的な"" ist """,消極的な,5,63,16.625,19.125,2.5
gemma-2-2b,58,desc,freq,de,ja,活動的な,"Das Gegenteil von ""活動的な"" ist """,消極的な,5,47,16.625,11.1875,-5.4375
gemma-2-2b,58,val,desc,de,ja,活動的な,"Das Gegenteil von ""活動的な"" ist """,消極的な,5,15,16.625,19.5,2.875
gemma-2-2b,58,val,val,de,ja,活動的な,"Das Gegenteil von ""活動的な"" ist """,消極的な,5,30,16.625,21.125,4.5
gemma-2-2b,58,val,freq,de,ja,活動的な,"Das Gegenteil von ""活動的な"" ist """,消極的な,5,28,16.625,12.1875,-4.4375
gemma-2-2b,58,freq,desc,de,ja,活動的な,"Das Gegenteil von ""活動的な"" ist """,消極的な,5,5,16.625,18.375,1.75
gemma-2-2b,58,freq,val,de,ja,活動的な,"Das Gegenteil von ""活動的な"" ist """,消極的な,5,11,16.625,19.0,2.375
gemma-2-2b,58,freq,freq,de,ja,活動的な,"Das Gegenteil von ""活動的な"" ist """,消極的な,5,6,16.625,19.5,2.875
gemma-2-2b,59,desc,desc,de,ja,まっすぐな,"Das Gegenteil von ""まっすぐな"" ist """,曲がった,1,31,17.875,19.875,2.0
gemma-2-2b,59,desc,val,de,ja,まっすぐな,"Das Gegenteil von ""まっすぐな"" ist """,曲がった,1,9,17.875,20.375,2.5
gemma-2-2b,59,desc,freq,de,ja,まっすぐな,"Das Gegenteil von ""まっすぐな"" ist """,曲がった,1,4,17.875,15.5,-2.375
gemma-2-2b,59,val,desc,de,ja,まっすぐな,"Das Gegenteil von ""まっすぐな"" ist """,曲がった,1,3,17.875,21.625,3.75
gemma-2-2b,59,val,val,de,ja,まっすぐな,"Das Gegenteil von ""まっすぐな"" ist """,曲がった,1,38,17.875,20.375,2.5
gemma-2-2b,59,val,freq,de,ja,まっすぐな,"Das Gegenteil von ""まっすぐな"" ist """,曲がった,1,2,17.875,17.0,-0.875
gemma-2-2b,59,freq,desc,de,ja,まっすぐな,"Das Gegenteil von ""まっすぐな"" ist """,曲がった,1,12,17.875,17.625,-0.25
gemma-2-2b,59,freq,val,de,ja,まっすぐな,"Das Gegenteil von ""まっすぐな"" ist """,曲がった,1,6,17.875,18.875,1.0
gemma-2-2b,59,freq,freq,de,ja,まっすぐな,"Das Gegenteil von ""まっすぐな"" ist """,曲がった,1,32,17.875,18.5,0.625
gemma-2-2b,60,desc,desc,de,ja,全体の,"Das Gegenteil von ""全体の"" ist """,部分的な,3,11,20.0,22.25,2.25
gemma-2-2b,60,desc,val,de,ja,全体の,"Das Gegenteil von ""全体の"" ist """,部分的な,3,16,20.0,21.0,1.0
gemma-2-2b,60,desc,freq,de,ja,全体の,"Das Gegenteil von ""全体の"" ist """,部分的な,3,42,20.0,16.125,-3.875
gemma-2-2b,60,val,desc,de,ja,全体の,"Das Gegenteil von ""全体の"" ist """,部分的な,3,16,20.0,20.5,0.5
gemma-2-2b,60,val,val,de,ja,全体の,"Das Gegenteil von ""全体の"" ist """,部分的な,3,14,20.0,22.375,2.375
gemma-2-2b,60,val,freq,de,ja,全体の,"Das Gegenteil von ""全体の"" ist """,部分的な,3,29,20.0,16.25,-3.75
gemma-2-2b,60,freq,desc,de,ja,全体の,"Das Gegenteil von ""全体の"" ist """,部分的な,3,4,20.0,19.75,-0.25
gemma-2-2b,60,freq,val,de,ja,全体の,"Das Gegenteil von ""全体の"" ist """,部分的な,3,4,20.0,19.75,-0.25
gemma-2-2b,60,freq,freq,de,ja,全体の,"Das Gegenteil von ""全体の"" ist """,部分的な,3,5,20.0,20.75,0.75
gemma-2-2b,61,desc,desc,de,ja,穏やかな,"Das Gegenteil von ""穏やかな"" ist """,荒れた,1,4,20.125,22.75,2.625
gemma-2-2b,61,desc,val,de,ja,穏やかな,"Das Gegenteil von ""穏やかな"" ist """,荒れた,1,5,20.125,22.125,2.0
gemma-2-2b,61,desc,freq,de,ja,穏やかな,"Das Gegenteil von ""穏やかな"" ist """,荒れた,1,1,20.125,17.875,-2.25
gemma-2-2b,61,val,desc,de,ja,穏やかな,"Das Gegenteil von ""穏やかな"" ist """,荒れた,1,0,20.125,23.875,3.75
gemma-2-2b,61,val,val,de,ja,穏やかな,"Das Gegenteil von ""穏やかな"" ist """,荒れた,1,2,20.125,23.875,3.75
gemma-2-2b,61,val,freq,de,ja,穏やかな,"Das Gegenteil von ""穏やかな"" ist """,荒れた,1,0,20.125,21.0,0.875
gemma-2-2b,61,freq,desc,de,ja,穏やかな,"Das Gegenteil von ""穏やかな"" ist """,荒れた,1,2,20.125,20.125,0.0
gemma-2-2b,61,freq,val,de,ja,穏やかな,"Das Gegenteil von ""穏やかな"" ist """,荒れた,1,3,20.125,20.5,0.375
gemma-2-2b,61,freq,freq,de,ja,穏やかな,"Das Gegenteil von ""穏やかな"" ist """,荒れた,1,2,20.125,21.375,1.25
gemma-2-2b,62,desc,desc,de,ja,正しい,"Das Gegenteil von ""正しい"" ist """,間違っている,0,9,21.125,22.625,1.5
gemma-2-2b,62,desc,val,de,ja,正しい,"Das Gegenteil von ""正しい"" ist """,間違っている,0,8,21.125,21.875,0.75
gemma-2-2b,62,desc,freq,de,ja,正しい,"Das Gegenteil von ""正しい"" ist """,間違っている,0,3,21.125,18.125,-3.0
gemma-2-2b,62,val,desc,de,ja,正しい,"Das Gegenteil von ""正しい"" ist """,間違っている,0,7,21.125,21.875,0.75
gemma-2-2b,62,val,val,de,ja,正しい,"Das Gegenteil von ""正しい"" ist """,間違っている,0,13,21.125,22.75,1.625
gemma-2-2b,62,val,freq,de,ja,正しい,"Das Gegenteil von ""正しい"" ist """,間違っている,0,4,21.125,17.875,-3.25
gemma-2-2b,62,freq,desc,de,ja,正しい,"Das Gegenteil von ""正しい"" ist """,間違っている,0,6,21.125,19.875,-1.25
gemma-2-2b,62,freq,val,de,ja,正しい,"Das Gegenteil von ""正しい"" ist """,間違っている,0,7,21.125,20.125,-1.0
gemma-2-2b,62,freq,freq,de,ja,正しい,"Das Gegenteil von ""正しい"" ist """,間違っている,0,7,21.125,21.125,0.0
gemma-2-2b,63,desc,desc,de,ja,複雑な,"Das Gegenteil von ""複雑な"" ist """,単純な,0,11,20.125,21.125,1.0
gemma-2-2b,63,desc,val,de,ja,複雑な,"Das Gegenteil von ""複雑な"" ist """,単純な,0,4,20.125,21.625,1.5
gemma-2-2b,63,desc,freq,de,ja,複雑な,"Das Gegenteil von ""複雑な"" ist """,単純な,0,0,20.125,18.5,-1.625
gemma-2-2b,63,val,desc,de,ja,複雑な,"Das Gegenteil von ""複雑な"" ist """,単純な,0,1,20.125,21.5,1.375
gemma-2-2b,63,val,val,de,ja,複雑な,"Das Gegenteil von ""複雑な"" ist """,単純な,0,15,20.125,21.625,1.5
gemma-2-2b,63,val,freq,de,ja,複雑な,"Das Gegenteil von ""複雑な"" ist """,単純な,0,0,20.125,17.625,-2.5
gemma-2-2b,63,freq,desc,de,ja,複雑な,"Das Gegenteil von ""複雑な"" ist """,単純な,0,4,20.125,19.375,-0.75
gemma-2-2b,63,freq,val,de,ja,複雑な,"Das Gegenteil von ""複雑な"" ist """,単純な,0,5,20.125,19.625,-0.5
gemma-2-2b,63,freq,freq,de,ja,複雑な,"Das Gegenteil von ""複雑な"" ist """,単純な,0,9,20.125,20.25,0.125
gemma-2-2b,64,desc,desc,de,ja,効果的な,"Das Gegenteil von ""効果的な"" ist """,非効果的な,1,32,18.875,20.625,1.75
gemma-2-2b,64,desc,val,de,ja,効果的な,"Das Gegenteil von ""効果的な"" ist """,非効果的な,1,55,18.875,19.25,0.375
gemma-2-2b,64,desc,freq,de,ja,効果的な,"Das Gegenteil von ""効果的な"" ist """,非効果的な,1,9,18.875,15.6875,-3.1875
gemma-2-2b,64,val,desc,de,ja,効果的な,"Das Gegenteil von ""効果的な"" ist """,非効果的な,1,26,18.875,18.75,-0.125
gemma-2-2b,64,val,val,de,ja,効果的な,"Das Gegenteil von ""効果的な"" ist """,非効果的な,1,58,18.875,19.75,0.875
gemma-2-2b,64,val,freq,de,ja,効果的な,"Das Gegenteil von ""効果的な"" ist """,非効果的な,1,9,18.875,15.9375,-2.9375
gemma-2-2b,64,freq,desc,de,ja,効果的な,"Das Gegenteil von ""効果的な"" ist """,非効果的な,1,13,18.875,18.875,0.0
gemma-2-2b,64,freq,val,de,ja,効果的な,"Das Gegenteil von ""効果的な"" ist """,非効果的な,1,19,18.875,18.75,-0.125
gemma-2-2b,64,freq,freq,de,ja,効果的な,"Das Gegenteil von ""効果的な"" ist """,非効果的な,1,25,18.875,19.75,0.875
gemma-2-2b,65,desc,desc,de,ja,有名な,"Das Gegenteil von ""有名な"" ist """,無名の,2,10,17.75,21.125,3.375
gemma-2-2b,65,desc,val,de,ja,有名な,"Das Gegenteil von ""有名な"" ist """,無名の,2,5,17.75,21.5,3.75
gemma-2-2b,65,desc,freq,de,ja,有名な,"Das Gegenteil von ""有名な"" ist """,無名の,2,1,17.75,17.375,-0.375
gemma-2-2b,65,val,desc,de,ja,有名な,"Das Gegenteil von ""有名な"" ist """,無名の,2,5,17.75,20.25,2.5
gemma-2-2b,65,val,val,de,ja,有名な,"Das Gegenteil von ""有名な"" ist """,無名の,2,13,17.75,21.375,3.625
gemma-2-2b,65,val,freq,de,ja,有名な,"Das Gegenteil von ""有名な"" ist """,無名の,2,4,17.75,17.75,0.0
gemma-2-2b,65,freq,desc,de,ja,有名な,"Das Gegenteil von ""有名な"" ist """,無名の,2,1,17.75,19.375,1.625
gemma-2-2b,65,freq,val,de,ja,有名な,"Das Gegenteil von ""有名な"" ist """,無名の,2,1,17.75,20.0,2.25
gemma-2-2b,65,freq,freq,de,ja,有名な,"Das Gegenteil von ""有名な"" ist """,無名の,2,3,17.75,20.375,2.625
gemma-2-2b,66,desc,desc,de,ja,寛大な,"Das Gegenteil von ""寛大な"" ist """,ケチな,70,100,15.125,19.5,4.375
gemma-2-2b,66,desc,val,de,ja,寛大な,"Das Gegenteil von ""寛大な"" ist """,ケチな,70,36,15.125,20.5,5.375
gemma-2-2b,66,desc,freq,de,ja,寛大な,"Das Gegenteil von ""寛大な"" ist """,ケチな,70,19,15.125,14.75,-0.375
gemma-2-2b,66,val,desc,de,ja,寛大な,"Das Gegenteil von ""寛大な"" ist """,ケチな,70,38,15.125,19.875,4.75
gemma-2-2b,66,val,val,de,ja,寛大な,"Das Gegenteil von ""寛大な"" ist """,ケチな,70,82,15.125,20.5,5.375
gemma-2-2b,66,val,freq,de,ja,寛大な,"Das Gegenteil von ""寛大な"" ist """,ケチな,70,57,15.125,14.875,-0.25
gemma-2-2b,66,freq,desc,de,ja,寛大な,"Das Gegenteil von ""寛大な"" ist """,ケチな,70,56,15.125,16.875,1.75
gemma-2-2b,66,freq,val,de,ja,寛大な,"Das Gegenteil von ""寛大な"" ist """,ケチな,70,68,15.125,17.25,2.125
gemma-2-2b,66,freq,freq,de,ja,寛大な,"Das Gegenteil von ""寛大な"" ist """,ケチな,70,88,15.125,17.375,2.25
gemma-2-2b,67,desc,desc,de,ja,幸せな,"Das Gegenteil von ""幸せな"" ist """,不幸せな,2,8,18.25,21.75,3.5
gemma-2-2b,67,desc,val,de,ja,幸せな,"Das Gegenteil von ""幸せな"" ist """,不幸せな,2,15,18.25,21.0,2.75
gemma-2-2b,67,desc,freq,de,ja,幸せな,"Das Gegenteil von ""幸せな"" ist """,不幸せな,2,43,18.25,12.4375,-5.8125
gemma-2-2b,67,val,desc,de,ja,幸せな,"Das Gegenteil von ""幸せな"" ist """,不幸せな,2,6,18.25,20.25,2.0
gemma-2-2b,67,val,val,de,ja,幸せな,"Das Gegenteil von ""幸せな"" ist """,不幸せな,2,24,18.25,21.5,3.25
gemma-2-2b,67,val,freq,de,ja,幸せな,"Das Gegenteil von ""幸せな"" ist """,不幸せな,2,31,18.25,13.125,-5.125
gemma-2-2b,67,freq,desc,de,ja,幸せな,"Das Gegenteil von ""幸せな"" ist """,不幸せな,2,5,18.25,19.375,1.125
gemma-2-2b,67,freq,val,de,ja,幸せな,"Das Gegenteil von ""幸せな"" ist """,不幸せな,2,5,18.25,19.75,1.5
gemma-2-2b,67,freq,freq,de,ja,幸せな,"Das Gegenteil von ""幸せな"" ist """,不幸せな,2,4,18.25,20.875,2.625
gemma-2-2b,68,desc,desc,de,ja,健康な,"Das Gegenteil von ""健康な"" ist """,病気の,1,4,20.25,20.5,0.25
gemma-2-2b,68,desc,val,de,ja,健康な,"Das Gegenteil von ""健康な"" ist """,病気の,1,8,20.25,20.25,0.0
gemma-2-2b,68,desc,freq,de,ja,健康な,"Das Gegenteil von ""健康な"" ist """,病気の,1,6,20.25,15.5625,-4.6875
gemma-2-2b,68,val,desc,de,ja,健康な,"Das Gegenteil von ""健康な"" ist """,病気の,1,0,20.25,20.5,0.25
gemma-2-2b,68,val,val,de,ja,健康な,"Das Gegenteil von ""健康な"" ist """,病気の,1,12,20.25,20.875,0.625
gemma-2-2b,68,val,freq,de,ja,健康な,"Das Gegenteil von ""健康な"" ist """,病気の,1,4,20.25,15.9375,-4.3125
gemma-2-2b,68,freq,desc,de,ja,健康な,"Das Gegenteil von ""健康な"" ist """,病気の,1,2,20.25,18.375,-1.875
gemma-2-2b,68,freq,val,de,ja,健康な,"Das Gegenteil von ""健康な"" ist """,病気の,1,3,20.25,18.75,-1.5
gemma-2-2b,68,freq,freq,de,ja,健康な,"Das Gegenteil von ""健康な"" ist """,病気の,1,4,20.25,19.25,-1.0
gemma-2-2b,69,desc,desc,de,ja,高い,"Das Gegenteil von ""高い"" ist """,低い,1,3,17.875,20.875,3.0
gemma-2-2b,69,desc,val,de,ja,高い,"Das Gegenteil von ""高い"" ist """,低い,1,5,17.875,19.75,1.875
gemma-2-2b,69,desc,freq,de,ja,高い,"Das Gegenteil von ""高い"" ist """,低い,1,5,17.875,12.1875,-5.6875
gemma-2-2b,69,val,desc,de,ja,高い,"Das Gegenteil von ""高い"" ist """,低い,1,5,17.875,18.375,0.5
gemma-2-2b,69,val,val,de,ja,高い,"Das Gegenteil von ""高い"" ist """,低い,1,3,17.875,21.5,3.625
gemma-2-2b,69,val,freq,de,ja,高い,"Das Gegenteil von ""高い"" ist """,低い,1,6,17.875,13.9375,-3.9375
gemma-2-2b,69,freq,desc,de,ja,高い,"Das Gegenteil von ""高い"" ist """,低い,1,4,17.875,16.25,-1.625
gemma-2-2b,69,freq,val,de,ja,高い,"Das Gegenteil von ""高い"" ist """,低い,1,4,17.875,17.125,-0.75
gemma-2-2b,69,freq,freq,de,ja,高い,"Das Gegenteil von ""高い"" ist """,低い,1,4,17.875,18.875,1.0
gemma-2-2b,70,desc,desc,de,ja,重要な,"Das Gegenteil von ""重要な"" ist """,重要でない,5,49,18.875,21.0,2.125
gemma-2-2b,70,desc,val,de,ja,重要な,"Das Gegenteil von ""重要な"" ist """,重要でない,5,64,18.875,19.875,1.0
gemma-2-2b,70,desc,freq,de,ja,重要な,"Das Gegenteil von ""重要な"" ist """,重要でない,5,132,18.875,14.125,-4.75
gemma-2-2b,70,val,desc,de,ja,重要な,"Das Gegenteil von ""重要な"" ist """,重要でない,5,35,18.875,19.75,0.875
gemma-2-2b,70,val,val,de,ja,重要な,"Das Gegenteil von ""重要な"" ist """,重要でない,5,45,18.875,21.125,2.25
gemma-2-2b,70,val,freq,de,ja,重要な,"Das Gegenteil von ""重要な"" ist """,重要でない,5,115,18.875,13.9375,-4.9375
gemma-2-2b,70,freq,desc,de,ja,重要な,"Das Gegenteil von ""重要な"" ist """,重要でない,5,22,18.875,18.875,0.0
gemma-2-2b,70,freq,val,de,ja,重要な,"Das Gegenteil von ""重要な"" ist """,重要でない,5,33,18.875,18.25,-0.625
gemma-2-2b,70,freq,freq,de,ja,重要な,"Das Gegenteil von ""重要な"" ist """,重要でない,5,26,18.875,19.75,0.875
gemma-2-2b,71,desc,desc,de,ja,無罪の,"Das Gegenteil von ""無罪の"" ist """,有罪の,0,4,19.875,23.75,3.875
gemma-2-2b,71,desc,val,de,ja,無罪の,"Das Gegenteil von ""無罪の"" ist """,有罪の,0,2,19.875,23.0,3.125
gemma-2-2b,71,desc,freq,de,ja,無罪の,"Das Gegenteil von ""無罪の"" ist """,有罪の,0,2,19.875,17.0,-2.875
gemma-2-2b,71,val,desc,de,ja,無罪の,"Das Gegenteil von ""無罪の"" ist """,有罪の,0,1,19.875,23.0,3.125
gemma-2-2b,71,val,val,de,ja,無罪の,"Das Gegenteil von ""無罪の"" ist """,有罪の,0,4,19.875,24.625,4.75
gemma-2-2b,71,val,freq,de,ja,無罪の,"Das Gegenteil von ""無罪の"" ist """,有罪の,0,3,19.875,18.25,-1.625
gemma-2-2b,71,freq,desc,de,ja,無罪の,"Das Gegenteil von ""無罪の"" ist """,有罪の,0,0,19.875,20.5,0.625
gemma-2-2b,71,freq,val,de,ja,無罪の,"Das Gegenteil von ""無罪の"" ist """,有罪の,0,1,19.875,21.125,1.25
gemma-2-2b,71,freq,freq,de,ja,無罪の,"Das Gegenteil von ""無罪の"" ist """,有罪の,0,0,19.875,21.375,1.5
gemma-2-2b,72,desc,desc,de,ja,既知の,"Das Gegenteil von ""既知の"" ist """,未知の,0,1,22.25,24.375,2.125
gemma-2-2b,72,desc,val,de,ja,既知の,"Das Gegenteil von ""既知の"" ist """,未知の,0,1,22.25,22.625,0.375
gemma-2-2b,72,desc,freq,de,ja,既知の,"Das Gegenteil von ""既知の"" ist """,未知の,0,1,22.25,17.0,-5.25
gemma-2-2b,72,val,desc,de,ja,既知の,"Das Gegenteil von ""既知の"" ist """,未知の,0,1,22.25,23.125,0.875
gemma-2-2b,72,val,val,de,ja,既知の,"Das Gegenteil von ""既知の"" ist """,未知の,0,2,22.25,24.125,1.875
gemma-2-2b,72,val,freq,de,ja,既知の,"Das Gegenteil von ""既知の"" ist """,未知の,0,2,22.25,18.25,-4.0
gemma-2-2b,72,freq,desc,de,ja,既知の,"Das Gegenteil von ""既知の"" ist """,未知の,0,2,22.25,21.125,-1.125
gemma-2-2b,72,freq,val,de,ja,既知の,"Das Gegenteil von ""既知の"" ist """,未知の,0,1,22.25,21.125,-1.125
gemma-2-2b,72,freq,freq,de,ja,既知の,"Das Gegenteil von ""既知の"" ist """,未知の,0,0,22.25,22.75,0.5
gemma-2-2b,73,desc,desc,de,ja,男性の,"Das Gegenteil von ""男性の"" ist """,女性の,1,18,18.75,20.5,1.75
gemma-2-2b,73,desc,val,de,ja,男性の,"Das Gegenteil von ""男性の"" ist """,女性の,1,10,18.75,20.75,2.0
gemma-2-2b,73,desc,freq,de,ja,男性の,"Das Gegenteil von ""男性の"" ist """,女性の,1,19,18.75,14.3125,-4.4375
gemma-2-2b,73,val,desc,de,ja,男性の,"Das Gegenteil von ""男性の"" ist """,女性の,1,14,18.75,19.5,0.75
gemma-2-2b,73,val,val,de,ja,男性の,"Das Gegenteil von ""男性の"" ist """,女性の,1,43,18.75,20.125,1.375
gemma-2-2b,73,val,freq,de,ja,男性の,"Das Gegenteil von ""男性の"" ist """,女性の,1,50,18.75,13.125,-5.625
gemma-2-2b,73,freq,desc,de,ja,男性の,"Das Gegenteil von ""男性の"" ist """,女性の,1,6,18.75,18.25,-0.5
gemma-2-2b,73,freq,val,de,ja,男性の,"Das Gegenteil von ""男性の"" ist """,女性の,1,15,18.75,17.875,-0.875
gemma-2-2b,73,freq,freq,de,ja,男性の,"Das Gegenteil von ""男性の"" ist """,女性の,1,8,18.75,19.125,0.375
gemma-2-2b,74,desc,desc,de,ja,普通の,"Das Gegenteil von ""普通の"" ist """,異常な,4,65,19.875,21.625,1.75
gemma-2-2b,74,desc,val,de,ja,普通の,"Das Gegenteil von ""普通の"" ist """,異常な,4,44,19.875,21.5,1.625
gemma-2-2b,74,desc,freq,de,ja,普通の,"Das Gegenteil von ""普通の"" ist """,異常な,4,7,19.875,19.375,-0.5
gemma-2-2b,74,val,desc,de,ja,普通の,"Das Gegenteil von ""普通の"" ist """,異常な,4,86,19.875,20.125,0.25
gemma-2-2b,74,val,val,de,ja,普通の,"Das Gegenteil von ""普通の"" ist """,異常な,4,151,19.875,21.25,1.375
gemma-2-2b,74,val,freq,de,ja,普通の,"Das Gegenteil von ""普通の"" ist """,異常な,4,8,19.875,18.875,-1.0
gemma-2-2b,74,freq,desc,de,ja,普通の,"Das Gegenteil von ""普通の"" ist """,異常な,4,31,19.875,19.875,0.0
gemma-2-2b,74,freq,val,de,ja,普通の,"Das Gegenteil von ""普通の"" ist """,異常な,4,29,19.875,20.25,0.375
gemma-2-2b,74,freq,freq,de,ja,普通の,"Das Gegenteil von ""普通の"" ist """,異常な,4,30,19.875,21.25,1.375
gemma-2-2b,75,desc,desc,de,ja,可能な,"Das Gegenteil von ""可能な"" ist """,不可能な,0,6,21.25,21.875,0.625
gemma-2-2b,75,desc,val,de,ja,可能な,"Das Gegenteil von ""可能な"" ist """,不可能な,0,7,21.25,21.0,-0.25
gemma-2-2b,75,desc,freq,de,ja,可能な,"Das Gegenteil von ""可能な"" ist """,不可能な,0,0,21.25,16.125,-5.125
gemma-2-2b,75,val,desc,de,ja,可能な,"Das Gegenteil von ""可能な"" ist """,不可能な,0,0,21.25,21.125,-0.125
gemma-2-2b,75,val,val,de,ja,可能な,"Das Gegenteil von ""可能な"" ist """,不可能な,0,6,21.25,22.375,1.125
gemma-2-2b,75,val,freq,de,ja,可能な,"Das Gegenteil von ""可能な"" ist """,不可能な,0,1,21.25,16.625,-4.625
gemma-2-2b,75,freq,desc,de,ja,可能な,"Das Gegenteil von ""可能な"" ist """,不可能な,0,0,21.25,20.875,-0.375
gemma-2-2b,75,freq,val,de,ja,可能な,"Das Gegenteil von ""可能な"" ist """,不可能な,0,1,21.25,20.875,-0.375
gemma-2-2b,75,freq,freq,de,ja,可能な,"Das Gegenteil von ""可能な"" ist """,不可能な,0,2,21.25,21.75,0.5
gemma-2-2b,76,desc,desc,de,ja,個人の,"Das Gegenteil von ""個人の"" ist """,公共の,21,62,17.75,20.875,3.125
gemma-2-2b,76,desc,val,de,ja,個人の,"Das Gegenteil von ""個人の"" ist """,公共の,21,106,17.75,19.625,1.875
gemma-2-2b,76,desc,freq,de,ja,個人の,"Das Gegenteil von ""個人の"" ist """,公共の,21,798,17.75,10.75,-7.0
gemma-2-2b,76,val,desc,de,ja,個人の,"Das Gegenteil von ""個人の"" ist """,公共の,21,88,17.75,19.25,1.5
gemma-2-2b,76,val,val,de,ja,個人の,"Das Gegenteil von ""個人の"" ist """,公共の,21,93,17.75,21.375,3.625
gemma-2-2b,76,val,freq,de,ja,個人の,"Das Gegenteil von ""個人の"" ist """,公共の,21,705,17.75,10.875,-6.875
gemma-2-2b,76,freq,desc,de,ja,個人の,"Das Gegenteil von ""個人の"" ist """,公共の,21,38,17.75,17.75,0.0
gemma-2-2b,76,freq,val,de,ja,個人の,"Das Gegenteil von ""個人の"" ist """,公共の,21,25,17.75,19.125,1.375
gemma-2-2b,76,freq,freq,de,ja,個人の,"Das Gegenteil von ""個人の"" ist """,公共の,21,31,17.75,19.5,1.75
gemma-2-2b,77,desc,desc,de,ja,正しい,"Das Gegenteil von ""正しい"" ist """,間違っている,0,9,21.125,22.625,1.5
gemma-2-2b,77,desc,val,de,ja,正しい,"Das Gegenteil von ""正しい"" ist """,間違っている,0,8,21.125,21.875,0.75
gemma-2-2b,77,desc,freq,de,ja,正しい,"Das Gegenteil von ""正しい"" ist """,間違っている,0,3,21.125,18.125,-3.0
gemma-2-2b,77,val,desc,de,ja,正しい,"Das Gegenteil von ""正しい"" ist """,間違っている,0,7,21.125,21.875,0.75
gemma-2-2b,77,val,val,de,ja,正しい,"Das Gegenteil von ""正しい"" ist """,間違っている,0,13,21.125,22.75,1.625
gemma-2-2b,77,val,freq,de,ja,正しい,"Das Gegenteil von ""正しい"" ist """,間違っている,0,4,21.125,17.875,-3.25
gemma-2-2b,77,freq,desc,de,ja,正しい,"Das Gegenteil von ""正しい"" ist """,間違っている,0,6,21.125,19.875,-1.25
gemma-2-2b,77,freq,val,de,ja,正しい,"Das Gegenteil von ""正しい"" ist """,間違っている,0,7,21.125,20.125,-1.0
gemma-2-2b,77,freq,freq,de,ja,正しい,"Das Gegenteil von ""正しい"" ist """,間違っている,0,7,21.125,21.125,0.0
gemma-2-2b,78,desc,desc,de,ja,簡単な,"Das Gegenteil von ""簡単な"" ist """,複雑な,2,127,17.75,17.5,-0.25
gemma-2-2b,78,desc,val,de,ja,簡単な,"Das Gegenteil von ""簡単な"" ist """,複雑な,2,62,17.75,17.75,0.0
gemma-2-2b,78,desc,freq,de,ja,簡単な,"Das Gegenteil von ""簡単な"" ist """,複雑な,2,3,17.75,16.125,-1.625
gemma-2-2b,78,val,desc,de,ja,簡単な,"Das Gegenteil von ""簡単な"" ist """,複雑な,2,25,17.75,19.0,1.25
gemma-2-2b,78,val,val,de,ja,簡単な,"Das Gegenteil von ""簡単な"" ist """,複雑な,2,123,17.75,18.125,0.375
gemma-2-2b,78,val,freq,de,ja,簡単な,"Das Gegenteil von ""簡単な"" ist """,複雑な,2,9,17.75,16.5,-1.25
gemma-2-2b,78,freq,desc,de,ja,簡単な,"Das Gegenteil von ""簡単な"" ist """,複雑な,2,24,17.75,16.625,-1.125
gemma-2-2b,78,freq,val,de,ja,簡単な,"Das Gegenteil von ""簡単な"" ist """,複雑な,2,29,17.75,16.375,-1.375
gemma-2-2b,78,freq,freq,de,ja,簡単な,"Das Gegenteil von ""簡単な"" ist """,複雑な,2,97,17.75,16.75,-1.0
gemma-2-2b,79,desc,desc,de,ja,甘い,"Das Gegenteil von ""甘い"" ist """,苦い,0,2,16.625,21.75,5.125
gemma-2-2b,79,desc,val,de,ja,甘い,"Das Gegenteil von ""甘い"" ist """,苦い,0,3,16.625,20.75,4.125
gemma-2-2b,79,desc,freq,de,ja,甘い,"Das Gegenteil von ""甘い"" ist """,苦い,0,0,16.625,16.0,-0.625
gemma-2-2b,79,val,desc,de,ja,甘い,"Das Gegenteil von ""甘い"" ist """,苦い,0,0,16.625,20.625,4.0
gemma-2-2b,79,val,val,de,ja,甘い,"Das Gegenteil von ""甘い"" ist """,苦い,0,4,16.625,22.375,5.75
gemma-2-2b,79,val,freq,de,ja,甘い,"Das Gegenteil von ""甘い"" ist """,苦い,0,1,16.625,17.5,0.875
gemma-2-2b,79,freq,desc,de,ja,甘い,"Das Gegenteil von ""甘い"" ist """,苦い,0,0,16.625,18.5,1.875
gemma-2-2b,79,freq,val,de,ja,甘い,"Das Gegenteil von ""甘い"" ist """,苦い,0,1,16.625,19.125,2.5
gemma-2-2b,79,freq,freq,de,ja,甘い,"Das Gegenteil von ""甘い"" ist """,苦い,0,2,16.625,20.625,4.0
gemma-2-2b,80,desc,desc,de,ja,見える,"Das Gegenteil von ""見える"" ist """,見えない,0,3,20.5,21.875,1.375
gemma-2-2b,80,desc,val,de,ja,見える,"Das Gegenteil von ""見える"" ist """,見えない,0,26,20.5,19.25,-1.25
gemma-2-2b,80,desc,freq,de,ja,見える,"Das Gegenteil von ""見える"" ist """,見えない,0,20,20.5,14.0625,-6.4375
gemma-2-2b,80,val,desc,de,ja,見える,"Das Gegenteil von ""見える"" ist """,見えない,0,2,20.5,21.0,0.5
gemma-2-2b,80,val,val,de,ja,見える,"Das Gegenteil von ""見える"" ist """,見えない,0,3,20.5,22.125,1.625
gemma-2-2b,80,val,freq,de,ja,見える,"Das Gegenteil von ""見える"" ist """,見えない,0,13,20.5,15.375,-5.125
gemma-2-2b,80,freq,desc,de,ja,見える,"Das Gegenteil von ""見える"" ist """,見えない,0,0,20.5,20.0,-0.5
gemma-2-2b,80,freq,val,de,ja,見える,"Das Gegenteil von ""見える"" ist """,見えない,0,1,20.5,20.125,-0.375
gemma-2-2b,80,freq,freq,de,ja,見える,"Das Gegenteil von ""見える"" ist """,見えない,0,2,20.5,21.125,0.625
gemma-2-2b,81,desc,desc,de,ja,暖かい,"Das Gegenteil von ""暖かい"" ist """,冷たい,4,102,16.5,16.625,0.125
gemma-2-2b,81,desc,val,de,ja,暖かい,"Das Gegenteil von ""暖かい"" ist """,冷たい,4,90,16.5,15.6875,-0.8125
gemma-2-2b,81,desc,freq,de,ja,暖かい,"Das Gegenteil von ""暖かい"" ist """,冷たい,4,3,16.5,11.125,-5.375
gemma-2-2b,81,val,desc,de,ja,暖かい,"Das Gegenteil von ""暖かい"" ist """,冷たい,4,9,16.5,18.25,1.75
gemma-2-2b,81,val,val,de,ja,暖かい,"Das Gegenteil von ""暖かい"" ist """,冷たい,4,105,16.5,17.0,0.5
gemma-2-2b,81,val,freq,de,ja,暖かい,"Das Gegenteil von ""暖かい"" ist """,冷たい,4,2,16.5,13.125,-3.375
gemma-2-2b,81,freq,desc,de,ja,暖かい,"Das Gegenteil von ""暖かい"" ist """,冷たい,4,27,16.5,14.4375,-2.0625
gemma-2-2b,81,freq,val,de,ja,暖かい,"Das Gegenteil von ""暖かい"" ist """,冷たい,4,58,16.5,14.25,-2.25
gemma-2-2b,81,freq,freq,de,ja,暖かい,"Das Gegenteil von ""暖かい"" ist """,冷たい,4,118,16.5,15.125,-1.375
gemma-2-2b,82,desc,desc,de,ja,滑らかな,"Das Gegenteil von ""滑らかな"" ist """,粗い,1,10,19.0,22.125,3.125
gemma-2-2b,82,desc,val,de,ja,滑らかな,"Das Gegenteil von ""滑らかな"" ist """,粗い,1,41,19.0,20.5,1.5
gemma-2-2b,82,desc,freq,de,ja,滑らかな,"Das Gegenteil von ""滑らかな"" ist """,粗い,1,19,19.0,15.375,-3.625
gemma-2-2b,82,val,desc,de,ja,滑らかな,"Das Gegenteil von ""滑らかな"" ist """,粗い,1,18,19.0,20.75,1.75
gemma-2-2b,82,val,val,de,ja,滑らかな,"Das Gegenteil von ""滑らかな"" ist """,粗い,1,20,19.0,22.25,3.25
gemma-2-2b,82,val,freq,de,ja,滑らかな,"Das Gegenteil von ""滑らかな"" ist """,粗い,1,26,19.0,15.375,-3.625
gemma-2-2b,82,freq,desc,de,ja,滑らかな,"Das Gegenteil von ""滑らかな"" ist """,粗い,1,3,19.0,20.375,1.375
gemma-2-2b,82,freq,val,de,ja,滑らかな,"Das Gegenteil von ""滑らかな"" ist """,粗い,1,3,19.0,20.625,1.625
gemma-2-2b,82,freq,freq,de,ja,滑らかな,"Das Gegenteil von ""滑らかな"" ist """,粗い,1,3,19.0,21.75,2.75
gemma-2-2b,83,desc,desc,de,ja,薄い,"Das Gegenteil von ""薄い"" ist """,厚い,0,1,18.625,22.125,3.5
gemma-2-2b,83,desc,val,de,ja,薄い,"Das Gegenteil von ""薄い"" ist """,厚い,0,3,18.625,20.875,2.25
gemma-2-2b,83,desc,freq,de,ja,薄い,"Das Gegenteil von ""薄い"" ist """,厚い,0,0,18.625,17.875,-0.75
gemma-2-2b,83,val,desc,de,ja,薄い,"Das Gegenteil von ""薄い"" ist """,厚い,0,0,18.625,20.625,2.0
gemma-2-2b,83,val,val,de,ja,薄い,"Das Gegenteil von ""薄い"" ist """,厚い,0,1,18.625,23.0,4.375
gemma-2-2b,83,val,freq,de,ja,薄い,"Das Gegenteil von ""薄い"" ist """,厚い,0,0,18.625,19.25,0.625
gemma-2-2b,83,freq,desc,de,ja,薄い,"Das Gegenteil von ""薄い"" ist """,厚い,0,0,18.625,19.875,1.25
gemma-2-2b,83,freq,val,de,ja,薄い,"Das Gegenteil von ""薄い"" ist """,厚い,0,0,18.625,19.875,1.25
gemma-2-2b,83,freq,freq,de,ja,薄い,"Das Gegenteil von ""薄い"" ist """,厚い,0,0,18.625,21.125,2.5
gemma-2-2b,84,desc,desc,de,ja,背が高い,"Das Gegenteil von ""背が高い"" ist """,背が低い,0,0,21.25,24.75,3.5
gemma-2-2b,84,desc,val,de,ja,背が高い,"Das Gegenteil von ""背が高い"" ist """,背が低い,0,0,21.25,24.0,2.75
gemma-2-2b,84,desc,freq,de,ja,背が高い,"Das Gegenteil von ""背が高い"" ist """,背が低い,0,0,21.25,20.25,-1.0
gemma-2-2b,84,val,desc,de,ja,背が高い,"Das Gegenteil von ""背が高い"" ist """,背が低い,0,0,21.25,24.125,2.875
gemma-2-2b,84,val,val,de,ja,背が高い,"Das Gegenteil von ""背が高い"" ist """,背が低い,0,0,21.25,25.375,4.125
gemma-2-2b,84,val,freq,de,ja,背が高い,"Das Gegenteil von ""背が高い"" ist """,背が低い,0,0,21.25,21.125,-0.125
gemma-2-2b,84,freq,desc,de,ja,背が高い,"Das Gegenteil von ""背が高い"" ist """,背が低い,0,0,21.25,21.5,0.25
gemma-2-2b,84,freq,val,de,ja,背が高い,"Das Gegenteil von ""背が高い"" ist """,背が低い,0,0,21.25,22.125,0.875
gemma-2-2b,84,freq,freq,de,ja,背が高い,"Das Gegenteil von ""背が高い"" ist """,背が低い,0,0,21.25,22.5,1.25
gemma-2-2b,85,desc,desc,de,ja,既婚の,"Das Gegenteil von ""既婚の"" ist """,未婚の,0,0,20.5,23.5,3.0
gemma-2-2b,85,desc,val,de,ja,既婚の,"Das Gegenteil von ""既婚の"" ist """,未婚の,0,0,20.5,23.125,2.625
gemma-2-2b,85,desc,freq,de,ja,既婚の,"Das Gegenteil von ""既婚の"" ist """,未婚の,0,4,20.5,14.5,-6.0
gemma-2-2b,85,val,desc,de,ja,既婚の,"Das Gegenteil von ""既婚の"" ist """,未婚の,0,0,20.5,23.125,2.625
gemma-2-2b,85,val,val,de,ja,既婚の,"Das Gegenteil von ""既婚の"" ist """,未婚の,0,0,20.5,24.5,4.0
gemma-2-2b,85,val,freq,de,ja,既婚の,"Das Gegenteil von ""既婚の"" ist """,未婚の,0,3,20.5,16.5,-4.0
gemma-2-2b,85,freq,desc,de,ja,既婚の,"Das Gegenteil von ""既婚の"" ist """,未婚の,0,0,20.5,21.625,1.125
gemma-2-2b,85,freq,val,de,ja,既婚の,"Das Gegenteil von ""既婚の"" ist """,未婚の,0,0,20.5,22.375,1.875
gemma-2-2b,85,freq,freq,de,ja,既婚の,"Das Gegenteil von ""既婚の"" ist """,未婚の,0,0,20.5,22.625,2.125
gemma-2-2b,86,desc,desc,de,ja,楽観的な,"Das Gegenteil von ""楽観的な"" ist """,悲観的な,1,5,20.75,23.0,2.25
gemma-2-2b,86,desc,val,de,ja,楽観的な,"Das Gegenteil von ""楽観的な"" ist """,悲観的な,1,6,20.75,22.5,1.75
gemma-2-2b,86,desc,freq,de,ja,楽観的な,"Das Gegenteil von ""楽観的な"" ist """,悲観的な,1,2,20.75,19.125,-1.625
gemma-2-2b,86,val,desc,de,ja,楽観的な,"Das Gegenteil von ""楽観的な"" ist """,悲観的な,1,5,20.75,23.75,3.0
gemma-2-2b,86,val,val,de,ja,楽観的な,"Das Gegenteil von ""楽観的な"" ist """,悲観的な,1,5,20.75,23.875,3.125
gemma-2-2b,86,val,freq,de,ja,楽観的な,"Das Gegenteil von ""楽観的な"" ist """,悲観的な,1,4,20.75,21.25,0.5
gemma-2-2b,86,freq,desc,de,ja,楽観的な,"Das Gegenteil von ""楽観的な"" ist """,悲観的な,1,3,20.75,20.75,0.0
gemma-2-2b,86,freq,val,de,ja,楽観的な,"Das Gegenteil von ""楽観的な"" ist """,悲観的な,1,4,20.75,21.375,0.625
gemma-2-2b,86,freq,freq,de,ja,楽観的な,"Das Gegenteil von ""楽観的な"" ist """,悲観的な,1,3,20.75,21.75,1.0
gemma-2-2b,87,desc,desc,de,ja,恒久的な,"Das Gegenteil von ""恒久的な"" ist """,一時的な,0,12,21.75,22.875,1.125
gemma-2-2b,87,desc,val,de,ja,恒久的な,"Das Gegenteil von ""恒久的な"" ist """,一時的な,0,3,21.75,23.0,1.25
gemma-2-2b,87,desc,freq,de,ja,恒久的な,"Das Gegenteil von ""恒久的な"" ist """,一時的な,0,0,21.75,19.875,-1.875
gemma-2-2b,87,val,desc,de,ja,恒久的な,"Das Gegenteil von ""恒久的な"" ist """,一時的な,0,2,21.75,23.0,1.25
gemma-2-2b,87,val,val,de,ja,恒久的な,"Das Gegenteil von ""恒久的な"" ist """,一時的な,0,25,21.75,23.0,1.25
gemma-2-2b,87,val,freq,de,ja,恒久的な,"Das Gegenteil von ""恒久的な"" ist """,一時的な,0,1,21.75,19.625,-2.125
gemma-2-2b,87,freq,desc,de,ja,恒久的な,"Das Gegenteil von ""恒久的な"" ist """,一時的な,0,0,21.75,21.25,-0.5
gemma-2-2b,87,freq,val,de,ja,恒久的な,"Das Gegenteil von ""恒久的な"" ist """,一時的な,0,2,21.75,21.625,-0.125
gemma-2-2b,87,freq,freq,de,ja,恒久的な,"Das Gegenteil von ""恒久的な"" ist """,一時的な,0,2,21.75,22.0,0.25
gemma-2-2b,88,desc,desc,de,ja,現在の,"Das Gegenteil von ""現在の"" ist """,過去の,1,3,21.25,23.125,1.875
gemma-2-2b,88,desc,val,de,ja,現在の,"Das Gegenteil von ""現在の"" ist """,過去の,1,3,21.25,22.25,1.0
gemma-2-2b,88,desc,freq,de,ja,現在の,"Das Gegenteil von ""現在の"" ist """,過去の,1,11,21.25,17.5,-3.75
gemma-2-2b,88,val,desc,de,ja,現在の,"Das Gegenteil von ""現在の"" ist """,過去の,1,14,21.25,21.0,-0.25
gemma-2-2b,88,val,val,de,ja,現在の,"Das Gegenteil von ""現在の"" ist """,過去の,1,19,21.25,22.375,1.125
gemma-2-2b,88,val,freq,de,ja,現在の,"Das Gegenteil von ""現在の"" ist """,過去の,1,22,21.25,16.75,-4.5
gemma-2-2b,88,freq,desc,de,ja,現在の,"Das Gegenteil von ""現在の"" ist """,過去の,1,6,21.25,20.625,-0.625
gemma-2-2b,88,freq,val,de,ja,現在の,"Das Gegenteil von ""現在の"" ist """,過去の,1,11,21.25,20.375,-0.875
gemma-2-2b,88,freq,freq,de,ja,現在の,"Das Gegenteil von ""現在の"" ist """,過去の,1,7,21.25,21.625,0.375
gemma-2-2b,89,desc,desc,de,ja,公共の,"Das Gegenteil von ""公共の"" ist """,個人の,39,175,15.5625,17.25,1.6875
gemma-2-2b,89,desc,val,de,ja,公共の,"Das Gegenteil von ""公共の"" ist """,個人の,39,135,15.5625,17.875,2.3125
gemma-2-2b,89,desc,freq,de,ja,公共の,"Das Gegenteil von ""公共の"" ist """,個人の,39,47,15.5625,13.1875,-2.375
gemma-2-2b,89,val,desc,de,ja,公共の,"Das Gegenteil von ""公共の"" ist """,個人の,39,87,15.5625,18.125,2.5625
gemma-2-2b,89,val,val,de,ja,公共の,"Das Gegenteil von ""公共の"" ist """,個人の,39,374,15.5625,17.125,1.5625
gemma-2-2b,89,val,freq,de,ja,公共の,"Das Gegenteil von ""公共の"" ist """,個人の,39,56,15.5625,14.6875,-0.875
gemma-2-2b,89,freq,desc,de,ja,公共の,"Das Gegenteil von ""公共の"" ist """,個人の,39,118,15.5625,14.875,-0.6875
gemma-2-2b,89,freq,val,de,ja,公共の,"Das Gegenteil von ""公共の"" ist """,個人の,39,155,15.5625,15.5,-0.0625
gemma-2-2b,89,freq,freq,de,ja,公共の,"Das Gegenteil von ""公共の"" ist """,個人の,39,145,15.5625,16.125,0.5625
gemma-2-2b,90,desc,desc,de,ja,本物の,"Das Gegenteil von ""本物の"" ist """,偽物の,0,4,19.75,22.125,2.375
gemma-2-2b,90,desc,val,de,ja,本物の,"Das Gegenteil von ""本物の"" ist """,偽物の,0,5,19.75,21.75,2.0
gemma-2-2b,90,desc,freq,de,ja,本物の,"Das Gegenteil von ""本物の"" ist """,偽物の,0,0,19.75,17.75,-2.0
gemma-2-2b,90,val,desc,de,ja,本物の,"Das Gegenteil von ""本物の"" ist """,偽物の,0,6,19.75,20.375,0.625
gemma-2-2b,90,val,val,de,ja,本物の,"Das Gegenteil von ""本物の"" ist """,偽物の,0,14,19.75,21.875,2.125
gemma-2-2b,90,val,freq,de,ja,本物の,"Das Gegenteil von ""本物の"" ist """,偽物の,0,2,19.75,17.875,-1.875
gemma-2-2b,90,freq,desc,de,ja,本物の,"Das Gegenteil von ""本物の"" ist """,偽物の,0,0,19.75,20.75,1.0
gemma-2-2b,90,freq,val,de,ja,本物の,"Das Gegenteil von ""本物の"" ist """,偽物の,0,3,19.75,20.25,0.5
gemma-2-2b,90,freq,freq,de,ja,本物の,"Das Gegenteil von ""本物の"" ist """,偽物の,0,2,19.75,21.625,1.875
gemma-2-2b,91,desc,desc,de,ja,責任,"Das Gegenteil von ""責任"" ist """,無責任な,0,1,21.25,23.875,2.625
gemma-2-2b,91,desc,val,de,ja,責任,"Das Gegenteil von ""責任"" ist """,無責任な,0,0,21.25,24.875,3.625
gemma-2-2b,91,desc,freq,de,ja,責任,"Das Gegenteil von ""責任"" ist """,無責任な,0,0,21.25,20.0,-1.25
gemma-2-2b,91,val,desc,de,ja,責任,"Das Gegenteil von ""責任"" ist """,無責任な,0,0,21.25,23.125,1.875
gemma-2-2b,91,val,val,de,ja,責任,"Das Gegenteil von ""責任"" ist """,無責任な,0,0,21.25,24.5,3.25
gemma-2-2b,91,val,freq,de,ja,責任,"Das Gegenteil von ""責任"" ist """,無責任な,0,0,21.25,19.75,-1.5
gemma-2-2b,91,freq,desc,de,ja,責任,"Das Gegenteil von ""責任"" ist """,無責任な,0,0,21.25,21.75,0.5
gemma-2-2b,91,freq,val,de,ja,責任,"Das Gegenteil von ""責任"" ist """,無責任な,0,0,21.25,22.5,1.25
gemma-2-2b,91,freq,freq,de,ja,責任,"Das Gegenteil von ""責任"" ist """,無責任な,0,0,21.25,22.125,0.875
gemma-2-2b,92,desc,desc,de,ja,独身の,"Das Gegenteil von ""独身の"" ist """,結婚している,1,19,16.25,18.625,2.375
gemma-2-2b,92,desc,val,de,ja,独身の,"Das Gegenteil von ""独身の"" ist """,結婚している,1,10,16.25,18.625,2.375
gemma-2-2b,92,desc,freq,de,ja,独身の,"Das Gegenteil von ""独身の"" ist """,結婚している,1,3,16.25,13.125,-3.125
gemma-2-2b,92,val,desc,de,ja,独身の,"Das Gegenteil von ""独身の"" ist """,結婚している,1,10,16.25,17.75,1.5
gemma-2-2b,92,val,val,de,ja,独身の,"Das Gegenteil von ""独身の"" ist """,結婚している,1,29,16.25,19.375,3.125
gemma-2-2b,92,val,freq,de,ja,独身の,"Das Gegenteil von ""独身の"" ist """,結婚している,1,17,16.25,13.4375,-2.8125
gemma-2-2b,92,freq,desc,de,ja,独身の,"Das Gegenteil von ""独身の"" ist """,結婚している,1,13,16.25,15.5,-0.75
gemma-2-2b,92,freq,val,de,ja,独身の,"Das Gegenteil von ""独身の"" ist """,結婚している,1,15,16.25,15.5625,-0.6875
gemma-2-2b,92,freq,freq,de,ja,独身の,"Das Gegenteil von ""独身の"" ist """,結婚している,1,6,16.25,17.0,0.75
gemma-2-2b,93,desc,desc,de,ja,酸っぱい,"Das Gegenteil von ""酸っぱい"" ist """,甘い,0,10,17.125,18.75,1.625
gemma-2-2b,93,desc,val,de,ja,酸っぱい,"Das Gegenteil von ""酸っぱい"" ist """,甘い,0,22,17.125,16.75,-0.375
gemma-2-2b,93,desc,freq,de,ja,酸っぱい,"Das Gegenteil von ""酸っぱい"" ist """,甘い,0,17,17.125,9.3125,-7.8125
gemma-2-2b,93,val,desc,de,ja,酸っぱい,"Das Gegenteil von ""酸っぱい"" ist """,甘い,0,9,17.125,16.0,-1.125
gemma-2-2b,93,val,val,de,ja,酸っぱい,"Das Gegenteil von ""酸っぱい"" ist """,甘い,0,24,17.125,17.875,0.75
gemma-2-2b,93,val,freq,de,ja,酸っぱい,"Das Gegenteil von ""酸っぱい"" ist """,甘い,0,33,17.125,9.875,-7.25
gemma-2-2b,93,freq,desc,de,ja,酸っぱい,"Das Gegenteil von ""酸っぱい"" ist """,甘い,0,6,17.125,15.5,-1.625
gemma-2-2b,93,freq,val,de,ja,酸っぱい,"Das Gegenteil von ""酸っぱい"" ist """,甘い,0,10,17.125,15.5625,-1.5625
gemma-2-2b,93,freq,freq,de,ja,酸っぱい,"Das Gegenteil von ""酸っぱい"" ist """,甘い,0,10,17.125,16.75,-0.375
gemma-2-2b,94,desc,desc,de,ja,役に立つ,"Das Gegenteil von ""役に立つ"" ist """,役に立たない,0,23,18.5,20.125,1.625
gemma-2-2b,94,desc,val,de,ja,役に立つ,"Das Gegenteil von ""役に立つ"" ist """,役に立たない,0,37,18.5,19.25,0.75
gemma-2-2b,94,desc,freq,de,ja,役に立つ,"Das Gegenteil von ""役に立つ"" ist """,役に立たない,0,15,18.5,14.5,-4.0
gemma-2-2b,94,val,desc,de,ja,役に立つ,"Das Gegenteil von ""役に立つ"" ist """,役に立たない,0,5,18.5,20.375,1.875
gemma-2-2b,94,val,val,de,ja,役に立つ,"Das Gegenteil von ""役に立つ"" ist """,役に立たない,0,18,18.5,21.0,2.5
gemma-2-2b,94,val,freq,de,ja,役に立つ,"Das Gegenteil von ""役に立つ"" ist """,役に立たない,0,5,18.5,16.5,-2.0
gemma-2-2b,94,freq,desc,de,ja,役に立つ,"Das Gegenteil von ""役に立つ"" ist """,役に立たない,0,7,18.5,17.875,-0.625
gemma-2-2b,94,freq,val,de,ja,役に立つ,"Das Gegenteil von ""役に立つ"" ist """,役に立たない,0,3,18.5,18.875,0.375
gemma-2-2b,94,freq,freq,de,ja,役に立つ,"Das Gegenteil von ""役に立つ"" ist """,役に立たない,0,16,18.5,19.125,0.625
gemma-2-2b,95,desc,desc,de,ja,垂直な,"Das Gegenteil von ""垂直な"" ist """,水平な,0,0,22.75,24.75,2.0
gemma-2-2b,95,desc,val,de,ja,垂直な,"Das Gegenteil von ""垂直な"" ist """,水平な,0,1,22.75,24.125,1.375
gemma-2-2b,95,desc,freq,de,ja,垂直な,"Das Gegenteil von ""垂直な"" ist """,水平な,0,1,22.75,18.0,-4.75
gemma-2-2b,95,val,desc,de,ja,垂直な,"Das Gegenteil von ""垂直な"" ist """,水平な,0,0,22.75,23.5,0.75
gemma-2-2b,95,val,val,de,ja,垂直な,"Das Gegenteil von ""垂直な"" ist """,水平な,0,3,22.75,25.5,2.75
gemma-2-2b,95,val,freq,de,ja,垂直な,"Das Gegenteil von ""垂直な"" ist """,水平な,0,6,22.75,17.25,-5.5
gemma-2-2b,95,freq,desc,de,ja,垂直な,"Das Gegenteil von ""垂直な"" ist """,水平な,0,0,22.75,21.625,-1.125
gemma-2-2b,95,freq,val,de,ja,垂直な,"Das Gegenteil von ""垂直な"" ist """,水平な,0,0,22.75,22.75,0.0
gemma-2-2b,95,freq,freq,de,ja,垂直な,"Das Gegenteil von ""垂直な"" ist """,水平な,0,0,22.75,23.125,0.375
gemma-2-2b,96,desc,desc,de,ja,良い,"Das Gegenteil von ""良い"" ist """,悪い,0,12,19.375,20.125,0.75
gemma-2-2b,96,desc,val,de,ja,良い,"Das Gegenteil von ""良い"" ist """,悪い,0,24,19.375,19.125,-0.25
gemma-2-2b,96,desc,freq,de,ja,良い,"Das Gegenteil von ""良い"" ist """,悪い,0,4,19.375,15.5625,-3.8125
gemma-2-2b,96,val,desc,de,ja,良い,"Das Gegenteil von ""良い"" ist """,悪い,0,5,19.375,20.125,0.75
gemma-2-2b,96,val,val,de,ja,良い,"Das Gegenteil von ""良い"" ist """,悪い,0,22,19.375,19.875,0.5
gemma-2-2b,96,val,freq,de,ja,良い,"Das Gegenteil von ""良い"" ist """,悪い,0,6,19.375,16.375,-3.0
gemma-2-2b,96,freq,desc,de,ja,良い,"Das Gegenteil von ""良い"" ist """,悪い,0,7,19.375,17.625,-1.75
gemma-2-2b,96,freq,val,de,ja,良い,"Das Gegenteil von ""良い"" ist """,悪い,0,12,19.375,17.125,-2.25
gemma-2-2b,96,freq,freq,de,ja,良い,"Das Gegenteil von ""良い"" ist """,悪い,0,14,19.375,18.75,-0.625
gemma-2-2b,97,desc,desc,de,ja,勝利の,"Das Gegenteil von ""勝利の"" ist """,敗北の,0,0,21.125,23.125,2.0
gemma-2-2b,97,desc,val,de,ja,勝利の,"Das Gegenteil von ""勝利の"" ist """,敗北の,0,0,21.125,23.875,2.75
gemma-2-2b,97,desc,freq,de,ja,勝利の,"Das Gegenteil von ""勝利の"" ist """,敗北の,0,0,21.125,17.75,-3.375
gemma-2-2b,97,val,desc,de,ja,勝利の,"Das Gegenteil von ""勝利の"" ist """,敗北の,0,2,21.125,23.625,2.5
gemma-2-2b,97,val,val,de,ja,勝利の,"Das Gegenteil von ""勝利の"" ist """,敗北の,0,2,21.125,24.375,3.25
gemma-2-2b,97,val,freq,de,ja,勝利の,"Das Gegenteil von ""勝利の"" ist """,敗北の,0,3,21.125,17.625,-3.5
gemma-2-2b,97,freq,desc,de,ja,勝利の,"Das Gegenteil von ""勝利の"" ist """,敗北の,0,0,21.125,20.375,-0.75
gemma-2-2b,97,freq,val,de,ja,勝利の,"Das Gegenteil von ""勝利の"" ist """,敗北の,0,0,21.125,21.125,0.0
gemma-2-2b,97,freq,freq,de,ja,勝利の,"Das Gegenteil von ""勝利の"" ist """,敗北の,0,0,21.125,20.75,-0.375
gemma-2-2b,98,desc,desc,de,ja,意地悪な,"Das Gegenteil von ""意地悪な"" ist """,親切な,0,14,20.5,22.75,2.25
gemma-2-2b,98,desc,val,de,ja,意地悪な,"Das Gegenteil von ""意地悪な"" ist """,親切な,0,9,20.5,21.875,1.375
gemma-2-2b,98,desc,freq,de,ja,意地悪な,"Das Gegenteil von ""意地悪な"" ist """,親切な,0,46,20.5,16.125,-4.375
gemma-2-2b,98,val,desc,de,ja,意地悪な,"Das Gegenteil von ""意地悪な"" ist """,親切な,0,8,20.5,21.25,0.75
gemma-2-2b,98,val,val,de,ja,意地悪な,"Das Gegenteil von ""意地悪な"" ist """,親切な,0,14,20.5,22.25,1.75
gemma-2-2b,98,val,freq,de,ja,意地悪な,"Das Gegenteil von ""意地悪な"" ist """,親切な,0,121,20.5,15.125,-5.375
gemma-2-2b,98,freq,desc,de,ja,意地悪な,"Das Gegenteil von ""意地悪な"" ist """,親切な,0,6,20.5,20.375,-0.125
gemma-2-2b,98,freq,val,de,ja,意地悪な,"Das Gegenteil von ""意地悪な"" ist """,親切な,0,4,20.5,20.5,0.0
gemma-2-2b,98,freq,freq,de,ja,意地悪な,"Das Gegenteil von ""意地悪な"" ist """,親切な,0,5,20.5,21.5,1.0
gemma-2-2b,99,desc,desc,de,ja,臆病な,"Das Gegenteil von ""臆病な"" ist """,勇敢な,1,7,18.25,20.75,2.5
gemma-2-2b,99,desc,val,de,ja,臆病な,"Das Gegenteil von ""臆病な"" ist """,勇敢な,1,29,18.25,19.25,1.0
gemma-2-2b,99,desc,freq,de,ja,臆病な,"Das Gegenteil von ""臆病な"" ist """,勇敢な,1,104,18.25,10.75,-7.5
gemma-2-2b,99,val,desc,de,ja,臆病な,"Das Gegenteil von ""臆病な"" ist """,勇敢な,1,8,18.25,19.5,1.25
gemma-2-2b,99,val,val,de,ja,臆病な,"Das Gegenteil von ""臆病な"" ist """,勇敢な,1,12,18.25,21.875,3.625
gemma-2-2b,99,val,freq,de,ja,臆病な,"Das Gegenteil von ""臆病な"" ist """,勇敢な,1,91,18.25,12.25,-6.0
gemma-2-2b,99,freq,desc,de,ja,臆病な,"Das Gegenteil von ""臆病な"" ist """,勇敢な,1,10,18.25,17.625,-0.625
gemma-2-2b,99,freq,val,de,ja,臆病な,"Das Gegenteil von ""臆病な"" ist """,勇敢な,1,10,18.25,18.25,0.0
gemma-2-2b,99,freq,freq,de,ja,臆病な,"Das Gegenteil von ""臆病な"" ist """,勇敢な,1,2,18.25,19.125,0.875
gemma-2-2b,0,desc,desc,de,ko,좋은,"Das Gegenteil von ""좋은"" ist """,나쁜,1,1,17.875,17.875,0.0
gemma-2-2b,0,desc,val,de,ko,좋은,"Das Gegenteil von ""좋은"" ist """,나쁜,1,3,17.875,15.8125,-2.0625
gemma-2-2b,0,desc,freq,de,ko,좋은,"Das Gegenteil von ""좋은"" ist """,나쁜,1,0,17.875,11.4375,-6.4375
gemma-2-2b,0,val,desc,de,ko,좋은,"Das Gegenteil von ""좋은"" ist """,나쁜,1,12,17.875,19.625,1.75
gemma-2-2b,0,val,val,de,ko,좋은,"Das Gegenteil von ""좋은"" ist """,나쁜,1,14,17.875,19.625,1.75
gemma-2-2b,0,val,freq,de,ko,좋은,"Das Gegenteil von ""좋은"" ist """,나쁜,1,2,17.875,14.5625,-3.3125
gemma-2-2b,0,freq,desc,de,ko,좋은,"Das Gegenteil von ""좋은"" ist """,나쁜,1,2,17.875,20.25,2.375
gemma-2-2b,0,freq,val,de,ko,좋은,"Das Gegenteil von ""좋은"" ist """,나쁜,1,9,17.875,19.125,1.25
gemma-2-2b,0,freq,freq,de,ko,좋은,"Das Gegenteil von ""좋은"" ist """,나쁜,1,3,17.875,20.25,2.375
gemma-2-2b,1,desc,desc,de,ko,행복한,"Das Gegenteil von ""행복한"" ist """,불행한,0,0,22.0,22.0,0.0
gemma-2-2b,1,desc,val,de,ko,행복한,"Das Gegenteil von ""행복한"" ist """,불행한,0,0,22.0,21.125,-0.875
gemma-2-2b,1,desc,freq,de,ko,행복한,"Das Gegenteil von ""행복한"" ist """,불행한,0,1,22.0,16.125,-5.875
gemma-2-2b,1,val,desc,de,ko,행복한,"Das Gegenteil von ""행복한"" ist """,불행한,0,3,22.0,22.25,0.25
gemma-2-2b,1,val,val,de,ko,행복한,"Das Gegenteil von ""행복한"" ist """,불행한,0,5,22.0,22.375,0.375
gemma-2-2b,1,val,freq,de,ko,행복한,"Das Gegenteil von ""행복한"" ist """,불행한,0,1,22.0,18.625,-3.375
gemma-2-2b,1,freq,desc,de,ko,행복한,"Das Gegenteil von ""행복한"" ist """,불행한,0,3,22.0,21.875,-0.125
gemma-2-2b,1,freq,val,de,ko,행복한,"Das Gegenteil von ""행복한"" ist """,불행한,0,4,22.0,21.625,-0.375
gemma-2-2b,1,freq,freq,de,ko,행복한,"Das Gegenteil von ""행복한"" ist """,불행한,0,3,22.0,21.75,-0.25
gemma-2-2b,2,desc,desc,de,ko,큰,"Das Gegenteil von ""큰"" ist """,작은,0,0,21.125,21.5,0.375
gemma-2-2b,2,desc,val,de,ko,큰,"Das Gegenteil von ""큰"" ist """,작은,0,1,21.125,21.25,0.125
gemma-2-2b,2,desc,freq,de,ko,큰,"Das Gegenteil von ""큰"" ist """,작은,0,1,21.125,16.0,-5.125
gemma-2-2b,2,val,desc,de,ko,큰,"Das Gegenteil von ""큰"" ist """,작은,0,4,21.125,23.125,2.0
gemma-2-2b,2,val,val,de,ko,큰,"Das Gegenteil von ""큰"" ist """,작은,0,4,21.125,23.125,2.0
gemma-2-2b,2,val,freq,de,ko,큰,"Das Gegenteil von ""큰"" ist """,작은,0,3,21.125,19.125,-2.0
gemma-2-2b,2,freq,desc,de,ko,큰,"Das Gegenteil von ""큰"" ist """,작은,0,2,21.125,21.875,0.75
gemma-2-2b,2,freq,val,de,ko,큰,"Das Gegenteil von ""큰"" ist """,작은,0,2,21.125,22.0,0.875
gemma-2-2b,2,freq,freq,de,ko,큰,"Das Gegenteil von ""큰"" ist """,작은,0,2,21.125,22.0,0.875
gemma-2-2b,3,desc,desc,de,ko,더운,"Das Gegenteil von ""더운"" ist """,추운,3,3,17.5,17.5,0.0
gemma-2-2b,3,desc,val,de,ko,더운,"Das Gegenteil von ""더운"" ist """,추운,3,2,17.5,16.625,-0.875
gemma-2-2b,3,desc,freq,de,ko,더운,"Das Gegenteil von ""더운"" ist """,추운,3,3,17.5,10.0,-7.5
gemma-2-2b,3,val,desc,de,ko,더운,"Das Gegenteil von ""더운"" ist """,추운,3,65,17.5,18.875,1.375
gemma-2-2b,3,val,val,de,ko,더운,"Das Gegenteil von ""더운"" ist """,추운,3,67,17.5,19.25,1.75
gemma-2-2b,3,val,freq,de,ko,더운,"Das Gegenteil von ""더운"" ist """,추운,3,24,17.5,13.625,-3.875
gemma-2-2b,3,freq,desc,de,ko,더운,"Das Gegenteil von ""더운"" ist """,추운,3,42,17.5,17.875,0.375
gemma-2-2b,3,freq,val,de,ko,더운,"Das Gegenteil von ""더운"" ist """,추운,3,58,17.5,17.5,0.0
gemma-2-2b,3,freq,freq,de,ko,더운,"Das Gegenteil von ""더운"" ist """,추운,3,42,17.5,17.875,0.375
gemma-2-2b,4,desc,desc,de,ko,빠른,"Das Gegenteil von ""빠른"" ist """,느린,0,0,19.5,19.5,0.0
gemma-2-2b,4,desc,val,de,ko,빠른,"Das Gegenteil von ""빠른"" ist """,느린,0,1,19.5,18.25,-1.25
gemma-2-2b,4,desc,freq,de,ko,빠른,"Das Gegenteil von ""빠른"" ist """,느린,0,1,19.5,12.1875,-7.3125
gemma-2-2b,4,val,desc,de,ko,빠른,"Das Gegenteil von ""빠른"" ist """,느린,0,25,19.5,19.75,0.25
gemma-2-2b,4,val,val,de,ko,빠른,"Das Gegenteil von ""빠른"" ist """,느린,0,23,19.5,20.0,0.5
gemma-2-2b,4,val,freq,de,ko,빠른,"Das Gegenteil von ""빠른"" ist """,느린,0,22,19.5,14.0625,-5.4375
gemma-2-2b,4,freq,desc,de,ko,빠른,"Das Gegenteil von ""빠른"" ist """,느린,0,13,19.5,18.375,-1.125
gemma-2-2b,4,freq,val,de,ko,빠른,"Das Gegenteil von ""빠른"" ist """,느린,0,23,19.5,17.875,-1.625
gemma-2-2b,4,freq,freq,de,ko,빠른,"Das Gegenteil von ""빠른"" ist """,느린,0,12,19.5,18.5,-1.0
gemma-2-2b,5,desc,desc,de,ko,가벼운,"Das Gegenteil von ""가벼운"" ist """,무거운,0,0,19.5,19.5,0.0
gemma-2-2b,5,desc,val,de,ko,가벼운,"Das Gegenteil von ""가벼운"" ist """,무거운,0,1,19.5,18.125,-1.375
gemma-2-2b,5,desc,freq,de,ko,가벼운,"Das Gegenteil von ""가벼운"" ist """,무거운,0,6,19.5,10.9375,-8.5625
gemma-2-2b,5,val,desc,de,ko,가벼운,"Das Gegenteil von ""가벼운"" ist """,무거운,0,22,19.5,21.0,1.5
gemma-2-2b,5,val,val,de,ko,가벼운,"Das Gegenteil von ""가벼운"" ist """,무거운,0,33,19.5,21.125,1.625
gemma-2-2b,5,val,freq,de,ko,가벼운,"Das Gegenteil von ""가벼운"" ist """,무거운,0,17,19.5,14.0625,-5.4375
gemma-2-2b,5,freq,desc,de,ko,가벼운,"Das Gegenteil von ""가벼운"" ist """,무거운,0,14,19.5,19.75,0.25
gemma-2-2b,5,freq,val,de,ko,가벼운,"Das Gegenteil von ""가벼운"" ist """,무거운,0,16,19.5,19.75,0.25
gemma-2-2b,5,freq,freq,de,ko,가벼운,"Das Gegenteil von ""가벼운"" ist """,무거운,0,13,19.5,19.75,0.25
gemma-2-2b,6,desc,desc,de,ko,쉬운,"Das Gegenteil von ""쉬운"" ist """,어려운,0,0,20.75,20.75,0.0
gemma-2-2b,6,desc,val,de,ko,쉬운,"Das Gegenteil von ""쉬운"" ist """,어려운,0,0,20.75,19.0,-1.75
gemma-2-2b,6,desc,freq,de,ko,쉬운,"Das Gegenteil von ""쉬운"" ist """,어려운,0,0,20.75,11.75,-9.0
gemma-2-2b,6,val,desc,de,ko,쉬운,"Das Gegenteil von ""쉬운"" ist """,어려운,0,12,20.75,21.625,0.875
gemma-2-2b,6,val,val,de,ko,쉬운,"Das Gegenteil von ""쉬운"" ist """,어려운,0,13,20.75,21.75,1.0
gemma-2-2b,6,val,freq,de,ko,쉬운,"Das Gegenteil von ""쉬운"" ist """,어려운,0,11,20.75,15.5625,-5.1875
gemma-2-2b,6,freq,desc,de,ko,쉬운,"Das Gegenteil von ""쉬운"" ist """,어려운,0,5,20.75,21.125,0.375
gemma-2-2b,6,freq,val,de,ko,쉬운,"Das Gegenteil von ""쉬운"" ist """,어려운,0,10,20.75,20.375,-0.375
gemma-2-2b,6,freq,freq,de,ko,쉬운,"Das Gegenteil von ""쉬운"" ist """,어려운,0,6,20.75,21.125,0.375
gemma-2-2b,7,desc,desc,de,ko,새로운,"Das Gegenteil von ""새로운"" ist """,오래된,1,1,19.875,20.0,0.125
gemma-2-2b,7,desc,val,de,ko,새로운,"Das Gegenteil von ""새로운"" ist """,오래된,1,0,19.875,17.75,-2.125
gemma-2-2b,7,desc,freq,de,ko,새로운,"Das Gegenteil von ""새로운"" ist """,오래된,1,0,19.875,14.75,-5.125
gemma-2-2b,7,val,desc,de,ko,새로운,"Das Gegenteil von ""새로운"" ist """,오래된,1,59,19.875,19.25,-0.625
gemma-2-2b,7,val,val,de,ko,새로운,"Das Gegenteil von ""새로운"" ist """,오래된,1,75,19.875,19.25,-0.625
gemma-2-2b,7,val,freq,de,ko,새로운,"Das Gegenteil von ""새로운"" ist """,오래된,1,3,19.875,18.25,-1.625
gemma-2-2b,7,freq,desc,de,ko,새로운,"Das Gegenteil von ""새로운"" ist """,오래된,1,6,19.875,20.125,0.25
gemma-2-2b,7,freq,val,de,ko,새로운,"Das Gegenteil von ""새로운"" ist """,오래된,1,16,19.875,19.125,-0.75
gemma-2-2b,7,freq,freq,de,ko,새로운,"Das Gegenteil von ""새로운"" ist """,오래된,1,6,19.875,20.125,0.25
gemma-2-2b,8,desc,desc,de,ko,진실한,"Das Gegenteil von ""진실한"" ist """,거짓의,2,2,20.125,20.125,0.0
gemma-2-2b,8,desc,val,de,ko,진실한,"Das Gegenteil von ""진실한"" ist """,거짓의,2,1,20.125,18.625,-1.5
gemma-2-2b,8,desc,freq,de,ko,진실한,"Das Gegenteil von ""진실한"" ist """,거짓의,2,2,20.125,14.9375,-5.1875
gemma-2-2b,8,val,desc,de,ko,진실한,"Das Gegenteil von ""진실한"" ist """,거짓의,2,40,20.125,20.125,0.0
gemma-2-2b,8,val,val,de,ko,진실한,"Das Gegenteil von ""진실한"" ist """,거짓의,2,42,20.125,20.25,0.125
gemma-2-2b,8,val,freq,de,ko,진실한,"Das Gegenteil von ""진실한"" ist """,거짓의,2,4,20.125,17.875,-2.25
gemma-2-2b,8,freq,desc,de,ko,진실한,"Das Gegenteil von ""진실한"" ist """,거짓의,2,9,20.125,19.875,-0.25
gemma-2-2b,8,freq,val,de,ko,진실한,"Das Gegenteil von ""진실한"" ist """,거짓의,2,15,20.125,19.75,-0.375
gemma-2-2b,8,freq,freq,de,ko,진실한,"Das Gegenteil von ""진실한"" ist """,거짓의,2,8,20.125,20.0,-0.125
gemma-2-2b,9,desc,desc,de,ko,살아있는,"Das Gegenteil von ""살아있는"" ist """,죽은,0,0,22.625,22.625,0.0
gemma-2-2b,9,desc,val,de,ko,살아있는,"Das Gegenteil von ""살아있는"" ist """,죽은,0,0,22.625,22.25,-0.375
gemma-2-2b,9,desc,freq,de,ko,살아있는,"Das Gegenteil von ""살아있는"" ist """,죽은,0,0,22.625,16.0,-6.625
gemma-2-2b,9,val,desc,de,ko,살아있는,"Das Gegenteil von ""살아있는"" ist """,죽은,0,0,22.625,23.875,1.25
gemma-2-2b,9,val,val,de,ko,살아있는,"Das Gegenteil von ""살아있는"" ist """,죽은,0,0,22.625,23.75,1.125
gemma-2-2b,9,val,freq,de,ko,살아있는,"Das Gegenteil von ""살아있는"" ist """,죽은,0,0,22.625,19.5,-3.125
gemma-2-2b,9,freq,desc,de,ko,살아있는,"Das Gegenteil von ""살아있는"" ist """,죽은,0,0,22.625,21.875,-0.75
gemma-2-2b,9,freq,val,de,ko,살아있는,"Das Gegenteil von ""살아있는"" ist """,죽은,0,0,22.625,22.125,-0.5
gemma-2-2b,9,freq,freq,de,ko,살아있는,"Das Gegenteil von ""살아있는"" ist """,죽은,0,0,22.625,21.875,-0.75
gemma-2-2b,10,desc,desc,de,ko,가득 찬,"Das Gegenteil von ""가득 찬"" ist """,빈,0,0,22.125,22.125,0.0
gemma-2-2b,10,desc,val,de,ko,가득 찬,"Das Gegenteil von ""가득 찬"" ist """,빈,0,1,22.125,20.375,-1.75
gemma-2-2b,10,desc,freq,de,ko,가득 찬,"Das Gegenteil von ""가득 찬"" ist """,빈,0,3,22.125,16.625,-5.5
gemma-2-2b,10,val,desc,de,ko,가득 찬,"Das Gegenteil von ""가득 찬"" ist """,빈,0,17,22.125,22.875,0.75
gemma-2-2b,10,val,val,de,ko,가득 찬,"Das Gegenteil von ""가득 찬"" ist """,빈,0,18,22.125,22.875,0.75
gemma-2-2b,10,val,freq,de,ko,가득 찬,"Das Gegenteil von ""가득 찬"" ist """,빈,0,18,22.125,20.0,-2.125
gemma-2-2b,10,freq,desc,de,ko,가득 찬,"Das Gegenteil von ""가득 찬"" ist """,빈,0,8,22.125,21.875,-0.25
gemma-2-2b,10,freq,val,de,ko,가득 찬,"Das Gegenteil von ""가득 찬"" ist """,빈,0,14,22.125,21.5,-0.625
gemma-2-2b,10,freq,freq,de,ko,가득 찬,"Das Gegenteil von ""가득 찬"" ist """,빈,0,8,22.125,21.875,-0.25
gemma-2-2b,11,desc,desc,de,ko,밝은,"Das Gegenteil von ""밝은"" ist """,어두운,0,0,19.75,19.75,0.0
gemma-2-2b,11,desc,val,de,ko,밝은,"Das Gegenteil von ""밝은"" ist """,어두운,0,0,19.75,18.875,-0.875
gemma-2-2b,11,desc,freq,de,ko,밝은,"Das Gegenteil von ""밝은"" ist """,어두운,0,1,19.75,11.8125,-7.9375
gemma-2-2b,11,val,desc,de,ko,밝은,"Das Gegenteil von ""밝은"" ist """,어두운,0,12,19.75,20.875,1.125
gemma-2-2b,11,val,val,de,ko,밝은,"Das Gegenteil von ""밝은"" ist """,어두운,0,14,19.75,20.875,1.125
gemma-2-2b,11,val,freq,de,ko,밝은,"Das Gegenteil von ""밝은"" ist """,어두운,0,12,19.75,14.0625,-5.6875
gemma-2-2b,11,freq,desc,de,ko,밝은,"Das Gegenteil von ""밝은"" ist """,어두운,0,3,19.75,19.875,0.125
gemma-2-2b,11,freq,val,de,ko,밝은,"Das Gegenteil von ""밝은"" ist """,어두운,0,5,19.75,19.625,-0.125
gemma-2-2b,11,freq,freq,de,ko,밝은,"Das Gegenteil von ""밝은"" ist """,어두운,0,4,19.75,19.875,0.125
gemma-2-2b,12,desc,desc,de,ko,강한,"Das Gegenteil von ""강한"" ist """,약한,0,0,19.5,19.75,0.25
gemma-2-2b,12,desc,val,de,ko,강한,"Das Gegenteil von ""강한"" ist """,약한,0,1,19.5,18.375,-1.125
gemma-2-2b,12,desc,freq,de,ko,강한,"Das Gegenteil von ""강한"" ist """,약한,0,1,19.5,13.1875,-6.3125
gemma-2-2b,12,val,desc,de,ko,강한,"Das Gegenteil von ""강한"" ist """,약한,0,23,19.5,20.0,0.5
gemma-2-2b,12,val,val,de,ko,강한,"Das Gegenteil von ""강한"" ist """,약한,0,23,19.5,20.25,0.75
gemma-2-2b,12,val,freq,de,ko,강한,"Das Gegenteil von ""강한"" ist """,약한,0,4,19.5,17.625,-1.875
gemma-2-2b,12,freq,desc,de,ko,강한,"Das Gegenteil von ""강한"" ist """,약한,0,23,19.5,18.125,-1.375
gemma-2-2b,12,freq,val,de,ko,강한,"Das Gegenteil von ""강한"" ist """,약한,0,22,19.5,18.375,-1.125
gemma-2-2b,12,freq,freq,de,ko,강한,"Das Gegenteil von ""강한"" ist """,약한,0,21,19.5,18.125,-1.375
gemma-2-2b,13,desc,desc,de,ko,깨끗한,"Das Gegenteil von ""깨끗한"" ist """,더러운,23,25,18.0,17.875,-0.125
gemma-2-2b,13,desc,val,de,ko,깨끗한,"Das Gegenteil von ""깨끗한"" ist """,더러운,23,22,18.0,16.375,-1.625
gemma-2-2b,13,desc,freq,de,ko,깨끗한,"Das Gegenteil von ""깨끗한"" ist """,더러운,23,43,18.0,10.0625,-7.9375
gemma-2-2b,13,val,desc,de,ko,깨끗한,"Das Gegenteil von ""깨끗한"" ist """,더러운,23,130,18.0,19.5,1.5
gemma-2-2b,13,val,val,de,ko,깨끗한,"Das Gegenteil von ""깨끗한"" ist """,더러운,23,152,18.0,19.75,1.75
gemma-2-2b,13,val,freq,de,ko,깨끗한,"Das Gegenteil von ""깨끗한"" ist """,더러운,23,231,18.0,12.8125,-5.1875
gemma-2-2b,13,freq,desc,de,ko,깨끗한,"Das Gegenteil von ""깨끗한"" ist """,더러운,23,24,18.0,19.75,1.75
gemma-2-2b,13,freq,val,de,ko,깨끗한,"Das Gegenteil von ""깨끗한"" ist """,더러운,23,48,18.0,19.0,1.0
gemma-2-2b,13,freq,freq,de,ko,깨끗한,"Das Gegenteil von ""깨끗한"" ist """,더러운,23,29,18.0,19.625,1.625
gemma-2-2b,14,desc,desc,de,ko,열린,"Das Gegenteil von ""열린"" ist """,닫힌,0,0,21.0,21.0,0.0
gemma-2-2b,14,desc,val,de,ko,열린,"Das Gegenteil von ""열린"" ist """,닫힌,0,3,21.0,17.75,-3.25
gemma-2-2b,14,desc,freq,de,ko,열린,"Das Gegenteil von ""열린"" ist """,닫힌,0,3,21.0,9.8125,-11.1875
gemma-2-2b,14,val,desc,de,ko,열린,"Das Gegenteil von ""열린"" ist """,닫힌,0,12,21.0,21.75,0.75
gemma-2-2b,14,val,val,de,ko,열린,"Das Gegenteil von ""열린"" ist """,닫힌,0,12,21.0,21.875,0.875
gemma-2-2b,14,val,freq,de,ko,열린,"Das Gegenteil von ""열린"" ist """,닫힌,0,6,21.0,17.375,-3.625
gemma-2-2b,14,freq,desc,de,ko,열린,"Das Gegenteil von ""열린"" ist """,닫힌,0,46,21.0,18.25,-2.75
gemma-2-2b,14,freq,val,de,ko,열린,"Das Gegenteil von ""열린"" ist """,닫힌,0,47,21.0,18.0,-3.0
gemma-2-2b,14,freq,freq,de,ko,열린,"Das Gegenteil von ""열린"" ist """,닫힌,0,47,21.0,18.25,-2.75
gemma-2-2b,15,desc,desc,de,ko,부유한,"Das Gegenteil von ""부유한"" ist """,가난한,4,4,19.0,19.0,0.0
gemma-2-2b,15,desc,val,de,ko,부유한,"Das Gegenteil von ""부유한"" ist """,가난한,4,7,19.0,17.5,-1.5
gemma-2-2b,15,desc,freq,de,ko,부유한,"Das Gegenteil von ""부유한"" ist """,가난한,4,5,19.0,13.8125,-5.1875
gemma-2-2b,15,val,desc,de,ko,부유한,"Das Gegenteil von ""부유한"" ist """,가난한,4,49,19.0,19.75,0.75
gemma-2-2b,15,val,val,de,ko,부유한,"Das Gegenteil von ""부유한"" ist """,가난한,4,68,19.0,19.625,0.625
gemma-2-2b,15,val,freq,de,ko,부유한,"Das Gegenteil von ""부유한"" ist """,가난한,4,39,19.0,15.6875,-3.3125
gemma-2-2b,15,freq,desc,de,ko,부유한,"Das Gegenteil von ""부유한"" ist """,가난한,4,8,19.0,20.25,1.25
gemma-2-2b,15,freq,val,de,ko,부유한,"Das Gegenteil von ""부유한"" ist """,가난한,4,23,19.0,18.875,-0.125
gemma-2-2b,15,freq,freq,de,ko,부유한,"Das Gegenteil von ""부유한"" ist """,가난한,4,8,19.0,20.125,1.125
gemma-2-2b,16,desc,desc,de,ko,아름다운,"Das Gegenteil von ""아름다운"" ist """,못생긴,43,42,16.875,16.875,0.0
gemma-2-2b,16,desc,val,de,ko,아름다운,"Das Gegenteil von ""아름다운"" ist """,못생긴,43,27,16.875,15.5625,-1.3125
gemma-2-2b,16,desc,freq,de,ko,아름다운,"Das Gegenteil von ""아름다운"" ist """,못생긴,43,21,16.875,10.5,-6.375
gemma-2-2b,16,val,desc,de,ko,아름다운,"Das Gegenteil von ""아름다운"" ist """,못생긴,43,171,16.875,17.75,0.875
gemma-2-2b,16,val,val,de,ko,아름다운,"Das Gegenteil von ""아름다운"" ist """,못생긴,43,222,16.875,17.75,0.875
gemma-2-2b,16,val,freq,de,ko,아름다운,"Das Gegenteil von ""아름다운"" ist """,못생긴,43,170,16.875,11.625,-5.25
gemma-2-2b,16,freq,desc,de,ko,아름다운,"Das Gegenteil von ""아름다운"" ist """,못생긴,43,346,16.875,16.125,-0.75
gemma-2-2b,16,freq,val,de,ko,아름다운,"Das Gegenteil von ""아름다운"" ist """,못생긴,43,404,16.875,15.25,-1.625
gemma-2-2b,16,freq,freq,de,ko,아름다운,"Das Gegenteil von ""아름다운"" ist """,못생긴,43,349,16.875,16.125,-0.75
gemma-2-2b,17,desc,desc,de,ko,긴,"Das Gegenteil von ""긴"" ist """,짧은,0,0,22.5,22.625,0.125
gemma-2-2b,17,desc,val,de,ko,긴,"Das Gegenteil von ""긴"" ist """,짧은,0,1,22.5,19.625,-2.875
gemma-2-2b,17,desc,freq,de,ko,긴,"Das Gegenteil von ""긴"" ist """,짧은,0,2,22.5,14.6875,-7.8125
gemma-2-2b,17,val,desc,de,ko,긴,"Das Gegenteil von ""긴"" ist """,짧은,0,5,22.5,23.5,1.0
gemma-2-2b,17,val,val,de,ko,긴,"Das Gegenteil von ""긴"" ist """,짧은,0,7,22.5,23.5,1.0
gemma-2-2b,17,val,freq,de,ko,긴,"Das Gegenteil von ""긴"" ist """,짧은,0,8,22.5,20.75,-1.75
gemma-2-2b,17,freq,desc,de,ko,긴,"Das Gegenteil von ""긴"" ist """,짧은,0,4,22.5,21.75,-0.75
gemma-2-2b,17,freq,val,de,ko,긴,"Das Gegenteil von ""긴"" ist """,짧은,0,5,22.5,21.75,-0.75
gemma-2-2b,17,freq,freq,de,ko,긴,"Das Gegenteil von ""긴"" ist """,짧은,0,3,22.5,21.875,-0.625
gemma-2-2b,18,desc,desc,de,ko,넓은,"Das Gegenteil von ""넓은"" ist """,좁은,0,0,23.0,23.0,0.0
gemma-2-2b,18,desc,val,de,ko,넓은,"Das Gegenteil von ""넓은"" ist """,좁은,0,3,23.0,19.125,-3.875
gemma-2-2b,18,desc,freq,de,ko,넓은,"Das Gegenteil von ""넓은"" ist """,좁은,0,5,23.0,14.3125,-8.6875
gemma-2-2b,18,val,desc,de,ko,넓은,"Das Gegenteil von ""넓은"" ist """,좁은,0,9,23.0,22.25,-0.75
gemma-2-2b,18,val,val,de,ko,넓은,"Das Gegenteil von ""넓은"" ist """,좁은,0,15,23.0,22.375,-0.625
gemma-2-2b,18,val,freq,de,ko,넓은,"Das Gegenteil von ""넓은"" ist """,좁은,0,7,23.0,20.0,-3.0
gemma-2-2b,18,freq,desc,de,ko,넓은,"Das Gegenteil von ""넓은"" ist """,좁은,0,11,23.0,20.625,-2.375
gemma-2-2b,18,freq,val,de,ko,넓은,"Das Gegenteil von ""넓은"" ist """,좁은,0,9,23.0,20.875,-2.125
gemma-2-2b,18,freq,freq,de,ko,넓은,"Das Gegenteil von ""넓은"" ist """,좁은,0,11,23.0,20.875,-2.125
gemma-2-2b,19,desc,desc,de,ko,딱딱한,"Das Gegenteil von ""딱딱한"" ist """,부드러운,1,1,18.875,19.0,0.125
gemma-2-2b,19,desc,val,de,ko,딱딱한,"Das Gegenteil von ""딱딱한"" ist """,부드러운,1,9,18.875,17.0,-1.875
gemma-2-2b,19,desc,freq,de,ko,딱딱한,"Das Gegenteil von ""딱딱한"" ist """,부드러운,1,7,18.875,11.8125,-7.0625
gemma-2-2b,19,val,desc,de,ko,딱딱한,"Das Gegenteil von ""딱딱한"" ist """,부드러운,1,423,18.875,16.75,-2.125
gemma-2-2b,19,val,val,de,ko,딱딱한,"Das Gegenteil von ""딱딱한"" ist """,부드러운,1,594,18.875,16.5,-2.375
gemma-2-2b,19,val,freq,de,ko,딱딱한,"Das Gegenteil von ""딱딱한"" ist """,부드러운,1,172,18.875,13.125,-5.75
gemma-2-2b,19,freq,desc,de,ko,딱딱한,"Das Gegenteil von ""딱딱한"" ist """,부드러운,1,43,18.875,17.875,-1.0
gemma-2-2b,19,freq,val,de,ko,딱딱한,"Das Gegenteil von ""딱딱한"" ist """,부드러운,1,98,18.875,16.875,-2.0
gemma-2-2b,19,freq,freq,de,ko,딱딱한,"Das Gegenteil von ""딱딱한"" ist """,부드러운,1,56,18.875,17.75,-1.125
gemma-2-2b,20,desc,desc,de,ko,마른,"Das Gegenteil von ""마른"" ist """,젖은,47,45,17.125,17.125,0.0
gemma-2-2b,20,desc,val,de,ko,마른,"Das Gegenteil von ""마른"" ist """,젖은,47,308,17.125,13.3125,-3.8125
gemma-2-2b,20,desc,freq,de,ko,마른,"Das Gegenteil von ""마른"" ist """,젖은,47,513,17.125,6.9375,-10.1875
gemma-2-2b,20,val,desc,de,ko,마른,"Das Gegenteil von ""마른"" ist """,젖은,47,1057,17.125,16.25,-0.875
gemma-2-2b,20,val,val,de,ko,마른,"Das Gegenteil von ""마른"" ist """,젖은,47,1030,17.125,16.5,-0.625
gemma-2-2b,20,val,freq,de,ko,마른,"Das Gegenteil von ""마른"" ist """,젖은,47,1364,17.125,11.1875,-5.9375
gemma-2-2b,20,freq,desc,de,ko,마른,"Das Gegenteil von ""마른"" ist """,젖은,47,1020,17.125,15.25,-1.875
gemma-2-2b,20,freq,val,de,ko,마른,"Das Gegenteil von ""마른"" ist """,젖은,47,878,17.125,14.875,-2.25
gemma-2-2b,20,freq,freq,de,ko,마른,"Das Gegenteil von ""마른"" ist """,젖은,47,977,17.125,15.375,-1.75
gemma-2-2b,21,desc,desc,de,ko,시끄러운,"Das Gegenteil von ""시끄러운"" ist """,조용한,2,2,18.875,18.875,0.0
gemma-2-2b,21,desc,val,de,ko,시끄러운,"Das Gegenteil von ""시끄러운"" ist """,조용한,2,10,18.875,16.25,-2.625
gemma-2-2b,21,desc,freq,de,ko,시끄러운,"Das Gegenteil von ""시끄러운"" ist """,조용한,2,26,18.875,7.90625,-10.96875
gemma-2-2b,21,val,desc,de,ko,시끄러운,"Das Gegenteil von ""시끄러운"" ist """,조용한,2,107,18.875,18.75,-0.125
gemma-2-2b,21,val,val,de,ko,시끄러운,"Das Gegenteil von ""시끄러운"" ist """,조용한,2,132,18.875,18.75,-0.125
gemma-2-2b,21,val,freq,de,ko,시끄러운,"Das Gegenteil von ""시끄러운"" ist """,조용한,2,197,18.875,11.25,-7.625
gemma-2-2b,21,freq,desc,de,ko,시끄러운,"Das Gegenteil von ""시끄러운"" ist """,조용한,2,29,18.875,19.125,0.25
gemma-2-2b,21,freq,val,de,ko,시끄러운,"Das Gegenteil von ""시끄러운"" ist """,조용한,2,70,18.875,17.75,-1.125
gemma-2-2b,21,freq,freq,de,ko,시끄러운,"Das Gegenteil von ""시끄러운"" ist """,조용한,2,33,18.875,18.875,0.0
gemma-2-2b,22,desc,desc,de,ko,이른,"Das Gegenteil von ""이른"" ist """,늦은,0,0,22.375,22.375,0.0
gemma-2-2b,22,desc,val,de,ko,이른,"Das Gegenteil von ""이른"" ist """,늦은,0,0,22.375,19.5,-2.875
gemma-2-2b,22,desc,freq,de,ko,이른,"Das Gegenteil von ""이른"" ist """,늦은,0,3,22.375,11.3125,-11.0625
gemma-2-2b,22,val,desc,de,ko,이른,"Das Gegenteil von ""이른"" ist """,늦은,0,2,22.375,23.125,0.75
gemma-2-2b,22,val,val,de,ko,이른,"Das Gegenteil von ""이른"" ist """,늦은,0,1,22.375,23.5,1.125
gemma-2-2b,22,val,freq,de,ko,이른,"Das Gegenteil von ""이른"" ist """,늦은,0,3,22.375,16.75,-5.625
gemma-2-2b,22,freq,desc,de,ko,이른,"Das Gegenteil von ""이른"" ist """,늦은,0,1,22.375,21.625,-0.75
gemma-2-2b,22,freq,val,de,ko,이른,"Das Gegenteil von ""이른"" ist """,늦은,0,3,22.375,21.625,-0.75
gemma-2-2b,22,freq,freq,de,ko,이른,"Das Gegenteil von ""이른"" ist """,늦은,0,1,22.375,21.625,-0.75
gemma-2-2b,23,desc,desc,de,ko,가까운,"Das Gegenteil von ""가까운"" ist """,먼,0,0,21.125,21.125,0.0
gemma-2-2b,23,desc,val,de,ko,가까운,"Das Gegenteil von ""가까운"" ist """,먼,0,0,21.125,18.75,-2.375
gemma-2-2b,23,desc,freq,de,ko,가까운,"Das Gegenteil von ""가까운"" ist """,먼,0,0,21.125,13.625,-7.5
gemma-2-2b,23,val,desc,de,ko,가까운,"Das Gegenteil von ""가까운"" ist """,먼,0,18,21.125,21.25,0.125
gemma-2-2b,23,val,val,de,ko,가까운,"Das Gegenteil von ""가까운"" ist """,먼,0,22,21.125,21.375,0.25
gemma-2-2b,23,val,freq,de,ko,가까운,"Das Gegenteil von ""가까운"" ist """,먼,0,1,21.125,17.375,-3.75
gemma-2-2b,23,freq,desc,de,ko,가까운,"Das Gegenteil von ""가까운"" ist """,먼,0,5,21.125,20.875,-0.25
gemma-2-2b,23,freq,val,de,ko,가까운,"Das Gegenteil von ""가까운"" ist """,먼,0,11,21.125,20.0,-1.125
gemma-2-2b,23,freq,freq,de,ko,가까운,"Das Gegenteil von ""가까운"" ist """,먼,0,5,21.125,20.875,-0.25
gemma-2-2b,24,desc,desc,de,ko,깊은,"Das Gegenteil von ""깊은"" ist """,얕은,1,1,22.875,22.875,0.0
gemma-2-2b,24,desc,val,de,ko,깊은,"Das Gegenteil von ""깊은"" ist """,얕은,1,3,22.875,20.875,-2.0
gemma-2-2b,24,desc,freq,de,ko,깊은,"Das Gegenteil von ""깊은"" ist """,얕은,1,1,22.875,18.5,-4.375
gemma-2-2b,24,val,desc,de,ko,깊은,"Das Gegenteil von ""깊은"" ist """,얕은,1,9,22.875,22.875,0.0
gemma-2-2b,24,val,val,de,ko,깊은,"Das Gegenteil von ""깊은"" ist """,얕은,1,9,22.875,23.125,0.25
gemma-2-2b,24,val,freq,de,ko,깊은,"Das Gegenteil von ""깊은"" ist """,얕은,1,4,22.875,22.0,-0.875
gemma-2-2b,24,freq,desc,de,ko,깊은,"Das Gegenteil von ""깊은"" ist """,얕은,1,7,22.875,21.5,-1.375
gemma-2-2b,24,freq,val,de,ko,깊은,"Das Gegenteil von ""깊은"" ist """,얕은,1,8,22.875,21.375,-1.5
gemma-2-2b,24,freq,freq,de,ko,깊은,"Das Gegenteil von ""깊은"" ist """,얕은,1,8,22.875,21.5,-1.375
gemma-2-2b,25,desc,desc,de,ko,나쁜,"Das Gegenteil von ""나쁜"" ist """,좋은,0,0,21.875,21.875,0.0
gemma-2-2b,25,desc,val,de,ko,나쁜,"Das Gegenteil von ""나쁜"" ist """,좋은,0,0,21.875,20.125,-1.75
gemma-2-2b,25,desc,freq,de,ko,나쁜,"Das Gegenteil von ""나쁜"" ist """,좋은,0,1,21.875,10.75,-11.125
gemma-2-2b,25,val,desc,de,ko,나쁜,"Das Gegenteil von ""나쁜"" ist """,좋은,0,1,21.875,22.625,0.75
gemma-2-2b,25,val,val,de,ko,나쁜,"Das Gegenteil von ""나쁜"" ist """,좋은,0,2,21.875,23.0,1.125
gemma-2-2b,25,val,freq,de,ko,나쁜,"Das Gegenteil von ""나쁜"" ist """,좋은,0,5,21.875,13.1875,-8.6875
gemma-2-2b,25,freq,desc,de,ko,나쁜,"Das Gegenteil von ""나쁜"" ist """,좋은,0,1,21.875,21.25,-0.625
gemma-2-2b,25,freq,val,de,ko,나쁜,"Das Gegenteil von ""나쁜"" ist """,좋은,0,3,21.875,21.0,-0.875
gemma-2-2b,25,freq,freq,de,ko,나쁜,"Das Gegenteil von ""나쁜"" ist """,좋은,0,1,21.875,21.25,-0.625
gemma-2-2b,26,desc,desc,de,ko,슬픈,"Das Gegenteil von ""슬픈"" ist """,행복한,0,0,21.125,21.125,0.0
gemma-2-2b,26,desc,val,de,ko,슬픈,"Das Gegenteil von ""슬픈"" ist """,행복한,0,0,21.125,20.375,-0.75
gemma-2-2b,26,desc,freq,de,ko,슬픈,"Das Gegenteil von ""슬픈"" ist """,행복한,0,0,21.125,16.75,-4.375
gemma-2-2b,26,val,desc,de,ko,슬픈,"Das Gegenteil von ""슬픈"" ist """,행복한,0,6,21.125,22.25,1.125
gemma-2-2b,26,val,val,de,ko,슬픈,"Das Gegenteil von ""슬픈"" ist """,행복한,0,12,21.125,21.875,0.75
gemma-2-2b,26,val,freq,de,ko,슬픈,"Das Gegenteil von ""슬픈"" ist """,행복한,0,1,21.125,19.875,-1.25
gemma-2-2b,26,freq,desc,de,ko,슬픈,"Das Gegenteil von ""슬픈"" ist """,행복한,0,5,21.125,20.75,-0.375
gemma-2-2b,26,freq,val,de,ko,슬픈,"Das Gegenteil von ""슬픈"" ist """,행복한,0,7,21.125,20.75,-0.375
gemma-2-2b,26,freq,freq,de,ko,슬픈,"Das Gegenteil von ""슬픈"" ist """,행복한,0,4,21.125,20.625,-0.5
gemma-2-2b,27,desc,desc,de,ko,작은,"Das Gegenteil von ""작은"" ist """,큰,0,0,20.0,20.125,0.125
gemma-2-2b,27,desc,val,de,ko,작은,"Das Gegenteil von ""작은"" ist """,큰,0,0,20.0,19.25,-0.75
gemma-2-2b,27,desc,freq,de,ko,작은,"Das Gegenteil von ""작은"" ist """,큰,0,2,20.0,12.4375,-7.5625
gemma-2-2b,27,val,desc,de,ko,작은,"Das Gegenteil von ""작은"" ist """,큰,0,1,20.0,22.875,2.875
gemma-2-2b,27,val,val,de,ko,작은,"Das Gegenteil von ""작은"" ist """,큰,0,2,20.0,23.125,3.125
gemma-2-2b,27,val,freq,de,ko,작은,"Das Gegenteil von ""작은"" ist """,큰,0,2,20.0,17.25,-2.75
gemma-2-2b,27,freq,desc,de,ko,작은,"Das Gegenteil von ""작은"" ist """,큰,0,4,20.0,20.375,0.375
gemma-2-2b,27,freq,val,de,ko,작은,"Das Gegenteil von ""작은"" ist """,큰,0,4,20.0,21.0,1.0
gemma-2-2b,27,freq,freq,de,ko,작은,"Das Gegenteil von ""작은"" ist """,큰,0,2,20.0,20.5,0.5
gemma-2-2b,28,desc,desc,de,ko,추운,"Das Gegenteil von ""추운"" ist """,따뜻한,0,0,18.875,18.75,-0.125
gemma-2-2b,28,desc,val,de,ko,추운,"Das Gegenteil von ""추운"" ist """,따뜻한,0,2,18.875,17.0,-1.875
gemma-2-2b,28,desc,freq,de,ko,추운,"Das Gegenteil von ""추운"" ist """,따뜻한,0,0,18.875,10.6875,-8.1875
gemma-2-2b,28,val,desc,de,ko,추운,"Das Gegenteil von ""추운"" ist """,따뜻한,0,33,18.875,18.875,0.0
gemma-2-2b,28,val,val,de,ko,추운,"Das Gegenteil von ""추운"" ist """,따뜻한,0,34,18.875,19.25,0.375
gemma-2-2b,28,val,freq,de,ko,추운,"Das Gegenteil von ""추운"" ist """,따뜻한,0,20,18.875,13.5625,-5.3125
gemma-2-2b,28,freq,desc,de,ko,추운,"Das Gegenteil von ""추운"" ist """,따뜻한,0,8,18.875,18.875,0.0
gemma-2-2b,28,freq,val,de,ko,추운,"Das Gegenteil von ""추운"" ist """,따뜻한,0,18,18.875,18.0,-0.875
gemma-2-2b,28,freq,freq,de,ko,추운,"Das Gegenteil von ""추운"" ist """,따뜻한,0,7,18.875,19.125,0.25
gemma-2-2b,29,desc,desc,de,ko,느린,"Das Gegenteil von ""느린"" ist """,빠른,0,0,21.375,21.375,0.0
gemma-2-2b,29,desc,val,de,ko,느린,"Das Gegenteil von ""느린"" ist """,빠른,0,0,21.375,20.75,-0.625
gemma-2-2b,29,desc,freq,de,ko,느린,"Das Gegenteil von ""느린"" ist """,빠른,0,1,21.375,14.3125,-7.0625
gemma-2-2b,29,val,desc,de,ko,느린,"Das Gegenteil von ""느린"" ist """,빠른,0,1,21.375,23.75,2.375
gemma-2-2b,29,val,val,de,ko,느린,"Das Gegenteil von ""느린"" ist """,빠른,0,0,21.375,24.0,2.625
gemma-2-2b,29,val,freq,de,ko,느린,"Das Gegenteil von ""느린"" ist """,빠른,0,0,21.375,19.875,-1.5
gemma-2-2b,29,freq,desc,de,ko,느린,"Das Gegenteil von ""느린"" ist """,빠른,0,0,21.375,21.875,0.5
gemma-2-2b,29,freq,val,de,ko,느린,"Das Gegenteil von ""느린"" ist """,빠른,0,0,21.375,22.5,1.125
gemma-2-2b,29,freq,freq,de,ko,느린,"Das Gegenteil von ""느린"" ist """,빠른,0,0,21.375,22.0,0.625
gemma-2-2b,30,desc,desc,de,ko,무거운,"Das Gegenteil von ""무거운"" ist """,가벼운,5,5,19.75,19.75,0.0
gemma-2-2b,30,desc,val,de,ko,무거운,"Das Gegenteil von ""무거운"" ist """,가벼운,5,8,19.75,18.25,-1.5
gemma-2-2b,30,desc,freq,de,ko,무거운,"Das Gegenteil von ""무거운"" ist """,가벼운,5,16,19.75,14.4375,-5.3125
gemma-2-2b,30,val,desc,de,ko,무거운,"Das Gegenteil von ""무거운"" ist """,가벼운,5,219,19.75,18.75,-1.0
gemma-2-2b,30,val,val,de,ko,무거운,"Das Gegenteil von ""무거운"" ist """,가벼운,5,265,19.75,18.75,-1.0
gemma-2-2b,30,val,freq,de,ko,무거운,"Das Gegenteil von ""무거운"" ist """,가벼운,5,254,19.75,15.6875,-4.0625
gemma-2-2b,30,freq,desc,de,ko,무거운,"Das Gegenteil von ""무거운"" ist """,가벼운,5,37,19.75,20.0,0.25
gemma-2-2b,30,freq,val,de,ko,무거운,"Das Gegenteil von ""무거운"" ist """,가벼운,5,72,19.75,18.75,-1.0
gemma-2-2b,30,freq,freq,de,ko,무거운,"Das Gegenteil von ""무거운"" ist """,가벼운,5,36,19.75,20.0,0.25
gemma-2-2b,31,desc,desc,de,ko,어려운,"Das Gegenteil von ""어려운"" ist """,쉬운,0,0,20.375,20.375,0.0
gemma-2-2b,31,desc,val,de,ko,어려운,"Das Gegenteil von ""어려운"" ist """,쉬운,0,0,20.375,18.75,-1.625
gemma-2-2b,31,desc,freq,de,ko,어려운,"Das Gegenteil von ""어려운"" ist """,쉬운,0,0,20.375,13.1875,-7.1875
gemma-2-2b,31,val,desc,de,ko,어려운,"Das Gegenteil von ""어려운"" ist """,쉬운,0,2,20.375,22.125,1.75
gemma-2-2b,31,val,val,de,ko,어려운,"Das Gegenteil von ""어려운"" ist """,쉬운,0,2,20.375,22.375,2.0
gemma-2-2b,31,val,freq,de,ko,어려운,"Das Gegenteil von ""어려운"" ist """,쉬운,0,0,20.375,18.125,-2.25
gemma-2-2b,31,freq,desc,de,ko,어려운,"Das Gegenteil von ""어려운"" ist """,쉬운,0,6,20.375,19.75,-0.625
gemma-2-2b,31,freq,val,de,ko,어려운,"Das Gegenteil von ""어려운"" ist """,쉬운,0,7,20.375,19.75,-0.625
gemma-2-2b,31,freq,freq,de,ko,어려운,"Das Gegenteil von ""어려운"" ist """,쉬운,0,6,20.375,19.875,-0.5
gemma-2-2b,32,desc,desc,de,ko,오래된,"Das Gegenteil von ""오래된"" ist """,새로운,0,0,23.5,23.5,0.0
gemma-2-2b,32,desc,val,de,ko,오래된,"Das Gegenteil von ""오래된"" ist """,새로운,0,0,23.5,20.875,-2.625
gemma-2-2b,32,desc,freq,de,ko,오래된,"Das Gegenteil von ""오래된"" ist """,새로운,0,0,23.5,16.5,-7.0
gemma-2-2b,32,val,desc,de,ko,오래된,"Das Gegenteil von ""오래된"" ist """,새로운,0,3,23.5,23.5,0.0
gemma-2-2b,32,val,val,de,ko,오래된,"Das Gegenteil von ""오래된"" ist """,새로운,0,3,23.5,23.5,0.0
gemma-2-2b,32,val,freq,de,ko,오래된,"Das Gegenteil von ""오래된"" ist """,새로운,0,0,23.5,21.125,-2.375
gemma-2-2b,32,freq,desc,de,ko,오래된,"Das Gegenteil von ""오래된"" ist """,새로운,0,1,23.5,23.125,-0.375
gemma-2-2b,32,freq,val,de,ko,오래된,"Das Gegenteil von ""오래된"" ist """,새로운,0,3,23.5,22.875,-0.625
gemma-2-2b,32,freq,freq,de,ko,오래된,"Das Gegenteil von ""오래된"" ist """,새로운,0,0,23.5,23.125,-0.375
gemma-2-2b,33,desc,desc,de,ko,거짓의,"Das Gegenteil von ""거짓의"" ist """,진실한,0,0,22.0,22.0,0.0
gemma-2-2b,33,desc,val,de,ko,거짓의,"Das Gegenteil von ""거짓의"" ist """,진실한,0,1,22.0,19.625,-2.375
gemma-2-2b,33,desc,freq,de,ko,거짓의,"Das Gegenteil von ""거짓의"" ist """,진실한,0,1,22.0,15.375,-6.625
gemma-2-2b,33,val,desc,de,ko,거짓의,"Das Gegenteil von ""거짓의"" ist """,진실한,0,1,22.0,22.875,0.875
gemma-2-2b,33,val,val,de,ko,거짓의,"Das Gegenteil von ""거짓의"" ist """,진실한,0,1,22.0,23.125,1.125
gemma-2-2b,33,val,freq,de,ko,거짓의,"Das Gegenteil von ""거짓의"" ist """,진실한,0,0,22.0,20.25,-1.75
gemma-2-2b,33,freq,desc,de,ko,거짓의,"Das Gegenteil von ""거짓의"" ist """,진실한,0,0,22.0,21.5,-0.5
gemma-2-2b,33,freq,val,de,ko,거짓의,"Das Gegenteil von ""거짓의"" ist """,진실한,0,0,22.0,21.375,-0.625
gemma-2-2b,33,freq,freq,de,ko,거짓의,"Das Gegenteil von ""거짓의"" ist """,진실한,0,0,22.0,21.5,-0.5
gemma-2-2b,34,desc,desc,de,ko,죽은,"Das Gegenteil von ""죽은"" ist """,살아있는,0,0,23.125,23.125,0.0
gemma-2-2b,34,desc,val,de,ko,죽은,"Das Gegenteil von ""죽은"" ist """,살아있는,0,0,23.125,21.875,-1.25
gemma-2-2b,34,desc,freq,de,ko,죽은,"Das Gegenteil von ""죽은"" ist """,살아있는,0,0,23.125,16.75,-6.375
gemma-2-2b,34,val,desc,de,ko,죽은,"Das Gegenteil von ""죽은"" ist """,살아있는,0,4,23.125,23.125,0.0
gemma-2-2b,34,val,val,de,ko,죽은,"Das Gegenteil von ""죽은"" ist """,살아있는,0,6,23.125,23.25,0.125
gemma-2-2b,34,val,freq,de,ko,죽은,"Das Gegenteil von ""죽은"" ist """,살아있는,0,1,23.125,20.125,-3.0
gemma-2-2b,34,freq,desc,de,ko,죽은,"Das Gegenteil von ""죽은"" ist """,살아있는,0,3,23.125,21.625,-1.5
gemma-2-2b,34,freq,val,de,ko,죽은,"Das Gegenteil von ""죽은"" ist """,살아있는,0,7,23.125,21.5,-1.625
gemma-2-2b,34,freq,freq,de,ko,죽은,"Das Gegenteil von ""죽은"" ist """,살아있는,0,5,23.125,21.5,-1.625
gemma-2-2b,35,desc,desc,de,ko,빈,"Das Gegenteil von ""빈"" ist """,가득 찬,16,12,20.75,20.875,0.125
gemma-2-2b,35,desc,val,de,ko,빈,"Das Gegenteil von ""빈"" ist """,가득 찬,16,18,20.75,19.125,-1.625
gemma-2-2b,35,desc,freq,de,ko,빈,"Das Gegenteil von ""빈"" ist """,가득 찬,16,43,20.75,14.125,-6.625
gemma-2-2b,35,val,desc,de,ko,빈,"Das Gegenteil von ""빈"" ist """,가득 찬,16,350,20.75,20.375,-0.375
gemma-2-2b,35,val,val,de,ko,빈,"Das Gegenteil von ""빈"" ist """,가득 찬,16,290,20.75,20.75,0.0
gemma-2-2b,35,val,freq,de,ko,빈,"Das Gegenteil von ""빈"" ist """,가득 찬,16,1378,20.75,16.75,-4.0
gemma-2-2b,35,freq,desc,de,ko,빈,"Das Gegenteil von ""빈"" ist """,가득 찬,16,19,20.75,22.125,1.375
gemma-2-2b,35,freq,val,de,ko,빈,"Das Gegenteil von ""빈"" ist """,가득 찬,16,65,20.75,21.125,0.375
gemma-2-2b,35,freq,freq,de,ko,빈,"Das Gegenteil von ""빈"" ist """,가득 찬,16,23,20.75,22.0,1.25
gemma-2-2b,36,desc,desc,de,ko,어두운,"Das Gegenteil von ""어두운"" ist """,밝은,0,0,21.5,21.5,0.0
gemma-2-2b,36,desc,val,de,ko,어두운,"Das Gegenteil von ""어두운"" ist """,밝은,0,0,21.5,19.125,-2.375
gemma-2-2b,36,desc,freq,de,ko,어두운,"Das Gegenteil von ""어두운"" ist """,밝은,0,1,21.5,9.9375,-11.5625
gemma-2-2b,36,val,desc,de,ko,어두운,"Das Gegenteil von ""어두운"" ist """,밝은,0,2,21.5,22.75,1.25
gemma-2-2b,36,val,val,de,ko,어두운,"Das Gegenteil von ""어두운"" ist """,밝은,0,2,21.5,23.0,1.5
gemma-2-2b,36,val,freq,de,ko,어두운,"Das Gegenteil von ""어두운"" ist """,밝은,0,3,21.5,16.25,-5.25
gemma-2-2b,36,freq,desc,de,ko,어두운,"Das Gegenteil von ""어두운"" ist """,밝은,0,3,21.5,20.625,-0.875
gemma-2-2b,36,freq,val,de,ko,어두운,"Das Gegenteil von ""어두운"" ist """,밝은,0,4,21.5,20.75,-0.75
gemma-2-2b,36,freq,freq,de,ko,어두운,"Das Gegenteil von ""어두운"" ist """,밝은,0,3,21.5,20.625,-0.875
gemma-2-2b,37,desc,desc,de,ko,약한,"Das Gegenteil von ""약한"" ist """,강한,0,0,20.75,20.75,0.0
gemma-2-2b,37,desc,val,de,ko,약한,"Das Gegenteil von ""약한"" ist """,강한,0,0,20.75,20.25,-0.5
gemma-2-2b,37,desc,freq,de,ko,약한,"Das Gegenteil von ""약한"" ist """,강한,0,0,20.75,14.875,-5.875
gemma-2-2b,37,val,desc,de,ko,약한,"Das Gegenteil von ""약한"" ist """,강한,0,5,20.75,22.5,1.75
gemma-2-2b,37,val,val,de,ko,약한,"Das Gegenteil von ""약한"" ist """,강한,0,6,20.75,22.75,2.0
gemma-2-2b,37,val,freq,de,ko,약한,"Das Gegenteil von ""약한"" ist """,강한,0,0,20.75,18.5,-2.25
gemma-2-2b,37,freq,desc,de,ko,약한,"Das Gegenteil von ""약한"" ist """,강한,0,1,20.75,22.0,1.25
gemma-2-2b,37,freq,val,de,ko,약한,"Das Gegenteil von ""약한"" ist """,강한,0,5,20.75,21.875,1.125
gemma-2-2b,37,freq,freq,de,ko,약한,"Das Gegenteil von ""약한"" ist """,강한,0,1,20.75,21.875,1.125
gemma-2-2b,38,desc,desc,de,ko,더러운,"Das Gegenteil von ""더러운"" ist """,깨끗한,1,1,21.375,21.375,0.0
gemma-2-2b,38,desc,val,de,ko,더러운,"Das Gegenteil von ""더러운"" ist """,깨끗한,1,6,21.375,18.25,-3.125
gemma-2-2b,38,desc,freq,de,ko,더러운,"Das Gegenteil von ""더러운"" ist """,깨끗한,1,4,21.375,12.625,-8.75
gemma-2-2b,38,val,desc,de,ko,더러운,"Das Gegenteil von ""더러운"" ist """,깨끗한,1,6,21.375,22.25,0.875
gemma-2-2b,38,val,val,de,ko,더러운,"Das Gegenteil von ""더러운"" ist """,깨끗한,1,6,21.375,22.75,1.375
gemma-2-2b,38,val,freq,de,ko,더러운,"Das Gegenteil von ""더러운"" ist """,깨끗한,1,1,21.375,18.125,-3.25
gemma-2-2b,38,freq,desc,de,ko,더러운,"Das Gegenteil von ""더러운"" ist """,깨끗한,1,16,21.375,19.875,-1.5
gemma-2-2b,38,freq,val,de,ko,더러운,"Das Gegenteil von ""더러운"" ist """,깨끗한,1,16,21.375,20.0,-1.375
gemma-2-2b,38,freq,freq,de,ko,더러운,"Das Gegenteil von ""더러운"" ist """,깨끗한,1,10,21.375,20.125,-1.25
gemma-2-2b,39,desc,desc,de,ko,닫힌,"Das Gegenteil von ""닫힌"" ist """,열린,0,0,20.75,20.75,0.0
gemma-2-2b,39,desc,val,de,ko,닫힌,"Das Gegenteil von ""닫힌"" ist """,열린,0,0,20.75,19.875,-0.875
gemma-2-2b,39,desc,freq,de,ko,닫힌,"Das Gegenteil von ""닫힌"" ist """,열린,0,0,20.75,15.8125,-4.9375
gemma-2-2b,39,val,desc,de,ko,닫힌,"Das Gegenteil von ""닫힌"" ist """,열린,0,32,20.75,20.0,-0.75
gemma-2-2b,39,val,val,de,ko,닫힌,"Das Gegenteil von ""닫힌"" ist """,열린,0,37,20.75,19.625,-1.125
gemma-2-2b,39,val,freq,de,ko,닫힌,"Das Gegenteil von ""닫힌"" ist """,열린,0,4,20.75,18.25,-2.5
gemma-2-2b,39,freq,desc,de,ko,닫힌,"Das Gegenteil von ""닫힌"" ist """,열린,0,20,20.75,18.75,-2.0
gemma-2-2b,39,freq,val,de,ko,닫힌,"Das Gegenteil von ""닫힌"" ist """,열린,0,39,20.75,17.75,-3.0
gemma-2-2b,39,freq,freq,de,ko,닫힌,"Das Gegenteil von ""닫힌"" ist """,열린,0,23,20.75,18.625,-2.125
gemma-2-2b,40,desc,desc,de,ko,가난한,"Das Gegenteil von ""가난한"" ist """,부유한,0,0,18.5,18.625,0.125
gemma-2-2b,40,desc,val,de,ko,가난한,"Das Gegenteil von ""가난한"" ist """,부유한,0,2,18.5,16.75,-1.75
gemma-2-2b,40,desc,freq,de,ko,가난한,"Das Gegenteil von ""가난한"" ist """,부유한,0,2,18.5,10.0,-8.5
gemma-2-2b,40,val,desc,de,ko,가난한,"Das Gegenteil von ""가난한"" ist """,부유한,0,25,18.5,18.875,0.375
gemma-2-2b,40,val,val,de,ko,가난한,"Das Gegenteil von ""가난한"" ist """,부유한,0,25,18.5,19.375,0.875
gemma-2-2b,40,val,freq,de,ko,가난한,"Das Gegenteil von ""가난한"" ist """,부유한,0,6,18.5,14.75,-3.75
gemma-2-2b,40,freq,desc,de,ko,가난한,"Das Gegenteil von ""가난한"" ist """,부유한,0,2,18.5,19.5,1.0
gemma-2-2b,40,freq,val,de,ko,가난한,"Das Gegenteil von ""가난한"" ist """,부유한,0,7,18.5,19.5,1.0
gemma-2-2b,40,freq,freq,de,ko,가난한,"Das Gegenteil von ""가난한"" ist """,부유한,0,2,18.5,19.625,1.125
gemma-2-2b,41,desc,desc,de,ko,못생긴,"Das Gegenteil von ""못생긴"" ist """,아름다운,7,7,20.125,20.125,0.0
gemma-2-2b,41,desc,val,de,ko,못생긴,"Das Gegenteil von ""못생긴"" ist """,아름다운,7,52,20.125,17.0,-3.125
gemma-2-2b,41,desc,freq,de,ko,못생긴,"Das Gegenteil von ""못생긴"" ist """,아름다운,7,44,20.125,14.125,-6.0
gemma-2-2b,41,val,desc,de,ko,못생긴,"Das Gegenteil von ""못생긴"" ist """,아름다운,7,89,20.125,20.25,0.125
gemma-2-2b,41,val,val,de,ko,못생긴,"Das Gegenteil von ""못생긴"" ist """,아름다운,7,109,20.125,20.25,0.125
gemma-2-2b,41,val,freq,de,ko,못생긴,"Das Gegenteil von ""못생긴"" ist """,아름다운,7,117,20.125,17.75,-2.375
gemma-2-2b,41,freq,desc,de,ko,못생긴,"Das Gegenteil von ""못생긴"" ist """,아름다운,7,12,20.125,21.25,1.125
gemma-2-2b,41,freq,val,de,ko,못생긴,"Das Gegenteil von ""못생긴"" ist """,아름다운,7,23,20.125,20.375,0.25
gemma-2-2b,41,freq,freq,de,ko,못생긴,"Das Gegenteil von ""못생긴"" ist """,아름다운,7,13,20.125,21.25,1.125
gemma-2-2b,42,desc,desc,de,ko,짧은,"Das Gegenteil von ""짧은"" ist """,긴,0,0,21.75,21.75,0.0
gemma-2-2b,42,desc,val,de,ko,짧은,"Das Gegenteil von ""짧은"" ist """,긴,0,4,21.75,18.5,-3.25
gemma-2-2b,42,desc,freq,de,ko,짧은,"Das Gegenteil von ""짧은"" ist """,긴,0,4,21.75,12.625,-9.125
gemma-2-2b,42,val,desc,de,ko,짧은,"Das Gegenteil von ""짧은"" ist """,긴,0,29,21.75,21.0,-0.75
gemma-2-2b,42,val,val,de,ko,짧은,"Das Gegenteil von ""짧은"" ist """,긴,0,30,21.75,21.125,-0.625
gemma-2-2b,42,val,freq,de,ko,짧은,"Das Gegenteil von ""짧은"" ist """,긴,0,24,21.75,16.5,-5.25
gemma-2-2b,42,freq,desc,de,ko,짧은,"Das Gegenteil von ""짧은"" ist """,긴,0,6,21.75,20.75,-1.0
gemma-2-2b,42,freq,val,de,ko,짧은,"Das Gegenteil von ""짧은"" ist """,긴,0,14,21.75,20.125,-1.625
gemma-2-2b,42,freq,freq,de,ko,짧은,"Das Gegenteil von ""짧은"" ist """,긴,0,6,21.75,20.75,-1.0
gemma-2-2b,43,desc,desc,de,ko,좁은,"Das Gegenteil von ""좁은"" ist """,넓은,0,0,22.75,22.75,0.0
gemma-2-2b,43,desc,val,de,ko,좁은,"Das Gegenteil von ""좁은"" ist """,넓은,0,0,22.75,19.75,-3.0
gemma-2-2b,43,desc,freq,de,ko,좁은,"Das Gegenteil von ""좁은"" ist """,넓은,0,3,22.75,11.3125,-11.4375
gemma-2-2b,43,val,desc,de,ko,좁은,"Das Gegenteil von ""좁은"" ist """,넓은,0,2,22.75,23.875,1.125
gemma-2-2b,43,val,val,de,ko,좁은,"Das Gegenteil von ""좁은"" ist """,넓은,0,2,22.75,24.25,1.5
gemma-2-2b,43,val,freq,de,ko,좁은,"Das Gegenteil von ""좁은"" ist """,넓은,0,2,22.75,18.875,-3.875
gemma-2-2b,43,freq,desc,de,ko,좁은,"Das Gegenteil von ""좁은"" ist """,넓은,0,0,22.75,22.125,-0.625
gemma-2-2b,43,freq,val,de,ko,좁은,"Das Gegenteil von ""좁은"" ist """,넓은,0,2,22.75,22.375,-0.375
gemma-2-2b,43,freq,freq,de,ko,좁은,"Das Gegenteil von ""좁은"" ist """,넓은,0,0,22.75,22.25,-0.5
gemma-2-2b,44,desc,desc,de,ko,부드러운,"Das Gegenteil von ""부드러운"" ist """,딱딱한,6,6,19.75,19.75,0.0
gemma-2-2b,44,desc,val,de,ko,부드러운,"Das Gegenteil von ""부드러운"" ist """,딱딱한,6,125,19.75,15.375,-4.375
gemma-2-2b,44,desc,freq,de,ko,부드러운,"Das Gegenteil von ""부드러운"" ist """,딱딱한,6,265,19.75,9.6875,-10.0625
gemma-2-2b,44,val,desc,de,ko,부드러운,"Das Gegenteil von ""부드러운"" ist """,딱딱한,6,163,19.75,20.0,0.25
gemma-2-2b,44,val,val,de,ko,부드러운,"Das Gegenteil von ""부드러운"" ist """,딱딱한,6,155,19.75,20.125,0.375
gemma-2-2b,44,val,freq,de,ko,부드러운,"Das Gegenteil von ""부드러운"" ist """,딱딱한,6,258,19.75,15.5625,-4.1875
gemma-2-2b,44,freq,desc,de,ko,부드러운,"Das Gegenteil von ""부드러운"" ist """,딱딱한,6,288,19.75,17.875,-1.875
gemma-2-2b,44,freq,val,de,ko,부드러운,"Das Gegenteil von ""부드러운"" ist """,딱딱한,6,263,19.75,17.75,-2.0
gemma-2-2b,44,freq,freq,de,ko,부드러운,"Das Gegenteil von ""부드러운"" ist """,딱딱한,6,241,19.75,18.0,-1.75
gemma-2-2b,45,desc,desc,de,ko,젖은,"Das Gegenteil von ""젖은"" ist """,마른,81,69,15.5,15.5625,0.0625
gemma-2-2b,45,desc,val,de,ko,젖은,"Das Gegenteil von ""젖은"" ist """,마른,81,102,15.5,14.5,-1.0
gemma-2-2b,45,desc,freq,de,ko,젖은,"Das Gegenteil von ""젖은"" ist """,마른,81,91,15.5,8.875,-6.625
gemma-2-2b,45,val,desc,de,ko,젖은,"Das Gegenteil von ""젖은"" ist """,마른,81,2391,15.5,15.375,-0.125
gemma-2-2b,45,val,val,de,ko,젖은,"Das Gegenteil von ""젖은"" ist """,마른,81,2442,15.5,15.5625,0.0625
gemma-2-2b,45,val,freq,de,ko,젖은,"Das Gegenteil von ""젖은"" ist """,마른,81,4157,15.5,9.5625,-5.9375
gemma-2-2b,45,freq,desc,de,ko,젖은,"Das Gegenteil von ""젖은"" ist """,마른,81,446,15.5,16.25,0.75
gemma-2-2b,45,freq,val,de,ko,젖은,"Das Gegenteil von ""젖은"" ist """,마른,81,698,15.5,15.125,-0.375
gemma-2-2b,45,freq,freq,de,ko,젖은,"Das Gegenteil von ""젖은"" ist """,마른,81,491,15.5,16.125,0.625
gemma-2-2b,46,desc,desc,de,ko,조용한,"Das Gegenteil von ""조용한"" ist """,시끄러운,12,10,18.625,18.75,0.125
gemma-2-2b,46,desc,val,de,ko,조용한,"Das Gegenteil von ""조용한"" ist """,시끄러운,12,38,18.625,15.9375,-2.6875
gemma-2-2b,46,desc,freq,de,ko,조용한,"Das Gegenteil von ""조용한"" ist """,시끄러운,12,18,18.625,11.125,-7.5
gemma-2-2b,46,val,desc,de,ko,조용한,"Das Gegenteil von ""조용한"" ist """,시끄러운,12,329,18.625,17.75,-0.875
gemma-2-2b,46,val,val,de,ko,조용한,"Das Gegenteil von ""조용한"" ist """,시끄러운,12,393,18.625,17.875,-0.75
gemma-2-2b,46,val,freq,de,ko,조용한,"Das Gegenteil von ""조용한"" ist """,시끄러운,12,219,18.625,12.9375,-5.6875
gemma-2-2b,46,freq,desc,de,ko,조용한,"Das Gegenteil von ""조용한"" ist """,시끄러운,12,40,18.625,18.5,-0.125
gemma-2-2b,46,freq,val,de,ko,조용한,"Das Gegenteil von ""조용한"" ist """,시끄러운,12,143,18.625,17.25,-1.375
gemma-2-2b,46,freq,freq,de,ko,조용한,"Das Gegenteil von ""조용한"" ist """,시끄러운,12,39,18.625,18.625,0.0
gemma-2-2b,47,desc,desc,de,ko,늦은,"Das Gegenteil von ""늦은"" ist """,이른,16,14,17.625,17.75,0.125
gemma-2-2b,47,desc,val,de,ko,늦은,"Das Gegenteil von ""늦은"" ist """,이른,16,30,17.625,15.0,-2.625
gemma-2-2b,47,desc,freq,de,ko,늦은,"Das Gegenteil von ""늦은"" ist """,이른,16,49,17.625,8.3125,-9.3125
gemma-2-2b,47,val,desc,de,ko,늦은,"Das Gegenteil von ""늦은"" ist """,이른,16,177,17.625,17.0,-0.625
gemma-2-2b,47,val,val,de,ko,늦은,"Das Gegenteil von ""늦은"" ist """,이른,16,238,17.625,17.0,-0.625
gemma-2-2b,47,val,freq,de,ko,늦은,"Das Gegenteil von ""늦은"" ist """,이른,16,345,17.625,11.25,-6.375
gemma-2-2b,47,freq,desc,de,ko,늦은,"Das Gegenteil von ""늦은"" ist """,이른,16,13,17.625,18.875,1.25
gemma-2-2b,47,freq,val,de,ko,늦은,"Das Gegenteil von ""늦은"" ist """,이른,16,49,17.625,16.75,-0.875
gemma-2-2b,47,freq,freq,de,ko,늦은,"Das Gegenteil von ""늦은"" ist """,이른,16,15,17.625,18.5,0.875
gemma-2-2b,48,desc,desc,de,ko,먼,"Das Gegenteil von ""먼"" ist """,가까운,5,6,18.375,18.5,0.125
gemma-2-2b,48,desc,val,de,ko,먼,"Das Gegenteil von ""먼"" ist """,가까운,5,5,18.375,17.625,-0.75
gemma-2-2b,48,desc,freq,de,ko,먼,"Das Gegenteil von ""먼"" ist """,가까운,5,15,18.375,11.375,-7.0
gemma-2-2b,48,val,desc,de,ko,먼,"Das Gegenteil von ""먼"" ist """,가까운,5,219,18.375,18.125,-0.25
gemma-2-2b,48,val,val,de,ko,먼,"Das Gegenteil von ""먼"" ist """,가까운,5,228,18.375,18.5,0.125
gemma-2-2b,48,val,freq,de,ko,먼,"Das Gegenteil von ""먼"" ist """,가까운,5,292,18.375,13.9375,-4.4375
gemma-2-2b,48,freq,desc,de,ko,먼,"Das Gegenteil von ""먼"" ist """,가까운,5,15,18.375,19.875,1.5
gemma-2-2b,48,freq,val,de,ko,먼,"Das Gegenteil von ""먼"" ist """,가까운,5,33,18.375,18.75,0.375
gemma-2-2b,48,freq,freq,de,ko,먼,"Das Gegenteil von ""먼"" ist """,가까운,5,15,18.375,19.75,1.375
gemma-2-2b,49,desc,desc,de,ko,얕은,"Das Gegenteil von ""얕은"" ist """,깊은,0,0,23.75,23.75,0.0
gemma-2-2b,49,desc,val,de,ko,얕은,"Das Gegenteil von ""얕은"" ist """,깊은,0,0,23.75,21.125,-2.625
gemma-2-2b,49,desc,freq,de,ko,얕은,"Das Gegenteil von ""얕은"" ist """,깊은,0,0,23.75,18.0,-5.75
gemma-2-2b,49,val,desc,de,ko,얕은,"Das Gegenteil von ""얕은"" ist """,깊은,0,4,23.75,23.875,0.125
gemma-2-2b,49,val,val,de,ko,얕은,"Das Gegenteil von ""얕은"" ist """,깊은,0,4,23.75,23.875,0.125
gemma-2-2b,49,val,freq,de,ko,얕은,"Das Gegenteil von ""얕은"" ist """,깊은,0,3,23.75,22.0,-1.75
gemma-2-2b,49,freq,desc,de,ko,얕은,"Das Gegenteil von ""얕은"" ist """,깊은,0,3,23.75,22.5,-1.25
gemma-2-2b,49,freq,val,de,ko,얕은,"Das Gegenteil von ""얕은"" ist """,깊은,0,3,23.75,22.75,-1.0
gemma-2-2b,49,freq,freq,de,ko,얕은,"Das Gegenteil von ""얕은"" ist """,깊은,0,3,23.75,22.5,-1.25
gemma-2-2b,50,desc,desc,de,ko,젊은,"Das Gegenteil von ""젊은"" ist """,늙은,0,0,21.75,21.75,0.0
gemma-2-2b,50,desc,val,de,ko,젊은,"Das Gegenteil von ""젊은"" ist """,늙은,0,0,21.75,18.25,-3.5
gemma-2-2b,50,desc,freq,de,ko,젊은,"Das Gegenteil von ""젊은"" ist """,늙은,0,6,21.75,11.125,-10.625
gemma-2-2b,50,val,desc,de,ko,젊은,"Das Gegenteil von ""젊은"" ist """,늙은,0,2,21.75,22.375,0.625
gemma-2-2b,50,val,val,de,ko,젊은,"Das Gegenteil von ""젊은"" ist """,늙은,0,2,21.75,22.625,0.875
gemma-2-2b,50,val,freq,de,ko,젊은,"Das Gegenteil von ""젊은"" ist """,늙은,0,3,21.75,16.875,-4.875
gemma-2-2b,50,freq,desc,de,ko,젊은,"Das Gegenteil von ""젊은"" ist """,늙은,0,1,21.75,21.75,0.0
gemma-2-2b,50,freq,val,de,ko,젊은,"Das Gegenteil von ""젊은"" ist """,늙은,0,2,21.75,21.5,-0.25
gemma-2-2b,50,freq,freq,de,ko,젊은,"Das Gegenteil von ""젊은"" ist """,늙은,0,1,21.75,21.75,0.0
gemma-2-2b,51,desc,desc,de,ko,친절한,"Das Gegenteil von ""친절한"" ist """,불친절한,0,0,22.0,22.0,0.0
gemma-2-2b,51,desc,val,de,ko,친절한,"Das Gegenteil von ""친절한"" ist """,불친절한,0,0,22.0,20.5,-1.5
gemma-2-2b,51,desc,freq,de,ko,친절한,"Das Gegenteil von ""친절한"" ist """,불친절한,0,0,22.0,16.5,-5.5
gemma-2-2b,51,val,desc,de,ko,친절한,"Das Gegenteil von ""친절한"" ist """,불친절한,0,17,22.0,21.75,-0.25
gemma-2-2b,51,val,val,de,ko,친절한,"Das Gegenteil von ""친절한"" ist """,불친절한,0,21,22.0,21.875,-0.125
gemma-2-2b,51,val,freq,de,ko,친절한,"Das Gegenteil von ""친절한"" ist """,불친절한,0,4,22.0,18.75,-3.25
gemma-2-2b,51,freq,desc,de,ko,친절한,"Das Gegenteil von ""친절한"" ist """,불친절한,0,3,22.0,21.875,-0.125
gemma-2-2b,51,freq,val,de,ko,친절한,"Das Gegenteil von ""친절한"" ist """,불친절한,0,6,22.0,21.5,-0.5
gemma-2-2b,51,freq,freq,de,ko,친절한,"Das Gegenteil von ""친절한"" ist """,불친절한,0,2,22.0,21.875,-0.125
gemma-2-2b,52,desc,desc,de,ko,용감한,"Das Gegenteil von ""용감한"" ist """,겁많은,0,0,21.75,21.75,0.0
gemma-2-2b,52,desc,val,de,ko,용감한,"Das Gegenteil von ""용감한"" ist """,겁많은,0,0,21.75,19.5,-2.25
gemma-2-2b,52,desc,freq,de,ko,용감한,"Das Gegenteil von ""용감한"" ist """,겁많은,0,1,21.75,15.5625,-6.1875
gemma-2-2b,52,val,desc,de,ko,용감한,"Das Gegenteil von ""용감한"" ist """,겁많은,0,2,21.75,22.75,1.0
gemma-2-2b,52,val,val,de,ko,용감한,"Das Gegenteil von ""용감한"" ist """,겁많은,0,3,21.75,23.0,1.25
gemma-2-2b,52,val,freq,de,ko,용감한,"Das Gegenteil von ""용감한"" ist """,겁많은,0,7,21.75,19.125,-2.625
gemma-2-2b,52,freq,desc,de,ko,용감한,"Das Gegenteil von ""용감한"" ist """,겁많은,0,4,21.75,20.875,-0.875
gemma-2-2b,52,freq,val,de,ko,용감한,"Das Gegenteil von ""용감한"" ist """,겁많은,0,4,21.75,21.0,-0.75
gemma-2-2b,52,freq,freq,de,ko,용감한,"Das Gegenteil von ""용감한"" ist """,겁많은,0,2,21.75,21.0,-0.75
gemma-2-2b,53,desc,desc,de,ko,현명한,"Das Gegenteil von ""현명한"" ist """,어리석은,2,2,21.375,21.5,0.125
gemma-2-2b,53,desc,val,de,ko,현명한,"Das Gegenteil von ""현명한"" ist """,어리석은,2,3,21.375,19.875,-1.5
gemma-2-2b,53,desc,freq,de,ko,현명한,"Das Gegenteil von ""현명한"" ist """,어리석은,2,2,21.375,17.625,-3.75
gemma-2-2b,53,val,desc,de,ko,현명한,"Das Gegenteil von ""현명한"" ist """,어리석은,2,20,21.375,22.0,0.625
gemma-2-2b,53,val,val,de,ko,현명한,"Das Gegenteil von ""현명한"" ist """,어리석은,2,23,21.375,22.125,0.75
gemma-2-2b,53,val,freq,de,ko,현명한,"Das Gegenteil von ""현명한"" ist """,어리석은,2,5,21.375,20.0,-1.375
gemma-2-2b,53,freq,desc,de,ko,현명한,"Das Gegenteil von ""현명한"" ist """,어리석은,2,13,21.375,21.5,0.125
gemma-2-2b,53,freq,val,de,ko,현명한,"Das Gegenteil von ""현명한"" ist """,어리석은,2,14,21.375,21.5,0.125
gemma-2-2b,53,freq,freq,de,ko,현명한,"Das Gegenteil von ""현명한"" ist """,어리석은,2,14,21.375,21.5,0.125
gemma-2-2b,54,desc,desc,de,ko,예의 바른,"Das Gegenteil von ""예의 바른"" ist """,무례한,4,5,21.125,21.0,-0.125
gemma-2-2b,54,desc,val,de,ko,예의 바른,"Das Gegenteil von ""예의 바른"" ist """,무례한,4,10,21.125,18.375,-2.75
gemma-2-2b,54,desc,freq,de,ko,예의 바른,"Das Gegenteil von ""예의 바른"" ist """,무례한,4,23,21.125,15.6875,-5.4375
gemma-2-2b,54,val,desc,de,ko,예의 바른,"Das Gegenteil von ""예의 바른"" ist """,무례한,4,12,21.125,22.25,1.125
gemma-2-2b,54,val,val,de,ko,예의 바른,"Das Gegenteil von ""예의 바른"" ist """,무례한,4,14,21.125,22.25,1.125
gemma-2-2b,54,val,freq,de,ko,예의 바른,"Das Gegenteil von ""예의 바른"" ist """,무례한,4,13,21.125,19.875,-1.25
gemma-2-2b,54,freq,desc,de,ko,예의 바른,"Das Gegenteil von ""예의 바른"" ist """,무례한,4,7,21.125,21.75,0.625
gemma-2-2b,54,freq,val,de,ko,예의 바른,"Das Gegenteil von ""예의 바른"" ist """,무례한,4,7,21.125,21.5,0.375
gemma-2-2b,54,freq,freq,de,ko,예의 바른,"Das Gegenteil von ""예의 바른"" ist """,무례한,4,10,21.125,21.625,0.5
gemma-2-2b,55,desc,desc,de,ko,인내심 있는,"Das Gegenteil von ""인내심 있는"" ist """,성급한,16,17,20.0,20.0,0.0
gemma-2-2b,55,desc,val,de,ko,인내심 있는,"Das Gegenteil von ""인내심 있는"" ist """,성급한,16,33,20.0,17.75,-2.25
gemma-2-2b,55,desc,freq,de,ko,인내심 있는,"Das Gegenteil von ""인내심 있는"" ist """,성급한,16,70,20.0,14.875,-5.125
gemma-2-2b,55,val,desc,de,ko,인내심 있는,"Das Gegenteil von ""인내심 있는"" ist """,성급한,16,396,20.0,18.875,-1.125
gemma-2-2b,55,val,val,de,ko,인내심 있는,"Das Gegenteil von ""인내심 있는"" ist """,성급한,16,448,20.0,18.875,-1.125
gemma-2-2b,55,val,freq,de,ko,인내심 있는,"Das Gegenteil von ""인내심 있는"" ist """,성급한,16,1280,20.0,15.25,-4.75
gemma-2-2b,55,freq,desc,de,ko,인내심 있는,"Das Gegenteil von ""인내심 있는"" ist """,성급한,16,74,20.0,20.125,0.125
gemma-2-2b,55,freq,val,de,ko,인내심 있는,"Das Gegenteil von ""인내심 있는"" ist """,성급한,16,127,20.0,19.125,-0.875
gemma-2-2b,55,freq,freq,de,ko,인내심 있는,"Das Gegenteil von ""인내심 있는"" ist """,성급한,16,82,20.0,20.0,0.0
gemma-2-2b,56,desc,desc,de,ko,정직한,"Das Gegenteil von ""정직한"" ist """,부정직한,1,1,21.5,21.5,0.0
gemma-2-2b,56,desc,val,de,ko,정직한,"Das Gegenteil von ""정직한"" ist """,부정직한,1,2,21.5,19.0,-2.5
gemma-2-2b,56,desc,freq,de,ko,정직한,"Das Gegenteil von ""정직한"" ist """,부정직한,1,2,21.5,16.75,-4.75
gemma-2-2b,56,val,desc,de,ko,정직한,"Das Gegenteil von ""정직한"" ist """,부정직한,1,109,21.5,19.75,-1.75
gemma-2-2b,56,val,val,de,ko,정직한,"Das Gegenteil von ""정직한"" ist """,부정직한,1,93,21.5,20.0,-1.5
gemma-2-2b,56,val,freq,de,ko,정직한,"Das Gegenteil von ""정직한"" ist """,부정직한,1,28,21.5,18.5,-3.0
gemma-2-2b,56,freq,desc,de,ko,정직한,"Das Gegenteil von ""정직한"" ist """,부정직한,1,13,21.5,20.625,-0.875
gemma-2-2b,56,freq,val,de,ko,정직한,"Das Gegenteil von ""정직한"" ist """,부정직한,1,24,21.5,20.0,-1.5
gemma-2-2b,56,freq,freq,de,ko,정직한,"Das Gegenteil von ""정직한"" ist """,부정직한,1,15,21.5,20.375,-1.125
gemma-2-2b,57,desc,desc,de,ko,안전한,"Das Gegenteil von ""안전한"" ist """,위험한,2,2,20.625,20.625,0.0
gemma-2-2b,57,desc,val,de,ko,안전한,"Das Gegenteil von ""안전한"" ist """,위험한,2,4,20.625,17.875,-2.75
gemma-2-2b,57,desc,freq,de,ko,안전한,"Das Gegenteil von ""안전한"" ist """,위험한,2,3,20.625,12.4375,-8.1875
gemma-2-2b,57,val,desc,de,ko,안전한,"Das Gegenteil von ""안전한"" ist """,위험한,2,103,20.625,19.25,-1.375
gemma-2-2b,57,val,val,de,ko,안전한,"Das Gegenteil von ""안전한"" ist """,위험한,2,102,20.625,19.5,-1.125
gemma-2-2b,57,val,freq,de,ko,안전한,"Das Gegenteil von ""안전한"" ist """,위험한,2,33,20.625,15.5,-5.125
gemma-2-2b,57,freq,desc,de,ko,안전한,"Das Gegenteil von ""안전한"" ist """,위험한,2,55,20.625,19.125,-1.5
gemma-2-2b,57,freq,val,de,ko,안전한,"Das Gegenteil von ""안전한"" ist """,위험한,2,52,20.625,18.875,-1.75
gemma-2-2b,57,freq,freq,de,ko,안전한,"Das Gegenteil von ""안전한"" ist """,위험한,2,56,20.625,19.125,-1.5
gemma-2-2b,58,desc,desc,de,ko,활동적인,"Das Gegenteil von ""활동적인"" ist """,비활동적인,1,1,20.75,20.75,0.0
gemma-2-2b,58,desc,val,de,ko,활동적인,"Das Gegenteil von ""활동적인"" ist """,비활동적인,1,4,20.75,18.0,-2.75
gemma-2-2b,58,desc,freq,de,ko,활동적인,"Das Gegenteil von ""활동적인"" ist """,비활동적인,1,6,20.75,11.125,-9.625
gemma-2-2b,58,val,desc,de,ko,활동적인,"Das Gegenteil von ""활동적인"" ist """,비활동적인,1,29,20.75,19.875,-0.875
gemma-2-2b,58,val,val,de,ko,활동적인,"Das Gegenteil von ""활동적인"" ist """,비활동적인,1,29,20.75,20.0,-0.75
gemma-2-2b,58,val,freq,de,ko,활동적인,"Das Gegenteil von ""활동적인"" ist """,비활동적인,1,157,20.75,11.3125,-9.4375
gemma-2-2b,58,freq,desc,de,ko,활동적인,"Das Gegenteil von ""활동적인"" ist """,비활동적인,1,11,20.75,18.875,-1.875
gemma-2-2b,58,freq,val,de,ko,활동적인,"Das Gegenteil von ""활동적인"" ist """,비활동적인,1,18,20.75,18.75,-2.0
gemma-2-2b,58,freq,freq,de,ko,활동적인,"Das Gegenteil von ""활동적인"" ist """,비활동적인,1,9,20.75,19.0,-1.75
gemma-2-2b,59,desc,desc,de,ko,곧은,"Das Gegenteil von ""곧은"" ist """,휘어진,0,0,20.25,20.125,-0.125
gemma-2-2b,59,desc,val,de,ko,곧은,"Das Gegenteil von ""곧은"" ist """,휘어진,0,12,20.25,17.125,-3.125
gemma-2-2b,59,desc,freq,de,ko,곧은,"Das Gegenteil von ""곧은"" ist """,휘어진,0,14,20.25,12.4375,-7.8125
gemma-2-2b,59,val,desc,de,ko,곧은,"Das Gegenteil von ""곧은"" ist """,휘어진,0,36,20.25,20.875,0.625
gemma-2-2b,59,val,val,de,ko,곧은,"Das Gegenteil von ""곧은"" ist """,휘어진,0,45,20.25,20.875,0.625
gemma-2-2b,59,val,freq,de,ko,곧은,"Das Gegenteil von ""곧은"" ist """,휘어진,0,11,20.25,18.25,-2.0
gemma-2-2b,59,freq,desc,de,ko,곧은,"Das Gegenteil von ""곧은"" ist """,휘어진,0,14,20.25,19.75,-0.5
gemma-2-2b,59,freq,val,de,ko,곧은,"Das Gegenteil von ""곧은"" ist """,휘어진,0,31,20.25,19.25,-1.0
gemma-2-2b,59,freq,freq,de,ko,곧은,"Das Gegenteil von ""곧은"" ist """,휘어진,0,25,20.25,19.5,-0.75
gemma-2-2b,60,desc,desc,de,ko,전체의,"Das Gegenteil von ""전체의"" ist """,부분적인,0,0,23.0,23.0,0.0
gemma-2-2b,60,desc,val,de,ko,전체의,"Das Gegenteil von ""전체의"" ist """,부분적인,0,1,23.0,20.625,-2.375
gemma-2-2b,60,desc,freq,de,ko,전체의,"Das Gegenteil von ""전체의"" ist """,부분적인,0,6,23.0,17.0,-6.0
gemma-2-2b,60,val,desc,de,ko,전체의,"Das Gegenteil von ""전체의"" ist """,부분적인,0,42,23.0,21.75,-1.25
gemma-2-2b,60,val,val,de,ko,전체의,"Das Gegenteil von ""전체의"" ist """,부분적인,0,42,23.0,21.875,-1.125
gemma-2-2b,60,val,freq,de,ko,전체의,"Das Gegenteil von ""전체의"" ist """,부분적인,0,18,23.0,20.375,-2.625
gemma-2-2b,60,freq,desc,de,ko,전체의,"Das Gegenteil von ""전체의"" ist """,부분적인,0,9,23.0,22.0,-1.0
gemma-2-2b,60,freq,val,de,ko,전체의,"Das Gegenteil von ""전체의"" ist """,부분적인,0,19,23.0,21.75,-1.25
gemma-2-2b,60,freq,freq,de,ko,전체의,"Das Gegenteil von ""전체의"" ist """,부분적인,0,9,23.0,22.0,-1.0
gemma-2-2b,61,desc,desc,de,ko,차분한,"Das Gegenteil von ""차분한"" ist """,격앙된,9,6,20.625,20.875,0.25
gemma-2-2b,61,desc,val,de,ko,차분한,"Das Gegenteil von ""차분한"" ist """,격앙된,9,9,20.625,19.375,-1.25
gemma-2-2b,61,desc,freq,de,ko,차분한,"Das Gegenteil von ""차분한"" ist """,격앙된,9,4,20.625,17.75,-2.875
gemma-2-2b,61,val,desc,de,ko,차분한,"Das Gegenteil von ""차분한"" ist """,격앙된,9,212,20.625,20.125,-0.5
gemma-2-2b,61,val,val,de,ko,차분한,"Das Gegenteil von ""차분한"" ist """,격앙된,9,275,20.625,20.125,-0.5
gemma-2-2b,61,val,freq,de,ko,차분한,"Das Gegenteil von ""차분한"" ist """,격앙된,9,4,20.625,21.5,0.875
gemma-2-2b,61,freq,desc,de,ko,차분한,"Das Gegenteil von ""차분한"" ist """,격앙된,9,265,20.625,19.0,-1.625
gemma-2-2b,61,freq,val,de,ko,차분한,"Das Gegenteil von ""차분한"" ist """,격앙된,9,131,20.625,19.5,-1.125
gemma-2-2b,61,freq,freq,de,ko,차분한,"Das Gegenteil von ""차분한"" ist """,격앙된,9,208,20.625,19.25,-1.375
gemma-2-2b,62,desc,desc,de,ko,정확한,"Das Gegenteil von ""정확한"" ist """,부정확한,11,11,20.625,20.625,0.0
gemma-2-2b,62,desc,val,de,ko,정확한,"Das Gegenteil von ""정확한"" ist """,부정확한,11,23,20.625,17.875,-2.75
gemma-2-2b,62,desc,freq,de,ko,정확한,"Das Gegenteil von ""정확한"" ist """,부정확한,11,4,20.625,13.5625,-7.0625
gemma-2-2b,62,val,desc,de,ko,정확한,"Das Gegenteil von ""정확한"" ist """,부정확한,11,136,20.625,17.875,-2.75
gemma-2-2b,62,val,val,de,ko,정확한,"Das Gegenteil von ""정확한"" ist """,부정확한,11,147,20.625,17.875,-2.75
gemma-2-2b,62,val,freq,de,ko,정확한,"Das Gegenteil von ""정확한"" ist """,부정확한,11,7,20.625,15.375,-5.25
gemma-2-2b,62,freq,desc,de,ko,정확한,"Das Gegenteil von ""정확한"" ist """,부정확한,11,131,20.625,18.75,-1.875
gemma-2-2b,62,freq,val,de,ko,정확한,"Das Gegenteil von ""정확한"" ist """,부정확한,11,168,20.625,17.625,-3.0
gemma-2-2b,62,freq,freq,de,ko,정확한,"Das Gegenteil von ""정확한"" ist """,부정확한,11,132,20.625,18.75,-1.875
gemma-2-2b,63,desc,desc,de,ko,복잡한,"Das Gegenteil von ""복잡한"" ist """,간단한,0,0,18.75,18.875,0.125
gemma-2-2b,63,desc,val,de,ko,복잡한,"Das Gegenteil von ""복잡한"" ist """,간단한,0,1,18.75,17.875,-0.875
gemma-2-2b,63,desc,freq,de,ko,복잡한,"Das Gegenteil von ""복잡한"" ist """,간단한,0,1,18.75,13.1875,-5.5625
gemma-2-2b,63,val,desc,de,ko,복잡한,"Das Gegenteil von ""복잡한"" ist """,간단한,0,25,18.75,19.5,0.75
gemma-2-2b,63,val,val,de,ko,복잡한,"Das Gegenteil von ""복잡한"" ist """,간단한,0,23,18.75,19.75,1.0
gemma-2-2b,63,val,freq,de,ko,복잡한,"Das Gegenteil von ""복잡한"" ist """,간단한,0,13,18.75,16.25,-2.5
gemma-2-2b,63,freq,desc,de,ko,복잡한,"Das Gegenteil von ""복잡한"" ist """,간단한,0,7,18.75,19.375,0.625
gemma-2-2b,63,freq,val,de,ko,복잡한,"Das Gegenteil von ""복잡한"" ist """,간단한,0,7,18.75,19.25,0.5
gemma-2-2b,63,freq,freq,de,ko,복잡한,"Das Gegenteil von ""복잡한"" ist """,간단한,0,7,18.75,19.5,0.75
gemma-2-2b,64,desc,desc,de,ko,효과적인,"Das Gegenteil von ""효과적인"" ist """,비효과적인,0,0,23.125,23.125,0.0
gemma-2-2b,64,desc,val,de,ko,효과적인,"Das Gegenteil von ""효과적인"" ist """,비효과적인,0,0,23.125,20.375,-2.75
gemma-2-2b,64,desc,freq,de,ko,효과적인,"Das Gegenteil von ""효과적인"" ist """,비효과적인,0,0,23.125,16.875,-6.25
gemma-2-2b,64,val,desc,de,ko,효과적인,"Das Gegenteil von ""효과적인"" ist """,비효과적인,0,6,23.125,23.125,0.0
gemma-2-2b,64,val,val,de,ko,효과적인,"Das Gegenteil von ""효과적인"" ist """,비효과적인,0,5,23.125,23.25,0.125
gemma-2-2b,64,val,freq,de,ko,효과적인,"Das Gegenteil von ""효과적인"" ist """,비효과적인,0,3,23.125,20.25,-2.875
gemma-2-2b,64,freq,desc,de,ko,효과적인,"Das Gegenteil von ""효과적인"" ist """,비효과적인,0,2,23.125,22.875,-0.25
gemma-2-2b,64,freq,val,de,ko,효과적인,"Das Gegenteil von ""효과적인"" ist """,비효과적인,0,3,23.125,22.5,-0.625
gemma-2-2b,64,freq,freq,de,ko,효과적인,"Das Gegenteil von ""효과적인"" ist """,비효과적인,0,2,23.125,22.875,-0.25
gemma-2-2b,65,desc,desc,de,ko,유명한,"Das Gegenteil von ""유명한"" ist """,무명의,10,10,20.125,20.125,0.0
gemma-2-2b,65,desc,val,de,ko,유명한,"Das Gegenteil von ""유명한"" ist """,무명의,10,9,20.125,17.875,-2.25
gemma-2-2b,65,desc,freq,de,ko,유명한,"Das Gegenteil von ""유명한"" ist """,무명의,10,16,20.125,13.0,-7.125
gemma-2-2b,65,val,desc,de,ko,유명한,"Das Gegenteil von ""유명한"" ist """,무명의,10,41,20.125,21.125,1.0
gemma-2-2b,65,val,val,de,ko,유명한,"Das Gegenteil von ""유명한"" ist """,무명의,10,40,20.125,21.25,1.125
gemma-2-2b,65,val,freq,de,ko,유명한,"Das Gegenteil von ""유명한"" ist """,무명의,10,17,20.125,17.125,-3.0
gemma-2-2b,65,freq,desc,de,ko,유명한,"Das Gegenteil von ""유명한"" ist """,무명의,10,25,20.125,20.375,0.25
gemma-2-2b,65,freq,val,de,ko,유명한,"Das Gegenteil von ""유명한"" ist """,무명의,10,33,20.125,20.0,-0.125
gemma-2-2b,65,freq,freq,de,ko,유명한,"Das Gegenteil von ""유명한"" ist """,무명의,10,33,20.125,20.25,0.125
gemma-2-2b,66,desc,desc,de,ko,관대한,"Das Gegenteil von ""관대한"" ist """,못된,59,62,18.875,18.875,0.0
gemma-2-2b,66,desc,val,de,ko,관대한,"Das Gegenteil von ""관대한"" ist """,못된,59,33,18.875,17.625,-1.25
gemma-2-2b,66,desc,freq,de,ko,관대한,"Das Gegenteil von ""관대한"" ist """,못된,59,19,18.875,14.75,-4.125
gemma-2-2b,66,val,desc,de,ko,관대한,"Das Gegenteil von ""관대한"" ist """,못된,59,219,18.875,19.75,0.875
gemma-2-2b,66,val,val,de,ko,관대한,"Das Gegenteil von ""관대한"" ist """,못된,59,232,18.875,19.875,1.0
gemma-2-2b,66,val,freq,de,ko,관대한,"Das Gegenteil von ""관대한"" ist """,못된,59,114,18.875,17.875,-1.0
gemma-2-2b,66,freq,desc,de,ko,관대한,"Das Gegenteil von ""관대한"" ist """,못된,59,89,18.875,17.75,-1.125
gemma-2-2b,66,freq,val,de,ko,관대한,"Das Gegenteil von ""관대한"" ist """,못된,59,218,18.875,17.5,-1.375
gemma-2-2b,66,freq,freq,de,ko,관대한,"Das Gegenteil von ""관대한"" ist """,못된,59,91,18.875,17.75,-1.125
gemma-2-2b,67,desc,desc,de,ko,행복한,"Das Gegenteil von ""행복한"" ist """,불행한,0,0,22.0,22.0,0.0
gemma-2-2b,67,desc,val,de,ko,행복한,"Das Gegenteil von ""행복한"" ist """,불행한,0,0,22.0,21.125,-0.875
gemma-2-2b,67,desc,freq,de,ko,행복한,"Das Gegenteil von ""행복한"" ist """,불행한,0,2,22.0,16.125,-5.875
gemma-2-2b,67,val,desc,de,ko,행복한,"Das Gegenteil von ""행복한"" ist """,불행한,0,7,22.0,22.25,0.25
gemma-2-2b,67,val,val,de,ko,행복한,"Das Gegenteil von ""행복한"" ist """,불행한,0,8,22.0,22.375,0.375
gemma-2-2b,67,val,freq,de,ko,행복한,"Das Gegenteil von ""행복한"" ist """,불행한,0,3,22.0,18.625,-3.375
gemma-2-2b,67,freq,desc,de,ko,행복한,"Das Gegenteil von ""행복한"" ist """,불행한,0,3,22.0,21.875,-0.125
gemma-2-2b,67,freq,val,de,ko,행복한,"Das Gegenteil von ""행복한"" ist """,불행한,0,5,22.0,21.625,-0.375
gemma-2-2b,67,freq,freq,de,ko,행복한,"Das Gegenteil von ""행복한"" ist """,불행한,0,3,22.0,21.75,-0.25
gemma-2-2b,68,desc,desc,de,ko,건강한,"Das Gegenteil von ""건강한"" ist """,건강하지 않은,0,0,22.125,22.125,0.0
gemma-2-2b,68,desc,val,de,ko,건강한,"Das Gegenteil von ""건강한"" ist """,건강하지 않은,0,0,22.125,20.5,-1.625
gemma-2-2b,68,desc,freq,de,ko,건강한,"Das Gegenteil von ""건강한"" ist """,건강하지 않은,0,0,22.125,16.75,-5.375
gemma-2-2b,68,val,desc,de,ko,건강한,"Das Gegenteil von ""건강한"" ist """,건강하지 않은,0,1,22.125,23.375,1.25
gemma-2-2b,68,val,val,de,ko,건강한,"Das Gegenteil von ""건강한"" ist """,건강하지 않은,0,0,22.125,23.5,1.375
gemma-2-2b,68,val,freq,de,ko,건강한,"Das Gegenteil von ""건강한"" ist """,건강하지 않은,0,0,22.125,19.875,-2.25
gemma-2-2b,68,freq,desc,de,ko,건강한,"Das Gegenteil von ""건강한"" ist """,건강하지 않은,0,1,22.125,21.75,-0.375
gemma-2-2b,68,freq,val,de,ko,건강한,"Das Gegenteil von ""건강한"" ist """,건강하지 않은,0,0,22.125,22.0,-0.125
gemma-2-2b,68,freq,freq,de,ko,건강한,"Das Gegenteil von ""건강한"" ist """,건강하지 않은,0,0,22.125,21.875,-0.25
gemma-2-2b,69,desc,desc,de,ko,높은,"Das Gegenteil von ""높은"" ist """,낮은,0,0,22.0,22.0,0.0
gemma-2-2b,69,desc,val,de,ko,높은,"Das Gegenteil von ""높은"" ist """,낮은,0,0,22.0,19.125,-2.875
gemma-2-2b,69,desc,freq,de,ko,높은,"Das Gegenteil von ""높은"" ist """,낮은,0,0,22.0,9.875,-12.125
gemma-2-2b,69,val,desc,de,ko,높은,"Das Gegenteil von ""높은"" ist """,낮은,0,2,22.0,23.0,1.0
gemma-2-2b,69,val,val,de,ko,높은,"Das Gegenteil von ""높은"" ist """,낮은,0,2,22.0,23.125,1.125
gemma-2-2b,69,val,freq,de,ko,높은,"Das Gegenteil von ""높은"" ist """,낮은,0,1,22.0,17.0,-5.0
gemma-2-2b,69,freq,desc,de,ko,높은,"Das Gegenteil von ""높은"" ist """,낮은,0,2,22.0,20.875,-1.125
gemma-2-2b,69,freq,val,de,ko,높은,"Das Gegenteil von ""높은"" ist """,낮은,0,2,22.0,21.0,-1.0
gemma-2-2b,69,freq,freq,de,ko,높은,"Das Gegenteil von ""높은"" ist """,낮은,0,2,22.0,21.0,-1.0
gemma-2-2b,70,desc,desc,de,ko,중요한,"Das Gegenteil von ""중요한"" ist """,중요하지 않은,0,0,24.75,24.75,0.0
gemma-2-2b,70,desc,val,de,ko,중요한,"Das Gegenteil von ""중요한"" ist """,중요하지 않은,0,0,24.75,23.0,-1.75
gemma-2-2b,70,desc,freq,de,ko,중요한,"Das Gegenteil von ""중요한"" ist """,중요하지 않은,0,0,24.75,20.625,-4.125
gemma-2-2b,70,val,desc,de,ko,중요한,"Das Gegenteil von ""중요한"" ist """,중요하지 않은,0,3,24.75,24.625,-0.125
gemma-2-2b,70,val,val,de,ko,중요한,"Das Gegenteil von ""중요한"" ist """,중요하지 않은,0,3,24.75,24.5,-0.25
gemma-2-2b,70,val,freq,de,ko,중요한,"Das Gegenteil von ""중요한"" ist """,중요하지 않은,0,0,24.75,23.5,-1.25
gemma-2-2b,70,freq,desc,de,ko,중요한,"Das Gegenteil von ""중요한"" ist """,중요하지 않은,0,0,24.75,24.5,-0.25
gemma-2-2b,70,freq,val,de,ko,중요한,"Das Gegenteil von ""중요한"" ist """,중요하지 않은,0,2,24.75,24.125,-0.625
gemma-2-2b,70,freq,freq,de,ko,중요한,"Das Gegenteil von ""중요한"" ist """,중요하지 않은,0,0,24.75,24.5,-0.25
gemma-2-2b,71,desc,desc,de,ko,무고한,"Das Gegenteil von ""무고한"" ist """,유죄의,13,15,21.625,21.625,0.0
gemma-2-2b,71,desc,val,de,ko,무고한,"Das Gegenteil von ""무고한"" ist """,유죄의,13,17,21.625,19.25,-2.375
gemma-2-2b,71,desc,freq,de,ko,무고한,"Das Gegenteil von ""무고한"" ist """,유죄의,13,44,21.625,16.75,-4.875
gemma-2-2b,71,val,desc,de,ko,무고한,"Das Gegenteil von ""무고한"" ist """,유죄의,13,432,21.625,19.625,-2.0
gemma-2-2b,71,val,val,de,ko,무고한,"Das Gegenteil von ""무고한"" ist """,유죄의,13,486,21.625,19.625,-2.0
gemma-2-2b,71,val,freq,de,ko,무고한,"Das Gegenteil von ""무고한"" ist """,유죄의,13,1029,21.625,17.125,-4.5
gemma-2-2b,71,freq,desc,de,ko,무고한,"Das Gegenteil von ""무고한"" ist """,유죄의,13,64,21.625,21.0,-0.625
gemma-2-2b,71,freq,val,de,ko,무고한,"Das Gegenteil von ""무고한"" ist """,유죄의,13,113,21.625,20.0,-1.625
gemma-2-2b,71,freq,freq,de,ko,무고한,"Das Gegenteil von ""무고한"" ist """,유죄의,13,74,21.625,20.875,-0.75
gemma-2-2b,72,desc,desc,de,ko,알려진,"Das Gegenteil von ""알려진"" ist """,알려지지 않은,0,0,23.625,23.625,0.0
gemma-2-2b,72,desc,val,de,ko,알려진,"Das Gegenteil von ""알려진"" ist """,알려지지 않은,0,0,23.625,21.625,-2.0
gemma-2-2b,72,desc,freq,de,ko,알려진,"Das Gegenteil von ""알려진"" ist """,알려지지 않은,0,0,23.625,17.25,-6.375
gemma-2-2b,72,val,desc,de,ko,알려진,"Das Gegenteil von ""알려진"" ist """,알려지지 않은,0,3,23.625,24.125,0.5
gemma-2-2b,72,val,val,de,ko,알려진,"Das Gegenteil von ""알려진"" ist """,알려지지 않은,0,3,23.625,24.125,0.5
gemma-2-2b,72,val,freq,de,ko,알려진,"Das Gegenteil von ""알려진"" ist """,알려지지 않은,0,0,23.625,21.375,-2.25
gemma-2-2b,72,freq,desc,de,ko,알려진,"Das Gegenteil von ""알려진"" ist """,알려지지 않은,0,0,23.625,23.75,0.125
gemma-2-2b,72,freq,val,de,ko,알려진,"Das Gegenteil von ""알려진"" ist """,알려지지 않은,0,3,23.625,23.5,-0.125
gemma-2-2b,72,freq,freq,de,ko,알려진,"Das Gegenteil von ""알려진"" ist """,알려지지 않은,0,0,23.625,23.75,0.125
gemma-2-2b,73,desc,desc,de,ko,남성의,"Das Gegenteil von ""남성의"" ist """,여성의,0,0,21.25,21.25,0.0
gemma-2-2b,73,desc,val,de,ko,남성의,"Das Gegenteil von ""남성의"" ist """,여성의,0,0,21.25,19.5,-1.75
gemma-2-2b,73,desc,freq,de,ko,남성의,"Das Gegenteil von ""남성의"" ist """,여성의,0,0,21.25,14.5,-6.75
gemma-2-2b,73,val,desc,de,ko,남성의,"Das Gegenteil von ""남성의"" ist """,여성의,0,3,21.25,22.0,0.75
gemma-2-2b,73,val,val,de,ko,남성의,"Das Gegenteil von ""남성의"" ist """,여성의,0,4,21.25,22.375,1.125
gemma-2-2b,73,val,freq,de,ko,남성의,"Das Gegenteil von ""남성의"" ist """,여성의,0,0,21.25,17.5,-3.75
gemma-2-2b,73,freq,desc,de,ko,남성의,"Das Gegenteil von ""남성의"" ist """,여성의,0,0,21.25,21.75,0.5
gemma-2-2b,73,freq,val,de,ko,남성의,"Das Gegenteil von ""남성의"" ist """,여성의,0,1,21.25,21.25,0.0
gemma-2-2b,73,freq,freq,de,ko,남성의,"Das Gegenteil von ""남성의"" ist """,여성의,0,0,21.25,21.75,0.5
gemma-2-2b,74,desc,desc,de,ko,정상적인,"Das Gegenteil von ""정상적인"" ist """,비정상적인,1,1,22.25,22.25,0.0
gemma-2-2b,74,desc,val,de,ko,정상적인,"Das Gegenteil von ""정상적인"" ist """,비정상적인,1,6,22.25,19.125,-3.125
gemma-2-2b,74,desc,freq,de,ko,정상적인,"Das Gegenteil von ""정상적인"" ist """,비정상적인,1,9,22.25,15.375,-6.875
gemma-2-2b,74,val,desc,de,ko,정상적인,"Das Gegenteil von ""정상적인"" ist """,비정상적인,1,51,22.25,21.5,-0.75
gemma-2-2b,74,val,val,de,ko,정상적인,"Das Gegenteil von ""정상적인"" ist """,비정상적인,1,53,22.25,21.5,-0.75
gemma-2-2b,74,val,freq,de,ko,정상적인,"Das Gegenteil von ""정상적인"" ist """,비정상적인,1,43,22.25,18.25,-4.0
gemma-2-2b,74,freq,desc,de,ko,정상적인,"Das Gegenteil von ""정상적인"" ist """,비정상적인,1,23,22.25,21.25,-1.0
gemma-2-2b,74,freq,val,de,ko,정상적인,"Das Gegenteil von ""정상적인"" ist """,비정상적인,1,32,22.25,20.875,-1.375
gemma-2-2b,74,freq,freq,de,ko,정상적인,"Das Gegenteil von ""정상적인"" ist """,비정상적인,1,24,22.25,21.25,-1.0
gemma-2-2b,75,desc,desc,de,ko,가능한,"Das Gegenteil von ""가능한"" ist """,불가능한,0,0,21.75,21.75,0.0
gemma-2-2b,75,desc,val,de,ko,가능한,"Das Gegenteil von ""가능한"" ist """,불가능한,0,0,21.75,20.5,-1.25
gemma-2-2b,75,desc,freq,de,ko,가능한,"Das Gegenteil von ""가능한"" ist """,불가능한,0,0,21.75,14.25,-7.5
gemma-2-2b,75,val,desc,de,ko,가능한,"Das Gegenteil von ""가능한"" ist """,불가능한,0,11,21.75,20.875,-0.875
gemma-2-2b,75,val,val,de,ko,가능한,"Das Gegenteil von ""가능한"" ist """,불가능한,0,14,21.75,21.0,-0.75
gemma-2-2b,75,val,freq,de,ko,가능한,"Das Gegenteil von ""가능한"" ist """,불가능한,0,2,21.75,16.375,-5.375
gemma-2-2b,75,freq,desc,de,ko,가능한,"Das Gegenteil von ""가능한"" ist """,불가능한,0,7,21.75,20.5,-1.25
gemma-2-2b,75,freq,val,de,ko,가능한,"Das Gegenteil von ""가능한"" ist """,불가능한,0,8,21.75,20.25,-1.5
gemma-2-2b,75,freq,freq,de,ko,가능한,"Das Gegenteil von ""가능한"" ist """,불가능한,0,9,21.75,20.375,-1.375
gemma-2-2b,76,desc,desc,de,ko,사적인,"Das Gegenteil von ""사적인"" ist """,공적인,1,1,23.125,23.375,0.25
gemma-2-2b,76,desc,val,de,ko,사적인,"Das Gegenteil von ""사적인"" ist """,공적인,1,1,23.125,21.5,-1.625
gemma-2-2b,76,desc,freq,de,ko,사적인,"Das Gegenteil von ""사적인"" ist """,공적인,1,1,23.125,19.0,-4.125
gemma-2-2b,76,val,desc,de,ko,사적인,"Das Gegenteil von ""사적인"" ist """,공적인,1,3,23.125,24.25,1.125
gemma-2-2b,76,val,val,de,ko,사적인,"Das Gegenteil von ""사적인"" ist """,공적인,1,3,23.125,24.5,1.375
gemma-2-2b,76,val,freq,de,ko,사적인,"Das Gegenteil von ""사적인"" ist """,공적인,1,2,23.125,22.75,-0.375
gemma-2-2b,76,freq,desc,de,ko,사적인,"Das Gegenteil von ""사적인"" ist """,공적인,1,1,23.125,23.625,0.5
gemma-2-2b,76,freq,val,de,ko,사적인,"Das Gegenteil von ""사적인"" ist """,공적인,1,2,23.125,23.875,0.75
gemma-2-2b,76,freq,freq,de,ko,사적인,"Das Gegenteil von ""사적인"" ist """,공적인,1,1,23.125,23.75,0.625
gemma-2-2b,77,desc,desc,de,ko,올바른,"Das Gegenteil von ""올바른"" ist """,틀린,15,16,19.25,19.25,0.0
gemma-2-2b,77,desc,val,de,ko,올바른,"Das Gegenteil von ""올바른"" ist """,틀린,15,30,19.25,16.25,-3.0
gemma-2-2b,77,desc,freq,de,ko,올바른,"Das Gegenteil von ""올바른"" ist """,틀린,15,10,19.25,12.6875,-6.5625
gemma-2-2b,77,val,desc,de,ko,올바른,"Das Gegenteil von ""올바른"" ist """,틀린,15,124,19.25,19.75,0.5
gemma-2-2b,77,val,val,de,ko,올바른,"Das Gegenteil von ""올바른"" ist """,틀린,15,133,19.25,19.875,0.625
gemma-2-2b,77,val,freq,de,ko,올바른,"Das Gegenteil von ""올바른"" ist """,틀린,15,17,19.25,17.5,-1.75
gemma-2-2b,77,freq,desc,de,ko,올바른,"Das Gegenteil von ""올바른"" ist """,틀린,15,170,19.25,18.0,-1.25
gemma-2-2b,77,freq,val,de,ko,올바른,"Das Gegenteil von ""올바른"" ist """,틀린,15,161,19.25,17.75,-1.5
gemma-2-2b,77,freq,freq,de,ko,올바른,"Das Gegenteil von ""올바른"" ist """,틀린,15,167,19.25,18.125,-1.125
gemma-2-2b,78,desc,desc,de,ko,단순한,"Das Gegenteil von ""단순한"" ist """,복잡한,0,0,22.25,22.25,0.0
gemma-2-2b,78,desc,val,de,ko,단순한,"Das Gegenteil von ""단순한"" ist """,복잡한,0,1,22.25,21.25,-1.0
gemma-2-2b,78,desc,freq,de,ko,단순한,"Das Gegenteil von ""단순한"" ist """,복잡한,0,1,22.25,19.625,-2.625
gemma-2-2b,78,val,desc,de,ko,단순한,"Das Gegenteil von ""단순한"" ist """,복잡한,0,10,22.25,22.875,0.625
gemma-2-2b,78,val,val,de,ko,단순한,"Das Gegenteil von ""단순한"" ist """,복잡한,0,9,22.25,22.875,0.625
gemma-2-2b,78,val,freq,de,ko,단순한,"Das Gegenteil von ""단순한"" ist """,복잡한,0,0,22.25,22.125,-0.125
gemma-2-2b,78,freq,desc,de,ko,단순한,"Das Gegenteil von ""단순한"" ist """,복잡한,0,5,22.25,22.125,-0.125
gemma-2-2b,78,freq,val,de,ko,단순한,"Das Gegenteil von ""단순한"" ist """,복잡한,0,6,22.25,22.25,0.0
gemma-2-2b,78,freq,freq,de,ko,단순한,"Das Gegenteil von ""단순한"" ist """,복잡한,0,5,22.25,22.125,-0.125
gemma-2-2b,79,desc,desc,de,ko,달콤한,"Das Gegenteil von ""달콤한"" ist """,쓴,16,16,15.125,15.125,0.0
gemma-2-2b,79,desc,val,de,ko,달콤한,"Das Gegenteil von ""달콤한"" ist """,쓴,16,59,15.125,11.8125,-3.3125
gemma-2-2b,79,desc,freq,de,ko,달콤한,"Das Gegenteil von ""달콤한"" ist """,쓴,16,53,15.125,4.09375,-11.03125
gemma-2-2b,79,val,desc,de,ko,달콤한,"Das Gegenteil von ""달콤한"" ist """,쓴,16,170,15.125,16.5,1.375
gemma-2-2b,79,val,val,de,ko,달콤한,"Das Gegenteil von ""달콤한"" ist """,쓴,16,201,15.125,16.75,1.625
gemma-2-2b,79,val,freq,de,ko,달콤한,"Das Gegenteil von ""달콤한"" ist """,쓴,16,43,15.125,11.625,-3.5
gemma-2-2b,79,freq,desc,de,ko,달콤한,"Das Gegenteil von ""달콤한"" ist """,쓴,16,157,15.125,15.25,0.125
gemma-2-2b,79,freq,val,de,ko,달콤한,"Das Gegenteil von ""달콤한"" ist """,쓴,16,207,15.125,15.125,0.0
gemma-2-2b,79,freq,freq,de,ko,달콤한,"Das Gegenteil von ""달콤한"" ist """,쓴,16,140,15.125,15.375,0.25
gemma-2-2b,80,desc,desc,de,ko,보이는,"Das Gegenteil von ""보이는"" ist """,보이지 않는,0,0,20.625,20.625,0.0
gemma-2-2b,80,desc,val,de,ko,보이는,"Das Gegenteil von ""보이는"" ist """,보이지 않는,0,0,20.625,20.375,-0.25
gemma-2-2b,80,desc,freq,de,ko,보이는,"Das Gegenteil von ""보이는"" ist """,보이지 않는,0,3,20.625,13.4375,-7.1875
gemma-2-2b,80,val,desc,de,ko,보이는,"Das Gegenteil von ""보이는"" ist """,보이지 않는,0,9,20.625,21.625,1.0
gemma-2-2b,80,val,val,de,ko,보이는,"Das Gegenteil von ""보이는"" ist """,보이지 않는,0,9,20.625,21.875,1.25
gemma-2-2b,80,val,freq,de,ko,보이는,"Das Gegenteil von ""보이는"" ist """,보이지 않는,0,56,20.625,14.5625,-6.0625
gemma-2-2b,80,freq,desc,de,ko,보이는,"Das Gegenteil von ""보이는"" ist """,보이지 않는,0,1,20.625,21.0,0.375
gemma-2-2b,80,freq,val,de,ko,보이는,"Das Gegenteil von ""보이는"" ist """,보이지 않는,0,1,20.625,21.375,0.75
gemma-2-2b,80,freq,freq,de,ko,보이는,"Das Gegenteil von ""보이는"" ist """,보이지 않는,0,1,20.625,21.125,0.5
gemma-2-2b,81,desc,desc,de,ko,따뜻한,"Das Gegenteil von ""따뜻한"" ist """,차가운,11,12,16.125,16.125,0.0
gemma-2-2b,81,desc,val,de,ko,따뜻한,"Das Gegenteil von ""따뜻한"" ist """,차가운,11,20,16.125,14.5,-1.625
gemma-2-2b,81,desc,freq,de,ko,따뜻한,"Das Gegenteil von ""따뜻한"" ist """,차가운,11,5,16.125,7.90625,-8.21875
gemma-2-2b,81,val,desc,de,ko,따뜻한,"Das Gegenteil von ""따뜻한"" ist """,차가운,11,265,16.125,16.25,0.125
gemma-2-2b,81,val,val,de,ko,따뜻한,"Das Gegenteil von ""따뜻한"" ist """,차가운,11,333,16.125,16.375,0.25
gemma-2-2b,81,val,freq,de,ko,따뜻한,"Das Gegenteil von ""따뜻한"" ist """,차가운,11,29,16.125,12.9375,-3.1875
gemma-2-2b,81,freq,desc,de,ko,따뜻한,"Das Gegenteil von ""따뜻한"" ist """,차가운,11,34,16.125,17.75,1.625
gemma-2-2b,81,freq,val,de,ko,따뜻한,"Das Gegenteil von ""따뜻한"" ist """,차가운,11,83,16.125,16.125,0.0
gemma-2-2b,81,freq,freq,de,ko,따뜻한,"Das Gegenteil von ""따뜻한"" ist """,차가운,11,36,16.125,17.75,1.625
gemma-2-2b,82,desc,desc,de,ko,매끄러운,"Das Gegenteil von ""매끄러운"" ist """,거친,2,2,21.0,21.0,0.0
gemma-2-2b,82,desc,val,de,ko,매끄러운,"Das Gegenteil von ""매끄러운"" ist """,거친,2,2,21.0,19.875,-1.125
gemma-2-2b,82,desc,freq,de,ko,매끄러운,"Das Gegenteil von ""매끄러운"" ist """,거친,2,0,21.0,18.125,-2.875
gemma-2-2b,82,val,desc,de,ko,매끄러운,"Das Gegenteil von ""매끄러운"" ist """,거친,2,89,21.0,21.25,0.25
gemma-2-2b,82,val,val,de,ko,매끄러운,"Das Gegenteil von ""매끄러운"" ist """,거친,2,90,21.0,21.375,0.375
gemma-2-2b,82,val,freq,de,ko,매끄러운,"Das Gegenteil von ""매끄러운"" ist """,거친,2,30,21.0,19.875,-1.125
gemma-2-2b,82,freq,desc,de,ko,매끄러운,"Das Gegenteil von ""매끄러운"" ist """,거친,2,21,21.0,21.0,0.0
gemma-2-2b,82,freq,val,de,ko,매끄러운,"Das Gegenteil von ""매끄러운"" ist """,거친,2,41,21.0,20.5,-0.5
gemma-2-2b,82,freq,freq,de,ko,매끄러운,"Das Gegenteil von ""매끄러운"" ist """,거친,2,21,21.0,21.125,0.125
gemma-2-2b,83,desc,desc,de,ko,얇은,"Das Gegenteil von ""얇은"" ist """,두꺼운,0,0,20.375,20.5,0.125
gemma-2-2b,83,desc,val,de,ko,얇은,"Das Gegenteil von ""얇은"" ist """,두꺼운,0,0,20.375,19.75,-0.625
gemma-2-2b,83,desc,freq,de,ko,얇은,"Das Gegenteil von ""얇은"" ist """,두꺼운,0,1,20.375,16.25,-4.125
gemma-2-2b,83,val,desc,de,ko,얇은,"Das Gegenteil von ""얇은"" ist """,두꺼운,0,30,20.375,20.75,0.375
gemma-2-2b,83,val,val,de,ko,얇은,"Das Gegenteil von ""얇은"" ist """,두꺼운,0,31,20.375,20.875,0.5
gemma-2-2b,83,val,freq,de,ko,얇은,"Das Gegenteil von ""얇은"" ist """,두꺼운,0,26,20.375,17.875,-2.5
gemma-2-2b,83,freq,desc,de,ko,얇은,"Das Gegenteil von ""얇은"" ist """,두꺼운,0,3,20.375,21.0,0.625
gemma-2-2b,83,freq,val,de,ko,얇은,"Das Gegenteil von ""얇은"" ist """,두꺼운,0,6,20.375,20.75,0.375
gemma-2-2b,83,freq,freq,de,ko,얇은,"Das Gegenteil von ""얇은"" ist """,두꺼운,0,3,20.375,21.0,0.625
gemma-2-2b,84,desc,desc,de,ko,키가 큰,"Das Gegenteil von ""키가 큰"" ist """,키가 작은,0,0,22.25,22.625,0.375
gemma-2-2b,84,desc,val,de,ko,키가 큰,"Das Gegenteil von ""키가 큰"" ist """,키가 작은,0,1,22.25,21.5,-0.75
gemma-2-2b,84,desc,freq,de,ko,키가 큰,"Das Gegenteil von ""키가 큰"" ist """,키가 작은,0,1,22.25,18.125,-4.125
gemma-2-2b,84,val,desc,de,ko,키가 큰,"Das Gegenteil von ""키가 큰"" ist """,키가 작은,0,0,22.25,25.125,2.875
gemma-2-2b,84,val,val,de,ko,키가 큰,"Das Gegenteil von ""키가 큰"" ist """,키가 작은,0,0,22.25,25.25,3.0
gemma-2-2b,84,val,freq,de,ko,키가 큰,"Das Gegenteil von ""키가 큰"" ist """,키가 작은,0,0,22.25,23.125,0.875
gemma-2-2b,84,freq,desc,de,ko,키가 큰,"Das Gegenteil von ""키가 큰"" ist """,키가 작은,0,0,22.25,24.125,1.875
gemma-2-2b,84,freq,val,de,ko,키가 큰,"Das Gegenteil von ""키가 큰"" ist """,키가 작은,0,0,22.25,24.5,2.25
gemma-2-2b,84,freq,freq,de,ko,키가 큰,"Das Gegenteil von ""키가 큰"" ist """,키가 작은,0,0,22.25,24.125,1.875
gemma-2-2b,85,desc,desc,de,ko,결혼한,"Das Gegenteil von ""결혼한"" ist """,미혼의,1,1,19.625,19.75,0.125
gemma-2-2b,85,desc,val,de,ko,결혼한,"Das Gegenteil von ""결혼한"" ist """,미혼의,1,4,19.625,17.375,-2.25
gemma-2-2b,85,desc,freq,de,ko,결혼한,"Das Gegenteil von ""결혼한"" ist """,미혼의,1,4,19.625,12.1875,-7.4375
gemma-2-2b,85,val,desc,de,ko,결혼한,"Das Gegenteil von ""결혼한"" ist """,미혼의,1,53,19.625,19.5,-0.125
gemma-2-2b,85,val,val,de,ko,결혼한,"Das Gegenteil von ""결혼한"" ist """,미혼의,1,53,19.625,19.75,0.125
gemma-2-2b,85,val,freq,de,ko,결혼한,"Das Gegenteil von ""결혼한"" ist """,미혼의,1,36,19.625,14.5,-5.125
gemma-2-2b,85,freq,desc,de,ko,결혼한,"Das Gegenteil von ""결혼한"" ist """,미혼의,1,10,19.625,19.875,0.25
gemma-2-2b,85,freq,val,de,ko,결혼한,"Das Gegenteil von ""결혼한"" ist """,미혼의,1,18,19.625,19.125,-0.5
gemma-2-2b,85,freq,freq,de,ko,결혼한,"Das Gegenteil von ""결혼한"" ist """,미혼의,1,14,19.625,19.75,0.125
gemma-2-2b,86,desc,desc,de,ko,낙관적인,"Das Gegenteil von ""낙관적인"" ist """,비관적인,1,1,20.875,20.875,0.0
gemma-2-2b,86,desc,val,de,ko,낙관적인,"Das Gegenteil von ""낙관적인"" ist """,비관적인,1,2,20.875,17.875,-3.0
gemma-2-2b,86,desc,freq,de,ko,낙관적인,"Das Gegenteil von ""낙관적인"" ist """,비관적인,1,2,20.875,13.1875,-7.6875
gemma-2-2b,86,val,desc,de,ko,낙관적인,"Das Gegenteil von ""낙관적인"" ist """,비관적인,1,31,20.875,19.75,-1.125
gemma-2-2b,86,val,val,de,ko,낙관적인,"Das Gegenteil von ""낙관적인"" ist """,비관적인,1,39,20.875,19.75,-1.125
gemma-2-2b,86,val,freq,de,ko,낙관적인,"Das Gegenteil von ""낙관적인"" ist """,비관적인,1,16,20.875,15.5625,-5.3125
gemma-2-2b,86,freq,desc,de,ko,낙관적인,"Das Gegenteil von ""낙관적인"" ist """,비관적인,1,8,20.875,19.375,-1.5
gemma-2-2b,86,freq,val,de,ko,낙관적인,"Das Gegenteil von ""낙관적인"" ist """,비관적인,1,17,20.875,19.125,-1.75
gemma-2-2b,86,freq,freq,de,ko,낙관적인,"Das Gegenteil von ""낙관적인"" ist """,비관적인,1,9,20.875,19.25,-1.625
gemma-2-2b,87,desc,desc,de,ko,영구적인,"Das Gegenteil von ""영구적인"" ist """,일시적인,5,5,21.5,21.5,0.0
gemma-2-2b,87,desc,val,de,ko,영구적인,"Das Gegenteil von ""영구적인"" ist """,일시적인,5,9,21.5,19.375,-2.125
gemma-2-2b,87,desc,freq,de,ko,영구적인,"Das Gegenteil von ""영구적인"" ist """,일시적인,5,13,21.5,14.3125,-7.1875
gemma-2-2b,87,val,desc,de,ko,영구적인,"Das Gegenteil von ""영구적인"" ist """,일시적인,5,77,21.5,20.75,-0.75
gemma-2-2b,87,val,val,de,ko,영구적인,"Das Gegenteil von ""영구적인"" ist """,일시적인,5,119,21.5,20.375,-1.125
gemma-2-2b,87,val,freq,de,ko,영구적인,"Das Gegenteil von ""영구적인"" ist """,일시적인,5,70,21.5,17.5,-4.0
gemma-2-2b,87,freq,desc,de,ko,영구적인,"Das Gegenteil von ""영구적인"" ist """,일시적인,5,21,21.5,20.5,-1.0
gemma-2-2b,87,freq,val,de,ko,영구적인,"Das Gegenteil von ""영구적인"" ist """,일시적인,5,51,21.5,19.75,-1.75
gemma-2-2b,87,freq,freq,de,ko,영구적인,"Das Gegenteil von ""영구적인"" ist """,일시적인,5,23,21.5,20.5,-1.0
gemma-2-2b,88,desc,desc,de,ko,현재의,"Das Gegenteil von ""현재의"" ist """,과거의,21,20,20.375,20.625,0.25
gemma-2-2b,88,desc,val,de,ko,현재의,"Das Gegenteil von ""현재의"" ist """,과거의,21,54,20.375,17.0,-3.375
gemma-2-2b,88,desc,freq,de,ko,현재의,"Das Gegenteil von ""현재의"" ist """,과거의,21,46,20.375,13.1875,-7.1875
gemma-2-2b,88,val,desc,de,ko,현재의,"Das Gegenteil von ""현재의"" ist """,과거의,21,523,20.375,18.5,-1.875
gemma-2-2b,88,val,val,de,ko,현재의,"Das Gegenteil von ""현재의"" ist """,과거의,21,603,20.375,18.5,-1.875
gemma-2-2b,88,val,freq,de,ko,현재의,"Das Gegenteil von ""현재의"" ist """,과거의,21,145,20.375,17.0,-3.375
gemma-2-2b,88,freq,desc,de,ko,현재의,"Das Gegenteil von ""현재의"" ist """,과거의,21,77,20.375,20.0,-0.375
gemma-2-2b,88,freq,val,de,ko,현재의,"Das Gegenteil von ""현재의"" ist """,과거의,21,140,20.375,18.875,-1.5
gemma-2-2b,88,freq,freq,de,ko,현재의,"Das Gegenteil von ""현재의"" ist """,과거의,21,85,20.375,19.875,-0.5
gemma-2-2b,89,desc,desc,de,ko,공공의,"Das Gegenteil von ""공공의"" ist """,사적인,2,2,20.125,20.25,0.125
gemma-2-2b,89,desc,val,de,ko,공공의,"Das Gegenteil von ""공공의"" ist """,사적인,2,6,20.125,18.125,-2.0
gemma-2-2b,89,desc,freq,de,ko,공공의,"Das Gegenteil von ""공공의"" ist """,사적인,2,6,20.125,13.9375,-6.1875
gemma-2-2b,89,val,desc,de,ko,공공의,"Das Gegenteil von ""공공의"" ist """,사적인,2,25,20.125,21.25,1.125
gemma-2-2b,89,val,val,de,ko,공공의,"Das Gegenteil von ""공공의"" ist """,사적인,2,28,20.125,21.375,1.25
gemma-2-2b,89,val,freq,de,ko,공공의,"Das Gegenteil von ""공공의"" ist """,사적인,2,20,20.125,17.5,-2.625
gemma-2-2b,89,freq,desc,de,ko,공공의,"Das Gegenteil von ""공공의"" ist """,사적인,2,9,20.125,21.125,1.0
gemma-2-2b,89,freq,val,de,ko,공공의,"Das Gegenteil von ""공공의"" ist """,사적인,2,14,20.125,20.375,0.25
gemma-2-2b,89,freq,freq,de,ko,공공의,"Das Gegenteil von ""공공의"" ist """,사적인,2,9,20.125,21.125,1.0
gemma-2-2b,90,desc,desc,de,ko,실제적인,"Das Gegenteil von ""실제적인"" ist """,비현실적인,1,1,21.625,21.625,0.0
gemma-2-2b,90,desc,val,de,ko,실제적인,"Das Gegenteil von ""실제적인"" ist """,비현실적인,1,1,21.625,18.875,-2.75
gemma-2-2b,90,desc,freq,de,ko,실제적인,"Das Gegenteil von ""실제적인"" ist """,비현실적인,1,1,21.625,14.875,-6.75
gemma-2-2b,90,val,desc,de,ko,실제적인,"Das Gegenteil von ""실제적인"" ist """,비현실적인,1,50,21.625,20.75,-0.875
gemma-2-2b,90,val,val,de,ko,실제적인,"Das Gegenteil von ""실제적인"" ist """,비현실적인,1,60,21.625,21.0,-0.625
gemma-2-2b,90,val,freq,de,ko,실제적인,"Das Gegenteil von ""실제적인"" ist """,비현실적인,1,28,21.625,17.625,-4.0
gemma-2-2b,90,freq,desc,de,ko,실제적인,"Das Gegenteil von ""실제적인"" ist """,비현실적인,1,2,21.625,20.75,-0.875
gemma-2-2b,90,freq,val,de,ko,실제적인,"Das Gegenteil von ""실제적인"" ist """,비현실적인,1,29,21.625,20.375,-1.25
gemma-2-2b,90,freq,freq,de,ko,실제적인,"Das Gegenteil von ""실제적인"" ist """,비현실적인,1,2,21.625,20.75,-0.875
gemma-2-2b,91,desc,desc,de,ko,책임 있는,"Das Gegenteil von ""책임 있는"" ist """,무책임한,2,2,22.125,22.125,0.0
gemma-2-2b,91,desc,val,de,ko,책임 있는,"Das Gegenteil von ""책임 있는"" ist """,무책임한,2,4,22.125,20.125,-2.0
gemma-2-2b,91,desc,freq,de,ko,책임 있는,"Das Gegenteil von ""책임 있는"" ist """,무책임한,2,2,22.125,17.75,-4.375
gemma-2-2b,91,val,desc,de,ko,책임 있는,"Das Gegenteil von ""책임 있는"" ist """,무책임한,2,4,22.125,23.5,1.375
gemma-2-2b,91,val,val,de,ko,책임 있는,"Das Gegenteil von ""책임 있는"" ist """,무책임한,2,5,22.125,23.5,1.375
gemma-2-2b,91,val,freq,de,ko,책임 있는,"Das Gegenteil von ""책임 있는"" ist """,무책임한,2,0,22.125,21.5,-0.625
gemma-2-2b,91,freq,desc,de,ko,책임 있는,"Das Gegenteil von ""책임 있는"" ist """,무책임한,2,4,22.125,22.25,0.125
gemma-2-2b,91,freq,val,de,ko,책임 있는,"Das Gegenteil von ""책임 있는"" ist """,무책임한,2,5,22.125,22.125,0.0
gemma-2-2b,91,freq,freq,de,ko,책임 있는,"Das Gegenteil von ""책임 있는"" ist """,무책임한,2,5,22.125,22.125,0.0
gemma-2-2b,92,desc,desc,de,ko,독신의,"Das Gegenteil von ""독신의"" ist """,결혼한,29,26,20.5,20.625,0.125
gemma-2-2b,92,desc,val,de,ko,독신의,"Das Gegenteil von ""독신의"" ist """,결혼한,29,34,20.5,18.0,-2.5
gemma-2-2b,92,desc,freq,de,ko,독신의,"Das Gegenteil von ""독신의"" ist """,결혼한,29,75,20.5,13.9375,-6.5625
gemma-2-2b,92,val,desc,de,ko,독신의,"Das Gegenteil von ""독신의"" ist """,결혼한,29,927,20.5,18.375,-2.125
gemma-2-2b,92,val,val,de,ko,독신의,"Das Gegenteil von ""독신의"" ist """,결혼한,29,874,20.5,18.75,-1.75
gemma-2-2b,92,val,freq,de,ko,독신의,"Das Gegenteil von ""독신의"" ist """,결혼한,29,1710,20.5,15.25,-5.25
gemma-2-2b,92,freq,desc,de,ko,독신의,"Das Gegenteil von ""독신의"" ist """,결혼한,29,287,20.5,19.125,-1.375
gemma-2-2b,92,freq,val,de,ko,독신의,"Das Gegenteil von ""독신의"" ist """,결혼한,29,305,20.5,18.5,-2.0
gemma-2-2b,92,freq,freq,de,ko,독신의,"Das Gegenteil von ""독신의"" ist """,결혼한,29,249,20.5,19.25,-1.25
gemma-2-2b,93,desc,desc,de,ko,신,"Das Gegenteil von ""신"" ist """,달콤한,715,807,12.8125,12.6875,-0.125
gemma-2-2b,93,desc,val,de,ko,신,"Das Gegenteil von ""신"" ist """,달콤한,715,2635,12.8125,8.5625,-4.25
gemma-2-2b,93,desc,freq,de,ko,신,"Das Gegenteil von ""신"" ist """,달콤한,715,5974,12.8125,2.515625,-10.296875
gemma-2-2b,93,val,desc,de,ko,신,"Das Gegenteil von ""신"" ist """,달콤한,715,42070,12.8125,9.6875,-3.125
gemma-2-2b,93,val,val,de,ko,신,"Das Gegenteil von ""신"" ist """,달콤한,715,34779,12.8125,10.375,-2.4375
gemma-2-2b,93,val,freq,de,ko,신,"Das Gegenteil von ""신"" ist """,달콤한,715,49012,12.8125,3.78125,-9.03125
gemma-2-2b,93,freq,desc,de,ko,신,"Das Gegenteil von ""신"" ist """,달콤한,715,29157,12.8125,9.75,-3.0625
gemma-2-2b,93,freq,val,de,ko,신,"Das Gegenteil von ""신"" ist """,달콤한,715,31992,12.8125,8.25,-4.5625
gemma-2-2b,93,freq,freq,de,ko,신,"Das Gegenteil von ""신"" ist """,달콤한,715,30821,12.8125,9.625,-3.1875
gemma-2-2b,94,desc,desc,de,ko,유용한,"Das Gegenteil von ""유용한"" ist """,쓸모없는,4,4,22.0,22.0,0.0
gemma-2-2b,94,desc,val,de,ko,유용한,"Das Gegenteil von ""유용한"" ist """,쓸모없는,4,4,22.0,19.75,-2.25
gemma-2-2b,94,desc,freq,de,ko,유용한,"Das Gegenteil von ""유용한"" ist """,쓸모없는,4,3,22.0,18.25,-3.75
gemma-2-2b,94,val,desc,de,ko,유용한,"Das Gegenteil von ""유용한"" ist """,쓸모없는,4,16,22.0,22.375,0.375
gemma-2-2b,94,val,val,de,ko,유용한,"Das Gegenteil von ""유용한"" ist """,쓸모없는,4,17,22.0,22.375,0.375
gemma-2-2b,94,val,freq,de,ko,유용한,"Das Gegenteil von ""유용한"" ist """,쓸모없는,4,2,22.0,21.75,-0.25
gemma-2-2b,94,freq,desc,de,ko,유용한,"Das Gegenteil von ""유용한"" ist """,쓸모없는,4,36,22.0,21.0,-1.0
gemma-2-2b,94,freq,val,de,ko,유용한,"Das Gegenteil von ""유용한"" ist """,쓸모없는,4,35,22.0,20.5,-1.5
gemma-2-2b,94,freq,freq,de,ko,유용한,"Das Gegenteil von ""유용한"" ist """,쓸모없는,4,32,22.0,21.125,-0.875
gemma-2-2b,95,desc,desc,de,ko,수직의,"Das Gegenteil von ""수직의"" ist """,수평의,0,0,23.375,23.375,0.0
gemma-2-2b,95,desc,val,de,ko,수직의,"Das Gegenteil von ""수직의"" ist """,수평의,0,0,23.375,21.5,-1.875
gemma-2-2b,95,desc,freq,de,ko,수직의,"Das Gegenteil von ""수직의"" ist """,수평의,0,1,23.375,16.75,-6.625
gemma-2-2b,95,val,desc,de,ko,수직의,"Das Gegenteil von ""수직의"" ist """,수평의,0,5,23.375,23.5,0.125
gemma-2-2b,95,val,val,de,ko,수직의,"Das Gegenteil von ""수직의"" ist """,수평의,0,5,23.375,23.625,0.25
gemma-2-2b,95,val,freq,de,ko,수직의,"Das Gegenteil von ""수직의"" ist """,수평의,0,1,23.375,20.75,-2.625
gemma-2-2b,95,freq,desc,de,ko,수직의,"Das Gegenteil von ""수직의"" ist """,수평의,0,0,23.375,23.125,-0.25
gemma-2-2b,95,freq,val,de,ko,수직의,"Das Gegenteil von ""수직의"" ist """,수평의,0,2,23.375,22.875,-0.5
gemma-2-2b,95,freq,freq,de,ko,수직의,"Das Gegenteil von ""수직의"" ist """,수평의,0,0,23.375,23.0,-0.375
gemma-2-2b,96,desc,desc,de,ko,잘,"Das Gegenteil von ""잘"" ist """,못,2,2,18.75,18.875,0.125
gemma-2-2b,96,desc,val,de,ko,잘,"Das Gegenteil von ""잘"" ist """,못,2,2,18.75,17.75,-1.0
gemma-2-2b,96,desc,freq,de,ko,잘,"Das Gegenteil von ""잘"" ist """,못,2,1,18.75,12.25,-6.5
gemma-2-2b,96,val,desc,de,ko,잘,"Das Gegenteil von ""잘"" ist """,못,2,6,18.75,20.75,2.0
gemma-2-2b,96,val,val,de,ko,잘,"Das Gegenteil von ""잘"" ist """,못,2,7,18.75,20.875,2.125
gemma-2-2b,96,val,freq,de,ko,잘,"Das Gegenteil von ""잘"" ist """,못,2,6,18.75,15.375,-3.375
gemma-2-2b,96,freq,desc,de,ko,잘,"Das Gegenteil von ""잘"" ist """,못,2,12,18.75,18.75,0.0
gemma-2-2b,96,freq,val,de,ko,잘,"Das Gegenteil von ""잘"" ist """,못,2,13,18.75,18.375,-0.375
gemma-2-2b,96,freq,freq,de,ko,잘,"Das Gegenteil von ""잘"" ist """,못,2,13,18.75,18.75,0.0
gemma-2-2b,97,desc,desc,de,ko,승리하는,"Das Gegenteil von ""승리하는"" ist """,패배하는,1,1,20.25,20.25,0.0
gemma-2-2b,97,desc,val,de,ko,승리하는,"Das Gegenteil von ""승리하는"" ist """,패배하는,1,1,20.25,18.125,-2.125
gemma-2-2b,97,desc,freq,de,ko,승리하는,"Das Gegenteil von ""승리하는"" ist """,패배하는,1,1,20.25,14.9375,-5.3125
gemma-2-2b,97,val,desc,de,ko,승리하는,"Das Gegenteil von ""승리하는"" ist """,패배하는,1,8,20.25,21.375,1.125
gemma-2-2b,97,val,val,de,ko,승리하는,"Das Gegenteil von ""승리하는"" ist """,패배하는,1,8,20.25,21.75,1.5
gemma-2-2b,97,val,freq,de,ko,승리하는,"Das Gegenteil von ""승리하는"" ist """,패배하는,1,0,20.25,20.125,-0.125
gemma-2-2b,97,freq,desc,de,ko,승리하는,"Das Gegenteil von ""승리하는"" ist """,패배하는,1,9,20.25,19.5,-0.75
gemma-2-2b,97,freq,val,de,ko,승리하는,"Das Gegenteil von ""승리하는"" ist """,패배하는,1,8,20.25,19.75,-0.5
gemma-2-2b,97,freq,freq,de,ko,승리하는,"Das Gegenteil von ""승리하는"" ist """,패배하는,1,8,20.25,19.75,-0.5
gemma-2-2b,98,desc,desc,de,ko,불친절한,"Das Gegenteil von ""불친절한"" ist """,친절한,0,0,24.75,25.0,0.25
gemma-2-2b,98,desc,val,de,ko,불친절한,"Das Gegenteil von ""불친절한"" ist """,친절한,0,0,24.75,23.5,-1.25
gemma-2-2b,98,desc,freq,de,ko,불친절한,"Das Gegenteil von ""불친절한"" ist """,친절한,0,0,24.75,21.875,-2.875
gemma-2-2b,98,val,desc,de,ko,불친절한,"Das Gegenteil von ""불친절한"" ist """,친절한,0,2,24.75,24.75,0.0
gemma-2-2b,98,val,val,de,ko,불친절한,"Das Gegenteil von ""불친절한"" ist """,친절한,0,2,24.75,24.875,0.125
gemma-2-2b,98,val,freq,de,ko,불친절한,"Das Gegenteil von ""불친절한"" ist """,친절한,0,0,24.75,24.375,-0.375
gemma-2-2b,98,freq,desc,de,ko,불친절한,"Das Gegenteil von ""불친절한"" ist """,친절한,0,0,24.75,24.5,-0.25
gemma-2-2b,98,freq,val,de,ko,불친절한,"Das Gegenteil von ""불친절한"" ist """,친절한,0,0,24.75,24.75,0.0
gemma-2-2b,98,freq,freq,de,ko,불친절한,"Das Gegenteil von ""불친절한"" ist """,친절한,0,0,24.75,24.625,-0.125
gemma-2-2b,99,desc,desc,de,ko,겁많은,"Das Gegenteil von ""겁많은"" ist """,용감한,72,72,18.125,18.125,0.0
gemma-2-2b,99,desc,val,de,ko,겁많은,"Das Gegenteil von ""겁많은"" ist """,용감한,72,141,18.125,14.9375,-3.1875
gemma-2-2b,99,desc,freq,de,ko,겁많은,"Das Gegenteil von ""겁많은"" ist """,용감한,72,24,18.125,14.4375,-3.6875
gemma-2-2b,99,val,desc,de,ko,겁많은,"Das Gegenteil von ""겁많은"" ist """,용감한,72,971,18.125,17.0,-1.125
gemma-2-2b,99,val,val,de,ko,겁많은,"Das Gegenteil von ""겁많은"" ist """,용감한,72,1369,18.125,16.625,-1.5
gemma-2-2b,99,val,freq,de,ko,겁많은,"Das Gegenteil von ""겁많은"" ist """,용감한,72,224,18.125,16.5,-1.625
gemma-2-2b,99,freq,desc,de,ko,겁많은,"Das Gegenteil von ""겁많은"" ist """,용감한,72,312,18.125,17.375,-0.75
gemma-2-2b,99,freq,val,de,ko,겁많은,"Das Gegenteil von ""겁많은"" ist """,용감한,72,519,18.125,16.0,-2.125
gemma-2-2b,99,freq,freq,de,ko,겁많은,"Das Gegenteil von ""겁많은"" ist """,용감한,72,369,18.125,17.125,-1.0
gemma-2-2b,0,desc,desc,de,zh,好,"Das Gegenteil von ""好"" ist """,坏,0,0,19.25,19.875,0.625
gemma-2-2b,0,desc,val,de,zh,好,"Das Gegenteil von ""好"" ist """,坏,0,1,19.25,20.0,0.75
gemma-2-2b,0,desc,freq,de,zh,好,"Das Gegenteil von ""好"" ist """,坏,0,1,19.25,17.875,-1.375
gemma-2-2b,0,val,desc,de,zh,好,"Das Gegenteil von ""好"" ist """,坏,0,16,19.25,19.5,0.25
gemma-2-2b,0,val,val,de,zh,好,"Das Gegenteil von ""好"" ist """,坏,0,10,19.25,20.375,1.125
gemma-2-2b,0,val,freq,de,zh,好,"Das Gegenteil von ""好"" ist """,坏,0,27,19.25,16.375,-2.875
gemma-2-2b,0,freq,desc,de,zh,好,"Das Gegenteil von ""好"" ist """,坏,0,1,19.25,20.25,1.0
gemma-2-2b,0,freq,val,de,zh,好,"Das Gegenteil von ""好"" ist """,坏,0,2,19.25,19.875,0.625
gemma-2-2b,0,freq,freq,de,zh,好,"Das Gegenteil von ""好"" ist """,坏,0,1,19.25,20.375,1.125
gemma-2-2b,1,desc,desc,de,zh,开心,"Das Gegenteil von ""开心"" ist """,不高兴,1,1,17.5,20.75,3.25
gemma-2-2b,1,desc,val,de,zh,开心,"Das Gegenteil von ""开心"" ist """,不高兴,1,2,17.5,21.25,3.75
gemma-2-2b,1,desc,freq,de,zh,开心,"Das Gegenteil von ""开心"" ist """,不高兴,1,0,17.5,19.25,1.75
gemma-2-2b,1,val,desc,de,zh,开心,"Das Gegenteil von ""开心"" ist """,不高兴,1,5,17.5,22.75,5.25
gemma-2-2b,1,val,val,de,zh,开心,"Das Gegenteil von ""开心"" ist """,不高兴,1,6,17.5,22.875,5.375
gemma-2-2b,1,val,freq,de,zh,开心,"Das Gegenteil von ""开心"" ist """,不高兴,1,3,17.5,20.75,3.25
gemma-2-2b,1,freq,desc,de,zh,开心,"Das Gegenteil von ""开心"" ist """,不高兴,1,2,17.5,20.875,3.375
gemma-2-2b,1,freq,val,de,zh,开心,"Das Gegenteil von ""开心"" ist """,不高兴,1,2,17.5,20.75,3.25
gemma-2-2b,1,freq,freq,de,zh,开心,"Das Gegenteil von ""开心"" ist """,不高兴,1,2,17.5,20.75,3.25
gemma-2-2b,2,desc,desc,de,zh,大,"Das Gegenteil von ""大"" ist """,小,0,0,20.125,21.75,1.625
gemma-2-2b,2,desc,val,de,zh,大,"Das Gegenteil von ""大"" ist """,小,0,0,20.125,22.125,2.0
gemma-2-2b,2,desc,freq,de,zh,大,"Das Gegenteil von ""大"" ist """,小,0,0,20.125,19.75,-0.375
gemma-2-2b,2,val,desc,de,zh,大,"Das Gegenteil von ""大"" ist """,小,0,0,20.125,24.5,4.375
gemma-2-2b,2,val,val,de,zh,大,"Das Gegenteil von ""大"" ist """,小,0,0,20.125,23.875,3.75
gemma-2-2b,2,val,freq,de,zh,大,"Das Gegenteil von ""大"" ist """,小,0,0,20.125,21.875,1.75
gemma-2-2b,2,freq,desc,de,zh,大,"Das Gegenteil von ""大"" ist """,小,0,0,20.125,21.0,0.875
gemma-2-2b,2,freq,val,de,zh,大,"Das Gegenteil von ""大"" ist """,小,0,0,20.125,21.0,0.875
gemma-2-2b,2,freq,freq,de,zh,大,"Das Gegenteil von ""大"" ist """,小,0,0,20.125,20.375,0.25
gemma-2-2b,3,desc,desc,de,zh,热,"Das Gegenteil von ""热"" ist """,冷,0,1,20.0,22.125,2.125
gemma-2-2b,3,desc,val,de,zh,热,"Das Gegenteil von ""热"" ist """,冷,0,1,20.0,22.25,2.25
gemma-2-2b,3,desc,freq,de,zh,热,"Das Gegenteil von ""热"" ist """,冷,0,0,20.0,19.5,-0.5
gemma-2-2b,3,val,desc,de,zh,热,"Das Gegenteil von ""热"" ist """,冷,0,2,20.0,23.5,3.5
gemma-2-2b,3,val,val,de,zh,热,"Das Gegenteil von ""热"" ist """,冷,0,2,20.0,23.625,3.625
gemma-2-2b,3,val,freq,de,zh,热,"Das Gegenteil von ""热"" ist """,冷,0,0,20.0,20.375,0.375
gemma-2-2b,3,freq,desc,de,zh,热,"Das Gegenteil von ""热"" ist """,冷,0,1,20.0,22.5,2.5
gemma-2-2b,3,freq,val,de,zh,热,"Das Gegenteil von ""热"" ist """,冷,0,1,20.0,21.875,1.875
gemma-2-2b,3,freq,freq,de,zh,热,"Das Gegenteil von ""热"" ist """,冷,0,1,20.0,22.75,2.75
gemma-2-2b,4,desc,desc,de,zh,快,"Das Gegenteil von ""快"" ist """,慢,0,0,21.5,23.125,1.625
gemma-2-2b,4,desc,val,de,zh,快,"Das Gegenteil von ""快"" ist """,慢,0,0,21.5,23.25,1.75
gemma-2-2b,4,desc,freq,de,zh,快,"Das Gegenteil von ""快"" ist """,慢,0,0,21.5,20.75,-0.75
gemma-2-2b,4,val,desc,de,zh,快,"Das Gegenteil von ""快"" ist """,慢,0,1,21.5,24.625,3.125
gemma-2-2b,4,val,val,de,zh,快,"Das Gegenteil von ""快"" ist """,慢,0,2,21.5,24.25,2.75
gemma-2-2b,4,val,freq,de,zh,快,"Das Gegenteil von ""快"" ist """,慢,0,2,21.5,22.375,0.875
gemma-2-2b,4,freq,desc,de,zh,快,"Das Gegenteil von ""快"" ist """,慢,0,1,21.5,22.5,1.0
gemma-2-2b,4,freq,val,de,zh,快,"Das Gegenteil von ""快"" ist """,慢,0,1,21.5,22.25,0.75
gemma-2-2b,4,freq,freq,de,zh,快,"Das Gegenteil von ""快"" ist """,慢,0,1,21.5,22.625,1.125
gemma-2-2b,5,desc,desc,de,zh,轻,"Das Gegenteil von ""轻"" ist """,重,0,0,20.5,23.625,3.125
gemma-2-2b,5,desc,val,de,zh,轻,"Das Gegenteil von ""轻"" ist """,重,0,0,20.5,23.5,3.0
gemma-2-2b,5,desc,freq,de,zh,轻,"Das Gegenteil von ""轻"" ist """,重,0,0,20.5,19.875,-0.625
gemma-2-2b,5,val,desc,de,zh,轻,"Das Gegenteil von ""轻"" ist """,重,0,0,20.5,25.25,4.75
gemma-2-2b,5,val,val,de,zh,轻,"Das Gegenteil von ""轻"" ist """,重,0,0,20.5,25.25,4.75
gemma-2-2b,5,val,freq,de,zh,轻,"Das Gegenteil von ""轻"" ist """,重,0,0,20.5,21.75,1.25
gemma-2-2b,5,freq,desc,de,zh,轻,"Das Gegenteil von ""轻"" ist """,重,0,0,20.5,23.5,3.0
gemma-2-2b,5,freq,val,de,zh,轻,"Das Gegenteil von ""轻"" ist """,重,0,0,20.5,23.25,2.75
gemma-2-2b,5,freq,freq,de,zh,轻,"Das Gegenteil von ""轻"" ist """,重,0,0,20.5,23.5,3.0
gemma-2-2b,6,desc,desc,de,zh,容易,"Das Gegenteil von ""容易"" ist """,难,2,5,20.25,20.25,0.0
gemma-2-2b,6,desc,val,de,zh,容易,"Das Gegenteil von ""容易"" ist """,难,2,5,20.25,21.875,1.625
gemma-2-2b,6,desc,freq,de,zh,容易,"Das Gegenteil von ""容易"" ist """,难,2,3,20.25,20.0,-0.25
gemma-2-2b,6,val,desc,de,zh,容易,"Das Gegenteil von ""容易"" ist """,难,2,16,20.25,23.5,3.25
gemma-2-2b,6,val,val,de,zh,容易,"Das Gegenteil von ""容易"" ist """,难,2,15,20.25,22.75,2.5
gemma-2-2b,6,val,freq,de,zh,容易,"Das Gegenteil von ""容易"" ist """,难,2,10,20.25,21.625,1.375
gemma-2-2b,6,freq,desc,de,zh,容易,"Das Gegenteil von ""容易"" ist """,难,2,5,20.25,20.5,0.25
gemma-2-2b,6,freq,val,de,zh,容易,"Das Gegenteil von ""容易"" ist """,难,2,6,20.25,21.5,1.25
gemma-2-2b,6,freq,freq,de,zh,容易,"Das Gegenteil von ""容易"" ist """,难,2,6,20.25,20.25,0.0
gemma-2-2b,7,desc,desc,de,zh,新,"Das Gegenteil von ""新"" ist """,旧,0,1,19.125,19.875,0.75
gemma-2-2b,7,desc,val,de,zh,新,"Das Gegenteil von ""新"" ist """,旧,0,1,19.125,20.75,1.625
gemma-2-2b,7,desc,freq,de,zh,新,"Das Gegenteil von ""新"" ist """,旧,0,0,19.125,20.0,0.875
gemma-2-2b,7,val,desc,de,zh,新,"Das Gegenteil von ""新"" ist """,旧,0,1,19.125,22.375,3.25
gemma-2-2b,7,val,val,de,zh,新,"Das Gegenteil von ""新"" ist """,旧,0,1,19.125,22.5,3.375
gemma-2-2b,7,val,freq,de,zh,新,"Das Gegenteil von ""新"" ist """,旧,0,0,19.125,21.5,2.375
gemma-2-2b,7,freq,desc,de,zh,新,"Das Gegenteil von ""新"" ist """,旧,0,1,19.125,19.25,0.125
gemma-2-2b,7,freq,val,de,zh,新,"Das Gegenteil von ""新"" ist """,旧,0,1,19.125,19.625,0.5
gemma-2-2b,7,freq,freq,de,zh,新,"Das Gegenteil von ""新"" ist """,旧,0,1,19.125,19.125,0.0
gemma-2-2b,8,desc,desc,de,zh,真,"Das Gegenteil von ""真"" ist """,假,1,0,19.0,20.0,1.0
gemma-2-2b,8,desc,val,de,zh,真,"Das Gegenteil von ""真"" ist """,假,1,0,19.0,21.0,2.0
gemma-2-2b,8,desc,freq,de,zh,真,"Das Gegenteil von ""真"" ist """,假,1,0,19.0,20.25,1.25
gemma-2-2b,8,val,desc,de,zh,真,"Das Gegenteil von ""真"" ist """,假,1,0,19.0,23.5,4.5
gemma-2-2b,8,val,val,de,zh,真,"Das Gegenteil von ""真"" ist """,假,1,0,19.0,21.875,2.875
gemma-2-2b,8,val,freq,de,zh,真,"Das Gegenteil von ""真"" ist """,假,1,0,19.0,21.875,2.875
gemma-2-2b,8,freq,desc,de,zh,真,"Das Gegenteil von ""真"" ist """,假,1,0,19.0,19.25,0.25
gemma-2-2b,8,freq,val,de,zh,真,"Das Gegenteil von ""真"" ist """,假,1,0,19.0,19.0,0.0
gemma-2-2b,8,freq,freq,de,zh,真,"Das Gegenteil von ""真"" ist """,假,1,1,19.0,19.125,0.125
gemma-2-2b,9,desc,desc,de,zh,活,"Das Gegenteil von ""活"" ist """,死,0,0,19.125,21.5,2.375
gemma-2-2b,9,desc,val,de,zh,活,"Das Gegenteil von ""活"" ist """,死,0,0,19.125,21.625,2.5
gemma-2-2b,9,desc,freq,de,zh,活,"Das Gegenteil von ""活"" ist """,死,0,0,19.125,18.375,-0.75
gemma-2-2b,9,val,desc,de,zh,活,"Das Gegenteil von ""活"" ist """,死,0,0,19.125,24.0,4.875
gemma-2-2b,9,val,val,de,zh,活,"Das Gegenteil von ""活"" ist """,死,0,0,19.125,24.0,4.875
gemma-2-2b,9,val,freq,de,zh,活,"Das Gegenteil von ""活"" ist """,死,0,0,19.125,19.875,0.75
gemma-2-2b,9,freq,desc,de,zh,活,"Das Gegenteil von ""活"" ist """,死,0,0,19.125,20.25,1.125
gemma-2-2b,9,freq,val,de,zh,活,"Das Gegenteil von ""活"" ist """,死,0,0,19.125,20.875,1.75
gemma-2-2b,9,freq,freq,de,zh,活,"Das Gegenteil von ""活"" ist """,死,0,0,19.125,20.625,1.5
gemma-2-2b,10,desc,desc,de,zh,满,"Das Gegenteil von ""满"" ist """,空,0,0,20.125,22.375,2.25
gemma-2-2b,10,desc,val,de,zh,满,"Das Gegenteil von ""满"" ist """,空,0,1,20.125,22.25,2.125
gemma-2-2b,10,desc,freq,de,zh,满,"Das Gegenteil von ""满"" ist """,空,0,0,20.125,20.75,0.625
gemma-2-2b,10,val,desc,de,zh,满,"Das Gegenteil von ""满"" ist """,空,0,1,20.125,24.125,4.0
gemma-2-2b,10,val,val,de,zh,满,"Das Gegenteil von ""满"" ist """,空,0,3,20.125,23.875,3.75
gemma-2-2b,10,val,freq,de,zh,满,"Das Gegenteil von ""满"" ist """,空,0,0,20.125,22.625,2.5
gemma-2-2b,10,freq,desc,de,zh,满,"Das Gegenteil von ""满"" ist """,空,0,1,20.125,22.0,1.875
gemma-2-2b,10,freq,val,de,zh,满,"Das Gegenteil von ""满"" ist """,空,0,1,20.125,22.0,1.875
gemma-2-2b,10,freq,freq,de,zh,满,"Das Gegenteil von ""满"" ist """,空,0,1,20.125,22.25,2.125
gemma-2-2b,11,desc,desc,de,zh,亮,"Das Gegenteil von ""亮"" ist """,暗,0,0,20.0,22.25,2.25
gemma-2-2b,11,desc,val,de,zh,亮,"Das Gegenteil von ""亮"" ist """,暗,0,1,20.0,22.625,2.625
gemma-2-2b,11,desc,freq,de,zh,亮,"Das Gegenteil von ""亮"" ist """,暗,0,0,20.0,18.75,-1.25
gemma-2-2b,11,val,desc,de,zh,亮,"Das Gegenteil von ""亮"" ist """,暗,0,2,20.0,24.75,4.75
gemma-2-2b,11,val,val,de,zh,亮,"Das Gegenteil von ""亮"" ist """,暗,0,1,20.0,24.625,4.625
gemma-2-2b,11,val,freq,de,zh,亮,"Das Gegenteil von ""亮"" ist """,暗,0,1,20.0,19.875,-0.125
gemma-2-2b,11,freq,desc,de,zh,亮,"Das Gegenteil von ""亮"" ist """,暗,0,1,20.0,21.625,1.625
gemma-2-2b,11,freq,val,de,zh,亮,"Das Gegenteil von ""亮"" ist """,暗,0,1,20.0,22.25,2.25
gemma-2-2b,11,freq,freq,de,zh,亮,"Das Gegenteil von ""亮"" ist """,暗,0,1,20.0,21.75,1.75
gemma-2-2b,12,desc,desc,de,zh,强,"Das Gegenteil von ""强"" ist """,弱,0,1,20.625,23.5,2.875
gemma-2-2b,12,desc,val,de,zh,强,"Das Gegenteil von ""强"" ist """,弱,0,1,20.625,23.375,2.75
gemma-2-2b,12,desc,freq,de,zh,强,"Das Gegenteil von ""强"" ist """,弱,0,0,20.625,19.875,-0.75
gemma-2-2b,12,val,desc,de,zh,强,"Das Gegenteil von ""强"" ist """,弱,0,0,20.625,25.375,4.75
gemma-2-2b,12,val,val,de,zh,强,"Das Gegenteil von ""强"" ist """,弱,0,2,20.625,25.125,4.5
gemma-2-2b,12,val,freq,de,zh,强,"Das Gegenteil von ""强"" ist """,弱,0,1,20.625,22.0,1.375
gemma-2-2b,12,freq,desc,de,zh,强,"Das Gegenteil von ""强"" ist """,弱,0,1,20.625,22.875,2.25
gemma-2-2b,12,freq,val,de,zh,强,"Das Gegenteil von ""强"" ist """,弱,0,1,20.625,22.875,2.25
gemma-2-2b,12,freq,freq,de,zh,强,"Das Gegenteil von ""强"" ist """,弱,0,1,20.625,23.125,2.5
gemma-2-2b,13,desc,desc,de,zh,干净,"Das Gegenteil von ""干净"" ist """,脏,0,2,19.375,21.375,2.0
gemma-2-2b,13,desc,val,de,zh,干净,"Das Gegenteil von ""干净"" ist """,脏,0,3,19.375,21.5,2.125
gemma-2-2b,13,desc,freq,de,zh,干净,"Das Gegenteil von ""干净"" ist """,脏,0,1,19.375,19.125,-0.25
gemma-2-2b,13,val,desc,de,zh,干净,"Das Gegenteil von ""干净"" ist """,脏,0,8,19.375,22.625,3.25
gemma-2-2b,13,val,val,de,zh,干净,"Das Gegenteil von ""干净"" ist """,脏,0,23,19.375,21.875,2.5
gemma-2-2b,13,val,freq,de,zh,干净,"Das Gegenteil von ""干净"" ist """,脏,0,8,19.375,20.375,1.0
gemma-2-2b,13,freq,desc,de,zh,干净,"Das Gegenteil von ""干净"" ist """,脏,0,2,19.375,20.875,1.5
gemma-2-2b,13,freq,val,de,zh,干净,"Das Gegenteil von ""干净"" ist """,脏,0,5,19.375,20.0,0.625
gemma-2-2b,13,freq,freq,de,zh,干净,"Das Gegenteil von ""干净"" ist """,脏,0,7,19.375,20.625,1.25
gemma-2-2b,14,desc,desc,de,zh,开,"Das Gegenteil von ""开"" ist """,关,0,1,19.75,22.0,2.25
gemma-2-2b,14,desc,val,de,zh,开,"Das Gegenteil von ""开"" ist """,关,0,0,19.75,22.375,2.625
gemma-2-2b,14,desc,freq,de,zh,开,"Das Gegenteil von ""开"" ist """,关,0,0,19.75,18.25,-1.5
gemma-2-2b,14,val,desc,de,zh,开,"Das Gegenteil von ""开"" ist """,关,0,0,19.75,23.375,3.625
gemma-2-2b,14,val,val,de,zh,开,"Das Gegenteil von ""开"" ist """,关,0,6,19.75,22.125,2.375
gemma-2-2b,14,val,freq,de,zh,开,"Das Gegenteil von ""开"" ist """,关,0,0,19.75,19.0,-0.75
gemma-2-2b,14,freq,desc,de,zh,开,"Das Gegenteil von ""开"" ist """,关,0,1,19.75,21.625,1.875
gemma-2-2b,14,freq,val,de,zh,开,"Das Gegenteil von ""开"" ist """,关,0,0,19.75,21.75,2.0
gemma-2-2b,14,freq,freq,de,zh,开,"Das Gegenteil von ""开"" ist """,关,0,1,19.75,22.25,2.5
gemma-2-2b,15,desc,desc,de,zh,富裕,"Das Gegenteil von ""富裕"" ist """,贫穷,1,3,19.125,19.125,0.0
gemma-2-2b,15,desc,val,de,zh,富裕,"Das Gegenteil von ""富裕"" ist """,贫穷,1,2,19.125,21.25,2.125
gemma-2-2b,15,desc,freq,de,zh,富裕,"Das Gegenteil von ""富裕"" ist """,贫穷,1,0,19.125,20.25,1.125
gemma-2-2b,15,val,desc,de,zh,富裕,"Das Gegenteil von ""富裕"" ist """,贫穷,1,29,19.125,19.875,0.75
gemma-2-2b,15,val,val,de,zh,富裕,"Das Gegenteil von ""富裕"" ist """,贫穷,1,27,19.125,20.375,1.25
gemma-2-2b,15,val,freq,de,zh,富裕,"Das Gegenteil von ""富裕"" ist """,贫穷,1,10,19.125,19.5,0.375
gemma-2-2b,15,freq,desc,de,zh,富裕,"Das Gegenteil von ""富裕"" ist """,贫穷,1,3,19.125,18.75,-0.375
gemma-2-2b,15,freq,val,de,zh,富裕,"Das Gegenteil von ""富裕"" ist """,贫穷,1,3,19.125,19.25,0.125
gemma-2-2b,15,freq,freq,de,zh,富裕,"Das Gegenteil von ""富裕"" ist """,贫穷,1,2,19.125,18.75,-0.375
gemma-2-2b,16,desc,desc,de,zh,美,"Das Gegenteil von ""美"" ist """,丑,1,2,20.25,21.125,0.875
gemma-2-2b,16,desc,val,de,zh,美,"Das Gegenteil von ""美"" ist """,丑,1,3,20.25,22.375,2.125
gemma-2-2b,16,desc,freq,de,zh,美,"Das Gegenteil von ""美"" ist """,丑,1,2,20.25,20.75,0.5
gemma-2-2b,16,val,desc,de,zh,美,"Das Gegenteil von ""美"" ist """,丑,1,7,20.25,24.75,4.5
gemma-2-2b,16,val,val,de,zh,美,"Das Gegenteil von ""美"" ist """,丑,1,7,20.25,23.875,3.625
gemma-2-2b,16,val,freq,de,zh,美,"Das Gegenteil von ""美"" ist """,丑,1,9,20.25,21.5,1.25
gemma-2-2b,16,freq,desc,de,zh,美,"Das Gegenteil von ""美"" ist """,丑,1,2,20.25,20.375,0.125
gemma-2-2b,16,freq,val,de,zh,美,"Das Gegenteil von ""美"" ist """,丑,1,3,20.25,20.75,0.5
gemma-2-2b,16,freq,freq,de,zh,美,"Das Gegenteil von ""美"" ist """,丑,1,2,20.25,20.625,0.375
gemma-2-2b,17,desc,desc,de,zh,长,"Das Gegenteil von ""长"" ist """,短,0,0,21.5,24.125,2.625
gemma-2-2b,17,desc,val,de,zh,长,"Das Gegenteil von ""长"" ist """,短,0,0,21.5,23.75,2.25
gemma-2-2b,17,desc,freq,de,zh,长,"Das Gegenteil von ""长"" ist """,短,0,0,21.5,21.625,0.125
gemma-2-2b,17,val,desc,de,zh,长,"Das Gegenteil von ""长"" ist """,短,0,0,21.5,25.375,3.875
gemma-2-2b,17,val,val,de,zh,长,"Das Gegenteil von ""长"" ist """,短,0,1,21.5,25.0,3.5
gemma-2-2b,17,val,freq,de,zh,长,"Das Gegenteil von ""长"" ist """,短,0,0,21.5,23.125,1.625
gemma-2-2b,17,freq,desc,de,zh,长,"Das Gegenteil von ""长"" ist """,短,0,0,21.5,23.5,2.0
gemma-2-2b,17,freq,val,de,zh,长,"Das Gegenteil von ""长"" ist """,短,0,0,21.5,23.25,1.75
gemma-2-2b,17,freq,freq,de,zh,长,"Das Gegenteil von ""长"" ist """,短,0,1,21.5,23.5,2.0
gemma-2-2b,18,desc,desc,de,zh,宽,"Das Gegenteil von ""宽"" ist """,窄,0,1,19.75,22.125,2.375
gemma-2-2b,18,desc,val,de,zh,宽,"Das Gegenteil von ""宽"" ist """,窄,0,1,19.75,22.125,2.375
gemma-2-2b,18,desc,freq,de,zh,宽,"Das Gegenteil von ""宽"" ist """,窄,0,1,19.75,16.75,-3.0
gemma-2-2b,18,val,desc,de,zh,宽,"Das Gegenteil von ""宽"" ist """,窄,0,1,19.75,24.0,4.25
gemma-2-2b,18,val,val,de,zh,宽,"Das Gegenteil von ""宽"" ist """,窄,0,3,19.75,23.5,3.75
gemma-2-2b,18,val,freq,de,zh,宽,"Das Gegenteil von ""宽"" ist """,窄,0,7,19.75,18.5,-1.25
gemma-2-2b,18,freq,desc,de,zh,宽,"Das Gegenteil von ""宽"" ist """,窄,0,1,19.75,22.25,2.5
gemma-2-2b,18,freq,val,de,zh,宽,"Das Gegenteil von ""宽"" ist """,窄,0,1,19.75,21.75,2.0
gemma-2-2b,18,freq,freq,de,zh,宽,"Das Gegenteil von ""宽"" ist """,窄,0,1,19.75,22.5,2.75
gemma-2-2b,19,desc,desc,de,zh,硬,"Das Gegenteil von ""硬"" ist """,软,2,12,16.375,17.75,1.375
gemma-2-2b,19,desc,val,de,zh,硬,"Das Gegenteil von ""硬"" ist """,软,2,7,16.375,18.25,1.875
gemma-2-2b,19,desc,freq,de,zh,硬,"Das Gegenteil von ""硬"" ist """,软,2,0,16.375,18.375,2.0
gemma-2-2b,19,val,desc,de,zh,硬,"Das Gegenteil von ""硬"" ist """,软,2,18,16.375,19.25,2.875
gemma-2-2b,19,val,val,de,zh,硬,"Das Gegenteil von ""硬"" ist """,软,2,38,16.375,18.25,1.875
gemma-2-2b,19,val,freq,de,zh,硬,"Das Gegenteil von ""硬"" ist """,软,2,7,16.375,18.25,1.875
gemma-2-2b,19,freq,desc,de,zh,硬,"Das Gegenteil von ""硬"" ist """,软,2,11,16.375,16.75,0.375
gemma-2-2b,19,freq,val,de,zh,硬,"Das Gegenteil von ""硬"" ist """,软,2,12,16.375,16.125,-0.25
gemma-2-2b,19,freq,freq,de,zh,硬,"Das Gegenteil von ""硬"" ist """,软,2,9,16.375,16.75,0.375
gemma-2-2b,20,desc,desc,de,zh,干,"Das Gegenteil von ""干"" ist """,湿,0,3,20.0,22.0,2.0
gemma-2-2b,20,desc,val,de,zh,干,"Das Gegenteil von ""干"" ist """,湿,0,3,20.0,22.0,2.0
gemma-2-2b,20,desc,freq,de,zh,干,"Das Gegenteil von ""干"" ist """,湿,0,1,20.0,18.625,-1.375
gemma-2-2b,20,val,desc,de,zh,干,"Das Gegenteil von ""干"" ist """,湿,0,7,20.0,23.0,3.0
gemma-2-2b,20,val,val,de,zh,干,"Das Gegenteil von ""干"" ist """,湿,0,6,20.0,23.375,3.375
gemma-2-2b,20,val,freq,de,zh,干,"Das Gegenteil von ""干"" ist """,湿,0,18,20.0,18.0,-2.0
gemma-2-2b,20,freq,desc,de,zh,干,"Das Gegenteil von ""干"" ist """,湿,0,2,20.0,21.0,1.0
gemma-2-2b,20,freq,val,de,zh,干,"Das Gegenteil von ""干"" ist """,湿,0,3,20.0,21.125,1.125
gemma-2-2b,20,freq,freq,de,zh,干,"Das Gegenteil von ""干"" ist """,湿,0,2,20.0,21.375,1.375
gemma-2-2b,21,desc,desc,de,zh,大声,"Das Gegenteil von ""大声"" ist """,小声,1,1,18.75,19.75,1.0
gemma-2-2b,21,desc,val,de,zh,大声,"Das Gegenteil von ""大声"" ist """,小声,1,1,18.75,20.875,2.125
gemma-2-2b,21,desc,freq,de,zh,大声,"Das Gegenteil von ""大声"" ist """,小声,1,1,18.75,18.25,-0.5
gemma-2-2b,21,val,desc,de,zh,大声,"Das Gegenteil von ""大声"" ist """,小声,1,17,18.75,21.125,2.375
gemma-2-2b,21,val,val,de,zh,大声,"Das Gegenteil von ""大声"" ist """,小声,1,7,18.75,21.5,2.75
gemma-2-2b,21,val,freq,de,zh,大声,"Das Gegenteil von ""大声"" ist """,小声,1,27,18.75,17.875,-0.875
gemma-2-2b,21,freq,desc,de,zh,大声,"Das Gegenteil von ""大声"" ist """,小声,1,1,18.75,19.5,0.75
gemma-2-2b,21,freq,val,de,zh,大声,"Das Gegenteil von ""大声"" ist """,小声,1,1,18.75,19.875,1.125
gemma-2-2b,21,freq,freq,de,zh,大声,"Das Gegenteil von ""大声"" ist """,小声,1,1,18.75,19.625,0.875
gemma-2-2b,22,desc,desc,de,zh,早,"Das Gegenteil von ""早"" ist """,晚,2,4,18.0,19.75,1.75
gemma-2-2b,22,desc,val,de,zh,早,"Das Gegenteil von ""早"" ist """,晚,2,1,18.0,20.625,2.625
gemma-2-2b,22,desc,freq,de,zh,早,"Das Gegenteil von ""早"" ist """,晚,2,0,18.0,21.375,3.375
gemma-2-2b,22,val,desc,de,zh,早,"Das Gegenteil von ""早"" ist """,晚,2,4,18.0,23.0,5.0
gemma-2-2b,22,val,val,de,zh,早,"Das Gegenteil von ""早"" ist """,晚,2,10,18.0,21.5,3.5
gemma-2-2b,22,val,freq,de,zh,早,"Das Gegenteil von ""早"" ist """,晚,2,1,18.0,23.5,5.5
gemma-2-2b,22,freq,desc,de,zh,早,"Das Gegenteil von ""早"" ist """,晚,2,3,18.0,18.875,0.875
gemma-2-2b,22,freq,val,de,zh,早,"Das Gegenteil von ""早"" ist """,晚,2,2,18.0,19.0,1.0
gemma-2-2b,22,freq,freq,de,zh,早,"Das Gegenteil von ""早"" ist """,晚,2,2,18.0,18.375,0.375
gemma-2-2b,23,desc,desc,de,zh,近,"Das Gegenteil von ""近"" ist """,远,1,4,20.25,21.25,1.0
gemma-2-2b,23,desc,val,de,zh,近,"Das Gegenteil von ""近"" ist """,远,1,4,20.25,22.625,2.375
gemma-2-2b,23,desc,freq,de,zh,近,"Das Gegenteil von ""近"" ist """,远,1,0,20.25,20.625,0.375
gemma-2-2b,23,val,desc,de,zh,近,"Das Gegenteil von ""近"" ist """,远,1,5,20.25,24.625,4.375
gemma-2-2b,23,val,val,de,zh,近,"Das Gegenteil von ""近"" ist """,远,1,6,20.25,24.125,3.875
gemma-2-2b,23,val,freq,de,zh,近,"Das Gegenteil von ""近"" ist """,远,1,2,20.25,22.625,2.375
gemma-2-2b,23,freq,desc,de,zh,近,"Das Gegenteil von ""近"" ist """,远,1,2,20.25,20.75,0.5
gemma-2-2b,23,freq,val,de,zh,近,"Das Gegenteil von ""近"" ist """,远,1,2,20.25,21.75,1.5
gemma-2-2b,23,freq,freq,de,zh,近,"Das Gegenteil von ""近"" ist """,远,1,2,20.25,20.375,0.125
gemma-2-2b,24,desc,desc,de,zh,深,"Das Gegenteil von ""深"" ist """,浅,0,0,23.0,24.5,1.5
gemma-2-2b,24,desc,val,de,zh,深,"Das Gegenteil von ""深"" ist """,浅,0,0,23.0,25.0,2.0
gemma-2-2b,24,desc,freq,de,zh,深,"Das Gegenteil von ""深"" ist """,浅,0,0,23.0,23.5,0.5
gemma-2-2b,24,val,desc,de,zh,深,"Das Gegenteil von ""深"" ist """,浅,0,2,23.0,26.625,3.625
gemma-2-2b,24,val,val,de,zh,深,"Das Gegenteil von ""深"" ist """,浅,0,2,23.0,26.75,3.75
gemma-2-2b,24,val,freq,de,zh,深,"Das Gegenteil von ""深"" ist """,浅,0,1,23.0,24.5,1.5
gemma-2-2b,24,freq,desc,de,zh,深,"Das Gegenteil von ""深"" ist """,浅,0,0,23.0,24.0,1.0
gemma-2-2b,24,freq,val,de,zh,深,"Das Gegenteil von ""深"" ist """,浅,0,1,23.0,24.375,1.375
gemma-2-2b,24,freq,freq,de,zh,深,"Das Gegenteil von ""深"" ist """,浅,0,0,23.0,23.875,0.875
gemma-2-2b,25,desc,desc,de,zh,坏,"Das Gegenteil von ""坏"" ist """,好,0,0,21.25,23.375,2.125
gemma-2-2b,25,desc,val,de,zh,坏,"Das Gegenteil von ""坏"" ist """,好,0,0,21.25,22.375,1.125
gemma-2-2b,25,desc,freq,de,zh,坏,"Das Gegenteil von ""坏"" ist """,好,0,2,21.25,18.625,-2.625
gemma-2-2b,25,val,desc,de,zh,坏,"Das Gegenteil von ""坏"" ist """,好,0,0,21.25,23.5,2.25
gemma-2-2b,25,val,val,de,zh,坏,"Das Gegenteil von ""坏"" ist """,好,0,1,21.25,23.25,2.0
gemma-2-2b,25,val,freq,de,zh,坏,"Das Gegenteil von ""坏"" ist """,好,0,12,21.25,18.25,-3.0
gemma-2-2b,25,freq,desc,de,zh,坏,"Das Gegenteil von ""坏"" ist """,好,0,1,21.25,23.125,1.875
gemma-2-2b,25,freq,val,de,zh,坏,"Das Gegenteil von ""坏"" ist """,好,0,1,21.25,21.75,0.5
gemma-2-2b,25,freq,freq,de,zh,坏,"Das Gegenteil von ""坏"" ist """,好,0,1,21.25,22.875,1.625
gemma-2-2b,26,desc,desc,de,zh,难过,"Das Gegenteil von ""难过"" ist """,开心,1,2,20.0,21.5,1.5
gemma-2-2b,26,desc,val,de,zh,难过,"Das Gegenteil von ""难过"" ist """,开心,1,6,20.0,21.25,1.25
gemma-2-2b,26,desc,freq,de,zh,难过,"Das Gegenteil von ""难过"" ist """,开心,1,0,20.0,20.0,0.0
gemma-2-2b,26,val,desc,de,zh,难过,"Das Gegenteil von ""难过"" ist """,开心,1,94,20.0,20.5,0.5
gemma-2-2b,26,val,val,de,zh,难过,"Das Gegenteil von ""难过"" ist """,开心,1,87,20.0,20.875,0.875
gemma-2-2b,26,val,freq,de,zh,难过,"Das Gegenteil von ""难过"" ist """,开心,1,42,20.0,18.25,-1.75
gemma-2-2b,26,freq,desc,de,zh,难过,"Das Gegenteil von ""难过"" ist """,开心,1,18,20.0,20.0,0.0
gemma-2-2b,26,freq,val,de,zh,难过,"Das Gegenteil von ""难过"" ist """,开心,1,26,20.0,19.5,-0.5
gemma-2-2b,26,freq,freq,de,zh,难过,"Das Gegenteil von ""难过"" ist """,开心,1,15,20.0,20.125,0.125
gemma-2-2b,27,desc,desc,de,zh,小,"Das Gegenteil von ""小"" ist """,大,0,0,21.375,23.125,1.75
gemma-2-2b,27,desc,val,de,zh,小,"Das Gegenteil von ""小"" ist """,大,0,0,21.375,24.125,2.75
gemma-2-2b,27,desc,freq,de,zh,小,"Das Gegenteil von ""小"" ist """,大,0,0,21.375,21.125,-0.25
gemma-2-2b,27,val,desc,de,zh,小,"Das Gegenteil von ""小"" ist """,大,0,0,21.375,25.75,4.375
gemma-2-2b,27,val,val,de,zh,小,"Das Gegenteil von ""小"" ist """,大,0,0,21.375,25.375,4.0
gemma-2-2b,27,val,freq,de,zh,小,"Das Gegenteil von ""小"" ist """,大,0,0,21.375,22.75,1.375
gemma-2-2b,27,freq,desc,de,zh,小,"Das Gegenteil von ""小"" ist """,大,0,0,21.375,22.0,0.625
gemma-2-2b,27,freq,val,de,zh,小,"Das Gegenteil von ""小"" ist """,大,0,0,21.375,22.625,1.25
gemma-2-2b,27,freq,freq,de,zh,小,"Das Gegenteil von ""小"" ist """,大,0,0,21.375,21.75,0.375
gemma-2-2b,28,desc,desc,de,zh,冷,"Das Gegenteil von ""冷"" ist """,热,2,5,18.625,20.375,1.75
gemma-2-2b,28,desc,val,de,zh,冷,"Das Gegenteil von ""冷"" ist """,热,2,5,18.625,21.125,2.5
gemma-2-2b,28,desc,freq,de,zh,冷,"Das Gegenteil von ""冷"" ist """,热,2,1,18.625,18.75,0.125
gemma-2-2b,28,val,desc,de,zh,冷,"Das Gegenteil von ""冷"" ist """,热,2,6,18.625,23.125,4.5
gemma-2-2b,28,val,val,de,zh,冷,"Das Gegenteil von ""冷"" ist """,热,2,8,18.625,22.625,4.0
gemma-2-2b,28,val,freq,de,zh,冷,"Das Gegenteil von ""冷"" ist """,热,2,4,18.625,19.5,0.875
gemma-2-2b,28,freq,desc,de,zh,冷,"Das Gegenteil von ""冷"" ist """,热,2,4,18.625,20.5,1.875
gemma-2-2b,28,freq,val,de,zh,冷,"Das Gegenteil von ""冷"" ist """,热,2,4,18.625,20.75,2.125
gemma-2-2b,28,freq,freq,de,zh,冷,"Das Gegenteil von ""冷"" ist """,热,2,5,18.625,20.125,1.5
gemma-2-2b,29,desc,desc,de,zh,慢,"Das Gegenteil von ""慢"" ist """,快,0,0,19.25,21.25,2.0
gemma-2-2b,29,desc,val,de,zh,慢,"Das Gegenteil von ""慢"" ist """,快,0,0,19.25,21.625,2.375
gemma-2-2b,29,desc,freq,de,zh,慢,"Das Gegenteil von ""慢"" ist """,快,0,2,19.25,17.875,-1.375
gemma-2-2b,29,val,desc,de,zh,慢,"Das Gegenteil von ""慢"" ist """,快,0,0,19.25,23.5,4.25
gemma-2-2b,29,val,val,de,zh,慢,"Das Gegenteil von ""慢"" ist """,快,0,1,19.25,23.75,4.5
gemma-2-2b,29,val,freq,de,zh,慢,"Das Gegenteil von ""慢"" ist """,快,0,2,19.25,19.75,0.5
gemma-2-2b,29,freq,desc,de,zh,慢,"Das Gegenteil von ""慢"" ist """,快,0,0,19.25,20.75,1.5
gemma-2-2b,29,freq,val,de,zh,慢,"Das Gegenteil von ""慢"" ist """,快,0,0,19.25,21.125,1.875
gemma-2-2b,29,freq,freq,de,zh,慢,"Das Gegenteil von ""慢"" ist """,快,0,0,19.25,20.25,1.0
gemma-2-2b,30,desc,desc,de,zh,重,"Das Gegenteil von ""重"" ist """,轻,2,3,18.375,19.125,0.75
gemma-2-2b,30,desc,val,de,zh,重,"Das Gegenteil von ""重"" ist """,轻,2,1,18.375,21.75,3.375
gemma-2-2b,30,desc,freq,de,zh,重,"Das Gegenteil von ""重"" ist """,轻,2,0,18.375,20.875,2.5
gemma-2-2b,30,val,desc,de,zh,重,"Das Gegenteil von ""重"" ist """,轻,2,0,18.375,23.625,5.25
gemma-2-2b,30,val,val,de,zh,重,"Das Gegenteil von ""重"" ist """,轻,2,0,18.375,23.375,5.0
gemma-2-2b,30,val,freq,de,zh,重,"Das Gegenteil von ""重"" ist """,轻,2,0,18.375,22.375,4.0
gemma-2-2b,30,freq,desc,de,zh,重,"Das Gegenteil von ""重"" ist """,轻,2,2,18.375,19.25,0.875
gemma-2-2b,30,freq,val,de,zh,重,"Das Gegenteil von ""重"" ist """,轻,2,1,18.375,20.625,2.25
gemma-2-2b,30,freq,freq,de,zh,重,"Das Gegenteil von ""重"" ist """,轻,2,2,18.375,19.25,0.875
gemma-2-2b,31,desc,desc,de,zh,难,"Das Gegenteil von ""难"" ist """,易,0,0,21.375,23.5,2.125
gemma-2-2b,31,desc,val,de,zh,难,"Das Gegenteil von ""难"" ist """,易,0,0,21.375,23.875,2.5
gemma-2-2b,31,desc,freq,de,zh,难,"Das Gegenteil von ""难"" ist """,易,0,0,21.375,19.25,-2.125
gemma-2-2b,31,val,desc,de,zh,难,"Das Gegenteil von ""难"" ist """,易,0,0,21.375,25.0,3.625
gemma-2-2b,31,val,val,de,zh,难,"Das Gegenteil von ""难"" ist """,易,0,0,21.375,25.0,3.625
gemma-2-2b,31,val,freq,de,zh,难,"Das Gegenteil von ""难"" ist """,易,0,0,21.375,19.875,-1.5
gemma-2-2b,31,freq,desc,de,zh,难,"Das Gegenteil von ""难"" ist """,易,0,0,21.375,24.0,2.625
gemma-2-2b,31,freq,val,de,zh,难,"Das Gegenteil von ""难"" ist """,易,0,0,21.375,23.875,2.5
gemma-2-2b,31,freq,freq,de,zh,难,"Das Gegenteil von ""难"" ist """,易,0,0,21.375,24.125,2.75
gemma-2-2b,32,desc,desc,de,zh,旧,"Das Gegenteil von ""旧"" ist """,新,0,0,20.75,22.125,1.375
gemma-2-2b,32,desc,val,de,zh,旧,"Das Gegenteil von ""旧"" ist """,新,0,0,20.75,22.375,1.625
gemma-2-2b,32,desc,freq,de,zh,旧,"Das Gegenteil von ""旧"" ist """,新,0,0,20.75,21.625,0.875
gemma-2-2b,32,val,desc,de,zh,旧,"Das Gegenteil von ""旧"" ist """,新,0,0,20.75,25.25,4.5
gemma-2-2b,32,val,val,de,zh,旧,"Das Gegenteil von ""旧"" ist """,新,0,0,20.75,24.125,3.375
gemma-2-2b,32,val,freq,de,zh,旧,"Das Gegenteil von ""旧"" ist """,新,0,0,20.75,24.25,3.5
gemma-2-2b,32,freq,desc,de,zh,旧,"Das Gegenteil von ""旧"" ist """,新,0,0,20.75,21.375,0.625
gemma-2-2b,32,freq,val,de,zh,旧,"Das Gegenteil von ""旧"" ist """,新,0,0,20.75,21.125,0.375
gemma-2-2b,32,freq,freq,de,zh,旧,"Das Gegenteil von ""旧"" ist """,新,0,0,20.75,21.0,0.25
gemma-2-2b,33,desc,desc,de,zh,假,"Das Gegenteil von ""假"" ist """,真,0,0,21.125,23.375,2.25
gemma-2-2b,33,desc,val,de,zh,假,"Das Gegenteil von ""假"" ist """,真,0,0,21.125,23.625,2.5
gemma-2-2b,33,desc,freq,de,zh,假,"Das Gegenteil von ""假"" ist """,真,0,0,21.125,20.25,-0.875
gemma-2-2b,33,val,desc,de,zh,假,"Das Gegenteil von ""假"" ist """,真,0,0,21.125,25.375,4.25
gemma-2-2b,33,val,val,de,zh,假,"Das Gegenteil von ""假"" ist """,真,0,0,21.125,25.25,4.125
gemma-2-2b,33,val,freq,de,zh,假,"Das Gegenteil von ""假"" ist """,真,0,0,21.125,22.125,1.0
gemma-2-2b,33,freq,desc,de,zh,假,"Das Gegenteil von ""假"" ist """,真,0,0,21.125,23.25,2.125
gemma-2-2b,33,freq,val,de,zh,假,"Das Gegenteil von ""假"" ist """,真,0,0,21.125,23.125,2.0
gemma-2-2b,33,freq,freq,de,zh,假,"Das Gegenteil von ""假"" ist """,真,0,0,21.125,23.5,2.375
gemma-2-2b,34,desc,desc,de,zh,死,"Das Gegenteil von ""死"" ist """,生,0,0,21.25,22.375,1.125
gemma-2-2b,34,desc,val,de,zh,死,"Das Gegenteil von ""死"" ist """,生,0,0,21.25,22.75,1.5
gemma-2-2b,34,desc,freq,de,zh,死,"Das Gegenteil von ""死"" ist """,生,0,0,21.25,22.375,1.125
gemma-2-2b,34,val,desc,de,zh,死,"Das Gegenteil von ""死"" ist """,生,0,0,21.25,25.0,3.75
gemma-2-2b,34,val,val,de,zh,死,"Das Gegenteil von ""死"" ist """,生,0,0,21.25,25.25,4.0
gemma-2-2b,34,val,freq,de,zh,死,"Das Gegenteil von ""死"" ist """,生,0,0,21.25,24.375,3.125
gemma-2-2b,34,freq,desc,de,zh,死,"Das Gegenteil von ""死"" ist """,生,0,0,21.25,22.125,0.875
gemma-2-2b,34,freq,val,de,zh,死,"Das Gegenteil von ""死"" ist """,生,0,0,21.25,22.875,1.625
gemma-2-2b,34,freq,freq,de,zh,死,"Das Gegenteil von ""死"" ist """,生,0,0,21.25,21.5,0.25
gemma-2-2b,35,desc,desc,de,zh,空,"Das Gegenteil von ""空"" ist """,满,7,23,18.125,18.5,0.375
gemma-2-2b,35,desc,val,de,zh,空,"Das Gegenteil von ""空"" ist """,满,7,15,18.125,20.0,1.875
gemma-2-2b,35,desc,freq,de,zh,空,"Das Gegenteil von ""空"" ist """,满,7,56,18.125,15.6875,-2.4375
gemma-2-2b,35,val,desc,de,zh,空,"Das Gegenteil von ""空"" ist """,满,7,58,18.125,21.125,3.0
gemma-2-2b,35,val,val,de,zh,空,"Das Gegenteil von ""空"" ist """,满,7,41,18.125,21.5,3.375
gemma-2-2b,35,val,freq,de,zh,空,"Das Gegenteil von ""空"" ist """,满,7,149,18.125,16.75,-1.375
gemma-2-2b,35,freq,desc,de,zh,空,"Das Gegenteil von ""空"" ist """,满,7,12,18.125,18.75,0.625
gemma-2-2b,35,freq,val,de,zh,空,"Das Gegenteil von ""空"" ist """,满,7,10,18.125,19.75,1.625
gemma-2-2b,35,freq,freq,de,zh,空,"Das Gegenteil von ""空"" ist """,满,7,15,18.125,18.25,0.125
gemma-2-2b,36,desc,desc,de,zh,暗,"Das Gegenteil von ""暗"" ist """,光明,3,5,16.5,18.125,1.625
gemma-2-2b,36,desc,val,de,zh,暗,"Das Gegenteil von ""暗"" ist """,光明,3,5,16.5,19.75,3.25
gemma-2-2b,36,desc,freq,de,zh,暗,"Das Gegenteil von ""暗"" ist """,光明,3,2,16.5,15.5625,-0.9375
gemma-2-2b,36,val,desc,de,zh,暗,"Das Gegenteil von ""暗"" ist """,光明,3,7,16.5,20.75,4.25
gemma-2-2b,36,val,val,de,zh,暗,"Das Gegenteil von ""暗"" ist """,光明,3,13,16.5,20.375,3.875
gemma-2-2b,36,val,freq,de,zh,暗,"Das Gegenteil von ""暗"" ist """,光明,3,3,16.5,15.9375,-0.5625
gemma-2-2b,36,freq,desc,de,zh,暗,"Das Gegenteil von ""暗"" ist """,光明,3,7,16.5,16.75,0.25
gemma-2-2b,36,freq,val,de,zh,暗,"Das Gegenteil von ""暗"" ist """,光明,3,12,16.5,17.125,0.625
gemma-2-2b,36,freq,freq,de,zh,暗,"Das Gegenteil von ""暗"" ist """,光明,3,5,16.5,17.0,0.5
gemma-2-2b,37,desc,desc,de,zh,弱,"Das Gegenteil von ""弱"" ist """,强,2,6,18.25,19.625,1.375
gemma-2-2b,37,desc,val,de,zh,弱,"Das Gegenteil von ""弱"" ist """,强,2,1,18.25,21.5,3.25
gemma-2-2b,37,desc,freq,de,zh,弱,"Das Gegenteil von ""弱"" ist """,强,2,3,18.25,18.375,0.125
gemma-2-2b,37,val,desc,de,zh,弱,"Das Gegenteil von ""弱"" ist """,强,2,3,18.25,24.25,6.0
gemma-2-2b,37,val,val,de,zh,弱,"Das Gegenteil von ""弱"" ist """,强,2,4,18.25,23.375,5.125
gemma-2-2b,37,val,freq,de,zh,弱,"Das Gegenteil von ""弱"" ist """,强,2,5,18.25,20.75,2.5
gemma-2-2b,37,freq,desc,de,zh,弱,"Das Gegenteil von ""弱"" ist """,强,2,3,18.25,18.75,0.5
gemma-2-2b,37,freq,val,de,zh,弱,"Das Gegenteil von ""弱"" ist """,强,2,6,18.25,19.25,1.0
gemma-2-2b,37,freq,freq,de,zh,弱,"Das Gegenteil von ""弱"" ist """,强,2,4,18.25,18.0,-0.25
gemma-2-2b,38,desc,desc,de,zh,脏,"Das Gegenteil von ""脏"" ist """,干净,0,5,18.625,20.875,2.25
gemma-2-2b,38,desc,val,de,zh,脏,"Das Gegenteil von ""脏"" ist """,干净,0,4,18.625,21.125,2.5
gemma-2-2b,38,desc,freq,de,zh,脏,"Das Gegenteil von ""脏"" ist """,干净,0,6,18.625,16.875,-1.75
gemma-2-2b,38,val,desc,de,zh,脏,"Das Gegenteil von ""脏"" ist """,干净,0,80,18.625,19.0,0.375
gemma-2-2b,38,val,val,de,zh,脏,"Das Gegenteil von ""脏"" ist """,干净,0,36,18.625,20.875,2.25
gemma-2-2b,38,val,freq,de,zh,脏,"Das Gegenteil von ""脏"" ist """,干净,0,160,18.625,13.4375,-5.1875
gemma-2-2b,38,freq,desc,de,zh,脏,"Das Gegenteil von ""脏"" ist """,干净,0,5,18.625,20.75,2.125
gemma-2-2b,38,freq,val,de,zh,脏,"Das Gegenteil von ""脏"" ist """,干净,0,10,18.625,20.25,1.625
gemma-2-2b,38,freq,freq,de,zh,脏,"Das Gegenteil von ""脏"" ist """,干净,0,6,18.625,20.625,2.0
gemma-2-2b,39,desc,desc,de,zh,关,"Das Gegenteil von ""关"" ist """,开,0,0,20.875,23.125,2.25
gemma-2-2b,39,desc,val,de,zh,关,"Das Gegenteil von ""关"" ist """,开,0,0,20.875,22.625,1.75
gemma-2-2b,39,desc,freq,de,zh,关,"Das Gegenteil von ""关"" ist """,开,0,0,20.875,17.5,-3.375
gemma-2-2b,39,val,desc,de,zh,关,"Das Gegenteil von ""关"" ist """,开,0,0,20.875,23.5,2.625
gemma-2-2b,39,val,val,de,zh,关,"Das Gegenteil von ""关"" ist """,开,0,0,20.875,24.125,3.25
gemma-2-2b,39,val,freq,de,zh,关,"Das Gegenteil von ""关"" ist """,开,0,2,20.875,18.125,-2.75
gemma-2-2b,39,freq,desc,de,zh,关,"Das Gegenteil von ""关"" ist """,开,0,0,20.875,23.125,2.25
gemma-2-2b,39,freq,val,de,zh,关,"Das Gegenteil von ""关"" ist """,开,0,0,20.875,23.25,2.375
gemma-2-2b,39,freq,freq,de,zh,关,"Das Gegenteil von ""关"" ist """,开,0,0,20.875,23.5,2.625
gemma-2-2b,40,desc,desc,de,zh,贫穷,"Das Gegenteil von ""贫穷"" ist """,富裕,0,0,20.75,22.75,2.0
gemma-2-2b,40,desc,val,de,zh,贫穷,"Das Gegenteil von ""贫穷"" ist """,富裕,0,0,20.75,23.0,2.25
gemma-2-2b,40,desc,freq,de,zh,贫穷,"Das Gegenteil von ""贫穷"" ist """,富裕,0,0,20.75,22.5,1.75
gemma-2-2b,40,val,desc,de,zh,贫穷,"Das Gegenteil von ""贫穷"" ist """,富裕,0,0,20.75,25.625,4.875
gemma-2-2b,40,val,val,de,zh,贫穷,"Das Gegenteil von ""贫穷"" ist """,富裕,0,0,20.75,25.25,4.5
gemma-2-2b,40,val,freq,de,zh,贫穷,"Das Gegenteil von ""贫穷"" ist """,富裕,0,0,20.75,24.625,3.875
gemma-2-2b,40,freq,desc,de,zh,贫穷,"Das Gegenteil von ""贫穷"" ist """,富裕,0,0,20.75,22.5,1.75
gemma-2-2b,40,freq,val,de,zh,贫穷,"Das Gegenteil von ""贫穷"" ist """,富裕,0,0,20.75,22.5,1.75
gemma-2-2b,40,freq,freq,de,zh,贫穷,"Das Gegenteil von ""贫穷"" ist """,富裕,0,0,20.75,22.75,2.0
gemma-2-2b,41,desc,desc,de,zh,丑,"Das Gegenteil von ""丑"" ist """,美,5,3,11.5,15.8125,4.3125
gemma-2-2b,41,desc,val,de,zh,丑,"Das Gegenteil von ""丑"" ist """,美,5,7,11.5,14.875,3.375
gemma-2-2b,41,desc,freq,de,zh,丑,"Das Gegenteil von ""丑"" ist """,美,5,6,11.5,12.125,0.625
gemma-2-2b,41,val,desc,de,zh,丑,"Das Gegenteil von ""丑"" ist """,美,5,9,11.5,17.375,5.875
gemma-2-2b,41,val,val,de,zh,丑,"Das Gegenteil von ""丑"" ist """,美,5,29,11.5,16.375,4.875
gemma-2-2b,41,val,freq,de,zh,丑,"Das Gegenteil von ""丑"" ist """,美,5,15,11.5,12.8125,1.3125
gemma-2-2b,41,freq,desc,de,zh,丑,"Das Gegenteil von ""丑"" ist """,美,5,10,11.5,14.125,2.625
gemma-2-2b,41,freq,val,de,zh,丑,"Das Gegenteil von ""丑"" ist """,美,5,23,11.5,13.1875,1.6875
gemma-2-2b,41,freq,freq,de,zh,丑,"Das Gegenteil von ""丑"" ist """,美,5,7,11.5,13.9375,2.4375
gemma-2-2b,42,desc,desc,de,zh,短,"Das Gegenteil von ""短"" ist """,长,2,1,19.125,21.0,1.875
gemma-2-2b,42,desc,val,de,zh,短,"Das Gegenteil von ""短"" ist """,长,2,1,19.125,22.375,3.25
gemma-2-2b,42,desc,freq,de,zh,短,"Das Gegenteil von ""短"" ist """,长,2,0,19.125,23.25,4.125
gemma-2-2b,42,val,desc,de,zh,短,"Das Gegenteil von ""短"" ist """,长,2,1,19.125,24.5,5.375
gemma-2-2b,42,val,val,de,zh,短,"Das Gegenteil von ""短"" ist """,长,2,3,19.125,23.125,4.0
gemma-2-2b,42,val,freq,de,zh,短,"Das Gegenteil von ""短"" ist """,长,2,0,19.125,25.125,6.0
gemma-2-2b,42,freq,desc,de,zh,短,"Das Gegenteil von ""短"" ist """,长,2,1,19.125,20.0,0.875
gemma-2-2b,42,freq,val,de,zh,短,"Das Gegenteil von ""短"" ist """,长,2,1,19.125,20.25,1.125
gemma-2-2b,42,freq,freq,de,zh,短,"Das Gegenteil von ""短"" ist """,长,2,3,19.125,19.375,0.25
gemma-2-2b,43,desc,desc,de,zh,窄,"Das Gegenteil von ""窄"" ist """,宽,0,0,19.875,22.0,2.125
gemma-2-2b,43,desc,val,de,zh,窄,"Das Gegenteil von ""窄"" ist """,宽,0,0,19.875,22.375,2.5
gemma-2-2b,43,desc,freq,de,zh,窄,"Das Gegenteil von ""窄"" ist """,宽,0,0,19.875,19.5,-0.375
gemma-2-2b,43,val,desc,de,zh,窄,"Das Gegenteil von ""窄"" ist """,宽,0,1,19.875,23.125,3.25
gemma-2-2b,43,val,val,de,zh,窄,"Das Gegenteil von ""窄"" ist """,宽,0,3,19.875,23.5,3.625
gemma-2-2b,43,val,freq,de,zh,窄,"Das Gegenteil von ""窄"" ist """,宽,0,2,19.875,20.25,0.375
gemma-2-2b,43,freq,desc,de,zh,窄,"Das Gegenteil von ""窄"" ist """,宽,0,0,19.875,21.875,2.0
gemma-2-2b,43,freq,val,de,zh,窄,"Das Gegenteil von ""窄"" ist """,宽,0,0,19.875,22.0,2.125
gemma-2-2b,43,freq,freq,de,zh,窄,"Das Gegenteil von ""窄"" ist """,宽,0,0,19.875,21.625,1.75
gemma-2-2b,44,desc,desc,de,zh,软,"Das Gegenteil von ""软"" ist """,硬,0,1,22.125,23.75,1.625
gemma-2-2b,44,desc,val,de,zh,软,"Das Gegenteil von ""软"" ist """,硬,0,1,22.125,23.75,1.625
gemma-2-2b,44,desc,freq,de,zh,软,"Das Gegenteil von ""软"" ist """,硬,0,0,22.125,20.875,-1.25
gemma-2-2b,44,val,desc,de,zh,软,"Das Gegenteil von ""软"" ist """,硬,0,1,22.125,25.375,3.25
gemma-2-2b,44,val,val,de,zh,软,"Das Gegenteil von ""软"" ist """,硬,0,2,22.125,25.0,2.875
gemma-2-2b,44,val,freq,de,zh,软,"Das Gegenteil von ""软"" ist """,硬,0,0,22.125,22.5,0.375
gemma-2-2b,44,freq,desc,de,zh,软,"Das Gegenteil von ""软"" ist """,硬,0,1,22.125,23.25,1.125
gemma-2-2b,44,freq,val,de,zh,软,"Das Gegenteil von ""软"" ist """,硬,0,1,22.125,22.625,0.5
gemma-2-2b,44,freq,freq,de,zh,软,"Das Gegenteil von ""软"" ist """,硬,0,1,22.125,23.375,1.25
gemma-2-2b,45,desc,desc,de,zh,湿,"Das Gegenteil von ""湿"" ist """,干,6,8,16.625,19.0,2.375
gemma-2-2b,45,desc,val,de,zh,湿,"Das Gegenteil von ""湿"" ist """,干,6,11,16.625,19.75,3.125
gemma-2-2b,45,desc,freq,de,zh,湿,"Das Gegenteil von ""湿"" ist """,干,6,1,16.625,18.875,2.25
gemma-2-2b,45,val,desc,de,zh,湿,"Das Gegenteil von ""湿"" ist """,干,6,8,16.625,22.375,5.75
gemma-2-2b,45,val,val,de,zh,湿,"Das Gegenteil von ""湿"" ist """,干,6,18,16.625,20.875,4.25
gemma-2-2b,45,val,freq,de,zh,湿,"Das Gegenteil von ""湿"" ist """,干,6,3,16.625,21.375,4.75
gemma-2-2b,45,freq,desc,de,zh,湿,"Das Gegenteil von ""湿"" ist """,干,6,8,16.625,18.125,1.5
gemma-2-2b,45,freq,val,de,zh,湿,"Das Gegenteil von ""湿"" ist """,干,6,12,16.625,18.25,1.625
gemma-2-2b,45,freq,freq,de,zh,湿,"Das Gegenteil von ""湿"" ist """,干,6,8,16.625,18.125,1.5
gemma-2-2b,46,desc,desc,de,zh,安静,"Das Gegenteil von ""安静"" ist """,吵闹,12,20,17.625,18.25,0.625
gemma-2-2b,46,desc,val,de,zh,安静,"Das Gegenteil von ""安静"" ist """,吵闹,12,13,17.625,19.375,1.75
gemma-2-2b,46,desc,freq,de,zh,安静,"Das Gegenteil von ""安静"" ist """,吵闹,12,59,17.625,15.375,-2.25
gemma-2-2b,46,val,desc,de,zh,安静,"Das Gegenteil von ""安静"" ist """,吵闹,12,90,17.625,19.375,1.75
gemma-2-2b,46,val,val,de,zh,安静,"Das Gegenteil von ""安静"" ist """,吵闹,12,126,17.625,19.75,2.125
gemma-2-2b,46,val,freq,de,zh,安静,"Das Gegenteil von ""安静"" ist """,吵闹,12,197,17.625,15.5625,-2.0625
gemma-2-2b,46,freq,desc,de,zh,安静,"Das Gegenteil von ""安静"" ist """,吵闹,12,38,17.625,16.875,-0.75
gemma-2-2b,46,freq,val,de,zh,安静,"Das Gegenteil von ""安静"" ist """,吵闹,12,44,17.625,17.125,-0.5
gemma-2-2b,46,freq,freq,de,zh,安静,"Das Gegenteil von ""安静"" ist """,吵闹,12,28,17.625,17.25,-0.375
gemma-2-2b,47,desc,desc,de,zh,晚,"Das Gegenteil von ""晚"" ist """,早,0,0,20.5,22.5,2.0
gemma-2-2b,47,desc,val,de,zh,晚,"Das Gegenteil von ""晚"" ist """,早,0,0,20.5,21.5,1.0
gemma-2-2b,47,desc,freq,de,zh,晚,"Das Gegenteil von ""晚"" ist """,早,0,0,20.5,19.625,-0.875
gemma-2-2b,47,val,desc,de,zh,晚,"Das Gegenteil von ""晚"" ist """,早,0,0,20.5,23.75,3.25
gemma-2-2b,47,val,val,de,zh,晚,"Das Gegenteil von ""晚"" ist """,早,0,0,20.5,24.25,3.75
gemma-2-2b,47,val,freq,de,zh,晚,"Das Gegenteil von ""晚"" ist """,早,0,0,20.5,21.625,1.125
gemma-2-2b,47,freq,desc,de,zh,晚,"Das Gegenteil von ""晚"" ist """,早,0,0,20.5,22.375,1.875
gemma-2-2b,47,freq,val,de,zh,晚,"Das Gegenteil von ""晚"" ist """,早,0,0,20.5,21.875,1.375
gemma-2-2b,47,freq,freq,de,zh,晚,"Das Gegenteil von ""晚"" ist """,早,0,0,20.5,22.125,1.625
gemma-2-2b,48,desc,desc,de,zh,远,"Das Gegenteil von ""远"" ist """,近,0,0,23.5,25.125,1.625
gemma-2-2b,48,desc,val,de,zh,远,"Das Gegenteil von ""远"" ist """,近,0,0,23.5,24.75,1.25
gemma-2-2b,48,desc,freq,de,zh,远,"Das Gegenteil von ""远"" ist """,近,0,0,23.5,22.875,-0.625
gemma-2-2b,48,val,desc,de,zh,远,"Das Gegenteil von ""远"" ist """,近,0,0,23.5,27.125,3.625
gemma-2-2b,48,val,val,de,zh,远,"Das Gegenteil von ""远"" ist """,近,0,1,23.5,26.875,3.375
gemma-2-2b,48,val,freq,de,zh,远,"Das Gegenteil von ""远"" ist """,近,0,0,23.5,25.125,1.625
gemma-2-2b,48,freq,desc,de,zh,远,"Das Gegenteil von ""远"" ist """,近,0,0,23.5,25.25,1.75
gemma-2-2b,48,freq,val,de,zh,远,"Das Gegenteil von ""远"" ist """,近,0,0,23.5,25.25,1.75
gemma-2-2b,48,freq,freq,de,zh,远,"Das Gegenteil von ""远"" ist """,近,0,0,23.5,25.125,1.625
gemma-2-2b,49,desc,desc,de,zh,浅,"Das Gegenteil von ""浅"" ist """,深,0,0,19.125,20.875,1.75
gemma-2-2b,49,desc,val,de,zh,浅,"Das Gegenteil von ""浅"" ist """,深,0,0,19.125,21.5,2.375
gemma-2-2b,49,desc,freq,de,zh,浅,"Das Gegenteil von ""浅"" ist """,深,0,0,19.125,20.375,1.25
gemma-2-2b,49,val,desc,de,zh,浅,"Das Gegenteil von ""浅"" ist """,深,0,0,19.125,24.75,5.625
gemma-2-2b,49,val,val,de,zh,浅,"Das Gegenteil von ""浅"" ist """,深,0,0,19.125,24.125,5.0
gemma-2-2b,49,val,freq,de,zh,浅,"Das Gegenteil von ""浅"" ist """,深,0,0,19.125,22.5,3.375
gemma-2-2b,49,freq,desc,de,zh,浅,"Das Gegenteil von ""浅"" ist """,深,0,0,19.125,20.375,1.25
gemma-2-2b,49,freq,val,de,zh,浅,"Das Gegenteil von ""浅"" ist """,深,0,0,19.125,20.75,1.625
gemma-2-2b,49,freq,freq,de,zh,浅,"Das Gegenteil von ""浅"" ist """,深,0,0,19.125,19.75,0.625
gemma-2-2b,50,desc,desc,de,zh,年轻,"Das Gegenteil von ""年轻"" ist """,老,0,0,21.875,23.875,2.0
gemma-2-2b,50,desc,val,de,zh,年轻,"Das Gegenteil von ""年轻"" ist """,老,0,1,21.875,23.625,1.75
gemma-2-2b,50,desc,freq,de,zh,年轻,"Das Gegenteil von ""年轻"" ist """,老,0,0,21.875,22.5,0.625
gemma-2-2b,50,val,desc,de,zh,年轻,"Das Gegenteil von ""年轻"" ist """,老,0,0,21.875,25.125,3.25
gemma-2-2b,50,val,val,de,zh,年轻,"Das Gegenteil von ""年轻"" ist """,老,0,1,21.875,24.75,2.875
gemma-2-2b,50,val,freq,de,zh,年轻,"Das Gegenteil von ""年轻"" ist """,老,0,0,21.875,23.875,2.0
gemma-2-2b,50,freq,desc,de,zh,年轻,"Das Gegenteil von ""年轻"" ist """,老,0,1,21.875,23.5,1.625
gemma-2-2b,50,freq,val,de,zh,年轻,"Das Gegenteil von ""年轻"" ist """,老,0,1,21.875,23.125,1.25
gemma-2-2b,50,freq,freq,de,zh,年轻,"Das Gegenteil von ""年轻"" ist """,老,0,1,21.875,23.75,1.875
gemma-2-2b,51,desc,desc,de,zh,善良,"Das Gegenteil von ""善良"" ist """,邪恶,0,2,21.0,22.0,1.0
gemma-2-2b,51,desc,val,de,zh,善良,"Das Gegenteil von ""善良"" ist """,邪恶,0,1,21.0,21.625,0.625
gemma-2-2b,51,desc,freq,de,zh,善良,"Das Gegenteil von ""善良"" ist """,邪恶,0,0,21.0,19.75,-1.25
gemma-2-2b,51,val,desc,de,zh,善良,"Das Gegenteil von ""善良"" ist """,邪恶,0,2,21.0,23.125,2.125
gemma-2-2b,51,val,val,de,zh,善良,"Das Gegenteil von ""善良"" ist """,邪恶,0,7,21.0,23.375,2.375
gemma-2-2b,51,val,freq,de,zh,善良,"Das Gegenteil von ""善良"" ist """,邪恶,0,2,21.0,19.75,-1.25
gemma-2-2b,51,freq,desc,de,zh,善良,"Das Gegenteil von ""善良"" ist """,邪恶,0,3,21.0,21.25,0.25
gemma-2-2b,51,freq,val,de,zh,善良,"Das Gegenteil von ""善良"" ist """,邪恶,0,5,21.0,20.375,-0.625
gemma-2-2b,51,freq,freq,de,zh,善良,"Das Gegenteil von ""善良"" ist """,邪恶,0,2,21.0,21.75,0.75
gemma-2-2b,52,desc,desc,de,zh,勇敢,"Das Gegenteil von ""勇敢"" ist """,懦弱,0,8,17.25,17.875,0.625
gemma-2-2b,52,desc,val,de,zh,勇敢,"Das Gegenteil von ""勇敢"" ist """,懦弱,0,8,17.25,17.25,0.0
gemma-2-2b,52,desc,freq,de,zh,勇敢,"Das Gegenteil von ""勇敢"" ist """,懦弱,0,4,17.25,17.125,-0.125
gemma-2-2b,52,val,desc,de,zh,勇敢,"Das Gegenteil von ""勇敢"" ist """,懦弱,0,70,17.25,15.8125,-1.4375
gemma-2-2b,52,val,val,de,zh,勇敢,"Das Gegenteil von ""勇敢"" ist """,懦弱,0,97,17.25,17.375,0.125
gemma-2-2b,52,val,freq,de,zh,勇敢,"Das Gegenteil von ""勇敢"" ist """,懦弱,0,50,17.25,14.75,-2.5
gemma-2-2b,52,freq,desc,de,zh,勇敢,"Das Gegenteil von ""勇敢"" ist """,懦弱,0,13,17.25,16.625,-0.625
gemma-2-2b,52,freq,val,de,zh,勇敢,"Das Gegenteil von ""勇敢"" ist """,懦弱,0,24,17.25,15.0,-2.25
gemma-2-2b,52,freq,freq,de,zh,勇敢,"Das Gegenteil von ""勇敢"" ist """,懦弱,0,2,17.25,17.25,0.0
gemma-2-2b,53,desc,desc,de,zh,明智,"Das Gegenteil von ""明智"" ist """,愚蠢,0,0,17.875,19.125,1.25
gemma-2-2b,53,desc,val,de,zh,明智,"Das Gegenteil von ""明智"" ist """,愚蠢,0,1,17.875,20.25,2.375
gemma-2-2b,53,desc,freq,de,zh,明智,"Das Gegenteil von ""明智"" ist """,愚蠢,0,0,17.875,18.25,0.375
gemma-2-2b,53,val,desc,de,zh,明智,"Das Gegenteil von ""明智"" ist """,愚蠢,0,6,17.875,20.875,3.0
gemma-2-2b,53,val,val,de,zh,明智,"Das Gegenteil von ""明智"" ist """,愚蠢,0,4,17.875,21.25,3.375
gemma-2-2b,53,val,freq,de,zh,明智,"Das Gegenteil von ""明智"" ist """,愚蠢,0,0,17.875,19.875,2.0
gemma-2-2b,53,freq,desc,de,zh,明智,"Das Gegenteil von ""明智"" ist """,愚蠢,0,0,17.875,17.875,0.0
gemma-2-2b,53,freq,val,de,zh,明智,"Das Gegenteil von ""明智"" ist """,愚蠢,0,1,17.875,18.75,0.875
gemma-2-2b,53,freq,freq,de,zh,明智,"Das Gegenteil von ""明智"" ist """,愚蠢,0,0,17.875,18.25,0.375
gemma-2-2b,54,desc,desc,de,zh,礼貌,"Das Gegenteil von ""礼貌"" ist """,不礼貌,0,0,19.75,20.75,1.0
gemma-2-2b,54,desc,val,de,zh,礼貌,"Das Gegenteil von ""礼貌"" ist """,不礼貌,0,0,19.75,22.0,2.25
gemma-2-2b,54,desc,freq,de,zh,礼貌,"Das Gegenteil von ""礼貌"" ist """,不礼貌,0,0,19.75,20.125,0.375
gemma-2-2b,54,val,desc,de,zh,礼貌,"Das Gegenteil von ""礼貌"" ist """,不礼貌,0,3,19.75,23.625,3.875
gemma-2-2b,54,val,val,de,zh,礼貌,"Das Gegenteil von ""礼貌"" ist """,不礼貌,0,3,19.75,22.875,3.125
gemma-2-2b,54,val,freq,de,zh,礼貌,"Das Gegenteil von ""礼貌"" ist """,不礼貌,0,3,19.75,22.25,2.5
gemma-2-2b,54,freq,desc,de,zh,礼貌,"Das Gegenteil von ""礼貌"" ist """,不礼貌,0,1,19.75,20.375,0.625
gemma-2-2b,54,freq,val,de,zh,礼貌,"Das Gegenteil von ""礼貌"" ist """,不礼貌,0,1,19.75,20.375,0.625
gemma-2-2b,54,freq,freq,de,zh,礼貌,"Das Gegenteil von ""礼貌"" ist """,不礼貌,0,0,19.75,20.0,0.25
gemma-2-2b,55,desc,desc,de,zh,耐心,"Das Gegenteil von ""耐心"" ist """,不耐烦,2,0,17.875,20.75,2.875
gemma-2-2b,55,desc,val,de,zh,耐心,"Das Gegenteil von ""耐心"" ist """,不耐烦,2,1,17.875,21.75,3.875
gemma-2-2b,55,desc,freq,de,zh,耐心,"Das Gegenteil von ""耐心"" ist """,不耐烦,2,1,17.875,19.75,1.875
gemma-2-2b,55,val,desc,de,zh,耐心,"Das Gegenteil von ""耐心"" ist """,不耐烦,2,10,17.875,23.125,5.25
gemma-2-2b,55,val,val,de,zh,耐心,"Das Gegenteil von ""耐心"" ist """,不耐烦,2,12,17.875,23.125,5.25
gemma-2-2b,55,val,freq,de,zh,耐心,"Das Gegenteil von ""耐心"" ist """,不耐烦,2,9,17.875,20.875,3.0
gemma-2-2b,55,freq,desc,de,zh,耐心,"Das Gegenteil von ""耐心"" ist """,不耐烦,2,1,17.875,20.375,2.5
gemma-2-2b,55,freq,val,de,zh,耐心,"Das Gegenteil von ""耐心"" ist """,不耐烦,2,3,17.875,21.125,3.25
gemma-2-2b,55,freq,freq,de,zh,耐心,"Das Gegenteil von ""耐心"" ist """,不耐烦,2,2,17.875,20.25,2.375
gemma-2-2b,56,desc,desc,de,zh,诚实,"Das Gegenteil von ""诚实"" ist """,不诚实,0,0,18.75,21.75,3.0
gemma-2-2b,56,desc,val,de,zh,诚实,"Das Gegenteil von ""诚实"" ist """,不诚实,0,0,18.75,22.5,3.75
gemma-2-2b,56,desc,freq,de,zh,诚实,"Das Gegenteil von ""诚实"" ist """,不诚实,0,0,18.75,21.375,2.625
gemma-2-2b,56,val,desc,de,zh,诚实,"Das Gegenteil von ""诚实"" ist """,不诚实,0,0,18.75,23.875,5.125
gemma-2-2b,56,val,val,de,zh,诚实,"Das Gegenteil von ""诚实"" ist """,不诚实,0,2,18.75,24.125,5.375
gemma-2-2b,56,val,freq,de,zh,诚实,"Das Gegenteil von ""诚实"" ist """,不诚实,0,1,18.75,22.0,3.25
gemma-2-2b,56,freq,desc,de,zh,诚实,"Das Gegenteil von ""诚实"" ist """,不诚实,0,0,18.75,21.75,3.0
gemma-2-2b,56,freq,val,de,zh,诚实,"Das Gegenteil von ""诚实"" ist """,不诚实,0,0,18.75,21.75,3.0
gemma-2-2b,56,freq,freq,de,zh,诚实,"Das Gegenteil von ""诚实"" ist """,不诚实,0,1,18.75,21.5,2.75
gemma-2-2b,57,desc,desc,de,zh,安全,"Das Gegenteil von ""安全"" ist """,危险,9,17,19.875,19.875,0.0
gemma-2-2b,57,desc,val,de,zh,安全,"Das Gegenteil von ""安全"" ist """,危险,9,20,19.875,21.25,1.375
gemma-2-2b,57,desc,freq,de,zh,安全,"Das Gegenteil von ""安全"" ist """,危险,9,8,19.875,19.5,-0.375
gemma-2-2b,57,val,desc,de,zh,安全,"Das Gegenteil von ""安全"" ist """,危险,9,63,19.875,21.375,1.5
gemma-2-2b,57,val,val,de,zh,安全,"Das Gegenteil von ""安全"" ist """,危险,9,57,19.875,21.25,1.375
gemma-2-2b,57,val,freq,de,zh,安全,"Das Gegenteil von ""安全"" ist """,危险,9,50,19.875,19.75,-0.125
gemma-2-2b,57,freq,desc,de,zh,安全,"Das Gegenteil von ""安全"" ist """,危险,9,16,19.875,18.875,-1.0
gemma-2-2b,57,freq,val,de,zh,安全,"Das Gegenteil von ""安全"" ist """,危险,9,26,19.875,19.25,-0.625
gemma-2-2b,57,freq,freq,de,zh,安全,"Das Gegenteil von ""安全"" ist """,危险,9,18,19.875,19.0,-0.875
gemma-2-2b,58,desc,desc,de,zh,积极,"Das Gegenteil von ""积极"" ist """,消极,0,0,21.75,23.625,1.875
gemma-2-2b,58,desc,val,de,zh,积极,"Das Gegenteil von ""积极"" ist """,消极,0,0,21.75,25.25,3.5
gemma-2-2b,58,desc,freq,de,zh,积极,"Das Gegenteil von ""积极"" ist """,消极,0,0,21.75,23.25,1.5
gemma-2-2b,58,val,desc,de,zh,积极,"Das Gegenteil von ""积极"" ist """,消极,0,0,21.75,25.625,3.875
gemma-2-2b,58,val,val,de,zh,积极,"Das Gegenteil von ""积极"" ist """,消极,0,0,21.75,25.5,3.75
gemma-2-2b,58,val,freq,de,zh,积极,"Das Gegenteil von ""积极"" ist """,消极,0,0,21.75,24.5,2.75
gemma-2-2b,58,freq,desc,de,zh,积极,"Das Gegenteil von ""积极"" ist """,消极,0,0,21.75,24.625,2.875
gemma-2-2b,58,freq,val,de,zh,积极,"Das Gegenteil von ""积极"" ist """,消极,0,0,21.75,24.75,3.0
gemma-2-2b,58,freq,freq,de,zh,积极,"Das Gegenteil von ""积极"" ist """,消极,0,0,21.75,25.25,3.5
gemma-2-2b,59,desc,desc,de,zh,直,"Das Gegenteil von ""直"" ist """,弯,3,23,17.75,17.75,0.0
gemma-2-2b,59,desc,val,de,zh,直,"Das Gegenteil von ""直"" ist """,弯,3,9,17.75,20.375,2.625
gemma-2-2b,59,desc,freq,de,zh,直,"Das Gegenteil von ""直"" ist """,弯,3,1,17.75,20.25,2.5
gemma-2-2b,59,val,desc,de,zh,直,"Das Gegenteil von ""直"" ist """,弯,3,43,17.75,21.625,3.875
gemma-2-2b,59,val,val,de,zh,直,"Das Gegenteil von ""直"" ist """,弯,3,41,17.75,21.0,3.25
gemma-2-2b,59,val,freq,de,zh,直,"Das Gegenteil von ""直"" ist """,弯,3,13,17.75,20.875,3.125
gemma-2-2b,59,freq,desc,de,zh,直,"Das Gegenteil von ""直"" ist """,弯,3,16,17.75,17.25,-0.5
gemma-2-2b,59,freq,val,de,zh,直,"Das Gegenteil von ""直"" ist """,弯,3,24,17.75,18.0,0.25
gemma-2-2b,59,freq,freq,de,zh,直,"Das Gegenteil von ""直"" ist """,弯,3,12,17.75,17.75,0.0
gemma-2-2b,60,desc,desc,de,zh,完整,"Das Gegenteil von ""完整"" ist """,破,4,17,20.125,21.125,1.0
gemma-2-2b,60,desc,val,de,zh,完整,"Das Gegenteil von ""完整"" ist """,破,4,9,20.125,21.75,1.625
gemma-2-2b,60,desc,freq,de,zh,完整,"Das Gegenteil von ""完整"" ist """,破,4,10,20.125,19.75,-0.375
gemma-2-2b,60,val,desc,de,zh,完整,"Das Gegenteil von ""完整"" ist """,破,4,12,20.125,23.25,3.125
gemma-2-2b,60,val,val,de,zh,完整,"Das Gegenteil von ""完整"" ist """,破,4,55,20.125,21.625,1.5
gemma-2-2b,60,val,freq,de,zh,完整,"Das Gegenteil von ""完整"" ist """,破,4,31,20.125,20.75,0.625
gemma-2-2b,60,freq,desc,de,zh,完整,"Das Gegenteil von ""完整"" ist """,破,4,27,20.125,20.25,0.125
gemma-2-2b,60,freq,val,de,zh,完整,"Das Gegenteil von ""完整"" ist """,破,4,24,20.125,20.125,0.0
gemma-2-2b,60,freq,freq,de,zh,完整,"Das Gegenteil von ""完整"" ist """,破,4,27,20.125,20.5,0.375
gemma-2-2b,61,desc,desc,de,zh,平静,"Das Gegenteil von ""平静"" ist """,激动,18,175,17.375,16.75,-0.625
gemma-2-2b,61,desc,val,de,zh,平静,"Das Gegenteil von ""平静"" ist """,激动,18,56,17.375,17.25,-0.125
gemma-2-2b,61,desc,freq,de,zh,平静,"Das Gegenteil von ""平静"" ist """,激动,18,10,17.375,17.75,0.375
gemma-2-2b,61,val,desc,de,zh,平静,"Das Gegenteil von ""平静"" ist """,激动,18,116,17.375,16.0,-1.375
gemma-2-2b,61,val,val,de,zh,平静,"Das Gegenteil von ""平静"" ist """,激动,18,1262,17.375,15.5625,-1.8125
gemma-2-2b,61,val,freq,de,zh,平静,"Das Gegenteil von ""平静"" ist """,激动,18,56,17.375,16.875,-0.5
gemma-2-2b,61,freq,desc,de,zh,平静,"Das Gegenteil von ""平静"" ist """,激动,18,218,17.375,15.9375,-1.4375
gemma-2-2b,61,freq,val,de,zh,平静,"Das Gegenteil von ""平静"" ist """,激动,18,162,17.375,15.25,-2.125
gemma-2-2b,61,freq,freq,de,zh,平静,"Das Gegenteil von ""平静"" ist """,激动,18,238,17.375,16.0,-1.375
gemma-2-2b,62,desc,desc,de,zh,正确,"Das Gegenteil von ""正确"" ist """,错误,0,1,24.375,25.375,1.0
gemma-2-2b,62,desc,val,de,zh,正确,"Das Gegenteil von ""正确"" ist """,错误,0,2,24.375,25.25,0.875
gemma-2-2b,62,desc,freq,de,zh,正确,"Das Gegenteil von ""正确"" ist """,错误,0,0,24.375,24.25,-0.125
gemma-2-2b,62,val,desc,de,zh,正确,"Das Gegenteil von ""正确"" ist """,错误,0,2,24.375,26.125,1.75
gemma-2-2b,62,val,val,de,zh,正确,"Das Gegenteil von ""正确"" ist """,错误,0,3,24.375,25.875,1.5
gemma-2-2b,62,val,freq,de,zh,正确,"Das Gegenteil von ""正确"" ist """,错误,0,1,24.375,24.875,0.5
gemma-2-2b,62,freq,desc,de,zh,正确,"Das Gegenteil von ""正确"" ist """,错误,0,1,24.375,25.0,0.625
gemma-2-2b,62,freq,val,de,zh,正确,"Das Gegenteil von ""正确"" ist """,错误,0,2,24.375,24.75,0.375
gemma-2-2b,62,freq,freq,de,zh,正确,"Das Gegenteil von ""正确"" ist """,错误,0,1,24.375,25.25,0.875
gemma-2-2b,63,desc,desc,de,zh,复杂,"Das Gegenteil von ""复杂"" ist """,简单,0,0,23.375,23.75,0.375
gemma-2-2b,63,desc,val,de,zh,复杂,"Das Gegenteil von ""复杂"" ist """,简单,0,1,23.375,23.75,0.375
gemma-2-2b,63,desc,freq,de,zh,复杂,"Das Gegenteil von ""复杂"" ist """,简单,0,0,23.375,21.75,-1.625
gemma-2-2b,63,val,desc,de,zh,复杂,"Das Gegenteil von ""复杂"" ist """,简单,0,1,23.375,24.75,1.375
gemma-2-2b,63,val,val,de,zh,复杂,"Das Gegenteil von ""复杂"" ist """,简单,0,3,23.375,24.125,0.75
gemma-2-2b,63,val,freq,de,zh,复杂,"Das Gegenteil von ""复杂"" ist """,简单,0,1,23.375,23.125,-0.25
gemma-2-2b,63,freq,desc,de,zh,复杂,"Das Gegenteil von ""复杂"" ist """,简单,0,1,23.375,23.5,0.125
gemma-2-2b,63,freq,val,de,zh,复杂,"Das Gegenteil von ""复杂"" ist """,简单,0,1,23.375,23.0,-0.375
gemma-2-2b,63,freq,freq,de,zh,复杂,"Das Gegenteil von ""复杂"" ist """,简单,0,2,23.375,23.5,0.125
gemma-2-2b,64,desc,desc,de,zh,有效,"Das Gegenteil von ""有效"" ist """,无效,0,2,23.75,23.375,-0.375
gemma-2-2b,64,desc,val,de,zh,有效,"Das Gegenteil von ""有效"" ist """,无效,0,6,23.75,22.5,-1.25
gemma-2-2b,64,desc,freq,de,zh,有效,"Das Gegenteil von ""有效"" ist """,无效,0,0,23.75,23.125,-0.625
gemma-2-2b,64,val,desc,de,zh,有效,"Das Gegenteil von ""有效"" ist """,无效,0,19,23.75,22.875,-0.875
gemma-2-2b,64,val,val,de,zh,有效,"Das Gegenteil von ""有效"" ist """,无效,0,13,23.75,23.25,-0.5
gemma-2-2b,64,val,freq,de,zh,有效,"Das Gegenteil von ""有效"" ist """,无效,0,4,23.75,23.5,-0.25
gemma-2-2b,64,freq,desc,de,zh,有效,"Das Gegenteil von ""有效"" ist """,无效,0,3,23.75,23.25,-0.5
gemma-2-2b,64,freq,val,de,zh,有效,"Das Gegenteil von ""有效"" ist """,无效,0,3,23.75,23.125,-0.625
gemma-2-2b,64,freq,freq,de,zh,有效,"Das Gegenteil von ""有效"" ist """,无效,0,2,23.75,23.5,-0.25
gemma-2-2b,65,desc,desc,de,zh,著名,"Das Gegenteil von ""著名"" ist """,不为人知,1,5,19.25,20.625,1.375
gemma-2-2b,65,desc,val,de,zh,著名,"Das Gegenteil von ""著名"" ist """,不为人知,1,3,19.25,22.125,2.875
gemma-2-2b,65,desc,freq,de,zh,著名,"Das Gegenteil von ""著名"" ist """,不为人知,1,0,19.25,21.0,1.75
gemma-2-2b,65,val,desc,de,zh,著名,"Das Gegenteil von ""著名"" ist """,不为人知,1,5,19.25,23.5,4.25
gemma-2-2b,65,val,val,de,zh,著名,"Das Gegenteil von ""著名"" ist """,不为人知,1,25,19.25,22.0,2.75
gemma-2-2b,65,val,freq,de,zh,著名,"Das Gegenteil von ""著名"" ist """,不为人知,1,2,19.25,22.625,3.375
gemma-2-2b,65,freq,desc,de,zh,著名,"Das Gegenteil von ""著名"" ist """,不为人知,1,7,19.25,20.5,1.25
gemma-2-2b,65,freq,val,de,zh,著名,"Das Gegenteil von ""著名"" ist """,不为人知,1,11,19.25,20.375,1.125
gemma-2-2b,65,freq,freq,de,zh,著名,"Das Gegenteil von ""著名"" ist """,不为人知,1,7,19.25,20.25,1.0
gemma-2-2b,66,desc,desc,de,zh,慷慨,"Das Gegenteil von ""慷慨"" ist """,吝啬,0,0,21.375,22.5,1.125
gemma-2-2b,66,desc,val,de,zh,慷慨,"Das Gegenteil von ""慷慨"" ist """,吝啬,0,0,21.375,23.0,1.625
gemma-2-2b,66,desc,freq,de,zh,慷慨,"Das Gegenteil von ""慷慨"" ist """,吝啬,0,0,21.375,19.75,-1.625
gemma-2-2b,66,val,desc,de,zh,慷慨,"Das Gegenteil von ""慷慨"" ist """,吝啬,0,3,21.375,23.5,2.125
gemma-2-2b,66,val,val,de,zh,慷慨,"Das Gegenteil von ""慷慨"" ist """,吝啬,0,0,21.375,24.25,2.875
gemma-2-2b,66,val,freq,de,zh,慷慨,"Das Gegenteil von ""慷慨"" ist """,吝啬,0,5,21.375,19.5,-1.875
gemma-2-2b,66,freq,desc,de,zh,慷慨,"Das Gegenteil von ""慷慨"" ist """,吝啬,0,0,21.375,22.0,0.625
gemma-2-2b,66,freq,val,de,zh,慷慨,"Das Gegenteil von ""慷慨"" ist """,吝啬,0,0,21.375,22.25,0.875
gemma-2-2b,66,freq,freq,de,zh,慷慨,"Das Gegenteil von ""慷慨"" ist """,吝啬,0,0,21.375,22.5,1.125
gemma-2-2b,67,desc,desc,de,zh,高兴,"Das Gegenteil von ""高兴"" ist """,不高兴,1,1,17.75,20.75,3.0
gemma-2-2b,67,desc,val,de,zh,高兴,"Das Gegenteil von ""高兴"" ist """,不高兴,1,1,17.75,21.5,3.75
gemma-2-2b,67,desc,freq,de,zh,高兴,"Das Gegenteil von ""高兴"" ist """,不高兴,1,0,17.75,20.5,2.75
gemma-2-2b,67,val,desc,de,zh,高兴,"Das Gegenteil von ""高兴"" ist """,不高兴,1,4,17.75,23.5,5.75
gemma-2-2b,67,val,val,de,zh,高兴,"Das Gegenteil von ""高兴"" ist """,不高兴,1,4,17.75,23.5,5.75
gemma-2-2b,67,val,freq,de,zh,高兴,"Das Gegenteil von ""高兴"" ist """,不高兴,1,1,17.75,22.125,4.375
gemma-2-2b,67,freq,desc,de,zh,高兴,"Das Gegenteil von ""高兴"" ist """,不高兴,1,2,17.75,21.5,3.75
gemma-2-2b,67,freq,val,de,zh,高兴,"Das Gegenteil von ""高兴"" ist """,不高兴,1,3,17.75,21.5,3.75
gemma-2-2b,67,freq,freq,de,zh,高兴,"Das Gegenteil von ""高兴"" ist """,不高兴,1,3,17.75,21.5,3.75
gemma-2-2b,68,desc,desc,de,zh,健康,"Das Gegenteil von ""健康"" ist """,不健康,2,2,19.5,20.5,1.0
gemma-2-2b,68,desc,val,de,zh,健康,"Das Gegenteil von ""健康"" ist """,不健康,2,0,19.5,22.375,2.875
gemma-2-2b,68,desc,freq,de,zh,健康,"Das Gegenteil von ""健康"" ist """,不健康,2,0,19.5,21.25,1.75
gemma-2-2b,68,val,desc,de,zh,健康,"Das Gegenteil von ""健康"" ist """,不健康,2,1,19.5,23.75,4.25
gemma-2-2b,68,val,val,de,zh,健康,"Das Gegenteil von ""健康"" ist """,不健康,2,3,19.5,22.75,3.25
gemma-2-2b,68,val,freq,de,zh,健康,"Das Gegenteil von ""健康"" ist """,不健康,2,0,19.5,23.125,3.625
gemma-2-2b,68,freq,desc,de,zh,健康,"Das Gegenteil von ""健康"" ist """,不健康,2,1,19.5,20.125,0.625
gemma-2-2b,68,freq,val,de,zh,健康,"Das Gegenteil von ""健康"" ist """,不健康,2,1,19.5,20.625,1.125
gemma-2-2b,68,freq,freq,de,zh,健康,"Das Gegenteil von ""健康"" ist """,不健康,2,2,19.5,19.75,0.25
gemma-2-2b,69,desc,desc,de,zh,高,"Das Gegenteil von ""高"" ist """,低,0,0,20.75,21.875,1.125
gemma-2-2b,69,desc,val,de,zh,高,"Das Gegenteil von ""高"" ist """,低,0,0,20.75,22.125,1.375
gemma-2-2b,69,desc,freq,de,zh,高,"Das Gegenteil von ""高"" ist """,低,0,0,20.75,20.875,0.125
gemma-2-2b,69,val,desc,de,zh,高,"Das Gegenteil von ""高"" ist """,低,0,0,20.75,24.5,3.75
gemma-2-2b,69,val,val,de,zh,高,"Das Gegenteil von ""高"" ist """,低,0,0,20.75,24.625,3.875
gemma-2-2b,69,val,freq,de,zh,高,"Das Gegenteil von ""高"" ist """,低,0,0,20.75,22.25,1.5
gemma-2-2b,69,freq,desc,de,zh,高,"Das Gegenteil von ""高"" ist """,低,0,0,20.75,21.25,0.5
gemma-2-2b,69,freq,val,de,zh,高,"Das Gegenteil von ""高"" ist """,低,0,0,20.75,21.375,0.625
gemma-2-2b,69,freq,freq,de,zh,高,"Das Gegenteil von ""高"" ist """,低,0,0,20.75,20.875,0.125
gemma-2-2b,70,desc,desc,de,zh,重要,"Das Gegenteil von ""重要"" ist """,不重要,3,3,20.0,20.5,0.5
gemma-2-2b,70,desc,val,de,zh,重要,"Das Gegenteil von ""重要"" ist """,不重要,3,1,20.0,22.125,2.125
gemma-2-2b,70,desc,freq,de,zh,重要,"Das Gegenteil von ""重要"" ist """,不重要,3,1,20.0,22.375,2.375
gemma-2-2b,70,val,desc,de,zh,重要,"Das Gegenteil von ""重要"" ist """,不重要,3,1,20.0,23.75,3.75
gemma-2-2b,70,val,val,de,zh,重要,"Das Gegenteil von ""重要"" ist """,不重要,3,6,20.0,22.625,2.625
gemma-2-2b,70,val,freq,de,zh,重要,"Das Gegenteil von ""重要"" ist """,不重要,3,1,20.0,24.0,4.0
gemma-2-2b,70,freq,desc,de,zh,重要,"Das Gegenteil von ""重要"" ist """,不重要,3,3,20.0,20.25,0.25
gemma-2-2b,70,freq,val,de,zh,重要,"Das Gegenteil von ""重要"" ist """,不重要,3,3,20.0,20.5,0.5
gemma-2-2b,70,freq,freq,de,zh,重要,"Das Gegenteil von ""重要"" ist """,不重要,3,3,20.0,20.0,0.0
gemma-2-2b,71,desc,desc,de,zh,无辜,"Das Gegenteil von ""无辜"" ist """,有罪,1,3,19.0,21.5,2.5
gemma-2-2b,71,desc,val,de,zh,无辜,"Das Gegenteil von ""无辜"" ist """,有罪,1,1,19.0,22.75,3.75
gemma-2-2b,71,desc,freq,de,zh,无辜,"Das Gegenteil von ""无辜"" ist """,有罪,1,0,19.0,21.0,2.0
gemma-2-2b,71,val,desc,de,zh,无辜,"Das Gegenteil von ""无辜"" ist """,有罪,1,2,19.0,24.125,5.125
gemma-2-2b,71,val,val,de,zh,无辜,"Das Gegenteil von ""无辜"" ist """,有罪,1,4,19.0,24.125,5.125
gemma-2-2b,71,val,freq,de,zh,无辜,"Das Gegenteil von ""无辜"" ist """,有罪,1,1,19.0,22.5,3.5
gemma-2-2b,71,freq,desc,de,zh,无辜,"Das Gegenteil von ""无辜"" ist """,有罪,1,2,19.0,21.5,2.5
gemma-2-2b,71,freq,val,de,zh,无辜,"Das Gegenteil von ""无辜"" ist """,有罪,1,2,19.0,21.75,2.75
gemma-2-2b,71,freq,freq,de,zh,无辜,"Das Gegenteil von ""无辜"" ist """,有罪,1,4,19.0,21.5,2.5
gemma-2-2b,72,desc,desc,de,zh,已知,"Das Gegenteil von ""已知"" ist """,未知,0,0,23.875,24.625,0.75
gemma-2-2b,72,desc,val,de,zh,已知,"Das Gegenteil von ""已知"" ist """,未知,0,0,23.875,24.625,0.75
gemma-2-2b,72,desc,freq,de,zh,已知,"Das Gegenteil von ""已知"" ist """,未知,0,0,23.875,23.875,0.0
gemma-2-2b,72,val,desc,de,zh,已知,"Das Gegenteil von ""已知"" ist """,未知,0,1,23.875,25.75,1.875
gemma-2-2b,72,val,val,de,zh,已知,"Das Gegenteil von ""已知"" ist """,未知,0,2,23.875,25.25,1.375
gemma-2-2b,72,val,freq,de,zh,已知,"Das Gegenteil von ""已知"" ist """,未知,0,0,23.875,25.125,1.25
gemma-2-2b,72,freq,desc,de,zh,已知,"Das Gegenteil von ""已知"" ist """,未知,0,1,23.875,24.125,0.25
gemma-2-2b,72,freq,val,de,zh,已知,"Das Gegenteil von ""已知"" ist """,未知,0,2,23.875,23.75,-0.125
gemma-2-2b,72,freq,freq,de,zh,已知,"Das Gegenteil von ""已知"" ist """,未知,0,0,23.875,24.625,0.75
gemma-2-2b,73,desc,desc,de,zh,男性,"Das Gegenteil von ""男性"" ist """,女性,0,0,21.75,23.0,1.25
gemma-2-2b,73,desc,val,de,zh,男性,"Das Gegenteil von ""男性"" ist """,女性,0,0,21.75,23.5,1.75
gemma-2-2b,73,desc,freq,de,zh,男性,"Das Gegenteil von ""男性"" ist """,女性,0,0,21.75,21.625,-0.125
gemma-2-2b,73,val,desc,de,zh,男性,"Das Gegenteil von ""男性"" ist """,女性,0,0,21.75,24.25,2.5
gemma-2-2b,73,val,val,de,zh,男性,"Das Gegenteil von ""男性"" ist """,女性,0,0,21.75,24.5,2.75
gemma-2-2b,73,val,freq,de,zh,男性,"Das Gegenteil von ""男性"" ist """,女性,0,0,21.75,23.125,1.375
gemma-2-2b,73,freq,desc,de,zh,男性,"Das Gegenteil von ""男性"" ist """,女性,0,0,21.75,21.875,0.125
gemma-2-2b,73,freq,val,de,zh,男性,"Das Gegenteil von ""男性"" ist """,女性,0,0,21.75,21.875,0.125
gemma-2-2b,73,freq,freq,de,zh,男性,"Das Gegenteil von ""男性"" ist """,女性,0,0,21.75,21.875,0.125
gemma-2-2b,74,desc,desc,de,zh,正常,"Das Gegenteil von ""正常"" ist """,异常,2,4,20.625,21.375,0.75
gemma-2-2b,74,desc,val,de,zh,正常,"Das Gegenteil von ""正常"" ist """,异常,2,3,20.625,21.0,0.375
gemma-2-2b,74,desc,freq,de,zh,正常,"Das Gegenteil von ""正常"" ist """,异常,2,1,20.625,20.5,-0.125
gemma-2-2b,74,val,desc,de,zh,正常,"Das Gegenteil von ""正常"" ist """,异常,2,3,20.625,21.5,0.875
gemma-2-2b,74,val,val,de,zh,正常,"Das Gegenteil von ""正常"" ist """,异常,2,7,20.625,21.5,0.875
gemma-2-2b,74,val,freq,de,zh,正常,"Das Gegenteil von ""正常"" ist """,异常,2,3,20.625,20.625,0.0
gemma-2-2b,74,freq,desc,de,zh,正常,"Das Gegenteil von ""正常"" ist """,异常,2,3,20.625,21.5,0.875
gemma-2-2b,74,freq,val,de,zh,正常,"Das Gegenteil von ""正常"" ist """,异常,2,4,20.625,21.75,1.125
gemma-2-2b,74,freq,freq,de,zh,正常,"Das Gegenteil von ""正常"" ist """,异常,2,4,20.625,21.375,0.75
gemma-2-2b,75,desc,desc,de,zh,可能,"Das Gegenteil von ""可能"" ist """,不可能,0,0,22.625,22.875,0.25
gemma-2-2b,75,desc,val,de,zh,可能,"Das Gegenteil von ""可能"" ist """,不可能,0,0,22.625,23.625,1.0
gemma-2-2b,75,desc,freq,de,zh,可能,"Das Gegenteil von ""可能"" ist """,不可能,0,0,22.625,21.125,-1.5
gemma-2-2b,75,val,desc,de,zh,可能,"Das Gegenteil von ""可能"" ist """,不可能,0,1,22.625,24.125,1.5
gemma-2-2b,75,val,val,de,zh,可能,"Das Gegenteil von ""可能"" ist """,不可能,0,1,22.625,23.875,1.25
gemma-2-2b,75,val,freq,de,zh,可能,"Das Gegenteil von ""可能"" ist """,不可能,0,3,22.625,21.25,-1.375
gemma-2-2b,75,freq,desc,de,zh,可能,"Das Gegenteil von ""可能"" ist """,不可能,0,0,22.625,21.875,-0.75
gemma-2-2b,75,freq,val,de,zh,可能,"Das Gegenteil von ""可能"" ist """,不可能,0,0,22.625,21.875,-0.75
gemma-2-2b,75,freq,freq,de,zh,可能,"Das Gegenteil von ""可能"" ist """,不可能,0,0,22.625,22.375,-0.25
gemma-2-2b,76,desc,desc,de,zh,私人,"Das Gegenteil von ""私人"" ist """,公共,1,2,21.625,22.25,0.625
gemma-2-2b,76,desc,val,de,zh,私人,"Das Gegenteil von ""私人"" ist """,公共,1,3,21.625,23.125,1.5
gemma-2-2b,76,desc,freq,de,zh,私人,"Das Gegenteil von ""私人"" ist """,公共,1,2,21.625,21.0,-0.625
gemma-2-2b,76,val,desc,de,zh,私人,"Das Gegenteil von ""私人"" ist """,公共,1,3,21.625,25.0,3.375
gemma-2-2b,76,val,val,de,zh,私人,"Das Gegenteil von ""私人"" ist """,公共,1,6,21.625,24.5,2.875
gemma-2-2b,76,val,freq,de,zh,私人,"Das Gegenteil von ""私人"" ist """,公共,1,3,21.625,24.0,2.375
gemma-2-2b,76,freq,desc,de,zh,私人,"Das Gegenteil von ""私人"" ist """,公共,1,2,21.625,21.75,0.125
gemma-2-2b,76,freq,val,de,zh,私人,"Das Gegenteil von ""私人"" ist """,公共,1,2,21.625,22.25,0.625
gemma-2-2b,76,freq,freq,de,zh,私人,"Das Gegenteil von ""私人"" ist """,公共,1,2,21.625,21.75,0.125
gemma-2-2b,77,desc,desc,de,zh,对,"Das Gegenteil von ""对"" ist """,错,0,0,23.5,24.625,1.125
gemma-2-2b,77,desc,val,de,zh,对,"Das Gegenteil von ""对"" ist """,错,0,0,23.5,24.375,0.875
gemma-2-2b,77,desc,freq,de,zh,对,"Das Gegenteil von ""对"" ist """,错,0,0,23.5,22.25,-1.25
gemma-2-2b,77,val,desc,de,zh,对,"Das Gegenteil von ""对"" ist """,错,0,0,23.5,25.25,1.75
gemma-2-2b,77,val,val,de,zh,对,"Das Gegenteil von ""对"" ist """,错,0,3,23.5,24.75,1.25
gemma-2-2b,77,val,freq,de,zh,对,"Das Gegenteil von ""对"" ist """,错,0,0,23.5,21.5,-2.0
gemma-2-2b,77,freq,desc,de,zh,对,"Das Gegenteil von ""对"" ist """,错,0,0,23.5,24.75,1.25
gemma-2-2b,77,freq,val,de,zh,对,"Das Gegenteil von ""对"" ist """,错,0,0,23.5,23.75,0.25
gemma-2-2b,77,freq,freq,de,zh,对,"Das Gegenteil von ""对"" ist """,错,0,0,23.5,24.75,1.25
gemma-2-2b,78,desc,desc,de,zh,简单,"Das Gegenteil von ""简单"" ist """,复杂,0,4,21.75,21.375,-0.375
gemma-2-2b,78,desc,val,de,zh,简单,"Das Gegenteil von ""简单"" ist """,复杂,0,6,21.75,21.375,-0.375
gemma-2-2b,78,desc,freq,de,zh,简单,"Das Gegenteil von ""简单"" ist """,复杂,0,4,21.75,21.25,-0.5
gemma-2-2b,78,val,desc,de,zh,简单,"Das Gegenteil von ""简单"" ist """,复杂,0,34,21.75,21.875,0.125
gemma-2-2b,78,val,val,de,zh,简单,"Das Gegenteil von ""简单"" ist """,复杂,0,34,21.75,21.375,-0.375
gemma-2-2b,78,val,freq,de,zh,简单,"Das Gegenteil von ""简单"" ist """,复杂,0,14,21.75,21.5,-0.25
gemma-2-2b,78,freq,desc,de,zh,简单,"Das Gegenteil von ""简单"" ist """,复杂,0,11,21.75,20.25,-1.5
gemma-2-2b,78,freq,val,de,zh,简单,"Das Gegenteil von ""简单"" ist """,复杂,0,14,21.75,19.5,-2.25
gemma-2-2b,78,freq,freq,de,zh,简单,"Das Gegenteil von ""简单"" ist """,复杂,0,10,21.75,20.375,-1.375
gemma-2-2b,79,desc,desc,de,zh,甜,"Das Gegenteil von ""甜"" ist """,苦,0,0,17.75,21.375,3.625
gemma-2-2b,79,desc,val,de,zh,甜,"Das Gegenteil von ""甜"" ist """,苦,0,1,17.75,20.75,3.0
gemma-2-2b,79,desc,freq,de,zh,甜,"Das Gegenteil von ""甜"" ist """,苦,0,1,17.75,16.25,-1.5
gemma-2-2b,79,val,desc,de,zh,甜,"Das Gegenteil von ""甜"" ist """,苦,0,2,17.75,22.875,5.125
gemma-2-2b,79,val,val,de,zh,甜,"Das Gegenteil von ""甜"" ist """,苦,0,2,17.75,23.375,5.625
gemma-2-2b,79,val,freq,de,zh,甜,"Das Gegenteil von ""甜"" ist """,苦,0,5,17.75,17.625,-0.125
gemma-2-2b,79,freq,desc,de,zh,甜,"Das Gegenteil von ""甜"" ist """,苦,0,1,17.75,21.0,3.25
gemma-2-2b,79,freq,val,de,zh,甜,"Das Gegenteil von ""甜"" ist """,苦,0,2,17.75,20.625,2.875
gemma-2-2b,79,freq,freq,de,zh,甜,"Das Gegenteil von ""甜"" ist """,苦,0,1,17.75,21.25,3.5
gemma-2-2b,80,desc,desc,de,zh,可见,"Das Gegenteil von ""可见"" ist """,不可见,0,1,21.5,22.125,0.625
gemma-2-2b,80,desc,val,de,zh,可见,"Das Gegenteil von ""可见"" ist """,不可见,0,0,21.5,23.125,1.625
gemma-2-2b,80,desc,freq,de,zh,可见,"Das Gegenteil von ""可见"" ist """,不可见,0,0,21.5,22.5,1.0
gemma-2-2b,80,val,desc,de,zh,可见,"Das Gegenteil von ""可见"" ist """,不可见,0,0,21.5,25.0,3.5
gemma-2-2b,80,val,val,de,zh,可见,"Das Gegenteil von ""可见"" ist """,不可见,0,4,21.5,23.5,2.0
gemma-2-2b,80,val,freq,de,zh,可见,"Das Gegenteil von ""可见"" ist """,不可见,0,0,21.5,24.75,3.25
gemma-2-2b,80,freq,desc,de,zh,可见,"Das Gegenteil von ""可见"" ist """,不可见,0,0,21.5,22.375,0.875
gemma-2-2b,80,freq,val,de,zh,可见,"Das Gegenteil von ""可见"" ist """,不可见,0,0,21.5,22.125,0.625
gemma-2-2b,80,freq,freq,de,zh,可见,"Das Gegenteil von ""可见"" ist """,不可见,0,1,21.5,22.375,0.875
gemma-2-2b,81,desc,desc,de,zh,暖和,"Das Gegenteil von ""暖和"" ist """,冷,2,1,19.875,21.375,1.5
gemma-2-2b,81,desc,val,de,zh,暖和,"Das Gegenteil von ""暖和"" ist """,冷,2,2,19.875,22.25,2.375
gemma-2-2b,81,desc,freq,de,zh,暖和,"Das Gegenteil von ""暖和"" ist """,冷,2,2,19.875,20.25,0.375
gemma-2-2b,81,val,desc,de,zh,暖和,"Das Gegenteil von ""暖和"" ist """,冷,2,1,19.875,23.5,3.625
gemma-2-2b,81,val,val,de,zh,暖和,"Das Gegenteil von ""暖和"" ist """,冷,2,4,19.875,23.0,3.125
gemma-2-2b,81,val,freq,de,zh,暖和,"Das Gegenteil von ""暖和"" ist """,冷,2,3,19.875,21.5,1.625
gemma-2-2b,81,freq,desc,de,zh,暖和,"Das Gegenteil von ""暖和"" ist """,冷,2,1,19.875,20.25,0.375
gemma-2-2b,81,freq,val,de,zh,暖和,"Das Gegenteil von ""暖和"" ist """,冷,2,2,19.875,20.25,0.375
gemma-2-2b,81,freq,freq,de,zh,暖和,"Das Gegenteil von ""暖和"" ist """,冷,2,1,19.875,20.25,0.375
gemma-2-2b,82,desc,desc,de,zh,光滑,"Das Gegenteil von ""光滑"" ist """,粗糙,0,3,19.875,20.875,1.0
gemma-2-2b,82,desc,val,de,zh,光滑,"Das Gegenteil von ""光滑"" ist """,粗糙,0,4,19.875,20.875,1.0
gemma-2-2b,82,desc,freq,de,zh,光滑,"Das Gegenteil von ""光滑"" ist """,粗糙,0,1,19.875,20.375,0.5
gemma-2-2b,82,val,desc,de,zh,光滑,"Das Gegenteil von ""光滑"" ist """,粗糙,0,6,19.875,23.5,3.625
gemma-2-2b,82,val,val,de,zh,光滑,"Das Gegenteil von ""光滑"" ist """,粗糙,0,13,19.875,22.25,2.375
gemma-2-2b,82,val,freq,de,zh,光滑,"Das Gegenteil von ""光滑"" ist """,粗糙,0,4,19.875,21.5,1.625
gemma-2-2b,82,freq,desc,de,zh,光滑,"Das Gegenteil von ""光滑"" ist """,粗糙,0,3,19.875,20.0,0.125
gemma-2-2b,82,freq,val,de,zh,光滑,"Das Gegenteil von ""光滑"" ist """,粗糙,0,4,19.875,19.625,-0.25
gemma-2-2b,82,freq,freq,de,zh,光滑,"Das Gegenteil von ""光滑"" ist """,粗糙,0,2,19.875,20.375,0.5
gemma-2-2b,83,desc,desc,de,zh,薄,"Das Gegenteil von ""薄"" ist """,厚,0,0,19.875,21.5,1.625
gemma-2-2b,83,desc,val,de,zh,薄,"Das Gegenteil von ""薄"" ist """,厚,0,0,19.875,21.875,2.0
gemma-2-2b,83,desc,freq,de,zh,薄,"Das Gegenteil von ""薄"" ist """,厚,0,0,19.875,20.25,0.375
gemma-2-2b,83,val,desc,de,zh,薄,"Das Gegenteil von ""薄"" ist """,厚,0,0,19.875,24.625,4.75
gemma-2-2b,83,val,val,de,zh,薄,"Das Gegenteil von ""薄"" ist """,厚,0,0,19.875,23.625,3.75
gemma-2-2b,83,val,freq,de,zh,薄,"Das Gegenteil von ""薄"" ist """,厚,0,0,19.875,22.625,2.75
gemma-2-2b,83,freq,desc,de,zh,薄,"Das Gegenteil von ""薄"" ist """,厚,0,0,19.875,20.25,0.375
gemma-2-2b,83,freq,val,de,zh,薄,"Das Gegenteil von ""薄"" ist """,厚,0,0,19.875,20.125,0.25
gemma-2-2b,83,freq,freq,de,zh,薄,"Das Gegenteil von ""薄"" ist """,厚,0,0,19.875,20.375,0.5
gemma-2-2b,84,desc,desc,de,zh,高,"Das Gegenteil von ""高"" ist """,矮,2,10,16.875,17.5,0.625
gemma-2-2b,84,desc,val,de,zh,高,"Das Gegenteil von ""高"" ist """,矮,2,7,16.875,18.5,1.625
gemma-2-2b,84,desc,freq,de,zh,高,"Das Gegenteil von ""高"" ist """,矮,2,17,16.875,15.5625,-1.3125
gemma-2-2b,84,val,desc,de,zh,高,"Das Gegenteil von ""高"" ist """,矮,2,12,16.875,20.75,3.875
gemma-2-2b,84,val,val,de,zh,高,"Das Gegenteil von ""高"" ist """,矮,2,22,16.875,20.125,3.25
gemma-2-2b,84,val,freq,de,zh,高,"Das Gegenteil von ""高"" ist """,矮,2,33,16.875,16.125,-0.75
gemma-2-2b,84,freq,desc,de,zh,高,"Das Gegenteil von ""高"" ist """,矮,2,7,16.875,16.75,-0.125
gemma-2-2b,84,freq,val,de,zh,高,"Das Gegenteil von ""高"" ist """,矮,2,10,16.875,16.75,-0.125
gemma-2-2b,84,freq,freq,de,zh,高,"Das Gegenteil von ""高"" ist """,矮,2,5,16.875,16.75,-0.125
gemma-2-2b,85,desc,desc,de,zh,已婚,"Das Gegenteil von ""已婚"" ist """,未婚,0,0,21.25,23.125,1.875
gemma-2-2b,85,desc,val,de,zh,已婚,"Das Gegenteil von ""已婚"" ist """,未婚,0,0,21.25,23.125,1.875
gemma-2-2b,85,desc,freq,de,zh,已婚,"Das Gegenteil von ""已婚"" ist """,未婚,0,0,21.25,21.0,-0.25
gemma-2-2b,85,val,desc,de,zh,已婚,"Das Gegenteil von ""已婚"" ist """,未婚,0,0,21.25,25.25,4.0
gemma-2-2b,85,val,val,de,zh,已婚,"Das Gegenteil von ""已婚"" ist """,未婚,0,0,21.25,25.0,3.75
gemma-2-2b,85,val,freq,de,zh,已婚,"Das Gegenteil von ""已婚"" ist """,未婚,0,0,21.25,23.5,2.25
gemma-2-2b,85,freq,desc,de,zh,已婚,"Das Gegenteil von ""已婚"" ist """,未婚,0,0,21.25,23.25,2.0
gemma-2-2b,85,freq,val,de,zh,已婚,"Das Gegenteil von ""已婚"" ist """,未婚,0,0,21.25,23.5,2.25
gemma-2-2b,85,freq,freq,de,zh,已婚,"Das Gegenteil von ""已婚"" ist """,未婚,0,0,21.25,23.25,2.0
gemma-2-2b,86,desc,desc,de,zh,乐观,"Das Gegenteil von ""乐观"" ist """,悲观,0,1,18.625,19.875,1.25
gemma-2-2b,86,desc,val,de,zh,乐观,"Das Gegenteil von ""乐观"" ist """,悲观,0,1,18.625,20.75,2.125
gemma-2-2b,86,desc,freq,de,zh,乐观,"Das Gegenteil von ""乐观"" ist """,悲观,0,0,18.625,17.75,-0.875
gemma-2-2b,86,val,desc,de,zh,乐观,"Das Gegenteil von ""乐观"" ist """,悲观,0,0,18.625,23.0,4.375
gemma-2-2b,86,val,val,de,zh,乐观,"Das Gegenteil von ""乐观"" ist """,悲观,0,5,18.625,22.25,3.625
gemma-2-2b,86,val,freq,de,zh,乐观,"Das Gegenteil von ""乐观"" ist """,悲观,0,0,18.625,21.375,2.75
gemma-2-2b,86,freq,desc,de,zh,乐观,"Das Gegenteil von ""乐观"" ist """,悲观,0,1,18.625,19.625,1.0
gemma-2-2b,86,freq,val,de,zh,乐观,"Das Gegenteil von ""乐观"" ist """,悲观,0,1,18.625,19.75,1.125
gemma-2-2b,86,freq,freq,de,zh,乐观,"Das Gegenteil von ""乐观"" ist """,悲观,0,1,18.625,19.75,1.125
gemma-2-2b,87,desc,desc,de,zh,永久,"Das Gegenteil von ""永久"" ist """,临时,44,103,16.5,16.5,0.0
gemma-2-2b,87,desc,val,de,zh,永久,"Das Gegenteil von ""永久"" ist """,临时,44,241,16.5,16.25,-0.25
gemma-2-2b,87,desc,freq,de,zh,永久,"Das Gegenteil von ""永久"" ist """,临时,44,69,16.5,15.375,-1.125
gemma-2-2b,87,val,desc,de,zh,永久,"Das Gegenteil von ""永久"" ist """,临时,44,757,16.5,17.0,0.5
gemma-2-2b,87,val,val,de,zh,永久,"Das Gegenteil von ""永久"" ist """,临时,44,923,16.5,16.5,0.0
gemma-2-2b,87,val,freq,de,zh,永久,"Das Gegenteil von ""永久"" ist """,临时,44,311,16.5,15.9375,-0.5625
gemma-2-2b,87,freq,desc,de,zh,永久,"Das Gegenteil von ""永久"" ist """,临时,44,76,16.5,16.125,-0.375
gemma-2-2b,87,freq,val,de,zh,永久,"Das Gegenteil von ""永久"" ist """,临时,44,102,16.5,16.5,0.0
gemma-2-2b,87,freq,freq,de,zh,永久,"Das Gegenteil von ""永久"" ist """,临时,44,65,16.5,16.25,-0.25
gemma-2-2b,88,desc,desc,de,zh,现在,"Das Gegenteil von ""现在"" ist """,过去,1,2,21.625,22.5,0.875
gemma-2-2b,88,desc,val,de,zh,现在,"Das Gegenteil von ""现在"" ist """,过去,1,2,21.625,23.0,1.375
gemma-2-2b,88,desc,freq,de,zh,现在,"Das Gegenteil von ""现在"" ist """,过去,1,1,21.625,22.375,0.75
gemma-2-2b,88,val,desc,de,zh,现在,"Das Gegenteil von ""现在"" ist """,过去,1,7,21.625,23.125,1.5
gemma-2-2b,88,val,val,de,zh,现在,"Das Gegenteil von ""现在"" ist """,过去,1,27,21.625,22.5,0.875
gemma-2-2b,88,val,freq,de,zh,现在,"Das Gegenteil von ""现在"" ist """,过去,1,1,21.625,23.25,1.625
gemma-2-2b,88,freq,desc,de,zh,现在,"Das Gegenteil von ""现在"" ist """,过去,1,7,21.625,21.875,0.25
gemma-2-2b,88,freq,val,de,zh,现在,"Das Gegenteil von ""现在"" ist """,过去,1,7,21.625,21.5,-0.125
gemma-2-2b,88,freq,freq,de,zh,现在,"Das Gegenteil von ""现在"" ist """,过去,1,9,21.625,21.625,0.0
gemma-2-2b,89,desc,desc,de,zh,公共,"Das Gegenteil von ""公共"" ist """,私人,1,5,19.75,20.5,0.75
gemma-2-2b,89,desc,val,de,zh,公共,"Das Gegenteil von ""公共"" ist """,私人,1,8,19.75,21.625,1.875
gemma-2-2b,89,desc,freq,de,zh,公共,"Das Gegenteil von ""公共"" ist """,私人,1,3,19.75,18.875,-0.875
gemma-2-2b,89,val,desc,de,zh,公共,"Das Gegenteil von ""公共"" ist """,私人,1,14,19.75,22.75,3.0
gemma-2-2b,89,val,val,de,zh,公共,"Das Gegenteil von ""公共"" ist """,私人,1,15,19.75,22.75,3.0
gemma-2-2b,89,val,freq,de,zh,公共,"Das Gegenteil von ""公共"" ist """,私人,1,10,19.75,21.0,1.25
gemma-2-2b,89,freq,desc,de,zh,公共,"Das Gegenteil von ""公共"" ist """,私人,1,4,19.75,19.875,0.125
gemma-2-2b,89,freq,val,de,zh,公共,"Das Gegenteil von ""公共"" ist """,私人,1,7,19.75,21.25,1.5
gemma-2-2b,89,freq,freq,de,zh,公共,"Das Gegenteil von ""公共"" ist """,私人,1,4,19.75,20.0,0.25
gemma-2-2b,90,desc,desc,de,zh,真实,"Das Gegenteil von ""真实"" ist """,虚假,0,0,22.375,23.25,0.875
gemma-2-2b,90,desc,val,de,zh,真实,"Das Gegenteil von ""真实"" ist """,虚假,0,0,22.375,23.375,1.0
gemma-2-2b,90,desc,freq,de,zh,真实,"Das Gegenteil von ""真实"" ist """,虚假,0,0,22.375,22.125,-0.25
gemma-2-2b,90,val,desc,de,zh,真实,"Das Gegenteil von ""真实"" ist """,虚假,0,2,22.375,24.125,1.75
gemma-2-2b,90,val,val,de,zh,真实,"Das Gegenteil von ""真实"" ist """,虚假,0,4,22.375,23.875,1.5
gemma-2-2b,90,val,freq,de,zh,真实,"Das Gegenteil von ""真实"" ist """,虚假,0,3,22.375,22.5,0.125
gemma-2-2b,90,freq,desc,de,zh,真实,"Das Gegenteil von ""真实"" ist """,虚假,0,0,22.375,23.125,0.75
gemma-2-2b,90,freq,val,de,zh,真实,"Das Gegenteil von ""真实"" ist """,虚假,0,1,22.375,22.125,-0.25
gemma-2-2b,90,freq,freq,de,zh,真实,"Das Gegenteil von ""真实"" ist """,虚假,0,0,22.375,23.125,0.75
gemma-2-2b,91,desc,desc,de,zh,负责,"Das Gegenteil von ""负责"" ist """,不负责,1,0,21.625,23.375,1.75
gemma-2-2b,91,desc,val,de,zh,负责,"Das Gegenteil von ""负责"" ist """,不负责,1,0,21.625,23.875,2.25
gemma-2-2b,91,desc,freq,de,zh,负责,"Das Gegenteil von ""负责"" ist """,不负责,1,0,21.625,22.625,1.0
gemma-2-2b,91,val,desc,de,zh,负责,"Das Gegenteil von ""负责"" ist """,不负责,1,1,21.625,24.75,3.125
gemma-2-2b,91,val,val,de,zh,负责,"Das Gegenteil von ""负责"" ist """,不负责,1,4,21.625,24.0,2.375
gemma-2-2b,91,val,freq,de,zh,负责,"Das Gegenteil von ""负责"" ist """,不负责,1,2,21.625,23.625,2.0
gemma-2-2b,91,freq,desc,de,zh,负责,"Das Gegenteil von ""负责"" ist """,不负责,1,2,21.625,23.25,1.625
gemma-2-2b,91,freq,val,de,zh,负责,"Das Gegenteil von ""负责"" ist """,不负责,1,3,21.625,23.125,1.5
gemma-2-2b,91,freq,freq,de,zh,负责,"Das Gegenteil von ""负责"" ist """,不负责,1,1,21.625,23.25,1.625
gemma-2-2b,92,desc,desc,de,zh,单身,"Das Gegenteil von ""单身"" ist """,已婚,7,13,18.75,20.125,1.375
gemma-2-2b,92,desc,val,de,zh,单身,"Das Gegenteil von ""单身"" ist """,已婚,7,24,18.75,20.125,1.375
gemma-2-2b,92,desc,freq,de,zh,单身,"Das Gegenteil von ""单身"" ist """,已婚,7,5,18.75,19.75,1.0
gemma-2-2b,92,val,desc,de,zh,单身,"Das Gegenteil von ""单身"" ist """,已婚,7,21,18.75,22.25,3.5
gemma-2-2b,92,val,val,de,zh,单身,"Das Gegenteil von ""单身"" ist """,已婚,7,81,18.75,21.0,2.25
gemma-2-2b,92,val,freq,de,zh,单身,"Das Gegenteil von ""单身"" ist """,已婚,7,13,18.75,20.625,1.875
gemma-2-2b,92,freq,desc,de,zh,单身,"Das Gegenteil von ""单身"" ist """,已婚,7,8,18.75,20.125,1.375
gemma-2-2b,92,freq,val,de,zh,单身,"Das Gegenteil von ""单身"" ist """,已婚,7,21,18.75,19.75,1.0
gemma-2-2b,92,freq,freq,de,zh,单身,"Das Gegenteil von ""单身"" ist """,已婚,7,18,18.75,19.875,1.125
gemma-2-2b,93,desc,desc,de,zh,酸,"Das Gegenteil von ""酸"" ist """,甜,0,2,18.5,20.875,2.375
gemma-2-2b,93,desc,val,de,zh,酸,"Das Gegenteil von ""酸"" ist """,甜,0,0,18.5,21.125,2.625
gemma-2-2b,93,desc,freq,de,zh,酸,"Das Gegenteil von ""酸"" ist """,甜,0,1,18.5,17.875,-0.625
gemma-2-2b,93,val,desc,de,zh,酸,"Das Gegenteil von ""酸"" ist """,甜,0,8,18.5,22.125,3.625
gemma-2-2b,93,val,val,de,zh,酸,"Das Gegenteil von ""酸"" ist """,甜,0,11,18.5,21.625,3.125
gemma-2-2b,93,val,freq,de,zh,酸,"Das Gegenteil von ""酸"" ist """,甜,0,10,18.5,17.75,-0.75
gemma-2-2b,93,freq,desc,de,zh,酸,"Das Gegenteil von ""酸"" ist """,甜,0,1,18.5,19.75,1.25
gemma-2-2b,93,freq,val,de,zh,酸,"Das Gegenteil von ""酸"" ist """,甜,0,3,18.5,19.25,0.75
gemma-2-2b,93,freq,freq,de,zh,酸,"Das Gegenteil von ""酸"" ist """,甜,0,0,18.5,19.5,1.0
gemma-2-2b,94,desc,desc,de,zh,有用,"Das Gegenteil von ""有用"" ist """,没用,3,5,19.625,19.75,0.125
gemma-2-2b,94,desc,val,de,zh,有用,"Das Gegenteil von ""有用"" ist """,没用,3,3,19.625,22.0,2.375
gemma-2-2b,94,desc,freq,de,zh,有用,"Das Gegenteil von ""有用"" ist """,没用,3,1,19.625,21.375,1.75
gemma-2-2b,94,val,desc,de,zh,有用,"Das Gegenteil von ""有用"" ist """,没用,3,4,19.625,23.5,3.875
gemma-2-2b,94,val,val,de,zh,有用,"Das Gegenteil von ""有用"" ist """,没用,3,7,19.625,22.5,2.875
gemma-2-2b,94,val,freq,de,zh,有用,"Das Gegenteil von ""有用"" ist """,没用,3,3,19.625,22.5,2.875
gemma-2-2b,94,freq,desc,de,zh,有用,"Das Gegenteil von ""有用"" ist """,没用,3,3,19.625,19.625,0.0
gemma-2-2b,94,freq,val,de,zh,有用,"Das Gegenteil von ""有用"" ist """,没用,3,3,19.625,20.25,0.625
gemma-2-2b,94,freq,freq,de,zh,有用,"Das Gegenteil von ""有用"" ist """,没用,3,3,19.625,19.5,-0.125
gemma-2-2b,95,desc,desc,de,zh,垂直,"Das Gegenteil von ""垂直"" ist """,水平,0,0,22.125,23.375,1.25
gemma-2-2b,95,desc,val,de,zh,垂直,"Das Gegenteil von ""垂直"" ist """,水平,0,0,22.125,23.5,1.375
gemma-2-2b,95,desc,freq,de,zh,垂直,"Das Gegenteil von ""垂直"" ist """,水平,0,0,22.125,21.25,-0.875
gemma-2-2b,95,val,desc,de,zh,垂直,"Das Gegenteil von ""垂直"" ist """,水平,0,0,22.125,25.125,3.0
gemma-2-2b,95,val,val,de,zh,垂直,"Das Gegenteil von ""垂直"" ist """,水平,0,3,22.125,25.25,3.125
gemma-2-2b,95,val,freq,de,zh,垂直,"Das Gegenteil von ""垂直"" ist """,水平,0,0,22.125,22.625,0.5
gemma-2-2b,95,freq,desc,de,zh,垂直,"Das Gegenteil von ""垂直"" ist """,水平,0,0,22.125,23.125,1.0
gemma-2-2b,95,freq,val,de,zh,垂直,"Das Gegenteil von ""垂直"" ist """,水平,0,0,22.125,23.25,1.125
gemma-2-2b,95,freq,freq,de,zh,垂直,"Das Gegenteil von ""垂直"" ist """,水平,0,0,22.125,23.25,1.125
gemma-2-2b,96,desc,desc,de,zh,好,"Das Gegenteil von ""好"" ist """,差,3,4,17.75,19.375,1.625
gemma-2-2b,96,desc,val,de,zh,好,"Das Gegenteil von ""好"" ist """,差,3,0,17.75,20.0,2.25
gemma-2-2b,96,desc,freq,de,zh,好,"Das Gegenteil von ""好"" ist """,差,3,0,17.75,18.25,0.5
gemma-2-2b,96,val,desc,de,zh,好,"Das Gegenteil von ""好"" ist """,差,3,0,17.75,22.25,4.5
gemma-2-2b,96,val,val,de,zh,好,"Das Gegenteil von ""好"" ist """,差,3,4,17.75,21.0,3.25
gemma-2-2b,96,val,freq,de,zh,好,"Das Gegenteil von ""好"" ist """,差,3,3,17.75,19.75,2.0
gemma-2-2b,96,freq,desc,de,zh,好,"Das Gegenteil von ""好"" ist """,差,3,3,17.75,19.875,2.125
gemma-2-2b,96,freq,val,de,zh,好,"Das Gegenteil von ""好"" ist """,差,3,3,17.75,19.5,1.75
gemma-2-2b,96,freq,freq,de,zh,好,"Das Gegenteil von ""好"" ist """,差,3,3,17.75,19.875,2.125
gemma-2-2b,97,desc,desc,de,zh,获胜,"Das Gegenteil von ""获胜"" ist """,失败,0,1,20.375,21.0,0.625
gemma-2-2b,97,desc,val,de,zh,获胜,"Das Gegenteil von ""获胜"" ist """,失败,0,2,20.375,21.5,1.125
gemma-2-2b,97,desc,freq,de,zh,获胜,"Das Gegenteil von ""获胜"" ist """,失败,0,3,20.375,19.75,-0.625
gemma-2-2b,97,val,desc,de,zh,获胜,"Das Gegenteil von ""获胜"" ist """,失败,0,8,20.375,22.375,2.0
gemma-2-2b,97,val,val,de,zh,获胜,"Das Gegenteil von ""获胜"" ist """,失败,0,23,20.375,22.125,1.75
gemma-2-2b,97,val,freq,de,zh,获胜,"Das Gegenteil von ""获胜"" ist """,失败,0,15,20.375,20.125,-0.25
gemma-2-2b,97,freq,desc,de,zh,获胜,"Das Gegenteil von ""获胜"" ist """,失败,0,3,20.375,20.625,0.25
gemma-2-2b,97,freq,val,de,zh,获胜,"Das Gegenteil von ""获胜"" ist """,失败,0,4,20.375,20.875,0.5
gemma-2-2b,97,freq,freq,de,zh,获胜,"Das Gegenteil von ""获胜"" ist """,失败,0,3,20.375,21.125,0.75
gemma-2-2b,98,desc,desc,de,zh,不善良,"Das Gegenteil von ""不善良"" ist """,善良,0,0,23.375,24.375,1.0
gemma-2-2b,98,desc,val,de,zh,不善良,"Das Gegenteil von ""不善良"" ist """,善良,0,0,23.375,24.5,1.125
gemma-2-2b,98,desc,freq,de,zh,不善良,"Das Gegenteil von ""不善良"" ist """,善良,0,0,23.375,22.75,-0.625
gemma-2-2b,98,val,desc,de,zh,不善良,"Das Gegenteil von ""不善良"" ist """,善良,0,0,23.375,24.625,1.25
gemma-2-2b,98,val,val,de,zh,不善良,"Das Gegenteil von ""不善良"" ist """,善良,0,1,23.375,25.0,1.625
gemma-2-2b,98,val,freq,de,zh,不善良,"Das Gegenteil von ""不善良"" ist """,善良,0,1,23.375,22.0,-1.375
gemma-2-2b,98,freq,desc,de,zh,不善良,"Das Gegenteil von ""不善良"" ist """,善良,0,0,23.375,23.0,-0.375
gemma-2-2b,98,freq,val,de,zh,不善良,"Das Gegenteil von ""不善良"" ist """,善良,0,0,23.375,23.25,-0.125
gemma-2-2b,98,freq,freq,de,zh,不善良,"Das Gegenteil von ""不善良"" ist """,善良,0,0,23.375,23.625,0.25
gemma-2-2b,99,desc,desc,de,zh,懦弱,"Das Gegenteil von ""懦弱"" ist """,勇敢,0,4,18.75,19.875,1.125
gemma-2-2b,99,desc,val,de,zh,懦弱,"Das Gegenteil von ""懦弱"" ist """,勇敢,0,6,18.75,20.125,1.375
gemma-2-2b,99,desc,freq,de,zh,懦弱,"Das Gegenteil von ""懦弱"" ist """,勇敢,0,7,18.75,17.375,-1.375
gemma-2-2b,99,val,desc,de,zh,懦弱,"Das Gegenteil von ""懦弱"" ist """,勇敢,0,26,18.75,20.25,1.5
gemma-2-2b,99,val,val,de,zh,懦弱,"Das Gegenteil von ""懦弱"" ist """,勇敢,0,19,18.75,21.625,2.875
gemma-2-2b,99,val,freq,de,zh,懦弱,"Das Gegenteil von ""懦弱"" ist """,勇敢,0,31,18.75,17.0,-1.75
gemma-2-2b,99,freq,desc,de,zh,懦弱,"Das Gegenteil von ""懦弱"" ist """,勇敢,0,19,18.75,19.0,0.25
gemma-2-2b,99,freq,val,de,zh,懦弱,"Das Gegenteil von ""懦弱"" ist """,勇敢,0,17,18.75,19.5,0.75
gemma-2-2b,99,freq,freq,de,zh,懦弱,"Das Gegenteil von ""懦弱"" ist """,勇敢,0,11,18.75,19.75,1.0
