{
  "desc_vs_val": {
    "en": {
      "0": null,
      "1": null,
      "2": null,
      "3": null,
      "4": null,
      "5": null,
      "6": null,
      "7": null,
      "8": null,
      "9": null,
      "10": null,
      "11": null,
      "12": null,
      "13": null,
      "14": null,
      "15": null,
      "16": -0.07470703125,
      "17": null,
      "18": null,
      "19": null,
      "20": null,
      "21": null,
      "22": null,
      "23": null,
      "24": -0.0035400390625,
      "25": 0.0478515625,
      "26": 0.06640625,
      "27": 0.00653076171875,
      "28": -0.048828125,
      "29": 0.0263671875,
      "30": null,
      "31": null,
      "32": null,
      "33": -0.01348876953125,
      "34": 0.5703125,
      "35": 0.1337890625
    },
    "fr": {
      "0": null,
      "1": null,
      "2": null,
      "3": null,
      "4": null,
      "5": null,
      "6": null,
      "7": null,
      "8": null,
      "9": null,
      "10": null,
      "11": null,
      "12": null,
      "13": null,
      "14": null,
      "15": null,
      "16": null,
      "17": null,
      "18": null,
      "19": null,
      "20": null,
      "21": null,
      "22": null,
      "23": 0.126953125,
      "24": -0.0036468505859375,
      "25": null,
      "26": null,
      "27": -0.037353515625,
      "28": 0.69140625,
      "29": null,
      "30": 0.82421875,
      "31": 0.43359375,
      "32": -0.224609375,
      "33": null,
      "34": 0.1298828125,
      "35": 0.427734375
    },
    "de": {
      "0": null,
      "1": null,
      "2": null,
      "3": null,
      "4": null,
      "5": null,
      "6": null,
      "7": null,
      "8": null,
      "9": null,
      "10": null,
      "11": null,
      "12": null,
      "13": null,
      "14": null,
      "15": null,
      "16": null,
      "17": null,
      "18": null,
      "19": null,
      "20": null,
      "21": null,
      "22": null,
      "23": null,
      "24": 0.061767578125,
      "25": null,
      "26": 0.67578125,
      "27": null,
      "28": null,
      "29": 0.1513671875,
      "30": 0.8046875,
      "31": 0.76171875,
      "32": null,
      "33": 0.419921875,
      "34": null,
      "35": 0.40234375
    },
    "es": {
      "0": null,
      "1": null,
      "2": null,
      "3": null,
      "4": null,
      "5": null,
      "6": null,
      "7": null,
      "8": null,
      "9": null,
      "10": null,
      "11": null,
      "12": null,
      "13": null,
      "14": null,
      "15": null,
      "16": null,
      "17": null,
      "18": null,
      "19": null,
      "20": null,
      "21": null,
      "22": null,
      "23": 0.08837890625,
      "24": -0.04345703125,
      "25": null,
      "26": null,
      "27": 0.00518798828125,
      "28": 0.51171875,
      "29": null,
      "30": 0.68359375,
      "31": 0.7109375,
      "32": null,
      "33": 0.515625,
      "34": 0.1611328125,
      "35": 0.46875
    },
    "zh": {
      "0": null,
      "1": null,
      "2": null,
      "3": null,
      "4": null,
      "5": null,
      "6": null,
      "7": null,
      "8": null,
      "9": null,
      "10": null,
      "11": null,
      "12": null,
      "13": null,
      "14": null,
      "15": null,
      "16": null,
      "17": null,
      "18": null,
      "19": null,
      "20": null,
      "21": null,
      "22": null,
      "23": null,
      "24": null,
      "25": 0.08740234375,
      "26": 0.0234375,
      "27": 0.1748046875,
      "28": 0.1826171875,
      "29": 0.2080078125,
      "30": null,
      "31": 0.44140625,
      "32": 0.703125,
      "33": 0.72265625,
      "34": 0.66796875,
      "35": 0.32421875
    },
    "ja": {
      "0": null,
      "1": null,
      "2": null,
      "3": null,
      "4": null,
      "5": null,
      "6": null,
      "7": null,
      "8": null,
      "9": null,
      "10": null,
      "11": null,
      "12": null,
      "13": null,
      "14": null,
      "15": null,
      "16": null,
      "17": null,
      "18": null,
      "19": null,
      "20": null,
      "21": null,
      "22": null,
      "23": null,
      "24": -0.040771484375,
      "25": null,
      "26": 0.05029296875,
      "27": null,
      "28": null,
      "29": 0.5390625,
      "30": null,
      "31": 0.04833984375,
      "32": 0.67578125,
      "33": 0.5078125,
      "34": null,
      "35": 0.318359375
    },
    "ko": {
      "0": null,
      "1": null,
      "2": null,
      "3": null,
      "4": null,
      "5": null,
      "6": null,
      "7": null,
      "8": null,
      "9": null,
      "10": null,
      "11": null,
      "12": null,
      "13": null,
      "14": null,
      "15": null,
      "16": null,
      "17": null,
      "18": null,
      "19": null,
      "20": null,
      "21": null,
      "22": null,
      "23": null,
      "24": null,
      "25": null,
      "26": null,
      "27": 0.6875,
      "28": null,
      "29": 0.74609375,
      "30": null,
      "31": null,
      "32": 0.88671875,
      "33": 0.67578125,
      "34": 0.4140625,
      "35": 0.314453125
    }
  },
  "desc_vs_freq": {
    "en": {
      "0": null,
      "1": null,
      "2": null,
      "3": null,
      "4": null,
      "5": null,
      "6": null,
      "7": null,
      "8": null,
      "9": null,
      "10": null,
      "11": null,
      "12": null,
      "13": null,
      "14": null,
      "15": null,
      "16": null,
      "17": null,
      "18": null,
      "19": null,
      "20": null,
      "21": null,
      "22": null,
      "23": null,
      "24": null,
      "25": null,
      "26": null,
      "27": null,
      "28": null,
      "29": null,
      "30": null,
      "31": null,
      "32": null,
      "33": -0.02099609375,
      "34": 0.83203125,
      "35": null
    },
    "fr": {
      "0": null,
      "1": null,
      "2": null,
      "3": null,
      "4": null,
      "5": null,
      "6": null,
      "7": null,
      "8": null,
      "9": null,
      "10": 0.75,
      "11": null,
      "12": null,
      "13": null,
      "14": null,
      "15": null,
      "16": null,
      "17": null,
      "18": null,
      "19": null,
      "20": null,
      "21": null,
      "22": null,
      "23": 0.6328125,
      "24": 0.58984375,
      "25": null,
      "26": null,
      "27": 0.43359375,
      "28": 0.035888671875,
      "29": null,
      "30": 0.34765625,
      "31": 0.162109375,
      "32": 0.0791015625,
      "33": null,
      "34": 0.369140625,
      "35": 0.27734375
    },
    "de": {
      "0": null,
      "1": null,
      "2": null,
      "3": null,
      "4": null,
      "5": null,
      "6": null,
      "7": null,
      "8": null,
      "9": null,
      "10": null,
      "11": null,
      "12": null,
      "13": null,
      "14": null,
      "15": null,
      "16": null,
      "17": null,
      "18": null,
      "19": null,
      "20": null,
      "21": null,
      "22": null,
      "23": null,
      "24": 0.439453125,
      "25": null,
      "26": 0.51171875,
      "27": null,
      "28": null,
      "29": 0.1708984375,
      "30": 0.6328125,
      "31": 0.3125,
      "32": null,
      "33": 0.02001953125,
      "34": null,
      "35": 0.54296875
    },
    "es": {
      "0": null,
      "1": null,
      "2": null,
      "3": null,
      "4": null,
      "5": null,
      "6": null,
      "7": null,
      "8": null,
      "9": null,
      "10": null,
      "11": null,
      "12": null,
      "13": null,
      "14": null,
      "15": null,
      "16": null,
      "17": null,
      "18": null,
      "19": null,
      "20": null,
      "21": null,
      "22": null,
      "23": 0.53515625,
      "24": 0.5390625,
      "25": null,
      "26": null,
      "27": 0.470703125,
      "28": 0.8671875,
      "29": null,
      "30": 0.7109375,
      "31": 0.369140625,
      "32": null,
      "33": 0.2265625,
      "34": 0.244140625,
      "35": 0.349609375
    },
    "zh": {
      "0": null,
      "1": null,
      "2": null,
      "3": null,
      "4": null,
      "5": null,
      "6": null,