model,sample_idx,ablation_method,amplification_method,prompt_lang,adj_lang,adjective,prompt,tracked_target,baseline_adj_rank,combined_adj_rank,baseline_target_logit,combined_target_logit,delta_combined_logit
gemma-2-2b,0,desc,desc,en,de,gut,"The opposite of ""gut"" is """,schlecht,1477,1477,16.625,16.625,0.0
gemma-2-2b,0,desc,val,en,de,gut,"The opposite of ""gut"" is """,schlecht,1477,1748,16.625,13.9375,-2.6875
gemma-2-2b,0,desc,freq,en,de,gut,"The opposite of ""gut"" is """,schlecht,1477,1106,16.625,14.875,-1.75
gemma-2-2b,0,val,desc,en,de,gut,"The opposite of ""gut"" is """,schlecht,1477,108,16.625,19.875,3.25
gemma-2-2b,0,val,val,en,de,gut,"The opposite of ""gut"" is """,schlecht,1477,1590,16.625,16.25,-0.375
gemma-2-2b,0,val,freq,en,de,gut,"The opposite of ""gut"" is """,schlecht,1477,74,16.625,18.875,2.25
gemma-2-2b,0,freq,desc,en,de,gut,"The opposite of ""gut"" is """,schlecht,1477,1661,16.625,16.125,-0.5
gemma-2-2b,0,freq,val,en,de,gut,"The opposite of ""gut"" is """,schlecht,1477,1431,16.625,13.875,-2.75
gemma-2-2b,0,freq,freq,en,de,gut,"The opposite of ""gut"" is """,schlecht,1477,1655,16.625,16.125,-0.5
gemma-2-2b,1,desc,desc,en,de,glücklich,"The opposite of ""glücklich"" is """,unglücklich,1,5,18.75,20.25,1.5
gemma-2-2b,1,desc,val,en,de,glücklich,"The opposite of ""glücklich"" is """,unglücklich,1,6,18.75,18.875,0.125
gemma-2-2b,1,desc,freq,en,de,glücklich,"The opposite of ""glücklich"" is """,unglücklich,1,6,18.75,17.5,-1.25
gemma-2-2b,1,val,desc,en,de,glücklich,"The opposite of ""glücklich"" is """,unglücklich,1,9,18.75,19.25,0.5
gemma-2-2b,1,val,val,en,de,glücklich,"The opposite of ""glücklich"" is """,unglücklich,1,4,18.75,20.875,2.125
gemma-2-2b,1,val,freq,en,de,glücklich,"The opposite of ""glücklich"" is """,unglücklich,1,12,18.75,17.0,-1.75
gemma-2-2b,1,freq,desc,en,de,glücklich,"The opposite of ""glücklich"" is """,unglücklich,1,8,18.75,20.75,2.0
gemma-2-2b,1,freq,val,en,de,glücklich,"The opposite of ""glücklich"" is """,unglücklich,1,8,18.75,19.125,0.375
gemma-2-2b,1,freq,freq,en,de,glücklich,"The opposite of ""glücklich"" is """,unglücklich,1,8,18.75,20.375,1.625
gemma-2-2b,2,desc,desc,en,de,groß,"The opposite of ""groß"" is """,klein,0,0,21.0,21.625,0.625
gemma-2-2b,2,desc,val,en,de,groß,"The opposite of ""groß"" is """,klein,0,0,21.0,20.875,-0.125
gemma-2-2b,2,desc,freq,en,de,groß,"The opposite of ""groß"" is """,klein,0,0,21.0,16.25,-4.75
gemma-2-2b,2,val,desc,en,de,groß,"The opposite of ""groß"" is """,klein,0,0,21.0,21.75,0.75
gemma-2-2b,2,val,val,en,de,groß,"The opposite of ""groß"" is """,klein,0,0,21.0,22.625,1.625
gemma-2-2b,2,val,freq,en,de,groß,"The opposite of ""groß"" is """,klein,0,0,21.0,18.625,-2.375
gemma-2-2b,2,freq,desc,en,de,groß,"The opposite of ""groß"" is """,klein,0,0,21.0,21.0,0.0
gemma-2-2b,2,freq,val,en,de,groß,"The opposite of ""groß"" is """,klein,0,0,21.0,21.25,0.25
gemma-2-2b,2,freq,freq,en,de,groß,"The opposite of ""groß"" is """,klein,0,0,21.0,21.375,0.375
gemma-2-2b,3,desc,desc,en,de,heiß,"The opposite of ""heiß"" is """,kalt,0,1,18.375,20.0,1.625
gemma-2-2b,3,desc,val,en,de,heiß,"The opposite of ""heiß"" is """,kalt,0,2,18.375,17.875,-0.5
gemma-2-2b,3,desc,freq,en,de,heiß,"The opposite of ""heiß"" is """,kalt,0,1,18.375,15.8125,-2.5625
gemma-2-2b,3,val,desc,en,de,heiß,"The opposite of ""heiß"" is """,kalt,0,0,18.375,20.25,1.875
gemma-2-2b,3,val,val,en,de,heiß,"The opposite of ""heiß"" is """,kalt,0,1,18.375,21.25,2.875
gemma-2-2b,3,val,freq,en,de,heiß,"The opposite of ""heiß"" is """,kalt,0,0,18.375,17.5,-0.875
gemma-2-2b,3,freq,desc,en,de,heiß,"The opposite of ""heiß"" is """,kalt,0,1,18.375,20.125,1.75
gemma-2-2b,3,freq,val,en,de,heiß,"The opposite of ""heiß"" is """,kalt,0,1,18.375,19.75,1.375
gemma-2-2b,3,freq,freq,en,de,heiß,"The opposite of ""heiß"" is """,kalt,0,1,18.375,20.25,1.875
gemma-2-2b,4,desc,desc,en,de,schnell,"The opposite of ""schnell"" is """,langsam,0,7,21.25,20.75,-0.5
gemma-2-2b,4,desc,val,en,de,schnell,"The opposite of ""schnell"" is """,langsam,0,10,21.25,19.25,-2.0
gemma-2-2b,4,desc,freq,en,de,schnell,"The opposite of ""schnell"" is """,langsam,0,2,21.25,20.0,-1.25
gemma-2-2b,4,val,desc,en,de,schnell,"The opposite of ""schnell"" is """,langsam,0,1,21.25,21.75,0.5
gemma-2-2b,4,val,val,en,de,schnell,"The opposite of ""schnell"" is """,langsam,0,1,21.25,22.25,1.0
gemma-2-2b,4,val,freq,en,de,schnell,"The opposite of ""schnell"" is """,langsam,0,1,21.25,20.5,-0.75
gemma-2-2b,4,freq,desc,en,de,schnell,"The opposite of ""schnell"" is """,langsam,0,11,21.25,20.25,-1.0
gemma-2-2b,4,freq,val,en,de,schnell,"The opposite of ""schnell"" is """,langsam,0,11,21.25,19.5,-1.75
gemma-2-2b,4,freq,freq,en,de,schnell,"The opposite of ""schnell"" is """,langsam,0,11,21.25,20.5,-0.75
gemma-2-2b,5,desc,desc,en,de,leicht,"The opposite of ""leicht"" is """,schwer,0,9,21.0,20.75,-0.25
gemma-2-2b,5,desc,val,en,de,leicht,"The opposite of ""leicht"" is """,schwer,0,11,21.0,19.5,-1.5
gemma-2-2b,5,desc,freq,en,de,leicht,"The opposite of ""leicht"" is """,schwer,0,10,21.0,18.125,-2.875
gemma-2-2b,5,val,desc,en,de,leicht,"The opposite of ""leicht"" is """,schwer,0,2,21.0,22.5,1.5
gemma-2-2b,5,val,val,en,de,leicht,"The opposite of ""leicht"" is """,schwer,0,3,21.0,22.0,1.0
gemma-2-2b,5,val,freq,en,de,leicht,"The opposite of ""leicht"" is """,schwer,0,2,21.0,19.375,-1.625
gemma-2-2b,5,freq,desc,en,de,leicht,"The opposite of ""leicht"" is """,schwer,0,8,21.0,21.0,0.0
gemma-2-2b,5,freq,val,en,de,leicht,"The opposite of ""leicht"" is """,schwer,0,11,21.0,19.875,-1.125
gemma-2-2b,5,freq,freq,en,de,leicht,"The opposite of ""leicht"" is """,schwer,0,10,21.0,21.0,0.0
gemma-2-2b,6,desc,desc,en,de,einfach,"The opposite of ""einfach"" is """,schwierig,1,15,21.375,20.625,-0.75
gemma-2-2b,6,desc,val,en,de,einfach,"The opposite of ""einfach"" is """,schwierig,1,12,21.375,19.125,-2.25
gemma-2-2b,6,desc,freq,en,de,einfach,"The opposite of ""einfach"" is """,schwierig,1,26,21.375,17.5,-3.875
gemma-2-2b,6,val,desc,en,de,einfach,"The opposite of ""einfach"" is """,schwierig,1,1,21.375,22.5,1.125
gemma-2-2b,6,val,val,en,de,einfach,"The opposite of ""einfach"" is """,schwierig,1,8,21.375,21.875,0.5
gemma-2-2b,6,val,freq,en,de,einfach,"The opposite of ""einfach"" is """,schwierig,1,6,21.375,19.5,-1.875
gemma-2-2b,6,freq,desc,en,de,einfach,"The opposite of ""einfach"" is """,schwierig,1,21,21.375,20.5,-0.875
gemma-2-2b,6,freq,val,en,de,einfach,"The opposite of ""einfach"" is """,schwierig,1,17,21.375,19.625,-1.75
gemma-2-2b,6,freq,freq,en,de,einfach,"The opposite of ""einfach"" is """,schwierig,1,19,21.375,20.75,-0.625
gemma-2-2b,7,desc,desc,en,de,neu,"The opposite of ""neu"" is """,alt,351,351,17.0,17.0,0.0
gemma-2-2b,7,desc,val,en,de,neu,"The opposite of ""neu"" is """,alt,351,258,17.0,15.9375,-1.0625
gemma-2-2b,7,desc,freq,en,de,neu,"The opposite of ""neu"" is """,alt,351,426,17.0,14.4375,-2.5625
gemma-2-2b,7,val,desc,en,de,neu,"The opposite of ""neu"" is """,alt,351,274,17.0,17.875,0.875
gemma-2-2b,7,val,val,en,de,neu,"The opposite of ""neu"" is """,alt,351,397,17.0,17.5,0.5
gemma-2-2b,7,val,freq,en,de,neu,"The opposite of ""neu"" is """,alt,351,486,17.0,15.25,-1.75
gemma-2-2b,7,freq,desc,en,de,neu,"The opposite of ""neu"" is """,alt,351,352,17.0,16.75,-0.25
gemma-2-2b,7,freq,val,en,de,neu,"The opposite of ""neu"" is """,alt,351,321,17.0,15.125,-1.875
gemma-2-2b,7,freq,freq,en,de,neu,"The opposite of ""neu"" is """,alt,351,412,17.0,16.625,-0.375
gemma-2-2b,8,desc,desc,en,de,wahr,"The opposite of ""wahr"" is """,falsch,0,0,20.875,21.625,0.75
gemma-2-2b,8,desc,val,en,de,wahr,"The opposite of ""wahr"" is """,falsch,0,0,20.875,20.875,0.0
gemma-2-2b,8,desc,freq,en,de,wahr,"The opposite of ""wahr"" is """,falsch,0,0,20.875,19.5,-1.375
gemma-2-2b,8,val,desc,en,de,wahr,"The opposite of ""wahr"" is """,falsch,0,0,20.875,21.875,1.0
gemma-2-2b,8,val,val,en,de,wahr,"The opposite of ""wahr"" is """,falsch,0,0,20.875,23.125,2.25
gemma-2-2b,8,val,freq,en,de,wahr,"The opposite of ""wahr"" is """,falsch,0,1,20.875,19.625,-1.25
gemma-2-2b,8,freq,desc,en,de,wahr,"The opposite of ""wahr"" is """,falsch,0,1,20.875,21.875,1.0
gemma-2-2b,8,freq,val,en,de,wahr,"The opposite of ""wahr"" is """,falsch,0,1,20.875,21.125,0.25
gemma-2-2b,8,freq,freq,en,de,wahr,"The opposite of ""wahr"" is """,falsch,0,1,20.875,21.875,1.0
gemma-2-2b,9,desc,desc,en,de,lebendig,"The opposite of ""lebendig"" is """,tot,0,704,19.875,15.375,-4.5
gemma-2-2b,9,desc,val,en,de,lebendig,"The opposite of ""lebendig"" is """,tot,0,628,19.875,13.875,-6.0
gemma-2-2b,9,desc,freq,en,de,lebendig,"The opposite of ""lebendig"" is """,tot,0,6914,19.875,9.375,-10.5
gemma-2-2b,9,val,desc,en,de,lebendig,"The opposite of ""lebendig"" is """,tot,0,26,19.875,19.125,-0.75
gemma-2-2b,9,val,val,en,de,lebendig,"The opposite of ""lebendig"" is """,tot,0,101,19.875,18.25,-1.625
gemma-2-2b,9,val,freq,en,de,lebendig,"The opposite of ""lebendig"" is """,tot,0,1120,19.875,11.75,-8.125
gemma-2-2b,9,freq,desc,en,de,lebendig,"The opposite of ""lebendig"" is """,tot,0,2300,19.875,13.8125,-6.0625
gemma-2-2b,9,freq,val,en,de,lebendig,"The opposite of ""lebendig"" is """,tot,0,1905,19.875,11.8125,-8.0625
gemma-2-2b,9,freq,freq,en,de,lebendig,"The opposite of ""lebendig"" is """,tot,0,2209,19.875,13.9375,-5.9375
gemma-2-2b,10,desc,desc,en,de,voll,"The opposite of ""voll"" is """,leer,0,12,21.25,20.0,-1.25
gemma-2-2b,10,desc,val,en,de,voll,"The opposite of ""voll"" is """,leer,0,8,21.25,19.625,-1.625
gemma-2-2b,10,desc,freq,en,de,voll,"The opposite of ""voll"" is """,leer,0,34,21.25,16.75,-4.5
gemma-2-2b,10,val,desc,en,de,voll,"The opposite of ""voll"" is """,leer,0,1,21.25,22.625,1.375
gemma-2-2b,10,val,val,en,de,voll,"The opposite of ""voll"" is """,leer,0,5,21.25,22.125,0.875
gemma-2-2b,10,val,freq,en,de,voll,"The opposite of ""voll"" is """,leer,0,23,21.25,17.625,-3.625
gemma-2-2b,10,freq,desc,en,de,voll,"The opposite of ""voll"" is """,leer,0,22,21.25,19.875,-1.375
gemma-2-2b,10,freq,val,en,de,voll,"The opposite of ""voll"" is """,leer,0,26,21.25,19.125,-2.125
gemma-2-2b,10,freq,freq,en,de,voll,"The opposite of ""voll"" is """,leer,0,24,21.25,19.875,-1.375
gemma-2-2b,11,desc,desc,en,de,hell,"The opposite of ""hell"" is """,dunkel,6233,6233,9.75,9.75,0.0
gemma-2-2b,11,desc,val,en,de,hell,"The opposite of ""hell"" is """,dunkel,6233,4920,9.75,8.5,-1.25
gemma-2-2b,11,desc,freq,en,de,hell,"The opposite of ""hell"" is """,dunkel,6233,11812,9.75,7.34375,-2.40625
gemma-2-2b,11,val,desc,en,de,hell,"The opposite of ""hell"" is """,dunkel,6233,2148,9.75,12.6875,2.9375
gemma-2-2b,11,val,val,en,de,hell,"The opposite of ""hell"" is """,dunkel,6233,5509,9.75,10.4375,0.6875
gemma-2-2b,11,val,freq,en,de,hell,"The opposite of ""hell"" is """,dunkel,6233,12733,9.75,7.75,-2.0
gemma-2-2b,11,freq,desc,en,de,hell,"The opposite of ""hell"" is """,dunkel,6233,6338,9.75,9.375,-0.375
gemma-2-2b,11,freq,val,en,de,hell,"The opposite of ""hell"" is """,dunkel,6233,7311,9.75,6.65625,-3.09375
gemma-2-2b,11,freq,freq,en,de,hell,"The opposite of ""hell"" is """,dunkel,6233,7422,9.75,9.0625,-0.6875
gemma-2-2b,12,desc,desc,en,de,stark,"The opposite of ""stark"" is """,schwach,1282,1282,15.5625,15.5625,0.0
gemma-2-2b,12,desc,val,en,de,stark,"The opposite of ""stark"" is """,schwach,1282,1690,15.5625,12.5625,-3.0
gemma-2-2b,12,desc,freq,en,de,stark,"The opposite of ""stark"" is """,schwach,1282,676,15.5625,14.6875,-0.875
gemma-2-2b,12,val,desc,en,de,stark,"The opposite of ""stark"" is """,schwach,1282,61,15.5625,20.375,4.8125
gemma-2-2b,12,val,val,en,de,stark,"The opposite of ""stark"" is """,schwach,1282,1409,15.5625,15.25,-0.3125
gemma-2-2b,12,val,freq,en,de,stark,"The opposite of ""stark"" is """,schwach,1282,10,15.5625,20.25,4.6875
gemma-2-2b,12,freq,desc,en,de,stark,"The opposite of ""stark"" is """,schwach,1282,1649,15.5625,14.6875,-0.875
gemma-2-2b,12,freq,val,en,de,stark,"The opposite of ""stark"" is """,schwach,1282,1582,15.5625,12.0,-3.5625
gemma-2-2b,12,freq,freq,en,de,stark,"The opposite of ""stark"" is """,schwach,1282,1682,15.5625,14.75,-0.8125
gemma-2-2b,13,desc,desc,en,de,sauber,"The opposite of ""sauber"" is """,schmutzig,0,0,20.75,21.75,1.0
gemma-2-2b,13,desc,val,en,de,sauber,"The opposite of ""sauber"" is """,schmutzig,0,2,20.75,20.5,-0.25
gemma-2-2b,13,desc,freq,en,de,sauber,"The opposite of ""sauber"" is """,schmutzig,0,2,20.75,18.375,-2.375
gemma-2-2b,13,val,desc,en,de,sauber,"The opposite of ""sauber"" is """,schmutzig,0,0,20.75,23.125,2.375
gemma-2-2b,13,val,val,en,de,sauber,"The opposite of ""sauber"" is """,schmutzig,0,0,20.75,22.75,2.0
gemma-2-2b,13,val,freq,en,de,sauber,"The opposite of ""sauber"" is """,schmutzig,0,1,20.75,19.875,-0.875
gemma-2-2b,13,freq,desc,en,de,sauber,"The opposite of ""sauber"" is """,schmutzig,0,3,20.75,22.0,1.25
gemma-2-2b,13,freq,val,en,de,sauber,"The opposite of ""sauber"" is """,schmutzig,0,5,20.75,21.0,0.25
gemma-2-2b,13,freq,freq,en,de,sauber,"The opposite of ""sauber"" is """,schmutzig,0,3,20.75,22.0,1.25
gemma-2-2b,14,desc,desc,en,de,offen,"The opposite of ""offen"" is """,geschlossen,100,2174,17.625,14.5,-3.125
gemma-2-2b,14,desc,val,en,de,offen,"The opposite of ""offen"" is """,geschlossen,100,3752,17.625,12.125,-5.5
gemma-2-2b,14,desc,freq,en,de,offen,"The opposite of ""offen"" is """,geschlossen,100,1766,17.625,13.6875,-3.9375
gemma-2-2b,14,val,desc,en,de,offen,"The opposite of ""offen"" is """,geschlossen,100,1379,17.625,14.9375,-2.6875
gemma-2-2b,14,val,val,en,de,offen,"The opposite of ""offen"" is """,geschlossen,100,2648,17.625,14.5,-3.125
gemma-2-2b,14,val,freq,en,de,offen,"The opposite of ""offen"" is """,geschlossen,100,1565,17.625,12.9375,-4.6875
gemma-2-2b,14,freq,desc,en,de,offen,"The opposite of ""offen"" is """,geschlossen,100,1938,17.625,15.0,-2.625
gemma-2-2b,14,freq,val,en,de,offen,"The opposite of ""offen"" is """,geschlossen,100,1955,17.625,12.9375,-4.6875
gemma-2-2b,14,freq,freq,en,de,offen,"The opposite of ""offen"" is """,geschlossen,100,2145,17.625,14.75,-2.875
gemma-2-2b,15,desc,desc,en,de,reich,"The opposite of ""reich"" is """,arm,23,330,19.75,18.125,-1.625
gemma-2-2b,15,desc,val,en,de,reich,"The opposite of ""reich"" is """,arm,23,338,19.75,16.375,-3.375
gemma-2-2b,15,desc,freq,en,de,reich,"The opposite of ""reich"" is """,arm,23,259,19.75,16.125,-3.625
gemma-2-2b,15,val,desc,en,de,reich,"The opposite of ""reich"" is """,arm,23,25,19.75,20.125,0.375
gemma-2-2b,15,val,val,en,de,reich,"The opposite of ""reich"" is """,arm,23,212,19.75,19.25,-0.5
gemma-2-2b,15,val,freq,en,de,reich,"The opposite of ""reich"" is """,arm,23,78,19.75,17.125,-2.625
gemma-2-2b,15,freq,desc,en,de,reich,"The opposite of ""reich"" is """,arm,23,558,19.75,17.625,-2.125
gemma-2-2b,15,freq,val,en,de,reich,"The opposite of ""reich"" is """,arm,23,346,19.75,16.0,-3.75
gemma-2-2b,15,freq,freq,en,de,reich,"The opposite of ""reich"" is """,arm,23,390,19.75,18.0,-1.75
gemma-2-2b,16,desc,desc,en,de,schön,"The opposite of ""schön"" is """,hässlich,20,75,16.375,17.625,1.25
gemma-2-2b,16,desc,val,en,de,schön,"The opposite of ""schön"" is """,hässlich,20,99,16.375,15.5625,-0.8125
gemma-2-2b,16,desc,freq,en,de,schön,"The opposite of ""schön"" is """,hässlich,20,276,16.375,13.75,-2.625
gemma-2-2b,16,val,desc,en,de,schön,"The opposite of ""schön"" is """,hässlich,20,82,16.375,16.75,0.375
gemma-2-2b,16,val,val,en,de,schön,"The opposite of ""schön"" is """,hässlich,20,99,16.375,17.375,1.0
gemma-2-2b,16,val,freq,en,de,schön,"The opposite of ""schön"" is """,hässlich,20,282,16.375,13.1875,-3.1875
gemma-2-2b,16,freq,desc,en,de,schön,"The opposite of ""schön"" is """,hässlich,20,103,16.375,17.375,1.0
gemma-2-2b,16,freq,val,en,de,schön,"The opposite of ""schön"" is """,hässlich,20,153,16.375,14.875,-1.5
gemma-2-2b,16,freq,freq,en,de,schön,"The opposite of ""schön"" is """,hässlich,20,103,16.375,17.375,1.0
gemma-2-2b,17,desc,desc,en,de,lang,"The opposite of ""lang"" is """,kurz,3350,3350,16.5,16.5,0.0
gemma-2-2b,17,desc,val,en,de,lang,"The opposite of ""lang"" is """,kurz,3350,5629,16.5,13.4375,-3.0625
gemma-2-2b,17,desc,freq,en,de,lang,"The opposite of ""lang"" is """,kurz,3350,3889,16.5,14.0625,-2.4375
gemma-2-2b,17,val,desc,en,de,lang,"The opposite of ""lang"" is """,kurz,3350,260,16.5,19.75,3.25
gemma-2-2b,17,val,val,en,de,lang,"The opposite of ""lang"" is """,kurz,3350,4488,16.5,16.0,-0.5
gemma-2-2b,17,val,freq,en,de,lang,"The opposite of ""lang"" is """,kurz,3350,685,16.5,16.125,-0.375
gemma-2-2b,17,freq,desc,en,de,lang,"The opposite of ""lang"" is """,kurz,3350,2923,16.5,16.625,0.125
gemma-2-2b,17,freq,val,en,de,lang,"The opposite of ""lang"" is """,kurz,3350,5038,16.5,12.8125,-3.6875
gemma-2-2b,17,freq,freq,en,de,lang,"The opposite of ""lang"" is """,kurz,3350,3263,16.5,16.5,0.0
gemma-2-2b,18,desc,desc,en,de,breit,"The opposite of ""breit"" is """,eng,24,153,17.125,17.75,0.625
gemma-2-2b,18,desc,val,en,de,breit,"The opposite of ""breit"" is """,eng,24,227,17.125,16.125,-1.0
gemma-2-2b,18,desc,freq,en,de,breit,"The opposite of ""breit"" is """,eng,24,73,17.125,17.375,0.25
gemma-2-2b,18,val,desc,en,de,breit,"The opposite of ""breit"" is """,eng,24,30,17.125,19.75,2.625
gemma-2-2b,18,val,val,en,de,breit,"The opposite of ""breit"" is """,eng,24,140,17.125,18.5,1.375
gemma-2-2b,18,val,freq,en,de,breit,"The opposite of ""breit"" is """,eng,24,30,17.125,18.25,1.125
gemma-2-2b,18,freq,desc,en,de,breit,"The opposite of ""breit"" is """,eng,24,249,17.125,17.75,0.625
gemma-2-2b,18,freq,val,en,de,breit,"The opposite of ""breit"" is """,eng,24,229,17.125,16.5,-0.625
gemma-2-2b,18,freq,freq,en,de,breit,"The opposite of ""breit"" is """,eng,24,227,17.125,17.875,0.75
gemma-2-2b,19,desc,desc,en,de,hart,"The opposite of ""hart"" is """,weich,2259,2259,16.75,16.75,0.0
gemma-2-2b,19,desc,val,en,de,hart,"The opposite of ""hart"" is """,weich,2259,3086,16.75,13.9375,-2.8125
gemma-2-2b,19,desc,freq,en,de,hart,"The opposite of ""hart"" is """,weich,2259,1006,16.75,16.125,-0.625
gemma-2-2b,19,val,desc,en,de,hart,"The opposite of ""hart"" is """,weich,2259,87,16.75,20.0,3.25
gemma-2-2b,19,val,val,en,de,hart,"The opposite of ""hart"" is """,weich,2259,3375,16.75,15.6875,-1.0625
gemma-2-2b,19,val,freq,en,de,hart,"The opposite of ""hart"" is """,weich,2259,137,16.75,18.125,1.375
gemma-2-2b,19,freq,desc,en,de,hart,"The opposite of ""hart"" is """,weich,2259,2148,16.75,16.25,-0.5
gemma-2-2b,19,freq,val,en,de,hart,"The opposite of ""hart"" is """,weich,2259,1737,16.75,14.125,-2.625
gemma-2-2b,19,freq,freq,en,de,hart,"The opposite of ""hart"" is """,weich,2259,2041,16.75,16.5,-0.25
gemma-2-2b,20,desc,desc,en,de,trocken,"The opposite of ""trocken"" is """,nass,2,184,17.75,15.375,-2.375
gemma-2-2b,20,desc,val,en,de,trocken,"The opposite of ""trocken"" is """,nass,2,133,17.75,14.25,-3.5
gemma-2-2b,20,desc,freq,en,de,trocken,"The opposite of ""trocken"" is """,nass,2,203,17.75,12.625,-5.125
gemma-2-2b,20,val,desc,en,de,trocken,"The opposite of ""trocken"" is """,nass,2,70,17.75,16.75,-1.0
gemma-2-2b,20,val,val,en,de,trocken,"The opposite of ""trocken"" is """,nass,2,178,17.75,15.9375,-1.8125
gemma-2-2b,20,val,freq,en,de,trocken,"The opposite of ""trocken"" is """,nass,2,424,17.75,11.5,-6.25
gemma-2-2b,20,freq,desc,en,de,trocken,"The opposite of ""trocken"" is """,nass,2,1292,17.75,12.4375,-5.3125
gemma-2-2b,20,freq,val,en,de,trocken,"The opposite of ""trocken"" is """,nass,2,1462,17.75,9.875,-7.875
gemma-2-2b,20,freq,freq,en,de,trocken,"The opposite of ""trocken"" is """,nass,2,1199,17.75,12.625,-5.125
gemma-2-2b,21,desc,desc,en,de,laut,"The opposite of ""laut"" is """,leise,0,22,20.5,18.75,-1.75
gemma-2-2b,21,desc,val,en,de,laut,"The opposite of ""laut"" is """,leise,0,27,20.5,17.625,-2.875
gemma-2-2b,21,desc,freq,en,de,laut,"The opposite of ""laut"" is """,leise,0,33,20.5,17.0,-3.5
gemma-2-2b,21,val,desc,en,de,laut,"The opposite of ""laut"" is """,leise,0,1,20.5,21.75,1.25
gemma-2-2b,21,val,val,en,de,laut,"The opposite of ""laut"" is """,leise,0,10,20.5,20.25,-0.25
gemma-2-2b,21,val,freq,en,de,laut,"The opposite of ""laut"" is """,leise,0,7,20.5,18.75,-1.75
gemma-2-2b,21,freq,desc,en,de,laut,"The opposite of ""laut"" is """,leise,0,16,20.5,19.75,-0.75
gemma-2-2b,21,freq,val,en,de,laut,"The opposite of ""laut"" is """,leise,0,20,20.5,18.25,-2.25
gemma-2-2b,21,freq,freq,en,de,laut,"The opposite of ""laut"" is """,leise,0,20,20.5,19.625,-0.875
gemma-2-2b,22,desc,desc,en,de,früh,"The opposite of ""früh"" is """,spät,2,9,19.75,19.25,-0.5
gemma-2-2b,22,desc,val,en,de,früh,"The opposite of ""früh"" is """,spät,2,10,19.75,17.75,-2.0
gemma-2-2b,22,desc,freq,en,de,früh,"The opposite of ""früh"" is """,spät,2,8,19.75,16.875,-2.875
gemma-2-2b,22,val,desc,en,de,früh,"The opposite of ""früh"" is """,spät,2,3,19.75,20.5,0.75
gemma-2-2b,22,val,val,en,de,früh,"The opposite of ""früh"" is """,spät,2,4,19.75,21.0,1.25
gemma-2-2b,22,val,freq,en,de,früh,"The opposite of ""früh"" is """,spät,2,4,19.75,17.625,-2.125
gemma-2-2b,22,freq,desc,en,de,früh,"The opposite of ""früh"" is """,spät,2,19,19.75,18.875,-0.875
gemma-2-2b,22,freq,val,en,de,früh,"The opposite of ""früh"" is """,spät,2,24,19.75,17.125,-2.625
gemma-2-2b,22,freq,freq,en,de,früh,"The opposite of ""früh"" is """,spät,2,21,19.75,18.75,-1.0
gemma-2-2b,23,desc,desc,en,de,nah,"The opposite of ""nah"" is """,fern,5715,5715,9.875,9.875,0.0
gemma-2-2b,23,desc,val,en,de,nah,"The opposite of ""nah"" is """,fern,5715,6134,9.875,8.1875,-1.6875
gemma-2-2b,23,desc,freq,en,de,nah,"The opposite of ""nah"" is """,fern,5715,10012,9.875,7.75,-2.125
gemma-2-2b,23,val,desc,en,de,nah,"The opposite of ""nah"" is """,fern,5715,4329,9.875,12.0,2.125
gemma-2-2b,23,val,val,en,de,nah,"The opposite of ""nah"" is """,fern,5715,6793,9.875,10.0,0.125
gemma-2-2b,23,val,freq,en,de,nah,"The opposite of ""nah"" is """,fern,5715,7351,9.875,9.8125,-0.0625
gemma-2-2b,23,freq,desc,en,de,nah,"The opposite of ""nah"" is """,fern,5715,10723,9.875,7.78125,-2.09375
gemma-2-2b,23,freq,val,en,de,nah,"The opposite of ""nah"" is """,fern,5715,14084,9.875,5.0625,-4.8125
gemma-2-2b,23,freq,freq,en,de,nah,"The opposite of ""nah"" is """,fern,5715,10628,9.875,7.84375,-2.03125
gemma-2-2b,24,desc,desc,en,de,tief,"The opposite of ""tief"" is """,flach,55,302,16.25,17.125,0.875
gemma-2-2b,24,desc,val,en,de,tief,"The opposite of ""tief"" is """,flach,55,331,16.25,15.5625,-0.6875
gemma-2-2b,24,desc,freq,en,de,tief,"The opposite of ""tief"" is """,flach,55,2154,16.25,12.625,-3.625
gemma-2-2b,24,val,desc,en,de,tief,"The opposite of ""tief"" is """,flach,55,124,16.25,17.75,1.5
gemma-2-2b,24,val,val,en,de,tief,"The opposite of ""tief"" is """,flach,55,185,16.25,18.125,1.875
gemma-2-2b,24,val,freq,en,de,tief,"The opposite of ""tief"" is """,flach,55,559,16.25,14.0625,-2.1875
gemma-2-2b,24,freq,desc,en,de,tief,"The opposite of ""tief"" is """,flach,55,425,16.25,17.375,1.125
gemma-2-2b,24,freq,val,en,de,tief,"The opposite of ""tief"" is """,flach,55,408,16.25,15.5625,-0.6875
gemma-2-2b,24,freq,freq,en,de,tief,"The opposite of ""tief"" is """,flach,55,473,16.25,17.25,1.0
gemma-2-2b,25,desc,desc,en,de,schlecht,"The opposite of ""schlecht"" is """,gut,0,33,21.875,18.25,-3.625
gemma-2-2b,25,desc,val,en,de,schlecht,"The opposite of ""schlecht"" is """,gut,0,62,21.875,15.8125,-6.0625
gemma-2-2b,25,desc,freq,en,de,schlecht,"The opposite of ""schlecht"" is """,gut,0,677,21.875,10.25,-11.625
gemma-2-2b,25,val,desc,en,de,schlecht,"The opposite of ""schlecht"" is """,gut,0,7,21.875,19.75,-2.125
gemma-2-2b,25,val,val,en,de,schlecht,"The opposite of ""schlecht"" is """,gut,0,16,21.875,19.625,-2.25
gemma-2-2b,25,val,freq,en,de,schlecht,"The opposite of ""schlecht"" is """,gut,0,53,21.875,12.625,-9.25
gemma-2-2b,25,freq,desc,en,de,schlecht,"The opposite of ""schlecht"" is """,gut,0,71,21.875,17.5,-4.375
gemma-2-2b,25,freq,val,en,de,schlecht,"The opposite of ""schlecht"" is """,gut,0,78,21.875,15.5625,-6.3125
gemma-2-2b,25,freq,freq,en,de,schlecht,"The opposite of ""schlecht"" is """,gut,0,74,21.875,17.5,-4.375
gemma-2-2b,26,desc,desc,en,de,traurig,"The opposite of ""traurig"" is """,glücklich,1,17,19.75,19.875,0.125
gemma-2-2b,26,desc,val,en,de,traurig,"The opposite of ""traurig"" is """,glücklich,1,11,19.75,19.125,-0.625
gemma-2-2b,26,desc,freq,en,de,traurig,"The opposite of ""traurig"" is """,glücklich,1,3,19.75,18.25,-1.5
gemma-2-2b,26,val,desc,en,de,traurig,"The opposite of ""traurig"" is """,glücklich,1,2,19.75,20.375,0.625
gemma-2-2b,26,val,val,en,de,traurig,"The opposite of ""traurig"" is """,glücklich,1,21,19.75,20.375,0.625
gemma-2-2b,26,val,freq,en,de,traurig,"The opposite of ""traurig"" is """,glücklich,1,1,19.75,18.75,-1.0
gemma-2-2b,26,freq,desc,en,de,traurig,"The opposite of ""traurig"" is """,glücklich,1,8,19.75,21.5,1.75
gemma-2-2b,26,freq,val,en,de,traurig,"The opposite of ""traurig"" is """,glücklich,1,11,19.75,19.875,0.125
gemma-2-2b,26,freq,freq,en,de,traurig,"The opposite of ""traurig"" is """,glücklich,1,9,19.75,21.375,1.625
gemma-2-2b,27,desc,desc,en,de,klein,"The opposite of ""klein"" is """,groß,0,5,23.0,21.375,-1.625
gemma-2-2b,27,desc,val,en,de,klein,"The opposite of ""klein"" is """,groß,0,6,23.0,19.75,-3.25
gemma-2-2b,27,desc,freq,en,de,klein,"The opposite of ""klein"" is """,groß,0,0,23.0,19.75,-3.25
gemma-2-2b,27,val,desc,en,de,klein,"The opposite of ""klein"" is """,groß,0,1,23.0,21.875,-1.125
gemma-2-2b,27,val,val,en,de,klein,"The opposite of ""klein"" is """,groß,0,4,23.0,21.875,-1.125
gemma-2-2b,27,val,freq,en,de,klein,"The opposite of ""klein"" is """,groß,0,0,23.0,20.125,-2.875
gemma-2-2b,27,freq,desc,en,de,klein,"The opposite of ""klein"" is """,groß,0,6,23.0,21.375,-1.625
gemma-2-2b,27,freq,val,en,de,klein,"The opposite of ""klein"" is """,groß,0,8,23.0,20.125,-2.875
gemma-2-2b,27,freq,freq,en,de,klein,"The opposite of ""klein"" is """,groß,0,6,23.0,21.625,-1.375
gemma-2-2b,28,desc,desc,en,de,kalt,"The opposite of ""kalt"" is """,heiß,1,5,20.25,19.625,-0.625
gemma-2-2b,28,desc,val,en,de,kalt,"The opposite of ""kalt"" is """,heiß,1,6,20.25,18.25,-2.0
gemma-2-2b,28,desc,freq,en,de,kalt,"The opposite of ""kalt"" is """,heiß,1,22,20.25,15.125,-5.125
gemma-2-2b,28,val,desc,en,de,kalt,"The opposite of ""kalt"" is """,heiß,1,2,20.25,20.625,0.375
gemma-2-2b,28,val,val,en,de,kalt,"The opposite of ""kalt"" is """,heiß,1,5,20.25,21.0,0.75
gemma-2-2b,28,val,freq,en,de,kalt,"The opposite of ""kalt"" is """,heiß,1,6,20.25,16.625,-3.625
gemma-2-2b,28,freq,desc,en,de,kalt,"The opposite of ""kalt"" is """,heiß,1,7,20.25,20.0,-0.25
gemma-2-2b,28,freq,val,en,de,kalt,"The opposite of ""kalt"" is """,heiß,1,6,20.25,19.5,-0.75
gemma-2-2b,28,freq,freq,en,de,kalt,"The opposite of ""kalt"" is """,heiß,1,7,20.25,19.875,-0.375
gemma-2-2b,29,desc,desc,en,de,langsam,"The opposite of ""langsam"" is """,schnell,0,3,20.375,20.875,0.5
gemma-2-2b,29,desc,val,en,de,langsam,"The opposite of ""langsam"" is """,schnell,0,4,20.375,19.75,-0.625
gemma-2-2b,29,desc,freq,en,de,langsam,"The opposite of ""langsam"" is """,schnell,0,6,20.375,18.875,-1.5
gemma-2-2b,29,val,desc,en,de,langsam,"The opposite of ""langsam"" is """,schnell,0,0,20.375,22.625,2.25
gemma-2-2b,29,val,val,en,de,langsam,"The opposite of ""langsam"" is """,schnell,0,2,20.375,22.125,1.75
gemma-2-2b,29,val,freq,en,de,langsam,"The opposite of ""langsam"" is """,schnell,0,2,20.375,20.0,-0.375
gemma-2-2b,29,freq,desc,en,de,langsam,"The opposite of ""langsam"" is """,schnell,0,6,20.375,21.375,1.0
gemma-2-2b,29,freq,val,en,de,langsam,"The opposite of ""langsam"" is """,schnell,0,6,20.375,20.375,0.0
gemma-2-2b,29,freq,freq,en,de,langsam,"The opposite of ""langsam"" is """,schnell,0,5,20.375,21.5,1.125
gemma-2-2b,30,desc,desc,en,de,schwer,"The opposite of ""schwer"" is """,leicht,0,1,22.125,21.25,-0.875
gemma-2-2b,30,desc,val,en,de,schwer,"The opposite of ""schwer"" is """,leicht,0,0,22.125,20.5,-1.625
gemma-2-2b,30,desc,freq,en,de,schwer,"The opposite of ""schwer"" is """,leicht,0,15,22.125,16.75,-5.375
gemma-2-2b,30,val,desc,en,de,schwer,"The opposite of ""schwer"" is """,leicht,0,1,22.125,22.5,0.375
gemma-2-2b,30,val,val,en,de,schwer,"The opposite of ""schwer"" is """,leicht,0,3,22.125,21.875,-0.25
gemma-2-2b,30,val,freq,en,de,schwer,"The opposite of ""schwer"" is """,leicht,0,13,22.125,17.75,-4.375
gemma-2-2b,30,freq,desc,en,de,schwer,"The opposite of ""schwer"" is """,leicht,0,1,22.125,21.5,-0.625
gemma-2-2b,30,freq,val,en,de,schwer,"The opposite of ""schwer"" is """,leicht,0,1,22.125,21.5,-0.625
gemma-2-2b,30,freq,freq,en,de,schwer,"The opposite of ""schwer"" is """,leicht,0,1,22.125,21.875,-0.25
gemma-2-2b,31,desc,desc,en,de,schwierig,"The opposite of ""schwierig"" is """,einfach,0,2,22.125,21.5,-0.625
gemma-2-2b,31,desc,val,en,de,schwierig,"The opposite of ""schwierig"" is """,einfach,0,2,22.125,21.0,-1.125
gemma-2-2b,31,desc,freq,en,de,schwierig,"The opposite of ""schwierig"" is """,einfach,0,4,22.125,19.125,-3.0
gemma-2-2b,31,val,desc,en,de,schwierig,"The opposite of ""schwierig"" is """,einfach,0,0,22.125,22.375,0.25
gemma-2-2b,31,val,val,en,de,schwierig,"The opposite of ""schwierig"" is """,einfach,0,2,22.125,22.625,0.5
gemma-2-2b,31,val,freq,en,de,schwierig,"The opposite of ""schwierig"" is """,einfach,0,1,22.125,20.0,-2.125
gemma-2-2b,31,freq,desc,en,de,schwierig,"The opposite of ""schwierig"" is """,einfach,0,2,22.125,21.75,-0.375
gemma-2-2b,31,freq,val,en,de,schwierig,"The opposite of ""schwierig"" is """,einfach,0,2,22.125,21.5,-0.625
gemma-2-2b,31,freq,freq,en,de,schwierig,"The opposite of ""schwierig"" is """,einfach,0,3,22.125,21.875,-0.25
gemma-2-2b,32,desc,desc,en,de,alt,"The opposite of ""alt"" is """,neu,354,354,16.875,16.875,0.0
gemma-2-2b,32,desc,val,en,de,alt,"The opposite of ""alt"" is """,neu,354,309,16.875,15.375,-1.5
gemma-2-2b,32,desc,freq,en,de,alt,"The opposite of ""alt"" is """,neu,354,44,16.875,17.5,0.625
gemma-2-2b,32,val,desc,en,de,alt,"The opposite of ""alt"" is """,neu,354,27,16.875,21.0,4.125
gemma-2-2b,32,val,val,en,de,alt,"The opposite of ""alt"" is """,neu,354,323,16.875,17.75,0.875
gemma-2-2b,32,val,freq,en,de,alt,"The opposite of ""alt"" is """,neu,354,5,16.875,20.25,3.375
gemma-2-2b,32,freq,desc,en,de,alt,"The opposite of ""alt"" is """,neu,354,407,16.875,16.625,-0.25
gemma-2-2b,32,freq,val,en,de,alt,"The opposite of ""alt"" is """,neu,354,347,16.875,14.9375,-1.9375
gemma-2-2b,32,freq,freq,en,de,alt,"The opposite of ""alt"" is """,neu,354,375,16.875,16.75,-0.125
gemma-2-2b,33,desc,desc,en,de,falsch,"The opposite of ""falsch"" is """,richtig,0,4,19.125,18.875,-0.25
gemma-2-2b,33,desc,val,en,de,falsch,"The opposite of ""falsch"" is """,richtig,0,5,19.125,17.75,-1.375
gemma-2-2b,33,desc,freq,en,de,falsch,"The opposite of ""falsch"" is """,richtig,0,21,19.125,11.4375,-7.6875
gemma-2-2b,33,val,desc,en,de,falsch,"The opposite of ""falsch"" is """,richtig,0,0,19.125,18.5,-0.625
gemma-2-2b,33,val,val,en,de,falsch,"The opposite of ""falsch"" is """,richtig,0,7,19.125,19.25,0.125
gemma-2-2b,33,val,freq,en,de,falsch,"The opposite of ""falsch"" is """,richtig,0,14,19.125,11.5625,-7.5625
gemma-2-2b,33,freq,desc,en,de,falsch,"The opposite of ""falsch"" is """,richtig,0,5,19.125,18.75,-0.375
gemma-2-2b,33,freq,val,en,de,falsch,"The opposite of ""falsch"" is """,richtig,0,5,19.125,18.25,-0.875
gemma-2-2b,33,freq,freq,en,de,falsch,"The opposite of ""falsch"" is """,richtig,0,6,19.125,18.875,-0.25
gemma-2-2b,34,desc,desc,en,de,tot,"The opposite of ""tot"" is """,lebendig,8756,8756,14.75,14.75,0.0
gemma-2-2b,34,desc,val,en,de,tot,"The opposite of ""tot"" is """,lebendig,8756,10765,14.75,12.125,-2.625
gemma-2-2b,34,desc,freq,en,de,tot,"The opposite of ""tot"" is """,lebendig,8756,4919,14.75,14.3125,-0.4375
gemma-2-2b,34,val,desc,en,de,tot,"The opposite of ""tot"" is """,lebendig,8756,2714,14.75,16.5,1.75
gemma-2-2b,34,val,val,en,de,tot,"The opposite of ""tot"" is """,lebendig,8756,14327,14.75,13.4375,-1.3125
gemma-2-2b,34,val,freq,en,de,tot,"The opposite of ""tot"" is """,lebendig,8756,3371,14.75,14.3125,-0.4375
gemma-2-2b,34,freq,desc,en,de,tot,"The opposite of ""tot"" is """,lebendig,8756,6616,14.75,15.125,0.375
gemma-2-2b,34,freq,val,en,de,tot,"The opposite of ""tot"" is """,lebendig,8756,7090,14.75,12.4375,-2.3125
gemma-2-2b,34,freq,freq,en,de,tot,"The opposite of ""tot"" is """,lebendig,8756,6944,14.75,15.125,0.375
gemma-2-2b,35,desc,desc,en,de,leer,"The opposite of ""leer"" is """,voll,4851,4851,13.8125,13.8125,0.0
gemma-2-2b,35,desc,val,en,de,leer,"The opposite of ""leer"" is """,voll,4851,7004,13.8125,11.1875,-2.625
gemma-2-2b,35,desc,freq,en,de,leer,"The opposite of ""leer"" is """,voll,4851,50015,13.8125,8.0,-5.8125
gemma-2-2b,35,val,desc,en,de,leer,"The opposite of ""leer"" is """,voll,4851,7650,13.8125,13.1875,-0.625
gemma-2-2b,35,val,val,en,de,leer,"The opposite of ""leer"" is """,voll,4851,5925,13.8125,13.625,-0.1875
gemma-2-2b,35,val,freq,en,de,leer,"The opposite of ""leer"" is """,voll,4851,61113,13.8125,6.4375,-7.375
gemma-2-2b,35,freq,desc,en,de,leer,"The opposite of ""leer"" is """,voll,4851,4611,13.8125,14.0625,0.25
gemma-2-2b,35,freq,val,en,de,leer,"The opposite of ""leer"" is """,voll,4851,6550,13.8125,10.9375,-2.875
gemma-2-2b,35,freq,freq,en,de,leer,"The opposite of ""leer"" is """,voll,4851,5335,13.8125,13.8125,0.0
gemma-2-2b,36,desc,desc,en,de,dunkel,"The opposite of ""dunkel"" is """,hell,0,28,21.375,17.875,-3.5
gemma-2-2b,36,desc,val,en,de,dunkel,"The opposite of ""dunkel"" is """,hell,0,24,21.375,17.25,-4.125
gemma-2-2b,36,desc,freq,en,de,dunkel,"The opposite of ""dunkel"" is """,hell,0,15,21.375,15.5,-5.875
gemma-2-2b,36,val,desc,en,de,dunkel,"The opposite of ""dunkel"" is """,hell,0,0,21.375,20.125,-1.25
gemma-2-2b,36,val,val,en,de,dunkel,"The opposite of ""dunkel"" is """,hell,0,11,21.375,20.125,-1.25
gemma-2-2b,36,val,freq,en,de,dunkel,"The opposite of ""dunkel"" is """,hell,0,8,21.375,15.5,-5.875
gemma-2-2b,36,freq,desc,en,de,dunkel,"The opposite of ""dunkel"" is """,hell,0,70,21.375,17.0,-4.375
gemma-2-2b,36,freq,val,en,de,dunkel,"The opposite of ""dunkel"" is """,hell,0,59,21.375,15.9375,-5.4375
gemma-2-2b,36,freq,freq,en,de,dunkel,"The opposite of ""dunkel"" is """,hell,0,73,21.375,17.125,-4.25
gemma-2-2b,37,desc,desc,en,de,schwach,"The opposite of ""schwach"" is """,stark,0,3,22.125,23.125,1.0
gemma-2-2b,37,desc,val,en,de,schwach,"The opposite of ""schwach"" is """,stark,0,1,22.125,22.375,0.25
gemma-2-2b,37,desc,freq,en,de,schwach,"The opposite of ""schwach"" is """,stark,0,7,22.125,18.375,-3.75
gemma-2-2b,37,val,desc,en,de,schwach,"The opposite of ""schwach"" is """,stark,0,4,22.125,22.0,-0.125
gemma-2-2b,37,val,val,en,de,schwach,"The opposite of ""schwach"" is """,stark,0,3,22.125,23.5,1.375
gemma-2-2b,37,val,freq,en,de,schwach,"The opposite of ""schwach"" is """,stark,0,25,22.125,17.25,-4.875
gemma-2-2b,37,freq,desc,en,de,schwach,"The opposite of ""schwach"" is """,stark,0,3,22.125,22.875,0.75
gemma-2-2b,37,freq,val,en,de,schwach,"The opposite of ""schwach"" is """,stark,0,4,22.125,21.875,-0.25
gemma-2-2b,37,freq,freq,en,de,schwach,"The opposite of ""schwach"" is """,stark,0,3,22.125,23.125,1.0
gemma-2-2b,38,desc,desc,en,de,schmutzig,"The opposite of ""schmutzig"" is """,sauber,1,16,19.875,19.125,-0.75
gemma-2-2b,38,desc,val,en,de,schmutzig,"The opposite of ""schmutzig"" is """,sauber,1,13,19.875,18.125,-1.75
gemma-2-2b,38,desc,freq,en,de,schmutzig,"The opposite of ""schmutzig"" is """,sauber,1,15,19.875,16.75,-3.125
gemma-2-2b,38,val,desc,en,de,schmutzig,"The opposite of ""schmutzig"" is """,sauber,1,11,19.875,19.25,-0.625
gemma-2-2b,38,val,val,en,de,schmutzig,"The opposite of ""schmutzig"" is """,sauber,1,14,19.875,19.75,-0.125
gemma-2-2b,38,val,freq,en,de,schmutzig,"The opposite of ""schmutzig"" is """,sauber,1,29,19.875,15.25,-4.625
gemma-2-2b,38,freq,desc,en,de,schmutzig,"The opposite of ""schmutzig"" is """,sauber,1,23,19.875,19.625,-0.25
gemma-2-2b,38,freq,val,en,de,schmutzig,"The opposite of ""schmutzig"" is """,sauber,1,21,19.875,18.125,-1.75
gemma-2-2b,38,freq,freq,en,de,schmutzig,"The opposite of ""schmutzig"" is """,sauber,1,23,19.875,19.5,-0.375
gemma-2-2b,39,desc,desc,en,de,geschlossen,"The opposite of ""geschlossen"" is """,offen,0,4,21.375,19.875,-1.5
gemma-2-2b,39,desc,val,en,de,geschlossen,"The opposite of ""geschlossen"" is """,offen,0,4,21.375,19.625,-1.75
gemma-2-2b,39,desc,freq,en,de,geschlossen,"The opposite of ""geschlossen"" is """,offen,0,55,21.375,13.625,-7.75
gemma-2-2b,39,val,desc,en,de,geschlossen,"The opposite of ""geschlossen"" is """,offen,0,0,21.375,21.875,0.5
gemma-2-2b,39,val,val,en,de,geschlossen,"The opposite of ""geschlossen"" is """,offen,0,3,21.375,21.375,0.0
gemma-2-2b,39,val,freq,en,de,geschlossen,"The opposite of ""geschlossen"" is """,offen,0,21,21.375,15.5625,-5.8125
gemma-2-2b,39,freq,desc,en,de,geschlossen,"The opposite of ""geschlossen"" is """,offen,0,25,21.375,18.25,-3.125
gemma-2-2b,39,freq,val,en,de,geschlossen,"The opposite of ""geschlossen"" is """,offen,0,13,21.375,18.25,-3.125
gemma-2-2b,39,freq,freq,en,de,geschlossen,"The opposite of ""geschlossen"" is """,offen,0,17,21.375,18.875,-2.5
gemma-2-2b,40,desc,desc,en,de,arm,"The opposite of ""arm"" is """,reich,17432,17432,7.6875,7.6875,0.0
gemma-2-2b,40,desc,val,en,de,arm,"The opposite of ""arm"" is """,reich,17432,12915,7.6875,6.8125,-0.875
gemma-2-2b,40,desc,freq,en,de,arm,"The opposite of ""arm"" is """,reich,17432,12630,7.6875,6.5,-1.1875
gemma-2-2b,40,val,desc,en,de,arm,"The opposite of ""arm"" is """,reich,17432,8294,7.6875,11.4375,3.75
gemma-2-2b,40,val,val,en,de,arm,"The opposite of ""arm"" is """,reich,17432,20562,7.6875,7.75,0.0625
gemma-2-2b,40,val,freq,en,de,arm,"The opposite of ""arm"" is """,reich,17432,13897,7.6875,9.5625,1.875
gemma-2-2b,40,freq,desc,en,de,arm,"The opposite of ""arm"" is """,reich,17432,21660,7.6875,6.84375,-0.84375
gemma-2-2b,40,freq,val,en,de,arm,"The opposite of ""arm"" is """,reich,17432,17945,7.6875,5.21875,-2.46875
gemma-2-2b,40,freq,freq,en,de,arm,"The opposite of ""arm"" is """,reich,17432,21549,7.6875,6.9375,-0.75
gemma-2-2b,41,desc,desc,en,de,hässlich,"The opposite of ""hässlich"" is """,schön,0,0,17.75,20.75,3.0
gemma-2-2b,41,desc,val,en,de,hässlich,"The opposite of ""hässlich"" is """,schön,0,0,17.75,19.25,1.5
gemma-2-2b,41,desc,freq,en,de,hässlich,"The opposite of ""hässlich"" is """,schön,0,2,17.75,15.8125,-1.9375
gemma-2-2b,41,val,desc,en,de,hässlich,"The opposite of ""hässlich"" is """,schön,0,0,17.75,22.0,4.25
gemma-2-2b,41,val,val,en,de,hässlich,"The opposite of ""hässlich"" is """,schön,0,0,17.75,21.375,3.625
gemma-2-2b,41,val,freq,en,de,hässlich,"The opposite of ""hässlich"" is """,schön,0,0,17.75,17.75,0.0
gemma-2-2b,41,freq,desc,en,de,hässlich,"The opposite of ""hässlich"" is """,schön,0,1,17.75,20.125,2.375
gemma-2-2b,41,freq,val,en,de,hässlich,"The opposite of ""hässlich"" is """,schön,0,1,17.75,18.75,1.0
gemma-2-2b,41,freq,freq,en,de,hässlich,"The opposite of ""hässlich"" is """,schön,0,1,17.75,20.125,2.375
gemma-2-2b,42,desc,desc,en,de,kurz,"The opposite of ""kurz"" is """,lang,0,5,22.875,21.5,-1.375
gemma-2-2b,42,desc,val,en,de,kurz,"The opposite of ""kurz"" is """,lang,0,6,22.875,20.375,-2.5
gemma-2-2b,42,desc,freq,en,de,kurz,"The opposite of ""kurz"" is """,lang,0,1,22.875,20.5,-2.375
gemma-2-2b,42,val,desc,en,de,kurz,"The opposite of ""kurz"" is """,lang,0,0,22.875,23.125,0.25
gemma-2-2b,42,val,val,en,de,kurz,"The opposite of ""kurz"" is """,lang,0,1,22.875,23.625,0.75
gemma-2-2b,42,val,freq,en,de,kurz,"The opposite of ""kurz"" is """,lang,0,1,22.875,21.25,-1.625
gemma-2-2b,42,freq,desc,en,de,kurz,"The opposite of ""kurz"" is """,lang,0,16,22.875,21.0,-1.875
gemma-2-2b,42,freq,val,en,de,kurz,"The opposite of ""kurz"" is """,lang,0,16,22.875,20.125,-2.75
gemma-2-2b,42,freq,freq,en,de,kurz,"The opposite of ""kurz"" is """,lang,0,17,22.875,21.0,-1.875
gemma-2-2b,43,desc,desc,en,de,eng,"The opposite of ""eng"" is """,breit,6055,6055,14.9375,14.9375,0.0
gemma-2-2b,43,desc,val,en,de,eng,"The opposite of ""eng"" is """,breit,6055,8406,14.9375,12.1875,-2.75
gemma-2-2b,43,desc,freq,en,de,eng,"The opposite of ""eng"" is """,breit,6055,36982,14.9375,8.625,-6.3125
gemma-2-2b,43,val,desc,en,de,eng,"The opposite of ""eng"" is """,breit,6055,3979,14.9375,15.0,0.0625
gemma-2-2b,43,val,val,en,de,eng,"The opposite of ""eng"" is """,breit,6055,7701,14.9375,14.3125,-0.625
gemma-2-2b,43,val,freq,en,de,eng,"The opposite of ""eng"" is """,breit,6055,32841,14.9375,8.625,-6.3125
gemma-2-2b,43,freq,desc,en,de,eng,"The opposite of ""eng"" is """,breit,6055,9190,14.9375,13.6875,-1.25
gemma-2-2b,43,freq,val,en,de,eng,"The opposite of ""eng"" is """,breit,6055,13861,14.9375,10.1875,-4.75
gemma-2-2b,43,freq,freq,en,de,eng,"The opposite of ""eng"" is """,breit,6055,8621,14.9375,13.9375,-1.0
gemma-2-2b,44,desc,desc,en,de,weich,"The opposite of ""weich"" is """,hart,0,7,20.25,20.125,-0.125
gemma-2-2b,44,desc,val,en,de,weich,"The opposite of ""weich"" is """,hart,0,7,20.25,18.875,-1.375
gemma-2-2b,44,desc,freq,en,de,weich,"The opposite of ""weich"" is """,hart,0,26,20.25,15.6875,-4.5625
gemma-2-2b,44,val,desc,en,de,weich,"The opposite of ""weich"" is """,hart,0,7,20.25,19.5,-0.75
gemma-2-2b,44,val,val,en,de,weich,"The opposite of ""weich"" is """,hart,0,5,20.25,21.125,0.875
gemma-2-2b,44,val,freq,en,de,weich,"The opposite of ""weich"" is """,hart,0,46,20.25,15.375,-4.875
gemma-2-2b,44,freq,desc,en,de,weich,"The opposite of ""weich"" is """,hart,0,17,20.25,19.125,-1.125
gemma-2-2b,44,freq,val,en,de,weich,"The opposite of ""weich"" is """,hart,0,13,20.25,18.25,-2.0
gemma-2-2b,44,freq,freq,en,de,weich,"The opposite of ""weich"" is """,hart,0,14,20.25,19.75,-0.5
gemma-2-2b,45,desc,desc,en,de,nass,"The opposite of ""nass"" is """,trocken,4283,4283,16.0,16.0,0.0
gemma-2-2b,45,desc,val,en,de,nass,"The opposite of ""nass"" is """,trocken,4283,5316,16.0,13.8125,-2.1875
gemma-2-2b,45,desc,freq,en,de,nass,"The opposite of ""nass"" is """,trocken,4283,1019,16.0,17.0,1.0
gemma-2-2b,45,val,desc,en,de,nass,"The opposite of ""nass"" is """,trocken,4283,4827,16.0,15.25,-0.75
gemma-2-2b,45,val,val,en,de,nass,"The opposite of ""nass"" is """,trocken,4283,4722,16.0,15.8125,-0.1875
gemma-2-2b,45,val,freq,en,de,nass,"The opposite of ""nass"" is """,trocken,4283,742,16.0,17.0,1.0
gemma-2-2b,45,freq,desc,en,de,nass,"The opposite of ""nass"" is """,trocken,4283,6167,16.0,15.25,-0.75
gemma-2-2b,45,freq,val,en,de,nass,"The opposite of ""nass"" is """,trocken,4283,4919,16.0,13.1875,-2.8125
gemma-2-2b,45,freq,freq,en,de,nass,"The opposite of ""nass"" is """,trocken,4283,5081,16.0,15.5625,-0.4375
gemma-2-2b,46,desc,desc,en,de,leise,"The opposite of ""leise"" is """,laut,0,6,21.125,20.5,-0.625
gemma-2-2b,46,desc,val,en,de,leise,"The opposite of ""leise"" is """,laut,0,9,21.125,19.125,-2.0
gemma-2-2b,46,desc,freq,en,de,leise,"The opposite of ""leise"" is """,laut,0,48,21.125,16.75,-4.375
gemma-2-2b,46,val,desc,en,de,leise,"The opposite of ""leise"" is """,laut,0,1,21.125,21.875,0.75
gemma-2-2b,46,val,val,en,de,leise,"The opposite of ""leise"" is """,laut,0,4,21.125,22.0,0.875
gemma-2-2b,46,val,freq,en,de,leise,"The opposite of ""leise"" is """,laut,0,31,21.125,17.5,-3.625
gemma-2-2b,46,freq,desc,en,de,leise,"The opposite of ""leise"" is """,laut,0,7,21.125,21.0,-0.125
gemma-2-2b,46,freq,val,en,de,leise,"The opposite of ""leise"" is """,laut,0,19,21.125,19.125,-2.0
gemma-2-2b,46,freq,freq,en,de,leise,"The opposite of ""leise"" is """,laut,0,11,21.125,20.875,-0.25
gemma-2-2b,47,desc,desc,en,de,spät,"The opposite of ""spät"" is """,früh,0,5,21.75,20.375,-1.375
gemma-2-2b,47,desc,val,en,de,spät,"The opposite of ""spät"" is """,früh,0,4,21.75,19.875,-1.875
gemma-2-2b,47,desc,freq,en,de,spät,"The opposite of ""spät"" is """,früh,0,15,21.75,17.5,-4.25
gemma-2-2b,47,val,desc,en,de,spät,"The opposite of ""spät"" is """,früh,0,1,21.75,22.25,0.5
gemma-2-2b,47,val,val,en,de,spät,"The opposite of ""spät"" is """,früh,0,4,21.75,21.875,0.125
gemma-2-2b,47,val,freq,en,de,spät,"The opposite of ""spät"" is """,früh,0,8,21.75,18.25,-3.5
gemma-2-2b,47,freq,desc,en,de,spät,"The opposite of ""spät"" is """,früh,0,9,21.75,20.25,-1.5
gemma-2-2b,47,freq,val,en,de,spät,"The opposite of ""spät"" is """,früh,0,8,21.75,19.25,-2.5
gemma-2-2b,47,freq,freq,en,de,spät,"The opposite of ""spät"" is """,früh,0,9,21.75,20.125,-1.625
gemma-2-2b,48,desc,desc,en,de,fern,"The opposite of ""fern"" is """,nah,21406,21406,9.125,9.125,0.0
gemma-2-2b,48,desc,val,en,de,fern,"The opposite of ""fern"" is """,nah,21406,26222,9.125,6.5,-2.625
gemma-2-2b,48,desc,freq,en,de,fern,"The opposite of ""fern"" is """,nah,21406,19683,9.125,8.0625,-1.0625
gemma-2-2b,48,val,desc,en,de,fern,"The opposite of ""fern"" is """,nah,21406,8099,9.125,12.0625,2.9375
gemma-2-2b,48,val,val,en,de,fern,"The opposite of ""fern"" is """,nah,21406,22513,9.125,8.9375,-0.1875
gemma-2-2b,48,val,freq,en,de,fern,"The opposite of ""fern"" is """,nah,21406,5469,9.125,12.1875,3.0625
gemma-2-2b,48,freq,desc,en,de,fern,"The opposite of ""fern"" is """,nah,21406,26922,9.125,8.375,-0.75
gemma-2-2b,48,freq,val,en,de,fern,"The opposite of ""fern"" is """,nah,21406,29135,9.125,5.625,-3.5
gemma-2-2b,48,freq,freq,en,de,fern,"The opposite of ""fern"" is """,nah,21406,24401,9.125,8.8125,-0.3125
gemma-2-2b,49,desc,desc,en,de,flach,"The opposite of ""flach"" is """,hoch,3,6,20.25,21.625,1.375
gemma-2-2b,49,desc,val,en,de,flach,"The opposite of ""flach"" is """,hoch,3,7,20.25,20.75,0.5
gemma-2-2b,49,desc,freq,en,de,flach,"The opposite of ""flach"" is """,hoch,3,6,20.25,19.75,-0.5
gemma-2-2b,49,val,desc,en,de,flach,"The opposite of ""flach"" is """,hoch,3,0,20.25,23.5,3.25
gemma-2-2b,49,val,val,en,de,flach,"The opposite of ""flach"" is """,hoch,3,2,20.25,23.125,2.875
gemma-2-2b,49,val,freq,en,de,flach,"The opposite of ""flach"" is """,hoch,3,0,20.25,21.0,0.75
gemma-2-2b,49,freq,desc,en,de,flach,"The opposite of ""flach"" is """,hoch,3,10,20.25,21.75,1.5
gemma-2-2b,49,freq,val,en,de,flach,"The opposite of ""flach"" is """,hoch,3,18,20.25,20.25,0.0
gemma-2-2b,49,freq,freq,en,de,flach,"The opposite of ""flach"" is """,hoch,3,18,20.25,21.5,1.25
gemma-2-2b,50,desc,desc,en,de,jung,"The opposite of ""jung"" is """,alt,437,481,19.125,19.0,-0.125
gemma-2-2b,50,desc,val,en,de,jung,"The opposite of ""jung"" is """,alt,437,433,19.125,17.75,-1.375
gemma-2-2b,50,desc,freq,en,de,jung,"The opposite of ""jung"" is """,alt,437,211,19.125,18.25,-0.875
gemma-2-2b,50,val,desc,en,de,jung,"The opposite of ""jung"" is """,alt,437,114,19.125,20.375,1.25
gemma-2-2b,50,val,val,en,de,jung,"The opposite of ""jung"" is """,alt,437,535,19.125,19.375,0.25
gemma-2-2b,50,val,freq,en,de,jung,"The opposite of ""jung"" is """,alt,437,119,19.125,18.875,-0.25
gemma-2-2b,50,freq,desc,en,de,jung,"The opposite of ""jung"" is """,alt,437,516,19.125,18.875,-0.25
gemma-2-2b,50,freq,val,en,de,jung,"The opposite of ""jung"" is """,alt,437,449,19.125,17.25,-1.875
gemma-2-2b,50,freq,freq,en,de,jung,"The opposite of ""jung"" is """,alt,437,525,19.125,18.875,-0.25
gemma-2-2b,51,desc,desc,en,de,freundlich,"The opposite of ""freundlich"" is """,unfreundlich,0,0,21.5,22.625,1.125
gemma-2-2b,51,desc,val,en,de,freundlich,"The opposite of ""freundlich"" is """,unfreundlich,0,0,21.5,21.625,0.125
gemma-2-2b,51,desc,freq,en,de,freundlich,"The opposite of ""freundlich"" is """,unfreundlich,0,15,21.5,18.25,-3.25
gemma-2-2b,51,val,desc,en,de,freundlich,"The opposite of ""freundlich"" is """,unfreundlich,0,1,21.5,21.75,0.25
gemma-2-2b,51,val,val,en,de,freundlich,"The opposite of ""freundlich"" is """,unfreundlich,0,0,21.5,23.125,1.625
gemma-2-2b,51,val,freq,en,de,freundlich,"The opposite of ""freundlich"" is """,unfreundlich,0,13,21.5,18.5,-3.0
gemma-2-2b,51,freq,desc,en,de,freundlich,"The opposite of ""freundlich"" is """,unfreundlich,0,0,21.5,23.25,1.75
gemma-2-2b,51,freq,val,en,de,freundlich,"The opposite of ""freundlich"" is """,unfreundlich,0,1,21.5,22.5,1.0
gemma-2-2b,51,freq,freq,en,de,freundlich,"The opposite of ""freundlich"" is """,unfreundlich,0,0,21.5,23.5,2.0
gemma-2-2b,52,desc,desc,en,de,mutig,"The opposite of ""mutig"" is """,feige,73,182,19.75,19.625,-0.125
gemma-2-2b,52,desc,val,en,de,mutig,"The opposite of ""mutig"" is """,feige,73,209,19.75,18.125,-1.625
gemma-2-2b,52,desc,freq,en,de,mutig,"The opposite of ""mutig"" is """,feige,73,645,19.75,16.5,-3.25
gemma-2-2b,52,val,desc,en,de,mutig,"The opposite of ""mutig"" is """,feige,73,121,19.75,20.0,0.25
gemma-2-2b,52,val,val,en,de,mutig,"The opposite of ""mutig"" is """,feige,73,108,19.75,21.125,1.375
gemma-2-2b,52,val,freq,en,de,mutig,"The opposite of ""mutig"" is """,feige,73,303,19.75,17.375,-2.375
gemma-2-2b,52,freq,desc,en,de,mutig,"The opposite of ""mutig"" is """,feige,73,159,19.75,20.0,0.25
gemma-2-2b,52,freq,val,en,de,mutig,"The opposite of ""mutig"" is """,feige,73,170,19.75,18.5,-1.25
gemma-2-2b,52,freq,freq,en,de,mutig,"The opposite of ""mutig"" is """,feige,73,175,19.75,19.875,0.125
gemma-2-2b,53,desc,desc,en,de,weise,"The opposite of ""weise"" is """,dumm,2,27,21.25,21.75,0.5
gemma-2-2b,53,desc,val,en,de,weise,"The opposite of ""weise"" is """,dumm,2,30,21.25,20.75,-0.5
gemma-2-2b,53,desc,freq,en,de,weise,"The opposite of ""weise"" is """,dumm,2,10,21.25,20.375,-0.875
gemma-2-2b,53,val,desc,en,de,weise,"The opposite of ""weise"" is """,dumm,2,20,21.25,21.625,0.375
gemma-2-2b,53,val,val,en,de,weise,"The opposite of ""weise"" is """,dumm,2,10,21.25,22.875,1.625
gemma-2-2b,53,val,freq,en,de,weise,"The opposite of ""weise"" is """,dumm,2,5,21.25,21.125,-0.125
gemma-2-2b,53,freq,desc,en,de,weise,"The opposite of ""weise"" is """,dumm,2,34,21.25,21.875,0.625
gemma-2-2b,53,freq,val,en,de,weise,"The opposite of ""weise"" is """,dumm,2,26,21.25,21.0,-0.25
gemma-2-2b,53,freq,freq,en,de,weise,"The opposite of ""weise"" is """,dumm,2,34,21.25,21.875,0.625
gemma-2-2b,54,desc,desc,en,de,höflich,"The opposite of ""höflich"" is """,unhöflich,0,1,21.875,22.875,1.0
gemma-2-2b,54,desc,val,en,de,höflich,"The opposite of ""höflich"" is """,unhöflich,0,1,21.875,21.875,0.0
gemma-2-2b,54,desc,freq,en,de,höflich,"The opposite of ""höflich"" is """,unhöflich,0,23,21.875,19.25,-2.625
gemma-2-2b,54,val,desc,en,de,höflich,"The opposite of ""höflich"" is """,unhöflich,0,1,21.875,22.375,0.5
gemma-2-2b,54,val,val,en,de,höflich,"The opposite of ""höflich"" is """,unhöflich,0,1,21.875,23.375,1.5
gemma-2-2b,54,val,freq,en,de,höflich,"The opposite of ""höflich"" is """,unhöflich,0,20,21.875,19.25,-2.625
gemma-2-2b,54,freq,desc,en,de,höflich,"The opposite of ""höflich"" is """,unhöflich,0,0,21.875,23.5,1.625
gemma-2-2b,54,freq,val,en,de,höflich,"The opposite of ""höflich"" is """,unhöflich,0,0,21.875,22.5,0.625
gemma-2-2b,54,freq,freq,en,de,höflich,"The opposite of ""höflich"" is """,unhöflich,0,0,21.875,23.5,1.625
gemma-2-2b,55,desc,desc,en,de,geduldig,"The opposite of ""geduldig"" is """,ungeduldig,1,11,19.5,21.0,1.5
gemma-2-2b,55,desc,val,en,de,geduldig,"The opposite of ""geduldig"" is """,ungeduldig,1,12,19.5,19.875,0.375
gemma-2-2b,55,desc,freq,en,de,geduldig,"The opposite of ""geduldig"" is """,ungeduldig,1,8,19.5,19.875,0.375
gemma-2-2b,55,val,desc,en,de,geduldig,"The opposite of ""geduldig"" is """,ungeduldig,1,50,19.5,20.0,0.5
gemma-2-2b,55,val,val,en,de,geduldig,"The opposite of ""geduldig"" is """,ungeduldig,1,14,19.5,21.625,2.125
gemma-2-2b,55,val,freq,en,de,geduldig,"The opposite of ""geduldig"" is """,ungeduldig,1,41,19.5,18.75,-0.75
gemma-2-2b,55,freq,desc,en,de,geduldig,"The opposite of ""geduldig"" is """,ungeduldig,1,10,19.5,21.75,2.25
gemma-2-2b,55,freq,val,en,de,geduldig,"The opposite of ""geduldig"" is """,ungeduldig,1,16,19.5,20.375,0.875
gemma-2-2b,55,freq,freq,en,de,geduldig,"The opposite of ""geduldig"" is """,ungeduldig,1,11,19.5,21.625,2.125
gemma-2-2b,56,desc,desc,en,de,ehrlich,"The opposite of ""ehrlich"" is """,unehrlich,2,2,20.125,21.5,1.375
gemma-2-2b,56,desc,val,en,de,ehrlich,"The opposite of ""ehrlich"" is """,unehrlich,2,3,20.125,20.25,0.125
gemma-2-2b,56,desc,freq,en,de,ehrlich,"The opposite of ""ehrlich"" is """,unehrlich,2,119,20.125,16.5,-3.625
gemma-2-2b,56,val,desc,en,de,ehrlich,"The opposite of ""ehrlich"" is """,unehrlich,2,12,20.125,20.375,0.25
gemma-2-2b,56,val,val,en,de,ehrlich,"The opposite of ""ehrlich"" is """,unehrlich,2,1,20.125,22.5,2.375
gemma-2-2b,56,val,freq,en,de,ehrlich,"The opposite of ""ehrlich"" is """,unehrlich,2,210,20.125,15.5625,-4.5625
gemma-2-2b,56,freq,desc,en,de,ehrlich,"The opposite of ""ehrlich"" is """,unehrlich,2,8,20.125,21.625,1.5
gemma-2-2b,56,freq,val,en,de,ehrlich,"The opposite of ""ehrlich"" is """,unehrlich,2,8,20.125,20.375,0.25
gemma-2-2b,56,freq,freq,en,de,ehrlich,"The opposite of ""ehrlich"" is """,unehrlich,2,4,20.125,21.875,1.75
gemma-2-2b,57,desc,desc,en,de,sicher,"The opposite of ""sicher"" is """,unsicher,0,0,24.125,24.0,-0.125
gemma-2-2b,57,desc,val,en,de,sicher,"The opposite of ""sicher"" is """,unsicher,0,0,24.125,23.25,-0.875
gemma-2-2b,57,desc,freq,en,de,sicher,"The opposite of ""sicher"" is """,unsicher,0,4,24.125,19.75,-4.375
gemma-2-2b,57,val,desc,en,de,sicher,"The opposite of ""sicher"" is """,unsicher,0,0,24.125,24.75,0.625
gemma-2-2b,57,val,val,en,de,sicher,"The opposite of ""sicher"" is """,unsicher,0,0,24.125,25.25,1.125
gemma-2-2b,57,val,freq,en,de,sicher,"The opposite of ""sicher"" is """,unsicher,0,2,24.125,21.5,-2.625
gemma-2-2b,57,freq,desc,en,de,sicher,"The opposite of ""sicher"" is """,unsicher,0,0,24.125,24.875,0.75
gemma-2-2b,57,freq,val,en,de,sicher,"The opposite of ""sicher"" is """,unsicher,0,0,24.125,24.5,0.375
gemma-2-2b,57,freq,freq,en,de,sicher,"The opposite of ""sicher"" is """,unsicher,0,0,24.125,25.0,0.875
gemma-2-2b,58,desc,desc,en,de,aktiv,"The opposite of ""aktiv"" is """,passiv,0,0,24.25,24.5,0.25
gemma-2-2b,58,desc,val,en,de,aktiv,"The opposite of ""aktiv"" is """,passiv,0,0,24.25,24.125,-0.125
gemma-2-2b,58,desc,freq,en,de,aktiv,"The opposite of ""aktiv"" is """,passiv,0,0,24.25,23.875,-0.375
gemma-2-2b,58,val,desc,en,de,aktiv,"The opposite of ""aktiv"" is """,passiv,0,0,24.25,25.625,1.375
gemma-2-2b,58,val,val,en,de,aktiv,"The opposite of ""aktiv"" is """,passiv,0,0,24.25,25.625,1.375
gemma-2-2b,58,val,freq,en,de,aktiv,"The opposite of ""aktiv"" is """,passiv,0,0,24.25,24.25,0.0
gemma-2-2b,58,freq,desc,en,de,aktiv,"The opposite of ""aktiv"" is """,passiv,0,0,24.25,25.0,0.75
gemma-2-2b,58,freq,val,en,de,aktiv,"The opposite of ""aktiv"" is """,passiv,0,0,24.25,24.5,0.25
gemma-2-2b,58,freq,freq,en,de,aktiv,"The opposite of ""aktiv"" is """,passiv,0,0,24.25,24.875,0.625
gemma-2-2b,59,desc,desc,en,de,gerade,"The opposite of ""gerade"" is """,gebogen,234,640,11.25,12.75,1.5
gemma-2-2b,59,desc,val,en,de,gerade,"The opposite of ""gerade"" is """,gebogen,234,1581,11.25,9.875,-1.375
gemma-2-2b,59,desc,freq,en,de,gerade,"The opposite of ""gerade"" is """,gebogen,234,2810,11.25,7.25,-4.0
gemma-2-2b,59,val,desc,en,de,gerade,"The opposite of ""gerade"" is """,gebogen,234,302,11.25,13.4375,2.1875
gemma-2-2b,59,val,val,en,de,gerade,"The opposite of ""gerade"" is """,gebogen,234,596,11.25,13.4375,2.1875
gemma-2-2b,59,val,freq,en,de,gerade,"The opposite of ""gerade"" is """,gebogen,234,399,11.25,10.6875,-0.5625
gemma-2-2b,59,freq,desc,en,de,gerade,"The opposite of ""gerade"" is """,gebogen,234,1140,11.25,10.875,-0.375
gemma-2-2b,59,freq,val,en,de,gerade,"The opposite of ""gerade"" is """,gebogen,234,911,11.25,9.875,-1.375
gemma-2-2b,59,freq,freq,en,de,gerade,"The opposite of ""gerade"" is """,gebogen,234,847,11.25,11.75,0.5
gemma-2-2b,60,desc,desc,en,de,ganz,"The opposite of ""ganz"" is """,teilweise,10,70,20.375,20.875,0.5
gemma-2-2b,60,desc,val,en,de,ganz,"The opposite of ""ganz"" is """,teilweise,10,85,20.375,19.625,-0.75
gemma-2-2b,60,desc,freq,en,de,ganz,"The opposite of ""ganz"" is """,teilweise,10,248,20.375,17.375,-3.0
gemma-2-2b,60,val,desc,en,de,ganz,"The opposite of ""ganz"" is """,teilweise,10,32,20.375,20.875,0.5
gemma-2-2b,60,val,val,en,de,ganz,"The opposite of ""ganz"" is """,teilweise,10,100,20.375,21.25,0.875
gemma-2-2b,60,val,freq,en,de,ganz,"The opposite of ""ganz"" is """,teilweise,10,116,20.375,18.25,-2.125
gemma-2-2b,60,freq,desc,en,de,ganz,"The opposite of ""ganz"" is """,teilweise,10,76,20.375,20.875,0.5
gemma-2-2b,60,freq,val,en,de,ganz,"The opposite of ""ganz"" is """,teilweise,10,123,20.375,19.0,-1.375
gemma-2-2b,60,freq,freq,en,de,ganz,"The opposite of ""ganz"" is """,teilweise,10,78,20.375,20.875,0.5
gemma-2-2b,61,desc,desc,en,de,ruhig,"The opposite of ""ruhig"" is """,stürmisch,11,68,17.5,19.125,1.625
gemma-2-2b,61,desc,val,en,de,ruhig,"The opposite of ""ruhig"" is """,stürmisch,11,80,17.5,17.625,0.125
gemma-2-2b,61,desc,freq,en,de,ruhig,"The opposite of ""ruhig"" is """,stürmisch,11,67,17.5,17.0,-0.5
gemma-2-2b,61,val,desc,en,de,ruhig,"The opposite of ""ruhig"" is """,stürmisch,11,37,17.5,19.25,1.75
gemma-2-2b,61,val,val,en,de,ruhig,"The opposite of ""ruhig"" is """,stürmisch,11,51,17.5,19.875,2.375
gemma-2-2b,61,val,freq,en,de,ruhig,"The opposite of ""ruhig"" is """,stürmisch,11,33,17.5,17.75,0.25
gemma-2-2b,61,freq,desc,en,de,ruhig,"The opposite of ""ruhig"" is """,stürmisch,11,71,17.5,19.375,1.875
gemma-2-2b,61,freq,val,en,de,ruhig,"The opposite of ""ruhig"" is """,stürmisch,11,55,17.5,17.875,0.375
gemma-2-2b,61,freq,freq,en,de,ruhig,"The opposite of ""ruhig"" is """,stürmisch,11,67,17.5,19.375,1.875
gemma-2-2b,62,desc,desc,en,de,richtig,"The opposite of ""richtig"" is """,falsch,0,0,21.375,20.625,-0.75
gemma-2-2b,62,desc,val,en,de,richtig,"The opposite of ""richtig"" is """,falsch,0,0,21.375,19.75,-1.625
gemma-2-2b,62,desc,freq,en,de,richtig,"The opposite of ""richtig"" is """,falsch,0,0,21.375,15.8125,-5.5625
gemma-2-2b,62,val,desc,en,de,richtig,"The opposite of ""richtig"" is """,falsch,0,0,21.375,22.5,1.125
gemma-2-2b,62,val,val,en,de,richtig,"The opposite of ""richtig"" is """,falsch,0,0,21.375,22.5,1.125
gemma-2-2b,62,val,freq,en,de,richtig,"The opposite of ""richtig"" is """,falsch,0,0,21.375,18.875,-2.5
gemma-2-2b,62,freq,desc,en,de,richtig,"The opposite of ""richtig"" is """,falsch,0,1,21.375,19.25,-2.125
gemma-2-2b,62,freq,val,en,de,richtig,"The opposite of ""richtig"" is """,falsch,0,2,21.375,19.125,-2.25
gemma-2-2b,62,freq,freq,en,de,richtig,"The opposite of ""richtig"" is """,falsch,0,2,21.375,19.625,-1.75
gemma-2-2b,63,desc,desc,en,de,komplex,"The opposite of ""komplex"" is """,einfach,2,12,22.0,21.125,-0.875
gemma-2-2b,63,desc,val,en,de,komplex,"The opposite of ""komplex"" is """,einfach,2,7,22.0,20.375,-1.625
gemma-2-2b,63,desc,freq,en,de,komplex,"The opposite of ""komplex"" is """,einfach,2,10,22.0,19.25,-2.75
gemma-2-2b,63,val,desc,en,de,komplex,"The opposite of ""komplex"" is """,einfach,2,3,22.0,22.625,0.625
gemma-2-2b,63,val,val,en,de,komplex,"The opposite of ""komplex"" is """,einfach,2,7,22.0,22.375,0.375
gemma-2-2b,63,val,freq,en,de,komplex,"The opposite of ""komplex"" is """,einfach,2,11,22.0,19.125,-2.875
gemma-2-2b,63,freq,desc,en,de,komplex,"The opposite of ""komplex"" is """,einfach,2,8,22.0,21.875,-0.125
gemma-2-2b,63,freq,val,en,de,komplex,"The opposite of ""komplex"" is """,einfach,2,11,22.0,20.875,-1.125
gemma-2-2b,63,freq,freq,en,de,komplex,"The opposite of ""komplex"" is """,einfach,2,8,22.0,21.75,-0.25
gemma-2-2b,64,desc,desc,en,de,effektiv,"The opposite of ""effektiv"" is """,ineffektiv,1,1,22.75,23.5,0.75
gemma-2-2b,64,desc,val,en,de,effektiv,"The opposite of ""effektiv"" is """,ineffektiv,1,0,22.75,23.5,0.75
gemma-2-2b,64,desc,freq,en,de,effektiv,"The opposite of ""effektiv"" is """,ineffektiv,1,1,22.75,21.875,-0.875
gemma-2-2b,64,val,desc,en,de,effektiv,"The opposite of ""effektiv"" is """,ineffektiv,1,1,22.75,24.25,1.5
gemma-2-2b,64,val,val,en,de,effektiv,"The opposite of ""effektiv"" is """,ineffektiv,1,1,22.75,24.5,1.75
gemma-2-2b,64,val,freq,en,de,effektiv,"The opposite of ""effektiv"" is """,ineffektiv,1,1,22.75,22.5,-0.25
gemma-2-2b,64,freq,desc,en,de,effektiv,"The opposite of ""effektiv"" is """,ineffektiv,1,1,22.75,24.75,2.0
gemma-2-2b,64,freq,val,en,de,effektiv,"The opposite of ""effektiv"" is """,ineffektiv,1,1,22.75,24.5,1.75
gemma-2-2b,64,freq,freq,en,de,effektiv,"The opposite of ""effektiv"" is """,ineffektiv,1,1,22.75,24.875,2.125
gemma-2-2b,65,desc,desc,en,de,berühmt,"The opposite of ""berühmt"" is """,unbekannt,0,0,20.375,22.375,2.0
gemma-2-2b,65,desc,val,en,de,berühmt,"The opposite of ""berühmt"" is """,unbekannt,0,0,20.375,21.375,1.0
gemma-2-2b,65,desc,freq,en,de,berühmt,"The opposite of ""berühmt"" is """,unbekannt,0,10,20.375,18.0,-2.375
gemma-2-2b,65,val,desc,en,de,berühmt,"The opposite of ""berühmt"" is """,unbekannt,0,0,20.375,21.875,1.5
gemma-2-2b,65,val,val,en,de,berühmt,"The opposite of ""berühmt"" is """,unbekannt,0,0,20.375,22.875,2.5
gemma-2-2b,65,val,freq,en,de,berühmt,"The opposite of ""berühmt"" is """,unbekannt,0,25,20.375,18.0,-2.375
gemma-2-2b,65,freq,desc,en,de,berühmt,"The opposite of ""berühmt"" is """,unbekannt,0,0,20.375,22.625,2.25
gemma-2-2b,65,freq,val,en,de,berühmt,"The opposite of ""berühmt"" is """,unbekannt,0,0,20.375,21.625,1.25
gemma-2-2b,65,freq,freq,en,de,berühmt,"The opposite of ""berühmt"" is """,unbekannt,0,0,20.375,22.75,2.375
gemma-2-2b,66,desc,desc,en,de,großzügig,"The opposite of ""großzügig"" is """,geizig,43,215,16.75,18.125,1.375
gemma-2-2b,66,desc,val,en,de,großzügig,"The opposite of ""großzügig"" is """,geizig,43,376,16.75,15.9375,-0.8125
gemma-2-2b,66,desc,freq,en,de,großzügig,"The opposite of ""großzügig"" is """,geizig,43,2333,16.75,13.1875,-3.5625
gemma-2-2b,66,val,desc,en,de,großzügig,"The opposite of ""großzügig"" is """,geizig,43,21,16.75,20.125,3.375
gemma-2-2b,66,val,val,en,de,großzügig,"The opposite of ""großzügig"" is """,geizig,43,111,16.75,19.25,2.5
gemma-2-2b,66,val,freq,en,de,großzügig,"The opposite of ""großzügig"" is """,geizig,43,195,16.75,16.375,-0.375
gemma-2-2b,66,freq,desc,en,de,großzügig,"The opposite of ""großzügig"" is """,geizig,43,261,16.75,18.125,1.375
gemma-2-2b,66,freq,val,en,de,großzügig,"The opposite of ""großzügig"" is """,geizig,43,215,16.75,16.5,-0.25
gemma-2-2b,66,freq,freq,en,de,großzügig,"The opposite of ""großzügig"" is """,geizig,43,304,16.75,18.0,1.25
gemma-2-2b,67,desc,desc,en,de,zufrieden,"The opposite of ""zufrieden"" is """,unzufrieden,0,0,23.0,24.0,1.0
gemma-2-2b,67,desc,val,en,de,zufrieden,"The opposite of ""zufrieden"" is """,unzufrieden,0,0,23.0,23.375,0.375
gemma-2-2b,67,desc,freq,en,de,zufrieden,"The opposite of ""zufrieden"" is """,unzufrieden,0,1,23.0,20.25,-2.75
gemma-2-2b,67,val,desc,en,de,zufrieden,"The opposite of ""zufrieden"" is """,unzufrieden,0,0,23.0,23.875,0.875
gemma-2-2b,67,val,val,en,de,zufrieden,"The opposite of ""zufrieden"" is """,unzufrieden,0,0,23.0,24.625,1.625
gemma-2-2b,67,val,freq,en,de,zufrieden,"The opposite of ""zufrieden"" is """,unzufrieden,0,1,23.0,21.125,-1.875
gemma-2-2b,67,freq,desc,en,de,zufrieden,"The opposite of ""zufrieden"" is """,unzufrieden,0,0,23.0,24.75,1.75
gemma-2-2b,67,freq,val,en,de,zufrieden,"The opposite of ""zufrieden"" is """,unzufrieden,0,0,23.0,24.125,1.125
gemma-2-2b,67,freq,freq,en,de,zufrieden,"The opposite of ""zufrieden"" is """,unzufrieden,0,0,23.0,24.875,1.875
gemma-2-2b,68,desc,desc,en,de,gesund,"The opposite of ""gesund"" is """,krank,0,1,21.125,21.0,-0.125
gemma-2-2b,68,desc,val,en,de,gesund,"The opposite of ""gesund"" is """,krank,0,1,21.125,18.25,-2.875
gemma-2-2b,68,desc,freq,en,de,gesund,"The opposite of ""gesund"" is """,krank,0,1,21.125,17.75,-3.375
gemma-2-2b,68,val,desc,en,de,gesund,"The opposite of ""gesund"" is """,krank,0,1,21.125,21.25,0.125
gemma-2-2b,68,val,val,en,de,gesund,"The opposite of ""gesund"" is """,krank,0,1,21.125,21.375,0.25
gemma-2-2b,68,val,freq,en,de,gesund,"The opposite of ""gesund"" is """,krank,0,4,21.125,18.25,-2.875
gemma-2-2b,68,freq,desc,en,de,gesund,"The opposite of ""gesund"" is """,krank,0,1,21.125,20.875,-0.25
gemma-2-2b,68,freq,val,en,de,gesund,"The opposite of ""gesund"" is """,krank,0,1,21.125,18.25,-2.875
gemma-2-2b,68,freq,freq,en,de,gesund,"The opposite of ""gesund"" is """,krank,0,1,21.125,20.875,-0.25
gemma-2-2b,69,desc,desc,en,de,hoch,"The opposite of ""hoch"" is """,niedrig,0,5,19.375,19.0,-0.375
gemma-2-2b,69,desc,val,en,de,hoch,"The opposite of ""hoch"" is """,niedrig,0,8,19.375,17.75,-1.625
gemma-2-2b,69,desc,freq,en,de,hoch,"The opposite of ""hoch"" is """,niedrig,0,39,19.375,13.75,-5.625
gemma-2-2b,69,val,desc,en,de,hoch,"The opposite of ""hoch"" is """,niedrig,0,2,19.375,20.0,0.625
gemma-2-2b,69,val,val,en,de,hoch,"The opposite of ""hoch"" is """,niedrig,0,4,19.375,20.625,1.25
gemma-2-2b,69,val,freq,en,de,hoch,"The opposite of ""hoch"" is """,niedrig,0,19,19.375,14.75,-4.625
gemma-2-2b,69,freq,desc,en,de,hoch,"The opposite of ""hoch"" is """,niedrig,0,15,19.375,18.25,-1.125
gemma-2-2b,69,freq,val,en,de,hoch,"The opposite of ""hoch"" is """,niedrig,0,9,19.375,18.375,-1.0
gemma-2-2b,69,freq,freq,en,de,hoch,"The opposite of ""hoch"" is """,niedrig,0,12,19.375,18.75,-0.625
gemma-2-2b,70,desc,desc,en,de,wichtig,"The opposite of ""wichtig"" is """,unwichtig,15,69,18.875,17.375,-1.5
gemma-2-2b,70,desc,val,en,de,wichtig,"The opposite of ""wichtig"" is """,unwichtig,15,48,18.875,16.5,-2.375
gemma-2-2b,70,desc,freq,en,de,wichtig,"The opposite of ""wichtig"" is """,unwichtig,15,43,18.875,17.125,-1.75
gemma-2-2b,70,val,desc,en,de,wichtig,"The opposite of ""wichtig"" is """,unwichtig,15,4,18.875,21.875,3.0
gemma-2-2b,70,val,val,en,de,wichtig,"The opposite of ""wichtig"" is """,unwichtig,15,41,18.875,18.625,-0.25
gemma-2-2b,70,val,freq,en,de,wichtig,"The opposite of ""wichtig"" is """,unwichtig,15,7,18.875,20.0,1.125
gemma-2-2b,70,freq,desc,en,de,wichtig,"The opposite of ""wichtig"" is """,unwichtig,15,22,18.875,18.875,0.0
gemma-2-2b,70,freq,val,en,de,wichtig,"The opposite of ""wichtig"" is """,unwichtig,15,25,18.875,17.125,-1.75
gemma-2-2b,70,freq,freq,en,de,wichtig,"The opposite of ""wichtig"" is """,unwichtig,15,33,18.875,18.5,-0.375
gemma-2-2b,71,desc,desc,en,de,unschuldig,"The opposite of ""unschuldig"" is """,schuldig,0,0,21.5,24.125,2.625
gemma-2-2b,71,desc,val,en,de,unschuldig,"The opposite of ""unschuldig"" is """,schuldig,0,0,21.5,23.25,1.75
gemma-2-2b,71,desc,freq,en,de,unschuldig,"The opposite of ""unschuldig"" is """,schuldig,0,0,21.5,21.75,0.25
gemma-2-2b,71,val,desc,en,de,unschuldig,"The opposite of ""unschuldig"" is """,schuldig,0,0,21.5,24.5,3.0
gemma-2-2b,71,val,val,en,de,unschuldig,"The opposite of ""unschuldig"" is """,schuldig,0,0,21.5,24.625,3.125
gemma-2-2b,71,val,freq,en,de,unschuldig,"The opposite of ""unschuldig"" is """,schuldig,0,0,21.5,22.5,1.0
gemma-2-2b,71,freq,desc,en,de,unschuldig,"The opposite of ""unschuldig"" is """,schuldig,0,0,21.5,24.625,3.125
gemma-2-2b,71,freq,val,en,de,unschuldig,"The opposite of ""unschuldig"" is """,schuldig,0,0,21.5,23.875,2.375
gemma-2-2b,71,freq,freq,en,de,unschuldig,"The opposite of ""unschuldig"" is """,schuldig,0,0,21.5,24.75,3.25
gemma-2-2b,72,desc,desc,en,de,bekannt,"The opposite of ""bekannt"" is """,unbekannt,0,1,22.875,23.5,0.625
gemma-2-2b,72,desc,val,en,de,bekannt,"The opposite of ""bekannt"" is """,unbekannt,0,0,22.875,22.75,-0.125
gemma-2-2b,72,desc,freq,en,de,bekannt,"The opposite of ""bekannt"" is """,unbekannt,0,8,22.875,19.625,-3.25
gemma-2-2b,72,val,desc,en,de,bekannt,"The opposite of ""bekannt"" is """,unbekannt,0,0,22.875,23.5,0.625
gemma-2-2b,72,val,val,en,de,bekannt,"The opposite of ""bekannt"" is """,unbekannt,0,0,22.875,24.25,1.375
gemma-2-2b,72,val,freq,en,de,bekannt,"The opposite of ""bekannt"" is """,unbekannt,0,8,22.875,19.75,-3.125
gemma-2-2b,72,freq,desc,en,de,bekannt,"The opposite of ""bekannt"" is """,unbekannt,0,0,22.875,23.875,1.0
gemma-2-2b,72,freq,val,en,de,bekannt,"The opposite of ""bekannt"" is """,unbekannt,0,0,22.875,23.125,0.25
gemma-2-2b,72,freq,freq,en,de,bekannt,"The opposite of ""bekannt"" is """,unbekannt,0,0,22.875,23.875,1.0
gemma-2-2b,73,desc,desc,en,de,männlich,"The opposite of ""männlich"" is """,weiblich,0,2,20.625,19.0,-1.625
gemma-2-2b,73,desc,val,en,de,männlich,"The opposite of ""männlich"" is """,weiblich,0,2,20.625,17.5,-3.125
gemma-2-2b,73,desc,freq,en,de,männlich,"The opposite of ""männlich"" is """,weiblich,0,17,20.625,11.8125,-8.8125
gemma-2-2b,73,val,desc,en,de,männlich,"The opposite of ""männlich"" is """,weiblich,0,0,20.625,20.75,0.125
gemma-2-2b,73,val,val,en,de,männlich,"The opposite of ""männlich"" is """,weiblich,0,2,20.625,21.125,0.5
gemma-2-2b,73,val,freq,en,de,männlich,"The opposite of ""männlich"" is """,weiblich,0,3,20.625,14.875,-5.75
gemma-2-2b,73,freq,desc,en,de,männlich,"The opposite of ""männlich"" is """,weiblich,0,3,20.625,18.625,-2.0
gemma-2-2b,73,freq,val,en,de,männlich,"The opposite of ""männlich"" is """,weiblich,0,7,20.625,17.375,-3.25
gemma-2-2b,73,freq,freq,en,de,männlich,"The opposite of ""männlich"" is """,weiblich,0,5,20.625,18.375,-2.25
gemma-2-2b,74,desc,desc,en,de,normal,"The opposite of ""normal"" is """,abnormal,0,0,26.25,26.25,0.0
gemma-2-2b,74,desc,val,en,de,normal,"The opposite of ""normal"" is """,abnormal,0,0,26.25,24.5,-1.75
gemma-2-2b,74,desc,freq,en,de,normal,"The opposite of ""normal"" is """,abnormal,0,0,26.25,23.875,-2.375
gemma-2-2b,74,val,desc,en,de,normal,"The opposite of ""normal"" is """,abnormal,0,0,26.25,25.625,-0.625
gemma-2-2b,74,val,val,en,de,normal,"The opposite of ""normal"" is """,abnormal,0,0,26.25,25.875,-0.375
gemma-2-2b,74,val,freq,en,de,normal,"The opposite of ""normal"" is """,abnormal,0,0,26.25,23.125,-3.125
gemma-2-2b,74,freq,desc,en,de,normal,"The opposite of ""normal"" is """,abnormal,0,0,26.25,26.625,0.375
gemma-2-2b,74,freq,val,en,de,normal,"The opposite of ""normal"" is """,abnormal,0,0,26.25,25.25,-1.0
gemma-2-2b,74,freq,freq,en,de,normal,"The opposite of ""normal"" is """,abnormal,0,0,26.25,26.625,0.375
gemma-2-2b,75,desc,desc,en,de,möglich,"The opposite of ""möglich"" is """,unmöglich,0,9,20.25,19.25,-1.0
gemma-2-2b,75,desc,val,en,de,möglich,"The opposite of ""möglich"" is """,unmöglich,0,7,20.25,18.25,-2.0
gemma-2-2b,75,desc,freq,en,de,möglich,"The opposite of ""möglich"" is """,unmöglich,0,50,20.25,12.625,-7.625
gemma-2-2b,75,val,desc,en,de,möglich,"The opposite of ""möglich"" is """,unmöglich,0,3,20.25,20.125,-0.125
gemma-2-2b,75,val,val,en,de,möglich,"The opposite of ""möglich"" is """,unmöglich,0,6,20.25,20.375,0.125
gemma-2-2b,75,val,freq,en,de,möglich,"The opposite of ""möglich"" is """,unmöglich,0,14,20.25,15.375,-4.875
gemma-2-2b,75,freq,desc,en,de,möglich,"The opposite of ""möglich"" is """,unmöglich,0,9,20.25,19.5,-0.75
gemma-2-2b,75,freq,val,en,de,möglich,"The opposite of ""möglich"" is """,unmöglich,0,8,20.25,19.125,-1.125
gemma-2-2b,75,freq,freq,en,de,möglich,"The opposite of ""möglich"" is """,unmöglich,0,8,20.25,19.75,-0.5
gemma-2-2b,76,desc,desc,en,de,privat,"The opposite of ""privat"" is """,öffentlich,5,6,22.125,22.0,-0.125
gemma-2-2b,76,desc,val,en,de,privat,"The opposite of ""privat"" is """,öffentlich,5,6,22.125,21.25,-0.875
gemma-2-2b,76,desc,freq,en,de,privat,"The opposite of ""privat"" is """,öffentlich,5,8,22.125,19.75,-2.375
gemma-2-2b,76,val,desc,en,de,privat,"The opposite of ""privat"" is """,öffentlich,5,3,22.125,24.125,2.0
gemma-2-2b,76,val,val,en,de,privat,"The opposite of ""privat"" is """,öffentlich,5,6,22.125,22.625,0.5
gemma-2-2b,76,val,freq,en,de,privat,"The opposite of ""privat"" is """,öffentlich,5,4,22.125,20.875,-1.25
gemma-2-2b,76,freq,desc,en,de,privat,"The opposite of ""privat"" is """,öffentlich,5,7,22.125,22.375,0.25
gemma-2-2b,76,freq,val,en,de,privat,"The opposite of ""privat"" is """,öffentlich,5,9,22.125,21.0,-1.125
gemma-2-2b,76,freq,freq,en,de,privat,"The opposite of ""privat"" is """,öffentlich,5,7,22.125,22.375,0.25
gemma-2-2b,77,desc,desc,en,de,richtig,"The opposite of ""richtig"" is """,falsch,0,0,21.375,20.625,-0.75
gemma-2-2b,77,desc,val,en,de,richtig,"The opposite of ""richtig"" is """,falsch,0,0,21.375,19.75,-1.625
gemma-2-2b,77,desc,freq,en,de,richtig,"The opposite of ""richtig"" is """,falsch,0,0,21.375,15.9375,-5.4375
gemma-2-2b,77,val,desc,en,de,richtig,"The opposite of ""richtig"" is """,falsch,0,0,21.375,22.5,1.125
gemma-2-2b,77,val,val,en,de,richtig,"The opposite of ""richtig"" is """,falsch,0,0,21.375,22.5,1.125
gemma-2-2b,77,val,freq,en,de,richtig,"The opposite of ""richtig"" is """,falsch,0,0,21.375,18.875,-2.5
gemma-2-2b,77,freq,desc,en,de,richtig,"The opposite of ""richtig"" is """,falsch,0,1,21.375,19.25,-2.125
gemma-2-2b,77,freq,val,en,de,richtig,"The opposite of ""richtig"" is """,falsch,0,2,21.375,19.125,-2.25
gemma-2-2b,77,freq,freq,en,de,richtig,"The opposite of ""richtig"" is """,falsch,0,2,21.375,19.625,-1.75
gemma-2-2b,78,desc,desc,en,de,einfach,"The opposite of ""einfach"" is """,komplex,0,11,21.5,21.0,-0.5
gemma-2-2b,78,desc,val,en,de,einfach,"The opposite of ""einfach"" is """,komplex,0,20,21.5,18.875,-2.625
gemma-2-2b,78,desc,freq,en,de,einfach,"The opposite of ""einfach"" is """,komplex,0,49,21.5,16.75,-4.75
gemma-2-2b,78,val,desc,en,de,einfach,"The opposite of ""einfach"" is """,komplex,0,0,21.5,22.875,1.375
gemma-2-2b,78,val,val,en,de,einfach,"The opposite of ""einfach"" is """,komplex,0,9,21.5,21.875,0.375
gemma-2-2b,78,val,freq,en,de,einfach,"The opposite of ""einfach"" is """,komplex,0,1,21.5,19.875,-1.625
gemma-2-2b,78,freq,desc,en,de,einfach,"The opposite of ""einfach"" is """,komplex,0,15,21.5,21.0,-0.5
gemma-2-2b,78,freq,val,en,de,einfach,"The opposite of ""einfach"" is """,komplex,0,15,21.5,19.875,-1.625
gemma-2-2b,78,freq,freq,en,de,einfach,"The opposite of ""einfach"" is """,komplex,0,12,21.5,21.25,-0.25
gemma-2-2b,79,desc,desc,en,de,süß,"The opposite of ""süß"" is """,sauer,0,1,17.375,19.25,1.875
gemma-2-2b,79,desc,val,en,de,süß,"The opposite of ""süß"" is """,sauer,0,0,17.375,18.125,0.75
gemma-2-2b,79,desc,freq,en,de,süß,"The opposite of ""süß"" is """,sauer,0,0,17.375,17.625,0.25
gemma-2-2b,79,val,desc,en,de,süß,"The opposite of ""süß"" is """,sauer,0,1,17.375,19.875,2.5
gemma-2-2b,79,val,val,en,de,süß,"The opposite of ""süß"" is """,sauer,0,1,17.375,20.25,2.875
gemma-2-2b,79,val,freq,en,de,süß,"The opposite of ""süß"" is """,sauer,0,0,17.375,17.75,0.375
gemma-2-2b,79,freq,desc,en,de,süß,"The opposite of ""süß"" is """,sauer,0,2,17.375,19.875,2.5
gemma-2-2b,79,freq,val,en,de,süß,"The opposite of ""süß"" is """,sauer,0,1,17.375,19.25,1.875
gemma-2-2b,79,freq,freq,en,de,süß,"The opposite of ""süß"" is """,sauer,0,2,17.375,20.125,2.75
gemma-2-2b,80,desc,desc,en,de,sichtbar,"The opposite of ""sichtbar"" is """,unsichtbar,0,36,22.875,19.25,-3.625
gemma-2-2b,80,desc,val,en,de,sichtbar,"The opposite of ""sichtbar"" is """,unsichtbar,0,29,22.875,18.125,-4.75
gemma-2-2b,80,desc,freq,en,de,sichtbar,"The opposite of ""sichtbar"" is """,unsichtbar,0,68,22.875,15.5625,-7.3125
gemma-2-2b,80,val,desc,en,de,sichtbar,"The opposite of ""sichtbar"" is """,unsichtbar,0,2,22.875,23.0,0.125
gemma-2-2b,80,val,val,en,de,sichtbar,"The opposite of ""sichtbar"" is """,unsichtbar,0,9,22.875,21.5,-1.375
gemma-2-2b,80,val,freq,en,de,sichtbar,"The opposite of ""sichtbar"" is """,unsichtbar,0,12,22.875,19.125,-3.75
gemma-2-2b,80,freq,desc,en,de,sichtbar,"The opposite of ""sichtbar"" is """,unsichtbar,0,33,22.875,19.75,-3.125
gemma-2-2b,80,freq,val,en,de,sichtbar,"The opposite of ""sichtbar"" is """,unsichtbar,0,28,22.875,19.125,-3.75
gemma-2-2b,80,freq,freq,en,de,sichtbar,"The opposite of ""sichtbar"" is """,unsichtbar,0,31,22.875,19.875,-3.0
gemma-2-2b,81,desc,desc,en,de,warm,"The opposite of ""warm"" is """,kalt,77,77,15.375,15.375,0.0
gemma-2-2b,81,desc,val,en,de,warm,"The opposite of ""warm"" is """,kalt,77,157,15.375,13.0625,-2.3125
gemma-2-2b,81,desc,freq,en,de,warm,"The opposite of ""warm"" is """,kalt,77,35,15.375,15.25,-0.125
gemma-2-2b,81,val,desc,en,de,warm,"The opposite of ""warm"" is """,kalt,77,7,15.375,20.375,5.0
gemma-2-2b,81,val,val,en,de,warm,"The opposite of ""warm"" is """,kalt,77,59,15.375,16.875,1.5
gemma-2-2b,81,val,freq,en,de,warm,"The opposite of ""warm"" is """,kalt,77,1,15.375,21.5,6.125
gemma-2-2b,81,freq,desc,en,de,warm,"The opposite of ""warm"" is """,kalt,77,64,15.375,15.375,0.0
gemma-2-2b,81,freq,val,en,de,warm,"The opposite of ""warm"" is """,kalt,77,62,15.375,14.9375,-0.4375
gemma-2-2b,81,freq,freq,en,de,warm,"The opposite of ""warm"" is """,kalt,77,56,15.375,15.5,0.125
gemma-2-2b,82,desc,desc,en,de,glatt,"The opposite of ""glatt"" is """,holprig,234,234,17.125,17.125,0.0
gemma-2-2b,82,desc,val,en,de,glatt,"The opposite of ""glatt"" is """,holprig,234,389,17.125,15.125,-2.0
gemma-2-2b,82,desc,freq,en,de,glatt,"The opposite of ""glatt"" is """,holprig,234,287,17.125,15.375,-1.75
gemma-2-2b,82,val,desc,en,de,glatt,"The opposite of ""glatt"" is """,holprig,234,299,17.125,17.125,0.0
gemma-2-2b,82,val,val,en,de,glatt,"The opposite of ""glatt"" is """,holprig,234,285,17.125,17.625,0.5
gemma-2-2b,82,val,freq,en,de,glatt,"The opposite of ""glatt"" is """,holprig,234,306,17.125,15.9375,-1.1875
gemma-2-2b,82,freq,desc,en,de,glatt,"The opposite of ""glatt"" is """,holprig,234,218,17.125,17.25,0.125
gemma-2-2b,82,freq,val,en,de,glatt,"The opposite of ""glatt"" is """,holprig,234,267,17.125,15.375,-1.75
gemma-2-2b,82,freq,freq,en,de,glatt,"The opposite of ""glatt"" is """,holprig,234,271,17.125,17.0,-0.125
gemma-2-2b,83,desc,desc,en,de,dünn,"The opposite of ""dünn"" is """,dick,0,33,20.25,17.25,-3.0
gemma-2-2b,83,desc,val,en,de,dünn,"The opposite of ""dünn"" is """,dick,0,26,20.25,16.375,-3.875
gemma-2-2b,83,desc,freq,en,de,dünn,"The opposite of ""dünn"" is """,dick,0,356,20.25,12.0625,-8.1875
gemma-2-2b,83,val,desc,en,de,dünn,"The opposite of ""dünn"" is """,dick,0,0,20.25,20.25,0.0
gemma-2-2b,83,val,val,en,de,dünn,"The opposite of ""dünn"" is """,dick,0,3,20.25,20.25,0.0
gemma-2-2b,83,val,freq,en,de,dünn,"The opposite of ""dünn"" is """,dick,0,56,20.25,13.8125,-6.4375
gemma-2-2b,83,freq,desc,en,de,dünn,"The opposite of ""dünn"" is """,dick,0,139,20.25,16.125,-4.125
gemma-2-2b,83,freq,val,en,de,dünn,"The opposite of ""dünn"" is """,dick,0,89,20.25,14.9375,-5.3125
gemma-2-2b,83,freq,freq,en,de,dünn,"The opposite of ""dünn"" is """,dick,0,165,20.25,16.0,-4.25
gemma-2-2b,84,desc,desc,en,de,groß,"The opposite of ""groß"" is """,klein,0,0,21.0,21.625,0.625
gemma-2-2b,84,desc,val,en,de,groß,"The opposite of ""groß"" is """,klein,0,0,21.0,20.875,-0.125
gemma-2-2b,84,desc,freq,en,de,groß,"The opposite of ""groß"" is """,klein,0,0,21.0,16.125,-4.875
gemma-2-2b,84,val,desc,en,de,groß,"The opposite of ""groß"" is """,klein,0,0,21.0,21.75,0.75
gemma-2-2b,84,val,val,en,de,groß,"The opposite of ""groß"" is """,klein,0,0,21.0,22.625,1.625
gemma-2-2b,84,val,freq,en,de,groß,"The opposite of ""groß"" is """,klein,0,0,21.0,18.625,-2.375
gemma-2-2b,84,freq,desc,en,de,groß,"The opposite of ""groß"" is """,klein,0,0,21.0,21.0,0.0
gemma-2-2b,84,freq,val,en,de,groß,"The opposite of ""groß"" is """,klein,0,0,21.0,21.25,0.25
gemma-2-2b,84,freq,freq,en,de,groß,"The opposite of ""groß"" is """,klein,0,0,21.0,21.375,0.375
gemma-2-2b,85,desc,desc,en,de,verheiratet,"The opposite of ""verheiratet"" is """,unverheiratet,2,1,18.75,21.875,3.125
gemma-2-2b,85,desc,val,en,de,verheiratet,"The opposite of ""verheiratet"" is """,unverheiratet,2,1,18.75,21.125,2.375
gemma-2-2b,85,desc,freq,en,de,verheiratet,"The opposite of ""verheiratet"" is """,unverheiratet,2,11,18.75,16.625,-2.125
gemma-2-2b,85,val,desc,en,de,verheiratet,"The opposite of ""verheiratet"" is """,unverheiratet,2,2,18.75,21.0,2.25
gemma-2-2b,85,val,val,en,de,verheiratet,"The opposite of ""verheiratet"" is """,unverheiratet,2,1,18.75,22.25,3.5
gemma-2-2b,85,val,freq,en,de,verheiratet,"The opposite of ""verheiratet"" is """,unverheiratet,2,13,18.75,16.25,-2.5
gemma-2-2b,85,freq,desc,en,de,verheiratet,"The opposite of ""verheiratet"" is """,unverheiratet,2,3,18.75,22.0,3.25
gemma-2-2b,85,freq,val,en,de,verheiratet,"The opposite of ""verheiratet"" is """,unverheiratet,2,1,18.75,21.25,2.5
gemma-2-2b,85,freq,freq,en,de,verheiratet,"The opposite of ""verheiratet"" is """,unverheiratet,2,3,18.75,22.125,3.375
gemma-2-2b,86,desc,desc,en,de,optimistisch,"The opposite of ""optimistisch"" is """,pessimistisch,0,0,22.0,22.625,0.625
gemma-2-2b,86,desc,val,en,de,optimistisch,"The opposite of ""optimistisch"" is """,pessimistisch,0,0,22.0,22.25,0.25
gemma-2-2b,86,desc,freq,en,de,optimistisch,"The opposite of ""optimistisch"" is """,pessimistisch,0,0,22.0,20.875,-1.125
gemma-2-2b,86,val,desc,en,de,optimistisch,"The opposite of ""optimistisch"" is """,pessimistisch,0,0,22.0,23.5,1.5
gemma-2-2b,86,val,val,en,de,optimistisch,"The opposite of ""optimistisch"" is """,pessimistisch,0,0,22.0,23.25,1.25
gemma-2-2b,86,val,freq,en,de,optimistisch,"The opposite of ""optimistisch"" is """,pessimistisch,0,0,22.0,21.5,-0.5
gemma-2-2b,86,freq,desc,en,de,optimistisch,"The opposite of ""optimistisch"" is """,pessimistisch,0,0,22.0,23.25,1.25
gemma-2-2b,86,freq,val,en,de,optimistisch,"The opposite of ""optimistisch"" is """,pessimistisch,0,0,22.0,22.75,0.75
gemma-2-2b,86,freq,freq,en,de,optimistisch,"The opposite of ""optimistisch"" is """,pessimistisch,0,0,22.0,23.375,1.375
gemma-2-2b,87,desc,desc,en,de,permanent,"The opposite of ""permanent"" is """,temporär,48,48,19.75,19.75,0.0
gemma-2-2b,87,desc,val,en,de,permanent,"The opposite of ""permanent"" is """,temporär,48,40,19.75,18.5,-1.25
gemma-2-2b,87,desc,freq,en,de,permanent,"The opposite of ""permanent"" is """,temporär,48,70,19.75,17.375,-2.375
gemma-2-2b,87,val,desc,en,de,permanent,"The opposite of ""permanent"" is """,temporär,48,31,19.75,21.375,1.625
gemma-2-2b,87,val,val,en,de,permanent,"The opposite of ""permanent"" is """,temporär,48,50,19.75,20.0,0.25
gemma-2-2b,87,val,freq,en,de,permanent,"The opposite of ""permanent"" is """,temporär,48,28,19.75,19.5,-0.25
gemma-2-2b,87,freq,desc,en,de,permanent,"The opposite of ""permanent"" is """,temporär,48,58,19.75,19.625,-0.125
gemma-2-2b,87,freq,val,en,de,permanent,"The opposite of ""permanent"" is """,temporär,48,53,19.75,18.125,-1.625
gemma-2-2b,87,freq,freq,en,de,permanent,"The opposite of ""permanent"" is """,temporär,48,61,19.75,19.5,-0.25
gemma-2-2b,88,desc,desc,en,de,gegenwärtig,"The opposite of ""gegenwärtig"" is """,vergangen,0,1,22.875,21.875,-1.0
gemma-2-2b,88,desc,val,en,de,gegenwärtig,"The opposite of ""gegenwärtig"" is """,vergangen,0,2,22.875,20.625,-2.25
gemma-2-2b,88,desc,freq,en,de,gegenwärtig,"The opposite of ""gegenwärtig"" is """,vergangen,0,11,22.875,19.125,-3.75
gemma-2-2b,88,val,desc,en,de,gegenwärtig,"The opposite of ""gegenwärtig"" is """,vergangen,0,0,22.875,23.875,1.0
gemma-2-2b,88,val,val,en,de,gegenwärtig,"The opposite of ""gegenwärtig"" is """,vergangen,0,1,22.875,23.375,0.5
gemma-2-2b,88,val,freq,en,de,gegenwärtig,"The opposite of ""gegenwärtig"" is """,vergangen,0,1,22.875,21.25,-1.625
gemma-2-2b,88,freq,desc,en,de,gegenwärtig,"The opposite of ""gegenwärtig"" is """,vergangen,0,7,22.875,21.375,-1.5
gemma-2-2b,88,freq,val,en,de,gegenwärtig,"The opposite of ""gegenwärtig"" is """,vergangen,0,7,22.875,20.125,-2.75
gemma-2-2b,88,freq,freq,en,de,gegenwärtig,"The opposite of ""gegenwärtig"" is """,vergangen,0,8,22.875,21.375,-1.5
gemma-2-2b,89,desc,desc,en,de,öffentlich,"The opposite of ""öffentlich"" is """,privat,0,0,18.875,22.0,3.125
gemma-2-2b,89,desc,val,en,de,öffentlich,"The opposite of ""öffentlich"" is """,privat,0,0,18.875,21.25,2.375
gemma-2-2b,89,desc,freq,en,de,öffentlich,"The opposite of ""öffentlich"" is """,privat,0,0,18.875,18.25,-0.625
gemma-2-2b,89,val,desc,en,de,öffentlich,"The opposite of ""öffentlich"" is """,privat,0,1,18.875,22.5,3.625
gemma-2-2b,89,val,val,en,de,öffentlich,"The opposite of ""öffentlich"" is """,privat,0,0,18.875,23.125,4.25
gemma-2-2b,89,val,freq,en,de,öffentlich,"The opposite of ""öffentlich"" is """,privat,0,1,18.875,19.875,1.0
gemma-2-2b,89,freq,desc,en,de,öffentlich,"The opposite of ""öffentlich"" is """,privat,0,1,18.875,22.75,3.875
gemma-2-2b,89,freq,val,en,de,öffentlich,"The opposite of ""öffentlich"" is """,privat,0,0,18.875,22.25,3.375
gemma-2-2b,89,freq,freq,en,de,öffentlich,"The opposite of ""öffentlich"" is """,privat,0,0,18.875,22.75,3.875
gemma-2-2b,90,desc,desc,en,de,echt,"The opposite of ""echt"" is """,falsch,2,4,22.875,23.5,0.625
gemma-2-2b,90,desc,val,en,de,echt,"The opposite of ""echt"" is """,falsch,2,3,22.875,22.75,-0.125
gemma-2-2b,90,desc,freq,en,de,echt,"The opposite of ""echt"" is """,falsch,2,0,22.875,22.75,-0.125
gemma-2-2b,90,val,desc,en,de,echt,"The opposite of ""echt"" is """,falsch,2,1,22.875,23.5,0.625
gemma-2-2b,90,val,val,en,de,echt,"The opposite of ""echt"" is """,falsch,2,1,22.875,24.625,1.75
gemma-2-2b,90,val,freq,en,de,echt,"The opposite of ""echt"" is """,falsch,2,0,22.875,22.5,-0.375
gemma-2-2b,90,freq,desc,en,de,echt,"The opposite of ""echt"" is """,falsch,2,1,22.875,24.375,1.5
gemma-2-2b,90,freq,val,en,de,echt,"The opposite of ""echt"" is """,falsch,2,1,22.875,23.5,0.625
gemma-2-2b,90,freq,freq,en,de,echt,"The opposite of ""echt"" is """,falsch,2,2,22.875,24.125,1.25
gemma-2-2b,91,desc,desc,en,de,verantwortlich,"The opposite of ""verantwortlich"" is """,unverantwortlich,1,0,23.5,24.5,1.0
gemma-2-2b,91,desc,val,en,de,verantwortlich,"The opposite of ""verantwortlich"" is """,unverantwortlich,1,0,23.5,23.625,0.125
gemma-2-2b,91,desc,freq,en,de,verantwortlich,"The opposite of ""verantwortlich"" is """,unverantwortlich,1,7,23.5,20.25,-3.25
gemma-2-2b,91,val,desc,en,de,verantwortlich,"The opposite of ""verantwortlich"" is """,unverantwortlich,1,2,23.5,23.875,0.375
gemma-2-2b,91,val,val,en,de,verantwortlich,"The opposite of ""verantwortlich"" is """,unverantwortlich,1,0,23.5,25.25,1.75
gemma-2-2b,91,val,freq,en,de,verantwortlich,"The opposite of ""verantwortlich"" is """,unverantwortlich,1,12,23.5,20.125,-3.375
gemma-2-2b,91,freq,desc,en,de,verantwortlich,"The opposite of ""verantwortlich"" is """,unverantwortlich,1,0,23.5,24.75,1.25
gemma-2-2b,91,freq,val,en,de,verantwortlich,"The opposite of ""verantwortlich"" is """,unverantwortlich,1,0,23.5,23.875,0.375
gemma-2-2b,91,freq,freq,en,de,verantwortlich,"The opposite of ""verantwortlich"" is """,unverantwortlich,1,0,23.5,24.75,1.25
gemma-2-2b,92,desc,desc,en,de,ledig,"The opposite of ""ledig"" is """,verheiratet,120,156,16.5,16.75,0.25
gemma-2-2b,92,desc,val,en,de,ledig,"The opposite of ""ledig"" is """,verheiratet,120,137,16.5,15.6875,-0.8125
gemma-2-2b,92,desc,freq,en,de,ledig,"The opposite of ""ledig"" is """,verheiratet,120,227,16.5,14.9375,-1.5625
gemma-2-2b,92,val,desc,en,de,ledig,"The opposite of ""ledig"" is """,verheiratet,120,19,16.5,19.5,3.0
gemma-2-2b,92,val,val,en,de,ledig,"The opposite of ""ledig"" is """,verheiratet,120,90,16.5,17.75,1.25
gemma-2-2b,92,val,freq,en,de,ledig,"The opposite of ""ledig"" is """,verheiratet,120,31,16.5,17.875,1.375
gemma-2-2b,92,freq,desc,en,de,ledig,"The opposite of ""ledig"" is """,verheiratet,120,160,16.5,17.375,0.875
gemma-2-2b,92,freq,val,en,de,ledig,"The opposite of ""ledig"" is """,verheiratet,120,185,16.5,15.5,-1.0
gemma-2-2b,92,freq,freq,en,de,ledig,"The opposite of ""ledig"" is """,verheiratet,120,171,16.5,17.25,0.75
gemma-2-2b,93,desc,desc,en,de,sauer,"The opposite of ""sauer"" is """,süß,1,2,22.0,22.875,0.875
gemma-2-2b,93,desc,val,en,de,sauer,"The opposite of ""sauer"" is """,süß,1,1,22.0,22.375,0.375
gemma-2-2b,93,desc,freq,en,de,sauer,"The opposite of ""sauer"" is """,süß,1,0,22.0,23.0,1.0
gemma-2-2b,93,val,desc,en,de,sauer,"The opposite of ""sauer"" is """,süß,1,1,22.0,23.25,1.25
gemma-2-2b,93,val,val,en,de,sauer,"The opposite of ""sauer"" is """,süß,1,2,22.0,23.875,1.875
gemma-2-2b,93,val,freq,en,de,sauer,"The opposite of ""sauer"" is """,süß,1,0,22.0,22.5,0.5
gemma-2-2b,93,freq,desc,en,de,sauer,"The opposite of ""sauer"" is """,süß,1,1,22.0,23.5,1.5
gemma-2-2b,93,freq,val,en,de,sauer,"The opposite of ""sauer"" is """,süß,1,1,22.0,23.25,1.25
gemma-2-2b,93,freq,freq,en,de,sauer,"The opposite of ""sauer"" is """,süß,1,1,22.0,23.75,1.75
gemma-2-2b,94,desc,desc,en,de,nützlich,"The opposite of ""nützlich"" is """,nutzlos,1,0,21.625,24.125,2.5
gemma-2-2b,94,desc,val,en,de,nützlich,"The opposite of ""nützlich"" is """,nutzlos,1,0,21.625,23.5,1.875
gemma-2-2b,94,desc,freq,en,de,nützlich,"The opposite of ""nützlich"" is """,nutzlos,1,0,21.625,22.625,1.0
gemma-2-2b,94,val,desc,en,de,nützlich,"The opposite of ""nützlich"" is """,nutzlos,1,0,21.625,23.875,2.25
gemma-2-2b,94,val,val,en,de,nützlich,"The opposite of ""nützlich"" is """,nutzlos,1,0,21.625,25.125,3.5
gemma-2-2b,94,val,freq,en,de,nützlich,"The opposite of ""nützlich"" is """,nutzlos,1,0,21.625,22.625,1.0
gemma-2-2b,94,freq,desc,en,de,nützlich,"The opposite of ""nützlich"" is """,nutzlos,1,0,21.625,25.0,3.375
gemma-2-2b,94,freq,val,en,de,nützlich,"The opposite of ""nützlich"" is """,nutzlos,1,0,21.625,24.375,2.75
gemma-2-2b,94,freq,freq,en,de,nützlich,"The opposite of ""nützlich"" is """,nutzlos,1,0,21.625,25.0,3.375
gemma-2-2b,95,desc,desc,en,de,vertikal,"The opposite of ""vertikal"" is """,horizontal,0,0,24.625,24.625,0.0
gemma-2-2b,95,desc,val,en,de,vertikal,"The opposite of ""vertikal"" is """,horizontal,0,0,24.625,24.625,0.0
gemma-2-2b,95,desc,freq,en,de,vertikal,"The opposite of ""vertikal"" is """,horizontal,0,1,24.625,22.25,-2.375
gemma-2-2b,95,val,desc,en,de,vertikal,"The opposite of ""vertikal"" is """,horizontal,0,0,24.625,25.25,0.625
gemma-2-2b,95,val,val,en,de,vertikal,"The opposite of ""vertikal"" is """,horizontal,0,0,24.625,25.75,1.125
gemma-2-2b,95,val,freq,en,de,vertikal,"The opposite of ""vertikal"" is """,horizontal,0,2,24.625,21.625,-3.0
gemma-2-2b,95,freq,desc,en,de,vertikal,"The opposite of ""vertikal"" is """,horizontal,0,0,24.625,25.5,0.875
gemma-2-2b,95,freq,val,en,de,vertikal,"The opposite of ""vertikal"" is """,horizontal,0,0,24.625,25.25,0.625
gemma-2-2b,95,freq,freq,en,de,vertikal,"The opposite of ""vertikal"" is """,horizontal,0,0,24.625,25.5,0.875
gemma-2-2b,96,desc,desc,en,de,gut,"The opposite of ""gut"" is """,schlecht,1477,1477,16.625,16.625,0.0
gemma-2-2b,96,desc,val,en,de,gut,"The opposite of ""gut"" is """,schlecht,1477,1748,16.625,13.9375,-2.6875
gemma-2-2b,96,desc,freq,en,de,gut,"The opposite of ""gut"" is """,schlecht,1477,1119,16.625,14.875,-1.75
gemma-2-2b,96,val,desc,en,de,gut,"The opposite of ""gut"" is """,schlecht,1477,108,16.625,19.875,3.25
gemma-2-2b,96,val,val,en,de,gut,"The opposite of ""gut"" is """,schlecht,1477,1590,16.625,16.25,-0.375
gemma-2-2b,96,val,freq,en,de,gut,"The opposite of ""gut"" is """,schlecht,1477,67,16.625,19.0,2.375
gemma-2-2b,96,freq,desc,en,de,gut,"The opposite of ""gut"" is """,schlecht,1477,1661,16.625,16.125,-0.5
gemma-2-2b,96,freq,val,en,de,gut,"The opposite of ""gut"" is """,schlecht,1477,1431,16.625,13.875,-2.75
gemma-2-2b,96,freq,freq,en,de,gut,"The opposite of ""gut"" is """,schlecht,1477,1655,16.625,16.125,-0.5
gemma-2-2b,97,desc,desc,en,de,gewinnend,"The opposite of ""gewinnend"" is """,verlierend,0,0,22.25,22.875,0.625
gemma-2-2b,97,desc,val,en,de,gewinnend,"The opposite of ""gewinnend"" is """,verlierend,0,0,22.25,21.5,-0.75
gemma-2-2b,97,desc,freq,en,de,gewinnend,"The opposite of ""gewinnend"" is """,verlierend,0,1,22.25,16.75,-5.5
gemma-2-2b,97,val,desc,en,de,gewinnend,"The opposite of ""gewinnend"" is """,verlierend,0,0,22.25,24.5,2.25
gemma-2-2b,97,val,val,en,de,gewinnend,"The opposite of ""gewinnend"" is """,verlierend,0,0,22.25,24.0,1.75
gemma-2-2b,97,val,freq,en,de,gewinnend,"The opposite of ""gewinnend"" is """,verlierend,0,0,22.25,19.75,-2.5
gemma-2-2b,97,freq,desc,en,de,gewinnend,"The opposite of ""gewinnend"" is """,verlierend,0,0,22.25,22.375,0.125
gemma-2-2b,97,freq,val,en,de,gewinnend,"The opposite of ""gewinnend"" is """,verlierend,0,0,22.25,21.625,-0.625
gemma-2-2b,97,freq,freq,en,de,gewinnend,"The opposite of ""gewinnend"" is """,verlierend,0,0,22.25,22.625,0.375
gemma-2-2b,98,desc,desc,en,de,unfreundlich,"The opposite of ""unfreundlich"" is """,freundlich,0,1,23.125,21.625,-1.5
gemma-2-2b,98,desc,val,en,de,unfreundlich,"The opposite of ""unfreundlich"" is """,freundlich,0,1,23.125,21.125,-2.0
gemma-2-2b,98,desc,freq,en,de,unfreundlich,"The opposite of ""unfreundlich"" is """,freundlich,0,0,23.125,18.625,-4.5
gemma-2-2b,98,val,desc,en,de,unfreundlich,"The opposite of ""unfreundlich"" is """,freundlich,0,3,23.125,21.125,-2.0
gemma-2-2b,98,val,val,en,de,unfreundlich,"The opposite of ""unfreundlich"" is """,freundlich,0,1,23.125,22.5,-0.625
gemma-2-2b,98,val,freq,en,de,unfreundlich,"The opposite of ""unfreundlich"" is """,freundlich,0,14,23.125,16.125,-7.0
gemma-2-2b,98,freq,desc,en,de,unfreundlich,"The opposite of ""unfreundlich"" is """,freundlich,0,1,23.125,21.625,-1.5
gemma-2-2b,98,freq,val,en,de,unfreundlich,"The opposite of ""unfreundlich"" is """,freundlich,0,3,23.125,20.25,-2.875
gemma-2-2b,98,freq,freq,en,de,unfreundlich,"The opposite of ""unfreundlich"" is """,freundlich,0,1,23.125,21.625,-1.5
gemma-2-2b,99,desc,desc,en,de,feige,"The opposite of ""feige"" is """,mutig,45,47,22.375,22.375,0.0
gemma-2-2b,99,desc,val,en,de,feige,"The opposite of ""feige"" is """,mutig,45,27,22.375,21.5,-0.875
gemma-2-2b,99,desc,freq,en,de,feige,"The opposite of ""feige"" is """,mutig,45,3,22.375,22.25,-0.125
gemma-2-2b,99,val,desc,en,de,feige,"The opposite of ""feige"" is """,mutig,45,30,22.375,21.875,-0.5
gemma-2-2b,99,val,val,en,de,feige,"The opposite of ""feige"" is """,mutig,45,35,22.375,23.125,0.75
gemma-2-2b,99,val,freq,en,de,feige,"The opposite of ""feige"" is """,mutig,45,5,22.375,21.875,-0.5
gemma-2-2b,99,freq,desc,en,de,feige,"The opposite of ""feige"" is """,mutig,45,46,22.375,22.5,0.125
gemma-2-2b,99,freq,val,en,de,feige,"The opposite of ""feige"" is """,mutig,45,40,22.375,21.5,-0.875
gemma-2-2b,99,freq,freq,en,de,feige,"The opposite of ""feige"" is """,mutig,45,46,22.375,22.625,0.25
gemma-2-2b,0,desc,desc,en,en,good,"The opposite of ""good"" is """,bad,0,0,25.625,25.625,0.0
gemma-2-2b,0,desc,val,en,en,good,"The opposite of ""good"" is """,bad,0,0,25.625,25.625,0.0
gemma-2-2b,0,desc,freq,en,en,good,"The opposite of ""good"" is """,bad,0,0,25.625,26.625,1.0
gemma-2-2b,0,val,desc,en,en,good,"The opposite of ""good"" is """,bad,0,0,25.625,26.75,1.125
gemma-2-2b,0,val,val,en,en,good,"The opposite of ""good"" is """,bad,0,0,25.625,26.875,1.25
gemma-2-2b,0,val,freq,en,en,good,"The opposite of ""good"" is """,bad,0,0,25.625,27.125,1.5
gemma-2-2b,0,freq,desc,en,en,good,"The opposite of ""good"" is """,bad,0,0,25.625,25.75,0.125
gemma-2-2b,0,freq,val,en,en,good,"The opposite of ""good"" is """,bad,0,0,25.625,26.125,0.5
gemma-2-2b,0,freq,freq,en,en,good,"The opposite of ""good"" is """,bad,0,0,25.625,25.875,0.25
gemma-2-2b,1,desc,desc,en,en,happy,"The opposite of ""happy"" is """,sad,0,0,25.125,25.125,0.0
gemma-2-2b,1,desc,val,en,en,happy,"The opposite of ""happy"" is """,sad,0,0,25.125,24.625,-0.5
gemma-2-2b,1,desc,freq,en,en,happy,"The opposite of ""happy"" is """,sad,0,0,25.125,26.25,1.125
gemma-2-2b,1,val,desc,en,en,happy,"The opposite of ""happy"" is """,sad,0,0,25.125,25.5,0.375
gemma-2-2b,1,val,val,en,en,happy,"The opposite of ""happy"" is """,sad,0,0,25.125,25.75,0.625
gemma-2-2b,1,val,freq,en,en,happy,"The opposite of ""happy"" is """,sad,0,0,25.125,26.375,1.25
gemma-2-2b,1,freq,desc,en,en,happy,"The opposite of ""happy"" is """,sad,0,0,25.125,25.0,-0.125
gemma-2-2b,1,freq,val,en,en,happy,"The opposite of ""happy"" is """,sad,0,0,25.125,25.25,0.125
gemma-2-2b,1,freq,freq,en,en,happy,"The opposite of ""happy"" is """,sad,0,0,25.125,25.25,0.125
gemma-2-2b,2,desc,desc,en,en,big,"The opposite of ""big"" is """,small,0,0,23.875,23.875,0.0
gemma-2-2b,2,desc,val,en,en,big,"The opposite of ""big"" is """,small,0,0,23.875,23.875,0.0
gemma-2-2b,2,desc,freq,en,en,big,"The opposite of ""big"" is """,small,0,0,23.875,24.875,1.0
gemma-2-2b,2,val,desc,en,en,big,"The opposite of ""big"" is """,small,0,0,23.875,25.5,1.625
gemma-2-2b,2,val,val,en,en,big,"The opposite of ""big"" is """,small,0,0,23.875,25.625,1.75
gemma-2-2b,2,val,freq,en,en,big,"The opposite of ""big"" is """,small,0,0,23.875,26.375,2.5
gemma-2-2b,2,freq,desc,en,en,big,"The opposite of ""big"" is """,small,0,0,23.875,24.5,0.625
gemma-2-2b,2,freq,val,en,en,big,"The opposite of ""big"" is """,small,0,0,23.875,25.25,1.375
gemma-2-2b,2,freq,freq,en,en,big,"The opposite of ""big"" is """,small,0,0,23.875,24.625,0.75
gemma-2-2b,3,desc,desc,en,en,hot,"The opposite of ""hot"" is """,cold,0,0,23.875,23.875,0.0
gemma-2-2b,3,desc,val,en,en,hot,"The opposite of ""hot"" is """,cold,0,0,23.875,23.875,0.0
gemma-2-2b,3,desc,freq,en,en,hot,"The opposite of ""hot"" is """,cold,0,0,23.875,25.25,1.375
gemma-2-2b,3,val,desc,en,en,hot,"The opposite of ""hot"" is """,cold,0,0,23.875,25.5,1.625
gemma-2-2b,3,val,val,en,en,hot,"The opposite of ""hot"" is """,cold,0,0,23.875,25.75,1.875
gemma-2-2b,3,val,freq,en,en,hot,"The opposite of ""hot"" is """,cold,0,0,23.875,26.375,2.5
gemma-2-2b,3,freq,desc,en,en,hot,"The opposite of ""hot"" is """,cold,0,0,23.875,24.125,0.25
gemma-2-2b,3,freq,val,en,en,hot,"The opposite of ""hot"" is """,cold,0,0,23.875,24.625,0.75
gemma-2-2b,3,freq,freq,en,en,hot,"The opposite of ""hot"" is """,cold,0,0,23.875,24.5,0.625
gemma-2-2b,4,desc,desc,en,en,fast,"The opposite of ""fast"" is """,slow,0,0,26.25,26.25,0.0
gemma-2-2b,4,desc,val,en,en,fast,"The opposite of ""fast"" is """,slow,0,0,26.25,25.375,-0.875
gemma-2-2b,4,desc,freq,en,en,fast,"The opposite of ""fast"" is """,slow,0,0,26.25,27.0,0.75
gemma-2-2b,4,val,desc,en,en,fast,"The opposite of ""fast"" is """,slow,0,0,26.25,26.75,0.5
gemma-2-2b,4,val,val,en,en,fast,"The opposite of ""fast"" is """,slow,0,0,26.25,26.875,0.625
gemma-2-2b,4,val,freq,en,en,fast,"The opposite of ""fast"" is """,slow,0,0,26.25,27.25,1.0
gemma-2-2b,4,freq,desc,en,en,fast,"The opposite of ""fast"" is """,slow,0,0,26.25,26.125,-0.125
gemma-2-2b,4,freq,val,en,en,fast,"The opposite of ""fast"" is """,slow,0,0,26.25,26.125,-0.125
gemma-2-2b,4,freq,freq,en,en,fast,"The opposite of ""fast"" is """,slow,0,0,26.25,26.25,0.0
gemma-2-2b,5,desc,desc,en,en,light,"The opposite of ""light"" is """,dark,0,0,25.125,25.125,0.0
gemma-2-2b,5,desc,val,en,en,light,"The opposite of ""light"" is """,dark,0,0,25.125,24.5,-0.625
gemma-2-2b,5,desc,freq,en,en,light,"The opposite of ""light"" is """,dark,0,0,25.125,25.625,0.5
gemma-2-2b,5,val,desc,en,en,light,"The opposite of ""light"" is """,dark,0,0,25.125,26.0,0.875
gemma-2-2b,5,val,val,en,en,light,"The opposite of ""light"" is """,dark,0,0,25.125,26.25,1.125
gemma-2-2b,5,val,freq,en,en,light,"The opposite of ""light"" is """,dark,0,0,25.125,26.625,1.5
gemma-2-2b,5,freq,desc,en,en,light,"The opposite of ""light"" is """,dark,0,0,25.125,25.0,-0.125
gemma-2-2b,5,freq,val,en,en,light,"The opposite of ""light"" is """,dark,0,0,25.125,25.375,0.25
gemma-2-2b,5,freq,freq,en,en,light,"The opposite of ""light"" is """,dark,0,0,25.125,25.25,0.125
gemma-2-2b,6,desc,desc,en,en,easy,"The opposite of ""easy"" is """,hard,0,0,25.75,25.75,0.0
gemma-2-2b,6,desc,val,en,en,easy,"The opposite of ""easy"" is """,hard,0,0,25.75,24.375,-1.375
gemma-2-2b,6,desc,freq,en,en,easy,"The opposite of ""easy"" is """,hard,0,0,25.75,26.5,0.75
gemma-2-2b,6,val,desc,en,en,easy,"The opposite of ""easy"" is """,hard,0,0,25.75,26.125,0.375
gemma-2-2b,6,val,val,en,en,easy,"The opposite of ""easy"" is """,hard,0,0,25.75,26.125,0.375
gemma-2-2b,6,val,freq,en,en,easy,"The opposite of ""easy"" is """,hard,0,0,25.75,27.0,1.25
gemma-2-2b,6,freq,desc,en,en,easy,"The opposite of ""easy"" is """,hard,0,0,25.75,25.375,-0.375
gemma-2-2b,6,freq,val,en,en,easy,"The opposite of ""easy"" is """,hard,0,0,25.75,25.375,-0.375
gemma-2-2b,6,freq,freq,en,en,easy,"The opposite of ""easy"" is """,hard,0,0,25.75,25.625,-0.125
gemma-2-2b,7,desc,desc,en,en,new,"The opposite of ""new"" is """,old,0,0,25.25,25.25,0.0
gemma-2-2b,7,desc,val,en,en,new,"The opposite of ""new"" is """,old,0,0,25.25,24.375,-0.875
gemma-2-2b,7,desc,freq,en,en,new,"The opposite of ""new"" is """,old,0,0,25.25,26.125,0.875
gemma-2-2b,7,val,desc,en,en,new,"The opposite of ""new"" is """,old,0,0,25.25,26.125,0.875
gemma-2-2b,7,val,val,en,en,new,"The opposite of ""new"" is """,old,0,0,25.25,26.25,1.0
gemma-2-2b,7,val,freq,en,en,new,"The opposite of ""new"" is """,old,0,0,25.25,26.875,1.625
gemma-2-2b,7,freq,desc,en,en,new,"The opposite of ""new"" is """,old,0,0,25.25,25.25,0.0
gemma-2-2b,7,freq,val,en,en,new,"The opposite of ""new"" is """,old,0,0,25.25,25.25,0.0
gemma-2-2b,7,freq,freq,en,en,new,"The opposite of ""new"" is """,old,0,0,25.25,25.5,0.25
gemma-2-2b,8,desc,desc,en,en,true,"The opposite of ""true"" is """,false,0,0,23.25,23.25,0.0
gemma-2-2b,8,desc,val,en,en,true,"The opposite of ""true"" is """,false,0,0,23.25,24.375,1.125
gemma-2-2b,8,desc,freq,en,en,true,"The opposite of ""true"" is """,false,0,0,23.25,24.75,1.5
gemma-2-2b,8,val,desc,en,en,true,"The opposite of ""true"" is """,false,0,0,23.25,25.375,2.125
gemma-2-2b,8,val,val,en,en,true,"The opposite of ""true"" is """,false,0,0,23.25,25.625,2.375
gemma-2-2b,8,val,freq,en,en,true,"The opposite of ""true"" is """,false,0,0,23.25,26.375,3.125
gemma-2-2b,8,freq,desc,en,en,true,"The opposite of ""true"" is """,false,0,0,23.25,23.875,0.625
gemma-2-2b,8,freq,val,en,en,true,"The opposite of ""true"" is """,false,0,0,23.25,25.25,2.0
gemma-2-2b,8,freq,freq,en,en,true,"The opposite of ""true"" is """,false,0,0,23.25,24.125,0.875
gemma-2-2b,9,desc,desc,en,en,alive,"The opposite of ""alive"" is """,dead,0,0,25.375,25.375,0.0
gemma-2-2b,9,desc,val,en,en,alive,"The opposite of ""alive"" is """,dead,0,0,25.375,24.375,-1.0
gemma-2-2b,9,desc,freq,en,en,alive,"The opposite of ""alive"" is """,dead,0,0,25.375,26.25,0.875
gemma-2-2b,9,val,desc,en,en,alive,"The opposite of ""alive"" is """,dead,0,0,25.375,26.125,0.75
gemma-2-2b,9,val,val,en,en,alive,"The opposite of ""alive"" is """,dead,0,0,25.375,26.375,1.0
gemma-2-2b,9,val,freq,en,en,alive,"The opposite of ""alive"" is """,dead,0,0,25.375,27.0,1.625
gemma-2-2b,9,freq,desc,en,en,alive,"The opposite of ""alive"" is """,dead,0,0,25.375,25.25,-0.125
gemma-2-2b,9,freq,val,en,en,alive,"The opposite of ""alive"" is """,dead,0,0,25.375,25.125,-0.25
gemma-2-2b,9,freq,freq,en,en,alive,"The opposite of ""alive"" is """,dead,0,0,25.375,25.5,0.125
gemma-2-2b,10,desc,desc,en,en,full,"The opposite of ""full"" is """,empty,0,0,25.0,25.0,0.0
gemma-2-2b,10,desc,val,en,en,full,"The opposite of ""full"" is """,empty,0,0,25.0,24.5,-0.5
gemma-2-2b,10,desc,freq,en,en,full,"The opposite of ""full"" is """,empty,0,0,25.0,25.875,0.875
gemma-2-2b,10,val,desc,en,en,full,"The opposite of ""full"" is """,empty,0,0,25.0,26.0,1.0
gemma-2-2b,10,val,val,en,en,full,"The opposite of ""full"" is """,empty,0,0,25.0,26.25,1.25
gemma-2-2b,10,val,freq,en,en,full,"The opposite of ""full"" is """,empty,0,0,25.0,26.75,1.75
gemma-2-2b,10,freq,desc,en,en,full,"The opposite of ""full"" is """,empty,0,0,25.0,25.25,0.25
gemma-2-2b,10,freq,val,en,en,full,"The opposite of ""full"" is """,empty,0,0,25.0,25.375,0.375
gemma-2-2b,10,freq,freq,en,en,full,"The opposite of ""full"" is """,empty,0,0,25.0,25.375,0.375
gemma-2-2b,11,desc,desc,en,en,bright,"The opposite of ""bright"" is """,dark,0,0,24.25,24.25,0.0
gemma-2-2b,11,desc,val,en,en,bright,"The opposite of ""bright"" is """,dark,0,0,24.25,23.625,-0.625
gemma-2-2b,11,desc,freq,en,en,bright,"The opposite of ""bright"" is """,dark,0,0,24.25,25.25,1.0
gemma-2-2b,11,val,desc,en,en,bright,"The opposite of ""bright"" is """,dark,0,0,24.25,25.25,1.0
gemma-2-2b,11,val,val,en,en,bright,"The opposite of ""bright"" is """,dark,0,0,24.25,25.5,1.25
gemma-2-2b,11,val,freq,en,en,bright,"The opposite of ""bright"" is """,dark,0,0,24.25,26.125,1.875
gemma-2-2b,11,freq,desc,en,en,bright,"The opposite of ""bright"" is """,dark,0,0,24.25,24.375,0.125
gemma-2-2b,11,freq,val,en,en,bright,"The opposite of ""bright"" is """,dark,0,0,24.25,24.625,0.375
gemma-2-2b,11,freq,freq,en,en,bright,"The opposite of ""bright"" is """,dark,0,0,24.25,24.75,0.5
gemma-2-2b,12,desc,desc,en,en,strong,"The opposite of ""strong"" is """,weak,0,0,25.0,25.0,0.0
gemma-2-2b,12,desc,val,en,en,strong,"The opposite of ""strong"" is """,weak,0,0,25.0,25.25,0.25
gemma-2-2b,12,desc,freq,en,en,strong,"The opposite of ""strong"" is """,weak,0,0,25.0,26.0,1.0
gemma-2-2b,12,val,desc,en,en,strong,"The opposite of ""strong"" is """,weak,0,0,25.0,26.25,1.25
gemma-2-2b,12,val,val,en,en,strong,"The opposite of ""strong"" is """,weak,0,0,25.0,26.25,1.25
gemma-2-2b,12,val,freq,en,en,strong,"The opposite of ""strong"" is """,weak,0,0,25.0,26.625,1.625
gemma-2-2b,12,freq,desc,en,en,strong,"The opposite of ""strong"" is """,weak,0,0,25.0,25.25,0.25
gemma-2-2b,12,freq,val,en,en,strong,"The opposite of ""strong"" is """,weak,0,0,25.0,25.625,0.625
gemma-2-2b,12,freq,freq,en,en,strong,"The opposite of ""strong"" is """,weak,0,0,25.0,25.25,0.25
gemma-2-2b,13,desc,desc,en,en,clean,"The opposite of ""clean"" is """,dirty,0,0,26.125,26.25,0.125
gemma-2-2b,13,desc,val,en,en,clean,"The opposite of ""clean"" is """,dirty,0,0,26.125,24.875,-1.25
gemma-2-2b,13,desc,freq,en,en,clean,"The opposite of ""clean"" is """,dirty,0,0,26.125,27.25,1.125
gemma-2-2b,13,val,desc,en,en,clean,"The opposite of ""clean"" is """,dirty,0,0,26.125,26.5,0.375
gemma-2-2b,13,val,val,en,en,clean,"The opposite of ""clean"" is """,dirty,0,0,26.125,26.625,0.5
gemma-2-2b,13,val,freq,en,en,clean,"The opposite of ""clean"" is """,dirty,0,0,26.125,27.375,1.25
gemma-2-2b,13,freq,desc,en,en,clean,"The opposite of ""clean"" is """,dirty,0,0,26.125,25.625,-0.5
gemma-2-2b,13,freq,val,en,en,clean,"The opposite of ""clean"" is """,dirty,0,0,26.125,25.375,-0.75
gemma-2-2b,13,freq,freq,en,en,clean,"The opposite of ""clean"" is """,dirty,0,0,26.125,26.125,0.0
gemma-2-2b,14,desc,desc,en,en,open,"The opposite of ""open"" is """,closed,0,0,25.375,25.375,0.0
gemma-2-2b,14,desc,val,en,en,open,"The opposite of ""open"" is """,closed,0,0,25.375,24.5,-0.875
gemma-2-2b,14,desc,freq,en,en,open,"The opposite of ""open"" is """,closed,0,0,25.375,26.25,0.875
gemma-2-2b,14,val,desc,en,en,open,"The opposite of ""open"" is """,closed,0,0,25.375,26.0,0.625
gemma-2-2b,14,val,val,en,en,open,"The opposite of ""open"" is """,closed,0,0,25.375,26.25,0.875
gemma-2-2b,14,val,freq,en,en,open,"The opposite of ""open"" is """,closed,0,0,25.375,26.875,1.5
gemma-2-2b,14,freq,desc,en,en,open,"The opposite of ""open"" is """,closed,0,0,25.375,25.25,-0.125
gemma-2-2b,14,freq,val,en,en,open,"The opposite of ""open"" is """,closed,0,0,25.375,25.375,0.0
gemma-2-2b,14,freq,freq,en,en,open,"The opposite of ""open"" is """,closed,0,0,25.375,25.5,0.125
gemma-2-2b,15,desc,desc,en,en,rich,"The opposite of ""rich"" is """,poor,0,0,25.25,25.25,0.0
gemma-2-2b,15,desc,val,en,en,rich,"The opposite of ""rich"" is """,poor,0,0,25.25,25.25,0.0
gemma-2-2b,15,desc,freq,en,en,rich,"The opposite of ""rich"" is """,poor,0,0,25.25,26.0,0.75
gemma-2-2b,15,val,desc,en,en,rich,"The opposite of ""rich"" is """,poor,0,0,25.25,25.75,0.5
gemma-2-2b,15,val,val,en,en,rich,"The opposite of ""rich"" is """,poor,0,0,25.25,26.125,0.875
gemma-2-2b,15,val,freq,en,en,rich,"The opposite of ""rich"" is """,poor,0,0,25.25,26.75,1.5
gemma-2-2b,15,freq,desc,en,en,rich,"The opposite of ""rich"" is """,poor,0,0,25.25,25.125,-0.125
gemma-2-2b,15,freq,val,en,en,rich,"The opposite of ""rich"" is """,poor,0,0,25.25,25.75,0.5
gemma-2-2b,15,freq,freq,en,en,rich,"The opposite of ""rich"" is """,poor,0,0,25.25,25.375,0.125
gemma-2-2b,16,desc,desc,en,en,beautiful,"The opposite of ""beautiful"" is """,ugly,0,0,25.5,25.5,0.0
gemma-2-2b,16,desc,val,en,en,beautiful,"The opposite of ""beautiful"" is """,ugly,0,0,25.5,25.375,-0.125
gemma-2-2b,16,desc,freq,en,en,beautiful,"The opposite of ""beautiful"" is """,ugly,0,0,25.5,26.875,1.375
gemma-2-2b,16,val,desc,en,en,beautiful,"The opposite of ""beautiful"" is """,ugly,0,0,25.5,26.5,1.0
gemma-2-2b,16,val,val,en,en,beautiful,"The opposite of ""beautiful"" is """,ugly,0,0,25.5,26.5,1.0
gemma-2-2b,16,val,freq,en,en,beautiful,"The opposite of ""beautiful"" is """,ugly,0,0,25.5,27.25,1.75
gemma-2-2b,16,freq,desc,en,en,beautiful,"The opposite of ""beautiful"" is """,ugly,0,0,25.5,25.75,0.25
gemma-2-2b,16,freq,val,en,en,beautiful,"The opposite of ""beautiful"" is """,ugly,0,0,25.5,26.0,0.5
gemma-2-2b,16,freq,freq,en,en,beautiful,"The opposite of ""beautiful"" is """,ugly,0,0,25.5,25.75,0.25
gemma-2-2b,17,desc,desc,en,en,long,"The opposite of ""long"" is """,short,0,0,25.25,25.25,0.0
gemma-2-2b,17,desc,val,en,en,long,"The opposite of ""long"" is """,short,0,0,25.25,24.75,-0.5
gemma-2-2b,17,desc,freq,en,en,long,"The opposite of ""long"" is """,short,0,0,25.25,25.75,0.5
gemma-2-2b,17,val,desc,en,en,long,"The opposite of ""long"" is """,short,0,0,25.25,26.375,1.125
gemma-2-2b,17,val,val,en,en,long,"The opposite of ""long"" is """,short,0,0,25.25,26.5,1.25
gemma-2-2b,17,val,freq,en,en,long,"The opposite of ""long"" is """,short,0,0,25.25,26.875,1.625
gemma-2-2b,17,freq,desc,en,en,long,"The opposite of ""long"" is """,short,0,0,25.25,25.5,0.25
gemma-2-2b,17,freq,val,en,en,long,"The opposite of ""long"" is """,short,0,0,25.25,25.625,0.375
gemma-2-2b,17,freq,freq,en,en,long,"The opposite of ""long"" is """,short,0,0,25.25,25.625,0.375
gemma-2-2b,18,desc,desc,en,en,wide,"The opposite of ""wide"" is """,narrow,0,0,25.0,25.0,0.0
gemma-2-2b,18,desc,val,en,en,wide,"The opposite of ""wide"" is """,narrow,0,0,25.0,23.5,-1.5
gemma-2-2b,18,desc,freq,en,en,wide,"The opposite of ""wide"" is """,narrow,0,0,25.0,25.75,0.75
gemma-2-2b,18,val,desc,en,en,wide,"The opposite of ""wide"" is """,narrow,0,0,25.0,25.375,0.375
gemma-2-2b,18,val,val,en,en,wide,"The opposite of ""wide"" is """,narrow,0,0,25.0,25.75,0.75
gemma-2-2b,18,val,freq,en,en,wide,"The opposite of ""wide"" is """,narrow,0,0,25.0,26.625,1.625
gemma-2-2b,18,freq,desc,en,en,wide,"The opposite of ""wide"" is """,narrow,0,0,25.0,24.875,-0.125
gemma-2-2b,18,freq,val,en,en,wide,"The opposite of ""wide"" is """,narrow,0,0,25.0,24.75,-0.25
gemma-2-2b,18,freq,freq,en,en,wide,"The opposite of ""wide"" is """,narrow,0,0,25.0,25.25,0.25
gemma-2-2b,19,desc,desc,en,en,hard,"The opposite of ""hard"" is """,soft,0,0,24.0,24.0,0.0
gemma-2-2b,19,desc,val,en,en,hard,"The opposite of ""hard"" is """,soft,0,0,24.0,23.375,-0.625
gemma-2-2b,19,desc,freq,en,en,hard,"The opposite of ""hard"" is """,soft,0,0,24.0,25.25,1.25
gemma-2-2b,19,val,desc,en,en,hard,"The opposite of ""hard"" is """,soft,0,0,24.0,25.25,1.25
gemma-2-2b,19,val,val,en,en,hard,"The opposite of ""hard"" is """,soft,0,0,24.0,25.5,1.5
gemma-2-2b,19,val,freq,en,en,hard,"The opposite of ""hard"" is """,soft,0,0,24.0,26.125,2.125
gemma-2-2b,19,freq,desc,en,en,hard,"The opposite of ""hard"" is """,soft,0,0,24.0,24.125,0.125
gemma-2-2b,19,freq,val,en,en,hard,"The opposite of ""hard"" is """,soft,0,0,24.0,24.375,0.375
gemma-2-2b,19,freq,freq,en,en,hard,"The opposite of ""hard"" is """,soft,0,0,24.0,24.5,0.5
gemma-2-2b,20,desc,desc,en,en,dry,"The opposite of ""dry"" is """,moist,0,0,25.125,25.125,0.0
gemma-2-2b,20,desc,val,en,en,dry,"The opposite of ""dry"" is """,moist,0,0,25.125,24.375,-0.75
gemma-2-2b,20,desc,freq,en,en,dry,"The opposite of ""dry"" is """,moist,0,0,25.125,26.375,1.25
gemma-2-2b,20,val,desc,en,en,dry,"The opposite of ""dry"" is """,moist,0,0,25.125,25.375,0.25
gemma-2-2b,20,val,val,en,en,dry,"The opposite of ""dry"" is """,moist,0,0,25.125,25.5,0.375
gemma-2-2b,20,val,freq,en,en,dry,"The opposite of ""dry"" is """,moist,0,0,25.125,26.375,1.25
gemma-2-2b,20,freq,desc,en,en,dry,"The opposite of ""dry"" is """,moist,0,0,25.125,24.75,-0.375
gemma-2-2b,20,freq,val,en,en,dry,"The opposite of ""dry"" is """,moist,0,0,25.125,24.625,-0.5
gemma-2-2b,20,freq,freq,en,en,dry,"The opposite of ""dry"" is """,moist,0,0,25.125,25.125,0.0
gemma-2-2b,21,desc,desc,en,en,loud,"The opposite of ""loud"" is """,quiet,0,0,23.875,23.875,0.0
gemma-2-2b,21,desc,val,en,en,loud,"The opposite of ""loud"" is """,quiet,0,0,23.875,24.0,0.125
gemma-2-2b,21,desc,freq,en,en,loud,"The opposite of ""loud"" is """,quiet,0,0,23.875,25.25,1.375
gemma-2-2b,21,val,desc,en,en,loud,"The opposite of ""loud"" is """,quiet,0,0,23.875,25.125,1.25
gemma-2-2b,21,val,val,en,en,loud,"The opposite of ""loud"" is """,quiet,0,0,23.875,25.375,1.5
gemma-2-2b,21,val,freq,en,en,loud,"The opposite of ""loud"" is """,quiet,0,0,23.875,26.125,2.25
gemma-2-2b,21,freq,desc,en,en,loud,"The opposite of ""loud"" is """,quiet,0,0,23.875,23.875,0.0
gemma-2-2b,21,freq,val,en,en,loud,"The opposite of ""loud"" is """,quiet,0,0,23.875,24.75,0.875
gemma-2-2b,21,freq,freq,en,en,loud,"The opposite of ""loud"" is """,quiet,0,0,23.875,24.25,0.375
gemma-2-2b,22,desc,desc,en,en,early,"The opposite of ""early"" is """,late,0,0,24.75,24.75,0.0
gemma-2-2b,22,desc,val,en,en,early,"The opposite of ""early"" is """,late,0,0,24.75,25.125,0.375
gemma-2-2b,22,desc,freq,en,en,early,"The opposite of ""early"" is """,late,0,0,24.75,25.625,0.875
gemma-2-2b,22,val,desc,en,en,early,"The opposite of ""early"" is """,late,0,0,24.75,26.0,1.25
gemma-2-2b,22,val,val,en,en,early,"The opposite of ""early"" is """,late,0,0,24.75,26.25,1.5
gemma-2-2b,22,val,freq,en,en,early,"The opposite of ""early"" is """,late,0,0,24.75,26.875,2.125
gemma-2-2b,22,freq,desc,en,en,early,"The opposite of ""early"" is """,late,0,0,24.75,25.125,0.375
gemma-2-2b,22,freq,val,en,en,early,"The opposite of ""early"" is """,late,0,0,24.75,25.75,1.0
gemma-2-2b,22,freq,freq,en,en,early,"The opposite of ""early"" is """,late,0,0,24.75,25.25,0.5
gemma-2-2b,23,desc,desc,en,en,near,"The opposite of ""near"" is """,far,0,0,25.5,25.5,0.0
gemma-2-2b,23,desc,val,en,en,near,"The opposite of ""near"" is """,far,0,0,25.5,25.25,-0.25
gemma-2-2b,23,desc,freq,en,en,near,"The opposite of ""near"" is """,far,0,0,25.5,26.375,0.875
gemma-2-2b,23,val,desc,en,en,near,"The opposite of ""near"" is """,far,0,0,25.5,26.875,1.375
gemma-2-2b,23,val,val,en,en,near,"The opposite of ""near"" is """,far,0,0,25.5,27.0,1.5
gemma-2-2b,23,val,freq,en,en,near,"The opposite of ""near"" is """,far,0,0,25.5,27.375,1.875
gemma-2-2b,23,freq,desc,en,en,near,"The opposite of ""near"" is """,far,0,0,25.5,25.875,0.375
gemma-2-2b,23,freq,val,en,en,near,"The opposite of ""near"" is """,far,0,0,25.5,26.125,0.625
gemma-2-2b,23,freq,freq,en,en,near,"The opposite of ""near"" is """,far,0,0,25.5,25.875,0.375
gemma-2-2b,24,desc,desc,en,en,deep,"The opposite of ""deep"" is """,shallow,0,0,25.75,25.75,0.0
gemma-2-2b,24,desc,val,en,en,deep,"The opposite of ""deep"" is """,shallow,0,0,25.75,25.25,-0.5
gemma-2-2b,24,desc,freq,en,en,deep,"The opposite of ""deep"" is """,shallow,0,0,25.75,26.375,0.625
gemma-2-2b,24,val,desc,en,en,deep,"The opposite of ""deep"" is """,shallow,0,0,25.75,26.125,0.375
gemma-2-2b,24,val,val,en,en,deep,"The opposite of ""deep"" is """,shallow,0,0,25.75,26.375,0.625
gemma-2-2b,24,val,freq,en,en,deep,"The opposite of ""deep"" is """,shallow,0,0,25.75,26.875,1.125
gemma-2-2b,24,freq,desc,en,en,deep,"The opposite of ""deep"" is """,shallow,0,0,25.75,25.625,-0.125
gemma-2-2b,24,freq,val,en,en,deep,"The opposite of ""deep"" is """,shallow,0,0,25.75,26.125,0.375
gemma-2-2b,24,freq,freq,en,en,deep,"The opposite of ""deep"" is """,shallow,0,0,25.75,26.0,0.25
gemma-2-2b,25,desc,desc,en,en,bad,"The opposite of ""bad"" is """,good,0,0,25.625,25.625,0.0
gemma-2-2b,25,desc,val,en,en,bad,"The opposite of ""bad"" is """,good,0,0,25.625,25.625,0.0
gemma-2-2b,25,desc,freq,en,en,bad,"The opposite of ""bad"" is """,good,0,0,25.625,26.375,0.75
gemma-2-2b,25,val,desc,en,en,bad,"The opposite of ""bad"" is """,good,0,0,25.625,27.0,1.375
gemma-2-2b,25,val,val,en,en,bad,"The opposite of ""bad"" is """,good,0,0,25.625,27.125,1.5
gemma-2-2b,25,val,freq,en,en,bad,"The opposite of ""bad"" is """,good,0,0,25.625,27.375,1.75
gemma-2-2b,25,freq,desc,en,en,bad,"The opposite of ""bad"" is """,good,0,0,25.625,25.875,0.25
gemma-2-2b,25,freq,val,en,en,bad,"The opposite of ""bad"" is """,good,0,0,25.625,26.5,0.875
gemma-2-2b,25,freq,freq,en,en,bad,"The opposite of ""bad"" is """,good,0,0,25.625,26.0,0.375
gemma-2-2b,26,desc,desc,en,en,sad,"The opposite of ""sad"" is """,happy,0,0,24.75,24.75,0.0
gemma-2-2b,26,desc,val,en,en,sad,"The opposite of ""sad"" is """,happy,0,0,24.75,24.75,0.0
gemma-2-2b,26,desc,freq,en,en,sad,"The opposite of ""sad"" is """,happy,0,0,24.75,26.0,1.25
gemma-2-2b,26,val,desc,en,en,sad,"The opposite of ""sad"" is """,happy,0,0,24.75,25.75,1.0
gemma-2-2b,26,val,val,en,en,sad,"The opposite of ""sad"" is """,happy,0,0,24.75,26.125,1.375
gemma-2-2b,26,val,freq,en,en,sad,"The opposite of ""sad"" is """,happy,0,0,24.75,26.875,2.125
gemma-2-2b,26,freq,desc,en,en,sad,"The opposite of ""sad"" is """,happy,0,0,24.75,24.625,-0.125
gemma-2-2b,26,freq,val,en,en,sad,"The opposite of ""sad"" is """,happy,0,0,24.75,25.5,0.75
gemma-2-2b,26,freq,freq,en,en,sad,"The opposite of ""sad"" is """,happy,0,0,24.75,25.125,0.375
gemma-2-2b,27,desc,desc,en,en,small,"The opposite of ""small"" is """,big,0,0,23.125,23.125,0.0
gemma-2-2b,27,desc,val,en,en,small,"The opposite of ""small"" is """,big,0,0,23.125,23.75,0.625
gemma-2-2b,27,desc,freq,en,en,small,"The opposite of ""small"" is """,big,0,0,23.125,24.5,1.375
gemma-2-2b,27,val,desc,en,en,small,"The opposite of ""small"" is """,big,0,0,23.125,25.25,2.125
gemma-2-2b,27,val,val,en,en,small,"The opposite of ""small"" is """,big,0,0,23.125,25.25,2.125
gemma-2-2b,27,val,freq,en,en,small,"The opposite of ""small"" is """,big,0,0,23.125,26.0,2.875
gemma-2-2b,27,freq,desc,en,en,small,"The opposite of ""small"" is """,big,0,0,23.125,23.875,0.75
gemma-2-2b,27,freq,val,en,en,small,"The opposite of ""small"" is """,big,0,0,23.125,24.875,1.75
gemma-2-2b,27,freq,freq,en,en,small,"The opposite of ""small"" is """,big,0,0,23.125,24.0,0.875
gemma-2-2b,28,desc,desc,en,en,cold,"The opposite of ""cold"" is """,warm,0,0,24.25,24.25,0.0
gemma-2-2b,28,desc,val,en,en,cold,"The opposite of ""cold"" is """,warm,0,0,24.25,23.75,-0.5
gemma-2-2b,28,desc,freq,en,en,cold,"The opposite of ""cold"" is """,warm,0,0,24.25,25.625,1.375
gemma-2-2b,28,val,desc,en,en,cold,"The opposite of ""cold"" is """,warm,0,0,24.25,25.375,1.125
gemma-2-2b,28,val,val,en,en,cold,"The opposite of ""cold"" is """,warm,0,0,24.25,25.625,1.375
gemma-2-2b,28,val,freq,en,en,cold,"The opposite of ""cold"" is """,warm,0,0,24.25,26.375,2.125
gemma-2-2b,28,freq,desc,en,en,cold,"The opposite of ""cold"" is """,warm,0,0,24.25,24.375,0.125
gemma-2-2b,28,freq,val,en,en,cold,"The opposite of ""cold"" is """,warm,0,0,24.25,24.5,0.25
gemma-2-2b,28,freq,freq,en,en,cold,"The opposite of ""cold"" is """,warm,0,0,24.25,24.75,0.5
gemma-2-2b,29,desc,desc,en,en,slow,"The opposite of ""slow"" is """,fast,0,0,25.375,25.375,0.0
gemma-2-2b,29,desc,val,en,en,slow,"The opposite of ""slow"" is """,fast,0,0,25.375,25.0,-0.375
gemma-2-2b,29,desc,freq,en,en,slow,"The opposite of ""slow"" is """,fast,0,0,25.375,26.5,1.125
gemma-2-2b,29,val,desc,en,en,slow,"The opposite of ""slow"" is """,fast,0,0,25.375,26.125,0.75
gemma-2-2b,29,val,val,en,en,slow,"The opposite of ""slow"" is """,fast,0,0,25.375,26.25,0.875
gemma-2-2b,29,val,freq,en,en,slow,"The opposite of ""slow"" is """,fast,0,0,25.375,27.0,1.625
gemma-2-2b,29,freq,desc,en,en,slow,"The opposite of ""slow"" is """,fast,0,0,25.375,25.375,0.0
gemma-2-2b,29,freq,val,en,en,slow,"The opposite of ""slow"" is """,fast,0,0,25.375,25.75,0.375
gemma-2-2b,29,freq,freq,en,en,slow,"The opposite of ""slow"" is """,fast,0,0,25.375,25.625,0.25
gemma-2-2b,30,desc,desc,en,en,heavy,"The opposite of ""heavy"" is """,light,0,0,24.125,24.125,0.0
gemma-2-2b,30,desc,val,en,en,heavy,"The opposite of ""heavy"" is """,light,0,0,24.125,23.75,-0.375
gemma-2-2b,30,desc,freq,en,en,heavy,"The opposite of ""heavy"" is """,light,0,0,24.125,25.25,1.125
gemma-2-2b,30,val,desc,en,en,heavy,"The opposite of ""heavy"" is """,light,0,0,24.125,25.25,1.125
gemma-2-2b,30,val,val,en,en,heavy,"The opposite of ""heavy"" is """,light,0,0,24.125,25.375,1.25
gemma-2-2b,30,val,freq,en,en,heavy,"The opposite of ""heavy"" is """,light,0,0,24.125,26.125,2.0
gemma-2-2b,30,freq,desc,en,en,heavy,"The opposite of ""heavy"" is """,light,0,0,24.125,24.25,0.125
gemma-2-2b,30,freq,val,en,en,heavy,"The opposite of ""heavy"" is """,light,0,0,24.125,24.5,0.375
gemma-2-2b,30,freq,freq,en,en,heavy,"The opposite of ""heavy"" is """,light,0,0,24.125,24.5,0.375
gemma-2-2b,31,desc,desc,en,en,difficult,"The opposite of ""difficult"" is """,easy,0,0,25.125,25.125,0.0
gemma-2-2b,31,desc,val,en,en,difficult,"The opposite of ""difficult"" is """,easy,0,0,25.125,25.5,0.375
gemma-2-2b,31,desc,freq,en,en,difficult,"The opposite of ""difficult"" is """,easy,0,0,25.125,26.0,0.875
gemma-2-2b,31,val,desc,en,en,difficult,"The opposite of ""difficult"" is """,easy,0,0,25.125,26.375,1.25
gemma-2-2b,31,val,val,en,en,difficult,"The opposite of ""difficult"" is """,easy,0,0,25.125,26.375,1.25
gemma-2-2b,31,val,freq,en,en,difficult,"The opposite of ""difficult"" is """,easy,0,0,25.125,27.0,1.875
gemma-2-2b,31,freq,desc,en,en,difficult,"The opposite of ""difficult"" is """,easy,0,0,25.125,25.375,0.25
gemma-2-2b,31,freq,val,en,en,difficult,"The opposite of ""difficult"" is """,easy,0,0,25.125,26.25,1.125
gemma-2-2b,31,freq,freq,en,en,difficult,"The opposite of ""difficult"" is """,easy,0,0,25.125,25.5,0.375
gemma-2-2b,32,desc,desc,en,en,old,"The opposite of ""old"" is """,new,0,0,24.125,24.125,0.0
gemma-2-2b,32,desc,val,en,en,old,"The opposite of ""old"" is """,new,0,0,24.125,23.625,-0.5
gemma-2-2b,32,desc,freq,en,en,old,"The opposite of ""old"" is """,new,0,0,24.125,25.125,1.0
gemma-2-2b,32,val,desc,en,en,old,"The opposite of ""old"" is """,new,0,0,24.125,25.375,1.25
gemma-2-2b,32,val,val,en,en,old,"The opposite of ""old"" is """,new,0,0,24.125,25.625,1.5
gemma-2-2b,32,val,freq,en,en,old,"The opposite of ""old"" is """,new,0,0,24.125,26.25,2.125
gemma-2-2b,32,freq,desc,en,en,old,"The opposite of ""old"" is """,new,0,0,24.125,24.5,0.375
gemma-2-2b,32,freq,val,en,en,old,"The opposite of ""old"" is """,new,0,0,24.125,24.875,0.75
gemma-2-2b,32,freq,freq,en,en,old,"The opposite of ""old"" is """,new,0,0,24.125,24.75,0.625
gemma-2-2b,33,desc,desc,en,en,false,"The opposite of ""false"" is """,true,0,0,23.125,23.125,0.0
gemma-2-2b,33,desc,val,en,en,false,"The opposite of ""false"" is """,true,0,0,23.125,24.0,0.875
gemma-2-2b,33,desc,freq,en,en,false,"The opposite of ""false"" is """,true,0,0,23.125,24.25,1.125
gemma-2-2b,33,val,desc,en,en,false,"The opposite of ""false"" is """,true,0,0,23.125,25.375,2.25
gemma-2-2b,33,val,val,en,en,false,"The opposite of ""false"" is """,true,0,0,23.125,25.625,2.5
gemma-2-2b,33,val,freq,en,en,false,"The opposite of ""false"" is """,true,0,0,23.125,26.25,3.125
gemma-2-2b,33,freq,desc,en,en,false,"The opposite of ""false"" is """,true,0,0,23.125,23.75,0.625
gemma-2-2b,33,freq,val,en,en,false,"The opposite of ""false"" is """,true,0,0,23.125,25.25,2.125
gemma-2-2b,33,freq,freq,en,en,false,"The opposite of ""false"" is """,true,0,0,23.125,24.125,1.0
gemma-2-2b,34,desc,desc,en,en,dead,"The opposite of ""dead"" is """,alive,0,0,25.25,25.25,0.0
gemma-2-2b,34,desc,val,en,en,dead,"The opposite of ""dead"" is """,alive,0,0,25.25,24.875,-0.375
gemma-2-2b,34,desc,freq,en,en,dead,"The opposite of ""dead"" is """,alive,0,0,25.25,26.125,0.875
gemma-2-2b,34,val,desc,en,en,dead,"The opposite of ""dead"" is """,alive,0,0,25.25,26.0,0.75
gemma-2-2b,34,val,val,en,en,dead,"The opposite of ""dead"" is """,alive,0,0,25.25,26.375,1.125
gemma-2-2b,34,val,freq,en,en,dead,"The opposite of ""dead"" is """,alive,0,0,25.25,26.875,1.625
gemma-2-2b,34,freq,desc,en,en,dead,"The opposite of ""dead"" is """,alive,0,0,25.25,25.125,-0.125
gemma-2-2b,34,freq,val,en,en,dead,"The opposite of ""dead"" is """,alive,0,0,25.25,25.375,0.125
gemma-2-2b,34,freq,freq,en,en,dead,"The opposite of ""dead"" is """,alive,0,0,25.25,25.375,0.125
gemma-2-2b,35,desc,desc,en,en,empty,"The opposite of ""empty"" is """,full,0,0,25.75,25.75,0.0
gemma-2-2b,35,desc,val,en,en,empty,"The opposite of ""empty"" is """,full,0,0,25.75,25.625,-0.125
gemma-2-2b,35,desc,freq,en,en,empty,"The opposite of ""empty"" is """,full,0,0,25.75,26.875,1.125
gemma-2-2b,35,val,desc,en,en,empty,"The opposite of ""empty"" is """,full,0,0,25.75,26.625,0.875
gemma-2-2b,35,val,val,en,en,empty,"The opposite of ""empty"" is """,full,0,0,25.75,26.625,0.875
gemma-2-2b,35,val,freq,en,en,empty,"The opposite of ""empty"" is """,full,0,0,25.75,27.25,1.5
gemma-2-2b,35,freq,desc,en,en,empty,"The opposite of ""empty"" is """,full,0,0,25.75,25.75,0.0
gemma-2-2b,35,freq,val,en,en,empty,"The opposite of ""empty"" is """,full,0,0,25.75,26.375,0.625
gemma-2-2b,35,freq,freq,en,en,empty,"The opposite of ""empty"" is """,full,0,0,25.75,26.0,0.25
gemma-2-2b,36,desc,desc,en,en,dark,"The opposite of ""dark"" is """,light,0,0,24.625,24.625,0.0
gemma-2-2b,36,desc,val,en,en,dark,"The opposite of ""dark"" is """,light,0,0,24.625,24.125,-0.5
gemma-2-2b,36,desc,freq,en,en,dark,"The opposite of ""dark"" is """,light,0,0,24.625,25.625,1.0
gemma-2-2b,36,val,desc,en,en,dark,"The opposite of ""dark"" is """,light,0,0,24.625,25.75,1.125
gemma-2-2b,36,val,val,en,en,dark,"The opposite of ""dark"" is """,light,0,0,24.625,26.125,1.5
gemma-2-2b,36,val,freq,en,en,dark,"The opposite of ""dark"" is """,light,0,0,24.625,26.75,2.125
gemma-2-2b,36,freq,desc,en,en,dark,"The opposite of ""dark"" is """,light,0,0,24.625,24.75,0.125
gemma-2-2b,36,freq,val,en,en,dark,"The opposite of ""dark"" is """,light,0,0,24.625,25.0,0.375
gemma-2-2b,36,freq,freq,en,en,dark,"The opposite of ""dark"" is """,light,0,0,24.625,25.125,0.5
gemma-2-2b,37,desc,desc,en,en,weak,"The opposite of ""weak"" is """,strong,0,0,24.375,24.375,0.0
gemma-2-2b,37,desc,val,en,en,weak,"The opposite of ""weak"" is """,strong,0,0,24.375,25.125,0.75
gemma-2-2b,37,desc,freq,en,en,weak,"The opposite of ""weak"" is """,strong,0,0,24.375,25.25,0.875
gemma-2-2b,37,val,desc,en,en,weak,"The opposite of ""weak"" is """,strong,0,0,24.375,26.125,1.75
gemma-2-2b,37,val,val,en,en,weak,"The opposite of ""weak"" is """,strong,0,0,24.375,26.375,2.0
gemma-2-2b,37,val,freq,en,en,weak,"The opposite of ""weak"" is """,strong,0,0,24.375,26.875,2.5
gemma-2-2b,37,freq,desc,en,en,weak,"The opposite of ""weak"" is """,strong,0,0,24.375,24.75,0.375
gemma-2-2b,37,freq,val,en,en,weak,"The opposite of ""weak"" is """,strong,0,0,24.375,25.875,1.5
gemma-2-2b,37,freq,freq,en,en,weak,"The opposite of ""weak"" is """,strong,0,0,24.375,25.125,0.75
gemma-2-2b,38,desc,desc,en,en,dirty,"The opposite of ""dirty"" is """,clean,0,0,25.25,25.25,0.0
gemma-2-2b,38,desc,val,en,en,dirty,"The opposite of ""dirty"" is """,clean,0,0,25.25,25.0,-0.25
gemma-2-2b,38,desc,freq,en,en,dirty,"The opposite of ""dirty"" is """,clean,0,0,25.25,26.25,1.0
gemma-2-2b,38,val,desc,en,en,dirty,"The opposite of ""dirty"" is """,clean,0,0,25.25,25.75,0.5
gemma-2-2b,38,val,val,en,en,dirty,"The opposite of ""dirty"" is """,clean,0,0,25.25,26.25,1.0
gemma-2-2b,38,val,freq,en,en,dirty,"The opposite of ""dirty"" is """,clean,0,0,25.25,27.0,1.75
gemma-2-2b,38,freq,desc,en,en,dirty,"The opposite of ""dirty"" is """,clean,0,0,25.25,24.875,-0.375
gemma-2-2b,38,freq,val,en,en,dirty,"The opposite of ""dirty"" is """,clean,0,0,25.25,25.5,0.25
gemma-2-2b,38,freq,freq,en,en,dirty,"The opposite of ""dirty"" is """,clean,0,0,25.25,25.375,0.125
gemma-2-2b,39,desc,desc,en,en,closed,"The opposite of ""closed"" is """,open,0,0,24.75,24.75,0.0
gemma-2-2b,39,desc,val,en,en,closed,"The opposite of ""closed"" is """,open,0,0,24.75,24.75,0.0
gemma-2-2b,39,desc,freq,en,en,closed,"The opposite of ""closed"" is """,open,0,0,24.75,25.5,0.75
gemma-2-2b,39,val,desc,en,en,closed,"The opposite of ""closed"" is """,open,0,0,24.75,26.5,1.75
gemma-2-2b,39,val,val,en,en,closed,"The opposite of ""closed"" is """,open,0,0,24.75,26.625,1.875
gemma-2-2b,39,val,freq,en,en,closed,"The opposite of ""closed"" is """,open,0,0,24.75,27.0,2.25
gemma-2-2b,39,freq,desc,en,en,closed,"The opposite of ""closed"" is """,open,0,0,24.75,25.25,0.5
gemma-2-2b,39,freq,val,en,en,closed,"The opposite of ""closed"" is """,open,0,0,24.75,25.75,1.0
gemma-2-2b,39,freq,freq,en,en,closed,"The opposite of ""closed"" is """,open,0,0,24.75,25.375,0.625
gemma-2-2b,40,desc,desc,en,en,poor,"The opposite of ""poor"" is """,rich,0,0,25.375,25.375,0.0
gemma-2-2b,40,desc,val,en,en,poor,"The opposite of ""poor"" is """,rich,0,0,25.375,25.375,0.0
gemma-2-2b,40,desc,freq,en,en,poor,"The opposite of ""poor"" is """,rich,0,0,25.375,26.5,1.125
gemma-2-2b,40,val,desc,en,en,poor,"The opposite of ""poor"" is """,rich,0,0,25.375,26.125,0.75
gemma-2-2b,40,val,val,en,en,poor,"The opposite of ""poor"" is """,rich,0,0,25.375,26.125,0.75
gemma-2-2b,40,val,freq,en,en,poor,"The opposite of ""poor"" is """,rich,0,0,25.375,26.75,1.375
gemma-2-2b,40,freq,desc,en,en,poor,"The opposite of ""poor"" is """,rich,0,0,25.375,25.375,0.0
gemma-2-2b,40,freq,val,en,en,poor,"The opposite of ""poor"" is """,rich,0,0,25.375,25.75,0.375
gemma-2-2b,40,freq,freq,en,en,poor,"The opposite of ""poor"" is """,rich,0,0,25.375,25.5,0.125
gemma-2-2b,41,desc,desc,en,en,ugly,"The opposite of ""ugly"" is """,beautiful,0,0,23.875,23.875,0.0
gemma-2-2b,41,desc,val,en,en,ugly,"The opposite of ""ugly"" is """,beautiful,0,0,23.875,24.0,0.125
gemma-2-2b,41,desc,freq,en,en,ugly,"The opposite of ""ugly"" is """,beautiful,0,0,23.875,25.125,1.25
gemma-2-2b,41,val,desc,en,en,ugly,"The opposite of ""ugly"" is """,beautiful,0,0,23.875,25.125,1.25
gemma-2-2b,41,val,val,en,en,ugly,"The opposite of ""ugly"" is """,beautiful,0,0,23.875,25.375,1.5
gemma-2-2b,41,val,freq,en,en,ugly,"The opposite of ""ugly"" is """,beautiful,0,0,23.875,26.125,2.25
gemma-2-2b,41,freq,desc,en,en,ugly,"The opposite of ""ugly"" is """,beautiful,0,0,23.875,23.875,0.0
gemma-2-2b,41,freq,val,en,en,ugly,"The opposite of ""ugly"" is """,beautiful,0,0,23.875,25.0,1.125
gemma-2-2b,41,freq,freq,en,en,ugly,"The opposite of ""ugly"" is """,beautiful,0,0,23.875,24.25,0.375
gemma-2-2b,42,desc,desc,en,en,short,"The opposite of ""short"" is """,long,0,0,24.75,24.75,0.0
gemma-2-2b,42,desc,val,en,en,short,"The opposite of ""short"" is """,long,0,0,24.75,24.375,-0.375
gemma-2-2b,42,desc,freq,en,en,short,"The opposite of ""short"" is """,long,0,0,24.75,25.5,0.75
gemma-2-2b,42,val,desc,en,en,short,"The opposite of ""short"" is """,long,0,0,24.75,26.125,1.375
gemma-2-2b,42,val,val,en,en,short,"The opposite of ""short"" is """,long,0,0,24.75,26.25,1.5
gemma-2-2b,42,val,freq,en,en,short,"The opposite of ""short"" is """,long,0,0,24.75,26.75,2.0
gemma-2-2b,42,freq,desc,en,en,short,"The opposite of ""short"" is """,long,0,0,24.75,25.25,0.5
gemma-2-2b,42,freq,val,en,en,short,"The opposite of ""short"" is """,long,0,0,24.75,25.625,0.875
gemma-2-2b,42,freq,freq,en,en,short,"The opposite of ""short"" is """,long,0,0,24.75,25.375,0.625
gemma-2-2b,43,desc,desc,en,en,narrow,"The opposite of ""narrow"" is """,wide,0,0,23.875,23.875,0.0
gemma-2-2b,43,desc,val,en,en,narrow,"The opposite of ""narrow"" is """,wide,0,0,23.875,22.125,-1.75
gemma-2-2b,43,desc,freq,en,en,narrow,"The opposite of ""narrow"" is """,wide,0,0,23.875,25.0,1.125
gemma-2-2b,43,val,desc,en,en,narrow,"The opposite of ""narrow"" is """,wide,0,0,23.875,24.625,0.75
gemma-2-2b,43,val,val,en,en,narrow,"The opposite of ""narrow"" is """,wide,0,0,23.875,25.125,1.25
gemma-2-2b,43,val,freq,en,en,narrow,"The opposite of ""narrow"" is """,wide,0,0,23.875,26.0,2.125
gemma-2-2b,43,freq,desc,en,en,narrow,"The opposite of ""narrow"" is """,wide,0,0,23.875,23.875,0.0
gemma-2-2b,43,freq,val,en,en,narrow,"The opposite of ""narrow"" is """,wide,0,0,23.875,23.5,-0.375
gemma-2-2b,43,freq,freq,en,en,narrow,"The opposite of ""narrow"" is """,wide,0,0,23.875,24.5,0.625
gemma-2-2b,44,desc,desc,en,en,soft,"The opposite of ""soft"" is """,hard,0,0,23.875,23.875,0.0
gemma-2-2b,44,desc,val,en,en,soft,"The opposite of ""soft"" is """,hard,0,0,23.875,22.25,-1.625
gemma-2-2b,44,desc,freq,en,en,soft,"The opposite of ""soft"" is """,hard,0,0,23.875,24.75,0.875
gemma-2-2b,44,val,desc,en,en,soft,"The opposite of ""soft"" is """,hard,0,0,23.875,24.75,0.875
gemma-2-2b,44,val,val,en,en,soft,"The opposite of ""soft"" is """,hard,0,0,23.875,25.0,1.125
gemma-2-2b,44,val,freq,en,en,soft,"The opposite of ""soft"" is """,hard,0,0,23.875,25.625,1.75
gemma-2-2b,44,freq,desc,en,en,soft,"The opposite of ""soft"" is """,hard,0,0,23.875,23.875,0.0
gemma-2-2b,44,freq,val,en,en,soft,"The opposite of ""soft"" is """,hard,0,0,23.875,23.5,-0.375
gemma-2-2b,44,freq,freq,en,en,soft,"The opposite of ""soft"" is """,hard,0,0,23.875,24.25,0.375
gemma-2-2b,45,desc,desc,en,en,wet,"The opposite of ""wet"" is """,dry,0,0,25.25,25.25,0.0
gemma-2-2b,45,desc,val,en,en,wet,"The opposite of ""wet"" is """,dry,0,0,25.25,25.375,0.125
gemma-2-2b,45,desc,freq,en,en,wet,"The opposite of ""wet"" is """,dry,0,0,25.25,26.25,1.0
gemma-2-2b,45,val,desc,en,en,wet,"The opposite of ""wet"" is """,dry,0,0,25.25,26.375,1.125
gemma-2-2b,45,val,val,en,en,wet,"The opposite of ""wet"" is """,dry,0,0,25.25,26.625,1.375
gemma-2-2b,45,val,freq,en,en,wet,"The opposite of ""wet"" is """,dry,0,0,25.25,27.125,1.875
gemma-2-2b,45,freq,desc,en,en,wet,"The opposite of ""wet"" is """,dry,0,0,25.25,25.125,-0.125
gemma-2-2b,45,freq,val,en,en,wet,"The opposite of ""wet"" is """,dry,0,0,25.25,25.75,0.5
gemma-2-2b,45,freq,freq,en,en,wet,"The opposite of ""wet"" is """,dry,0,0,25.25,25.5,0.25
gemma-2-2b,46,desc,desc,en,en,quiet,"The opposite of ""quiet"" is """,noisy,0,0,24.75,24.75,0.0
gemma-2-2b,46,desc,val,en,en,quiet,"The opposite of ""quiet"" is """,noisy,0,0,24.75,23.375,-1.375
gemma-2-2b,46,desc,freq,en,en,quiet,"The opposite of ""quiet"" is """,noisy,0,0,24.75,25.75,1.0
gemma-2-2b,46,val,desc,en,en,quiet,"The opposite of ""quiet"" is """,noisy,0,0,24.75,25.0,0.25
gemma-2-2b,46,val,val,en,en,quiet,"The opposite of ""quiet"" is """,noisy,0,0,24.75,25.125,0.375
gemma-2-2b,46,val,freq,en,en,quiet,"The opposite of ""quiet"" is """,noisy,0,0,24.75,25.75,1.0
gemma-2-2b,46,freq,desc,en,en,quiet,"The opposite of ""quiet"" is """,noisy,0,0,24.75,24.25,-0.5
gemma-2-2b,46,freq,val,en,en,quiet,"The opposite of ""quiet"" is """,noisy,0,0,24.75,24.125,-0.625
gemma-2-2b,46,freq,freq,en,en,quiet,"The opposite of ""quiet"" is """,noisy,0,0,24.75,24.625,-0.125
gemma-2-2b,47,desc,desc,en,en,late,"The opposite of ""late"" is """,early,0,0,24.5,24.5,0.0
gemma-2-2b,47,desc,val,en,en,late,"The opposite of ""late"" is """,early,0,0,24.5,23.875,-0.625
gemma-2-2b,47,desc,freq,en,en,late,"The opposite of ""late"" is """,early,0,0,24.5,25.25,0.75
gemma-2-2b,47,val,desc,en,en,late,"The opposite of ""late"" is """,early,0,0,24.5,25.75,1.25
gemma-2-2b,47,val,val,en,en,late,"The opposite of ""late"" is """,early,0,0,24.5,25.75,1.25
gemma-2-2b,47,val,freq,en,en,late,"The opposite of ""late"" is """,early,0,0,24.5,26.375,1.875
gemma-2-2b,47,freq,desc,en,en,late,"The opposite of ""late"" is """,early,0,0,24.5,24.875,0.375
gemma-2-2b,47,freq,val,en,en,late,"The opposite of ""late"" is """,early,0,0,24.5,25.0,0.5
gemma-2-2b,47,freq,freq,en,en,late,"The opposite of ""late"" is """,early,0,0,24.5,25.125,0.625
gemma-2-2b,48,desc,desc,en,en,far,"The opposite of ""far"" is """,near,0,0,25.375,25.375,0.0
gemma-2-2b,48,desc,val,en,en,far,"The opposite of ""far"" is """,near,0,0,25.375,25.375,0.0
gemma-2-2b,48,desc,freq,en,en,far,"The opposite of ""far"" is """,near,0,0,25.375,26.25,0.875
gemma-2-2b,48,val,desc,en,en,far,"The opposite of ""far"" is """,near,0,0,25.375,26.625,1.25
gemma-2-2b,48,val,val,en,en,far,"The opposite of ""far"" is """,near,0,0,25.375,27.0,1.625
gemma-2-2b,48,val,freq,en,en,far,"The opposite of ""far"" is """,near,0,0,25.375,27.25,1.875
gemma-2-2b,48,freq,desc,en,en,far,"The opposite of ""far"" is """,near,0,0,25.375,25.375,0.0
gemma-2-2b,48,freq,val,en,en,far,"The opposite of ""far"" is """,near,0,0,25.375,25.75,0.375
gemma-2-2b,48,freq,freq,en,en,far,"The opposite of ""far"" is """,near,0,0,25.375,25.75,0.375
gemma-2-2b,49,desc,desc,en,en,shallow,"The opposite of ""shallow"" is """,deep,0,0,24.125,24.125,0.0
gemma-2-2b,49,desc,val,en,en,shallow,"The opposite of ""shallow"" is """,deep,0,0,24.125,24.0,-0.125
gemma-2-2b,49,desc,freq,en,en,shallow,"The opposite of ""shallow"" is """,deep,0,0,24.125,25.125,1.0
gemma-2-2b,49,val,desc,en,en,shallow,"The opposite of ""shallow"" is """,deep,0,0,24.125,25.0,0.875
gemma-2-2b,49,val,val,en,en,shallow,"The opposite of ""shallow"" is """,deep,0,0,24.125,25.375,1.25
gemma-2-2b,49,val,freq,en,en,shallow,"The opposite of ""shallow"" is """,deep,0,0,24.125,26.125,2.0
gemma-2-2b,49,freq,desc,en,en,shallow,"The opposite of ""shallow"" is """,deep,0,0,24.125,24.125,0.0
gemma-2-2b,49,freq,val,en,en,shallow,"The opposite of ""shallow"" is """,deep,0,0,24.125,25.125,1.0
gemma-2-2b,49,freq,freq,en,en,shallow,"The opposite of ""shallow"" is """,deep,0,0,24.125,24.75,0.625
gemma-2-2b,50,desc,desc,en,en,young,"The opposite of ""young"" is """,old,0,0,25.375,25.5,0.125
gemma-2-2b,50,desc,val,en,en,young,"The opposite of ""young"" is """,old,0,0,25.375,25.125,-0.25
gemma-2-2b,50,desc,freq,en,en,young,"The opposite of ""young"" is """,old,0,0,25.375,26.375,1.0
gemma-2-2b,50,val,desc,en,en,young,"The opposite of ""young"" is """,old,0,0,25.375,26.25,0.875
gemma-2-2b,50,val,val,en,en,young,"The opposite of ""young"" is """,old,0,0,25.375,26.5,1.125
gemma-2-2b,50,val,freq,en,en,young,"The opposite of ""young"" is """,old,0,0,25.375,27.0,1.625
gemma-2-2b,50,freq,desc,en,en,young,"The opposite of ""young"" is """,old,0,0,25.375,25.5,0.125
gemma-2-2b,50,freq,val,en,en,young,"The opposite of ""young"" is """,old,0,0,25.375,25.75,0.375
gemma-2-2b,50,freq,freq,en,en,young,"The opposite of ""young"" is """,old,0,0,25.375,25.75,0.375
gemma-2-2b,51,desc,desc,en,en,kind,"The opposite of ""kind"" is """,mean,1,1,24.0,24.0,0.0
gemma-2-2b,51,desc,val,en,en,kind,"The opposite of ""kind"" is """,mean,1,2,24.0,21.75,-2.25
gemma-2-2b,51,desc,freq,en,en,kind,"The opposite of ""kind"" is """,mean,1,1,24.0,25.25,1.25
gemma-2-2b,51,val,desc,en,en,kind,"The opposite of ""kind"" is """,mean,1,2,24.0,23.75,-0.25
gemma-2-2b,51,val,val,en,en,kind,"The opposite of ""kind"" is """,mean,1,2,24.0,24.125,0.125
gemma-2-2b,51,val,freq,en,en,kind,"The opposite of ""kind"" is """,mean,1,1,24.0,25.375,1.375
gemma-2-2b,51,freq,desc,en,en,kind,"The opposite of ""kind"" is """,mean,1,1,24.0,23.375,-0.625
gemma-2-2b,51,freq,val,en,en,kind,"The opposite of ""kind"" is """,mean,1,2,24.0,23.125,-0.875
gemma-2-2b,51,freq,freq,en,en,kind,"The opposite of ""kind"" is """,mean,1,1,24.0,24.0,0.0
gemma-2-2b,52,desc,desc,en,en,brave,"The opposite of ""brave"" is """,cowardly,0,0,23.25,23.25,0.0
gemma-2-2b,52,desc,val,en,en,brave,"The opposite of ""brave"" is """,cowardly,0,0,23.25,22.25,-1.0
gemma-2-2b,52,desc,freq,en,en,brave,"The opposite of ""brave"" is """,cowardly,0,0,23.25,24.75,1.5
gemma-2-2b,52,val,desc,en,en,brave,"The opposite of ""brave"" is """,cowardly,0,0,23.25,23.875,0.625
gemma-2-2b,52,val,val,en,en,brave,"The opposite of ""brave"" is """,cowardly,0,0,23.25,24.375,1.125
gemma-2-2b,52,val,freq,en,en,brave,"The opposite of ""brave"" is """,cowardly,0,0,23.25,25.25,2.0
gemma-2-2b,52,freq,desc,en,en,brave,"The opposite of ""brave"" is """,cowardly,0,0,23.25,22.75,-0.5
gemma-2-2b,52,freq,val,en,en,brave,"The opposite of ""brave"" is """,cowardly,0,0,23.25,23.0,-0.25
gemma-2-2b,52,freq,freq,en,en,brave,"The opposite of ""brave"" is """,cowardly,0,0,23.25,23.5,0.25
gemma-2-2b,53,desc,desc,en,en,wise,"The opposite of ""wise"" is """,foolish,0,0,24.0,24.125,0.125
gemma-2-2b,53,desc,val,en,en,wise,"The opposite of ""wise"" is """,foolish,0,0,24.0,23.875,-0.125
gemma-2-2b,53,desc,freq,en,en,wise,"The opposite of ""wise"" is """,foolish,0,0,24.0,25.5,1.5
gemma-2-2b,53,val,desc,en,en,wise,"The opposite of ""wise"" is """,foolish,0,0,24.0,25.125,1.125
gemma-2-2b,53,val,val,en,en,wise,"The opposite of ""wise"" is """,foolish,0,0,24.0,25.25,1.25
gemma-2-2b,53,val,freq,en,en,wise,"The opposite of ""wise"" is """,foolish,0,0,24.0,25.875,1.875
gemma-2-2b,53,freq,desc,en,en,wise,"The opposite of ""wise"" is """,foolish,0,0,24.0,24.125,0.125
gemma-2-2b,53,freq,val,en,en,wise,"The opposite of ""wise"" is """,foolish,0,0,24.0,24.375,0.375
gemma-2-2b,53,freq,freq,en,en,wise,"The opposite of ""wise"" is """,foolish,0,0,24.0,24.375,0.375
gemma-2-2b,54,desc,desc,en,en,polite,"The opposite of ""polite"" is """,rude,0,0,25.75,25.875,0.125
gemma-2-2b,54,desc,val,en,en,polite,"The opposite of ""polite"" is """,rude,0,0,25.75,24.125,-1.625
gemma-2-2b,54,desc,freq,en,en,polite,"The opposite of ""polite"" is """,rude,0,0,25.75,26.875,1.125
gemma-2-2b,54,val,desc,en,en,polite,"The opposite of ""polite"" is """,rude,0,0,25.75,25.25,-0.5
gemma-2-2b,54,val,val,en,en,polite,"The opposite of ""polite"" is """,rude,0,0,25.75,25.75,0.0
gemma-2-2b,54,val,freq,en,en,polite,"The opposite of ""polite"" is """,rude,0,0,25.75,26.625,0.875
gemma-2-2b,54,freq,desc,en,en,polite,"The opposite of ""polite"" is """,rude,0,0,25.75,25.25,-0.5
gemma-2-2b,54,freq,val,en,en,polite,"The opposite of ""polite"" is """,rude,0,0,25.75,24.625,-1.125
gemma-2-2b,54,freq,freq,en,en,polite,"The opposite of ""polite"" is """,rude,0,0,25.75,25.75,0.0
gemma-2-2b,55,desc,desc,en,en,patient,"The opposite of ""patient"" is """,impatient,0,0,24.5,24.5,0.0
gemma-2-2b,55,desc,val,en,en,patient,"The opposite of ""patient"" is """,impatient,0,1,24.5,22.25,-2.25
gemma-2-2b,55,desc,freq,en,en,patient,"The opposite of ""patient"" is """,impatient,0,2,24.5,24.75,0.25
gemma-2-2b,55,val,desc,en,en,patient,"The opposite of ""patient"" is """,impatient,0,2,24.5,23.5,-1.0
gemma-2-2b,55,val,val,en,en,patient,"The opposite of ""patient"" is """,impatient,0,1,24.5,24.25,-0.25
gemma-2-2b,55,val,freq,en,en,patient,"The opposite of ""patient"" is """,impatient,0,2,24.5,24.75,0.25
gemma-2-2b,55,freq,desc,en,en,patient,"The opposite of ""patient"" is """,impatient,0,2,24.5,23.5,-1.0
gemma-2-2b,55,freq,val,en,en,patient,"The opposite of ""patient"" is """,impatient,0,1,24.5,23.25,-1.25
gemma-2-2b,55,freq,freq,en,en,patient,"The opposite of ""patient"" is """,impatient,0,0,24.5,24.5,0.0
gemma-2-2b,56,desc,desc,en,en,honest,"The opposite of ""honest"" is """,dishonest,0,0,25.625,25.625,0.0
gemma-2-2b,56,desc,val,en,en,honest,"The opposite of ""honest"" is """,dishonest,0,0,25.625,24.5,-1.125
gemma-2-2b,56,desc,freq,en,en,honest,"The opposite of ""honest"" is """,dishonest,0,0,25.625,26.625,1.0
gemma-2-2b,56,val,desc,en,en,honest,"The opposite of ""honest"" is """,dishonest,0,0,25.625,25.5,-0.125
gemma-2-2b,56,val,val,en,en,honest,"The opposite of ""honest"" is """,dishonest,0,0,25.625,25.875,0.25
gemma-2-2b,56,val,freq,en,en,honest,"The opposite of ""honest"" is """,dishonest,0,0,25.625,26.75,1.125
gemma-2-2b,56,freq,desc,en,en,honest,"The opposite of ""honest"" is """,dishonest,0,0,25.625,25.125,-0.5
gemma-2-2b,56,freq,val,en,en,honest,"The opposite of ""honest"" is """,dishonest,0,0,25.625,25.125,-0.5
gemma-2-2b,56,freq,freq,en,en,honest,"The opposite of ""honest"" is """,dishonest,0,0,25.625,25.625,0.0
gemma-2-2b,57,desc,desc,en,en,safe,"The opposite of ""safe"" is """,unsafe,0,0,26.625,26.625,0.0
gemma-2-2b,57,desc,val,en,en,safe,"The opposite of ""safe"" is """,unsafe,0,0,26.625,25.25,-1.375
gemma-2-2b,57,desc,freq,en,en,safe,"The opposite of ""safe"" is """,unsafe,0,0,26.625,27.0,0.375
gemma-2-2b,57,val,desc,en,en,safe,"The opposite of ""safe"" is """,unsafe,0,0,26.625,26.125,-0.5
gemma-2-2b,57,val,val,en,en,safe,"The opposite of ""safe"" is """,unsafe,0,0,26.625,26.5,-0.125
gemma-2-2b,57,val,freq,en,en,safe,"The opposite of ""safe"" is """,unsafe,0,0,26.625,26.75,0.125
gemma-2-2b,57,freq,desc,en,en,safe,"The opposite of ""safe"" is """,unsafe,0,0,26.625,25.75,-0.875
gemma-2-2b,57,freq,val,en,en,safe,"The opposite of ""safe"" is """,unsafe,0,0,26.625,25.75,-0.875
gemma-2-2b,57,freq,freq,en,en,safe,"The opposite of ""safe"" is """,unsafe,0,0,26.625,26.5,-0.125
gemma-2-2b,58,desc,desc,en,en,active,"The opposite of ""active"" is """,passive,0,0,23.75,23.75,0.0
gemma-2-2b,58,desc,val,en,en,active,"The opposite of ""active"" is """,passive,0,0,23.75,23.125,-0.625
gemma-2-2b,58,desc,freq,en,en,active,"The opposite of ""active"" is """,passive,0,0,23.75,24.75,1.0
gemma-2-2b,58,val,desc,en,en,active,"The opposite of ""active"" is """,passive,0,0,23.75,24.875,1.125
gemma-2-2b,58,val,val,en,en,active,"The opposite of ""active"" is """,passive,0,0,23.75,25.125,1.375
gemma-2-2b,58,val,freq,en,en,active,"The opposite of ""active"" is """,passive,0,0,23.75,25.625,1.875
gemma-2-2b,58,freq,desc,en,en,active,"The opposite of ""active"" is """,passive,0,0,23.75,23.75,0.0
gemma-2-2b,58,freq,val,en,en,active,"The opposite of ""active"" is """,passive,0,0,23.75,24.125,0.375
gemma-2-2b,58,freq,freq,en,en,active,"The opposite of ""active"" is """,passive,0,0,23.75,24.125,0.375
gemma-2-2b,59,desc,desc,en,en,straight,"The opposite of ""straight"" is """,bent,1,1,21.5,21.5,0.0
gemma-2-2b,59,desc,val,en,en,straight,"The opposite of ""straight"" is """,bent,1,1,21.5,18.0,-3.5
gemma-2-2b,59,desc,freq,en,en,straight,"The opposite of ""straight"" is """,bent,1,1,21.5,23.5,2.0
gemma-2-2b,59,val,desc,en,en,straight,"The opposite of ""straight"" is """,bent,1,1,21.5,22.375,0.875
gemma-2-2b,59,val,val,en,en,straight,"The opposite of ""straight"" is """,bent,1,1,21.5,22.875,1.375
gemma-2-2b,59,val,freq,en,en,straight,"The opposite of ""straight"" is """,bent,1,1,21.5,24.375,2.875
gemma-2-2b,59,freq,desc,en,en,straight,"The opposite of ""straight"" is """,bent,1,1,21.5,21.25,-0.25
gemma-2-2b,59,freq,val,en,en,straight,"The opposite of ""straight"" is """,bent,1,1,21.5,19.375,-2.125
gemma-2-2b,59,freq,freq,en,en,straight,"The opposite of ""straight"" is """,bent,1,1,21.5,21.875,0.375
gemma-2-2b,60,desc,desc,en,en,whole,"The opposite of ""whole"" is """,part,1,1,23.0,23.125,0.125
gemma-2-2b,60,desc,val,en,en,whole,"The opposite of ""whole"" is """,part,1,3,23.0,20.375,-2.625
gemma-2-2b,60,desc,freq,en,en,whole,"The opposite of ""whole"" is """,part,1,2,23.0,23.5,0.5
gemma-2-2b,60,val,desc,en,en,whole,"The opposite of ""whole"" is """,part,1,1,23.0,23.875,0.875
gemma-2-2b,60,val,val,en,en,whole,"The opposite of ""whole"" is """,part,1,1,23.0,23.875,0.875
gemma-2-2b,60,val,freq,en,en,whole,"The opposite of ""whole"" is """,part,1,2,23.0,24.875,1.875
gemma-2-2b,60,freq,desc,en,en,whole,"The opposite of ""whole"" is """,part,1,1,23.0,23.125,0.125
gemma-2-2b,60,freq,val,en,en,whole,"The opposite of ""whole"" is """,part,1,2,23.0,22.25,-0.75
gemma-2-2b,60,freq,freq,en,en,whole,"The opposite of ""whole"" is """,part,1,1,23.0,23.25,0.25
gemma-2-2b,61,desc,desc,en,en,calm,"The opposite of ""calm"" is """,agitated,1,1,22.875,22.875,0.0
gemma-2-2b,61,desc,val,en,en,calm,"The opposite of ""calm"" is """,agitated,1,1,22.875,21.125,-1.75
gemma-2-2b,61,desc,freq,en,en,calm,"The opposite of ""calm"" is """,agitated,1,2,22.875,24.125,1.25
gemma-2-2b,61,val,desc,en,en,calm,"The opposite of ""calm"" is """,agitated,1,1,22.875,23.125,0.25
gemma-2-2b,61,val,val,en,en,calm,"The opposite of ""calm"" is """,agitated,1,1,22.875,23.375,0.5
gemma-2-2b,61,val,freq,en,en,calm,"The opposite of ""calm"" is """,agitated,1,2,22.875,24.5,1.625
gemma-2-2b,61,freq,desc,en,en,calm,"The opposite of ""calm"" is """,agitated,1,3,22.875,22.375,-0.5
gemma-2-2b,61,freq,val,en,en,calm,"The opposite of ""calm"" is """,agitated,1,4,22.875,21.875,-1.0
gemma-2-2b,61,freq,freq,en,en,calm,"The opposite of ""calm"" is """,agitated,1,1,22.875,22.875,0.0
gemma-2-2b,62,desc,desc,en,en,correct,"The opposite of ""correct"" is """,incorrect,0,0,26.625,26.625,0.0
gemma-2-2b,62,desc,val,en,en,correct,"The opposite of ""correct"" is """,incorrect,0,0,26.625,26.25,-0.375
gemma-2-2b,62,desc,freq,en,en,correct,"The opposite of ""correct"" is """,incorrect,0,0,26.625,27.375,0.75
gemma-2-2b,62,val,desc,en,en,correct,"The opposite of ""correct"" is """,incorrect,0,0,26.625,26.875,0.25
gemma-2-2b,62,val,val,en,en,correct,"The opposite of ""correct"" is """,incorrect,0,0,26.625,27.25,0.625
gemma-2-2b,62,val,freq,en,en,correct,"The opposite of ""correct"" is """,incorrect,0,0,26.625,27.375,0.75
gemma-2-2b,62,freq,desc,en,en,correct,"The opposite of ""correct"" is """,incorrect,0,0,26.625,26.125,-0.5
gemma-2-2b,62,freq,val,en,en,correct,"The opposite of ""correct"" is """,incorrect,0,0,26.625,26.625,0.0
gemma-2-2b,62,freq,freq,en,en,correct,"The opposite of ""correct"" is """,incorrect,0,0,26.625,26.5,-0.125
gemma-2-2b,63,desc,desc,en,en,complex,"The opposite of ""complex"" is """,simple,0,0,24.125,24.125,0.0
gemma-2-2b,63,desc,val,en,en,complex,"The opposite of ""complex"" is """,simple,0,0,24.125,24.75,0.625
gemma-2-2b,63,desc,freq,en,en,complex,"The opposite of ""complex"" is """,simple,0,0,24.125,25.25,1.125
gemma-2-2b,63,val,desc,en,en,complex,"The opposite of ""complex"" is """,simple,0,0,24.125,25.5,1.375
gemma-2-2b,63,val,val,en,en,complex,"The opposite of ""complex"" is """,simple,0,0,24.125,25.875,1.75
gemma-2-2b,63,val,freq,en,en,complex,"The opposite of ""complex"" is """,simple,0,0,24.125,26.375,2.25
gemma-2-2b,63,freq,desc,en,en,complex,"The opposite of ""complex"" is """,simple,0,0,24.125,24.625,0.5
gemma-2-2b,63,freq,val,en,en,complex,"The opposite of ""complex"" is """,simple,0,0,24.125,25.625,1.5
gemma-2-2b,63,freq,freq,en,en,complex,"The opposite of ""complex"" is """,simple,0,0,24.125,25.0,0.875
gemma-2-2b,64,desc,desc,en,en,effective,"The opposite of ""effective"" is """,ineffective,0,0,26.375,26.375,0.0
gemma-2-2b,64,desc,val,en,en,effective,"The opposite of ""effective"" is """,ineffective,0,0,26.375,26.625,0.25
gemma-2-2b,64,desc,freq,en,en,effective,"The opposite of ""effective"" is """,ineffective,0,0,26.375,27.25,0.875
gemma-2-2b,64,val,desc,en,en,effective,"The opposite of ""effective"" is """,ineffective,0,0,26.375,26.875,0.5
gemma-2-2b,64,val,val,en,en,effective,"The opposite of ""effective"" is """,ineffective,0,0,26.375,27.0,0.625
gemma-2-2b,64,val,freq,en,en,effective,"The opposite of ""effective"" is """,ineffective,0,0,26.375,27.25,0.875
gemma-2-2b,64,freq,desc,en,en,effective,"The opposite of ""effective"" is """,ineffective,0,0,26.375,26.125,-0.25
gemma-2-2b,64,freq,val,en,en,effective,"The opposite of ""effective"" is """,ineffective,0,0,26.375,26.75,0.375
gemma-2-2b,64,freq,freq,en,en,effective,"The opposite of ""effective"" is """,ineffective,0,0,26.375,26.25,-0.125
gemma-2-2b,65,desc,desc,en,en,famous,"The opposite of ""famous"" is """,unknown,0,0,25.25,25.25,0.0
gemma-2-2b,65,desc,val,en,en,famous,"The opposite of ""famous"" is """,unknown,0,0,25.25,24.25,-1.0
gemma-2-2b,65,desc,freq,en,en,famous,"The opposite of ""famous"" is """,unknown,0,0,25.25,26.125,0.875
gemma-2-2b,65,val,desc,en,en,famous,"The opposite of ""famous"" is """,unknown,0,0,25.25,25.125,-0.125
gemma-2-2b,65,val,val,en,en,famous,"The opposite of ""famous"" is """,unknown,0,0,25.25,25.5,0.25
gemma-2-2b,65,val,freq,en,en,famous,"The opposite of ""famous"" is """,unknown,0,0,25.25,26.25,1.0
gemma-2-2b,65,freq,desc,en,en,famous,"The opposite of ""famous"" is """,unknown,0,0,25.25,24.5,-0.75
gemma-2-2b,65,freq,val,en,en,famous,"The opposite of ""famous"" is """,unknown,0,0,25.25,24.875,-0.375
gemma-2-2b,65,freq,freq,en,en,famous,"The opposite of ""famous"" is """,unknown,0,0,25.25,25.25,0.0
gemma-2-2b,66,desc,desc,en,en,generous,"The opposite of ""generous"" is """,stingy,0,0,25.375,25.5,0.125
gemma-2-2b,66,desc,val,en,en,generous,"The opposite of ""generous"" is """,stingy,0,0,25.375,24.5,-0.875
gemma-2-2b,66,desc,freq,en,en,generous,"The opposite of ""generous"" is """,stingy,0,0,25.375,26.75,1.375
gemma-2-2b,66,val,desc,en,en,generous,"The opposite of ""generous"" is """,stingy,0,0,25.375,25.375,0.0
gemma-2-2b,66,val,val,en,en,generous,"The opposite of ""generous"" is """,stingy,0,0,25.375,25.75,0.375
gemma-2-2b,66,val,freq,en,en,generous,"The opposite of ""generous"" is """,stingy,0,0,25.375,26.625,1.25
gemma-2-2b,66,freq,desc,en,en,generous,"The opposite of ""generous"" is """,stingy,0,0,25.375,25.125,-0.25
gemma-2-2b,66,freq,val,en,en,generous,"The opposite of ""generous"" is """,stingy,0,0,25.375,24.75,-0.625
gemma-2-2b,66,freq,freq,en,en,generous,"The opposite of ""generous"" is """,stingy,0,0,25.375,25.5,0.125
gemma-2-2b,67,desc,desc,en,en,content,"The opposite of ""content"" is """,unhappy,12,13,22.125,22.125,0.0
gemma-2-2b,67,desc,val,en,en,content,"The opposite of ""content"" is """,unhappy,12,4,22.125,21.125,-1.0
gemma-2-2b,67,desc,freq,en,en,content,"The opposite of ""content"" is """,unhappy,12,13,22.125,23.125,1.0
gemma-2-2b,67,val,desc,en,en,content,"The opposite of ""content"" is """,unhappy,12,12,22.125,22.375,0.25
gemma-2-2b,67,val,val,en,en,content,"The opposite of ""content"" is """,unhappy,12,8,22.125,22.75,0.625
gemma-2-2b,67,val,freq,en,en,content,"The opposite of ""content"" is """,unhappy,12,11,22.125,23.25,1.125
gemma-2-2b,67,freq,desc,en,en,content,"The opposite of ""content"" is """,unhappy,12,14,22.125,21.5,-0.625
gemma-2-2b,67,freq,val,en,en,content,"The opposite of ""content"" is """,unhappy,12,5,22.125,21.875,-0.25
gemma-2-2b,67,freq,freq,en,en,content,"The opposite of ""content"" is """,unhappy,12,12,22.125,22.125,0.0
gemma-2-2b,68,desc,desc,en,en,healthy,"The opposite of ""healthy"" is """,sick,0,0,25.25,25.25,0.0
gemma-2-2b,68,desc,val,en,en,healthy,"The opposite of ""healthy"" is """,sick,0,0,25.25,23.375,-1.875
gemma-2-2b,68,desc,freq,en,en,healthy,"The opposite of ""healthy"" is """,sick,0,0,25.25,25.75,0.5
gemma-2-2b,68,val,desc,en,en,healthy,"The opposite of ""healthy"" is """,sick,0,0,25.25,25.25,0.0
gemma-2-2b,68,val,val,en,en,healthy,"The opposite of ""healthy"" is """,sick,0,0,25.25,25.375,0.125
gemma-2-2b,68,val,freq,en,en,healthy,"The opposite of ""healthy"" is """,sick,0,0,25.25,26.125,0.875
gemma-2-2b,68,freq,desc,en,en,healthy,"The opposite of ""healthy"" is """,sick,0,0,25.25,24.875,-0.375
gemma-2-2b,68,freq,val,en,en,healthy,"The opposite of ""healthy"" is """,sick,0,0,25.25,24.5,-0.75
gemma-2-2b,68,freq,freq,en,en,healthy,"The opposite of ""healthy"" is """,sick,0,0,25.25,25.25,0.0
gemma-2-2b,69,desc,desc,en,en,high,"The opposite of ""high"" is """,low,0,0,25.375,25.5,0.125
gemma-2-2b,69,desc,val,en,en,high,"The opposite of ""high"" is """,low,0,0,25.375,25.375,0.0
gemma-2-2b,69,desc,freq,en,en,high,"The opposite of ""high"" is """,low,0,0,25.375,26.25,0.875
gemma-2-2b,69,val,desc,en,en,high,"The opposite of ""high"" is """,low,0,0,25.375,26.625,1.25
gemma-2-2b,69,val,val,en,en,high,"The opposite of ""high"" is """,low,0,0,25.375,26.75,1.375
gemma-2-2b,69,val,freq,en,en,high,"The opposite of ""high"" is """,low,0,0,25.375,27.25,1.875
gemma-2-2b,69,freq,desc,en,en,high,"The opposite of ""high"" is """,low,0,0,25.375,25.75,0.375
gemma-2-2b,69,freq,val,en,en,high,"The opposite of ""high"" is """,low,0,0,25.375,26.125,0.75
gemma-2-2b,69,freq,freq,en,en,high,"The opposite of ""high"" is """,low,0,0,25.375,25.75,0.375
gemma-2-2b,70,desc,desc,en,en,important,"The opposite of ""important"" is """,unimportant,1,1,23.5,23.5,0.0
gemma-2-2b,70,desc,val,en,en,important,"The opposite of ""important"" is """,unimportant,1,1,23.5,23.125,-0.375
gemma-2-2b,70,desc,freq,en,en,important,"The opposite of ""important"" is """,unimportant,1,1,23.5,24.75,1.25
gemma-2-2b,70,val,desc,en,en,important,"The opposite of ""important"" is """,unimportant,1,2,23.5,24.125,0.625
gemma-2-2b,70,val,val,en,en,important,"The opposite of ""important"" is """,unimportant,1,1,23.5,24.625,1.125
gemma-2-2b,70,val,freq,en,en,important,"The opposite of ""important"" is """,unimportant,1,2,23.5,25.25,1.75
gemma-2-2b,70,freq,desc,en,en,important,"The opposite of ""important"" is """,unimportant,1,1,23.5,23.125,-0.375
gemma-2-2b,70,freq,val,en,en,important,"The opposite of ""important"" is """,unimportant,1,1,23.5,23.75,0.25
gemma-2-2b,70,freq,freq,en,en,important,"The opposite of ""important"" is """,unimportant,1,1,23.5,23.75,0.25
gemma-2-2b,71,desc,desc,en,en,innocent,"The opposite of ""innocent"" is """,guilty,0,0,26.625,26.625,0.0
gemma-2-2b,71,desc,val,en,en,innocent,"The opposite of ""innocent"" is """,guilty,0,0,26.625,25.375,-1.25
gemma-2-2b,71,desc,freq,en,en,innocent,"The opposite of ""innocent"" is """,guilty,0,0,26.625,27.5,0.875
gemma-2-2b,71,val,desc,en,en,innocent,"The opposite of ""innocent"" is """,guilty,0,0,26.625,26.625,0.0
gemma-2-2b,71,val,val,en,en,innocent,"The opposite of ""innocent"" is """,guilty,0,0,26.625,27.0,0.375
gemma-2-2b,71,val,freq,en,en,innocent,"The opposite of ""innocent"" is """,guilty,0,0,26.625,27.625,1.0
gemma-2-2b,71,freq,desc,en,en,innocent,"The opposite of ""innocent"" is """,guilty,0,0,26.625,26.0,-0.625
gemma-2-2b,71,freq,val,en,en,innocent,"The opposite of ""innocent"" is """,guilty,0,0,26.625,25.5,-1.125
gemma-2-2b,71,freq,freq,en,en,innocent,"The opposite of ""innocent"" is """,guilty,0,0,26.625,26.625,0.0
gemma-2-2b,72,desc,desc,en,en,known,"The opposite of ""known"" is """,unknown,0,0,25.625,25.625,0.0
gemma-2-2b,72,desc,val,en,en,known,"The opposite of ""known"" is """,unknown,0,0,25.625,25.75,0.125
gemma-2-2b,72,desc,freq,en,en,known,"The opposite of ""known"" is """,unknown,0,0,25.625,26.625,1.0
gemma-2-2b,72,val,desc,en,en,known,"The opposite of ""known"" is """,unknown,0,0,25.625,26.5,0.875
gemma-2-2b,72,val,val,en,en,known,"The opposite of ""known"" is """,unknown,0,0,25.625,26.75,1.125
gemma-2-2b,72,val,freq,en,en,known,"The opposite of ""known"" is """,unknown,0,0,25.625,27.25,1.625
gemma-2-2b,72,freq,desc,en,en,known,"The opposite of ""known"" is """,unknown,0,0,25.625,25.5,-0.125
gemma-2-2b,72,freq,val,en,en,known,"The opposite of ""known"" is """,unknown,0,0,25.625,26.25,0.625
gemma-2-2b,72,freq,freq,en,en,known,"The opposite of ""known"" is """,unknown,0,0,25.625,26.0,0.375
gemma-2-2b,73,desc,desc,en,en,male,"The opposite of ""male"" is """,female,0,0,24.0,24.0,0.0
gemma-2-2b,73,desc,val,en,en,male,"The opposite of ""male"" is """,female,0,0,24.0,23.875,-0.125
gemma-2-2b,73,desc,freq,en,en,male,"The opposite of ""male"" is """,female,0,0,24.0,25.25,1.25
gemma-2-2b,73,val,desc,en,en,male,"The opposite of ""male"" is """,female,0,0,24.0,25.5,1.5
gemma-2-2b,73,val,val,en,en,male,"The opposite of ""male"" is """,female,0,0,24.0,25.625,1.625
gemma-2-2b,73,val,freq,en,en,male,"The opposite of ""male"" is """,female,0,0,24.0,26.5,2.5
gemma-2-2b,73,freq,desc,en,en,male,"The opposite of ""male"" is """,female,0,0,24.0,24.125,0.125
gemma-2-2b,73,freq,val,en,en,male,"The opposite of ""male"" is """,female,0,0,24.0,24.625,0.625
gemma-2-2b,73,freq,freq,en,en,male,"The opposite of ""male"" is """,female,0,0,24.0,24.5,0.5
gemma-2-2b,74,desc,desc,en,en,normal,"The opposite of ""normal"" is """,abnormal,0,0,26.25,26.25,0.0
gemma-2-2b,74,desc,val,en,en,normal,"The opposite of ""normal"" is """,abnormal,0,0,26.25,24.875,-1.375
gemma-2-2b,74,desc,freq,en,en,normal,"The opposite of ""normal"" is """,abnormal,0,0,26.25,26.625,0.375
gemma-2-2b,74,val,desc,en,en,normal,"The opposite of ""normal"" is """,abnormal,0,0,26.25,26.0,-0.25
gemma-2-2b,74,val,val,en,en,normal,"The opposite of ""normal"" is """,abnormal,0,0,26.25,26.25,0.0
gemma-2-2b,74,val,freq,en,en,normal,"The opposite of ""normal"" is """,abnormal,0,0,26.25,26.625,0.375
gemma-2-2b,74,freq,desc,en,en,normal,"The opposite of ""normal"" is """,abnormal,0,0,26.25,25.625,-0.625
gemma-2-2b,74,freq,val,en,en,normal,"The opposite of ""normal"" is """,abnormal,0,0,26.25,25.5,-0.75
gemma-2-2b,74,freq,freq,en,en,normal,"The opposite of ""normal"" is """,abnormal,0,0,26.25,26.125,-0.125
gemma-2-2b,75,desc,desc,en,en,possible,"The opposite of ""possible"" is """,impossible,0,0,22.375,22.375,0.0
gemma-2-2b,75,desc,val,en,en,possible,"The opposite of ""possible"" is """,impossible,0,0,22.375,24.625,2.25
gemma-2-2b,75,desc,freq,en,en,possible,"The opposite of ""possible"" is """,impossible,0,0,22.375,24.375,2.0
gemma-2-2b,75,val,desc,en,en,possible,"The opposite of ""possible"" is """,impossible,0,0,22.375,25.25,2.875
gemma-2-2b,75,val,val,en,en,possible,"The opposite of ""possible"" is """,impossible,0,0,22.375,25.375,3.0
gemma-2-2b,75,val,freq,en,en,possible,"The opposite of ""possible"" is """,impossible,0,0,22.375,26.25,3.875
gemma-2-2b,75,freq,desc,en,en,possible,"The opposite of ""possible"" is """,impossible,0,0,22.375,23.125,0.75
gemma-2-2b,75,freq,val,en,en,possible,"The opposite of ""possible"" is """,impossible,0,0,22.375,25.25,2.875
gemma-2-2b,75,freq,freq,en,en,possible,"The opposite of ""possible"" is """,impossible,0,0,22.375,23.5,1.125
gemma-2-2b,76,desc,desc,en,en,private,"The opposite of ""private"" is """,public,0,0,25.625,25.625,0.0
gemma-2-2b,76,desc,val,en,en,private,"The opposite of ""private"" is """,public,0,0,25.625,25.375,-0.25
gemma-2-2b,76,desc,freq,en,en,private,"The opposite of ""private"" is """,public,0,0,25.625,26.375,0.75
gemma-2-2b,76,val,desc,en,en,private,"The opposite of ""private"" is """,public,0,0,25.625,26.625,1.0
gemma-2-2b,76,val,val,en,en,private,"The opposite of ""private"" is """,public,0,0,25.625,26.875,1.25
gemma-2-2b,76,val,freq,en,en,private,"The opposite of ""private"" is """,public,0,0,25.625,27.25,1.625
gemma-2-2b,76,freq,desc,en,en,private,"The opposite of ""private"" is """,public,0,0,25.625,25.625,0.0
gemma-2-2b,76,freq,val,en,en,private,"The opposite of ""private"" is """,public,0,0,25.625,26.375,0.75
gemma-2-2b,76,freq,freq,en,en,private,"The opposite of ""private"" is """,public,0,0,25.625,26.0,0.375
gemma-2-2b,77,desc,desc,en,en,right,"The opposite of ""right"" is """,wrong,0,0,24.75,24.75,0.0
gemma-2-2b,77,desc,val,en,en,right,"The opposite of ""right"" is """,wrong,0,0,24.75,25.0,0.25
gemma-2-2b,77,desc,freq,en,en,right,"The opposite of ""right"" is """,wrong,0,0,24.75,26.0,1.25
gemma-2-2b,77,val,desc,en,en,right,"The opposite of ""right"" is """,wrong,0,0,24.75,26.375,1.625
gemma-2-2b,77,val,val,en,en,right,"The opposite of ""right"" is """,wrong,0,0,24.75,26.625,1.875
gemma-2-2b,77,val,freq,en,en,right,"The opposite of ""right"" is """,wrong,0,0,24.75,27.25,2.5
gemma-2-2b,77,freq,desc,en,en,right,"The opposite of ""right"" is """,wrong,0,0,24.75,25.0,0.25
gemma-2-2b,77,freq,val,en,en,right,"The opposite of ""right"" is """,wrong,0,0,24.75,25.5,0.75
gemma-2-2b,77,freq,freq,en,en,right,"The opposite of ""right"" is """,wrong,0,0,24.75,25.125,0.375
gemma-2-2b,78,desc,desc,en,en,simple,"The opposite of ""simple"" is """,complex,0,0,25.625,25.625,0.0
gemma-2-2b,78,desc,val,en,en,simple,"The opposite of ""simple"" is """,complex,0,0,25.625,24.0,-1.625
gemma-2-2b,78,desc,freq,en,en,simple,"The opposite of ""simple"" is """,complex,0,0,25.625,26.375,0.75
gemma-2-2b,78,val,desc,en,en,simple,"The opposite of ""simple"" is """,complex,0,0,25.625,25.5,-0.125
gemma-2-2b,78,val,val,en,en,simple,"The opposite of ""simple"" is """,complex,0,0,25.625,25.875,0.25
gemma-2-2b,78,val,freq,en,en,simple,"The opposite of ""simple"" is """,complex,0,0,25.625,26.5,0.875
gemma-2-2b,78,freq,desc,en,en,simple,"The opposite of ""simple"" is """,complex,0,0,25.625,25.25,-0.375
gemma-2-2b,78,freq,val,en,en,simple,"The opposite of ""simple"" is """,complex,0,0,25.625,25.0,-0.625
gemma-2-2b,78,freq,freq,en,en,simple,"The opposite of ""simple"" is """,complex,0,0,25.625,25.5,-0.125
gemma-2-2b,79,desc,desc,en,en,sweet,"The opposite of ""sweet"" is """,sour,0,0,23.375,23.375,0.0
gemma-2-2b,79,desc,val,en,en,sweet,"The opposite of ""sweet"" is """,sour,0,0,23.375,23.25,-0.125
gemma-2-2b,79,desc,freq,en,en,sweet,"The opposite of ""sweet"" is """,sour,0,0,23.375,24.875,1.5
gemma-2-2b,79,val,desc,en,en,sweet,"The opposite of ""sweet"" is """,sour,0,0,23.375,23.875,0.5
gemma-2-2b,79,val,val,en,en,sweet,"The opposite of ""sweet"" is """,sour,0,0,23.375,24.5,1.125
gemma-2-2b,79,val,freq,en,en,sweet,"The opposite of ""sweet"" is """,sour,0,0,23.375,25.375,2.0
gemma-2-2b,79,freq,desc,en,en,sweet,"The opposite of ""sweet"" is """,sour,0,0,23.375,23.125,-0.25
gemma-2-2b,79,freq,val,en,en,sweet,"The opposite of ""sweet"" is """,sour,0,0,23.375,24.0,0.625
gemma-2-2b,79,freq,freq,en,en,sweet,"The opposite of ""sweet"" is """,sour,0,0,23.375,23.75,0.375
gemma-2-2b,80,desc,desc,en,en,visible,"The opposite of ""visible"" is """,invisible,0,0,24.375,24.375,0.0
gemma-2-2b,80,desc,val,en,en,visible,"The opposite of ""visible"" is """,invisible,0,0,24.375,24.875,0.5
gemma-2-2b,80,desc,freq,en,en,visible,"The opposite of ""visible"" is """,invisible,0,0,24.375,25.625,1.25
gemma-2-2b,80,val,desc,en,en,visible,"The opposite of ""visible"" is """,invisible,0,0,24.375,25.375,1.0
gemma-2-2b,80,val,val,en,en,visible,"The opposite of ""visible"" is """,invisible,0,0,24.375,25.625,1.25
gemma-2-2b,80,val,freq,en,en,visible,"The opposite of ""visible"" is """,invisible,0,0,24.375,26.5,2.125
gemma-2-2b,80,freq,desc,en,en,visible,"The opposite of ""visible"" is """,invisible,0,0,24.375,24.125,-0.25
gemma-2-2b,80,freq,val,en,en,visible,"The opposite of ""visible"" is """,invisible,0,0,24.375,25.25,0.875
gemma-2-2b,80,freq,freq,en,en,visible,"The opposite of ""visible"" is """,invisible,0,0,24.375,24.75,0.375
gemma-2-2b,81,desc,desc,en,en,warm,"The opposite of ""warm"" is """,cold,0,0,24.25,24.25,0.0
gemma-2-2b,81,desc,val,en,en,warm,"The opposite of ""warm"" is """,cold,0,0,24.25,24.125,-0.125
gemma-2-2b,81,desc,freq,en,en,warm,"The opposite of ""warm"" is """,cold,0,0,24.25,25.375,1.125
gemma-2-2b,81,val,desc,en,en,warm,"The opposite of ""warm"" is """,cold,0,0,24.25,25.5,1.25
gemma-2-2b,81,val,val,en,en,warm,"The opposite of ""warm"" is """,cold,0,0,24.25,26.0,1.75
gemma-2-2b,81,val,freq,en,en,warm,"The opposite of ""warm"" is """,cold,0,0,24.25,26.5,2.25
gemma-2-2b,81,freq,desc,en,en,warm,"The opposite of ""warm"" is """,cold,0,0,24.25,24.375,0.125
gemma-2-2b,81,freq,val,en,en,warm,"The opposite of ""warm"" is """,cold,0,0,24.25,24.875,0.625
gemma-2-2b,81,freq,freq,en,en,warm,"The opposite of ""warm"" is """,cold,0,0,24.25,24.75,0.5
gemma-2-2b,82,desc,desc,en,en,smooth,"The opposite of ""smooth"" is """,rough,0,0,24.0,24.0,0.0
gemma-2-2b,82,desc,val,en,en,smooth,"The opposite of ""smooth"" is """,rough,0,0,24.0,22.375,-1.625
gemma-2-2b,82,desc,freq,en,en,smooth,"The opposite of ""smooth"" is """,rough,0,0,24.0,25.375,1.375
gemma-2-2b,82,val,desc,en,en,smooth,"The opposite of ""smooth"" is """,rough,0,0,24.0,24.375,0.375
gemma-2-2b,82,val,val,en,en,smooth,"The opposite of ""smooth"" is """,rough,0,0,24.0,24.75,0.75
gemma-2-2b,82,val,freq,en,en,smooth,"The opposite of ""smooth"" is """,rough,0,0,24.0,25.5,1.5
gemma-2-2b,82,freq,desc,en,en,smooth,"The opposite of ""smooth"" is """,rough,0,0,24.0,23.5,-0.5
gemma-2-2b,82,freq,val,en,en,smooth,"The opposite of ""smooth"" is """,rough,0,0,24.0,23.125,-0.875
gemma-2-2b,82,freq,freq,en,en,smooth,"The opposite of ""smooth"" is """,rough,0,0,24.0,24.125,0.125
gemma-2-2b,83,desc,desc,en,en,thin,"The opposite of ""thin"" is """,fat,0,0,24.25,24.25,0.0
gemma-2-2b,83,desc,val,en,en,thin,"The opposite of ""thin"" is """,fat,0,0,24.25,23.5,-0.75
gemma-2-2b,83,desc,freq,en,en,thin,"The opposite of ""thin"" is """,fat,0,0,24.25,25.75,1.5
gemma-2-2b,83,val,desc,en,en,thin,"The opposite of ""thin"" is """,fat,0,0,24.25,25.125,0.875
gemma-2-2b,83,val,val,en,en,thin,"The opposite of ""thin"" is """,fat,0,0,24.25,25.25,1.0
gemma-2-2b,83,val,freq,en,en,thin,"The opposite of ""thin"" is """,fat,0,0,24.25,26.0,1.75
gemma-2-2b,83,freq,desc,en,en,thin,"The opposite of ""thin"" is """,fat,0,0,24.25,24.125,-0.125
gemma-2-2b,83,freq,val,en,en,thin,"The opposite of ""thin"" is """,fat,0,0,24.25,23.875,-0.375
gemma-2-2b,83,freq,freq,en,en,thin,"The opposite of ""thin"" is """,fat,0,0,24.25,24.5,0.25
gemma-2-2b,84,desc,desc,en,en,tall,"The opposite of ""tall"" is """,short,0,0,23.75,23.875,0.125
gemma-2-2b,84,desc,val,en,en,tall,"The opposite of ""tall"" is """,short,0,0,23.75,23.5,-0.25
gemma-2-2b,84,desc,freq,en,en,tall,"The opposite of ""tall"" is """,short,0,0,23.75,25.125,1.375
gemma-2-2b,84,val,desc,en,en,tall,"The opposite of ""tall"" is """,short,0,0,23.75,25.25,1.5
gemma-2-2b,84,val,val,en,en,tall,"The opposite of ""tall"" is """,short,0,0,23.75,25.25,1.5
gemma-2-2b,84,val,freq,en,en,tall,"The opposite of ""tall"" is """,short,0,0,23.75,26.125,2.375
gemma-2-2b,84,freq,desc,en,en,tall,"The opposite of ""tall"" is """,short,0,0,23.75,24.375,0.625
gemma-2-2b,84,freq,val,en,en,tall,"The opposite of ""tall"" is """,short,0,0,23.75,24.375,0.625
gemma-2-2b,84,freq,freq,en,en,tall,"The opposite of ""tall"" is """,short,0,0,23.75,24.5,0.75
gemma-2-2b,85,desc,desc,en,en,married,"The opposite of ""married"" is """,single,0,0,25.375,25.375,0.0
gemma-2-2b,85,desc,val,en,en,married,"The opposite of ""married"" is """,single,0,0,25.375,23.25,-2.125
gemma-2-2b,85,desc,freq,en,en,married,"The opposite of ""married"" is """,single,0,0,25.375,26.125,0.75
gemma-2-2b,85,val,desc,en,en,married,"The opposite of ""married"" is """,single,0,0,25.375,25.375,0.0
gemma-2-2b,85,val,val,en,en,married,"The opposite of ""married"" is """,single,0,0,25.375,25.75,0.375
gemma-2-2b,85,val,freq,en,en,married,"The opposite of ""married"" is """,single,0,0,25.375,26.625,1.25
gemma-2-2b,85,freq,desc,en,en,married,"The opposite of ""married"" is """,single,0,0,25.375,25.0,-0.375
gemma-2-2b,85,freq,val,en,en,married,"The opposite of ""married"" is """,single,0,0,25.375,24.375,-1.0
gemma-2-2b,85,freq,freq,en,en,married,"The opposite of ""married"" is """,single,0,0,25.375,25.5,0.125
gemma-2-2b,86,desc,desc,en,en,optimistic,"The opposite of ""optimistic"" is """,pessimistic,0,0,20.125,20.125,0.0
gemma-2-2b,86,desc,val,en,en,optimistic,"The opposite of ""optimistic"" is """,pessimistic,0,0,20.125,23.125,3.0
gemma-2-2b,86,desc,freq,en,en,optimistic,"The opposite of ""optimistic"" is """,pessimistic,0,0,20.125,22.5,2.375
gemma-2-2b,86,val,desc,en,en,optimistic,"The opposite of ""optimistic"" is """,pessimistic,0,0,20.125,23.5,3.375
gemma-2-2b,86,val,val,en,en,optimistic,"The opposite of ""optimistic"" is """,pessimistic,0,0,20.125,23.5,3.375
gemma-2-2b,86,val,freq,en,en,optimistic,"The opposite of ""optimistic"" is """,pessimistic,0,0,20.125,24.25,4.125
gemma-2-2b,86,freq,desc,en,en,optimistic,"The opposite of ""optimistic"" is """,pessimistic,0,0,20.125,21.25,1.125
gemma-2-2b,86,freq,val,en,en,optimistic,"The opposite of ""optimistic"" is """,pessimistic,0,0,20.125,23.875,3.75
gemma-2-2b,86,freq,freq,en,en,optimistic,"The opposite of ""optimistic"" is """,pessimistic,0,0,20.125,21.375,1.25
gemma-2-2b,87,desc,desc,en,en,permanent,"The opposite of ""permanent"" is """,temporary,0,0,25.5,25.5,0.0
gemma-2-2b,87,desc,val,en,en,permanent,"The opposite of ""permanent"" is """,temporary,0,0,25.5,23.75,-1.75
gemma-2-2b,87,desc,freq,en,en,permanent,"The opposite of ""permanent"" is """,temporary,0,0,25.5,26.25,0.75
gemma-2-2b,87,val,desc,en,en,permanent,"The opposite of ""permanent"" is """,temporary,0,0,25.5,25.25,-0.25
gemma-2-2b,87,val,val,en,en,permanent,"The opposite of ""permanent"" is """,temporary,0,0,25.5,25.875,0.375
gemma-2-2b,87,val,freq,en,en,permanent,"The opposite of ""permanent"" is """,temporary,0,0,25.5,26.5,1.0
gemma-2-2b,87,freq,desc,en,en,permanent,"The opposite of ""permanent"" is """,temporary,0,0,25.5,24.75,-0.75
gemma-2-2b,87,freq,val,en,en,permanent,"The opposite of ""permanent"" is """,temporary,0,0,25.5,24.75,-0.75
gemma-2-2b,87,freq,freq,en,en,permanent,"The opposite of ""permanent"" is """,temporary,0,0,25.5,25.5,0.0
gemma-2-2b,88,desc,desc,en,en,present,"The opposite of ""present"" is """,past,0,0,25.25,25.25,0.0
gemma-2-2b,88,desc,val,en,en,present,"The opposite of ""present"" is """,past,0,0,25.25,24.75,-0.5
gemma-2-2b,88,desc,freq,en,en,present,"The opposite of ""present"" is """,past,0,0,25.25,25.625,0.375
gemma-2-2b,88,val,desc,en,en,present,"The opposite of ""present"" is """,past,0,0,25.25,26.5,1.25
gemma-2-2b,88,val,val,en,en,present,"The opposite of ""present"" is """,past,0,0,25.25,26.625,1.375
gemma-2-2b,88,val,freq,en,en,present,"The opposite of ""present"" is """,past,0,0,25.25,27.125,1.875
gemma-2-2b,88,freq,desc,en,en,present,"The opposite of ""present"" is """,past,0,0,25.25,25.375,0.125
gemma-2-2b,88,freq,val,en,en,present,"The opposite of ""present"" is """,past,0,0,25.25,25.75,0.5
gemma-2-2b,88,freq,freq,en,en,present,"The opposite of ""present"" is """,past,0,0,25.25,25.5,0.25
gemma-2-2b,89,desc,desc,en,en,public,"The opposite of ""public"" is """,private,0,0,25.125,25.25,0.125
gemma-2-2b,89,desc,val,en,en,public,"The opposite of ""public"" is """,private,0,0,25.125,25.25,0.125
gemma-2-2b,89,desc,freq,en,en,public,"The opposite of ""public"" is """,private,0,0,25.125,25.875,0.75
gemma-2-2b,89,val,desc,en,en,public,"The opposite of ""public"" is """,private,0,0,25.125,26.25,1.125
gemma-2-2b,89,val,val,en,en,public,"The opposite of ""public"" is """,private,0,0,25.125,26.5,1.375
gemma-2-2b,89,val,freq,en,en,public,"The opposite of ""public"" is """,private,0,0,25.125,27.0,1.875
gemma-2-2b,89,freq,desc,en,en,public,"The opposite of ""public"" is """,private,0,0,25.125,25.25,0.125
gemma-2-2b,89,freq,val,en,en,public,"The opposite of ""public"" is """,private,0,0,25.125,26.0,0.875
gemma-2-2b,89,freq,freq,en,en,public,"The opposite of ""public"" is """,private,0,0,25.125,25.375,0.25
gemma-2-2b,90,desc,desc,en,en,real,"The opposite of ""real"" is """,fake,1,1,24.625,24.625,0.0
gemma-2-2b,90,desc,val,en,en,real,"The opposite of ""real"" is """,fake,1,1,24.625,22.625,-2.0
gemma-2-2b,90,desc,freq,en,en,real,"The opposite of ""real"" is """,fake,1,0,24.625,26.0,1.375
gemma-2-2b,90,val,desc,en,en,real,"The opposite of ""real"" is """,fake,1,0,24.625,25.125,0.5
gemma-2-2b,90,val,val,en,en,real,"The opposite of ""real"" is """,fake,1,0,24.625,25.25,0.625
gemma-2-2b,90,val,freq,en,en,real,"The opposite of ""real"" is """,fake,1,0,24.625,26.0,1.375
gemma-2-2b,90,freq,desc,en,en,real,"The opposite of ""real"" is """,fake,1,1,24.625,24.375,-0.25
gemma-2-2b,90,freq,val,en,en,real,"The opposite of ""real"" is """,fake,1,1,24.625,23.375,-1.25
gemma-2-2b,90,freq,freq,en,en,real,"The opposite of ""real"" is """,fake,1,0,24.625,24.75,0.125
gemma-2-2b,91,desc,desc,en,en,responsible,"The opposite of ""responsible"" is """,irresponsible,0,0,26.75,26.75,0.0
gemma-2-2b,91,desc,val,en,en,responsible,"The opposite of ""responsible"" is """,irresponsible,0,0,26.75,25.875,-0.875
gemma-2-2b,91,desc,freq,en,en,responsible,"The opposite of ""responsible"" is """,irresponsible,0,0,26.75,27.25,0.5
gemma-2-2b,91,val,desc,en,en,responsible,"The opposite of ""responsible"" is """,irresponsible,0,0,26.75,26.5,-0.25
gemma-2-2b,91,val,val,en,en,responsible,"The opposite of ""responsible"" is """,irresponsible,0,0,26.75,27.0,0.25
gemma-2-2b,91,val,freq,en,en,responsible,"The opposite of ""responsible"" is """,irresponsible,0,0,26.75,27.25,0.5
gemma-2-2b,91,freq,desc,en,en,responsible,"The opposite of ""responsible"" is """,irresponsible,0,0,26.75,26.25,-0.5
gemma-2-2b,91,freq,val,en,en,responsible,"The opposite of ""responsible"" is """,irresponsible,0,0,26.75,26.375,-0.375
gemma-2-2b,91,freq,freq,en,en,responsible,"The opposite of ""responsible"" is """,irresponsible,0,0,26.75,26.75,0.0
gemma-2-2b,92,desc,desc,en,en,single,"The opposite of ""single"" is """,married,0,0,25.125,25.125,0.0
gemma-2-2b,92,desc,val,en,en,single,"The opposite of ""single"" is """,married,0,0,25.125,23.0,-2.125
gemma-2-2b,92,desc,freq,en,en,single,"The opposite of ""single"" is """,married,0,0,25.125,26.25,1.125
gemma-2-2b,92,val,desc,en,en,single,"The opposite of ""single"" is """,married,0,0,25.125,25.375,0.25
gemma-2-2b,92,val,val,en,en,single,"The opposite of ""single"" is """,married,0,0,25.125,25.625,0.5
gemma-2-2b,92,val,freq,en,en,single,"The opposite of ""single"" is """,married,0,0,25.125,26.5,1.375
gemma-2-2b,92,freq,desc,en,en,single,"The opposite of ""single"" is """,married,0,0,25.125,24.75,-0.375
gemma-2-2b,92,freq,val,en,en,single,"The opposite of ""single"" is """,married,0,0,25.125,23.5,-1.625
gemma-2-2b,92,freq,freq,en,en,single,"The opposite of ""single"" is """,married,0,0,25.125,25.125,0.0
gemma-2-2b,93,desc,desc,en,en,sour,"The opposite of ""sour"" is """,sweet,0,0,22.25,22.375,0.125
gemma-2-2b,93,desc,val,en,en,sour,"The opposite of ""sour"" is """,sweet,0,0,22.25,22.5,0.25
gemma-2-2b,93,desc,freq,en,en,sour,"The opposite of ""sour"" is """,sweet,0,0,22.25,24.125,1.875
gemma-2-2b,93,val,desc,en,en,sour,"The opposite of ""sour"" is """,sweet,0,0,22.25,24.0,1.75
gemma-2-2b,93,val,val,en,en,sour,"The opposite of ""sour"" is """,sweet,0,0,22.25,24.125,1.875
gemma-2-2b,93,val,freq,en,en,sour,"The opposite of ""sour"" is """,sweet,0,0,22.25,25.375,3.125
gemma-2-2b,93,freq,desc,en,en,sour,"The opposite of ""sour"" is """,sweet,0,0,22.25,22.5,0.25
gemma-2-2b,93,freq,val,en,en,sour,"The opposite of ""sour"" is """,sweet,0,0,22.25,23.25,1.0
gemma-2-2b,93,freq,freq,en,en,sour,"The opposite of ""sour"" is """,sweet,0,0,22.25,23.0,0.75
gemma-2-2b,94,desc,desc,en,en,useful,"The opposite of ""useful"" is """,useless,0,0,26.125,26.125,0.0
gemma-2-2b,94,desc,val,en,en,useful,"The opposite of ""useful"" is """,useless,0,0,26.125,25.625,-0.5
gemma-2-2b,94,desc,freq,en,en,useful,"The opposite of ""useful"" is """,useless,0,0,26.125,26.875,0.75
gemma-2-2b,94,val,desc,en,en,useful,"The opposite of ""useful"" is """,useless,0,0,26.125,26.5,0.375
gemma-2-2b,94,val,val,en,en,useful,"The opposite of ""useful"" is """,useless,0,0,26.125,26.625,0.5
gemma-2-2b,94,val,freq,en,en,useful,"The opposite of ""useful"" is """,useless,0,0,26.125,27.125,1.0
gemma-2-2b,94,freq,desc,en,en,useful,"The opposite of ""useful"" is """,useless,0,0,26.125,25.75,-0.375
gemma-2-2b,94,freq,val,en,en,useful,"The opposite of ""useful"" is """,useless,0,0,26.125,26.125,0.0
gemma-2-2b,94,freq,freq,en,en,useful,"The opposite of ""useful"" is """,useless,0,0,26.125,26.125,0.0
gemma-2-2b,95,desc,desc,en,en,vertical,"The opposite of ""vertical"" is """,horizontal,0,0,25.125,25.125,0.0
gemma-2-2b,95,desc,val,en,en,vertical,"The opposite of ""vertical"" is """,horizontal,0,0,25.125,24.5,-0.625
gemma-2-2b,95,desc,freq,en,en,vertical,"The opposite of ""vertical"" is """,horizontal,0,0,25.125,25.5,0.375
gemma-2-2b,95,val,desc,en,en,vertical,"The opposite of ""vertical"" is """,horizontal,0,0,25.125,25.75,0.625
gemma-2-2b,95,val,val,en,en,vertical,"The opposite of ""vertical"" is """,horizontal,0,0,25.125,26.125,1.0
gemma-2-2b,95,val,freq,en,en,vertical,"The opposite of ""vertical"" is """,horizontal,0,0,25.125,26.5,1.375
gemma-2-2b,95,freq,desc,en,en,vertical,"The opposite of ""vertical"" is """,horizontal,0,0,25.125,25.0,-0.125
gemma-2-2b,95,freq,val,en,en,vertical,"The opposite of ""vertical"" is """,horizontal,0,0,25.125,25.25,0.125
gemma-2-2b,95,freq,freq,en,en,vertical,"The opposite of ""vertical"" is """,horizontal,0,0,25.125,25.375,0.25
gemma-2-2b,96,desc,desc,en,en,well,"The opposite of ""well"" is """,poorly,3,3,22.375,22.375,0.0
gemma-2-2b,96,desc,val,en,en,well,"The opposite of ""well"" is """,poorly,3,4,22.375,21.75,-0.625
gemma-2-2b,96,desc,freq,en,en,well,"The opposite of ""well"" is """,poorly,3,3,22.375,23.5,1.125
gemma-2-2b,96,val,desc,en,en,well,"The opposite of ""well"" is """,poorly,3,3,22.375,23.875,1.5
gemma-2-2b,96,val,val,en,en,well,"The opposite of ""well"" is """,poorly,3,3,22.375,23.875,1.5
gemma-2-2b,96,val,freq,en,en,well,"The opposite of ""well"" is """,poorly,3,3,22.375,24.5,2.125
gemma-2-2b,96,freq,desc,en,en,well,"The opposite of ""well"" is """,poorly,3,3,22.375,22.875,0.5
gemma-2-2b,96,freq,val,en,en,well,"The opposite of ""well"" is """,poorly,3,3,22.375,22.75,0.375
gemma-2-2b,96,freq,freq,en,en,well,"The opposite of ""well"" is """,poorly,3,3,22.375,23.0,0.625
gemma-2-2b,97,desc,desc,en,en,winning,"The opposite of ""winning"" is """,losing,0,0,25.125,25.125,0.0
gemma-2-2b,97,desc,val,en,en,winning,"The opposite of ""winning"" is """,losing,0,0,25.125,24.75,-0.375
gemma-2-2b,97,desc,freq,en,en,winning,"The opposite of ""winning"" is """,losing,0,0,25.125,26.125,1.0
gemma-2-2b,97,val,desc,en,en,winning,"The opposite of ""winning"" is """,losing,0,0,25.125,26.0,0.875
gemma-2-2b,97,val,val,en,en,winning,"The opposite of ""winning"" is """,losing,0,0,25.125,26.125,1.0
gemma-2-2b,97,val,freq,en,en,winning,"The opposite of ""winning"" is """,losing,0,0,25.125,26.75,1.625
gemma-2-2b,97,freq,desc,en,en,winning,"The opposite of ""winning"" is """,losing,0,0,25.125,24.875,-0.25
gemma-2-2b,97,freq,val,en,en,winning,"The opposite of ""winning"" is """,losing,0,0,25.125,25.125,0.0
gemma-2-2b,97,freq,freq,en,en,winning,"The opposite of ""winning"" is """,losing,0,0,25.125,25.25,0.125
gemma-2-2b,98,desc,desc,en,en,unkind,"The opposite of ""unkind"" is """,kind,0,0,23.875,23.875,0.0
gemma-2-2b,98,desc,val,en,en,unkind,"The opposite of ""unkind"" is """,kind,0,0,23.875,24.25,0.375
gemma-2-2b,98,desc,freq,en,en,unkind,"The opposite of ""unkind"" is """,kind,0,0,23.875,24.625,0.75
gemma-2-2b,98,val,desc,en,en,unkind,"The opposite of ""unkind"" is """,kind,0,0,23.875,25.5,1.625
gemma-2-2b,98,val,val,en,en,unkind,"The opposite of ""unkind"" is """,kind,0,0,23.875,25.625,1.75
gemma-2-2b,98,val,freq,en,en,unkind,"The opposite of ""unkind"" is """,kind,0,0,23.875,26.375,2.5
gemma-2-2b,98,freq,desc,en,en,unkind,"The opposite of ""unkind"" is """,kind,0,0,23.875,24.125,0.25
gemma-2-2b,98,freq,val,en,en,unkind,"The opposite of ""unkind"" is """,kind,0,0,23.875,25.375,1.5
gemma-2-2b,98,freq,freq,en,en,unkind,"The opposite of ""unkind"" is """,kind,0,0,23.875,24.5,0.625
gemma-2-2b,99,desc,desc,en,en,cowardly,"The opposite of ""cowardly"" is """,brave,0,0,24.5,24.5,0.0
gemma-2-2b,99,desc,val,en,en,cowardly,"The opposite of ""cowardly"" is """,brave,0,0,24.5,23.125,-1.375
gemma-2-2b,99,desc,freq,en,en,cowardly,"The opposite of ""cowardly"" is """,brave,0,0,24.5,25.5,1.0
gemma-2-2b,99,val,desc,en,en,cowardly,"The opposite of ""cowardly"" is """,brave,0,0,24.5,24.5,0.0
gemma-2-2b,99,val,val,en,en,cowardly,"The opposite of ""cowardly"" is """,brave,0,0,24.5,25.125,0.625
gemma-2-2b,99,val,freq,en,en,cowardly,"The opposite of ""cowardly"" is """,brave,0,0,24.5,25.75,1.25
gemma-2-2b,99,freq,desc,en,en,cowardly,"The opposite of ""cowardly"" is """,brave,0,0,24.5,23.875,-0.625
gemma-2-2b,99,freq,val,en,en,cowardly,"The opposite of ""cowardly"" is """,brave,0,0,24.5,23.5,-1.0
gemma-2-2b,99,freq,freq,en,en,cowardly,"The opposite of ""cowardly"" is """,brave,0,0,24.5,24.5,0.0
gemma-2-2b,0,desc,desc,en,es,bueno,"The opposite of ""bueno"" is """,malo,0,1,22.0,21.25,-0.75
gemma-2-2b,0,desc,val,en,es,bueno,"The opposite of ""bueno"" is """,malo,0,0,22.0,22.0,0.0
gemma-2-2b,0,desc,freq,en,es,bueno,"The opposite of ""bueno"" is """,malo,0,11,22.0,17.75,-4.25
gemma-2-2b,0,val,desc,en,es,bueno,"The opposite of ""bueno"" is """,malo,0,0,22.0,21.875,-0.125
gemma-2-2b,0,val,val,en,es,bueno,"The opposite of ""bueno"" is """,malo,0,1,22.0,21.875,-0.125
gemma-2-2b,0,val,freq,en,es,bueno,"The opposite of ""bueno"" is """,malo,0,14,22.0,18.625,-3.375
gemma-2-2b,0,freq,desc,en,es,bueno,"The opposite of ""bueno"" is """,malo,0,2,22.0,19.75,-2.25
gemma-2-2b,0,freq,val,en,es,bueno,"The opposite of ""bueno"" is """,malo,0,1,22.0,20.625,-1.375
gemma-2-2b,0,freq,freq,en,es,bueno,"The opposite of ""bueno"" is """,malo,0,2,22.0,19.75,-2.25
gemma-2-2b,1,desc,desc,en,es,feliz,"The opposite of ""feliz"" is """,triste,0,0,20.75,21.5,0.75
gemma-2-2b,1,desc,val,en,es,feliz,"The opposite of ""feliz"" is """,triste,0,0,20.75,21.625,0.875
gemma-2-2b,1,desc,freq,en,es,feliz,"The opposite of ""feliz"" is """,triste,0,0,20.75,20.125,-0.625
gemma-2-2b,1,val,desc,en,es,feliz,"The opposite of ""feliz"" is """,triste,0,0,20.75,21.875,1.125
gemma-2-2b,1,val,val,en,es,feliz,"The opposite of ""feliz"" is """,triste,0,0,20.75,22.125,1.375
gemma-2-2b,1,val,freq,en,es,feliz,"The opposite of ""feliz"" is """,triste,0,3,20.75,20.625,-0.125
gemma-2-2b,1,freq,desc,en,es,feliz,"The opposite of ""feliz"" is """,triste,0,3,20.75,19.875,-0.875
gemma-2-2b,1,freq,val,en,es,feliz,"The opposite of ""feliz"" is """,triste,0,3,20.75,20.125,-0.625
gemma-2-2b,1,freq,freq,en,es,feliz,"The opposite of ""feliz"" is """,triste,0,3,20.75,19.875,-0.875
gemma-2-2b,2,desc,desc,en,es,grande,"The opposite of ""grande"" is """,pequeño,5,6,20.875,20.5,-0.375
gemma-2-2b,2,desc,val,en,es,grande,"The opposite of ""grande"" is """,pequeño,5,4,20.875,21.875,1.0
gemma-2-2b,2,desc,freq,en,es,grande,"The opposite of ""grande"" is """,pequeño,5,1,20.875,21.5,0.625
gemma-2-2b,2,val,desc,en,es,grande,"The opposite of ""grande"" is """,pequeño,5,8,20.875,20.5,-0.375
gemma-2-2b,2,val,val,en,es,grande,"The opposite of ""grande"" is """,pequeño,5,7,20.875,20.625,-0.25
gemma-2-2b,2,val,freq,en,es,grande,"The opposite of ""grande"" is """,pequeño,5,3,20.875,21.875,1.0
gemma-2-2b,2,freq,desc,en,es,grande,"The opposite of ""grande"" is """,pequeño,5,5,20.875,20.5,-0.375
gemma-2-2b,2,freq,val,en,es,grande,"The opposite of ""grande"" is """,pequeño,5,5,20.875,21.0,0.125
gemma-2-2b,2,freq,freq,en,es,grande,"The opposite of ""grande"" is """,pequeño,5,5,20.875,20.5,-0.375
gemma-2-2b,3,desc,desc,en,es,caliente,"The opposite of ""caliente"" is """,frío,0,0,22.0,22.375,0.375
gemma-2-2b,3,desc,val,en,es,caliente,"The opposite of ""caliente"" is """,frío,0,0,22.0,22.0,0.0
gemma-2-2b,3,desc,freq,en,es,caliente,"The opposite of ""caliente"" is """,frío,0,1,22.0,21.5,-0.5
gemma-2-2b,3,val,desc,en,es,caliente,"The opposite of ""caliente"" is """,frío,0,0,22.0,22.75,0.75
gemma-2-2b,3,val,val,en,es,caliente,"The opposite of ""caliente"" is """,frío,0,0,22.0,22.625,0.625
gemma-2-2b,3,val,freq,en,es,caliente,"The opposite of ""caliente"" is """,frío,0,1,22.0,22.5,0.5
gemma-2-2b,3,freq,desc,en,es,caliente,"The opposite of ""caliente"" is """,frío,0,2,22.0,20.75,-1.25
gemma-2-2b,3,freq,val,en,es,caliente,"The opposite of ""caliente"" is """,frío,0,2,22.0,21.125,-0.875
gemma-2-2b,3,freq,freq,en,es,caliente,"The opposite of ""caliente"" is """,frío,0,2,22.0,20.75,-1.25
gemma-2-2b,4,desc,desc,en,es,rápido,"The opposite of ""rápido"" is """,lento,2,2,21.625,22.0,0.375
gemma-2-2b,4,desc,val,en,es,rápido,"The opposite of ""rápido"" is """,lento,2,2,21.625,22.5,0.875
gemma-2-2b,4,desc,freq,en,es,rápido,"The opposite of ""rápido"" is """,lento,2,1,21.625,22.75,1.125
gemma-2-2b,4,val,desc,en,es,rápido,"The opposite of ""rápido"" is """,lento,2,2,21.625,22.0,0.375
gemma-2-2b,4,val,val,en,es,rápido,"The opposite of ""rápido"" is """,lento,2,2,21.625,22.375,0.75
gemma-2-2b,4,val,freq,en,es,rápido,"The opposite of ""rápido"" is """,lento,2,2,21.625,23.125,1.5
gemma-2-2b,4,freq,desc,en,es,rápido,"The opposite of ""rápido"" is """,lento,2,2,21.625,21.5,-0.125
gemma-2-2b,4,freq,val,en,es,rápido,"The opposite of ""rápido"" is """,lento,2,2,21.625,21.875,0.25
gemma-2-2b,4,freq,freq,en,es,rápido,"The opposite of ""rápido"" is """,lento,2,2,21.625,21.5,-0.125
gemma-2-2b,5,desc,desc,en,es,ligero,"The opposite of ""ligero"" is """,pesado,0,0,22.625,22.875,0.25
gemma-2-2b,5,desc,val,en,es,ligero,"The opposite of ""ligero"" is """,pesado,0,0,22.625,23.125,0.5
gemma-2-2b,5,desc,freq,en,es,ligero,"The opposite of ""ligero"" is """,pesado,0,0,22.625,23.5,0.875
gemma-2-2b,5,val,desc,en,es,ligero,"The opposite of ""ligero"" is """,pesado,0,0,22.625,23.5,0.875
gemma-2-2b,5,val,val,en,es,ligero,"The opposite of ""ligero"" is """,pesado,0,0,22.625,23.625,1.0
gemma-2-2b,5,val,freq,en,es,ligero,"The opposite of ""ligero"" is """,pesado,0,0,22.625,24.5,1.875
gemma-2-2b,5,freq,desc,en,es,ligero,"The opposite of ""ligero"" is """,pesado,0,0,22.625,23.0,0.375
gemma-2-2b,5,freq,val,en,es,ligero,"The opposite of ""ligero"" is """,pesado,0,0,22.625,23.125,0.5
gemma-2-2b,5,freq,freq,en,es,ligero,"The opposite of ""ligero"" is """,pesado,0,0,22.625,23.0,0.375
gemma-2-2b,6,desc,desc,en,es,fácil,"The opposite of ""fácil"" is """,difícil,0,0,22.75,23.5,0.75
gemma-2-2b,6,desc,val,en,es,fácil,"The opposite of ""fácil"" is """,difícil,0,0,22.75,23.75,1.0
gemma-2-2b,6,desc,freq,en,es,fácil,"The opposite of ""fácil"" is """,difícil,0,1,22.75,21.25,-1.5
gemma-2-2b,6,val,desc,en,es,fácil,"The opposite of ""fácil"" is """,difícil,0,0,22.75,23.875,1.125
gemma-2-2b,6,val,val,en,es,fácil,"The opposite of ""fácil"" is """,difícil,0,0,22.75,24.125,1.375
gemma-2-2b,6,val,freq,en,es,fácil,"The opposite of ""fácil"" is """,difícil,0,0,22.75,21.75,-1.0
gemma-2-2b,6,freq,desc,en,es,fácil,"The opposite of ""fácil"" is """,difícil,0,0,22.75,23.125,0.375
gemma-2-2b,6,freq,val,en,es,fácil,"The opposite of ""fácil"" is """,difícil,0,0,22.75,23.5,0.75
gemma-2-2b,6,freq,freq,en,es,fácil,"The opposite of ""fácil"" is """,difícil,0,0,22.75,23.125,0.375
gemma-2-2b,7,desc,desc,en,es,nuevo,"The opposite of ""nuevo"" is """,viejo,1,2,20.25,19.625,-0.625
gemma-2-2b,7,desc,val,en,es,nuevo,"The opposite of ""nuevo"" is """,viejo,1,1,20.25,21.125,0.875
gemma-2-2b,7,desc,freq,en,es,nuevo,"The opposite of ""nuevo"" is """,viejo,1,2,20.25,20.375,0.125
gemma-2-2b,7,val,desc,en,es,nuevo,"The opposite of ""nuevo"" is """,viejo,1,2,20.25,20.75,0.5
gemma-2-2b,7,val,val,en,es,nuevo,"The opposite of ""nuevo"" is """,viejo,1,2,20.25,20.375,0.125
gemma-2-2b,7,val,freq,en,es,nuevo,"The opposite of ""nuevo"" is """,viejo,1,6,20.25,20.375,0.125
gemma-2-2b,7,freq,desc,en,es,nuevo,"The opposite of ""nuevo"" is """,viejo,1,2,20.25,19.5,-0.75
gemma-2-2b,7,freq,val,en,es,nuevo,"The opposite of ""nuevo"" is """,viejo,1,2,20.25,20.25,0.0
gemma-2-2b,7,freq,freq,en,es,nuevo,"The opposite of ""nuevo"" is """,viejo,1,2,20.25,19.5,-0.75
gemma-2-2b,8,desc,desc,en,es,verdadero,"The opposite of ""verdadero"" is """,falso,0,0,21.0,21.0,0.0
gemma-2-2b,8,desc,val,en,es,verdadero,"The opposite of ""verdadero"" is """,falso,0,0,21.0,22.375,1.375
gemma-2-2b,8,desc,freq,en,es,verdadero,"The opposite of ""verdadero"" is """,falso,0,1,21.0,20.0,-1.0
gemma-2-2b,8,val,desc,en,es,verdadero,"The opposite of ""verdadero"" is """,falso,0,0,21.0,21.875,0.875
gemma-2-2b,8,val,val,en,es,verdadero,"The opposite of ""verdadero"" is """,falso,0,0,21.0,22.125,1.125
gemma-2-2b,8,val,freq,en,es,verdadero,"The opposite of ""verdadero"" is """,falso,0,2,21.0,20.375,-0.625
gemma-2-2b,8,freq,desc,en,es,verdadero,"The opposite of ""verdadero"" is """,falso,0,0,21.0,19.875,-1.125
gemma-2-2b,8,freq,val,en,es,verdadero,"The opposite of ""verdadero"" is """,falso,0,0,21.0,20.75,-0.25
gemma-2-2b,8,freq,freq,en,es,verdadero,"The opposite of ""verdadero"" is """,falso,0,0,21.0,19.875,-1.125
gemma-2-2b,9,desc,desc,en,es,vivo,"The opposite of ""vivo"" is """,muerto,117,95,17.5,17.75,0.25
gemma-2-2b,9,desc,val,en,es,vivo,"The opposite of ""vivo"" is """,muerto,117,42,17.5,19.125,1.625
gemma-2-2b,9,desc,freq,en,es,vivo,"The opposite of ""vivo"" is """,muerto,117,49,17.5,19.0,1.5
gemma-2-2b,9,val,desc,en,es,vivo,"The opposite of ""vivo"" is """,muerto,117,53,17.5,18.5,1.0
gemma-2-2b,9,val,val,en,es,vivo,"The opposite of ""vivo"" is """,muerto,117,97,17.5,18.125,0.625
gemma-2-2b,9,val,freq,en,es,vivo,"The opposite of ""vivo"" is """,muerto,117,55,17.5,19.125,1.625
gemma-2-2b,9,freq,desc,en,es,vivo,"The opposite of ""vivo"" is """,muerto,117,101,17.5,17.625,0.125
gemma-2-2b,9,freq,val,en,es,vivo,"The opposite of ""vivo"" is """,muerto,117,109,17.5,17.625,0.125
gemma-2-2b,9,freq,freq,en,es,vivo,"The opposite of ""vivo"" is """,muerto,117,101,17.5,17.625,0.125
gemma-2-2b,10,desc,desc,en,es,lleno,"The opposite of ""lleno"" is """,vacío,0,0,21.0,20.375,-0.625
gemma-2-2b,10,desc,val,en,es,lleno,"The opposite of ""lleno"" is """,vacío,0,0,21.0,20.75,-0.25
gemma-2-2b,10,desc,freq,en,es,lleno,"The opposite of ""lleno"" is """,vacío,0,10,21.0,18.75,-2.25
gemma-2-2b,10,val,desc,en,es,lleno,"The opposite of ""lleno"" is """,vacío,0,0,21.0,21.25,0.25
gemma-2-2b,10,val,val,en,es,lleno,"The opposite of ""lleno"" is """,vacío,0,0,21.0,21.375,0.375
gemma-2-2b,10,val,freq,en,es,lleno,"The opposite of ""lleno"" is """,vacío,0,13,21.0,19.5,-1.5
gemma-2-2b,10,freq,desc,en,es,lleno,"The opposite of ""lleno"" is """,vacío,0,1,21.0,19.75,-1.25
gemma-2-2b,10,freq,val,en,es,lleno,"The opposite of ""lleno"" is """,vacío,0,1,21.0,19.875,-1.125
gemma-2-2b,10,freq,freq,en,es,lleno,"The opposite of ""lleno"" is """,vacío,0,1,21.0,19.75,-1.25
gemma-2-2b,11,desc,desc,en,es,brillante,"The opposite of ""brillante"" is """,opaco,93,127,18.125,18.375,0.25
gemma-2-2b,11,desc,val,en,es,brillante,"The opposite of ""brillante"" is """,opaco,93,121,18.125,18.625,0.5
gemma-2-2b,11,desc,freq,en,es,brillante,"The opposite of ""brillante"" is """,opaco,93,177,18.125,16.5,-1.625
gemma-2-2b,11,val,desc,en,es,brillante,"The opposite of ""brillante"" is """,opaco,93,174,18.125,18.375,0.25
gemma-2-2b,11,val,val,en,es,brillante,"The opposite of ""brillante"" is """,opaco,93,272,18.125,18.125,0.0
gemma-2-2b,11,val,freq,en,es,brillante,"The opposite of ""brillante"" is """,opaco,93,136,18.125,16.625,-1.5
gemma-2-2b,11,freq,desc,en,es,brillante,"The opposite of ""brillante"" is """,opaco,93,195,18.125,18.25,0.125
gemma-2-2b,11,freq,val,en,es,brillante,"The opposite of ""brillante"" is """,opaco,93,236,18.125,18.0,-0.125
gemma-2-2b,11,freq,freq,en,es,brillante,"The opposite of ""brillante"" is """,opaco,93,195,18.125,18.25,0.125
gemma-2-2b,12,desc,desc,en,es,fuerte,"The opposite of ""fuerte"" is """,débil,1,1,17.75,18.875,1.125
gemma-2-2b,12,desc,val,en,es,fuerte,"The opposite of ""fuerte"" is """,débil,1,4,17.75,18.625,0.875
gemma-2-2b,12,desc,freq,en,es,fuerte,"The opposite of ""fuerte"" is """,débil,1,23,17.75,16.375,-1.375
gemma-2-2b,12,val,desc,en,es,fuerte,"The opposite of ""fuerte"" is """,débil,1,1,17.75,19.5,1.75
gemma-2-2b,12,val,val,en,es,fuerte,"The opposite of ""fuerte"" is """,débil,1,2,17.75,19.75,2.0
gemma-2-2b,12,val,freq,en,es,fuerte,"The opposite of ""fuerte"" is """,débil,1,12,17.75,18.5,0.75
gemma-2-2b,12,freq,desc,en,es,fuerte,"The opposite of ""fuerte"" is """,débil,1,5,17.75,18.125,0.375
gemma-2-2b,12,freq,val,en,es,fuerte,"The opposite of ""fuerte"" is """,débil,1,4,17.75,18.625,0.875
gemma-2-2b,12,freq,freq,en,es,fuerte,"The opposite of ""fuerte"" is """,débil,1,5,17.75,18.125,0.375
gemma-2-2b,13,desc,desc,en,es,limpio,"The opposite of ""limpio"" is """,sucio,0,0,20.875,21.25,0.375
gemma-2-2b,13,desc,val,en,es,limpio,"The opposite of ""limpio"" is """,sucio,0,0,20.875,22.5,1.625
gemma-2-2b,13,desc,freq,en,es,limpio,"The opposite of ""limpio"" is """,sucio,0,0,20.875,21.5,0.625
gemma-2-2b,13,val,desc,en,es,limpio,"The opposite of ""limpio"" is """,sucio,0,0,20.875,22.125,1.25
gemma-2-2b,13,val,val,en,es,limpio,"The opposite of ""limpio"" is """,sucio,0,0,20.875,22.125,1.25
gemma-2-2b,13,val,freq,en,es,limpio,"The opposite of ""limpio"" is """,sucio,0,1,20.875,21.875,1.0
gemma-2-2b,13,freq,desc,en,es,limpio,"The opposite of ""limpio"" is """,sucio,0,0,20.875,19.75,-1.125
gemma-2-2b,13,freq,val,en,es,limpio,"The opposite of ""limpio"" is """,sucio,0,1,20.875,19.875,-1.0
gemma-2-2b,13,freq,freq,en,es,limpio,"The opposite of ""limpio"" is """,sucio,0,0,20.875,19.75,-1.125
gemma-2-2b,14,desc,desc,en,es,abierto,"The opposite of ""abierto"" is """,cerrado,0,0,20.25,19.25,-1.0
gemma-2-2b,14,desc,val,en,es,abierto,"The opposite of ""abierto"" is """,cerrado,0,0,20.25,20.125,-0.125
gemma-2-2b,14,desc,freq,en,es,abierto,"The opposite of ""abierto"" is """,cerrado,0,4,20.25,17.75,-2.5
gemma-2-2b,14,val,desc,en,es,abierto,"The opposite of ""abierto"" is """,cerrado,0,0,20.25,20.625,0.375
gemma-2-2b,14,val,val,en,es,abierto,"The opposite of ""abierto"" is """,cerrado,0,0,20.25,20.125,-0.125
gemma-2-2b,14,val,freq,en,es,abierto,"The opposite of ""abierto"" is """,cerrado,0,2,20.25,19.25,-1.0
gemma-2-2b,14,freq,desc,en,es,abierto,"The opposite of ""abierto"" is """,cerrado,0,2,20.25,16.75,-3.5
gemma-2-2b,14,freq,val,en,es,abierto,"The opposite of ""abierto"" is """,cerrado,0,2,20.25,17.625,-2.625
gemma-2-2b,14,freq,freq,en,es,abierto,"The opposite of ""abierto"" is """,cerrado,0,2,20.25,16.75,-3.5
gemma-2-2b,15,desc,desc,en,es,rico,"The opposite of ""rico"" is """,pobre,2,1,22.375,22.75,0.375
gemma-2-2b,15,desc,val,en,es,rico,"The opposite of ""rico"" is """,pobre,2,1,22.375,22.875,0.5
gemma-2-2b,15,desc,freq,en,es,rico,"The opposite of ""rico"" is """,pobre,2,10,22.375,20.875,-1.5
gemma-2-2b,15,val,desc,en,es,rico,"The opposite of ""rico"" is """,pobre,2,1,22.375,22.875,0.5
gemma-2-2b,15,val,val,en,es,rico,"The opposite of ""rico"" is """,pobre,2,1,22.375,23.0,0.625
gemma-2-2b,15,val,freq,en,es,rico,"The opposite of ""rico"" is """,pobre,2,21,22.375,21.375,-1.0
gemma-2-2b,15,freq,desc,en,es,rico,"The opposite of ""rico"" is """,pobre,2,1,22.375,22.5,0.125
gemma-2-2b,15,freq,val,en,es,rico,"The opposite of ""rico"" is """,pobre,2,1,22.375,22.75,0.375
gemma-2-2b,15,freq,freq,en,es,rico,"The opposite of ""rico"" is """,pobre,2,1,22.375,22.5,0.125
gemma-2-2b,16,desc,desc,en,es,hermoso,"The opposite of ""hermoso"" is """,feo,0,0,21.5,21.25,-0.25
gemma-2-2b,16,desc,val,en,es,hermoso,"The opposite of ""hermoso"" is """,feo,0,0,21.5,21.0,-0.5
gemma-2-2b,16,desc,freq,en,es,hermoso,"The opposite of ""hermoso"" is """,feo,0,176,21.5,15.5,-6.0
gemma-2-2b,16,val,desc,en,es,hermoso,"The opposite of ""hermoso"" is """,feo,0,0,21.5,21.75,0.25
gemma-2-2b,16,val,val,en,es,hermoso,"The opposite of ""hermoso"" is """,feo,0,0,21.5,21.625,0.125
gemma-2-2b,16,val,freq,en,es,hermoso,"The opposite of ""hermoso"" is """,feo,0,154,21.5,16.5,-5.0
gemma-2-2b,16,freq,desc,en,es,hermoso,"The opposite of ""hermoso"" is """,feo,0,7,21.5,19.75,-1.75
gemma-2-2b,16,freq,val,en,es,hermoso,"The opposite of ""hermoso"" is """,feo,0,8,21.5,19.75,-1.75
gemma-2-2b,16,freq,freq,en,es,hermoso,"The opposite of ""hermoso"" is """,feo,0,7,21.5,19.75,-1.75
gemma-2-2b,17,desc,desc,en,es,largo,"The opposite of ""largo"" is """,corto,16,17,17.625,17.625,0.0
gemma-2-2b,17,desc,val,en,es,largo,"The opposite of ""largo"" is """,corto,16,9,17.625,19.125,1.5
gemma-2-2b,17,desc,freq,en,es,largo,"The opposite of ""largo"" is """,corto,16,56,17.625,17.0,-0.625
gemma-2-2b,17,val,desc,en,es,largo,"The opposite of ""largo"" is """,corto,16,11,17.625,18.75,1.125
gemma-2-2b,17,val,val,en,es,largo,"The opposite of ""largo"" is """,corto,16,14,17.625,18.625,1.0
gemma-2-2b,17,val,freq,en,es,largo,"The opposite of ""largo"" is """,corto,16,76,17.625,17.25,-0.375
gemma-2-2b,17,freq,desc,en,es,largo,"The opposite of ""largo"" is """,corto,16,24,17.625,17.375,-0.25
gemma-2-2b,17,freq,val,en,es,largo,"The opposite of ""largo"" is """,corto,16,24,17.625,17.75,0.125
gemma-2-2b,17,freq,freq,en,es,largo,"The opposite of ""largo"" is """,corto,16,24,17.625,17.375,-0.25
gemma-2-2b,18,desc,desc,en,es,ancho,"The opposite of ""ancho"" is """,estrecho,4593,6612,13.3125,12.75,-0.5625
gemma-2-2b,18,desc,val,en,es,ancho,"The opposite of ""ancho"" is """,estrecho,4593,3947,13.3125,13.625,0.3125
gemma-2-2b,18,desc,freq,en,es,ancho,"The opposite of ""ancho"" is """,estrecho,4593,17550,13.3125,9.4375,-3.875
gemma-2-2b,18,val,desc,en,es,ancho,"The opposite of ""ancho"" is """,estrecho,4593,4940,13.3125,13.0625,-0.25
gemma-2-2b,18,val,val,en,es,ancho,"The opposite of ""ancho"" is """,estrecho,4593,6958,13.3125,12.625,-0.6875
gemma-2-2b,18,val,freq,en,es,ancho,"The opposite of ""ancho"" is """,estrecho,4593,17436,13.3125,9.5625,-3.75
gemma-2-2b,18,freq,desc,en,es,ancho,"The opposite of ""ancho"" is """,estrecho,4593,5139,13.3125,13.1875,-0.125
gemma-2-2b,18,freq,val,en,es,ancho,"The opposite of ""ancho"" is """,estrecho,4593,4951,13.3125,13.1875,-0.125
gemma-2-2b,18,freq,freq,en,es,ancho,"The opposite of ""ancho"" is """,estrecho,4593,5139,13.3125,13.1875,-0.125
gemma-2-2b,19,desc,desc,en,es,duro,"The opposite of ""duro"" is """,suave,2,3,20.375,20.625,0.25
gemma-2-2b,19,desc,val,en,es,duro,"The opposite of ""duro"" is """,suave,2,1,20.375,22.25,1.875
gemma-2-2b,19,desc,freq,en,es,duro,"The opposite of ""duro"" is """,suave,2,2,20.375,21.5,1.125
gemma-2-2b,19,val,desc,en,es,duro,"The opposite of ""duro"" is """,suave,2,1,20.375,21.375,1.0
gemma-2-2b,19,val,val,en,es,duro,"The opposite of ""duro"" is """,suave,2,4,20.375,21.25,0.875
gemma-2-2b,19,val,freq,en,es,duro,"The opposite of ""duro"" is """,suave,2,4,20.375,21.375,1.0
gemma-2-2b,19,freq,desc,en,es,duro,"The opposite of ""duro"" is """,suave,2,4,20.375,20.25,-0.125
gemma-2-2b,19,freq,val,en,es,duro,"The opposite of ""duro"" is """,suave,2,5,20.375,20.25,-0.125
gemma-2-2b,19,freq,freq,en,es,duro,"The opposite of ""duro"" is """,suave,2,4,20.375,20.25,-0.125
gemma-2-2b,20,desc,desc,en,es,seco,"The opposite of ""seco"" is """,mojado,53,45,19.5,19.875,0.375
gemma-2-2b,20,desc,val,en,es,seco,"The opposite of ""seco"" is """,mojado,53,73,19.5,19.5,0.0
gemma-2-2b,20,desc,freq,en,es,seco,"The opposite of ""seco"" is """,mojado,53,14,19.5,21.25,1.75
gemma-2-2b,20,val,desc,en,es,seco,"The opposite of ""seco"" is """,mojado,53,46,19.5,20.0,0.5
gemma-2-2b,20,val,val,en,es,seco,"The opposite of ""seco"" is """,mojado,53,46,19.5,20.125,0.625
gemma-2-2b,20,val,freq,en,es,seco,"The opposite of ""seco"" is """,mojado,53,11,19.5,22.0,2.5
gemma-2-2b,20,freq,desc,en,es,seco,"The opposite of ""seco"" is """,mojado,53,36,19.5,19.875,0.375
gemma-2-2b,20,freq,val,en,es,seco,"The opposite of ""seco"" is """,mojado,53,33,19.5,19.875,0.375
gemma-2-2b,20,freq,freq,en,es,seco,"The opposite of ""seco"" is """,mojado,53,36,19.5,19.875,0.375
gemma-2-2b,21,desc,desc,en,es,ruidoso,"The opposite of ""ruidoso"" is """,tranquilo,0,1,23.125,23.5,0.375
gemma-2-2b,21,desc,val,en,es,ruidoso,"The opposite of ""ruidoso"" is """,tranquilo,0,1,23.125,23.5,0.375
gemma-2-2b,21,desc,freq,en,es,ruidoso,"The opposite of ""ruidoso"" is """,tranquilo,0,0,23.125,23.5,0.375
gemma-2-2b,21,val,desc,en,es,ruidoso,"The opposite of ""ruidoso"" is """,tranquilo,0,1,23.125,23.75,0.625
gemma-2-2b,21,val,val,en,es,ruidoso,"The opposite of ""ruidoso"" is """,tranquilo,0,1,23.125,23.625,0.5
gemma-2-2b,21,val,freq,en,es,ruidoso,"The opposite of ""ruidoso"" is """,tranquilo,0,0,23.125,23.875,0.75
gemma-2-2b,21,freq,desc,en,es,ruidoso,"The opposite of ""ruidoso"" is """,tranquilo,0,3,23.125,23.25,0.125
gemma-2-2b,21,freq,val,en,es,ruidoso,"The opposite of ""ruidoso"" is """,tranquilo,0,3,23.125,23.25,0.125
gemma-2-2b,21,freq,freq,en,es,ruidoso,"The opposite of ""ruidoso"" is """,tranquilo,0,3,23.125,23.25,0.125
gemma-2-2b,22,desc,desc,en,es,temprano,"The opposite of ""temprano"" is """,tarde,0,0,23.625,24.5,0.875
gemma-2-2b,22,desc,val,en,es,temprano,"The opposite of ""temprano"" is """,tarde,0,0,23.625,24.625,1.0
gemma-2-2b,22,desc,freq,en,es,temprano,"The opposite of ""temprano"" is """,tarde,0,0,23.625,23.5,-0.125
gemma-2-2b,22,val,desc,en,es,temprano,"The opposite of ""temprano"" is """,tarde,0,0,23.625,24.875,1.25
gemma-2-2b,22,val,val,en,es,temprano,"The opposite of ""temprano"" is """,tarde,0,0,23.625,25.125,1.5
gemma-2-2b,22,val,freq,en,es,temprano,"The opposite of ""temprano"" is """,tarde,0,1,23.625,23.75,0.125
gemma-2-2b,22,freq,desc,en,es,temprano,"The opposite of ""temprano"" is """,tarde,0,0,23.625,23.5,-0.125
gemma-2-2b,22,freq,val,en,es,temprano,"The opposite of ""temprano"" is """,tarde,0,0,23.625,23.875,0.25
gemma-2-2b,22,freq,freq,en,es,temprano,"The opposite of ""temprano"" is """,tarde,0,0,23.625,23.5,-0.125
gemma-2-2b,23,desc,desc,en,es,cerca,"The opposite of ""cerca"" is """,lejos,19,26,19.875,19.875,0.0
gemma-2-2b,23,desc,val,en,es,cerca,"The opposite of ""cerca"" is """,lejos,19,21,19.875,20.25,0.375
gemma-2-2b,23,desc,freq,en,es,cerca,"The opposite of ""cerca"" is """,lejos,19,9,19.875,20.375,0.5
gemma-2-2b,23,val,desc,en,es,cerca,"The opposite of ""cerca"" is """,lejos,19,15,19.875,21.0,1.125
gemma-2-2b,23,val,val,en,es,cerca,"The opposite of ""cerca"" is """,lejos,19,41,19.875,20.0,0.125
gemma-2-2b,23,val,freq,en,es,cerca,"The opposite of ""cerca"" is """,lejos,19,9,19.875,21.375,1.5
gemma-2-2b,23,freq,desc,en,es,cerca,"The opposite of ""cerca"" is """,lejos,19,34,19.875,19.5,-0.375
gemma-2-2b,23,freq,val,en,es,cerca,"The opposite of ""cerca"" is """,lejos,19,38,19.875,19.75,-0.125
gemma-2-2b,23,freq,freq,en,es,cerca,"The opposite of ""cerca"" is """,lejos,19,34,19.875,19.5,-0.375
gemma-2-2b,24,desc,desc,en,es,profundo,"The opposite of ""profundo"" is """,superficial,1,0,22.5,23.5,1.0
gemma-2-2b,24,desc,val,en,es,profundo,"The opposite of ""profundo"" is """,superficial,1,0,22.5,23.375,0.875
gemma-2-2b,24,desc,freq,en,es,profundo,"The opposite of ""profundo"" is """,superficial,1,2,22.5,21.375,-1.125
gemma-2-2b,24,val,desc,en,es,profundo,"The opposite of ""profundo"" is """,superficial,1,0,22.5,23.875,1.375
gemma-2-2b,24,val,val,en,es,profundo,"The opposite of ""profundo"" is """,superficial,1,0,22.5,24.25,1.75
gemma-2-2b,24,val,freq,en,es,profundo,"The opposite of ""profundo"" is """,superficial,1,2,22.5,22.0,-0.5
gemma-2-2b,24,freq,desc,en,es,profundo,"The opposite of ""profundo"" is """,superficial,1,0,22.5,23.375,0.875
gemma-2-2b,24,freq,val,en,es,profundo,"The opposite of ""profundo"" is """,superficial,1,0,22.5,23.5,1.0
gemma-2-2b,24,freq,freq,en,es,profundo,"The opposite of ""profundo"" is """,superficial,1,0,22.5,23.375,0.875
gemma-2-2b,25,desc,desc,en,es,malo,"The opposite of ""malo"" is """,bueno,0,0,22.625,21.875,-0.75
gemma-2-2b,25,desc,val,en,es,malo,"The opposite of ""malo"" is """,bueno,0,0,22.625,22.5,-0.125
gemma-2-2b,25,desc,freq,en,es,malo,"The opposite of ""malo"" is """,bueno,0,13,22.625,20.0,-2.625
gemma-2-2b,25,val,desc,en,es,malo,"The opposite of ""malo"" is """,bueno,0,0,22.625,22.625,0.0
gemma-2-2b,25,val,val,en,es,malo,"The opposite of ""malo"" is """,bueno,0,0,22.625,22.625,0.0
gemma-2-2b,25,val,freq,en,es,malo,"The opposite of ""malo"" is """,bueno,0,7,22.625,21.25,-1.375
gemma-2-2b,25,freq,desc,en,es,malo,"The opposite of ""malo"" is """,bueno,0,0,22.625,21.875,-0.75
gemma-2-2b,25,freq,val,en,es,malo,"The opposite of ""malo"" is """,bueno,0,0,22.625,22.125,-0.5
gemma-2-2b,25,freq,freq,en,es,malo,"The opposite of ""malo"" is """,bueno,0,0,22.625,21.875,-0.75
gemma-2-2b,26,desc,desc,en,es,triste,"The opposite of ""triste"" is """,feliz,0,2,21.75,21.125,-0.625
gemma-2-2b,26,desc,val,en,es,triste,"The opposite of ""triste"" is """,feliz,0,0,21.75,22.0,0.25
gemma-2-2b,26,desc,freq,en,es,triste,"The opposite of ""triste"" is """,feliz,0,2,21.75,20.25,-1.5
gemma-2-2b,26,val,desc,en,es,triste,"The opposite of ""triste"" is """,feliz,0,1,21.75,21.375,-0.375
gemma-2-2b,26,val,val,en,es,triste,"The opposite of ""triste"" is """,feliz,0,6,21.75,21.0,-0.75
gemma-2-2b,26,val,freq,en,es,triste,"The opposite of ""triste"" is """,feliz,0,3,21.75,20.625,-1.125
gemma-2-2b,26,freq,desc,en,es,triste,"The opposite of ""triste"" is """,feliz,0,7,21.75,20.0,-1.75
gemma-2-2b,26,freq,val,en,es,triste,"The opposite of ""triste"" is """,feliz,0,5,21.75,20.75,-1.0
gemma-2-2b,26,freq,freq,en,es,triste,"The opposite of ""triste"" is """,feliz,0,7,21.75,20.0,-1.75
gemma-2-2b,27,desc,desc,en,es,pequeño,"The opposite of ""pequeño"" is """,grande,0,0,23.5,23.875,0.375
gemma-2-2b,27,desc,val,en,es,pequeño,"The opposite of ""pequeño"" is """,grande,0,0,23.5,24.5,1.0
gemma-2-2b,27,desc,freq,en,es,pequeño,"The opposite of ""pequeño"" is """,grande,0,0,23.5,22.5,-1.0
gemma-2-2b,27,val,desc,en,es,pequeño,"The opposite of ""pequeño"" is """,grande,0,0,23.5,24.5,1.0
gemma-2-2b,27,val,val,en,es,pequeño,"The opposite of ""pequeño"" is """,grande,0,0,23.5,24.5,1.0
gemma-2-2b,27,val,freq,en,es,pequeño,"The opposite of ""pequeño"" is """,grande,0,0,23.5,23.0,-0.5
gemma-2-2b,27,freq,desc,en,es,pequeño,"The opposite of ""pequeño"" is """,grande,0,0,23.5,23.5,0.0
gemma-2-2b,27,freq,val,en,es,pequeño,"The opposite of ""pequeño"" is """,grande,0,0,23.5,24.0,0.5
gemma-2-2b,27,freq,freq,en,es,pequeño,"The opposite of ""pequeño"" is """,grande,0,0,23.5,23.5,0.0
gemma-2-2b,28,desc,desc,en,es,frío,"The opposite of ""frío"" is """,caliente,0,0,20.75,20.75,0.0
gemma-2-2b,28,desc,val,en,es,frío,"The opposite of ""frío"" is """,caliente,0,0,20.75,21.75,1.0
gemma-2-2b,28,desc,freq,en,es,frío,"The opposite of ""frío"" is """,caliente,0,0,20.75,21.125,0.375
gemma-2-2b,28,val,desc,en,es,frío,"The opposite of ""frío"" is """,caliente,0,0,20.75,21.875,1.125
gemma-2-2b,28,val,val,en,es,frío,"The opposite of ""frío"" is """,caliente,0,0,20.75,22.0,1.25
gemma-2-2b,28,val,freq,en,es,frío,"The opposite of ""frío"" is """,caliente,0,0,20.75,21.875,1.125
gemma-2-2b,28,freq,desc,en,es,frío,"The opposite of ""frío"" is """,caliente,0,0,20.75,20.25,-0.5
gemma-2-2b,28,freq,val,en,es,frío,"The opposite of ""frío"" is """,caliente,0,0,20.75,21.0,0.25
gemma-2-2b,28,freq,freq,en,es,frío,"The opposite of ""frío"" is """,caliente,0,0,20.75,20.25,-0.5
gemma-2-2b,29,desc,desc,en,es,lento,"The opposite of ""lento"" is """,veloz,13,20,18.75,18.25,-0.5
gemma-2-2b,29,desc,val,en,es,lento,"The opposite of ""lento"" is """,veloz,13,15,18.75,18.875,0.125
gemma-2-2b,29,desc,freq,en,es,lento,"The opposite of ""lento"" is """,veloz,13,8,18.75,18.125,-0.625
gemma-2-2b,29,val,desc,en,es,lento,"The opposite of ""lento"" is """,veloz,13,29,18.75,18.125,-0.625
gemma-2-2b,29,val,val,en,es,lento,"The opposite of ""lento"" is """,veloz,13,28,18.75,18.25,-0.5
gemma-2-2b,29,val,freq,en,es,lento,"The opposite of ""lento"" is """,veloz,13,6,18.75,17.875,-0.875
gemma-2-2b,29,freq,desc,en,es,lento,"The opposite of ""lento"" is """,veloz,13,17,18.75,18.25,-0.5
gemma-2-2b,29,freq,val,en,es,lento,"The opposite of ""lento"" is """,veloz,13,21,18.75,18.375,-0.375
gemma-2-2b,29,freq,freq,en,es,lento,"The opposite of ""lento"" is """,veloz,13,17,18.75,18.25,-0.5
gemma-2-2b,30,desc,desc,en,es,pesado,"The opposite of ""pesado"" is """,ligero,6,13,16.5,16.125,-0.375
gemma-2-2b,30,desc,val,en,es,pesado,"The opposite of ""pesado"" is """,ligero,6,20,16.5,15.9375,-0.5625
gemma-2-2b,30,desc,freq,en,es,pesado,"The opposite of ""pesado"" is """,ligero,6,7,16.5,18.25,1.75
gemma-2-2b,30,val,desc,en,es,pesado,"The opposite of ""pesado"" is """,ligero,6,19,16.5,16.0,-0.5
gemma-2-2b,30,val,val,en,es,pesado,"The opposite of ""pesado"" is """,ligero,6,25,16.5,15.9375,-0.5625
gemma-2-2b,30,val,freq,en,es,pesado,"The opposite of ""pesado"" is """,ligero,6,7,16.5,18.75,2.25
gemma-2-2b,30,freq,desc,en,es,pesado,"The opposite of ""pesado"" is """,ligero,6,15,16.5,15.8125,-0.6875
gemma-2-2b,30,freq,val,en,es,pesado,"The opposite of ""pesado"" is """,ligero,6,16,16.5,15.6875,-0.8125
gemma-2-2b,30,freq,freq,en,es,pesado,"The opposite of ""pesado"" is """,ligero,6,15,16.5,15.8125,-0.6875
gemma-2-2b,31,desc,desc,en,es,difícil,"The opposite of ""difícil"" is """,fácil,0,0,21.75,21.5,-0.25
gemma-2-2b,31,desc,val,en,es,difícil,"The opposite of ""difícil"" is """,fácil,0,0,21.75,23.125,1.375
gemma-2-2b,31,desc,freq,en,es,difícil,"The opposite of ""difícil"" is """,fácil,0,1,21.75,20.0,-1.75
gemma-2-2b,31,val,desc,en,es,difícil,"The opposite of ""difícil"" is """,fácil,0,0,21.75,22.375,0.625
gemma-2-2b,31,val,val,en,es,difícil,"The opposite of ""difícil"" is """,fácil,0,0,21.75,22.625,0.875
gemma-2-2b,31,val,freq,en,es,difícil,"The opposite of ""difícil"" is """,fácil,0,1,21.75,20.875,-0.875
gemma-2-2b,31,freq,desc,en,es,difícil,"The opposite of ""difícil"" is """,fácil,0,0,21.75,20.75,-1.0
gemma-2-2b,31,freq,val,en,es,difícil,"The opposite of ""difícil"" is """,fácil,0,0,21.75,22.0,0.25
gemma-2-2b,31,freq,freq,en,es,difícil,"The opposite of ""difícil"" is """,fácil,0,0,21.75,20.75,-1.0
gemma-2-2b,32,desc,desc,en,es,viejo,"The opposite of ""viejo"" is """,joven,0,0,20.875,19.375,-1.5
gemma-2-2b,32,desc,val,en,es,viejo,"The opposite of ""viejo"" is """,joven,0,0,20.875,21.25,0.375
gemma-2-2b,32,desc,freq,en,es,viejo,"The opposite of ""viejo"" is """,joven,0,4,20.875,18.125,-2.75
gemma-2-2b,32,val,desc,en,es,viejo,"The opposite of ""viejo"" is """,joven,0,0,20.875,20.75,-0.125
gemma-2-2b,32,val,val,en,es,viejo,"The opposite of ""viejo"" is """,joven,0,0,20.875,20.5,-0.375
gemma-2-2b,32,val,freq,en,es,viejo,"The opposite of ""viejo"" is """,joven,0,3,20.875,19.5,-1.375
gemma-2-2b,32,freq,desc,en,es,viejo,"The opposite of ""viejo"" is """,joven,0,0,20.875,18.875,-2.0
gemma-2-2b,32,freq,val,en,es,viejo,"The opposite of ""viejo"" is """,joven,0,0,20.875,20.625,-0.25
gemma-2-2b,32,freq,freq,en,es,viejo,"The opposite of ""viejo"" is """,joven,0,0,20.875,18.875,-2.0
gemma-2-2b,33,desc,desc,en,es,falso,"The opposite of ""falso"" is """,verdadero,0,1,20.875,19.625,-1.25
gemma-2-2b,33,desc,val,en,es,falso,"The opposite of ""falso"" is """,verdadero,0,1,20.875,21.375,0.5
gemma-2-2b,33,desc,freq,en,es,falso,"The opposite of ""falso"" is """,verdadero,0,7,20.875,18.875,-2.0
gemma-2-2b,33,val,desc,en,es,falso,"The opposite of ""falso"" is """,verdadero,0,2,20.875,19.875,-1.0
gemma-2-2b,33,val,val,en,es,falso,"The opposite of ""falso"" is """,verdadero,0,2,20.875,20.125,-0.75
gemma-2-2b,33,val,freq,en,es,falso,"The opposite of ""falso"" is """,verdadero,0,8,20.875,19.0,-1.875
gemma-2-2b,33,freq,desc,en,es,falso,"The opposite of ""falso"" is """,verdadero,0,3,20.875,19.25,-1.625
gemma-2-2b,33,freq,val,en,es,falso,"The opposite of ""falso"" is """,verdadero,0,1,20.875,20.75,-0.125
gemma-2-2b,33,freq,freq,en,es,falso,"The opposite of ""falso"" is """,verdadero,0,3,20.875,19.25,-1.625
gemma-2-2b,34,desc,desc,en,es,muerto,"The opposite of ""muerto"" is """,vivo,0,0,22.625,22.875,0.25
gemma-2-2b,34,desc,val,en,es,muerto,"The opposite of ""muerto"" is """,vivo,0,0,22.625,23.25,0.625
gemma-2-2b,34,desc,freq,en,es,muerto,"The opposite of ""muerto"" is """,vivo,0,0,22.625,21.75,-0.875
gemma-2-2b,34,val,desc,en,es,muerto,"The opposite of ""muerto"" is """,vivo,0,0,22.625,23.5,0.875
gemma-2-2b,34,val,val,en,es,muerto,"The opposite of ""muerto"" is """,vivo,0,0,22.625,23.875,1.25
gemma-2-2b,34,val,freq,en,es,muerto,"The opposite of ""muerto"" is """,vivo,0,0,22.625,22.375,-0.25
gemma-2-2b,34,freq,desc,en,es,muerto,"The opposite of ""muerto"" is """,vivo,0,0,22.625,21.625,-1.0
gemma-2-2b,34,freq,val,en,es,muerto,"The opposite of ""muerto"" is """,vivo,0,0,22.625,21.875,-0.75
gemma-2-2b,34,freq,freq,en,es,muerto,"The opposite of ""muerto"" is """,vivo,0,0,22.625,21.625,-1.0
gemma-2-2b,35,desc,desc,en,es,vacío,"The opposite of ""vacío"" is """,lleno,0,1,21.875,20.875,-1.0
gemma-2-2b,35,desc,val,en,es,vacío,"The opposite of ""vacío"" is """,lleno,0,1,21.875,21.25,-0.625
gemma-2-2b,35,desc,freq,en,es,vacío,"The opposite of ""vacío"" is """,lleno,0,15,21.875,19.5,-2.375
gemma-2-2b,35,val,desc,en,es,vacío,"The opposite of ""vacío"" is """,lleno,0,2,21.875,20.875,-1.0
gemma-2-2b,35,val,val,en,es,vacío,"The opposite of ""vacío"" is """,lleno,0,5,21.875,20.75,-1.125
gemma-2-2b,35,val,freq,en,es,vacío,"The opposite of ""vacío"" is """,lleno,0,19,21.875,20.0,-1.875
gemma-2-2b,35,freq,desc,en,es,vacío,"The opposite of ""vacío"" is """,lleno,0,6,21.875,20.125,-1.75
gemma-2-2b,35,freq,val,en,es,vacío,"The opposite of ""vacío"" is """,lleno,0,5,21.875,20.625,-1.25
gemma-2-2b,35,freq,freq,en,es,vacío,"The opposite of ""vacío"" is """,lleno,0,6,21.875,20.125,-1.75
gemma-2-2b,36,desc,desc,en,es,oscuro,"The opposite of ""oscuro"" is """,claro,0,0,22.75,22.875,0.125
gemma-2-2b,36,desc,val,en,es,oscuro,"The opposite of ""oscuro"" is """,claro,0,0,22.75,23.5,0.75
gemma-2-2b,36,desc,freq,en,es,oscuro,"The opposite of ""oscuro"" is """,claro,0,1,22.75,20.75,-2.0
gemma-2-2b,36,val,desc,en,es,oscuro,"The opposite of ""oscuro"" is """,claro,0,0,22.75,23.5,0.75
gemma-2-2b,36,val,val,en,es,oscuro,"The opposite of ""oscuro"" is """,claro,0,0,22.75,23.375,0.625
gemma-2-2b,36,val,freq,en,es,oscuro,"The opposite of ""oscuro"" is """,claro,0,2,22.75,21.625,-1.125
gemma-2-2b,36,freq,desc,en,es,oscuro,"The opposite of ""oscuro"" is """,claro,0,0,22.75,22.5,-0.25
gemma-2-2b,36,freq,val,en,es,oscuro,"The opposite of ""oscuro"" is """,claro,0,0,22.75,23.125,0.375
gemma-2-2b,36,freq,freq,en,es,oscuro,"The opposite of ""oscuro"" is """,claro,0,0,22.75,22.5,-0.25
gemma-2-2b,37,desc,desc,en,es,débil,"The opposite of ""débil"" is """,fuerte,14,35,19.0,17.75,-1.25
gemma-2-2b,37,desc,val,en,es,débil,"The opposite of ""débil"" is """,fuerte,14,21,19.0,18.875,-0.125
gemma-2-2b,37,desc,freq,en,es,débil,"The opposite of ""débil"" is """,fuerte,14,52,19.0,17.375,-1.625
gemma-2-2b,37,val,desc,en,es,débil,"The opposite of ""débil"" is """,fuerte,14,24,19.0,18.25,-0.75
gemma-2-2b,37,val,val,en,es,débil,"The opposite of ""débil"" is """,fuerte,14,91,19.0,16.75,-2.25
gemma-2-2b,37,val,freq,en,es,débil,"The opposite of ""débil"" is """,fuerte,14,75,19.0,17.5,-1.5
gemma-2-2b,37,freq,desc,en,es,débil,"The opposite of ""débil"" is """,fuerte,14,105,19.0,16.125,-2.875
gemma-2-2b,37,freq,val,en,es,débil,"The opposite of ""débil"" is """,fuerte,14,106,19.0,16.25,-2.75
gemma-2-2b,37,freq,freq,en,es,débil,"The opposite of ""débil"" is """,fuerte,14,105,19.0,16.125,-2.875
gemma-2-2b,38,desc,desc,en,es,sucio,"The opposite of ""sucio"" is """,limpio,0,0,19.25,18.875,-0.375
gemma-2-2b,38,desc,val,en,es,sucio,"The opposite of ""sucio"" is """,limpio,0,1,19.25,18.125,-1.125
gemma-2-2b,38,desc,freq,en,es,sucio,"The opposite of ""sucio"" is """,limpio,0,5,19.25,15.9375,-3.3125
gemma-2-2b,38,val,desc,en,es,sucio,"The opposite of ""sucio"" is """,limpio,0,0,19.25,19.75,0.5
gemma-2-2b,38,val,val,en,es,sucio,"The opposite of ""sucio"" is """,limpio,0,0,19.25,19.75,0.5
gemma-2-2b,38,val,freq,en,es,sucio,"The opposite of ""sucio"" is """,limpio,0,1,19.25,17.875,-1.375
gemma-2-2b,38,freq,desc,en,es,sucio,"The opposite of ""sucio"" is """,limpio,0,1,19.25,18.25,-1.0
gemma-2-2b,38,freq,val,en,es,sucio,"The opposite of ""sucio"" is """,limpio,0,1,19.25,18.75,-0.5
gemma-2-2b,38,freq,freq,en,es,sucio,"The opposite of ""sucio"" is """,limpio,0,1,19.25,18.25,-1.0
gemma-2-2b,39,desc,desc,en,es,cerrado,"The opposite of ""cerrado"" is """,abierto,0,0,22.125,22.25,0.125
gemma-2-2b,39,desc,val,en,es,cerrado,"The opposite of ""cerrado"" is """,abierto,0,0,22.125,22.625,0.5
gemma-2-2b,39,desc,freq,en,es,cerrado,"The opposite of ""cerrado"" is """,abierto,0,0,22.125,22.375,0.25
gemma-2-2b,39,val,desc,en,es,cerrado,"The opposite of ""cerrado"" is """,abierto,0,0,22.125,22.625,0.5
gemma-2-2b,39,val,val,en,es,cerrado,"The opposite of ""cerrado"" is """,abierto,0,0,22.125,22.75,0.625
gemma-2-2b,39,val,freq,en,es,cerrado,"The opposite of ""cerrado"" is """,abierto,0,0,22.125,22.625,0.5
gemma-2-2b,39,freq,desc,en,es,cerrado,"The opposite of ""cerrado"" is """,abierto,0,0,22.125,21.5,-0.625
gemma-2-2b,39,freq,val,en,es,cerrado,"The opposite of ""cerrado"" is """,abierto,0,0,22.125,21.75,-0.375
gemma-2-2b,39,freq,freq,en,es,cerrado,"The opposite of ""cerrado"" is """,abierto,0,0,22.125,21.5,-0.625
gemma-2-2b,40,desc,desc,en,es,pobre,"The opposite of ""pobre"" is """,rico,0,0,21.125,21.125,0.0
gemma-2-2b,40,desc,val,en,es,pobre,"The opposite of ""pobre"" is """,rico,0,1,21.125,20.5,-0.625
gemma-2-2b,40,desc,freq,en,es,pobre,"The opposite of ""pobre"" is """,rico,0,4,21.125,19.5,-1.625
gemma-2-2b,40,val,desc,en,es,pobre,"The opposite of ""pobre"" is """,rico,0,3,21.125,20.25,-0.875
gemma-2-2b,40,val,val,en,es,pobre,"The opposite of ""pobre"" is """,rico,0,1,21.125,20.875,-0.25
gemma-2-2b,40,val,freq,en,es,pobre,"The opposite of ""pobre"" is """,rico,0,4,21.125,20.125,-1.0
gemma-2-2b,40,freq,desc,en,es,pobre,"The opposite of ""pobre"" is """,rico,0,4,21.125,19.75,-1.375
gemma-2-2b,40,freq,val,en,es,pobre,"The opposite of ""pobre"" is """,rico,0,4,21.125,19.75,-1.375
gemma-2-2b,40,freq,freq,en,es,pobre,"The opposite of ""pobre"" is """,rico,0,4,21.125,19.75,-1.375
gemma-2-2b,41,desc,desc,en,es,feo,"The opposite of ""feo"" is """,bonito,2,1,21.125,21.875,0.75
gemma-2-2b,41,desc,val,en,es,feo,"The opposite of ""feo"" is """,bonito,2,1,21.125,22.0,0.875
gemma-2-2b,41,desc,freq,en,es,feo,"The opposite of ""feo"" is """,bonito,2,2,21.125,20.0,-1.125
gemma-2-2b,41,val,desc,en,es,feo,"The opposite of ""feo"" is """,bonito,2,1,21.125,22.0,0.875
gemma-2-2b,41,val,val,en,es,feo,"The opposite of ""feo"" is """,bonito,2,1,21.125,22.375,1.25
gemma-2-2b,41,val,freq,en,es,feo,"The opposite of ""feo"" is """,bonito,2,4,21.125,20.75,-0.375
gemma-2-2b,41,freq,desc,en,es,feo,"The opposite of ""feo"" is """,bonito,2,1,21.125,21.5,0.375
gemma-2-2b,41,freq,val,en,es,feo,"The opposite of ""feo"" is """,bonito,2,1,21.125,21.5,0.375
gemma-2-2b,41,freq,freq,en,es,feo,"The opposite of ""feo"" is """,bonito,2,1,21.125,21.5,0.375
gemma-2-2b,42,desc,desc,en,es,corto,"The opposite of ""corto"" is """,largo,0,0,24.25,23.75,-0.5
gemma-2-2b,42,desc,val,en,es,corto,"The opposite of ""corto"" is """,largo,0,0,24.25,23.875,-0.375
gemma-2-2b,42,desc,freq,en,es,corto,"The opposite of ""corto"" is """,largo,0,2,24.25,21.125,-3.125
gemma-2-2b,42,val,desc,en,es,corto,"The opposite of ""corto"" is """,largo,0,0,24.25,24.0,-0.25
gemma-2-2b,42,val,val,en,es,corto,"The opposite of ""corto"" is """,largo,0,0,24.25,24.125,-0.125
gemma-2-2b,42,val,freq,en,es,corto,"The opposite of ""corto"" is """,largo,0,4,24.25,22.125,-2.125
gemma-2-2b,42,freq,desc,en,es,corto,"The opposite of ""corto"" is """,largo,0,1,24.25,23.25,-1.0
gemma-2-2b,42,freq,val,en,es,corto,"The opposite of ""corto"" is """,largo,0,1,24.25,23.75,-0.5
gemma-2-2b,42,freq,freq,en,es,corto,"The opposite of ""corto"" is """,largo,0,1,24.25,23.25,-1.0
gemma-2-2b,43,desc,desc,en,es,estrecho,"The opposite of ""estrecho"" is """,ancho,17,91,17.25,16.125,-1.125
gemma-2-2b,43,desc,val,en,es,estrecho,"The opposite of ""estrecho"" is """,ancho,17,77,17.25,16.75,-0.5
gemma-2-2b,43,desc,freq,en,es,estrecho,"The opposite of ""estrecho"" is """,ancho,17,288,17.25,14.4375,-2.8125
gemma-2-2b,43,val,desc,en,es,estrecho,"The opposite of ""estrecho"" is """,ancho,17,61,17.25,17.25,0.0
gemma-2-2b,43,val,val,en,es,estrecho,"The opposite of ""estrecho"" is """,ancho,17,64,17.25,17.75,0.5
gemma-2-2b,43,val,freq,en,es,estrecho,"The opposite of ""estrecho"" is """,ancho,17,268,17.25,15.375,-1.875
gemma-2-2b,43,freq,desc,en,es,estrecho,"The opposite of ""estrecho"" is """,ancho,17,204,17.25,15.375,-1.875
gemma-2-2b,43,freq,val,en,es,estrecho,"The opposite of ""estrecho"" is """,ancho,17,181,17.25,15.6875,-1.5625
gemma-2-2b,43,freq,freq,en,es,estrecho,"The opposite of ""estrecho"" is """,ancho,17,204,17.25,15.375,-1.875
gemma-2-2b,44,desc,desc,en,es,suave,"The opposite of ""suave"" is """,duro,20,17,21.375,21.5,0.125
gemma-2-2b,44,desc,val,en,es,suave,"The opposite of ""suave"" is """,duro,20,6,21.375,22.0,0.625
gemma-2-2b,44,desc,freq,en,es,suave,"The opposite of ""suave"" is """,duro,20,8,21.375,22.0,0.625
gemma-2-2b,44,val,desc,en,es,suave,"The opposite of ""suave"" is """,duro,20,17,21.375,21.5,0.125
gemma-2-2b,44,val,val,en,es,suave,"The opposite of ""suave"" is """,duro,20,19,21.375,21.5,0.125
gemma-2-2b,44,val,freq,en,es,suave,"The opposite of ""suave"" is """,duro,20,17,21.375,21.875,0.5
gemma-2-2b,44,freq,desc,en,es,suave,"The opposite of ""suave"" is """,duro,20,14,21.375,21.5,0.125
gemma-2-2b,44,freq,val,en,es,suave,"The opposite of ""suave"" is """,duro,20,13,21.375,21.25,-0.125
gemma-2-2b,44,freq,freq,en,es,suave,"The opposite of ""suave"" is """,duro,20,14,21.375,21.5,0.125
gemma-2-2b,45,desc,desc,en,es,mojado,"The opposite of ""mojado"" is """,seco,0,0,21.25,21.375,0.125
gemma-2-2b,45,desc,val,en,es,mojado,"The opposite of ""mojado"" is """,seco,0,1,21.25,21.125,-0.125
gemma-2-2b,45,desc,freq,en,es,mojado,"The opposite of ""mojado"" is """,seco,0,20,21.25,17.75,-3.5
gemma-2-2b,45,val,desc,en,es,mojado,"The opposite of ""mojado"" is """,seco,0,0,21.25,21.5,0.25
gemma-2-2b,45,val,val,en,es,mojado,"The opposite of ""mojado"" is """,seco,0,0,21.25,21.5,0.25
gemma-2-2b,45,val,freq,en,es,mojado,"The opposite of ""mojado"" is """,seco,0,14,21.25,19.0,-2.25
gemma-2-2b,45,freq,desc,en,es,mojado,"The opposite of ""mojado"" is """,seco,0,1,21.25,20.375,-0.875
gemma-2-2b,45,freq,val,en,es,mojado,"The opposite of ""mojado"" is """,seco,0,0,21.25,20.75,-0.5
gemma-2-2b,45,freq,freq,en,es,mojado,"The opposite of ""mojado"" is """,seco,0,1,21.25,20.375,-0.875
gemma-2-2b,46,desc,desc,en,es,tranquilo,"The opposite of ""tranquilo"" is """,ruidoso,26,22,17.875,19.125,1.25
gemma-2-2b,46,desc,val,en,es,tranquilo,"The opposite of ""tranquilo"" is """,ruidoso,26,15,17.875,19.5,1.625
gemma-2-2b,46,desc,freq,en,es,tranquilo,"The opposite of ""tranquilo"" is """,ruidoso,26,35,17.875,18.25,0.375
gemma-2-2b,46,val,desc,en,es,tranquilo,"The opposite of ""tranquilo"" is """,ruidoso,26,25,17.875,19.25,1.375
gemma-2-2b,46,val,val,en,es,tranquilo,"The opposite of ""tranquilo"" is """,ruidoso,26,24,17.875,19.625,1.75
gemma-2-2b,46,val,freq,en,es,tranquilo,"The opposite of ""tranquilo"" is """,ruidoso,26,67,17.875,18.5,0.625
gemma-2-2b,46,freq,desc,en,es,tranquilo,"The opposite of ""tranquilo"" is """,ruidoso,26,30,17.875,18.5,0.625
gemma-2-2b,46,freq,val,en,es,tranquilo,"The opposite of ""tranquilo"" is """,ruidoso,26,37,17.875,18.75,0.875
gemma-2-2b,46,freq,freq,en,es,tranquilo,"The opposite of ""tranquilo"" is """,ruidoso,26,30,17.875,18.5,0.625
gemma-2-2b,47,desc,desc,en,es,tarde,"The opposite of ""tarde"" is """,temprano,2,3,19.125,19.0,-0.125
gemma-2-2b,47,desc,val,en,es,tarde,"The opposite of ""tarde"" is """,temprano,2,3,19.125,19.875,0.75
gemma-2-2b,47,desc,freq,en,es,tarde,"The opposite of ""tarde"" is """,temprano,2,11,19.125,18.375,-0.75
gemma-2-2b,47,val,desc,en,es,tarde,"The opposite of ""tarde"" is """,temprano,2,4,19.125,19.625,0.5
gemma-2-2b,47,val,val,en,es,tarde,"The opposite of ""tarde"" is """,temprano,2,4,19.125,19.75,0.625
gemma-2-2b,47,val,freq,en,es,tarde,"The opposite of ""tarde"" is """,temprano,2,14,19.125,18.75,-0.375
gemma-2-2b,47,freq,desc,en,es,tarde,"The opposite of ""tarde"" is """,temprano,2,7,19.125,17.375,-1.75
gemma-2-2b,47,freq,val,en,es,tarde,"The opposite of ""tarde"" is """,temprano,2,7,19.125,17.75,-1.375
gemma-2-2b,47,freq,freq,en,es,tarde,"The opposite of ""tarde"" is """,temprano,2,7,19.125,17.375,-1.75
gemma-2-2b,48,desc,desc,en,es,lejos,"The opposite of ""lejos"" is """,cerca,0,0,23.5,21.875,-1.625
gemma-2-2b,48,desc,val,en,es,lejos,"The opposite of ""lejos"" is """,cerca,0,0,23.5,23.0,-0.5
gemma-2-2b,48,desc,freq,en,es,lejos,"The opposite of ""lejos"" is """,cerca,0,6,23.5,19.5,-4.0
gemma-2-2b,48,val,desc,en,es,lejos,"The opposite of ""lejos"" is """,cerca,0,3,23.5,21.5,-2.0
gemma-2-2b,48,val,val,en,es,lejos,"The opposite of ""lejos"" is """,cerca,0,7,23.5,21.25,-2.25
gemma-2-2b,48,val,freq,en,es,lejos,"The opposite of ""lejos"" is """,cerca,0,24,23.5,18.75,-4.75
gemma-2-2b,48,freq,desc,en,es,lejos,"The opposite of ""lejos"" is """,cerca,0,4,23.5,21.0,-2.5
gemma-2-2b,48,freq,val,en,es,lejos,"The opposite of ""lejos"" is """,cerca,0,3,23.5,21.625,-1.875
gemma-2-2b,48,freq,freq,en,es,lejos,"The opposite of ""lejos"" is """,cerca,0,4,23.5,21.0,-2.5
gemma-2-2b,49,desc,desc,en,es,superficial,"The opposite of ""superficial"" is """,profundo,5,5,21.25,21.25,0.0
gemma-2-2b,49,desc,val,en,es,superficial,"The opposite of ""superficial"" is """,profundo,5,4,21.25,22.875,1.625
gemma-2-2b,49,desc,freq,en,es,superficial,"The opposite of ""superficial"" is """,profundo,5,1,21.25,24.875,3.625
gemma-2-2b,49,val,desc,en,es,superficial,"The opposite of ""superficial"" is """,profundo,5,5,21.25,22.0,0.75
gemma-2-2b,49,val,val,en,es,superficial,"The opposite of ""superficial"" is """,profundo,5,5,21.25,22.0,0.75
gemma-2-2b,49,val,freq,en,es,superficial,"The opposite of ""superficial"" is """,profundo,5,2,21.25,24.125,2.875
gemma-2-2b,49,freq,desc,en,es,superficial,"The opposite of ""superficial"" is """,profundo,5,5,21.25,21.25,0.0
gemma-2-2b,49,freq,val,en,es,superficial,"The opposite of ""superficial"" is """,profundo,5,6,21.25,21.75,0.5
gemma-2-2b,49,freq,freq,en,es,superficial,"The opposite of ""superficial"" is """,profundo,5,5,21.25,21.25,0.0
gemma-2-2b,50,desc,desc,en,es,joven,"The opposite of ""joven"" is """,viejo,0,0,22.75,22.25,-0.5
gemma-2-2b,50,desc,val,en,es,joven,"The opposite of ""joven"" is """,viejo,0,0,22.75,22.75,0.0
gemma-2-2b,50,desc,freq,en,es,joven,"The opposite of ""joven"" is """,viejo,0,0,22.75,21.75,-1.0
gemma-2-2b,50,val,desc,en,es,joven,"The opposite of ""joven"" is """,viejo,0,0,22.75,22.875,0.125
gemma-2-2b,50,val,val,en,es,joven,"The opposite of ""joven"" is """,viejo,0,0,22.75,22.875,0.125
gemma-2-2b,50,val,freq,en,es,joven,"The opposite of ""joven"" is """,viejo,0,0,22.75,21.875,-0.875
gemma-2-2b,50,freq,desc,en,es,joven,"The opposite of ""joven"" is """,viejo,0,0,22.75,22.0,-0.75
gemma-2-2b,50,freq,val,en,es,joven,"The opposite of ""joven"" is """,viejo,0,0,22.75,22.25,-0.5
gemma-2-2b,50,freq,freq,en,es,joven,"The opposite of ""joven"" is """,viejo,0,0,22.75,22.0,-0.75
gemma-2-2b,51,desc,desc,en,es,amable,"The opposite of ""amable"" is """,desagradable,5,14,20.25,20.375,0.125
gemma-2-2b,51,desc,val,en,es,amable,"The opposite of ""amable"" is """,desagradable,5,12,20.25,20.75,0.5
gemma-2-2b,51,desc,freq,en,es,amable,"The opposite of ""amable"" is """,desagradable,5,19,20.25,20.25,0.0
gemma-2-2b,51,val,desc,en,es,amable,"The opposite of ""amable"" is """,desagradable,5,14,20.25,20.5,0.25
gemma-2-2b,51,val,val,en,es,amable,"The opposite of ""amable"" is """,desagradable,5,18,20.25,20.875,0.625
gemma-2-2b,51,val,freq,en,es,amable,"The opposite of ""amable"" is """,desagradable,5,28,20.25,20.125,-0.125
gemma-2-2b,51,freq,desc,en,es,amable,"The opposite of ""amable"" is """,desagradable,5,13,20.25,20.625,0.375
gemma-2-2b,51,freq,val,en,es,amable,"The opposite of ""amable"" is """,desagradable,5,13,20.25,20.75,0.5
gemma-2-2b,51,freq,freq,en,es,amable,"The opposite of ""amable"" is """,desagradable,5,13,20.25,20.625,0.375
gemma-2-2b,52,desc,desc,en,es,valiente,"The opposite of ""valiente"" is """,cobarde,0,0,20.0,21.375,1.375
gemma-2-2b,52,desc,val,en,es,valiente,"The opposite of ""valiente"" is """,cobarde,0,0,20.0,21.125,1.125
gemma-2-2b,52,desc,freq,en,es,valiente,"The opposite of ""valiente"" is """,cobarde,0,4,20.0,20.375,0.375
gemma-2-2b,52,val,desc,en,es,valiente,"The opposite of ""valiente"" is """,cobarde,0,0,20.0,21.875,1.875
gemma-2-2b,52,val,val,en,es,valiente,"The opposite of ""valiente"" is """,cobarde,0,0,20.0,22.125,2.125
gemma-2-2b,52,val,freq,en,es,valiente,"The opposite of ""valiente"" is """,cobarde,0,3,20.0,21.5,1.5
gemma-2-2b,52,freq,desc,en,es,valiente,"The opposite of ""valiente"" is """,cobarde,0,0,20.0,21.625,1.625
gemma-2-2b,52,freq,val,en,es,valiente,"The opposite of ""valiente"" is """,cobarde,0,0,20.0,21.875,1.875
gemma-2-2b,52,freq,freq,en,es,valiente,"The opposite of ""valiente"" is """,cobarde,0,0,20.0,21.625,1.625
gemma-2-2b,53,desc,desc,en,es,sabio,"The opposite of ""sabio"" is """,tonto,10,37,19.125,18.75,-0.375
gemma-2-2b,53,desc,val,en,es,sabio,"The opposite of ""sabio"" is """,tonto,10,32,19.125,19.125,0.0
gemma-2-2b,53,desc,freq,en,es,sabio,"The opposite of ""sabio"" is """,tonto,10,129,19.125,16.125,-3.0
gemma-2-2b,53,val,desc,en,es,sabio,"The opposite of ""sabio"" is """,tonto,10,32,19.125,19.125,0.0
gemma-2-2b,53,val,val,en,es,sabio,"The opposite of ""sabio"" is """,tonto,10,41,19.125,19.0,-0.125
gemma-2-2b,53,val,freq,en,es,sabio,"The opposite of ""sabio"" is """,tonto,10,97,19.125,16.5,-2.625
gemma-2-2b,53,freq,desc,en,es,sabio,"The opposite of ""sabio"" is """,tonto,10,38,19.125,18.75,-0.375
gemma-2-2b,53,freq,val,en,es,sabio,"The opposite of ""sabio"" is """,tonto,10,37,19.125,18.625,-0.5
gemma-2-2b,53,freq,freq,en,es,sabio,"The opposite of ""sabio"" is """,tonto,10,38,19.125,18.75,-0.375
gemma-2-2b,54,desc,desc,en,es,educado,"The opposite of ""educado"" is """,maleducado,3,3,20.125,20.875,0.75
gemma-2-2b,54,desc,val,en,es,educado,"The opposite of ""educado"" is """,maleducado,3,3,20.125,21.0,0.875
gemma-2-2b,54,desc,freq,en,es,educado,"The opposite of ""educado"" is """,maleducado,3,6,20.125,20.75,0.625
gemma-2-2b,54,val,desc,en,es,educado,"The opposite of ""educado"" is """,maleducado,3,2,20.125,21.5,1.375
gemma-2-2b,54,val,val,en,es,educado,"The opposite of ""educado"" is """,maleducado,3,2,20.125,21.625,1.5
gemma-2-2b,54,val,freq,en,es,educado,"The opposite of ""educado"" is """,maleducado,3,7,20.125,21.625,1.5
gemma-2-2b,54,freq,desc,en,es,educado,"The opposite of ""educado"" is """,maleducado,3,2,20.125,20.5,0.375
gemma-2-2b,54,freq,val,en,es,educado,"The opposite of ""educado"" is """,maleducado,3,2,20.125,21.0,0.875
gemma-2-2b,54,freq,freq,en,es,educado,"The opposite of ""educado"" is """,maleducado,3,2,20.125,20.5,0.375
gemma-2-2b,55,desc,desc,en,es,paciente,"The opposite of ""paciente"" is """,impaciente,3,2,20.375,21.375,1.0
gemma-2-2b,55,desc,val,en,es,paciente,"The opposite of ""paciente"" is """,impaciente,3,3,20.375,21.5,1.125
gemma-2-2b,55,desc,freq,en,es,paciente,"The opposite of ""paciente"" is """,impaciente,3,16,20.375,19.375,-1.0
gemma-2-2b,55,val,desc,en,es,paciente,"The opposite of ""paciente"" is """,impaciente,3,3,20.375,21.625,1.25
gemma-2-2b,55,val,val,en,es,paciente,"The opposite of ""paciente"" is """,impaciente,3,1,20.375,22.125,1.75
gemma-2-2b,55,val,freq,en,es,paciente,"The opposite of ""paciente"" is """,impaciente,3,29,20.375,19.75,-0.625
gemma-2-2b,55,freq,desc,en,es,paciente,"The opposite of ""paciente"" is """,impaciente,3,2,20.375,21.5,1.125
gemma-2-2b,55,freq,val,en,es,paciente,"The opposite of ""paciente"" is """,impaciente,3,2,20.375,21.875,1.5
gemma-2-2b,55,freq,freq,en,es,paciente,"The opposite of ""paciente"" is """,impaciente,3,2,20.375,21.5,1.125
gemma-2-2b,56,desc,desc,en,es,honesto,"The opposite of ""honesto"" is """,deshonesto,13,14,20.25,20.875,0.625
gemma-2-2b,56,desc,val,en,es,honesto,"The opposite of ""honesto"" is """,deshonesto,13,9,20.25,21.5,1.25
gemma-2-2b,56,desc,freq,en,es,honesto,"The opposite of ""honesto"" is """,deshonesto,13,39,20.25,19.375,-0.875
gemma-2-2b,56,val,desc,en,es,honesto,"The opposite of ""honesto"" is """,deshonesto,13,57,20.25,19.5,-0.75
gemma-2-2b,56,val,val,en,es,honesto,"The opposite of ""honesto"" is """,deshonesto,13,49,20.25,20.125,-0.125
gemma-2-2b,56,val,freq,en,es,honesto,"The opposite of ""honesto"" is """,deshonesto,13,154,20.25,18.375,-1.875
gemma-2-2b,56,freq,desc,en,es,honesto,"The opposite of ""honesto"" is """,deshonesto,13,38,20.25,19.875,-0.375
gemma-2-2b,56,freq,val,en,es,honesto,"The opposite of ""honesto"" is """,deshonesto,13,36,20.25,20.125,-0.125
gemma-2-2b,56,freq,freq,en,es,honesto,"The opposite of ""honesto"" is """,deshonesto,13,38,20.25,19.875,-0.375
gemma-2-2b,57,desc,desc,en,es,seguro,"The opposite of ""seguro"" is """,inseguro,0,0,21.875,22.75,0.875
gemma-2-2b,57,desc,val,en,es,seguro,"The opposite of ""seguro"" is """,inseguro,0,0,21.875,22.375,0.5
gemma-2-2b,57,desc,freq,en,es,seguro,"The opposite of ""seguro"" is """,inseguro,0,0,21.875,22.625,0.75
gemma-2-2b,57,val,desc,en,es,seguro,"The opposite of ""seguro"" is """,inseguro,0,0,21.875,22.875,1.0
gemma-2-2b,57,val,val,en,es,seguro,"The opposite of ""seguro"" is """,inseguro,0,1,21.875,23.125,1.25
gemma-2-2b,57,val,freq,en,es,seguro,"The opposite of ""seguro"" is """,inseguro,0,0,21.875,23.875,2.0
gemma-2-2b,57,freq,desc,en,es,seguro,"The opposite of ""seguro"" is """,inseguro,0,1,21.875,22.125,0.25
gemma-2-2b,57,freq,val,en,es,seguro,"The opposite of ""seguro"" is """,inseguro,0,1,21.875,22.375,0.5
gemma-2-2b,57,freq,freq,en,es,seguro,"The opposite of ""seguro"" is """,inseguro,0,1,21.875,22.125,0.25
gemma-2-2b,58,desc,desc,en,es,activo,"The opposite of ""activo"" is """,inactivo,0,0,21.125,21.875,0.75
gemma-2-2b,58,desc,val,en,es,activo,"The opposite of ""activo"" is """,inactivo,0,0,21.125,21.75,0.625
gemma-2-2b,58,desc,freq,en,es,activo,"The opposite of ""activo"" is """,inactivo,0,0,21.125,21.875,0.75
gemma-2-2b,58,val,desc,en,es,activo,"The opposite of ""activo"" is """,inactivo,0,0,21.125,22.125,1.0
gemma-2-2b,58,val,val,en,es,activo,"The opposite of ""activo"" is """,inactivo,0,0,21.125,22.625,1.5
gemma-2-2b,58,val,freq,en,es,activo,"The opposite of ""activo"" is """,inactivo,0,0,21.125,23.125,2.0
gemma-2-2b,58,freq,desc,en,es,activo,"The opposite of ""activo"" is """,inactivo,0,0,21.125,21.375,0.25
gemma-2-2b,58,freq,val,en,es,activo,"The opposite of ""activo"" is """,inactivo,0,0,21.125,21.875,0.75
gemma-2-2b,58,freq,freq,en,es,activo,"The opposite of ""activo"" is """,inactivo,0,0,21.125,21.375,0.25
gemma-2-2b,59,desc,desc,en,es,recto,"The opposite of ""recto"" is """,curvo,1759,1739,10.1875,10.1875,0.0
gemma-2-2b,59,desc,val,en,es,recto,"The opposite of ""recto"" is """,curvo,1759,940,10.1875,11.3125,1.125
gemma-2-2b,59,desc,freq,en,es,recto,"The opposite of ""recto"" is """,curvo,1759,3952,10.1875,8.875,-1.3125
gemma-2-2b,59,val,desc,en,es,recto,"The opposite of ""recto"" is """,curvo,1759,1730,10.1875,11.1875,1.0
gemma-2-2b,59,val,val,en,es,recto,"The opposite of ""recto"" is """,curvo,1759,1917,10.1875,10.75,0.5625
gemma-2-2b,59,val,freq,en,es,recto,"The opposite of ""recto"" is """,curvo,1759,4070,10.1875,9.25,-0.9375
gemma-2-2b,59,freq,desc,en,es,recto,"The opposite of ""recto"" is """,curvo,1759,1620,10.1875,10.25,0.0625
gemma-2-2b,59,freq,val,en,es,recto,"The opposite of ""recto"" is """,curvo,1759,1889,10.1875,10.875,0.6875
gemma-2-2b,59,freq,freq,en,es,recto,"The opposite of ""recto"" is """,curvo,1759,1620,10.1875,10.25,0.0625
gemma-2-2b,60,desc,desc,en,es,entero,"The opposite of ""entero"" is """,parcial,206,210,16.5,16.5,0.0
gemma-2-2b,60,desc,val,en,es,entero,"The opposite of ""entero"" is """,parcial,206,193,16.5,17.5,1.0
gemma-2-2b,60,desc,freq,en,es,entero,"The opposite of ""entero"" is """,parcial,206,558,16.5,16.125,-0.375
gemma-2-2b,60,val,desc,en,es,entero,"The opposite of ""entero"" is """,parcial,206,238,16.5,17.25,0.75
gemma-2-2b,60,val,val,en,es,entero,"The opposite of ""entero"" is """,parcial,206,217,16.5,17.375,0.875
gemma-2-2b,60,val,freq,en,es,entero,"The opposite of ""entero"" is """,parcial,206,471,16.5,16.625,0.125
gemma-2-2b,60,freq,desc,en,es,entero,"The opposite of ""entero"" is """,parcial,206,241,16.5,16.375,-0.125
gemma-2-2b,60,freq,val,en,es,entero,"The opposite of ""entero"" is """,parcial,206,256,16.5,16.625,0.125
gemma-2-2b,60,freq,freq,en,es,entero,"The opposite of ""entero"" is """,parcial,206,241,16.5,16.375,-0.125
gemma-2-2b,61,desc,desc,en,es,calmado,"The opposite of ""calmado"" is """,agitado,0,0,21.5,23.125,1.625
gemma-2-2b,61,desc,val,en,es,calmado,"The opposite of ""calmado"" is """,agitado,0,0,21.5,23.0,1.5
gemma-2-2b,61,desc,freq,en,es,calmado,"The opposite of ""calmado"" is """,agitado,0,5,21.5,20.375,-1.125
gemma-2-2b,61,val,desc,en,es,calmado,"The opposite of ""calmado"" is """,agitado,0,0,21.5,23.25,1.75
gemma-2-2b,61,val,val,en,es,calmado,"The opposite of ""calmado"" is """,agitado,0,0,21.5,23.5,2.0
gemma-2-2b,61,val,freq,en,es,calmado,"The opposite of ""calmado"" is """,agitado,0,6,21.5,21.125,-0.375
gemma-2-2b,61,freq,desc,en,es,calmado,"The opposite of ""calmado"" is """,agitado,0,0,21.5,22.375,0.875
gemma-2-2b,61,freq,val,en,es,calmado,"The opposite of ""calmado"" is """,agitado,0,0,21.5,22.875,1.375
gemma-2-2b,61,freq,freq,en,es,calmado,"The opposite of ""calmado"" is """,agitado,0,0,21.5,22.375,0.875
gemma-2-2b,62,desc,desc,en,es,correcto,"The opposite of ""correcto"" is """,incorrecto,0,0,21.5,21.875,0.375
gemma-2-2b,62,desc,val,en,es,correcto,"The opposite of ""correcto"" is """,incorrecto,0,0,21.5,22.5,1.0
gemma-2-2b,62,desc,freq,en,es,correcto,"The opposite of ""correcto"" is """,incorrecto,0,0,21.5,23.125,1.625
gemma-2-2b,62,val,desc,en,es,correcto,"The opposite of ""correcto"" is """,incorrecto,0,0,21.5,23.125,1.625
gemma-2-2b,62,val,val,en,es,correcto,"The opposite of ""correcto"" is """,incorrecto,0,0,21.5,23.125,1.625
gemma-2-2b,62,val,freq,en,es,correcto,"The opposite of ""correcto"" is """,incorrecto,0,0,21.5,24.25,2.75
gemma-2-2b,62,freq,desc,en,es,correcto,"The opposite of ""correcto"" is """,incorrecto,0,0,21.5,21.375,-0.125
gemma-2-2b,62,freq,val,en,es,correcto,"The opposite of ""correcto"" is """,incorrecto,0,0,21.5,22.125,0.625
gemma-2-2b,62,freq,freq,en,es,correcto,"The opposite of ""correcto"" is """,incorrecto,0,0,21.5,21.375,-0.125
gemma-2-2b,63,desc,desc,en,es,complejo,"The opposite of ""complejo"" is """,simple,1,1,23.375,24.25,0.875
gemma-2-2b,63,desc,val,en,es,complejo,"The opposite of ""complejo"" is """,simple,1,1,23.375,23.875,0.5
gemma-2-2b,63,desc,freq,en,es,complejo,"The opposite of ""complejo"" is """,simple,1,2,23.375,21.625,-1.75
gemma-2-2b,63,val,desc,en,es,complejo,"The opposite of ""complejo"" is """,simple,1,1,23.375,23.875,0.5
gemma-2-2b,63,val,val,en,es,complejo,"The opposite of ""complejo"" is """,simple,1,1,23.375,24.375,1.0
gemma-2-2b,63,val,freq,en,es,complejo,"The opposite of ""complejo"" is """,simple,1,2,23.375,22.0,-1.375
gemma-2-2b,63,freq,desc,en,es,complejo,"The opposite of ""complejo"" is """,simple,1,1,23.375,24.125,0.75
gemma-2-2b,63,freq,val,en,es,complejo,"The opposite of ""complejo"" is """,simple,1,1,23.375,24.125,0.75
gemma-2-2b,63,freq,freq,en,es,complejo,"The opposite of ""complejo"" is """,simple,1,1,23.375,24.125,0.75
gemma-2-2b,64,desc,desc,en,es,efectivo,"The opposite of ""efectivo"" is """,ineficaz,4,2,21.125,22.625,1.5
gemma-2-2b,64,desc,val,en,es,efectivo,"The opposite of ""efectivo"" is """,ineficaz,4,3,21.125,22.125,1.0
gemma-2-2b,64,desc,freq,en,es,efectivo,"The opposite of ""efectivo"" is """,ineficaz,4,5,21.125,20.75,-0.375
gemma-2-2b,64,val,desc,en,es,efectivo,"The opposite of ""efectivo"" is """,ineficaz,4,2,21.125,22.5,1.375
gemma-2-2b,64,val,val,en,es,efectivo,"The opposite of ""efectivo"" is """,ineficaz,4,2,21.125,23.0,1.875
gemma-2-2b,64,val,freq,en,es,efectivo,"The opposite of ""efectivo"" is """,ineficaz,4,5,21.125,21.5,0.375
gemma-2-2b,64,freq,desc,en,es,efectivo,"The opposite of ""efectivo"" is """,ineficaz,4,2,21.125,22.5,1.375
gemma-2-2b,64,freq,val,en,es,efectivo,"The opposite of ""efectivo"" is """,ineficaz,4,2,21.125,22.75,1.625
gemma-2-2b,64,freq,freq,en,es,efectivo,"The opposite of ""efectivo"" is """,ineficaz,4,2,21.125,22.5,1.375
gemma-2-2b,65,desc,desc,en,es,famoso,"The opposite of ""famoso"" is """,desconocido,1,2,21.75,21.625,-0.125
gemma-2-2b,65,desc,val,en,es,famoso,"The opposite of ""famoso"" is """,desconocido,1,2,21.75,21.875,0.125
gemma-2-2b,65,desc,freq,en,es,famoso,"The opposite of ""famoso"" is """,desconocido,1,4,21.75,21.625,-0.125
gemma-2-2b,65,val,desc,en,es,famoso,"The opposite of ""famoso"" is """,desconocido,1,3,21.75,21.75,0.0
gemma-2-2b,65,val,val,en,es,famoso,"The opposite of ""famoso"" is """,desconocido,1,5,21.75,21.875,0.125
gemma-2-2b,65,val,freq,en,es,famoso,"The opposite of ""famoso"" is """,desconocido,1,8,21.75,21.625,-0.125
gemma-2-2b,65,freq,desc,en,es,famoso,"The opposite of ""famoso"" is """,desconocido,1,6,21.75,21.125,-0.625
gemma-2-2b,65,freq,val,en,es,famoso,"The opposite of ""famoso"" is """,desconocido,1,7,21.75,21.125,-0.625
gemma-2-2b,65,freq,freq,en,es,famoso,"The opposite of ""famoso"" is """,desconocido,1,6,21.75,21.125,-0.625
gemma-2-2b,66,desc,desc,en,es,generoso,"The opposite of ""generoso"" is """,malo,409,562,16.125,15.6875,-0.4375
gemma-2-2b,66,desc,val,en,es,generoso,"The opposite of ""generoso"" is """,malo,409,669,16.125,15.5,-0.625
gemma-2-2b,66,desc,freq,en,es,generoso,"The opposite of ""generoso"" is """,malo,409,2530,16.125,13.0,-3.125
gemma-2-2b,66,val,desc,en,es,generoso,"The opposite of ""generoso"" is """,malo,409,809,16.125,15.375,-0.75
gemma-2-2b,66,val,val,en,es,generoso,"The opposite of ""generoso"" is """,malo,409,905,16.125,15.375,-0.75
gemma-2-2b,66,val,freq,en,es,generoso,"The opposite of ""generoso"" is """,malo,409,2999,16.125,13.1875,-2.9375
gemma-2-2b,66,freq,desc,en,es,generoso,"The opposite of ""generoso"" is """,malo,409,876,16.125,15.375,-0.75
gemma-2-2b,66,freq,val,en,es,generoso,"The opposite of ""generoso"" is """,malo,409,966,16.125,15.0,-1.125
gemma-2-2b,66,freq,freq,en,es,generoso,"The opposite of ""generoso"" is """,malo,409,876,16.125,15.375,-0.75
gemma-2-2b,67,desc,desc,en,es,contento,"The opposite of ""contento"" is """,infeliz,2,2,20.875,20.875,0.0
gemma-2-2b,67,desc,val,en,es,contento,"The opposite of ""contento"" is """,infeliz,2,2,20.875,20.875,0.0
gemma-2-2b,67,desc,freq,en,es,contento,"The opposite of ""contento"" is """,infeliz,2,0,20.875,22.125,1.25
gemma-2-2b,67,val,desc,en,es,contento,"The opposite of ""contento"" is """,infeliz,2,2,20.875,21.625,0.75
gemma-2-2b,67,val,val,en,es,contento,"The opposite of ""contento"" is """,infeliz,2,2,20.875,21.5,0.625
gemma-2-2b,67,val,freq,en,es,contento,"The opposite of ""contento"" is """,infeliz,2,0,20.875,23.5,2.625
gemma-2-2b,67,freq,desc,en,es,contento,"The opposite of ""contento"" is """,infeliz,2,3,20.875,20.125,-0.75
gemma-2-2b,67,freq,val,en,es,contento,"The opposite of ""contento"" is """,infeliz,2,3,20.875,20.375,-0.5
gemma-2-2b,67,freq,freq,en,es,contento,"The opposite of ""contento"" is """,infeliz,2,3,20.875,20.125,-0.75
gemma-2-2b,68,desc,desc,en,es,saludable,"The opposite of ""saludable"" is """,insalubre,4,1,21.375,22.75,1.375
gemma-2-2b,68,desc,val,en,es,saludable,"The opposite of ""saludable"" is """,insalubre,4,1,21.375,22.875,1.5
gemma-2-2b,68,desc,freq,en,es,saludable,"The opposite of ""saludable"" is """,insalubre,4,0,21.375,23.5,2.125
gemma-2-2b,68,val,desc,en,es,saludable,"The opposite of ""saludable"" is """,insalubre,4,0,21.375,23.125,1.75
gemma-2-2b,68,val,val,en,es,saludable,"The opposite of ""saludable"" is """,insalubre,4,3,21.375,23.25,1.875
gemma-2-2b,68,val,freq,en,es,saludable,"The opposite of ""saludable"" is """,insalubre,4,0,21.375,24.375,3.0
gemma-2-2b,68,freq,desc,en,es,saludable,"The opposite of ""saludable"" is """,insalubre,4,2,21.375,22.625,1.25
gemma-2-2b,68,freq,val,en,es,saludable,"The opposite of ""saludable"" is """,insalubre,4,2,21.375,22.75,1.375
gemma-2-2b,68,freq,freq,en,es,saludable,"The opposite of ""saludable"" is """,insalubre,4,2,21.375,22.625,1.25
gemma-2-2b,69,desc,desc,en,es,alto,"The opposite of ""alto"" is """,bajo,2,5,20.875,20.375,-0.5
gemma-2-2b,69,desc,val,en,es,alto,"The opposite of ""alto"" is """,bajo,2,3,20.875,21.125,0.25
gemma-2-2b,69,desc,freq,en,es,alto,"The opposite of ""alto"" is """,bajo,2,11,20.875,19.875,-1.0
gemma-2-2b,69,val,desc,en,es,alto,"The opposite of ""alto"" is """,bajo,2,4,20.875,21.375,0.5
gemma-2-2b,69,val,val,en,es,alto,"The opposite of ""alto"" is """,bajo,2,3,20.875,21.5,0.625
gemma-2-2b,69,val,freq,en,es,alto,"The opposite of ""alto"" is """,bajo,2,14,20.875,20.375,-0.5
gemma-2-2b,69,freq,desc,en,es,alto,"The opposite of ""alto"" is """,bajo,2,4,20.875,20.625,-0.25
gemma-2-2b,69,freq,val,en,es,alto,"The opposite of ""alto"" is """,bajo,2,3,20.875,21.125,0.25
gemma-2-2b,69,freq,freq,en,es,alto,"The opposite of ""alto"" is """,bajo,2,4,20.875,20.625,-0.25
gemma-2-2b,70,desc,desc,en,es,importante,"The opposite of ""importante"" is """,sin importance,51,90,17.75,17.375,-0.375
gemma-2-2b,70,desc,val,en,es,importante,"The opposite of ""importante"" is """,sin importance,51,77,17.75,17.75,0.0
gemma-2-2b,70,desc,freq,en,es,importante,"The opposite of ""importante"" is """,sin importance,51,130,17.75,14.125,-3.625
gemma-2-2b,70,val,desc,en,es,importante,"The opposite of ""importante"" is """,sin importance,51,102,17.75,17.125,-0.625
gemma-2-2b,70,val,val,en,es,importante,"The opposite of ""importante"" is """,sin importance,51,121,17.75,17.125,-0.625
gemma-2-2b,70,val,freq,en,es,importante,"The opposite of ""importante"" is """,sin importance,51,124,17.75,13.625,-4.125
gemma-2-2b,70,freq,desc,en,es,importante,"The opposite of ""importante"" is """,sin importance,51,158,17.75,15.9375,-1.8125
gemma-2-2b,70,freq,val,en,es,importante,"The opposite of ""importante"" is """,sin importance,51,148,17.75,16.25,-1.5
gemma-2-2b,70,freq,freq,en,es,importante,"The opposite of ""importante"" is """,sin importance,51,158,17.75,15.9375,-1.8125
gemma-2-2b,71,desc,desc,en,es,inocente,"The opposite of ""inocente"" is """,culpable,1,1,20.25,21.25,1.0
gemma-2-2b,71,desc,val,en,es,inocente,"The opposite of ""inocente"" is """,culpable,1,0,20.25,21.375,1.125
gemma-2-2b,71,desc,freq,en,es,inocente,"The opposite of ""inocente"" is """,culpable,1,2,20.25,20.875,0.625
gemma-2-2b,71,val,desc,en,es,inocente,"The opposite of ""inocente"" is """,culpable,1,1,20.25,21.625,1.375
gemma-2-2b,71,val,val,en,es,inocente,"The opposite of ""inocente"" is """,culpable,1,1,20.25,21.75,1.5
gemma-2-2b,71,val,freq,en,es,inocente,"The opposite of ""inocente"" is """,culpable,1,2,20.25,21.625,1.375
gemma-2-2b,71,freq,desc,en,es,inocente,"The opposite of ""inocente"" is """,culpable,1,0,20.25,21.625,1.375
gemma-2-2b,71,freq,val,en,es,inocente,"The opposite of ""inocente"" is """,culpable,1,0,20.25,21.75,1.5
gemma-2-2b,71,freq,freq,en,es,inocente,"The opposite of ""inocente"" is """,culpable,1,0,20.25,21.625,1.375
gemma-2-2b,72,desc,desc,en,es,conocido,"The opposite of ""conocido"" is """,desconocido,1,3,19.125,19.25,0.125
gemma-2-2b,72,desc,val,en,es,conocido,"The opposite of ""conocido"" is """,desconocido,1,2,19.125,19.875,0.75
gemma-2-2b,72,desc,freq,en,es,conocido,"The opposite of ""conocido"" is """,desconocido,1,10,19.125,18.875,-0.25
gemma-2-2b,72,val,desc,en,es,conocido,"The opposite of ""conocido"" is """,desconocido,1,4,19.125,19.75,0.625
gemma-2-2b,72,val,val,en,es,conocido,"The opposite of ""conocido"" is """,desconocido,1,4,19.125,20.0,0.875
gemma-2-2b,72,val,freq,en,es,conocido,"The opposite of ""conocido"" is """,desconocido,1,16,19.125,19.125,0.0
gemma-2-2b,72,freq,desc,en,es,conocido,"The opposite of ""conocido"" is """,desconocido,1,10,19.125,18.75,-0.375
gemma-2-2b,72,freq,val,en,es,conocido,"The opposite of ""conocido"" is """,desconocido,1,11,19.125,19.125,0.0
gemma-2-2b,72,freq,freq,en,es,conocido,"The opposite of ""conocido"" is """,desconocido,1,10,19.125,18.75,-0.375
gemma-2-2b,73,desc,desc,en,es,masculino,"The opposite of ""masculino"" is """,femenino,2,2,19.125,19.125,0.0
gemma-2-2b,73,desc,val,en,es,masculino,"The opposite of ""masculino"" is """,femenino,2,2,19.125,20.0,0.875
gemma-2-2b,73,desc,freq,en,es,masculino,"The opposite of ""masculino"" is """,femenino,2,3,19.125,19.875,0.75
gemma-2-2b,73,val,desc,en,es,masculino,"The opposite of ""masculino"" is """,femenino,2,3,19.125,19.75,0.625
gemma-2-2b,73,val,val,en,es,masculino,"The opposite of ""masculino"" is """,femenino,2,4,19.125,20.0,0.875
gemma-2-2b,73,val,freq,en,es,masculino,"The opposite of ""masculino"" is """,femenino,2,3,19.125,20.25,1.125
gemma-2-2b,73,freq,desc,en,es,masculino,"The opposite of ""masculino"" is """,femenino,2,3,19.125,18.25,-0.875
gemma-2-2b,73,freq,val,en,es,masculino,"The opposite of ""masculino"" is """,femenino,2,3,19.125,19.125,0.0
gemma-2-2b,73,freq,freq,en,es,masculino,"The opposite of ""masculino"" is """,femenino,2,3,19.125,18.25,-0.875
gemma-2-2b,74,desc,desc,en,es,normal,"The opposite of ""normal"" is """,anormal,7,7,23.125,23.125,0.0
gemma-2-2b,74,desc,val,en,es,normal,"The opposite of ""normal"" is """,anormal,7,5,23.125,22.875,-0.25
gemma-2-2b,74,desc,freq,en,es,normal,"The opposite of ""normal"" is """,anormal,7,2,23.125,22.75,-0.375
gemma-2-2b,74,val,desc,en,es,normal,"The opposite of ""normal"" is """,anormal,7,8,23.125,22.875,-0.25
gemma-2-2b,74,val,val,en,es,normal,"The opposite of ""normal"" is """,anormal,7,7,23.125,22.75,-0.375
gemma-2-2b,74,val,freq,en,es,normal,"The opposite of ""normal"" is """,anormal,7,4,23.125,23.0,-0.125
gemma-2-2b,74,freq,desc,en,es,normal,"The opposite of ""normal"" is """,anormal,7,7,23.125,23.125,0.0
gemma-2-2b,74,freq,val,en,es,normal,"The opposite of ""normal"" is """,anormal,7,6,23.125,22.75,-0.375
gemma-2-2b,74,freq,freq,en,es,normal,"The opposite of ""normal"" is """,anormal,7,7,23.125,23.125,0.0
gemma-2-2b,75,desc,desc,en,es,posible,"The opposite of ""posible"" is """,imposible,1,1,23.5,23.625,0.125
gemma-2-2b,75,desc,val,en,es,posible,"The opposite of ""posible"" is """,imposible,1,1,23.5,24.25,0.75
gemma-2-2b,75,desc,freq,en,es,posible,"The opposite of ""posible"" is """,imposible,1,0,23.5,24.75,1.25
gemma-2-2b,75,val,desc,en,es,posible,"The opposite of ""posible"" is """,imposible,1,2,23.5,23.875,0.375
gemma-2-2b,75,val,val,en,es,posible,"The opposite of ""posible"" is """,imposible,1,1,23.5,24.125,0.625
gemma-2-2b,75,val,freq,en,es,posible,"The opposite of ""posible"" is """,imposible,1,0,23.5,25.125,1.625
gemma-2-2b,75,freq,desc,en,es,posible,"The opposite of ""posible"" is """,imposible,1,1,23.5,23.5,0.0
gemma-2-2b,75,freq,val,en,es,posible,"The opposite of ""posible"" is """,imposible,1,1,23.5,23.875,0.375
gemma-2-2b,75,freq,freq,en,es,posible,"The opposite of ""posible"" is """,imposible,1,1,23.5,23.5,0.0
gemma-2-2b,76,desc,desc,en,es,privado,"The opposite of ""privado"" is """,público,2,4,21.5,21.625,0.125
gemma-2-2b,76,desc,val,en,es,privado,"The opposite of ""privado"" is """,público,2,2,21.5,21.875,0.375
gemma-2-2b,76,desc,freq,en,es,privado,"The opposite of ""privado"" is """,público,2,3,21.5,21.25,-0.25
gemma-2-2b,76,val,desc,en,es,privado,"The opposite of ""privado"" is """,público,2,4,21.5,21.875,0.375
gemma-2-2b,76,val,val,en,es,privado,"The opposite of ""privado"" is """,público,2,5,21.5,22.125,0.625
gemma-2-2b,76,val,freq,en,es,privado,"The opposite of ""privado"" is """,público,2,4,21.5,21.875,0.375
gemma-2-2b,76,freq,desc,en,es,privado,"The opposite of ""privado"" is """,público,2,5,21.5,21.25,-0.25
gemma-2-2b,76,freq,val,en,es,privado,"The opposite of ""privado"" is """,público,2,5,21.5,21.5,0.0
gemma-2-2b,76,freq,freq,en,es,privado,"The opposite of ""privado"" is """,público,2,5,21.5,21.25,-0.25
gemma-2-2b,77,desc,desc,en,es,correcto,"The opposite of ""correcto"" is """,incorrecto,0,0,21.5,21.875,0.375
gemma-2-2b,77,desc,val,en,es,correcto,"The opposite of ""correcto"" is """,incorrecto,0,0,21.5,22.5,1.0
gemma-2-2b,77,desc,freq,en,es,correcto,"The opposite of ""correcto"" is """,incorrecto,0,0,21.5,23.125,1.625
gemma-2-2b,77,val,desc,en,es,correcto,"The opposite of ""correcto"" is """,incorrecto,0,0,21.5,23.125,1.625
gemma-2-2b,77,val,val,en,es,correcto,"The opposite of ""correcto"" is """,incorrecto,0,0,21.5,23.125,1.625
gemma-2-2b,77,val,freq,en,es,correcto,"The opposite of ""correcto"" is """,incorrecto,0,0,21.5,24.25,2.75
gemma-2-2b,77,freq,desc,en,es,correcto,"The opposite of ""correcto"" is """,incorrecto,0,0,21.5,21.375,-0.125
gemma-2-2b,77,freq,val,en,es,correcto,"The opposite of ""correcto"" is """,incorrecto,0,0,21.5,22.125,0.625
gemma-2-2b,77,freq,freq,en,es,correcto,"The opposite of ""correcto"" is """,incorrecto,0,0,21.5,21.375,-0.125
gemma-2-2b,78,desc,desc,en,es,sencillo,"The opposite of ""sencillo"" is """,complejo,1,2,21.75,21.75,0.0
gemma-2-2b,78,desc,val,en,es,sencillo,"The opposite of ""sencillo"" is """,complejo,1,1,21.75,22.125,0.375
gemma-2-2b,78,desc,freq,en,es,sencillo,"The opposite of ""sencillo"" is """,complejo,1,9,21.75,19.75,-2.0
gemma-2-2b,78,val,desc,en,es,sencillo,"The opposite of ""sencillo"" is """,complejo,1,2,21.75,22.0,0.25
gemma-2-2b,78,val,val,en,es,sencillo,"The opposite of ""sencillo"" is """,complejo,1,4,21.75,21.875,0.125
gemma-2-2b,78,val,freq,en,es,sencillo,"The opposite of ""sencillo"" is """,complejo,1,16,21.75,19.75,-2.0
gemma-2-2b,78,freq,desc,en,es,sencillo,"The opposite of ""sencillo"" is """,complejo,1,5,21.75,21.125,-0.625
gemma-2-2b,78,freq,val,en,es,sencillo,"The opposite of ""sencillo"" is """,complejo,1,4,21.75,21.25,-0.5
gemma-2-2b,78,freq,freq,en,es,sencillo,"The opposite of ""sencillo"" is """,complejo,1,5,21.75,21.125,-0.625
gemma-2-2b,79,desc,desc,en,es,dulce,"The opposite of ""dulce"" is """,amargo,0,0,19.875,20.375,0.5
gemma-2-2b,79,desc,val,en,es,dulce,"The opposite of ""dulce"" is """,amargo,0,0,19.875,20.875,1.0
gemma-2-2b,79,desc,freq,en,es,dulce,"The opposite of ""dulce"" is """,amargo,0,1,19.875,16.5,-3.375
gemma-2-2b,79,val,desc,en,es,dulce,"The opposite of ""dulce"" is """,amargo,0,0,19.875,21.125,1.25
gemma-2-2b,79,val,val,en,es,dulce,"The opposite of ""dulce"" is """,amargo,0,0,19.875,21.125,1.25
gemma-2-2b,79,val,freq,en,es,dulce,"The opposite of ""dulce"" is """,amargo,0,2,19.875,17.875,-2.0
gemma-2-2b,79,freq,desc,en,es,dulce,"The opposite of ""dulce"" is """,amargo,0,2,19.875,19.125,-0.75
gemma-2-2b,79,freq,val,en,es,dulce,"The opposite of ""dulce"" is """,amargo,0,2,19.875,19.75,-0.125
gemma-2-2b,79,freq,freq,en,es,dulce,"The opposite of ""dulce"" is """,amargo,0,2,19.875,19.125,-0.75
gemma-2-2b,80,desc,desc,en,es,visible,"The opposite of ""visible"" is """,invisible,0,0,24.375,24.375,0.0
gemma-2-2b,80,desc,val,en,es,visible,"The opposite of ""visible"" is """,invisible,0,0,24.375,25.5,1.125
gemma-2-2b,80,desc,freq,en,es,visible,"The opposite of ""visible"" is """,invisible,0,0,24.375,25.125,0.75
gemma-2-2b,80,val,desc,en,es,visible,"The opposite of ""visible"" is """,invisible,0,0,24.375,25.25,0.875
gemma-2-2b,80,val,val,en,es,visible,"The opposite of ""visible"" is """,invisible,0,0,24.375,25.25,0.875
gemma-2-2b,80,val,freq,en,es,visible,"The opposite of ""visible"" is """,invisible,0,0,24.375,24.875,0.5
gemma-2-2b,80,freq,desc,en,es,visible,"The opposite of ""visible"" is """,invisible,0,0,24.375,24.375,0.0
gemma-2-2b,80,freq,val,en,es,visible,"The opposite of ""visible"" is """,invisible,0,0,24.375,25.25,0.875
gemma-2-2b,80,freq,freq,en,es,visible,"The opposite of ""visible"" is """,invisible,0,0,24.375,24.375,0.0
gemma-2-2b,81,desc,desc,en,es,cálido,"The opposite of ""cálido"" is """,frío,0,0,22.875,23.5,0.625
gemma-2-2b,81,desc,val,en,es,cálido,"The opposite of ""cálido"" is """,frío,0,0,22.875,23.125,0.25
gemma-2-2b,81,desc,freq,en,es,cálido,"The opposite of ""cálido"" is """,frío,0,1,22.875,22.375,-0.5
gemma-2-2b,81,val,desc,en,es,cálido,"The opposite of ""cálido"" is """,frío,0,0,22.875,23.75,0.875
gemma-2-2b,81,val,val,en,es,cálido,"The opposite of ""cálido"" is """,frío,0,0,22.875,23.875,1.0
gemma-2-2b,81,val,freq,en,es,cálido,"The opposite of ""cálido"" is """,frío,0,0,22.875,23.375,0.5
gemma-2-2b,81,freq,desc,en,es,cálido,"The opposite of ""cálido"" is """,frío,0,0,22.875,22.5,-0.375
gemma-2-2b,81,freq,val,en,es,cálido,"The opposite of ""cálido"" is """,frío,0,0,22.875,22.875,0.0
gemma-2-2b,81,freq,freq,en,es,cálido,"The opposite of ""cálido"" is """,frío,0,0,22.875,22.5,-0.375
gemma-2-2b,82,desc,desc,en,es,liso,"The opposite of ""liso"" is """,irregular,104,85,19.125,20.125,1.0
gemma-2-2b,82,desc,val,en,es,liso,"The opposite of ""liso"" is """,irregular,104,314,19.125,18.75,-0.375
gemma-2-2b,82,desc,freq,en,es,liso,"The opposite of ""liso"" is """,irregular,104,446,19.125,17.375,-1.75
gemma-2-2b,82,val,desc,en,es,liso,"The opposite of ""liso"" is """,irregular,104,26,19.125,21.5,2.375
gemma-2-2b,82,val,val,en,es,liso,"The opposite of ""liso"" is """,irregular,104,49,19.125,21.375,2.25
gemma-2-2b,82,val,freq,en,es,liso,"The opposite of ""liso"" is """,irregular,104,83,19.125,20.5,1.375
gemma-2-2b,82,freq,desc,en,es,liso,"The opposite of ""liso"" is """,irregular,104,99,19.125,20.125,1.0
gemma-2-2b,82,freq,val,en,es,liso,"The opposite of ""liso"" is """,irregular,104,79,19.125,20.5,1.375
gemma-2-2b,82,freq,freq,en,es,liso,"The opposite of ""liso"" is """,irregular,104,99,19.125,20.125,1.0
gemma-2-2b,83,desc,desc,en,es,delgado,"The opposite of ""delgado"" is """,grueso,10,13,19.5,19.75,0.25
gemma-2-2b,83,desc,val,en,es,delgado,"The opposite of ""delgado"" is """,grueso,10,9,19.5,20.125,0.625
gemma-2-2b,83,desc,freq,en,es,delgado,"The opposite of ""delgado"" is """,grueso,10,44,19.5,18.625,-0.875
gemma-2-2b,83,val,desc,en,es,delgado,"The opposite of ""delgado"" is """,grueso,10,10,19.5,20.0,0.5
gemma-2-2b,83,val,val,en,es,delgado,"The opposite of ""delgado"" is """,grueso,10,12,19.5,20.25,0.75
gemma-2-2b,83,val,freq,en,es,delgado,"The opposite of ""delgado"" is """,grueso,10,58,19.5,18.875,-0.625
gemma-2-2b,83,freq,desc,en,es,delgado,"The opposite of ""delgado"" is """,grueso,10,17,19.5,19.5,0.0
gemma-2-2b,83,freq,val,en,es,delgado,"The opposite of ""delgado"" is """,grueso,10,18,19.5,19.5,0.0
gemma-2-2b,83,freq,freq,en,es,delgado,"The opposite of ""delgado"" is """,grueso,10,17,19.5,19.5,0.0
gemma-2-2b,84,desc,desc,en,es,alto,"The opposite of ""alto"" is """,bajo,2,5,20.875,20.375,-0.5
gemma-2-2b,84,desc,val,en,es,alto,"The opposite of ""alto"" is """,bajo,2,3,20.875,21.125,0.25
gemma-2-2b,84,desc,freq,en,es,alto,"The opposite of ""alto"" is """,bajo,2,11,20.875,19.875,-1.0
gemma-2-2b,84,val,desc,en,es,alto,"The opposite of ""alto"" is """,bajo,2,4,20.875,21.375,0.5
gemma-2-2b,84,val,val,en,es,alto,"The opposite of ""alto"" is """,bajo,2,3,20.875,21.5,0.625
gemma-2-2b,84,val,freq,en,es,alto,"The opposite of ""alto"" is """,bajo,2,14,20.875,20.375,-0.5
gemma-2-2b,84,freq,desc,en,es,alto,"The opposite of ""alto"" is """,bajo,2,4,20.875,20.625,-0.25
gemma-2-2b,84,freq,val,en,es,alto,"The opposite of ""alto"" is """,bajo,2,3,20.875,21.125,0.25
gemma-2-2b,84,freq,freq,en,es,alto,"The opposite of ""alto"" is """,bajo,2,4,20.875,20.625,-0.25
gemma-2-2b,85,desc,desc,en,es,casado,"The opposite of ""casado"" is """,soltero,0,0,22.125,22.5,0.375
gemma-2-2b,85,desc,val,en,es,casado,"The opposite of ""casado"" is """,soltero,0,0,22.125,23.125,1.0
gemma-2-2b,85,desc,freq,en,es,casado,"The opposite of ""casado"" is """,soltero,0,4,22.125,20.5,-1.625
gemma-2-2b,85,val,desc,en,es,casado,"The opposite of ""casado"" is """,soltero,0,0,22.125,23.25,1.125
gemma-2-2b,85,val,val,en,es,casado,"The opposite of ""casado"" is """,soltero,0,0,22.125,23.125,1.0
gemma-2-2b,85,val,freq,en,es,casado,"The opposite of ""casado"" is """,soltero,0,8,22.125,21.375,-0.75
gemma-2-2b,85,freq,desc,en,es,casado,"The opposite of ""casado"" is """,soltero,0,0,22.125,22.125,0.0
gemma-2-2b,85,freq,val,en,es,casado,"The opposite of ""casado"" is """,soltero,0,0,22.125,22.375,0.25
gemma-2-2b,85,freq,freq,en,es,casado,"The opposite of ""casado"" is """,soltero,0,0,22.125,22.125,0.0
gemma-2-2b,86,desc,desc,en,es,optimista,"The opposite of ""optimista"" is """,pesimista,0,0,24.125,24.125,0.0
gemma-2-2b,86,desc,val,en,es,optimista,"The opposite of ""optimista"" is """,pesimista,0,0,24.125,24.5,0.375
gemma-2-2b,86,desc,freq,en,es,optimista,"The opposite of ""optimista"" is """,pesimista,0,0,24.125,25.375,1.25
gemma-2-2b,86,val,desc,en,es,optimista,"The opposite of ""optimista"" is """,pesimista,0,0,24.125,24.5,0.375
gemma-2-2b,86,val,val,en,es,optimista,"The opposite of ""optimista"" is """,pesimista,0,0,24.125,24.875,0.75
gemma-2-2b,86,val,freq,en,es,optimista,"The opposite of ""optimista"" is """,pesimista,0,0,24.125,25.75,1.625
gemma-2-2b,86,freq,desc,en,es,optimista,"The opposite of ""optimista"" is """,pesimista,0,0,24.125,24.0,-0.125
gemma-2-2b,86,freq,val,en,es,optimista,"The opposite of ""optimista"" is """,pesimista,0,0,24.125,24.125,0.0
gemma-2-2b,86,freq,freq,en,es,optimista,"The opposite of ""optimista"" is """,pesimista,0,0,24.125,24.0,-0.125
gemma-2-2b,87,desc,desc,en,es,permanente,"The opposite of ""permanente"" is """,temporal,9,13,22.375,22.25,-0.125
gemma-2-2b,87,desc,val,en,es,permanente,"The opposite of ""permanente"" is """,temporal,9,9,22.375,22.875,0.5
gemma-2-2b,87,desc,freq,en,es,permanente,"The opposite of ""permanente"" is """,temporal,9,11,22.375,21.375,-1.0
gemma-2-2b,87,val,desc,en,es,permanente,"The opposite of ""permanente"" is """,temporal,9,7,22.375,23.0,0.625
gemma-2-2b,87,val,val,en,es,permanente,"The opposite of ""permanente"" is """,temporal,9,11,22.375,23.0,0.625
gemma-2-2b,87,val,freq,en,es,permanente,"The opposite of ""permanente"" is """,temporal,9,10,22.375,22.0,-0.375
gemma-2-2b,87,freq,desc,en,es,permanente,"The opposite of ""permanente"" is """,temporal,9,10,22.375,22.25,-0.125
gemma-2-2b,87,freq,val,en,es,permanente,"The opposite of ""permanente"" is """,temporal,9,12,22.375,22.25,-0.125
gemma-2-2b,87,freq,freq,en,es,permanente,"The opposite of ""permanente"" is """,temporal,9,10,22.375,22.25,-0.125
gemma-2-2b,88,desc,desc,en,es,presente,"The opposite of ""presente"" is """,pasado,0,1,22.25,22.0,-0.25
gemma-2-2b,88,desc,val,en,es,presente,"The opposite of ""presente"" is """,pasado,0,1,22.25,22.625,0.375
gemma-2-2b,88,desc,freq,en,es,presente,"The opposite of ""presente"" is """,pasado,0,1,22.25,22.375,0.125
gemma-2-2b,88,val,desc,en,es,presente,"The opposite of ""presente"" is """,pasado,0,2,22.25,22.75,0.5
gemma-2-2b,88,val,val,en,es,presente,"The opposite of ""presente"" is """,pasado,0,2,22.25,22.5,0.25
gemma-2-2b,88,val,freq,en,es,presente,"The opposite of ""presente"" is """,pasado,0,1,22.25,23.125,0.875
gemma-2-2b,88,freq,desc,en,es,presente,"The opposite of ""presente"" is """,pasado,0,3,22.25,21.25,-1.0
gemma-2-2b,88,freq,val,en,es,presente,"The opposite of ""presente"" is """,pasado,0,3,22.25,21.5,-0.75
gemma-2-2b,88,freq,freq,en,es,presente,"The opposite of ""presente"" is """,pasado,0,3,22.25,21.25,-1.0
gemma-2-2b,89,desc,desc,en,es,público,"The opposite of ""público"" is """,privado,0,0,21.875,22.0,0.125
gemma-2-2b,89,desc,val,en,es,público,"The opposite of ""público"" is """,privado,0,0,21.875,22.5,0.625
gemma-2-2b,89,desc,freq,en,es,público,"The opposite of ""público"" is """,privado,0,1,21.875,20.375,-1.5
gemma-2-2b,89,val,desc,en,es,público,"The opposite of ""público"" is """,privado,0,0,21.875,22.75,0.875
gemma-2-2b,89,val,val,en,es,público,"The opposite of ""público"" is """,privado,0,0,21.875,23.125,1.25
gemma-2-2b,89,val,freq,en,es,público,"The opposite of ""público"" is """,privado,0,1,21.875,21.0,-0.875
gemma-2-2b,89,freq,desc,en,es,público,"The opposite of ""público"" is """,privado,0,0,21.875,21.875,0.0
gemma-2-2b,89,freq,val,en,es,público,"The opposite of ""público"" is """,privado,0,0,21.875,22.375,0.5
gemma-2-2b,89,freq,freq,en,es,público,"The opposite of ""público"" is """,privado,0,0,21.875,21.875,0.0
gemma-2-2b,90,desc,desc,en,es,real,"The opposite of ""real"" is """,irreal,59,59,19.125,19.125,0.0
gemma-2-2b,90,desc,val,en,es,real,"The opposite of ""real"" is """,irreal,59,27,19.125,20.625,1.5
gemma-2-2b,90,desc,freq,en,es,real,"The opposite of ""real"" is """,irreal,59,29,19.125,20.5,1.375
gemma-2-2b,90,val,desc,en,es,real,"The opposite of ""real"" is """,irreal,59,55,19.125,19.75,0.625
gemma-2-2b,90,val,val,en,es,real,"The opposite of ""real"" is """,irreal,59,63,19.125,19.625,0.5
gemma-2-2b,90,val,freq,en,es,real,"The opposite of ""real"" is """,irreal,59,38,19.125,20.125,1.0
gemma-2-2b,90,freq,desc,en,es,real,"The opposite of ""real"" is """,irreal,59,59,19.125,19.125,0.0
gemma-2-2b,90,freq,val,en,es,real,"The opposite of ""real"" is """,irreal,59,52,19.125,19.625,0.5
gemma-2-2b,90,freq,freq,en,es,real,"The opposite of ""real"" is """,irreal,59,59,19.125,19.125,0.0
gemma-2-2b,91,desc,desc,en,es,responsable,"The opposite of ""responsable"" is """,irresponsable,0,0,25.5,25.5,0.0
gemma-2-2b,91,desc,val,en,es,responsable,"The opposite of ""responsable"" is """,irresponsable,0,0,25.5,26.125,0.625
gemma-2-2b,91,desc,freq,en,es,responsable,"The opposite of ""responsable"" is """,irresponsable,0,0,25.5,25.125,-0.375
gemma-2-2b,91,val,desc,en,es,responsable,"The opposite of ""responsable"" is """,irresponsable,0,0,25.5,25.75,0.25
gemma-2-2b,91,val,val,en,es,responsable,"The opposite of ""responsable"" is """,irresponsable,0,0,25.5,25.75,0.25
gemma-2-2b,91,val,freq,en,es,responsable,"The opposite of ""responsable"" is """,irresponsable,0,1,25.5,25.125,-0.375
gemma-2-2b,91,freq,desc,en,es,responsable,"The opposite of ""responsable"" is """,irresponsable,0,0,25.5,25.5,0.0
gemma-2-2b,91,freq,val,en,es,responsable,"The opposite of ""responsable"" is """,irresponsable,0,0,25.5,25.625,0.125
gemma-2-2b,91,freq,freq,en,es,responsable,"The opposite of ""responsable"" is """,irresponsable,0,0,25.5,25.5,0.0
gemma-2-2b,92,desc,desc,en,es,soltero,"The opposite of ""soltero"" is """,casado,0,0,21.25,21.625,0.375
gemma-2-2b,92,desc,val,en,es,soltero,"The opposite of ""soltero"" is """,casado,0,0,21.25,22.0,0.75
gemma-2-2b,92,desc,freq,en,es,soltero,"The opposite of ""soltero"" is """,casado,0,0,21.25,22.0,0.75
gemma-2-2b,92,val,desc,en,es,soltero,"The opposite of ""soltero"" is """,casado,0,0,21.25,22.125,0.875
gemma-2-2b,92,val,val,en,es,soltero,"The opposite of ""soltero"" is """,casado,0,0,21.25,22.125,0.875
gemma-2-2b,92,val,freq,en,es,soltero,"The opposite of ""soltero"" is """,casado,0,0,21.25,22.5,1.25
gemma-2-2b,92,freq,desc,en,es,soltero,"The opposite of ""soltero"" is """,casado,0,0,21.25,21.625,0.375
gemma-2-2b,92,freq,val,en,es,soltero,"The opposite of ""soltero"" is """,casado,0,0,21.25,21.625,0.375
gemma-2-2b,92,freq,freq,en,es,soltero,"The opposite of ""soltero"" is """,casado,0,0,21.25,21.625,0.375
gemma-2-2b,93,desc,desc,en,es,agrio,"The opposite of ""agrio"" is """,dulce,17,16,21.625,21.875,0.25
gemma-2-2b,93,desc,val,en,es,agrio,"The opposite of ""agrio"" is """,dulce,17,25,21.625,21.5,-0.125
gemma-2-2b,93,desc,freq,en,es,agrio,"The opposite of ""agrio"" is """,dulce,17,26,21.625,21.375,-0.25
gemma-2-2b,93,val,desc,en,es,agrio,"The opposite of ""agrio"" is """,dulce,17,23,21.625,21.625,0.0
gemma-2-2b,93,val,val,en,es,agrio,"The opposite of ""agrio"" is """,dulce,17,25,21.625,21.75,0.125
gemma-2-2b,93,val,freq,en,es,agrio,"The opposite of ""agrio"" is """,dulce,17,25,21.625,21.625,0.0
gemma-2-2b,93,freq,desc,en,es,agrio,"The opposite of ""agrio"" is """,dulce,17,19,21.625,21.75,0.125
gemma-2-2b,93,freq,val,en,es,agrio,"The opposite of ""agrio"" is """,dulce,17,22,21.625,21.5,-0.125
gemma-2-2b,93,freq,freq,en,es,agrio,"The opposite of ""agrio"" is """,dulce,17,19,21.625,21.75,0.125
gemma-2-2b,94,desc,desc,en,es,útil,"The opposite of ""útil"" is """,inútil,0,0,21.5,22.5,1.0
gemma-2-2b,94,desc,val,en,es,útil,"The opposite of ""útil"" is """,inútil,0,0,21.5,22.375,0.875
gemma-2-2b,94,desc,freq,en,es,útil,"The opposite of ""útil"" is """,inútil,0,0,21.5,21.5,0.0
gemma-2-2b,94,val,desc,en,es,útil,"The opposite of ""útil"" is """,inútil,0,0,21.5,22.875,1.375
gemma-2-2b,94,val,val,en,es,útil,"The opposite of ""útil"" is """,inútil,0,0,21.5,23.375,1.875
gemma-2-2b,94,val,freq,en,es,útil,"The opposite of ""útil"" is """,inútil,0,0,21.5,22.625,1.125
gemma-2-2b,94,freq,desc,en,es,útil,"The opposite of ""útil"" is """,inútil,0,1,21.5,21.5,0.0
gemma-2-2b,94,freq,val,en,es,útil,"The opposite of ""útil"" is """,inútil,0,1,21.5,21.875,0.375
gemma-2-2b,94,freq,freq,en,es,útil,"The opposite of ""útil"" is """,inútil,0,1,21.5,21.5,0.0
gemma-2-2b,95,desc,desc,en,es,vertical,"The opposite of ""vertical"" is """,horizontal,0,0,25.125,25.125,0.0
gemma-2-2b,95,desc,val,en,es,vertical,"The opposite of ""vertical"" is """,horizontal,0,0,25.125,25.5,0.375
gemma-2-2b,95,desc,freq,en,es,vertical,"The opposite of ""vertical"" is """,horizontal,0,0,25.125,25.25,0.125
gemma-2-2b,95,val,desc,en,es,vertical,"The opposite of ""vertical"" is """,horizontal,0,0,25.125,25.625,0.5
gemma-2-2b,95,val,val,en,es,vertical,"The opposite of ""vertical"" is """,horizontal,0,0,25.125,25.625,0.5
gemma-2-2b,95,val,freq,en,es,vertical,"The opposite of ""vertical"" is """,horizontal,0,0,25.125,25.25,0.125
gemma-2-2b,95,freq,desc,en,es,vertical,"The opposite of ""vertical"" is """,horizontal,0,0,25.125,25.125,0.0
gemma-2-2b,95,freq,val,en,es,vertical,"The opposite of ""vertical"" is """,horizontal,0,0,25.125,25.5,0.375
gemma-2-2b,95,freq,freq,en,es,vertical,"The opposite of ""vertical"" is """,horizontal,0,0,25.125,25.125,0.0
gemma-2-2b,96,desc,desc,en,es,bien,"The opposite of ""bien"" is """,mal,0,0,22.375,22.25,-0.125
gemma-2-2b,96,desc,val,en,es,bien,"The opposite of ""bien"" is """,mal,0,0,22.375,23.375,1.0
gemma-2-2b,96,desc,freq,en,es,bien,"The opposite of ""bien"" is """,mal,0,0,22.375,23.125,0.75
gemma-2-2b,96,val,desc,en,es,bien,"The opposite of ""bien"" is """,mal,0,0,22.375,23.125,0.75
gemma-2-2b,96,val,val,en,es,bien,"The opposite of ""bien"" is """,mal,0,0,22.375,23.0,0.625
gemma-2-2b,96,val,freq,en,es,bien,"The opposite of ""bien"" is """,mal,0,0,22.375,23.875,1.5
gemma-2-2b,96,freq,desc,en,es,bien,"The opposite of ""bien"" is """,mal,0,0,22.375,21.75,-0.625
gemma-2-2b,96,freq,val,en,es,bien,"The opposite of ""bien"" is """,mal,0,0,22.375,22.5,0.125
gemma-2-2b,96,freq,freq,en,es,bien,"The opposite of ""bien"" is """,mal,0,0,22.375,21.75,-0.625
gemma-2-2b,97,desc,desc,en,es,ganador,"The opposite of ""ganador"" is """,perdedor,0,0,23.0,23.5,0.5
gemma-2-2b,97,desc,val,en,es,ganador,"The opposite of ""ganador"" is """,perdedor,0,0,23.0,23.125,0.125
gemma-2-2b,97,desc,freq,en,es,ganador,"The opposite of ""ganador"" is """,perdedor,0,0,23.0,23.125,0.125
gemma-2-2b,97,val,desc,en,es,ganador,"The opposite of ""ganador"" is """,perdedor,0,0,23.0,24.375,1.375
gemma-2-2b,97,val,val,en,es,ganador,"The opposite of ""ganador"" is """,perdedor,0,0,23.0,24.375,1.375
gemma-2-2b,97,val,freq,en,es,ganador,"The opposite of ""ganador"" is """,perdedor,0,0,23.0,24.5,1.5
gemma-2-2b,97,freq,desc,en,es,ganador,"The opposite of ""ganador"" is """,perdedor,0,0,23.0,23.875,0.875
gemma-2-2b,97,freq,val,en,es,ganador,"The opposite of ""ganador"" is """,perdedor,0,0,23.0,24.125,1.125
gemma-2-2b,97,freq,freq,en,es,ganador,"The opposite of ""ganador"" is """,perdedor,0,0,23.0,23.875,0.875
gemma-2-2b,98,desc,desc,en,es,desagradable,"The opposite of ""desagradable"" is """,amable,8,17,20.625,20.875,0.25
gemma-2-2b,98,desc,val,en,es,desagradable,"The opposite of ""desagradable"" is """,amable,8,9,20.625,21.5,0.875
gemma-2-2b,98,desc,freq,en,es,desagradable,"The opposite of ""desagradable"" is """,amable,8,29,20.625,19.25,-1.375
gemma-2-2b,98,val,desc,en,es,desagradable,"The opposite of ""desagradable"" is """,amable,8,17,20.625,20.875,0.25
gemma-2-2b,98,val,val,en,es,desagradable,"The opposite of ""desagradable"" is """,amable,8,23,20.625,21.0,0.375
gemma-2-2b,98,val,freq,en,es,desagradable,"The opposite of ""desagradable"" is """,amable,8,55,20.625,18.875,-1.75
gemma-2-2b,98,freq,desc,en,es,desagradable,"The opposite of ""desagradable"" is """,amable,8,33,20.625,19.875,-0.75
gemma-2-2b,98,freq,val,en,es,desagradable,"The opposite of ""desagradable"" is """,amable,8,31,20.625,20.125,-0.5
gemma-2-2b,98,freq,freq,en,es,desagradable,"The opposite of ""desagradable"" is """,amable,8,33,20.625,19.875,-0.75
gemma-2-2b,99,desc,desc,en,es,cobarde,"The opposite of ""cobarde"" is """,valiente,3,4,20.625,21.125,0.5
gemma-2-2b,99,desc,val,en,es,cobarde,"The opposite of ""cobarde"" is """,valiente,3,2,20.625,21.75,1.125
gemma-2-2b,99,desc,freq,en,es,cobarde,"The opposite of ""cobarde"" is """,valiente,3,2,20.625,21.375,0.75
gemma-2-2b,99,val,desc,en,es,cobarde,"The opposite of ""cobarde"" is """,valiente,3,5,20.625,21.125,0.5
gemma-2-2b,99,val,val,en,es,cobarde,"The opposite of ""cobarde"" is """,valiente,3,6,20.625,21.125,0.5
gemma-2-2b,99,val,freq,en,es,cobarde,"The opposite of ""cobarde"" is """,valiente,3,5,20.625,21.5,0.875
gemma-2-2b,99,freq,desc,en,es,cobarde,"The opposite of ""cobarde"" is """,valiente,3,5,20.625,20.75,0.125
gemma-2-2b,99,freq,val,en,es,cobarde,"The opposite of ""cobarde"" is """,valiente,3,4,20.625,20.875,0.25
gemma-2-2b,99,freq,freq,en,es,cobarde,"The opposite of ""cobarde"" is """,valiente,3,5,20.625,20.75,0.125
gemma-2-2b,0,desc,desc,en,fr,bon,"The opposite of ""bon"" is """,mauvais,0,2,21.875,21.5,-0.375
gemma-2-2b,0,desc,val,en,fr,bon,"The opposite of ""bon"" is """,mauvais,0,2,21.875,20.75,-1.125
gemma-2-2b,0,desc,freq,en,fr,bon,"The opposite of ""bon"" is """,mauvais,0,16,21.875,20.125,-1.75
gemma-2-2b,0,val,desc,en,fr,bon,"The opposite of ""bon"" is """,mauvais,0,1,21.875,22.625,0.75
gemma-2-2b,0,val,val,en,fr,bon,"The opposite of ""bon"" is """,mauvais,0,2,21.875,22.125,0.25
gemma-2-2b,0,val,freq,en,fr,bon,"The opposite of ""bon"" is """,mauvais,0,31,21.875,19.25,-2.625
gemma-2-2b,0,freq,desc,en,fr,bon,"The opposite of ""bon"" is """,mauvais,0,4,21.875,21.5,-0.375
gemma-2-2b,0,freq,val,en,fr,bon,"The opposite of ""bon"" is """,mauvais,0,4,21.875,19.125,-2.75
gemma-2-2b,0,freq,freq,en,fr,bon,"The opposite of ""bon"" is """,mauvais,0,4,21.875,21.25,-0.625
gemma-2-2b,1,desc,desc,en,fr,heureux,"The opposite of ""heureux"" is """,malheureux,0,0,20.0,21.0,1.0
gemma-2-2b,1,desc,val,en,fr,heureux,"The opposite of ""heureux"" is """,malheureux,0,0,20.0,19.75,-0.25
gemma-2-2b,1,desc,freq,en,fr,heureux,"The opposite of ""heureux"" is """,malheureux,0,0,20.0,21.125,1.125
gemma-2-2b,1,val,desc,en,fr,heureux,"The opposite of ""heureux"" is """,malheureux,0,0,20.0,21.0,1.0
gemma-2-2b,1,val,val,en,fr,heureux,"The opposite of ""heureux"" is """,malheureux,0,0,20.0,21.125,1.125
gemma-2-2b,1,val,freq,en,fr,heureux,"The opposite of ""heureux"" is """,malheureux,0,0,20.0,20.875,0.875
gemma-2-2b,1,freq,desc,en,fr,heureux,"The opposite of ""heureux"" is """,malheureux,0,0,20.0,21.375,1.375
gemma-2-2b,1,freq,val,en,fr,heureux,"The opposite of ""heureux"" is """,malheureux,0,0,20.0,19.25,-0.75
gemma-2-2b,1,freq,freq,en,fr,heureux,"The opposite of ""heureux"" is """,malheureux,0,0,20.0,21.375,1.375
gemma-2-2b,2,desc,desc,en,fr,grand,"The opposite of ""grand"" is """,petit,2,3,23.25,23.125,-0.125
gemma-2-2b,2,desc,val,en,fr,grand,"The opposite of ""grand"" is """,petit,2,3,23.25,21.625,-1.625
gemma-2-2b,2,desc,freq,en,fr,grand,"The opposite of ""grand"" is """,petit,2,2,23.25,22.5,-0.75
gemma-2-2b,2,val,desc,en,fr,grand,"The opposite of ""grand"" is """,petit,2,4,23.25,23.25,0.0
gemma-2-2b,2,val,val,en,fr,grand,"The opposite of ""grand"" is """,petit,2,3,23.25,23.25,0.0
gemma-2-2b,2,val,freq,en,fr,grand,"The opposite of ""grand"" is """,petit,2,2,23.25,22.625,-0.625
gemma-2-2b,2,freq,desc,en,fr,grand,"The opposite of ""grand"" is """,petit,2,5,23.25,22.75,-0.5
gemma-2-2b,2,freq,val,en,fr,grand,"The opposite of ""grand"" is """,petit,2,2,23.25,21.625,-1.625
gemma-2-2b,2,freq,freq,en,fr,grand,"The opposite of ""grand"" is """,petit,2,3,23.25,23.125,-0.125
gemma-2-2b,3,desc,desc,en,fr,chaud,"The opposite of ""chaud"" is """,froid,0,0,21.5,22.125,0.625
gemma-2-2b,3,desc,val,en,fr,chaud,"The opposite of ""chaud"" is """,froid,0,0,21.5,21.25,-0.25
gemma-2-2b,3,desc,freq,en,fr,chaud,"The opposite of ""chaud"" is """,froid,0,0,21.5,22.0,0.5
gemma-2-2b,3,val,desc,en,fr,chaud,"The opposite of ""chaud"" is """,froid,0,0,21.5,22.625,1.125
gemma-2-2b,3,val,val,en,fr,chaud,"The opposite of ""chaud"" is """,froid,0,0,21.5,22.625,1.125
gemma-2-2b,3,val,freq,en,fr,chaud,"The opposite of ""chaud"" is """,froid,0,0,21.5,21.875,0.375
gemma-2-2b,3,freq,desc,en,fr,chaud,"The opposite of ""chaud"" is """,froid,0,0,21.5,21.625,0.125
gemma-2-2b,3,freq,val,en,fr,chaud,"The opposite of ""chaud"" is """,froid,0,1,21.5,20.0,-1.5
gemma-2-2b,3,freq,freq,en,fr,chaud,"The opposite of ""chaud"" is """,froid,0,0,21.5,21.75,0.25
gemma-2-2b,4,desc,desc,en,fr,rapide,"The opposite of ""rapide"" is """,lente,0,1,22.0,21.75,-0.25
gemma-2-2b,4,desc,val,en,fr,rapide,"The opposite of ""rapide"" is """,lente,0,1,22.0,20.375,-1.625
gemma-2-2b,4,desc,freq,en,fr,rapide,"The opposite of ""rapide"" is """,lente,0,1,22.0,21.125,-0.875
gemma-2-2b,4,val,desc,en,fr,rapide,"The opposite of ""rapide"" is """,lente,0,0,22.0,21.75,-0.25
gemma-2-2b,4,val,val,en,fr,rapide,"The opposite of ""rapide"" is """,lente,0,2,22.0,22.0,0.0
gemma-2-2b,4,val,freq,en,fr,rapide,"The opposite of ""rapide"" is """,lente,0,2,22.0,21.0,-1.0
gemma-2-2b,4,freq,desc,en,fr,rapide,"The opposite of ""rapide"" is """,lente,0,4,22.0,21.375,-0.625
gemma-2-2b,4,freq,val,en,fr,rapide,"The opposite of ""rapide"" is """,lente,0,5,22.0,19.875,-2.125
gemma-2-2b,4,freq,freq,en,fr,rapide,"The opposite of ""rapide"" is """,lente,0,3,22.0,21.5,-0.5
gemma-2-2b,5,desc,desc,en,fr,léger,"The opposite of ""léger"" is """,lourd,0,0,21.625,22.25,0.625
gemma-2-2b,5,desc,val,en,fr,léger,"The opposite of ""léger"" is """,lourd,0,1,21.625,20.125,-1.5
gemma-2-2b,5,desc,freq,en,fr,léger,"The opposite of ""léger"" is """,lourd,0,8,21.625,20.0,-1.625
gemma-2-2b,5,val,desc,en,fr,léger,"The opposite of ""léger"" is """,lourd,0,0,21.625,23.0,1.375
gemma-2-2b,5,val,val,en,fr,léger,"The opposite of ""léger"" is """,lourd,0,0,21.625,23.125,1.5
gemma-2-2b,5,val,freq,en,fr,léger,"The opposite of ""léger"" is """,lourd,0,0,21.625,21.875,0.25
gemma-2-2b,5,freq,desc,en,fr,léger,"The opposite of ""léger"" is """,lourd,0,1,21.625,22.25,0.625
gemma-2-2b,5,freq,val,en,fr,léger,"The opposite of ""léger"" is """,lourd,0,1,21.625,20.75,-0.875
gemma-2-2b,5,freq,freq,en,fr,léger,"The opposite of ""léger"" is """,lourd,0,1,21.625,22.125,0.5
gemma-2-2b,6,desc,desc,en,fr,facile,"The opposite of ""facile"" is """,difficile,4,4,21.875,21.875,0.0
gemma-2-2b,6,desc,val,en,fr,facile,"The opposite of ""facile"" is """,difficile,4,6,21.875,20.5,-1.375
gemma-2-2b,6,desc,freq,en,fr,facile,"The opposite of ""facile"" is """,difficile,4,8,21.875,21.5,-0.375
gemma-2-2b,6,val,desc,en,fr,facile,"The opposite of ""facile"" is """,difficile,4,2,21.875,23.0,1.125
gemma-2-2b,6,val,val,en,fr,facile,"The opposite of ""facile"" is """,difficile,4,4,21.875,22.125,0.25
gemma-2-2b,6,val,freq,en,fr,facile,"The opposite of ""facile"" is """,difficile,4,4,21.875,21.625,-0.25
gemma-2-2b,6,freq,desc,en,fr,facile,"The opposite of ""facile"" is """,difficile,4,7,21.875,21.75,-0.125
gemma-2-2b,6,freq,val,en,fr,facile,"The opposite of ""facile"" is """,difficile,4,4,21.875,20.25,-1.625
gemma-2-2b,6,freq,freq,en,fr,facile,"The opposite of ""facile"" is """,difficile,4,4,21.875,21.875,0.0
gemma-2-2b,7,desc,desc,en,fr,nouveau,"The opposite of ""nouveau"" is """,ancien,3,13,21.125,20.125,-1.0
gemma-2-2b,7,desc,val,en,fr,nouveau,"The opposite of ""nouveau"" is """,ancien,3,3,21.125,19.875,-1.25
gemma-2-2b,7,desc,freq,en,fr,nouveau,"The opposite of ""nouveau"" is """,ancien,3,6,21.125,20.375,-0.75
gemma-2-2b,7,val,desc,en,fr,nouveau,"The opposite of ""nouveau"" is """,ancien,3,8,21.125,20.875,-0.25
gemma-2-2b,7,val,val,en,fr,nouveau,"The opposite of ""nouveau"" is """,ancien,3,13,21.125,20.5,-0.625
gemma-2-2b,7,val,freq,en,fr,nouveau,"The opposite of ""nouveau"" is """,ancien,3,11,21.125,20.125,-1.0
gemma-2-2b,7,freq,desc,en,fr,nouveau,"The opposite of ""nouveau"" is """,ancien,3,15,21.125,19.875,-1.25
gemma-2-2b,7,freq,val,en,fr,nouveau,"The opposite of ""nouveau"" is """,ancien,3,5,21.125,19.125,-2.0
gemma-2-2b,7,freq,freq,en,fr,nouveau,"The opposite of ""nouveau"" is """,ancien,3,12,21.125,20.125,-1.0
gemma-2-2b,8,desc,desc,en,fr,vrai,"The opposite of ""vrai"" is """,faux,0,0,21.0,20.125,-0.875
gemma-2-2b,8,desc,val,en,fr,vrai,"The opposite of ""vrai"" is """,faux,0,0,21.0,19.375,-1.625
gemma-2-2b,8,desc,freq,en,fr,vrai,"The opposite of ""vrai"" is """,faux,0,1,21.0,20.0,-1.0
gemma-2-2b,8,val,desc,en,fr,vrai,"The opposite of ""vrai"" is """,faux,0,0,21.0,20.25,-0.75
gemma-2-2b,8,val,val,en,fr,vrai,"The opposite of ""vrai"" is """,faux,0,0,21.0,21.375,0.375
gemma-2-2b,8,val,freq,en,fr,vrai,"The opposite of ""vrai"" is """,faux,0,1,21.0,19.125,-1.875
gemma-2-2b,8,freq,desc,en,fr,vrai,"The opposite of ""vrai"" is """,faux,0,0,21.0,19.125,-1.875
gemma-2-2b,8,freq,val,en,fr,vrai,"The opposite of ""vrai"" is """,faux,0,0,21.0,18.25,-2.75
gemma-2-2b,8,freq,freq,en,fr,vrai,"The opposite of ""vrai"" is """,faux,0,0,21.0,19.5,-1.5
gemma-2-2b,9,desc,desc,en,fr,vivant,"The opposite of ""vivant"" is """,mort,0,1,22.25,22.125,-0.125
gemma-2-2b,9,desc,val,en,fr,vivant,"The opposite of ""vivant"" is """,mort,0,1,22.25,21.125,-1.125
gemma-2-2b,9,desc,freq,en,fr,vivant,"The opposite of ""vivant"" is """,mort,0,15,22.25,19.75,-2.5
gemma-2-2b,9,val,desc,en,fr,vivant,"The opposite of ""vivant"" is """,mort,0,1,22.25,21.875,-0.375
gemma-2-2b,9,val,val,en,fr,vivant,"The opposite of ""vivant"" is """,mort,0,2,22.25,22.5,0.25
gemma-2-2b,9,val,freq,en,fr,vivant,"The opposite of ""vivant"" is """,mort,0,15,22.25,19.5,-2.75
gemma-2-2b,9,freq,desc,en,fr,vivant,"The opposite of ""vivant"" is """,mort,0,3,22.25,22.0,-0.25
gemma-2-2b,9,freq,val,en,fr,vivant,"The opposite of ""vivant"" is """,mort,0,1,22.25,20.5,-1.75
gemma-2-2b,9,freq,freq,en,fr,vivant,"The opposite of ""vivant"" is """,mort,0,2,22.25,22.0,-0.25
gemma-2-2b,10,desc,desc,en,fr,plein,"The opposite of ""plein"" is """,vide,2,7,20.125,19.5,-0.625
gemma-2-2b,10,desc,val,en,fr,plein,"The opposite of ""plein"" is """,vide,2,11,20.125,17.5,-2.625
gemma-2-2b,10,desc,freq,en,fr,plein,"The opposite of ""plein"" is """,vide,2,80,20.125,17.75,-2.375
gemma-2-2b,10,val,desc,en,fr,plein,"The opposite of ""plein"" is """,vide,2,19,20.125,18.75,-1.375
gemma-2-2b,10,val,val,en,fr,plein,"The opposite of ""plein"" is """,vide,2,9,20.125,19.75,-0.375
gemma-2-2b,10,val,freq,en,fr,plein,"The opposite of ""plein"" is """,vide,2,214,20.125,15.8125,-4.3125
gemma-2-2b,10,freq,desc,en,fr,plein,"The opposite of ""plein"" is """,vide,2,8,20.125,19.5,-0.625
gemma-2-2b,10,freq,val,en,fr,plein,"The opposite of ""plein"" is """,vide,2,9,20.125,16.875,-3.25
gemma-2-2b,10,freq,freq,en,fr,plein,"The opposite of ""plein"" is """,vide,2,8,20.125,19.375,-0.75
gemma-2-2b,11,desc,desc,en,fr,brillant,"The opposite of ""brillant"" is """,sombre,9,10,21.5,22.125,0.625
gemma-2-2b,11,desc,val,en,fr,brillant,"The opposite of ""brillant"" is """,sombre,9,9,21.5,20.75,-0.75
gemma-2-2b,11,desc,freq,en,fr,brillant,"The opposite of ""brillant"" is """,sombre,9,18,21.5,20.875,-0.625
gemma-2-2b,11,val,desc,en,fr,brillant,"The opposite of ""brillant"" is """,sombre,9,6,21.5,22.125,0.625
gemma-2-2b,11,val,val,en,fr,brillant,"The opposite of ""brillant"" is """,sombre,9,11,21.5,22.5,1.0
gemma-2-2b,11,val,freq,en,fr,brillant,"The opposite of ""brillant"" is """,sombre,9,8,21.5,21.25,-0.25
gemma-2-2b,11,freq,desc,en,fr,brillant,"The opposite of ""brillant"" is """,sombre,9,9,21.5,22.75,1.25
gemma-2-2b,11,freq,val,en,fr,brillant,"The opposite of ""brillant"" is """,sombre,9,9,21.5,20.875,-0.625
gemma-2-2b,11,freq,freq,en,fr,brillant,"The opposite of ""brillant"" is """,sombre,9,9,21.5,22.5,1.0
gemma-2-2b,12,desc,desc,en,fr,fort,"The opposite of ""fort"" is """,faible,129,129,15.0,15.0,0.0
gemma-2-2b,12,desc,val,en,fr,fort,"The opposite of ""fort"" is """,faible,129,69,15.0,14.25,-0.75
gemma-2-2b,12,desc,freq,en,fr,fort,"The opposite of ""fort"" is """,faible,129,83,15.0,17.125,2.125
gemma-2-2b,12,val,desc,en,fr,fort,"The opposite of ""fort"" is """,faible,129,46,15.0,18.125,3.125
gemma-2-2b,12,val,val,en,fr,fort,"The opposite of ""fort"" is """,faible,129,126,15.0,16.5,1.5
gemma-2-2b,12,val,freq,en,fr,fort,"The opposite of ""fort"" is """,faible,129,103,15.0,17.75,2.75
gemma-2-2b,12,freq,desc,en,fr,fort,"The opposite of ""fort"" is """,faible,129,125,15.0,15.125,0.125
gemma-2-2b,12,freq,val,en,fr,fort,"The opposite of ""fort"" is """,faible,129,156,15.0,12.75,-2.25
gemma-2-2b,12,freq,freq,en,fr,fort,"The opposite of ""fort"" is """,faible,129,129,15.0,15.0,0.0
gemma-2-2b,13,desc,desc,en,fr,propre,"The opposite of ""propre"" is """,sale,3,23,20.875,19.5,-1.375
gemma-2-2b,13,desc,val,en,fr,propre,"The opposite of ""propre"" is """,sale,3,23,20.875,17.375,-3.5
gemma-2-2b,13,desc,freq,en,fr,propre,"The opposite of ""propre"" is """,sale,3,336,20.875,16.125,-4.75
gemma-2-2b,13,val,desc,en,fr,propre,"The opposite of ""propre"" is """,sale,3,4,20.875,21.375,0.5
gemma-2-2b,13,val,val,en,fr,propre,"The opposite of ""propre"" is """,sale,3,33,20.875,19.625,-1.25
gemma-2-2b,13,val,freq,en,fr,propre,"The opposite of ""propre"" is """,sale,3,75,20.875,18.0,-2.875
gemma-2-2b,13,freq,desc,en,fr,propre,"The opposite of ""propre"" is """,sale,3,184,20.875,17.75,-3.125
gemma-2-2b,13,freq,val,en,fr,propre,"The opposite of ""propre"" is """,sale,3,143,20.875,15.5,-5.375
gemma-2-2b,13,freq,freq,en,fr,propre,"The opposite of ""propre"" is """,sale,3,166,20.875,17.75,-3.125
gemma-2-2b,14,desc,desc,en,fr,ouvert,"The opposite of ""ouvert"" is """,fermé,0,0,20.25,20.0,-0.25
gemma-2-2b,14,desc,val,en,fr,ouvert,"The opposite of ""ouvert"" is """,fermé,0,0,20.25,19.5,-0.75
gemma-2-2b,14,desc,freq,en,fr,ouvert,"The opposite of ""ouvert"" is """,fermé,0,0,20.25,21.25,1.0
gemma-2-2b,14,val,desc,en,fr,ouvert,"The opposite of ""ouvert"" is """,fermé,0,0,20.25,21.875,1.625
gemma-2-2b,14,val,val,en,fr,ouvert,"The opposite of ""ouvert"" is """,fermé,0,0,20.25,20.25,0.0
gemma-2-2b,14,val,freq,en,fr,ouvert,"The opposite of ""ouvert"" is """,fermé,0,0,20.25,21.75,1.5
gemma-2-2b,14,freq,desc,en,fr,ouvert,"The opposite of ""ouvert"" is """,fermé,0,1,20.25,19.25,-1.0
gemma-2-2b,14,freq,val,en,fr,ouvert,"The opposite of ""ouvert"" is """,fermé,0,1,20.25,17.5,-2.75
gemma-2-2b,14,freq,freq,en,fr,ouvert,"The opposite of ""ouvert"" is """,fermé,0,1,20.25,19.125,-1.125
gemma-2-2b,15,desc,desc,en,fr,riche,"The opposite of ""riche"" is """,pauvre,1,1,20.5,20.75,0.25
gemma-2-2b,15,desc,val,en,fr,riche,"The opposite of ""riche"" is """,pauvre,1,2,20.5,19.25,-1.25
gemma-2-2b,15,desc,freq,en,fr,riche,"The opposite of ""riche"" is """,pauvre,1,2,20.5,19.25,-1.25
gemma-2-2b,15,val,desc,en,fr,riche,"The opposite of ""riche"" is """,pauvre,1,1,20.5,21.0,0.5
gemma-2-2b,15,val,val,en,fr,riche,"The opposite of ""riche"" is """,pauvre,1,1,20.5,21.375,0.875
gemma-2-2b,15,val,freq,en,fr,riche,"The opposite of ""riche"" is """,pauvre,1,3,20.5,18.625,-1.875
gemma-2-2b,15,freq,desc,en,fr,riche,"The opposite of ""riche"" is """,pauvre,1,3,20.5,20.125,-0.375
gemma-2-2b,15,freq,val,en,fr,riche,"The opposite of ""riche"" is """,pauvre,1,3,20.5,18.25,-2.25
gemma-2-2b,15,freq,freq,en,fr,riche,"The opposite of ""riche"" is """,pauvre,1,2,20.5,20.25,-0.25
gemma-2-2b,16,desc,desc,en,fr,beau,"The opposite of ""beau"" is """,laid,788,1548,15.5625,14.6875,-0.875
gemma-2-2b,16,desc,val,en,fr,beau,"The opposite of ""beau"" is """,laid,788,964,15.5625,13.1875,-2.375
gemma-2-2b,16,desc,freq,en,fr,beau,"The opposite of ""beau"" is """,laid,788,5903,15.5625,11.1875,-4.375
gemma-2-2b,16,val,desc,en,fr,beau,"The opposite of ""beau"" is """,laid,788,246,15.5625,17.625,2.0625
gemma-2-2b,16,val,val,en,fr,beau,"The opposite of ""beau"" is """,laid,788,1545,15.5625,14.9375,-0.625
gemma-2-2b,16,val,freq,en,fr,beau,"The opposite of ""beau"" is """,laid,788,3044,15.5625,12.1875,-3.375
gemma-2-2b,16,freq,desc,en,fr,beau,"The opposite of ""beau"" is """,laid,788,2528,15.5625,13.875,-1.6875
gemma-2-2b,16,freq,val,en,fr,beau,"The opposite of ""beau"" is """,laid,788,2148,15.5625,11.375,-4.1875
gemma-2-2b,16,freq,freq,en,fr,beau,"The opposite of ""beau"" is """,laid,788,2549,15.5625,13.75,-1.8125
gemma-2-2b,17,desc,desc,en,fr,long,"The opposite of ""long"" is """,court,2737,2737,10.5,10.5,0.0
gemma-2-2b,17,desc,val,en,fr,long,"The opposite of ""long"" is """,court,2737,2105,10.5,8.875,-1.625
gemma-2-2b,17,desc,freq,en,fr,long,"The opposite of ""long"" is """,court,2737,1772,10.5,12.125,1.625
gemma-2-2b,17,val,desc,en,fr,long,"The opposite of ""long"" is """,court,2737,882,10.5,13.9375,3.4375
gemma-2-2b,17,val,val,en,fr,long,"The opposite of ""long"" is """,court,2737,2931,10.5,11.5,1.0
gemma-2-2b,17,val,freq,en,fr,long,"The opposite of ""long"" is """,court,2737,643,10.5,14.5,4.0
gemma-2-2b,17,freq,desc,en,fr,long,"The opposite of ""long"" is """,court,2737,2881,10.5,10.3125,-0.1875
gemma-2-2b,17,freq,val,en,fr,long,"The opposite of ""long"" is """,court,2737,3290,10.5,7.75,-2.75
gemma-2-2b,17,freq,freq,en,fr,long,"The opposite of ""long"" is """,court,2737,2737,10.5,10.5,0.0
gemma-2-2b,18,desc,desc,en,fr,large,"The opposite of ""large"" is """,étroit,11618,11618,6.03125,6.03125,0.0
gemma-2-2b,18,desc,val,en,fr,large,"The opposite of ""large"" is """,étroit,11618,12427,6.03125,3.453125,-2.578125
gemma-2-2b,18,desc,freq,en,fr,large,"The opposite of ""large"" is """,étroit,11618,13736,6.03125,5.90625,-0.125
gemma-2-2b,18,val,desc,en,fr,large,"The opposite of ""large"" is """,étroit,11618,4128,6.03125,9.6875,3.65625
gemma-2-2b,18,val,val,en,fr,large,"The opposite of ""large"" is """,étroit,11618,11561,6.03125,7.0,0.96875
gemma-2-2b,18,val,freq,en,fr,large,"The opposite of ""large"" is """,étroit,11618,5670,6.03125,8.875,2.84375
gemma-2-2b,18,freq,desc,en,fr,large,"The opposite of ""large"" is """,étroit,11618,11371,6.03125,6.15625,0.125
gemma-2-2b,18,freq,val,en,fr,large,"The opposite of ""large"" is """,étroit,11618,12263,6.03125,3.34375,-2.6875
gemma-2-2b,18,freq,freq,en,fr,large,"The opposite of ""large"" is """,étroit,11618,11618,6.03125,6.03125,0.0
gemma-2-2b,19,desc,desc,en,fr,dur,"The opposite of ""dur"" is """,mou,592,1631,18.75,17.5,-1.25
gemma-2-2b,19,desc,val,en,fr,dur,"The opposite of ""dur"" is """,mou,592,1877,18.75,15.0,-3.75
gemma-2-2b,19,desc,freq,en,fr,dur,"The opposite of ""dur"" is """,mou,592,6206,18.75,14.0625,-4.6875
gemma-2-2b,19,val,desc,en,fr,dur,"The opposite of ""dur"" is """,mou,592,710,18.75,18.5,-0.25
gemma-2-2b,19,val,val,en,fr,dur,"The opposite of ""dur"" is """,mou,592,1814,18.75,17.5,-1.25
gemma-2-2b,19,val,freq,en,fr,dur,"The opposite of ""dur"" is """,mou,592,4095,18.75,14.6875,-4.0625
gemma-2-2b,19,freq,desc,en,fr,dur,"The opposite of ""dur"" is """,mou,592,1530,18.75,17.75,-1.0
gemma-2-2b,19,freq,val,en,fr,dur,"The opposite of ""dur"" is """,mou,592,1703,18.75,15.125,-3.625
gemma-2-2b,19,freq,freq,en,fr,dur,"The opposite of ""dur"" is """,mou,592,1631,18.75,17.5,-1.25
gemma-2-2b,20,desc,desc,en,fr,sec,"The opposite of ""sec"" is """,humide,2762,2762,11.8125,11.8125,0.0
gemma-2-2b,20,desc,val,en,fr,sec,"The opposite of ""sec"" is """,humide,2762,1825,11.8125,10.8125,-1.0
gemma-2-2b,20,desc,freq,en,fr,sec,"The opposite of ""sec"" is """,humide,2762,2034,11.8125,13.1875,1.375
gemma-2-2b,20,val,desc,en,fr,sec,"The opposite of ""sec"" is """,humide,2762,2349,11.8125,13.0625,1.25
gemma-2-2b,20,val,val,en,fr,sec,"The opposite of ""sec"" is """,humide,2762,2757,11.8125,12.875,1.0625
gemma-2-2b,20,val,freq,en,fr,sec,"The opposite of ""sec"" is """,humide,2762,3304,11.8125,12.4375,0.625
gemma-2-2b,20,freq,desc,en,fr,sec,"The opposite of ""sec"" is """,humide,2762,2901,11.8125,11.8125,0.0
gemma-2-2b,20,freq,val,en,fr,sec,"The opposite of ""sec"" is """,humide,2762,2994,11.8125,9.6875,-2.125
gemma-2-2b,20,freq,freq,en,fr,sec,"The opposite of ""sec"" is """,humide,2762,2762,11.8125,11.8125,0.0
gemma-2-2b,21,desc,desc,en,fr,fort,"The opposite of ""fort"" is """,doux,118,117,15.25,15.25,0.0
gemma-2-2b,21,desc,val,en,fr,fort,"The opposite of ""fort"" is """,doux,118,317,15.25,12.375,-2.875
gemma-2-2b,21,desc,freq,en,fr,fort,"The opposite of ""fort"" is """,doux,118,533,15.25,14.875,-0.375
gemma-2-2b,21,val,desc,en,fr,fort,"The opposite of ""fort"" is """,doux,118,55,15.25,18.0,2.75
gemma-2-2b,21,val,val,en,fr,fort,"The opposite of ""fort"" is """,doux,118,146,15.25,16.5,1.25
gemma-2-2b,21,val,freq,en,fr,fort,"The opposite of ""fort"" is """,doux,118,141,15.25,17.5,2.25
gemma-2-2b,21,freq,desc,en,fr,fort,"The opposite of ""fort"" is """,doux,118,111,15.25,15.375,0.125
gemma-2-2b,21,freq,val,en,fr,fort,"The opposite of ""fort"" is """,doux,118,155,15.25,12.8125,-2.4375
gemma-2-2b,21,freq,freq,en,fr,fort,"The opposite of ""fort"" is """,doux,118,117,15.25,15.25,0.0
gemma-2-2b,22,desc,desc,en,fr,tôt,"The opposite of ""tôt"" is """,tard,0,0,22.25,23.375,1.125
gemma-2-2b,22,desc,val,en,fr,tôt,"The opposite of ""tôt"" is """,tard,0,1,22.25,21.625,-0.625
gemma-2-2b,22,desc,freq,en,fr,tôt,"The opposite of ""tôt"" is """,tard,0,1,22.25,21.75,-0.5
gemma-2-2b,22,val,desc,en,fr,tôt,"The opposite of ""tôt"" is """,tard,0,0,22.25,23.25,1.0
gemma-2-2b,22,val,val,en,fr,tôt,"The opposite of ""tôt"" is """,tard,0,0,22.25,24.0,1.75
gemma-2-2b,22,val,freq,en,fr,tôt,"The opposite of ""tôt"" is """,tard,0,1,22.25,22.5,0.25
gemma-2-2b,22,freq,desc,en,fr,tôt,"The opposite of ""tôt"" is """,tard,0,1,22.25,23.375,1.125
gemma-2-2b,22,freq,val,en,fr,tôt,"The opposite of ""tôt"" is """,tard,0,1,22.25,21.875,-0.375
gemma-2-2b,22,freq,freq,en,fr,tôt,"The opposite of ""tôt"" is """,tard,0,1,22.25,23.25,1.0
gemma-2-2b,23,desc,desc,en,fr,proche,"The opposite of ""proche"" is """,loin,0,3,23.0,21.25,-1.75
gemma-2-2b,23,desc,val,en,fr,proche,"The opposite of ""proche"" is """,loin,0,7,23.0,19.5,-3.5
gemma-2-2b,23,desc,freq,en,fr,proche,"The opposite of ""proche"" is """,loin,0,59,23.0,17.875,-5.125
gemma-2-2b,23,val,desc,en,fr,proche,"The opposite of ""proche"" is """,loin,0,1,23.0,22.375,-0.625
gemma-2-2b,23,val,val,en,fr,proche,"The opposite of ""proche"" is """,loin,0,3,23.0,22.25,-0.75
gemma-2-2b,23,val,freq,en,fr,proche,"The opposite of ""proche"" is """,loin,0,15,23.0,19.75,-3.25
gemma-2-2b,23,freq,desc,en,fr,proche,"The opposite of ""proche"" is """,loin,0,33,23.0,20.0,-3.0
gemma-2-2b,23,freq,val,en,fr,proche,"The opposite of ""proche"" is """,loin,0,18,23.0,18.5,-4.5
gemma-2-2b,23,freq,freq,en,fr,proche,"The opposite of ""proche"" is """,loin,0,31,23.0,19.875,-3.125
gemma-2-2b,24,desc,desc,en,fr,profond,"The opposite of ""profond"" is """,peu profond,60,284,17.625,16.5,-1.125
gemma-2-2b,24,desc,val,en,fr,profond,"The opposite of ""profond"" is """,peu profond,60,334,17.625,14.4375,-3.1875
gemma-2-2b,24,desc,freq,en,fr,profond,"The opposite of ""profond"" is """,peu profond,60,287,17.625,15.8125,-1.8125
gemma-2-2b,24,val,desc,en,fr,profond,"The opposite of ""profond"" is """,peu profond,60,181,17.625,17.125,-0.5
gemma-2-2b,24,val,val,en,fr,profond,"The opposite of ""profond"" is """,peu profond,60,310,17.625,16.875,-0.75
gemma-2-2b,24,val,freq,en,fr,profond,"The opposite of ""profond"" is """,peu profond,60,353,17.625,15.375,-2.25
gemma-2-2b,24,freq,desc,en,fr,profond,"The opposite of ""profond"" is """,peu profond,60,506,17.625,15.8125,-1.8125
gemma-2-2b,24,freq,val,en,fr,profond,"The opposite of ""profond"" is """,peu profond,60,521,17.625,13.3125,-4.3125
gemma-2-2b,24,freq,freq,en,fr,profond,"The opposite of ""profond"" is """,peu profond,60,491,17.625,15.6875,-1.9375
gemma-2-2b,25,desc,desc,en,fr,mauvais,"The opposite of ""mauvais"" is """,bon,0,0,21.375,21.5,0.125
gemma-2-2b,25,desc,val,en,fr,mauvais,"The opposite of ""mauvais"" is """,bon,0,0,21.375,20.375,-1.0
gemma-2-2b,25,desc,freq,en,fr,mauvais,"The opposite of ""mauvais"" is """,bon,0,1,21.375,20.375,-1.0
gemma-2-2b,25,val,desc,en,fr,mauvais,"The opposite of ""mauvais"" is """,bon,0,0,21.375,21.5,0.125
gemma-2-2b,25,val,val,en,fr,mauvais,"The opposite of ""mauvais"" is """,bon,0,0,21.375,22.0,0.625
gemma-2-2b,25,val,freq,en,fr,mauvais,"The opposite of ""mauvais"" is """,bon,0,2,21.375,19.625,-1.75
gemma-2-2b,25,freq,desc,en,fr,mauvais,"The opposite of ""mauvais"" is """,bon,0,0,21.375,21.25,-0.125
gemma-2-2b,25,freq,val,en,fr,mauvais,"The opposite of ""mauvais"" is """,bon,0,1,21.375,19.375,-2.0
gemma-2-2b,25,freq,freq,en,fr,mauvais,"The opposite of ""mauvais"" is """,bon,0,1,21.375,21.25,-0.125
gemma-2-2b,26,desc,desc,en,fr,triste,"The opposite of ""triste"" is """,joyeux,8,13,19.125,18.5,-0.625
gemma-2-2b,26,desc,val,en,fr,triste,"The opposite of ""triste"" is """,joyeux,8,9,19.125,17.25,-1.875
gemma-2-2b,26,desc,freq,en,fr,triste,"The opposite of ""triste"" is """,joyeux,8,4,19.125,19.625,0.5
gemma-2-2b,26,val,desc,en,fr,triste,"The opposite of ""triste"" is """,joyeux,8,0,19.125,20.75,1.625
gemma-2-2b,26,val,val,en,fr,triste,"The opposite of ""triste"" is """,joyeux,8,12,19.125,19.25,0.125
gemma-2-2b,26,val,freq,en,fr,triste,"The opposite of ""triste"" is """,joyeux,8,2,19.125,19.625,0.5
gemma-2-2b,26,freq,desc,en,fr,triste,"The opposite of ""triste"" is """,joyeux,8,14,19.125,18.25,-0.875
gemma-2-2b,26,freq,val,en,fr,triste,"The opposite of ""triste"" is """,joyeux,8,18,19.125,16.125,-3.0
gemma-2-2b,26,freq,freq,en,fr,triste,"The opposite of ""triste"" is """,joyeux,8,14,19.125,18.25,-0.875
gemma-2-2b,27,desc,desc,en,fr,petit,"The opposite of ""petit"" is """,grand,0,1,23.875,23.75,-0.125
gemma-2-2b,27,desc,val,en,fr,petit,"The opposite of ""petit"" is """,grand,0,1,23.875,23.0,-0.875
gemma-2-2b,27,desc,freq,en,fr,petit,"The opposite of ""petit"" is """,grand,0,0,23.875,23.875,0.0
gemma-2-2b,27,val,desc,en,fr,petit,"The opposite of ""petit"" is """,grand,0,0,23.875,23.875,0.0
gemma-2-2b,27,val,val,en,fr,petit,"The opposite of ""petit"" is """,grand,0,1,23.875,24.125,0.25
gemma-2-2b,27,val,freq,en,fr,petit,"The opposite of ""petit"" is """,grand,0,0,23.875,23.5,-0.375
gemma-2-2b,27,freq,desc,en,fr,petit,"The opposite of ""petit"" is """,grand,0,2,23.875,23.5,-0.375
gemma-2-2b,27,freq,val,en,fr,petit,"The opposite of ""petit"" is """,grand,0,1,23.875,22.125,-1.75
gemma-2-2b,27,freq,freq,en,fr,petit,"The opposite of ""petit"" is """,grand,0,2,23.875,23.5,-0.375
gemma-2-2b,28,desc,desc,en,fr,froid,"The opposite of ""froid"" is """,chaud,2,10,19.75,18.75,-1.0
gemma-2-2b,28,desc,val,en,fr,froid,"The opposite of ""froid"" is """,chaud,2,11,19.75,16.75,-3.0
gemma-2-2b,28,desc,freq,en,fr,froid,"The opposite of ""froid"" is """,chaud,2,8,19.75,19.25,-0.5
gemma-2-2b,28,val,desc,en,fr,froid,"The opposite of ""froid"" is """,chaud,2,6,19.75,19.5,-0.25
gemma-2-2b,28,val,val,en,fr,froid,"The opposite of ""froid"" is """,chaud,2,11,19.75,19.125,-0.625
gemma-2-2b,28,val,freq,en,fr,froid,"The opposite of ""froid"" is """,chaud,2,8,19.75,19.0,-0.75
gemma-2-2b,28,freq,desc,en,fr,froid,"The opposite of ""froid"" is """,chaud,2,13,19.75,18.625,-1.125
gemma-2-2b,28,freq,val,en,fr,froid,"The opposite of ""froid"" is """,chaud,2,12,19.75,16.25,-3.5
gemma-2-2b,28,freq,freq,en,fr,froid,"The opposite of ""froid"" is """,chaud,2,12,19.75,18.75,-1.0
gemma-2-2b,29,desc,desc,en,fr,lent,"The opposite of ""lent"" is """,rapide,4551,4551,13.25,13.25,0.0
gemma-2-2b,29,desc,val,en,fr,lent,"The opposite of ""lent"" is """,rapide,4551,5648,13.25,10.3125,-2.9375
gemma-2-2b,29,desc,freq,en,fr,lent,"The opposite of ""lent"" is """,rapide,4551,3017,13.25,13.875,0.625
gemma-2-2b,29,val,desc,en,fr,lent,"The opposite of ""lent"" is """,rapide,4551,3210,13.25,14.25,1.0
gemma-2-2b,29,val,val,en,fr,lent,"The opposite of ""lent"" is """,rapide,4551,4539,13.25,13.4375,0.1875
gemma-2-2b,29,val,freq,en,fr,lent,"The opposite of ""lent"" is """,rapide,4551,2606,13.25,14.0625,0.8125
gemma-2-2b,29,freq,desc,en,fr,lent,"The opposite of ""lent"" is """,rapide,4551,4000,13.25,13.4375,0.1875
gemma-2-2b,29,freq,val,en,fr,lent,"The opposite of ""lent"" is """,rapide,4551,5978,13.25,10.0,-3.25
gemma-2-2b,29,freq,freq,en,fr,lent,"The opposite of ""lent"" is """,rapide,4551,4551,13.25,13.25,0.0
gemma-2-2b,30,desc,desc,en,fr,lourd,"The opposite of ""lourd"" is """,léger,0,0,21.5,22.0,0.5
gemma-2-2b,30,desc,val,en,fr,lourd,"The opposite of ""lourd"" is """,léger,0,0,21.5,20.25,-1.25
gemma-2-2b,30,desc,freq,en,fr,lourd,"The opposite of ""lourd"" is """,léger,0,2,21.5,21.0,-0.5
gemma-2-2b,30,val,desc,en,fr,lourd,"The opposite of ""lourd"" is """,léger,0,0,21.5,22.0,0.5
gemma-2-2b,30,val,val,en,fr,lourd,"The opposite of ""lourd"" is """,léger,0,1,21.5,22.0,0.5
gemma-2-2b,30,val,freq,en,fr,lourd,"The opposite of ""lourd"" is """,léger,0,2,21.5,21.25,-0.25
gemma-2-2b,30,freq,desc,en,fr,lourd,"The opposite of ""lourd"" is """,léger,0,1,21.5,21.875,0.375
gemma-2-2b,30,freq,val,en,fr,lourd,"The opposite of ""lourd"" is """,léger,0,2,21.5,19.875,-1.625
gemma-2-2b,30,freq,freq,en,fr,lourd,"The opposite of ""lourd"" is """,léger,0,2,21.5,21.75,0.25
gemma-2-2b,31,desc,desc,en,fr,difficile,"The opposite of ""difficile"" is """,facile,0,0,23.875,23.875,0.0
gemma-2-2b,31,desc,val,en,fr,difficile,"The opposite of ""difficile"" is """,facile,0,0,23.875,23.5,-0.375
gemma-2-2b,31,desc,freq,en,fr,difficile,"The opposite of ""difficile"" is """,facile,0,0,23.875,24.875,1.0
gemma-2-2b,31,val,desc,en,fr,difficile,"The opposite of ""difficile"" is """,facile,0,0,23.875,24.25,0.375
gemma-2-2b,31,val,val,en,fr,difficile,"The opposite of ""difficile"" is """,facile,0,0,23.875,24.5,0.625
gemma-2-2b,31,val,freq,en,fr,difficile,"The opposite of ""difficile"" is """,facile,0,0,23.875,24.5,0.625
gemma-2-2b,31,freq,desc,en,fr,difficile,"The opposite of ""difficile"" is """,facile,0,0,23.875,23.75,-0.125
gemma-2-2b,31,freq,val,en,fr,difficile,"The opposite of ""difficile"" is """,facile,0,0,23.875,22.75,-1.125
gemma-2-2b,31,freq,freq,en,fr,difficile,"The opposite of ""difficile"" is """,facile,0,0,23.875,23.5,-0.375
gemma-2-2b,32,desc,desc,en,fr,vieux,"The opposite of ""vieux"" is """,jeune,0,0,21.375,21.25,-0.125
gemma-2-2b,32,desc,val,en,fr,vieux,"The opposite of ""vieux"" is """,jeune,0,0,21.375,20.25,-1.125
gemma-2-2b,32,desc,freq,en,fr,vieux,"The opposite of ""vieux"" is """,jeune,0,6,21.375,19.375,-2.0
gemma-2-2b,32,val,desc,en,fr,vieux,"The opposite of ""vieux"" is """,jeune,0,0,21.375,21.75,0.375
gemma-2-2b,32,val,val,en,fr,vieux,"The opposite of ""vieux"" is """,jeune,0,0,21.375,22.125,0.75
gemma-2-2b,32,val,freq,en,fr,vieux,"The opposite of ""vieux"" is """,jeune,0,4,21.375,19.875,-1.5
gemma-2-2b,32,freq,desc,en,fr,vieux,"The opposite of ""vieux"" is """,jeune,0,0,21.375,21.0,-0.375
gemma-2-2b,32,freq,val,en,fr,vieux,"The opposite of ""vieux"" is """,jeune,0,0,21.375,20.375,-1.0
gemma-2-2b,32,freq,freq,en,fr,vieux,"The opposite of ""vieux"" is """,jeune,0,0,21.375,21.5,0.125
gemma-2-2b,33,desc,desc,en,fr,faux,"The opposite of ""faux"" is """,correct,49,47,14.4375,14.5,0.0625
gemma-2-2b,33,desc,val,en,fr,faux,"The opposite of ""faux"" is """,correct,49,56,14.4375,13.8125,-0.625
gemma-2-2b,33,desc,freq,en,fr,faux,"The opposite of ""faux"" is """,correct,49,26,14.4375,14.5,0.0625
gemma-2-2b,33,val,desc,en,fr,faux,"The opposite of ""faux"" is """,correct,49,29,14.4375,15.5625,1.125
gemma-2-2b,33,val,val,en,fr,faux,"The opposite of ""faux"" is """,correct,49,50,14.4375,16.5,2.0625
gemma-2-2b,33,val,freq,en,fr,faux,"The opposite of ""faux"" is """,correct,49,18,14.4375,14.875,0.4375
gemma-2-2b,33,freq,desc,en,fr,faux,"The opposite of ""faux"" is """,correct,49,41,14.4375,14.4375,0.0
gemma-2-2b,33,freq,val,en,fr,faux,"The opposite of ""faux"" is """,correct,49,55,14.4375,13.5625,-0.875
gemma-2-2b,33,freq,freq,en,fr,faux,"The opposite of ""faux"" is """,correct,49,47,14.4375,14.5,0.0625
gemma-2-2b,34,desc,desc,en,fr,mort,"The opposite of ""mort"" is """,vivant,1,2,23.75,23.75,0.0
gemma-2-2b,34,desc,val,en,fr,mort,"The opposite of ""mort"" is """,vivant,1,0,23.75,23.125,-0.625
gemma-2-2b,34,desc,freq,en,fr,mort,"The opposite of ""mort"" is """,vivant,1,0,23.75,24.0,0.25
gemma-2-2b,34,val,desc,en,fr,mort,"The opposite of ""mort"" is """,vivant,1,0,23.75,24.25,0.5
gemma-2-2b,34,val,val,en,fr,mort,"The opposite of ""mort"" is """,vivant,1,2,23.75,23.875,0.125
gemma-2-2b,34,val,freq,en,fr,mort,"The opposite of ""mort"" is """,vivant,1,0,23.75,23.5,-0.25
gemma-2-2b,34,freq,desc,en,fr,mort,"The opposite of ""mort"" is """,vivant,1,0,23.75,23.875,0.125
gemma-2-2b,34,freq,val,en,fr,mort,"The opposite of ""mort"" is """,vivant,1,2,23.75,22.125,-1.625
gemma-2-2b,34,freq,freq,en,fr,mort,"The opposite of ""mort"" is """,vivant,1,2,23.75,23.75,0.0
gemma-2-2b,35,desc,desc,en,fr,vide,"The opposite of ""vide"" is """,plein,5121,6267,14.75,14.3125,-0.4375
gemma-2-2b,35,desc,val,en,fr,vide,"The opposite of ""vide"" is """,plein,5121,5920,14.75,11.8125,-2.9375
gemma-2-2b,35,desc,freq,en,fr,vide,"The opposite of ""vide"" is """,plein,5121,3633,14.75,14.75,0.0
gemma-2-2b,35,val,desc,en,fr,vide,"The opposite of ""vide"" is """,plein,5121,10940,14.75,12.875,-1.875
gemma-2-2b,35,val,val,en,fr,vide,"The opposite of ""vide"" is """,plein,5121,6474,14.75,14.25,-0.5
gemma-2-2b,35,val,freq,en,fr,vide,"The opposite of ""vide"" is """,plein,5121,4119,14.75,14.125,-0.625
gemma-2-2b,35,freq,desc,en,fr,vide,"The opposite of ""vide"" is """,plein,5121,7629,14.75,14.0625,-0.6875
gemma-2-2b,35,freq,val,en,fr,vide,"The opposite of ""vide"" is """,plein,5121,4890,14.75,12.3125,-2.4375
gemma-2-2b,35,freq,freq,en,fr,vide,"The opposite of ""vide"" is """,plein,5121,6267,14.75,14.3125,-0.4375
gemma-2-2b,36,desc,desc,en,fr,sombre,"The opposite of ""sombre"" is """,brillant,81,102,19.0,19.0,0.0
gemma-2-2b,36,desc,val,en,fr,sombre,"The opposite of ""sombre"" is """,brillant,81,111,19.0,16.75,-2.25
gemma-2-2b,36,desc,freq,en,fr,sombre,"The opposite of ""sombre"" is """,brillant,81,144,19.0,17.625,-1.375
gemma-2-2b,36,val,desc,en,fr,sombre,"The opposite of ""sombre"" is """,brillant,81,25,19.0,20.875,1.875
gemma-2-2b,36,val,val,en,fr,sombre,"The opposite of ""sombre"" is """,brillant,81,86,19.0,19.375,0.375
gemma-2-2b,36,val,freq,en,fr,sombre,"The opposite of ""sombre"" is """,brillant,81,49,19.0,19.0,0.0
gemma-2-2b,36,freq,desc,en,fr,sombre,"The opposite of ""sombre"" is """,brillant,81,90,19.0,19.25,0.25
gemma-2-2b,36,freq,val,en,fr,sombre,"The opposite of ""sombre"" is """,brillant,81,91,19.0,16.75,-2.25
gemma-2-2b,36,freq,freq,en,fr,sombre,"The opposite of ""sombre"" is """,brillant,81,102,19.0,19.0,0.0
gemma-2-2b,37,desc,desc,en,fr,faible,"The opposite of ""faible"" is """,fort,4,4,20.25,21.5,1.25
gemma-2-2b,37,desc,val,en,fr,faible,"The opposite of ""faible"" is """,fort,4,6,20.25,19.75,-0.5
gemma-2-2b,37,desc,freq,en,fr,faible,"The opposite of ""faible"" is """,fort,4,4,20.25,21.125,0.875
gemma-2-2b,37,val,desc,en,fr,faible,"The opposite of ""faible"" is """,fort,4,4,20.25,21.125,0.875
gemma-2-2b,37,val,val,en,fr,faible,"The opposite of ""faible"" is """,fort,4,7,20.25,21.5,1.25
gemma-2-2b,37,val,freq,en,fr,faible,"The opposite of ""faible"" is """,fort,4,5,20.25,20.875,0.625
gemma-2-2b,37,freq,desc,en,fr,faible,"The opposite of ""faible"" is """,fort,4,12,20.25,20.75,0.5
gemma-2-2b,37,freq,val,en,fr,faible,"The opposite of ""faible"" is """,fort,4,15,20.25,18.125,-2.125
gemma-2-2b,37,freq,freq,en,fr,faible,"The opposite of ""faible"" is """,fort,4,13,20.25,20.625,0.375
gemma-2-2b,38,desc,desc,en,fr,sale,"The opposite of ""sale"" is """,propre,277,277,17.875,17.875,0.0
gemma-2-2b,38,desc,val,en,fr,sale,"The opposite of ""sale"" is """,propre,277,329,17.875,15.375,-2.5
gemma-2-2b,38,desc,freq,en,fr,sale,"The opposite of ""sale"" is """,propre,277,200,17.875,17.875,0.0
gemma-2-2b,38,val,desc,en,fr,sale,"The opposite of ""sale"" is """,propre,277,158,17.875,19.0,1.125
gemma-2-2b,38,val,val,en,fr,sale,"The opposite of ""sale"" is """,propre,277,272,17.875,18.125,0.25
gemma-2-2b,38,val,freq,en,fr,sale,"The opposite of ""sale"" is """,propre,277,99,17.875,18.75,0.875
gemma-2-2b,38,freq,desc,en,fr,sale,"The opposite of ""sale"" is """,propre,277,271,17.875,17.875,0.0
gemma-2-2b,38,freq,val,en,fr,sale,"The opposite of ""sale"" is """,propre,277,372,17.875,15.0,-2.875
gemma-2-2b,38,freq,freq,en,fr,sale,"The opposite of ""sale"" is """,propre,277,277,17.875,17.875,0.0
gemma-2-2b,39,desc,desc,en,fr,fermé,"The opposite of ""fermé"" is """,ouvert,0,4,20.375,20.0,-0.375
gemma-2-2b,39,desc,val,en,fr,fermé,"The opposite of ""fermé"" is """,ouvert,0,6,20.375,17.875,-2.5
gemma-2-2b,39,desc,freq,en,fr,fermé,"The opposite of ""fermé"" is """,ouvert,0,15,20.375,17.75,-2.625
gemma-2-2b,39,val,desc,en,fr,fermé,"The opposite of ""fermé"" is """,ouvert,0,4,20.375,20.25,-0.125
gemma-2-2b,39,val,val,en,fr,fermé,"The opposite of ""fermé"" is """,ouvert,0,5,20.375,20.375,0.0
gemma-2-2b,39,val,freq,en,fr,fermé,"The opposite of ""fermé"" is """,ouvert,0,20,20.375,17.0,-3.375
gemma-2-2b,39,freq,desc,en,fr,fermé,"The opposite of ""fermé"" is """,ouvert,0,7,20.375,19.5,-0.875
gemma-2-2b,39,freq,val,en,fr,fermé,"The opposite of ""fermé"" is """,ouvert,0,8,20.375,17.375,-3.0
gemma-2-2b,39,freq,freq,en,fr,fermé,"The opposite of ""fermé"" is """,ouvert,0,7,20.375,19.25,-1.125
gemma-2-2b,40,desc,desc,en,fr,pauvre,"The opposite of ""pauvre"" is """,riche,0,0,20.75,20.75,0.0
gemma-2-2b,40,desc,val,en,fr,pauvre,"The opposite of ""pauvre"" is """,riche,0,0,20.75,19.5,-1.25
gemma-2-2b,40,desc,freq,en,fr,pauvre,"The opposite of ""pauvre"" is """,riche,0,6,20.75,17.875,-2.875
gemma-2-2b,40,val,desc,en,fr,pauvre,"The opposite of ""pauvre"" is """,riche,0,0,20.75,20.875,0.125
gemma-2-2b,40,val,val,en,fr,pauvre,"The opposite of ""pauvre"" is """,riche,0,0,20.75,21.5,0.75
gemma-2-2b,40,val,freq,en,fr,pauvre,"The opposite of ""pauvre"" is """,riche,0,8,20.75,18.125,-2.625
gemma-2-2b,40,freq,desc,en,fr,pauvre,"The opposite of ""pauvre"" is """,riche,0,0,20.75,21.375,0.625
gemma-2-2b,40,freq,val,en,fr,pauvre,"The opposite of ""pauvre"" is """,riche,0,0,20.75,19.125,-1.625
gemma-2-2b,40,freq,freq,en,fr,pauvre,"The opposite of ""pauvre"" is """,riche,0,0,20.75,20.875,0.125
gemma-2-2b,41,desc,desc,en,fr,laid,"The opposite of ""laid"" is """,joli,774,774,17.625,17.625,0.0
gemma-2-2b,41,desc,val,en,fr,laid,"The opposite of ""laid"" is """,joli,774,1190,17.625,14.0625,-3.5625
gemma-2-2b,41,desc,freq,en,fr,laid,"The opposite of ""laid"" is """,joli,774,2544,17.625,14.6875,-2.9375
gemma-2-2b,41,val,desc,en,fr,laid,"The opposite of ""laid"" is """,joli,774,719,17.625,17.75,0.125
gemma-2-2b,41,val,val,en,fr,laid,"The opposite of ""laid"" is """,joli,774,764,17.625,17.5,-0.125
gemma-2-2b,41,val,freq,en,fr,laid,"The opposite of ""laid"" is """,joli,774,2096,17.625,14.9375,-2.6875
gemma-2-2b,41,freq,desc,en,fr,laid,"The opposite of ""laid"" is """,joli,774,703,17.625,17.75,0.125
gemma-2-2b,41,freq,val,en,fr,laid,"The opposite of ""laid"" is """,joli,774,880,17.625,14.5,-3.125
gemma-2-2b,41,freq,freq,en,fr,laid,"The opposite of ""laid"" is """,joli,774,774,17.625,17.625,0.0
gemma-2-2b,42,desc,desc,en,fr,court,"The opposite of ""court"" is """,long,1143,1143,17.125,17.125,0.0
gemma-2-2b,42,desc,val,en,fr,court,"The opposite of ""court"" is """,long,1143,1087,17.125,14.6875,-2.4375
gemma-2-2b,42,desc,freq,en,fr,court,"The opposite of ""court"" is """,long,1143,633,17.125,17.375,0.25
gemma-2-2b,42,val,desc,en,fr,court,"The opposite of ""court"" is """,long,1143,547,17.125,18.375,1.25
gemma-2-2b,42,val,val,en,fr,court,"The opposite of ""court"" is """,long,1143,1198,17.125,17.0,-0.125
gemma-2-2b,42,val,freq,en,fr,court,"The opposite of ""court"" is """,long,1143,414,17.125,17.75,0.625
gemma-2-2b,42,freq,desc,en,fr,court,"The opposite of ""court"" is """,long,1143,1071,17.125,17.375,0.25
gemma-2-2b,42,freq,val,en,fr,court,"The opposite of ""court"" is """,long,1143,1462,17.125,13.9375,-3.1875
gemma-2-2b,42,freq,freq,en,fr,court,"The opposite of ""court"" is """,long,1143,1143,17.125,17.125,0.0
gemma-2-2b,43,desc,desc,en,fr,étroit,"The opposite of ""étroit"" is """,large,0,3,21.125,21.0,-0.125
gemma-2-2b,43,desc,val,en,fr,étroit,"The opposite of ""étroit"" is """,large,0,2,21.125,19.5,-1.625
gemma-2-2b,43,desc,freq,en,fr,étroit,"The opposite of ""étroit"" is """,large,0,6,21.125,20.125,-1.0
gemma-2-2b,43,val,desc,en,fr,étroit,"The opposite of ""étroit"" is """,large,0,4,21.125,20.875,-0.25
gemma-2-2b,43,val,val,en,fr,étroit,"The opposite of ""étroit"" is """,large,0,5,21.125,21.25,0.125
gemma-2-2b,43,val,freq,en,fr,étroit,"The opposite of ""étroit"" is """,large,0,8,21.125,19.75,-1.375
gemma-2-2b,43,freq,desc,en,fr,étroit,"The opposite of ""étroit"" is """,large,0,4,21.125,21.125,0.0
gemma-2-2b,43,freq,val,en,fr,étroit,"The opposite of ""étroit"" is """,large,0,7,21.125,19.125,-2.0
gemma-2-2b,43,freq,freq,en,fr,étroit,"The opposite of ""étroit"" is """,large,0,5,21.125,21.0,-0.125
gemma-2-2b,44,desc,desc,en,fr,mou,"The opposite of ""mou"" is """,dur,3732,3800,15.9375,16.375,0.4375
gemma-2-2b,44,desc,val,en,fr,mou,"The opposite of ""mou"" is """,dur,3732,2890,15.9375,14.125,-1.8125
gemma-2-2b,44,desc,freq,en,fr,mou,"The opposite of ""mou"" is """,dur,3732,7654,15.9375,13.4375,-2.5
gemma-2-2b,44,val,desc,en,fr,mou,"The opposite of ""mou"" is """,dur,3732,1970,15.9375,17.0,1.0625
gemma-2-2b,44,val,val,en,fr,mou,"The opposite of ""mou"" is """,dur,3732,3684,15.9375,16.25,0.3125
gemma-2-2b,44,val,freq,en,fr,mou,"The opposite of ""mou"" is """,dur,3732,6027,15.9375,13.625,-2.3125
gemma-2-2b,44,freq,desc,en,fr,mou,"The opposite of ""mou"" is """,dur,3732,4377,15.9375,16.25,0.3125
gemma-2-2b,44,freq,val,en,fr,mou,"The opposite of ""mou"" is """,dur,3732,4421,15.9375,13.25,-2.6875
gemma-2-2b,44,freq,freq,en,fr,mou,"The opposite of ""mou"" is """,dur,3732,4215,15.9375,16.125,0.1875
gemma-2-2b,45,desc,desc,en,fr,humide,"The opposite of ""humide"" is """,sec,7,11,22.125,22.0,-0.125
gemma-2-2b,45,desc,val,en,fr,humide,"The opposite of ""humide"" is """,sec,7,5,22.125,21.125,-1.0
gemma-2-2b,45,desc,freq,en,fr,humide,"The opposite of ""humide"" is """,sec,7,1,22.125,23.5,1.375
gemma-2-2b,45,val,desc,en,fr,humide,"The opposite of ""humide"" is """,sec,7,3,22.125,23.125,1.0
gemma-2-2b,45,val,val,en,fr,humide,"The opposite of ""humide"" is """,sec,7,11,22.125,22.125,0.0
gemma-2-2b,45,val,freq,en,fr,humide,"The opposite of ""humide"" is """,sec,7,2,22.125,22.625,0.5
gemma-2-2b,45,freq,desc,en,fr,humide,"The opposite of ""humide"" is """,sec,7,10,22.125,22.25,0.125
gemma-2-2b,45,freq,val,en,fr,humide,"The opposite of ""humide"" is """,sec,7,12,22.125,20.125,-2.0
gemma-2-2b,45,freq,freq,en,fr,humide,"The opposite of ""humide"" is """,sec,7,11,22.125,22.0,-0.125
gemma-2-2b,46,desc,desc,en,fr,silencieux,"The opposite of ""silencieux"" is """,bruyant,3,6,18.125,18.75,0.625
gemma-2-2b,46,desc,val,en,fr,silencieux,"The opposite of ""silencieux"" is """,bruyant,3,6,18.125,17.0,-1.125
gemma-2-2b,46,desc,freq,en,fr,silencieux,"The opposite of ""silencieux"" is """,bruyant,3,12,18.125,18.5,0.375
gemma-2-2b,46,val,desc,en,fr,silencieux,"The opposite of ""silencieux"" is """,bruyant,3,1,18.125,19.75,1.625
gemma-2-2b,46,val,val,en,fr,silencieux,"The opposite of ""silencieux"" is """,bruyant,3,15,18.125,18.625,0.5
gemma-2-2b,46,val,freq,en,fr,silencieux,"The opposite of ""silencieux"" is """,bruyant,3,8,18.125,18.875,0.75
gemma-2-2b,46,freq,desc,en,fr,silencieux,"The opposite of ""silencieux"" is """,bruyant,3,33,18.125,17.875,-0.25
gemma-2-2b,46,freq,val,en,fr,silencieux,"The opposite of ""silencieux"" is """,bruyant,3,25,18.125,15.8125,-2.3125
gemma-2-2b,46,freq,freq,en,fr,silencieux,"The opposite of ""silencieux"" is """,bruyant,3,32,18.125,17.875,-0.25
gemma-2-2b,47,desc,desc,en,fr,tard,"The opposite of ""tard"" is """,tôt,2,2,21.875,21.875,0.0
gemma-2-2b,47,desc,val,en,fr,tard,"The opposite of ""tard"" is """,tôt,2,1,21.875,20.375,-1.5
gemma-2-2b,47,desc,freq,en,fr,tard,"The opposite of ""tard"" is """,tôt,2,2,21.875,22.5,0.625
gemma-2-2b,47,val,desc,en,fr,tard,"The opposite of ""tard"" is """,tôt,2,1,21.875,22.5,0.625
gemma-2-2b,47,val,val,en,fr,tard,"The opposite of ""tard"" is """,tôt,2,2,21.875,22.0,0.125
gemma-2-2b,47,val,freq,en,fr,tard,"The opposite of ""tard"" is """,tôt,2,2,21.875,22.75,0.875
gemma-2-2b,47,freq,desc,en,fr,tard,"The opposite of ""tard"" is """,tôt,2,2,21.875,21.875,0.0
gemma-2-2b,47,freq,val,en,fr,tard,"The opposite of ""tard"" is """,tôt,2,2,21.875,20.25,-1.625
gemma-2-2b,47,freq,freq,en,fr,tard,"The opposite of ""tard"" is """,tôt,2,2,21.875,21.875,0.0
gemma-2-2b,48,desc,desc,en,fr,loin,"The opposite of ""loin"" is """,proche,440,421,17.0,17.125,0.125
gemma-2-2b,48,desc,val,en,fr,loin,"The opposite of ""loin"" is """,proche,440,491,17.0,14.875,-2.125
gemma-2-2b,48,desc,freq,en,fr,loin,"The opposite of ""loin"" is """,proche,440,939,17.0,15.9375,-1.0625
gemma-2-2b,48,val,desc,en,fr,loin,"The opposite of ""loin"" is """,proche,440,288,17.0,18.375,1.375
gemma-2-2b,48,val,val,en,fr,loin,"The opposite of ""loin"" is """,proche,440,424,17.0,17.5,0.5
gemma-2-2b,48,val,freq,en,fr,loin,"The opposite of ""loin"" is """,proche,440,615,17.0,16.5,-0.5
gemma-2-2b,48,freq,desc,en,fr,loin,"The opposite of ""loin"" is """,proche,440,398,17.0,17.375,0.375
gemma-2-2b,48,freq,val,en,fr,loin,"The opposite of ""loin"" is """,proche,440,562,17.0,14.3125,-2.6875
gemma-2-2b,48,freq,freq,en,fr,loin,"The opposite of ""loin"" is """,proche,440,421,17.0,17.125,0.125
gemma-2-2b,49,desc,desc,en,fr,peu profond,"The opposite of ""peu profond"" is """,profond,0,0,22.875,24.5,1.625
gemma-2-2b,49,desc,val,en,fr,peu profond,"The opposite of ""peu profond"" is """,profond,0,0,22.875,23.875,1.0
gemma-2-2b,49,desc,freq,en,fr,peu profond,"The opposite of ""peu profond"" is """,profond,0,0,22.875,24.375,1.5
gemma-2-2b,49,val,desc,en,fr,peu profond,"The opposite of ""peu profond"" is """,profond,0,0,22.875,24.0,1.125
gemma-2-2b,49,val,val,en,fr,peu profond,"The opposite of ""peu profond"" is """,profond,0,0,22.875,25.0,2.125
gemma-2-2b,49,val,freq,en,fr,peu profond,"The opposite of ""peu profond"" is """,profond,0,0,22.875,23.875,1.0
gemma-2-2b,49,freq,desc,en,fr,peu profond,"The opposite of ""peu profond"" is """,profond,0,0,22.875,24.125,1.25
gemma-2-2b,49,freq,val,en,fr,peu profond,"The opposite of ""peu profond"" is """,profond,0,0,22.875,23.25,0.375
gemma-2-2b,49,freq,freq,en,fr,peu profond,"The opposite of ""peu profond"" is """,profond,0,0,22.875,24.125,1.25
gemma-2-2b,50,desc,desc,en,fr,jeune,"The opposite of ""jeune"" is """,vieux,0,2,22.625,21.625,-1.0
gemma-2-2b,50,desc,val,en,fr,jeune,"The opposite of ""jeune"" is """,vieux,0,2,22.625,20.125,-2.5
gemma-2-2b,50,desc,freq,en,fr,jeune,"The opposite of ""jeune"" is """,vieux,0,2,22.625,20.75,-1.875
gemma-2-2b,50,val,desc,en,fr,jeune,"The opposite of ""jeune"" is """,vieux,0,2,22.625,21.375,-1.25
gemma-2-2b,50,val,val,en,fr,jeune,"The opposite of ""jeune"" is """,vieux,0,2,22.625,21.625,-1.0
gemma-2-2b,50,val,freq,en,fr,jeune,"The opposite of ""jeune"" is """,vieux,0,4,22.625,20.125,-2.5
gemma-2-2b,50,freq,desc,en,fr,jeune,"The opposite of ""jeune"" is """,vieux,0,2,22.625,21.25,-1.375
gemma-2-2b,50,freq,val,en,fr,jeune,"The opposite of ""jeune"" is """,vieux,0,2,22.625,19.75,-2.875
gemma-2-2b,50,freq,freq,en,fr,jeune,"The opposite of ""jeune"" is """,vieux,0,2,22.625,21.375,-1.25
gemma-2-2b,51,desc,desc,en,fr,gentil,"The opposite of ""gentil"" is """,méchant,19,133,19.75,18.0,-1.75
gemma-2-2b,51,desc,val,en,fr,gentil,"The opposite of ""gentil"" is """,méchant,19,243,19.75,15.0,-4.75
gemma-2-2b,51,desc,freq,en,fr,gentil,"The opposite of ""gentil"" is """,méchant,19,270,19.75,16.375,-3.375
gemma-2-2b,51,val,desc,en,fr,gentil,"The opposite of ""gentil"" is """,méchant,19,101,19.75,18.25,-1.5
gemma-2-2b,51,val,val,en,fr,gentil,"The opposite of ""gentil"" is """,méchant,19,201,19.75,17.875,-1.875
gemma-2-2b,51,val,freq,en,fr,gentil,"The opposite of ""gentil"" is """,méchant,19,164,19.75,17.0,-2.75
gemma-2-2b,51,freq,desc,en,fr,gentil,"The opposite of ""gentil"" is """,méchant,19,204,19.75,17.75,-2.0
gemma-2-2b,51,freq,val,en,fr,gentil,"The opposite of ""gentil"" is """,méchant,19,178,19.75,15.375,-4.375
gemma-2-2b,51,freq,freq,en,fr,gentil,"The opposite of ""gentil"" is """,méchant,19,159,19.75,17.875,-1.875
gemma-2-2b,52,desc,desc,en,fr,courageux,"The opposite of ""courageux"" is """,lâche,26,37,17.5,17.875,0.375
gemma-2-2b,52,desc,val,en,fr,courageux,"The opposite of ""courageux"" is """,lâche,26,37,17.5,15.5625,-1.9375
gemma-2-2b,52,desc,freq,en,fr,courageux,"The opposite of ""courageux"" is """,lâche,26,20,17.5,18.0,0.5
gemma-2-2b,52,val,desc,en,fr,courageux,"The opposite of ""courageux"" is """,lâche,26,32,17.5,18.0,0.5
gemma-2-2b,52,val,val,en,fr,courageux,"The opposite of ""courageux"" is """,lâche,26,40,17.5,18.125,0.625
gemma-2-2b,52,val,freq,en,fr,courageux,"The opposite of ""courageux"" is """,lâche,26,20,17.5,18.25,0.75
gemma-2-2b,52,freq,desc,en,fr,courageux,"The opposite of ""courageux"" is """,lâche,26,37,17.5,18.625,1.125
gemma-2-2b,52,freq,val,en,fr,courageux,"The opposite of ""courageux"" is """,lâche,26,37,17.5,15.6875,-1.8125
gemma-2-2b,52,freq,freq,en,fr,courageux,"The opposite of ""courageux"" is """,lâche,26,37,17.5,18.375,0.875
gemma-2-2b,53,desc,desc,en,fr,sage,"The opposite of ""sage"" is """,insensé,46,46,17.875,17.875,0.0
gemma-2-2b,53,desc,val,en,fr,sage,"The opposite of ""sage"" is """,insensé,46,38,17.875,16.5,-1.375
gemma-2-2b,53,desc,freq,en,fr,sage,"The opposite of ""sage"" is """,insensé,46,81,17.875,17.75,-0.125
gemma-2-2b,53,val,desc,en,fr,sage,"The opposite of ""sage"" is """,insensé,46,91,17.875,17.875,0.0
gemma-2-2b,53,val,val,en,fr,sage,"The opposite of ""sage"" is """,insensé,46,43,17.875,18.5,0.625
gemma-2-2b,53,val,freq,en,fr,sage,"The opposite of ""sage"" is """,insensé,46,194,17.875,16.75,-1.125
gemma-2-2b,53,freq,desc,en,fr,sage,"The opposite of ""sage"" is """,insensé,46,34,17.875,17.875,0.0
gemma-2-2b,53,freq,val,en,fr,sage,"The opposite of ""sage"" is """,insensé,46,48,17.875,16.0,-1.875
gemma-2-2b,53,freq,freq,en,fr,sage,"The opposite of ""sage"" is """,insensé,46,46,17.875,17.875,0.0
gemma-2-2b,54,desc,desc,en,fr,poli,"The opposite of ""poli"" is """,impoli,33,30,21.5,21.625,0.125
gemma-2-2b,54,desc,val,en,fr,poli,"The opposite of ""poli"" is """,impoli,33,28,21.5,20.0,-1.5
gemma-2-2b,54,desc,freq,en,fr,poli,"The opposite of ""poli"" is """,impoli,33,22,21.5,21.5,0.0
gemma-2-2b,54,val,desc,en,fr,poli,"The opposite of ""poli"" is """,impoli,33,15,21.5,22.625,1.125
gemma-2-2b,54,val,val,en,fr,poli,"The opposite of ""poli"" is """,impoli,33,36,21.5,21.75,0.25
gemma-2-2b,54,val,freq,en,fr,poli,"The opposite of ""poli"" is """,impoli,33,14,21.5,21.75,0.25
gemma-2-2b,54,freq,desc,en,fr,poli,"The opposite of ""poli"" is """,impoli,33,32,21.5,21.625,0.125
gemma-2-2b,54,freq,val,en,fr,poli,"The opposite of ""poli"" is """,impoli,33,33,21.5,19.75,-1.75
gemma-2-2b,54,freq,freq,en,fr,poli,"The opposite of ""poli"" is """,impoli,33,30,21.5,21.625,0.125
gemma-2-2b,55,desc,desc,en,fr,patient,"The opposite of ""patient"" is """,impatient,0,0,24.5,24.5,0.0
gemma-2-2b,55,desc,val,en,fr,patient,"The opposite of ""patient"" is """,impatient,0,0,24.5,23.125,-1.375
gemma-2-2b,55,desc,freq,en,fr,patient,"The opposite of ""patient"" is """,impatient,0,0,24.5,24.125,-0.375
gemma-2-2b,55,val,desc,en,fr,patient,"The opposite of ""patient"" is """,impatient,0,0,24.5,24.5,0.0
gemma-2-2b,55,val,val,en,fr,patient,"The opposite of ""patient"" is """,impatient,0,0,24.5,24.125,-0.375
gemma-2-2b,55,val,freq,en,fr,patient,"The opposite of ""patient"" is """,impatient,0,0,24.5,23.875,-0.625
gemma-2-2b,55,freq,desc,en,fr,patient,"The opposite of ""patient"" is """,impatient,0,0,24.5,24.375,-0.125
gemma-2-2b,55,freq,val,en,fr,patient,"The opposite of ""patient"" is """,impatient,0,0,24.5,22.875,-1.625
gemma-2-2b,55,freq,freq,en,fr,patient,"The opposite of ""patient"" is """,impatient,0,0,24.5,24.5,0.0
gemma-2-2b,56,desc,desc,en,fr,honnête,"The opposite of ""honnête"" is """,malhonnête,3,2,21.5,22.5,1.0
gemma-2-2b,56,desc,val,en,fr,honnête,"The opposite of ""honnête"" is """,malhonnête,3,2,21.5,21.375,-0.125
gemma-2-2b,56,desc,freq,en,fr,honnête,"The opposite of ""honnête"" is """,malhonnête,3,2,21.5,21.375,-0.125
gemma-2-2b,56,val,desc,en,fr,honnête,"The opposite of ""honnête"" is """,malhonnête,3,3,21.5,22.25,0.75
gemma-2-2b,56,val,val,en,fr,honnête,"The opposite of ""honnête"" is """,malhonnête,3,2,21.5,22.75,1.25
gemma-2-2b,56,val,freq,en,fr,honnête,"The opposite of ""honnête"" is """,malhonnête,3,7,21.5,20.875,-0.625
gemma-2-2b,56,freq,desc,en,fr,honnête,"The opposite of ""honnête"" is """,malhonnête,3,3,21.5,22.625,1.125
gemma-2-2b,56,freq,val,en,fr,honnête,"The opposite of ""honnête"" is """,malhonnête,3,3,21.5,20.75,-0.75
gemma-2-2b,56,freq,freq,en,fr,honnête,"The opposite of ""honnête"" is """,malhonnête,3,4,21.5,22.375,0.875
gemma-2-2b,57,desc,desc,en,fr,sûr,"The opposite of ""sûr"" is """,dangereux,30,49,20.125,20.125,0.0
gemma-2-2b,57,desc,val,en,fr,sûr,"The opposite of ""sûr"" is """,dangereux,30,36,20.125,18.75,-1.375
gemma-2-2b,57,desc,freq,en,fr,sûr,"The opposite of ""sûr"" is """,dangereux,30,29,20.125,20.25,0.125
gemma-2-2b,57,val,desc,en,fr,sûr,"The opposite of ""sûr"" is """,dangereux,30,27,20.125,21.0,0.875
gemma-2-2b,57,val,val,en,fr,sûr,"The opposite of ""sûr"" is """,dangereux,30,45,20.125,20.625,0.5
gemma-2-2b,57,val,freq,en,fr,sûr,"The opposite of ""sûr"" is """,dangereux,30,29,20.125,20.625,0.5
gemma-2-2b,57,freq,desc,en,fr,sûr,"The opposite of ""sûr"" is """,dangereux,30,75,20.125,19.875,-0.25
gemma-2-2b,57,freq,val,en,fr,sûr,"The opposite of ""sûr"" is """,dangereux,30,60,20.125,17.875,-2.25
gemma-2-2b,57,freq,freq,en,fr,sûr,"The opposite of ""sûr"" is """,dangereux,30,69,20.125,19.875,-0.25
gemma-2-2b,58,desc,desc,en,fr,actif,"The opposite of ""actif"" is """,passif,0,0,21.5,22.875,1.375
gemma-2-2b,58,desc,val,en,fr,actif,"The opposite of ""actif"" is """,passif,0,0,21.5,21.5,0.0
gemma-2-2b,58,desc,freq,en,fr,actif,"The opposite of ""actif"" is """,passif,0,0,21.5,22.375,0.875
gemma-2-2b,58,val,desc,en,fr,actif,"The opposite of ""actif"" is """,passif,0,1,21.5,22.5,1.0
gemma-2-2b,58,val,val,en,fr,actif,"The opposite of ""actif"" is """,passif,0,0,21.5,23.5,2.0
gemma-2-2b,58,val,freq,en,fr,actif,"The opposite of ""actif"" is """,passif,0,1,21.5,21.375,-0.125
gemma-2-2b,58,freq,desc,en,fr,actif,"The opposite of ""actif"" is """,passif,0,0,21.5,23.0,1.5
gemma-2-2b,58,freq,val,en,fr,actif,"The opposite of ""actif"" is """,passif,0,1,21.5,21.375,-0.125
gemma-2-2b,58,freq,freq,en,fr,actif,"The opposite of ""actif"" is """,passif,0,1,21.5,22.75,1.25
gemma-2-2b,59,desc,desc,en,fr,droit,"The opposite of ""droit"" is """,courbe,199,395,17.75,17.0,-0.75
gemma-2-2b,59,desc,val,en,fr,droit,"The opposite of ""droit"" is """,courbe,199,498,17.75,13.875,-3.875
gemma-2-2b,59,desc,freq,en,fr,droit,"The opposite of ""droit"" is """,courbe,199,389,17.75,14.875,-2.875
gemma-2-2b,59,val,desc,en,fr,droit,"The opposite of ""droit"" is """,courbe,199,464,17.75,16.875,-0.875
gemma-2-2b,59,val,val,en,fr,droit,"The opposite of ""droit"" is """,courbe,199,408,17.75,17.5,-0.25
gemma-2-2b,59,val,freq,en,fr,droit,"The opposite of ""droit"" is """,courbe,199,282,17.75,15.125,-2.625
gemma-2-2b,59,freq,desc,en,fr,droit,"The opposite of ""droit"" is """,courbe,199,385,17.75,17.125,-0.625
gemma-2-2b,59,freq,val,en,fr,droit,"The opposite of ""droit"" is """,courbe,199,408,17.75,14.25,-3.5
gemma-2-2b,59,freq,freq,en,fr,droit,"The opposite of ""droit"" is """,courbe,199,399,17.75,17.25,-0.5
gemma-2-2b,60,desc,desc,en,fr,entier,"The opposite of ""entier"" is """,partiel,13,24,18.875,19.0,0.125
gemma-2-2b,60,desc,val,en,fr,entier,"The opposite of ""entier"" is """,partiel,13,29,18.875,17.0,-1.875
gemma-2-2b,60,desc,freq,en,fr,entier,"The opposite of ""entier"" is """,partiel,13,61,18.875,17.375,-1.5
gemma-2-2b,60,val,desc,en,fr,entier,"The opposite of ""entier"" is """,partiel,13,30,18.875,18.75,-0.125
gemma-2-2b,60,val,val,en,fr,entier,"The opposite of ""entier"" is """,partiel,13,37,18.875,19.0,0.125
gemma-2-2b,60,val,freq,en,fr,entier,"The opposite of ""entier"" is """,partiel,13,75,18.875,16.75,-2.125
gemma-2-2b,60,freq,desc,en,fr,entier,"The opposite of ""entier"" is """,partiel,13,29,18.875,19.25,0.375
gemma-2-2b,60,freq,val,en,fr,entier,"The opposite of ""entier"" is """,partiel,13,22,18.875,17.25,-1.625
gemma-2-2b,60,freq,freq,en,fr,entier,"The opposite of ""entier"" is """,partiel,13,28,18.875,19.125,0.25
gemma-2-2b,61,desc,desc,en,fr,calme,"The opposite of ""calme"" is """,agité,0,0,22.625,23.25,0.625
gemma-2-2b,61,desc,val,en,fr,calme,"The opposite of ""calme"" is """,agité,0,0,22.625,21.625,-1.0
gemma-2-2b,61,desc,freq,en,fr,calme,"The opposite of ""calme"" is """,agité,0,1,22.625,22.375,-0.25
gemma-2-2b,61,val,desc,en,fr,calme,"The opposite of ""calme"" is """,agité,0,0,22.625,23.25,0.625
gemma-2-2b,61,val,val,en,fr,calme,"The opposite of ""calme"" is """,agité,0,0,22.625,23.5,0.875
gemma-2-2b,61,val,freq,en,fr,calme,"The opposite of ""calme"" is """,agité,0,0,22.625,22.5,-0.125
gemma-2-2b,61,freq,desc,en,fr,calme,"The opposite of ""calme"" is """,agité,0,0,22.625,23.125,0.5
gemma-2-2b,61,freq,val,en,fr,calme,"The opposite of ""calme"" is """,agité,0,0,22.625,21.375,-1.25
gemma-2-2b,61,freq,freq,en,fr,calme,"The opposite of ""calme"" is """,agité,0,0,22.625,23.125,0.5
gemma-2-2b,62,desc,desc,en,fr,correct,"The opposite of ""correct"" is """,incorrect,0,0,26.625,26.625,0.0
gemma-2-2b,62,desc,val,en,fr,correct,"The opposite of ""correct"" is """,incorrect,0,0,26.625,26.0,-0.625
gemma-2-2b,62,desc,freq,en,fr,correct,"The opposite of ""correct"" is """,incorrect,0,0,26.625,26.0,-0.625
gemma-2-2b,62,val,desc,en,fr,correct,"The opposite of ""correct"" is """,incorrect,0,0,26.625,26.75,0.125
gemma-2-2b,62,val,val,en,fr,correct,"The opposite of ""correct"" is """,incorrect,0,0,26.625,26.875,0.25
gemma-2-2b,62,val,freq,en,fr,correct,"The opposite of ""correct"" is """,incorrect,0,0,26.625,26.0,-0.625
gemma-2-2b,62,freq,desc,en,fr,correct,"The opposite of ""correct"" is """,incorrect,0,0,26.625,26.25,-0.375
gemma-2-2b,62,freq,val,en,fr,correct,"The opposite of ""correct"" is """,incorrect,0,0,26.625,26.0,-0.625
gemma-2-2b,62,freq,freq,en,fr,correct,"The opposite of ""correct"" is """,incorrect,0,0,26.625,26.625,0.0
gemma-2-2b,63,desc,desc,en,fr,complexe,"The opposite of ""complexe"" is """,simple,0,0,25.125,25.375,0.25
gemma-2-2b,63,desc,val,en,fr,complexe,"The opposite of ""complexe"" is """,simple,0,0,25.125,24.75,-0.375
gemma-2-2b,63,desc,freq,en,fr,complexe,"The opposite of ""complexe"" is """,simple,0,0,25.125,24.625,-0.5
gemma-2-2b,63,val,desc,en,fr,complexe,"The opposite of ""complexe"" is """,simple,0,0,25.125,25.0,-0.125
gemma-2-2b,63,val,val,en,fr,complexe,"The opposite of ""complexe"" is """,simple,0,0,25.125,25.5,0.375
gemma-2-2b,63,val,freq,en,fr,complexe,"The opposite of ""complexe"" is """,simple,0,0,25.125,23.875,-1.25
gemma-2-2b,63,freq,desc,en,fr,complexe,"The opposite of ""complexe"" is """,simple,0,0,25.125,25.375,0.25
gemma-2-2b,63,freq,val,en,fr,complexe,"The opposite of ""complexe"" is """,simple,0,0,25.125,24.25,-0.875
gemma-2-2b,63,freq,freq,en,fr,complexe,"The opposite of ""complexe"" is """,simple,0,0,25.125,25.375,0.25
gemma-2-2b,64,desc,desc,en,fr,efficace,"The opposite of ""efficace"" is """,inefficace,0,0,24.5,25.5,1.0
gemma-2-2b,64,desc,val,en,fr,efficace,"The opposite of ""efficace"" is """,inefficace,0,0,24.5,24.625,0.125
gemma-2-2b,64,desc,freq,en,fr,efficace,"The opposite of ""efficace"" is """,inefficace,0,0,24.5,24.5,0.0
gemma-2-2b,64,val,desc,en,fr,efficace,"The opposite of ""efficace"" is """,inefficace,0,0,24.5,25.5,1.0
gemma-2-2b,64,val,val,en,fr,efficace,"The opposite of ""efficace"" is """,inefficace,0,0,24.5,25.875,1.375
gemma-2-2b,64,val,freq,en,fr,efficace,"The opposite of ""efficace"" is """,inefficace,0,0,24.5,24.625,0.125
gemma-2-2b,64,freq,desc,en,fr,efficace,"The opposite of ""efficace"" is """,inefficace,0,0,24.5,25.625,1.125
gemma-2-2b,64,freq,val,en,fr,efficace,"The opposite of ""efficace"" is """,inefficace,0,0,24.5,24.75,0.25
gemma-2-2b,64,freq,freq,en,fr,efficace,"The opposite of ""efficace"" is """,inefficace,0,0,24.5,25.625,1.125
gemma-2-2b,65,desc,desc,en,fr,célèbre,"The opposite of ""célèbre"" is """,obscur,15,9,19.875,20.875,1.0
gemma-2-2b,65,desc,val,en,fr,célèbre,"The opposite of ""célèbre"" is """,obscur,15,8,19.875,19.625,-0.25
gemma-2-2b,65,desc,freq,en,fr,célèbre,"The opposite of ""célèbre"" is """,obscur,15,16,19.875,20.125,0.25
gemma-2-2b,65,val,desc,en,fr,célèbre,"The opposite of ""célèbre"" is """,obscur,15,18,19.875,20.5,0.625
gemma-2-2b,65,val,val,en,fr,célèbre,"The opposite of ""célèbre"" is """,obscur,15,11,19.875,21.375,1.5
gemma-2-2b,65,val,freq,en,fr,célèbre,"The opposite of ""célèbre"" is """,obscur,15,27,19.875,19.75,-0.125
gemma-2-2b,65,freq,desc,en,fr,célèbre,"The opposite of ""célèbre"" is """,obscur,15,19,19.875,20.75,0.875
gemma-2-2b,65,freq,val,en,fr,célèbre,"The opposite of ""célèbre"" is """,obscur,15,15,19.875,18.875,-1.0
gemma-2-2b,65,freq,freq,en,fr,célèbre,"The opposite of ""célèbre"" is """,obscur,15,16,19.875,20.75,0.875
gemma-2-2b,66,desc,desc,en,fr,généreux,"The opposite of ""généreux"" is """,mesquin,207,135,15.375,17.0,1.625
gemma-2-2b,66,desc,val,en,fr,généreux,"The opposite of ""généreux"" is """,mesquin,207,142,15.375,15.0,-0.375
gemma-2-2b,66,desc,freq,en,fr,généreux,"The opposite of ""généreux"" is """,mesquin,207,44,15.375,18.0,2.625
gemma-2-2b,66,val,desc,en,fr,généreux,"The opposite of ""généreux"" is """,mesquin,207,101,15.375,17.5,2.125
gemma-2-2b,66,val,val,en,fr,généreux,"The opposite of ""généreux"" is """,mesquin,207,105,15.375,17.875,2.5
gemma-2-2b,66,val,freq,en,fr,généreux,"The opposite of ""généreux"" is """,mesquin,207,35,15.375,18.125,2.75
gemma-2-2b,66,freq,desc,en,fr,généreux,"The opposite of ""généreux"" is """,mesquin,207,75,15.375,18.375,3.0
gemma-2-2b,66,freq,val,en,fr,généreux,"The opposite of ""généreux"" is """,mesquin,207,81,15.375,16.0,0.625
gemma-2-2b,66,freq,freq,en,fr,généreux,"The opposite of ""généreux"" is """,mesquin,207,68,15.375,18.25,2.875
gemma-2-2b,67,desc,desc,en,fr,content,"The opposite of ""content"" is """,insatisfait,314,314,17.5,17.5,0.0
gemma-2-2b,67,desc,val,en,fr,content,"The opposite of ""content"" is """,insatisfait,314,308,17.5,15.375,-2.125
gemma-2-2b,67,desc,freq,en,fr,content,"The opposite of ""content"" is """,insatisfait,314,316,17.5,17.0,-0.5
gemma-2-2b,67,val,desc,en,fr,content,"The opposite of ""content"" is """,insatisfait,314,337,17.5,17.75,0.25
gemma-2-2b,67,val,val,en,fr,content,"The opposite of ""content"" is """,insatisfait,314,320,17.5,17.75,0.25
gemma-2-2b,67,val,freq,en,fr,content,"The opposite of ""content"" is """,insatisfait,314,426,17.5,16.875,-0.625
gemma-2-2b,67,freq,desc,en,fr,content,"The opposite of ""content"" is """,insatisfait,314,332,17.5,17.375,-0.125
gemma-2-2b,67,freq,val,en,fr,content,"The opposite of ""content"" is """,insatisfait,314,375,17.5,15.125,-2.375
gemma-2-2b,67,freq,freq,en,fr,content,"The opposite of ""content"" is """,insatisfait,314,314,17.5,17.5,0.0
gemma-2-2b,68,desc,desc,en,fr,sain,"The opposite of ""sain"" is """,malsain,621,642,18.0,18.125,0.125
gemma-2-2b,68,desc,val,en,fr,sain,"The opposite of ""sain"" is """,malsain,621,532,18.0,16.125,-1.875
gemma-2-2b,68,desc,freq,en,fr,sain,"The opposite of ""sain"" is """,malsain,621,930,18.0,16.875,-1.125
gemma-2-2b,68,val,desc,en,fr,sain,"The opposite of ""sain"" is """,malsain,621,712,18.0,17.75,-0.25
gemma-2-2b,68,val,val,en,fr,sain,"The opposite of ""sain"" is """,malsain,621,710,18.0,17.875,-0.125
gemma-2-2b,68,val,freq,en,fr,sain,"The opposite of ""sain"" is """,malsain,621,814,18.0,16.75,-1.25
gemma-2-2b,68,freq,desc,en,fr,sain,"The opposite of ""sain"" is """,malsain,621,1111,18.0,17.5,-0.5
gemma-2-2b,68,freq,val,en,fr,sain,"The opposite of ""sain"" is """,malsain,621,541,18.0,15.8125,-2.1875
gemma-2-2b,68,freq,freq,en,fr,sain,"The opposite of ""sain"" is """,malsain,621,748,18.0,17.875,-0.125
gemma-2-2b,69,desc,desc,en,fr,haut,"The opposite of ""haut"" is """,bas,0,1,22.375,21.5,-0.875
gemma-2-2b,69,desc,val,en,fr,haut,"The opposite of ""haut"" is """,bas,0,0,22.375,21.125,-1.25
gemma-2-2b,69,desc,freq,en,fr,haut,"The opposite of ""haut"" is """,bas,0,0,22.375,23.375,1.0
gemma-2-2b,69,val,desc,en,fr,haut,"The opposite of ""haut"" is """,bas,0,0,22.375,21.875,-0.5
gemma-2-2b,69,val,val,en,fr,haut,"The opposite of ""haut"" is """,bas,0,1,22.375,22.0,-0.375
gemma-2-2b,69,val,freq,en,fr,haut,"The opposite of ""haut"" is """,bas,0,0,22.375,22.375,0.0
gemma-2-2b,69,freq,desc,en,fr,haut,"The opposite of ""haut"" is """,bas,0,1,22.375,21.25,-1.125
gemma-2-2b,69,freq,val,en,fr,haut,"The opposite of ""haut"" is """,bas,0,1,22.375,19.25,-3.125
gemma-2-2b,69,freq,freq,en,fr,haut,"The opposite of ""haut"" is """,bas,0,1,22.375,21.375,-1.0
gemma-2-2b,70,desc,desc,en,fr,important,"The opposite of ""important"" is """,insignifiant,2,2,23.125,23.125,0.0
gemma-2-2b,70,desc,val,en,fr,important,"The opposite of ""important"" is """,insignifiant,2,4,23.125,21.75,-1.375
gemma-2-2b,70,desc,freq,en,fr,important,"The opposite of ""important"" is """,insignifiant,2,5,23.125,21.875,-1.25
gemma-2-2b,70,val,desc,en,fr,important,"The opposite of ""important"" is """,insignifiant,2,4,23.125,23.5,0.375
gemma-2-2b,70,val,val,en,fr,important,"The opposite of ""important"" is """,insignifiant,2,2,23.125,23.875,0.75
gemma-2-2b,70,val,freq,en,fr,important,"The opposite of ""important"" is """,insignifiant,2,3,23.125,22.75,-0.375
gemma-2-2b,70,freq,desc,en,fr,important,"The opposite of ""important"" is """,insignifiant,2,2,23.125,23.0,-0.125
gemma-2-2b,70,freq,val,en,fr,important,"The opposite of ""important"" is """,insignifiant,2,2,23.125,22.25,-0.875
gemma-2-2b,70,freq,freq,en,fr,important,"The opposite of ""important"" is """,insignifiant,2,2,23.125,23.125,0.0
gemma-2-2b,71,desc,desc,en,fr,innocent,"The opposite of ""innocent"" is """,coupable,1395,1395,12.4375,12.4375,0.0
gemma-2-2b,71,desc,val,en,fr,innocent,"The opposite of ""innocent"" is """,coupable,1395,1144,12.4375,9.9375,-2.5
gemma-2-2b,71,desc,freq,en,fr,innocent,"The opposite of ""innocent"" is """,coupable,1395,485,12.4375,14.25,1.8125
gemma-2-2b,71,val,desc,en,fr,innocent,"The opposite of ""innocent"" is """,coupable,1395,730,12.4375,13.8125,1.375
gemma-2-2b,71,val,val,en,fr,innocent,"The opposite of ""innocent"" is """,coupable,1395,1326,12.4375,12.625,0.1875
gemma-2-2b,71,val,freq,en,fr,innocent,"The opposite of ""innocent"" is """,coupable,1395,387,12.4375,14.3125,1.875
gemma-2-2b,71,freq,desc,en,fr,innocent,"The opposite of ""innocent"" is """,coupable,1395,1150,12.4375,12.9375,0.5
gemma-2-2b,71,freq,val,en,fr,innocent,"The opposite of ""innocent"" is """,coupable,1395,1406,12.4375,9.375,-3.0625
gemma-2-2b,71,freq,freq,en,fr,innocent,"The opposite of ""innocent"" is """,coupable,1395,1395,12.4375,12.4375,0.0
gemma-2-2b,72,desc,desc,en,fr,connu,"The opposite of ""connu"" is """,inconnu,0,0,22.625,22.625,0.0
gemma-2-2b,72,desc,val,en,fr,connu,"The opposite of ""connu"" is """,inconnu,0,0,22.625,22.5,-0.125
gemma-2-2b,72,desc,freq,en,fr,connu,"The opposite of ""connu"" is """,inconnu,0,1,22.625,21.75,-0.875
gemma-2-2b,72,val,desc,en,fr,connu,"The opposite of ""connu"" is """,inconnu,0,0,22.625,23.125,0.5
gemma-2-2b,72,val,val,en,fr,connu,"The opposite of ""connu"" is """,inconnu,0,0,22.625,23.125,0.5
gemma-2-2b,72,val,freq,en,fr,connu,"The opposite of ""connu"" is """,inconnu,0,3,22.625,21.25,-1.375
gemma-2-2b,72,freq,desc,en,fr,connu,"The opposite of ""connu"" is """,inconnu,0,3,22.625,22.0,-0.625
gemma-2-2b,72,freq,val,en,fr,connu,"The opposite of ""connu"" is """,inconnu,0,1,22.625,21.0,-1.625
gemma-2-2b,72,freq,freq,en,fr,connu,"The opposite of ""connu"" is """,inconnu,0,2,22.625,22.25,-0.375
gemma-2-2b,73,desc,desc,en,fr,masculin,"The opposite of ""masculin"" is """,féminin,2,4,18.0,17.0,-1.0
gemma-2-2b,73,desc,val,en,fr,masculin,"The opposite of ""masculin"" is """,féminin,2,5,18.0,15.375,-2.625
gemma-2-2b,73,desc,freq,en,fr,masculin,"The opposite of ""masculin"" is """,féminin,2,17,18.0,15.9375,-2.0625
gemma-2-2b,73,val,desc,en,fr,masculin,"The opposite of ""masculin"" is """,féminin,2,3,18.0,18.875,0.875
gemma-2-2b,73,val,val,en,fr,masculin,"The opposite of ""masculin"" is """,féminin,2,5,18.0,18.5,0.5
gemma-2-2b,73,val,freq,en,fr,masculin,"The opposite of ""masculin"" is """,féminin,2,14,18.0,16.75,-1.25
gemma-2-2b,73,freq,desc,en,fr,masculin,"The opposite of ""masculin"" is """,féminin,2,5,18.0,17.0,-1.0
gemma-2-2b,73,freq,val,en,fr,masculin,"The opposite of ""masculin"" is """,féminin,2,4,18.0,15.25,-2.75
gemma-2-2b,73,freq,freq,en,fr,masculin,"The opposite of ""masculin"" is """,féminin,2,4,18.0,17.0,-1.0
gemma-2-2b,74,desc,desc,en,fr,normal,"The opposite of ""normal"" is """,anormal,7,7,23.125,23.125,0.0
gemma-2-2b,74,desc,val,en,fr,normal,"The opposite of ""normal"" is """,anormal,7,10,23.125,20.375,-2.75
gemma-2-2b,74,desc,freq,en,fr,normal,"The opposite of ""normal"" is """,anormal,7,4,23.125,22.875,-0.25
gemma-2-2b,74,val,desc,en,fr,normal,"The opposite of ""normal"" is """,anormal,7,9,23.125,22.875,-0.25
gemma-2-2b,74,val,val,en,fr,normal,"The opposite of ""normal"" is """,anormal,7,7,23.125,22.75,-0.375
gemma-2-2b,74,val,freq,en,fr,normal,"The opposite of ""normal"" is """,anormal,7,2,23.125,23.125,0.0
gemma-2-2b,74,freq,desc,en,fr,normal,"The opposite of ""normal"" is """,anormal,7,8,23.125,23.0,-0.125
gemma-2-2b,74,freq,val,en,fr,normal,"The opposite of ""normal"" is """,anormal,7,10,23.125,20.5,-2.625
gemma-2-2b,74,freq,freq,en,fr,normal,"The opposite of ""normal"" is """,anormal,7,7,23.125,23.125,0.0
gemma-2-2b,75,desc,desc,en,fr,possible,"The opposite of ""possible"" is """,impossible,0,0,22.375,22.375,0.0
gemma-2-2b,75,desc,val,en,fr,possible,"The opposite of ""possible"" is """,impossible,0,0,22.375,23.5,1.125
gemma-2-2b,75,desc,freq,en,fr,possible,"The opposite of ""possible"" is """,impossible,0,0,22.375,22.875,0.5
gemma-2-2b,75,val,desc,en,fr,possible,"The opposite of ""possible"" is """,impossible,0,0,22.375,24.875,2.5
gemma-2-2b,75,val,val,en,fr,possible,"The opposite of ""possible"" is """,impossible,0,0,22.375,24.75,2.375
gemma-2-2b,75,val,freq,en,fr,possible,"The opposite of ""possible"" is """,impossible,0,0,22.375,24.875,2.5
gemma-2-2b,75,freq,desc,en,fr,possible,"The opposite of ""possible"" is """,impossible,0,0,22.375,22.125,-0.25
gemma-2-2b,75,freq,val,en,fr,possible,"The opposite of ""possible"" is """,impossible,0,0,22.375,23.5,1.125
gemma-2-2b,75,freq,freq,en,fr,possible,"The opposite of ""possible"" is """,impossible,0,0,22.375,22.375,0.0
gemma-2-2b,76,desc,desc,en,fr,privé,"The opposite of ""privé"" is """,public,0,0,22.125,23.125,1.0
gemma-2-2b,76,desc,val,en,fr,privé,"The opposite of ""privé"" is """,public,0,0,22.125,21.75,-0.375
gemma-2-2b,76,desc,freq,en,fr,privé,"The opposite of ""privé"" is """,public,0,0,22.125,22.625,0.5
gemma-2-2b,76,val,desc,en,fr,privé,"The opposite of ""privé"" is """,public,0,0,22.125,23.125,1.0
gemma-2-2b,76,val,val,en,fr,privé,"The opposite of ""privé"" is """,public,0,0,22.125,23.5,1.375
gemma-2-2b,76,val,freq,en,fr,privé,"The opposite of ""privé"" is """,public,0,0,22.125,22.875,0.75
gemma-2-2b,76,freq,desc,en,fr,privé,"The opposite of ""privé"" is """,public,0,0,22.125,23.125,1.0
gemma-2-2b,76,freq,val,en,fr,privé,"The opposite of ""privé"" is """,public,0,0,22.125,21.625,-0.5
gemma-2-2b,76,freq,freq,en,fr,privé,"The opposite of ""privé"" is """,public,0,0,22.125,23.125,1.0
gemma-2-2b,77,desc,desc,en,fr,juste,"The opposite of ""juste"" is """,faux,68,158,18.75,18.25,-0.5
gemma-2-2b,77,desc,val,en,fr,juste,"The opposite of ""juste"" is """,faux,68,142,18.75,16.375,-2.375
gemma-2-2b,77,desc,freq,en,fr,juste,"The opposite of ""juste"" is """,faux,68,312,18.75,16.625,-2.125
gemma-2-2b,77,val,desc,en,fr,juste,"The opposite of ""juste"" is """,faux,68,204,18.75,17.75,-1.0
gemma-2-2b,77,val,val,en,fr,juste,"The opposite of ""juste"" is """,faux,68,143,18.75,18.875,0.125
gemma-2-2b,77,val,freq,en,fr,juste,"The opposite of ""juste"" is """,faux,68,410,18.75,16.0,-2.75
gemma-2-2b,77,freq,desc,en,fr,juste,"The opposite of ""juste"" is """,faux,68,266,18.75,18.0,-0.75
gemma-2-2b,77,freq,val,en,fr,juste,"The opposite of ""juste"" is """,faux,68,186,18.75,15.9375,-2.8125
gemma-2-2b,77,freq,freq,en,fr,juste,"The opposite of ""juste"" is """,faux,68,257,18.75,17.875,-0.875
gemma-2-2b,78,desc,desc,en,fr,simple,"The opposite of ""simple"" is """,complexe,0,0,25.625,25.625,0.0
gemma-2-2b,78,desc,val,en,fr,simple,"The opposite of ""simple"" is """,complexe,0,0,25.625,24.75,-0.875
gemma-2-2b,78,desc,freq,en,fr,simple,"The opposite of ""simple"" is """,complexe,0,0,25.625,23.75,-1.875
gemma-2-2b,78,val,desc,en,fr,simple,"The opposite of ""simple"" is """,complexe,0,0,25.625,25.625,0.0
gemma-2-2b,78,val,val,en,fr,simple,"The opposite of ""simple"" is """,complexe,0,0,25.625,25.875,0.25
gemma-2-2b,78,val,freq,en,fr,simple,"The opposite of ""simple"" is """,complexe,0,0,25.625,23.125,-2.5
gemma-2-2b,78,freq,desc,en,fr,simple,"The opposite of ""simple"" is """,complexe,0,0,25.625,25.5,-0.125
gemma-2-2b,78,freq,val,en,fr,simple,"The opposite of ""simple"" is """,complexe,0,0,25.625,24.5,-1.125
gemma-2-2b,78,freq,freq,en,fr,simple,"The opposite of ""simple"" is """,complexe,0,0,25.625,25.625,0.0
gemma-2-2b,79,desc,desc,en,fr,doux,"The opposite of ""doux"" is """,amer,66,149,16.875,16.625,-0.25
gemma-2-2b,79,desc,val,en,fr,doux,"The opposite of ""doux"" is """,amer,66,86,16.875,14.3125,-2.5625
gemma-2-2b,79,desc,freq,en,fr,doux,"The opposite of ""doux"" is """,amer,66,58,16.875,13.6875,-3.1875
gemma-2-2b,79,val,desc,en,fr,doux,"The opposite of ""doux"" is """,amer,66,127,16.875,16.375,-0.5
gemma-2-2b,79,val,val,en,fr,doux,"The opposite of ""doux"" is """,amer,66,163,16.875,17.0,0.125
gemma-2-2b,79,val,freq,en,fr,doux,"The opposite of ""doux"" is """,amer,66,80,16.875,13.0,-3.875
gemma-2-2b,79,freq,desc,en,fr,doux,"The opposite of ""doux"" is """,amer,66,216,16.875,16.5,-0.375
gemma-2-2b,79,freq,val,en,fr,doux,"The opposite of ""doux"" is """,amer,66,125,16.875,13.4375,-3.4375
gemma-2-2b,79,freq,freq,en,fr,doux,"The opposite of ""doux"" is """,amer,66,180,16.875,16.125,-0.75
gemma-2-2b,80,desc,desc,en,fr,visible,"The opposite of ""visible"" is """,invisible,0,0,24.375,24.375,0.0
gemma-2-2b,80,desc,val,en,fr,visible,"The opposite of ""visible"" is """,invisible,0,0,24.375,24.125,-0.25
gemma-2-2b,80,desc,freq,en,fr,visible,"The opposite of ""visible"" is """,invisible,0,0,24.375,23.5,-0.875
gemma-2-2b,80,val,desc,en,fr,visible,"The opposite of ""visible"" is """,invisible,0,0,24.375,25.25,0.875
gemma-2-2b,80,val,val,en,fr,visible,"The opposite of ""visible"" is """,invisible,0,0,24.375,25.375,1.0
gemma-2-2b,80,val,freq,en,fr,visible,"The opposite of ""visible"" is """,invisible,0,0,24.375,24.125,-0.25
gemma-2-2b,80,freq,desc,en,fr,visible,"The opposite of ""visible"" is """,invisible,0,0,24.375,24.25,-0.125
gemma-2-2b,80,freq,val,en,fr,visible,"The opposite of ""visible"" is """,invisible,0,0,24.375,24.5,0.125
gemma-2-2b,80,freq,freq,en,fr,visible,"The opposite of ""visible"" is """,invisible,0,0,24.375,24.375,0.0
gemma-2-2b,81,desc,desc,en,fr,chaud,"The opposite of ""chaud"" is """,froid,0,0,21.5,22.125,0.625
gemma-2-2b,81,desc,val,en,fr,chaud,"The opposite of ""chaud"" is """,froid,0,0,21.5,21.25,-0.25
gemma-2-2b,81,desc,freq,en,fr,chaud,"The opposite of ""chaud"" is """,froid,0,0,21.5,22.0,0.5
gemma-2-2b,81,val,desc,en,fr,chaud,"The opposite of ""chaud"" is """,froid,0,0,21.5,22.625,1.125
gemma-2-2b,81,val,val,en,fr,chaud,"The opposite of ""chaud"" is """,froid,0,0,21.5,22.625,1.125
gemma-2-2b,81,val,freq,en,fr,chaud,"The opposite of ""chaud"" is """,froid,0,0,21.5,21.875,0.375
gemma-2-2b,81,freq,desc,en,fr,chaud,"The opposite of ""chaud"" is """,froid,0,0,21.5,21.625,0.125
gemma-2-2b,81,freq,val,en,fr,chaud,"The opposite of ""chaud"" is """,froid,0,1,21.5,20.0,-1.5
gemma-2-2b,81,freq,freq,en,fr,chaud,"The opposite of ""chaud"" is """,froid,0,0,21.5,21.75,0.25
gemma-2-2b,82,desc,desc,en,fr,lisse,"The opposite of ""lisse"" is """,rugueux,0,0,20.0,21.875,1.875
gemma-2-2b,82,desc,val,en,fr,lisse,"The opposite of ""lisse"" is """,rugueux,0,0,20.0,20.5,0.5
gemma-2-2b,82,desc,freq,en,fr,lisse,"The opposite of ""lisse"" is """,rugueux,0,0,20.0,22.125,2.125
gemma-2-2b,82,val,desc,en,fr,lisse,"The opposite of ""lisse"" is """,rugueux,0,0,20.0,21.125,1.125
gemma-2-2b,82,val,val,en,fr,lisse,"The opposite of ""lisse"" is """,rugueux,0,0,20.0,22.125,2.125
gemma-2-2b,82,val,freq,en,fr,lisse,"The opposite of ""lisse"" is """,rugueux,0,1,20.0,21.5,1.5
gemma-2-2b,82,freq,desc,en,fr,lisse,"The opposite of ""lisse"" is """,rugueux,0,0,20.0,22.125,2.125
gemma-2-2b,82,freq,val,en,fr,lisse,"The opposite of ""lisse"" is """,rugueux,0,0,20.0,20.5,0.5
gemma-2-2b,82,freq,freq,en,fr,lisse,"The opposite of ""lisse"" is """,rugueux,0,0,20.0,22.25,2.25
gemma-2-2b,83,desc,desc,en,fr,mince,"The opposite of ""mince"" is """,épais,3216,3216,14.75,14.75,0.0
gemma-2-2b,83,desc,val,en,fr,mince,"The opposite of ""mince"" is """,épais,3216,2607,14.75,12.5625,-2.1875
gemma-2-2b,83,desc,freq,en,fr,mince,"The opposite of ""mince"" is """,épais,3216,909,14.75,16.875,2.125
gemma-2-2b,83,val,desc,en,fr,mince,"The opposite of ""mince"" is """,épais,3216,595,14.75,18.0,3.25
gemma-2-2b,83,val,val,en,fr,mince,"The opposite of ""mince"" is """,épais,3216,3185,14.75,14.875,0.125
gemma-2-2b,83,val,freq,en,fr,mince,"The opposite of ""mince"" is """,épais,3216,476,14.75,17.75,3.0
gemma-2-2b,83,freq,desc,en,fr,mince,"The opposite of ""mince"" is """,épais,3216,2530,14.75,15.375,0.625
gemma-2-2b,83,freq,val,en,fr,mince,"The opposite of ""mince"" is """,épais,3216,3270,14.75,11.8125,-2.9375
gemma-2-2b,83,freq,freq,en,fr,mince,"The opposite of ""mince"" is """,épais,3216,3216,14.75,14.75,0.0
gemma-2-2b,84,desc,desc,en,fr,grand,"The opposite of ""grand"" is """,petit,2,3,23.25,23.125,-0.125
gemma-2-2b,84,desc,val,en,fr,grand,"The opposite of ""grand"" is """,petit,2,3,23.25,21.625,-1.625
gemma-2-2b,84,desc,freq,en,fr,grand,"The opposite of ""grand"" is """,petit,2,2,23.25,22.5,-0.75
gemma-2-2b,84,val,desc,en,fr,grand,"The opposite of ""grand"" is """,petit,2,4,23.25,23.25,0.0
gemma-2-2b,84,val,val,en,fr,grand,"The opposite of ""grand"" is """,petit,2,3,23.25,23.25,0.0
gemma-2-2b,84,val,freq,en,fr,grand,"The opposite of ""grand"" is """,petit,2,2,23.25,22.625,-0.625
gemma-2-2b,84,freq,desc,en,fr,grand,"The opposite of ""grand"" is """,petit,2,5,23.25,22.75,-0.5
gemma-2-2b,84,freq,val,en,fr,grand,"The opposite of ""grand"" is """,petit,2,2,23.25,21.625,-1.625
gemma-2-2b,84,freq,freq,en,fr,grand,"The opposite of ""grand"" is """,petit,2,3,23.25,23.125,-0.125
gemma-2-2b,85,desc,desc,en,fr,marié,"The opposite of ""marié"" is """,célibataire,3,5,19.875,20.875,1.0
gemma-2-2b,85,desc,val,en,fr,marié,"The opposite of ""marié"" is """,célibataire,3,16,19.875,18.125,-1.75
gemma-2-2b,85,desc,freq,en,fr,marié,"The opposite of ""marié"" is """,célibataire,3,26,19.875,19.375,-0.5
gemma-2-2b,85,val,desc,en,fr,marié,"The opposite of ""marié"" is """,célibataire,3,8,19.875,20.375,0.5
gemma-2-2b,85,val,val,en,fr,marié,"The opposite of ""marié"" is """,célibataire,3,8,19.875,20.875,1.0
gemma-2-2b,85,val,freq,en,fr,marié,"The opposite of ""marié"" is """,célibataire,3,19,19.875,19.75,-0.125
gemma-2-2b,85,freq,desc,en,fr,marié,"The opposite of ""marié"" is """,célibataire,3,15,19.875,20.25,0.375
gemma-2-2b,85,freq,val,en,fr,marié,"The opposite of ""marié"" is """,célibataire,3,24,19.875,17.625,-2.25
gemma-2-2b,85,freq,freq,en,fr,marié,"The opposite of ""marié"" is """,célibataire,3,15,19.875,20.125,0.25
gemma-2-2b,86,desc,desc,en,fr,optimiste,"The opposite of ""optimiste"" is """,pessimiste,0,0,23.5,23.875,0.375
gemma-2-2b,86,desc,val,en,fr,optimiste,"The opposite of ""optimiste"" is """,pessimiste,0,0,23.5,23.875,0.375
gemma-2-2b,86,desc,freq,en,fr,optimiste,"The opposite of ""optimiste"" is """,pessimiste,0,0,23.5,25.25,1.75
gemma-2-2b,86,val,desc,en,fr,optimiste,"The opposite of ""optimiste"" is """,pessimiste,0,0,23.5,25.125,1.625
gemma-2-2b,86,val,val,en,fr,optimiste,"The opposite of ""optimiste"" is """,pessimiste,0,0,23.5,24.875,1.375
gemma-2-2b,86,val,freq,en,fr,optimiste,"The opposite of ""optimiste"" is """,pessimiste,0,0,23.5,25.25,1.75
gemma-2-2b,86,freq,desc,en,fr,optimiste,"The opposite of ""optimiste"" is """,pessimiste,0,0,23.5,24.0,0.5
gemma-2-2b,86,freq,val,en,fr,optimiste,"The opposite of ""optimiste"" is """,pessimiste,0,0,23.5,23.375,-0.125
gemma-2-2b,86,freq,freq,en,fr,optimiste,"The opposite of ""optimiste"" is """,pessimiste,0,0,23.5,23.875,0.375
gemma-2-2b,87,desc,desc,en,fr,permanent,"The opposite of ""permanent"" is """,temporaire,48,48,19.75,19.75,0.0
gemma-2-2b,87,desc,val,en,fr,permanent,"The opposite of ""permanent"" is """,temporaire,48,42,19.75,18.125,-1.625
gemma-2-2b,87,desc,freq,en,fr,permanent,"The opposite of ""permanent"" is """,temporaire,48,33,19.75,20.125,0.375
gemma-2-2b,87,val,desc,en,fr,permanent,"The opposite of ""permanent"" is """,temporaire,48,47,19.75,19.875,0.125
gemma-2-2b,87,val,val,en,fr,permanent,"The opposite of ""permanent"" is """,temporaire,48,49,19.75,20.0,0.25
gemma-2-2b,87,val,freq,en,fr,permanent,"The opposite of ""permanent"" is """,temporaire,48,42,19.75,19.75,0.0
gemma-2-2b,87,freq,desc,en,fr,permanent,"The opposite of ""permanent"" is """,temporaire,48,48,19.75,19.75,0.0
gemma-2-2b,87,freq,val,en,fr,permanent,"The opposite of ""permanent"" is """,temporaire,48,50,19.75,17.75,-2.0
gemma-2-2b,87,freq,freq,en,fr,permanent,"The opposite of ""permanent"" is """,temporaire,48,48,19.75,19.75,0.0
gemma-2-2b,88,desc,desc,en,fr,présent,"The opposite of ""présent"" is """,passé,0,0,22.75,22.5,-0.25
gemma-2-2b,88,desc,val,en,fr,présent,"The opposite of ""présent"" is """,passé,0,1,22.75,21.5,-1.25
gemma-2-2b,88,desc,freq,en,fr,présent,"The opposite of ""présent"" is """,passé,0,0,22.75,23.125,0.375
gemma-2-2b,88,val,desc,en,fr,présent,"The opposite of ""présent"" is """,passé,0,0,22.75,23.125,0.375
gemma-2-2b,88,val,val,en,fr,présent,"The opposite of ""présent"" is """,passé,0,1,22.75,23.25,0.5
gemma-2-2b,88,val,freq,en,fr,présent,"The opposite of ""présent"" is """,passé,0,0,22.75,23.25,0.5
gemma-2-2b,88,freq,desc,en,fr,présent,"The opposite of ""présent"" is """,passé,0,0,22.75,22.75,0.0
gemma-2-2b,88,freq,val,en,fr,présent,"The opposite of ""présent"" is """,passé,0,1,22.75,21.25,-1.5
gemma-2-2b,88,freq,freq,en,fr,présent,"The opposite of ""présent"" is """,passé,0,1,22.75,22.375,-0.375
gemma-2-2b,89,desc,desc,en,fr,public,"The opposite of ""public"" is """,privé,10,10,19.375,19.375,0.0
gemma-2-2b,89,desc,val,en,fr,public,"The opposite of ""public"" is """,privé,10,6,19.375,19.25,-0.125
gemma-2-2b,89,desc,freq,en,fr,public,"The opposite of ""public"" is """,privé,10,6,19.375,20.75,1.375
gemma-2-2b,89,val,desc,en,fr,public,"The opposite of ""public"" is """,privé,10,7,19.375,21.125,1.75
gemma-2-2b,89,val,val,en,fr,public,"The opposite of ""public"" is """,privé,10,9,19.375,20.75,1.375
gemma-2-2b,89,val,freq,en,fr,public,"The opposite of ""public"" is """,privé,10,5,19.375,21.5,2.125
gemma-2-2b,89,freq,desc,en,fr,public,"The opposite of ""public"" is """,privé,10,11,19.375,19.25,-0.125
gemma-2-2b,89,freq,val,en,fr,public,"The opposite of ""public"" is """,privé,10,10,19.375,18.5,-0.875
gemma-2-2b,89,freq,freq,en,fr,public,"The opposite of ""public"" is """,privé,10,10,19.375,19.375,0.0
gemma-2-2b,90,desc,desc,en,fr,réel,"The opposite of ""réel"" is """,faux,1,3,21.0,20.875,-0.125
gemma-2-2b,90,desc,val,en,fr,réel,"The opposite of ""réel"" is """,faux,1,1,21.0,19.125,-1.875
gemma-2-2b,90,desc,freq,en,fr,réel,"The opposite of ""réel"" is """,faux,1,2,21.0,19.25,-1.75
gemma-2-2b,90,val,desc,en,fr,réel,"The opposite of ""réel"" is """,faux,1,3,21.0,20.625,-0.375
gemma-2-2b,90,val,val,en,fr,réel,"The opposite of ""réel"" is """,faux,1,5,21.0,21.375,0.375
gemma-2-2b,90,val,freq,en,fr,réel,"The opposite of ""réel"" is """,faux,1,5,21.0,19.125,-1.875
gemma-2-2b,90,freq,desc,en,fr,réel,"The opposite of ""réel"" is """,faux,1,4,21.0,20.875,-0.125
gemma-2-2b,90,freq,val,en,fr,réel,"The opposite of ""réel"" is """,faux,1,4,21.0,19.375,-1.625
gemma-2-2b,90,freq,freq,en,fr,réel,"The opposite of ""réel"" is """,faux,1,4,21.0,20.875,-0.125
gemma-2-2b,91,desc,desc,en,fr,responsable,"The opposite of ""responsable"" is """,irresponsable,0,0,25.5,26.125,0.625
gemma-2-2b,91,desc,val,en,fr,responsable,"The opposite of ""responsable"" is """,irresponsable,0,0,25.5,25.5,0.0
gemma-2-2b,91,desc,freq,en,fr,responsable,"The opposite of ""responsable"" is """,irresponsable,0,0,25.5,25.125,-0.375
gemma-2-2b,91,val,desc,en,fr,responsable,"The opposite of ""responsable"" is """,irresponsable,0,0,25.5,26.125,0.625
gemma-2-2b,91,val,val,en,fr,responsable,"The opposite of ""responsable"" is """,irresponsable,0,0,25.5,26.25,0.75
gemma-2-2b,91,val,freq,en,fr,responsable,"The opposite of ""responsable"" is """,irresponsable,0,0,25.5,25.0,-0.5
gemma-2-2b,91,freq,desc,en,fr,responsable,"The opposite of ""responsable"" is """,irresponsable,0,0,25.5,26.125,0.625
gemma-2-2b,91,freq,val,en,fr,responsable,"The opposite of ""responsable"" is """,irresponsable,0,0,25.5,25.25,-0.25
gemma-2-2b,91,freq,freq,en,fr,responsable,"The opposite of ""responsable"" is """,irresponsable,0,0,25.5,26.125,0.625
gemma-2-2b,92,desc,desc,en,fr,célibataire,"The opposite of ""célibataire"" is """,marié,0,1,22.625,21.25,-1.375
gemma-2-2b,92,desc,val,en,fr,célibataire,"The opposite of ""célibataire"" is """,marié,0,1,22.625,19.5,-3.125
gemma-2-2b,92,desc,freq,en,fr,célibataire,"The opposite of ""célibataire"" is """,marié,0,2,22.625,20.75,-1.875
gemma-2-2b,92,val,desc,en,fr,célibataire,"The opposite of ""célibataire"" is """,marié,0,0,22.625,21.125,-1.5
gemma-2-2b,92,val,val,en,fr,célibataire,"The opposite of ""célibataire"" is """,marié,0,1,22.625,21.5,-1.125
gemma-2-2b,92,val,freq,en,fr,célibataire,"The opposite of ""célibataire"" is """,marié,0,6,22.625,20.25,-2.375
gemma-2-2b,92,freq,desc,en,fr,célibataire,"The opposite of ""célibataire"" is """,marié,0,2,22.625,21.125,-1.5
gemma-2-2b,92,freq,val,en,fr,célibataire,"The opposite of ""célibataire"" is """,marié,0,1,22.625,19.125,-3.5
gemma-2-2b,92,freq,freq,en,fr,célibataire,"The opposite of ""célibataire"" is """,marié,0,1,22.625,21.125,-1.5
gemma-2-2b,93,desc,desc,en,fr,acide,"The opposite of ""acide"" is """,doux,100,240,15.375,14.875,-0.5
gemma-2-2b,93,desc,val,en,fr,acide,"The opposite of ""acide"" is """,doux,100,335,15.375,12.4375,-2.9375
gemma-2-2b,93,desc,freq,en,fr,acide,"The opposite of ""acide"" is """,doux,100,430,15.375,14.125,-1.25
gemma-2-2b,93,val,desc,en,fr,acide,"The opposite of ""acide"" is """,doux,100,78,15.375,17.125,1.75
gemma-2-2b,93,val,val,en,fr,acide,"The opposite of ""acide"" is """,doux,100,180,15.375,16.25,0.875
gemma-2-2b,93,val,freq,en,fr,acide,"The opposite of ""acide"" is """,doux,100,91,15.375,16.75,1.375
gemma-2-2b,93,freq,desc,en,fr,acide,"The opposite of ""acide"" is """,doux,100,200,15.375,15.5,0.125
gemma-2-2b,93,freq,val,en,fr,acide,"The opposite of ""acide"" is """,doux,100,196,15.375,13.375,-2.0
gemma-2-2b,93,freq,freq,en,fr,acide,"The opposite of ""acide"" is """,doux,100,179,15.375,15.5625,0.1875
gemma-2-2b,94,desc,desc,en,fr,utile,"The opposite of ""utile"" is """,inutile,0,0,23.125,23.25,0.125
gemma-2-2b,94,desc,val,en,fr,utile,"The opposite of ""utile"" is """,inutile,0,0,23.125,21.125,-2.0
gemma-2-2b,94,desc,freq,en,fr,utile,"The opposite of ""utile"" is """,inutile,0,8,23.125,21.25,-1.875
gemma-2-2b,94,val,desc,en,fr,utile,"The opposite of ""utile"" is """,inutile,0,0,23.125,22.875,-0.25
gemma-2-2b,94,val,val,en,fr,utile,"The opposite of ""utile"" is """,inutile,0,0,23.125,23.5,0.375
gemma-2-2b,94,val,freq,en,fr,utile,"The opposite of ""utile"" is """,inutile,0,7,23.125,21.5,-1.625
gemma-2-2b,94,freq,desc,en,fr,utile,"The opposite of ""utile"" is """,inutile,0,0,23.125,23.125,0.0
gemma-2-2b,94,freq,val,en,fr,utile,"The opposite of ""utile"" is """,inutile,0,0,23.125,21.75,-1.375
gemma-2-2b,94,freq,freq,en,fr,utile,"The opposite of ""utile"" is """,inutile,0,0,23.125,23.25,0.125
gemma-2-2b,95,desc,desc,en,fr,vertical,"The opposite of ""vertical"" is """,horizontal,0,0,25.125,25.125,0.0
gemma-2-2b,95,desc,val,en,fr,vertical,"The opposite of ""vertical"" is """,horizontal,0,0,25.125,24.75,-0.375
gemma-2-2b,95,desc,freq,en,fr,vertical,"The opposite of ""vertical"" is """,horizontal,0,0,25.125,23.875,-1.25
gemma-2-2b,95,val,desc,en,fr,vertical,"The opposite of ""vertical"" is """,horizontal,0,0,25.125,26.0,0.875
gemma-2-2b,95,val,val,en,fr,vertical,"The opposite of ""vertical"" is """,horizontal,0,0,25.125,25.75,0.625
gemma-2-2b,95,val,freq,en,fr,vertical,"The opposite of ""vertical"" is """,horizontal,0,0,25.125,24.25,-0.875
gemma-2-2b,95,freq,desc,en,fr,vertical,"The opposite of ""vertical"" is """,horizontal,0,0,25.125,24.875,-0.25
gemma-2-2b,95,freq,val,en,fr,vertical,"The opposite of ""vertical"" is """,horizontal,0,0,25.125,24.75,-0.375
gemma-2-2b,95,freq,freq,en,fr,vertical,"The opposite of ""vertical"" is """,horizontal,0,0,25.125,25.125,0.0
gemma-2-2b,96,desc,desc,en,fr,bien,"The opposite of ""bien"" is """,mal,0,0,22.375,23.125,0.75
gemma-2-2b,96,desc,val,en,fr,bien,"The opposite of ""bien"" is """,mal,0,0,22.375,23.375,1.0
gemma-2-2b,96,desc,freq,en,fr,bien,"The opposite of ""bien"" is """,mal,0,0,22.375,23.5,1.125
gemma-2-2b,96,val,desc,en,fr,bien,"The opposite of ""bien"" is """,mal,0,0,22.375,24.0,1.625
gemma-2-2b,96,val,val,en,fr,bien,"The opposite of ""bien"" is """,mal,0,0,22.375,24.0,1.625
gemma-2-2b,96,val,freq,en,fr,bien,"The opposite of ""bien"" is """,mal,0,0,22.375,23.5,1.125
gemma-2-2b,96,freq,desc,en,fr,bien,"The opposite of ""bien"" is """,mal,0,0,22.375,23.125,0.75
gemma-2-2b,96,freq,val,en,fr,bien,"The opposite of ""bien"" is """,mal,0,0,22.375,22.125,-0.25
gemma-2-2b,96,freq,freq,en,fr,bien,"The opposite of ""bien"" is """,mal,0,0,22.375,23.0,0.625
gemma-2-2b,97,desc,desc,en,fr,gagnant,"The opposite of ""gagnant"" is """,perdant,0,0,21.625,22.75,1.125
gemma-2-2b,97,desc,val,en,fr,gagnant,"The opposite of ""gagnant"" is """,perdant,0,0,21.625,21.75,0.125
gemma-2-2b,97,desc,freq,en,fr,gagnant,"The opposite of ""gagnant"" is """,perdant,0,0,21.625,22.625,1.0
gemma-2-2b,97,val,desc,en,fr,gagnant,"The opposite of ""gagnant"" is """,perdant,0,0,21.625,22.875,1.25
gemma-2-2b,97,val,val,en,fr,gagnant,"The opposite of ""gagnant"" is """,perdant,0,0,21.625,23.375,1.75
gemma-2-2b,97,val,freq,en,fr,gagnant,"The opposite of ""gagnant"" is """,perdant,0,0,21.625,22.125,0.5
gemma-2-2b,97,freq,desc,en,fr,gagnant,"The opposite of ""gagnant"" is """,perdant,0,0,21.625,23.0,1.375
gemma-2-2b,97,freq,val,en,fr,gagnant,"The opposite of ""gagnant"" is """,perdant,0,0,21.625,21.0,-0.625
gemma-2-2b,97,freq,freq,en,fr,gagnant,"The opposite of ""gagnant"" is """,perdant,0,0,21.625,23.0,1.375
gemma-2-2b,98,desc,desc,en,fr,méchant,"The opposite of ""méchant"" is """,gentil,10,2,15.5625,18.5,2.9375
gemma-2-2b,98,desc,val,en,fr,méchant,"The opposite of ""méchant"" is """,gentil,10,4,15.5625,16.375,0.8125
gemma-2-2b,98,desc,freq,en,fr,méchant,"The opposite of ""méchant"" is """,gentil,10,19,15.5625,16.625,1.0625
gemma-2-2b,98,val,desc,en,fr,méchant,"The opposite of ""méchant"" is """,gentil,10,3,15.5625,18.375,2.8125
gemma-2-2b,98,val,val,en,fr,méchant,"The opposite of ""méchant"" is """,gentil,10,2,15.5625,19.25,3.6875
gemma-2-2b,98,val,freq,en,fr,méchant,"The opposite of ""méchant"" is """,gentil,10,17,15.5625,16.125,0.5625
gemma-2-2b,98,freq,desc,en,fr,méchant,"The opposite of ""méchant"" is """,gentil,10,7,15.5625,18.5,2.9375
gemma-2-2b,98,freq,val,en,fr,méchant,"The opposite of ""méchant"" is """,gentil,10,5,15.5625,16.125,0.5625
gemma-2-2b,98,freq,freq,en,fr,méchant,"The opposite of ""méchant"" is """,gentil,10,5,15.5625,18.75,3.1875
gemma-2-2b,99,desc,desc,en,fr,lâche,"The opposite of ""lâche"" is """,courageux,8,21,19.25,19.75,0.5
gemma-2-2b,99,desc,val,en,fr,lâche,"The opposite of ""lâche"" is """,courageux,8,38,19.25,17.375,-1.875
gemma-2-2b,99,desc,freq,en,fr,lâche,"The opposite of ""lâche"" is """,courageux,8,35,19.25,18.75,-0.5
gemma-2-2b,99,val,desc,en,fr,lâche,"The opposite of ""lâche"" is """,courageux,8,12,19.25,20.0,0.75
gemma-2-2b,99,val,val,en,fr,lâche,"The opposite of ""lâche"" is """,courageux,8,17,19.25,20.375,1.125
gemma-2-2b,99,val,freq,en,fr,lâche,"The opposite of ""lâche"" is """,courageux,8,24,19.25,19.25,0.0
gemma-2-2b,99,freq,desc,en,fr,lâche,"The opposite of ""lâche"" is """,courageux,8,33,19.25,20.0,0.75
gemma-2-2b,99,freq,val,en,fr,lâche,"The opposite of ""lâche"" is """,courageux,8,28,19.25,17.75,-1.5
gemma-2-2b,99,freq,freq,en,fr,lâche,"The opposite of ""lâche"" is """,courageux,8,24,19.25,20.0,0.75
gemma-2-2b,0,desc,desc,en,ja,良い,"The opposite of ""良い"" is """,悪い,0,13,19.125,19.875,0.75
gemma-2-2b,0,desc,val,en,ja,良い,"The opposite of ""良い"" is """,悪い,0,19,19.125,18.875,-0.25
gemma-2-2b,0,desc,freq,en,ja,良い,"The opposite of ""良い"" is """,悪い,0,8,19.125,13.625,-5.5
gemma-2-2b,0,val,desc,en,ja,良い,"The opposite of ""良い"" is """,悪い,0,3,19.125,19.75,0.625
gemma-2-2b,0,val,val,en,ja,良い,"The opposite of ""良い"" is """,悪い,0,14,19.125,19.75,0.625
gemma-2-2b,0,val,freq,en,ja,良い,"The opposite of ""良い"" is """,悪い,0,6,19.125,14.9375,-4.1875
gemma-2-2b,0,freq,desc,en,ja,良い,"The opposite of ""良い"" is """,悪い,0,11,19.125,17.0,-2.125
gemma-2-2b,0,freq,val,en,ja,良い,"The opposite of ""良い"" is """,悪い,0,16,19.125,16.5,-2.625
gemma-2-2b,0,freq,freq,en,ja,良い,"The opposite of ""良い"" is """,悪い,0,14,19.125,18.25,-0.875
gemma-2-2b,1,desc,desc,en,ja,嬉しい,"The opposite of ""嬉しい"" is """,悲しい,0,8,17.25,19.375,2.125
gemma-2-2b,1,desc,val,en,ja,嬉しい,"The opposite of ""嬉しい"" is """,悲しい,0,33,17.25,17.75,0.5
gemma-2-2b,1,desc,freq,en,ja,嬉しい,"The opposite of ""嬉しい"" is """,悲しい,0,41,17.25,8.875,-8.375
gemma-2-2b,1,val,desc,en,ja,嬉しい,"The opposite of ""嬉しい"" is """,悲しい,0,35,17.25,15.25,-2.0
gemma-2-2b,1,val,val,en,ja,嬉しい,"The opposite of ""嬉しい"" is """,悲しい,0,15,17.25,18.75,1.5
gemma-2-2b,1,val,freq,en,ja,嬉しい,"The opposite of ""嬉しい"" is """,悲しい,0,124,17.25,8.75,-8.5
gemma-2-2b,1,freq,desc,en,ja,嬉しい,"The opposite of ""嬉しい"" is """,悲しい,0,9,17.25,15.375,-1.875
gemma-2-2b,1,freq,val,en,ja,嬉しい,"The opposite of ""嬉しい"" is """,悲しい,0,13,17.25,15.9375,-1.3125
gemma-2-2b,1,freq,freq,en,ja,嬉しい,"The opposite of ""嬉しい"" is """,悲しい,0,10,17.25,17.375,0.125
gemma-2-2b,2,desc,desc,en,ja,大きい,"The opposite of ""大きい"" is """,小さい,0,1,18.75,21.625,2.875
gemma-2-2b,2,desc,val,en,ja,大きい,"The opposite of ""大きい"" is """,小さい,0,1,18.75,20.875,2.125
gemma-2-2b,2,desc,freq,en,ja,大きい,"The opposite of ""大きい"" is """,小さい,0,1,18.75,14.125,-4.625
gemma-2-2b,2,val,desc,en,ja,大きい,"The opposite of ""大きい"" is """,小さい,0,0,18.75,19.625,0.875
gemma-2-2b,2,val,val,en,ja,大きい,"The opposite of ""大きい"" is """,小さい,0,2,18.75,21.5,2.75
gemma-2-2b,2,val,freq,en,ja,大きい,"The opposite of ""大きい"" is """,小さい,0,1,18.75,15.5625,-3.1875
gemma-2-2b,2,freq,desc,en,ja,大きい,"The opposite of ""大きい"" is """,小さい,0,0,18.75,18.125,-0.625
gemma-2-2b,2,freq,val,en,ja,大きい,"The opposite of ""大きい"" is """,小さい,0,0,18.75,18.75,0.0
gemma-2-2b,2,freq,freq,en,ja,大きい,"The opposite of ""大きい"" is """,小さい,0,1,18.75,19.875,1.125
gemma-2-2b,3,desc,desc,en,ja,暑い,"The opposite of ""暑い"" is """,寒い,0,7,17.5,18.875,1.375
gemma-2-2b,3,desc,val,en,ja,暑い,"The opposite of ""暑い"" is """,寒い,0,12,17.5,18.125,0.625
gemma-2-2b,3,desc,freq,en,ja,暑い,"The opposite of ""暑い"" is """,寒い,0,18,17.5,8.125,-9.375
gemma-2-2b,3,val,desc,en,ja,暑い,"The opposite of ""暑い"" is """,寒い,0,4,17.5,16.5,-1.0
gemma-2-2b,3,val,val,en,ja,暑い,"The opposite of ""暑い"" is """,寒い,0,11,17.5,19.125,1.625
gemma-2-2b,3,val,freq,en,ja,暑い,"The opposite of ""暑い"" is """,寒い,0,30,17.5,10.125,-7.375
gemma-2-2b,3,freq,desc,en,ja,暑い,"The opposite of ""暑い"" is """,寒い,0,4,17.5,15.6875,-1.8125
gemma-2-2b,3,freq,val,en,ja,暑い,"The opposite of ""暑い"" is """,寒い,0,6,17.5,16.75,-0.75
gemma-2-2b,3,freq,freq,en,ja,暑い,"The opposite of ""暑い"" is """,寒い,0,6,17.5,17.625,0.125
gemma-2-2b,4,desc,desc,en,ja,速い,"The opposite of ""速い"" is """,遅い,0,0,20.25,22.125,1.875
gemma-2-2b,4,desc,val,en,ja,速い,"The opposite of ""速い"" is """,遅い,0,0,20.25,21.0,0.75
gemma-2-2b,4,desc,freq,en,ja,速い,"The opposite of ""速い"" is """,遅い,0,3,20.25,13.4375,-6.8125
gemma-2-2b,4,val,desc,en,ja,速い,"The opposite of ""速い"" is """,遅い,0,0,20.25,20.75,0.5
gemma-2-2b,4,val,val,en,ja,速い,"The opposite of ""速い"" is """,遅い,0,1,20.25,22.375,2.125
gemma-2-2b,4,val,freq,en,ja,速い,"The opposite of ""速い"" is """,遅い,0,4,20.25,15.0,-5.25
gemma-2-2b,4,freq,desc,en,ja,速い,"The opposite of ""速い"" is """,遅い,0,0,20.25,18.875,-1.375
gemma-2-2b,4,freq,val,en,ja,速い,"The opposite of ""速い"" is """,遅い,0,0,20.25,19.5,-0.75
gemma-2-2b,4,freq,freq,en,ja,速い,"The opposite of ""速い"" is """,遅い,0,0,20.25,20.0,-0.25
gemma-2-2b,5,desc,desc,en,ja,軽い,"The opposite of ""軽い"" is """,重い,0,2,20.625,22.375,1.75
gemma-2-2b,5,desc,val,en,ja,軽い,"The opposite of ""軽い"" is """,重い,0,1,20.625,21.5,0.875
gemma-2-2b,5,desc,freq,en,ja,軽い,"The opposite of ""軽い"" is """,重い,0,0,20.625,16.75,-3.875
gemma-2-2b,5,val,desc,en,ja,軽い,"The opposite of ""軽い"" is """,重い,0,0,20.625,22.375,1.75
gemma-2-2b,5,val,val,en,ja,軽い,"The opposite of ""軽い"" is """,重い,0,2,20.625,23.0,2.375
gemma-2-2b,5,val,freq,en,ja,軽い,"The opposite of ""軽い"" is """,重い,0,1,20.625,18.25,-2.375
gemma-2-2b,5,freq,desc,en,ja,軽い,"The opposite of ""軽い"" is """,重い,0,1,20.625,20.375,-0.25
gemma-2-2b,5,freq,val,en,ja,軽い,"The opposite of ""軽い"" is """,重い,0,1,20.625,20.125,-0.5
gemma-2-2b,5,freq,freq,en,ja,軽い,"The opposite of ""軽い"" is """,重い,0,1,20.625,21.0,0.375
gemma-2-2b,6,desc,desc,en,ja,簡単な,"The opposite of ""簡単な"" is """,難しい,0,9,20.875,21.875,1.0
gemma-2-2b,6,desc,val,en,ja,簡単な,"The opposite of ""簡単な"" is """,難しい,0,15,20.875,21.375,0.5
gemma-2-2b,6,desc,freq,en,ja,簡単な,"The opposite of ""簡単な"" is """,難しい,0,12,20.875,15.125,-5.75
gemma-2-2b,6,val,desc,en,ja,簡単な,"The opposite of ""簡単な"" is """,難しい,0,0,20.875,21.875,1.0
gemma-2-2b,6,val,val,en,ja,簡単な,"The opposite of ""簡単な"" is """,難しい,0,10,20.875,22.125,1.25
gemma-2-2b,6,val,freq,en,ja,簡単な,"The opposite of ""簡単な"" is """,難しい,0,9,20.875,16.875,-4.0
gemma-2-2b,6,freq,desc,en,ja,簡単な,"The opposite of ""簡単な"" is """,難しい,0,6,20.875,19.125,-1.75
gemma-2-2b,6,freq,val,en,ja,簡単な,"The opposite of ""簡単な"" is """,難しい,0,8,20.875,19.625,-1.25
gemma-2-2b,6,freq,freq,en,ja,簡単な,"The opposite of ""簡単な"" is """,難しい,0,8,20.875,20.5,-0.375
gemma-2-2b,7,desc,desc,en,ja,新しい,"The opposite of ""新しい"" is """,古い,0,4,19.0,19.75,0.75
gemma-2-2b,7,desc,val,en,ja,新しい,"The opposite of ""新しい"" is """,古い,0,8,19.0,19.5,0.5
gemma-2-2b,7,desc,freq,en,ja,新しい,"The opposite of ""新しい"" is """,古い,0,2,19.0,13.9375,-5.0625
gemma-2-2b,7,val,desc,en,ja,新しい,"The opposite of ""新しい"" is """,古い,0,11,19.0,17.5,-1.5
gemma-2-2b,7,val,val,en,ja,新しい,"The opposite of ""新しい"" is """,古い,0,12,19.0,19.75,0.75
gemma-2-2b,7,val,freq,en,ja,新しい,"The opposite of ""新しい"" is """,古い,0,7,19.0,14.75,-4.25
gemma-2-2b,7,freq,desc,en,ja,新しい,"The opposite of ""新しい"" is """,古い,0,3,19.0,17.75,-1.25
gemma-2-2b,7,freq,val,en,ja,新しい,"The opposite of ""新しい"" is """,古い,0,6,19.0,18.375,-0.625
gemma-2-2b,7,freq,freq,en,ja,新しい,"The opposite of ""新しい"" is """,古い,0,2,19.0,19.125,0.125
gemma-2-2b,8,desc,desc,en,ja,正しい,"The opposite of ""正しい"" is """,間違った,0,13,20.375,21.5,1.125
gemma-2-2b,8,desc,val,en,ja,正しい,"The opposite of ""正しい"" is """,間違った,0,17,20.375,20.75,0.375
gemma-2-2b,8,desc,freq,en,ja,正しい,"The opposite of ""正しい"" is """,間違った,0,4,20.375,16.0,-4.375
gemma-2-2b,8,val,desc,en,ja,正しい,"The opposite of ""正しい"" is """,間違った,0,12,20.375,20.125,-0.25
gemma-2-2b,8,val,val,en,ja,正しい,"The opposite of ""正しい"" is """,間違った,0,21,20.375,21.25,0.875
gemma-2-2b,8,val,freq,en,ja,正しい,"The opposite of ""正しい"" is """,間違った,0,6,20.375,15.5625,-4.8125
gemma-2-2b,8,freq,desc,en,ja,正しい,"The opposite of ""正しい"" is """,間違った,0,11,20.375,18.5,-1.875
gemma-2-2b,8,freq,val,en,ja,正しい,"The opposite of ""正しい"" is """,間違った,0,11,20.375,18.75,-1.625
gemma-2-2b,8,freq,freq,en,ja,正しい,"The opposite of ""正しい"" is """,間違った,0,12,20.375,19.75,-0.625
gemma-2-2b,9,desc,desc,en,ja,生きている,"The opposite of ""生きている"" is """,死んでいる,0,1,18.25,22.5,4.25
gemma-2-2b,9,desc,val,en,ja,生きている,"The opposite of ""生きている"" is """,死んでいる,0,1,18.25,21.375,3.125
gemma-2-2b,9,desc,freq,en,ja,生きている,"The opposite of ""生きている"" is """,死んでいる,0,0,18.25,17.125,-1.125
gemma-2-2b,9,val,desc,en,ja,生きている,"The opposite of ""生きている"" is """,死んでいる,0,0,18.25,22.125,3.875
gemma-2-2b,9,val,val,en,ja,生きている,"The opposite of ""生きている"" is """,死んでいる,0,1,18.25,23.25,5.0
gemma-2-2b,9,val,freq,en,ja,生きている,"The opposite of ""生きている"" is """,死んでいる,0,0,18.25,18.625,0.375
gemma-2-2b,9,freq,desc,en,ja,生きている,"The opposite of ""生きている"" is """,死んでいる,0,0,18.25,19.5,1.25
gemma-2-2b,9,freq,val,en,ja,生きている,"The opposite of ""生きている"" is """,死んでいる,0,1,18.25,19.625,1.375
gemma-2-2b,9,freq,freq,en,ja,生きている,"The opposite of ""生きている"" is """,死んでいる,0,0,18.25,21.0,2.75
gemma-2-2b,10,desc,desc,en,ja,満杯,"The opposite of ""満杯"" is """,空っぽ,0,1,19.25,24.0,4.75
gemma-2-2b,10,desc,val,en,ja,満杯,"The opposite of ""満杯"" is """,空っぽ,0,1,19.25,23.875,4.625
gemma-2-2b,10,desc,freq,en,ja,満杯,"The opposite of ""満杯"" is """,空っぽ,0,7,19.25,17.75,-1.5
gemma-2-2b,10,val,desc,en,ja,満杯,"The opposite of ""満杯"" is """,空っぽ,0,0,19.25,22.375,3.125
gemma-2-2b,10,val,val,en,ja,満杯,"The opposite of ""満杯"" is """,空っぽ,0,3,19.25,24.0,4.75
gemma-2-2b,10,val,freq,en,ja,満杯,"The opposite of ""満杯"" is """,空っぽ,0,5,19.25,18.25,-1.0
gemma-2-2b,10,freq,desc,en,ja,満杯,"The opposite of ""満杯"" is """,空っぽ,0,0,19.25,21.625,2.375
gemma-2-2b,10,freq,val,en,ja,満杯,"The opposite of ""満杯"" is """,空っぽ,0,0,19.25,21.875,2.625
gemma-2-2b,10,freq,freq,en,ja,満杯,"The opposite of ""満杯"" is """,空っぽ,0,0,19.25,22.625,3.375
gemma-2-2b,11,desc,desc,en,ja,明るい,"The opposite of ""明るい"" is """,暗い,0,1,20.125,20.375,0.25
gemma-2-2b,11,desc,val,en,ja,明るい,"The opposite of ""明るい"" is """,暗い,0,4,20.125,19.75,-0.375
gemma-2-2b,11,desc,freq,en,ja,明るい,"The opposite of ""明るい"" is """,暗い,0,1,20.125,12.9375,-7.1875
gemma-2-2b,11,val,desc,en,ja,明るい,"The opposite of ""明るい"" is """,暗い,0,0,20.125,20.875,0.75
gemma-2-2b,11,val,val,en,ja,明るい,"The opposite of ""明るい"" is """,暗い,0,2,20.125,21.0,0.875
gemma-2-2b,11,val,freq,en,ja,明るい,"The opposite of ""明るい"" is """,暗い,0,0,20.125,15.8125,-4.3125
gemma-2-2b,11,freq,desc,en,ja,明るい,"The opposite of ""明るい"" is """,暗い,0,0,20.125,18.125,-2.0
gemma-2-2b,11,freq,val,en,ja,明るい,"The opposite of ""明るい"" is """,暗い,0,1,20.125,19.125,-1.0
gemma-2-2b,11,freq,freq,en,ja,明るい,"The opposite of ""明るい"" is """,暗い,0,1,20.125,19.5,-0.625
gemma-2-2b,12,desc,desc,en,ja,強い,"The opposite of ""強い"" is """,弱い,0,5,19.5,20.75,1.25
gemma-2-2b,12,desc,val,en,ja,強い,"The opposite of ""強い"" is """,弱い,0,13,19.5,19.125,-0.375
gemma-2-2b,12,desc,freq,en,ja,強い,"The opposite of ""強い"" is """,弱い,0,13,19.5,10.6875,-8.8125
gemma-2-2b,12,val,desc,en,ja,強い,"The opposite of ""強い"" is """,弱い,0,0,19.5,20.375,0.875
gemma-2-2b,12,val,val,en,ja,強い,"The opposite of ""強い"" is """,弱い,0,11,19.5,20.625,1.125
gemma-2-2b,12,val,freq,en,ja,強い,"The opposite of ""強い"" is """,弱い,0,9,19.5,12.75,-6.75
gemma-2-2b,12,freq,desc,en,ja,強い,"The opposite of ""強い"" is """,弱い,0,3,19.5,17.75,-1.75
gemma-2-2b,12,freq,val,en,ja,強い,"The opposite of ""強い"" is """,弱い,0,7,19.5,17.75,-1.75
gemma-2-2b,12,freq,freq,en,ja,強い,"The opposite of ""強い"" is """,弱い,0,5,19.5,18.75,-0.75
gemma-2-2b,13,desc,desc,en,ja,きれいな,"The opposite of ""きれいな"" is """,汚い,0,0,19.125,21.875,2.75
gemma-2-2b,13,desc,val,en,ja,きれいな,"The opposite of ""きれいな"" is """,汚い,0,0,19.125,21.0,1.875
gemma-2-2b,13,desc,freq,en,ja,きれいな,"The opposite of ""きれいな"" is """,汚い,0,0,19.125,15.9375,-3.1875
gemma-2-2b,13,val,desc,en,ja,きれいな,"The opposite of ""きれいな"" is """,汚い,0,0,19.125,20.75,1.625
gemma-2-2b,13,val,val,en,ja,きれいな,"The opposite of ""きれいな"" is """,汚い,0,0,19.125,21.875,2.75
gemma-2-2b,13,val,freq,en,ja,きれいな,"The opposite of ""きれいな"" is """,汚い,0,1,19.125,17.5,-1.625
gemma-2-2b,13,freq,desc,en,ja,きれいな,"The opposite of ""きれいな"" is """,汚い,0,0,19.125,19.5,0.375
gemma-2-2b,13,freq,val,en,ja,きれいな,"The opposite of ""きれいな"" is """,汚い,0,0,19.125,19.5,0.375
gemma-2-2b,13,freq,freq,en,ja,きれいな,"The opposite of ""きれいな"" is """,汚い,0,0,19.125,21.0,1.875
gemma-2-2b,14,desc,desc,en,ja,開いた,"The opposite of ""開いた"" is """,閉じた,0,5,18.875,21.5,2.625
gemma-2-2b,14,desc,val,en,ja,開いた,"The opposite of ""開いた"" is """,閉じた,0,7,18.875,21.125,2.25
gemma-2-2b,14,desc,freq,en,ja,開いた,"The opposite of ""開いた"" is """,閉じた,0,0,18.875,18.625,-0.25
gemma-2-2b,14,val,desc,en,ja,開いた,"The opposite of ""開いた"" is """,閉じた,0,1,18.875,20.875,2.0
gemma-2-2b,14,val,val,en,ja,開いた,"The opposite of ""開いた"" is """,閉じた,0,6,18.875,21.875,3.0
gemma-2-2b,14,val,freq,en,ja,開いた,"The opposite of ""開いた"" is """,閉じた,0,1,18.875,19.25,0.375
gemma-2-2b,14,freq,desc,en,ja,開いた,"The opposite of ""開いた"" is """,閉じた,0,1,18.875,20.0,1.125
gemma-2-2b,14,freq,val,en,ja,開いた,"The opposite of ""開いた"" is """,閉じた,0,1,18.875,20.25,1.375
gemma-2-2b,14,freq,freq,en,ja,開いた,"The opposite of ""開いた"" is """,閉じた,0,1,18.875,20.875,2.0
gemma-2-2b,15,desc,desc,en,ja,裕福な,"The opposite of ""裕福な"" is """,貧しい,0,6,20.125,21.0,0.875
gemma-2-2b,15,desc,val,en,ja,裕福な,"The opposite of ""裕福な"" is """,貧しい,0,8,20.125,21.0,0.875
gemma-2-2b,15,desc,freq,en,ja,裕福な,"The opposite of ""裕福な"" is """,貧しい,0,1,20.125,15.5625,-4.5625
gemma-2-2b,15,val,desc,en,ja,裕福な,"The opposite of ""裕福な"" is """,貧しい,0,3,20.125,20.875,0.75
gemma-2-2b,15,val,val,en,ja,裕福な,"The opposite of ""裕福な"" is """,貧しい,0,9,20.125,21.25,1.125
gemma-2-2b,15,val,freq,en,ja,裕福な,"The opposite of ""裕福な"" is """,貧しい,0,0,20.125,17.875,-2.25
gemma-2-2b,15,freq,desc,en,ja,裕福な,"The opposite of ""裕福な"" is """,貧しい,0,0,20.125,19.125,-1.0
gemma-2-2b,15,freq,val,en,ja,裕福な,"The opposite of ""裕福な"" is """,貧しい,0,0,20.125,19.875,-0.25
gemma-2-2b,15,freq,freq,en,ja,裕福な,"The opposite of ""裕福な"" is """,貧しい,0,2,20.125,20.125,0.0
gemma-2-2b,16,desc,desc,en,ja,美しい,"The opposite of ""美しい"" is """,醜い,0,1,18.75,22.75,4.0
gemma-2-2b,16,desc,val,en,ja,美しい,"The opposite of ""美しい"" is """,醜い,0,2,18.75,21.5,2.75
gemma-2-2b,16,desc,freq,en,ja,美しい,"The opposite of ""美しい"" is """,醜い,0,1,18.75,14.4375,-4.3125
gemma-2-2b,16,val,desc,en,ja,美しい,"The opposite of ""美しい"" is """,醜い,0,0,18.75,21.5,2.75
gemma-2-2b,16,val,val,en,ja,美しい,"The opposite of ""美しい"" is """,醜い,0,1,18.75,23.125,4.375
gemma-2-2b,16,val,freq,en,ja,美しい,"The opposite of ""美しい"" is """,醜い,0,18,18.75,15.125,-3.625
gemma-2-2b,16,freq,desc,en,ja,美しい,"The opposite of ""美しい"" is """,醜い,0,0,18.75,19.75,1.0
gemma-2-2b,16,freq,val,en,ja,美しい,"The opposite of ""美しい"" is """,醜い,0,0,18.75,20.0,1.25
gemma-2-2b,16,freq,freq,en,ja,美しい,"The opposite of ""美しい"" is """,醜い,0,0,18.75,21.0,2.25
gemma-2-2b,17,desc,desc,en,ja,長い,"The opposite of ""長い"" is """,短い,0,3,19.625,21.875,2.25
gemma-2-2b,17,desc,val,en,ja,長い,"The opposite of ""長い"" is """,短い,0,6,19.625,21.125,1.5
gemma-2-2b,17,desc,freq,en,ja,長い,"The opposite of ""長い"" is """,短い,0,0,19.625,17.75,-1.875
gemma-2-2b,17,val,desc,en,ja,長い,"The opposite of ""長い"" is """,短い,0,1,19.625,20.625,1.0
gemma-2-2b,17,val,val,en,ja,長い,"The opposite of ""長い"" is """,短い,0,6,19.625,21.875,2.25
gemma-2-2b,17,val,freq,en,ja,長い,"The opposite of ""長い"" is """,短い,0,1,19.625,18.25,-1.375
gemma-2-2b,17,freq,desc,en,ja,長い,"The opposite of ""長い"" is """,短い,0,1,19.625,19.5,-0.125
gemma-2-2b,17,freq,val,en,ja,長い,"The opposite of ""長い"" is """,短い,0,2,19.625,19.75,0.125
gemma-2-2b,17,freq,freq,en,ja,長い,"The opposite of ""長い"" is """,短い,0,2,19.625,20.75,1.125
gemma-2-2b,18,desc,desc,en,ja,広い,"The opposite of ""広い"" is """,狭い,0,2,21.125,23.5,2.375
gemma-2-2b,18,desc,val,en,ja,広い,"The opposite of ""広い"" is """,狭い,0,2,21.125,22.125,1.0
gemma-2-2b,18,desc,freq,en,ja,広い,"The opposite of ""広い"" is """,狭い,0,2,21.125,15.5625,-5.5625
gemma-2-2b,18,val,desc,en,ja,広い,"The opposite of ""広い"" is """,狭い,0,1,21.125,22.25,1.125
gemma-2-2b,18,val,val,en,ja,広い,"The opposite of ""広い"" is """,狭い,0,2,21.125,23.875,2.75
gemma-2-2b,18,val,freq,en,ja,広い,"The opposite of ""広い"" is """,狭い,0,5,21.125,17.0,-4.125
gemma-2-2b,18,freq,desc,en,ja,広い,"The opposite of ""広い"" is """,狭い,0,1,21.125,20.0,-1.125
gemma-2-2b,18,freq,val,en,ja,広い,"The opposite of ""広い"" is """,狭い,0,2,21.125,20.75,-0.375
gemma-2-2b,18,freq,freq,en,ja,広い,"The opposite of ""広い"" is """,狭い,0,2,21.125,21.5,0.375
gemma-2-2b,19,desc,desc,en,ja,硬い,"The opposite of ""硬い"" is """,柔らかい,1,16,16.0,18.25,2.25
gemma-2-2b,19,desc,val,en,ja,硬い,"The opposite of ""硬い"" is """,柔らかい,1,93,16.0,15.9375,-0.0625
gemma-2-2b,19,desc,freq,en,ja,硬い,"The opposite of ""硬い"" is """,柔らかい,1,19,16.0,9.875,-6.125
gemma-2-2b,19,val,desc,en,ja,硬い,"The opposite of ""硬い"" is """,柔らかい,1,42,16.0,15.8125,-0.1875
gemma-2-2b,19,val,val,en,ja,硬い,"The opposite of ""硬い"" is """,柔らかい,1,65,16.0,16.875,0.875
gemma-2-2b,19,val,freq,en,ja,硬い,"The opposite of ""硬い"" is """,柔らかい,1,20,16.0,11.5625,-4.4375
gemma-2-2b,19,freq,desc,en,ja,硬い,"The opposite of ""硬い"" is """,柔らかい,1,15,16.0,15.5625,-0.4375
gemma-2-2b,19,freq,val,en,ja,硬い,"The opposite of ""硬い"" is """,柔らかい,1,24,16.0,15.125,-0.875
gemma-2-2b,19,freq,freq,en,ja,硬い,"The opposite of ""硬い"" is """,柔らかい,1,19,16.0,16.5,0.5
gemma-2-2b,20,desc,desc,en,ja,乾いた,"The opposite of ""乾いた"" is """,湿った,0,3,18.75,22.75,4.0
gemma-2-2b,20,desc,val,en,ja,乾いた,"The opposite of ""乾いた"" is """,湿った,0,5,18.75,22.125,3.375
gemma-2-2b,20,desc,freq,en,ja,乾いた,"The opposite of ""乾いた"" is """,湿った,0,2,18.75,16.625,-2.125
gemma-2-2b,20,val,desc,en,ja,乾いた,"The opposite of ""乾いた"" is """,湿った,0,7,18.75,20.875,2.125
gemma-2-2b,20,val,val,en,ja,乾いた,"The opposite of ""乾いた"" is """,湿った,0,7,18.75,23.375,4.625
gemma-2-2b,20,val,freq,en,ja,乾いた,"The opposite of ""乾いた"" is """,湿った,0,7,18.75,16.75,-2.0
gemma-2-2b,20,freq,desc,en,ja,乾いた,"The opposite of ""乾いた"" is """,湿った,0,1,18.75,20.75,2.0
gemma-2-2b,20,freq,val,en,ja,乾いた,"The opposite of ""乾いた"" is """,湿った,0,1,18.75,20.75,2.0
gemma-2-2b,20,freq,freq,en,ja,乾いた,"The opposite of ""乾いた"" is """,湿った,0,1,18.75,21.375,2.625
gemma-2-2b,21,desc,desc,en,ja,うるさい,"The opposite of ""うるさい"" is """,静かな,0,1,18.25,21.875,3.625
gemma-2-2b,21,desc,val,en,ja,うるさい,"The opposite of ""うるさい"" is """,静かな,0,0,18.25,21.25,3.0
gemma-2-2b,21,desc,freq,en,ja,うるさい,"The opposite of ""うるさい"" is """,静かな,0,2,18.25,13.25,-5.0
gemma-2-2b,21,val,desc,en,ja,うるさい,"The opposite of ""うるさい"" is """,静かな,0,1,18.25,20.125,1.875
gemma-2-2b,21,val,val,en,ja,うるさい,"The opposite of ""うるさい"" is """,静かな,0,0,18.25,22.5,4.25
gemma-2-2b,21,val,freq,en,ja,うるさい,"The opposite of ""うるさい"" is """,静かな,0,4,18.25,14.5625,-3.6875
gemma-2-2b,21,freq,desc,en,ja,うるさい,"The opposite of ""うるさい"" is """,静かな,0,0,18.25,19.125,0.875
gemma-2-2b,21,freq,val,en,ja,うるさい,"The opposite of ""うるさい"" is """,静かな,0,0,18.25,19.75,1.5
gemma-2-2b,21,freq,freq,en,ja,うるさい,"The opposite of ""うるさい"" is """,静かな,0,1,18.25,21.0,2.75
gemma-2-2b,22,desc,desc,en,ja,早い,"The opposite of ""早い"" is """,遅い,0,0,21.375,23.125,1.75
gemma-2-2b,22,desc,val,en,ja,早い,"The opposite of ""早い"" is """,遅い,0,0,21.375,21.875,0.5
gemma-2-2b,22,desc,freq,en,ja,早い,"The opposite of ""早い"" is """,遅い,0,2,21.375,15.25,-6.125
gemma-2-2b,22,val,desc,en,ja,早い,"The opposite of ""早い"" is """,遅い,0,0,21.375,22.0,0.625
gemma-2-2b,22,val,val,en,ja,早い,"The opposite of ""早い"" is """,遅い,0,0,21.375,23.5,2.125
gemma-2-2b,22,val,freq,en,ja,早い,"The opposite of ""早い"" is """,遅い,0,2,21.375,16.875,-4.5
gemma-2-2b,22,freq,desc,en,ja,早い,"The opposite of ""早い"" is """,遅い,0,0,21.375,20.125,-1.25
gemma-2-2b,22,freq,val,en,ja,早い,"The opposite of ""早い"" is """,遅い,0,0,21.375,20.25,-1.125
gemma-2-2b,22,freq,freq,en,ja,早い,"The opposite of ""早い"" is """,遅い,0,0,21.375,21.375,0.0
gemma-2-2b,23,desc,desc,en,ja,近い,"The opposite of ""近い"" is """,遠い,0,4,21.5,23.0,1.5
gemma-2-2b,23,desc,val,en,ja,近い,"The opposite of ""近い"" is """,遠い,0,8,21.5,22.25,0.75
gemma-2-2b,23,desc,freq,en,ja,近い,"The opposite of ""近い"" is """,遠い,0,5,21.5,17.875,-3.625
gemma-2-2b,23,val,desc,en,ja,近い,"The opposite of ""近い"" is """,遠い,0,5,21.5,22.625,1.125
gemma-2-2b,23,val,val,en,ja,近い,"The opposite of ""近い"" is """,遠い,0,5,21.5,23.5,2.0
gemma-2-2b,23,val,freq,en,ja,近い,"The opposite of ""近い"" is """,遠い,0,5,21.5,18.75,-2.75
gemma-2-2b,23,freq,desc,en,ja,近い,"The opposite of ""近い"" is """,遠い,0,6,21.5,19.625,-1.875
gemma-2-2b,23,freq,val,en,ja,近い,"The opposite of ""近い"" is """,遠い,0,6,21.5,20.125,-1.375
gemma-2-2b,23,freq,freq,en,ja,近い,"The opposite of ""近い"" is """,遠い,0,5,21.5,21.125,-0.375
gemma-2-2b,24,desc,desc,en,ja,深い,"The opposite of ""深い"" is """,浅い,0,0,22.25,26.0,3.75
gemma-2-2b,24,desc,val,en,ja,深い,"The opposite of ""深い"" is """,浅い,0,0,22.25,24.875,2.625
gemma-2-2b,24,desc,freq,en,ja,深い,"The opposite of ""深い"" is """,浅い,0,0,22.25,21.875,-0.375
gemma-2-2b,24,val,desc,en,ja,深い,"The opposite of ""深い"" is """,浅い,0,0,22.25,25.0,2.75
gemma-2-2b,24,val,val,en,ja,深い,"The opposite of ""深い"" is """,浅い,0,0,22.25,26.125,3.875
gemma-2-2b,24,val,freq,en,ja,深い,"The opposite of ""深い"" is """,浅い,0,1,22.25,22.75,0.5
gemma-2-2b,24,freq,desc,en,ja,深い,"The opposite of ""深い"" is """,浅い,0,0,22.25,23.5,1.25
gemma-2-2b,24,freq,val,en,ja,深い,"The opposite of ""深い"" is """,浅い,0,0,22.25,23.5,1.25
gemma-2-2b,24,freq,freq,en,ja,深い,"The opposite of ""深い"" is """,浅い,0,0,22.25,24.5,2.25
gemma-2-2b,25,desc,desc,en,ja,悪い,"The opposite of ""悪い"" is """,良い,0,12,19.125,21.0,1.875
gemma-2-2b,25,desc,val,en,ja,悪い,"The opposite of ""悪い"" is """,良い,0,9,19.125,20.125,1.0
gemma-2-2b,25,desc,freq,en,ja,悪い,"The opposite of ""悪い"" is """,良い,0,14,19.125,11.5625,-7.5625
gemma-2-2b,25,val,desc,en,ja,悪い,"The opposite of ""悪い"" is """,良い,0,3,19.125,19.75,0.625
gemma-2-2b,25,val,val,en,ja,悪い,"The opposite of ""悪い"" is """,良い,0,14,19.125,20.625,1.5
gemma-2-2b,25,val,freq,en,ja,悪い,"The opposite of ""悪い"" is """,良い,0,10,19.125,12.4375,-6.6875
gemma-2-2b,25,freq,desc,en,ja,悪い,"The opposite of ""悪い"" is """,良い,0,7,19.125,18.125,-1.0
gemma-2-2b,25,freq,val,en,ja,悪い,"The opposite of ""悪い"" is """,良い,0,7,19.125,18.25,-0.875
gemma-2-2b,25,freq,freq,en,ja,悪い,"The opposite of ""悪い"" is """,良い,0,7,19.125,19.875,0.75
gemma-2-2b,26,desc,desc,en,ja,悲しい,"The opposite of ""悲しい"" is """,嬉しい,0,8,17.75,20.0,2.25
gemma-2-2b,26,desc,val,en,ja,悲しい,"The opposite of ""悲しい"" is """,嬉しい,0,12,17.75,19.125,1.375
gemma-2-2b,26,desc,freq,en,ja,悲しい,"The opposite of ""悲しい"" is """,嬉しい,0,81,17.75,7.6875,-10.0625
gemma-2-2b,26,val,desc,en,ja,悲しい,"The opposite of ""悲しい"" is """,嬉しい,0,13,17.75,16.375,-1.375
gemma-2-2b,26,val,val,en,ja,悲しい,"The opposite of ""悲しい"" is """,嬉しい,0,18,17.75,19.75,2.0
gemma-2-2b,26,val,freq,en,ja,悲しい,"The opposite of ""悲しい"" is """,嬉しい,0,201,17.75,7.25,-10.5
gemma-2-2b,26,freq,desc,en,ja,悲しい,"The opposite of ""悲しい"" is """,嬉しい,0,7,17.75,17.0,-0.75
gemma-2-2b,26,freq,val,en,ja,悲しい,"The opposite of ""悲しい"" is """,嬉しい,0,7,17.75,17.75,0.0
gemma-2-2b,26,freq,freq,en,ja,悲しい,"The opposite of ""悲しい"" is """,嬉しい,0,4,17.75,19.25,1.5
gemma-2-2b,27,desc,desc,en,ja,小さい,"The opposite of ""小さい"" is """,大きい,0,1,20.25,22.375,2.125
gemma-2-2b,27,desc,val,en,ja,小さい,"The opposite of ""小さい"" is """,大きい,0,4,20.25,21.5,1.25
gemma-2-2b,27,desc,freq,en,ja,小さい,"The opposite of ""小さい"" is """,大きい,0,2,20.25,14.125,-6.125
gemma-2-2b,27,val,desc,en,ja,小さい,"The opposite of ""小さい"" is """,大きい,0,0,20.25,20.75,0.5
gemma-2-2b,27,val,val,en,ja,小さい,"The opposite of ""小さい"" is """,大きい,0,6,20.25,22.0,1.75
gemma-2-2b,27,val,freq,en,ja,小さい,"The opposite of ""小さい"" is """,大きい,0,3,20.25,14.875,-5.375
gemma-2-2b,27,freq,desc,en,ja,小さい,"The opposite of ""小さい"" is """,大きい,0,0,20.25,19.75,-0.5
gemma-2-2b,27,freq,val,en,ja,小さい,"The opposite of ""小さい"" is """,大きい,0,4,20.25,19.875,-0.375
gemma-2-2b,27,freq,freq,en,ja,小さい,"The opposite of ""小さい"" is """,大きい,0,3,20.25,21.125,0.875
gemma-2-2b,28,desc,desc,en,ja,寒い,"The opposite of ""寒い"" is """,暑い,0,15,17.75,18.25,0.5
gemma-2-2b,28,desc,val,en,ja,寒い,"The opposite of ""寒い"" is """,暑い,0,30,17.75,17.75,0.0
gemma-2-2b,28,desc,freq,en,ja,寒い,"The opposite of ""寒い"" is """,暑い,0,9,17.75,9.5625,-8.1875
gemma-2-2b,28,val,desc,en,ja,寒い,"The opposite of ""寒い"" is """,暑い,0,25,17.75,15.375,-2.375
gemma-2-2b,28,val,val,en,ja,寒い,"The opposite of ""寒い"" is """,暑い,0,28,17.75,17.875,0.125
gemma-2-2b,28,val,freq,en,ja,寒い,"The opposite of ""寒い"" is """,暑い,0,32,17.75,10.0625,-7.6875
gemma-2-2b,28,freq,desc,en,ja,寒い,"The opposite of ""寒い"" is """,暑い,0,8,17.75,16.125,-1.625
gemma-2-2b,28,freq,val,en,ja,寒い,"The opposite of ""寒い"" is """,暑い,0,12,17.75,17.25,-0.5
gemma-2-2b,28,freq,freq,en,ja,寒い,"The opposite of ""寒い"" is """,暑い,0,14,17.75,17.75,0.0
gemma-2-2b,29,desc,desc,en,ja,遅い,"The opposite of ""遅い"" is """,早い,1,4,19.875,21.5,1.625
gemma-2-2b,29,desc,val,en,ja,遅い,"The opposite of ""遅い"" is """,早い,1,4,19.875,20.0,0.125
gemma-2-2b,29,desc,freq,en,ja,遅い,"The opposite of ""遅い"" is """,早い,1,0,19.875,12.25,-7.625
gemma-2-2b,29,val,desc,en,ja,遅い,"The opposite of ""遅い"" is """,早い,1,1,19.875,20.75,0.875
gemma-2-2b,29,val,val,en,ja,遅い,"The opposite of ""遅い"" is """,早い,1,3,19.875,21.875,2.0
gemma-2-2b,29,val,freq,en,ja,遅い,"The opposite of ""遅い"" is """,早い,1,0,19.875,13.3125,-6.5625
gemma-2-2b,29,freq,desc,en,ja,遅い,"The opposite of ""遅い"" is """,早い,1,3,19.875,18.125,-1.75
gemma-2-2b,29,freq,val,en,ja,遅い,"The opposite of ""遅い"" is """,早い,1,3,19.875,17.875,-2.0
gemma-2-2b,29,freq,freq,en,ja,遅い,"The opposite of ""遅い"" is """,早い,1,3,19.875,19.75,-0.125
gemma-2-2b,30,desc,desc,en,ja,重い,"The opposite of ""重い"" is """,軽い,0,8,19.75,20.75,1.0
gemma-2-2b,30,desc,val,en,ja,重い,"The opposite of ""重い"" is """,軽い,0,23,19.75,18.5,-1.25
gemma-2-2b,30,desc,freq,en,ja,重い,"The opposite of ""重い"" is """,軽い,0,4,19.75,14.6875,-5.0625
gemma-2-2b,30,val,desc,en,ja,重い,"The opposite of ""重い"" is """,軽い,0,3,19.75,19.875,0.125
gemma-2-2b,30,val,val,en,ja,重い,"The opposite of ""重い"" is """,軽い,0,8,19.75,20.125,0.375
gemma-2-2b,30,val,freq,en,ja,重い,"The opposite of ""重い"" is """,軽い,0,0,19.75,16.75,-3.0
gemma-2-2b,30,freq,desc,en,ja,重い,"The opposite of ""重い"" is """,軽い,0,6,19.75,17.625,-2.125
gemma-2-2b,30,freq,val,en,ja,重い,"The opposite of ""重い"" is """,軽い,0,7,19.75,17.25,-2.5
gemma-2-2b,30,freq,freq,en,ja,重い,"The opposite of ""重い"" is """,軽い,0,6,19.75,18.875,-0.875
gemma-2-2b,31,desc,desc,en,ja,難しい,"The opposite of ""難しい"" is """,簡単,0,39,17.625,16.5,-1.125
gemma-2-2b,31,desc,val,en,ja,難しい,"The opposite of ""難しい"" is """,簡単,0,32,17.625,16.875,-0.75
gemma-2-2b,31,desc,freq,en,ja,難しい,"The opposite of ""難しい"" is """,簡単,0,10,17.625,11.25,-6.375
gemma-2-2b,31,val,desc,en,ja,難しい,"The opposite of ""難しい"" is """,簡単,0,29,17.625,14.75,-2.875
gemma-2-2b,31,val,val,en,ja,難しい,"The opposite of ""難しい"" is """,簡単,0,45,17.625,16.5,-1.125
gemma-2-2b,31,val,freq,en,ja,難しい,"The opposite of ""難しい"" is """,簡単,0,13,17.625,11.6875,-5.9375
gemma-2-2b,31,freq,desc,en,ja,難しい,"The opposite of ""難しい"" is """,簡単,0,21,17.625,14.5,-3.125
gemma-2-2b,31,freq,val,en,ja,難しい,"The opposite of ""難しい"" is """,簡単,0,21,17.625,15.5625,-2.0625
gemma-2-2b,31,freq,freq,en,ja,難しい,"The opposite of ""難しい"" is """,簡単,0,31,17.625,15.5625,-2.0625
gemma-2-2b,32,desc,desc,en,ja,古い,"The opposite of ""古い"" is """,新しい,0,1,21.25,23.125,1.875
gemma-2-2b,32,desc,val,en,ja,古い,"The opposite of ""古い"" is """,新しい,0,0,21.25,23.5,2.25
gemma-2-2b,32,desc,freq,en,ja,古い,"The opposite of ""古い"" is """,新しい,0,0,21.25,17.875,-3.375
gemma-2-2b,32,val,desc,en,ja,古い,"The opposite of ""古い"" is """,新しい,0,0,21.25,23.125,1.875
gemma-2-2b,32,val,val,en,ja,古い,"The opposite of ""古い"" is """,新しい,0,2,21.25,23.375,2.125
gemma-2-2b,32,val,freq,en,ja,古い,"The opposite of ""古い"" is """,新しい,0,0,21.25,18.25,-3.0
gemma-2-2b,32,freq,desc,en,ja,古い,"The opposite of ""古い"" is """,新しい,0,0,21.25,20.875,-0.375
gemma-2-2b,32,freq,val,en,ja,古い,"The opposite of ""古い"" is """,新しい,0,1,21.25,21.375,0.125
gemma-2-2b,32,freq,freq,en,ja,古い,"The opposite of ""古い"" is """,新しい,0,1,21.25,21.875,0.625
gemma-2-2b,33,desc,desc,en,ja,間違った,"The opposite of ""間違った"" is """,正しい,0,5,21.375,22.75,1.375
gemma-2-2b,33,desc,val,en,ja,間違った,"The opposite of ""間違った"" is """,正しい,0,4,21.375,22.0,0.625
gemma-2-2b,33,desc,freq,en,ja,間違った,"The opposite of ""間違った"" is """,正しい,0,2,21.375,16.5,-4.875
gemma-2-2b,33,val,desc,en,ja,間違った,"The opposite of ""間違った"" is """,正しい,0,14,21.375,20.0,-1.375
gemma-2-2b,33,val,val,en,ja,間違った,"The opposite of ""間違った"" is """,正しい,0,10,21.375,22.25,0.875
gemma-2-2b,33,val,freq,en,ja,間違った,"The opposite of ""間違った"" is """,正しい,0,3,21.375,16.125,-5.25
gemma-2-2b,33,freq,desc,en,ja,間違った,"The opposite of ""間違った"" is """,正しい,0,8,21.375,18.875,-2.5
gemma-2-2b,33,freq,val,en,ja,間違った,"The opposite of ""間違った"" is """,正しい,0,4,21.375,19.875,-1.5
gemma-2-2b,33,freq,freq,en,ja,間違った,"The opposite of ""間違った"" is """,正しい,0,3,21.375,21.375,0.0
gemma-2-2b,34,desc,desc,en,ja,死んでいる,"The opposite of ""死んでいる"" is """,生きている,1,14,20.75,21.875,1.125
gemma-2-2b,34,desc,val,en,ja,死んでいる,"The opposite of ""死んでいる"" is """,生きている,1,15,20.75,21.5,0.75
gemma-2-2b,34,desc,freq,en,ja,死んでいる,"The opposite of ""死んでいる"" is """,生きている,1,7,20.75,18.0,-2.75
gemma-2-2b,34,val,desc,en,ja,死んでいる,"The opposite of ""死んでいる"" is """,生きている,1,9,20.75,21.25,0.5
gemma-2-2b,34,val,val,en,ja,死んでいる,"The opposite of ""死んでいる"" is """,生きている,1,21,20.75,21.875,1.125
gemma-2-2b,34,val,freq,en,ja,死んでいる,"The opposite of ""死んでいる"" is """,生きている,1,9,20.75,17.875,-2.875
gemma-2-2b,34,freq,desc,en,ja,死んでいる,"The opposite of ""死んでいる"" is """,生きている,1,11,20.75,19.25,-1.5
gemma-2-2b,34,freq,val,en,ja,死んでいる,"The opposite of ""死んでいる"" is """,生きている,1,14,20.75,19.25,-1.5
gemma-2-2b,34,freq,freq,en,ja,死んでいる,"The opposite of ""死んでいる"" is """,生きている,1,11,20.75,20.25,-0.5
gemma-2-2b,35,desc,desc,en,ja,空っぽ,"The opposite of ""空っぽ"" is """,満杯,0,24,20.25,21.625,1.375
gemma-2-2b,35,desc,val,en,ja,空っぽ,"The opposite of ""空っぽ"" is """,満杯,0,19,20.25,21.125,0.875
gemma-2-2b,35,desc,freq,en,ja,空っぽ,"The opposite of ""空っぽ"" is """,満杯,0,14,20.25,15.6875,-4.5625
gemma-2-2b,35,val,desc,en,ja,空っぽ,"The opposite of ""空っぽ"" is """,満杯,0,21,20.25,20.375,0.125
gemma-2-2b,35,val,val,en,ja,空っぽ,"The opposite of ""空っぽ"" is """,満杯,0,31,20.25,21.625,1.375
gemma-2-2b,35,val,freq,en,ja,空っぽ,"The opposite of ""空っぽ"" is """,満杯,0,13,20.25,17.0,-3.25
gemma-2-2b,35,freq,desc,en,ja,空っぽ,"The opposite of ""空っぽ"" is """,満杯,0,6,20.25,19.75,-0.5
gemma-2-2b,35,freq,val,en,ja,空っぽ,"The opposite of ""空っぽ"" is """,満杯,0,8,20.25,20.125,-0.125
gemma-2-2b,35,freq,freq,en,ja,空っぽ,"The opposite of ""空っぽ"" is """,満杯,0,7,20.25,20.5,0.25
gemma-2-2b,36,desc,desc,en,ja,暗い,"The opposite of ""暗い"" is """,明るい,0,2,21.125,22.125,1.0
gemma-2-2b,36,desc,val,en,ja,暗い,"The opposite of ""暗い"" is """,明るい,0,9,21.125,20.875,-0.25
gemma-2-2b,36,desc,freq,en,ja,暗い,"The opposite of ""暗い"" is """,明るい,0,1,21.125,14.9375,-6.1875
gemma-2-2b,36,val,desc,en,ja,暗い,"The opposite of ""暗い"" is """,明るい,0,3,21.125,19.75,-1.375
gemma-2-2b,36,val,val,en,ja,暗い,"The opposite of ""暗い"" is """,明るい,0,13,21.125,21.125,0.0
gemma-2-2b,36,val,freq,en,ja,暗い,"The opposite of ""暗い"" is """,明るい,0,2,21.125,15.375,-5.75
gemma-2-2b,36,freq,desc,en,ja,暗い,"The opposite of ""暗い"" is """,明るい,0,2,21.125,19.875,-1.25
gemma-2-2b,36,freq,val,en,ja,暗い,"The opposite of ""暗い"" is """,明るい,0,3,21.125,20.25,-0.875
gemma-2-2b,36,freq,freq,en,ja,暗い,"The opposite of ""暗い"" is """,明るい,0,2,21.125,21.25,0.125
gemma-2-2b,37,desc,desc,en,ja,弱い,"The opposite of ""弱い"" is """,強い,0,5,19.875,22.0,2.125
gemma-2-2b,37,desc,val,en,ja,弱い,"The opposite of ""弱い"" is """,強い,0,7,19.875,21.625,1.75
gemma-2-2b,37,desc,freq,en,ja,弱い,"The opposite of ""弱い"" is """,強い,0,6,19.875,13.9375,-5.9375
gemma-2-2b,37,val,desc,en,ja,弱い,"The opposite of ""弱い"" is """,強い,0,1,19.875,21.5,1.625
gemma-2-2b,37,val,val,en,ja,弱い,"The opposite of ""弱い"" is """,強い,0,6,19.875,23.125,3.25
gemma-2-2b,37,val,freq,en,ja,弱い,"The opposite of ""弱い"" is """,強い,0,1,19.875,16.375,-3.5
gemma-2-2b,37,freq,desc,en,ja,弱い,"The opposite of ""弱い"" is """,強い,0,4,19.875,19.125,-0.75
gemma-2-2b,37,freq,val,en,ja,弱い,"The opposite of ""弱い"" is """,強い,0,4,19.875,19.875,0.0
gemma-2-2b,37,freq,freq,en,ja,弱い,"The opposite of ""弱い"" is """,強い,0,3,19.875,21.0,1.125
gemma-2-2b,38,desc,desc,en,ja,汚い,"The opposite of ""汚い"" is """,きれい,0,9,17.0,19.75,2.75
gemma-2-2b,38,desc,val,en,ja,汚い,"The opposite of ""汚い"" is """,きれい,0,17,17.0,18.5,1.5
gemma-2-2b,38,desc,freq,en,ja,汚い,"The opposite of ""汚い"" is """,きれい,0,7,17.0,10.125,-6.875
gemma-2-2b,38,val,desc,en,ja,汚い,"The opposite of ""汚い"" is """,きれい,0,22,17.0,17.625,0.625
gemma-2-2b,38,val,val,en,ja,汚い,"The opposite of ""汚い"" is """,きれい,0,23,17.0,19.5,2.5
gemma-2-2b,38,val,freq,en,ja,汚い,"The opposite of ""汚い"" is """,きれい,0,19,17.0,12.875,-4.125
gemma-2-2b,38,freq,desc,en,ja,汚い,"The opposite of ""汚い"" is """,きれい,0,6,17.0,16.0,-1.0
gemma-2-2b,38,freq,val,en,ja,汚い,"The opposite of ""汚い"" is """,きれい,0,6,17.0,17.0,0.0
gemma-2-2b,38,freq,freq,en,ja,汚い,"The opposite of ""汚い"" is """,きれい,0,5,17.0,17.875,0.875
gemma-2-2b,39,desc,desc,en,ja,閉じた,"The opposite of ""閉じた"" is """,開いた,0,1,19.875,23.5,3.625
gemma-2-2b,39,desc,val,en,ja,閉じた,"The opposite of ""閉じた"" is """,開いた,0,1,19.875,23.875,4.0
gemma-2-2b,39,desc,freq,en,ja,閉じた,"The opposite of ""閉じた"" is """,開いた,0,1,19.875,18.375,-1.5
gemma-2-2b,39,val,desc,en,ja,閉じた,"The opposite of ""閉じた"" is """,開いた,0,0,19.875,23.125,3.25
gemma-2-2b,39,val,val,en,ja,閉じた,"The opposite of ""閉じた"" is """,開いた,0,2,19.875,24.125,4.25
gemma-2-2b,39,val,freq,en,ja,閉じた,"The opposite of ""閉じた"" is """,開いた,0,0,19.875,18.875,-1.0
gemma-2-2b,39,freq,desc,en,ja,閉じた,"The opposite of ""閉じた"" is """,開いた,0,0,19.875,21.5,1.625
gemma-2-2b,39,freq,val,en,ja,閉じた,"The opposite of ""閉じた"" is """,開いた,0,0,19.875,21.875,2.0
gemma-2-2b,39,freq,freq,en,ja,閉じた,"The opposite of ""閉じた"" is """,開いた,0,0,19.875,22.125,2.25
gemma-2-2b,40,desc,desc,en,ja,貧しい,"The opposite of ""貧しい"" is """,裕福な,2,17,17.5,19.875,2.375
gemma-2-2b,40,desc,val,en,ja,貧しい,"The opposite of ""貧しい"" is """,裕福な,2,19,17.5,19.75,2.25
gemma-2-2b,40,desc,freq,en,ja,貧しい,"The opposite of ""貧しい"" is """,裕福な,2,7,17.5,12.5625,-4.9375
gemma-2-2b,40,val,desc,en,ja,貧しい,"The opposite of ""貧しい"" is """,裕福な,2,7,17.5,20.625,3.125
gemma-2-2b,40,val,val,en,ja,貧しい,"The opposite of ""貧しい"" is """,裕福な,2,16,17.5,21.75,4.25
gemma-2-2b,40,val,freq,en,ja,貧しい,"The opposite of ""貧しい"" is """,裕福な,2,14,17.5,12.375,-5.125
gemma-2-2b,40,freq,desc,en,ja,貧しい,"The opposite of ""貧しい"" is """,裕福な,2,8,17.5,17.375,-0.125
gemma-2-2b,40,freq,val,en,ja,貧しい,"The opposite of ""貧しい"" is """,裕福な,2,11,17.5,18.0,0.5
gemma-2-2b,40,freq,freq,en,ja,貧しい,"The opposite of ""貧しい"" is """,裕福な,2,12,17.5,18.25,0.75
gemma-2-2b,41,desc,desc,en,ja,醜い,"The opposite of ""醜い"" is """,美しい,0,24,17.125,19.25,2.125
gemma-2-2b,41,desc,val,en,ja,醜い,"The opposite of ""醜い"" is """,美しい,0,40,17.125,17.875,0.75
gemma-2-2b,41,desc,freq,en,ja,醜い,"The opposite of ""醜い"" is """,美しい,0,10,17.125,12.0,-5.125
gemma-2-2b,41,val,desc,en,ja,醜い,"The opposite of ""醜い"" is """,美しい,0,64,17.125,15.125,-2.0
gemma-2-2b,41,val,val,en,ja,醜い,"The opposite of ""醜い"" is """,美しい,0,69,17.125,18.0,0.875
gemma-2-2b,41,val,freq,en,ja,醜い,"The opposite of ""醜い"" is """,美しい,0,31,17.125,12.125,-5.0
gemma-2-2b,41,freq,desc,en,ja,醜い,"The opposite of ""醜い"" is """,美しい,0,13,17.125,14.9375,-2.1875
gemma-2-2b,41,freq,val,en,ja,醜い,"The opposite of ""醜い"" is """,美しい,0,24,17.125,15.375,-1.75
gemma-2-2b,41,freq,freq,en,ja,醜い,"The opposite of ""醜い"" is """,美しい,0,12,17.125,16.875,-0.25
gemma-2-2b,42,desc,desc,en,ja,短い,"The opposite of ""短い"" is """,長い,0,2,20.875,23.875,3.0
gemma-2-2b,42,desc,val,en,ja,短い,"The opposite of ""短い"" is """,長い,0,3,20.875,23.0,2.125
gemma-2-2b,42,desc,freq,en,ja,短い,"The opposite of ""短い"" is """,長い,0,1,20.875,17.875,-3.0
gemma-2-2b,42,val,desc,en,ja,短い,"The opposite of ""短い"" is """,長い,0,1,20.875,22.25,1.375
gemma-2-2b,42,val,val,en,ja,短い,"The opposite of ""短い"" is """,長い,0,2,20.875,23.75,2.875
gemma-2-2b,42,val,freq,en,ja,短い,"The opposite of ""短い"" is """,長い,0,1,20.875,18.625,-2.25
gemma-2-2b,42,freq,desc,en,ja,短い,"The opposite of ""短い"" is """,長い,0,2,20.875,20.875,0.0
gemma-2-2b,42,freq,val,en,ja,短い,"The opposite of ""短い"" is """,長い,0,2,20.875,21.125,0.25
gemma-2-2b,42,freq,freq,en,ja,短い,"The opposite of ""短い"" is """,長い,0,2,20.875,22.375,1.5
gemma-2-2b,43,desc,desc,en,ja,狭い,"The opposite of ""狭い"" is """,広い,1,1,19.875,22.5,2.625
gemma-2-2b,43,desc,val,en,ja,狭い,"The opposite of ""狭い"" is """,広い,1,5,19.875,21.5,1.625
gemma-2-2b,43,desc,freq,en,ja,狭い,"The opposite of ""狭い"" is """,広い,1,9,19.875,13.8125,-6.0625
gemma-2-2b,43,val,desc,en,ja,狭い,"The opposite of ""狭い"" is """,広い,1,2,19.875,21.125,1.25
gemma-2-2b,43,val,val,en,ja,狭い,"The opposite of ""狭い"" is """,広い,1,8,19.875,22.25,2.375
gemma-2-2b,43,val,freq,en,ja,狭い,"The opposite of ""狭い"" is """,広い,1,11,19.875,14.9375,-4.9375
gemma-2-2b,43,freq,desc,en,ja,狭い,"The opposite of ""狭い"" is """,広い,1,2,19.875,19.5,-0.375
gemma-2-2b,43,freq,val,en,ja,狭い,"The opposite of ""狭い"" is """,広い,1,6,19.875,19.875,0.0
gemma-2-2b,43,freq,freq,en,ja,狭い,"The opposite of ""狭い"" is """,広い,1,5,19.875,20.625,0.75
gemma-2-2b,44,desc,desc,en,ja,柔らかい,"The opposite of ""柔らかい"" is """,硬い,0,2,16.625,20.875,4.25
gemma-2-2b,44,desc,val,en,ja,柔らかい,"The opposite of ""柔らかい"" is """,硬い,0,6,16.625,20.125,3.5
gemma-2-2b,44,desc,freq,en,ja,柔らかい,"The opposite of ""柔らかい"" is """,硬い,0,0,16.625,16.75,0.125
gemma-2-2b,44,val,desc,en,ja,柔らかい,"The opposite of ""柔らかい"" is """,硬い,0,0,16.625,20.375,3.75
gemma-2-2b,44,val,val,en,ja,柔らかい,"The opposite of ""柔らかい"" is """,硬い,0,4,16.625,21.5,4.875
gemma-2-2b,44,val,freq,en,ja,柔らかい,"The opposite of ""柔らかい"" is """,硬い,0,0,16.625,19.625,3.0
gemma-2-2b,44,freq,desc,en,ja,柔らかい,"The opposite of ""柔らかい"" is """,硬い,0,1,16.625,18.375,1.75
gemma-2-2b,44,freq,val,en,ja,柔らかい,"The opposite of ""柔らかい"" is """,硬い,0,1,16.625,18.875,2.25
gemma-2-2b,44,freq,freq,en,ja,柔らかい,"The opposite of ""柔らかい"" is """,硬い,0,1,16.625,19.875,3.25
gemma-2-2b,45,desc,desc,en,ja,濡れた,"The opposite of ""濡れた"" is """,乾いた,0,4,19.5,23.125,3.625
gemma-2-2b,45,desc,val,en,ja,濡れた,"The opposite of ""濡れた"" is """,乾いた,0,5,19.5,22.375,2.875
gemma-2-2b,45,desc,freq,en,ja,濡れた,"The opposite of ""濡れた"" is """,乾いた,0,0,19.5,18.875,-0.625
gemma-2-2b,45,val,desc,en,ja,濡れた,"The opposite of ""濡れた"" is """,乾いた,0,0,19.5,23.5,4.0
gemma-2-2b,45,val,val,en,ja,濡れた,"The opposite of ""濡れた"" is """,乾いた,0,3,19.5,24.0,4.5
gemma-2-2b,45,val,freq,en,ja,濡れた,"The opposite of ""濡れた"" is """,乾いた,0,0,19.5,21.25,1.75
gemma-2-2b,45,freq,desc,en,ja,濡れた,"The opposite of ""濡れた"" is """,乾いた,0,1,19.5,21.375,1.875
gemma-2-2b,45,freq,val,en,ja,濡れた,"The opposite of ""濡れた"" is """,乾いた,0,1,19.5,21.875,2.375
gemma-2-2b,45,freq,freq,en,ja,濡れた,"The opposite of ""濡れた"" is """,乾いた,0,1,19.5,21.875,2.375
gemma-2-2b,46,desc,desc,en,ja,静かな,"The opposite of ""静かな"" is """,うるさい,1,22,17.5,19.75,2.25
gemma-2-2b,46,desc,val,en,ja,静かな,"The opposite of ""静かな"" is """,うるさい,1,42,17.5,18.75,1.25
gemma-2-2b,46,desc,freq,en,ja,静かな,"The opposite of ""静かな"" is """,うるさい,1,12,17.5,11.875,-5.625
gemma-2-2b,46,val,desc,en,ja,静かな,"The opposite of ""静かな"" is """,うるさい,1,2,17.5,20.5,3.0
gemma-2-2b,46,val,val,en,ja,静かな,"The opposite of ""静かな"" is """,うるさい,1,24,17.5,20.375,2.875
gemma-2-2b,46,val,freq,en,ja,静かな,"The opposite of ""静かな"" is """,うるさい,1,2,17.5,17.0,-0.5
gemma-2-2b,46,freq,desc,en,ja,静かな,"The opposite of ""静かな"" is """,うるさい,1,12,17.5,17.625,0.125
gemma-2-2b,46,freq,val,en,ja,静かな,"The opposite of ""静かな"" is """,うるさい,1,16,17.5,17.875,0.375
gemma-2-2b,46,freq,freq,en,ja,静かな,"The opposite of ""静かな"" is """,うるさい,1,25,17.5,17.75,0.25
gemma-2-2b,47,desc,desc,en,ja,遅い,"The opposite of ""遅い"" is """,早い,1,8,19.875,21.5,1.625
gemma-2-2b,47,desc,val,en,ja,遅い,"The opposite of ""遅い"" is """,早い,1,14,19.875,20.0,0.125
gemma-2-2b,47,desc,freq,en,ja,遅い,"The opposite of ""遅い"" is """,早い,1,19,19.875,12.25,-7.625
gemma-2-2b,47,val,desc,en,ja,遅い,"The opposite of ""遅い"" is """,早い,1,5,19.875,20.75,0.875
gemma-2-2b,47,val,val,en,ja,遅い,"The opposite of ""遅い"" is """,早い,1,9,19.875,21.875,2.0
gemma-2-2b,47,val,freq,en,ja,遅い,"The opposite of ""遅い"" is """,早い,1,24,19.875,13.4375,-6.4375
gemma-2-2b,47,freq,desc,en,ja,遅い,"The opposite of ""遅い"" is """,早い,1,5,19.875,18.125,-1.75
gemma-2-2b,47,freq,val,en,ja,遅い,"The opposite of ""遅い"" is """,早い,1,9,19.875,17.875,-2.0
gemma-2-2b,47,freq,freq,en,ja,遅い,"The opposite of ""遅い"" is """,早い,1,9,19.875,19.75,-0.125
gemma-2-2b,48,desc,desc,en,ja,遠い,"The opposite of ""遠い"" is """,近い,2,5,19.75,21.625,1.875
gemma-2-2b,48,desc,val,en,ja,遠い,"The opposite of ""遠い"" is """,近い,2,7,19.75,21.0,1.25
gemma-2-2b,48,desc,freq,en,ja,遠い,"The opposite of ""遠い"" is """,近い,2,6,19.75,15.125,-4.625
gemma-2-2b,48,val,desc,en,ja,遠い,"The opposite of ""遠い"" is """,近い,2,2,19.75,21.375,1.625
gemma-2-2b,48,val,val,en,ja,遠い,"The opposite of ""遠い"" is """,近い,2,8,19.75,21.75,2.0
gemma-2-2b,48,val,freq,en,ja,遠い,"The opposite of ""遠い"" is """,近い,2,7,19.75,16.375,-3.375
gemma-2-2b,48,freq,desc,en,ja,遠い,"The opposite of ""遠い"" is """,近い,2,4,19.75,18.75,-1.0
gemma-2-2b,48,freq,val,en,ja,遠い,"The opposite of ""遠い"" is """,近い,2,7,19.75,19.25,-0.5
gemma-2-2b,48,freq,freq,en,ja,遠い,"The opposite of ""遠い"" is """,近い,2,5,19.75,20.125,0.375
gemma-2-2b,49,desc,desc,en,ja,浅い,"The opposite of ""浅い"" is """,深い,0,1,19.875,22.0,2.125
gemma-2-2b,49,desc,val,en,ja,浅い,"The opposite of ""浅い"" is """,深い,0,6,19.875,21.125,1.25
gemma-2-2b,49,desc,freq,en,ja,浅い,"The opposite of ""浅い"" is """,深い,0,1,19.875,16.25,-3.625
gemma-2-2b,49,val,desc,en,ja,浅い,"The opposite of ""浅い"" is """,深い,0,0,19.875,21.625,1.75
gemma-2-2b,49,val,val,en,ja,浅い,"The opposite of ""浅い"" is """,深い,0,5,19.875,21.875,2.0
gemma-2-2b,49,val,freq,en,ja,浅い,"The opposite of ""浅い"" is """,深い,0,2,19.875,17.875,-2.0
gemma-2-2b,49,freq,desc,en,ja,浅い,"The opposite of ""浅い"" is """,深い,0,2,19.875,17.875,-2.0
gemma-2-2b,49,freq,val,en,ja,浅い,"The opposite of ""浅い"" is """,深い,0,3,19.875,17.625,-2.25
gemma-2-2b,49,freq,freq,en,ja,浅い,"The opposite of ""浅い"" is """,深い,0,3,19.875,18.75,-1.125
gemma-2-2b,50,desc,desc,en,ja,若い,"The opposite of ""若い"" is """,老いた,1,3,16.5,21.375,4.875
gemma-2-2b,50,desc,val,en,ja,若い,"The opposite of ""若い"" is """,老いた,1,13,16.5,20.125,3.625
gemma-2-2b,50,desc,freq,en,ja,若い,"The opposite of ""若い"" is """,老いた,1,4,16.5,15.5625,-0.9375
gemma-2-2b,50,val,desc,en,ja,若い,"The opposite of ""若い"" is """,老いた,1,5,16.5,19.375,2.875
gemma-2-2b,50,val,val,en,ja,若い,"The opposite of ""若い"" is """,老いた,1,8,16.5,21.25,4.75
gemma-2-2b,50,val,freq,en,ja,若い,"The opposite of ""若い"" is """,老いた,1,1,16.5,17.25,0.75
gemma-2-2b,50,freq,desc,en,ja,若い,"The opposite of ""若い"" is """,老いた,1,1,16.5,19.625,3.125
gemma-2-2b,50,freq,val,en,ja,若い,"The opposite of ""若い"" is """,老いた,1,2,16.5,20.125,3.625
gemma-2-2b,50,freq,freq,en,ja,若い,"The opposite of ""若い"" is """,老いた,1,1,16.5,21.0,4.5
gemma-2-2b,51,desc,desc,en,ja,親切な,"The opposite of ""親切な"" is """,不親切な,0,3,18.25,21.875,3.625
gemma-2-2b,51,desc,val,en,ja,親切な,"The opposite of ""親切な"" is """,不親切な,0,3,18.25,21.875,3.625
gemma-2-2b,51,desc,freq,en,ja,親切な,"The opposite of ""親切な"" is """,不親切な,0,21,18.25,13.4375,-4.8125
gemma-2-2b,51,val,desc,en,ja,親切な,"The opposite of ""親切な"" is """,不親切な,0,1,18.25,21.5,3.25
gemma-2-2b,51,val,val,en,ja,親切な,"The opposite of ""親切な"" is """,不親切な,0,3,18.25,22.75,4.5
gemma-2-2b,51,val,freq,en,ja,親切な,"The opposite of ""親切な"" is """,不親切な,0,10,18.25,15.375,-2.875
gemma-2-2b,51,freq,desc,en,ja,親切な,"The opposite of ""親切な"" is """,不親切な,0,0,18.25,19.75,1.5
gemma-2-2b,51,freq,val,en,ja,親切な,"The opposite of ""親切な"" is """,不親切な,0,0,18.25,20.75,2.5
gemma-2-2b,51,freq,freq,en,ja,親切な,"The opposite of ""親切な"" is """,不親切な,0,0,18.25,21.0,2.75
gemma-2-2b,52,desc,desc,en,ja,勇敢な,"The opposite of ""勇敢な"" is """,臆病な,0,28,17.75,18.75,1.0
gemma-2-2b,52,desc,val,en,ja,勇敢な,"The opposite of ""勇敢な"" is """,臆病な,0,107,17.75,17.375,-0.375
gemma-2-2b,52,desc,freq,en,ja,勇敢な,"The opposite of ""勇敢な"" is """,臆病な,0,7,17.75,13.125,-4.625
gemma-2-2b,52,val,desc,en,ja,勇敢な,"The opposite of ""勇敢な"" is """,臆病な,0,2,17.75,21.375,3.625
gemma-2-2b,52,val,val,en,ja,勇敢な,"The opposite of ""勇敢な"" is """,臆病な,0,30,17.75,19.875,2.125
gemma-2-2b,52,val,freq,en,ja,勇敢な,"The opposite of ""勇敢な"" is """,臆病な,0,5,17.75,17.5,-0.25
gemma-2-2b,52,freq,desc,en,ja,勇敢な,"The opposite of ""勇敢な"" is """,臆病な,0,9,17.75,17.0,-0.75
gemma-2-2b,52,freq,val,en,ja,勇敢な,"The opposite of ""勇敢な"" is """,臆病な,0,23,17.75,16.5,-1.25
gemma-2-2b,52,freq,freq,en,ja,勇敢な,"The opposite of ""勇敢な"" is """,臆病な,0,9,17.75,17.375,-0.375
gemma-2-2b,53,desc,desc,en,ja,賢い,"The opposite of ""賢い"" is """,愚かな,0,4,16.625,20.0,3.375
gemma-2-2b,53,desc,val,en,ja,賢い,"The opposite of ""賢い"" is """,愚かな,0,57,16.625,17.875,1.25
gemma-2-2b,53,desc,freq,en,ja,賢い,"The opposite of ""賢い"" is """,愚かな,0,14,16.625,11.5625,-5.0625
gemma-2-2b,53,val,desc,en,ja,賢い,"The opposite of ""賢い"" is """,愚かな,0,16,16.625,17.875,1.25
gemma-2-2b,53,val,val,en,ja,賢い,"The opposite of ""賢い"" is """,愚かな,0,12,16.625,19.75,3.125
gemma-2-2b,53,val,freq,en,ja,賢い,"The opposite of ""賢い"" is """,愚かな,0,8,16.625,14.125,-2.5
gemma-2-2b,53,freq,desc,en,ja,賢い,"The opposite of ""賢い"" is """,愚かな,0,0,16.625,18.0,1.375
gemma-2-2b,53,freq,val,en,ja,賢い,"The opposite of ""賢い"" is """,愚かな,0,3,16.625,18.25,1.625
gemma-2-2b,53,freq,freq,en,ja,賢い,"The opposite of ""賢い"" is """,愚かな,0,0,16.625,18.875,2.25
gemma-2-2b,54,desc,desc,en,ja,丁寧な,"The opposite of ""丁寧な"" is """,粗略な,0,2,18.0,21.875,3.875
gemma-2-2b,54,desc,val,en,ja,丁寧な,"The opposite of ""丁寧な"" is """,粗略な,0,6,18.0,21.125,3.125
gemma-2-2b,54,desc,freq,en,ja,丁寧な,"The opposite of ""丁寧な"" is """,粗略な,0,4,18.0,16.0,-2.0
gemma-2-2b,54,val,desc,en,ja,丁寧な,"The opposite of ""丁寧な"" is """,粗略な,0,1,18.0,21.5,3.5
gemma-2-2b,54,val,val,en,ja,丁寧な,"The opposite of ""丁寧な"" is """,粗略な,0,7,18.0,22.375,4.375
gemma-2-2b,54,val,freq,en,ja,丁寧な,"The opposite of ""丁寧な"" is """,粗略な,0,3,18.0,17.875,-0.125
gemma-2-2b,54,freq,desc,en,ja,丁寧な,"The opposite of ""丁寧な"" is """,粗略な,0,0,18.0,20.375,2.375
gemma-2-2b,54,freq,val,en,ja,丁寧な,"The opposite of ""丁寧な"" is """,粗略な,0,0,18.0,20.625,2.625
gemma-2-2b,54,freq,freq,en,ja,丁寧な,"The opposite of ""丁寧な"" is """,粗略な,0,0,18.0,21.0,3.0
gemma-2-2b,55,desc,desc,en,ja,我慢強い,"The opposite of ""我慢強い"" is """,せっかちな,337,2864,11.6875,14.5,2.8125
gemma-2-2b,55,desc,val,en,ja,我慢強い,"The opposite of ""我慢強い"" is """,せっかちな,337,3465,11.6875,13.4375,1.75
gemma-2-2b,55,desc,freq,en,ja,我慢強い,"The opposite of ""我慢強い"" is """,せっかちな,337,685,11.6875,9.9375,-1.75
gemma-2-2b,55,val,desc,en,ja,我慢強い,"The opposite of ""我慢強い"" is """,せっかちな,337,1346,11.6875,13.1875,1.5
gemma-2-2b,55,val,val,en,ja,我慢強い,"The opposite of ""我慢強い"" is """,せっかちな,337,4443,11.6875,13.1875,1.5
gemma-2-2b,55,val,freq,en,ja,我慢強い,"The opposite of ""我慢強い"" is """,せっかちな,337,113,11.6875,12.6875,1.0
gemma-2-2b,55,freq,desc,en,ja,我慢強い,"The opposite of ""我慢強い"" is """,せっかちな,337,957,11.6875,12.875,1.1875
gemma-2-2b,55,freq,val,en,ja,我慢強い,"The opposite of ""我慢強い"" is """,せっかちな,337,1443,11.6875,12.4375,0.75
gemma-2-2b,55,freq,freq,en,ja,我慢強い,"The opposite of ""我慢強い"" is """,せっかちな,337,1296,11.6875,13.4375,1.75
gemma-2-2b,56,desc,desc,en,ja,正直な,"The opposite of ""正直な"" is """,不正直な,0,2,17.75,22.125,4.375
gemma-2-2b,56,desc,val,en,ja,正直な,"The opposite of ""正直な"" is """,不正直な,0,0,17.75,22.375,4.625
gemma-2-2b,56,desc,freq,en,ja,正直な,"The opposite of ""正直な"" is """,不正直な,0,52,17.75,12.0625,-5.6875
gemma-2-2b,56,val,desc,en,ja,正直な,"The opposite of ""正直な"" is """,不正直な,0,0,17.75,21.5,3.75
gemma-2-2b,56,val,val,en,ja,正直な,"The opposite of ""正直な"" is """,不正直な,0,1,17.75,23.25,5.5
gemma-2-2b,56,val,freq,en,ja,正直な,"The opposite of ""正直な"" is """,不正直な,0,38,17.75,14.4375,-3.3125
gemma-2-2b,56,freq,desc,en,ja,正直な,"The opposite of ""正直な"" is """,不正直な,0,1,17.75,19.125,1.375
gemma-2-2b,56,freq,val,en,ja,正直な,"The opposite of ""正直な"" is """,不正直な,0,0,17.75,20.5,2.75
gemma-2-2b,56,freq,freq,en,ja,正直な,"The opposite of ""正直な"" is """,不正直な,0,0,17.75,20.0,2.25
gemma-2-2b,57,desc,desc,en,ja,安全な,"The opposite of ""安全な"" is """,危険な,0,12,22.25,23.125,0.875
gemma-2-2b,57,desc,val,en,ja,安全な,"The opposite of ""安全な"" is """,危険な,0,12,22.25,22.875,0.625
gemma-2-2b,57,desc,freq,en,ja,安全な,"The opposite of ""安全な"" is """,危険な,0,5,22.25,17.625,-4.625
gemma-2-2b,57,val,desc,en,ja,安全な,"The opposite of ""安全な"" is """,危険な,0,7,22.25,22.75,0.5
gemma-2-2b,57,val,val,en,ja,安全な,"The opposite of ""安全な"" is """,危険な,0,19,22.25,23.125,0.875
gemma-2-2b,57,val,freq,en,ja,安全な,"The opposite of ""安全な"" is """,危険な,0,6,22.25,18.25,-4.0
gemma-2-2b,57,freq,desc,en,ja,安全な,"The opposite of ""安全な"" is """,危険な,0,5,22.25,20.875,-1.375
gemma-2-2b,57,freq,val,en,ja,安全な,"The opposite of ""安全な"" is """,危険な,0,9,22.25,21.0,-1.25
gemma-2-2b,57,freq,freq,en,ja,安全な,"The opposite of ""安全な"" is """,危険な,0,8,22.25,21.75,-0.5
gemma-2-2b,58,desc,desc,en,ja,活動的な,"The opposite of ""活動的な"" is """,消極的な,5,20,15.5625,19.875,4.3125
gemma-2-2b,58,desc,val,en,ja,活動的な,"The opposite of ""活動的な"" is """,消極的な,5,46,15.5625,19.25,3.6875
gemma-2-2b,58,desc,freq,en,ja,活動的な,"The opposite of ""活動的な"" is """,消極的な,5,56,15.5625,9.75,-5.8125
gemma-2-2b,58,val,desc,en,ja,活動的な,"The opposite of ""活動的な"" is """,消極的な,5,23,15.5625,18.75,3.1875
gemma-2-2b,58,val,val,en,ja,活動的な,"The opposite of ""活動的な"" is """,消極的な,5,28,15.5625,21.125,5.5625
gemma-2-2b,58,val,freq,en,ja,活動的な,"The opposite of ""活動的な"" is """,消極的な,5,27,15.5625,11.5,-4.0625
gemma-2-2b,58,freq,desc,en,ja,活動的な,"The opposite of ""活動的な"" is """,消極的な,5,6,15.5625,17.75,2.1875
gemma-2-2b,58,freq,val,en,ja,活動的な,"The opposite of ""活動的な"" is """,消極的な,5,6,15.5625,19.25,3.6875
gemma-2-2b,58,freq,freq,en,ja,活動的な,"The opposite of ""活動的な"" is """,消極的な,5,6,15.5625,18.75,3.1875
gemma-2-2b,59,desc,desc,en,ja,まっすぐな,"The opposite of ""まっすぐな"" is """,曲がった,1,27,16.75,19.75,3.0
gemma-2-2b,59,desc,val,en,ja,まっすぐな,"The opposite of ""まっすぐな"" is """,曲がった,1,8,16.75,20.375,3.625
gemma-2-2b,59,desc,freq,en,ja,まっすぐな,"The opposite of ""まっすぐな"" is """,曲がった,1,4,16.75,14.75,-2.0
gemma-2-2b,59,val,desc,en,ja,まっすぐな,"The opposite of ""まっすぐな"" is """,曲がった,1,3,16.75,21.125,4.375
gemma-2-2b,59,val,val,en,ja,まっすぐな,"The opposite of ""まっすぐな"" is """,曲がった,1,32,16.75,20.5,3.75
gemma-2-2b,59,val,freq,en,ja,まっすぐな,"The opposite of ""まっすぐな"" is """,曲がった,1,5,16.75,16.375,-0.375
gemma-2-2b,59,freq,desc,en,ja,まっすぐな,"The opposite of ""まっすぐな"" is """,曲がった,1,19,16.75,17.0,0.25
gemma-2-2b,59,freq,val,en,ja,まっすぐな,"The opposite of ""まっすぐな"" is """,曲がった,1,8,16.75,18.5,1.75
gemma-2-2b,59,freq,freq,en,ja,まっすぐな,"The opposite of ""まっすぐな"" is """,曲がった,1,35,16.75,18.0,1.25
gemma-2-2b,60,desc,desc,en,ja,全体の,"The opposite of ""全体の"" is """,部分的な,0,8,19.625,22.25,2.625
gemma-2-2b,60,desc,val,en,ja,全体の,"The opposite of ""全体の"" is """,部分的な,0,14,19.625,21.125,1.5
gemma-2-2b,60,desc,freq,en,ja,全体の,"The opposite of ""全体の"" is """,部分的な,0,28,19.625,15.375,-4.25
gemma-2-2b,60,val,desc,en,ja,全体の,"The opposite of ""全体の"" is """,部分的な,0,15,19.625,20.125,0.5
gemma-2-2b,60,val,val,en,ja,全体の,"The opposite of ""全体の"" is """,部分的な,0,11,19.625,22.375,2.75
gemma-2-2b,60,val,freq,en,ja,全体の,"The opposite of ""全体の"" is """,部分的な,0,22,19.625,16.125,-3.5
gemma-2-2b,60,freq,desc,en,ja,全体の,"The opposite of ""全体の"" is """,部分的な,0,5,19.625,19.125,-0.5
gemma-2-2b,60,freq,val,en,ja,全体の,"The opposite of ""全体の"" is """,部分的な,0,3,19.625,19.75,0.125
gemma-2-2b,60,freq,freq,en,ja,全体の,"The opposite of ""全体の"" is """,部分的な,0,2,19.625,20.625,1.0
gemma-2-2b,61,desc,desc,en,ja,穏やかな,"The opposite of ""穏やかな"" is """,荒れた,1,3,19.75,22.875,3.125
gemma-2-2b,61,desc,val,en,ja,穏やかな,"The opposite of ""穏やかな"" is """,荒れた,1,2,19.75,22.25,2.5
gemma-2-2b,61,desc,freq,en,ja,穏やかな,"The opposite of ""穏やかな"" is """,荒れた,1,1,19.75,17.5,-2.25
gemma-2-2b,61,val,desc,en,ja,穏やかな,"The opposite of ""穏やかな"" is """,荒れた,1,0,19.75,23.75,4.0
gemma-2-2b,61,val,val,en,ja,穏やかな,"The opposite of ""穏やかな"" is """,荒れた,1,1,19.75,23.875,4.125
gemma-2-2b,61,val,freq,en,ja,穏やかな,"The opposite of ""穏やかな"" is """,荒れた,1,0,19.75,20.875,1.125
gemma-2-2b,61,freq,desc,en,ja,穏やかな,"The opposite of ""穏やかな"" is """,荒れた,1,2,19.75,20.125,0.375
gemma-2-2b,61,freq,val,en,ja,穏やかな,"The opposite of ""穏やかな"" is """,荒れた,1,2,19.75,21.0,1.25
gemma-2-2b,61,freq,freq,en,ja,穏やかな,"The opposite of ""穏やかな"" is """,荒れた,1,2,19.75,21.625,1.875
gemma-2-2b,62,desc,desc,en,ja,正しい,"The opposite of ""正しい"" is """,間違っている,0,13,20.375,21.5,1.125
gemma-2-2b,62,desc,val,en,ja,正しい,"The opposite of ""正しい"" is """,間違っている,0,17,20.375,20.75,0.375
gemma-2-2b,62,desc,freq,en,ja,正しい,"The opposite of ""正しい"" is """,間違っている,0,4,20.375,16.0,-4.375
gemma-2-2b,62,val,desc,en,ja,正しい,"The opposite of ""正しい"" is """,間違っている,0,12,20.375,20.125,-0.25
gemma-2-2b,62,val,val,en,ja,正しい,"The opposite of ""正しい"" is """,間違っている,0,21,20.375,21.25,0.875
gemma-2-2b,62,val,freq,en,ja,正しい,"The opposite of ""正しい"" is """,間違っている,0,6,20.375,15.5625,-4.8125
gemma-2-2b,62,freq,desc,en,ja,正しい,"The opposite of ""正しい"" is """,間違っている,0,11,20.375,18.5,-1.875
gemma-2-2b,62,freq,val,en,ja,正しい,"The opposite of ""正しい"" is """,間違っている,0,11,20.375,18.75,-1.625
gemma-2-2b,62,freq,freq,en,ja,正しい,"The opposite of ""正しい"" is """,間違っている,0,12,20.375,19.75,-0.625
gemma-2-2b,63,desc,desc,en,ja,複雑な,"The opposite of ""複雑な"" is """,単純な,0,4,20.625,22.0,1.375
gemma-2-2b,63,desc,val,en,ja,複雑な,"The opposite of ""複雑な"" is """,単純な,0,3,20.625,22.625,2.0
gemma-2-2b,63,desc,freq,en,ja,複雑な,"The opposite of ""複雑な"" is """,単純な,0,0,20.625,17.0,-3.625
gemma-2-2b,63,val,desc,en,ja,複雑な,"The opposite of ""複雑な"" is """,単純な,0,2,20.625,20.875,0.25
gemma-2-2b,63,val,val,en,ja,複雑な,"The opposite of ""複雑な"" is """,単純な,0,8,20.625,22.0,1.375
gemma-2-2b,63,val,freq,en,ja,複雑な,"The opposite of ""複雑な"" is """,単純な,0,0,20.625,15.8125,-4.8125
gemma-2-2b,63,freq,desc,en,ja,複雑な,"The opposite of ""複雑な"" is """,単純な,0,3,20.625,19.75,-0.875
gemma-2-2b,63,freq,val,en,ja,複雑な,"The opposite of ""複雑な"" is """,単純な,0,5,20.625,20.0,-0.625
gemma-2-2b,63,freq,freq,en,ja,複雑な,"The opposite of ""複雑な"" is """,単純な,0,5,20.625,21.0,0.375
gemma-2-2b,64,desc,desc,en,ja,効果的な,"The opposite of ""効果的な"" is """,非効果的な,2,29,18.125,20.125,2.0
gemma-2-2b,64,desc,val,en,ja,効果的な,"The opposite of ""効果的な"" is """,非効果的な,2,59,18.125,18.875,0.75
gemma-2-2b,64,desc,freq,en,ja,効果的な,"The opposite of ""効果的な"" is """,非効果的な,2,8,18.125,14.9375,-3.1875
gemma-2-2b,64,val,desc,en,ja,効果的な,"The opposite of ""効果的な"" is """,非効果的な,2,34,18.125,18.0,-0.125
gemma-2-2b,64,val,val,en,ja,効果的な,"The opposite of ""効果的な"" is """,非効果的な,2,47,18.125,19.25,1.125
gemma-2-2b,64,val,freq,en,ja,効果的な,"The opposite of ""効果的な"" is """,非効果的な,2,10,18.125,15.375,-2.75
gemma-2-2b,64,freq,desc,en,ja,効果的な,"The opposite of ""効果的な"" is """,非効果的な,2,12,18.125,18.625,0.5
gemma-2-2b,64,freq,val,en,ja,効果的な,"The opposite of ""効果的な"" is """,非効果的な,2,21,18.125,18.25,0.125
gemma-2-2b,64,freq,freq,en,ja,効果的な,"The opposite of ""効果的な"" is """,非効果的な,2,20,18.125,19.25,1.125
gemma-2-2b,65,desc,desc,en,ja,有名な,"The opposite of ""有名な"" is """,無名の,2,13,17.25,20.625,3.375
gemma-2-2b,65,desc,val,en,ja,有名な,"The opposite of ""有名な"" is """,無名の,2,5,17.25,21.25,4.0
gemma-2-2b,65,desc,freq,en,ja,有名な,"The opposite of ""有名な"" is """,無名の,2,0,17.25,16.5,-0.75
gemma-2-2b,65,val,desc,en,ja,有名な,"The opposite of ""有名な"" is """,無名の,2,6,17.25,19.5,2.25
gemma-2-2b,65,val,val,en,ja,有名な,"The opposite of ""有名な"" is """,無名の,2,14,17.25,20.875,3.625
gemma-2-2b,65,val,freq,en,ja,有名な,"The opposite of ""有名な"" is """,無名の,2,2,17.25,17.0,-0.25
gemma-2-2b,65,freq,desc,en,ja,有名な,"The opposite of ""有名な"" is """,無名の,2,2,17.25,19.25,2.0
gemma-2-2b,65,freq,val,en,ja,有名な,"The opposite of ""有名な"" is """,無名の,2,2,17.25,20.0,2.75
gemma-2-2b,65,freq,freq,en,ja,有名な,"The opposite of ""有名な"" is """,無名の,2,3,17.25,20.125,2.875
gemma-2-2b,66,desc,desc,en,ja,寛大な,"The opposite of ""寛大な"" is """,ケチな,107,144,13.125,18.0,4.875
gemma-2-2b,66,desc,val,en,ja,寛大な,"The opposite of ""寛大な"" is """,ケチな,107,34,13.125,19.75,6.625
gemma-2-2b,66,desc,freq,en,ja,寛大な,"The opposite of ""寛大な"" is """,ケチな,107,13,13.125,12.8125,-0.3125
gemma-2-2b,66,val,desc,en,ja,寛大な,"The opposite of ""寛大な"" is """,ケチな,107,43,13.125,18.875,5.75
gemma-2-2b,66,val,val,en,ja,寛大な,"The opposite of ""寛大な"" is """,ケチな,107,82,13.125,19.625,6.5
gemma-2-2b,66,val,freq,en,ja,寛大な,"The opposite of ""寛大な"" is """,ケチな,107,51,13.125,13.625,0.5
gemma-2-2b,66,freq,desc,en,ja,寛大な,"The opposite of ""寛大な"" is """,ケチな,107,52,13.125,15.5625,2.4375
gemma-2-2b,66,freq,val,en,ja,寛大な,"The opposite of ""寛大な"" is """,ケチな,107,82,13.125,16.0,2.875
gemma-2-2b,66,freq,freq,en,ja,寛大な,"The opposite of ""寛大な"" is """,ケチな,107,89,13.125,15.5625,2.4375
gemma-2-2b,67,desc,desc,en,ja,幸せな,"The opposite of ""幸せな"" is """,不幸せな,2,5,17.5,21.25,3.75
gemma-2-2b,67,desc,val,en,ja,幸せな,"The opposite of ""幸せな"" is """,不幸せな,2,4,17.5,21.125,3.625
gemma-2-2b,67,desc,freq,en,ja,幸せな,"The opposite of ""幸せな"" is """,不幸せな,2,18,17.5,11.75,-5.75
gemma-2-2b,67,val,desc,en,ja,幸せな,"The opposite of ""幸せな"" is """,不幸せな,2,4,17.5,19.75,2.25
gemma-2-2b,67,val,val,en,ja,幸せな,"The opposite of ""幸せな"" is """,不幸せな,2,6,17.5,21.375,3.875
gemma-2-2b,67,val,freq,en,ja,幸せな,"The opposite of ""幸せな"" is """,不幸せな,2,10,17.5,13.625,-3.875
gemma-2-2b,67,freq,desc,en,ja,幸せな,"The opposite of ""幸せな"" is """,不幸せな,2,4,17.5,19.0,1.5
gemma-2-2b,67,freq,val,en,ja,幸せな,"The opposite of ""幸せな"" is """,不幸せな,2,2,17.5,19.75,2.25
gemma-2-2b,67,freq,freq,en,ja,幸せな,"The opposite of ""幸せな"" is """,不幸せな,2,3,17.5,20.375,2.875
gemma-2-2b,68,desc,desc,en,ja,健康な,"The opposite of ""健康な"" is """,不健康な,0,2,19.75,22.875,3.125
gemma-2-2b,68,desc,val,en,ja,健康な,"The opposite of ""健康な"" is """,不健康な,0,1,19.75,22.5,2.75
gemma-2-2b,68,desc,freq,en,ja,健康な,"The opposite of ""健康な"" is """,不健康な,0,12,19.75,13.9375,-5.8125
gemma-2-2b,68,val,desc,en,ja,健康な,"The opposite of ""健康な"" is """,不健康な,0,0,19.75,22.25,2.5
gemma-2-2b,68,val,val,en,ja,健康な,"The opposite of ""健康な"" is """,不健康な,0,2,19.75,23.125,3.375
gemma-2-2b,68,val,freq,en,ja,健康な,"The opposite of ""健康な"" is """,不健康な,0,4,19.75,15.6875,-4.0625
gemma-2-2b,68,freq,desc,en,ja,健康な,"The opposite of ""健康な"" is """,不健康な,0,1,19.75,20.375,0.625
gemma-2-2b,68,freq,val,en,ja,健康な,"The opposite of ""健康な"" is """,不健康な,0,1,19.75,20.75,1.0
gemma-2-2b,68,freq,freq,en,ja,健康な,"The opposite of ""健康な"" is """,不健康な,0,1,19.75,21.375,1.625
gemma-2-2b,69,desc,desc,en,ja,高い,"The opposite of ""高い"" is """,低い,0,1,18.625,21.25,2.625
gemma-2-2b,69,desc,val,en,ja,高い,"The opposite of ""高い"" is """,低い,0,5,18.625,20.5,1.875
gemma-2-2b,69,desc,freq,en,ja,高い,"The opposite of ""高い"" is """,低い,0,5,18.625,12.3125,-6.3125
gemma-2-2b,69,val,desc,en,ja,高い,"The opposite of ""高い"" is """,低い,0,5,18.625,18.75,0.125
gemma-2-2b,69,val,val,en,ja,高い,"The opposite of ""高い"" is """,低い,0,2,18.625,21.875,3.25
gemma-2-2b,69,val,freq,en,ja,高い,"The opposite of ""高い"" is """,低い,0,5,18.625,13.5625,-5.0625
gemma-2-2b,69,freq,desc,en,ja,高い,"The opposite of ""高い"" is """,低い,0,4,18.625,16.75,-1.875
gemma-2-2b,69,freq,val,en,ja,高い,"The opposite of ""高い"" is """,低い,0,3,18.625,18.125,-0.5
gemma-2-2b,69,freq,freq,en,ja,高い,"The opposite of ""高い"" is """,低い,0,3,18.625,19.25,0.625
gemma-2-2b,70,desc,desc,en,ja,重要な,"The opposite of ""重要な"" is """,重要でない,7,69,17.75,19.25,1.5
gemma-2-2b,70,desc,val,en,ja,重要な,"The opposite of ""重要な"" is """,重要でない,7,109,17.75,18.125,0.375
gemma-2-2b,70,desc,freq,en,ja,重要な,"The opposite of ""重要な"" is """,重要でない,7,234,17.75,11.1875,-6.5625
gemma-2-2b,70,val,desc,en,ja,重要な,"The opposite of ""重要な"" is """,重要でない,7,53,17.75,17.75,0.0
gemma-2-2b,70,val,val,en,ja,重要な,"The opposite of ""重要な"" is """,重要でない,7,74,17.75,19.25,1.5
gemma-2-2b,70,val,freq,en,ja,重要な,"The opposite of ""重要な"" is """,重要でない,7,215,17.75,11.375,-6.375
gemma-2-2b,70,freq,desc,en,ja,重要な,"The opposite of ""重要な"" is """,重要でない,7,36,17.75,17.0,-0.75
gemma-2-2b,70,freq,val,en,ja,重要な,"The opposite of ""重要な"" is """,重要でない,7,63,17.75,16.5,-1.25
gemma-2-2b,70,freq,freq,en,ja,重要な,"The opposite of ""重要な"" is """,重要でない,7,50,17.75,17.75,0.0
gemma-2-2b,71,desc,desc,en,ja,無罪の,"The opposite of ""無罪の"" is """,有罪の,1,2,20.25,23.75,3.5
gemma-2-2b,71,desc,val,en,ja,無罪の,"The opposite of ""無罪の"" is """,有罪の,1,2,20.25,23.125,2.875
gemma-2-2b,71,desc,freq,en,ja,無罪の,"The opposite of ""無罪の"" is """,有罪の,1,2,20.25,17.5,-2.75
gemma-2-2b,71,val,desc,en,ja,無罪の,"The opposite of ""無罪の"" is """,有罪の,1,0,20.25,23.375,3.125
gemma-2-2b,71,val,val,en,ja,無罪の,"The opposite of ""無罪の"" is """,有罪の,1,4,20.25,24.5,4.25
gemma-2-2b,71,val,freq,en,ja,無罪の,"The opposite of ""無罪の"" is """,有罪の,1,3,20.25,18.625,-1.625
gemma-2-2b,71,freq,desc,en,ja,無罪の,"The opposite of ""無罪の"" is """,有罪の,1,1,20.25,20.875,0.625
gemma-2-2b,71,freq,val,en,ja,無罪の,"The opposite of ""無罪の"" is """,有罪の,1,3,20.25,21.25,1.0
gemma-2-2b,71,freq,freq,en,ja,無罪の,"The opposite of ""無罪の"" is """,有罪の,1,2,20.25,21.5,1.25
gemma-2-2b,72,desc,desc,en,ja,既知の,"The opposite of ""既知の"" is """,未知の,0,2,21.5,23.5,2.0
gemma-2-2b,72,desc,val,en,ja,既知の,"The opposite of ""既知の"" is """,未知の,0,1,21.5,21.875,0.375
gemma-2-2b,72,desc,freq,en,ja,既知の,"The opposite of ""既知の"" is """,未知の,0,1,21.5,15.8125,-5.6875
gemma-2-2b,72,val,desc,en,ja,既知の,"The opposite of ""既知の"" is """,未知の,0,0,21.5,22.375,0.875
gemma-2-2b,72,val,val,en,ja,既知の,"The opposite of ""既知の"" is """,未知の,0,2,21.5,23.375,1.875
gemma-2-2b,72,val,freq,en,ja,既知の,"The opposite of ""既知の"" is """,未知の,0,2,21.5,17.75,-3.75
gemma-2-2b,72,freq,desc,en,ja,既知の,"The opposite of ""既知の"" is """,未知の,0,1,21.5,20.5,-1.0
gemma-2-2b,72,freq,val,en,ja,既知の,"The opposite of ""既知の"" is """,未知の,0,0,21.5,20.75,-0.75
gemma-2-2b,72,freq,freq,en,ja,既知の,"The opposite of ""既知の"" is """,未知の,0,0,21.5,22.0,0.5
gemma-2-2b,73,desc,desc,en,ja,男性の,"The opposite of ""男性の"" is """,女性の,1,28,18.125,19.75,1.625
gemma-2-2b,73,desc,val,en,ja,男性の,"The opposite of ""男性の"" is """,女性の,1,21,18.125,20.125,2.0
gemma-2-2b,73,desc,freq,en,ja,男性の,"The opposite of ""男性の"" is """,女性の,1,18,18.125,13.1875,-4.9375
gemma-2-2b,73,val,desc,en,ja,男性の,"The opposite of ""男性の"" is """,女性の,1,15,18.125,19.125,1.0
gemma-2-2b,73,val,val,en,ja,男性の,"The opposite of ""男性の"" is """,女性の,1,48,18.125,19.375,1.25
gemma-2-2b,73,val,freq,en,ja,男性の,"The opposite of ""男性の"" is """,女性の,1,66,18.125,12.0,-6.125
gemma-2-2b,73,freq,desc,en,ja,男性の,"The opposite of ""男性の"" is """,女性の,1,6,18.125,17.625,-0.5
gemma-2-2b,73,freq,val,en,ja,男性の,"The opposite of ""男性の"" is """,女性の,1,28,18.125,17.0,-1.125
gemma-2-2b,73,freq,freq,en,ja,男性の,"The opposite of ""男性の"" is """,女性の,1,9,18.125,18.0,-0.125
gemma-2-2b,74,desc,desc,en,ja,普通の,"The opposite of ""普通の"" is """,異常な,5,40,17.5,20.75,3.25
gemma-2-2b,74,desc,val,en,ja,普通の,"The opposite of ""普通の"" is """,異常な,5,37,17.5,20.375,2.875
gemma-2-2b,74,desc,freq,en,ja,普通の,"The opposite of ""普通の"" is """,異常な,5,8,17.5,16.5,-1.0
gemma-2-2b,74,val,desc,en,ja,普通の,"The opposite of ""普通の"" is """,異常な,5,77,17.5,18.125,0.625
gemma-2-2b,74,val,val,en,ja,普通の,"The opposite of ""普通の"" is """,異常な,5,122,17.5,19.75,2.25
gemma-2-2b,74,val,freq,en,ja,普通の,"The opposite of ""普通の"" is """,異常な,5,15,17.5,15.5625,-1.9375
gemma-2-2b,74,freq,desc,en,ja,普通の,"The opposite of ""普通の"" is """,異常な,5,24,17.5,18.25,0.75
gemma-2-2b,74,freq,val,en,ja,普通の,"The opposite of ""普通の"" is """,異常な,5,20,17.5,18.875,1.375
gemma-2-2b,74,freq,freq,en,ja,普通の,"The opposite of ""普通の"" is """,異常な,5,24,17.5,19.75,2.25
gemma-2-2b,75,desc,desc,en,ja,可能な,"The opposite of ""可能な"" is """,不可能な,1,6,21.125,21.375,0.25
gemma-2-2b,75,desc,val,en,ja,可能な,"The opposite of ""可能な"" is """,不可能な,1,11,21.125,20.375,-0.75
gemma-2-2b,75,desc,freq,en,ja,可能な,"The opposite of ""可能な"" is """,不可能な,1,0,21.125,15.375,-5.75
gemma-2-2b,75,val,desc,en,ja,可能な,"The opposite of ""可能な"" is """,不可能な,1,1,21.125,20.125,-1.0
gemma-2-2b,75,val,val,en,ja,可能な,"The opposite of ""可能な"" is """,不可能な,1,8,21.125,21.75,0.625
gemma-2-2b,75,val,freq,en,ja,可能な,"The opposite of ""可能な"" is """,不可能な,1,1,21.125,16.125,-5.0
gemma-2-2b,75,freq,desc,en,ja,可能な,"The opposite of ""可能な"" is """,不可能な,1,1,21.125,20.375,-0.75
gemma-2-2b,75,freq,val,en,ja,可能な,"The opposite of ""可能な"" is """,不可能な,1,2,21.125,20.375,-0.75
gemma-2-2b,75,freq,freq,en,ja,可能な,"The opposite of ""可能な"" is """,不可能な,1,3,21.125,21.375,0.25
gemma-2-2b,76,desc,desc,en,ja,個人の,"The opposite of ""個人の"" is """,公共の,55,217,15.9375,18.875,2.9375
gemma-2-2b,76,desc,val,en,ja,個人の,"The opposite of ""個人の"" is """,公共の,55,417,15.9375,17.5,1.5625
gemma-2-2b,76,desc,freq,en,ja,個人の,"The opposite of ""個人の"" is """,公共の,55,1999,15.9375,8.9375,-7.0
gemma-2-2b,76,val,desc,en,ja,個人の,"The opposite of ""個人の"" is """,公共の,55,228,15.9375,17.125,1.1875
gemma-2-2b,76,val,val,en,ja,個人の,"The opposite of ""個人の"" is """,公共の,55,258,15.9375,19.125,3.1875
gemma-2-2b,76,val,freq,en,ja,個人の,"The opposite of ""個人の"" is """,公共の,55,1196,15.9375,10.0,-5.9375
gemma-2-2b,76,freq,desc,en,ja,個人の,"The opposite of ""個人の"" is """,公共の,55,140,15.9375,15.8125,-0.125
gemma-2-2b,76,freq,val,en,ja,個人の,"The opposite of ""個人の"" is """,公共の,55,91,15.9375,17.125,1.1875
gemma-2-2b,76,freq,freq,en,ja,個人の,"The opposite of ""個人の"" is """,公共の,55,115,15.9375,17.75,1.8125
gemma-2-2b,77,desc,desc,en,ja,正しい,"The opposite of ""正しい"" is """,間違っている,0,13,20.375,21.5,1.125
gemma-2-2b,77,desc,val,en,ja,正しい,"The opposite of ""正しい"" is """,間違っている,0,17,20.375,20.75,0.375
gemma-2-2b,77,desc,freq,en,ja,正しい,"The opposite of ""正しい"" is """,間違っている,0,4,20.375,16.125,-4.25
gemma-2-2b,77,val,desc,en,ja,正しい,"The opposite of ""正しい"" is """,間違っている,0,12,20.375,20.125,-0.25
gemma-2-2b,77,val,val,en,ja,正しい,"The opposite of ""正しい"" is """,間違っている,0,21,20.375,21.25,0.875
gemma-2-2b,77,val,freq,en,ja,正しい,"The opposite of ""正しい"" is """,間違っている,0,7,20.375,15.5625,-4.8125
gemma-2-2b,77,freq,desc,en,ja,正しい,"The opposite of ""正しい"" is """,間違っている,0,11,20.375,18.5,-1.875
gemma-2-2b,77,freq,val,en,ja,正しい,"The opposite of ""正しい"" is """,間違っている,0,11,20.375,18.75,-1.625
gemma-2-2b,77,freq,freq,en,ja,正しい,"The opposite of ""正しい"" is """,間違っている,0,12,20.375,19.75,-0.625
gemma-2-2b,78,desc,desc,en,ja,簡単な,"The opposite of ""簡単な"" is """,複雑な,2,14,19.75,21.25,1.5
gemma-2-2b,78,desc,val,en,ja,簡単な,"The opposite of ""簡単な"" is """,複雑な,2,17,19.75,21.25,1.5
gemma-2-2b,78,desc,freq,en,ja,簡単な,"The opposite of ""簡単な"" is """,複雑な,2,1,19.75,17.5,-2.25
gemma-2-2b,78,val,desc,en,ja,簡単な,"The opposite of ""簡単な"" is """,複雑な,2,27,19.75,19.25,-0.5
gemma-2-2b,78,val,val,en,ja,簡単な,"The opposite of ""簡単な"" is """,複雑な,2,26,19.75,21.0,1.25
gemma-2-2b,78,val,freq,en,ja,簡単な,"The opposite of ""簡単な"" is """,複雑な,2,13,19.75,16.25,-3.5
gemma-2-2b,78,freq,desc,en,ja,簡単な,"The opposite of ""簡単な"" is """,複雑な,2,7,19.75,19.125,-0.625
gemma-2-2b,78,freq,val,en,ja,簡単な,"The opposite of ""簡単な"" is """,複雑な,2,12,19.75,19.0,-0.75
gemma-2-2b,78,freq,freq,en,ja,簡単な,"The opposite of ""簡単な"" is """,複雑な,2,11,19.75,20.0,0.25
gemma-2-2b,79,desc,desc,en,ja,甘い,"The opposite of ""甘い"" is """,苦い,1,3,16.375,21.25,4.875
gemma-2-2b,79,desc,val,en,ja,甘い,"The opposite of ""甘い"" is """,苦い,1,4,16.375,20.25,3.875
gemma-2-2b,79,desc,freq,en,ja,甘い,"The opposite of ""甘い"" is """,苦い,1,0,16.375,15.125,-1.25
gemma-2-2b,79,val,desc,en,ja,甘い,"The opposite of ""甘い"" is """,苦い,1,0,16.375,19.875,3.5
gemma-2-2b,79,val,val,en,ja,甘い,"The opposite of ""甘い"" is """,苦い,1,5,16.375,21.5,5.125
gemma-2-2b,79,val,freq,en,ja,甘い,"The opposite of ""甘い"" is """,苦い,1,1,16.375,16.75,0.375
gemma-2-2b,79,freq,desc,en,ja,甘い,"The opposite of ""甘い"" is """,苦い,1,1,16.375,18.125,1.75
gemma-2-2b,79,freq,val,en,ja,甘い,"The opposite of ""甘い"" is """,苦い,1,2,16.375,18.875,2.5
gemma-2-2b,79,freq,freq,en,ja,甘い,"The opposite of ""甘い"" is """,苦い,1,3,16.375,20.25,3.875
gemma-2-2b,80,desc,desc,en,ja,見える,"The opposite of ""見える"" is """,見えない,0,1,20.875,21.875,1.0
gemma-2-2b,80,desc,val,en,ja,見える,"The opposite of ""見える"" is """,見えない,0,16,20.875,19.75,-1.125
gemma-2-2b,80,desc,freq,en,ja,見える,"The opposite of ""見える"" is """,見えない,0,14,20.875,13.9375,-6.9375
gemma-2-2b,80,val,desc,en,ja,見える,"The opposite of ""見える"" is """,見えない,0,1,20.875,21.0,0.125
gemma-2-2b,80,val,val,en,ja,見える,"The opposite of ""見える"" is """,見えない,0,2,20.875,22.125,1.25
gemma-2-2b,80,val,freq,en,ja,見える,"The opposite of ""見える"" is """,見えない,0,10,20.875,15.5,-5.375
gemma-2-2b,80,freq,desc,en,ja,見える,"The opposite of ""見える"" is """,見えない,0,0,20.875,20.125,-0.75
gemma-2-2b,80,freq,val,en,ja,見える,"The opposite of ""見える"" is """,見えない,0,0,20.875,20.375,-0.5
gemma-2-2b,80,freq,freq,en,ja,見える,"The opposite of ""見える"" is """,見えない,0,1,20.875,21.25,0.375
gemma-2-2b,81,desc,desc,en,ja,暖かい,"The opposite of ""暖かい"" is """,冷たい,1,6,19.0,20.375,1.375
gemma-2-2b,81,desc,val,en,ja,暖かい,"The opposite of ""暖かい"" is """,冷たい,1,8,19.0,19.5,0.5
gemma-2-2b,81,desc,freq,en,ja,暖かい,"The opposite of ""暖かい"" is """,冷たい,1,0,19.0,11.0625,-7.9375
gemma-2-2b,81,val,desc,en,ja,暖かい,"The opposite of ""暖かい"" is """,冷たい,1,2,19.0,19.5,0.5
gemma-2-2b,81,val,val,en,ja,暖かい,"The opposite of ""暖かい"" is """,冷たい,1,5,19.0,20.625,1.625
gemma-2-2b,81,val,freq,en,ja,暖かい,"The opposite of ""暖かい"" is """,冷たい,1,1,19.0,13.0625,-5.9375
gemma-2-2b,81,freq,desc,en,ja,暖かい,"The opposite of ""暖かい"" is """,冷たい,1,7,19.0,16.875,-2.125
gemma-2-2b,81,freq,val,en,ja,暖かい,"The opposite of ""暖かい"" is """,冷たい,1,8,19.0,17.0,-2.0
gemma-2-2b,81,freq,freq,en,ja,暖かい,"The opposite of ""暖かい"" is """,冷たい,1,6,19.0,18.25,-0.75
gemma-2-2b,82,desc,desc,en,ja,滑らかな,"The opposite of ""滑らかな"" is """,粗い,2,18,17.0,21.0,4.0
gemma-2-2b,82,desc,val,en,ja,滑らかな,"The opposite of ""滑らかな"" is """,粗い,2,78,17.0,19.25,2.25
gemma-2-2b,82,desc,freq,en,ja,滑らかな,"The opposite of ""滑らかな"" is """,粗い,2,32,17.0,13.6875,-3.3125
gemma-2-2b,82,val,desc,en,ja,滑らかな,"The opposite of ""滑らかな"" is """,粗い,2,40,17.0,19.0,2.0
gemma-2-2b,82,val,val,en,ja,滑らかな,"The opposite of ""滑らかな"" is """,粗い,2,47,17.0,20.875,3.875
gemma-2-2b,82,val,freq,en,ja,滑らかな,"The opposite of ""滑らかな"" is """,粗い,2,32,17.0,14.3125,-2.6875
gemma-2-2b,82,freq,desc,en,ja,滑らかな,"The opposite of ""滑らかな"" is """,粗い,2,5,17.0,19.25,2.25
gemma-2-2b,82,freq,val,en,ja,滑らかな,"The opposite of ""滑らかな"" is """,粗い,2,7,17.0,19.5,2.5
gemma-2-2b,82,freq,freq,en,ja,滑らかな,"The opposite of ""滑らかな"" is """,粗い,2,4,17.0,20.625,3.625
gemma-2-2b,83,desc,desc,en,ja,薄い,"The opposite of ""薄い"" is """,厚い,0,1,17.75,21.25,3.5
gemma-2-2b,83,desc,val,en,ja,薄い,"The opposite of ""薄い"" is """,厚い,0,5,17.75,19.875,2.125
gemma-2-2b,83,desc,freq,en,ja,薄い,"The opposite of ""薄い"" is """,厚い,0,1,17.75,15.5625,-2.1875
gemma-2-2b,83,val,desc,en,ja,薄い,"The opposite of ""薄い"" is """,厚い,0,0,17.75,19.5,1.75
gemma-2-2b,83,val,val,en,ja,薄い,"The opposite of ""薄い"" is """,厚い,0,2,17.75,21.875,4.125
gemma-2-2b,83,val,freq,en,ja,薄い,"The opposite of ""薄い"" is """,厚い,0,0,17.75,17.625,-0.125
gemma-2-2b,83,freq,desc,en,ja,薄い,"The opposite of ""薄い"" is """,厚い,0,0,17.75,18.875,1.125
gemma-2-2b,83,freq,val,en,ja,薄い,"The opposite of ""薄い"" is """,厚い,0,1,17.75,19.125,1.375
gemma-2-2b,83,freq,freq,en,ja,薄い,"The opposite of ""薄い"" is """,厚い,0,1,17.75,20.25,2.5
gemma-2-2b,84,desc,desc,en,ja,背が高い,"The opposite of ""背が高い"" is """,背が低い,0,0,20.625,24.5,3.875
gemma-2-2b,84,desc,val,en,ja,背が高い,"The opposite of ""背が高い"" is """,背が低い,0,0,20.625,23.5,2.875
gemma-2-2b,84,desc,freq,en,ja,背が高い,"The opposite of ""背が高い"" is """,背が低い,0,0,20.625,19.5,-1.125
gemma-2-2b,84,val,desc,en,ja,背が高い,"The opposite of ""背が高い"" is """,背が低い,0,0,20.625,24.125,3.5
gemma-2-2b,84,val,val,en,ja,背が高い,"The opposite of ""背が高い"" is """,背が低い,0,0,20.625,25.125,4.5
gemma-2-2b,84,val,freq,en,ja,背が高い,"The opposite of ""背が高い"" is """,背が低い,0,0,20.625,20.75,0.125
gemma-2-2b,84,freq,desc,en,ja,背が高い,"The opposite of ""背が高い"" is """,背が低い,0,0,20.625,21.375,0.75
gemma-2-2b,84,freq,val,en,ja,背が高い,"The opposite of ""背が高い"" is """,背が低い,0,0,20.625,21.75,1.125
gemma-2-2b,84,freq,freq,en,ja,背が高い,"The opposite of ""背が高い"" is """,背が低い,0,0,20.625,22.5,1.875
gemma-2-2b,85,desc,desc,en,ja,既婚の,"The opposite of ""既婚の"" is """,未婚の,0,0,20.0,23.125,3.125
gemma-2-2b,85,desc,val,en,ja,既婚の,"The opposite of ""既婚の"" is """,未婚の,0,0,20.0,22.75,2.75
gemma-2-2b,85,desc,freq,en,ja,既婚の,"The opposite of ""既婚の"" is """,未婚の,0,4,20.0,12.9375,-7.0625
gemma-2-2b,85,val,desc,en,ja,既婚の,"The opposite of ""既婚の"" is """,未婚の,0,0,20.0,22.875,2.875
gemma-2-2b,85,val,val,en,ja,既婚の,"The opposite of ""既婚の"" is """,未婚の,0,0,20.0,23.875,3.875
gemma-2-2b,85,val,freq,en,ja,既婚の,"The opposite of ""既婚の"" is """,未婚の,0,3,20.0,15.5625,-4.4375
gemma-2-2b,85,freq,desc,en,ja,既婚の,"The opposite of ""既婚の"" is """,未婚の,0,0,20.0,21.125,1.125
gemma-2-2b,85,freq,val,en,ja,既婚の,"The opposite of ""既婚の"" is """,未婚の,0,0,20.0,22.0,2.0
gemma-2-2b,85,freq,freq,en,ja,既婚の,"The opposite of ""既婚の"" is """,未婚の,0,0,20.0,22.375,2.375
gemma-2-2b,86,desc,desc,en,ja,楽観的な,"The opposite of ""楽観的な"" is """,悲観的な,0,4,20.125,23.0,2.875
gemma-2-2b,86,desc,val,en,ja,楽観的な,"The opposite of ""楽観的な"" is """,悲観的な,0,6,20.125,22.625,2.5
gemma-2-2b,86,desc,freq,en,ja,楽観的な,"The opposite of ""楽観的な"" is """,悲観的な,0,2,20.125,18.875,-1.25
gemma-2-2b,86,val,desc,en,ja,楽観的な,"The opposite of ""楽観的な"" is """,悲観的な,0,4,20.125,23.125,3.0
gemma-2-2b,86,val,val,en,ja,楽観的な,"The opposite of ""楽観的な"" is """,悲観的な,0,5,20.125,23.75,3.625
gemma-2-2b,86,val,freq,en,ja,楽観的な,"The opposite of ""楽観的な"" is """,悲観的な,0,4,20.125,20.75,0.625
gemma-2-2b,86,freq,desc,en,ja,楽観的な,"The opposite of ""楽観的な"" is """,悲観的な,0,3,20.125,20.375,0.25
gemma-2-2b,86,freq,val,en,ja,楽観的な,"The opposite of ""楽観的な"" is """,悲観的な,0,3,20.125,21.375,1.25
gemma-2-2b,86,freq,freq,en,ja,楽観的な,"The opposite of ""楽観的な"" is """,悲観的な,0,3,20.125,21.25,1.125
gemma-2-2b,87,desc,desc,en,ja,恒久的な,"The opposite of ""恒久的な"" is """,一時的な,0,4,21.5,23.375,1.875
gemma-2-2b,87,desc,val,en,ja,恒久的な,"The opposite of ""恒久的な"" is """,一時的な,0,2,21.5,23.375,1.875
gemma-2-2b,87,desc,freq,en,ja,恒久的な,"The opposite of ""恒久的な"" is """,一時的な,0,0,21.5,19.75,-1.75
gemma-2-2b,87,val,desc,en,ja,恒久的な,"The opposite of ""恒久的な"" is """,一時的な,0,4,21.5,22.75,1.25
gemma-2-2b,87,val,val,en,ja,恒久的な,"The opposite of ""恒久的な"" is """,一時的な,0,13,21.5,23.125,1.625
gemma-2-2b,87,val,freq,en,ja,恒久的な,"The opposite of ""恒久的な"" is """,一時的な,0,1,21.5,19.5,-2.0
gemma-2-2b,87,freq,desc,en,ja,恒久的な,"The opposite of ""恒久的な"" is """,一時的な,0,3,21.5,21.125,-0.375
gemma-2-2b,87,freq,val,en,ja,恒久的な,"The opposite of ""恒久的な"" is """,一時的な,0,2,21.5,21.625,0.125
gemma-2-2b,87,freq,freq,en,ja,恒久的な,"The opposite of ""恒久的な"" is """,一時的な,0,3,21.5,22.125,0.625
gemma-2-2b,88,desc,desc,en,ja,現在の,"The opposite of ""現在の"" is """,過去の,1,7,20.625,22.0,1.375
gemma-2-2b,88,desc,val,en,ja,現在の,"The opposite of ""現在の"" is """,過去の,1,6,20.625,21.5,0.875
gemma-2-2b,88,desc,freq,en,ja,現在の,"The opposite of ""現在の"" is """,過去の,1,10,20.625,16.125,-4.5
gemma-2-2b,88,val,desc,en,ja,現在の,"The opposite of ""現在の"" is """,過去の,1,15,20.625,20.125,-0.5
gemma-2-2b,88,val,val,en,ja,現在の,"The opposite of ""現在の"" is """,過去の,1,27,20.625,21.375,0.75
gemma-2-2b,88,val,freq,en,ja,現在の,"The opposite of ""現在の"" is """,過去の,1,27,20.625,15.5625,-5.0625
gemma-2-2b,88,freq,desc,en,ja,現在の,"The opposite of ""現在の"" is """,過去の,1,5,20.625,20.0,-0.625
gemma-2-2b,88,freq,val,en,ja,現在の,"The opposite of ""現在の"" is """,過去の,1,12,20.625,19.625,-1.0
gemma-2-2b,88,freq,freq,en,ja,現在の,"The opposite of ""現在の"" is """,過去の,1,8,20.625,21.0,0.375
gemma-2-2b,89,desc,desc,en,ja,公共の,"The opposite of ""公共の"" is """,個人の,16,106,17.0,18.125,1.125
gemma-2-2b,89,desc,val,en,ja,公共の,"The opposite of ""公共の"" is """,個人の,16,72,17.0,19.25,2.25
gemma-2-2b,89,desc,freq,en,ja,公共の,"The opposite of ""公共の"" is """,個人の,16,22,17.0,14.0625,-2.9375
gemma-2-2b,89,val,desc,en,ja,公共の,"The opposite of ""公共の"" is """,個人の,16,57,17.0,19.125,2.125
gemma-2-2b,89,val,val,en,ja,公共の,"The opposite of ""公共の"" is """,個人の,16,195,17.0,18.25,1.25
gemma-2-2b,89,val,freq,en,ja,公共の,"The opposite of ""公共の"" is """,個人の,16,30,17.0,15.9375,-1.0625
gemma-2-2b,89,freq,desc,en,ja,公共の,"The opposite of ""公共の"" is """,個人の,16,83,17.0,15.6875,-1.3125
gemma-2-2b,89,freq,val,en,ja,公共の,"The opposite of ""公共の"" is """,個人の,16,88,17.0,16.625,-0.375
gemma-2-2b,89,freq,freq,en,ja,公共の,"The opposite of ""公共の"" is """,個人の,16,84,17.0,17.125,0.125
gemma-2-2b,90,desc,desc,en,ja,本物の,"The opposite of ""本物の"" is """,偽物の,0,8,19.5,21.75,2.25
gemma-2-2b,90,desc,val,en,ja,本物の,"The opposite of ""本物の"" is """,偽物の,0,9,19.5,21.375,1.875
gemma-2-2b,90,desc,freq,en,ja,本物の,"The opposite of ""本物の"" is """,偽物の,0,0,19.5,17.625,-1.875
gemma-2-2b,90,val,desc,en,ja,本物の,"The opposite of ""本物の"" is """,偽物の,0,14,19.5,19.75,0.25
gemma-2-2b,90,val,val,en,ja,本物の,"The opposite of ""本物の"" is """,偽物の,0,21,19.5,21.375,1.875
gemma-2-2b,90,val,freq,en,ja,本物の,"The opposite of ""本物の"" is """,偽物の,0,3,19.5,17.75,-1.75
gemma-2-2b,90,freq,desc,en,ja,本物の,"The opposite of ""本物の"" is """,偽物の,0,3,19.5,20.25,0.75
gemma-2-2b,90,freq,val,en,ja,本物の,"The opposite of ""本物の"" is """,偽物の,0,6,19.5,19.875,0.375
gemma-2-2b,90,freq,freq,en,ja,本物の,"The opposite of ""本物の"" is """,偽物の,0,4,19.5,21.375,1.875
gemma-2-2b,91,desc,desc,en,ja,責任,"The opposite of ""責任"" is """,無責任な,0,0,20.5,22.75,2.25
gemma-2-2b,91,desc,val,en,ja,責任,"The opposite of ""責任"" is """,無責任な,0,0,20.5,23.875,3.375
gemma-2-2b,91,desc,freq,en,ja,責任,"The opposite of ""責任"" is """,無責任な,0,0,20.5,17.25,-3.25
gemma-2-2b,91,val,desc,en,ja,責任,"The opposite of ""責任"" is """,無責任な,0,0,20.5,21.875,1.375
gemma-2-2b,91,val,val,en,ja,責任,"The opposite of ""責任"" is """,無責任な,0,0,20.5,23.25,2.75
gemma-2-2b,91,val,freq,en,ja,責任,"The opposite of ""責任"" is """,無責任な,0,1,20.5,17.875,-2.625
gemma-2-2b,91,freq,desc,en,ja,責任,"The opposite of ""責任"" is """,無責任な,0,0,20.5,20.125,-0.375
gemma-2-2b,91,freq,val,en,ja,責任,"The opposite of ""責任"" is """,無責任な,0,0,20.5,21.125,0.625
gemma-2-2b,91,freq,freq,en,ja,責任,"The opposite of ""責任"" is """,無責任な,0,0,20.5,20.625,0.125
gemma-2-2b,92,desc,desc,en,ja,独身の,"The opposite of ""独身の"" is """,結婚している,1,21,16.125,18.875,2.75
gemma-2-2b,92,desc,val,en,ja,独身の,"The opposite of ""独身の"" is """,結婚している,1,13,16.125,18.75,2.625
gemma-2-2b,92,desc,freq,en,ja,独身の,"The opposite of ""独身の"" is """,結婚している,1,6,16.125,13.375,-2.75
gemma-2-2b,92,val,desc,en,ja,独身の,"The opposite of ""独身の"" is """,結婚している,1,24,16.125,16.75,0.625
gemma-2-2b,92,val,val,en,ja,独身の,"The opposite of ""独身の"" is """,結婚している,1,42,16.125,19.125,3.0
gemma-2-2b,92,val,freq,en,ja,独身の,"The opposite of ""独身の"" is """,結婚している,1,23,16.125,13.1875,-2.9375
gemma-2-2b,92,freq,desc,en,ja,独身の,"The opposite of ""独身の"" is """,結婚している,1,12,16.125,15.6875,-0.4375
gemma-2-2b,92,freq,val,en,ja,独身の,"The opposite of ""独身の"" is """,結婚している,1,21,16.125,16.0,-0.125
gemma-2-2b,92,freq,freq,en,ja,独身の,"The opposite of ""独身の"" is """,結婚している,1,7,16.125,17.375,1.25
gemma-2-2b,93,desc,desc,en,ja,酸っぱい,"The opposite of ""酸っぱい"" is """,甘い,0,9,16.75,17.875,1.125
gemma-2-2b,93,desc,val,en,ja,酸っぱい,"The opposite of ""酸っぱい"" is """,甘い,0,32,16.75,15.6875,-1.0625
gemma-2-2b,93,desc,freq,en,ja,酸っぱい,"The opposite of ""酸っぱい"" is """,甘い,0,11,16.75,7.84375,-8.90625
gemma-2-2b,93,val,desc,en,ja,酸っぱい,"The opposite of ""酸っぱい"" is """,甘い,0,13,16.75,13.9375,-2.8125
gemma-2-2b,93,val,val,en,ja,酸っぱい,"The opposite of ""酸っぱい"" is """,甘い,0,33,16.75,16.375,-0.375
gemma-2-2b,93,val,freq,en,ja,酸っぱい,"The opposite of ""酸っぱい"" is """,甘い,0,42,16.75,8.3125,-8.4375
gemma-2-2b,93,freq,desc,en,ja,酸っぱい,"The opposite of ""酸っぱい"" is """,甘い,0,6,16.75,14.75,-2.0
gemma-2-2b,93,freq,val,en,ja,酸っぱい,"The opposite of ""酸っぱい"" is """,甘い,0,11,16.75,14.9375,-1.8125
gemma-2-2b,93,freq,freq,en,ja,酸っぱい,"The opposite of ""酸っぱい"" is """,甘い,0,7,16.75,16.375,-0.375
gemma-2-2b,94,desc,desc,en,ja,役に立つ,"The opposite of ""役に立つ"" is """,役に立たない,0,7,18.875,20.5,1.625
gemma-2-2b,94,desc,val,en,ja,役に立つ,"The opposite of ""役に立つ"" is """,役に立たない,0,15,18.875,19.75,0.875
gemma-2-2b,94,desc,freq,en,ja,役に立つ,"The opposite of ""役に立つ"" is """,役に立たない,0,11,18.875,13.0,-5.875
gemma-2-2b,94,val,desc,en,ja,役に立つ,"The opposite of ""役に立つ"" is """,役に立たない,0,4,18.875,19.5,0.625
gemma-2-2b,94,val,val,en,ja,役に立つ,"The opposite of ""役に立つ"" is """,役に立たない,0,6,18.875,21.25,2.375
gemma-2-2b,94,val,freq,en,ja,役に立つ,"The opposite of ""役に立つ"" is """,役に立たない,0,5,18.875,14.875,-4.0
gemma-2-2b,94,freq,desc,en,ja,役に立つ,"The opposite of ""役に立つ"" is """,役に立たない,0,7,18.875,17.625,-1.25
gemma-2-2b,94,freq,val,en,ja,役に立つ,"The opposite of ""役に立つ"" is """,役に立たない,0,1,18.875,19.0,0.125
gemma-2-2b,94,freq,freq,en,ja,役に立つ,"The opposite of ""役に立つ"" is """,役に立たない,0,3,18.875,19.25,0.375
gemma-2-2b,95,desc,desc,en,ja,垂直な,"The opposite of ""垂直な"" is """,水平な,0,1,22.875,24.75,1.875
gemma-2-2b,95,desc,val,en,ja,垂直な,"The opposite of ""垂直な"" is """,水平な,0,1,22.875,24.125,1.25
gemma-2-2b,95,desc,freq,en,ja,垂直な,"The opposite of ""垂直な"" is """,水平な,0,2,22.875,17.875,-5.0
gemma-2-2b,95,val,desc,en,ja,垂直な,"The opposite of ""垂直な"" is """,水平な,0,1,22.875,23.375,0.5
gemma-2-2b,95,val,val,en,ja,垂直な,"The opposite of ""垂直な"" is """,水平な,0,3,22.875,25.25,2.375
gemma-2-2b,95,val,freq,en,ja,垂直な,"The opposite of ""垂直な"" is """,水平な,0,7,22.875,16.375,-6.5
gemma-2-2b,95,freq,desc,en,ja,垂直な,"The opposite of ""垂直な"" is """,水平な,0,0,22.875,21.5,-1.375
gemma-2-2b,95,freq,val,en,ja,垂直な,"The opposite of ""垂直な"" is """,水平な,0,0,22.875,22.75,-0.125
gemma-2-2b,95,freq,freq,en,ja,垂直な,"The opposite of ""垂直な"" is """,水平な,0,0,22.875,22.75,-0.125
gemma-2-2b,96,desc,desc,en,ja,良い,"The opposite of ""良い"" is """,悪い,0,13,19.125,19.875,0.75
gemma-2-2b,96,desc,val,en,ja,良い,"The opposite of ""良い"" is """,悪い,0,19,19.125,18.875,-0.25
gemma-2-2b,96,desc,freq,en,ja,良い,"The opposite of ""良い"" is """,悪い,0,7,19.125,13.625,-5.5
gemma-2-2b,96,val,desc,en,ja,良い,"The opposite of ""良い"" is """,悪い,0,3,19.125,19.75,0.625
gemma-2-2b,96,val,val,en,ja,良い,"The opposite of ""良い"" is """,悪い,0,14,19.125,19.75,0.625
gemma-2-2b,96,val,freq,en,ja,良い,"The opposite of ""良い"" is """,悪い,0,6,19.125,14.9375,-4.1875
gemma-2-2b,96,freq,desc,en,ja,良い,"The opposite of ""良い"" is """,悪い,0,11,19.125,17.0,-2.125
gemma-2-2b,96,freq,val,en,ja,良い,"The opposite of ""良い"" is """,悪い,0,16,19.125,16.5,-2.625
gemma-2-2b,96,freq,freq,en,ja,良い,"The opposite of ""良い"" is """,悪い,0,14,19.125,18.25,-0.875
gemma-2-2b,97,desc,desc,en,ja,勝利の,"The opposite of ""勝利の"" is """,敗北の,0,0,21.0,23.125,2.125
gemma-2-2b,97,desc,val,en,ja,勝利の,"The opposite of ""勝利の"" is """,敗北の,0,0,21.0,23.875,2.875
gemma-2-2b,97,desc,freq,en,ja,勝利の,"The opposite of ""勝利の"" is """,敗北の,0,0,21.0,17.125,-3.875
gemma-2-2b,97,val,desc,en,ja,勝利の,"The opposite of ""勝利の"" is """,敗北の,0,2,21.0,23.0,2.0
gemma-2-2b,97,val,val,en,ja,勝利の,"The opposite of ""勝利の"" is """,敗北の,0,2,21.0,23.875,2.875
gemma-2-2b,97,val,freq,en,ja,勝利の,"The opposite of ""勝利の"" is """,敗北の,0,6,21.0,16.5,-4.5
gemma-2-2b,97,freq,desc,en,ja,勝利の,"The opposite of ""勝利の"" is """,敗北の,0,0,21.0,20.0,-1.0
gemma-2-2b,97,freq,val,en,ja,勝利の,"The opposite of ""勝利の"" is """,敗北の,0,0,21.0,20.75,-0.25
gemma-2-2b,97,freq,freq,en,ja,勝利の,"The opposite of ""勝利の"" is """,敗北の,0,0,21.0,20.25,-0.75
gemma-2-2b,98,desc,desc,en,ja,意地悪な,"The opposite of ""意地悪な"" is """,親切な,4,56,19.5,21.5,2.0
gemma-2-2b,98,desc,val,en,ja,意地悪な,"The opposite of ""意地悪な"" is """,親切な,4,41,19.5,21.0,1.5
gemma-2-2b,98,desc,freq,en,ja,意地悪な,"The opposite of ""意地悪な"" is """,親切な,4,100,19.5,15.125,-4.375
gemma-2-2b,98,val,desc,en,ja,意地悪な,"The opposite of ""意地悪な"" is """,親切な,4,45,19.5,19.875,0.375
gemma-2-2b,98,val,val,en,ja,意地悪な,"The opposite of ""意地悪な"" is """,親切な,4,65,19.5,21.125,1.625
gemma-2-2b,98,val,freq,en,ja,意地悪な,"The opposite of ""意地悪な"" is """,親切な,4,426,19.5,13.625,-5.875
gemma-2-2b,98,freq,desc,en,ja,意地悪な,"The opposite of ""意地悪な"" is """,親切な,4,20,19.5,19.25,-0.25
gemma-2-2b,98,freq,val,en,ja,意地悪な,"The opposite of ""意地悪な"" is """,親切な,4,25,19.5,19.25,-0.25
gemma-2-2b,98,freq,freq,en,ja,意地悪な,"The opposite of ""意地悪な"" is """,親切な,4,19,19.5,20.125,0.625
gemma-2-2b,99,desc,desc,en,ja,臆病な,"The opposite of ""臆病な"" is """,勇敢な,2,11,17.75,20.375,2.625
gemma-2-2b,99,desc,val,en,ja,臆病な,"The opposite of ""臆病な"" is """,勇敢な,2,42,17.75,19.25,1.5
gemma-2-2b,99,desc,freq,en,ja,臆病な,"The opposite of ""臆病な"" is """,勇敢な,2,160,17.75,9.75,-8.0
gemma-2-2b,99,val,desc,en,ja,臆病な,"The opposite of ""臆病な"" is """,勇敢な,2,11,17.75,19.125,1.375
gemma-2-2b,99,val,val,en,ja,臆病な,"The opposite of ""臆病な"" is """,勇敢な,2,12,17.75,21.625,3.875
gemma-2-2b,99,val,freq,en,ja,臆病な,"The opposite of ""臆病な"" is """,勇敢な,2,119,17.75,11.5,-6.25
gemma-2-2b,99,freq,desc,en,ja,臆病な,"The opposite of ""臆病な"" is """,勇敢な,2,11,17.75,17.125,-0.625
gemma-2-2b,99,freq,val,en,ja,臆病な,"The opposite of ""臆病な"" is """,勇敢な,2,9,17.75,18.125,0.375
gemma-2-2b,99,freq,freq,en,ja,臆病な,"The opposite of ""臆病な"" is """,勇敢な,2,3,17.75,18.75,1.0
gemma-2-2b,0,desc,desc,en,ko,좋은,"The opposite of ""좋은"" is """,나쁜,0,0,13.625,13.625,0.0
gemma-2-2b,0,desc,val,en,ko,좋은,"The opposite of ""좋은"" is """,나쁜,0,2,13.625,13.1875,-0.4375
gemma-2-2b,0,desc,freq,en,ko,좋은,"The opposite of ""좋은"" is """,나쁜,0,0,13.625,6.8125,-6.8125
gemma-2-2b,0,val,desc,en,ko,좋은,"The opposite of ""좋은"" is """,나쁜,0,9,13.625,16.75,3.125
gemma-2-2b,0,val,val,en,ko,좋은,"The opposite of ""좋은"" is """,나쁜,0,10,13.625,17.0,3.375
gemma-2-2b,0,val,freq,en,ko,좋은,"The opposite of ""좋은"" is """,나쁜,0,3,13.625,12.5,-1.125
gemma-2-2b,0,freq,desc,en,ko,좋은,"The opposite of ""좋은"" is """,나쁜,0,4,13.625,17.75,4.125
gemma-2-2b,0,freq,val,en,ko,좋은,"The opposite of ""좋은"" is """,나쁜,0,8,13.625,17.0,3.375
gemma-2-2b,0,freq,freq,en,ko,좋은,"The opposite of ""좋은"" is """,나쁜,0,6,13.625,17.75,4.125
gemma-2-2b,1,desc,desc,en,ko,행복한,"The opposite of ""행복한"" is """,불행한,0,0,20.75,20.75,0.0
gemma-2-2b,1,desc,val,en,ko,행복한,"The opposite of ""행복한"" is """,불행한,0,0,20.75,20.0,-0.75
gemma-2-2b,1,desc,freq,en,ko,행복한,"The opposite of ""행복한"" is """,불행한,0,0,20.75,13.6875,-7.0625
gemma-2-2b,1,val,desc,en,ko,행복한,"The opposite of ""행복한"" is """,불행한,0,3,20.75,21.25,0.5
gemma-2-2b,1,val,val,en,ko,행복한,"The opposite of ""행복한"" is """,불행한,0,3,20.75,21.375,0.625
gemma-2-2b,1,val,freq,en,ko,행복한,"The opposite of ""행복한"" is """,불행한,0,0,20.75,16.125,-4.625
gemma-2-2b,1,freq,desc,en,ko,행복한,"The opposite of ""행복한"" is """,불행한,0,1,20.75,21.0,0.25
gemma-2-2b,1,freq,val,en,ko,행복한,"The opposite of ""행복한"" is """,불행한,0,2,20.75,20.625,-0.125
gemma-2-2b,1,freq,freq,en,ko,행복한,"The opposite of ""행복한"" is """,불행한,0,1,20.75,20.875,0.125
gemma-2-2b,2,desc,desc,en,ko,큰,"The opposite of ""큰"" is """,작은,0,0,18.25,19.0,0.75
gemma-2-2b,2,desc,val,en,ko,큰,"The opposite of ""큰"" is """,작은,0,1,18.25,19.5,1.25
gemma-2-2b,2,desc,freq,en,ko,큰,"The opposite of ""큰"" is """,작은,0,1,18.25,11.8125,-6.4375
gemma-2-2b,2,val,desc,en,ko,큰,"The opposite of ""큰"" is """,작은,0,3,18.25,21.625,3.375
gemma-2-2b,2,val,val,en,ko,큰,"The opposite of ""큰"" is """,작은,0,3,18.25,21.75,3.5
gemma-2-2b,2,val,freq,en,ko,큰,"The opposite of ""큰"" is """,작은,0,1,18.25,16.875,-1.375
gemma-2-2b,2,freq,desc,en,ko,큰,"The opposite of ""큰"" is """,작은,0,2,18.25,20.75,2.5
gemma-2-2b,2,freq,val,en,ko,큰,"The opposite of ""큰"" is """,작은,0,2,18.25,20.375,2.125
gemma-2-2b,2,freq,freq,en,ko,큰,"The opposite of ""큰"" is """,작은,0,2,18.25,20.75,2.5
gemma-2-2b,3,desc,desc,en,ko,더운,"The opposite of ""더운"" is """,추운,5,5,13.6875,13.6875,0.0
gemma-2-2b,3,desc,val,en,ko,더운,"The opposite of ""더운"" is """,추운,5,7,13.6875,13.5625,-0.125
gemma-2-2b,3,desc,freq,en,ko,더운,"The opposite of ""더운"" is """,추운,5,8,13.6875,5.21875,-8.46875
gemma-2-2b,3,val,desc,en,ko,더운,"The opposite of ""더운"" is """,추운,5,75,13.6875,15.8125,2.125
gemma-2-2b,3,val,val,en,ko,더운,"The opposite of ""더운"" is """,추운,5,79,13.6875,16.125,2.4375
gemma-2-2b,3,val,freq,en,ko,더운,"The opposite of ""더운"" is """,추운,5,65,13.6875,10.9375,-2.75
gemma-2-2b,3,freq,desc,en,ko,더운,"The opposite of ""더운"" is """,추운,5,24,13.6875,15.0,1.3125
gemma-2-2b,3,freq,val,en,ko,더운,"The opposite of ""더운"" is """,추운,5,52,13.6875,14.5625,0.875
gemma-2-2b,3,freq,freq,en,ko,더운,"The opposite of ""더운"" is """,추운,5,32,13.6875,14.9375,1.25
gemma-2-2b,4,desc,desc,en,ko,빠른,"The opposite of ""빠른"" is """,느린,0,0,16.75,16.75,0.0
gemma-2-2b,4,desc,val,en,ko,빠른,"The opposite of ""빠른"" is """,느린,0,1,16.75,16.625,-0.125
gemma-2-2b,4,desc,freq,en,ko,빠른,"The opposite of ""빠른"" is """,느린,0,1,16.75,9.25,-7.5
gemma-2-2b,4,val,desc,en,ko,빠른,"The opposite of ""빠른"" is """,느린,0,9,16.75,18.875,2.125
gemma-2-2b,4,val,val,en,ko,빠른,"The opposite of ""빠른"" is """,느린,0,9,16.75,19.25,2.5
gemma-2-2b,4,val,freq,en,ko,빠른,"The opposite of ""빠른"" is """,느린,0,12,16.75,13.5625,-3.1875
gemma-2-2b,4,freq,desc,en,ko,빠른,"The opposite of ""빠른"" is """,느린,0,5,16.75,17.75,1.0
gemma-2-2b,4,freq,val,en,ko,빠른,"The opposite of ""빠른"" is """,느린,0,6,16.75,17.75,1.0
gemma-2-2b,4,freq,freq,en,ko,빠른,"The opposite of ""빠른"" is """,느린,0,5,16.75,17.75,1.0
gemma-2-2b,5,desc,desc,en,ko,가벼운,"The opposite of ""가벼운"" is """,무거운,1,1,16.625,16.625,0.0
gemma-2-2b,5,desc,val,en,ko,가벼운,"The opposite of ""가벼운"" is """,무거운,1,2,16.625,16.125,-0.5
gemma-2-2b,5,desc,freq,en,ko,가벼운,"The opposite of ""가벼운"" is """,무거운,1,7,16.625,7.5625,-9.0625
gemma-2-2b,5,val,desc,en,ko,가벼운,"The opposite of ""가벼운"" is """,무거운,1,22,16.625,19.25,2.625
gemma-2-2b,5,val,val,en,ko,가벼운,"The opposite of ""가벼운"" is """,무거운,1,23,16.625,19.375,2.75
gemma-2-2b,5,val,freq,en,ko,가벼운,"The opposite of ""가벼운"" is """,무거운,1,25,16.625,12.1875,-4.4375
gemma-2-2b,5,freq,desc,en,ko,가벼운,"The opposite of ""가벼운"" is """,무거운,1,10,16.625,18.25,1.625
gemma-2-2b,5,freq,val,en,ko,가벼운,"The opposite of ""가벼운"" is """,무거운,1,10,16.625,18.125,1.5
gemma-2-2b,5,freq,freq,en,ko,가벼운,"The opposite of ""가벼운"" is """,무거운,1,10,16.625,18.25,1.625
gemma-2-2b,6,desc,desc,en,ko,쉬운,"The opposite of ""쉬운"" is """,어려운,1,1,16.5,16.5,0.0
gemma-2-2b,6,desc,val,en,ko,쉬운,"The opposite of ""쉬운"" is """,어려운,1,0,16.5,16.625,0.125
gemma-2-2b,6,desc,freq,en,ko,쉬운,"The opposite of ""쉬운"" is """,어려운,1,1,16.5,7.5625,-8.9375
gemma-2-2b,6,val,desc,en,ko,쉬운,"The opposite of ""쉬운"" is """,어려운,1,14,16.5,19.25,2.75
gemma-2-2b,6,val,val,en,ko,쉬운,"The opposite of ""쉬운"" is """,어려운,1,14,16.5,19.5,3.0
gemma-2-2b,6,val,freq,en,ko,쉬운,"The opposite of ""쉬운"" is """,어려운,1,18,16.5,12.5,-4.0
gemma-2-2b,6,freq,desc,en,ko,쉬운,"The opposite of ""쉬운"" is """,어려운,1,5,16.5,19.375,2.875
gemma-2-2b,6,freq,val,en,ko,쉬운,"The opposite of ""쉬운"" is """,어려운,1,9,16.5,18.75,2.25
gemma-2-2b,6,freq,freq,en,ko,쉬운,"The opposite of ""쉬운"" is """,어려운,1,6,16.5,19.25,2.75
gemma-2-2b,7,desc,desc,en,ko,새로운,"The opposite of ""새로운"" is """,오래된,3,2,18.125,18.25,0.125
gemma-2-2b,7,desc,val,en,ko,새로운,"The opposite of ""새로운"" is """,오래된,3,0,18.125,16.875,-1.25
gemma-2-2b,7,desc,freq,en,ko,새로운,"The opposite of ""새로운"" is """,오래된,3,0,18.125,13.0,-5.125
gemma-2-2b,7,val,desc,en,ko,새로운,"The opposite of ""새로운"" is """,오래된,3,33,18.125,18.5,0.375
gemma-2-2b,7,val,val,en,ko,새로운,"The opposite of ""새로운"" is """,오래된,3,42,18.125,18.75,0.625
gemma-2-2b,7,val,freq,en,ko,새로운,"The opposite of ""새로운"" is """,오래된,3,3,18.125,17.5,-0.625
gemma-2-2b,7,freq,desc,en,ko,새로운,"The opposite of ""새로운"" is """,오래된,3,5,18.125,19.625,1.5
gemma-2-2b,7,freq,val,en,ko,새로운,"The opposite of ""새로운"" is """,오래된,3,14,18.125,18.75,0.625
gemma-2-2b,7,freq,freq,en,ko,새로운,"The opposite of ""새로운"" is """,오래된,3,5,18.125,19.625,1.5
gemma-2-2b,8,desc,desc,en,ko,진실한,"The opposite of ""진실한"" is """,거짓의,1,1,19.875,19.875,0.0
gemma-2-2b,8,desc,val,en,ko,진실한,"The opposite of ""진실한"" is """,거짓의,1,2,19.875,18.0,-1.875
gemma-2-2b,8,desc,freq,en,ko,진실한,"The opposite of ""진실한"" is """,거짓의,1,2,19.875,13.625,-6.25
gemma-2-2b,8,val,desc,en,ko,진실한,"The opposite of ""진실한"" is """,거짓의,1,41,19.875,19.625,-0.25
gemma-2-2b,8,val,val,en,ko,진실한,"The opposite of ""진실한"" is """,거짓의,1,40,19.875,19.875,0.0
gemma-2-2b,8,val,freq,en,ko,진실한,"The opposite of ""진실한"" is """,거짓의,1,4,19.875,17.25,-2.625
gemma-2-2b,8,freq,desc,en,ko,진실한,"The opposite of ""진실한"" is """,거짓의,1,11,19.875,19.75,-0.125
gemma-2-2b,8,freq,val,en,ko,진실한,"The opposite of ""진실한"" is """,거짓의,1,18,19.875,19.25,-0.625
gemma-2-2b,8,freq,freq,en,ko,진실한,"The opposite of ""진실한"" is """,거짓의,1,9,19.875,19.875,0.0
gemma-2-2b,9,desc,desc,en,ko,살아있는,"The opposite of ""살아있는"" is """,죽은,0,0,21.75,21.75,0.0
gemma-2-2b,9,desc,val,en,ko,살아있는,"The opposite of ""살아있는"" is """,죽은,0,0,21.75,22.25,0.5
gemma-2-2b,9,desc,freq,en,ko,살아있는,"The opposite of ""살아있는"" is """,죽은,0,0,21.75,16.375,-5.375
gemma-2-2b,9,val,desc,en,ko,살아있는,"The opposite of ""살아있는"" is """,죽은,0,1,21.75,23.5,1.75
gemma-2-2b,9,val,val,en,ko,살아있는,"The opposite of ""살아있는"" is """,죽은,0,0,21.75,23.75,2.0
gemma-2-2b,9,val,freq,en,ko,살아있는,"The opposite of ""살아있는"" is """,죽은,0,0,21.75,19.5,-2.25
gemma-2-2b,9,freq,desc,en,ko,살아있는,"The opposite of ""살아있는"" is """,죽은,0,0,21.75,21.75,0.0
gemma-2-2b,9,freq,val,en,ko,살아있는,"The opposite of ""살아있는"" is """,죽은,0,0,21.75,22.375,0.625
gemma-2-2b,9,freq,freq,en,ko,살아있는,"The opposite of ""살아있는"" is """,죽은,0,0,21.75,21.625,-0.125
gemma-2-2b,10,desc,desc,en,ko,가득 찬,"The opposite of ""가득 찬"" is """,빈,0,0,21.125,21.125,0.0
gemma-2-2b,10,desc,val,en,ko,가득 찬,"The opposite of ""가득 찬"" is """,빈,0,1,21.125,19.75,-1.375
gemma-2-2b,10,desc,freq,en,ko,가득 찬,"The opposite of ""가득 찬"" is """,빈,0,3,21.125,15.25,-5.875
gemma-2-2b,10,val,desc,en,ko,가득 찬,"The opposite of ""가득 찬"" is """,빈,0,8,21.125,22.125,1.0
gemma-2-2b,10,val,val,en,ko,가득 찬,"The opposite of ""가득 찬"" is """,빈,0,9,21.125,22.25,1.125
gemma-2-2b,10,val,freq,en,ko,가득 찬,"The opposite of ""가득 찬"" is """,빈,0,18,21.125,18.875,-2.25
gemma-2-2b,10,freq,desc,en,ko,가득 찬,"The opposite of ""가득 찬"" is """,빈,0,6,21.125,21.125,0.0
gemma-2-2b,10,freq,val,en,ko,가득 찬,"The opposite of ""가득 찬"" is """,빈,0,10,21.125,20.75,-0.375
gemma-2-2b,10,freq,freq,en,ko,가득 찬,"The opposite of ""가득 찬"" is """,빈,0,6,21.125,21.25,0.125
gemma-2-2b,11,desc,desc,en,ko,밝은,"The opposite of ""밝은"" is """,어두운,0,0,16.5,16.5,0.0
gemma-2-2b,11,desc,val,en,ko,밝은,"The opposite of ""밝은"" is """,어두운,0,1,16.5,17.0,0.5
gemma-2-2b,11,desc,freq,en,ko,밝은,"The opposite of ""밝은"" is """,어두운,0,1,16.5,8.5,-8.0
gemma-2-2b,11,val,desc,en,ko,밝은,"The opposite of ""밝은"" is """,어두운,0,14,16.5,18.25,1.75
gemma-2-2b,11,val,val,en,ko,밝은,"The opposite of ""밝은"" is """,어두운,0,14,16.5,18.75,2.25
gemma-2-2b,11,val,freq,en,ko,밝은,"The opposite of ""밝은"" is """,어두운,0,13,16.5,12.25,-4.25
gemma-2-2b,11,freq,desc,en,ko,밝은,"The opposite of ""밝은"" is """,어두운,0,3,16.5,17.75,1.25
gemma-2-2b,11,freq,val,en,ko,밝은,"The opposite of ""밝은"" is """,어두운,0,6,16.5,17.5,1.0
gemma-2-2b,11,freq,freq,en,ko,밝은,"The opposite of ""밝은"" is """,어두운,0,3,16.5,17.75,1.25
gemma-2-2b,12,desc,desc,en,ko,강한,"The opposite of ""강한"" is """,약한,0,0,18.375,18.5,0.125
gemma-2-2b,12,desc,val,en,ko,강한,"The opposite of ""강한"" is """,약한,0,1,18.375,17.875,-0.5
gemma-2-2b,12,desc,freq,en,ko,강한,"The opposite of ""강한"" is """,약한,0,1,18.375,11.4375,-6.9375
gemma-2-2b,12,val,desc,en,ko,강한,"The opposite of ""강한"" is """,약한,0,14,18.375,19.5,1.125
gemma-2-2b,12,val,val,en,ko,강한,"The opposite of ""강한"" is """,약한,0,15,18.375,19.75,1.375
gemma-2-2b,12,val,freq,en,ko,강한,"The opposite of ""강한"" is """,약한,0,1,18.375,16.125,-2.25
gemma-2-2b,12,freq,desc,en,ko,강한,"The opposite of ""강한"" is """,약한,0,13,18.375,17.75,-0.625
gemma-2-2b,12,freq,val,en,ko,강한,"The opposite of ""강한"" is """,약한,0,15,18.375,17.75,-0.625
gemma-2-2b,12,freq,freq,en,ko,강한,"The opposite of ""강한"" is """,약한,0,10,18.375,18.0,-0.375
gemma-2-2b,13,desc,desc,en,ko,깨끗한,"The opposite of ""깨끗한"" is """,더러운,21,19,15.375,15.375,0.0
gemma-2-2b,13,desc,val,en,ko,깨끗한,"The opposite of ""깨끗한"" is """,더러운,21,32,15.375,14.3125,-1.0625
gemma-2-2b,13,desc,freq,en,ko,깨끗한,"The opposite of ""깨끗한"" is """,더러운,21,42,15.375,7.5625,-7.8125
gemma-2-2b,13,val,desc,en,ko,깨끗한,"The opposite of ""깨끗한"" is """,더러운,21,122,15.375,17.75,2.375
gemma-2-2b,13,val,val,en,ko,깨끗한,"The opposite of ""깨끗한"" is """,더러운,21,127,15.375,17.875,2.5
gemma-2-2b,13,val,freq,en,ko,깨끗한,"The opposite of ""깨끗한"" is """,더러운,21,215,15.375,9.875,-5.5
gemma-2-2b,13,freq,desc,en,ko,깨끗한,"The opposite of ""깨끗한"" is """,더러운,21,35,15.375,17.5,2.125
gemma-2-2b,13,freq,val,en,ko,깨끗한,"The opposite of ""깨끗한"" is """,더러운,21,52,15.375,16.75,1.375
gemma-2-2b,13,freq,freq,en,ko,깨끗한,"The opposite of ""깨끗한"" is """,더러운,21,34,15.375,17.5,2.125
gemma-2-2b,14,desc,desc,en,ko,열린,"The opposite of ""열린"" is """,닫힌,0,0,19.75,19.75,0.0
gemma-2-2b,14,desc,val,en,ko,열린,"The opposite of ""열린"" is """,닫힌,0,3,19.75,16.125,-3.625
gemma-2-2b,14,desc,freq,en,ko,열린,"The opposite of ""열린"" is """,닫힌,0,2,19.75,6.5625,-13.1875
gemma-2-2b,14,val,desc,en,ko,열린,"The opposite of ""열린"" is """,닫힌,0,7,19.75,20.75,1.0
gemma-2-2b,14,val,val,en,ko,열린,"The opposite of ""열린"" is """,닫힌,0,6,19.75,21.125,1.375
gemma-2-2b,14,val,freq,en,ko,열린,"The opposite of ""열린"" is """,닫힌,0,0,19.75,15.8125,-3.9375
gemma-2-2b,14,freq,desc,en,ko,열린,"The opposite of ""열린"" is """,닫힌,0,20,19.75,17.75,-2.0
gemma-2-2b,14,freq,val,en,ko,열린,"The opposite of ""열린"" is """,닫힌,0,19,19.75,17.5,-2.25
gemma-2-2b,14,freq,freq,en,ko,열린,"The opposite of ""열린"" is """,닫힌,0,20,19.75,17.75,-2.0
gemma-2-2b,15,desc,desc,en,ko,부유한,"The opposite of ""부유한"" is """,가난한,3,3,17.625,17.625,0.0
gemma-2-2b,15,desc,val,en,ko,부유한,"The opposite of ""부유한"" is """,가난한,3,5,17.625,16.875,-0.75
gemma-2-2b,15,desc,freq,en,ko,부유한,"The opposite of ""부유한"" is """,가난한,3,4,17.625,12.25,-5.375
gemma-2-2b,15,val,desc,en,ko,부유한,"The opposite of ""부유한"" is """,가난한,3,23,17.625,19.25,1.625
gemma-2-2b,15,val,val,en,ko,부유한,"The opposite of ""부유한"" is """,가난한,3,31,17.625,19.5,1.875
gemma-2-2b,15,val,freq,en,ko,부유한,"The opposite of ""부유한"" is """,가난한,3,18,17.625,15.125,-2.5
gemma-2-2b,15,freq,desc,en,ko,부유한,"The opposite of ""부유한"" is """,가난한,3,2,17.625,20.125,2.5
gemma-2-2b,15,freq,val,en,ko,부유한,"The opposite of ""부유한"" is """,가난한,3,9,17.625,19.0,1.375
gemma-2-2b,15,freq,freq,en,ko,부유한,"The opposite of ""부유한"" is """,가난한,3,3,17.625,20.0,2.375
gemma-2-2b,16,desc,desc,en,ko,아름다운,"The opposite of ""아름다운"" is """,못생긴,26,28,14.875,14.75,-0.125
gemma-2-2b,16,desc,val,en,ko,아름다운,"The opposite of ""아름다운"" is """,못생긴,26,21,14.875,13.8125,-1.0625
gemma-2-2b,16,desc,freq,en,ko,아름다운,"The opposite of ""아름다운"" is """,못생긴,26,23,14.875,7.625,-7.25
gemma-2-2b,16,val,desc,en,ko,아름다운,"The opposite of ""아름다운"" is """,못생긴,26,152,14.875,15.8125,0.9375
gemma-2-2b,16,val,val,en,ko,아름다운,"The opposite of ""아름다운"" is """,못생긴,26,171,14.875,16.125,1.25
gemma-2-2b,16,val,freq,en,ko,아름다운,"The opposite of ""아름다운"" is """,못생긴,26,301,14.875,9.3125,-5.5625
gemma-2-2b,16,freq,desc,en,ko,아름다운,"The opposite of ""아름다운"" is """,못생긴,26,136,14.875,14.75,-0.125
gemma-2-2b,16,freq,val,en,ko,아름다운,"The opposite of ""아름다운"" is """,못생긴,26,224,14.875,13.4375,-1.4375
gemma-2-2b,16,freq,freq,en,ko,아름다운,"The opposite of ""아름다운"" is """,못생긴,26,147,14.875,14.5625,-0.3125
gemma-2-2b,17,desc,desc,en,ko,긴,"The opposite of ""긴"" is """,짧은,0,0,21.5,21.625,0.125
gemma-2-2b,17,desc,val,en,ko,긴,"The opposite of ""긴"" is """,짧은,0,0,21.5,18.875,-2.625
gemma-2-2b,17,desc,freq,en,ko,긴,"The opposite of ""긴"" is """,짧은,0,2,21.5,12.25,-9.25
gemma-2-2b,17,val,desc,en,ko,긴,"The opposite of ""긴"" is """,짧은,0,6,21.5,22.125,0.625
gemma-2-2b,17,val,val,en,ko,긴,"The opposite of ""긴"" is """,짧은,0,6,21.5,22.25,0.75
gemma-2-2b,17,val,freq,en,ko,긴,"The opposite of ""긴"" is """,짧은,0,7,21.5,18.75,-2.75
gemma-2-2b,17,freq,desc,en,ko,긴,"The opposite of ""긴"" is """,짧은,0,5,21.5,20.875,-0.625
gemma-2-2b,17,freq,val,en,ko,긴,"The opposite of ""긴"" is """,짧은,0,6,21.5,20.625,-0.875
gemma-2-2b,17,freq,freq,en,ko,긴,"The opposite of ""긴"" is """,짧은,0,5,21.5,20.875,-0.625
gemma-2-2b,18,desc,desc,en,ko,넓은,"The opposite of ""넓은"" is """,좁은,0,0,21.25,21.25,0.0
gemma-2-2b,18,desc,val,en,ko,넓은,"The opposite of ""넓은"" is """,좁은,0,3,21.25,17.0,-4.25
gemma-2-2b,18,desc,freq,en,ko,넓은,"The opposite of ""넓은"" is """,좁은,0,16,21.25,10.625,-10.625
gemma-2-2b,18,val,desc,en,ko,넓은,"The opposite of ""넓은"" is """,좁은,0,14,21.25,20.625,-0.625
gemma-2-2b,18,val,val,en,ko,넓은,"The opposite of ""넓은"" is """,좁은,0,14,21.25,20.875,-0.375
gemma-2-2b,18,val,freq,en,ko,넓은,"The opposite of ""넓은"" is """,좁은,0,9,21.25,17.375,-3.875
gemma-2-2b,18,freq,desc,en,ko,넓은,"The opposite of ""넓은"" is """,좁은,0,17,21.25,19.125,-2.125
gemma-2-2b,18,freq,val,en,ko,넓은,"The opposite of ""넓은"" is """,좁은,0,16,21.25,19.25,-2.0
gemma-2-2b,18,freq,freq,en,ko,넓은,"The opposite of ""넓은"" is """,좁은,0,15,21.25,19.25,-2.0
gemma-2-2b,19,desc,desc,en,ko,딱딱한,"The opposite of ""딱딱한"" is """,부드러운,2,2,17.125,17.375,0.25
gemma-2-2b,19,desc,val,en,ko,딱딱한,"The opposite of ""딱딱한"" is """,부드러운,2,7,17.125,15.9375,-1.1875
gemma-2-2b,19,desc,freq,en,ko,딱딱한,"The opposite of ""딱딱한"" is """,부드러운,2,6,17.125,9.125,-8.0
gemma-2-2b,19,val,desc,en,ko,딱딱한,"The opposite of ""딱딱한"" is """,부드러운,2,287,17.125,15.8125,-1.3125
gemma-2-2b,19,val,val,en,ko,딱딱한,"The opposite of ""딱딱한"" is """,부드러운,2,319,17.125,15.8125,-1.3125
gemma-2-2b,19,val,freq,en,ko,딱딱한,"The opposite of ""딱딱한"" is """,부드러운,2,135,17.125,10.625,-6.5
gemma-2-2b,19,freq,desc,en,ko,딱딱한,"The opposite of ""딱딱한"" is """,부드러운,2,53,17.125,16.125,-1.0
gemma-2-2b,19,freq,val,en,ko,딱딱한,"The opposite of ""딱딱한"" is """,부드러운,2,82,17.125,15.25,-1.875
gemma-2-2b,19,freq,freq,en,ko,딱딱한,"The opposite of ""딱딱한"" is """,부드러운,2,53,17.125,16.125,-1.0
gemma-2-2b,20,desc,desc,en,ko,마른,"The opposite of ""마른"" is """,젖은,4,5,17.125,17.125,0.0
gemma-2-2b,20,desc,val,en,ko,마른,"The opposite of ""마른"" is """,젖은,4,144,17.125,13.0625,-4.0625
gemma-2-2b,20,desc,freq,en,ko,마른,"The opposite of ""마른"" is """,젖은,4,185,17.125,6.1875,-10.9375
gemma-2-2b,20,val,desc,en,ko,마른,"The opposite of ""마른"" is """,젖은,4,396,17.125,16.125,-1.0
gemma-2-2b,20,val,val,en,ko,마른,"The opposite of ""마른"" is """,젖은,4,404,17.125,16.125,-1.0
gemma-2-2b,20,val,freq,en,ko,마른,"The opposite of ""마른"" is """,젖은,4,557,17.125,10.6875,-6.4375
gemma-2-2b,20,freq,desc,en,ko,마른,"The opposite of ""마른"" is """,젖은,4,373,17.125,14.6875,-2.4375
gemma-2-2b,20,freq,val,en,ko,마른,"The opposite of ""마른"" is """,젖은,4,285,17.125,14.5,-2.625
gemma-2-2b,20,freq,freq,en,ko,마른,"The opposite of ""마른"" is """,젖은,4,328,17.125,14.875,-2.25
gemma-2-2b,21,desc,desc,en,ko,시끄러운,"The opposite of ""시끄러운"" is """,조용한,4,4,17.0,17.0,0.0
gemma-2-2b,21,desc,val,en,ko,시끄러운,"The opposite of ""시끄러운"" is """,조용한,4,7,17.0,15.25,-1.75
gemma-2-2b,21,desc,freq,en,ko,시끄러운,"The opposite of ""시끄러운"" is """,조용한,4,29,17.0,5.8125,-11.1875
gemma-2-2b,21,val,desc,en,ko,시끄러운,"The opposite of ""시끄러운"" is """,조용한,4,86,17.0,17.375,0.375
gemma-2-2b,21,val,val,en,ko,시끄러운,"The opposite of ""시끄러운"" is """,조용한,4,105,17.0,17.375,0.375
gemma-2-2b,21,val,freq,en,ko,시끄러운,"The opposite of ""시끄러운"" is """,조용한,4,166,17.0,8.4375,-8.5625
gemma-2-2b,21,freq,desc,en,ko,시끄러운,"The opposite of ""시끄러운"" is """,조용한,4,28,17.0,17.75,0.75
gemma-2-2b,21,freq,val,en,ko,시끄러운,"The opposite of ""시끄러운"" is """,조용한,4,60,17.0,16.25,-0.75
gemma-2-2b,21,freq,freq,en,ko,시끄러운,"The opposite of ""시끄러운"" is """,조용한,4,30,17.0,17.5,0.5
gemma-2-2b,22,desc,desc,en,ko,이른,"The opposite of ""이른"" is """,늦은,0,0,21.625,21.625,0.0
gemma-2-2b,22,desc,val,en,ko,이른,"The opposite of ""이른"" is """,늦은,0,0,21.625,18.625,-3.0
gemma-2-2b,22,desc,freq,en,ko,이른,"The opposite of ""이른"" is """,늦은,0,2,21.625,10.3125,-11.3125
gemma-2-2b,22,val,desc,en,ko,이른,"The opposite of ""이른"" is """,늦은,0,3,21.625,22.25,0.625
gemma-2-2b,22,val,val,en,ko,이른,"The opposite of ""이른"" is """,늦은,0,1,21.625,22.75,1.125
gemma-2-2b,22,val,freq,en,ko,이른,"The opposite of ""이른"" is """,늦은,0,3,21.625,16.25,-5.375
gemma-2-2b,22,freq,desc,en,ko,이른,"The opposite of ""이른"" is """,늦은,0,2,21.625,20.75,-0.875
gemma-2-2b,22,freq,val,en,ko,이른,"The opposite of ""이른"" is """,늦은,0,4,21.625,20.75,-0.875
gemma-2-2b,22,freq,freq,en,ko,이른,"The opposite of ""이른"" is """,늦은,0,2,21.625,20.75,-0.875
gemma-2-2b,23,desc,desc,en,ko,가까운,"The opposite of ""가까운"" is """,먼,0,0,20.375,20.375,0.0
gemma-2-2b,23,desc,val,en,ko,가까운,"The opposite of ""가까운"" is """,먼,0,0,20.375,18.125,-2.25
gemma-2-2b,23,desc,freq,en,ko,가까운,"The opposite of ""가까운"" is """,먼,0,0,20.375,11.875,-8.5
gemma-2-2b,23,val,desc,en,ko,가까운,"The opposite of ""가까운"" is """,먼,0,12,20.375,20.5,0.125
gemma-2-2b,23,val,val,en,ko,가까운,"The opposite of ""가까운"" is """,먼,0,14,20.375,20.625,0.25
gemma-2-2b,23,val,freq,en,ko,가까운,"The opposite of ""가까운"" is """,먼,0,1,20.375,16.5,-3.875
gemma-2-2b,23,freq,desc,en,ko,가까운,"The opposite of ""가까운"" is """,먼,0,2,20.375,20.125,-0.25
gemma-2-2b,23,freq,val,en,ko,가까운,"The opposite of ""가까운"" is """,먼,0,4,20.375,19.5,-0.875
gemma-2-2b,23,freq,freq,en,ko,가까운,"The opposite of ""가까운"" is """,먼,0,2,20.375,20.125,-0.25
gemma-2-2b,24,desc,desc,en,ko,깊은,"The opposite of ""깊은"" is """,얕은,0,0,21.75,21.875,0.125
gemma-2-2b,24,desc,val,en,ko,깊은,"The opposite of ""깊은"" is """,얕은,0,3,21.75,19.75,-2.0
gemma-2-2b,24,desc,freq,en,ko,깊은,"The opposite of ""깊은"" is """,얕은,0,1,21.75,16.75,-5.0
gemma-2-2b,24,val,desc,en,ko,깊은,"The opposite of ""깊은"" is """,얕은,0,11,21.75,21.875,0.125
gemma-2-2b,24,val,val,en,ko,깊은,"The opposite of ""깊은"" is """,얕은,0,11,21.75,22.0,0.25
gemma-2-2b,24,val,freq,en,ko,깊은,"The opposite of ""깊은"" is """,얕은,0,6,21.75,21.625,-0.125
gemma-2-2b,24,freq,desc,en,ko,깊은,"The opposite of ""깊은"" is """,얕은,0,5,21.75,20.5,-1.25
gemma-2-2b,24,freq,val,en,ko,깊은,"The opposite of ""깊은"" is """,얕은,0,8,21.75,20.625,-1.125
gemma-2-2b,24,freq,freq,en,ko,깊은,"The opposite of ""깊은"" is """,얕은,0,5,21.75,20.75,-1.0
gemma-2-2b,25,desc,desc,en,ko,나쁜,"The opposite of ""나쁜"" is """,좋은,0,0,20.625,20.75,0.125
gemma-2-2b,25,desc,val,en,ko,나쁜,"The opposite of ""나쁜"" is """,좋은,0,0,20.625,18.875,-1.75
gemma-2-2b,25,desc,freq,en,ko,나쁜,"The opposite of ""나쁜"" is """,좋은,0,1,20.625,8.0625,-12.5625
gemma-2-2b,25,val,desc,en,ko,나쁜,"The opposite of ""나쁜"" is """,좋은,0,5,20.625,20.375,-0.25
gemma-2-2b,25,val,val,en,ko,나쁜,"The opposite of ""나쁜"" is """,좋은,0,4,20.625,20.75,0.125
gemma-2-2b,25,val,freq,en,ko,나쁜,"The opposite of ""나쁜"" is """,좋은,0,22,20.625,10.875,-9.75
gemma-2-2b,25,freq,desc,en,ko,나쁜,"The opposite of ""나쁜"" is """,좋은,0,2,20.625,19.375,-1.25
gemma-2-2b,25,freq,val,en,ko,나쁜,"The opposite of ""나쁜"" is """,좋은,0,4,20.625,18.75,-1.875
gemma-2-2b,25,freq,freq,en,ko,나쁜,"The opposite of ""나쁜"" is """,좋은,0,2,20.625,19.25,-1.375
gemma-2-2b,26,desc,desc,en,ko,슬픈,"The opposite of ""슬픈"" is """,행복한,0,0,19.25,19.25,0.0
gemma-2-2b,26,desc,val,en,ko,슬픈,"The opposite of ""슬픈"" is """,행복한,0,0,19.25,19.0,-0.25
gemma-2-2b,26,desc,freq,en,ko,슬픈,"The opposite of ""슬픈"" is """,행복한,0,1,19.25,14.0625,-5.1875
gemma-2-2b,26,val,desc,en,ko,슬픈,"The opposite of ""슬픈"" is """,행복한,0,7,19.25,20.125,0.875
gemma-2-2b,26,val,val,en,ko,슬픈,"The opposite of ""슬픈"" is """,행복한,0,8,19.25,20.0,0.75
gemma-2-2b,26,val,freq,en,ko,슬픈,"The opposite of ""슬픈"" is """,행복한,0,1,19.25,16.875,-2.375
gemma-2-2b,26,freq,desc,en,ko,슬픈,"The opposite of ""슬픈"" is """,행복한,0,3,19.25,19.25,0.0
gemma-2-2b,26,freq,val,en,ko,슬픈,"The opposite of ""슬픈"" is """,행복한,0,6,19.25,19.125,-0.125
gemma-2-2b,26,freq,freq,en,ko,슬픈,"The opposite of ""슬픈"" is """,행복한,0,3,19.25,19.125,-0.125
gemma-2-2b,27,desc,desc,en,ko,작은,"The opposite of ""작은"" is """,큰,0,0,19.75,19.875,0.125
gemma-2-2b,27,desc,val,en,ko,작은,"The opposite of ""작은"" is """,큰,0,0,19.75,19.25,-0.5
gemma-2-2b,27,desc,freq,en,ko,작은,"The opposite of ""작은"" is """,큰,0,1,19.75,11.5625,-8.1875
gemma-2-2b,27,val,desc,en,ko,작은,"The opposite of ""작은"" is """,큰,0,0,19.75,23.125,3.375
gemma-2-2b,27,val,val,en,ko,작은,"The opposite of ""작은"" is """,큰,0,0,19.75,23.25,3.5
gemma-2-2b,27,val,freq,en,ko,작은,"The opposite of ""작은"" is """,큰,0,1,19.75,17.0,-2.75
gemma-2-2b,27,freq,desc,en,ko,작은,"The opposite of ""작은"" is """,큰,0,2,19.75,20.625,0.875
gemma-2-2b,27,freq,val,en,ko,작은,"The opposite of ""작은"" is """,큰,0,1,19.75,21.25,1.5
gemma-2-2b,27,freq,freq,en,ko,작은,"The opposite of ""작은"" is """,큰,0,2,19.75,20.75,1.0
gemma-2-2b,28,desc,desc,en,ko,추운,"The opposite of ""추운"" is """,따뜻한,0,0,17.5,17.375,-0.125
gemma-2-2b,28,desc,val,en,ko,추운,"The opposite of ""추운"" is """,따뜻한,0,2,17.5,16.0,-1.5
gemma-2-2b,28,desc,freq,en,ko,추운,"The opposite of ""추운"" is """,따뜻한,0,0,17.5,9.25,-8.25
gemma-2-2b,28,val,desc,en,ko,추운,"The opposite of ""추운"" is """,따뜻한,0,39,17.5,17.375,-0.125
gemma-2-2b,28,val,val,en,ko,추운,"The opposite of ""추운"" is """,따뜻한,0,43,17.5,17.75,0.25
gemma-2-2b,28,val,freq,en,ko,추운,"The opposite of ""추운"" is """,따뜻한,0,23,17.5,12.6875,-4.8125
gemma-2-2b,28,freq,desc,en,ko,추운,"The opposite of ""추운"" is """,따뜻한,0,10,17.5,17.625,0.125
gemma-2-2b,28,freq,val,en,ko,추운,"The opposite of ""추운"" is """,따뜻한,0,24,17.5,16.25,-1.25
gemma-2-2b,28,freq,freq,en,ko,추운,"The opposite of ""추운"" is """,따뜻한,0,10,17.5,17.75,0.25
gemma-2-2b,29,desc,desc,en,ko,느린,"The opposite of ""느린"" is """,빠른,0,0,19.75,19.75,0.0
gemma-2-2b,29,desc,val,en,ko,느린,"The opposite of ""느린"" is """,빠른,0,0,19.75,19.625,-0.125
gemma-2-2b,29,desc,freq,en,ko,느린,"The opposite of ""느린"" is """,빠른,0,0,19.75,12.125,-7.625
gemma-2-2b,29,val,desc,en,ko,느린,"The opposite of ""느린"" is """,빠른,0,2,19.75,22.875,3.125
gemma-2-2b,29,val,val,en,ko,느린,"The opposite of ""느린"" is """,빠른,0,2,19.75,23.125,3.375
gemma-2-2b,29,val,freq,en,ko,느린,"The opposite of ""느린"" is """,빠른,0,2,19.75,17.5,-2.25
gemma-2-2b,29,freq,desc,en,ko,느린,"The opposite of ""느린"" is """,빠른,0,1,19.75,21.25,1.5
gemma-2-2b,29,freq,val,en,ko,느린,"The opposite of ""느린"" is """,빠른,0,1,19.75,21.75,2.0
gemma-2-2b,29,freq,freq,en,ko,느린,"The opposite of ""느린"" is """,빠른,0,1,19.75,21.5,1.75
gemma-2-2b,30,desc,desc,en,ko,무거운,"The opposite of ""무거운"" is """,가벼운,0,0,17.75,17.75,0.0
gemma-2-2b,30,desc,val,en,ko,무거운,"The opposite of ""무거운"" is """,가벼운,0,0,17.75,17.25,-0.5
gemma-2-2b,30,desc,freq,en,ko,무거운,"The opposite of ""무거운"" is """,가벼운,0,14,17.75,11.5625,-6.1875
gemma-2-2b,30,val,desc,en,ko,무거운,"The opposite of ""무거운"" is """,가벼운,0,83,17.75,18.125,0.375
gemma-2-2b,30,val,val,en,ko,무거운,"The opposite of ""무거운"" is """,가벼운,0,93,17.75,18.125,0.375
gemma-2-2b,30,val,freq,en,ko,무거운,"The opposite of ""무거운"" is """,가벼운,0,133,17.75,13.5625,-4.1875
gemma-2-2b,30,freq,desc,en,ko,무거운,"The opposite of ""무거운"" is """,가벼운,0,17,17.75,19.625,1.875
gemma-2-2b,30,freq,val,en,ko,무거운,"The opposite of ""무거운"" is """,가벼운,0,41,17.75,17.875,0.125
gemma-2-2b,30,freq,freq,en,ko,무거운,"The opposite of ""무거운"" is """,가벼운,0,19,17.75,19.5,1.75
gemma-2-2b,31,desc,desc,en,ko,어려운,"The opposite of ""어려운"" is """,쉬운,0,0,19.125,19.25,0.125
gemma-2-2b,31,desc,val,en,ko,어려운,"The opposite of ""어려운"" is """,쉬운,0,0,19.125,17.75,-1.375
gemma-2-2b,31,desc,freq,en,ko,어려운,"The opposite of ""어려운"" is """,쉬운,0,0,19.125,11.75,-7.375
gemma-2-2b,31,val,desc,en,ko,어려운,"The opposite of ""어려운"" is """,쉬운,0,3,19.125,21.25,2.125
gemma-2-2b,31,val,val,en,ko,어려운,"The opposite of ""어려운"" is """,쉬운,0,2,19.125,21.5,2.375
gemma-2-2b,31,val,freq,en,ko,어려운,"The opposite of ""어려운"" is """,쉬운,0,0,19.125,17.875,-1.25
gemma-2-2b,31,freq,desc,en,ko,어려운,"The opposite of ""어려운"" is """,쉬운,0,5,19.125,18.75,-0.375
gemma-2-2b,31,freq,val,en,ko,어려운,"The opposite of ""어려운"" is """,쉬운,0,3,19.125,19.0,-0.125
gemma-2-2b,31,freq,freq,en,ko,어려운,"The opposite of ""어려운"" is """,쉬운,0,4,19.125,18.875,-0.25
gemma-2-2b,32,desc,desc,en,ko,오래된,"The opposite of ""오래된"" is """,새로운,0,0,22.75,22.75,0.0
gemma-2-2b,32,desc,val,en,ko,오래된,"The opposite of ""오래된"" is """,새로운,0,0,22.75,20.625,-2.125
gemma-2-2b,32,desc,freq,en,ko,오래된,"The opposite of ""오래된"" is """,새로운,0,0,22.75,16.375,-6.375
gemma-2-2b,32,val,desc,en,ko,오래된,"The opposite of ""오래된"" is """,새로운,0,3,22.75,22.375,-0.375
gemma-2-2b,32,val,val,en,ko,오래된,"The opposite of ""오래된"" is """,새로운,0,4,22.75,22.375,-0.375
gemma-2-2b,32,val,freq,en,ko,오래된,"The opposite of ""오래된"" is """,새로운,0,0,22.75,20.875,-1.875
gemma-2-2b,32,freq,desc,en,ko,오래된,"The opposite of ""오래된"" is """,새로운,0,2,22.75,22.375,-0.375
gemma-2-2b,32,freq,val,en,ko,오래된,"The opposite of ""오래된"" is """,새로운,0,2,22.75,22.0,-0.75
gemma-2-2b,32,freq,freq,en,ko,오래된,"The opposite of ""오래된"" is """,새로운,0,2,22.75,22.375,-0.375
gemma-2-2b,33,desc,desc,en,ko,거짓의,"The opposite of ""거짓의"" is """,진실한,0,0,21.875,21.875,0.0
gemma-2-2b,33,desc,val,en,ko,거짓의,"The opposite of ""거짓의"" is """,진실한,0,0,21.875,19.5,-2.375
gemma-2-2b,33,desc,freq,en,ko,거짓의,"The opposite of ""거짓의"" is """,진실한,0,1,21.875,14.875,-7.0
gemma-2-2b,33,val,desc,en,ko,거짓의,"The opposite of ""거짓의"" is """,진실한,0,3,21.875,22.125,0.25
gemma-2-2b,33,val,val,en,ko,거짓의,"The opposite of ""거짓의"" is """,진실한,0,3,21.875,22.375,0.5
gemma-2-2b,33,val,freq,en,ko,거짓의,"The opposite of ""거짓의"" is """,진실한,0,0,21.875,20.0,-1.875
gemma-2-2b,33,freq,desc,en,ko,거짓의,"The opposite of ""거짓의"" is """,진실한,0,0,21.875,21.125,-0.75
gemma-2-2b,33,freq,val,en,ko,거짓의,"The opposite of ""거짓의"" is """,진실한,0,1,21.875,20.75,-1.125
gemma-2-2b,33,freq,freq,en,ko,거짓의,"The opposite of ""거짓의"" is """,진실한,0,0,21.875,21.0,-0.875
gemma-2-2b,34,desc,desc,en,ko,죽은,"The opposite of ""죽은"" is """,살아있는,0,0,22.375,22.5,0.125
gemma-2-2b,34,desc,val,en,ko,죽은,"The opposite of ""죽은"" is """,살아있는,0,0,22.375,21.5,-0.875
gemma-2-2b,34,desc,freq,en,ko,죽은,"The opposite of ""죽은"" is """,살아있는,0,0,22.375,16.25,-6.125
gemma-2-2b,34,val,desc,en,ko,죽은,"The opposite of ""죽은"" is """,살아있는,0,3,22.375,22.125,-0.25
gemma-2-2b,34,val,val,en,ko,죽은,"The opposite of ""죽은"" is """,살아있는,0,3,22.375,22.375,0.0
gemma-2-2b,34,val,freq,en,ko,죽은,"The opposite of ""죽은"" is """,살아있는,0,0,22.375,19.25,-3.125
gemma-2-2b,34,freq,desc,en,ko,죽은,"The opposite of ""죽은"" is """,살아있는,0,3,22.375,21.25,-1.125
gemma-2-2b,34,freq,val,en,ko,죽은,"The opposite of ""죽은"" is """,살아있는,0,4,22.375,21.125,-1.25
gemma-2-2b,34,freq,freq,en,ko,죽은,"The opposite of ""죽은"" is """,살아있는,0,3,22.375,21.125,-1.25
gemma-2-2b,35,desc,desc,en,ko,빈,"The opposite of ""빈"" is """,가득 찬,9,9,19.75,19.75,0.0
gemma-2-2b,35,desc,val,en,ko,빈,"The opposite of ""빈"" is """,가득 찬,9,13,19.75,19.0,-0.75
gemma-2-2b,35,desc,freq,en,ko,빈,"The opposite of ""빈"" is """,가득 찬,9,18,19.75,14.25,-5.5
gemma-2-2b,35,val,desc,en,ko,빈,"The opposite of ""빈"" is """,가득 찬,9,200,19.75,19.875,0.125
gemma-2-2b,35,val,val,en,ko,빈,"The opposite of ""빈"" is """,가득 찬,9,216,19.75,19.875,0.125
gemma-2-2b,35,val,freq,en,ko,빈,"The opposite of ""빈"" is """,가득 찬,9,491,19.75,16.625,-3.125
gemma-2-2b,35,freq,desc,en,ko,빈,"The opposite of ""빈"" is """,가득 찬,9,16,19.75,21.625,1.875
gemma-2-2b,35,freq,val,en,ko,빈,"The opposite of ""빈"" is """,가득 찬,9,44,19.75,20.75,1.0
gemma-2-2b,35,freq,freq,en,ko,빈,"The opposite of ""빈"" is """,가득 찬,9,14,19.75,21.75,2.0
gemma-2-2b,36,desc,desc,en,ko,어두운,"The opposite of ""어두운"" is """,밝은,0,0,21.75,21.625,-0.125
gemma-2-2b,36,desc,val,en,ko,어두운,"The opposite of ""어두운"" is """,밝은,0,0,21.75,19.375,-2.375
gemma-2-2b,36,desc,freq,en,ko,어두운,"The opposite of ""어두운"" is """,밝은,0,1,21.75,10.375,-11.375
gemma-2-2b,36,val,desc,en,ko,어두운,"The opposite of ""어두운"" is """,밝은,0,2,21.75,22.5,0.75
gemma-2-2b,36,val,val,en,ko,어두운,"The opposite of ""어두운"" is """,밝은,0,2,21.75,22.75,1.0
gemma-2-2b,36,val,freq,en,ko,어두운,"The opposite of ""어두운"" is """,밝은,0,2,21.75,16.625,-5.125
gemma-2-2b,36,freq,desc,en,ko,어두운,"The opposite of ""어두운"" is """,밝은,0,2,21.75,20.875,-0.875
gemma-2-2b,36,freq,val,en,ko,어두운,"The opposite of ""어두운"" is """,밝은,0,3,21.75,20.875,-0.875
gemma-2-2b,36,freq,freq,en,ko,어두운,"The opposite of ""어두운"" is """,밝은,0,2,21.75,20.875,-0.875
gemma-2-2b,37,desc,desc,en,ko,약한,"The opposite of ""약한"" is """,강한,0,0,19.125,19.125,0.0
gemma-2-2b,37,desc,val,en,ko,약한,"The opposite of ""약한"" is """,강한,0,0,19.125,19.125,0.0
gemma-2-2b,37,desc,freq,en,ko,약한,"The opposite of ""약한"" is """,강한,0,0,19.125,12.875,-6.25
gemma-2-2b,37,val,desc,en,ko,약한,"The opposite of ""약한"" is """,강한,0,6,19.125,21.0,1.875
gemma-2-2b,37,val,val,en,ko,약한,"The opposite of ""약한"" is """,강한,0,7,19.125,21.0,1.875
gemma-2-2b,37,val,freq,en,ko,약한,"The opposite of ""약한"" is """,강한,0,0,19.125,17.25,-1.875
gemma-2-2b,37,freq,desc,en,ko,약한,"The opposite of ""약한"" is """,강한,0,2,19.125,20.625,1.5
gemma-2-2b,37,freq,val,en,ko,약한,"The opposite of ""약한"" is """,강한,0,4,19.125,20.375,1.25
gemma-2-2b,37,freq,freq,en,ko,약한,"The opposite of ""약한"" is """,강한,0,2,19.125,20.375,1.25
gemma-2-2b,38,desc,desc,en,ko,더러운,"The opposite of ""더러운"" is """,깨끗한,0,0,20.625,20.625,0.0
gemma-2-2b,38,desc,val,en,ko,더러운,"The opposite of ""더러운"" is """,깨끗한,0,3,20.625,17.25,-3.375
gemma-2-2b,38,desc,freq,en,ko,더러운,"The opposite of ""더러운"" is """,깨끗한,0,0,20.625,10.75,-9.875
gemma-2-2b,38,val,desc,en,ko,더러운,"The opposite of ""더러운"" is """,깨끗한,0,4,20.625,21.5,0.875
gemma-2-2b,38,val,val,en,ko,더러운,"The opposite of ""더러운"" is """,깨끗한,0,4,20.625,21.75,1.125
gemma-2-2b,38,val,freq,en,ko,더러운,"The opposite of ""더러운"" is """,깨끗한,0,0,20.625,17.25,-3.375
gemma-2-2b,38,freq,desc,en,ko,더러운,"The opposite of ""더러운"" is """,깨끗한,0,7,20.625,19.125,-1.5
gemma-2-2b,38,freq,val,en,ko,더러운,"The opposite of ""더러운"" is """,깨끗한,0,11,20.625,19.125,-1.5
gemma-2-2b,38,freq,freq,en,ko,더러운,"The opposite of ""더러운"" is """,깨끗한,0,7,20.625,19.25,-1.375
gemma-2-2b,39,desc,desc,en,ko,닫힌,"The opposite of ""닫힌"" is """,열린,0,0,18.875,18.875,0.0
gemma-2-2b,39,desc,val,en,ko,닫힌,"The opposite of ""닫힌"" is """,열린,0,0,18.875,19.75,0.875
gemma-2-2b,39,desc,freq,en,ko,닫힌,"The opposite of ""닫힌"" is """,열린,0,0,18.875,13.9375,-4.9375
gemma-2-2b,39,val,desc,en,ko,닫힌,"The opposite of ""닫힌"" is """,열린,0,11,18.875,20.25,1.375
gemma-2-2b,39,val,val,en,ko,닫힌,"The opposite of ""닫힌"" is """,열린,0,11,18.875,20.25,1.375
gemma-2-2b,39,val,freq,en,ko,닫힌,"The opposite of ""닫힌"" is """,열린,0,4,18.875,17.125,-1.75
gemma-2-2b,39,freq,desc,en,ko,닫힌,"The opposite of ""닫힌"" is """,열린,0,3,18.875,19.75,0.875
gemma-2-2b,39,freq,val,en,ko,닫힌,"The opposite of ""닫힌"" is """,열린,0,8,18.875,19.25,0.375
gemma-2-2b,39,freq,freq,en,ko,닫힌,"The opposite of ""닫힌"" is """,열린,0,6,18.875,19.5,0.625
gemma-2-2b,40,desc,desc,en,ko,가난한,"The opposite of ""가난한"" is """,부유한,0,0,16.125,16.25,0.125
gemma-2-2b,40,desc,val,en,ko,가난한,"The opposite of ""가난한"" is """,부유한,0,2,16.125,14.3125,-1.8125
gemma-2-2b,40,desc,freq,en,ko,가난한,"The opposite of ""가난한"" is """,부유한,0,2,16.125,6.90625,-9.21875
gemma-2-2b,40,val,desc,en,ko,가난한,"The opposite of ""가난한"" is """,부유한,0,73,16.125,15.5625,-0.5625
gemma-2-2b,40,val,val,en,ko,가난한,"The opposite of ""가난한"" is """,부유한,0,65,16.125,16.375,0.25
gemma-2-2b,40,val,freq,en,ko,가난한,"The opposite of ""가난한"" is """,부유한,0,19,16.125,12.6875,-3.4375
gemma-2-2b,40,freq,desc,en,ko,가난한,"The opposite of ""가난한"" is """,부유한,0,10,16.125,17.5,1.375
gemma-2-2b,40,freq,val,en,ko,가난한,"The opposite of ""가난한"" is """,부유한,0,17,16.125,16.875,0.75
gemma-2-2b,40,freq,freq,en,ko,가난한,"The opposite of ""가난한"" is """,부유한,0,11,16.125,17.375,1.25
gemma-2-2b,41,desc,desc,en,ko,못생긴,"The opposite of ""못생긴"" is """,아름다운,10,11,18.625,18.625,0.0
gemma-2-2b,41,desc,val,en,ko,못생긴,"The opposite of ""못생긴"" is """,아름다운,10,86,18.625,14.75,-3.875
gemma-2-2b,41,desc,freq,en,ko,못생긴,"The opposite of ""못생긴"" is """,아름다운,10,72,18.625,10.5625,-8.0625
gemma-2-2b,41,val,desc,en,ko,못생긴,"The opposite of ""못생긴"" is """,아름다운,10,105,18.625,19.0,0.375
gemma-2-2b,41,val,val,en,ko,못생긴,"The opposite of ""못생긴"" is """,아름다운,10,129,18.625,19.0,0.375
gemma-2-2b,41,val,freq,en,ko,못생긴,"The opposite of ""못생긴"" is """,아름다운,10,170,18.625,15.9375,-2.6875
gemma-2-2b,41,freq,desc,en,ko,못생긴,"The opposite of ""못생긴"" is """,아름다운,10,15,18.625,19.75,1.125
gemma-2-2b,41,freq,val,en,ko,못생긴,"The opposite of ""못생긴"" is """,아름다운,10,43,18.625,18.25,-0.375
gemma-2-2b,41,freq,freq,en,ko,못생긴,"The opposite of ""못생긴"" is """,아름다운,10,21,18.625,19.5,0.875
gemma-2-2b,42,desc,desc,en,ko,짧은,"The opposite of ""짧은"" is """,긴,0,0,19.5,19.75,0.25
gemma-2-2b,42,desc,val,en,ko,짧은,"The opposite of ""짧은"" is """,긴,0,2,19.5,16.625,-2.875
gemma-2-2b,42,desc,freq,en,ko,짧은,"The opposite of ""짧은"" is """,긴,0,5,19.5,7.75,-11.75
gemma-2-2b,42,val,desc,en,ko,짧은,"The opposite of ""짧은"" is """,긴,0,15,19.5,19.5,0.0
gemma-2-2b,42,val,val,en,ko,짧은,"The opposite of ""짧은"" is """,긴,0,15,19.5,19.75,0.25
gemma-2-2b,42,val,freq,en,ko,짧은,"The opposite of ""짧은"" is """,긴,0,27,19.5,12.9375,-6.5625
gemma-2-2b,42,freq,desc,en,ko,짧은,"The opposite of ""짧은"" is """,긴,0,7,19.5,19.5,0.0
gemma-2-2b,42,freq,val,en,ko,짧은,"The opposite of ""짧은"" is """,긴,0,8,19.5,19.0,-0.5
gemma-2-2b,42,freq,freq,en,ko,짧은,"The opposite of ""짧은"" is """,긴,0,7,19.5,19.375,-0.125
gemma-2-2b,43,desc,desc,en,ko,좁은,"The opposite of ""좁은"" is """,넓은,0,0,20.875,20.875,0.0
gemma-2-2b,43,desc,val,en,ko,좁은,"The opposite of ""좁은"" is """,넓은,0,0,20.875,17.5,-3.375
gemma-2-2b,43,desc,freq,en,ko,좁은,"The opposite of ""좁은"" is """,넓은,0,11,20.875,7.5625,-13.3125
gemma-2-2b,43,val,desc,en,ko,좁은,"The opposite of ""좁은"" is """,넓은,0,1,20.875,22.25,1.375
gemma-2-2b,43,val,val,en,ko,좁은,"The opposite of ""좁은"" is """,넓은,0,1,20.875,22.75,1.875
gemma-2-2b,43,val,freq,en,ko,좁은,"The opposite of ""좁은"" is """,넓은,0,10,20.875,15.25,-5.625
gemma-2-2b,43,freq,desc,en,ko,좁은,"The opposite of ""좁은"" is """,넓은,0,1,20.875,20.125,-0.75
gemma-2-2b,43,freq,val,en,ko,좁은,"The opposite of ""좁은"" is """,넓은,0,1,20.875,20.875,0.0
gemma-2-2b,43,freq,freq,en,ko,좁은,"The opposite of ""좁은"" is """,넓은,0,0,20.875,20.375,-0.5
gemma-2-2b,44,desc,desc,en,ko,부드러운,"The opposite of ""부드러운"" is """,딱딱한,3,3,18.625,18.625,0.0
gemma-2-2b,44,desc,val,en,ko,부드러운,"The opposite of ""부드러운"" is """,딱딱한,3,70,18.625,14.75,-3.875
gemma-2-2b,44,desc,freq,en,ko,부드러운,"The opposite of ""부드러운"" is """,딱딱한,3,211,18.625,8.0,-10.625
gemma-2-2b,44,val,desc,en,ko,부드러운,"The opposite of ""부드러운"" is """,딱딱한,3,108,18.625,19.0,0.375
gemma-2-2b,44,val,val,en,ko,부드러운,"The opposite of ""부드러운"" is """,딱딱한,3,114,18.625,19.125,0.5
gemma-2-2b,44,val,freq,en,ko,부드러운,"The opposite of ""부드러운"" is """,딱딱한,3,222,18.625,14.0625,-4.5625
gemma-2-2b,44,freq,desc,en,ko,부드러운,"The opposite of ""부드러운"" is """,딱딱한,3,198,18.625,17.0,-1.625
gemma-2-2b,44,freq,val,en,ko,부드러운,"The opposite of ""부드러운"" is """,딱딱한,3,167,18.625,16.75,-1.875
gemma-2-2b,44,freq,freq,en,ko,부드러운,"The opposite of ""부드러운"" is """,딱딱한,3,171,18.625,17.125,-1.5
gemma-2-2b,45,desc,desc,en,ko,젖은,"The opposite of ""젖은"" is """,마른,68,68,13.625,13.625,0.0
gemma-2-2b,45,desc,val,en,ko,젖은,"The opposite of ""젖은"" is """,마른,68,94,13.625,13.1875,-0.4375
gemma-2-2b,45,desc,freq,en,ko,젖은,"The opposite of ""젖은"" is """,마른,68,73,13.625,6.8125,-6.8125
gemma-2-2b,45,val,desc,en,ko,젖은,"The opposite of ""젖은"" is """,마른,68,1568,13.625,14.0625,0.4375
gemma-2-2b,45,val,val,en,ko,젖은,"The opposite of ""젖은"" is """,마른,68,1751,13.625,14.25,0.625
gemma-2-2b,45,val,freq,en,ko,젖은,"The opposite of ""젖은"" is """,마른,68,2610,13.625,7.25,-6.375
gemma-2-2b,45,freq,desc,en,ko,젖은,"The opposite of ""젖은"" is """,마른,68,276,13.625,15.0,1.375
gemma-2-2b,45,freq,val,en,ko,젖은,"The opposite of ""젖은"" is """,마른,68,468,13.625,13.75,0.125
gemma-2-2b,45,freq,freq,en,ko,젖은,"The opposite of ""젖은"" is """,마른,68,283,13.625,15.0,1.375
gemma-2-2b,46,desc,desc,en,ko,조용한,"The opposite of ""조용한"" is """,시끄러운,12,11,17.75,17.75,0.0
gemma-2-2b,46,desc,val,en,ko,조용한,"The opposite of ""조용한"" is """,시끄러운,12,43,17.75,15.0,-2.75
gemma-2-2b,46,desc,freq,en,ko,조용한,"The opposite of ""조용한"" is """,시끄러운,12,20,17.75,9.875,-7.875
gemma-2-2b,46,val,desc,en,ko,조용한,"The opposite of ""조용한"" is """,시끄러운,12,420,17.75,16.375,-1.375
gemma-2-2b,46,val,val,en,ko,조용한,"The opposite of ""조용한"" is """,시끄러운,12,433,17.75,16.625,-1.125
gemma-2-2b,46,val,freq,en,ko,조용한,"The opposite of ""조용한"" is """,시끄러운,12,275,17.75,11.25,-6.5
gemma-2-2b,46,freq,desc,en,ko,조용한,"The opposite of ""조용한"" is """,시끄러운,12,54,17.75,17.5,-0.25
gemma-2-2b,46,freq,val,en,ko,조용한,"The opposite of ""조용한"" is """,시끄러운,12,177,17.75,16.0,-1.75
gemma-2-2b,46,freq,freq,en,ko,조용한,"The opposite of ""조용한"" is """,시끄러운,12,54,17.75,17.5,-0.25
gemma-2-2b,47,desc,desc,en,ko,늦은,"The opposite of ""늦은"" is """,이른,24,24,15.25,15.375,0.125
gemma-2-2b,47,desc,val,en,ko,늦은,"The opposite of ""늦은"" is """,이른,24,33,15.25,13.3125,-1.9375
gemma-2-2b,47,desc,freq,en,ko,늦은,"The opposite of ""늦은"" is """,이른,24,64,15.25,5.3125,-9.9375
gemma-2-2b,47,val,desc,en,ko,늦은,"The opposite of ""늦은"" is """,이른,24,151,15.25,15.125,-0.125
gemma-2-2b,47,val,val,en,ko,늦은,"The opposite of ""늦은"" is """,이른,24,198,15.25,14.9375,-0.3125
gemma-2-2b,47,val,freq,en,ko,늦은,"The opposite of ""늦은"" is """,이른,24,261,15.25,8.375,-6.875
gemma-2-2b,47,freq,desc,en,ko,늦은,"The opposite of ""늦은"" is """,이른,24,15,15.25,17.0,1.75
gemma-2-2b,47,freq,val,en,ko,늦은,"The opposite of ""늦은"" is """,이른,24,53,15.25,14.75,-0.5
gemma-2-2b,47,freq,freq,en,ko,늦은,"The opposite of ""늦은"" is """,이른,24,19,15.25,16.75,1.5
gemma-2-2b,48,desc,desc,en,ko,먼,"The opposite of ""먼"" is """,가까운,2,2,16.625,16.75,0.125
gemma-2-2b,48,desc,val,en,ko,먼,"The opposite of ""먼"" is """,가까운,2,4,16.625,16.5,-0.125
gemma-2-2b,48,desc,freq,en,ko,먼,"The opposite of ""먼"" is """,가까운,2,7,16.625,9.375,-7.25
gemma-2-2b,48,val,desc,en,ko,먼,"The opposite of ""먼"" is """,가까운,2,87,16.625,17.25,0.625
gemma-2-2b,48,val,val,en,ko,먼,"The opposite of ""먼"" is """,가까운,2,95,16.625,17.375,0.75
gemma-2-2b,48,val,freq,en,ko,먼,"The opposite of ""먼"" is """,가까운,2,77,16.625,12.5,-4.125
gemma-2-2b,48,freq,desc,en,ko,먼,"The opposite of ""먼"" is """,가까운,2,11,16.625,18.875,2.25
gemma-2-2b,48,freq,val,en,ko,먼,"The opposite of ""먼"" is """,가까운,2,21,16.625,17.75,1.125
gemma-2-2b,48,freq,freq,en,ko,먼,"The opposite of ""먼"" is """,가까운,2,8,16.625,18.875,2.25
gemma-2-2b,49,desc,desc,en,ko,얕은,"The opposite of ""얕은"" is """,깊은,0,0,21.5,21.5,0.0
gemma-2-2b,49,desc,val,en,ko,얕은,"The opposite of ""얕은"" is """,깊은,0,0,21.5,19.25,-2.25
gemma-2-2b,49,desc,freq,en,ko,얕은,"The opposite of ""얕은"" is """,깊은,0,0,21.5,15.375,-6.125
gemma-2-2b,49,val,desc,en,ko,얕은,"The opposite of ""얕은"" is """,깊은,0,8,21.5,20.375,-1.125
gemma-2-2b,49,val,val,en,ko,얕은,"The opposite of ""얕은"" is """,깊은,0,8,21.5,20.125,-1.375
gemma-2-2b,49,val,freq,en,ko,얕은,"The opposite of ""얕은"" is """,깊은,0,6,21.5,18.875,-2.625
gemma-2-2b,49,freq,desc,en,ko,얕은,"The opposite of ""얕은"" is """,깊은,0,4,21.5,18.875,-2.625
gemma-2-2b,49,freq,val,en,ko,얕은,"The opposite of ""얕은"" is """,깊은,0,5,21.5,18.5,-3.0
gemma-2-2b,49,freq,freq,en,ko,얕은,"The opposite of ""얕은"" is """,깊은,0,5,21.5,18.625,-2.875
gemma-2-2b,50,desc,desc,en,ko,젊은,"The opposite of ""젊은"" is """,늙은,0,0,20.375,20.5,0.125
gemma-2-2b,50,desc,val,en,ko,젊은,"The opposite of ""젊은"" is """,늙은,0,1,20.375,17.5,-2.875
gemma-2-2b,50,desc,freq,en,ko,젊은,"The opposite of ""젊은"" is """,늙은,0,10,20.375,9.6875,-10.6875
gemma-2-2b,50,val,desc,en,ko,젊은,"The opposite of ""젊은"" is """,늙은,0,5,20.375,21.125,0.75
gemma-2-2b,50,val,val,en,ko,젊은,"The opposite of ""젊은"" is """,늙은,0,5,20.375,21.375,1.0
gemma-2-2b,50,val,freq,en,ko,젊은,"The opposite of ""젊은"" is """,늙은,0,4,20.375,15.375,-5.0
gemma-2-2b,50,freq,desc,en,ko,젊은,"The opposite of ""젊은"" is """,늙은,0,2,20.375,20.25,-0.125
gemma-2-2b,50,freq,val,en,ko,젊은,"The opposite of ""젊은"" is """,늙은,0,3,20.375,20.0,-0.375
gemma-2-2b,50,freq,freq,en,ko,젊은,"The opposite of ""젊은"" is """,늙은,0,2,20.375,20.375,0.0
gemma-2-2b,51,desc,desc,en,ko,친절한,"The opposite of ""친절한"" is """,불친절한,0,0,20.5,20.5,0.0
gemma-2-2b,51,desc,val,en,ko,친절한,"The opposite of ""친절한"" is """,불친절한,0,0,20.5,19.5,-1.0
gemma-2-2b,51,desc,freq,en,ko,친절한,"The opposite of ""친절한"" is """,불친절한,0,0,20.5,14.75,-5.75
gemma-2-2b,51,val,desc,en,ko,친절한,"The opposite of ""친절한"" is """,불친절한,0,17,20.5,20.375,-0.125
gemma-2-2b,51,val,val,en,ko,친절한,"The opposite of ""친절한"" is """,불친절한,0,17,20.5,20.625,0.125
gemma-2-2b,51,val,freq,en,ko,친절한,"The opposite of ""친절한"" is """,불친절한,0,5,20.5,17.125,-3.375
gemma-2-2b,51,freq,desc,en,ko,친절한,"The opposite of ""친절한"" is """,불친절한,0,3,20.5,20.25,-0.25
gemma-2-2b,51,freq,val,en,ko,친절한,"The opposite of ""친절한"" is """,불친절한,0,5,20.5,19.875,-0.625
gemma-2-2b,51,freq,freq,en,ko,친절한,"The opposite of ""친절한"" is """,불친절한,0,3,20.5,20.25,-0.25
gemma-2-2b,52,desc,desc,en,ko,용감한,"The opposite of ""용감한"" is """,겁많은,0,0,21.5,21.5,0.0
gemma-2-2b,52,desc,val,en,ko,용감한,"The opposite of ""용감한"" is """,겁많은,0,0,21.5,19.75,-1.75
gemma-2-2b,52,desc,freq,en,ko,용감한,"The opposite of ""용감한"" is """,겁많은,0,0,21.5,14.75,-6.75
gemma-2-2b,52,val,desc,en,ko,용감한,"The opposite of ""용감한"" is """,겁많은,0,0,21.5,22.25,0.75
gemma-2-2b,52,val,val,en,ko,용감한,"The opposite of ""용감한"" is """,겁많은,0,0,21.5,22.5,1.0
gemma-2-2b,52,val,freq,en,ko,용감한,"The opposite of ""용감한"" is """,겁많은,0,6,21.5,18.125,-3.375
gemma-2-2b,52,freq,desc,en,ko,용감한,"The opposite of ""용감한"" is """,겁많은,0,2,21.5,20.5,-1.0
gemma-2-2b,52,freq,val,en,ko,용감한,"The opposite of ""용감한"" is """,겁많은,0,1,21.5,20.25,-1.25
gemma-2-2b,52,freq,freq,en,ko,용감한,"The opposite of ""용감한"" is """,겁많은,0,0,21.5,20.625,-0.875
gemma-2-2b,53,desc,desc,en,ko,현명한,"The opposite of ""현명한"" is """,어리석은,2,2,19.875,19.875,0.0
gemma-2-2b,53,desc,val,en,ko,현명한,"The opposite of ""현명한"" is """,어리석은,2,3,19.875,19.125,-0.75
gemma-2-2b,53,desc,freq,en,ko,현명한,"The opposite of ""현명한"" is """,어리석은,2,1,19.875,16.625,-3.25
gemma-2-2b,53,val,desc,en,ko,현명한,"The opposite of ""현명한"" is """,어리석은,2,18,19.875,21.0,1.125
gemma-2-2b,53,val,val,en,ko,현명한,"The opposite of ""현명한"" is """,어리석은,2,18,19.875,21.25,1.375
gemma-2-2b,53,val,freq,en,ko,현명한,"The opposite of ""현명한"" is """,어리석은,2,2,19.875,19.0,-0.875
gemma-2-2b,53,freq,desc,en,ko,현명한,"The opposite of ""현명한"" is """,어리석은,2,8,19.875,20.375,0.5
gemma-2-2b,53,freq,val,en,ko,현명한,"The opposite of ""현명한"" is """,어리석은,2,11,19.875,20.0,0.125
gemma-2-2b,53,freq,freq,en,ko,현명한,"The opposite of ""현명한"" is """,어리석은,2,8,19.875,20.375,0.5
gemma-2-2b,54,desc,desc,en,ko,예의 바른,"The opposite of ""예의 바른"" is """,무례한,0,0,21.0,21.0,0.0
gemma-2-2b,54,desc,val,en,ko,예의 바른,"The opposite of ""예의 바른"" is """,무례한,0,2,21.0,19.125,-1.875
gemma-2-2b,54,desc,freq,en,ko,예의 바른,"The opposite of ""예의 바른"" is """,무례한,0,7,21.0,16.875,-4.125
gemma-2-2b,54,val,desc,en,ko,예의 바른,"The opposite of ""예의 바른"" is """,무례한,0,10,21.0,22.125,1.125
gemma-2-2b,54,val,val,en,ko,예의 바른,"The opposite of ""예의 바른"" is """,무례한,0,13,21.0,22.125,1.125
gemma-2-2b,54,val,freq,en,ko,예의 바른,"The opposite of ""예의 바른"" is """,무례한,0,8,21.0,20.625,-0.375
gemma-2-2b,54,freq,desc,en,ko,예의 바른,"The opposite of ""예의 바른"" is """,무례한,0,4,21.0,21.75,0.75
gemma-2-2b,54,freq,val,en,ko,예의 바른,"The opposite of ""예의 바른"" is """,무례한,0,5,21.0,21.5,0.5
gemma-2-2b,54,freq,freq,en,ko,예의 바른,"The opposite of ""예의 바른"" is """,무례한,0,4,21.0,21.875,0.875
gemma-2-2b,55,desc,desc,en,ko,인내심 있는,"The opposite of ""인내심 있는"" is """,성급한,16,16,19.5,19.5,0.0
gemma-2-2b,55,desc,val,en,ko,인내심 있는,"The opposite of ""인내심 있는"" is """,성급한,16,30,19.5,17.625,-1.875
gemma-2-2b,55,desc,freq,en,ko,인내심 있는,"The opposite of ""인내심 있는"" is """,성급한,16,58,19.5,14.5,-5.0
gemma-2-2b,55,val,desc,en,ko,인내심 있는,"The opposite of ""인내심 있는"" is """,성급한,16,487,19.5,18.125,-1.375
gemma-2-2b,55,val,val,en,ko,인내심 있는,"The opposite of ""인내심 있는"" is """,성급한,16,545,19.5,18.125,-1.375
gemma-2-2b,55,val,freq,en,ko,인내심 있는,"The opposite of ""인내심 있는"" is """,성급한,16,1392,19.5,14.75,-4.75
gemma-2-2b,55,freq,desc,en,ko,인내심 있는,"The opposite of ""인내심 있는"" is """,성급한,16,81,19.5,19.625,0.125
gemma-2-2b,55,freq,val,en,ko,인내심 있는,"The opposite of ""인내심 있는"" is """,성급한,16,122,19.5,18.625,-0.875
gemma-2-2b,55,freq,freq,en,ko,인내심 있는,"The opposite of ""인내심 있는"" is """,성급한,16,90,19.5,19.5,0.0
gemma-2-2b,56,desc,desc,en,ko,정직한,"The opposite of ""정직한"" is """,부정직한,1,1,20.75,20.75,0.0
gemma-2-2b,56,desc,val,en,ko,정직한,"The opposite of ""정직한"" is """,부정직한,1,2,20.75,18.625,-2.125
gemma-2-2b,56,desc,freq,en,ko,정직한,"The opposite of ""정직한"" is """,부정직한,1,0,20.75,16.0,-4.75
gemma-2-2b,56,val,desc,en,ko,정직한,"The opposite of ""정직한"" is """,부정직한,1,82,20.75,19.25,-1.5
gemma-2-2b,56,val,val,en,ko,정직한,"The opposite of ""정직한"" is """,부정직한,1,79,20.75,19.5,-1.25
gemma-2-2b,56,val,freq,en,ko,정직한,"The opposite of ""정직한"" is """,부정직한,1,21,20.75,17.875,-2.875
gemma-2-2b,56,freq,desc,en,ko,정직한,"The opposite of ""정직한"" is """,부정직한,1,14,20.75,19.75,-1.0
gemma-2-2b,56,freq,val,en,ko,정직한,"The opposite of ""정직한"" is """,부정직한,1,23,20.75,19.375,-1.375
gemma-2-2b,56,freq,freq,en,ko,정직한,"The opposite of ""정직한"" is """,부정직한,1,12,20.75,19.875,-0.875
gemma-2-2b,57,desc,desc,en,ko,안전한,"The opposite of ""안전한"" is """,위험한,1,1,19.5,19.5,0.0
gemma-2-2b,57,desc,val,en,ko,안전한,"The opposite of ""안전한"" is """,위험한,1,6,19.5,16.875,-2.625
gemma-2-2b,57,desc,freq,en,ko,안전한,"The opposite of ""안전한"" is """,위험한,1,4,19.5,10.5,-9.0
gemma-2-2b,57,val,desc,en,ko,안전한,"The opposite of ""안전한"" is """,위험한,1,142,19.5,17.5,-2.0
gemma-2-2b,57,val,val,en,ko,안전한,"The opposite of ""안전한"" is """,위험한,1,144,19.5,17.75,-1.75
gemma-2-2b,57,val,freq,en,ko,안전한,"The opposite of ""안전한"" is """,위험한,1,49,19.5,13.25,-6.25
gemma-2-2b,57,freq,desc,en,ko,안전한,"The opposite of ""안전한"" is """,위험한,1,61,19.5,17.75,-1.75
gemma-2-2b,57,freq,val,en,ko,안전한,"The opposite of ""안전한"" is """,위험한,1,68,19.5,17.125,-2.375
gemma-2-2b,57,freq,freq,en,ko,안전한,"The opposite of ""안전한"" is """,위험한,1,60,19.5,17.75,-1.75
gemma-2-2b,58,desc,desc,en,ko,활동적인,"The opposite of ""활동적인"" is """,비활동적인,1,1,17.875,17.875,0.0
gemma-2-2b,58,desc,val,en,ko,활동적인,"The opposite of ""활동적인"" is """,비활동적인,1,5,17.875,16.125,-1.75
gemma-2-2b,58,desc,freq,en,ko,활동적인,"The opposite of ""활동적인"" is """,비활동적인,1,11,17.875,7.0625,-10.8125
gemma-2-2b,58,val,desc,en,ko,활동적인,"The opposite of ""활동적인"" is """,비활동적인,1,49,17.875,17.0,-0.875
gemma-2-2b,58,val,val,en,ko,활동적인,"The opposite of ""활동적인"" is """,비활동적인,1,53,17.875,17.0,-0.875
gemma-2-2b,58,val,freq,en,ko,활동적인,"The opposite of ""활동적인"" is """,비활동적인,1,315,17.875,7.5,-10.375
gemma-2-2b,58,freq,desc,en,ko,활동적인,"The opposite of ""활동적인"" is """,비활동적인,1,13,17.875,16.875,-1.0
gemma-2-2b,58,freq,val,en,ko,활동적인,"The opposite of ""활동적인"" is """,비활동적인,1,20,17.875,16.5,-1.375
gemma-2-2b,58,freq,freq,en,ko,활동적인,"The opposite of ""활동적인"" is """,비활동적인,1,14,17.875,16.75,-1.125
gemma-2-2b,59,desc,desc,en,ko,곧은,"The opposite of ""곧은"" is """,휘어진,0,0,18.875,18.875,0.0
gemma-2-2b,59,desc,val,en,ko,곧은,"The opposite of ""곧은"" is """,휘어진,0,17,18.875,16.375,-2.5
gemma-2-2b,59,desc,freq,en,ko,곧은,"The opposite of ""곧은"" is """,휘어진,0,21,18.875,11.5,-7.375
gemma-2-2b,59,val,desc,en,ko,곧은,"The opposite of ""곧은"" is """,휘어진,0,30,18.875,20.125,1.25
gemma-2-2b,59,val,val,en,ko,곧은,"The opposite of ""곧은"" is """,휘어진,0,35,18.875,20.0,1.125
gemma-2-2b,59,val,freq,en,ko,곧은,"The opposite of ""곧은"" is """,휘어진,0,12,18.875,17.875,-1.0
gemma-2-2b,59,freq,desc,en,ko,곧은,"The opposite of ""곧은"" is """,휘어진,0,27,18.875,18.375,-0.5
gemma-2-2b,59,freq,val,en,ko,곧은,"The opposite of ""곧은"" is """,휘어진,0,23,18.875,18.625,-0.25
gemma-2-2b,59,freq,freq,en,ko,곧은,"The opposite of ""곧은"" is """,휘어진,0,29,18.875,18.25,-0.625
gemma-2-2b,60,desc,desc,en,ko,전체의,"The opposite of ""전체의"" is """,부분적인,1,1,22.375,22.375,0.0
gemma-2-2b,60,desc,val,en,ko,전체의,"The opposite of ""전체의"" is """,부분적인,1,1,22.375,20.375,-2.0
gemma-2-2b,60,desc,freq,en,ko,전체의,"The opposite of ""전체의"" is """,부분적인,1,3,22.375,17.0,-5.375
gemma-2-2b,60,val,desc,en,ko,전체의,"The opposite of ""전체의"" is """,부분적인,1,102,22.375,20.0,-2.375
gemma-2-2b,60,val,val,en,ko,전체의,"The opposite of ""전체의"" is """,부분적인,1,109,22.375,20.125,-2.25
gemma-2-2b,60,val,freq,en,ko,전체의,"The opposite of ""전체의"" is """,부분적인,1,19,22.375,20.0,-2.375
gemma-2-2b,60,freq,desc,en,ko,전체의,"The opposite of ""전체의"" is """,부분적인,1,18,22.375,21.25,-1.125
gemma-2-2b,60,freq,val,en,ko,전체의,"The opposite of ""전체의"" is """,부분적인,1,23,22.375,20.75,-1.625
gemma-2-2b,60,freq,freq,en,ko,전체의,"The opposite of ""전체의"" is """,부분적인,1,21,22.375,21.125,-1.25
gemma-2-2b,61,desc,desc,en,ko,차분한,"The opposite of ""차분한"" is """,격앙된,0,0,21.875,21.875,0.0
gemma-2-2b,61,desc,val,en,ko,차분한,"The opposite of ""차분한"" is """,격앙된,0,0,21.875,21.0,-0.875
gemma-2-2b,61,desc,freq,en,ko,차분한,"The opposite of ""차분한"" is """,격앙된,0,0,21.875,19.125,-2.75
gemma-2-2b,61,val,desc,en,ko,차분한,"The opposite of ""차분한"" is """,격앙된,0,9,21.875,22.25,0.375
gemma-2-2b,61,val,val,en,ko,차분한,"The opposite of ""차분한"" is """,격앙된,0,8,21.875,22.5,0.625
gemma-2-2b,61,val,freq,en,ko,차분한,"The opposite of ""차분한"" is """,격앙된,0,0,21.875,22.5,0.625
gemma-2-2b,61,freq,desc,en,ko,차분한,"The opposite of ""차분한"" is """,격앙된,0,6,21.875,21.125,-0.75
gemma-2-2b,61,freq,val,en,ko,차분한,"The opposite of ""차분한"" is """,격앙된,0,5,21.875,21.625,-0.25
gemma-2-2b,61,freq,freq,en,ko,차분한,"The opposite of ""차분한"" is """,격앙된,0,5,21.875,21.25,-0.625
gemma-2-2b,62,desc,desc,en,ko,정확한,"The opposite of ""정확한"" is """,틀린,6,6,20.0,20.0,0.0
gemma-2-2b,62,desc,val,en,ko,정확한,"The opposite of ""정확한"" is """,틀린,6,11,20.0,17.75,-2.25
gemma-2-2b,62,desc,freq,en,ko,정확한,"The opposite of ""정확한"" is """,틀린,6,2,20.0,15.5,-4.5
gemma-2-2b,62,val,desc,en,ko,정확한,"The opposite of ""정확한"" is """,틀린,6,70,20.0,19.125,-0.875
gemma-2-2b,62,val,val,en,ko,정확한,"The opposite of ""정확한"" is """,틀린,6,80,20.0,19.125,-0.875
gemma-2-2b,62,val,freq,en,ko,정확한,"The opposite of ""정확한"" is """,틀린,6,2,20.0,19.5,-0.5
gemma-2-2b,62,freq,desc,en,ko,정확한,"The opposite of ""정확한"" is """,틀린,6,100,20.0,17.75,-2.25
gemma-2-2b,62,freq,val,en,ko,정확한,"The opposite of ""정확한"" is """,틀린,6,73,20.0,17.75,-2.25
gemma-2-2b,62,freq,freq,en,ko,정확한,"The opposite of ""정확한"" is """,틀린,6,99,20.0,17.75,-2.25
gemma-2-2b,63,desc,desc,en,ko,복잡한,"The opposite of ""복잡한"" is """,단순한,0,0,18.625,18.625,0.0
gemma-2-2b,63,desc,val,en,ko,복잡한,"The opposite of ""복잡한"" is """,단순한,0,2,18.625,17.25,-1.375
gemma-2-2b,63,desc,freq,en,ko,복잡한,"The opposite of ""복잡한"" is """,단순한,0,1,18.625,11.5625,-7.0625
gemma-2-2b,63,val,desc,en,ko,복잡한,"The opposite of ""복잡한"" is """,단순한,0,32,18.625,18.375,-0.25
gemma-2-2b,63,val,val,en,ko,복잡한,"The opposite of ""복잡한"" is """,단순한,0,33,18.625,18.5,-0.125
gemma-2-2b,63,val,freq,en,ko,복잡한,"The opposite of ""복잡한"" is """,단순한,0,15,18.625,14.9375,-3.6875
gemma-2-2b,63,freq,desc,en,ko,복잡한,"The opposite of ""복잡한"" is """,단순한,0,12,18.625,17.25,-1.375
gemma-2-2b,63,freq,val,en,ko,복잡한,"The opposite of ""복잡한"" is """,단순한,0,12,18.625,16.875,-1.75
gemma-2-2b,63,freq,freq,en,ko,복잡한,"The opposite of ""복잡한"" is """,단순한,0,8,18.625,17.25,-1.375
gemma-2-2b,64,desc,desc,en,ko,효과적인,"The opposite of ""효과적인"" is """,비효과적인,1,1,21.625,21.625,0.0
gemma-2-2b,64,desc,val,en,ko,효과적인,"The opposite of ""효과적인"" is """,비효과적인,1,3,21.625,19.125,-2.5
gemma-2-2b,64,desc,freq,en,ko,효과적인,"The opposite of ""효과적인"" is """,비효과적인,1,3,21.625,15.0,-6.625
gemma-2-2b,64,val,desc,en,ko,효과적인,"The opposite of ""효과적인"" is """,비효과적인,1,10,21.625,21.5,-0.125
gemma-2-2b,64,val,val,en,ko,효과적인,"The opposite of ""효과적인"" is """,비효과적인,1,12,21.625,21.75,0.125
gemma-2-2b,64,val,freq,en,ko,효과적인,"The opposite of ""효과적인"" is """,비효과적인,1,11,21.625,18.25,-3.375
gemma-2-2b,64,freq,desc,en,ko,효과적인,"The opposite of ""효과적인"" is """,비효과적인,1,3,21.625,21.75,0.125
gemma-2-2b,64,freq,val,en,ko,효과적인,"The opposite of ""효과적인"" is """,비효과적인,1,7,21.625,21.375,-0.25
gemma-2-2b,64,freq,freq,en,ko,효과적인,"The opposite of ""효과적인"" is """,비효과적인,1,3,21.625,21.875,0.25
gemma-2-2b,65,desc,desc,en,ko,유명한,"The opposite of ""유명한"" is """,무명의,15,15,18.0,18.0,0.0
gemma-2-2b,65,desc,val,en,ko,유명한,"The opposite of ""유명한"" is """,무명의,15,26,18.0,16.25,-1.75
gemma-2-2b,65,desc,freq,en,ko,유명한,"The opposite of ""유명한"" is """,무명의,15,37,18.0,9.9375,-8.0625
gemma-2-2b,65,val,desc,en,ko,유명한,"The opposite of ""유명한"" is """,무명의,15,77,18.0,18.875,0.875
gemma-2-2b,65,val,val,en,ko,유명한,"The opposite of ""유명한"" is """,무명의,15,83,18.0,19.125,1.125
gemma-2-2b,65,val,freq,en,ko,유명한,"The opposite of ""유명한"" is """,무명의,15,62,18.0,13.9375,-4.0625
gemma-2-2b,65,freq,desc,en,ko,유명한,"The opposite of ""유명한"" is """,무명의,15,42,18.0,18.75,0.75
gemma-2-2b,65,freq,val,en,ko,유명한,"The opposite of ""유명한"" is """,무명의,15,47,18.0,18.125,0.125
gemma-2-2b,65,freq,freq,en,ko,유명한,"The opposite of ""유명한"" is """,무명의,15,39,18.0,18.75,0.75
gemma-2-2b,66,desc,desc,en,ko,관대한,"The opposite of ""관대한"" is """,인색한,49,57,17.875,17.75,-0.125
gemma-2-2b,66,desc,val,en,ko,관대한,"The opposite of ""관대한"" is """,인색한,49,46,17.875,15.5625,-2.3125
gemma-2-2b,66,desc,freq,en,ko,관대한,"The opposite of ""관대한"" is """,인색한,49,40,17.875,12.125,-5.75
gemma-2-2b,66,val,desc,en,ko,관대한,"The opposite of ""관대한"" is """,인색한,49,281,17.875,16.5,-1.375
gemma-2-2b,66,val,val,en,ko,관대한,"The opposite of ""관대한"" is """,인색한,49,340,17.875,16.75,-1.125
gemma-2-2b,66,val,freq,en,ko,관대한,"The opposite of ""관대한"" is """,인색한,49,219,17.875,15.375,-2.5
gemma-2-2b,66,freq,desc,en,ko,관대한,"The opposite of ""관대한"" is """,인색한,49,68,17.875,19.375,1.5
gemma-2-2b,66,freq,val,en,ko,관대한,"The opposite of ""관대한"" is """,인색한,49,179,17.875,17.75,-0.125
gemma-2-2b,66,freq,freq,en,ko,관대한,"The opposite of ""관대한"" is """,인색한,49,75,17.875,19.25,1.375
gemma-2-2b,67,desc,desc,en,ko,행복한,"The opposite of ""행복한"" is """,불행한,0,0,20.75,20.75,0.0
gemma-2-2b,67,desc,val,en,ko,행복한,"The opposite of ""행복한"" is """,불행한,0,0,20.75,20.0,-0.75
gemma-2-2b,67,desc,freq,en,ko,행복한,"The opposite of ""행복한"" is """,불행한,0,2,20.75,13.75,-7.0
gemma-2-2b,67,val,desc,en,ko,행복한,"The opposite of ""행복한"" is """,불행한,0,5,20.75,21.25,0.5
gemma-2-2b,67,val,val,en,ko,행복한,"The opposite of ""행복한"" is """,불행한,0,6,20.75,21.375,0.625
gemma-2-2b,67,val,freq,en,ko,행복한,"The opposite of ""행복한"" is """,불행한,0,2,20.75,16.25,-4.5
gemma-2-2b,67,freq,desc,en,ko,행복한,"The opposite of ""행복한"" is """,불행한,0,1,20.75,21.0,0.25
gemma-2-2b,67,freq,val,en,ko,행복한,"The opposite of ""행복한"" is """,불행한,0,2,20.75,20.625,-0.125
gemma-2-2b,67,freq,freq,en,ko,행복한,"The opposite of ""행복한"" is """,불행한,0,1,20.75,20.875,0.125
gemma-2-2b,68,desc,desc,en,ko,건강한,"The opposite of ""건강한"" is """,건강하지 않은,0,0,21.375,21.375,0.0
gemma-2-2b,68,desc,val,en,ko,건강한,"The opposite of ""건강한"" is """,건강하지 않은,0,0,21.375,20.0,-1.375
gemma-2-2b,68,desc,freq,en,ko,건강한,"The opposite of ""건강한"" is """,건강하지 않은,0,1,21.375,15.5625,-5.8125
gemma-2-2b,68,val,desc,en,ko,건강한,"The opposite of ""건강한"" is """,건강하지 않은,0,13,21.375,21.625,0.25
gemma-2-2b,68,val,val,en,ko,건강한,"The opposite of ""건강한"" is """,건강하지 않은,0,10,21.375,22.0,0.625
gemma-2-2b,68,val,freq,en,ko,건강한,"The opposite of ""건강한"" is """,건강하지 않은,0,0,21.375,19.0,-2.375
gemma-2-2b,68,freq,desc,en,ko,건강한,"The opposite of ""건강한"" is """,건강하지 않은,0,2,21.375,21.0,-0.375
gemma-2-2b,68,freq,val,en,ko,건강한,"The opposite of ""건강한"" is """,건강하지 않은,0,3,21.375,21.125,-0.25
gemma-2-2b,68,freq,freq,en,ko,건강한,"The opposite of ""건강한"" is """,건강하지 않은,0,2,21.375,21.125,-0.25
gemma-2-2b,69,desc,desc,en,ko,높은,"The opposite of ""높은"" is """,낮은,0,0,19.875,19.875,0.0
gemma-2-2b,69,desc,val,en,ko,높은,"The opposite of ""높은"" is """,낮은,0,0,19.875,17.125,-2.75
gemma-2-2b,69,desc,freq,en,ko,높은,"The opposite of ""높은"" is """,낮은,0,1,19.875,6.4375,-13.4375
gemma-2-2b,69,val,desc,en,ko,높은,"The opposite of ""높은"" is """,낮은,0,2,19.875,21.5,1.625
gemma-2-2b,69,val,val,en,ko,높은,"The opposite of ""높은"" is """,낮은,0,2,19.875,21.875,2.0
gemma-2-2b,69,val,freq,en,ko,높은,"The opposite of ""높은"" is """,낮은,0,2,19.875,15.5625,-4.3125
gemma-2-2b,69,freq,desc,en,ko,높은,"The opposite of ""높은"" is """,낮은,0,2,19.875,19.5,-0.375
gemma-2-2b,69,freq,val,en,ko,높은,"The opposite of ""높은"" is """,낮은,0,2,19.875,19.625,-0.25
gemma-2-2b,69,freq,freq,en,ko,높은,"The opposite of ""높은"" is """,낮은,0,2,19.875,19.75,-0.125
gemma-2-2b,70,desc,desc,en,ko,중요한,"The opposite of ""중요한"" is """,중요하지 않은,0,0,23.375,23.375,0.0
gemma-2-2b,70,desc,val,en,ko,중요한,"The opposite of ""중요한"" is """,중요하지 않은,0,0,23.375,21.5,-1.875
gemma-2-2b,70,desc,freq,en,ko,중요한,"The opposite of ""중요한"" is """,중요하지 않은,0,0,23.375,18.375,-5.0
gemma-2-2b,70,val,desc,en,ko,중요한,"The opposite of ""중요한"" is """,중요하지 않은,0,5,23.375,23.0,-0.375
gemma-2-2b,70,val,val,en,ko,중요한,"The opposite of ""중요한"" is """,중요하지 않은,0,6,23.375,23.0,-0.375
gemma-2-2b,70,val,freq,en,ko,중요한,"The opposite of ""중요한"" is """,중요하지 않은,0,0,23.375,21.875,-1.5
gemma-2-2b,70,freq,desc,en,ko,중요한,"The opposite of ""중요한"" is """,중요하지 않은,0,0,23.375,23.25,-0.125
gemma-2-2b,70,freq,val,en,ko,중요한,"The opposite of ""중요한"" is """,중요하지 않은,0,2,23.375,22.75,-0.625
gemma-2-2b,70,freq,freq,en,ko,중요한,"The opposite of ""중요한"" is """,중요하지 않은,0,0,23.375,23.25,-0.125
gemma-2-2b,71,desc,desc,en,ko,무고한,"The opposite of ""무고한"" is """,유죄의,6,9,21.0,20.875,-0.125
gemma-2-2b,71,desc,val,en,ko,무고한,"The opposite of ""무고한"" is """,유죄의,6,14,21.0,18.75,-2.25
gemma-2-2b,71,desc,freq,en,ko,무고한,"The opposite of ""무고한"" is """,유죄의,6,28,21.0,16.5,-4.5
gemma-2-2b,71,val,desc,en,ko,무고한,"The opposite of ""무고한"" is """,유죄의,6,608,21.0,18.75,-2.25
gemma-2-2b,71,val,val,en,ko,무고한,"The opposite of ""무고한"" is """,유죄의,6,578,21.0,18.875,-2.125
gemma-2-2b,71,val,freq,en,ko,무고한,"The opposite of ""무고한"" is """,유죄의,6,759,21.0,17.0,-4.0
gemma-2-2b,71,freq,desc,en,ko,무고한,"The opposite of ""무고한"" is """,유죄의,6,69,21.0,20.25,-0.75
gemma-2-2b,71,freq,val,en,ko,무고한,"The opposite of ""무고한"" is """,유죄의,6,122,21.0,19.5,-1.5
gemma-2-2b,71,freq,freq,en,ko,무고한,"The opposite of ""무고한"" is """,유죄의,6,67,21.0,20.25,-0.75
gemma-2-2b,72,desc,desc,en,ko,알려진,"The opposite of ""알려진"" is """,알려지지 않은,0,0,23.875,23.875,0.0
gemma-2-2b,72,desc,val,en,ko,알려진,"The opposite of ""알려진"" is """,알려지지 않은,0,0,23.875,22.375,-1.5
gemma-2-2b,72,desc,freq,en,ko,알려진,"The opposite of ""알려진"" is """,알려지지 않은,0,0,23.875,18.875,-5.0
gemma-2-2b,72,val,desc,en,ko,알려진,"The opposite of ""알려진"" is """,알려지지 않은,0,1,23.875,24.125,0.25
gemma-2-2b,72,val,val,en,ko,알려진,"The opposite of ""알려진"" is """,알려지지 않은,0,2,23.875,24.375,0.5
gemma-2-2b,72,val,freq,en,ko,알려진,"The opposite of ""알려진"" is """,알려지지 않은,0,0,23.875,23.0,-0.875
gemma-2-2b,72,freq,desc,en,ko,알려진,"The opposite of ""알려진"" is """,알려지지 않은,0,0,23.875,24.125,0.25
gemma-2-2b,72,freq,val,en,ko,알려진,"The opposite of ""알려진"" is """,알려지지 않은,0,0,23.875,24.0,0.125
gemma-2-2b,72,freq,freq,en,ko,알려진,"The opposite of ""알려진"" is """,알려지지 않은,0,0,23.875,24.125,0.25
gemma-2-2b,73,desc,desc,en,ko,남성의,"The opposite of ""남성의"" is """,여성의,0,0,19.875,19.875,0.0
gemma-2-2b,73,desc,val,en,ko,남성의,"The opposite of ""남성의"" is """,여성의,0,0,19.875,18.25,-1.625
gemma-2-2b,73,desc,freq,en,ko,남성의,"The opposite of ""남성의"" is """,여성의,0,0,19.875,12.9375,-6.9375
gemma-2-2b,73,val,desc,en,ko,남성의,"The opposite of ""남성의"" is """,여성의,0,2,19.875,21.25,1.375
gemma-2-2b,73,val,val,en,ko,남성의,"The opposite of ""남성의"" is """,여성의,0,4,19.875,21.375,1.5
gemma-2-2b,73,val,freq,en,ko,남성의,"The opposite of ""남성의"" is """,여성의,0,0,19.875,16.75,-3.125
gemma-2-2b,73,freq,desc,en,ko,남성의,"The opposite of ""남성의"" is """,여성의,0,0,19.875,20.875,1.0
gemma-2-2b,73,freq,val,en,ko,남성의,"The opposite of ""남성의"" is """,여성의,0,0,19.875,20.25,0.375
gemma-2-2b,73,freq,freq,en,ko,남성의,"The opposite of ""남성의"" is """,여성의,0,0,19.875,20.75,0.875
gemma-2-2b,74,desc,desc,en,ko,정상적인,"The opposite of ""정상적인"" is """,비정상적인,1,1,21.625,21.625,0.0
gemma-2-2b,74,desc,val,en,ko,정상적인,"The opposite of ""정상적인"" is """,비정상적인,1,7,21.625,18.75,-2.875
gemma-2-2b,74,desc,freq,en,ko,정상적인,"The opposite of ""정상적인"" is """,비정상적인,1,10,21.625,14.6875,-6.9375
gemma-2-2b,74,val,desc,en,ko,정상적인,"The opposite of ""정상적인"" is """,비정상적인,1,83,21.625,20.375,-1.25
gemma-2-2b,74,val,val,en,ko,정상적인,"The opposite of ""정상적인"" is """,비정상적인,1,77,21.625,20.75,-0.875
gemma-2-2b,74,val,freq,en,ko,정상적인,"The opposite of ""정상적인"" is """,비정상적인,1,33,21.625,18.125,-3.5
gemma-2-2b,74,freq,desc,en,ko,정상적인,"The opposite of ""정상적인"" is """,비정상적인,1,21,21.625,21.125,-0.5
gemma-2-2b,74,freq,val,en,ko,정상적인,"The opposite of ""정상적인"" is """,비정상적인,1,30,21.625,20.375,-1.25
gemma-2-2b,74,freq,freq,en,ko,정상적인,"The opposite of ""정상적인"" is """,비정상적인,1,22,21.625,21.25,-0.375
gemma-2-2b,75,desc,desc,en,ko,가능한,"The opposite of ""가능한"" is """,불가능한,0,0,21.625,21.625,0.0
gemma-2-2b,75,desc,val,en,ko,가능한,"The opposite of ""가능한"" is """,불가능한,0,0,21.625,20.25,-1.375
gemma-2-2b,75,desc,freq,en,ko,가능한,"The opposite of ""가능한"" is """,불가능한,0,0,21.625,15.5625,-6.0625
gemma-2-2b,75,val,desc,en,ko,가능한,"The opposite of ""가능한"" is """,불가능한,0,22,21.625,19.75,-1.875
gemma-2-2b,75,val,val,en,ko,가능한,"The opposite of ""가능한"" is """,불가능한,0,26,21.625,19.75,-1.875
gemma-2-2b,75,val,freq,en,ko,가능한,"The opposite of ""가능한"" is """,불가능한,0,5,21.625,17.25,-4.375
gemma-2-2b,75,freq,desc,en,ko,가능한,"The opposite of ""가능한"" is """,불가능한,0,13,21.625,19.75,-1.875
gemma-2-2b,75,freq,val,en,ko,가능한,"The opposite of ""가능한"" is """,불가능한,0,13,21.625,19.125,-2.5
gemma-2-2b,75,freq,freq,en,ko,가능한,"The opposite of ""가능한"" is """,불가능한,0,13,21.625,19.75,-1.875
gemma-2-2b,76,desc,desc,en,ko,사적인,"The opposite of ""사적인"" is """,공적인,1,1,22.25,22.25,0.0
gemma-2-2b,76,desc,val,en,ko,사적인,"The opposite of ""사적인"" is """,공적인,1,1,22.25,20.875,-1.375
gemma-2-2b,76,desc,freq,en,ko,사적인,"The opposite of ""사적인"" is """,공적인,1,1,22.25,18.125,-4.125
gemma-2-2b,76,val,desc,en,ko,사적인,"The opposite of ""사적인"" is """,공적인,1,3,22.25,23.5,1.25
gemma-2-2b,76,val,val,en,ko,사적인,"The opposite of ""사적인"" is """,공적인,1,3,22.25,23.75,1.5
gemma-2-2b,76,val,freq,en,ko,사적인,"The opposite of ""사적인"" is """,공적인,1,2,22.25,21.875,-0.375
gemma-2-2b,76,freq,desc,en,ko,사적인,"The opposite of ""사적인"" is """,공적인,1,2,22.25,22.875,0.625
gemma-2-2b,76,freq,val,en,ko,사적인,"The opposite of ""사적인"" is """,공적인,1,2,22.25,22.875,0.625
gemma-2-2b,76,freq,freq,en,ko,사적인,"The opposite of ""사적인"" is """,공적인,1,2,22.25,23.0,0.75
gemma-2-2b,77,desc,desc,en,ko,올바른,"The opposite of ""올바른"" is """,틀린,7,7,17.0,17.125,0.125
gemma-2-2b,77,desc,val,en,ko,올바른,"The opposite of ""올바른"" is """,틀린,7,21,17.0,14.4375,-2.5625
gemma-2-2b,77,desc,freq,en,ko,올바른,"The opposite of ""올바른"" is """,틀린,7,9,17.0,9.25,-7.75
gemma-2-2b,77,val,desc,en,ko,올바른,"The opposite of ""올바른"" is """,틀린,7,74,17.0,18.125,1.125
gemma-2-2b,77,val,val,en,ko,올바른,"The opposite of ""올바른"" is """,틀린,7,77,17.0,18.5,1.5
gemma-2-2b,77,val,freq,en,ko,올바른,"The opposite of ""올바른"" is """,틀린,7,14,17.0,14.25,-2.75
gemma-2-2b,77,freq,desc,en,ko,올바른,"The opposite of ""올바른"" is """,틀린,7,99,17.0,16.5,-0.5
gemma-2-2b,77,freq,val,en,ko,올바른,"The opposite of ""올바른"" is """,틀린,7,85,17.0,16.5,-0.5
gemma-2-2b,77,freq,freq,en,ko,올바른,"The opposite of ""올바른"" is """,틀린,7,104,17.0,16.5,-0.5
gemma-2-2b,78,desc,desc,en,ko,단순한,"The opposite of ""단순한"" is """,복잡한,2,2,20.375,20.375,0.0
gemma-2-2b,78,desc,val,en,ko,단순한,"The opposite of ""단순한"" is """,복잡한,2,1,20.375,19.875,-0.5
gemma-2-2b,78,desc,freq,en,ko,단순한,"The opposite of ""단순한"" is """,복잡한,2,1,20.375,17.5,-2.875
gemma-2-2b,78,val,desc,en,ko,단순한,"The opposite of ""단순한"" is """,복잡한,2,22,20.375,20.875,0.5
gemma-2-2b,78,val,val,en,ko,단순한,"The opposite of ""단순한"" is """,복잡한,2,24,20.375,20.875,0.5
gemma-2-2b,78,val,freq,en,ko,단순한,"The opposite of ""단순한"" is """,복잡한,2,2,20.375,19.75,-0.625
gemma-2-2b,78,freq,desc,en,ko,단순한,"The opposite of ""단순한"" is """,복잡한,2,11,20.375,20.75,0.375
gemma-2-2b,78,freq,val,en,ko,단순한,"The opposite of ""단순한"" is """,복잡한,2,14,20.375,20.625,0.25
gemma-2-2b,78,freq,freq,en,ko,단순한,"The opposite of ""단순한"" is """,복잡한,2,11,20.375,20.5,0.125
gemma-2-2b,79,desc,desc,en,ko,달콤한,"The opposite of ""달콤한"" is """,쓴,5,5,12.25,12.25,0.0
gemma-2-2b,79,desc,val,en,ko,달콤한,"The opposite of ""달콤한"" is """,쓴,5,79,12.25,10.0,-2.25
gemma-2-2b,79,desc,freq,en,ko,달콤한,"The opposite of ""달콤한"" is """,쓴,5,43,12.25,2.375,-9.875
gemma-2-2b,79,val,desc,en,ko,달콤한,"The opposite of ""달콤한"" is """,쓴,5,79,12.25,14.3125,2.0625
gemma-2-2b,79,val,val,en,ko,달콤한,"The opposite of ""달콤한"" is """,쓴,5,90,12.25,14.875,2.625
gemma-2-2b,79,val,freq,en,ko,달콤한,"The opposite of ""달콤한"" is """,쓴,5,23,12.25,11.8125,-0.4375
gemma-2-2b,79,freq,desc,en,ko,달콤한,"The opposite of ""달콤한"" is """,쓴,5,183,12.25,12.4375,0.1875
gemma-2-2b,79,freq,val,en,ko,달콤한,"The opposite of ""달콤한"" is """,쓴,5,101,12.25,13.0,0.75
gemma-2-2b,79,freq,freq,en,ko,달콤한,"The opposite of ""달콤한"" is """,쓴,5,175,12.25,12.625,0.375
gemma-2-2b,80,desc,desc,en,ko,보이는,"The opposite of ""보이는"" is """,보이지 않는,1,1,19.875,19.875,0.0
gemma-2-2b,80,desc,val,en,ko,보이는,"The opposite of ""보이는"" is """,보이지 않는,1,0,19.875,19.75,-0.125
gemma-2-2b,80,desc,freq,en,ko,보이는,"The opposite of ""보이는"" is """,보이지 않는,1,3,19.875,12.6875,-7.1875
gemma-2-2b,80,val,desc,en,ko,보이는,"The opposite of ""보이는"" is """,보이지 않는,1,22,19.875,20.0,0.125
gemma-2-2b,80,val,val,en,ko,보이는,"The opposite of ""보이는"" is """,보이지 않는,1,18,19.875,20.625,0.75
gemma-2-2b,80,val,freq,en,ko,보이는,"The opposite of ""보이는"" is """,보이지 않는,1,74,19.875,12.8125,-7.0625
gemma-2-2b,80,freq,desc,en,ko,보이는,"The opposite of ""보이는"" is """,보이지 않는,1,6,19.875,19.75,-0.125
gemma-2-2b,80,freq,val,en,ko,보이는,"The opposite of ""보이는"" is """,보이지 않는,1,6,19.875,19.75,-0.125
gemma-2-2b,80,freq,freq,en,ko,보이는,"The opposite of ""보이는"" is """,보이지 않는,1,5,19.875,19.75,-0.125
gemma-2-2b,81,desc,desc,en,ko,따뜻한,"The opposite of ""따뜻한"" is """,차가운,4,3,14.5,14.5,0.0
gemma-2-2b,81,desc,val,en,ko,따뜻한,"The opposite of ""따뜻한"" is """,차가운,4,16,14.5,13.625,-0.875
gemma-2-2b,81,desc,freq,en,ko,따뜻한,"The opposite of ""따뜻한"" is """,차가운,4,4,14.5,6.8125,-7.6875
gemma-2-2b,81,val,desc,en,ko,따뜻한,"The opposite of ""따뜻한"" is """,차가운,4,100,14.5,15.9375,1.4375
gemma-2-2b,81,val,val,en,ko,따뜻한,"The opposite of ""따뜻한"" is """,차가운,4,131,14.5,15.9375,1.4375
gemma-2-2b,81,val,freq,en,ko,따뜻한,"The opposite of ""따뜻한"" is """,차가운,4,15,14.5,12.625,-1.875
gemma-2-2b,81,freq,desc,en,ko,따뜻한,"The opposite of ""따뜻한"" is """,차가운,4,18,14.5,17.25,2.75
gemma-2-2b,81,freq,val,en,ko,따뜻한,"The opposite of ""따뜻한"" is """,차가운,4,32,14.5,16.125,1.625
gemma-2-2b,81,freq,freq,en,ko,따뜻한,"The opposite of ""따뜻한"" is """,차가운,4,20,14.5,17.125,2.625
gemma-2-2b,82,desc,desc,en,ko,매끄러운,"The opposite of ""매끄러운"" is """,거친,1,1,19.625,19.625,0.0
gemma-2-2b,82,desc,val,en,ko,매끄러운,"The opposite of ""매끄러운"" is """,거친,1,1,19.625,19.25,-0.375
gemma-2-2b,82,desc,freq,en,ko,매끄러운,"The opposite of ""매끄러운"" is """,거친,1,1,19.625,16.75,-2.875
gemma-2-2b,82,val,desc,en,ko,매끄러운,"The opposite of ""매끄러운"" is """,거친,1,36,19.625,21.125,1.5
gemma-2-2b,82,val,val,en,ko,매끄러운,"The opposite of ""매끄러운"" is """,거친,1,33,19.625,21.375,1.75
gemma-2-2b,82,val,freq,en,ko,매끄러운,"The opposite of ""매끄러운"" is """,거친,1,25,19.625,18.875,-0.75
gemma-2-2b,82,freq,desc,en,ko,매끄러운,"The opposite of ""매끄러운"" is """,거친,1,8,19.625,20.75,1.125
gemma-2-2b,82,freq,val,en,ko,매끄러운,"The opposite of ""매끄러운"" is """,거친,1,14,19.625,20.375,0.75
gemma-2-2b,82,freq,freq,en,ko,매끄러운,"The opposite of ""매끄러운"" is """,거친,1,8,19.625,20.75,1.125
gemma-2-2b,83,desc,desc,en,ko,얇은,"The opposite of ""얇은"" is """,두꺼운,1,1,17.125,17.125,0.0
gemma-2-2b,83,desc,val,en,ko,얇은,"The opposite of ""얇은"" is """,두꺼운,1,1,17.125,17.625,0.5
gemma-2-2b,83,desc,freq,en,ko,얇은,"The opposite of ""얇은"" is """,두꺼운,1,2,17.125,13.0625,-4.0625
gemma-2-2b,83,val,desc,en,ko,얇은,"The opposite of ""얇은"" is """,두꺼운,1,64,17.125,15.5,-1.625
gemma-2-2b,83,val,val,en,ko,얇은,"The opposite of ""얇은"" is """,두꺼운,1,84,17.125,15.25,-1.875
gemma-2-2b,83,val,freq,en,ko,얇은,"The opposite of ""얇은"" is """,두꺼운,1,25,17.125,13.875,-3.25
gemma-2-2b,83,freq,desc,en,ko,얇은,"The opposite of ""얇은"" is """,두꺼운,1,25,17.125,14.6875,-2.4375
gemma-2-2b,83,freq,val,en,ko,얇은,"The opposite of ""얇은"" is """,두꺼운,1,38,17.125,14.0625,-3.0625
gemma-2-2b,83,freq,freq,en,ko,얇은,"The opposite of ""얇은"" is """,두꺼운,1,31,17.125,14.4375,-2.6875
gemma-2-2b,84,desc,desc,en,ko,키가 큰,"The opposite of ""키가 큰"" is """,키가 작은,0,0,22.5,22.75,0.25
gemma-2-2b,84,desc,val,en,ko,키가 큰,"The opposite of ""키가 큰"" is """,키가 작은,0,1,22.5,21.5,-1.0
gemma-2-2b,84,desc,freq,en,ko,키가 큰,"The opposite of ""키가 큰"" is """,키가 작은,0,1,22.5,18.25,-4.25
gemma-2-2b,84,val,desc,en,ko,키가 큰,"The opposite of ""키가 큰"" is """,키가 작은,0,0,22.5,24.5,2.0
gemma-2-2b,84,val,val,en,ko,키가 큰,"The opposite of ""키가 큰"" is """,키가 작은,0,0,22.5,24.625,2.125
gemma-2-2b,84,val,freq,en,ko,키가 큰,"The opposite of ""키가 큰"" is """,키가 작은,0,0,22.5,23.125,0.625
gemma-2-2b,84,freq,desc,en,ko,키가 큰,"The opposite of ""키가 큰"" is """,키가 작은,0,0,22.5,23.875,1.375
gemma-2-2b,84,freq,val,en,ko,키가 큰,"The opposite of ""키가 큰"" is """,키가 작은,0,0,22.5,24.0,1.5
gemma-2-2b,84,freq,freq,en,ko,키가 큰,"The opposite of ""키가 큰"" is """,키가 작은,0,0,22.5,23.875,1.375
gemma-2-2b,85,desc,desc,en,ko,결혼한,"The opposite of ""결혼한"" is """,미혼의,3,3,19.0,18.875,-0.125
gemma-2-2b,85,desc,val,en,ko,결혼한,"The opposite of ""결혼한"" is """,미혼의,3,9,19.0,16.5,-2.5
gemma-2-2b,85,desc,freq,en,ko,결혼한,"The opposite of ""결혼한"" is """,미혼의,3,8,19.0,11.625,-7.375
gemma-2-2b,85,val,desc,en,ko,결혼한,"The opposite of ""결혼한"" is """,미혼의,3,89,19.0,18.375,-0.625
gemma-2-2b,85,val,val,en,ko,결혼한,"The opposite of ""결혼한"" is """,미혼의,3,93,19.0,18.75,-0.25
gemma-2-2b,85,val,freq,en,ko,결혼한,"The opposite of ""결혼한"" is """,미혼의,3,70,19.0,13.9375,-5.0625
gemma-2-2b,85,freq,desc,en,ko,결혼한,"The opposite of ""결혼한"" is """,미혼의,3,15,19.0,19.25,0.25
gemma-2-2b,85,freq,val,en,ko,결혼한,"The opposite of ""결혼한"" is """,미혼의,3,54,19.0,17.875,-1.125
gemma-2-2b,85,freq,freq,en,ko,결혼한,"The opposite of ""결혼한"" is """,미혼의,3,15,19.0,19.125,0.125
gemma-2-2b,86,desc,desc,en,ko,낙관적인,"The opposite of ""낙관적인"" is """,비관적인,1,1,19.875,19.875,0.0
gemma-2-2b,86,desc,val,en,ko,낙관적인,"The opposite of ""낙관적인"" is """,비관적인,1,1,19.875,17.875,-2.0
gemma-2-2b,86,desc,freq,en,ko,낙관적인,"The opposite of ""낙관적인"" is """,비관적인,1,2,19.875,12.9375,-6.9375
gemma-2-2b,86,val,desc,en,ko,낙관적인,"The opposite of ""낙관적인"" is """,비관적인,1,17,19.875,19.25,-0.625
gemma-2-2b,86,val,val,en,ko,낙관적인,"The opposite of ""낙관적인"" is """,비관적인,1,21,19.875,19.375,-0.5
gemma-2-2b,86,val,freq,en,ko,낙관적인,"The opposite of ""낙관적인"" is """,비관적인,1,13,19.875,15.0,-4.875
gemma-2-2b,86,freq,desc,en,ko,낙관적인,"The opposite of ""낙관적인"" is """,비관적인,1,7,19.875,19.25,-0.625
gemma-2-2b,86,freq,val,en,ko,낙관적인,"The opposite of ""낙관적인"" is """,비관적인,1,7,19.875,18.875,-1.0
gemma-2-2b,86,freq,freq,en,ko,낙관적인,"The opposite of ""낙관적인"" is """,비관적인,1,7,19.875,19.125,-0.75
gemma-2-2b,87,desc,desc,en,ko,영구적인,"The opposite of ""영구적인"" is """,일시적인,2,2,21.375,21.375,0.0
gemma-2-2b,87,desc,val,en,ko,영구적인,"The opposite of ""영구적인"" is """,일시적인,2,2,21.375,19.75,-1.625
gemma-2-2b,87,desc,freq,en,ko,영구적인,"The opposite of ""영구적인"" is """,일시적인,2,3,21.375,15.0,-6.375
gemma-2-2b,87,val,desc,en,ko,영구적인,"The opposite of ""영구적인"" is """,일시적인,2,30,21.375,20.875,-0.5
gemma-2-2b,87,val,val,en,ko,영구적인,"The opposite of ""영구적인"" is """,일시적인,2,39,21.375,20.875,-0.5
gemma-2-2b,87,val,freq,en,ko,영구적인,"The opposite of ""영구적인"" is """,일시적인,2,13,21.375,18.25,-3.125
gemma-2-2b,87,freq,desc,en,ko,영구적인,"The opposite of ""영구적인"" is """,일시적인,2,2,21.375,21.375,0.0
gemma-2-2b,87,freq,val,en,ko,영구적인,"The opposite of ""영구적인"" is """,일시적인,2,15,21.375,20.625,-0.75
gemma-2-2b,87,freq,freq,en,ko,영구적인,"The opposite of ""영구적인"" is """,일시적인,2,2,21.375,21.375,0.0
gemma-2-2b,88,desc,desc,en,ko,현재의,"The opposite of ""현재의"" is """,과거의,13,13,19.875,19.875,0.0
gemma-2-2b,88,desc,val,en,ko,현재의,"The opposite of ""현재의"" is """,과거의,13,31,19.875,16.625,-3.25
gemma-2-2b,88,desc,freq,en,ko,현재의,"The opposite of ""현재의"" is """,과거의,13,22,19.875,12.625,-7.25
gemma-2-2b,88,val,desc,en,ko,현재의,"The opposite of ""현재의"" is """,과거의,13,285,19.875,18.125,-1.75
gemma-2-2b,88,val,val,en,ko,현재의,"The opposite of ""현재의"" is """,과거의,13,323,19.875,18.125,-1.75
gemma-2-2b,88,val,freq,en,ko,현재의,"The opposite of ""현재의"" is """,과거의,13,51,19.875,17.0,-2.875
gemma-2-2b,88,freq,desc,en,ko,현재의,"The opposite of ""현재의"" is """,과거의,13,41,19.875,19.75,-0.125
gemma-2-2b,88,freq,val,en,ko,현재의,"The opposite of ""현재의"" is """,과거의,13,92,19.875,18.25,-1.625
gemma-2-2b,88,freq,freq,en,ko,현재의,"The opposite of ""현재의"" is """,과거의,13,44,19.875,19.625,-0.25
gemma-2-2b,89,desc,desc,en,ko,공공의,"The opposite of ""공공의"" is """,사적인,2,3,18.5,18.625,0.125
gemma-2-2b,89,desc,val,en,ko,공공의,"The opposite of ""공공의"" is """,사적인,2,4,18.5,17.0,-1.5
gemma-2-2b,89,desc,freq,en,ko,공공의,"The opposite of ""공공의"" is """,사적인,2,8,18.5,11.375,-7.125
gemma-2-2b,89,val,desc,en,ko,공공의,"The opposite of ""공공의"" is """,사적인,2,28,18.5,19.625,1.125
gemma-2-2b,89,val,val,en,ko,공공의,"The opposite of ""공공의"" is """,사적인,2,29,18.5,19.875,1.375
gemma-2-2b,89,val,freq,en,ko,공공의,"The opposite of ""공공의"" is """,사적인,2,30,18.5,15.0,-3.5
gemma-2-2b,89,freq,desc,en,ko,공공의,"The opposite of ""공공의"" is """,사적인,2,8,18.5,19.625,1.125
gemma-2-2b,89,freq,val,en,ko,공공의,"The opposite of ""공공의"" is """,사적인,2,13,18.5,19.0,0.5
gemma-2-2b,89,freq,freq,en,ko,공공의,"The opposite of ""공공의"" is """,사적인,2,8,18.5,19.625,1.125
gemma-2-2b,90,desc,desc,en,ko,실제적인,"The opposite of ""실제적인"" is """,비현실적인,1,1,21.375,21.375,0.0
gemma-2-2b,90,desc,val,en,ko,실제적인,"The opposite of ""실제적인"" is """,비현실적인,1,1,21.375,19.0,-2.375
gemma-2-2b,90,desc,freq,en,ko,실제적인,"The opposite of ""실제적인"" is """,비현실적인,1,2,21.375,14.875,-6.5
gemma-2-2b,90,val,desc,en,ko,실제적인,"The opposite of ""실제적인"" is """,비현실적인,1,47,21.375,20.375,-1.0
gemma-2-2b,90,val,val,en,ko,실제적인,"The opposite of ""실제적인"" is """,비현실적인,1,55,21.375,20.625,-0.75
gemma-2-2b,90,val,freq,en,ko,실제적인,"The opposite of ""실제적인"" is """,비현실적인,1,21,21.375,17.75,-3.625
gemma-2-2b,90,freq,desc,en,ko,실제적인,"The opposite of ""실제적인"" is """,비현실적인,1,4,21.375,20.75,-0.625
gemma-2-2b,90,freq,val,en,ko,실제적인,"The opposite of ""실제적인"" is """,비현실적인,1,23,21.375,20.375,-1.0
gemma-2-2b,90,freq,freq,en,ko,실제적인,"The opposite of ""실제적인"" is """,비현실적인,1,4,21.375,20.75,-0.625
gemma-2-2b,91,desc,desc,en,ko,책임 있는,"The opposite of ""책임 있는"" is """,무책임한,2,2,20.75,20.75,0.0
gemma-2-2b,91,desc,val,en,ko,책임 있는,"The opposite of ""책임 있는"" is """,무책임한,2,4,20.75,19.25,-1.5
gemma-2-2b,91,desc,freq,en,ko,책임 있는,"The opposite of ""책임 있는"" is """,무책임한,2,2,20.75,15.5,-5.25
gemma-2-2b,91,val,desc,en,ko,책임 있는,"The opposite of ""책임 있는"" is """,무책임한,2,8,20.75,22.0,1.25
gemma-2-2b,91,val,val,en,ko,책임 있는,"The opposite of ""책임 있는"" is """,무책임한,2,9,20.75,22.25,1.5
gemma-2-2b,91,val,freq,en,ko,책임 있는,"The opposite of ""책임 있는"" is """,무책임한,2,4,20.75,19.25,-1.5
gemma-2-2b,91,freq,desc,en,ko,책임 있는,"The opposite of ""책임 있는"" is """,무책임한,2,4,20.75,21.375,0.625
gemma-2-2b,91,freq,val,en,ko,책임 있는,"The opposite of ""책임 있는"" is """,무책임한,2,8,20.75,21.125,0.375
gemma-2-2b,91,freq,freq,en,ko,책임 있는,"The opposite of ""책임 있는"" is """,무책임한,2,6,20.75,21.375,0.625
gemma-2-2b,92,desc,desc,en,ko,독신의,"The opposite of ""독신의"" is """,결혼한,51,42,19.25,19.375,0.125
gemma-2-2b,92,desc,val,en,ko,독신의,"The opposite of ""독신의"" is """,결혼한,51,59,19.25,17.0,-2.25
gemma-2-2b,92,desc,freq,en,ko,독신의,"The opposite of ""독신의"" is """,결혼한,51,121,19.25,12.6875,-6.5625
gemma-2-2b,92,val,desc,en,ko,독신의,"The opposite of ""독신의"" is """,결혼한,51,1789,19.25,16.625,-2.625
gemma-2-2b,92,val,val,en,ko,독신의,"The opposite of ""독신의"" is """,결혼한,51,1877,19.25,16.75,-2.5
gemma-2-2b,92,val,freq,en,ko,독신의,"The opposite of ""독신의"" is """,결혼한,51,2137,19.25,14.125,-5.125
gemma-2-2b,92,freq,desc,en,ko,독신의,"The opposite of ""독신의"" is """,결혼한,51,564,19.25,17.75,-1.5
gemma-2-2b,92,freq,val,en,ko,독신의,"The opposite of ""독신의"" is """,결혼한,51,622,19.25,17.0,-2.25
gemma-2-2b,92,freq,freq,en,ko,독신의,"The opposite of ""독신의"" is """,결혼한,51,467,19.25,17.875,-1.375
gemma-2-2b,93,desc,desc,en,ko,신,"The opposite of ""신"" is """,달콤한,536,636,13.6875,13.4375,-0.25
gemma-2-2b,93,desc,val,en,ko,신,"The opposite of ""신"" is """,달콤한,536,1985,13.6875,9.5625,-4.125
gemma-2-2b,93,desc,freq,en,ko,신,"The opposite of ""신"" is """,달콤한,536,3038,13.6875,5.03125,-8.65625
gemma-2-2b,93,val,desc,en,ko,신,"The opposite of ""신"" is """,달콤한,536,29479,13.6875,10.625,-3.0625
gemma-2-2b,93,val,val,en,ko,신,"The opposite of ""신"" is """,달콤한,536,25009,13.6875,11.1875,-2.5
gemma-2-2b,93,val,freq,en,ko,신,"The opposite of ""신"" is """,달콤한,536,27247,13.6875,6.4375,-7.25
gemma-2-2b,93,freq,desc,en,ko,신,"The opposite of ""신"" is """,달콤한,536,19342,13.6875,11.0625,-2.625
gemma-2-2b,93,freq,val,en,ko,신,"The opposite of ""신"" is """,달콤한,536,22600,13.6875,9.4375,-4.25
gemma-2-2b,93,freq,freq,en,ko,신,"The opposite of ""신"" is """,달콤한,536,20304,13.6875,10.9375,-2.75
gemma-2-2b,94,desc,desc,en,ko,유용한,"The opposite of ""유용한"" is """,쓸모없는,3,3,21.375,21.375,0.0
gemma-2-2b,94,desc,val,en,ko,유용한,"The opposite of ""유용한"" is """,쓸모없는,3,4,21.375,19.25,-2.125
gemma-2-2b,94,desc,freq,en,ko,유용한,"The opposite of ""유용한"" is """,쓸모없는,3,3,21.375,17.0,-4.375
gemma-2-2b,94,val,desc,en,ko,유용한,"The opposite of ""유용한"" is """,쓸모없는,3,15,21.375,21.5,0.125
gemma-2-2b,94,val,val,en,ko,유용한,"The opposite of ""유용한"" is """,쓸모없는,3,17,21.375,21.625,0.25
gemma-2-2b,94,val,freq,en,ko,유용한,"The opposite of ""유용한"" is """,쓸모없는,3,2,21.375,21.0,-0.375
gemma-2-2b,94,freq,desc,en,ko,유용한,"The opposite of ""유용한"" is """,쓸모없는,3,15,21.375,20.5,-0.875
gemma-2-2b,94,freq,val,en,ko,유용한,"The opposite of ""유용한"" is """,쓸모없는,3,25,21.375,19.75,-1.625
gemma-2-2b,94,freq,freq,en,ko,유용한,"The opposite of ""유용한"" is """,쓸모없는,3,14,21.375,20.5,-0.875
gemma-2-2b,95,desc,desc,en,ko,수직의,"The opposite of ""수직의"" is """,수평의,0,0,23.625,23.625,0.0
gemma-2-2b,95,desc,val,en,ko,수직의,"The opposite of ""수직의"" is """,수평의,0,0,23.625,22.0,-1.625
gemma-2-2b,95,desc,freq,en,ko,수직의,"The opposite of ""수직의"" is """,수평의,0,0,23.625,17.75,-5.875
gemma-2-2b,95,val,desc,en,ko,수직의,"The opposite of ""수직의"" is """,수평의,0,3,23.625,23.625,0.0
gemma-2-2b,95,val,val,en,ko,수직의,"The opposite of ""수직의"" is """,수평의,0,3,23.625,23.75,0.125
gemma-2-2b,95,val,freq,en,ko,수직의,"The opposite of ""수직의"" is """,수평의,0,0,23.625,21.75,-1.875
gemma-2-2b,95,freq,desc,en,ko,수직의,"The opposite of ""수직의"" is """,수평의,0,0,23.625,23.25,-0.375
gemma-2-2b,95,freq,val,en,ko,수직의,"The opposite of ""수직의"" is """,수평의,0,0,23.625,23.125,-0.5
gemma-2-2b,95,freq,freq,en,ko,수직의,"The opposite of ""수직의"" is """,수평의,0,0,23.625,23.125,-0.5
gemma-2-2b,96,desc,desc,en,ko,잘,"The opposite of ""잘"" is """,못,0,0,17.875,18.0,0.125
gemma-2-2b,96,desc,val,en,ko,잘,"The opposite of ""잘"" is """,못,0,0,17.875,17.625,-0.25
gemma-2-2b,96,desc,freq,en,ko,잘,"The opposite of ""잘"" is """,못,0,1,17.875,10.6875,-7.1875
gemma-2-2b,96,val,desc,en,ko,잘,"The opposite of ""잘"" is """,못,0,2,17.875,20.625,2.75
gemma-2-2b,96,val,val,en,ko,잘,"The opposite of ""잘"" is """,못,0,2,17.875,20.875,3.0
gemma-2-2b,96,val,freq,en,ko,잘,"The opposite of ""잘"" is """,못,0,3,17.875,14.875,-3.0
gemma-2-2b,96,freq,desc,en,ko,잘,"The opposite of ""잘"" is """,못,0,6,17.875,18.875,1.0
gemma-2-2b,96,freq,val,en,ko,잘,"The opposite of ""잘"" is """,못,0,5,17.875,18.75,0.875
gemma-2-2b,96,freq,freq,en,ko,잘,"The opposite of ""잘"" is """,못,0,5,17.875,18.875,1.0
gemma-2-2b,97,desc,desc,en,ko,승리하는,"The opposite of ""승리하는"" is """,패배하는,0,0,18.75,18.75,0.0
gemma-2-2b,97,desc,val,en,ko,승리하는,"The opposite of ""승리하는"" is """,패배하는,0,0,18.75,16.875,-1.875
gemma-2-2b,97,desc,freq,en,ko,승리하는,"The opposite of ""승리하는"" is """,패배하는,0,1,18.75,12.5625,-6.1875
gemma-2-2b,97,val,desc,en,ko,승리하는,"The opposite of ""승리하는"" is """,패배하는,0,11,18.75,19.75,1.0
gemma-2-2b,97,val,val,en,ko,승리하는,"The opposite of ""승리하는"" is """,패배하는,0,11,18.75,20.0,1.25
gemma-2-2b,97,val,freq,en,ko,승리하는,"The opposite of ""승리하는"" is """,패배하는,0,0,18.75,18.5,-0.25
gemma-2-2b,97,freq,desc,en,ko,승리하는,"The opposite of ""승리하는"" is """,패배하는,0,12,18.75,17.875,-0.875
gemma-2-2b,97,freq,val,en,ko,승리하는,"The opposite of ""승리하는"" is """,패배하는,0,13,18.75,17.75,-1.0
gemma-2-2b,97,freq,freq,en,ko,승리하는,"The opposite of ""승리하는"" is """,패배하는,0,10,18.75,18.125,-0.625
gemma-2-2b,98,desc,desc,en,ko,불친절한,"The opposite of ""불친절한"" is """,친절한,0,0,23.625,23.625,0.0
gemma-2-2b,98,desc,val,en,ko,불친절한,"The opposite of ""불친절한"" is """,친절한,0,0,23.625,22.5,-1.125
gemma-2-2b,98,desc,freq,en,ko,불친절한,"The opposite of ""불친절한"" is """,친절한,0,0,23.625,19.625,-4.0
gemma-2-2b,98,val,desc,en,ko,불친절한,"The opposite of ""불친절한"" is """,친절한,0,0,23.625,24.125,0.5
gemma-2-2b,98,val,val,en,ko,불친절한,"The opposite of ""불친절한"" is """,친절한,0,0,23.625,24.125,0.5
gemma-2-2b,98,val,freq,en,ko,불친절한,"The opposite of ""불친절한"" is """,친절한,0,0,23.625,23.0,-0.625
gemma-2-2b,98,freq,desc,en,ko,불친절한,"The opposite of ""불친절한"" is """,친절한,0,0,23.625,23.5,-0.125
gemma-2-2b,98,freq,val,en,ko,불친절한,"The opposite of ""불친절한"" is """,친절한,0,0,23.625,23.625,0.0
gemma-2-2b,98,freq,freq,en,ko,불친절한,"The opposite of ""불친절한"" is """,친절한,0,0,23.625,23.625,0.0
gemma-2-2b,99,desc,desc,en,ko,겁많은,"The opposite of ""겁많은"" is """,용감한,146,147,16.5,16.5,0.0
gemma-2-2b,99,desc,val,en,ko,겁많은,"The opposite of ""겁많은"" is """,용감한,146,206,16.5,14.125,-2.375
gemma-2-2b,99,desc,freq,en,ko,겁많은,"The opposite of ""겁많은"" is """,용감한,146,57,16.5,12.875,-3.625
gemma-2-2b,99,val,desc,en,ko,겁많은,"The opposite of ""겁많은"" is """,용감한,146,2277,16.5,15.0,-1.5
gemma-2-2b,99,val,val,en,ko,겁많은,"The opposite of ""겁많은"" is """,용감한,146,2425,16.5,15.125,-1.375
gemma-2-2b,99,val,freq,en,ko,겁많은,"The opposite of ""겁많은"" is """,용감한,146,664,16.5,14.875,-1.625
gemma-2-2b,99,freq,desc,en,ko,겁많은,"The opposite of ""겁많은"" is """,용감한,146,433,16.5,16.25,-0.25
gemma-2-2b,99,freq,val,en,ko,겁많은,"The opposite of ""겁많은"" is """,용감한,146,902,16.5,14.5,-2.0
gemma-2-2b,99,freq,freq,en,ko,겁많은,"The opposite of ""겁많은"" is """,용감한,146,478,16.5,16.125,-0.375
gemma-2-2b,0,desc,desc,en,zh,好,"The opposite of ""好"" is """,坏,0,0,19.125,19.125,0.0
gemma-2-2b,0,desc,val,en,zh,好,"The opposite of ""好"" is """,坏,0,0,19.125,19.625,0.5
gemma-2-2b,0,desc,freq,en,zh,好,"The opposite of ""好"" is """,坏,0,0,19.125,16.875,-2.25
gemma-2-2b,0,val,desc,en,zh,好,"The opposite of ""好"" is """,坏,0,18,19.125,18.0,-1.125
gemma-2-2b,0,val,val,en,zh,好,"The opposite of ""好"" is """,坏,0,12,19.125,19.625,0.5
gemma-2-2b,0,val,freq,en,zh,好,"The opposite of ""好"" is """,坏,0,23,19.125,15.25,-3.875
gemma-2-2b,0,freq,desc,en,zh,好,"The opposite of ""好"" is """,坏,0,1,19.125,20.25,1.125
gemma-2-2b,0,freq,val,en,zh,好,"The opposite of ""好"" is """,坏,0,2,19.125,19.875,0.75
gemma-2-2b,0,freq,freq,en,zh,好,"The opposite of ""好"" is """,坏,0,1,19.125,20.5,1.375
gemma-2-2b,1,desc,desc,en,zh,开心,"The opposite of ""开心"" is """,难过,0,1,14.9375,17.0,2.0625
gemma-2-2b,1,desc,val,en,zh,开心,"The opposite of ""开心"" is """,难过,0,2,14.9375,15.375,0.4375
gemma-2-2b,1,desc,freq,en,zh,开心,"The opposite of ""开心"" is """,难过,0,0,14.9375,11.4375,-3.5
gemma-2-2b,1,val,desc,en,zh,开心,"The opposite of ""开心"" is """,难过,0,3,14.9375,11.75,-3.1875
gemma-2-2b,1,val,val,en,zh,开心,"The opposite of ""开心"" is """,难过,0,4,14.9375,13.1875,-1.75
gemma-2-2b,1,val,freq,en,zh,开心,"The opposite of ""开心"" is """,难过,0,2,14.9375,8.3125,-6.625
gemma-2-2b,1,freq,desc,en,zh,开心,"The opposite of ""开心"" is """,难过,0,4,14.9375,16.125,1.1875
gemma-2-2b,1,freq,val,en,zh,开心,"The opposite of ""开心"" is """,难过,0,2,14.9375,15.375,0.4375
gemma-2-2b,1,freq,freq,en,zh,开心,"The opposite of ""开心"" is """,难过,0,7,14.9375,15.9375,1.0
gemma-2-2b,2,desc,desc,en,zh,大,"The opposite of ""大"" is """,小,0,0,21.375,23.0,1.625
gemma-2-2b,2,desc,val,en,zh,大,"The opposite of ""大"" is """,小,0,0,21.375,23.125,1.75
gemma-2-2b,2,desc,freq,en,zh,大,"The opposite of ""大"" is """,小,0,0,21.375,19.875,-1.5
gemma-2-2b,2,val,desc,en,zh,大,"The opposite of ""大"" is """,小,0,0,21.375,24.875,3.5
gemma-2-2b,2,val,val,en,zh,大,"The opposite of ""大"" is """,小,0,0,21.375,24.75,3.375
gemma-2-2b,2,val,freq,en,zh,大,"The opposite of ""大"" is """,小,0,0,21.375,21.75,0.375
gemma-2-2b,2,freq,desc,en,zh,大,"The opposite of ""大"" is """,小,0,0,21.375,22.875,1.5
gemma-2-2b,2,freq,val,en,zh,大,"The opposite of ""大"" is """,小,0,0,21.375,23.125,1.75
gemma-2-2b,2,freq,freq,en,zh,大,"The opposite of ""大"" is """,小,0,0,21.375,22.625,1.25
gemma-2-2b,3,desc,desc,en,zh,热,"The opposite of ""热"" is """,冷,0,1,18.625,20.25,1.625
gemma-2-2b,3,desc,val,en,zh,热,"The opposite of ""热"" is """,冷,0,1,18.625,20.75,2.125
gemma-2-2b,3,desc,freq,en,zh,热,"The opposite of ""热"" is """,冷,0,0,18.625,18.125,-0.5
gemma-2-2b,3,val,desc,en,zh,热,"The opposite of ""热"" is """,冷,0,1,18.625,21.0,2.375
gemma-2-2b,3,val,val,en,zh,热,"The opposite of ""热"" is """,冷,0,1,18.625,21.5,2.875
gemma-2-2b,3,val,freq,en,zh,热,"The opposite of ""热"" is """,冷,0,0,18.625,18.875,0.25
gemma-2-2b,3,freq,desc,en,zh,热,"The opposite of ""热"" is """,冷,0,1,18.625,21.5,2.875
gemma-2-2b,3,freq,val,en,zh,热,"The opposite of ""热"" is """,冷,0,1,18.625,21.0,2.375
gemma-2-2b,3,freq,freq,en,zh,热,"The opposite of ""热"" is """,冷,0,1,18.625,21.875,3.25
gemma-2-2b,4,desc,desc,en,zh,快,"The opposite of ""快"" is """,慢,0,0,21.75,23.5,1.75
gemma-2-2b,4,desc,val,en,zh,快,"The opposite of ""快"" is """,慢,0,0,21.75,23.5,1.75
gemma-2-2b,4,desc,freq,en,zh,快,"The opposite of ""快"" is """,慢,0,0,21.75,20.875,-0.875
gemma-2-2b,4,val,desc,en,zh,快,"The opposite of ""快"" is """,慢,0,0,21.75,24.5,2.75
gemma-2-2b,4,val,val,en,zh,快,"The opposite of ""快"" is """,慢,0,2,21.75,24.0,2.25
gemma-2-2b,4,val,freq,en,zh,快,"The opposite of ""快"" is """,慢,0,0,21.75,22.5,0.75
gemma-2-2b,4,freq,desc,en,zh,快,"The opposite of ""快"" is """,慢,0,1,21.75,23.375,1.625
gemma-2-2b,4,freq,val,en,zh,快,"The opposite of ""快"" is """,慢,0,1,21.75,22.875,1.125
gemma-2-2b,4,freq,freq,en,zh,快,"The opposite of ""快"" is """,慢,0,1,21.75,23.5,1.75
gemma-2-2b,5,desc,desc,en,zh,轻,"The opposite of ""轻"" is """,重,0,0,20.0,23.0,3.0
gemma-2-2b,5,desc,val,en,zh,轻,"The opposite of ""轻"" is """,重,0,0,20.0,23.125,3.125
gemma-2-2b,5,desc,freq,en,zh,轻,"The opposite of ""轻"" is """,重,0,0,20.0,19.125,-0.875
gemma-2-2b,5,val,desc,en,zh,轻,"The opposite of ""轻"" is """,重,0,0,20.0,24.75,4.75
gemma-2-2b,5,val,val,en,zh,轻,"The opposite of ""轻"" is """,重,0,0,20.0,24.5,4.5
gemma-2-2b,5,val,freq,en,zh,轻,"The opposite of ""轻"" is """,重,0,0,20.0,21.25,1.25
gemma-2-2b,5,freq,desc,en,zh,轻,"The opposite of ""轻"" is """,重,0,0,20.0,23.125,3.125
gemma-2-2b,5,freq,val,en,zh,轻,"The opposite of ""轻"" is """,重,0,0,20.0,23.0,3.0
gemma-2-2b,5,freq,freq,en,zh,轻,"The opposite of ""轻"" is """,重,0,0,20.0,23.25,3.25
gemma-2-2b,6,desc,desc,en,zh,容易,"The opposite of ""容易"" is """,难,0,5,21.25,21.625,0.375
gemma-2-2b,6,desc,val,en,zh,容易,"The opposite of ""容易"" is """,难,0,3,21.25,22.875,1.625
gemma-2-2b,6,desc,freq,en,zh,容易,"The opposite of ""容易"" is """,难,0,2,21.25,20.125,-1.125
gemma-2-2b,6,val,desc,en,zh,容易,"The opposite of ""容易"" is """,难,0,9,21.25,23.875,2.625
gemma-2-2b,6,val,val,en,zh,容易,"The opposite of ""容易"" is """,难,0,8,21.25,23.375,2.125
gemma-2-2b,6,val,freq,en,zh,容易,"The opposite of ""容易"" is """,难,0,6,21.25,21.5,0.25
gemma-2-2b,6,freq,desc,en,zh,容易,"The opposite of ""容易"" is """,难,0,3,21.25,21.875,0.625
gemma-2-2b,6,freq,val,en,zh,容易,"The opposite of ""容易"" is """,难,0,2,21.25,22.375,1.125
gemma-2-2b,6,freq,freq,en,zh,容易,"The opposite of ""容易"" is """,难,0,4,21.25,21.75,0.5
gemma-2-2b,7,desc,desc,en,zh,新,"The opposite of ""新"" is """,旧,1,2,19.25,20.0,0.75
gemma-2-2b,7,desc,val,en,zh,新,"The opposite of ""新"" is """,旧,1,5,19.25,20.375,1.125
gemma-2-2b,7,desc,freq,en,zh,新,"The opposite of ""新"" is """,旧,1,0,19.25,18.875,-0.375
gemma-2-2b,7,val,desc,en,zh,新,"The opposite of ""新"" is """,旧,1,6,19.25,21.125,1.875
gemma-2-2b,7,val,val,en,zh,新,"The opposite of ""新"" is """,旧,1,4,19.25,21.875,2.625
gemma-2-2b,7,val,freq,en,zh,新,"The opposite of ""新"" is """,旧,1,1,19.25,19.75,0.5
gemma-2-2b,7,freq,desc,en,zh,新,"The opposite of ""新"" is """,旧,1,2,19.25,20.0,0.75
gemma-2-2b,7,freq,val,en,zh,新,"The opposite of ""新"" is """,旧,1,2,19.25,20.125,0.875
gemma-2-2b,7,freq,freq,en,zh,新,"The opposite of ""新"" is """,旧,1,2,19.25,20.125,0.875
gemma-2-2b,8,desc,desc,en,zh,真,"The opposite of ""真"" is """,假,1,0,19.625,20.625,1.0
gemma-2-2b,8,desc,val,en,zh,真,"The opposite of ""真"" is """,假,1,0,19.625,21.375,1.75
gemma-2-2b,8,desc,freq,en,zh,真,"The opposite of ""真"" is """,假,1,0,19.625,20.375,0.75
gemma-2-2b,8,val,desc,en,zh,真,"The opposite of ""真"" is """,假,1,0,19.625,23.5,3.875
gemma-2-2b,8,val,val,en,zh,真,"The opposite of ""真"" is """,假,1,1,19.625,22.25,2.625
gemma-2-2b,8,val,freq,en,zh,真,"The opposite of ""真"" is """,假,1,0,19.625,22.0,2.375
gemma-2-2b,8,freq,desc,en,zh,真,"The opposite of ""真"" is """,假,1,0,19.625,19.875,0.25
gemma-2-2b,8,freq,val,en,zh,真,"The opposite of ""真"" is """,假,1,0,19.625,19.75,0.125
gemma-2-2b,8,freq,freq,en,zh,真,"The opposite of ""真"" is """,假,1,1,19.625,19.875,0.25
gemma-2-2b,9,desc,desc,en,zh,活,"The opposite of ""活"" is """,死,0,0,19.875,22.375,2.5
gemma-2-2b,9,desc,val,en,zh,活,"The opposite of ""活"" is """,死,0,0,19.875,21.875,2.0
gemma-2-2b,9,desc,freq,en,zh,活,"The opposite of ""活"" is """,死,0,0,19.875,19.5,-0.375
gemma-2-2b,9,val,desc,en,zh,活,"The opposite of ""活"" is """,死,0,0,19.875,24.125,4.25
gemma-2-2b,9,val,val,en,zh,活,"The opposite of ""活"" is """,死,0,0,19.875,24.25,4.375
gemma-2-2b,9,val,freq,en,zh,活,"The opposite of ""活"" is """,死,0,0,19.875,20.875,1.0
gemma-2-2b,9,freq,desc,en,zh,活,"The opposite of ""活"" is """,死,0,0,19.875,21.5,1.625
gemma-2-2b,9,freq,val,en,zh,活,"The opposite of ""活"" is """,死,0,0,19.875,21.5,1.625
gemma-2-2b,9,freq,freq,en,zh,活,"The opposite of ""活"" is """,死,0,0,19.875,22.0,2.125
gemma-2-2b,10,desc,desc,en,zh,满,"The opposite of ""满"" is """,空,0,0,20.0,22.5,2.5
gemma-2-2b,10,desc,val,en,zh,满,"The opposite of ""满"" is """,空,0,1,20.0,22.25,2.25
gemma-2-2b,10,desc,freq,en,zh,满,"The opposite of ""满"" is """,空,0,0,20.0,20.375,0.375
gemma-2-2b,10,val,desc,en,zh,满,"The opposite of ""满"" is """,空,0,1,20.0,23.875,3.875
gemma-2-2b,10,val,val,en,zh,满,"The opposite of ""满"" is """,空,0,3,20.0,23.5,3.5
gemma-2-2b,10,val,freq,en,zh,满,"The opposite of ""满"" is """,空,0,0,20.0,22.25,2.25
gemma-2-2b,10,freq,desc,en,zh,满,"The opposite of ""满"" is """,空,0,1,20.0,22.375,2.375
gemma-2-2b,10,freq,val,en,zh,满,"The opposite of ""满"" is """,空,0,2,20.0,22.125,2.125
gemma-2-2b,10,freq,freq,en,zh,满,"The opposite of ""满"" is """,空,0,1,20.0,22.5,2.5
gemma-2-2b,11,desc,desc,en,zh,亮,"The opposite of ""亮"" is """,暗,0,1,20.125,22.75,2.625
gemma-2-2b,11,desc,val,en,zh,亮,"The opposite of ""亮"" is """,暗,0,1,20.125,23.0,2.875
gemma-2-2b,11,desc,freq,en,zh,亮,"The opposite of ""亮"" is """,暗,0,0,20.125,18.875,-1.25
gemma-2-2b,11,val,desc,en,zh,亮,"The opposite of ""亮"" is """,暗,0,2,20.125,24.375,4.25
gemma-2-2b,11,val,val,en,zh,亮,"The opposite of ""亮"" is """,暗,0,2,20.125,24.375,4.25
gemma-2-2b,11,val,freq,en,zh,亮,"The opposite of ""亮"" is """,暗,0,1,20.125,19.75,-0.375
gemma-2-2b,11,freq,desc,en,zh,亮,"The opposite of ""亮"" is """,暗,0,1,20.125,22.75,2.625
gemma-2-2b,11,freq,val,en,zh,亮,"The opposite of ""亮"" is """,暗,0,1,20.125,22.875,2.75
gemma-2-2b,11,freq,freq,en,zh,亮,"The opposite of ""亮"" is """,暗,0,1,20.125,23.0,2.875
gemma-2-2b,12,desc,desc,en,zh,强,"The opposite of ""强"" is """,弱,0,1,20.75,23.5,2.75
gemma-2-2b,12,desc,val,en,zh,强,"The opposite of ""强"" is """,弱,0,1,20.75,23.375,2.625
gemma-2-2b,12,desc,freq,en,zh,强,"The opposite of ""强"" is """,弱,0,0,20.75,20.5,-0.25
gemma-2-2b,12,val,desc,en,zh,强,"The opposite of ""强"" is """,弱,0,0,20.75,25.25,4.5
gemma-2-2b,12,val,val,en,zh,强,"The opposite of ""强"" is """,弱,0,2,20.75,24.75,4.0
gemma-2-2b,12,val,freq,en,zh,强,"The opposite of ""强"" is """,弱,0,0,20.75,22.75,2.0
gemma-2-2b,12,freq,desc,en,zh,强,"The opposite of ""强"" is """,弱,0,1,20.75,22.875,2.125
gemma-2-2b,12,freq,val,en,zh,强,"The opposite of ""强"" is """,弱,0,2,20.75,22.875,2.125
gemma-2-2b,12,freq,freq,en,zh,强,"The opposite of ""强"" is """,弱,0,1,20.75,23.25,2.5
gemma-2-2b,13,desc,desc,en,zh,干净,"The opposite of ""干净"" is """,脏,0,1,18.125,20.75,2.625
gemma-2-2b,13,desc,val,en,zh,干净,"The opposite of ""干净"" is """,脏,0,2,18.125,20.75,2.625
gemma-2-2b,13,desc,freq,en,zh,干净,"The opposite of ""干净"" is """,脏,0,2,18.125,17.875,-0.25
gemma-2-2b,13,val,desc,en,zh,干净,"The opposite of ""干净"" is """,脏,0,8,18.125,21.5,3.375
gemma-2-2b,13,val,val,en,zh,干净,"The opposite of ""干净"" is """,脏,0,19,18.125,21.0,2.875
gemma-2-2b,13,val,freq,en,zh,干净,"The opposite of ""干净"" is """,脏,0,5,18.125,18.875,0.75
gemma-2-2b,13,freq,desc,en,zh,干净,"The opposite of ""干净"" is """,脏,0,1,18.125,20.75,2.625
gemma-2-2b,13,freq,val,en,zh,干净,"The opposite of ""干净"" is """,脏,0,3,18.125,20.125,2.0
gemma-2-2b,13,freq,freq,en,zh,干净,"The opposite of ""干净"" is """,脏,0,3,18.125,20.875,2.75
gemma-2-2b,14,desc,desc,en,zh,开,"The opposite of ""开"" is """,关,0,0,19.875,22.125,2.25
gemma-2-2b,14,desc,val,en,zh,开,"The opposite of ""开"" is """,关,0,0,19.875,22.375,2.5
gemma-2-2b,14,desc,freq,en,zh,开,"The opposite of ""开"" is """,关,0,0,19.875,18.75,-1.125
gemma-2-2b,14,val,desc,en,zh,开,"The opposite of ""开"" is """,关,0,0,19.875,23.25,3.375
gemma-2-2b,14,val,val,en,zh,开,"The opposite of ""开"" is """,关,0,5,19.875,22.125,2.25
gemma-2-2b,14,val,freq,en,zh,开,"The opposite of ""开"" is """,关,0,0,19.875,19.0,-0.875
gemma-2-2b,14,freq,desc,en,zh,开,"The opposite of ""开"" is """,关,0,0,19.875,21.875,2.0
gemma-2-2b,14,freq,val,en,zh,开,"The opposite of ""开"" is """,关,0,0,19.875,22.0,2.125
gemma-2-2b,14,freq,freq,en,zh,开,"The opposite of ""开"" is """,关,0,0,19.875,22.5,2.625
gemma-2-2b,15,desc,desc,en,zh,富裕,"The opposite of ""富裕"" is """,贫穷,1,4,21.125,21.0,-0.125
gemma-2-2b,15,desc,val,en,zh,富裕,"The opposite of ""富裕"" is """,贫穷,1,2,21.125,22.5,1.375
gemma-2-2b,15,desc,freq,en,zh,富裕,"The opposite of ""富裕"" is """,贫穷,1,1,21.125,20.875,-0.25
gemma-2-2b,15,val,desc,en,zh,富裕,"The opposite of ""富裕"" is """,贫穷,1,18,21.125,21.625,0.5
gemma-2-2b,15,val,val,en,zh,富裕,"The opposite of ""富裕"" is """,贫穷,1,21,21.125,21.75,0.625
gemma-2-2b,15,val,freq,en,zh,富裕,"The opposite of ""富裕"" is """,贫穷,1,10,21.125,19.875,-1.25
gemma-2-2b,15,freq,desc,en,zh,富裕,"The opposite of ""富裕"" is """,贫穷,1,5,21.125,20.75,-0.375
gemma-2-2b,15,freq,val,en,zh,富裕,"The opposite of ""富裕"" is """,贫穷,1,8,21.125,21.25,0.125
gemma-2-2b,15,freq,freq,en,zh,富裕,"The opposite of ""富裕"" is """,贫穷,1,6,21.125,21.0,-0.125
gemma-2-2b,16,desc,desc,en,zh,美,"The opposite of ""美"" is """,丑,1,2,20.125,21.5,1.375
gemma-2-2b,16,desc,val,en,zh,美,"The opposite of ""美"" is """,丑,1,3,20.125,22.375,2.25
gemma-2-2b,16,desc,freq,en,zh,美,"The opposite of ""美"" is """,丑,1,2,20.125,19.5,-0.625
gemma-2-2b,16,val,desc,en,zh,美,"The opposite of ""美"" is """,丑,1,5,20.125,24.125,4.0
gemma-2-2b,16,val,val,en,zh,美,"The opposite of ""美"" is """,丑,1,6,20.125,23.875,3.75
gemma-2-2b,16,val,freq,en,zh,美,"The opposite of ""美"" is """,丑,1,6,20.125,19.875,-0.25
gemma-2-2b,16,freq,desc,en,zh,美,"The opposite of ""美"" is """,丑,1,2,20.125,21.0,0.875
gemma-2-2b,16,freq,val,en,zh,美,"The opposite of ""美"" is """,丑,1,3,20.125,21.25,1.125
gemma-2-2b,16,freq,freq,en,zh,美,"The opposite of ""美"" is """,丑,1,1,20.125,21.375,1.25
gemma-2-2b,17,desc,desc,en,zh,长,"The opposite of ""长"" is """,短,0,1,21.375,23.5,2.125
gemma-2-2b,17,desc,val,en,zh,长,"The opposite of ""长"" is """,短,0,1,21.375,23.5,2.125
gemma-2-2b,17,desc,freq,en,zh,长,"The opposite of ""长"" is """,短,0,0,21.375,21.0,-0.375
gemma-2-2b,17,val,desc,en,zh,长,"The opposite of ""长"" is """,短,0,0,21.375,24.75,3.375
gemma-2-2b,17,val,val,en,zh,长,"The opposite of ""长"" is """,短,0,1,21.375,24.375,3.0
gemma-2-2b,17,val,freq,en,zh,长,"The opposite of ""长"" is """,短,0,0,21.375,22.125,0.75
gemma-2-2b,17,freq,desc,en,zh,长,"The opposite of ""长"" is """,短,0,1,21.375,23.5,2.125
gemma-2-2b,17,freq,val,en,zh,长,"The opposite of ""长"" is """,短,0,1,21.375,23.125,1.75
gemma-2-2b,17,freq,freq,en,zh,长,"The opposite of ""长"" is """,短,0,1,21.375,23.5,2.125
gemma-2-2b,18,desc,desc,en,zh,宽,"The opposite of ""宽"" is """,窄,0,1,19.125,21.125,2.0
gemma-2-2b,18,desc,val,en,zh,宽,"The opposite of ""宽"" is """,窄,0,2,19.125,21.375,2.25
gemma-2-2b,18,desc,freq,en,zh,宽,"The opposite of ""宽"" is """,窄,0,5,19.125,15.375,-3.75
gemma-2-2b,18,val,desc,en,zh,宽,"The opposite of ""宽"" is """,窄,0,4,19.125,23.0,3.875
gemma-2-2b,18,val,val,en,zh,宽,"The opposite of ""宽"" is """,窄,0,5,19.125,22.625,3.5
gemma-2-2b,18,val,freq,en,zh,宽,"The opposite of ""宽"" is """,窄,0,11,19.125,16.625,-2.5
gemma-2-2b,18,freq,desc,en,zh,宽,"The opposite of ""宽"" is """,窄,0,1,19.125,21.875,2.75
gemma-2-2b,18,freq,val,en,zh,宽,"The opposite of ""宽"" is """,窄,0,2,19.125,21.25,2.125
gemma-2-2b,18,freq,freq,en,zh,宽,"The opposite of ""宽"" is """,窄,0,2,19.125,22.0,2.875
gemma-2-2b,19,desc,desc,en,zh,硬,"The opposite of ""硬"" is """,软,1,3,18.25,19.625,1.375
gemma-2-2b,19,desc,val,en,zh,硬,"The opposite of ""硬"" is """,软,1,4,18.25,19.625,1.375
gemma-2-2b,19,desc,freq,en,zh,硬,"The opposite of ""硬"" is """,软,1,0,18.25,17.875,-0.375
gemma-2-2b,19,val,desc,en,zh,硬,"The opposite of ""硬"" is """,软,1,12,18.25,19.375,1.125
gemma-2-2b,19,val,val,en,zh,硬,"The opposite of ""硬"" is """,软,1,16,18.25,20.0,1.75
gemma-2-2b,19,val,freq,en,zh,硬,"The opposite of ""硬"" is """,软,1,4,18.25,17.375,-0.875
gemma-2-2b,19,freq,desc,en,zh,硬,"The opposite of ""硬"" is """,软,1,2,18.25,19.875,1.625
gemma-2-2b,19,freq,val,en,zh,硬,"The opposite of ""硬"" is """,软,1,3,18.25,19.375,1.125
gemma-2-2b,19,freq,freq,en,zh,硬,"The opposite of ""硬"" is """,软,1,3,18.25,20.125,1.875
gemma-2-2b,20,desc,desc,en,zh,干,"The opposite of ""干"" is """,湿,0,3,20.375,22.25,1.875
gemma-2-2b,20,desc,val,en,zh,干,"The opposite of ""干"" is """,湿,0,3,20.375,21.75,1.375
gemma-2-2b,20,desc,freq,en,zh,干,"The opposite of ""干"" is """,湿,0,0,20.375,18.75,-1.625
gemma-2-2b,20,val,desc,en,zh,干,"The opposite of ""干"" is """,湿,0,5,20.375,22.5,2.125
gemma-2-2b,20,val,val,en,zh,干,"The opposite of ""干"" is """,湿,0,9,20.375,22.25,1.875
gemma-2-2b,20,val,freq,en,zh,干,"The opposite of ""干"" is """,湿,0,21,20.375,17.75,-2.625
gemma-2-2b,20,freq,desc,en,zh,干,"The opposite of ""干"" is """,湿,0,2,20.375,21.5,1.125
gemma-2-2b,20,freq,val,en,zh,干,"The opposite of ""干"" is """,湿,0,4,20.375,21.0,0.625
gemma-2-2b,20,freq,freq,en,zh,干,"The opposite of ""干"" is """,湿,0,3,20.375,21.875,1.5
gemma-2-2b,21,desc,desc,en,zh,大声,"The opposite of ""大声"" is """,小声,0,1,18.875,20.0,1.125
gemma-2-2b,21,desc,val,en,zh,大声,"The opposite of ""大声"" is """,小声,0,1,18.875,20.875,2.0
gemma-2-2b,21,desc,freq,en,zh,大声,"The opposite of ""大声"" is """,小声,0,4,18.875,18.375,-0.5
gemma-2-2b,21,val,desc,en,zh,大声,"The opposite of ""大声"" is """,小声,0,23,18.875,21.0,2.125
gemma-2-2b,21,val,val,en,zh,大声,"The opposite of ""大声"" is """,小声,0,14,18.875,21.5,2.625
gemma-2-2b,21,val,freq,en,zh,大声,"The opposite of ""大声"" is """,小声,0,30,18.875,18.125,-0.75
gemma-2-2b,21,freq,desc,en,zh,大声,"The opposite of ""大声"" is """,小声,0,2,18.875,20.0,1.125
gemma-2-2b,21,freq,val,en,zh,大声,"The opposite of ""大声"" is """,小声,0,1,18.875,20.125,1.25
gemma-2-2b,21,freq,freq,en,zh,大声,"The opposite of ""大声"" is """,小声,0,2,18.875,20.0,1.125
gemma-2-2b,22,desc,desc,en,zh,早,"The opposite of ""早"" is """,晚,0,0,20.5,22.25,1.75
gemma-2-2b,22,desc,val,en,zh,早,"The opposite of ""早"" is """,晚,0,0,20.5,22.5,2.0
gemma-2-2b,22,desc,freq,en,zh,早,"The opposite of ""早"" is """,晚,0,0,20.5,21.75,1.25
gemma-2-2b,22,val,desc,en,zh,早,"The opposite of ""早"" is """,晚,0,0,20.5,24.625,4.125
gemma-2-2b,22,val,val,en,zh,早,"The opposite of ""早"" is """,晚,0,3,20.5,24.125,3.625
gemma-2-2b,22,val,freq,en,zh,早,"The opposite of ""早"" is """,晚,0,0,20.5,23.625,3.125
gemma-2-2b,22,freq,desc,en,zh,早,"The opposite of ""早"" is """,晚,0,1,20.5,21.5,1.0
gemma-2-2b,22,freq,val,en,zh,早,"The opposite of ""早"" is """,晚,0,1,20.5,21.875,1.375
gemma-2-2b,22,freq,freq,en,zh,早,"The opposite of ""早"" is """,晚,0,0,20.5,21.375,0.875
gemma-2-2b,23,desc,desc,en,zh,近,"The opposite of ""近"" is """,远,1,3,21.125,22.125,1.0
gemma-2-2b,23,desc,val,en,zh,近,"The opposite of ""近"" is """,远,1,3,21.125,23.125,2.0
gemma-2-2b,23,desc,freq,en,zh,近,"The opposite of ""近"" is """,远,1,0,21.125,21.125,0.0
gemma-2-2b,23,val,desc,en,zh,近,"The opposite of ""近"" is """,远,1,5,21.125,24.875,3.75
gemma-2-2b,23,val,val,en,zh,近,"The opposite of ""近"" is """,远,1,4,21.125,24.5,3.375
gemma-2-2b,23,val,freq,en,zh,近,"The opposite of ""近"" is """,远,1,2,21.125,23.125,2.0
gemma-2-2b,23,freq,desc,en,zh,近,"The opposite of ""近"" is """,远,1,3,21.125,21.875,0.75
gemma-2-2b,23,freq,val,en,zh,近,"The opposite of ""近"" is """,远,1,3,21.125,22.875,1.75
gemma-2-2b,23,freq,freq,en,zh,近,"The opposite of ""近"" is """,远,1,3,21.125,21.875,0.75
gemma-2-2b,24,desc,desc,en,zh,深,"The opposite of ""深"" is """,浅,0,1,22.875,24.625,1.75
gemma-2-2b,24,desc,val,en,zh,深,"The opposite of ""深"" is """,浅,0,1,22.875,24.75,1.875
gemma-2-2b,24,desc,freq,en,zh,深,"The opposite of ""深"" is """,浅,0,0,22.875,22.375,-0.5
gemma-2-2b,24,val,desc,en,zh,深,"The opposite of ""深"" is """,浅,0,2,22.875,25.75,2.875
gemma-2-2b,24,val,val,en,zh,深,"The opposite of ""深"" is """,浅,0,2,22.875,26.0,3.125
gemma-2-2b,24,val,freq,en,zh,深,"The opposite of ""深"" is """,浅,0,1,22.875,22.625,-0.25
gemma-2-2b,24,freq,desc,en,zh,深,"The opposite of ""深"" is """,浅,0,1,22.875,24.5,1.625
gemma-2-2b,24,freq,val,en,zh,深,"The opposite of ""深"" is """,浅,0,2,22.875,24.375,1.5
gemma-2-2b,24,freq,freq,en,zh,深,"The opposite of ""深"" is """,浅,0,1,22.875,24.5,1.625
gemma-2-2b,25,desc,desc,en,zh,坏,"The opposite of ""坏"" is """,好,0,1,21.125,22.75,1.625
gemma-2-2b,25,desc,val,en,zh,坏,"The opposite of ""坏"" is """,好,0,1,21.125,22.25,1.125
gemma-2-2b,25,desc,freq,en,zh,坏,"The opposite of ""坏"" is """,好,0,2,21.125,17.75,-3.375
gemma-2-2b,25,val,desc,en,zh,坏,"The opposite of ""坏"" is """,好,0,1,21.125,23.125,2.0
gemma-2-2b,25,val,val,en,zh,坏,"The opposite of ""坏"" is """,好,0,2,21.125,23.125,2.0
gemma-2-2b,25,val,freq,en,zh,坏,"The opposite of ""坏"" is """,好,0,9,21.125,17.5,-3.625
gemma-2-2b,25,freq,desc,en,zh,坏,"The opposite of ""坏"" is """,好,0,2,21.125,22.875,1.75
gemma-2-2b,25,freq,val,en,zh,坏,"The opposite of ""坏"" is """,好,0,2,21.125,21.75,0.625
gemma-2-2b,25,freq,freq,en,zh,坏,"The opposite of ""坏"" is """,好,0,2,21.125,22.625,1.5
gemma-2-2b,26,desc,desc,en,zh,难过,"The opposite of ""难过"" is """,开心,1,2,18.75,20.25,1.5
gemma-2-2b,26,desc,val,en,zh,难过,"The opposite of ""难过"" is """,开心,1,4,18.75,20.0,1.25
gemma-2-2b,26,desc,freq,en,zh,难过,"The opposite of ""难过"" is """,开心,1,0,18.75,17.875,-0.875
gemma-2-2b,26,val,desc,en,zh,难过,"The opposite of ""难过"" is """,开心,1,59,18.75,18.25,-0.5
gemma-2-2b,26,val,val,en,zh,难过,"The opposite of ""难过"" is """,开心,1,64,18.75,19.0,0.25
gemma-2-2b,26,val,freq,en,zh,难过,"The opposite of ""难过"" is """,开心,1,36,18.75,15.5625,-3.1875
gemma-2-2b,26,freq,desc,en,zh,难过,"The opposite of ""难过"" is """,开心,1,15,18.75,19.75,1.0
gemma-2-2b,26,freq,val,en,zh,难过,"The opposite of ""难过"" is """,开心,1,27,18.75,18.5,-0.25
gemma-2-2b,26,freq,freq,en,zh,难过,"The opposite of ""难过"" is """,开心,1,14,18.75,20.0,1.25
gemma-2-2b,27,desc,desc,en,zh,小,"The opposite of ""小"" is """,大,0,0,22.125,24.125,2.0
gemma-2-2b,27,desc,val,en,zh,小,"The opposite of ""小"" is """,大,0,0,22.125,24.625,2.5
gemma-2-2b,27,desc,freq,en,zh,小,"The opposite of ""小"" is """,大,0,0,22.125,20.75,-1.375
gemma-2-2b,27,val,desc,en,zh,小,"The opposite of ""小"" is """,大,0,0,22.125,25.625,3.5
gemma-2-2b,27,val,val,en,zh,小,"The opposite of ""小"" is """,大,0,0,22.125,25.5,3.375
gemma-2-2b,27,val,freq,en,zh,小,"The opposite of ""小"" is """,大,0,0,22.125,21.875,-0.25
gemma-2-2b,27,freq,desc,en,zh,小,"The opposite of ""小"" is """,大,0,0,22.125,23.625,1.5
gemma-2-2b,27,freq,val,en,zh,小,"The opposite of ""小"" is """,大,0,0,22.125,24.0,1.875
gemma-2-2b,27,freq,freq,en,zh,小,"The opposite of ""小"" is """,大,0,0,22.125,23.625,1.5
gemma-2-2b,28,desc,desc,en,zh,冷,"The opposite of ""冷"" is """,热,0,3,19.375,20.875,1.5
gemma-2-2b,28,desc,val,en,zh,冷,"The opposite of ""冷"" is """,热,0,4,19.375,21.25,1.875
gemma-2-2b,28,desc,freq,en,zh,冷,"The opposite of ""冷"" is """,热,0,0,19.375,18.125,-1.25
gemma-2-2b,28,val,desc,en,zh,冷,"The opposite of ""冷"" is """,热,0,6,19.375,22.0,2.625
gemma-2-2b,28,val,val,en,zh,冷,"The opposite of ""冷"" is """,热,0,5,19.375,22.125,2.75
gemma-2-2b,28,val,freq,en,zh,冷,"The opposite of ""冷"" is """,热,0,3,19.375,18.875,-0.5
gemma-2-2b,28,freq,desc,en,zh,冷,"The opposite of ""冷"" is """,热,0,3,19.375,21.875,2.5
gemma-2-2b,28,freq,val,en,zh,冷,"The opposite of ""冷"" is """,热,0,3,19.375,22.0,2.625
gemma-2-2b,28,freq,freq,en,zh,冷,"The opposite of ""冷"" is """,热,0,4,19.375,21.75,2.375
gemma-2-2b,29,desc,desc,en,zh,慢,"The opposite of ""慢"" is """,快,0,0,21.125,23.125,2.0
gemma-2-2b,29,desc,val,en,zh,慢,"The opposite of ""慢"" is """,快,0,0,21.125,22.875,1.75
gemma-2-2b,29,desc,freq,en,zh,慢,"The opposite of ""慢"" is """,快,0,1,21.125,20.25,-0.875
gemma-2-2b,29,val,desc,en,zh,慢,"The opposite of ""慢"" is """,快,0,0,21.125,24.25,3.125
gemma-2-2b,29,val,val,en,zh,慢,"The opposite of ""慢"" is """,快,0,2,21.125,24.0,2.875
gemma-2-2b,29,val,freq,en,zh,慢,"The opposite of ""慢"" is """,快,0,1,21.125,21.75,0.625
gemma-2-2b,29,freq,desc,en,zh,慢,"The opposite of ""慢"" is """,快,0,0,21.125,22.5,1.375
gemma-2-2b,29,freq,val,en,zh,慢,"The opposite of ""慢"" is """,快,0,0,21.125,22.125,1.0
gemma-2-2b,29,freq,freq,en,zh,慢,"The opposite of ""慢"" is """,快,0,1,21.125,22.625,1.5
gemma-2-2b,30,desc,desc,en,zh,重,"The opposite of ""重"" is """,轻,0,1,21.375,22.25,0.875
gemma-2-2b,30,desc,val,en,zh,重,"The opposite of ""重"" is """,轻,0,1,21.375,23.5,2.125
gemma-2-2b,30,desc,freq,en,zh,重,"The opposite of ""重"" is """,轻,0,0,21.375,21.5,0.125
gemma-2-2b,30,val,desc,en,zh,重,"The opposite of ""重"" is """,轻,0,0,21.375,24.875,3.5
gemma-2-2b,30,val,val,en,zh,重,"The opposite of ""重"" is """,轻,0,0,21.375,24.75,3.375
gemma-2-2b,30,val,freq,en,zh,重,"The opposite of ""重"" is """,轻,0,0,21.375,22.5,1.125
gemma-2-2b,30,freq,desc,en,zh,重,"The opposite of ""重"" is """,轻,0,1,21.375,22.5,1.125
gemma-2-2b,30,freq,val,en,zh,重,"The opposite of ""重"" is """,轻,0,0,21.375,23.25,1.875
gemma-2-2b,30,freq,freq,en,zh,重,"The opposite of ""重"" is """,轻,0,1,21.375,22.625,1.25
gemma-2-2b,31,desc,desc,en,zh,难,"The opposite of ""难"" is """,易,0,0,21.0,21.5,0.5
gemma-2-2b,31,desc,val,en,zh,难,"The opposite of ""难"" is """,易,0,0,21.0,22.5,1.5
gemma-2-2b,31,desc,freq,en,zh,难,"The opposite of ""难"" is """,易,0,0,21.0,17.75,-3.25
gemma-2-2b,31,val,desc,en,zh,难,"The opposite of ""难"" is """,易,0,0,21.0,23.0,2.0
gemma-2-2b,31,val,val,en,zh,难,"The opposite of ""难"" is """,易,0,1,21.0,23.125,2.125
gemma-2-2b,31,val,freq,en,zh,难,"The opposite of ""难"" is """,易,0,0,21.0,18.125,-2.875
gemma-2-2b,31,freq,desc,en,zh,难,"The opposite of ""难"" is """,易,0,0,21.0,22.875,1.875
gemma-2-2b,31,freq,val,en,zh,难,"The opposite of ""难"" is """,易,0,1,21.0,23.125,2.125
gemma-2-2b,31,freq,freq,en,zh,难,"The opposite of ""难"" is """,易,0,1,21.0,23.125,2.125
gemma-2-2b,32,desc,desc,en,zh,旧,"The opposite of ""旧"" is """,新,0,0,21.625,23.125,1.5
gemma-2-2b,32,desc,val,en,zh,旧,"The opposite of ""旧"" is """,新,0,0,21.625,23.5,1.875
gemma-2-2b,32,desc,freq,en,zh,旧,"The opposite of ""旧"" is """,新,0,0,21.625,21.5,-0.125
gemma-2-2b,32,val,desc,en,zh,旧,"The opposite of ""旧"" is """,新,0,0,21.625,25.75,4.125
gemma-2-2b,32,val,val,en,zh,旧,"The opposite of ""旧"" is """,新,0,0,21.625,25.25,3.625
gemma-2-2b,32,val,freq,en,zh,旧,"The opposite of ""旧"" is """,新,0,0,21.625,23.875,2.25
gemma-2-2b,32,freq,desc,en,zh,旧,"The opposite of ""旧"" is """,新,0,0,21.625,22.375,0.75
gemma-2-2b,32,freq,val,en,zh,旧,"The opposite of ""旧"" is """,新,0,0,21.625,22.75,1.125
gemma-2-2b,32,freq,freq,en,zh,旧,"The opposite of ""旧"" is """,新,0,0,21.625,22.375,0.75
gemma-2-2b,33,desc,desc,en,zh,假,"The opposite of ""假"" is """,真,0,0,20.875,22.5,1.625
gemma-2-2b,33,desc,val,en,zh,假,"The opposite of ""假"" is """,真,0,0,20.875,23.0,2.125
gemma-2-2b,33,desc,freq,en,zh,假,"The opposite of ""假"" is """,真,0,0,20.875,18.875,-2.0
gemma-2-2b,33,val,desc,en,zh,假,"The opposite of ""假"" is """,真,0,0,20.875,24.625,3.75
gemma-2-2b,33,val,val,en,zh,假,"The opposite of ""假"" is """,真,0,0,20.875,24.625,3.75
gemma-2-2b,33,val,freq,en,zh,假,"The opposite of ""假"" is """,真,0,0,20.875,20.375,-0.5
gemma-2-2b,33,freq,desc,en,zh,假,"The opposite of ""假"" is """,真,0,0,20.875,23.125,2.25
gemma-2-2b,33,freq,val,en,zh,假,"The opposite of ""假"" is """,真,0,0,20.875,23.125,2.25
gemma-2-2b,33,freq,freq,en,zh,假,"The opposite of ""假"" is """,真,0,0,20.875,23.5,2.625
gemma-2-2b,34,desc,desc,en,zh,死,"The opposite of ""死"" is """,生,0,0,21.625,23.5,1.875
gemma-2-2b,34,desc,val,en,zh,死,"The opposite of ""死"" is """,生,0,0,21.625,23.5,1.875
gemma-2-2b,34,desc,freq,en,zh,死,"The opposite of ""死"" is """,生,0,0,21.625,22.5,0.875
gemma-2-2b,34,val,desc,en,zh,死,"The opposite of ""死"" is """,生,0,0,21.625,25.125,3.5
gemma-2-2b,34,val,val,en,zh,死,"The opposite of ""死"" is """,生,0,0,21.625,25.5,3.875
gemma-2-2b,34,val,freq,en,zh,死,"The opposite of ""死"" is """,生,0,0,21.625,24.5,2.875
gemma-2-2b,34,freq,desc,en,zh,死,"The opposite of ""死"" is """,生,0,0,21.625,23.25,1.625
gemma-2-2b,34,freq,val,en,zh,死,"The opposite of ""死"" is """,生,0,0,21.625,23.625,2.0
gemma-2-2b,34,freq,freq,en,zh,死,"The opposite of ""死"" is """,生,0,0,21.625,23.25,1.625
gemma-2-2b,35,desc,desc,en,zh,空,"The opposite of ""空"" is """,满,9,25,19.5,19.5,0.0
gemma-2-2b,35,desc,val,en,zh,空,"The opposite of ""空"" is """,满,9,20,19.5,20.5,1.0
gemma-2-2b,35,desc,freq,en,zh,空,"The opposite of ""空"" is """,满,9,55,19.5,16.375,-3.125
gemma-2-2b,35,val,desc,en,zh,空,"The opposite of ""空"" is """,满,9,52,19.5,21.375,1.875
gemma-2-2b,35,val,val,en,zh,空,"The opposite of ""空"" is """,满,9,48,19.5,21.875,2.375
gemma-2-2b,35,val,freq,en,zh,空,"The opposite of ""空"" is """,满,9,113,19.5,17.125,-2.375
gemma-2-2b,35,freq,desc,en,zh,空,"The opposite of ""空"" is """,满,9,11,19.5,19.625,0.125
gemma-2-2b,35,freq,val,en,zh,空,"The opposite of ""空"" is """,满,9,11,19.5,20.625,1.125
gemma-2-2b,35,freq,freq,en,zh,空,"The opposite of ""空"" is """,满,9,11,19.5,19.5,0.0
gemma-2-2b,36,desc,desc,en,zh,暗,"The opposite of ""暗"" is """,光明,1,7,17.5,19.875,2.375
gemma-2-2b,36,desc,val,en,zh,暗,"The opposite of ""暗"" is """,光明,1,7,17.5,20.5,3.0
gemma-2-2b,36,desc,freq,en,zh,暗,"The opposite of ""暗"" is """,光明,1,2,17.5,15.5625,-1.9375
gemma-2-2b,36,val,desc,en,zh,暗,"The opposite of ""暗"" is """,光明,1,8,17.5,20.875,3.375
gemma-2-2b,36,val,val,en,zh,暗,"The opposite of ""暗"" is """,光明,1,9,17.5,20.875,3.375
gemma-2-2b,36,val,freq,en,zh,暗,"The opposite of ""暗"" is """,光明,1,4,17.5,15.375,-2.125
gemma-2-2b,36,freq,desc,en,zh,暗,"The opposite of ""暗"" is """,光明,1,7,17.5,18.875,1.375
gemma-2-2b,36,freq,val,en,zh,暗,"The opposite of ""暗"" is """,光明,1,8,17.5,18.875,1.375
gemma-2-2b,36,freq,freq,en,zh,暗,"The opposite of ""暗"" is """,光明,1,7,17.5,19.25,1.75
gemma-2-2b,37,desc,desc,en,zh,弱,"The opposite of ""弱"" is """,强,0,3,21.0,22.25,1.25
gemma-2-2b,37,desc,val,en,zh,弱,"The opposite of ""弱"" is """,强,0,3,21.0,22.875,1.875
gemma-2-2b,37,desc,freq,en,zh,弱,"The opposite of ""弱"" is """,强,0,1,21.0,19.125,-1.875
gemma-2-2b,37,val,desc,en,zh,弱,"The opposite of ""弱"" is """,强,0,5,21.0,24.875,3.875
gemma-2-2b,37,val,val,en,zh,弱,"The opposite of ""弱"" is """,强,0,5,21.0,24.375,3.375
gemma-2-2b,37,val,freq,en,zh,弱,"The opposite of ""弱"" is """,强,0,4,21.0,20.75,-0.25
gemma-2-2b,37,freq,desc,en,zh,弱,"The opposite of ""弱"" is """,强,0,3,21.0,22.0,1.0
gemma-2-2b,37,freq,val,en,zh,弱,"The opposite of ""弱"" is """,强,0,3,21.0,22.0,1.0
gemma-2-2b,37,freq,freq,en,zh,弱,"The opposite of ""弱"" is """,强,0,4,21.0,21.625,0.625
gemma-2-2b,38,desc,desc,en,zh,脏,"The opposite of ""脏"" is """,干净,0,3,17.75,19.875,2.125
gemma-2-2b,38,desc,val,en,zh,脏,"The opposite of ""脏"" is """,干净,0,3,17.75,20.75,3.0
gemma-2-2b,38,desc,freq,en,zh,脏,"The opposite of ""脏"" is """,干净,0,3,17.75,14.875,-2.875
gemma-2-2b,38,val,desc,en,zh,脏,"The opposite of ""脏"" is """,干净,0,48,17.75,17.5,-0.25
gemma-2-2b,38,val,val,en,zh,脏,"The opposite of ""脏"" is """,干净,0,29,17.75,19.75,2.0
gemma-2-2b,38,val,freq,en,zh,脏,"The opposite of ""脏"" is """,干净,0,103,17.75,11.0625,-6.6875
gemma-2-2b,38,freq,desc,en,zh,脏,"The opposite of ""脏"" is """,干净,0,5,17.75,20.375,2.625
gemma-2-2b,38,freq,val,en,zh,脏,"The opposite of ""脏"" is """,干净,0,4,17.75,19.875,2.125
gemma-2-2b,38,freq,freq,en,zh,脏,"The opposite of ""脏"" is """,干净,0,5,17.75,20.375,2.625
gemma-2-2b,39,desc,desc,en,zh,关,"The opposite of ""关"" is """,开,0,0,20.875,23.125,2.25
gemma-2-2b,39,desc,val,en,zh,关,"The opposite of ""关"" is """,开,0,0,20.875,22.5,1.625
gemma-2-2b,39,desc,freq,en,zh,关,"The opposite of ""关"" is """,开,0,0,20.875,18.25,-2.625
gemma-2-2b,39,val,desc,en,zh,关,"The opposite of ""关"" is """,开,0,0,20.875,23.25,2.375
gemma-2-2b,39,val,val,en,zh,关,"The opposite of ""关"" is """,开,0,2,20.875,23.875,3.0
gemma-2-2b,39,val,freq,en,zh,关,"The opposite of ""关"" is """,开,0,2,20.875,18.75,-2.125
gemma-2-2b,39,freq,desc,en,zh,关,"The opposite of ""关"" is """,开,0,0,20.875,23.25,2.375
gemma-2-2b,39,freq,val,en,zh,关,"The opposite of ""关"" is """,开,0,0,20.875,23.375,2.5
gemma-2-2b,39,freq,freq,en,zh,关,"The opposite of ""关"" is """,开,0,0,20.875,23.625,2.75
gemma-2-2b,40,desc,desc,en,zh,贫穷,"The opposite of ""贫穷"" is """,富裕,0,0,20.5,22.875,2.375
gemma-2-2b,40,desc,val,en,zh,贫穷,"The opposite of ""贫穷"" is """,富裕,0,0,20.5,22.75,2.25
gemma-2-2b,40,desc,freq,en,zh,贫穷,"The opposite of ""贫穷"" is """,富裕,0,0,20.5,21.375,0.875
gemma-2-2b,40,val,desc,en,zh,贫穷,"The opposite of ""贫穷"" is """,富裕,0,0,20.5,24.875,4.375
gemma-2-2b,40,val,val,en,zh,贫穷,"The opposite of ""贫穷"" is """,富裕,0,0,20.5,24.75,4.25
gemma-2-2b,40,val,freq,en,zh,贫穷,"The opposite of ""贫穷"" is """,富裕,0,0,20.5,23.125,2.625
gemma-2-2b,40,freq,desc,en,zh,贫穷,"The opposite of ""贫穷"" is """,富裕,0,0,20.5,23.5,3.0
gemma-2-2b,40,freq,val,en,zh,贫穷,"The opposite of ""贫穷"" is """,富裕,0,1,20.5,23.125,2.625
gemma-2-2b,40,freq,freq,en,zh,贫穷,"The opposite of ""贫穷"" is """,富裕,0,0,20.5,23.875,3.375
gemma-2-2b,41,desc,desc,en,zh,丑,"The opposite of ""丑"" is """,美,0,0,16.25,20.25,4.0
gemma-2-2b,41,desc,val,en,zh,丑,"The opposite of ""丑"" is """,美,0,0,16.25,20.0,3.75
gemma-2-2b,41,desc,freq,en,zh,丑,"The opposite of ""丑"" is """,美,0,0,16.25,15.9375,-0.3125
gemma-2-2b,41,val,desc,en,zh,丑,"The opposite of ""丑"" is """,美,0,1,16.25,22.375,6.125
gemma-2-2b,41,val,val,en,zh,丑,"The opposite of ""丑"" is """,美,0,4,16.25,21.625,5.375
gemma-2-2b,41,val,freq,en,zh,丑,"The opposite of ""丑"" is """,美,0,1,16.25,16.875,0.625
gemma-2-2b,41,freq,desc,en,zh,丑,"The opposite of ""丑"" is """,美,0,2,16.25,19.5,3.25
gemma-2-2b,41,freq,val,en,zh,丑,"The opposite of ""丑"" is """,美,0,1,16.25,18.875,2.625
gemma-2-2b,41,freq,freq,en,zh,丑,"The opposite of ""丑"" is """,美,0,1,16.25,19.75,3.5
gemma-2-2b,42,desc,desc,en,zh,短,"The opposite of ""短"" is """,长,1,2,21.625,23.125,1.5
gemma-2-2b,42,desc,val,en,zh,短,"The opposite of ""短"" is """,长,1,1,21.625,23.875,2.25
gemma-2-2b,42,desc,freq,en,zh,短,"The opposite of ""短"" is """,长,1,0,21.625,22.75,1.125
gemma-2-2b,42,val,desc,en,zh,短,"The opposite of ""短"" is """,长,1,1,21.625,25.25,3.625
gemma-2-2b,42,val,val,en,zh,短,"The opposite of ""短"" is """,长,1,2,21.625,24.75,3.125
gemma-2-2b,42,val,freq,en,zh,短,"The opposite of ""短"" is """,长,1,0,21.625,24.0,2.375
gemma-2-2b,42,freq,desc,en,zh,短,"The opposite of ""短"" is """,长,1,1,21.625,22.75,1.125
gemma-2-2b,42,freq,val,en,zh,短,"The opposite of ""短"" is """,长,1,1,21.625,22.875,1.25
gemma-2-2b,42,freq,freq,en,zh,短,"The opposite of ""短"" is """,长,1,2,21.625,22.375,0.75
gemma-2-2b,43,desc,desc,en,zh,窄,"The opposite of ""窄"" is """,宽,0,0,20.125,22.375,2.25
gemma-2-2b,43,desc,val,en,zh,窄,"The opposite of ""窄"" is """,宽,0,1,20.125,22.625,2.5
gemma-2-2b,43,desc,freq,en,zh,窄,"The opposite of ""窄"" is """,宽,0,0,20.125,18.875,-1.25
gemma-2-2b,43,val,desc,en,zh,窄,"The opposite of ""窄"" is """,宽,0,0,20.125,23.125,3.0
gemma-2-2b,43,val,val,en,zh,窄,"The opposite of ""窄"" is """,宽,0,2,20.125,23.375,3.25
gemma-2-2b,43,val,freq,en,zh,窄,"The opposite of ""窄"" is """,宽,0,1,20.125,19.5,-0.625
gemma-2-2b,43,freq,desc,en,zh,窄,"The opposite of ""窄"" is """,宽,0,1,20.125,22.625,2.5
gemma-2-2b,43,freq,val,en,zh,窄,"The opposite of ""窄"" is """,宽,0,1,20.125,22.375,2.25
gemma-2-2b,43,freq,freq,en,zh,窄,"The opposite of ""窄"" is """,宽,0,1,20.125,22.375,2.25
gemma-2-2b,44,desc,desc,en,zh,软,"The opposite of ""软"" is """,硬,0,0,20.375,22.5,2.125
gemma-2-2b,44,desc,val,en,zh,软,"The opposite of ""软"" is """,硬,0,0,20.375,22.125,1.75
gemma-2-2b,44,desc,freq,en,zh,软,"The opposite of ""软"" is """,硬,0,0,20.375,19.125,-1.25
gemma-2-2b,44,val,desc,en,zh,软,"The opposite of ""软"" is """,硬,0,0,20.375,24.0,3.625
gemma-2-2b,44,val,val,en,zh,软,"The opposite of ""软"" is """,硬,0,1,20.375,23.875,3.5
gemma-2-2b,44,val,freq,en,zh,软,"The opposite of ""软"" is """,硬,0,0,20.375,20.25,-0.125
gemma-2-2b,44,freq,desc,en,zh,软,"The opposite of ""软"" is """,硬,0,1,20.375,22.5,2.125
gemma-2-2b,44,freq,val,en,zh,软,"The opposite of ""软"" is """,硬,0,1,20.375,21.625,1.25
gemma-2-2b,44,freq,freq,en,zh,软,"The opposite of ""软"" is """,硬,0,1,20.375,22.5,2.125
gemma-2-2b,45,desc,desc,en,zh,湿,"The opposite of ""湿"" is """,干,1,7,17.875,20.875,3.0
gemma-2-2b,45,desc,val,en,zh,湿,"The opposite of ""湿"" is """,干,1,4,17.875,21.375,3.5
gemma-2-2b,45,desc,freq,en,zh,湿,"The opposite of ""湿"" is """,干,1,1,17.875,18.625,0.75
gemma-2-2b,45,val,desc,en,zh,湿,"The opposite of ""湿"" is """,干,1,6,17.875,22.875,5.0
gemma-2-2b,45,val,val,en,zh,湿,"The opposite of ""湿"" is """,干,1,10,17.875,21.75,3.875
gemma-2-2b,45,val,freq,en,zh,湿,"The opposite of ""湿"" is """,干,1,1,17.875,20.25,2.375
gemma-2-2b,45,freq,desc,en,zh,湿,"The opposite of ""湿"" is """,干,1,6,17.875,20.25,2.375
gemma-2-2b,45,freq,val,en,zh,湿,"The opposite of ""湿"" is """,干,1,8,17.875,19.875,2.0
gemma-2-2b,45,freq,freq,en,zh,湿,"The opposite of ""湿"" is """,干,1,7,17.875,20.625,2.75
gemma-2-2b,46,desc,desc,en,zh,安静,"The opposite of ""安静"" is """,吵闹,1,7,17.375,18.875,1.5
gemma-2-2b,46,desc,val,en,zh,安静,"The opposite of ""安静"" is """,吵闹,1,8,17.375,19.375,2.0
gemma-2-2b,46,desc,freq,en,zh,安静,"The opposite of ""安静"" is """,吵闹,1,33,17.375,14.75,-2.625
gemma-2-2b,46,val,desc,en,zh,安静,"The opposite of ""安静"" is """,吵闹,1,27,17.375,19.125,1.75
gemma-2-2b,46,val,val,en,zh,安静,"The opposite of ""安静"" is """,吵闹,1,31,17.375,19.875,2.5
gemma-2-2b,46,val,freq,en,zh,安静,"The opposite of ""安静"" is """,吵闹,1,93,17.375,14.875,-2.5
gemma-2-2b,46,freq,desc,en,zh,安静,"The opposite of ""安静"" is """,吵闹,1,19,17.375,18.0,0.625
gemma-2-2b,46,freq,val,en,zh,安静,"The opposite of ""安静"" is """,吵闹,1,16,17.375,18.125,0.75
gemma-2-2b,46,freq,freq,en,zh,安静,"The opposite of ""安静"" is """,吵闹,1,13,17.375,18.75,1.375
gemma-2-2b,47,desc,desc,en,zh,晚,"The opposite of ""晚"" is """,早,0,0,20.75,22.625,1.875
gemma-2-2b,47,desc,val,en,zh,晚,"The opposite of ""晚"" is """,早,0,0,20.75,21.5,0.75
gemma-2-2b,47,desc,freq,en,zh,晚,"The opposite of ""晚"" is """,早,0,0,20.75,19.75,-1.0
gemma-2-2b,47,val,desc,en,zh,晚,"The opposite of ""晚"" is """,早,0,0,20.75,23.625,2.875
gemma-2-2b,47,val,val,en,zh,晚,"The opposite of ""晚"" is """,早,0,1,20.75,24.125,3.375
gemma-2-2b,47,val,freq,en,zh,晚,"The opposite of ""晚"" is """,早,0,0,20.75,21.5,0.75
gemma-2-2b,47,freq,desc,en,zh,晚,"The opposite of ""晚"" is """,早,0,0,20.75,22.625,1.875
gemma-2-2b,47,freq,val,en,zh,晚,"The opposite of ""晚"" is """,早,0,0,20.75,22.125,1.375
gemma-2-2b,47,freq,freq,en,zh,晚,"The opposite of ""晚"" is """,早,0,0,20.75,22.5,1.75
gemma-2-2b,48,desc,desc,en,zh,远,"The opposite of ""远"" is """,近,0,1,23.375,24.875,1.5
gemma-2-2b,48,desc,val,en,zh,远,"The opposite of ""远"" is """,近,0,1,23.375,24.75,1.375
gemma-2-2b,48,desc,freq,en,zh,远,"The opposite of ""远"" is """,近,0,0,23.375,22.25,-1.125
gemma-2-2b,48,val,desc,en,zh,远,"The opposite of ""远"" is """,近,0,2,23.375,26.625,3.25
gemma-2-2b,48,val,val,en,zh,远,"The opposite of ""远"" is """,近,0,1,23.375,26.625,3.25
gemma-2-2b,48,val,freq,en,zh,远,"The opposite of ""远"" is """,近,0,0,23.375,24.25,0.875
gemma-2-2b,48,freq,desc,en,zh,远,"The opposite of ""远"" is """,近,0,1,23.375,25.25,1.875
gemma-2-2b,48,freq,val,en,zh,远,"The opposite of ""远"" is """,近,0,1,23.375,25.25,1.875
gemma-2-2b,48,freq,freq,en,zh,远,"The opposite of ""远"" is """,近,0,1,23.375,25.25,1.875
gemma-2-2b,49,desc,desc,en,zh,浅,"The opposite of ""浅"" is """,深,0,0,20.0,22.0,2.0
gemma-2-2b,49,desc,val,en,zh,浅,"The opposite of ""浅"" is """,深,0,0,20.0,22.375,2.375
gemma-2-2b,49,desc,freq,en,zh,浅,"The opposite of ""浅"" is """,深,0,0,20.0,20.875,0.875
gemma-2-2b,49,val,desc,en,zh,浅,"The opposite of ""浅"" is """,深,0,0,20.0,25.0,5.0
gemma-2-2b,49,val,val,en,zh,浅,"The opposite of ""浅"" is """,深,0,0,20.0,24.625,4.625
gemma-2-2b,49,val,freq,en,zh,浅,"The opposite of ""浅"" is """,深,0,0,20.0,22.625,2.625
gemma-2-2b,49,freq,desc,en,zh,浅,"The opposite of ""浅"" is """,深,0,0,20.0,21.75,1.75
gemma-2-2b,49,freq,val,en,zh,浅,"The opposite of ""浅"" is """,深,0,0,20.0,22.0,2.0
gemma-2-2b,49,freq,freq,en,zh,浅,"The opposite of ""浅"" is """,深,0,0,20.0,21.5,1.5
gemma-2-2b,50,desc,desc,en,zh,年轻,"The opposite of ""年轻"" is """,老,0,0,20.875,23.5,2.625
gemma-2-2b,50,desc,val,en,zh,年轻,"The opposite of ""年轻"" is """,老,0,0,20.875,23.125,2.25
gemma-2-2b,50,desc,freq,en,zh,年轻,"The opposite of ""年轻"" is """,老,0,0,20.875,21.5,0.625
gemma-2-2b,50,val,desc,en,zh,年轻,"The opposite of ""年轻"" is """,老,0,0,20.875,24.25,3.375
gemma-2-2b,50,val,val,en,zh,年轻,"The opposite of ""年轻"" is """,老,0,2,20.875,24.25,3.375
gemma-2-2b,50,val,freq,en,zh,年轻,"The opposite of ""年轻"" is """,老,0,0,20.875,23.0,2.125
gemma-2-2b,50,freq,desc,en,zh,年轻,"The opposite of ""年轻"" is """,老,0,0,20.875,23.375,2.5
gemma-2-2b,50,freq,val,en,zh,年轻,"The opposite of ""年轻"" is """,老,0,0,20.875,23.25,2.375
gemma-2-2b,50,freq,freq,en,zh,年轻,"The opposite of ""年轻"" is """,老,0,0,20.875,23.5,2.625
gemma-2-2b,51,desc,desc,en,zh,善良,"The opposite of ""善良"" is """,邪恶,0,2,18.5,20.5,2.0
gemma-2-2b,51,desc,val,en,zh,善良,"The opposite of ""善良"" is """,邪恶,0,3,18.5,20.25,1.75
gemma-2-2b,51,desc,freq,en,zh,善良,"The opposite of ""善良"" is """,邪恶,0,0,18.5,17.75,-0.75
gemma-2-2b,51,val,desc,en,zh,善良,"The opposite of ""善良"" is """,邪恶,0,2,18.5,21.5,3.0
gemma-2-2b,51,val,val,en,zh,善良,"The opposite of ""善良"" is """,邪恶,0,7,18.5,21.875,3.375
gemma-2-2b,51,val,freq,en,zh,善良,"The opposite of ""善良"" is """,邪恶,0,0,18.5,17.75,-0.75
gemma-2-2b,51,freq,desc,en,zh,善良,"The opposite of ""善良"" is """,邪恶,0,2,18.5,20.125,1.625
gemma-2-2b,51,freq,val,en,zh,善良,"The opposite of ""善良"" is """,邪恶,0,2,18.5,19.75,1.25
gemma-2-2b,51,freq,freq,en,zh,善良,"The opposite of ""善良"" is """,邪恶,0,3,18.5,21.0,2.5
gemma-2-2b,52,desc,desc,en,zh,勇敢,"The opposite of ""勇敢"" is """,懦弱,0,2,18.125,20.125,2.0
gemma-2-2b,52,desc,val,en,zh,勇敢,"The opposite of ""勇敢"" is """,懦弱,0,20,18.125,18.75,0.625
gemma-2-2b,52,desc,freq,en,zh,勇敢,"The opposite of ""勇敢"" is """,懦弱,0,5,18.125,17.5,-0.625
gemma-2-2b,52,val,desc,en,zh,勇敢,"The opposite of ""勇敢"" is """,懦弱,0,80,18.125,17.375,-0.75
gemma-2-2b,52,val,val,en,zh,勇敢,"The opposite of ""勇敢"" is """,懦弱,0,76,18.125,18.875,0.75
gemma-2-2b,52,val,freq,en,zh,勇敢,"The opposite of ""勇敢"" is """,懦弱,0,59,18.125,15.6875,-2.4375
gemma-2-2b,52,freq,desc,en,zh,勇敢,"The opposite of ""勇敢"" is """,懦弱,0,11,18.125,19.125,1.0
gemma-2-2b,52,freq,val,en,zh,勇敢,"The opposite of ""勇敢"" is """,懦弱,0,43,18.125,17.875,-0.25
gemma-2-2b,52,freq,freq,en,zh,勇敢,"The opposite of ""勇敢"" is """,懦弱,0,9,18.125,19.875,1.75
gemma-2-2b,53,desc,desc,en,zh,明智,"The opposite of ""明智"" is """,愚蠢,0,0,18.75,20.0,1.25
gemma-2-2b,53,desc,val,en,zh,明智,"The opposite of ""明智"" is """,愚蠢,0,1,18.75,21.0,2.25
gemma-2-2b,53,desc,freq,en,zh,明智,"The opposite of ""明智"" is """,愚蠢,0,0,18.75,19.125,0.375
gemma-2-2b,53,val,desc,en,zh,明智,"The opposite of ""明智"" is """,愚蠢,0,4,18.75,21.25,2.5
gemma-2-2b,53,val,val,en,zh,明智,"The opposite of ""明智"" is """,愚蠢,0,2,18.75,21.875,3.125
gemma-2-2b,53,val,freq,en,zh,明智,"The opposite of ""明智"" is """,愚蠢,0,0,18.75,20.25,1.5
gemma-2-2b,53,freq,desc,en,zh,明智,"The opposite of ""明智"" is """,愚蠢,0,0,18.75,19.25,0.5
gemma-2-2b,53,freq,val,en,zh,明智,"The opposite of ""明智"" is """,愚蠢,0,3,18.75,19.875,1.125
gemma-2-2b,53,freq,freq,en,zh,明智,"The opposite of ""明智"" is """,愚蠢,0,0,18.75,19.75,1.0
gemma-2-2b,54,desc,desc,en,zh,礼貌,"The opposite of ""礼貌"" is """,不礼貌,1,1,19.75,21.25,1.5
gemma-2-2b,54,desc,val,en,zh,礼貌,"The opposite of ""礼貌"" is """,不礼貌,1,0,19.75,22.875,3.125
gemma-2-2b,54,desc,freq,en,zh,礼貌,"The opposite of ""礼貌"" is """,不礼貌,1,0,19.75,20.0,0.25
gemma-2-2b,54,val,desc,en,zh,礼貌,"The opposite of ""礼貌"" is """,不礼貌,1,5,19.75,23.875,4.125
gemma-2-2b,54,val,val,en,zh,礼貌,"The opposite of ""礼貌"" is """,不礼貌,1,4,19.75,24.125,4.375
gemma-2-2b,54,val,freq,en,zh,礼貌,"The opposite of ""礼貌"" is """,不礼貌,1,2,19.75,21.875,2.125
gemma-2-2b,54,freq,desc,en,zh,礼貌,"The opposite of ""礼貌"" is """,不礼貌,1,0,19.75,21.125,1.375
gemma-2-2b,54,freq,val,en,zh,礼貌,"The opposite of ""礼貌"" is """,不礼貌,1,0,19.75,22.25,2.5
gemma-2-2b,54,freq,freq,en,zh,礼貌,"The opposite of ""礼貌"" is """,不礼貌,1,1,19.75,20.75,1.0
gemma-2-2b,55,desc,desc,en,zh,耐心,"The opposite of ""耐心"" is """,不耐烦,2,3,17.5,20.125,2.625
gemma-2-2b,55,desc,val,en,zh,耐心,"The opposite of ""耐心"" is """,不耐烦,2,3,17.5,21.625,4.125
gemma-2-2b,55,desc,freq,en,zh,耐心,"The opposite of ""耐心"" is """,不耐烦,2,1,17.5,19.5,2.0
gemma-2-2b,55,val,desc,en,zh,耐心,"The opposite of ""耐心"" is """,不耐烦,2,9,17.5,22.875,5.375
gemma-2-2b,55,val,val,en,zh,耐心,"The opposite of ""耐心"" is """,不耐烦,2,8,17.5,23.25,5.75
gemma-2-2b,55,val,freq,en,zh,耐心,"The opposite of ""耐心"" is """,不耐烦,2,4,17.5,21.0,3.5
gemma-2-2b,55,freq,desc,en,zh,耐心,"The opposite of ""耐心"" is """,不耐烦,2,2,17.5,20.25,2.75
gemma-2-2b,55,freq,val,en,zh,耐心,"The opposite of ""耐心"" is """,不耐烦,2,3,17.5,21.5,4.0
gemma-2-2b,55,freq,freq,en,zh,耐心,"The opposite of ""耐心"" is """,不耐烦,2,3,17.5,20.0,2.5
gemma-2-2b,56,desc,desc,en,zh,诚实,"The opposite of ""诚实"" is """,不诚实,0,1,17.75,21.125,3.375
gemma-2-2b,56,desc,val,en,zh,诚实,"The opposite of ""诚实"" is """,不诚实,0,0,17.75,21.5,3.75
gemma-2-2b,56,desc,freq,en,zh,诚实,"The opposite of ""诚实"" is """,不诚实,0,0,17.75,20.25,2.5
gemma-2-2b,56,val,desc,en,zh,诚实,"The opposite of ""诚实"" is """,不诚实,0,0,17.75,22.625,4.875
gemma-2-2b,56,val,val,en,zh,诚实,"The opposite of ""诚实"" is """,不诚实,0,1,17.75,23.375,5.625
gemma-2-2b,56,val,freq,en,zh,诚实,"The opposite of ""诚实"" is """,不诚实,0,0,17.75,21.0,3.25
gemma-2-2b,56,freq,desc,en,zh,诚实,"The opposite of ""诚实"" is """,不诚实,0,1,17.75,21.5,3.75
gemma-2-2b,56,freq,val,en,zh,诚实,"The opposite of ""诚实"" is """,不诚实,0,1,17.75,21.625,3.875
gemma-2-2b,56,freq,freq,en,zh,诚实,"The opposite of ""诚实"" is """,不诚实,0,1,17.75,21.25,3.5
gemma-2-2b,57,desc,desc,en,zh,安全,"The opposite of ""安全"" is """,危险,1,8,21.5,21.75,0.25
gemma-2-2b,57,desc,val,en,zh,安全,"The opposite of ""安全"" is """,危险,1,11,21.5,22.0,0.5
gemma-2-2b,57,desc,freq,en,zh,安全,"The opposite of ""安全"" is """,危险,1,6,21.5,19.375,-2.125
gemma-2-2b,57,val,desc,en,zh,安全,"The opposite of ""安全"" is """,危险,1,28,21.5,22.125,0.625
gemma-2-2b,57,val,val,en,zh,安全,"The opposite of ""安全"" is """,危险,1,33,21.5,22.375,0.875
gemma-2-2b,57,val,freq,en,zh,安全,"The opposite of ""安全"" is """,危险,1,34,21.5,19.375,-2.125
gemma-2-2b,57,freq,desc,en,zh,安全,"The opposite of ""安全"" is """,危险,1,10,21.5,20.75,-0.75
gemma-2-2b,57,freq,val,en,zh,安全,"The opposite of ""安全"" is """,危险,1,14,21.5,21.375,-0.125
gemma-2-2b,57,freq,freq,en,zh,安全,"The opposite of ""安全"" is """,危险,1,10,21.5,21.125,-0.375
gemma-2-2b,58,desc,desc,en,zh,积极,"The opposite of ""积极"" is """,消极,0,0,21.25,23.375,2.125
gemma-2-2b,58,desc,val,en,zh,积极,"The opposite of ""积极"" is """,消极,0,0,21.25,24.875,3.625
gemma-2-2b,58,desc,freq,en,zh,积极,"The opposite of ""积极"" is """,消极,0,0,21.25,21.75,0.5
gemma-2-2b,58,val,desc,en,zh,积极,"The opposite of ""积极"" is """,消极,0,0,21.25,25.5,4.25
gemma-2-2b,58,val,val,en,zh,积极,"The opposite of ""积极"" is """,消极,0,0,21.25,25.125,3.875
gemma-2-2b,58,val,freq,en,zh,积极,"The opposite of ""积极"" is """,消极,0,0,21.25,23.5,2.25
gemma-2-2b,58,freq,desc,en,zh,积极,"The opposite of ""积极"" is """,消极,0,0,21.25,23.75,2.5
gemma-2-2b,58,freq,val,en,zh,积极,"The opposite of ""积极"" is """,消极,0,0,21.25,24.0,2.75
gemma-2-2b,58,freq,freq,en,zh,积极,"The opposite of ""积极"" is """,消极,0,0,21.25,24.125,2.875
gemma-2-2b,59,desc,desc,en,zh,直,"The opposite of ""直"" is """,弯,0,11,19.5,20.0,0.5
gemma-2-2b,59,desc,val,en,zh,直,"The opposite of ""直"" is """,弯,0,7,19.5,21.375,1.875
gemma-2-2b,59,desc,freq,en,zh,直,"The opposite of ""直"" is """,弯,0,1,19.5,20.75,1.25
gemma-2-2b,59,val,desc,en,zh,直,"The opposite of ""直"" is """,弯,0,33,19.5,22.125,2.625
gemma-2-2b,59,val,val,en,zh,直,"The opposite of ""直"" is """,弯,0,31,19.5,21.75,2.25
gemma-2-2b,59,val,freq,en,zh,直,"The opposite of ""直"" is """,弯,0,7,19.5,21.5,2.0
gemma-2-2b,59,freq,desc,en,zh,直,"The opposite of ""直"" is """,弯,0,10,19.5,19.125,-0.375
gemma-2-2b,59,freq,val,en,zh,直,"The opposite of ""直"" is """,弯,0,13,19.5,19.75,0.25
gemma-2-2b,59,freq,freq,en,zh,直,"The opposite of ""直"" is """,弯,0,6,19.5,19.625,0.125
gemma-2-2b,60,desc,desc,en,zh,完整,"The opposite of ""完整"" is """,破,5,7,19.5,21.25,1.75
gemma-2-2b,60,desc,val,en,zh,完整,"The opposite of ""完整"" is """,破,5,8,19.5,21.75,2.25
gemma-2-2b,60,desc,freq,en,zh,完整,"The opposite of ""完整"" is """,破,5,12,19.5,19.5,0.0
gemma-2-2b,60,val,desc,en,zh,完整,"The opposite of ""完整"" is """,破,5,17,19.5,23.125,3.625
gemma-2-2b,60,val,val,en,zh,完整,"The opposite of ""完整"" is """,破,5,34,19.5,22.25,2.75
gemma-2-2b,60,val,freq,en,zh,完整,"The opposite of ""完整"" is """,破,5,32,19.5,20.125,0.625
gemma-2-2b,60,freq,desc,en,zh,完整,"The opposite of ""完整"" is """,破,5,8,19.5,20.75,1.25
gemma-2-2b,60,freq,val,en,zh,完整,"The opposite of ""完整"" is """,破,5,15,19.5,21.0,1.5
gemma-2-2b,60,freq,freq,en,zh,完整,"The opposite of ""完整"" is """,破,5,8,19.5,21.25,1.75
gemma-2-2b,61,desc,desc,en,zh,平静,"The opposite of ""平静"" is """,骚乱,3,35,18.75,19.125,0.375
gemma-2-2b,61,desc,val,en,zh,平静,"The opposite of ""平静"" is """,骚乱,3,62,18.75,19.125,0.375
gemma-2-2b,61,desc,freq,en,zh,平静,"The opposite of ""平静"" is """,骚乱,3,15,18.75,16.5,-2.25
gemma-2-2b,61,val,desc,en,zh,平静,"The opposite of ""平静"" is """,骚乱,3,199,18.75,18.875,0.125
gemma-2-2b,61,val,val,en,zh,平静,"The opposite of ""平静"" is """,骚乱,3,500,18.75,18.125,-0.625
gemma-2-2b,61,val,freq,en,zh,平静,"The opposite of ""平静"" is """,骚乱,3,74,18.75,16.5,-2.25
gemma-2-2b,61,freq,desc,en,zh,平静,"The opposite of ""平静"" is """,骚乱,3,70,18.75,18.875,0.125
gemma-2-2b,61,freq,val,en,zh,平静,"The opposite of ""平静"" is """,骚乱,3,96,18.75,18.25,-0.5
gemma-2-2b,61,freq,freq,en,zh,平静,"The opposite of ""平静"" is """,骚乱,3,78,18.75,18.875,0.125
gemma-2-2b,62,desc,desc,en,zh,正确,"The opposite of ""正确"" is """,错误,0,0,23.5,24.75,1.25
gemma-2-2b,62,desc,val,en,zh,正确,"The opposite of ""正确"" is """,错误,0,0,23.5,24.875,1.375
gemma-2-2b,62,desc,freq,en,zh,正确,"The opposite of ""正确"" is """,错误,0,0,23.5,23.5,0.0
gemma-2-2b,62,val,desc,en,zh,正确,"The opposite of ""正确"" is """,错误,0,0,23.5,25.75,2.25
gemma-2-2b,62,val,val,en,zh,正确,"The opposite of ""正确"" is """,错误,0,3,23.5,25.375,1.875
gemma-2-2b,62,val,freq,en,zh,正确,"The opposite of ""正确"" is """,错误,0,1,23.5,24.625,1.125
gemma-2-2b,62,freq,desc,en,zh,正确,"The opposite of ""正确"" is """,错误,0,0,23.5,24.5,1.0
gemma-2-2b,62,freq,val,en,zh,正确,"The opposite of ""正确"" is """,错误,0,0,23.5,24.5,1.0
gemma-2-2b,62,freq,freq,en,zh,正确,"The opposite of ""正确"" is """,错误,0,1,23.5,24.625,1.125
gemma-2-2b,63,desc,desc,en,zh,复杂,"The opposite of ""复杂"" is """,简单,0,1,23.875,23.75,-0.125
gemma-2-2b,63,desc,val,en,zh,复杂,"The opposite of ""复杂"" is """,简单,0,3,23.875,23.875,0.0
gemma-2-2b,63,desc,freq,en,zh,复杂,"The opposite of ""复杂"" is """,简单,0,0,23.875,20.875,-3.0
gemma-2-2b,63,val,desc,en,zh,复杂,"The opposite of ""复杂"" is """,简单,0,4,23.875,24.375,0.5
gemma-2-2b,63,val,val,en,zh,复杂,"The opposite of ""复杂"" is """,简单,0,5,23.875,24.125,0.25
gemma-2-2b,63,val,freq,en,zh,复杂,"The opposite of ""复杂"" is """,简单,0,1,23.875,21.625,-2.25
gemma-2-2b,63,freq,desc,en,zh,复杂,"The opposite of ""复杂"" is """,简单,0,2,23.875,24.125,0.25
gemma-2-2b,63,freq,val,en,zh,复杂,"The opposite of ""复杂"" is """,简单,0,3,23.875,23.875,0.0
gemma-2-2b,63,freq,freq,en,zh,复杂,"The opposite of ""复杂"" is """,简单,0,3,23.875,24.25,0.375
gemma-2-2b,64,desc,desc,en,zh,有效,"The opposite of ""有效"" is """,无效,0,2,24.5,23.875,-0.625
gemma-2-2b,64,desc,val,en,zh,有效,"The opposite of ""有效"" is """,无效,0,2,24.5,23.375,-1.125
gemma-2-2b,64,desc,freq,en,zh,有效,"The opposite of ""有效"" is """,无效,0,0,24.5,23.5,-1.0
gemma-2-2b,64,val,desc,en,zh,有效,"The opposite of ""有效"" is """,无效,0,6,24.5,23.875,-0.625
gemma-2-2b,64,val,val,en,zh,有效,"The opposite of ""有效"" is """,无效,0,8,24.5,23.875,-0.625
gemma-2-2b,64,val,freq,en,zh,有效,"The opposite of ""有效"" is """,无效,0,1,24.5,24.125,-0.375
gemma-2-2b,64,freq,desc,en,zh,有效,"The opposite of ""有效"" is """,无效,0,2,24.5,23.75,-0.75
gemma-2-2b,64,freq,val,en,zh,有效,"The opposite of ""有效"" is """,无效,0,2,24.5,23.625,-0.875
gemma-2-2b,64,freq,freq,en,zh,有效,"The opposite of ""有效"" is """,无效,0,2,24.5,24.125,-0.375
gemma-2-2b,65,desc,desc,en,zh,著名,"The opposite of ""著名"" is """,不为人知,0,2,18.5,21.125,2.625
gemma-2-2b,65,desc,val,en,zh,著名,"The opposite of ""著名"" is """,不为人知,0,2,18.5,22.5,4.0
gemma-2-2b,65,desc,freq,en,zh,著名,"The opposite of ""著名"" is """,不为人知,0,0,18.5,20.125,1.625
gemma-2-2b,65,val,desc,en,zh,著名,"The opposite of ""著名"" is """,不为人知,0,3,18.5,23.25,4.75
gemma-2-2b,65,val,val,en,zh,著名,"The opposite of ""著名"" is """,不为人知,0,5,18.5,23.5,5.0
gemma-2-2b,65,val,freq,en,zh,著名,"The opposite of ""著名"" is """,不为人知,0,1,18.5,21.625,3.125
gemma-2-2b,65,freq,desc,en,zh,著名,"The opposite of ""著名"" is """,不为人知,0,3,18.5,21.5,3.0
gemma-2-2b,65,freq,val,en,zh,著名,"The opposite of ""著名"" is """,不为人知,0,3,18.5,22.375,3.875
gemma-2-2b,65,freq,freq,en,zh,著名,"The opposite of ""著名"" is """,不为人知,0,3,18.5,21.375,2.875
gemma-2-2b,66,desc,desc,en,zh,慷慨,"The opposite of ""慷慨"" is """,吝啬,0,0,20.875,22.375,1.5
gemma-2-2b,66,desc,val,en,zh,慷慨,"The opposite of ""慷慨"" is """,吝啬,0,1,20.875,22.75,1.875
gemma-2-2b,66,desc,freq,en,zh,慷慨,"The opposite of ""慷慨"" is """,吝啬,0,1,20.875,19.625,-1.25
gemma-2-2b,66,val,desc,en,zh,慷慨,"The opposite of ""慷慨"" is """,吝啬,0,3,20.875,23.125,2.25
gemma-2-2b,66,val,val,en,zh,慷慨,"The opposite of ""慷慨"" is """,吝啬,0,2,20.875,24.125,3.25
gemma-2-2b,66,val,freq,en,zh,慷慨,"The opposite of ""慷慨"" is """,吝啬,0,2,20.875,19.5,-1.375
gemma-2-2b,66,freq,desc,en,zh,慷慨,"The opposite of ""慷慨"" is """,吝啬,0,0,20.875,22.125,1.25
gemma-2-2b,66,freq,val,en,zh,慷慨,"The opposite of ""慷慨"" is """,吝啬,0,1,20.875,22.375,1.5
gemma-2-2b,66,freq,freq,en,zh,慷慨,"The opposite of ""慷慨"" is """,吝啬,0,0,20.875,22.75,1.875
gemma-2-2b,67,desc,desc,en,zh,高兴,"The opposite of ""高兴"" is """,不高兴,0,1,15.5625,18.875,3.3125
gemma-2-2b,67,desc,val,en,zh,高兴,"The opposite of ""高兴"" is """,不高兴,0,1,15.5625,20.125,4.5625
gemma-2-2b,67,desc,freq,en,zh,高兴,"The opposite of ""高兴"" is """,不高兴,0,0,15.5625,18.125,2.5625
gemma-2-2b,67,val,desc,en,zh,高兴,"The opposite of ""高兴"" is """,不高兴,0,3,15.5625,22.0,6.4375
gemma-2-2b,67,val,val,en,zh,高兴,"The opposite of ""高兴"" is """,不高兴,0,2,15.5625,22.0,6.4375
gemma-2-2b,67,val,freq,en,zh,高兴,"The opposite of ""高兴"" is """,不高兴,0,1,15.5625,20.25,4.6875
gemma-2-2b,67,freq,desc,en,zh,高兴,"The opposite of ""高兴"" is """,不高兴,0,2,15.5625,20.625,5.0625
gemma-2-2b,67,freq,val,en,zh,高兴,"The opposite of ""高兴"" is """,不高兴,0,2,15.5625,20.875,5.3125
gemma-2-2b,67,freq,freq,en,zh,高兴,"The opposite of ""高兴"" is """,不高兴,0,6,15.5625,20.375,4.8125
gemma-2-2b,68,desc,desc,en,zh,健康,"The opposite of ""健康"" is """,不健康,1,1,19.75,21.125,1.375
gemma-2-2b,68,desc,val,en,zh,健康,"The opposite of ""健康"" is """,不健康,1,0,19.75,22.75,3.0
gemma-2-2b,68,desc,freq,en,zh,健康,"The opposite of ""健康"" is """,不健康,1,0,19.75,20.75,1.0
gemma-2-2b,68,val,desc,en,zh,健康,"The opposite of ""健康"" is """,不健康,1,0,19.75,24.25,4.5
gemma-2-2b,68,val,val,en,zh,健康,"The opposite of ""健康"" is """,不健康,1,1,19.75,23.75,4.0
gemma-2-2b,68,val,freq,en,zh,健康,"The opposite of ""健康"" is """,不健康,1,0,19.75,23.125,3.375
gemma-2-2b,68,freq,desc,en,zh,健康,"The opposite of ""健康"" is """,不健康,1,0,19.75,20.875,1.125
gemma-2-2b,68,freq,val,en,zh,健康,"The opposite of ""健康"" is """,不健康,1,0,19.75,21.875,2.125
gemma-2-2b,68,freq,freq,en,zh,健康,"The opposite of ""健康"" is """,不健康,1,1,19.75,20.375,0.625
gemma-2-2b,69,desc,desc,en,zh,高,"The opposite of ""高"" is """,低,0,0,21.125,23.125,2.0
gemma-2-2b,69,desc,val,en,zh,高,"The opposite of ""高"" is """,低,0,1,21.125,22.75,1.625
gemma-2-2b,69,desc,freq,en,zh,高,"The opposite of ""高"" is """,低,0,0,21.125,20.75,-0.375
gemma-2-2b,69,val,desc,en,zh,高,"The opposite of ""高"" is """,低,0,0,21.125,24.375,3.25
gemma-2-2b,69,val,val,en,zh,高,"The opposite of ""高"" is """,低,0,1,21.125,24.5,3.375
gemma-2-2b,69,val,freq,en,zh,高,"The opposite of ""高"" is """,低,0,0,21.125,21.75,0.625
gemma-2-2b,69,freq,desc,en,zh,高,"The opposite of ""高"" is """,低,0,0,21.125,22.75,1.625
gemma-2-2b,69,freq,val,en,zh,高,"The opposite of ""高"" is """,低,0,0,21.125,22.625,1.5
gemma-2-2b,69,freq,freq,en,zh,高,"The opposite of ""高"" is """,低,0,0,21.125,22.625,1.5
gemma-2-2b,70,desc,desc,en,zh,重要,"The opposite of ""重要"" is """,不重要,0,1,20.125,20.875,0.75
gemma-2-2b,70,desc,val,en,zh,重要,"The opposite of ""重要"" is """,不重要,0,1,20.125,22.5,2.375
gemma-2-2b,70,desc,freq,en,zh,重要,"The opposite of ""重要"" is """,不重要,0,1,20.125,21.625,1.5
gemma-2-2b,70,val,desc,en,zh,重要,"The opposite of ""重要"" is """,不重要,0,1,20.125,24.0,3.875
gemma-2-2b,70,val,val,en,zh,重要,"The opposite of ""重要"" is """,不重要,0,3,20.125,23.5,3.375
gemma-2-2b,70,val,freq,en,zh,重要,"The opposite of ""重要"" is """,不重要,0,1,20.125,23.5,3.375
gemma-2-2b,70,freq,desc,en,zh,重要,"The opposite of ""重要"" is """,不重要,0,1,20.125,21.0,0.875
gemma-2-2b,70,freq,val,en,zh,重要,"The opposite of ""重要"" is """,不重要,0,1,20.125,21.5,1.375
gemma-2-2b,70,freq,freq,en,zh,重要,"The opposite of ""重要"" is """,不重要,0,1,20.125,20.875,0.75
gemma-2-2b,71,desc,desc,en,zh,无辜,"The opposite of ""无辜"" is """,有罪,0,1,19.0,21.75,2.75
gemma-2-2b,71,desc,val,en,zh,无辜,"The opposite of ""无辜"" is """,有罪,0,0,19.0,22.625,3.625
gemma-2-2b,71,desc,freq,en,zh,无辜,"The opposite of ""无辜"" is """,有罪,0,0,19.0,20.875,1.875
gemma-2-2b,71,val,desc,en,zh,无辜,"The opposite of ""无辜"" is """,有罪,0,0,19.0,24.0,5.0
gemma-2-2b,71,val,val,en,zh,无辜,"The opposite of ""无辜"" is """,有罪,0,1,19.0,24.0,5.0
gemma-2-2b,71,val,freq,en,zh,无辜,"The opposite of ""无辜"" is """,有罪,0,0,19.0,22.375,3.375
gemma-2-2b,71,freq,desc,en,zh,无辜,"The opposite of ""无辜"" is """,有罪,0,2,19.0,22.125,3.125
gemma-2-2b,71,freq,val,en,zh,无辜,"The opposite of ""无辜"" is """,有罪,0,2,19.0,22.25,3.25
gemma-2-2b,71,freq,freq,en,zh,无辜,"The opposite of ""无辜"" is """,有罪,0,2,19.0,22.25,3.25
gemma-2-2b,72,desc,desc,en,zh,已知,"The opposite of ""已知"" is """,未知,0,2,23.0,23.5,0.5
gemma-2-2b,72,desc,val,en,zh,已知,"The opposite of ""已知"" is """,未知,0,5,23.0,23.125,0.125
gemma-2-2b,72,desc,freq,en,zh,已知,"The opposite of ""已知"" is """,未知,0,0,23.0,23.0,0.0
gemma-2-2b,72,val,desc,en,zh,已知,"The opposite of ""已知"" is """,未知,0,3,23.0,24.25,1.25
gemma-2-2b,72,val,val,en,zh,已知,"The opposite of ""已知"" is """,未知,0,7,23.0,23.625,0.625
gemma-2-2b,72,val,freq,en,zh,已知,"The opposite of ""已知"" is """,未知,0,0,23.0,24.0,1.0
gemma-2-2b,72,freq,desc,en,zh,已知,"The opposite of ""已知"" is """,未知,0,4,23.0,23.0,0.0
gemma-2-2b,72,freq,val,en,zh,已知,"The opposite of ""已知"" is """,未知,0,5,23.0,22.25,-0.75
gemma-2-2b,72,freq,freq,en,zh,已知,"The opposite of ""已知"" is """,未知,0,3,23.0,23.5,0.5
gemma-2-2b,73,desc,desc,en,zh,男性,"The opposite of ""男性"" is """,女性,0,0,21.75,23.0,1.25
gemma-2-2b,73,desc,val,en,zh,男性,"The opposite of ""男性"" is """,女性,0,0,21.75,23.375,1.625
gemma-2-2b,73,desc,freq,en,zh,男性,"The opposite of ""男性"" is """,女性,0,0,21.75,21.25,-0.5
gemma-2-2b,73,val,desc,en,zh,男性,"The opposite of ""男性"" is """,女性,0,0,21.75,24.375,2.625
gemma-2-2b,73,val,val,en,zh,男性,"The opposite of ""男性"" is """,女性,0,0,21.75,24.75,3.0
gemma-2-2b,73,val,freq,en,zh,男性,"The opposite of ""男性"" is """,女性,0,0,21.75,22.625,0.875
gemma-2-2b,73,freq,desc,en,zh,男性,"The opposite of ""男性"" is """,女性,0,0,21.75,22.0,0.25
gemma-2-2b,73,freq,val,en,zh,男性,"The opposite of ""男性"" is """,女性,0,0,21.75,22.25,0.5
gemma-2-2b,73,freq,freq,en,zh,男性,"The opposite of ""男性"" is """,女性,0,0,21.75,21.875,0.125
gemma-2-2b,74,desc,desc,en,zh,正常,"The opposite of ""正常"" is """,不正常,1,4,20.125,22.125,2.0
gemma-2-2b,74,desc,val,en,zh,正常,"The opposite of ""正常"" is """,不正常,1,3,20.125,23.0,2.875
gemma-2-2b,74,desc,freq,en,zh,正常,"The opposite of ""正常"" is """,不正常,1,1,20.125,21.875,1.75
gemma-2-2b,74,val,desc,en,zh,正常,"The opposite of ""正常"" is """,不正常,1,1,20.125,24.125,4.0
gemma-2-2b,74,val,val,en,zh,正常,"The opposite of ""正常"" is """,不正常,1,5,20.125,23.625,3.5
gemma-2-2b,74,val,freq,en,zh,正常,"The opposite of ""正常"" is """,不正常,1,1,20.125,23.125,3.0
gemma-2-2b,74,freq,desc,en,zh,正常,"The opposite of ""正常"" is """,不正常,1,3,20.125,22.375,2.25
gemma-2-2b,74,freq,val,en,zh,正常,"The opposite of ""正常"" is """,不正常,1,3,20.125,22.75,2.625
gemma-2-2b,74,freq,freq,en,zh,正常,"The opposite of ""正常"" is """,不正常,1,3,20.125,22.125,2.0
gemma-2-2b,75,desc,desc,en,zh,可能,"The opposite of ""可能"" is """,不可能,0,0,23.5,23.5,0.0
gemma-2-2b,75,desc,val,en,zh,可能,"The opposite of ""可能"" is """,不可能,0,0,23.5,23.375,-0.125
gemma-2-2b,75,desc,freq,en,zh,可能,"The opposite of ""可能"" is """,不可能,0,0,23.5,20.75,-2.75
gemma-2-2b,75,val,desc,en,zh,可能,"The opposite of ""可能"" is """,不可能,0,4,23.5,23.5,0.0
gemma-2-2b,75,val,val,en,zh,可能,"The opposite of ""可能"" is """,不可能,0,4,23.5,23.5,0.0
gemma-2-2b,75,val,freq,en,zh,可能,"The opposite of ""可能"" is """,不可能,0,3,23.5,20.875,-2.625
gemma-2-2b,75,freq,desc,en,zh,可能,"The opposite of ""可能"" is """,不可能,0,2,23.5,22.75,-0.75
gemma-2-2b,75,freq,val,en,zh,可能,"The opposite of ""可能"" is """,不可能,0,2,23.5,22.25,-1.25
gemma-2-2b,75,freq,freq,en,zh,可能,"The opposite of ""可能"" is """,不可能,0,2,23.5,23.375,-0.125
gemma-2-2b,76,desc,desc,en,zh,私人,"The opposite of ""私人"" is """,公共,1,3,21.25,22.0,0.75
gemma-2-2b,76,desc,val,en,zh,私人,"The opposite of ""私人"" is """,公共,1,4,21.25,22.5,1.25
gemma-2-2b,76,desc,freq,en,zh,私人,"The opposite of ""私人"" is """,公共,1,3,21.25,20.0,-1.25
gemma-2-2b,76,val,desc,en,zh,私人,"The opposite of ""私人"" is """,公共,1,4,21.25,24.75,3.5
gemma-2-2b,76,val,val,en,zh,私人,"The opposite of ""私人"" is """,公共,1,10,21.25,24.0,2.75
gemma-2-2b,76,val,freq,en,zh,私人,"The opposite of ""私人"" is """,公共,1,2,21.25,23.25,2.0
gemma-2-2b,76,freq,desc,en,zh,私人,"The opposite of ""私人"" is """,公共,1,3,21.25,22.0,0.75
gemma-2-2b,76,freq,val,en,zh,私人,"The opposite of ""私人"" is """,公共,1,3,21.25,22.625,1.375
gemma-2-2b,76,freq,freq,en,zh,私人,"The opposite of ""私人"" is """,公共,1,3,21.25,22.125,0.875
gemma-2-2b,77,desc,desc,en,zh,对,"The opposite of ""对"" is """,错,0,0,22.0,23.5,1.5
gemma-2-2b,77,desc,val,en,zh,对,"The opposite of ""对"" is """,错,0,0,22.0,23.5,1.5
gemma-2-2b,77,desc,freq,en,zh,对,"The opposite of ""对"" is """,错,0,0,22.0,21.125,-0.875
gemma-2-2b,77,val,desc,en,zh,对,"The opposite of ""对"" is """,错,0,0,22.0,23.875,1.875
gemma-2-2b,77,val,val,en,zh,对,"The opposite of ""对"" is """,错,0,2,22.0,23.5,1.5
gemma-2-2b,77,val,freq,en,zh,对,"The opposite of ""对"" is """,错,0,0,22.0,20.125,-1.875
gemma-2-2b,77,freq,desc,en,zh,对,"The opposite of ""对"" is """,错,0,0,22.0,23.625,1.625
gemma-2-2b,77,freq,val,en,zh,对,"The opposite of ""对"" is """,错,0,0,22.0,22.625,0.625
gemma-2-2b,77,freq,freq,en,zh,对,"The opposite of ""对"" is """,错,0,0,22.0,23.875,1.875
gemma-2-2b,78,desc,desc,en,zh,简单,"The opposite of ""简单"" is """,复杂,0,4,22.125,22.25,0.125
gemma-2-2b,78,desc,val,en,zh,简单,"The opposite of ""简单"" is """,复杂,0,7,22.125,21.5,-0.625
gemma-2-2b,78,desc,freq,en,zh,简单,"The opposite of ""简单"" is """,复杂,0,3,22.125,20.75,-1.375
gemma-2-2b,78,val,desc,en,zh,简单,"The opposite of ""简单"" is """,复杂,0,16,22.125,22.125,0.0
gemma-2-2b,78,val,val,en,zh,简单,"The opposite of ""简单"" is """,复杂,0,18,22.125,22.25,0.125
gemma-2-2b,78,val,freq,en,zh,简单,"The opposite of ""简单"" is """,复杂,0,7,22.125,21.5,-0.625
gemma-2-2b,78,freq,desc,en,zh,简单,"The opposite of ""简单"" is """,复杂,0,7,22.125,21.625,-0.5
gemma-2-2b,78,freq,val,en,zh,简单,"The opposite of ""简单"" is """,复杂,0,10,22.125,21.0,-1.125
gemma-2-2b,78,freq,freq,en,zh,简单,"The opposite of ""简单"" is """,复杂,0,8,22.125,22.0,-0.125
gemma-2-2b,79,desc,desc,en,zh,甜,"The opposite of ""甜"" is """,苦,0,0,18.625,21.75,3.125
gemma-2-2b,79,desc,val,en,zh,甜,"The opposite of ""甜"" is """,苦,0,1,18.625,21.25,2.625
gemma-2-2b,79,desc,freq,en,zh,甜,"The opposite of ""甜"" is """,苦,0,0,18.625,16.75,-1.875
gemma-2-2b,79,val,desc,en,zh,甜,"The opposite of ""甜"" is """,苦,0,2,18.625,23.125,4.5
gemma-2-2b,79,val,val,en,zh,甜,"The opposite of ""甜"" is """,苦,0,2,18.625,23.5,4.875
gemma-2-2b,79,val,freq,en,zh,甜,"The opposite of ""甜"" is """,苦,0,3,18.625,17.875,-0.75
gemma-2-2b,79,freq,desc,en,zh,甜,"The opposite of ""甜"" is """,苦,0,1,18.625,21.875,3.25
gemma-2-2b,79,freq,val,en,zh,甜,"The opposite of ""甜"" is """,苦,0,1,18.625,21.25,2.625
gemma-2-2b,79,freq,freq,en,zh,甜,"The opposite of ""甜"" is """,苦,0,1,18.625,22.0,3.375
gemma-2-2b,80,desc,desc,en,zh,可见,"The opposite of ""可见"" is """,不可见,0,0,20.625,22.0,1.375
gemma-2-2b,80,desc,val,en,zh,可见,"The opposite of ""可见"" is """,不可见,0,0,20.625,23.0,2.375
gemma-2-2b,80,desc,freq,en,zh,可见,"The opposite of ""可见"" is """,不可见,0,0,20.625,22.125,1.5
gemma-2-2b,80,val,desc,en,zh,可见,"The opposite of ""可见"" is """,不可见,0,0,20.625,24.5,3.875
gemma-2-2b,80,val,val,en,zh,可见,"The opposite of ""可见"" is """,不可见,0,2,20.625,23.875,3.25
gemma-2-2b,80,val,freq,en,zh,可见,"The opposite of ""可见"" is """,不可见,0,0,20.625,24.125,3.5
gemma-2-2b,80,freq,desc,en,zh,可见,"The opposite of ""可见"" is """,不可见,0,0,20.625,22.625,2.0
gemma-2-2b,80,freq,val,en,zh,可见,"The opposite of ""可见"" is """,不可见,0,0,20.625,22.625,2.0
gemma-2-2b,80,freq,freq,en,zh,可见,"The opposite of ""可见"" is """,不可见,0,1,20.625,22.75,2.125
gemma-2-2b,81,desc,desc,en,zh,暖和,"The opposite of ""暖和"" is """,冷,2,2,19.0,21.5,2.5
gemma-2-2b,81,desc,val,en,zh,暖和,"The opposite of ""暖和"" is """,冷,2,3,19.0,21.875,2.875
gemma-2-2b,81,desc,freq,en,zh,暖和,"The opposite of ""暖和"" is """,冷,2,0,19.0,20.25,1.25
gemma-2-2b,81,val,desc,en,zh,暖和,"The opposite of ""暖和"" is """,冷,2,1,19.0,23.0,4.0
gemma-2-2b,81,val,val,en,zh,暖和,"The opposite of ""暖和"" is """,冷,2,3,19.0,22.625,3.625
gemma-2-2b,81,val,freq,en,zh,暖和,"The opposite of ""暖和"" is """,冷,2,1,19.0,21.375,2.375
gemma-2-2b,81,freq,desc,en,zh,暖和,"The opposite of ""暖和"" is """,冷,2,1,19.0,21.375,2.375
gemma-2-2b,81,freq,val,en,zh,暖和,"The opposite of ""暖和"" is """,冷,2,1,19.0,21.375,2.375
gemma-2-2b,81,freq,freq,en,zh,暖和,"The opposite of ""暖和"" is """,冷,2,1,19.0,21.625,2.625
gemma-2-2b,82,desc,desc,en,zh,光滑,"The opposite of ""光滑"" is """,粗糙,0,3,19.125,20.75,1.625
gemma-2-2b,82,desc,val,en,zh,光滑,"The opposite of ""光滑"" is """,粗糙,0,9,19.125,20.125,1.0
gemma-2-2b,82,desc,freq,en,zh,光滑,"The opposite of ""光滑"" is """,粗糙,0,2,19.125,19.875,0.75
gemma-2-2b,82,val,desc,en,zh,光滑,"The opposite of ""光滑"" is """,粗糙,0,8,19.125,22.75,3.625
gemma-2-2b,82,val,val,en,zh,光滑,"The opposite of ""光滑"" is """,粗糙,0,16,19.125,21.875,2.75
gemma-2-2b,82,val,freq,en,zh,光滑,"The opposite of ""光滑"" is """,粗糙,0,4,19.125,20.875,1.75
gemma-2-2b,82,freq,desc,en,zh,光滑,"The opposite of ""光滑"" is """,粗糙,0,7,19.125,19.875,0.75
gemma-2-2b,82,freq,val,en,zh,光滑,"The opposite of ""光滑"" is """,粗糙,0,9,19.125,19.75,0.625
gemma-2-2b,82,freq,freq,en,zh,光滑,"The opposite of ""光滑"" is """,粗糙,0,4,19.125,20.5,1.375
gemma-2-2b,83,desc,desc,en,zh,薄,"The opposite of ""薄"" is """,厚,0,0,20.125,22.125,2.0
gemma-2-2b,83,desc,val,en,zh,薄,"The opposite of ""薄"" is """,厚,0,0,20.125,22.25,2.125
gemma-2-2b,83,desc,freq,en,zh,薄,"The opposite of ""薄"" is """,厚,0,0,20.125,19.0,-1.125
gemma-2-2b,83,val,desc,en,zh,薄,"The opposite of ""薄"" is """,厚,0,0,20.125,24.5,4.375
gemma-2-2b,83,val,val,en,zh,薄,"The opposite of ""薄"" is """,厚,0,0,20.125,24.125,4.0
gemma-2-2b,83,val,freq,en,zh,薄,"The opposite of ""薄"" is """,厚,0,0,20.125,21.125,1.0
gemma-2-2b,83,freq,desc,en,zh,薄,"The opposite of ""薄"" is """,厚,0,0,20.125,21.25,1.125
gemma-2-2b,83,freq,val,en,zh,薄,"The opposite of ""薄"" is """,厚,0,0,20.125,21.25,1.125
gemma-2-2b,83,freq,freq,en,zh,薄,"The opposite of ""薄"" is """,厚,0,0,20.125,21.5,1.375
gemma-2-2b,84,desc,desc,en,zh,高,"The opposite of ""高"" is """,矮,1,5,18.75,20.125,1.375
gemma-2-2b,84,desc,val,en,zh,高,"The opposite of ""高"" is """,矮,1,4,18.75,20.5,1.75
gemma-2-2b,84,desc,freq,en,zh,高,"The opposite of ""高"" is """,矮,1,12,18.75,16.375,-2.375
gemma-2-2b,84,val,desc,en,zh,高,"The opposite of ""高"" is """,矮,1,12,18.75,21.5,2.75
gemma-2-2b,84,val,val,en,zh,高,"The opposite of ""高"" is """,矮,1,15,18.75,21.5,2.75
gemma-2-2b,84,val,freq,en,zh,高,"The opposite of ""高"" is """,矮,1,20,18.75,16.75,-2.0
gemma-2-2b,84,freq,desc,en,zh,高,"The opposite of ""高"" is """,矮,1,6,18.75,19.75,1.0
gemma-2-2b,84,freq,val,en,zh,高,"The opposite of ""高"" is """,矮,1,9,18.75,19.75,1.0
gemma-2-2b,84,freq,freq,en,zh,高,"The opposite of ""高"" is """,矮,1,5,18.75,19.75,1.0
gemma-2-2b,85,desc,desc,en,zh,已婚,"The opposite of ""已婚"" is """,未婚,0,0,21.0,22.875,1.875
gemma-2-2b,85,desc,val,en,zh,已婚,"The opposite of ""已婚"" is """,未婚,0,0,21.0,23.125,2.125
gemma-2-2b,85,desc,freq,en,zh,已婚,"The opposite of ""已婚"" is """,未婚,0,0,21.0,20.625,-0.375
gemma-2-2b,85,val,desc,en,zh,已婚,"The opposite of ""已婚"" is """,未婚,0,0,21.0,25.0,4.0
gemma-2-2b,85,val,val,en,zh,已婚,"The opposite of ""已婚"" is """,未婚,0,1,21.0,24.75,3.75
gemma-2-2b,85,val,freq,en,zh,已婚,"The opposite of ""已婚"" is """,未婚,0,0,21.0,23.25,2.25
gemma-2-2b,85,freq,desc,en,zh,已婚,"The opposite of ""已婚"" is """,未婚,0,0,21.0,23.375,2.375
gemma-2-2b,85,freq,val,en,zh,已婚,"The opposite of ""已婚"" is """,未婚,0,0,21.0,23.5,2.5
gemma-2-2b,85,freq,freq,en,zh,已婚,"The opposite of ""已婚"" is """,未婚,0,0,21.0,23.375,2.375
gemma-2-2b,86,desc,desc,en,zh,乐观,"The opposite of ""乐观"" is """,悲观,0,1,18.75,20.75,2.0
gemma-2-2b,86,desc,val,en,zh,乐观,"The opposite of ""乐观"" is """,悲观,0,1,18.75,22.0,3.25
gemma-2-2b,86,desc,freq,en,zh,乐观,"The opposite of ""乐观"" is """,悲观,0,0,18.75,18.125,-0.625
gemma-2-2b,86,val,desc,en,zh,乐观,"The opposite of ""乐观"" is """,悲观,0,2,18.75,23.75,5.0
gemma-2-2b,86,val,val,en,zh,乐观,"The opposite of ""乐观"" is """,悲观,0,4,18.75,23.5,4.75
gemma-2-2b,86,val,freq,en,zh,乐观,"The opposite of ""乐观"" is """,悲观,0,2,18.75,21.875,3.125
gemma-2-2b,86,freq,desc,en,zh,乐观,"The opposite of ""乐观"" is """,悲观,0,1,18.75,21.0,2.25
gemma-2-2b,86,freq,val,en,zh,乐观,"The opposite of ""乐观"" is """,悲观,0,2,18.75,22.0,3.25
gemma-2-2b,86,freq,freq,en,zh,乐观,"The opposite of ""乐观"" is """,悲观,0,1,18.75,21.5,2.75
gemma-2-2b,87,desc,desc,en,zh,永久,"The opposite of ""永久"" is """,临时,22,86,17.0,16.5,-0.5
gemma-2-2b,87,desc,val,en,zh,永久,"The opposite of ""永久"" is """,临时,22,310,17.0,15.8125,-1.1875
gemma-2-2b,87,desc,freq,en,zh,永久,"The opposite of ""永久"" is """,临时,22,61,17.0,14.25,-2.75
gemma-2-2b,87,val,desc,en,zh,永久,"The opposite of ""永久"" is """,临时,22,978,17.0,15.9375,-1.0625
gemma-2-2b,87,val,val,en,zh,永久,"The opposite of ""永久"" is """,临时,22,1412,17.0,15.5625,-1.4375
gemma-2-2b,87,val,freq,en,zh,永久,"The opposite of ""永久"" is """,临时,22,216,17.0,14.75,-2.25
gemma-2-2b,87,freq,desc,en,zh,永久,"The opposite of ""永久"" is """,临时,22,63,17.0,16.125,-0.875
gemma-2-2b,87,freq,val,en,zh,永久,"The opposite of ""永久"" is """,临时,22,146,17.0,16.125,-0.875
gemma-2-2b,87,freq,freq,en,zh,永久,"The opposite of ""永久"" is """,临时,22,65,17.0,16.25,-0.75
gemma-2-2b,88,desc,desc,en,zh,现在,"The opposite of ""现在"" is """,过去,1,3,20.375,21.5,1.125
gemma-2-2b,88,desc,val,en,zh,现在,"The opposite of ""现在"" is """,过去,1,3,20.375,21.625,1.25
gemma-2-2b,88,desc,freq,en,zh,现在,"The opposite of ""现在"" is """,过去,1,1,20.375,21.375,1.0
gemma-2-2b,88,val,desc,en,zh,现在,"The opposite of ""现在"" is """,过去,1,8,20.375,21.5,1.125
gemma-2-2b,88,val,val,en,zh,现在,"The opposite of ""现在"" is """,过去,1,29,20.375,21.25,0.875
gemma-2-2b,88,val,freq,en,zh,现在,"The opposite of ""现在"" is """,过去,1,4,20.375,22.0,1.625
gemma-2-2b,88,freq,desc,en,zh,现在,"The opposite of ""现在"" is """,过去,1,8,20.375,21.125,0.75
gemma-2-2b,88,freq,val,en,zh,现在,"The opposite of ""现在"" is """,过去,1,7,20.375,20.75,0.375
gemma-2-2b,88,freq,freq,en,zh,现在,"The opposite of ""现在"" is """,过去,1,9,20.375,21.0,0.625
gemma-2-2b,89,desc,desc,en,zh,公共,"The opposite of ""公共"" is """,私人,2,4,20.625,21.375,0.75
gemma-2-2b,89,desc,val,en,zh,公共,"The opposite of ""公共"" is """,私人,2,8,20.625,21.625,1.0
gemma-2-2b,89,desc,freq,en,zh,公共,"The opposite of ""公共"" is """,私人,2,4,20.625,18.5,-2.125
gemma-2-2b,89,val,desc,en,zh,公共,"The opposite of ""公共"" is """,私人,2,13,20.625,22.25,1.625
gemma-2-2b,89,val,val,en,zh,公共,"The opposite of ""公共"" is """,私人,2,15,20.625,22.375,1.75
gemma-2-2b,89,val,freq,en,zh,公共,"The opposite of ""公共"" is """,私人,2,13,20.625,20.125,-0.5
gemma-2-2b,89,freq,desc,en,zh,公共,"The opposite of ""公共"" is """,私人,2,4,20.625,21.0,0.375
gemma-2-2b,89,freq,val,en,zh,公共,"The opposite of ""公共"" is """,私人,2,8,20.625,21.875,1.25
gemma-2-2b,89,freq,freq,en,zh,公共,"The opposite of ""公共"" is """,私人,2,4,20.625,21.25,0.625
gemma-2-2b,90,desc,desc,en,zh,真实,"The opposite of ""真实"" is """,虚假,0,1,21.625,22.875,1.25
gemma-2-2b,90,desc,val,en,zh,真实,"The opposite of ""真实"" is """,虚假,0,1,21.625,23.125,1.5
gemma-2-2b,90,desc,freq,en,zh,真实,"The opposite of ""真实"" is """,虚假,0,0,21.625,21.125,-0.5
gemma-2-2b,90,val,desc,en,zh,真实,"The opposite of ""真实"" is """,虚假,0,3,21.625,23.875,2.25
gemma-2-2b,90,val,val,en,zh,真实,"The opposite of ""真实"" is """,虚假,0,8,21.625,24.125,2.5
gemma-2-2b,90,val,freq,en,zh,真实,"The opposite of ""真实"" is """,虚假,0,2,21.625,21.375,-0.25
gemma-2-2b,90,freq,desc,en,zh,真实,"The opposite of ""真实"" is """,虚假,0,1,21.625,23.0,1.375
gemma-2-2b,90,freq,val,en,zh,真实,"The opposite of ""真实"" is """,虚假,0,1,21.625,22.75,1.125
gemma-2-2b,90,freq,freq,en,zh,真实,"The opposite of ""真实"" is """,虚假,0,1,21.625,23.375,1.75
gemma-2-2b,91,desc,desc,en,zh,负责,"The opposite of ""负责"" is """,不负责,0,0,20.625,22.75,2.125
gemma-2-2b,91,desc,val,en,zh,负责,"The opposite of ""负责"" is """,不负责,0,0,20.625,23.25,2.625
gemma-2-2b,91,desc,freq,en,zh,负责,"The opposite of ""负责"" is """,不负责,0,0,20.625,22.0,1.375
gemma-2-2b,91,val,desc,en,zh,负责,"The opposite of ""负责"" is """,不负责,0,0,20.625,24.25,3.625
gemma-2-2b,91,val,val,en,zh,负责,"The opposite of ""负责"" is """,不负责,0,3,20.625,23.875,3.25
gemma-2-2b,91,val,freq,en,zh,负责,"The opposite of ""负责"" is """,不负责,0,0,20.625,23.25,2.625
gemma-2-2b,91,freq,desc,en,zh,负责,"The opposite of ""负责"" is """,不负责,0,0,20.625,23.375,2.75
gemma-2-2b,91,freq,val,en,zh,负责,"The opposite of ""负责"" is """,不负责,0,1,20.625,23.375,2.75
gemma-2-2b,91,freq,freq,en,zh,负责,"The opposite of ""负责"" is """,不负责,0,2,20.625,23.25,2.625
gemma-2-2b,92,desc,desc,en,zh,单身,"The opposite of ""单身"" is """,已婚,0,1,18.875,21.25,2.375
gemma-2-2b,92,desc,val,en,zh,单身,"The opposite of ""单身"" is """,已婚,0,1,18.875,21.125,2.25
gemma-2-2b,92,desc,freq,en,zh,单身,"The opposite of ""单身"" is """,已婚,0,2,18.875,19.875,1.0
gemma-2-2b,92,val,desc,en,zh,单身,"The opposite of ""单身"" is """,已婚,0,1,18.875,22.75,3.875
gemma-2-2b,92,val,val,en,zh,单身,"The opposite of ""单身"" is """,已婚,0,13,18.875,22.625,3.75
gemma-2-2b,92,val,freq,en,zh,单身,"The opposite of ""单身"" is """,已婚,0,3,18.875,21.0,2.125
gemma-2-2b,92,freq,desc,en,zh,单身,"The opposite of ""单身"" is """,已婚,0,0,18.875,21.875,3.0
gemma-2-2b,92,freq,val,en,zh,单身,"The opposite of ""单身"" is """,已婚,0,0,18.875,21.625,2.75
gemma-2-2b,92,freq,freq,en,zh,单身,"The opposite of ""单身"" is """,已婚,0,1,18.875,21.625,2.75
gemma-2-2b,93,desc,desc,en,zh,酸,"The opposite of ""酸"" is """,甜,0,2,19.625,22.25,2.625
gemma-2-2b,93,desc,val,en,zh,酸,"The opposite of ""酸"" is """,甜,0,2,19.625,21.625,2.0
gemma-2-2b,93,desc,freq,en,zh,酸,"The opposite of ""酸"" is """,甜,0,1,19.625,17.125,-2.5
gemma-2-2b,93,val,desc,en,zh,酸,"The opposite of ""酸"" is """,甜,0,5,19.625,22.0,2.375
gemma-2-2b,93,val,val,en,zh,酸,"The opposite of ""酸"" is """,甜,0,5,19.625,22.25,2.625
gemma-2-2b,93,val,freq,en,zh,酸,"The opposite of ""酸"" is """,甜,0,6,19.625,16.5,-3.125
gemma-2-2b,93,freq,desc,en,zh,酸,"The opposite of ""酸"" is """,甜,0,2,19.625,21.125,1.5
gemma-2-2b,93,freq,val,en,zh,酸,"The opposite of ""酸"" is """,甜,0,4,19.625,20.5,0.875
gemma-2-2b,93,freq,freq,en,zh,酸,"The opposite of ""酸"" is """,甜,0,2,19.625,21.375,1.75
gemma-2-2b,94,desc,desc,en,zh,有用,"The opposite of ""有用"" is """,没用,1,4,20.0,19.875,-0.125
gemma-2-2b,94,desc,val,en,zh,有用,"The opposite of ""有用"" is """,没用,1,2,20.0,22.25,2.25
gemma-2-2b,94,desc,freq,en,zh,有用,"The opposite of ""有用"" is """,没用,1,1,20.0,21.0,1.0
gemma-2-2b,94,val,desc,en,zh,有用,"The opposite of ""有用"" is """,没用,1,3,20.0,23.5,3.5
gemma-2-2b,94,val,val,en,zh,有用,"The opposite of ""有用"" is """,没用,1,4,20.0,23.0,3.0
gemma-2-2b,94,val,freq,en,zh,有用,"The opposite of ""有用"" is """,没用,1,3,20.0,21.875,1.875
gemma-2-2b,94,freq,desc,en,zh,有用,"The opposite of ""有用"" is """,没用,1,3,20.0,20.125,0.125
gemma-2-2b,94,freq,val,en,zh,有用,"The opposite of ""有用"" is """,没用,1,3,20.0,20.75,0.75
gemma-2-2b,94,freq,freq,en,zh,有用,"The opposite of ""有用"" is """,没用,1,3,20.0,20.0,0.0
gemma-2-2b,95,desc,desc,en,zh,垂直,"The opposite of ""垂直"" is """,水平,0,1,22.5,23.875,1.375
gemma-2-2b,95,desc,val,en,zh,垂直,"The opposite of ""垂直"" is """,水平,0,1,22.5,23.5,1.0
gemma-2-2b,95,desc,freq,en,zh,垂直,"The opposite of ""垂直"" is """,水平,0,0,22.5,21.0,-1.5
gemma-2-2b,95,val,desc,en,zh,垂直,"The opposite of ""垂直"" is """,水平,0,1,22.5,24.875,2.375
gemma-2-2b,95,val,val,en,zh,垂直,"The opposite of ""垂直"" is """,水平,0,5,22.5,25.125,2.625
gemma-2-2b,95,val,freq,en,zh,垂直,"The opposite of ""垂直"" is """,水平,0,0,22.5,22.625,0.125
gemma-2-2b,95,freq,desc,en,zh,垂直,"The opposite of ""垂直"" is """,水平,0,0,22.5,23.75,1.25
gemma-2-2b,95,freq,val,en,zh,垂直,"The opposite of ""垂直"" is """,水平,0,0,22.5,23.625,1.125
gemma-2-2b,95,freq,freq,en,zh,垂直,"The opposite of ""垂直"" is """,水平,0,1,22.5,23.875,1.375
gemma-2-2b,96,desc,desc,en,zh,好,"The opposite of ""好"" is """,差,3,5,17.125,18.25,1.125
gemma-2-2b,96,desc,val,en,zh,好,"The opposite of ""好"" is """,差,3,3,17.125,19.125,2.0
gemma-2-2b,96,desc,freq,en,zh,好,"The opposite of ""好"" is """,差,3,2,17.125,16.75,-0.375
gemma-2-2b,96,val,desc,en,zh,好,"The opposite of ""好"" is """,差,3,0,17.125,20.5,3.375
gemma-2-2b,96,val,val,en,zh,好,"The opposite of ""好"" is """,差,3,5,17.125,20.25,3.125
gemma-2-2b,96,val,freq,en,zh,好,"The opposite of ""好"" is """,差,3,2,17.125,18.125,1.0
gemma-2-2b,96,freq,desc,en,zh,好,"The opposite of ""好"" is """,差,3,3,17.125,20.0,2.875
gemma-2-2b,96,freq,val,en,zh,好,"The opposite of ""好"" is """,差,3,5,17.125,19.625,2.5
gemma-2-2b,96,freq,freq,en,zh,好,"The opposite of ""好"" is """,差,3,3,17.125,19.875,2.75
gemma-2-2b,97,desc,desc,en,zh,获胜,"The opposite of ""获胜"" is """,失败,0,1,20.5,21.375,0.875
gemma-2-2b,97,desc,val,en,zh,获胜,"The opposite of ""获胜"" is """,失败,0,3,20.5,21.5,1.0
gemma-2-2b,97,desc,freq,en,zh,获胜,"The opposite of ""获胜"" is """,失败,0,4,20.5,19.375,-1.125
gemma-2-2b,97,val,desc,en,zh,获胜,"The opposite of ""获胜"" is """,失败,0,9,20.5,22.375,1.875
gemma-2-2b,97,val,val,en,zh,获胜,"The opposite of ""获胜"" is """,失败,0,21,20.5,22.0,1.5
gemma-2-2b,97,val,freq,en,zh,获胜,"The opposite of ""获胜"" is """,失败,0,17,20.5,19.875,-0.625
gemma-2-2b,97,freq,desc,en,zh,获胜,"The opposite of ""获胜"" is """,失败,0,5,20.5,21.0,0.5
gemma-2-2b,97,freq,val,en,zh,获胜,"The opposite of ""获胜"" is """,失败,0,11,20.5,21.125,0.625
gemma-2-2b,97,freq,freq,en,zh,获胜,"The opposite of ""获胜"" is """,失败,0,10,20.5,21.375,0.875
gemma-2-2b,98,desc,desc,en,zh,不善良,"The opposite of ""不善良"" is """,善良,0,0,23.875,25.0,1.125
gemma-2-2b,98,desc,val,en,zh,不善良,"The opposite of ""不善良"" is """,善良,0,0,23.875,24.875,1.0
gemma-2-2b,98,desc,freq,en,zh,不善良,"The opposite of ""不善良"" is """,善良,0,0,23.875,22.875,-1.0
gemma-2-2b,98,val,desc,en,zh,不善良,"The opposite of ""不善良"" is """,善良,0,0,23.875,24.875,1.0
gemma-2-2b,98,val,val,en,zh,不善良,"The opposite of ""不善良"" is """,善良,0,0,23.875,25.25,1.375
gemma-2-2b,98,val,freq,en,zh,不善良,"The opposite of ""不善良"" is """,善良,0,0,23.875,22.5,-1.375
gemma-2-2b,98,freq,desc,en,zh,不善良,"The opposite of ""不善良"" is """,善良,0,0,23.875,23.75,-0.125
gemma-2-2b,98,freq,val,en,zh,不善良,"The opposite of ""不善良"" is """,善良,0,0,23.875,23.875,0.0
gemma-2-2b,98,freq,freq,en,zh,不善良,"The opposite of ""不善良"" is """,善良,0,0,23.875,24.5,0.625
gemma-2-2b,99,desc,desc,en,zh,懦弱,"The opposite of ""懦弱"" is """,勇敢,0,4,17.75,19.375,1.625
gemma-2-2b,99,desc,val,en,zh,懦弱,"The opposite of ""懦弱"" is """,勇敢,0,6,17.75,19.375,1.625
gemma-2-2b,99,desc,freq,en,zh,懦弱,"The opposite of ""懦弱"" is """,勇敢,0,8,17.75,16.125,-1.625
gemma-2-2b,99,val,desc,en,zh,懦弱,"The opposite of ""懦弱"" is """,勇敢,0,22,17.75,19.25,1.5
gemma-2-2b,99,val,val,en,zh,懦弱,"The opposite of ""懦弱"" is """,勇敢,0,19,17.75,20.75,3.0
gemma-2-2b,99,val,freq,en,zh,懦弱,"The opposite of ""懦弱"" is """,勇敢,0,25,17.75,15.8125,-1.9375
gemma-2-2b,99,freq,desc,en,zh,懦弱,"The opposite of ""懦弱"" is """,勇敢,0,27,17.75,18.125,0.375
gemma-2-2b,99,freq,val,en,zh,懦弱,"The opposite of ""懦弱"" is """,勇敢,0,21,17.75,18.375,0.625
gemma-2-2b,99,freq,freq,en,zh,懦弱,"The opposite of ""懦弱"" is """,勇敢,0,15,17.75,19.125,1.375
