model,sample_idx,ablation_method,amplification_method,prompt_lang,adj_lang,adjective,prompt,tracked_target,baseline_adj_rank,combined_adj_rank,baseline_target_logit,combined_target_logit,delta_combined_logit
gemma-2-2b,0,desc,desc,ja,de,gut,「gut」の反対は「,schlecht,373,373,15.5625,15.5625,0.0
gemma-2-2b,0,desc,val,ja,de,gut,「gut」の反対は「,schlecht,373,524,15.5625,14.125,-1.4375
gemma-2-2b,0,desc,freq,ja,de,gut,「gut」の反対は「,schlecht,373,151,15.5625,14.9375,-0.625
gemma-2-2b,0,val,desc,ja,de,gut,「gut」の反対は「,schlecht,373,8,15.5625,19.75,4.1875
gemma-2-2b,0,val,val,ja,de,gut,「gut」の反対は「,schlecht,373,512,15.5625,16.5,0.9375
gemma-2-2b,0,val,freq,ja,de,gut,「gut」の反対は「,schlecht,373,2,15.5625,20.25,4.6875
gemma-2-2b,0,freq,desc,ja,de,gut,「gut」の反対は「,schlecht,373,503,15.5625,15.5,-0.0625
gemma-2-2b,0,freq,val,ja,de,gut,「gut」の反対は「,schlecht,373,643,15.5625,13.625,-1.9375
gemma-2-2b,0,freq,freq,ja,de,gut,「gut」の反対は「,schlecht,373,469,15.5625,15.5625,0.0
gemma-2-2b,1,desc,desc,ja,de,glücklich,「glücklich」の反対は「,unglücklich,5,63,15.125,13.625,-1.5
gemma-2-2b,1,desc,val,ja,de,glücklich,「glücklich」の反対は「,unglücklich,5,81,15.125,12.4375,-2.6875
gemma-2-2b,1,desc,freq,ja,de,glücklich,「glücklich」の反対は「,unglücklich,5,95,15.125,12.75,-2.375
gemma-2-2b,1,val,desc,ja,de,glücklich,「glücklich」の反対は「,unglücklich,5,3,15.125,17.125,2.0
gemma-2-2b,1,val,val,ja,de,glücklich,「glücklich」の反対は「,unglücklich,5,46,15.125,15.0,-0.125
gemma-2-2b,1,val,freq,ja,de,glücklich,「glücklich」の反対は「,unglücklich,5,16,15.125,16.125,1.0
gemma-2-2b,1,freq,desc,ja,de,glücklich,「glücklich」の反対は「,unglücklich,5,64,15.125,13.75,-1.375
gemma-2-2b,1,freq,val,ja,de,glücklich,「glücklich」の反対は「,unglücklich,5,117,15.125,11.5625,-3.5625
gemma-2-2b,1,freq,freq,ja,de,glücklich,「glücklich」の反対は「,unglücklich,5,94,15.125,13.3125,-1.8125
gemma-2-2b,2,desc,desc,ja,de,groß,「groß」の反対は「,klein,0,0,22.375,21.125,-1.25
gemma-2-2b,2,desc,val,ja,de,groß,「groß」の反対は「,klein,0,0,22.375,20.125,-2.25
gemma-2-2b,2,desc,freq,ja,de,groß,「groß」の反対は「,klein,0,0,22.375,18.75,-3.625
gemma-2-2b,2,val,desc,ja,de,groß,「groß」の反対は「,klein,0,0,22.375,22.5,0.125
gemma-2-2b,2,val,val,ja,de,groß,「groß」の反対は「,klein,0,0,22.375,22.5,0.125
gemma-2-2b,2,val,freq,ja,de,groß,「groß」の反対は「,klein,0,0,22.375,19.875,-2.5
gemma-2-2b,2,freq,desc,ja,de,groß,「groß」の反対は「,klein,0,1,22.375,21.0,-1.375
gemma-2-2b,2,freq,val,ja,de,groß,「groß」の反対は「,klein,0,1,22.375,20.0,-2.375
gemma-2-2b,2,freq,freq,ja,de,groß,「groß」の反対は「,klein,0,1,22.375,21.125,-1.25
gemma-2-2b,3,desc,desc,ja,de,heiß,「heiß」の反対は「,kalt,0,2,19.125,17.5,-1.625
gemma-2-2b,3,desc,val,ja,de,heiß,「heiß」の反対は「,kalt,0,9,19.125,15.25,-3.875
gemma-2-2b,3,desc,freq,ja,de,heiß,「heiß」の反対は「,kalt,0,4,19.125,15.25,-3.875
gemma-2-2b,3,val,desc,ja,de,heiß,「heiß」の反対は「,kalt,0,1,19.125,19.75,0.625
gemma-2-2b,3,val,val,ja,de,heiß,「heiß」の反対は「,kalt,0,2,19.125,19.25,0.125
gemma-2-2b,3,val,freq,ja,de,heiß,「heiß」の反対は「,kalt,0,1,19.125,17.875,-1.25
gemma-2-2b,3,freq,desc,ja,de,heiß,「heiß」の反対は「,kalt,0,2,19.125,17.75,-1.375
gemma-2-2b,3,freq,val,ja,de,heiß,「heiß」の反対は「,kalt,0,2,19.125,16.125,-3.0
gemma-2-2b,3,freq,freq,ja,de,heiß,「heiß」の反対は「,kalt,0,2,19.125,17.75,-1.375
gemma-2-2b,4,desc,desc,ja,de,schnell,「schnell」の反対は「,langsam,1,11,21.375,18.25,-3.125
gemma-2-2b,4,desc,val,ja,de,schnell,「schnell」の反対は「,langsam,1,15,21.375,16.75,-4.625
gemma-2-2b,4,desc,freq,ja,de,schnell,「schnell」の反対は「,langsam,1,2,21.375,19.125,-2.25
gemma-2-2b,4,val,desc,ja,de,schnell,「schnell」の反対は「,langsam,1,1,21.375,21.5,0.125
gemma-2-2b,4,val,val,ja,de,schnell,「schnell」の反対は「,langsam,1,6,21.375,20.0,-1.375
gemma-2-2b,4,val,freq,ja,de,schnell,「schnell」の反対は「,langsam,1,0,21.375,20.625,-0.75
gemma-2-2b,4,freq,desc,ja,de,schnell,「schnell」の反対は「,langsam,1,22,21.375,17.75,-3.625
gemma-2-2b,4,freq,val,ja,de,schnell,「schnell」の反対は「,langsam,1,25,21.375,16.125,-5.25
gemma-2-2b,4,freq,freq,ja,de,schnell,「schnell」の反対は「,langsam,1,22,21.375,17.75,-3.625
gemma-2-2b,5,desc,desc,ja,de,leicht,「leicht」の反対は「,schwer,362,2213,9.875,7.90625,-1.96875
gemma-2-2b,5,desc,val,ja,de,leicht,「leicht」の反対は「,schwer,362,3416,9.875,6.03125,-3.84375
gemma-2-2b,5,desc,freq,ja,de,leicht,「leicht」の反対は「,schwer,362,582,9.875,9.0625,-0.8125
gemma-2-2b,5,val,desc,ja,de,leicht,「leicht」の反対は「,schwer,362,14,9.875,16.125,6.25
gemma-2-2b,5,val,val,ja,de,leicht,「leicht」の反対は「,schwer,362,2694,9.875,8.8125,-1.0625
gemma-2-2b,5,val,freq,ja,de,leicht,「leicht」の反対は「,schwer,362,6,9.875,16.125,6.25
gemma-2-2b,5,freq,desc,ja,de,leicht,「leicht」の反対は「,schwer,362,2172,9.875,8.0,-1.875
gemma-2-2b,5,freq,val,ja,de,leicht,「leicht」の反対は「,schwer,362,3957,9.875,5.28125,-4.59375
gemma-2-2b,5,freq,freq,ja,de,leicht,「leicht」の反対は「,schwer,362,2637,9.875,7.75,-2.125
gemma-2-2b,6,desc,desc,ja,de,einfach,「einfach」の反対は「,schwierig,31,781,15.5,12.5,-3.0
gemma-2-2b,6,desc,val,ja,de,einfach,「einfach」の反対は「,schwierig,31,1195,15.5,10.9375,-4.5625
gemma-2-2b,6,desc,freq,ja,de,einfach,「einfach」の反対は「,schwierig,31,203,15.5,14.0625,-1.4375
gemma-2-2b,6,val,desc,ja,de,einfach,「einfach」の反対は「,schwierig,31,4,15.5,19.25,3.75
gemma-2-2b,6,val,val,ja,de,einfach,「einfach」の反対は「,schwierig,31,861,15.5,13.625,-1.875
gemma-2-2b,6,val,freq,ja,de,einfach,「einfach」の反対は「,schwierig,31,4,15.5,18.75,3.25
gemma-2-2b,6,freq,desc,ja,de,einfach,「einfach」の反対は「,schwierig,31,983,15.5,12.4375,-3.0625
gemma-2-2b,6,freq,val,ja,de,einfach,「einfach」の反対は「,schwierig,31,1497,15.5,10.375,-5.125
gemma-2-2b,6,freq,freq,ja,de,einfach,「einfach」の反対は「,schwierig,31,1094,15.5,12.375,-3.125
gemma-2-2b,7,desc,desc,ja,de,neu,「neu」の反対は「,alt,112,112,18.125,18.125,0.0
gemma-2-2b,7,desc,val,ja,de,neu,「neu」の反対は「,alt,112,85,18.125,17.5,-0.625
gemma-2-2b,7,desc,freq,ja,de,neu,「neu」の反対は「,alt,112,134,18.125,16.75,-1.375
gemma-2-2b,7,val,desc,ja,de,neu,「neu」の反対は「,alt,112,74,18.125,19.75,1.625
gemma-2-2b,7,val,val,ja,de,neu,「neu」の反対は「,alt,112,146,18.125,19.0,0.875
gemma-2-2b,7,val,freq,ja,de,neu,「neu」の反対は「,alt,112,259,18.125,16.5,-1.625
gemma-2-2b,7,freq,desc,ja,de,neu,「neu」の反対は「,alt,112,185,18.125,17.75,-0.375
gemma-2-2b,7,freq,val,ja,de,neu,「neu」の反対は「,alt,112,183,18.125,16.375,-1.75
gemma-2-2b,7,freq,freq,ja,de,neu,「neu」の反対は「,alt,112,159,18.125,17.875,-0.25
gemma-2-2b,8,desc,desc,ja,de,wahr,「wahr」の反対は「,unwahr,0,3,22.375,20.5,-1.875
gemma-2-2b,8,desc,val,ja,de,wahr,「wahr」の反対は「,unwahr,0,3,22.375,19.625,-2.75
gemma-2-2b,8,desc,freq,ja,de,wahr,「wahr」の反対は「,unwahr,0,0,22.375,17.125,-5.25
gemma-2-2b,8,val,desc,ja,de,wahr,「wahr」の反対は「,unwahr,0,0,22.375,21.375,-1.0
gemma-2-2b,8,val,val,ja,de,wahr,「wahr」の反対は「,unwahr,0,0,22.375,21.625,-0.75
gemma-2-2b,8,val,freq,ja,de,wahr,「wahr」の反対は「,unwahr,0,1,22.375,17.75,-4.625
gemma-2-2b,8,freq,desc,ja,de,wahr,「wahr」の反対は「,unwahr,0,3,22.375,21.25,-1.125
gemma-2-2b,8,freq,val,ja,de,wahr,「wahr」の反対は「,unwahr,0,3,22.375,19.625,-2.75
gemma-2-2b,8,freq,freq,ja,de,wahr,「wahr」の反対は「,unwahr,0,3,22.375,21.0,-1.375
gemma-2-2b,9,desc,desc,ja,de,lebendig,「lebendig」の反対は「,tot,106,2468,13.75,10.1875,-3.5625
gemma-2-2b,9,desc,val,ja,de,lebendig,「lebendig」の反対は「,tot,106,2110,13.75,9.375,-4.375
gemma-2-2b,9,desc,freq,ja,de,lebendig,「lebendig」の反対は「,tot,106,18061,13.75,6.96875,-6.78125
gemma-2-2b,9,val,desc,ja,de,lebendig,「lebendig」の反対は「,tot,106,125,13.75,16.125,2.375
gemma-2-2b,9,val,val,ja,de,lebendig,「lebendig」の反対は「,tot,106,2552,13.75,11.5,-2.25
gemma-2-2b,9,val,freq,ja,de,lebendig,「lebendig」の反対は「,tot,106,3000,13.75,10.9375,-2.8125
gemma-2-2b,9,freq,desc,ja,de,lebendig,「lebendig」の反対は「,tot,106,8865,13.75,8.4375,-5.3125
gemma-2-2b,9,freq,val,ja,de,lebendig,「lebendig」の反対は「,tot,106,11423,13.75,6.125,-7.625
gemma-2-2b,9,freq,freq,ja,de,lebendig,「lebendig」の反対は「,tot,106,9808,13.75,8.0625,-5.6875
gemma-2-2b,10,desc,desc,ja,de,voll,「voll」の反対は「,leer,8,30,18.125,17.125,-1.0
gemma-2-2b,10,desc,val,ja,de,voll,「voll」の反対は「,leer,8,12,18.125,17.125,-1.0
gemma-2-2b,10,desc,freq,ja,de,voll,「voll」の反対は「,leer,8,88,18.125,15.375,-2.75
gemma-2-2b,10,val,desc,ja,de,voll,「voll」の反対は「,leer,8,3,18.125,20.875,2.75
gemma-2-2b,10,val,val,ja,de,voll,「voll」の反対は「,leer,8,14,18.125,19.375,1.25
gemma-2-2b,10,val,freq,ja,de,voll,「voll」の反対は「,leer,8,38,18.125,17.5,-0.625
gemma-2-2b,10,freq,desc,ja,de,voll,「voll」の反対は「,leer,8,63,18.125,16.75,-1.375
gemma-2-2b,10,freq,val,ja,de,voll,「voll」の反対は「,leer,8,45,18.125,16.125,-2.0
gemma-2-2b,10,freq,freq,ja,de,voll,「voll」の反対は「,leer,8,75,18.125,16.625,-1.5
gemma-2-2b,11,desc,desc,ja,de,hell,「hell」の反対は「,dunkel,58249,58249,3.375,3.375,0.0
gemma-2-2b,11,desc,val,ja,de,hell,「hell」の反対は「,dunkel,58249,35885,3.375,3.4375,0.0625
gemma-2-2b,11,desc,freq,ja,de,hell,「hell」の反対は「,dunkel,58249,69242,3.375,1.1640625,-2.2109375
gemma-2-2b,11,val,desc,ja,de,hell,「hell」の反対は「,dunkel,58249,13556,3.375,8.0,4.625
gemma-2-2b,11,val,val,ja,de,hell,「hell」の反対は「,dunkel,58249,35793,3.375,5.53125,2.15625
gemma-2-2b,11,val,freq,ja,de,hell,「hell」の反対は「,dunkel,58249,44483,3.375,3.671875,0.296875
gemma-2-2b,11,freq,desc,ja,de,hell,「hell」の反対は「,dunkel,58249,69485,3.375,2.875,-0.5
gemma-2-2b,11,freq,val,ja,de,hell,「hell」の反対は「,dunkel,58249,75050,3.375,0.65234375,-2.72265625
gemma-2-2b,11,freq,freq,ja,de,hell,「hell」の反対は「,dunkel,58249,81583,3.375,2.3125,-1.0625
gemma-2-2b,12,desc,desc,ja,de,stark,「stark」の反対は「,schwach,310,310,18.75,18.75,0.0
gemma-2-2b,12,desc,val,ja,de,stark,「stark」の反対は「,schwach,310,535,18.75,16.75,-2.0
gemma-2-2b,12,desc,freq,ja,de,stark,「stark」の反対は「,schwach,310,153,18.75,17.75,-1.0
gemma-2-2b,12,val,desc,ja,de,stark,「stark」の反対は「,schwach,310,10,18.75,22.25,3.5
gemma-2-2b,12,val,val,ja,de,stark,「stark」の反対は「,schwach,310,400,18.75,19.125,0.375
gemma-2-2b,12,val,freq,ja,de,stark,「stark」の反対は「,schwach,310,4,18.75,21.125,2.375
gemma-2-2b,12,freq,desc,ja,de,stark,「stark」の反対は「,schwach,310,478,18.75,18.25,-0.5
gemma-2-2b,12,freq,val,ja,de,stark,「stark」の反対は「,schwach,310,503,18.75,16.5,-2.25
gemma-2-2b,12,freq,freq,ja,de,stark,「stark」の反対は「,schwach,310,492,18.75,18.25,-0.5
gemma-2-2b,13,desc,desc,ja,de,sauber,「sauber」の反対は「,schmutzig,1,49,19.75,15.8125,-3.9375
gemma-2-2b,13,desc,val,ja,de,sauber,「sauber」の反対は「,schmutzig,1,73,19.75,14.5,-5.25
gemma-2-2b,13,desc,freq,ja,de,sauber,「sauber」の反対は「,schmutzig,1,34,19.75,15.9375,-3.8125
gemma-2-2b,13,val,desc,ja,de,sauber,「sauber」の反対は「,schmutzig,1,0,19.75,21.125,1.375
gemma-2-2b,13,val,val,ja,de,sauber,「sauber」の反対は「,schmutzig,1,38,19.75,17.625,-2.125
gemma-2-2b,13,val,freq,ja,de,sauber,「sauber」の反対は「,schmutzig,1,2,19.75,19.0,-0.75
gemma-2-2b,13,freq,desc,ja,de,sauber,「sauber」の反対は「,schmutzig,1,86,19.75,15.8125,-3.9375
gemma-2-2b,13,freq,val,ja,de,sauber,「sauber」の反対は「,schmutzig,1,106,19.75,14.25,-5.5
gemma-2-2b,13,freq,freq,ja,de,sauber,「sauber」の反対は「,schmutzig,1,81,19.75,15.8125,-3.9375
gemma-2-2b,14,desc,desc,ja,de,offen,「offen」の反対は「,geschlossen,13,133,19.875,17.625,-2.25
gemma-2-2b,14,desc,val,ja,de,offen,「offen」の反対は「,geschlossen,13,133,19.875,16.625,-3.25
gemma-2-2b,14,desc,freq,ja,de,offen,「offen」の反対は「,geschlossen,13,48,19.875,17.875,-2.0
gemma-2-2b,14,val,desc,ja,de,offen,「offen」の反対は「,geschlossen,13,90,19.875,19.625,-0.25
gemma-2-2b,14,val,val,ja,de,offen,「offen」の反対は「,geschlossen,13,187,19.875,18.625,-1.25
gemma-2-2b,14,val,freq,ja,de,offen,「offen」の反対は「,geschlossen,13,104,19.875,17.875,-2.0
gemma-2-2b,14,freq,desc,ja,de,offen,「offen」の反対は「,geschlossen,13,111,19.875,18.0,-1.875
gemma-2-2b,14,freq,val,ja,de,offen,「offen」の反対は「,geschlossen,13,102,19.875,17.0,-2.875
gemma-2-2b,14,freq,freq,ja,de,offen,「offen」の反対は「,geschlossen,13,117,19.875,17.875,-2.0
gemma-2-2b,15,desc,desc,ja,de,reich,「reich」の反対は「,arm,1063,1704,15.375,14.875,-0.5
gemma-2-2b,15,desc,val,ja,de,reich,「reich」の反対は「,arm,1063,2808,15.375,13.1875,-2.1875
gemma-2-2b,15,desc,freq,ja,de,reich,「reich」の反対は「,arm,1063,784,15.375,14.875,-0.5
gemma-2-2b,15,val,desc,ja,de,reich,「reich」の反対は「,arm,1063,236,15.375,18.25,2.875
gemma-2-2b,15,val,val,ja,de,reich,「reich」の反対は「,arm,1063,1790,15.375,15.9375,0.5625
gemma-2-2b,15,val,freq,ja,de,reich,「reich」の反対は「,arm,1063,218,15.375,17.5,2.125
gemma-2-2b,15,freq,desc,ja,de,reich,「reich」の反対は「,arm,1063,3552,15.375,14.125,-1.25
gemma-2-2b,15,freq,val,ja,de,reich,「reich」の反対は「,arm,1063,4318,15.375,12.25,-3.125
gemma-2-2b,15,freq,freq,ja,de,reich,「reich」の反対は「,arm,1063,3116,15.375,14.3125,-1.0625
gemma-2-2b,16,desc,desc,ja,de,schön,「schön」の反対は「,hässlich,7,58,16.125,15.0,-1.125
gemma-2-2b,16,desc,val,ja,de,schön,「schön」の反対は「,hässlich,7,112,16.125,13.1875,-2.9375
gemma-2-2b,16,desc,freq,ja,de,schön,「schön」の反対は「,hässlich,7,186,16.125,12.5625,-3.5625
gemma-2-2b,16,val,desc,ja,de,schön,「schön」の反対は「,hässlich,7,30,16.125,16.0,-0.125
gemma-2-2b,16,val,val,ja,de,schön,「schön」の反対は「,hässlich,7,101,16.125,15.5625,-0.5625
gemma-2-2b,16,val,freq,ja,de,schön,「schön」の反対は「,hässlich,7,96,16.125,13.3125,-2.8125
gemma-2-2b,16,freq,desc,ja,de,schön,「schön」の反対は「,hässlich,7,95,16.125,15.125,-1.0
gemma-2-2b,16,freq,val,ja,de,schön,「schön」の反対は「,hässlich,7,182,16.125,12.625,-3.5
gemma-2-2b,16,freq,freq,ja,de,schön,「schön」の反対は「,hässlich,7,114,16.125,14.875,-1.25
gemma-2-2b,17,desc,desc,ja,de,lang,「lang」の反対は「,kurz,17297,17297,11.1875,11.1875,0.0
gemma-2-2b,17,desc,val,ja,de,lang,「lang」の反対は「,kurz,17297,30416,11.1875,8.875,-2.3125
gemma-2-2b,17,desc,freq,ja,de,lang,「lang」の反対は「,kurz,17297,32682,11.1875,8.375,-2.8125
gemma-2-2b,17,val,desc,ja,de,lang,「lang」の反対は「,kurz,17297,2855,11.1875,15.25,4.0625
gemma-2-2b,17,val,val,ja,de,lang,「lang」の反対は「,kurz,17297,24858,11.1875,11.8125,0.625
gemma-2-2b,17,val,freq,ja,de,lang,「lang」の反対は「,kurz,17297,9462,11.1875,10.9375,-0.25
gemma-2-2b,17,freq,desc,ja,de,lang,「lang」の反対は「,kurz,17297,24834,11.1875,10.625,-0.5625
gemma-2-2b,17,freq,val,ja,de,lang,「lang」の反対は「,kurz,17297,49567,11.1875,7.28125,-3.90625
gemma-2-2b,17,freq,freq,ja,de,lang,「lang」の反対は「,kurz,17297,28964,11.1875,10.375,-0.8125
gemma-2-2b,18,desc,desc,ja,de,breit,「breit」の反対は「,eng,754,754,14.875,14.875,0.0
gemma-2-2b,18,desc,val,ja,de,breit,「breit」の反対は「,eng,754,1478,14.875,13.4375,-1.4375
gemma-2-2b,18,desc,freq,ja,de,breit,「breit」の反対は「,eng,754,426,14.875,15.375,0.5
gemma-2-2b,18,val,desc,ja,de,breit,「breit」の反対は「,eng,754,176,14.875,18.75,3.875
gemma-2-2b,18,val,val,ja,de,breit,「breit」の反対は「,eng,754,988,14.875,16.0,1.125
gemma-2-2b,18,val,freq,ja,de,breit,「breit」の反対は「,eng,754,158,14.875,18.25,3.375
gemma-2-2b,18,freq,desc,ja,de,breit,「breit」の反対は「,eng,754,1178,14.875,14.5,-0.375
gemma-2-2b,18,freq,val,ja,de,breit,「breit」の反対は「,eng,754,1914,14.875,12.75,-2.125
gemma-2-2b,18,freq,freq,ja,de,breit,「breit」の反対は「,eng,754,1322,14.875,14.4375,-0.4375
gemma-2-2b,19,desc,desc,ja,de,hart,「hart」の反対は「,weich,1188,1188,16.125,16.125,0.0
gemma-2-2b,19,desc,val,ja,de,hart,「hart」の反対は「,weich,1188,2037,16.125,14.3125,-1.8125
gemma-2-2b,19,desc,freq,ja,de,hart,「hart」の反対は「,weich,1188,1191,16.125,14.75,-1.375
gemma-2-2b,19,val,desc,ja,de,hart,「hart」の反対は「,weich,1188,106,16.125,19.5,3.375
gemma-2-2b,19,val,val,ja,de,hart,「hart」の反対は「,weich,1188,3375,16.125,15.8125,-0.3125
gemma-2-2b,19,val,freq,ja,de,hart,「hart」の反対は「,weich,1188,165,16.125,18.125,2.0
gemma-2-2b,19,freq,desc,ja,de,hart,「hart」の反対は「,weich,1188,991,16.125,16.375,0.25
gemma-2-2b,19,freq,val,ja,de,hart,「hart」の反対は「,weich,1188,1114,16.125,14.5,-1.625
gemma-2-2b,19,freq,freq,ja,de,hart,「hart」の反対は「,weich,1188,912,16.125,16.5,0.375
gemma-2-2b,20,desc,desc,ja,de,trocken,「trocken」の反対は「,nass,1160,11430,8.625,5.5,-3.125
gemma-2-2b,20,desc,val,ja,de,trocken,「trocken」の反対は「,nass,1160,4220,8.625,6.28125,-2.34375
gemma-2-2b,20,desc,freq,ja,de,trocken,「trocken」の反対は「,nass,1160,5810,8.625,5.8125,-2.8125
gemma-2-2b,20,val,desc,ja,de,trocken,「trocken」の反対は「,nass,1160,881,8.625,11.8125,3.1875
gemma-2-2b,20,val,val,ja,de,trocken,「trocken」の反対は「,nass,1160,9296,8.625,7.0,-1.625
gemma-2-2b,20,val,freq,ja,de,trocken,「trocken」の反対は「,nass,1160,2669,8.625,8.5625,-0.0625
gemma-2-2b,20,freq,desc,ja,de,trocken,「trocken」の反対は「,nass,1160,22560,8.625,4.21875,-4.40625
gemma-2-2b,20,freq,val,ja,de,trocken,「trocken」の反対は「,nass,1160,18153,8.625,2.734375,-5.890625
gemma-2-2b,20,freq,freq,ja,de,trocken,「trocken」の反対は「,nass,1160,22658,8.625,4.125,-4.5
gemma-2-2b,21,desc,desc,ja,de,laut,「laut」の反対は「,still,22,31,17.0,16.75,-0.25
gemma-2-2b,21,desc,val,ja,de,laut,「laut」の反対は「,still,22,80,17.0,15.125,-1.875
gemma-2-2b,21,desc,freq,ja,de,laut,「laut」の反対は「,still,22,206,17.0,14.4375,-2.5625
gemma-2-2b,21,val,desc,ja,de,laut,「laut」の反対は「,still,22,4,17.0,19.625,2.625
gemma-2-2b,21,val,val,ja,de,laut,「laut」の反対は「,still,22,36,17.0,18.125,1.125
gemma-2-2b,21,val,freq,ja,de,laut,「laut」の反対は「,still,22,3,17.0,15.6875,-1.3125
gemma-2-2b,21,freq,desc,ja,de,laut,「laut」の反対は「,still,22,41,17.0,16.75,-0.25
gemma-2-2b,21,freq,val,ja,de,laut,「laut」の反対は「,still,22,142,17.0,14.3125,-2.6875
gemma-2-2b,21,freq,freq,ja,de,laut,「laut」の反対は「,still,22,68,17.0,16.25,-0.75
gemma-2-2b,22,desc,desc,ja,de,früh,「früh」の反対は「,spät,4,53,18.625,15.9375,-2.6875
gemma-2-2b,22,desc,val,ja,de,früh,「früh」の反対は「,spät,4,72,18.625,14.75,-3.875
gemma-2-2b,22,desc,freq,ja,de,früh,「früh」の反対は「,spät,4,10,18.625,16.75,-1.875
gemma-2-2b,22,val,desc,ja,de,früh,「früh」の反対は「,spät,4,14,18.625,19.25,0.625
gemma-2-2b,22,val,val,ja,de,früh,「früh」の反対は「,spät,4,40,18.625,17.875,-0.75
gemma-2-2b,22,val,freq,ja,de,früh,「früh」の反対は「,spät,4,16,18.625,17.125,-1.5
gemma-2-2b,22,freq,desc,ja,de,früh,「früh」の反対は「,spät,4,81,18.625,15.6875,-2.9375
gemma-2-2b,22,freq,val,ja,de,früh,「früh」の反対は「,spät,4,130,18.625,14.0625,-4.5625
gemma-2-2b,22,freq,freq,ja,de,früh,「früh」の反対は「,spät,4,85,18.625,15.6875,-2.9375
gemma-2-2b,23,desc,desc,ja,de,nah,「nah」の反対は「,fern,17087,17087,9.875,9.875,0.0
gemma-2-2b,23,desc,val,ja,de,nah,「nah」の反対は「,fern,17087,11681,9.875,9.4375,-0.4375
gemma-2-2b,23,desc,freq,ja,de,nah,「nah」の反対は「,fern,17087,26574,9.875,7.28125,-2.59375
gemma-2-2b,23,val,desc,ja,de,nah,「nah」の反対は「,fern,17087,5220,9.875,13.375,3.5
gemma-2-2b,23,val,val,ja,de,nah,「nah」の反対は「,fern,17087,12615,9.875,11.625,1.75
gemma-2-2b,23,val,freq,ja,de,nah,「nah」の反対は「,fern,17087,10711,9.875,9.875,0.0
gemma-2-2b,23,freq,desc,ja,de,nah,「nah」の反対は「,fern,17087,29631,9.875,8.8125,-1.0625
gemma-2-2b,23,freq,val,ja,de,nah,「nah」の反対は「,fern,17087,36651,9.875,6.5,-3.375
gemma-2-2b,23,freq,freq,ja,de,nah,「nah」の反対は「,fern,17087,32737,9.875,8.5625,-1.3125
gemma-2-2b,24,desc,desc,ja,de,tief,「tief」の反対は「,flach,147,656,15.5,13.9375,-1.5625
gemma-2-2b,24,desc,val,ja,de,tief,「tief」の反対は「,flach,147,1120,15.5,12.4375,-3.0625
gemma-2-2b,24,desc,freq,ja,de,tief,「tief」の反対は「,flach,147,2992,15.5,11.3125,-4.1875
gemma-2-2b,24,val,desc,ja,de,tief,「tief」の反対は「,flach,147,157,15.5,17.0,1.5
gemma-2-2b,24,val,val,ja,de,tief,「tief」の反対は「,flach,147,468,15.5,15.6875,0.1875
gemma-2-2b,24,val,freq,ja,de,tief,「tief」の反対は「,flach,147,775,15.5,14.5,-1.0
gemma-2-2b,24,freq,desc,ja,de,tief,「tief」の反対は「,flach,147,998,15.5,13.75,-1.75
gemma-2-2b,24,freq,val,ja,de,tief,「tief」の反対は「,flach,147,2212,15.5,11.25,-4.25
gemma-2-2b,24,freq,freq,ja,de,tief,「tief」の反対は「,flach,147,1550,15.5,13.125,-2.375
gemma-2-2b,25,desc,desc,ja,de,schlecht,「schlecht」の反対は「,gut,0,44,22.125,16.875,-5.25
gemma-2-2b,25,desc,val,ja,de,schlecht,「schlecht」の反対は「,gut,0,118,22.125,14.875,-7.25
gemma-2-2b,25,desc,freq,ja,de,schlecht,「schlecht」の反対は「,gut,0,629,22.125,12.8125,-9.3125
gemma-2-2b,25,val,desc,ja,de,schlecht,「schlecht」の反対は「,gut,0,3,22.125,21.0,-1.125
gemma-2-2b,25,val,val,ja,de,schlecht,「schlecht」の反対は「,gut,0,62,22.125,17.875,-4.25
gemma-2-2b,25,val,freq,ja,de,schlecht,「schlecht」の反対は「,gut,0,60,22.125,15.8125,-6.3125
gemma-2-2b,25,freq,desc,ja,de,schlecht,「schlecht」の反対は「,gut,0,183,22.125,15.5625,-6.5625
gemma-2-2b,25,freq,val,ja,de,schlecht,「schlecht」の反対は「,gut,0,337,22.125,13.1875,-8.9375
gemma-2-2b,25,freq,freq,ja,de,schlecht,「schlecht」の反対は「,gut,0,225,22.125,15.25,-6.875
gemma-2-2b,26,desc,desc,ja,de,traurig,「traurig」の反対は「,glücklich,0,4,21.375,19.75,-1.625
gemma-2-2b,26,desc,val,ja,de,traurig,「traurig」の反対は「,glücklich,0,3,21.375,19.5,-1.875
gemma-2-2b,26,desc,freq,ja,de,traurig,「traurig」の反対は「,glücklich,0,0,21.375,18.5,-2.875
gemma-2-2b,26,val,desc,ja,de,traurig,「traurig」の反対は「,glücklich,0,0,21.375,22.0,0.625
gemma-2-2b,26,val,val,ja,de,traurig,「traurig」の反対は「,glücklich,0,4,21.375,21.0,-0.375
gemma-2-2b,26,val,freq,ja,de,traurig,「traurig」の反対は「,glücklich,0,0,21.375,19.75,-1.625
gemma-2-2b,26,freq,desc,ja,de,traurig,「traurig」の反対は「,glücklich,0,2,21.375,20.75,-0.625
gemma-2-2b,26,freq,val,ja,de,traurig,「traurig」の反対は「,glücklich,0,3,21.375,19.75,-1.625
gemma-2-2b,26,freq,freq,ja,de,traurig,「traurig」の反対は「,glücklich,0,2,21.375,20.5,-0.875
gemma-2-2b,27,desc,desc,ja,de,klein,「klein」の反対は「,groß,8,11,18.25,17.75,-0.5
gemma-2-2b,27,desc,val,ja,de,klein,「klein」の反対は「,groß,8,13,18.25,16.5,-1.75
gemma-2-2b,27,desc,freq,ja,de,klein,「klein」の反対は「,groß,8,6,18.25,17.75,-0.5
gemma-2-2b,27,val,desc,ja,de,klein,「klein」の反対は「,groß,8,1,18.25,20.375,2.125
gemma-2-2b,27,val,val,ja,de,klein,「klein」の反対は「,groß,8,16,18.25,18.75,0.5
gemma-2-2b,27,val,freq,ja,de,klein,「klein」の反対は「,groß,8,0,18.25,20.125,1.875
gemma-2-2b,27,freq,desc,ja,de,klein,「klein」の反対は「,groß,8,15,18.25,17.75,-0.5
gemma-2-2b,27,freq,val,ja,de,klein,「klein」の反対は「,groß,8,15,18.25,16.25,-2.0
gemma-2-2b,27,freq,freq,ja,de,klein,「klein」の反対は「,groß,8,15,18.25,17.75,-0.5
gemma-2-2b,28,desc,desc,ja,de,kalt,「kalt」の反対は「,heiß,9,21,17.75,16.5,-1.25
gemma-2-2b,28,desc,val,ja,de,kalt,「kalt」の反対は「,heiß,9,60,17.75,14.25,-3.5
gemma-2-2b,28,desc,freq,ja,de,kalt,「kalt」の反対は「,heiß,9,70,17.75,14.25,-3.5
gemma-2-2b,28,val,desc,ja,de,kalt,「kalt」の反対は「,heiß,9,9,17.75,19.75,2.0
gemma-2-2b,28,val,val,ja,de,kalt,「kalt」の反対は「,heiß,9,34,17.75,17.5,-0.25
gemma-2-2b,28,val,freq,ja,de,kalt,「kalt」の反対は「,heiß,9,9,17.75,17.75,0.0
gemma-2-2b,28,freq,desc,ja,de,kalt,「kalt」の反対は「,heiß,9,27,17.75,16.75,-1.0
gemma-2-2b,28,freq,val,ja,de,kalt,「kalt」の反対は「,heiß,9,55,17.75,14.5625,-3.1875
gemma-2-2b,28,freq,freq,ja,de,kalt,「kalt」の反対は「,heiß,9,32,17.75,16.5,-1.25
gemma-2-2b,29,desc,desc,ja,de,langsam,「langsam」の反対は「,schnell,0,6,22.5,21.25,-1.25
gemma-2-2b,29,desc,val,ja,de,langsam,「langsam」の反対は「,schnell,0,9,22.5,20.125,-2.375
gemma-2-2b,29,desc,freq,ja,de,langsam,「langsam」の反対は「,schnell,0,6,22.5,19.75,-2.75
gemma-2-2b,29,val,desc,ja,de,langsam,「langsam」の反対は「,schnell,0,0,22.5,23.125,0.625
gemma-2-2b,29,val,val,ja,de,langsam,「langsam」の反対は「,schnell,0,9,22.5,22.25,-0.25
gemma-2-2b,29,val,freq,ja,de,langsam,「langsam」の反対は「,schnell,0,2,22.5,20.75,-1.75
gemma-2-2b,29,freq,desc,ja,de,langsam,「langsam」の反対は「,schnell,0,9,22.5,21.375,-1.125
gemma-2-2b,29,freq,val,ja,de,langsam,「langsam」の反対は「,schnell,0,14,22.5,20.125,-2.375
gemma-2-2b,29,freq,freq,ja,de,langsam,「langsam」の反対は「,schnell,0,9,22.5,21.375,-1.125
gemma-2-2b,30,desc,desc,ja,de,schwer,「schwer」の反対は「,leicht,0,0,23.125,22.0,-1.125
gemma-2-2b,30,desc,val,ja,de,schwer,「schwer」の反対は「,leicht,0,0,23.125,21.75,-1.375
gemma-2-2b,30,desc,freq,ja,de,schwer,「schwer」の反対は「,leicht,0,2,23.125,19.0,-4.125
gemma-2-2b,30,val,desc,ja,de,schwer,「schwer」の反対は「,leicht,0,1,23.125,23.125,0.0
gemma-2-2b,30,val,val,ja,de,schwer,「schwer」の反対は「,leicht,0,0,23.125,23.125,0.0
gemma-2-2b,30,val,freq,ja,de,schwer,「schwer」の反対は「,leicht,0,3,23.125,19.125,-4.0
gemma-2-2b,30,freq,desc,ja,de,schwer,「schwer」の反対は「,leicht,0,0,23.125,22.75,-0.375
gemma-2-2b,30,freq,val,ja,de,schwer,「schwer」の反対は「,leicht,0,0,23.125,22.125,-1.0
gemma-2-2b,30,freq,freq,ja,de,schwer,「schwer」の反対は「,leicht,0,0,23.125,22.875,-0.25
gemma-2-2b,31,desc,desc,ja,de,schwierig,「schwierig」の反対は「,einfach,2,13,19.125,17.125,-2.0
gemma-2-2b,31,desc,val,ja,de,schwierig,「schwierig」の反対は「,einfach,2,13,19.125,16.125,-3.0
gemma-2-2b,31,desc,freq,ja,de,schwierig,「schwierig」の反対は「,einfach,2,24,19.125,16.375,-2.75
gemma-2-2b,31,val,desc,ja,de,schwierig,「schwierig」の反対は「,einfach,2,1,19.125,21.375,2.25
gemma-2-2b,31,val,val,ja,de,schwierig,「schwierig」の反対は「,einfach,2,18,19.125,17.875,-1.25
gemma-2-2b,31,val,freq,ja,de,schwierig,「schwierig」の反対は「,einfach,2,3,19.125,19.625,0.5
gemma-2-2b,31,freq,desc,ja,de,schwierig,「schwierig」の反対は「,einfach,2,16,19.125,17.125,-2.0
gemma-2-2b,31,freq,val,ja,de,schwierig,「schwierig」の反対は「,einfach,2,28,19.125,15.375,-3.75
gemma-2-2b,31,freq,freq,ja,de,schwierig,「schwierig」の反対は「,einfach,2,25,19.125,16.75,-2.375
gemma-2-2b,32,desc,desc,ja,de,alt,「alt」の反対は「,neu,1176,1176,15.9375,15.9375,0.0
gemma-2-2b,32,desc,val,ja,de,alt,「alt」の反対は「,neu,1176,966,15.9375,15.0,-0.9375
gemma-2-2b,32,desc,freq,ja,de,alt,「alt」の反対は「,neu,1176,159,15.9375,17.0,1.0625
gemma-2-2b,32,val,desc,ja,de,alt,「alt」の反対は「,neu,1176,126,15.9375,19.5,3.5625
gemma-2-2b,32,val,val,ja,de,alt,「alt」の反対は「,neu,1176,988,15.9375,17.125,1.1875
gemma-2-2b,32,val,freq,ja,de,alt,「alt」の反対は「,neu,1176,18,15.9375,19.5,3.5625
gemma-2-2b,32,freq,desc,ja,de,alt,「alt」の反対は「,neu,1176,2050,15.9375,15.25,-0.6875
gemma-2-2b,32,freq,val,ja,de,alt,「alt」の反対は「,neu,1176,1774,15.9375,13.75,-2.1875
gemma-2-2b,32,freq,freq,ja,de,alt,「alt」の反対は「,neu,1176,1728,15.9375,15.5,-0.4375
gemma-2-2b,33,desc,desc,ja,de,falsch,「falsch」の反対は「,richtig,0,13,20.75,18.125,-2.625
gemma-2-2b,33,desc,val,ja,de,falsch,「falsch」の反対は「,richtig,0,15,20.75,17.5,-3.25
gemma-2-2b,33,desc,freq,ja,de,falsch,「falsch」の反対は「,richtig,0,10,20.75,16.875,-3.875
gemma-2-2b,33,val,desc,ja,de,falsch,「falsch」の反対は「,richtig,0,0,20.75,21.125,0.375
gemma-2-2b,33,val,val,ja,de,falsch,「falsch」の反対は「,richtig,0,13,20.75,19.625,-1.125
gemma-2-2b,33,val,freq,ja,de,falsch,「falsch」の反対は「,richtig,0,7,20.75,17.625,-3.125
gemma-2-2b,33,freq,desc,ja,de,falsch,「falsch」の反対は「,richtig,0,27,20.75,17.875,-2.875
gemma-2-2b,33,freq,val,ja,de,falsch,「falsch」の反対は「,richtig,0,30,20.75,16.5,-4.25
gemma-2-2b,33,freq,freq,ja,de,falsch,「falsch」の反対は「,richtig,0,28,20.75,17.75,-3.0
gemma-2-2b,34,desc,desc,ja,de,tot,「tot」の反対は「,lebendig,20459,20459,11.6875,11.6875,0.0
gemma-2-2b,34,desc,val,ja,de,tot,「tot」の反対は「,lebendig,20459,19025,11.6875,10.8125,-0.875
gemma-2-2b,34,desc,freq,ja,de,tot,「tot」の反対は「,lebendig,20459,12597,11.6875,11.25,-0.4375
gemma-2-2b,34,val,desc,ja,de,tot,「tot」の反対は「,lebendig,20459,2326,11.6875,16.5,4.8125
gemma-2-2b,34,val,val,ja,de,tot,「tot」の反対は「,lebendig,20459,28582,11.6875,12.125,0.4375
gemma-2-2b,34,val,freq,ja,de,tot,「tot」の反対は「,lebendig,20459,1763,11.6875,15.25,3.5625
gemma-2-2b,34,freq,desc,ja,de,tot,「tot」の反対は「,lebendig,20459,15949,11.6875,12.3125,0.625
gemma-2-2b,34,freq,val,ja,de,tot,「tot」の反対は「,lebendig,20459,15938,11.6875,10.75,-0.9375
gemma-2-2b,34,freq,freq,ja,de,tot,「tot」の反対は「,lebendig,20459,18138,11.6875,12.0625,0.375
gemma-2-2b,35,desc,desc,ja,de,leer,「leer」の反対は「,voll,9215,9215,12.3125,12.3125,0.0
gemma-2-2b,35,desc,val,ja,de,leer,「leer」の反対は「,voll,9215,14344,12.3125,10.3125,-2.0
gemma-2-2b,35,desc,freq,ja,de,leer,「leer」の反対は「,voll,9215,77973,12.3125,5.40625,-6.90625
gemma-2-2b,35,val,desc,ja,de,leer,「leer」の反対は「,voll,9215,10068,12.3125,12.5,0.1875
gemma-2-2b,35,val,val,ja,de,leer,「leer」の反対は「,voll,9215,12341,12.3125,12.5625,0.25
gemma-2-2b,35,val,freq,ja,de,leer,「leer」の反対は「,voll,9215,70218,12.3125,5.46875,-6.84375
gemma-2-2b,35,freq,desc,ja,de,leer,「leer」の反対は「,voll,9215,9785,12.3125,12.625,0.3125
gemma-2-2b,35,freq,val,ja,de,leer,「leer」の反対は「,voll,9215,17126,12.3125,9.75,-2.5625
gemma-2-2b,35,freq,freq,ja,de,leer,「leer」の反対は「,voll,9215,11621,12.3125,12.25,-0.0625
gemma-2-2b,36,desc,desc,ja,de,dunkel,「dunkel」の反対は「,hell,0,24,21.125,16.5,-4.625
gemma-2-2b,36,desc,val,ja,de,dunkel,「dunkel」の反対は「,hell,0,18,21.125,16.5,-4.625
gemma-2-2b,36,desc,freq,ja,de,dunkel,「dunkel」の反対は「,hell,0,16,21.125,16.625,-4.5
gemma-2-2b,36,val,desc,ja,de,dunkel,「dunkel」の反対は「,hell,0,1,21.125,20.875,-0.25
gemma-2-2b,36,val,val,ja,de,dunkel,「dunkel」の反対は「,hell,0,14,21.125,18.875,-2.25
gemma-2-2b,36,val,freq,ja,de,dunkel,「dunkel」の反対は「,hell,0,2,21.125,18.125,-3.0
gemma-2-2b,36,freq,desc,ja,de,dunkel,「dunkel」の反対は「,hell,0,89,21.125,15.8125,-5.3125
gemma-2-2b,36,freq,val,ja,de,dunkel,「dunkel」の反対は「,hell,0,73,21.125,14.6875,-6.4375
gemma-2-2b,36,freq,freq,ja,de,dunkel,「dunkel」の反対は「,hell,0,85,21.125,15.6875,-5.4375
gemma-2-2b,37,desc,desc,ja,de,schwach,「schwach」の反対は「,stark,3,13,21.75,19.625,-2.125
gemma-2-2b,37,desc,val,ja,de,schwach,「schwach」の反対は「,stark,3,9,21.75,19.375,-2.375
gemma-2-2b,37,desc,freq,ja,de,schwach,「schwach」の反対は「,stark,3,34,21.75,18.125,-3.625
gemma-2-2b,37,val,desc,ja,de,schwach,「schwach」の反対は「,stark,3,7,21.75,21.25,-0.5
gemma-2-2b,37,val,val,ja,de,schwach,「schwach」の反対は「,stark,3,11,21.75,21.0,-0.75
gemma-2-2b,37,val,freq,ja,de,schwach,「schwach」の反対は「,stark,3,96,21.75,17.375,-4.375
gemma-2-2b,37,freq,desc,ja,de,schwach,「schwach」の反対は「,stark,3,31,21.75,19.125,-2.625
gemma-2-2b,37,freq,val,ja,de,schwach,「schwach」の反対は「,stark,3,35,21.75,17.75,-4.0
gemma-2-2b,37,freq,freq,ja,de,schwach,「schwach」の反対は「,stark,3,29,21.75,19.125,-2.625
gemma-2-2b,38,desc,desc,ja,de,schmutzig,「schmutzig」の反対は「,sauber,2,57,17.75,14.3125,-3.4375
gemma-2-2b,38,desc,val,ja,de,schmutzig,「schmutzig」の反対は「,sauber,2,65,17.75,13.625,-4.125
gemma-2-2b,38,desc,freq,ja,de,schmutzig,「schmutzig」の反対は「,sauber,2,11,17.75,15.5625,-2.1875
gemma-2-2b,38,val,desc,ja,de,schmutzig,「schmutzig」の反対は「,sauber,2,8,17.75,18.125,0.375
gemma-2-2b,38,val,val,ja,de,schmutzig,「schmutzig」の反対は「,sauber,2,77,17.75,15.5625,-2.1875
gemma-2-2b,38,val,freq,ja,de,schmutzig,「schmutzig」の反対は「,sauber,2,22,17.75,15.8125,-1.9375
gemma-2-2b,38,freq,desc,ja,de,schmutzig,「schmutzig」の反対は「,sauber,2,118,17.75,14.125,-3.625
gemma-2-2b,38,freq,val,ja,de,schmutzig,「schmutzig」の反対は「,sauber,2,153,17.75,12.25,-5.5
gemma-2-2b,38,freq,freq,ja,de,schmutzig,「schmutzig」の反対は「,sauber,2,118,17.75,14.0625,-3.6875
gemma-2-2b,39,desc,desc,ja,de,geschlossen,「geschlossen」の反対は「,offen,1138,3440,8.3125,7.21875,-1.09375
gemma-2-2b,39,desc,val,ja,de,geschlossen,「geschlossen」の反対は「,offen,1138,1482,8.3125,7.46875,-0.84375
gemma-2-2b,39,desc,freq,ja,de,geschlossen,「geschlossen」の反対は「,offen,1138,2035,8.3125,6.9375,-1.375
gemma-2-2b,39,val,desc,ja,de,geschlossen,「geschlossen」の反対は「,offen,1138,22,8.3125,16.0,7.6875
gemma-2-2b,39,val,val,ja,de,geschlossen,「geschlossen」の反対は「,offen,1138,3292,8.3125,8.5,0.1875
gemma-2-2b,39,val,freq,ja,de,geschlossen,「geschlossen」の反対は「,offen,1138,62,8.3125,14.125,5.8125
gemma-2-2b,39,freq,desc,ja,de,geschlossen,「geschlossen」の反対は「,offen,1138,6511,8.3125,6.125,-2.1875
gemma-2-2b,39,freq,val,ja,de,geschlossen,「geschlossen」の反対は「,offen,1138,5494,8.3125,4.78125,-3.53125
gemma-2-2b,39,freq,freq,ja,de,geschlossen,「geschlossen」の反対は「,offen,1138,5505,8.3125,6.375,-1.9375
gemma-2-2b,40,desc,desc,ja,de,arm,「arm」の反対は「,reich,30020,30020,10.0625,10.0625,0.0
gemma-2-2b,40,desc,val,ja,de,arm,「arm」の反対は「,reich,30020,17764,10.0625,9.875,-0.1875
gemma-2-2b,40,desc,freq,ja,de,arm,「arm」の反対は「,reich,30020,19089,10.0625,9.375,-0.6875
gemma-2-2b,40,val,desc,ja,de,arm,「arm」の反対は「,reich,30020,13686,10.0625,13.0,2.9375
gemma-2-2b,40,val,val,ja,de,arm,「arm」の反対は「,reich,30020,37993,10.0625,10.625,0.5625
gemma-2-2b,40,val,freq,ja,de,arm,「arm」の反対は「,reich,30020,15607,10.0625,11.375,1.3125
gemma-2-2b,40,freq,desc,ja,de,arm,「arm」の反対は「,reich,30020,29600,10.0625,10.4375,0.375
gemma-2-2b,40,freq,val,ja,de,arm,「arm」の反対は「,reich,30020,31538,10.0625,8.25,-1.8125
gemma-2-2b,40,freq,freq,ja,de,arm,「arm」の反対は「,reich,30020,31416,10.0625,10.3125,0.25
gemma-2-2b,41,desc,desc,ja,de,hässlich,「hässlich」の反対は「,schön,0,1,20.0,20.625,0.625
gemma-2-2b,41,desc,val,ja,de,hässlich,「hässlich」の反対は「,schön,0,2,20.0,19.25,-0.75
gemma-2-2b,41,desc,freq,ja,de,hässlich,「hässlich」の反対は「,schön,0,15,20.0,16.5,-3.5
gemma-2-2b,41,val,desc,ja,de,hässlich,「hässlich」の反対は「,schön,0,0,20.0,22.5,2.5
gemma-2-2b,41,val,val,ja,de,hässlich,「hässlich」の反対は「,schön,0,0,20.0,21.875,1.875
gemma-2-2b,41,val,freq,ja,de,hässlich,「hässlich」の反対は「,schön,0,0,20.0,19.125,-0.875
gemma-2-2b,41,freq,desc,ja,de,hässlich,「hässlich」の反対は「,schön,0,6,20.0,19.75,-0.25
gemma-2-2b,41,freq,val,ja,de,hässlich,「hässlich」の反対は「,schön,0,8,20.0,18.25,-1.75
gemma-2-2b,41,freq,freq,ja,de,hässlich,「hässlich」の反対は「,schön,0,6,20.0,19.875,-0.125
gemma-2-2b,42,desc,desc,ja,de,kurz,「kurz」の反対は「,lang,1,15,22.0,18.875,-3.125
gemma-2-2b,42,desc,val,ja,de,kurz,「kurz」の反対は「,lang,1,24,22.0,17.625,-4.375
gemma-2-2b,42,desc,freq,ja,de,kurz,「kurz」の反対は「,lang,1,7,22.0,19.5,-2.5
gemma-2-2b,42,val,desc,ja,de,kurz,「kurz」の反対は「,lang,1,3,22.0,22.0,0.0
gemma-2-2b,42,val,val,ja,de,kurz,「kurz」の反対は「,lang,1,9,22.0,21.0,-1.0
gemma-2-2b,42,val,freq,ja,de,kurz,「kurz」の反対は「,lang,1,1,22.0,21.0,-1.0
gemma-2-2b,42,freq,desc,ja,de,kurz,「kurz」の反対は「,lang,1,73,22.0,17.75,-4.25
gemma-2-2b,42,freq,val,ja,de,kurz,「kurz」の反対は「,lang,1,64,22.0,16.75,-5.25
gemma-2-2b,42,freq,freq,ja,de,kurz,「kurz」の反対は「,lang,1,58,22.0,18.0,-4.0
gemma-2-2b,43,desc,desc,ja,de,eng,「eng」の反対は「,breit,5771,5771,13.1875,13.1875,0.0
gemma-2-2b,43,desc,val,ja,de,eng,「eng」の反対は「,breit,5771,4537,13.1875,12.375,-0.8125
gemma-2-2b,43,desc,freq,ja,de,eng,「eng」の反対は「,breit,5771,54708,13.1875,6.53125,-6.65625
gemma-2-2b,43,val,desc,ja,de,eng,「eng」の反対は「,breit,5771,3248,13.1875,14.5625,1.375
gemma-2-2b,43,val,val,ja,de,eng,「eng」の反対は「,breit,5771,4588,13.1875,14.6875,1.5
gemma-2-2b,43,val,freq,ja,de,eng,「eng」の反対は「,breit,5771,34853,13.1875,7.96875,-5.21875
gemma-2-2b,43,freq,desc,ja,de,eng,「eng」の反対は「,breit,5771,10151,13.1875,12.125,-1.0625
gemma-2-2b,43,freq,val,ja,de,eng,「eng」の反対は「,breit,5771,9119,13.1875,10.5625,-2.625
gemma-2-2b,43,freq,freq,ja,de,eng,「eng」の反対は「,breit,5771,8067,13.1875,12.625,-0.5625
gemma-2-2b,44,desc,desc,ja,de,weich,「weich」の反対は「,hart,53,540,12.875,10.625,-2.25
gemma-2-2b,44,desc,val,ja,de,weich,「weich」の反対は「,hart,53,488,12.875,9.875,-3.0
gemma-2-2b,44,desc,freq,ja,de,weich,「weich」の反対は「,hart,53,79,12.875,13.625,0.75
gemma-2-2b,44,val,desc,ja,de,weich,「weich」の反対は「,hart,53,9,12.875,17.875,5.0
gemma-2-2b,44,val,val,ja,de,weich,「weich」の反対は「,hart,53,419,12.875,12.5,-0.375
gemma-2-2b,44,val,freq,ja,de,weich,「weich」の反対は「,hart,53,32,12.875,16.375,3.5
gemma-2-2b,44,freq,desc,ja,de,weich,「weich」の反対は「,hart,53,1223,12.875,9.6875,-3.1875
gemma-2-2b,44,freq,val,ja,de,weich,「weich」の反対は「,hart,53,887,12.875,8.8125,-4.0625
gemma-2-2b,44,freq,freq,ja,de,weich,「weich」の反対は「,hart,53,1030,12.875,9.875,-3.0
gemma-2-2b,45,desc,desc,ja,de,nass,「nass」の反対は「,trocken,10435,10435,13.875,13.875,0.0
gemma-2-2b,45,desc,val,ja,de,nass,「nass」の反対は「,trocken,10435,17397,13.875,12.0,-1.875
gemma-2-2b,45,desc,freq,ja,de,nass,「nass」の反対は「,trocken,10435,3220,13.875,14.0625,0.1875
gemma-2-2b,45,val,desc,ja,de,nass,「nass」の反対は「,trocken,10435,17514,13.875,13.9375,0.0625
gemma-2-2b,45,val,val,ja,de,nass,「nass」の反対は「,trocken,10435,11829,13.875,14.5625,0.6875
gemma-2-2b,45,val,freq,ja,de,nass,「nass」の反対は「,trocken,10435,1733,13.875,15.9375,2.0625
gemma-2-2b,45,freq,desc,ja,de,nass,「nass」の反対は「,trocken,10435,19856,13.875,12.875,-1.0
gemma-2-2b,45,freq,val,ja,de,nass,「nass」の反対は「,trocken,10435,21321,13.875,11.25,-2.625
gemma-2-2b,45,freq,freq,ja,de,nass,「nass」の反対は「,trocken,10435,15396,13.875,13.3125,-0.5625
gemma-2-2b,46,desc,desc,ja,de,leise,「leise」の反対は「,laut,414,1180,12.875,11.75,-1.125
gemma-2-2b,46,desc,val,ja,de,leise,「leise」の反対は「,laut,414,1286,12.875,10.75,-2.125
gemma-2-2b,46,desc,freq,ja,de,leise,「leise」の反対は「,laut,414,450,12.875,12.8125,-0.0625
gemma-2-2b,46,val,desc,ja,de,leise,「leise」の反対は「,laut,414,10,12.875,18.875,6.0
gemma-2-2b,46,val,val,ja,de,leise,「leise」の反対は「,laut,414,831,12.875,13.4375,0.5625
gemma-2-2b,46,val,freq,ja,de,leise,「leise」の反対は「,laut,414,27,12.875,17.75,4.875
gemma-2-2b,46,freq,desc,ja,de,leise,「leise」の反対は「,laut,414,1145,12.875,11.875,-1.0
gemma-2-2b,46,freq,val,ja,de,leise,「leise」の反対は「,laut,414,1907,12.875,9.6875,-3.1875
gemma-2-2b,46,freq,freq,ja,de,leise,「leise」の反対は「,laut,414,1356,12.875,11.625,-1.25
gemma-2-2b,47,desc,desc,ja,de,spät,「spät」の反対は「,früh,2,14,20.0,17.75,-2.25
gemma-2-2b,47,desc,val,ja,de,spät,「spät」の反対は「,früh,2,15,20.0,16.875,-3.125
gemma-2-2b,47,desc,freq,ja,de,spät,「spät」の反対は「,früh,2,12,20.0,17.75,-2.25
gemma-2-2b,47,val,desc,ja,de,spät,「spät」の反対は「,früh,2,2,20.0,21.875,1.875
gemma-2-2b,47,val,val,ja,de,spät,「spät」の反対は「,früh,2,23,20.0,19.125,-0.875
gemma-2-2b,47,val,freq,ja,de,spät,「spät」の反対は「,früh,2,6,20.0,19.25,-0.75
gemma-2-2b,47,freq,desc,ja,de,spät,「spät」の反対は「,früh,2,29,20.0,17.25,-2.75
gemma-2-2b,47,freq,val,ja,de,spät,「spät」の反対は「,früh,2,28,20.0,16.125,-3.875
gemma-2-2b,47,freq,freq,ja,de,spät,「spät」の反対は「,früh,2,25,20.0,17.25,-2.75
gemma-2-2b,48,desc,desc,ja,de,fern,「fern」の反対は「,nah,17971,17971,11.0,11.0,0.0
gemma-2-2b,48,desc,val,ja,de,fern,「fern」の反対は「,nah,17971,23529,11.0,9.1875,-1.8125
gemma-2-2b,48,desc,freq,ja,de,fern,「fern」の反対は「,nah,17971,6399,11.0,11.5,0.5
gemma-2-2b,48,val,desc,ja,de,fern,「fern」の反対は「,nah,17971,2743,11.0,14.875,3.875
gemma-2-2b,48,val,val,ja,de,fern,「fern」の反対は「,nah,17971,17573,11.0,12.0625,1.0625
gemma-2-2b,48,val,freq,ja,de,fern,「fern」の反対は「,nah,17971,1479,11.0,14.5,3.5
gemma-2-2b,48,freq,desc,ja,de,fern,「fern」の反対は「,nah,17971,21731,11.0,10.9375,-0.0625
gemma-2-2b,48,freq,val,ja,de,fern,「fern」の反対は「,nah,17971,24579,11.0,8.5625,-2.4375
gemma-2-2b,48,freq,freq,ja,de,fern,「fern」の反対は「,nah,17971,21043,11.0,11.0,0.0
gemma-2-2b,49,desc,desc,ja,de,flach,「flach」の反対は「,hoch,554,723,13.25,13.125,-0.125
gemma-2-2b,49,desc,val,ja,de,flach,「flach」の反対は「,hoch,554,312,13.25,13.4375,0.1875
gemma-2-2b,49,desc,freq,ja,de,flach,「flach」の反対は「,hoch,554,584,13.25,13.4375,0.1875
gemma-2-2b,49,val,desc,ja,de,flach,「flach」の反対は「,hoch,554,12,13.25,19.25,6.0
gemma-2-2b,49,val,val,ja,de,flach,「flach」の反対は「,hoch,554,423,13.25,15.25,2.0
gemma-2-2b,49,val,freq,ja,de,flach,「flach」の反対は「,hoch,554,8,13.25,18.25,5.0
gemma-2-2b,49,freq,desc,ja,de,flach,「flach」の反対は「,hoch,554,585,13.25,13.625,0.375
gemma-2-2b,49,freq,val,ja,de,flach,「flach」の反対は「,hoch,554,619,13.25,12.25,-1.0
gemma-2-2b,49,freq,freq,ja,de,flach,「flach」の反対は「,hoch,554,854,13.25,13.0625,-0.1875
gemma-2-2b,50,desc,desc,ja,de,jung,「jung」の反対は「,alt,1269,1269,15.6875,15.6875,0.0
gemma-2-2b,50,desc,val,ja,de,jung,「jung」の反対は「,alt,1269,1175,15.6875,14.9375,-0.75
gemma-2-2b,50,desc,freq,ja,de,jung,「jung」の反対は「,alt,1269,314,15.6875,16.625,0.9375
gemma-2-2b,50,val,desc,ja,de,jung,「jung」の反対は「,alt,1269,107,15.6875,19.75,4.0625
gemma-2-2b,50,val,val,ja,de,jung,「jung」の反対は「,alt,1269,1441,15.6875,16.75,1.0625
gemma-2-2b,50,val,freq,ja,de,jung,「jung」の反対は「,alt,1269,125,15.6875,18.125,2.4375
gemma-2-2b,50,freq,desc,ja,de,jung,「jung」の反対は「,alt,1269,1763,15.6875,15.375,-0.3125
gemma-2-2b,50,freq,val,ja,de,jung,「jung」の反対は「,alt,1269,1762,15.6875,13.9375,-1.75
gemma-2-2b,50,freq,freq,ja,de,jung,「jung」の反対は「,alt,1269,1487,15.6875,15.5625,-0.125
gemma-2-2b,51,desc,desc,ja,de,freundlich,「freundlich」の反対は「,unfreundlich,2,2,18.375,18.375,0.0
gemma-2-2b,51,desc,val,ja,de,freundlich,「freundlich」の反対は「,unfreundlich,2,3,18.375,17.125,-1.25
gemma-2-2b,51,desc,freq,ja,de,freundlich,「freundlich」の反対は「,unfreundlich,2,11,18.375,16.5,-1.875
gemma-2-2b,51,val,desc,ja,de,freundlich,「freundlich」の反対は「,unfreundlich,2,0,18.375,21.0,2.625
gemma-2-2b,51,val,val,ja,de,freundlich,「freundlich」の反対は「,unfreundlich,2,2,18.375,19.5,1.125
gemma-2-2b,51,val,freq,ja,de,freundlich,「freundlich」の反対は「,unfreundlich,2,5,18.375,19.125,0.75
gemma-2-2b,51,freq,desc,ja,de,freundlich,「freundlich」の反対は「,unfreundlich,2,2,18.375,19.125,0.75
gemma-2-2b,51,freq,val,ja,de,freundlich,「freundlich」の反対は「,unfreundlich,2,3,18.375,17.25,-1.125
gemma-2-2b,51,freq,freq,ja,de,freundlich,「freundlich」の反対は「,unfreundlich,2,2,18.375,19.0,0.625
gemma-2-2b,52,desc,desc,ja,de,mutig,「mutig」の反対は「,feige,798,871,14.5,14.4375,-0.0625
gemma-2-2b,52,desc,val,ja,de,mutig,「mutig」の反対は「,feige,798,1608,14.5,12.625,-1.875
gemma-2-2b,52,desc,freq,ja,de,mutig,「mutig」の反対は「,feige,798,4477,14.5,11.5625,-2.9375
gemma-2-2b,52,val,desc,ja,de,mutig,「mutig」の反対は「,feige,798,537,14.5,16.125,1.625
gemma-2-2b,52,val,val,ja,de,mutig,「mutig」の反対は「,feige,798,755,14.5,15.6875,1.1875
gemma-2-2b,52,val,freq,ja,de,mutig,「mutig」の反対は「,feige,798,1587,14.5,14.75,0.25
gemma-2-2b,52,freq,desc,ja,de,mutig,「mutig」の反対は「,feige,798,1262,14.5,14.125,-0.375
gemma-2-2b,52,freq,val,ja,de,mutig,「mutig」の反対は「,feige,798,2062,14.5,12.0,-2.5
gemma-2-2b,52,freq,freq,ja,de,mutig,「mutig」の反対は「,feige,798,1300,14.5,14.125,-0.375
gemma-2-2b,53,desc,desc,ja,de,weise,「weise」の反対は「,dumm,44,64,18.25,18.125,-0.125
gemma-2-2b,53,desc,val,ja,de,weise,「weise」の反対は「,dumm,44,88,18.25,17.125,-1.125
gemma-2-2b,53,desc,freq,ja,de,weise,「weise」の反対は「,dumm,44,24,18.25,18.875,0.625
gemma-2-2b,53,val,desc,ja,de,weise,「weise」の反対は「,dumm,44,148,18.25,19.0,0.75
gemma-2-2b,53,val,val,ja,de,weise,「weise」の反対は「,dumm,44,32,18.25,19.75,1.5
gemma-2-2b,53,val,freq,ja,de,weise,「weise」の反対は「,dumm,44,24,18.25,19.875,1.625
gemma-2-2b,53,freq,desc,ja,de,weise,「weise」の反対は「,dumm,44,58,18.25,18.5,0.25
gemma-2-2b,53,freq,val,ja,de,weise,「weise」の反対は「,dumm,44,52,18.25,17.75,-0.5
gemma-2-2b,53,freq,freq,ja,de,weise,「weise」の反対は「,dumm,44,57,18.25,18.5,0.25
gemma-2-2b,54,desc,desc,ja,de,höflich,「höflich」の反対は「,unhöflich,104,114,13.3125,13.4375,0.125
gemma-2-2b,54,desc,val,ja,de,höflich,「höflich」の反対は「,unhöflich,104,174,13.3125,12.0,-1.3125
gemma-2-2b,54,desc,freq,ja,de,höflich,「höflich」の反対は「,unhöflich,104,427,13.3125,11.6875,-1.625
gemma-2-2b,54,val,desc,ja,de,höflich,「höflich」の反対は「,unhöflich,104,32,13.3125,16.375,3.0625
gemma-2-2b,54,val,val,ja,de,höflich,「höflich」の反対は「,unhöflich,104,103,13.3125,14.75,1.4375
gemma-2-2b,54,val,freq,ja,de,höflich,「höflich」の反対は「,unhöflich,104,73,13.3125,16.125,2.8125
gemma-2-2b,54,freq,desc,ja,de,höflich,「höflich」の反対は「,unhöflich,104,92,13.3125,13.875,0.5625
gemma-2-2b,54,freq,val,ja,de,höflich,「höflich」の反対は「,unhöflich,104,221,13.3125,11.375,-1.9375
gemma-2-2b,54,freq,freq,ja,de,höflich,「höflich」の反対は「,unhöflich,104,108,13.3125,13.625,0.3125
gemma-2-2b,55,desc,desc,ja,de,geduldig,「geduldig」の反対は「,ungeduldig,39,288,15.375,13.6875,-1.6875
gemma-2-2b,55,desc,val,ja,de,geduldig,「geduldig」の反対は「,ungeduldig,39,261,15.375,12.9375,-2.4375
gemma-2-2b,55,desc,freq,ja,de,geduldig,「geduldig」の反対は「,ungeduldig,39,121,15.375,15.6875,0.3125
gemma-2-2b,55,val,desc,ja,de,geduldig,「geduldig」の反対は「,ungeduldig,39,57,15.375,18.125,2.75
gemma-2-2b,55,val,val,ja,de,geduldig,「geduldig」の反対は「,ungeduldig,39,308,15.375,14.875,-0.5
gemma-2-2b,55,val,freq,ja,de,geduldig,「geduldig」の反対は「,ungeduldig,39,40,15.375,18.125,2.75
gemma-2-2b,55,freq,desc,ja,de,geduldig,「geduldig」の反対は「,ungeduldig,39,318,15.375,13.6875,-1.6875
gemma-2-2b,55,freq,val,ja,de,geduldig,「geduldig」の反対は「,ungeduldig,39,504,15.375,11.6875,-3.6875
gemma-2-2b,55,freq,freq,ja,de,geduldig,「geduldig」の反対は「,ungeduldig,39,389,15.375,13.4375,-1.9375
gemma-2-2b,56,desc,desc,ja,de,ehrlich,「ehrlich」の反対は「,unehrlich,5,18,19.5,18.5,-1.0
gemma-2-2b,56,desc,val,ja,de,ehrlich,「ehrlich」の反対は「,unehrlich,5,38,19.5,17.125,-2.375
gemma-2-2b,56,desc,freq,ja,de,ehrlich,「ehrlich」の反対は「,unehrlich,5,131,19.5,16.625,-2.875
gemma-2-2b,56,val,desc,ja,de,ehrlich,「ehrlich」の反対は「,unehrlich,5,20,19.5,20.125,0.625
gemma-2-2b,56,val,val,ja,de,ehrlich,「ehrlich」の反対は「,unehrlich,5,29,19.5,19.5,0.0
gemma-2-2b,56,val,freq,ja,de,ehrlich,「ehrlich」の反対は「,unehrlich,5,311,19.5,16.875,-2.625
gemma-2-2b,56,freq,desc,ja,de,ehrlich,「ehrlich」の反対は「,unehrlich,5,32,19.5,18.625,-0.875
gemma-2-2b,56,freq,val,ja,de,ehrlich,「ehrlich」の反対は「,unehrlich,5,67,19.5,16.625,-2.875
gemma-2-2b,56,freq,freq,ja,de,ehrlich,「ehrlich」の反対は「,unehrlich,5,34,19.5,18.5,-1.0
gemma-2-2b,57,desc,desc,ja,de,sicher,「sicher」の反対は「,unsicher,0,0,23.5,22.25,-1.25
gemma-2-2b,57,desc,val,ja,de,sicher,「sicher」の反対は「,unsicher,0,0,23.5,21.5,-2.0
gemma-2-2b,57,desc,freq,ja,de,sicher,「sicher」の反対は「,unsicher,0,2,23.5,20.125,-3.375
gemma-2-2b,57,val,desc,ja,de,sicher,「sicher」の反対は「,unsicher,0,0,23.5,24.25,0.75
gemma-2-2b,57,val,val,ja,de,sicher,「sicher」の反対は「,unsicher,0,0,23.5,23.5,0.0
gemma-2-2b,57,val,freq,ja,de,sicher,「sicher」の反対は「,unsicher,0,2,23.5,22.125,-1.375
gemma-2-2b,57,freq,desc,ja,de,sicher,「sicher」の反対は「,unsicher,0,0,23.5,22.875,-0.625
gemma-2-2b,57,freq,val,ja,de,sicher,「sicher」の反対は「,unsicher,0,0,23.5,22.25,-1.25
gemma-2-2b,57,freq,freq,ja,de,sicher,「sicher」の反対は「,unsicher,0,0,23.5,22.875,-0.625
gemma-2-2b,58,desc,desc,ja,de,aktiv,「aktiv」の反対は「,passiv,0,0,21.375,21.375,0.0
gemma-2-2b,58,desc,val,ja,de,aktiv,「aktiv」の反対は「,passiv,0,0,21.375,21.125,-0.25
gemma-2-2b,58,desc,freq,ja,de,aktiv,「aktiv」の反対は「,passiv,0,0,21.375,21.5,0.125
gemma-2-2b,58,val,desc,ja,de,aktiv,「aktiv」の反対は「,passiv,0,0,21.375,23.875,2.5
gemma-2-2b,58,val,val,ja,de,aktiv,「aktiv」の反対は「,passiv,0,0,21.375,22.875,1.5
gemma-2-2b,58,val,freq,ja,de,aktiv,「aktiv」の反対は「,passiv,0,0,21.375,23.0,1.625
gemma-2-2b,58,freq,desc,ja,de,aktiv,「aktiv」の反対は「,passiv,0,0,21.375,21.25,-0.125
gemma-2-2b,58,freq,val,ja,de,aktiv,「aktiv」の反対は「,passiv,0,0,21.375,20.25,-1.125
gemma-2-2b,58,freq,freq,ja,de,aktiv,「aktiv」の反対は「,passiv,0,0,21.375,21.0,-0.375
gemma-2-2b,59,desc,desc,ja,de,gerade,「gerade」の反対は「,gebogen,3691,6223,10.75,10.25,-0.5
gemma-2-2b,59,desc,val,ja,de,gerade,「gerade」の反対は「,gebogen,3691,10005,10.75,7.90625,-2.84375
gemma-2-2b,59,desc,freq,ja,de,gerade,「gerade」の反対は「,gebogen,3691,7710,10.75,10.125,-0.625
gemma-2-2b,59,val,desc,ja,de,gerade,「gerade」の反対は「,gebogen,3691,733,10.75,15.5,4.75
gemma-2-2b,59,val,val,ja,de,gerade,「gerade」の反対は「,gebogen,3691,5229,10.75,11.25,0.5
gemma-2-2b,59,val,freq,ja,de,gerade,「gerade」の反対は「,gebogen,3691,590,10.75,15.125,4.375
gemma-2-2b,59,freq,desc,ja,de,gerade,「gerade」の反対は「,gebogen,3691,8265,10.75,10.125,-0.625
gemma-2-2b,59,freq,val,ja,de,gerade,「gerade」の反対は「,gebogen,3691,8531,10.75,7.5625,-3.1875
gemma-2-2b,59,freq,freq,ja,de,gerade,「gerade」の反対は「,gebogen,3691,7648,10.75,9.875,-0.875
gemma-2-2b,60,desc,desc,ja,de,ganz,「ganz」の反対は「,gebrochen,31,226,18.0,16.25,-1.75
gemma-2-2b,60,desc,val,ja,de,ganz,「ganz」の反対は「,gebrochen,31,424,18.0,14.25,-3.75
gemma-2-2b,60,desc,freq,ja,de,ganz,「ganz」の反対は「,gebrochen,31,644,18.0,13.4375,-4.5625
gemma-2-2b,60,val,desc,ja,de,ganz,「ganz」の反対は「,gebrochen,31,11,18.0,20.75,2.75
gemma-2-2b,60,val,val,ja,de,ganz,「ganz」の反対は「,gebrochen,31,152,18.0,18.0,0.0
gemma-2-2b,60,val,freq,ja,de,ganz,「ganz」の反対は「,gebrochen,31,128,18.0,17.5,-0.5
gemma-2-2b,60,freq,desc,ja,de,ganz,「ganz」の反対は「,gebrochen,31,430,18.0,15.5625,-2.4375
gemma-2-2b,60,freq,val,ja,de,ganz,「ganz」の反対は「,gebrochen,31,703,18.0,13.75,-4.25
gemma-2-2b,60,freq,freq,ja,de,ganz,「ganz」の反対は「,gebrochen,31,505,18.0,15.5,-2.5
gemma-2-2b,61,desc,desc,ja,de,ruhig,「ruhig」の反対は「,stürmisch,48,213,15.125,14.3125,-0.8125
gemma-2-2b,61,desc,val,ja,de,ruhig,「ruhig」の反対は「,stürmisch,48,355,15.125,12.9375,-2.1875
gemma-2-2b,61,desc,freq,ja,de,ruhig,「ruhig」の反対は「,stürmisch,48,139,15.125,14.875,-0.25
gemma-2-2b,61,val,desc,ja,de,ruhig,「ruhig」の反対は「,stürmisch,48,29,15.125,18.125,3.0
gemma-2-2b,61,val,val,ja,de,ruhig,「ruhig」の反対は「,stürmisch,48,209,15.125,15.9375,0.8125
gemma-2-2b,61,val,freq,ja,de,ruhig,「ruhig」の反対は「,stürmisch,48,25,15.125,17.75,2.625
gemma-2-2b,61,freq,desc,ja,de,ruhig,「ruhig」の反対は「,stürmisch,48,236,15.125,14.5,-0.625
gemma-2-2b,61,freq,val,ja,de,ruhig,「ruhig」の反対は「,stürmisch,48,361,15.125,12.625,-2.5
gemma-2-2b,61,freq,freq,ja,de,ruhig,「ruhig」の反対は「,stürmisch,48,262,15.125,14.25,-0.875
gemma-2-2b,62,desc,desc,ja,de,richtig,「richtig」の反対は「,falsch,3,20,15.9375,14.6875,-1.25
gemma-2-2b,62,desc,val,ja,de,richtig,「richtig」の反対は「,falsch,3,35,15.9375,12.9375,-3.0
gemma-2-2b,62,desc,freq,ja,de,richtig,「richtig」の反対は「,falsch,3,13,15.9375,15.0,-0.9375
gemma-2-2b,62,val,desc,ja,de,richtig,「richtig」の反対は「,falsch,3,0,15.9375,21.5,5.5625
gemma-2-2b,62,val,val,ja,de,richtig,「richtig」の反対は「,falsch,3,16,15.9375,16.5,0.5625
gemma-2-2b,62,val,freq,ja,de,richtig,「richtig」の反対は「,falsch,3,0,15.9375,19.75,3.8125
gemma-2-2b,62,freq,desc,ja,de,richtig,「richtig」の反対は「,falsch,3,27,15.9375,14.9375,-1.0
gemma-2-2b,62,freq,val,ja,de,richtig,「richtig」の反対は「,falsch,3,65,15.9375,12.4375,-3.5
gemma-2-2b,62,freq,freq,ja,de,richtig,「richtig」の反対は「,falsch,3,38,15.9375,14.4375,-1.5
gemma-2-2b,63,desc,desc,ja,de,komplex,「komplex」の反対は「,einfach,57,68,17.125,17.0,-0.125
gemma-2-2b,63,desc,val,ja,de,komplex,「komplex」の反対は「,einfach,57,66,17.125,16.0,-1.125
gemma-2-2b,63,desc,freq,ja,de,komplex,「komplex」の反対は「,einfach,57,50,17.125,16.375,-0.75
gemma-2-2b,63,val,desc,ja,de,komplex,「komplex」の反対は「,einfach,57,5,17.125,21.375,4.25
gemma-2-2b,63,val,val,ja,de,komplex,「komplex」の反対は「,einfach,57,87,17.125,17.875,0.75
gemma-2-2b,63,val,freq,ja,de,komplex,「komplex」の反対は「,einfach,57,10,17.125,19.25,2.125
gemma-2-2b,63,freq,desc,ja,de,komplex,「komplex」の反対は「,einfach,57,76,17.125,17.125,0.0
gemma-2-2b,63,freq,val,ja,de,komplex,「komplex」の反対は「,einfach,57,105,17.125,15.5625,-1.5625
gemma-2-2b,63,freq,freq,ja,de,komplex,「komplex」の反対は「,einfach,57,95,17.125,16.875,-0.25
gemma-2-2b,64,desc,desc,ja,de,effektiv,「effektiv」の反対は「,ineffektiv,0,0,21.75,21.875,0.125
gemma-2-2b,64,desc,val,ja,de,effektiv,「effektiv」の反対は「,ineffektiv,0,0,21.75,21.625,-0.125
gemma-2-2b,64,desc,freq,ja,de,effektiv,「effektiv」の反対は「,ineffektiv,0,0,21.75,21.25,-0.5
gemma-2-2b,64,val,desc,ja,de,effektiv,「effektiv」の反対は「,ineffektiv,0,1,21.75,23.625,1.875
gemma-2-2b,64,val,val,ja,de,effektiv,「effektiv」の反対は「,ineffektiv,0,0,21.75,23.125,1.375
gemma-2-2b,64,val,freq,ja,de,effektiv,「effektiv」の反対は「,ineffektiv,0,0,21.75,22.25,0.5
gemma-2-2b,64,freq,desc,ja,de,effektiv,「effektiv」の反対は「,ineffektiv,0,0,21.75,22.25,0.5
gemma-2-2b,64,freq,val,ja,de,effektiv,「effektiv」の反対は「,ineffektiv,0,1,21.75,21.375,-0.375
gemma-2-2b,64,freq,freq,ja,de,effektiv,「effektiv」の反対は「,ineffektiv,0,1,21.75,22.125,0.375
gemma-2-2b,65,desc,desc,ja,de,berühmt,「berühmt」の反対は「,unbekannt,0,0,20.25,18.125,-2.125
gemma-2-2b,65,desc,val,ja,de,berühmt,「berühmt」の反対は「,unbekannt,0,0,20.25,17.5,-2.75
gemma-2-2b,65,desc,freq,ja,de,berühmt,「berühmt」の反対は「,unbekannt,0,18,20.25,15.8125,-4.4375
gemma-2-2b,65,val,desc,ja,de,berühmt,「berühmt」の反対は「,unbekannt,0,0,20.25,20.625,0.375
gemma-2-2b,65,val,val,ja,de,berühmt,「berühmt」の反対は「,unbekannt,0,0,20.25,19.75,-0.5
gemma-2-2b,65,val,freq,ja,de,berühmt,「berühmt」の反対は「,unbekannt,0,16,20.25,17.0,-3.25
gemma-2-2b,65,freq,desc,ja,de,berühmt,「berühmt」の反対は「,unbekannt,0,0,20.25,18.125,-2.125
gemma-2-2b,65,freq,val,ja,de,berühmt,「berühmt」の反対は「,unbekannt,0,4,20.25,16.375,-3.875
gemma-2-2b,65,freq,freq,ja,de,berühmt,「berühmt」の反対は「,unbekannt,0,1,20.25,18.0,-2.25
gemma-2-2b,66,desc,desc,ja,de,großzügig,「großzügig」の反対は「,geizig,112,716,14.875,13.125,-1.75
gemma-2-2b,66,desc,val,ja,de,großzügig,「großzügig」の反対は「,geizig,112,1657,14.875,11.0625,-3.8125
gemma-2-2b,66,desc,freq,ja,de,großzügig,「großzügig」の反対は「,geizig,112,3392,14.875,11.625,-3.25
gemma-2-2b,66,val,desc,ja,de,großzügig,「großzügig」の反対は「,geizig,112,24,14.875,18.75,3.875
gemma-2-2b,66,val,val,ja,de,großzügig,「großzügig」の反対は「,geizig,112,458,14.875,15.125,0.25
gemma-2-2b,66,val,freq,ja,de,großzügig,「großzügig」の反対は「,geizig,112,168,14.875,16.125,1.25
gemma-2-2b,66,freq,desc,ja,de,großzügig,「großzügig」の反対は「,geizig,112,813,14.875,13.125,-1.75
gemma-2-2b,66,freq,val,ja,de,großzügig,「großzügig」の反対は「,geizig,112,1305,14.875,10.875,-4.0
gemma-2-2b,66,freq,freq,ja,de,großzügig,「großzügig」の反対は「,geizig,112,874,14.875,12.9375,-1.9375
gemma-2-2b,67,desc,desc,ja,de,zufrieden,「zufrieden」の反対は「,unzufrieden,4,4,17.0,17.0,0.0
gemma-2-2b,67,desc,val,ja,de,zufrieden,「zufrieden」の反対は「,unzufrieden,4,6,17.0,15.6875,-1.3125
gemma-2-2b,67,desc,freq,ja,de,zufrieden,「zufrieden」の反対は「,unzufrieden,4,28,17.0,14.125,-2.875
gemma-2-2b,67,val,desc,ja,de,zufrieden,「zufrieden」の反対は「,unzufrieden,4,0,17.0,20.375,3.375
gemma-2-2b,67,val,val,ja,de,zufrieden,「zufrieden」の反対は「,unzufrieden,4,4,17.0,18.25,1.25
gemma-2-2b,67,val,freq,ja,de,zufrieden,「zufrieden」の反対は「,unzufrieden,4,1,17.0,18.75,1.75
gemma-2-2b,67,freq,desc,ja,de,zufrieden,「zufrieden」の反対は「,unzufrieden,4,4,17.0,17.75,0.75
gemma-2-2b,67,freq,val,ja,de,zufrieden,「zufrieden」の反対は「,unzufrieden,4,7,17.0,15.5,-1.5
gemma-2-2b,67,freq,freq,ja,de,zufrieden,「zufrieden」の反対は「,unzufrieden,4,5,17.0,17.375,0.375
gemma-2-2b,68,desc,desc,ja,de,gesund,「gesund」の反対は「,ungesund,0,6,20.75,18.25,-2.5
gemma-2-2b,68,desc,val,ja,de,gesund,「gesund」の反対は「,ungesund,0,8,20.75,17.5,-3.25
gemma-2-2b,68,desc,freq,ja,de,gesund,「gesund」の反対は「,ungesund,0,0,20.75,18.5,-2.25
gemma-2-2b,68,val,desc,ja,de,gesund,「gesund」の反対は「,ungesund,0,1,20.75,21.75,1.0
gemma-2-2b,68,val,val,ja,de,gesund,「gesund」の反対は「,ungesund,0,1,20.75,20.375,-0.375
gemma-2-2b,68,val,freq,ja,de,gesund,「gesund」の反対は「,ungesund,0,2,20.75,19.5,-1.25
gemma-2-2b,68,freq,desc,ja,de,gesund,「gesund」の反対は「,ungesund,0,8,20.75,18.125,-2.625
gemma-2-2b,68,freq,val,ja,de,gesund,「gesund」の反対は「,ungesund,0,13,20.75,16.75,-4.0
gemma-2-2b,68,freq,freq,ja,de,gesund,「gesund」の反対は「,ungesund,0,11,20.75,17.875,-2.875
gemma-2-2b,69,desc,desc,ja,de,hoch,「hoch」の反対は「,niedrig,1,8,20.625,18.5,-2.125
gemma-2-2b,69,desc,val,ja,de,hoch,「hoch」の反対は「,niedrig,1,7,20.625,17.75,-2.875
gemma-2-2b,69,desc,freq,ja,de,hoch,「hoch」の反対は「,niedrig,1,22,20.625,16.75,-3.875
gemma-2-2b,69,val,desc,ja,de,hoch,「hoch」の反対は「,niedrig,1,2,20.625,21.25,0.625
gemma-2-2b,69,val,val,ja,de,hoch,「hoch」の反対は「,niedrig,1,5,20.625,21.0,0.375
gemma-2-2b,69,val,freq,ja,de,hoch,「hoch」の反対は「,niedrig,1,11,20.625,17.75,-2.875
gemma-2-2b,69,freq,desc,ja,de,hoch,「hoch」の反対は「,niedrig,1,9,20.625,18.25,-2.375
gemma-2-2b,69,freq,val,ja,de,hoch,「hoch」の反対は「,niedrig,1,8,20.625,17.875,-2.75
gemma-2-2b,69,freq,freq,ja,de,hoch,「hoch」の反対は「,niedrig,1,11,20.625,18.375,-2.25
gemma-2-2b,70,desc,desc,ja,de,wichtig,「wichtig」の反対は「,unwichtig,0,0,23.5,22.125,-1.375
gemma-2-2b,70,desc,val,ja,de,wichtig,「wichtig」の反対は「,unwichtig,0,1,23.5,21.375,-2.125
gemma-2-2b,70,desc,freq,ja,de,wichtig,「wichtig」の反対は「,unwichtig,0,9,23.5,19.875,-3.625
gemma-2-2b,70,val,desc,ja,de,wichtig,「wichtig」の反対は「,unwichtig,0,2,23.5,23.5,0.0
gemma-2-2b,70,val,val,ja,de,wichtig,「wichtig」の反対は「,unwichtig,0,1,23.5,23.125,-0.375
gemma-2-2b,70,val,freq,ja,de,wichtig,「wichtig」の反対は「,unwichtig,0,5,23.5,20.875,-2.625
gemma-2-2b,70,freq,desc,ja,de,wichtig,「wichtig」の反対は「,unwichtig,0,1,23.5,22.875,-0.625
gemma-2-2b,70,freq,val,ja,de,wichtig,「wichtig」の反対は「,unwichtig,0,1,23.5,21.625,-1.875
gemma-2-2b,70,freq,freq,ja,de,wichtig,「wichtig」の反対は「,unwichtig,0,1,23.5,22.75,-0.75
gemma-2-2b,71,desc,desc,ja,de,unschuldig,「unschuldig」の反対は「,schuldig,20,49,13.125,12.6875,-0.4375
gemma-2-2b,71,desc,val,ja,de,unschuldig,「unschuldig」の反対は「,schuldig,20,63,13.125,11.4375,-1.6875
gemma-2-2b,71,desc,freq,ja,de,unschuldig,「unschuldig」の反対は「,schuldig,20,6,13.125,15.25,2.125
gemma-2-2b,71,val,desc,ja,de,unschuldig,「unschuldig」の反対は「,schuldig,20,3,13.125,20.75,7.625
gemma-2-2b,71,val,val,ja,de,unschuldig,「unschuldig」の反対は「,schuldig,20,57,13.125,14.0625,0.9375
gemma-2-2b,71,val,freq,ja,de,unschuldig,「unschuldig」の反対は「,schuldig,20,0,13.125,20.375,7.25
gemma-2-2b,71,freq,desc,ja,de,unschuldig,「unschuldig」の反対は「,schuldig,20,53,13.125,13.0,-0.125
gemma-2-2b,71,freq,val,ja,de,unschuldig,「unschuldig」の反対は「,schuldig,20,120,13.125,10.6875,-2.4375
gemma-2-2b,71,freq,freq,ja,de,unschuldig,「unschuldig」の反対は「,schuldig,20,70,13.125,12.5625,-0.5625
gemma-2-2b,72,desc,desc,ja,de,bekannt,「bekannt」の反対は「,unbekannt,0,1,19.125,19.0,-0.125
gemma-2-2b,72,desc,val,ja,de,bekannt,「bekannt」の反対は「,unbekannt,0,0,19.125,18.125,-1.0
gemma-2-2b,72,desc,freq,ja,de,bekannt,「bekannt」の反対は「,unbekannt,0,7,19.125,16.625,-2.5
gemma-2-2b,72,val,desc,ja,de,bekannt,「bekannt」の反対は「,unbekannt,0,0,19.125,21.0,1.875
gemma-2-2b,72,val,val,ja,de,bekannt,「bekannt」の反対は「,unbekannt,0,0,19.125,20.125,1.0
gemma-2-2b,72,val,freq,ja,de,bekannt,「bekannt」の反対は「,unbekannt,0,2,19.125,19.375,0.25
gemma-2-2b,72,freq,desc,ja,de,bekannt,「bekannt」の反対は「,unbekannt,0,1,19.125,19.25,0.125
gemma-2-2b,72,freq,val,ja,de,bekannt,「bekannt」の反対は「,unbekannt,0,3,19.125,17.5,-1.625
gemma-2-2b,72,freq,freq,ja,de,bekannt,「bekannt」の反対は「,unbekannt,0,2,19.125,18.875,-0.25
gemma-2-2b,73,desc,desc,ja,de,männlich,「männlich」の反対は「,weiblich,1,72,19.25,14.4375,-4.8125
gemma-2-2b,73,desc,val,ja,de,männlich,「männlich」の反対は「,weiblich,1,245,19.25,11.75,-7.5
gemma-2-2b,73,desc,freq,ja,de,männlich,「männlich」の反対は「,weiblich,1,156,19.25,12.8125,-6.4375
gemma-2-2b,73,val,desc,ja,de,männlich,「männlich」の反対は「,weiblich,1,2,19.25,20.75,1.5
gemma-2-2b,73,val,val,ja,de,männlich,「männlich」の反対は「,weiblich,1,109,19.25,15.6875,-3.5625
gemma-2-2b,73,val,freq,ja,de,männlich,「männlich」の反対は「,weiblich,1,16,19.25,16.5,-2.75
gemma-2-2b,73,freq,desc,ja,de,männlich,「männlich」の反対は「,weiblich,1,99,19.25,14.6875,-4.5625
gemma-2-2b,73,freq,val,ja,de,männlich,「männlich」の反対は「,weiblich,1,295,19.25,11.3125,-7.9375
gemma-2-2b,73,freq,freq,ja,de,männlich,「männlich」の反対は「,weiblich,1,149,19.25,13.9375,-5.3125
gemma-2-2b,74,desc,desc,ja,de,normal,「normal」の反対は「,abnormal,0,0,22.625,22.625,0.0
gemma-2-2b,74,desc,val,ja,de,normal,「normal」の反対は「,abnormal,0,1,22.625,21.25,-1.375
gemma-2-2b,74,desc,freq,ja,de,normal,「normal」の反対は「,abnormal,0,1,22.625,19.75,-2.875
gemma-2-2b,74,val,desc,ja,de,normal,「normal」の反対は「,abnormal,0,2,22.625,22.625,0.0
gemma-2-2b,74,val,val,ja,de,normal,「normal」の反対は「,abnormal,0,0,22.625,23.375,0.75
gemma-2-2b,74,val,freq,ja,de,normal,「normal」の反対は「,abnormal,0,3,22.625,20.375,-2.25
gemma-2-2b,74,freq,desc,ja,de,normal,「normal」の反対は「,abnormal,0,0,22.625,22.625,0.0
gemma-2-2b,74,freq,val,ja,de,normal,「normal」の反対は「,abnormal,0,2,22.625,21.375,-1.25
gemma-2-2b,74,freq,freq,ja,de,normal,「normal」の反対は「,abnormal,0,0,22.625,22.75,0.125
gemma-2-2b,75,desc,desc,ja,de,möglich,「möglich」の反対は「,unmöglich,29,48,14.6875,13.9375,-0.75
gemma-2-2b,75,desc,val,ja,de,möglich,「möglich」の反対は「,unmöglich,29,56,14.6875,12.6875,-2.0
gemma-2-2b,75,desc,freq,ja,de,möglich,「möglich」の反対は「,unmöglich,29,244,14.6875,9.8125,-4.875
gemma-2-2b,75,val,desc,ja,de,möglich,「möglich」の反対は「,unmöglich,29,11,14.6875,16.75,2.0625
gemma-2-2b,75,val,val,ja,de,möglich,「möglich」の反対は「,unmöglich,29,42,14.6875,15.375,0.6875
gemma-2-2b,75,val,freq,ja,de,möglich,「möglich」の反対は「,unmöglich,29,39,14.6875,14.4375,-0.25
gemma-2-2b,75,freq,desc,ja,de,möglich,「möglich」の反対は「,unmöglich,29,31,14.6875,14.875,0.1875
gemma-2-2b,75,freq,val,ja,de,möglich,「möglich」の反対は「,unmöglich,29,74,14.6875,12.125,-2.5625
gemma-2-2b,75,freq,freq,ja,de,möglich,「möglich」の反対は「,unmöglich,29,36,14.6875,14.5,-0.1875
gemma-2-2b,76,desc,desc,ja,de,privat,「privat」の反対は「,öffentlich,22,22,17.75,17.75,0.0
gemma-2-2b,76,desc,val,ja,de,privat,「privat」の反対は「,öffentlich,22,7,17.75,18.0,0.25
gemma-2-2b,76,desc,freq,ja,de,privat,「privat」の反対は「,öffentlich,22,30,17.75,16.5,-1.25
gemma-2-2b,76,val,desc,ja,de,privat,「privat」の反対は「,öffentlich,22,2,17.75,22.75,5.0
gemma-2-2b,76,val,val,ja,de,privat,「privat」の反対は「,öffentlich,22,15,17.75,19.375,1.625
gemma-2-2b,76,val,freq,ja,de,privat,「privat」の反対は「,öffentlich,22,4,17.75,20.75,3.0
gemma-2-2b,76,freq,desc,ja,de,privat,「privat」の反対は「,öffentlich,22,38,17.75,17.625,-0.125
gemma-2-2b,76,freq,val,ja,de,privat,「privat」の反対は「,öffentlich,22,37,17.75,16.5,-1.25
gemma-2-2b,76,freq,freq,ja,de,privat,「privat」の反対は「,öffentlich,22,36,17.75,17.625,-0.125
gemma-2-2b,77,desc,desc,ja,de,richtig,「richtig」の反対は「,falsch,3,20,15.9375,14.6875,-1.25
gemma-2-2b,77,desc,val,ja,de,richtig,「richtig」の反対は「,falsch,3,35,15.9375,12.9375,-3.0
gemma-2-2b,77,desc,freq,ja,de,richtig,「richtig」の反対は「,falsch,3,13,15.9375,14.9375,-1.0
gemma-2-2b,77,val,desc,ja,de,richtig,「richtig」の反対は「,falsch,3,0,15.9375,21.5,5.5625
gemma-2-2b,77,val,val,ja,de,richtig,「richtig」の反対は「,falsch,3,16,15.9375,16.5,0.5625
gemma-2-2b,77,val,freq,ja,de,richtig,「richtig」の反対は「,falsch,3,0,15.9375,19.75,3.8125
gemma-2-2b,77,freq,desc,ja,de,richtig,「richtig」の反対は「,falsch,3,27,15.9375,14.9375,-1.0
gemma-2-2b,77,freq,val,ja,de,richtig,「richtig」の反対は「,falsch,3,65,15.9375,12.4375,-3.5
gemma-2-2b,77,freq,freq,ja,de,richtig,「richtig」の反対は「,falsch,3,38,15.9375,14.4375,-1.5
gemma-2-2b,78,desc,desc,ja,de,einfach,「einfach」の反対は「,komplex,6,56,17.125,15.5625,-1.5625
gemma-2-2b,78,desc,val,ja,de,einfach,「einfach」の反対は「,komplex,6,161,17.125,13.625,-3.5
gemma-2-2b,78,desc,freq,ja,de,einfach,「einfach」の反対は「,komplex,6,334,17.125,13.5625,-3.5625
gemma-2-2b,78,val,desc,ja,de,einfach,「einfach」の反対は「,komplex,6,0,17.125,20.125,3.0
gemma-2-2b,78,val,val,ja,de,einfach,「einfach」の反対は「,komplex,6,71,17.125,16.75,-0.375
gemma-2-2b,78,val,freq,ja,de,einfach,「einfach」の反対は「,komplex,6,10,17.125,18.375,1.25
gemma-2-2b,78,freq,desc,ja,de,einfach,「einfach」の反対は「,komplex,6,90,17.125,15.375,-1.75
gemma-2-2b,78,freq,val,ja,de,einfach,「einfach」の反対は「,komplex,6,162,17.125,13.625,-3.5
gemma-2-2b,78,freq,freq,ja,de,einfach,「einfach」の反対は「,komplex,6,95,17.125,15.375,-1.75
gemma-2-2b,79,desc,desc,ja,de,süß,「süß」の反対は「,bitter,30,21,10.3125,11.5,1.1875
gemma-2-2b,79,desc,val,ja,de,süß,「süß」の反対は「,bitter,30,21,10.3125,11.0625,0.75
gemma-2-2b,79,desc,freq,ja,de,süß,「süß」の反対は「,bitter,30,5,10.3125,6.3125,-4.0
gemma-2-2b,79,val,desc,ja,de,süß,「süß」の反対は「,bitter,30,1,10.3125,16.75,6.4375
gemma-2-2b,79,val,val,ja,de,süß,「süß」の反対は「,bitter,30,10,10.3125,14.4375,4.125
gemma-2-2b,79,val,freq,ja,de,süß,「süß」の反対は「,bitter,30,0,10.3125,9.25,-1.0625
gemma-2-2b,79,freq,desc,ja,de,süß,「süß」の反対は「,bitter,30,53,10.3125,10.625,0.3125
gemma-2-2b,79,freq,val,ja,de,süß,「süß」の反対は「,bitter,30,66,10.3125,8.3125,-2.0
gemma-2-2b,79,freq,freq,ja,de,süß,「süß」の反対は「,bitter,30,63,10.3125,10.25,-0.0625
gemma-2-2b,80,desc,desc,ja,de,sichtbar,「sichtbar」の反対は「,unsichtbar,10,22,16.875,15.5625,-1.3125
gemma-2-2b,80,desc,val,ja,de,sichtbar,「sichtbar」の反対は「,unsichtbar,10,30,16.875,14.4375,-2.4375
gemma-2-2b,80,desc,freq,ja,de,sichtbar,「sichtbar」の反対は「,unsichtbar,10,140,16.875,12.9375,-3.9375
gemma-2-2b,80,val,desc,ja,de,sichtbar,「sichtbar」の反対は「,unsichtbar,10,1,16.875,20.375,3.5
gemma-2-2b,80,val,val,ja,de,sichtbar,「sichtbar」の反対は「,unsichtbar,10,27,16.875,17.0,0.125
gemma-2-2b,80,val,freq,ja,de,sichtbar,「sichtbar」の反対は「,unsichtbar,10,4,16.875,17.875,1.0
gemma-2-2b,80,freq,desc,ja,de,sichtbar,「sichtbar」の反対は「,unsichtbar,10,22,16.875,15.9375,-0.9375
gemma-2-2b,80,freq,val,ja,de,sichtbar,「sichtbar」の反対は「,unsichtbar,10,33,16.875,14.25,-2.625
gemma-2-2b,80,freq,freq,ja,de,sichtbar,「sichtbar」の反対は「,unsichtbar,10,22,16.875,15.9375,-0.9375
gemma-2-2b,81,desc,desc,ja,de,warm,「warm」の反対は「,kalt,18,18,17.0,17.0,0.0
gemma-2-2b,81,desc,val,ja,de,warm,「warm」の反対は「,kalt,18,52,17.0,14.0625,-2.9375
gemma-2-2b,81,desc,freq,ja,de,warm,「warm」の反対は「,kalt,18,7,17.0,15.5,-1.5
gemma-2-2b,81,val,desc,ja,de,warm,「warm」の反対は「,kalt,18,7,17.0,19.5,2.5
gemma-2-2b,81,val,val,ja,de,warm,「warm」の反対は「,kalt,18,19,17.0,18.125,1.125
gemma-2-2b,81,val,freq,ja,de,warm,「warm」の反対は「,kalt,18,0,17.0,19.375,2.375
gemma-2-2b,81,freq,desc,ja,de,warm,「warm」の反対は「,kalt,18,17,17.0,17.375,0.375
gemma-2-2b,81,freq,val,ja,de,warm,「warm」の反対は「,kalt,18,28,17.0,15.125,-1.875
gemma-2-2b,81,freq,freq,ja,de,warm,「warm」の反対は「,kalt,18,19,17.0,17.125,0.125
gemma-2-2b,82,desc,desc,ja,de,glatt,「glatt」の反対は「,rau,233,698,16.625,15.375,-1.25
gemma-2-2b,82,desc,val,ja,de,glatt,「glatt」の反対は「,rau,233,413,16.625,15.0,-1.625
gemma-2-2b,82,desc,freq,ja,de,glatt,「glatt」の反対は「,rau,233,221,16.625,16.625,0.0
gemma-2-2b,82,val,desc,ja,de,glatt,「glatt」の反対は「,rau,233,293,16.625,18.125,1.5
gemma-2-2b,82,val,val,ja,de,glatt,「glatt」の反対は「,rau,233,646,16.625,16.625,0.0
gemma-2-2b,82,val,freq,ja,de,glatt,「glatt」の反対は「,rau,233,230,16.625,17.75,1.125
gemma-2-2b,82,freq,desc,ja,de,glatt,「glatt」の反対は「,rau,233,818,16.625,15.375,-1.25
gemma-2-2b,82,freq,val,ja,de,glatt,「glatt」の反対は「,rau,233,696,16.625,14.125,-2.5
gemma-2-2b,82,freq,freq,ja,de,glatt,「glatt」の反対は「,rau,233,902,16.625,15.25,-1.375
gemma-2-2b,83,desc,desc,ja,de,dünn,「dünn」の反対は「,dick,157,623,11.4375,9.75,-1.6875
gemma-2-2b,83,desc,val,ja,de,dünn,「dünn」の反対は「,dick,157,499,11.4375,9.3125,-2.125
gemma-2-2b,83,desc,freq,ja,de,dünn,「dünn」の反対は「,dick,157,2608,11.4375,7.90625,-3.53125
gemma-2-2b,83,val,desc,ja,de,dünn,「dünn」の反対は「,dick,157,8,11.4375,17.0,5.5625
gemma-2-2b,83,val,val,ja,de,dünn,「dünn」の反対は「,dick,157,309,11.4375,12.375,0.9375
gemma-2-2b,83,val,freq,ja,de,dünn,「dünn」の反対は「,dick,157,70,11.4375,14.75,3.3125
gemma-2-2b,83,freq,desc,ja,de,dünn,「dünn」の反対は「,dick,157,1453,11.4375,8.625,-2.8125
gemma-2-2b,83,freq,val,ja,de,dünn,「dünn」の反対は「,dick,157,1126,11.4375,7.5625,-3.875
gemma-2-2b,83,freq,freq,ja,de,dünn,「dünn」の反対は「,dick,157,1516,11.4375,8.4375,-3.0
gemma-2-2b,84,desc,desc,ja,de,groß,「groß」の反対は「,klein,0,0,22.375,21.125,-1.25
gemma-2-2b,84,desc,val,ja,de,groß,「groß」の反対は「,klein,0,0,22.375,20.125,-2.25
gemma-2-2b,84,desc,freq,ja,de,groß,「groß」の反対は「,klein,0,0,22.375,18.75,-3.625
gemma-2-2b,84,val,desc,ja,de,groß,「groß」の反対は「,klein,0,0,22.375,22.5,0.125
gemma-2-2b,84,val,val,ja,de,groß,「groß」の反対は「,klein,0,0,22.375,22.5,0.125
gemma-2-2b,84,val,freq,ja,de,groß,「groß」の反対は「,klein,0,0,22.375,19.75,-2.625
gemma-2-2b,84,freq,desc,ja,de,groß,「groß」の反対は「,klein,0,1,22.375,21.0,-1.375
gemma-2-2b,84,freq,val,ja,de,groß,「groß」の反対は「,klein,0,1,22.375,20.0,-2.375
gemma-2-2b,84,freq,freq,ja,de,groß,「groß」の反対は「,klein,0,1,22.375,21.125,-1.25
gemma-2-2b,85,desc,desc,ja,de,verheiratet,「verheiratet」の反対は「,unverheiratet,1,3,21.125,20.75,-0.375
gemma-2-2b,85,desc,val,ja,de,verheiratet,「verheiratet」の反対は「,unverheiratet,1,3,21.125,19.75,-1.375
gemma-2-2b,85,desc,freq,ja,de,verheiratet,「verheiratet」の反対は「,unverheiratet,1,7,21.125,16.875,-4.25
gemma-2-2b,85,val,desc,ja,de,verheiratet,「verheiratet」の反対は「,unverheiratet,1,3,21.125,21.25,0.125
gemma-2-2b,85,val,val,ja,de,verheiratet,「verheiratet」の反対は「,unverheiratet,1,2,21.125,21.875,0.75
gemma-2-2b,85,val,freq,ja,de,verheiratet,「verheiratet」の反対は「,unverheiratet,1,20,21.125,17.0,-4.125
gemma-2-2b,85,freq,desc,ja,de,verheiratet,「verheiratet」の反対は「,unverheiratet,1,4,21.125,20.625,-0.5
gemma-2-2b,85,freq,val,ja,de,verheiratet,「verheiratet」の反対は「,unverheiratet,1,5,21.125,19.25,-1.875
gemma-2-2b,85,freq,freq,ja,de,verheiratet,「verheiratet」の反対は「,unverheiratet,1,4,21.125,20.375,-0.75
gemma-2-2b,86,desc,desc,ja,de,optimistisch,「optimistisch」の反対は「,pessimistisch,0,0,21.375,21.5,0.125
gemma-2-2b,86,desc,val,ja,de,optimistisch,「optimistisch」の反対は「,pessimistisch,0,0,21.375,21.125,-0.25
gemma-2-2b,86,desc,freq,ja,de,optimistisch,「optimistisch」の反対は「,pessimistisch,0,0,21.375,20.5,-0.875
gemma-2-2b,86,val,desc,ja,de,optimistisch,「optimistisch」の反対は「,pessimistisch,0,0,21.375,23.375,2.0
gemma-2-2b,86,val,val,ja,de,optimistisch,「optimistisch」の反対は「,pessimistisch,0,0,21.375,23.0,1.625
gemma-2-2b,86,val,freq,ja,de,optimistisch,「optimistisch」の反対は「,pessimistisch,0,0,21.375,21.5,0.125
gemma-2-2b,86,freq,desc,ja,de,optimistisch,「optimistisch」の反対は「,pessimistisch,0,0,21.375,21.5,0.125
gemma-2-2b,86,freq,val,ja,de,optimistisch,「optimistisch」の反対は「,pessimistisch,0,0,21.375,20.625,-0.75
gemma-2-2b,86,freq,freq,ja,de,optimistisch,「optimistisch」の反対は「,pessimistisch,0,0,21.375,21.5,0.125
gemma-2-2b,87,desc,desc,ja,de,permanent,「permanent」の反対は「,temporär,21,21,19.75,19.75,0.0
gemma-2-2b,87,desc,val,ja,de,permanent,「permanent」の反対は「,temporär,21,13,19.75,19.125,-0.625
gemma-2-2b,87,desc,freq,ja,de,permanent,「permanent」の反対は「,temporär,21,8,19.75,17.75,-2.0
gemma-2-2b,87,val,desc,ja,de,permanent,「permanent」の反対は「,temporär,21,8,19.75,21.125,1.375
gemma-2-2b,87,val,val,ja,de,permanent,「permanent」の反対は「,temporär,21,13,19.75,20.875,1.125
gemma-2-2b,87,val,freq,ja,de,permanent,「permanent」の反対は「,temporär,21,8,19.75,18.875,-0.875
gemma-2-2b,87,freq,desc,ja,de,permanent,「permanent」の反対は「,temporär,21,23,19.75,19.5,-0.25
gemma-2-2b,87,freq,val,ja,de,permanent,「permanent」の反対は「,temporär,21,25,19.75,18.125,-1.625
gemma-2-2b,87,freq,freq,ja,de,permanent,「permanent」の反対は「,temporär,21,28,19.75,19.25,-0.5
gemma-2-2b,88,desc,desc,ja,de,gegenwärtig,「gegenwärtig」の反対は「,vergangen,1,35,22.125,18.5,-3.625
gemma-2-2b,88,desc,val,ja,de,gegenwärtig,「gegenwärtig」の反対は「,vergangen,1,69,22.125,17.0,-5.125
gemma-2-2b,88,desc,freq,ja,de,gegenwärtig,「gegenwärtig」の反対は「,vergangen,1,55,22.125,17.875,-4.25
gemma-2-2b,88,val,desc,ja,de,gegenwärtig,「gegenwärtig」の反対は「,vergangen,1,0,22.125,23.0,0.875
gemma-2-2b,88,val,val,ja,de,gegenwärtig,「gegenwärtig」の反対は「,vergangen,1,34,22.125,19.5,-2.625
gemma-2-2b,88,val,freq,ja,de,gegenwärtig,「gegenwärtig」の反対は「,vergangen,1,6,22.125,20.25,-1.875
gemma-2-2b,88,freq,desc,ja,de,gegenwärtig,「gegenwärtig」の反対は「,vergangen,1,56,22.125,18.0,-4.125
gemma-2-2b,88,freq,val,ja,de,gegenwärtig,「gegenwärtig」の反対は「,vergangen,1,85,22.125,16.375,-5.75
gemma-2-2b,88,freq,freq,ja,de,gegenwärtig,「gegenwärtig」の反対は「,vergangen,1,61,22.125,17.875,-4.25
gemma-2-2b,89,desc,desc,ja,de,öffentlich,「öffentlich」の反対は「,privat,9,12,14.5,14.25,-0.25
gemma-2-2b,89,desc,val,ja,de,öffentlich,「öffentlich」の反対は「,privat,9,16,14.5,12.9375,-1.5625
gemma-2-2b,89,desc,freq,ja,de,öffentlich,「öffentlich」の反対は「,privat,9,7,14.5,14.9375,0.4375
gemma-2-2b,89,val,desc,ja,de,öffentlich,「öffentlich」の反対は「,privat,9,2,14.5,19.75,5.25
gemma-2-2b,89,val,val,ja,de,öffentlich,「öffentlich」の反対は「,privat,9,10,14.5,16.0,1.5
gemma-2-2b,89,val,freq,ja,de,öffentlich,「öffentlich」の反対は「,privat,9,1,14.5,18.75,4.25
gemma-2-2b,89,freq,desc,ja,de,öffentlich,「öffentlich」の反対は「,privat,9,13,14.5,14.25,-0.25
gemma-2-2b,89,freq,val,ja,de,öffentlich,「öffentlich」の反対は「,privat,9,36,14.5,12.1875,-2.3125
gemma-2-2b,89,freq,freq,ja,de,öffentlich,「öffentlich」の反対は「,privat,9,14,14.5,14.125,-0.375
gemma-2-2b,90,desc,desc,ja,de,echt,「echt」の反対は「,falsch,3,7,18.75,17.875,-0.875
gemma-2-2b,90,desc,val,ja,de,echt,「echt」の反対は「,falsch,3,13,18.75,17.0,-1.75
gemma-2-2b,90,desc,freq,ja,de,echt,「echt」の反対は「,falsch,3,1,18.75,19.25,0.5
gemma-2-2b,90,val,desc,ja,de,echt,「echt」の反対は「,falsch,3,0,18.75,21.375,2.625
gemma-2-2b,90,val,val,ja,de,echt,「echt」の反対は「,falsch,3,6,18.75,19.75,1.0
gemma-2-2b,90,val,freq,ja,de,echt,「echt」の反対は「,falsch,3,0,18.75,21.625,2.875
gemma-2-2b,90,freq,desc,ja,de,echt,「echt」の反対は「,falsch,3,7,18.75,18.25,-0.5
gemma-2-2b,90,freq,val,ja,de,echt,「echt」の反対は「,falsch,3,12,18.75,16.75,-2.0
gemma-2-2b,90,freq,freq,ja,de,echt,「echt」の反対は「,falsch,3,12,18.75,17.875,-0.875
gemma-2-2b,91,desc,desc,ja,de,verantwortlich,「verantwortlich」の反対は「,unverantwortlich,0,1,23.5,22.25,-1.25
gemma-2-2b,91,desc,val,ja,de,verantwortlich,「verantwortlich」の反対は「,unverantwortlich,0,1,23.5,21.5,-2.0
gemma-2-2b,91,desc,freq,ja,de,verantwortlich,「verantwortlich」の反対は「,unverantwortlich,0,4,23.5,19.75,-3.75
gemma-2-2b,91,val,desc,ja,de,verantwortlich,「verantwortlich」の反対は「,unverantwortlich,0,1,23.5,23.25,-0.25
gemma-2-2b,91,val,val,ja,de,verantwortlich,「verantwortlich」の反対は「,unverantwortlich,0,1,23.5,23.25,-0.25
gemma-2-2b,91,val,freq,ja,de,verantwortlich,「verantwortlich」の反対は「,unverantwortlich,0,12,23.5,19.875,-3.625
gemma-2-2b,91,freq,desc,ja,de,verantwortlich,「verantwortlich」の反対は「,unverantwortlich,0,1,23.5,22.5,-1.0
gemma-2-2b,91,freq,val,ja,de,verantwortlich,「verantwortlich」の反対は「,unverantwortlich,0,1,23.5,21.25,-2.25
gemma-2-2b,91,freq,freq,ja,de,verantwortlich,「verantwortlich」の反対は「,unverantwortlich,0,1,23.5,22.375,-1.125
gemma-2-2b,92,desc,desc,ja,de,ledig,「ledig」の反対は「,verheiratet,194,410,14.9375,14.3125,-0.625
gemma-2-2b,92,desc,val,ja,de,ledig,「ledig」の反対は「,verheiratet,194,685,14.9375,12.875,-2.0625
gemma-2-2b,92,desc,freq,ja,de,ledig,「ledig」の反対は「,verheiratet,194,2650,14.9375,12.0625,-2.875
gemma-2-2b,92,val,desc,ja,de,ledig,「ledig」の反対は「,verheiratet,194,5,14.9375,19.5,4.5625
gemma-2-2b,92,val,val,ja,de,ledig,「ledig」の反対は「,verheiratet,194,350,14.9375,15.5625,0.625
gemma-2-2b,92,val,freq,ja,de,ledig,「ledig」の反対は「,verheiratet,194,115,14.9375,17.0,2.0625
gemma-2-2b,92,freq,desc,ja,de,ledig,「ledig」の反対は「,verheiratet,194,489,14.9375,14.3125,-0.625
gemma-2-2b,92,freq,val,ja,de,ledig,「ledig」の反対は「,verheiratet,194,1031,14.9375,12.125,-2.8125
gemma-2-2b,92,freq,freq,ja,de,ledig,「ledig」の反対は「,verheiratet,194,550,14.9375,14.125,-0.8125
gemma-2-2b,93,desc,desc,ja,de,sauer,「sauer」の反対は「,süß,3,3,21.375,21.375,0.0
gemma-2-2b,93,desc,val,ja,de,sauer,「sauer」の反対は「,süß,3,2,21.375,21.0,-0.375
gemma-2-2b,93,desc,freq,ja,de,sauer,「sauer」の反対は「,süß,3,0,21.375,21.75,0.375
gemma-2-2b,93,val,desc,ja,de,sauer,「sauer」の反対は「,süß,3,0,21.375,23.25,1.875
gemma-2-2b,93,val,val,ja,de,sauer,「sauer」の反対は「,süß,3,2,21.375,22.75,1.375
gemma-2-2b,93,val,freq,ja,de,sauer,「sauer」の反対は「,süß,3,0,21.375,23.375,2.0
gemma-2-2b,93,freq,desc,ja,de,sauer,「sauer」の反対は「,süß,3,1,21.375,21.5,0.125
gemma-2-2b,93,freq,val,ja,de,sauer,「sauer」の反対は「,süß,3,1,21.375,21.25,-0.125
gemma-2-2b,93,freq,freq,ja,de,sauer,「sauer」の反対は「,süß,3,1,21.375,21.5,0.125
gemma-2-2b,94,desc,desc,ja,de,nützlich,「nützlich」の反対は「,nutzlos,1,1,22.125,21.625,-0.5
gemma-2-2b,94,desc,val,ja,de,nützlich,「nützlich」の反対は「,nutzlos,1,3,22.125,20.75,-1.375
gemma-2-2b,94,desc,freq,ja,de,nützlich,「nützlich」の反対は「,nutzlos,1,1,22.125,20.125,-2.0
gemma-2-2b,94,val,desc,ja,de,nützlich,「nützlich」の反対は「,nutzlos,1,1,22.125,22.25,0.125
gemma-2-2b,94,val,val,ja,de,nützlich,「nützlich」の反対は「,nutzlos,1,0,22.125,23.125,1.0
gemma-2-2b,94,val,freq,ja,de,nützlich,「nützlich」の反対は「,nutzlos,1,2,22.125,20.75,-1.375
gemma-2-2b,94,freq,desc,ja,de,nützlich,「nützlich」の反対は「,nutzlos,1,1,22.125,22.25,0.125
gemma-2-2b,94,freq,val,ja,de,nützlich,「nützlich」の反対は「,nutzlos,1,1,22.125,21.375,-0.75
gemma-2-2b,94,freq,freq,ja,de,nützlich,「nützlich」の反対は「,nutzlos,1,2,22.125,22.0,-0.125
gemma-2-2b,95,desc,desc,ja,de,vertikal,「vertikal」の反対は「,horizontal,1,1,18.25,18.25,0.0
gemma-2-2b,95,desc,val,ja,de,vertikal,「vertikal」の反対は「,horizontal,1,1,18.25,18.0,-0.25
gemma-2-2b,95,desc,freq,ja,de,vertikal,「vertikal」の反対は「,horizontal,1,4,18.25,13.75,-4.5
gemma-2-2b,95,val,desc,ja,de,vertikal,「vertikal」の反対は「,horizontal,1,1,18.25,20.0,1.75
gemma-2-2b,95,val,val,ja,de,vertikal,「vertikal」の反対は「,horizontal,1,1,18.25,20.25,2.0
gemma-2-2b,95,val,freq,ja,de,vertikal,「vertikal」の反対は「,horizontal,1,6,18.25,15.9375,-2.3125
gemma-2-2b,95,freq,desc,ja,de,vertikal,「vertikal」の反対は「,horizontal,1,1,18.25,18.375,0.125
gemma-2-2b,95,freq,val,ja,de,vertikal,「vertikal」の反対は「,horizontal,1,1,18.25,17.125,-1.125
gemma-2-2b,95,freq,freq,ja,de,vertikal,「vertikal」の反対は「,horizontal,1,1,18.25,18.125,-0.125
gemma-2-2b,96,desc,desc,ja,de,gut,「gut」の反対は「,schlecht,373,373,15.5625,15.5625,0.0
gemma-2-2b,96,desc,val,ja,de,gut,「gut」の反対は「,schlecht,373,524,15.5625,14.125,-1.4375
gemma-2-2b,96,desc,freq,ja,de,gut,「gut」の反対は「,schlecht,373,162,15.5625,14.875,-0.6875
gemma-2-2b,96,val,desc,ja,de,gut,「gut」の反対は「,schlecht,373,8,15.5625,19.75,4.1875
gemma-2-2b,96,val,val,ja,de,gut,「gut」の反対は「,schlecht,373,512,15.5625,16.5,0.9375
gemma-2-2b,96,val,freq,ja,de,gut,「gut」の反対は「,schlecht,373,2,15.5625,20.125,4.5625
gemma-2-2b,96,freq,desc,ja,de,gut,「gut」の反対は「,schlecht,373,503,15.5625,15.5,-0.0625
gemma-2-2b,96,freq,val,ja,de,gut,「gut」の反対は「,schlecht,373,643,15.5625,13.625,-1.9375
gemma-2-2b,96,freq,freq,ja,de,gut,「gut」の反対は「,schlecht,373,469,15.5625,15.5625,0.0
gemma-2-2b,97,desc,desc,ja,de,gewinnend,「gewinnend」の反対は「,verlierend,1,26,15.6875,13.1875,-2.5
gemma-2-2b,97,desc,val,ja,de,gewinnend,「gewinnend」の反対は「,verlierend,1,71,15.6875,11.3125,-4.375
gemma-2-2b,97,desc,freq,ja,de,gewinnend,「gewinnend」の反対は「,verlierend,1,115,15.6875,11.875,-3.8125
gemma-2-2b,97,val,desc,ja,de,gewinnend,「gewinnend」の反対は「,verlierend,1,0,15.6875,22.375,6.6875
gemma-2-2b,97,val,val,ja,de,gewinnend,「gewinnend」の反対は「,verlierend,1,30,15.6875,14.6875,-1.0
gemma-2-2b,97,val,freq,ja,de,gewinnend,「gewinnend」の反対は「,verlierend,1,0,15.6875,19.75,4.0625
gemma-2-2b,97,freq,desc,ja,de,gewinnend,「gewinnend」の反対は「,verlierend,1,59,15.6875,12.875,-2.8125
gemma-2-2b,97,freq,val,ja,de,gewinnend,「gewinnend」の反対は「,verlierend,1,175,15.6875,10.0625,-5.625
gemma-2-2b,97,freq,freq,ja,de,gewinnend,「gewinnend」の反対は「,verlierend,1,63,15.6875,12.5625,-3.125
gemma-2-2b,98,desc,desc,ja,de,unfreundlich,「unfreundlich」の反対は「,freundlich,4,8,19.75,18.875,-0.875
gemma-2-2b,98,desc,val,ja,de,unfreundlich,「unfreundlich」の反対は「,freundlich,4,4,19.75,18.875,-0.875
gemma-2-2b,98,desc,freq,ja,de,unfreundlich,「unfreundlich」の反対は「,freundlich,4,0,19.75,19.125,-0.625
gemma-2-2b,98,val,desc,ja,de,unfreundlich,「unfreundlich」の反対は「,freundlich,4,1,19.75,21.625,1.875
gemma-2-2b,98,val,val,ja,de,unfreundlich,「unfreundlich」の反対は「,freundlich,4,11,19.75,19.875,0.125
gemma-2-2b,98,val,freq,ja,de,unfreundlich,「unfreundlich」の反対は「,freundlich,4,6,19.75,18.875,-0.875
gemma-2-2b,98,freq,desc,ja,de,unfreundlich,「unfreundlich」の反対は「,freundlich,4,8,19.75,19.0,-0.75
gemma-2-2b,98,freq,val,ja,de,unfreundlich,「unfreundlich」の反対は「,freundlich,4,13,19.75,17.625,-2.125
gemma-2-2b,98,freq,freq,ja,de,unfreundlich,「unfreundlich」の反対は「,freundlich,4,10,19.75,18.75,-1.0
gemma-2-2b,99,desc,desc,ja,de,feige,「feige」の反対は「,mutig,890,890,16.125,16.125,0.0
gemma-2-2b,99,desc,val,ja,de,feige,「feige」の反対は「,mutig,890,1192,16.125,14.9375,-1.1875
gemma-2-2b,99,desc,freq,ja,de,feige,「feige」の反対は「,mutig,890,99,16.125,17.5,1.375
gemma-2-2b,99,val,desc,ja,de,feige,「feige」の反対は「,mutig,890,439,16.125,17.75,1.625
gemma-2-2b,99,val,val,ja,de,feige,「feige」の反対は「,mutig,890,740,16.125,17.5,1.375
gemma-2-2b,99,val,freq,ja,de,feige,「feige」の反対は「,mutig,890,26,16.125,19.75,3.625
gemma-2-2b,99,freq,desc,ja,de,feige,「feige」の反対は「,mutig,890,1256,16.125,15.6875,-0.4375
gemma-2-2b,99,freq,val,ja,de,feige,「feige」の反対は「,mutig,890,1398,16.125,14.3125,-1.8125
gemma-2-2b,99,freq,freq,ja,de,feige,「feige」の反対は「,mutig,890,1306,16.125,15.6875,-0.4375
gemma-2-2b,0,desc,desc,ja,en,good,「good」の反対は「,bad,0,0,24.125,24.75,0.625
gemma-2-2b,0,desc,val,ja,en,good,「good」の反対は「,bad,0,0,24.125,22.75,-1.375
gemma-2-2b,0,desc,freq,ja,en,good,「good」の反対は「,bad,0,0,24.125,25.5,1.375
gemma-2-2b,0,val,desc,ja,en,good,「good」の反対は「,bad,0,0,24.125,25.0,0.875
gemma-2-2b,0,val,val,ja,en,good,「good」の反対は「,bad,0,0,24.125,24.125,0.0
gemma-2-2b,0,val,freq,ja,en,good,「good」の反対は「,bad,0,0,24.125,25.125,1.0
gemma-2-2b,0,freq,desc,ja,en,good,「good」の反対は「,bad,0,0,24.125,24.875,0.75
gemma-2-2b,0,freq,val,ja,en,good,「good」の反対は「,bad,0,0,24.125,22.5,-1.625
gemma-2-2b,0,freq,freq,ja,en,good,「good」の反対は「,bad,0,0,24.125,24.125,0.0
gemma-2-2b,1,desc,desc,ja,en,happy,「happy」の反対は「,sad,0,0,23.25,23.75,0.5
gemma-2-2b,1,desc,val,ja,en,happy,「happy」の反対は「,sad,0,0,23.25,21.75,-1.5
gemma-2-2b,1,desc,freq,ja,en,happy,「happy」の反対は「,sad,0,0,23.25,24.5,1.25
gemma-2-2b,1,val,desc,ja,en,happy,「happy」の反対は「,sad,0,0,23.25,23.5,0.25
gemma-2-2b,1,val,val,ja,en,happy,「happy」の反対は「,sad,0,0,23.25,23.5,0.25
gemma-2-2b,1,val,freq,ja,en,happy,「happy」の反対は「,sad,0,0,23.25,24.0,0.75
gemma-2-2b,1,freq,desc,ja,en,happy,「happy」の反対は「,sad,0,0,23.25,23.375,0.125
gemma-2-2b,1,freq,val,ja,en,happy,「happy」の反対は「,sad,0,0,23.25,21.5,-1.75
gemma-2-2b,1,freq,freq,ja,en,happy,「happy」の反対は「,sad,0,0,23.25,23.25,0.0
gemma-2-2b,2,desc,desc,ja,en,big,「big」の反対は「,small,0,0,24.25,25.0,0.75
gemma-2-2b,2,desc,val,ja,en,big,「big」の反対は「,small,0,0,24.25,22.125,-2.125
gemma-2-2b,2,desc,freq,ja,en,big,「big」の反対は「,small,0,0,24.25,25.25,1.0
gemma-2-2b,2,val,desc,ja,en,big,「big」の反対は「,small,0,0,24.25,24.625,0.375
gemma-2-2b,2,val,val,ja,en,big,「big」の反対は「,small,0,0,24.25,24.125,-0.125
gemma-2-2b,2,val,freq,ja,en,big,「big」の反対は「,small,0,0,24.25,25.0,0.75
gemma-2-2b,2,freq,desc,ja,en,big,「big」の反対は「,small,0,0,24.25,24.625,0.375
gemma-2-2b,2,freq,val,ja,en,big,「big」の反対は「,small,0,0,24.25,22.625,-1.625
gemma-2-2b,2,freq,freq,ja,en,big,「big」の反対は「,small,0,0,24.25,24.125,-0.125
gemma-2-2b,3,desc,desc,ja,en,hot,「hot」の反対は「,cold,0,0,23.125,24.0,0.875
gemma-2-2b,3,desc,val,ja,en,hot,「hot」の反対は「,cold,0,0,23.125,21.625,-1.5
gemma-2-2b,3,desc,freq,ja,en,hot,「hot」の反対は「,cold,0,0,23.125,25.0,1.875
gemma-2-2b,3,val,desc,ja,en,hot,「hot」の反対は「,cold,0,0,23.125,23.875,0.75
gemma-2-2b,3,val,val,ja,en,hot,「hot」の反対は「,cold,0,0,23.125,23.125,0.0
gemma-2-2b,3,val,freq,ja,en,hot,「hot」の反対は「,cold,0,0,23.125,24.25,1.125
gemma-2-2b,3,freq,desc,ja,en,hot,「hot」の反対は「,cold,0,0,23.125,23.625,0.5
gemma-2-2b,3,freq,val,ja,en,hot,「hot」の反対は「,cold,0,0,23.125,21.25,-1.875
gemma-2-2b,3,freq,freq,ja,en,hot,「hot」の反対は「,cold,0,0,23.125,23.125,0.0
gemma-2-2b,4,desc,desc,ja,en,fast,「fast」の反対は「,slow,0,0,25.0,25.375,0.375
gemma-2-2b,4,desc,val,ja,en,fast,「fast」の反対は「,slow,0,0,25.0,23.25,-1.75
gemma-2-2b,4,desc,freq,ja,en,fast,「fast」の反対は「,slow,0,0,25.0,26.0,1.0
gemma-2-2b,4,val,desc,ja,en,fast,「fast」の反対は「,slow,0,0,25.0,25.25,0.25
gemma-2-2b,4,val,val,ja,en,fast,「fast」の反対は「,slow,0,0,25.0,24.75,-0.25
gemma-2-2b,4,val,freq,ja,en,fast,「fast」の反対は「,slow,0,0,25.0,25.5,0.5
gemma-2-2b,4,freq,desc,ja,en,fast,「fast」の反対は「,slow,0,0,25.0,25.25,0.25
gemma-2-2b,4,freq,val,ja,en,fast,「fast」の反対は「,slow,0,0,25.0,23.5,-1.5
gemma-2-2b,4,freq,freq,ja,en,fast,「fast」の反対は「,slow,0,0,25.0,24.875,-0.125
gemma-2-2b,5,desc,desc,ja,en,light,「light」の反対は「,dark,0,0,23.875,24.5,0.625
gemma-2-2b,5,desc,val,ja,en,light,「light」の反対は「,dark,0,1,23.875,21.625,-2.25
gemma-2-2b,5,desc,freq,ja,en,light,「light」の反対は「,dark,0,0,23.875,24.875,1.0
gemma-2-2b,5,val,desc,ja,en,light,「light」の反対は「,dark,0,0,23.875,24.125,0.25
gemma-2-2b,5,val,val,ja,en,light,「light」の反対は「,dark,0,0,23.875,23.875,0.0
gemma-2-2b,5,val,freq,ja,en,light,「light」の反対は「,dark,0,0,23.875,24.625,0.75
gemma-2-2b,5,freq,desc,ja,en,light,「light」の反対は「,dark,0,0,23.875,24.0,0.125
gemma-2-2b,5,freq,val,ja,en,light,「light」の反対は「,dark,0,0,23.875,21.875,-2.0
gemma-2-2b,5,freq,freq,ja,en,light,「light」の反対は「,dark,0,0,23.875,23.875,0.0
gemma-2-2b,6,desc,desc,ja,en,easy,「easy」の反対は「,difficult,0,0,23.375,24.125,0.75
gemma-2-2b,6,desc,val,ja,en,easy,「easy」の反対は「,difficult,0,0,23.375,20.125,-3.25
gemma-2-2b,6,desc,freq,ja,en,easy,「easy」の反対は「,difficult,0,0,23.375,24.5,1.125
gemma-2-2b,6,val,desc,ja,en,easy,「easy」の反対は「,difficult,0,0,23.375,23.5,0.125
gemma-2-2b,6,val,val,ja,en,easy,「easy」の反対は「,difficult,0,0,23.375,23.125,-0.25
gemma-2-2b,6,val,freq,ja,en,easy,「easy」の反対は「,difficult,0,0,23.375,24.0,0.625
gemma-2-2b,6,freq,desc,ja,en,easy,「easy」の反対は「,difficult,0,0,23.375,23.75,0.375
gemma-2-2b,6,freq,val,ja,en,easy,「easy」の反対は「,difficult,0,0,23.375,20.25,-3.125
gemma-2-2b,6,freq,freq,ja,en,easy,「easy」の反対は「,difficult,0,0,23.375,23.375,0.0
gemma-2-2b,7,desc,desc,ja,en,new,「new」の反対は「,old,0,0,24.875,25.25,0.375
gemma-2-2b,7,desc,val,ja,en,new,「new」の反対は「,old,0,0,24.875,22.25,-2.625
gemma-2-2b,7,desc,freq,ja,en,new,「new」の反対は「,old,0,0,24.875,25.625,0.75
gemma-2-2b,7,val,desc,ja,en,new,「new」の反対は「,old,0,0,24.875,25.0,0.125
gemma-2-2b,7,val,val,ja,en,new,「new」の反対は「,old,0,0,24.875,24.875,0.0
gemma-2-2b,7,val,freq,ja,en,new,「new」の反対は「,old,0,0,24.875,25.375,0.5
gemma-2-2b,7,freq,desc,ja,en,new,「new」の反対は「,old,0,0,24.875,25.0,0.125
gemma-2-2b,7,freq,val,ja,en,new,「new」の反対は「,old,0,0,24.875,22.875,-2.0
gemma-2-2b,7,freq,freq,ja,en,new,「new」の反対は「,old,0,0,24.875,24.875,0.0
gemma-2-2b,8,desc,desc,ja,en,true,「true」の反対は「,false,0,0,23.125,23.875,0.75
gemma-2-2b,8,desc,val,ja,en,true,「true」の反対は「,false,0,0,23.125,21.75,-1.375
gemma-2-2b,8,desc,freq,ja,en,true,「true」の反対は「,false,0,0,23.125,24.125,1.0
gemma-2-2b,8,val,desc,ja,en,true,「true」の反対は「,false,0,0,23.125,23.25,0.125
gemma-2-2b,8,val,val,ja,en,true,「true」の反対は「,false,0,0,23.125,23.125,0.0
gemma-2-2b,8,val,freq,ja,en,true,「true」の反対は「,false,0,0,23.125,23.875,0.75
gemma-2-2b,8,freq,desc,ja,en,true,「true」の反対は「,false,0,0,23.125,23.375,0.25
gemma-2-2b,8,freq,val,ja,en,true,「true」の反対は「,false,0,0,23.125,22.0,-1.125
gemma-2-2b,8,freq,freq,ja,en,true,「true」の反対は「,false,0,0,23.125,23.125,0.0
gemma-2-2b,9,desc,desc,ja,en,alive,「alive」の反対は「,dead,0,0,22.875,23.625,0.75
gemma-2-2b,9,desc,val,ja,en,alive,「alive」の反対は「,dead,0,0,22.875,20.625,-2.25
gemma-2-2b,9,desc,freq,ja,en,alive,「alive」の反対は「,dead,0,0,22.875,24.5,1.625
gemma-2-2b,9,val,desc,ja,en,alive,「alive」の反対は「,dead,0,0,22.875,23.5,0.625
gemma-2-2b,9,val,val,ja,en,alive,「alive」の反対は「,dead,0,0,22.875,23.0,0.125
gemma-2-2b,9,val,freq,ja,en,alive,「alive」の反対は「,dead,0,0,22.875,24.125,1.25
gemma-2-2b,9,freq,desc,ja,en,alive,「alive」の反対は「,dead,0,0,22.875,23.375,0.5
gemma-2-2b,9,freq,val,ja,en,alive,「alive」の反対は「,dead,0,0,22.875,20.375,-2.5
gemma-2-2b,9,freq,freq,ja,en,alive,「alive」の反対は「,dead,0,0,22.875,22.875,0.0
gemma-2-2b,10,desc,desc,ja,en,full,「full」の反対は「,empty,0,0,24.125,24.875,0.75
gemma-2-2b,10,desc,val,ja,en,full,「full」の反対は「,empty,0,0,24.125,22.0,-2.125
gemma-2-2b,10,desc,freq,ja,en,full,「full」の反対は「,empty,0,0,24.125,25.125,1.0
gemma-2-2b,10,val,desc,ja,en,full,「full」の反対は「,empty,0,0,24.125,24.375,0.25
gemma-2-2b,10,val,val,ja,en,full,「full」の反対は「,empty,0,0,24.125,24.125,0.0
gemma-2-2b,10,val,freq,ja,en,full,「full」の反対は「,empty,0,0,24.125,24.625,0.5
gemma-2-2b,10,freq,desc,ja,en,full,「full」の反対は「,empty,0,0,24.125,24.375,0.25
gemma-2-2b,10,freq,val,ja,en,full,「full」の反対は「,empty,0,0,24.125,22.125,-2.0
gemma-2-2b,10,freq,freq,ja,en,full,「full」の反対は「,empty,0,0,24.125,24.125,0.0
gemma-2-2b,11,desc,desc,ja,en,bright,「bright」の反対は「,dark,0,0,24.5,25.125,0.625
gemma-2-2b,11,desc,val,ja,en,bright,「bright」の反対は「,dark,0,0,24.5,23.125,-1.375
gemma-2-2b,11,desc,freq,ja,en,bright,「bright」の反対は「,dark,0,0,24.5,25.5,1.0
gemma-2-2b,11,val,desc,ja,en,bright,「bright」の反対は「,dark,0,0,24.5,24.75,0.25
gemma-2-2b,11,val,val,ja,en,bright,「bright」の反対は「,dark,0,0,24.5,24.625,0.125
gemma-2-2b,11,val,freq,ja,en,bright,「bright」の反対は「,dark,0,0,24.5,25.25,0.75
gemma-2-2b,11,freq,desc,ja,en,bright,「bright」の反対は「,dark,0,0,24.5,24.5,0.0
gemma-2-2b,11,freq,val,ja,en,bright,「bright」の反対は「,dark,0,0,24.5,23.125,-1.375
gemma-2-2b,11,freq,freq,ja,en,bright,「bright」の反対は「,dark,0,0,24.5,24.5,0.0
gemma-2-2b,12,desc,desc,ja,en,strong,「strong」の反対は「,weak,0,0,25.75,26.375,0.625
gemma-2-2b,12,desc,val,ja,en,strong,「strong」の反対は「,weak,0,0,25.75,25.125,-0.625
gemma-2-2b,12,desc,freq,ja,en,strong,「strong」の反対は「,weak,0,0,25.75,26.75,1.0
gemma-2-2b,12,val,desc,ja,en,strong,「strong」の反対は「,weak,0,0,25.75,26.125,0.375
gemma-2-2b,12,val,val,ja,en,strong,「strong」の反対は「,weak,0,0,25.75,25.875,0.125
gemma-2-2b,12,val,freq,ja,en,strong,「strong」の反対は「,weak,0,0,25.75,26.25,0.5
gemma-2-2b,12,freq,desc,ja,en,strong,「strong」の反対は「,weak,0,0,25.75,26.0,0.25
gemma-2-2b,12,freq,val,ja,en,strong,「strong」の反対は「,weak,0,0,25.75,24.75,-1.0
gemma-2-2b,12,freq,freq,ja,en,strong,「strong」の反対は「,weak,0,0,25.75,25.75,0.0
gemma-2-2b,13,desc,desc,ja,en,clean,「clean」の反対は「,dirty,1,1,20.25,21.5,1.25
gemma-2-2b,13,desc,val,ja,en,clean,「clean」の反対は「,dirty,1,3,20.25,18.375,-1.875
gemma-2-2b,13,desc,freq,ja,en,clean,「clean」の反対は「,dirty,1,2,20.25,22.875,2.625
gemma-2-2b,13,val,desc,ja,en,clean,「clean」の反対は「,dirty,1,3,20.25,21.375,1.125
gemma-2-2b,13,val,val,ja,en,clean,「clean」の反対は「,dirty,1,3,20.25,20.375,0.125
gemma-2-2b,13,val,freq,ja,en,clean,「clean」の反対は「,dirty,1,3,20.25,22.25,2.0
gemma-2-2b,13,freq,desc,ja,en,clean,「clean」の反対は「,dirty,1,1,20.25,21.25,1.0
gemma-2-2b,13,freq,val,ja,en,clean,「clean」の反対は「,dirty,1,1,20.25,18.0,-2.25
gemma-2-2b,13,freq,freq,ja,en,clean,「clean」の反対は「,dirty,1,1,20.25,20.125,-0.125
gemma-2-2b,14,desc,desc,ja,en,open,「open」の反対は「,closed,0,0,24.25,25.125,0.875
gemma-2-2b,14,desc,val,ja,en,open,「open」の反対は「,closed,0,0,24.25,22.375,-1.875
gemma-2-2b,14,desc,freq,ja,en,open,「open」の反対は「,closed,0,0,24.25,25.5,1.25
gemma-2-2b,14,val,desc,ja,en,open,「open」の反対は「,closed,0,1,24.25,24.375,0.125
gemma-2-2b,14,val,val,ja,en,open,「open」の反対は「,closed,0,1,24.25,24.125,-0.125
gemma-2-2b,14,val,freq,ja,en,open,「open」の反対は「,closed,0,1,24.25,24.75,0.5
gemma-2-2b,14,freq,desc,ja,en,open,「open」の反対は「,closed,0,1,24.25,24.5,0.25
gemma-2-2b,14,freq,val,ja,en,open,「open」の反対は「,closed,0,1,24.25,22.25,-2.0
gemma-2-2b,14,freq,freq,ja,en,open,「open」の反対は「,closed,0,1,24.25,24.25,0.0
gemma-2-2b,15,desc,desc,ja,en,rich,「rich」の反対は「,poor,0,0,24.875,25.375,0.5
gemma-2-2b,15,desc,val,ja,en,rich,「rich」の反対は「,poor,0,0,24.875,23.875,-1.0
gemma-2-2b,15,desc,freq,ja,en,rich,「rich」の反対は「,poor,0,0,24.875,26.0,1.125
gemma-2-2b,15,val,desc,ja,en,rich,「rich」の反対は「,poor,0,0,24.875,25.375,0.5
gemma-2-2b,15,val,val,ja,en,rich,「rich」の反対は「,poor,0,0,24.875,25.125,0.25
gemma-2-2b,15,val,freq,ja,en,rich,「rich」の反対は「,poor,0,0,24.875,25.625,0.75
gemma-2-2b,15,freq,desc,ja,en,rich,「rich」の反対は「,poor,0,0,24.875,25.25,0.375
gemma-2-2b,15,freq,val,ja,en,rich,「rich」の反対は「,poor,0,0,24.875,23.875,-1.0
gemma-2-2b,15,freq,freq,ja,en,rich,「rich」の反対は「,poor,0,0,24.875,25.0,0.125
gemma-2-2b,16,desc,desc,ja,en,beautiful,「beautiful」の反対は「,ugly,0,0,20.5,21.5,1.0
gemma-2-2b,16,desc,val,ja,en,beautiful,「beautiful」の反対は「,ugly,0,0,20.5,18.875,-1.625
gemma-2-2b,16,desc,freq,ja,en,beautiful,「beautiful」の反対は「,ugly,0,0,20.5,22.5,2.0
gemma-2-2b,16,val,desc,ja,en,beautiful,「beautiful」の反対は「,ugly,0,0,20.5,21.5,1.0
gemma-2-2b,16,val,val,ja,en,beautiful,「beautiful」の反対は「,ugly,0,0,20.5,20.5,0.0
gemma-2-2b,16,val,freq,ja,en,beautiful,「beautiful」の反対は「,ugly,0,0,20.5,22.0,1.5
gemma-2-2b,16,freq,desc,ja,en,beautiful,「beautiful」の反対は「,ugly,0,0,20.5,21.625,1.125
gemma-2-2b,16,freq,val,ja,en,beautiful,「beautiful」の反対は「,ugly,0,0,20.5,19.0,-1.5
gemma-2-2b,16,freq,freq,ja,en,beautiful,「beautiful」の反対は「,ugly,0,0,20.5,20.625,0.125
gemma-2-2b,17,desc,desc,ja,en,long,「long」の反対は「,short,0,0,24.375,25.25,0.875
gemma-2-2b,17,desc,val,ja,en,long,「long」の反対は「,short,0,0,24.375,23.0,-1.375
gemma-2-2b,17,desc,freq,ja,en,long,「long」の反対は「,short,0,0,24.375,25.5,1.125
gemma-2-2b,17,val,desc,ja,en,long,「long」の反対は「,short,0,0,24.375,24.875,0.5
gemma-2-2b,17,val,val,ja,en,long,「long」の反対は「,short,0,0,24.375,24.125,-0.25
gemma-2-2b,17,val,freq,ja,en,long,「long」の反対は「,short,0,0,24.375,25.125,0.75
gemma-2-2b,17,freq,desc,ja,en,long,「long」の反対は「,short,0,0,24.375,25.125,0.75
gemma-2-2b,17,freq,val,ja,en,long,「long」の反対は「,short,0,0,24.375,22.875,-1.5
gemma-2-2b,17,freq,freq,ja,en,long,「long」の反対は「,short,0,0,24.375,24.375,0.0
gemma-2-2b,18,desc,desc,ja,en,wide,「wide」の反対は「,narrow,0,0,24.375,25.375,1.0
gemma-2-2b,18,desc,val,ja,en,wide,「wide」の反対は「,narrow,0,1,24.375,22.625,-1.75
gemma-2-2b,18,desc,freq,ja,en,wide,「wide」の反対は「,narrow,0,0,24.375,25.625,1.25
gemma-2-2b,18,val,desc,ja,en,wide,「wide」の反対は「,narrow,0,0,24.375,24.75,0.375
gemma-2-2b,18,val,val,ja,en,wide,「wide」の反対は「,narrow,0,0,24.375,24.375,0.0
gemma-2-2b,18,val,freq,ja,en,wide,「wide」の反対は「,narrow,0,0,24.375,25.25,0.875
gemma-2-2b,18,freq,desc,ja,en,wide,「wide」の反対は「,narrow,0,0,24.375,24.875,0.5
gemma-2-2b,18,freq,val,ja,en,wide,「wide」の反対は「,narrow,0,0,24.375,22.5,-1.875
gemma-2-2b,18,freq,freq,ja,en,wide,「wide」の反対は「,narrow,0,0,24.375,24.375,0.0
gemma-2-2b,19,desc,desc,ja,en,hard,「hard」の反対は「,soft,0,0,24.5,25.25,0.75
gemma-2-2b,19,desc,val,ja,en,hard,「hard」の反対は「,soft,0,0,24.5,23.0,-1.5
gemma-2-2b,19,desc,freq,ja,en,hard,「hard」の反対は「,soft,0,0,24.5,25.75,1.25
gemma-2-2b,19,val,desc,ja,en,hard,「hard」の反対は「,soft,0,0,24.5,25.0,0.5
gemma-2-2b,19,val,val,ja,en,hard,「hard」の反対は「,soft,0,0,24.5,24.625,0.125
gemma-2-2b,19,val,freq,ja,en,hard,「hard」の反対は「,soft,0,0,24.5,25.375,0.875
gemma-2-2b,19,freq,desc,ja,en,hard,「hard」の反対は「,soft,0,0,24.5,24.875,0.375
gemma-2-2b,19,freq,val,ja,en,hard,「hard」の反対は「,soft,0,0,24.5,23.0,-1.5
gemma-2-2b,19,freq,freq,ja,en,hard,「hard」の反対は「,soft,0,0,24.5,24.5,0.0
gemma-2-2b,20,desc,desc,ja,en,dry,「dry」の反対は「,wet,0,0,23.25,24.25,1.0
gemma-2-2b,20,desc,val,ja,en,dry,「dry」の反対は「,wet,0,0,23.25,21.625,-1.625
gemma-2-2b,20,desc,freq,ja,en,dry,「dry」の反対は「,wet,0,0,23.25,25.25,2.0
gemma-2-2b,20,val,desc,ja,en,dry,「dry」の反対は「,wet,0,0,23.25,24.25,1.0
gemma-2-2b,20,val,val,ja,en,dry,「dry」の反対は「,wet,0,0,23.25,23.5,0.25
gemma-2-2b,20,val,freq,ja,en,dry,「dry」の反対は「,wet,0,0,23.25,24.625,1.375
gemma-2-2b,20,freq,desc,ja,en,dry,「dry」の反対は「,wet,0,0,23.25,24.125,0.875
gemma-2-2b,20,freq,val,ja,en,dry,「dry」の反対は「,wet,0,0,23.25,21.25,-2.0
gemma-2-2b,20,freq,freq,ja,en,dry,「dry」の反対は「,wet,0,0,23.25,23.25,0.0
gemma-2-2b,21,desc,desc,ja,en,loud,「loud」の反対は「,quiet,0,0,23.625,24.375,0.75
gemma-2-2b,21,desc,val,ja,en,loud,「loud」の反対は「,quiet,0,0,23.625,22.75,-0.875
gemma-2-2b,21,desc,freq,ja,en,loud,「loud」の反対は「,quiet,0,0,23.625,25.125,1.5
gemma-2-2b,21,val,desc,ja,en,loud,「loud」の反対は「,quiet,0,0,23.625,24.125,0.5
gemma-2-2b,21,val,val,ja,en,loud,「loud」の反対は「,quiet,0,0,23.625,23.75,0.125
gemma-2-2b,21,val,freq,ja,en,loud,「loud」の反対は「,quiet,0,0,23.625,24.75,1.125
gemma-2-2b,21,freq,desc,ja,en,loud,「loud」の反対は「,quiet,0,0,23.625,23.875,0.25
gemma-2-2b,21,freq,val,ja,en,loud,「loud」の反対は「,quiet,0,0,23.625,22.75,-0.875
gemma-2-2b,21,freq,freq,ja,en,loud,「loud」の反対は「,quiet,0,0,23.625,23.5,-0.125
gemma-2-2b,22,desc,desc,ja,en,early,「early」の反対は「,late,0,0,24.75,25.375,0.625
gemma-2-2b,22,desc,val,ja,en,early,「early」の反対は「,late,0,0,24.75,23.5,-1.25
gemma-2-2b,22,desc,freq,ja,en,early,「early」の反対は「,late,0,0,24.75,25.875,1.125
gemma-2-2b,22,val,desc,ja,en,early,「early」の反対は「,late,0,0,24.75,25.25,0.5
gemma-2-2b,22,val,val,ja,en,early,「early」の反対は「,late,0,0,24.75,24.75,0.0
gemma-2-2b,22,val,freq,ja,en,early,「early」の反対は「,late,0,0,24.75,25.5,0.75
gemma-2-2b,22,freq,desc,ja,en,early,「early」の反対は「,late,0,0,24.75,25.25,0.5
gemma-2-2b,22,freq,val,ja,en,early,「early」の反対は「,late,0,0,24.75,23.5,-1.25
gemma-2-2b,22,freq,freq,ja,en,early,「early」の反対は「,late,0,0,24.75,24.875,0.125
gemma-2-2b,23,desc,desc,ja,en,near,「near」の反対は「,far,0,0,25.125,25.75,0.625
gemma-2-2b,23,desc,val,ja,en,near,「near」の反対は「,far,0,0,25.125,23.625,-1.5
gemma-2-2b,23,desc,freq,ja,en,near,「near」の反対は「,far,0,0,25.125,26.25,1.125
gemma-2-2b,23,val,desc,ja,en,near,「near」の反対は「,far,0,0,25.125,25.875,0.75
gemma-2-2b,23,val,val,ja,en,near,「near」の反対は「,far,0,0,25.125,25.25,0.125
gemma-2-2b,23,val,freq,ja,en,near,「near」の反対は「,far,0,0,25.125,26.0,0.875
gemma-2-2b,23,freq,desc,ja,en,near,「near」の反対は「,far,0,0,25.125,25.625,0.5
gemma-2-2b,23,freq,val,ja,en,near,「near」の反対は「,far,0,0,25.125,23.625,-1.5
gemma-2-2b,23,freq,freq,ja,en,near,「near」の反対は「,far,0,0,25.125,25.125,0.0
gemma-2-2b,24,desc,desc,ja,en,deep,「deep」の反対は「,shallow,0,0,25.375,25.875,0.5
gemma-2-2b,24,desc,val,ja,en,deep,「deep」の反対は「,shallow,0,1,25.375,23.875,-1.5
gemma-2-2b,24,desc,freq,ja,en,deep,「deep」の反対は「,shallow,0,0,25.375,25.75,0.375
gemma-2-2b,24,val,desc,ja,en,deep,「deep」の反対は「,shallow,0,1,25.375,25.125,-0.25
gemma-2-2b,24,val,val,ja,en,deep,「deep」の反対は「,shallow,0,1,25.375,25.125,-0.25
gemma-2-2b,24,val,freq,ja,en,deep,「deep」の反対は「,shallow,0,1,25.375,25.375,0.0
gemma-2-2b,24,freq,desc,ja,en,deep,「deep」の反対は「,shallow,0,0,25.375,25.375,0.0
gemma-2-2b,24,freq,val,ja,en,deep,「deep」の反対は「,shallow,0,0,25.375,24.375,-1.0
gemma-2-2b,24,freq,freq,ja,en,deep,「deep」の反対は「,shallow,0,0,25.375,25.375,0.0
gemma-2-2b,25,desc,desc,ja,en,bad,「bad」の反対は「,good,0,0,25.625,26.375,0.75
gemma-2-2b,25,desc,val,ja,en,bad,「bad」の反対は「,good,0,0,25.625,24.0,-1.625
gemma-2-2b,25,desc,freq,ja,en,bad,「bad」の反対は「,good,0,0,25.625,26.625,1.0
gemma-2-2b,25,val,desc,ja,en,bad,「bad」の反対は「,good,0,0,25.625,26.0,0.375
gemma-2-2b,25,val,val,ja,en,bad,「bad」の反対は「,good,0,0,25.625,25.75,0.125
gemma-2-2b,25,val,freq,ja,en,bad,「bad」の反対は「,good,0,0,25.625,26.375,0.75
gemma-2-2b,25,freq,desc,ja,en,bad,「bad」の反対は「,good,0,0,25.625,26.0,0.375
gemma-2-2b,25,freq,val,ja,en,bad,「bad」の反対は「,good,0,0,25.625,24.0,-1.625
gemma-2-2b,25,freq,freq,ja,en,bad,「bad」の反対は「,good,0,0,25.625,25.625,0.0
gemma-2-2b,26,desc,desc,ja,en,sad,「sad」の反対は「,happy,0,0,24.75,25.375,0.625
gemma-2-2b,26,desc,val,ja,en,sad,「sad」の反対は「,happy,0,0,24.75,23.0,-1.75
gemma-2-2b,26,desc,freq,ja,en,sad,「sad」の反対は「,happy,0,0,24.75,25.875,1.125
gemma-2-2b,26,val,desc,ja,en,sad,「sad」の反対は「,happy,0,0,24.75,25.0,0.25
gemma-2-2b,26,val,val,ja,en,sad,「sad」の反対は「,happy,0,0,24.75,25.125,0.375
gemma-2-2b,26,val,freq,ja,en,sad,「sad」の反対は「,happy,0,0,24.75,25.75,1.0
gemma-2-2b,26,freq,desc,ja,en,sad,「sad」の反対は「,happy,0,0,24.75,24.75,0.0
gemma-2-2b,26,freq,val,ja,en,sad,「sad」の反対は「,happy,0,0,24.75,23.125,-1.625
gemma-2-2b,26,freq,freq,ja,en,sad,「sad」の反対は「,happy,0,0,24.75,24.75,0.0
gemma-2-2b,27,desc,desc,ja,en,small,「small」の反対は「,big,0,0,21.5,22.5,1.0
gemma-2-2b,27,desc,val,ja,en,small,「small」の反対は「,big,0,1,21.5,19.25,-2.25
gemma-2-2b,27,desc,freq,ja,en,small,「small」の反対は「,big,0,0,21.5,22.75,1.25
gemma-2-2b,27,val,desc,ja,en,small,「small」の反対は「,big,0,1,21.5,22.0,0.5
gemma-2-2b,27,val,val,ja,en,small,「small」の反対は「,big,0,1,21.5,21.125,-0.375
gemma-2-2b,27,val,freq,ja,en,small,「small」の反対は「,big,0,0,21.5,22.375,0.875
gemma-2-2b,27,freq,desc,ja,en,small,「small」の反対は「,big,0,0,21.5,22.375,0.875
gemma-2-2b,27,freq,val,ja,en,small,「small」の反対は「,big,0,0,21.5,19.5,-2.0
gemma-2-2b,27,freq,freq,ja,en,small,「small」の反対は「,big,0,0,21.5,21.375,-0.125
gemma-2-2b,28,desc,desc,ja,en,cold,「cold」の反対は「,hot,0,0,22.875,23.625,0.75
gemma-2-2b,28,desc,val,ja,en,cold,「cold」の反対は「,hot,0,0,22.875,19.875,-3.0
gemma-2-2b,28,desc,freq,ja,en,cold,「cold」の反対は「,hot,0,0,22.875,24.25,1.375
gemma-2-2b,28,val,desc,ja,en,cold,「cold」の反対は「,hot,0,0,22.875,24.125,1.25
gemma-2-2b,28,val,val,ja,en,cold,「cold」の反対は「,hot,0,0,22.875,23.25,0.375
gemma-2-2b,28,val,freq,ja,en,cold,「cold」の反対は「,hot,0,0,22.875,24.25,1.375
gemma-2-2b,28,freq,desc,ja,en,cold,「cold」の反対は「,hot,0,0,22.875,23.75,0.875
gemma-2-2b,28,freq,val,ja,en,cold,「cold」の反対は「,hot,0,0,22.875,20.0,-2.875
gemma-2-2b,28,freq,freq,ja,en,cold,「cold」の反対は「,hot,0,0,22.875,22.875,0.0
gemma-2-2b,29,desc,desc,ja,en,slow,「slow」の反対は「,fast,0,0,24.0,25.125,1.125
gemma-2-2b,29,desc,val,ja,en,slow,「slow」の反対は「,fast,0,0,24.0,22.125,-1.875
gemma-2-2b,29,desc,freq,ja,en,slow,「slow」の反対は「,fast,0,0,24.0,25.625,1.625
gemma-2-2b,29,val,desc,ja,en,slow,「slow」の反対は「,fast,0,0,24.0,24.75,0.75
gemma-2-2b,29,val,val,ja,en,slow,「slow」の反対は「,fast,0,0,24.0,24.0,0.0
gemma-2-2b,29,val,freq,ja,en,slow,「slow」の反対は「,fast,0,0,24.0,25.25,1.25
gemma-2-2b,29,freq,desc,ja,en,slow,「slow」の反対は「,fast,0,0,24.0,24.75,0.75
gemma-2-2b,29,freq,val,ja,en,slow,「slow」の反対は「,fast,0,0,24.0,21.875,-2.125
gemma-2-2b,29,freq,freq,ja,en,slow,「slow」の反対は「,fast,0,0,24.0,24.0,0.0
gemma-2-2b,30,desc,desc,ja,en,heavy,「heavy」の反対は「,light,0,0,24.625,25.25,0.625
gemma-2-2b,30,desc,val,ja,en,heavy,「heavy」の反対は「,light,0,0,24.625,23.5,-1.125
gemma-2-2b,30,desc,freq,ja,en,heavy,「heavy」の反対は「,light,0,0,24.625,26.0,1.375
gemma-2-2b,30,val,desc,ja,en,heavy,「heavy」の反対は「,light,0,0,24.625,25.0,0.375
gemma-2-2b,30,val,val,ja,en,heavy,「heavy」の反対は「,light,0,0,24.625,24.75,0.125
gemma-2-2b,30,val,freq,ja,en,heavy,「heavy」の反対は「,light,0,0,24.625,25.5,0.875
gemma-2-2b,30,freq,desc,ja,en,heavy,「heavy」の反対は「,light,0,0,24.625,24.75,0.125
gemma-2-2b,30,freq,val,ja,en,heavy,「heavy」の反対は「,light,0,0,24.625,23.375,-1.25
gemma-2-2b,30,freq,freq,ja,en,heavy,「heavy」の反対は「,light,0,0,24.625,24.625,0.0
gemma-2-2b,31,desc,desc,ja,en,difficult,「difficult」の反対は「,easy,0,0,24.25,24.75,0.5
gemma-2-2b,31,desc,val,ja,en,difficult,「difficult」の反対は「,easy,0,0,24.25,23.125,-1.125
gemma-2-2b,31,desc,freq,ja,en,difficult,「difficult」の反対は「,easy,0,0,24.25,25.5,1.25
gemma-2-2b,31,val,desc,ja,en,difficult,「difficult」の反対は「,easy,0,0,24.25,24.5,0.25
gemma-2-2b,31,val,val,ja,en,difficult,「difficult」の反対は「,easy,0,0,24.25,24.5,0.25
gemma-2-2b,31,val,freq,ja,en,difficult,「difficult」の反対は「,easy,0,0,24.25,25.25,1.0
gemma-2-2b,31,freq,desc,ja,en,difficult,「difficult」の反対は「,easy,0,0,24.25,24.125,-0.125
gemma-2-2b,31,freq,val,ja,en,difficult,「difficult」の反対は「,easy,0,0,24.25,23.5,-0.75
gemma-2-2b,31,freq,freq,ja,en,difficult,「difficult」の反対は「,easy,0,0,24.25,24.375,0.125
gemma-2-2b,32,desc,desc,ja,en,old,「old」の反対は「,new,0,0,24.75,25.375,0.625
gemma-2-2b,32,desc,val,ja,en,old,「old」の反対は「,new,0,0,24.75,21.875,-2.875
gemma-2-2b,32,desc,freq,ja,en,old,「old」の反対は「,new,0,0,24.75,25.375,0.625
gemma-2-2b,32,val,desc,ja,en,old,「old」の反対は「,new,0,0,24.75,24.875,0.125
gemma-2-2b,32,val,val,ja,en,old,「old」の反対は「,new,0,0,24.75,24.625,-0.125
gemma-2-2b,32,val,freq,ja,en,old,「old」の反対は「,new,0,0,24.75,25.25,0.5
gemma-2-2b,32,freq,desc,ja,en,old,「old」の反対は「,new,0,0,24.75,25.0,0.25
gemma-2-2b,32,freq,val,ja,en,old,「old」の反対は「,new,0,0,24.75,22.25,-2.5
gemma-2-2b,32,freq,freq,ja,en,old,「old」の反対は「,new,0,0,24.75,24.75,0.0
gemma-2-2b,33,desc,desc,ja,en,false,「false」の反対は「,true,0,0,23.5,24.0,0.5
gemma-2-2b,33,desc,val,ja,en,false,「false」の反対は「,true,0,1,23.5,20.125,-3.375
gemma-2-2b,33,desc,freq,ja,en,false,「false」の反対は「,true,0,0,23.5,23.875,0.375
gemma-2-2b,33,val,desc,ja,en,false,「false」の反対は「,true,0,0,23.5,23.5,0.0
gemma-2-2b,33,val,val,ja,en,false,「false」の反対は「,true,0,0,23.5,23.25,-0.25
gemma-2-2b,33,val,freq,ja,en,false,「false」の反対は「,true,0,0,23.5,23.875,0.375
gemma-2-2b,33,freq,desc,ja,en,false,「false」の反対は「,true,0,0,23.5,23.625,0.125
gemma-2-2b,33,freq,val,ja,en,false,「false」の反対は「,true,0,0,23.5,21.0,-2.5
gemma-2-2b,33,freq,freq,ja,en,false,「false」の反対は「,true,0,0,23.5,23.375,-0.125
gemma-2-2b,34,desc,desc,ja,en,dead,「dead」の反対は「,alive,0,0,25.125,25.75,0.625
gemma-2-2b,34,desc,val,ja,en,dead,「dead」の反対は「,alive,0,0,25.125,22.875,-2.25
gemma-2-2b,34,desc,freq,ja,en,dead,「dead」の反対は「,alive,0,0,25.125,26.375,1.25
gemma-2-2b,34,val,desc,ja,en,dead,「dead」の反対は「,alive,0,0,25.125,25.125,0.0
gemma-2-2b,34,val,val,ja,en,dead,「dead」の反対は「,alive,0,0,25.125,25.25,0.125
gemma-2-2b,34,val,freq,ja,en,dead,「dead」の反対は「,alive,0,0,25.125,25.75,0.625
gemma-2-2b,34,freq,desc,ja,en,dead,「dead」の反対は「,alive,0,0,25.125,25.125,0.0
gemma-2-2b,34,freq,val,ja,en,dead,「dead」の反対は「,alive,0,0,25.125,22.5,-2.625
gemma-2-2b,34,freq,freq,ja,en,dead,「dead」の反対は「,alive,0,0,25.125,25.125,0.0
gemma-2-2b,35,desc,desc,ja,en,empty,「empty」の反対は「,full,0,0,25.125,25.5,0.375
gemma-2-2b,35,desc,val,ja,en,empty,「empty」の反対は「,full,0,0,25.125,23.5,-1.625
gemma-2-2b,35,desc,freq,ja,en,empty,「empty」の反対は「,full,0,0,25.125,26.0,0.875
gemma-2-2b,35,val,desc,ja,en,empty,「empty」の反対は「,full,0,0,25.125,25.25,0.125
gemma-2-2b,35,val,val,ja,en,empty,「empty」の反対は「,full,0,0,25.125,25.25,0.125
gemma-2-2b,35,val,freq,ja,en,empty,「empty」の反対は「,full,0,0,25.125,26.0,0.875
gemma-2-2b,35,freq,desc,ja,en,empty,「empty」の反対は「,full,0,0,25.125,25.25,0.125
gemma-2-2b,35,freq,val,ja,en,empty,「empty」の反対は「,full,0,0,25.125,23.75,-1.375
gemma-2-2b,35,freq,freq,ja,en,empty,「empty」の反対は「,full,0,0,25.125,25.125,0.0
gemma-2-2b,36,desc,desc,ja,en,dark,「dark」の反対は「,light,0,0,24.5,25.25,0.75
gemma-2-2b,36,desc,val,ja,en,dark,「dark」の反対は「,light,0,0,24.5,22.625,-1.875
gemma-2-2b,36,desc,freq,ja,en,dark,「dark」の反対は「,light,0,0,24.5,25.75,1.25
gemma-2-2b,36,val,desc,ja,en,dark,「dark」の反対は「,light,0,0,24.5,24.75,0.25
gemma-2-2b,36,val,val,ja,en,dark,「dark」の反対は「,light,0,0,24.5,24.625,0.125
gemma-2-2b,36,val,freq,ja,en,dark,「dark」の反対は「,light,0,0,24.5,25.375,0.875
gemma-2-2b,36,freq,desc,ja,en,dark,「dark」の反対は「,light,0,0,24.5,24.75,0.25
gemma-2-2b,36,freq,val,ja,en,dark,「dark」の反対は「,light,0,0,24.5,22.625,-1.875
gemma-2-2b,36,freq,freq,ja,en,dark,「dark」の反対は「,light,0,0,24.5,24.5,0.0
gemma-2-2b,37,desc,desc,ja,en,weak,「weak」の反対は「,strong,0,0,25.375,26.0,0.625
gemma-2-2b,37,desc,val,ja,en,weak,「weak」の反対は「,strong,0,0,25.375,24.125,-1.25
gemma-2-2b,37,desc,freq,ja,en,weak,「weak」の反対は「,strong,0,0,25.375,26.25,0.875
gemma-2-2b,37,val,desc,ja,en,weak,「weak」の反対は「,strong,0,0,25.375,25.75,0.375
gemma-2-2b,37,val,val,ja,en,weak,「weak」の反対は「,strong,0,0,25.375,25.625,0.25
gemma-2-2b,37,val,freq,ja,en,weak,「weak」の反対は「,strong,0,0,25.375,26.25,0.875
gemma-2-2b,37,freq,desc,ja,en,weak,「weak」の反対は「,strong,0,0,25.375,25.375,0.0
gemma-2-2b,37,freq,val,ja,en,weak,「weak」の反対は「,strong,0,0,25.375,24.375,-1.0
gemma-2-2b,37,freq,freq,ja,en,weak,「weak」の反対は「,strong,0,0,25.375,25.375,0.0
gemma-2-2b,38,desc,desc,ja,en,dirty,「dirty」の反対は「,clean,0,0,24.625,25.375,0.75
gemma-2-2b,38,desc,val,ja,en,dirty,「dirty」の反対は「,clean,0,0,24.625,23.5,-1.125
gemma-2-2b,38,desc,freq,ja,en,dirty,「dirty」の反対は「,clean,0,0,24.625,26.25,1.625
gemma-2-2b,38,val,desc,ja,en,dirty,「dirty」の反対は「,clean,0,0,24.625,25.25,0.625
gemma-2-2b,38,val,val,ja,en,dirty,「dirty」の反対は「,clean,0,0,24.625,24.875,0.25
gemma-2-2b,38,val,freq,ja,en,dirty,「dirty」の反対は「,clean,0,0,24.625,25.625,1.0
gemma-2-2b,38,freq,desc,ja,en,dirty,「dirty」の反対は「,clean,0,0,24.625,25.0,0.375
gemma-2-2b,38,freq,val,ja,en,dirty,「dirty」の反対は「,clean,0,0,24.625,23.0,-1.625
gemma-2-2b,38,freq,freq,ja,en,dirty,「dirty」の反対は「,clean,0,0,24.625,24.625,0.0
gemma-2-2b,39,desc,desc,ja,en,closed,「closed」の反対は「,open,0,0,25.125,25.375,0.25
gemma-2-2b,39,desc,val,ja,en,closed,「closed」の反対は「,open,0,0,25.125,23.0,-2.125
gemma-2-2b,39,desc,freq,ja,en,closed,「closed」の反対は「,open,0,0,25.125,25.625,0.5
gemma-2-2b,39,val,desc,ja,en,closed,「closed」の反対は「,open,0,0,25.125,25.375,0.25
gemma-2-2b,39,val,val,ja,en,closed,「closed」の反対は「,open,0,0,25.125,25.25,0.125
gemma-2-2b,39,val,freq,ja,en,closed,「closed」の反対は「,open,0,0,25.125,25.625,0.5
gemma-2-2b,39,freq,desc,ja,en,closed,「closed」の反対は「,open,0,0,25.125,25.25,0.125
gemma-2-2b,39,freq,val,ja,en,closed,「closed」の反対は「,open,0,0,25.125,23.375,-1.75
gemma-2-2b,39,freq,freq,ja,en,closed,「closed」の反対は「,open,0,0,25.125,25.125,0.0
gemma-2-2b,40,desc,desc,ja,en,poor,「poor」の反対は「,rich,1,1,23.875,24.125,0.25
gemma-2-2b,40,desc,val,ja,en,poor,「poor」の反対は「,rich,1,0,23.875,22.375,-1.5
gemma-2-2b,40,desc,freq,ja,en,poor,「poor」の反対は「,rich,1,1,23.875,24.875,1.0
gemma-2-2b,40,val,desc,ja,en,poor,「poor」の反対は「,rich,1,1,23.875,24.125,0.25
gemma-2-2b,40,val,val,ja,en,poor,「poor」の反対は「,rich,1,1,23.875,23.875,0.0
gemma-2-2b,40,val,freq,ja,en,poor,「poor」の反対は「,rich,1,1,23.875,24.75,0.875
gemma-2-2b,40,freq,desc,ja,en,poor,「poor」の反対は「,rich,1,1,23.875,24.125,0.25
gemma-2-2b,40,freq,val,ja,en,poor,「poor」の反対は「,rich,1,0,23.875,22.75,-1.125
gemma-2-2b,40,freq,freq,ja,en,poor,「poor」の反対は「,rich,1,1,23.875,23.875,0.0
gemma-2-2b,41,desc,desc,ja,en,ugly,「ugly」の反対は「,beautiful,0,0,23.375,24.125,0.75
gemma-2-2b,41,desc,val,ja,en,ugly,「ugly」の反対は「,beautiful,0,0,23.375,21.375,-2.0
gemma-2-2b,41,desc,freq,ja,en,ugly,「ugly」の反対は「,beautiful,0,0,23.375,24.625,1.25
gemma-2-2b,41,val,desc,ja,en,ugly,「ugly」の反対は「,beautiful,0,0,23.375,23.375,0.0
gemma-2-2b,41,val,val,ja,en,ugly,「ugly」の反対は「,beautiful,0,0,23.375,23.125,-0.25
gemma-2-2b,41,val,freq,ja,en,ugly,「ugly」の反対は「,beautiful,0,0,23.375,24.125,0.75
gemma-2-2b,41,freq,desc,ja,en,ugly,「ugly」の反対は「,beautiful,0,0,23.375,23.5,0.125
gemma-2-2b,41,freq,val,ja,en,ugly,「ugly」の反対は「,beautiful,0,0,23.375,21.5,-1.875
gemma-2-2b,41,freq,freq,ja,en,ugly,「ugly」の反対は「,beautiful,0,0,23.375,23.25,-0.125
gemma-2-2b,42,desc,desc,ja,en,short,「short」の反対は「,long,0,0,24.25,25.25,1.0
gemma-2-2b,42,desc,val,ja,en,short,「short」の反対は「,long,0,0,24.25,21.875,-2.375
gemma-2-2b,42,desc,freq,ja,en,short,「short」の反対は「,long,0,0,24.25,25.375,1.125
gemma-2-2b,42,val,desc,ja,en,short,「short」の反対は「,long,0,0,24.25,24.75,0.5
gemma-2-2b,42,val,val,ja,en,short,「short」の反対は「,long,0,0,24.25,24.25,0.0
gemma-2-2b,42,val,freq,ja,en,short,「short」の反対は「,long,0,0,24.25,25.25,1.0
gemma-2-2b,42,freq,desc,ja,en,short,「short」の反対は「,long,0,0,24.25,24.75,0.5
gemma-2-2b,42,freq,val,ja,en,short,「short」の反対は「,long,0,0,24.25,22.25,-2.0
gemma-2-2b,42,freq,freq,ja,en,short,「short」の反対は「,long,0,0,24.25,24.25,0.0
gemma-2-2b,43,desc,desc,ja,en,narrow,「narrow」の反対は「,wide,0,0,24.75,25.5,0.75
gemma-2-2b,43,desc,val,ja,en,narrow,「narrow」の反対は「,wide,0,0,24.75,22.625,-2.125
gemma-2-2b,43,desc,freq,ja,en,narrow,「narrow」の反対は「,wide,0,0,24.75,26.125,1.375
gemma-2-2b,43,val,desc,ja,en,narrow,「narrow」の反対は「,wide,0,0,24.75,25.375,0.625
gemma-2-2b,43,val,val,ja,en,narrow,「narrow」の反対は「,wide,0,0,24.75,25.25,0.5
gemma-2-2b,43,val,freq,ja,en,narrow,「narrow」の反対は「,wide,0,0,24.75,26.0,1.25
gemma-2-2b,43,freq,desc,ja,en,narrow,「narrow」の反対は「,wide,0,0,24.75,25.25,0.5
gemma-2-2b,43,freq,val,ja,en,narrow,「narrow」の反対は「,wide,0,0,24.75,22.625,-2.125
gemma-2-2b,43,freq,freq,ja,en,narrow,「narrow」の反対は「,wide,0,0,24.75,24.75,0.0
gemma-2-2b,44,desc,desc,ja,en,soft,「soft」の反対は「,hard,0,0,22.25,23.5,1.25
gemma-2-2b,44,desc,val,ja,en,soft,「soft」の反対は「,hard,0,0,22.25,20.875,-1.375
gemma-2-2b,44,desc,freq,ja,en,soft,「soft」の反対は「,hard,0,0,22.25,24.125,1.875
gemma-2-2b,44,val,desc,ja,en,soft,「soft」の反対は「,hard,0,0,22.25,23.25,1.0
gemma-2-2b,44,val,val,ja,en,soft,「soft」の反対は「,hard,0,0,22.25,22.125,-0.125
gemma-2-2b,44,val,freq,ja,en,soft,「soft」の反対は「,hard,0,0,22.25,23.5,1.25
gemma-2-2b,44,freq,desc,ja,en,soft,「soft」の反対は「,hard,0,0,22.25,23.375,1.125
gemma-2-2b,44,freq,val,ja,en,soft,「soft」の反対は「,hard,0,0,22.25,20.75,-1.5
gemma-2-2b,44,freq,freq,ja,en,soft,「soft」の反対は「,hard,0,0,22.25,22.25,0.0
gemma-2-2b,45,desc,desc,ja,en,wet,「wet」の反対は「,dry,0,0,24.5,25.25,0.75
gemma-2-2b,45,desc,val,ja,en,wet,「wet」の反対は「,dry,0,0,24.5,22.875,-1.625
gemma-2-2b,45,desc,freq,ja,en,wet,「wet」の反対は「,dry,0,0,24.5,26.0,1.5
gemma-2-2b,45,val,desc,ja,en,wet,「wet」の反対は「,dry,0,0,24.5,24.75,0.25
gemma-2-2b,45,val,val,ja,en,wet,「wet」の反対は「,dry,0,0,24.5,24.5,0.0
gemma-2-2b,45,val,freq,ja,en,wet,「wet」の反対は「,dry,0,0,24.5,25.5,1.0
gemma-2-2b,45,freq,desc,ja,en,wet,「wet」の反対は「,dry,0,0,24.5,24.625,0.125
gemma-2-2b,45,freq,val,ja,en,wet,「wet」の反対は「,dry,0,0,24.5,22.5,-2.0
gemma-2-2b,45,freq,freq,ja,en,wet,「wet」の反対は「,dry,0,0,24.5,24.5,0.0
gemma-2-2b,46,desc,desc,ja,en,quiet,「quiet」の反対は「,noisy,0,0,22.375,23.375,1.0
gemma-2-2b,46,desc,val,ja,en,quiet,「quiet」の反対は「,noisy,0,1,22.375,20.5,-1.875
gemma-2-2b,46,desc,freq,ja,en,quiet,「quiet」の反対は「,noisy,0,0,22.375,24.125,1.75
gemma-2-2b,46,val,desc,ja,en,quiet,「quiet」の反対は「,noisy,0,1,22.375,22.5,0.125
gemma-2-2b,46,val,val,ja,en,quiet,「quiet」の反対は「,noisy,0,0,22.375,22.125,-0.25
gemma-2-2b,46,val,freq,ja,en,quiet,「quiet」の反対は「,noisy,0,1,22.375,23.5,1.125
gemma-2-2b,46,freq,desc,ja,en,quiet,「quiet」の反対は「,noisy,0,0,22.375,23.0,0.625
gemma-2-2b,46,freq,val,ja,en,quiet,「quiet」の反対は「,noisy,0,0,22.375,20.875,-1.5
gemma-2-2b,46,freq,freq,ja,en,quiet,「quiet」の反対は「,noisy,0,0,22.375,22.375,0.0
gemma-2-2b,47,desc,desc,ja,en,late,「late」の反対は「,early,0,0,24.625,25.25,0.625
gemma-2-2b,47,desc,val,ja,en,late,「late」の反対は「,early,0,0,24.625,21.75,-2.875
gemma-2-2b,47,desc,freq,ja,en,late,「late」の反対は「,early,0,0,24.625,25.5,0.875
gemma-2-2b,47,val,desc,ja,en,late,「late」の反対は「,early,0,0,24.625,25.0,0.375
gemma-2-2b,47,val,val,ja,en,late,「late」の反対は「,early,0,0,24.625,24.625,0.0
gemma-2-2b,47,val,freq,ja,en,late,「late」の反対は「,early,0,0,24.625,25.25,0.625
gemma-2-2b,47,freq,desc,ja,en,late,「late」の反対は「,early,0,0,24.625,25.0,0.375
gemma-2-2b,47,freq,val,ja,en,late,「late」の反対は「,early,0,0,24.625,21.875,-2.75
gemma-2-2b,47,freq,freq,ja,en,late,「late」の反対は「,early,0,0,24.625,24.5,-0.125
gemma-2-2b,48,desc,desc,ja,en,far,「far」の反対は「,near,0,0,23.5,24.5,1.0
gemma-2-2b,48,desc,val,ja,en,far,「far」の反対は「,near,0,0,23.5,21.25,-2.25
gemma-2-2b,48,desc,freq,ja,en,far,「far」の反対は「,near,0,0,23.5,25.125,1.625
gemma-2-2b,48,val,desc,ja,en,far,「far」の反対は「,near,0,0,23.5,23.875,0.375
gemma-2-2b,48,val,val,ja,en,far,「far」の反対は「,near,0,0,23.5,23.5,0.0
gemma-2-2b,48,val,freq,ja,en,far,「far」の反対は「,near,0,0,23.5,24.25,0.75
gemma-2-2b,48,freq,desc,ja,en,far,「far」の反対は「,near,0,0,23.5,23.875,0.375
gemma-2-2b,48,freq,val,ja,en,far,「far」の反対は「,near,0,0,23.5,21.0,-2.5
gemma-2-2b,48,freq,freq,ja,en,far,「far」の反対は「,near,0,0,23.5,23.5,0.0
gemma-2-2b,49,desc,desc,ja,en,shallow,「shallow」の反対は「,deep,0,0,24.0,24.875,0.875
gemma-2-2b,49,desc,val,ja,en,shallow,「shallow」の反対は「,deep,0,0,24.0,22.5,-1.5
gemma-2-2b,49,desc,freq,ja,en,shallow,「shallow」の反対は「,deep,0,0,24.0,25.125,1.125
gemma-2-2b,49,val,desc,ja,en,shallow,「shallow」の反対は「,deep,0,0,24.0,24.0,0.0
gemma-2-2b,49,val,val,ja,en,shallow,「shallow」の反対は「,deep,0,0,24.0,24.0,0.0
gemma-2-2b,49,val,freq,ja,en,shallow,「shallow」の反対は「,deep,0,0,24.0,24.75,0.75
gemma-2-2b,49,freq,desc,ja,en,shallow,「shallow」の反対は「,deep,0,0,24.0,24.125,0.125
gemma-2-2b,49,freq,val,ja,en,shallow,「shallow」の反対は「,deep,0,0,24.0,22.75,-1.25
gemma-2-2b,49,freq,freq,ja,en,shallow,「shallow」の反対は「,deep,0,0,24.0,24.125,0.125
gemma-2-2b,50,desc,desc,ja,en,young,「young」の反対は「,old,0,0,24.5,25.0,0.5
gemma-2-2b,50,desc,val,ja,en,young,「young」の反対は「,old,0,0,24.5,21.625,-2.875
gemma-2-2b,50,desc,freq,ja,en,young,「young」の反対は「,old,0,0,24.5,25.375,0.875
gemma-2-2b,50,val,desc,ja,en,young,「young」の反対は「,old,0,0,24.5,24.5,0.0
gemma-2-2b,50,val,val,ja,en,young,「young」の反対は「,old,0,0,24.5,24.25,-0.25
gemma-2-2b,50,val,freq,ja,en,young,「young」の反対は「,old,0,0,24.5,25.25,0.75
gemma-2-2b,50,freq,desc,ja,en,young,「young」の反対は「,old,0,0,24.5,24.5,0.0
gemma-2-2b,50,freq,val,ja,en,young,「young」の反対は「,old,0,0,24.5,22.125,-2.375
gemma-2-2b,50,freq,freq,ja,en,young,「young」の反対は「,old,0,0,24.5,24.375,-0.125
gemma-2-2b,51,desc,desc,ja,en,kind,「kind」の反対は「,unkind,3,3,21.625,22.125,0.5
gemma-2-2b,51,desc,val,ja,en,kind,「kind」の反対は「,unkind,3,6,21.625,19.875,-1.75
gemma-2-2b,51,desc,freq,ja,en,kind,「kind」の反対は「,unkind,3,4,21.625,23.0,1.375
gemma-2-2b,51,val,desc,ja,en,kind,「kind」の反対は「,unkind,3,4,21.625,22.25,0.625
gemma-2-2b,51,val,val,ja,en,kind,「kind」の反対は「,unkind,3,4,21.625,22.0,0.375
gemma-2-2b,51,val,freq,ja,en,kind,「kind」の反対は「,unkind,3,4,21.625,22.875,1.25
gemma-2-2b,51,freq,desc,ja,en,kind,「kind」の反対は「,unkind,3,3,21.625,21.875,0.25
gemma-2-2b,51,freq,val,ja,en,kind,「kind」の反対は「,unkind,3,5,21.625,19.875,-1.75
gemma-2-2b,51,freq,freq,ja,en,kind,「kind」の反対は「,unkind,3,3,21.625,21.625,0.0
gemma-2-2b,52,desc,desc,ja,en,brave,「brave」の反対は「,cowardly,5,4,19.5,20.25,0.75
gemma-2-2b,52,desc,val,ja,en,brave,「brave」の反対は「,cowardly,5,16,19.5,17.75,-1.75
gemma-2-2b,52,desc,freq,ja,en,brave,「brave」の反対は「,cowardly,5,4,19.5,21.5,2.0
gemma-2-2b,52,val,desc,ja,en,brave,「brave」の反対は「,cowardly,5,7,19.5,20.125,0.625
gemma-2-2b,52,val,val,ja,en,brave,「brave」の反対は「,cowardly,5,9,19.5,19.875,0.375
gemma-2-2b,52,val,freq,ja,en,brave,「brave」の反対は「,cowardly,5,8,19.5,21.25,1.75
gemma-2-2b,52,freq,desc,ja,en,brave,「brave」の反対は「,cowardly,5,5,19.5,19.75,0.25
gemma-2-2b,52,freq,val,ja,en,brave,「brave」の反対は「,cowardly,5,13,19.5,17.75,-1.75
gemma-2-2b,52,freq,freq,ja,en,brave,「brave」の反対は「,cowardly,5,5,19.5,19.5,0.0
gemma-2-2b,53,desc,desc,ja,en,wise,「wise」の反対は「,foolish,0,0,25.25,25.5,0.25
gemma-2-2b,53,desc,val,ja,en,wise,「wise」の反対は「,foolish,0,0,25.25,24.5,-0.75
gemma-2-2b,53,desc,freq,ja,en,wise,「wise」の反対は「,foolish,0,0,25.25,26.125,0.875
gemma-2-2b,53,val,desc,ja,en,wise,「wise」の反対は「,foolish,0,0,25.25,25.5,0.25
gemma-2-2b,53,val,val,ja,en,wise,「wise」の反対は「,foolish,0,0,25.25,25.5,0.25
gemma-2-2b,53,val,freq,ja,en,wise,「wise」の反対は「,foolish,0,0,25.25,25.75,0.5
gemma-2-2b,53,freq,desc,ja,en,wise,「wise」の反対は「,foolish,0,0,25.25,25.25,0.0
gemma-2-2b,53,freq,val,ja,en,wise,「wise」の反対は「,foolish,0,0,25.25,24.375,-0.875
gemma-2-2b,53,freq,freq,ja,en,wise,「wise」の反対は「,foolish,0,0,25.25,25.25,0.0
gemma-2-2b,54,desc,desc,ja,en,polite,「polite」の反対は「,rude,0,0,23.125,24.0,0.875
gemma-2-2b,54,desc,val,ja,en,polite,「polite」の反対は「,rude,0,0,23.125,22.375,-0.75
gemma-2-2b,54,desc,freq,ja,en,polite,「polite」の反対は「,rude,0,0,23.125,25.125,2.0
gemma-2-2b,54,val,desc,ja,en,polite,「polite」の反対は「,rude,0,0,23.125,23.75,0.625
gemma-2-2b,54,val,val,ja,en,polite,「polite」の反対は「,rude,0,0,23.125,23.5,0.375
gemma-2-2b,54,val,freq,ja,en,polite,「polite」の反対は「,rude,0,0,23.125,24.625,1.5
gemma-2-2b,54,freq,desc,ja,en,polite,「polite」の反対は「,rude,0,0,23.125,23.5,0.375
gemma-2-2b,54,freq,val,ja,en,polite,「polite」の反対は「,rude,0,0,23.125,22.0,-1.125
gemma-2-2b,54,freq,freq,ja,en,polite,「polite」の反対は「,rude,0,0,23.125,23.125,0.0
gemma-2-2b,55,desc,desc,ja,en,patient,「patient」の反対は「,impatient,548,556,16.625,17.125,0.5
gemma-2-2b,55,desc,val,ja,en,patient,「patient」の反対は「,impatient,548,1218,16.625,12.0625,-4.5625
gemma-2-2b,55,desc,freq,ja,en,patient,「patient」の反対は「,impatient,548,902,16.625,17.25,0.625
gemma-2-2b,55,val,desc,ja,en,patient,「patient」の反対は「,impatient,548,1803,16.625,15.375,-1.25
gemma-2-2b,55,val,val,ja,en,patient,「patient」の反対は「,impatient,548,825,16.625,16.25,-0.375
gemma-2-2b,55,val,freq,ja,en,patient,「patient」の反対は「,impatient,548,983,16.625,17.25,0.625
gemma-2-2b,55,freq,desc,ja,en,patient,「patient」の反対は「,impatient,548,1355,16.625,15.5625,-1.0625
gemma-2-2b,55,freq,val,ja,en,patient,「patient」の反対は「,impatient,548,799,16.625,13.1875,-3.4375
gemma-2-2b,55,freq,freq,ja,en,patient,「patient」の反対は「,impatient,548,483,16.625,16.75,0.125
gemma-2-2b,56,desc,desc,ja,en,honest,「honest」の反対は「,dishonest,0,0,21.5,22.625,1.125
gemma-2-2b,56,desc,val,ja,en,honest,「honest」の反対は「,dishonest,0,0,21.5,20.125,-1.375
gemma-2-2b,56,desc,freq,ja,en,honest,「honest」の反対は「,dishonest,0,0,21.5,23.5,2.0
gemma-2-2b,56,val,desc,ja,en,honest,「honest」の反対は「,dishonest,0,0,21.5,22.125,0.625
gemma-2-2b,56,val,val,ja,en,honest,「honest」の反対は「,dishonest,0,0,21.5,21.625,0.125
gemma-2-2b,56,val,freq,ja,en,honest,「honest」の反対は「,dishonest,0,0,21.5,22.875,1.375
gemma-2-2b,56,freq,desc,ja,en,honest,「honest」の反対は「,dishonest,0,0,21.5,22.125,0.625
gemma-2-2b,56,freq,val,ja,en,honest,「honest」の反対は「,dishonest,0,0,21.5,20.0,-1.5
gemma-2-2b,56,freq,freq,ja,en,honest,「honest」の反対は「,dishonest,0,0,21.5,21.5,0.0
gemma-2-2b,57,desc,desc,ja,en,safe,「safe」の反対は「,unsafe,0,0,24.875,25.5,0.625
gemma-2-2b,57,desc,val,ja,en,safe,「safe」の反対は「,unsafe,0,0,24.875,23.875,-1.0
gemma-2-2b,57,desc,freq,ja,en,safe,「safe」の反対は「,unsafe,0,0,24.875,25.75,0.875
gemma-2-2b,57,val,desc,ja,en,safe,「safe」の反対は「,unsafe,0,0,24.875,24.875,0.0
gemma-2-2b,57,val,val,ja,en,safe,「safe」の反対は「,unsafe,0,0,24.875,24.875,0.0
gemma-2-2b,57,val,freq,ja,en,safe,「safe」の反対は「,unsafe,0,0,24.875,25.25,0.375
gemma-2-2b,57,freq,desc,ja,en,safe,「safe」の反対は「,unsafe,0,0,24.875,24.875,0.0
gemma-2-2b,57,freq,val,ja,en,safe,「safe」の反対は「,unsafe,0,0,24.875,23.875,-1.0
gemma-2-2b,57,freq,freq,ja,en,safe,「safe」の反対は「,unsafe,0,0,24.875,24.875,0.0
gemma-2-2b,58,desc,desc,ja,en,active,「active」の反対は「,inactive,0,0,24.375,24.875,0.5
gemma-2-2b,58,desc,val,ja,en,active,「active」の反対は「,inactive,0,0,24.375,23.75,-0.625
gemma-2-2b,58,desc,freq,ja,en,active,「active」の反対は「,inactive,0,0,24.375,25.25,0.875
gemma-2-2b,58,val,desc,ja,en,active,「active」の反対は「,inactive,0,0,24.375,24.5,0.125
gemma-2-2b,58,val,val,ja,en,active,「active」の反対は「,inactive,0,0,24.375,24.5,0.125
gemma-2-2b,58,val,freq,ja,en,active,「active」の反対は「,inactive,0,0,24.375,25.25,0.875
gemma-2-2b,58,freq,desc,ja,en,active,「active」の反対は「,inactive,0,0,24.375,24.25,-0.125
gemma-2-2b,58,freq,val,ja,en,active,「active」の反対は「,inactive,0,0,24.375,24.25,-0.125
gemma-2-2b,58,freq,freq,ja,en,active,「active」の反対は「,inactive,0,0,24.375,24.375,0.0
gemma-2-2b,59,desc,desc,ja,en,straight,「straight」の反対は「,curved,1,1,21.5,22.375,0.875
gemma-2-2b,59,desc,val,ja,en,straight,「straight」の反対は「,curved,1,3,21.5,18.875,-2.625
gemma-2-2b,59,desc,freq,ja,en,straight,「straight」の反対は「,curved,1,1,21.5,23.5,2.0
gemma-2-2b,59,val,desc,ja,en,straight,「straight」の反対は「,curved,1,1,21.5,22.125,0.625
gemma-2-2b,59,val,val,ja,en,straight,「straight」の反対は「,curved,1,1,21.5,21.75,0.25
gemma-2-2b,59,val,freq,ja,en,straight,「straight」の反対は「,curved,1,0,21.5,23.25,1.75
gemma-2-2b,59,freq,desc,ja,en,straight,「straight」の反対は「,curved,1,1,21.5,21.875,0.375
gemma-2-2b,59,freq,val,ja,en,straight,「straight」の反対は「,curved,1,1,21.5,19.0,-2.5
gemma-2-2b,59,freq,freq,ja,en,straight,「straight」の反対は「,curved,1,1,21.5,21.5,0.0
gemma-2-2b,60,desc,desc,ja,en,whole,「whole」の反対は「,part,0,1,23.5,24.0,0.5
gemma-2-2b,60,desc,val,ja,en,whole,「whole」の反対は「,part,0,5,23.5,19.875,-3.625
gemma-2-2b,60,desc,freq,ja,en,whole,「whole」の反対は「,part,0,2,23.5,23.875,0.375
gemma-2-2b,60,val,desc,ja,en,whole,「whole」の反対は「,part,0,1,23.5,23.875,0.375
gemma-2-2b,60,val,val,ja,en,whole,「whole」の反対は「,part,0,0,23.5,23.5,0.0
gemma-2-2b,60,val,freq,ja,en,whole,「whole」の反対は「,part,0,1,23.5,24.25,0.75
gemma-2-2b,60,freq,desc,ja,en,whole,「whole」の反対は「,part,0,1,23.5,23.875,0.375
gemma-2-2b,60,freq,val,ja,en,whole,「whole」の反対は「,part,0,2,23.5,21.25,-2.25
gemma-2-2b,60,freq,freq,ja,en,whole,「whole」の反対は「,part,0,0,23.5,23.5,0.0
gemma-2-2b,61,desc,desc,ja,en,calm,「calm」の反対は「,agitated,8,10,19.875,20.625,0.75
gemma-2-2b,61,desc,val,ja,en,calm,「calm」の反対は「,agitated,8,17,19.875,17.25,-2.625
gemma-2-2b,61,desc,freq,ja,en,calm,「calm」の反対は「,agitated,8,8,19.875,21.5,1.625
gemma-2-2b,61,val,desc,ja,en,calm,「calm」の反対は「,agitated,8,10,19.875,20.875,1.0
gemma-2-2b,61,val,val,ja,en,calm,「calm」の反対は「,agitated,8,9,19.875,20.375,0.5
gemma-2-2b,61,val,freq,ja,en,calm,「calm」の反対は「,agitated,8,6,19.875,21.5,1.625
gemma-2-2b,61,freq,desc,ja,en,calm,「calm」の反対は「,agitated,8,8,19.875,20.25,0.375
gemma-2-2b,61,freq,val,ja,en,calm,「calm」の反対は「,agitated,8,12,19.875,17.5,-2.375
gemma-2-2b,61,freq,freq,ja,en,calm,「calm」の反対は「,agitated,8,10,19.875,19.75,-0.125
gemma-2-2b,62,desc,desc,ja,en,correct,「correct」の反対は「,incorrect,0,0,26.0,26.375,0.375
gemma-2-2b,62,desc,val,ja,en,correct,「correct」の反対は「,incorrect,0,0,26.0,25.25,-0.75
gemma-2-2b,62,desc,freq,ja,en,correct,「correct」の反対は「,incorrect,0,0,26.0,26.875,0.875
gemma-2-2b,62,val,desc,ja,en,correct,「correct」の反対は「,incorrect,0,0,26.0,26.0,0.0
gemma-2-2b,62,val,val,ja,en,correct,「correct」の反対は「,incorrect,0,0,26.0,26.0,0.0
gemma-2-2b,62,val,freq,ja,en,correct,「correct」の反対は「,incorrect,0,0,26.0,26.375,0.375
gemma-2-2b,62,freq,desc,ja,en,correct,「correct」の反対は「,incorrect,0,0,26.0,25.875,-0.125
gemma-2-2b,62,freq,val,ja,en,correct,「correct」の反対は「,incorrect,0,0,26.0,25.125,-0.875
gemma-2-2b,62,freq,freq,ja,en,correct,「correct」の反対は「,incorrect,0,0,26.0,26.0,0.0
gemma-2-2b,63,desc,desc,ja,en,complex,「complex」の反対は「,simple,0,0,23.75,24.375,0.625
gemma-2-2b,63,desc,val,ja,en,complex,「complex」の反対は「,simple,0,0,23.75,22.0,-1.75
gemma-2-2b,63,desc,freq,ja,en,complex,「complex」の反対は「,simple,0,0,23.75,24.625,0.875
gemma-2-2b,63,val,desc,ja,en,complex,「complex」の反対は「,simple,0,0,23.75,23.75,0.0
gemma-2-2b,63,val,val,ja,en,complex,「complex」の反対は「,simple,0,0,23.75,23.5,-0.25
gemma-2-2b,63,val,freq,ja,en,complex,「complex」の反対は「,simple,0,0,23.75,24.375,0.625
gemma-2-2b,63,freq,desc,ja,en,complex,「complex」の反対は「,simple,0,0,23.75,23.875,0.125
gemma-2-2b,63,freq,val,ja,en,complex,「complex」の反対は「,simple,0,0,23.75,22.75,-1.0
gemma-2-2b,63,freq,freq,ja,en,complex,「complex」の反対は「,simple,0,0,23.75,23.875,0.125
gemma-2-2b,64,desc,desc,ja,en,effective,「effective」の反対は「,ineffective,0,0,26.0,26.375,0.375
gemma-2-2b,64,desc,val,ja,en,effective,「effective」の反対は「,ineffective,0,0,26.0,26.0,0.0
gemma-2-2b,64,desc,freq,ja,en,effective,「effective」の反対は「,ineffective,0,0,26.0,27.125,1.125
gemma-2-2b,64,val,desc,ja,en,effective,「effective」の反対は「,ineffective,0,0,26.0,26.625,0.625
gemma-2-2b,64,val,val,ja,en,effective,「effective」の反対は「,ineffective,0,0,26.0,26.25,0.25
gemma-2-2b,64,val,freq,ja,en,effective,「effective」の反対は「,ineffective,0,0,26.0,26.75,0.75
gemma-2-2b,64,freq,desc,ja,en,effective,「effective」の反対は「,ineffective,0,0,26.0,26.25,0.25
gemma-2-2b,64,freq,val,ja,en,effective,「effective」の反対は「,ineffective,0,0,26.0,25.875,-0.125
gemma-2-2b,64,freq,freq,ja,en,effective,「effective」の反対は「,ineffective,0,0,26.0,26.0,0.0
gemma-2-2b,65,desc,desc,ja,en,famous,「famous」の反対は「,unknown,0,0,22.5,23.125,0.625
gemma-2-2b,65,desc,val,ja,en,famous,「famous」の反対は「,unknown,0,0,22.5,21.25,-1.25
gemma-2-2b,65,desc,freq,ja,en,famous,「famous」の反対は「,unknown,0,0,22.5,23.875,1.375
gemma-2-2b,65,val,desc,ja,en,famous,「famous」の反対は「,unknown,0,0,22.5,22.25,-0.25
gemma-2-2b,65,val,val,ja,en,famous,「famous」の反対は「,unknown,0,0,22.5,22.25,-0.25
gemma-2-2b,65,val,freq,ja,en,famous,「famous」の反対は「,unknown,0,0,22.5,23.5,1.0
gemma-2-2b,65,freq,desc,ja,en,famous,「famous」の反対は「,unknown,0,0,22.5,22.5,0.0
gemma-2-2b,65,freq,val,ja,en,famous,「famous」の反対は「,unknown,0,0,22.5,21.25,-1.25
gemma-2-2b,65,freq,freq,ja,en,famous,「famous」の反対は「,unknown,0,0,22.5,22.5,0.0
gemma-2-2b,66,desc,desc,ja,en,generous,「generous」の反対は「,stingy,0,0,21.875,22.75,0.875
gemma-2-2b,66,desc,val,ja,en,generous,「generous」の反対は「,stingy,0,0,21.875,21.5,-0.375
gemma-2-2b,66,desc,freq,ja,en,generous,「generous」の反対は「,stingy,0,0,21.875,23.875,2.0
gemma-2-2b,66,val,desc,ja,en,generous,「generous」の反対は「,stingy,0,1,21.875,22.5,0.625
gemma-2-2b,66,val,val,ja,en,generous,「generous」の反対は「,stingy,0,1,21.875,21.875,0.0
gemma-2-2b,66,val,freq,ja,en,generous,「generous」の反対は「,stingy,0,1,21.875,23.125,1.25
gemma-2-2b,66,freq,desc,ja,en,generous,「generous」の反対は「,stingy,0,0,21.875,22.375,0.5
gemma-2-2b,66,freq,val,ja,en,generous,「generous」の反対は「,stingy,0,0,21.875,20.875,-1.0
gemma-2-2b,66,freq,freq,ja,en,generous,「generous」の反対は「,stingy,0,0,21.875,21.75,-0.125
gemma-2-2b,67,desc,desc,ja,en,content,「content」の反対は「,unhappy,1,1,21.625,22.25,0.625
gemma-2-2b,67,desc,val,ja,en,content,「content」の反対は「,unhappy,1,0,21.625,20.0,-1.625
gemma-2-2b,67,desc,freq,ja,en,content,「content」の反対は「,unhappy,1,1,21.625,22.5,0.875
gemma-2-2b,67,val,desc,ja,en,content,「content」の反対は「,unhappy,1,1,21.625,21.75,0.125
gemma-2-2b,67,val,val,ja,en,content,「content」の反対は「,unhappy,1,1,21.625,21.625,0.0
gemma-2-2b,67,val,freq,ja,en,content,「content」の反対は「,unhappy,1,2,21.625,22.0,0.375
gemma-2-2b,67,freq,desc,ja,en,content,「content」の反対は「,unhappy,1,1,21.625,21.75,0.125
gemma-2-2b,67,freq,val,ja,en,content,「content」の反対は「,unhappy,1,0,21.625,20.25,-1.375
gemma-2-2b,67,freq,freq,ja,en,content,「content」の反対は「,unhappy,1,1,21.625,21.625,0.0
gemma-2-2b,68,desc,desc,ja,en,healthy,「healthy」の反対は「,unhealthy,0,0,23.5,24.0,0.5
gemma-2-2b,68,desc,val,ja,en,healthy,「healthy」の反対は「,unhealthy,0,0,23.5,22.875,-0.625
gemma-2-2b,68,desc,freq,ja,en,healthy,「healthy」の反対は「,unhealthy,0,0,23.5,24.75,1.25
gemma-2-2b,68,val,desc,ja,en,healthy,「healthy」の反対は「,unhealthy,0,0,23.5,23.75,0.25
gemma-2-2b,68,val,val,ja,en,healthy,「healthy」の反対は「,unhealthy,0,0,23.5,23.5,0.0
gemma-2-2b,68,val,freq,ja,en,healthy,「healthy」の反対は「,unhealthy,0,0,23.5,24.375,0.875
gemma-2-2b,68,freq,desc,ja,en,healthy,「healthy」の反対は「,unhealthy,0,0,23.5,23.625,0.125
gemma-2-2b,68,freq,val,ja,en,healthy,「healthy」の反対は「,unhealthy,0,0,23.5,22.875,-0.625
gemma-2-2b,68,freq,freq,ja,en,healthy,「healthy」の反対は「,unhealthy,0,0,23.5,23.5,0.0
gemma-2-2b,69,desc,desc,ja,en,high,「high」の反対は「,low,0,0,25.375,26.0,0.625
gemma-2-2b,69,desc,val,ja,en,high,「high」の反対は「,low,0,0,25.375,24.125,-1.25
gemma-2-2b,69,desc,freq,ja,en,high,「high」の反対は「,low,0,0,25.375,26.625,1.25
gemma-2-2b,69,val,desc,ja,en,high,「high」の反対は「,low,0,0,25.375,26.0,0.625
gemma-2-2b,69,val,val,ja,en,high,「high」の反対は「,low,0,0,25.375,25.5,0.125
gemma-2-2b,69,val,freq,ja,en,high,「high」の反対は「,low,0,0,25.375,26.125,0.75
gemma-2-2b,69,freq,desc,ja,en,high,「high」の反対は「,low,0,0,25.375,25.75,0.375
gemma-2-2b,69,freq,val,ja,en,high,「high」の反対は「,low,0,0,25.375,24.125,-1.25
gemma-2-2b,69,freq,freq,ja,en,high,「high」の反対は「,low,0,0,25.375,25.375,0.0
gemma-2-2b,70,desc,desc,ja,en,important,「important」の反対は「,unimportant,2,1,22.75,23.375,0.625
gemma-2-2b,70,desc,val,ja,en,important,「important」の反対は「,unimportant,2,2,22.75,21.125,-1.625
gemma-2-2b,70,desc,freq,ja,en,important,「important」の反対は「,unimportant,2,1,22.75,23.875,1.125
gemma-2-2b,70,val,desc,ja,en,important,「important」の反対は「,unimportant,2,2,22.75,23.0,0.25
gemma-2-2b,70,val,val,ja,en,important,「important」の反対は「,unimportant,2,1,22.75,23.125,0.375
gemma-2-2b,70,val,freq,ja,en,important,「important」の反対は「,unimportant,2,2,22.75,23.625,0.875
gemma-2-2b,70,freq,desc,ja,en,important,「important」の反対は「,unimportant,2,3,22.75,22.875,0.125
gemma-2-2b,70,freq,val,ja,en,important,「important」の反対は「,unimportant,2,2,22.75,21.125,-1.625
gemma-2-2b,70,freq,freq,ja,en,important,「important」の反対は「,unimportant,2,2,22.75,22.875,0.125
gemma-2-2b,71,desc,desc,ja,en,innocent,「innocent」の反対は「,guilty,0,0,22.5,23.125,0.625
gemma-2-2b,71,desc,val,ja,en,innocent,「innocent」の反対は「,guilty,0,0,22.5,20.375,-2.125
gemma-2-2b,71,desc,freq,ja,en,innocent,「innocent」の反対は「,guilty,0,0,22.5,24.125,1.625
gemma-2-2b,71,val,desc,ja,en,innocent,「innocent」の反対は「,guilty,0,0,22.5,22.75,0.25
gemma-2-2b,71,val,val,ja,en,innocent,「innocent」の反対は「,guilty,0,0,22.5,22.75,0.25
gemma-2-2b,71,val,freq,ja,en,innocent,「innocent」の反対は「,guilty,0,0,22.5,23.5,1.0
gemma-2-2b,71,freq,desc,ja,en,innocent,「innocent」の反対は「,guilty,0,0,22.5,22.375,-0.125
gemma-2-2b,71,freq,val,ja,en,innocent,「innocent」の反対は「,guilty,0,0,22.5,20.125,-2.375
gemma-2-2b,71,freq,freq,ja,en,innocent,「innocent」の反対は「,guilty,0,0,22.5,22.375,-0.125
gemma-2-2b,72,desc,desc,ja,en,known,「known」の反対は「,unknown,0,0,25.125,25.5,0.375
gemma-2-2b,72,desc,val,ja,en,known,「known」の反対は「,unknown,0,0,25.125,24.0,-1.125
gemma-2-2b,72,desc,freq,ja,en,known,「known」の反対は「,unknown,0,0,25.125,26.0,0.875
gemma-2-2b,72,val,desc,ja,en,known,「known」の反対は「,unknown,0,0,25.125,24.875,-0.25
gemma-2-2b,72,val,val,ja,en,known,「known」の反対は「,unknown,0,0,25.125,25.125,0.0
gemma-2-2b,72,val,freq,ja,en,known,「known」の反対は「,unknown,0,0,25.125,25.5,0.375
gemma-2-2b,72,freq,desc,ja,en,known,「known」の反対は「,unknown,0,0,25.125,25.0,-0.125
gemma-2-2b,72,freq,val,ja,en,known,「known」の反対は「,unknown,0,0,25.125,24.0,-1.125
gemma-2-2b,72,freq,freq,ja,en,known,「known」の反対は「,unknown,0,0,25.125,25.125,0.0
gemma-2-2b,73,desc,desc,ja,en,male,「male」の反対は「,female,0,0,23.875,24.625,0.75
gemma-2-2b,73,desc,val,ja,en,male,「male」の反対は「,female,0,0,23.875,21.5,-2.375
gemma-2-2b,73,desc,freq,ja,en,male,「male」の反対は「,female,0,0,23.875,25.125,1.25
gemma-2-2b,73,val,desc,ja,en,male,「male」の反対は「,female,0,0,23.875,24.125,0.25
gemma-2-2b,73,val,val,ja,en,male,「male」の反対は「,female,0,0,23.875,23.5,-0.375
gemma-2-2b,73,val,freq,ja,en,male,「male」の反対は「,female,0,0,23.875,24.5,0.625
gemma-2-2b,73,freq,desc,ja,en,male,「male」の反対は「,female,0,0,23.875,24.125,0.25
gemma-2-2b,73,freq,val,ja,en,male,「male」の反対は「,female,0,0,23.875,21.5,-2.375
gemma-2-2b,73,freq,freq,ja,en,male,「male」の反対は「,female,0,0,23.875,23.875,0.0
gemma-2-2b,74,desc,desc,ja,en,normal,「normal」の反対は「,abnormal,0,0,22.625,23.25,0.625
gemma-2-2b,74,desc,val,ja,en,normal,「normal」の反対は「,abnormal,0,0,22.625,21.375,-1.25
gemma-2-2b,74,desc,freq,ja,en,normal,「normal」の反対は「,abnormal,0,1,22.625,23.5,0.875
gemma-2-2b,74,val,desc,ja,en,normal,「normal」の反対は「,abnormal,0,0,22.625,23.25,0.625
gemma-2-2b,74,val,val,ja,en,normal,「normal」の反対は「,abnormal,0,0,22.625,23.0,0.375
gemma-2-2b,74,val,freq,ja,en,normal,「normal」の反対は「,abnormal,0,1,22.625,23.25,0.625
gemma-2-2b,74,freq,desc,ja,en,normal,「normal」の反対は「,abnormal,0,0,22.625,23.0,0.375
gemma-2-2b,74,freq,val,ja,en,normal,「normal」の反対は「,abnormal,0,0,22.625,21.375,-1.25
gemma-2-2b,74,freq,freq,ja,en,normal,「normal」の反対は「,abnormal,0,0,22.625,22.5,-0.125
gemma-2-2b,75,desc,desc,ja,en,possible,「possible」の反対は「,impossible,0,0,23.125,23.5,0.375
gemma-2-2b,75,desc,val,ja,en,possible,「possible」の反対は「,impossible,0,0,23.125,22.625,-0.5
gemma-2-2b,75,desc,freq,ja,en,possible,「possible」の反対は「,impossible,0,0,23.125,24.625,1.5
gemma-2-2b,75,val,desc,ja,en,possible,「possible」の反対は「,impossible,0,0,23.125,23.375,0.25
gemma-2-2b,75,val,val,ja,en,possible,「possible」の反対は「,impossible,0,0,23.125,23.5,0.375
gemma-2-2b,75,val,freq,ja,en,possible,「possible」の反対は「,impossible,0,0,23.125,24.625,1.5
gemma-2-2b,75,freq,desc,ja,en,possible,「possible」の反対は「,impossible,0,0,23.125,22.625,-0.5
gemma-2-2b,75,freq,val,ja,en,possible,「possible」の反対は「,impossible,0,0,23.125,22.875,-0.25
gemma-2-2b,75,freq,freq,ja,en,possible,「possible」の反対は「,impossible,0,0,23.125,23.125,0.0
gemma-2-2b,76,desc,desc,ja,en,private,「private」の反対は「,public,0,0,24.75,25.25,0.5
gemma-2-2b,76,desc,val,ja,en,private,「private」の反対は「,public,0,0,24.75,23.75,-1.0
gemma-2-2b,76,desc,freq,ja,en,private,「private」の反対は「,public,0,0,24.75,25.5,0.75
gemma-2-2b,76,val,desc,ja,en,private,「private」の反対は「,public,0,0,24.75,25.125,0.375
gemma-2-2b,76,val,val,ja,en,private,「private」の反対は「,public,0,0,24.75,24.75,0.0
gemma-2-2b,76,val,freq,ja,en,private,「private」の反対は「,public,0,0,24.75,25.375,0.625
gemma-2-2b,76,freq,desc,ja,en,private,「private」の反対は「,public,0,0,24.75,25.0,0.25
gemma-2-2b,76,freq,val,ja,en,private,「private」の反対は「,public,0,0,24.75,23.875,-0.875
gemma-2-2b,76,freq,freq,ja,en,private,「private」の反対は「,public,0,0,24.75,24.75,0.0
gemma-2-2b,77,desc,desc,ja,en,right,「right」の反対は「,wrong,0,0,24.5,25.125,0.625
gemma-2-2b,77,desc,val,ja,en,right,「right」の反対は「,wrong,0,0,24.5,23.5,-1.0
gemma-2-2b,77,desc,freq,ja,en,right,「right」の反対は「,wrong,0,0,24.5,26.0,1.5
gemma-2-2b,77,val,desc,ja,en,right,「right」の反対は「,wrong,0,0,24.5,25.25,0.75
gemma-2-2b,77,val,val,ja,en,right,「right」の反対は「,wrong,0,0,24.5,25.125,0.625
gemma-2-2b,77,val,freq,ja,en,right,「right」の反対は「,wrong,0,0,24.5,25.625,1.125
gemma-2-2b,77,freq,desc,ja,en,right,「right」の反対は「,wrong,0,0,24.5,24.75,0.25
gemma-2-2b,77,freq,val,ja,en,right,「right」の反対は「,wrong,0,0,24.5,23.75,-0.75
gemma-2-2b,77,freq,freq,ja,en,right,「right」の反対は「,wrong,0,0,24.5,24.625,0.125
gemma-2-2b,78,desc,desc,ja,en,simple,「simple」の反対は「,complex,2,1,21.0,22.5,1.5
gemma-2-2b,78,desc,val,ja,en,simple,「simple」の反対は「,complex,2,3,21.0,18.5,-2.5
gemma-2-2b,78,desc,freq,ja,en,simple,「simple」の反対は「,complex,2,1,21.0,23.25,2.25
gemma-2-2b,78,val,desc,ja,en,simple,「simple」の反対は「,complex,2,1,21.0,21.625,0.625
gemma-2-2b,78,val,val,ja,en,simple,「simple」の反対は「,complex,2,2,21.0,20.75,-0.25
gemma-2-2b,78,val,freq,ja,en,simple,「simple」の反対は「,complex,2,0,21.0,22.25,1.25
gemma-2-2b,78,freq,desc,ja,en,simple,「simple」の反対は「,complex,2,0,21.0,22.0,1.0
gemma-2-2b,78,freq,val,ja,en,simple,「simple」の反対は「,complex,2,2,21.0,18.25,-2.75
gemma-2-2b,78,freq,freq,ja,en,simple,「simple」の反対は「,complex,2,2,21.0,21.125,0.125
gemma-2-2b,79,desc,desc,ja,en,sweet,「sweet」の反対は「,bitter,0,0,21.875,23.125,1.25
gemma-2-2b,79,desc,val,ja,en,sweet,「sweet」の反対は「,bitter,0,0,21.875,20.25,-1.625
gemma-2-2b,79,desc,freq,ja,en,sweet,「sweet」の反対は「,bitter,0,0,21.875,24.0,2.125
gemma-2-2b,79,val,desc,ja,en,sweet,「sweet」の反対は「,bitter,0,0,21.875,22.25,0.375
gemma-2-2b,79,val,val,ja,en,sweet,「sweet」の反対は「,bitter,0,0,21.875,22.0,0.125
gemma-2-2b,79,val,freq,ja,en,sweet,「sweet」の反対は「,bitter,0,0,21.875,23.125,1.25
gemma-2-2b,79,freq,desc,ja,en,sweet,「sweet」の反対は「,bitter,0,0,21.875,22.25,0.375
gemma-2-2b,79,freq,val,ja,en,sweet,「sweet」の反対は「,bitter,0,0,21.875,19.875,-2.0
gemma-2-2b,79,freq,freq,ja,en,sweet,「sweet」の反対は「,bitter,0,0,21.875,21.875,0.0
gemma-2-2b,80,desc,desc,ja,en,visible,「visible」の反対は「,invisible,0,0,23.125,23.5,0.375
gemma-2-2b,80,desc,val,ja,en,visible,「visible」の反対は「,invisible,0,0,23.125,22.75,-0.375
gemma-2-2b,80,desc,freq,ja,en,visible,「visible」の反対は「,invisible,0,0,23.125,24.625,1.5
gemma-2-2b,80,val,desc,ja,en,visible,「visible」の反対は「,invisible,0,0,23.125,23.25,0.125
gemma-2-2b,80,val,val,ja,en,visible,「visible」の反対は「,invisible,0,0,23.125,23.25,0.125
gemma-2-2b,80,val,freq,ja,en,visible,「visible」の反対は「,invisible,0,0,23.125,24.375,1.25
gemma-2-2b,80,freq,desc,ja,en,visible,「visible」の反対は「,invisible,0,0,23.125,23.0,-0.125
gemma-2-2b,80,freq,val,ja,en,visible,「visible」の反対は「,invisible,0,0,23.125,22.75,-0.375
gemma-2-2b,80,freq,freq,ja,en,visible,「visible」の反対は「,invisible,0,0,23.125,23.125,0.0
gemma-2-2b,81,desc,desc,ja,en,warm,「warm」の反対は「,cold,0,0,22.0,23.125,1.125
gemma-2-2b,81,desc,val,ja,en,warm,「warm」の反対は「,cold,0,0,22.0,21.0,-1.0
gemma-2-2b,81,desc,freq,ja,en,warm,「warm」の反対は「,cold,0,0,22.0,24.125,2.125
gemma-2-2b,81,val,desc,ja,en,warm,「warm」の反対は「,cold,0,0,22.0,22.875,0.875
gemma-2-2b,81,val,val,ja,en,warm,「warm」の反対は「,cold,0,0,22.0,22.0,0.0
gemma-2-2b,81,val,freq,ja,en,warm,「warm」の反対は「,cold,0,0,22.0,23.375,1.375
gemma-2-2b,81,freq,desc,ja,en,warm,「warm」の反対は「,cold,0,0,22.0,22.75,0.75
gemma-2-2b,81,freq,val,ja,en,warm,「warm」の反対は「,cold,0,0,22.0,20.625,-1.375
gemma-2-2b,81,freq,freq,ja,en,warm,「warm」の反対は「,cold,0,0,22.0,21.875,-0.125
gemma-2-2b,82,desc,desc,ja,en,smooth,「smooth」の反対は「,rough,0,0,22.0,23.125,1.125
gemma-2-2b,82,desc,val,ja,en,smooth,「smooth」の反対は「,rough,0,0,22.0,20.0,-2.0
gemma-2-2b,82,desc,freq,ja,en,smooth,「smooth」の反対は「,rough,0,0,22.0,23.875,1.875
gemma-2-2b,82,val,desc,ja,en,smooth,「smooth」の反対は「,rough,0,0,22.0,22.875,0.875
gemma-2-2b,82,val,val,ja,en,smooth,「smooth」の反対は「,rough,0,0,22.0,22.25,0.25
gemma-2-2b,82,val,freq,ja,en,smooth,「smooth」の反対は「,rough,0,0,22.0,23.5,1.5
gemma-2-2b,82,freq,desc,ja,en,smooth,「smooth」の反対は「,rough,0,0,22.0,22.625,0.625
gemma-2-2b,82,freq,val,ja,en,smooth,「smooth」の反対は「,rough,0,0,22.0,19.875,-2.125
gemma-2-2b,82,freq,freq,ja,en,smooth,「smooth」の反対は「,rough,0,0,22.0,22.0,0.0
gemma-2-2b,83,desc,desc,ja,en,thin,「thin」の反対は「,thick,0,0,23.875,24.75,0.875
gemma-2-2b,83,desc,val,ja,en,thin,「thin」の反対は「,thick,0,0,23.875,21.125,-2.75
gemma-2-2b,83,desc,freq,ja,en,thin,「thin」の反対は「,thick,0,0,23.875,25.125,1.25
gemma-2-2b,83,val,desc,ja,en,thin,「thin」の反対は「,thick,0,0,23.875,24.5,0.625
gemma-2-2b,83,val,val,ja,en,thin,「thin」の反対は「,thick,0,0,23.875,23.75,-0.125
gemma-2-2b,83,val,freq,ja,en,thin,「thin」の反対は「,thick,0,0,23.875,24.5,0.625
gemma-2-2b,83,freq,desc,ja,en,thin,「thin」の反対は「,thick,0,0,23.875,24.75,0.875
gemma-2-2b,83,freq,val,ja,en,thin,「thin」の反対は「,thick,0,0,23.875,21.25,-2.625
gemma-2-2b,83,freq,freq,ja,en,thin,「thin」の反対は「,thick,0,0,23.875,23.875,0.0
gemma-2-2b,84,desc,desc,ja,en,tall,「tall」の反対は「,short,0,0,24.125,25.125,1.0
gemma-2-2b,84,desc,val,ja,en,tall,「tall」の反対は「,short,0,0,24.125,22.375,-1.75
gemma-2-2b,84,desc,freq,ja,en,tall,「tall」の反対は「,short,0,0,24.125,25.375,1.25
gemma-2-2b,84,val,desc,ja,en,tall,「tall」の反対は「,short,0,0,24.125,24.75,0.625
gemma-2-2b,84,val,val,ja,en,tall,「tall」の反対は「,short,0,0,24.125,24.0,-0.125
gemma-2-2b,84,val,freq,ja,en,tall,「tall」の反対は「,short,0,0,24.125,24.875,0.75
gemma-2-2b,84,freq,desc,ja,en,tall,「tall」の反対は「,short,0,0,24.125,25.0,0.875
gemma-2-2b,84,freq,val,ja,en,tall,「tall」の反対は「,short,0,0,24.125,22.375,-1.75
gemma-2-2b,84,freq,freq,ja,en,tall,「tall」の反対は「,short,0,0,24.125,24.125,0.0
gemma-2-2b,85,desc,desc,ja,en,married,「married」の反対は「,single,0,0,23.875,24.5,0.625
gemma-2-2b,85,desc,val,ja,en,married,「married」の反対は「,single,0,1,23.875,20.0,-3.875
gemma-2-2b,85,desc,freq,ja,en,married,「married」の反対は「,single,0,0,23.875,24.75,0.875
gemma-2-2b,85,val,desc,ja,en,married,「married」の反対は「,single,0,0,23.875,23.875,0.0
gemma-2-2b,85,val,val,ja,en,married,「married」の反対は「,single,0,0,23.875,23.875,0.0
gemma-2-2b,85,val,freq,ja,en,married,「married」の反対は「,single,0,0,23.875,24.75,0.875
gemma-2-2b,85,freq,desc,ja,en,married,「married」の反対は「,single,0,0,23.875,23.875,0.0
gemma-2-2b,85,freq,val,ja,en,married,「married」の反対は「,single,0,0,23.875,20.75,-3.125
gemma-2-2b,85,freq,freq,ja,en,married,「married」の反対は「,single,0,0,23.875,23.875,0.0
gemma-2-2b,86,desc,desc,ja,en,optimistic,「optimistic」の反対は「,pessimistic,0,0,22.125,22.625,0.5
gemma-2-2b,86,desc,val,ja,en,optimistic,「optimistic」の反対は「,pessimistic,0,0,22.125,23.125,1.0
gemma-2-2b,86,desc,freq,ja,en,optimistic,「optimistic」の反対は「,pessimistic,0,0,22.125,24.125,2.0
gemma-2-2b,86,val,desc,ja,en,optimistic,「optimistic」の反対は「,pessimistic,0,0,22.125,23.375,1.25
gemma-2-2b,86,val,val,ja,en,optimistic,「optimistic」の反対は「,pessimistic,0,0,22.125,23.125,1.0
gemma-2-2b,86,val,freq,ja,en,optimistic,「optimistic」の反対は「,pessimistic,0,0,22.125,24.125,2.0
gemma-2-2b,86,freq,desc,ja,en,optimistic,「optimistic」の反対は「,pessimistic,0,0,22.125,22.0,-0.125
gemma-2-2b,86,freq,val,ja,en,optimistic,「optimistic」の反対は「,pessimistic,0,0,22.125,23.0,0.875
gemma-2-2b,86,freq,freq,ja,en,optimistic,「optimistic」の反対は「,pessimistic,0,0,22.125,22.125,0.0
gemma-2-2b,87,desc,desc,ja,en,permanent,「permanent」の反対は「,temporary,0,0,24.625,25.375,0.75
gemma-2-2b,87,desc,val,ja,en,permanent,「permanent」の反対は「,temporary,0,0,24.625,23.0,-1.625
gemma-2-2b,87,desc,freq,ja,en,permanent,「permanent」の反対は「,temporary,0,0,24.625,25.75,1.125
gemma-2-2b,87,val,desc,ja,en,permanent,「permanent」の反対は「,temporary,0,0,24.625,24.625,0.0
gemma-2-2b,87,val,val,ja,en,permanent,「permanent」の反対は「,temporary,0,0,24.625,24.75,0.125
gemma-2-2b,87,val,freq,ja,en,permanent,「permanent」の反対は「,temporary,0,0,24.625,25.375,0.75
gemma-2-2b,87,freq,desc,ja,en,permanent,「permanent」の反対は「,temporary,0,0,24.625,24.5,-0.125
gemma-2-2b,87,freq,val,ja,en,permanent,「permanent」の反対は「,temporary,0,0,24.625,23.125,-1.5
gemma-2-2b,87,freq,freq,ja,en,permanent,「permanent」の反対は「,temporary,0,0,24.625,24.625,0.0
gemma-2-2b,88,desc,desc,ja,en,present,「present」の反対は「,past,0,0,24.0,24.5,0.5
gemma-2-2b,88,desc,val,ja,en,present,「present」の反対は「,past,0,1,24.0,21.625,-2.375
gemma-2-2b,88,desc,freq,ja,en,present,「present」の反対は「,past,0,0,24.0,24.625,0.625
gemma-2-2b,88,val,desc,ja,en,present,「present」の反対は「,past,0,0,24.0,24.125,0.125
gemma-2-2b,88,val,val,ja,en,present,「present」の反対は「,past,0,0,24.0,24.0,0.0
gemma-2-2b,88,val,freq,ja,en,present,「present」の反対は「,past,0,0,24.0,24.625,0.625
gemma-2-2b,88,freq,desc,ja,en,present,「present」の反対は「,past,0,0,24.0,24.25,0.25
gemma-2-2b,88,freq,val,ja,en,present,「present」の反対は「,past,0,0,24.0,22.625,-1.375
gemma-2-2b,88,freq,freq,ja,en,present,「present」の反対は「,past,0,0,24.0,24.0,0.0
gemma-2-2b,89,desc,desc,ja,en,public,「public」の反対は「,private,0,0,24.875,25.25,0.375
gemma-2-2b,89,desc,val,ja,en,public,「public」の反対は「,private,0,0,24.875,24.25,-0.625
gemma-2-2b,89,desc,freq,ja,en,public,「public」の反対は「,private,0,0,24.875,25.625,0.75
gemma-2-2b,89,val,desc,ja,en,public,「public」の反対は「,private,0,0,24.875,25.25,0.375
gemma-2-2b,89,val,val,ja,en,public,「public」の反対は「,private,0,0,24.875,25.125,0.25
gemma-2-2b,89,val,freq,ja,en,public,「public」の反対は「,private,0,0,24.875,25.5,0.625
gemma-2-2b,89,freq,desc,ja,en,public,「public」の反対は「,private,0,0,24.875,24.875,0.0
gemma-2-2b,89,freq,val,ja,en,public,「public」の反対は「,private,0,0,24.875,24.625,-0.25
gemma-2-2b,89,freq,freq,ja,en,public,「public」の反対は「,private,0,0,24.875,24.875,0.0
gemma-2-2b,90,desc,desc,ja,en,real,「real」の反対は「,fake,0,0,22.125,23.25,1.125
gemma-2-2b,90,desc,val,ja,en,real,「real」の反対は「,fake,0,3,22.125,19.75,-2.375
gemma-2-2b,90,desc,freq,ja,en,real,「real」の反対は「,fake,0,0,22.125,24.125,2.0
gemma-2-2b,90,val,desc,ja,en,real,「real」の反対は「,fake,0,1,22.125,22.875,0.75
gemma-2-2b,90,val,val,ja,en,real,「real」の反対は「,fake,0,1,22.125,22.375,0.25
gemma-2-2b,90,val,freq,ja,en,real,「real」の反対は「,fake,0,1,22.125,23.5,1.375
gemma-2-2b,90,freq,desc,ja,en,real,「real」の反対は「,fake,0,0,22.125,22.625,0.5
gemma-2-2b,90,freq,val,ja,en,real,「real」の反対は「,fake,0,2,22.125,19.5,-2.625
gemma-2-2b,90,freq,freq,ja,en,real,「real」の反対は「,fake,0,0,22.125,22.125,0.0
gemma-2-2b,91,desc,desc,ja,en,responsible,「responsible」の反対は「,irresponsible,0,0,24.625,25.125,0.5
gemma-2-2b,91,desc,val,ja,en,responsible,「responsible」の反対は「,irresponsible,0,0,24.625,23.625,-1.0
gemma-2-2b,91,desc,freq,ja,en,responsible,「responsible」の反対は「,irresponsible,0,0,24.625,25.375,0.75
gemma-2-2b,91,val,desc,ja,en,responsible,「responsible」の反対は「,irresponsible,0,0,24.625,24.75,0.125
gemma-2-2b,91,val,val,ja,en,responsible,「responsible」の反対は「,irresponsible,0,0,24.625,24.875,0.25
gemma-2-2b,91,val,freq,ja,en,responsible,「responsible」の反対は「,irresponsible,0,0,24.625,25.25,0.625
gemma-2-2b,91,freq,desc,ja,en,responsible,「responsible」の反対は「,irresponsible,0,0,24.625,24.5,-0.125
gemma-2-2b,91,freq,val,ja,en,responsible,「responsible」の反対は「,irresponsible,0,0,24.625,23.625,-1.0
gemma-2-2b,91,freq,freq,ja,en,responsible,「responsible」の反対は「,irresponsible,0,0,24.625,24.625,0.0
gemma-2-2b,92,desc,desc,ja,en,single,「single」の反対は「,married,1,2,23.0,23.5,0.5
gemma-2-2b,92,desc,val,ja,en,single,「single」の反対は「,married,1,1,23.0,19.5,-3.5
gemma-2-2b,92,desc,freq,ja,en,single,「single」の反対は「,married,1,0,23.0,24.625,1.625
gemma-2-2b,92,val,desc,ja,en,single,「single」の反対は「,married,1,2,23.0,23.25,0.25
gemma-2-2b,92,val,val,ja,en,single,「single」の反対は「,married,1,1,23.0,22.875,-0.125
gemma-2-2b,92,val,freq,ja,en,single,「single」の反対は「,married,1,0,23.0,23.875,0.875
gemma-2-2b,92,freq,desc,ja,en,single,「single」の反対は「,married,1,2,23.0,23.25,0.25
gemma-2-2b,92,freq,val,ja,en,single,「single」の反対は「,married,1,5,23.0,19.25,-3.75
gemma-2-2b,92,freq,freq,ja,en,single,「single」の反対は「,married,1,1,23.0,22.875,-0.125
gemma-2-2b,93,desc,desc,ja,en,sour,「sour」の反対は「,sweet,0,0,22.625,23.625,1.0
gemma-2-2b,93,desc,val,ja,en,sour,「sour」の反対は「,sweet,0,0,22.625,20.75,-1.875
gemma-2-2b,93,desc,freq,ja,en,sour,「sour」の反対は「,sweet,0,0,22.625,24.5,1.875
gemma-2-2b,93,val,desc,ja,en,sour,「sour」の反対は「,sweet,0,0,22.625,23.125,0.5
gemma-2-2b,93,val,val,ja,en,sour,「sour」の反対は「,sweet,0,0,22.625,22.375,-0.25
gemma-2-2b,93,val,freq,ja,en,sour,「sour」の反対は「,sweet,0,0,22.625,23.625,1.0
gemma-2-2b,93,freq,desc,ja,en,sour,「sour」の反対は「,sweet,0,0,22.625,23.5,0.875
gemma-2-2b,93,freq,val,ja,en,sour,「sour」の反対は「,sweet,0,0,22.625,20.5,-2.125
gemma-2-2b,93,freq,freq,ja,en,sour,「sour」の反対は「,sweet,0,0,22.625,22.625,0.0
gemma-2-2b,94,desc,desc,ja,en,useful,「useful」の反対は「,useless,0,0,24.125,24.875,0.75
gemma-2-2b,94,desc,val,ja,en,useful,「useful」の反対は「,useless,0,0,24.125,23.875,-0.25
gemma-2-2b,94,desc,freq,ja,en,useful,「useful」の反対は「,useless,0,0,24.125,25.25,1.125
gemma-2-2b,94,val,desc,ja,en,useful,「useful」の反対は「,useless,0,0,24.125,24.625,0.5
gemma-2-2b,94,val,val,ja,en,useful,「useful」の反対は「,useless,0,0,24.125,24.25,0.125
gemma-2-2b,94,val,freq,ja,en,useful,「useful」の反対は「,useless,0,0,24.125,24.75,0.625
gemma-2-2b,94,freq,desc,ja,en,useful,「useful」の反対は「,useless,0,0,24.125,24.5,0.375
gemma-2-2b,94,freq,val,ja,en,useful,「useful」の反対は「,useless,0,0,24.125,23.875,-0.25
gemma-2-2b,94,freq,freq,ja,en,useful,「useful」の反対は「,useless,0,0,24.125,24.125,0.0
gemma-2-2b,95,desc,desc,ja,en,vertical,「vertical」の反対は「,horizontal,0,0,22.75,23.875,1.125
gemma-2-2b,95,desc,val,ja,en,vertical,「vertical」の反対は「,horizontal,0,0,22.75,21.625,-1.125
gemma-2-2b,95,desc,freq,ja,en,vertical,「vertical」の反対は「,horizontal,0,0,22.75,24.25,1.5
gemma-2-2b,95,val,desc,ja,en,vertical,「vertical」の反対は「,horizontal,0,0,22.75,23.375,0.625
gemma-2-2b,95,val,val,ja,en,vertical,「vertical」の反対は「,horizontal,0,0,22.75,23.125,0.375
gemma-2-2b,95,val,freq,ja,en,vertical,「vertical」の反対は「,horizontal,0,0,22.75,23.625,0.875
gemma-2-2b,95,freq,desc,ja,en,vertical,「vertical」の反対は「,horizontal,0,0,22.75,23.25,0.5
gemma-2-2b,95,freq,val,ja,en,vertical,「vertical」の反対は「,horizontal,0,0,22.75,21.25,-1.5
gemma-2-2b,95,freq,freq,ja,en,vertical,「vertical」の反対は「,horizontal,0,0,22.75,22.875,0.125
gemma-2-2b,96,desc,desc,ja,en,well,「well」の反対は「,poorly,13,11,19.25,20.375,1.125
gemma-2-2b,96,desc,val,ja,en,well,「well」の反対は「,poorly,13,26,19.25,17.125,-2.125
gemma-2-2b,96,desc,freq,ja,en,well,「well」の反対は「,poorly,13,11,19.25,21.25,2.0
gemma-2-2b,96,val,desc,ja,en,well,「well」の反対は「,poorly,13,18,19.25,20.0,0.75
gemma-2-2b,96,val,val,ja,en,well,「well」の反対は「,poorly,13,29,19.25,18.875,-0.375
gemma-2-2b,96,val,freq,ja,en,well,「well」の反対は「,poorly,13,23,19.25,20.125,0.875
gemma-2-2b,96,freq,desc,ja,en,well,「well」の反対は「,poorly,13,10,19.25,20.125,0.875
gemma-2-2b,96,freq,val,ja,en,well,「well」の反対は「,poorly,13,22,19.25,17.375,-1.875
gemma-2-2b,96,freq,freq,ja,en,well,「well」の反対は「,poorly,13,13,19.25,19.25,0.0
gemma-2-2b,97,desc,desc,ja,en,winning,「winning」の反対は「,losing,0,0,25.125,25.5,0.375
gemma-2-2b,97,desc,val,ja,en,winning,「winning」の反対は「,losing,0,0,25.125,23.375,-1.75
gemma-2-2b,97,desc,freq,ja,en,winning,「winning」の反対は「,losing,0,0,25.125,26.125,1.0
gemma-2-2b,97,val,desc,ja,en,winning,「winning」の反対は「,losing,0,0,25.125,25.5,0.375
gemma-2-2b,97,val,val,ja,en,winning,「winning」の反対は「,losing,0,0,25.125,25.25,0.125
gemma-2-2b,97,val,freq,ja,en,winning,「winning」の反対は「,losing,0,0,25.125,25.75,0.625
gemma-2-2b,97,freq,desc,ja,en,winning,「winning」の反対は「,losing,0,0,25.125,25.25,0.125
gemma-2-2b,97,freq,val,ja,en,winning,「winning」の反対は「,losing,0,0,25.125,23.0,-2.125
gemma-2-2b,97,freq,freq,ja,en,winning,「winning」の反対は「,losing,0,0,25.125,25.125,0.0
gemma-2-2b,98,desc,desc,ja,en,unkind,「unkind」の反対は「,kind,4,4,21.125,21.625,0.5
gemma-2-2b,98,desc,val,ja,en,unkind,「unkind」の反対は「,kind,4,6,21.125,19.375,-1.75
gemma-2-2b,98,desc,freq,ja,en,unkind,「unkind」の反対は「,kind,4,8,21.125,21.875,0.75
gemma-2-2b,98,val,desc,ja,en,unkind,「unkind」の反対は「,kind,4,4,21.125,21.875,0.75
gemma-2-2b,98,val,val,ja,en,unkind,「unkind」の反対は「,kind,4,5,21.125,21.25,0.125
gemma-2-2b,98,val,freq,ja,en,unkind,「unkind」の反対は「,kind,4,4,21.125,22.5,1.375
gemma-2-2b,98,freq,desc,ja,en,unkind,「unkind」の反対は「,kind,4,2,21.125,21.875,0.75
gemma-2-2b,98,freq,val,ja,en,unkind,「unkind」の反対は「,kind,4,1,21.125,20.375,-0.75
gemma-2-2b,98,freq,freq,ja,en,unkind,「unkind」の反対は「,kind,4,4,21.125,21.125,0.0
gemma-2-2b,99,desc,desc,ja,en,cowardly,「cowardly」の反対は「,brave,0,0,23.875,24.375,0.5
gemma-2-2b,99,desc,val,ja,en,cowardly,「cowardly」の反対は「,brave,0,0,23.875,22.125,-1.75
gemma-2-2b,99,desc,freq,ja,en,cowardly,「cowardly」の反対は「,brave,0,0,23.875,25.25,1.375
gemma-2-2b,99,val,desc,ja,en,cowardly,「cowardly」の反対は「,brave,0,0,23.875,24.125,0.25
gemma-2-2b,99,val,val,ja,en,cowardly,「cowardly」の反対は「,brave,0,0,23.875,24.125,0.25
gemma-2-2b,99,val,freq,ja,en,cowardly,「cowardly」の反対は「,brave,0,0,23.875,25.0,1.125
gemma-2-2b,99,freq,desc,ja,en,cowardly,「cowardly」の反対は「,brave,0,0,23.875,23.875,0.0
gemma-2-2b,99,freq,val,ja,en,cowardly,「cowardly」の反対は「,brave,0,0,23.875,21.875,-2.0
gemma-2-2b,99,freq,freq,ja,en,cowardly,「cowardly」の反対は「,brave,0,0,23.875,23.875,0.0
gemma-2-2b,0,desc,desc,ja,es,bueno,「bueno」の反対は「,malo,0,2,17.625,16.375,-1.25
gemma-2-2b,0,desc,val,ja,es,bueno,「bueno」の反対は「,malo,0,0,17.625,19.125,1.5
gemma-2-2b,0,desc,freq,ja,es,bueno,「bueno」の反対は「,malo,0,38,17.625,13.9375,-3.6875
gemma-2-2b,0,val,desc,ja,es,bueno,「bueno」の反対は「,malo,0,0,17.625,19.125,1.5
gemma-2-2b,0,val,val,ja,es,bueno,「bueno」の反対は「,malo,0,7,17.625,16.375,-1.25
gemma-2-2b,0,val,freq,ja,es,bueno,「bueno」の反対は「,malo,0,24,17.625,16.125,-1.5
gemma-2-2b,0,freq,desc,ja,es,bueno,「bueno」の反対は「,malo,0,15,17.625,13.9375,-3.6875
gemma-2-2b,0,freq,val,ja,es,bueno,「bueno」の反対は「,malo,0,12,17.625,15.375,-2.25
gemma-2-2b,0,freq,freq,ja,es,bueno,「bueno」の反対は「,malo,0,15,17.625,13.9375,-3.6875
gemma-2-2b,1,desc,desc,ja,es,feliz,「feliz」の反対は「,triste,0,0,21.375,21.25,-0.125
gemma-2-2b,1,desc,val,ja,es,feliz,「feliz」の反対は「,triste,0,0,21.375,22.125,0.75
gemma-2-2b,1,desc,freq,ja,es,feliz,「feliz」の反対は「,triste,0,0,21.375,20.875,-0.5
gemma-2-2b,1,val,desc,ja,es,feliz,「feliz」の反対は「,triste,0,0,21.375,22.375,1.0
gemma-2-2b,1,val,val,ja,es,feliz,「feliz」の反対は「,triste,0,2,21.375,22.0,0.625
gemma-2-2b,1,val,freq,ja,es,feliz,「feliz」の反対は「,triste,0,2,21.375,21.375,0.0
gemma-2-2b,1,freq,desc,ja,es,feliz,「feliz」の反対は「,triste,0,4,21.375,20.125,-1.25
gemma-2-2b,1,freq,val,ja,es,feliz,「feliz」の反対は「,triste,0,5,21.375,20.75,-0.625
gemma-2-2b,1,freq,freq,ja,es,feliz,「feliz」の反対は「,triste,0,4,21.375,20.125,-1.25
gemma-2-2b,2,desc,desc,ja,es,grande,「grande」の反対は「,pequeño,28,28,15.6875,15.6875,0.0
gemma-2-2b,2,desc,val,ja,es,grande,「grande」の反対は「,pequeño,28,7,15.6875,19.75,4.0625
gemma-2-2b,2,desc,freq,ja,es,grande,「grande」の反対は「,pequeño,28,5,15.6875,18.75,3.0625
gemma-2-2b,2,val,desc,ja,es,grande,「grande」の反対は「,pequeño,28,15,15.6875,18.625,2.9375
gemma-2-2b,2,val,val,ja,es,grande,「grande」の反対は「,pequeño,28,42,15.6875,17.375,1.6875
gemma-2-2b,2,val,freq,ja,es,grande,「grande」の反対は「,pequeño,28,6,15.6875,19.5,3.8125
gemma-2-2b,2,freq,desc,ja,es,grande,「grande」の反対は「,pequeño,28,28,15.6875,15.6875,0.0
gemma-2-2b,2,freq,val,ja,es,grande,「grande」の反対は「,pequeño,28,21,15.6875,17.5,1.8125
gemma-2-2b,2,freq,freq,ja,es,grande,「grande」の反対は「,pequeño,28,28,15.6875,15.6875,0.0
gemma-2-2b,3,desc,desc,ja,es,caliente,「caliente」の反対は「,frío,2,4,21.625,21.25,-0.375
gemma-2-2b,3,desc,val,ja,es,caliente,「caliente」の反対は「,frío,2,5,21.625,21.625,0.0
gemma-2-2b,3,desc,freq,ja,es,caliente,「caliente」の反対は「,frío,2,2,21.625,21.5,-0.125
gemma-2-2b,3,val,desc,ja,es,caliente,「caliente」の反対は「,frío,2,3,21.625,22.25,0.625
gemma-2-2b,3,val,val,ja,es,caliente,「caliente」の反対は「,frío,2,6,21.625,21.625,0.0
gemma-2-2b,3,val,freq,ja,es,caliente,「caliente」の反対は「,frío,2,2,21.625,22.5,0.875
gemma-2-2b,3,freq,desc,ja,es,caliente,「caliente」の反対は「,frío,2,7,21.625,20.5,-1.125
gemma-2-2b,3,freq,val,ja,es,caliente,「caliente」の反対は「,frío,2,7,21.625,21.125,-0.5
gemma-2-2b,3,freq,freq,ja,es,caliente,「caliente」の反対は「,frío,2,7,21.625,20.5,-1.125
gemma-2-2b,4,desc,desc,ja,es,rápido,「rápido」の反対は「,lento,8,8,19.125,19.125,0.0
gemma-2-2b,4,desc,val,ja,es,rápido,「rápido」の反対は「,lento,8,3,19.125,21.375,2.25
gemma-2-2b,4,desc,freq,ja,es,rápido,「rápido」の反対は「,lento,8,1,19.125,22.375,3.25
gemma-2-2b,4,val,desc,ja,es,rápido,「rápido」の反対は「,lento,8,8,19.125,21.0,1.875
gemma-2-2b,4,val,val,ja,es,rápido,「rápido」の反対は「,lento,8,15,19.125,19.5,0.375
gemma-2-2b,4,val,freq,ja,es,rápido,「rápido」の反対は「,lento,8,1,19.125,22.625,3.5
gemma-2-2b,4,freq,desc,ja,es,rápido,「rápido」の反対は「,lento,8,12,19.125,18.25,-0.875
gemma-2-2b,4,freq,val,ja,es,rápido,「rápido」の反対は「,lento,8,13,19.125,19.25,0.125
gemma-2-2b,4,freq,freq,ja,es,rápido,「rápido」の反対は「,lento,8,12,19.125,18.25,-0.875
gemma-2-2b,5,desc,desc,ja,es,ligero,「ligero」の反対は「,pesado,340,340,16.625,16.625,0.0
gemma-2-2b,5,desc,val,ja,es,ligero,「ligero」の反対は「,pesado,340,212,16.625,18.5,1.875
gemma-2-2b,5,desc,freq,ja,es,ligero,「ligero」の反対は「,pesado,340,17,16.625,20.75,4.125
gemma-2-2b,5,val,desc,ja,es,ligero,「ligero」の反対は「,pesado,340,196,16.625,18.75,2.125
gemma-2-2b,5,val,val,ja,es,ligero,「ligero」の反対は「,pesado,340,285,16.625,17.875,1.25
gemma-2-2b,5,val,freq,ja,es,ligero,「ligero」の反対は「,pesado,340,14,16.625,21.5,4.875
gemma-2-2b,5,freq,desc,ja,es,ligero,「ligero」の反対は「,pesado,340,279,16.625,16.75,0.125
gemma-2-2b,5,freq,val,ja,es,ligero,「ligero」の反対は「,pesado,340,335,16.625,17.5,0.875
gemma-2-2b,5,freq,freq,ja,es,ligero,「ligero」の反対は「,pesado,340,279,16.625,16.75,0.125
gemma-2-2b,6,desc,desc,ja,es,fácil,「fácil」の反対は「,difícil,0,0,21.25,21.125,-0.125
gemma-2-2b,6,desc,val,ja,es,fácil,「fácil」の反対は「,difícil,0,0,21.25,23.125,1.875
gemma-2-2b,6,desc,freq,ja,es,fácil,「fácil」の反対は「,difícil,0,1,21.25,20.75,-0.5
gemma-2-2b,6,val,desc,ja,es,fácil,「fácil」の反対は「,difícil,0,0,21.25,23.125,1.875
gemma-2-2b,6,val,val,ja,es,fácil,「fácil」の反対は「,difícil,0,0,21.25,22.75,1.5
gemma-2-2b,6,val,freq,ja,es,fácil,「fácil」の反対は「,difícil,0,1,21.25,21.25,0.0
gemma-2-2b,6,freq,desc,ja,es,fácil,「fácil」の反対は「,difícil,0,0,21.25,21.0,-0.25
gemma-2-2b,6,freq,val,ja,es,fácil,「fácil」の反対は「,difícil,0,0,21.25,22.0,0.75
gemma-2-2b,6,freq,freq,ja,es,fácil,「fácil」の反対は「,difícil,0,0,21.25,21.0,-0.25
gemma-2-2b,7,desc,desc,ja,es,nuevo,「nuevo」の反対は「,viejo,8,8,17.5,17.375,-0.125
gemma-2-2b,7,desc,val,ja,es,nuevo,「nuevo」の反対は「,viejo,8,2,17.5,20.0,2.5
gemma-2-2b,7,desc,freq,ja,es,nuevo,「nuevo」の反対は「,viejo,8,3,17.5,19.75,2.25
gemma-2-2b,7,val,desc,ja,es,nuevo,「nuevo」の反対は「,viejo,8,4,17.5,20.125,2.625
gemma-2-2b,7,val,val,ja,es,nuevo,「nuevo」の反対は「,viejo,8,11,17.5,18.125,0.625
gemma-2-2b,7,val,freq,ja,es,nuevo,「nuevo」の反対は「,viejo,8,3,17.5,20.625,3.125
gemma-2-2b,7,freq,desc,ja,es,nuevo,「nuevo」の反対は「,viejo,8,8,17.5,17.25,-0.25
gemma-2-2b,7,freq,val,ja,es,nuevo,「nuevo」の反対は「,viejo,8,8,17.5,17.875,0.375
gemma-2-2b,7,freq,freq,ja,es,nuevo,「nuevo」の反対は「,viejo,8,8,17.5,17.25,-0.25
gemma-2-2b,8,desc,desc,ja,es,verdadero,「verdadero」の反対は「,falso,0,1,18.75,18.625,-0.125
gemma-2-2b,8,desc,val,ja,es,verdadero,「verdadero」の反対は「,falso,0,0,18.75,21.25,2.5
gemma-2-2b,8,desc,freq,ja,es,verdadero,「verdadero」の反対は「,falso,0,2,18.75,19.25,0.5
gemma-2-2b,8,val,desc,ja,es,verdadero,「verdadero」の反対は「,falso,0,0,18.75,21.25,2.5
gemma-2-2b,8,val,val,ja,es,verdadero,「verdadero」の反対は「,falso,0,2,18.75,19.0,0.25
gemma-2-2b,8,val,freq,ja,es,verdadero,「verdadero」の反対は「,falso,0,2,18.75,20.0,1.25
gemma-2-2b,8,freq,desc,ja,es,verdadero,「verdadero」の反対は「,falso,0,3,18.75,16.875,-1.875
gemma-2-2b,8,freq,val,ja,es,verdadero,「verdadero」の反対は「,falso,0,2,18.75,18.125,-0.625
gemma-2-2b,8,freq,freq,ja,es,verdadero,「verdadero」の反対は「,falso,0,3,18.75,16.875,-1.875
gemma-2-2b,9,desc,desc,ja,es,vivo,「vivo」の反対は「,muerto,19681,19681,9.375,9.375,0.0
gemma-2-2b,9,desc,val,ja,es,vivo,「vivo」の反対は「,muerto,19681,5784,9.375,12.8125,3.4375
gemma-2-2b,9,desc,freq,ja,es,vivo,「vivo」の反対は「,muerto,19681,5853,9.375,10.75,1.375
gemma-2-2b,9,val,desc,ja,es,vivo,「vivo」の反対は「,muerto,19681,12677,9.375,11.375,2.0
gemma-2-2b,9,val,val,ja,es,vivo,「vivo」の反対は「,muerto,19681,15748,9.375,10.9375,1.5625
gemma-2-2b,9,val,freq,ja,es,vivo,「vivo」の反対は「,muerto,19681,7493,9.375,11.3125,1.9375
gemma-2-2b,9,freq,desc,ja,es,vivo,「vivo」の反対は「,muerto,19681,18462,9.375,9.375,0.0
gemma-2-2b,9,freq,val,ja,es,vivo,「vivo」の反対は「,muerto,19681,15048,9.375,11.0,1.625
gemma-2-2b,9,freq,freq,ja,es,vivo,「vivo」の反対は「,muerto,19681,18462,9.375,9.375,0.0
gemma-2-2b,10,desc,desc,ja,es,lleno,「lleno」の反対は「,vacío,0,2,20.75,20.0,-0.75
gemma-2-2b,10,desc,val,ja,es,lleno,「lleno」の反対は「,vacío,0,1,20.75,21.5,0.75
gemma-2-2b,10,desc,freq,ja,es,lleno,「lleno」の反対は「,vacío,0,5,20.75,20.25,-0.5
gemma-2-2b,10,val,desc,ja,es,lleno,「lleno」の反対は「,vacío,0,0,20.75,22.125,1.375
gemma-2-2b,10,val,val,ja,es,lleno,「lleno」の反対は「,vacío,0,4,20.75,20.75,0.0
gemma-2-2b,10,val,freq,ja,es,lleno,「lleno」の反対は「,vacío,0,6,20.75,20.875,0.125
gemma-2-2b,10,freq,desc,ja,es,lleno,「lleno」の反対は「,vacío,0,4,20.75,18.875,-1.875
gemma-2-2b,10,freq,val,ja,es,lleno,「lleno」の反対は「,vacío,0,3,20.75,19.75,-1.0
gemma-2-2b,10,freq,freq,ja,es,lleno,「lleno」の反対は「,vacío,0,4,20.75,18.875,-1.875
gemma-2-2b,11,desc,desc,ja,es,brillante,「brillante」の反対は「,oscuro,2691,2691,12.9375,12.9375,0.0
gemma-2-2b,11,desc,val,ja,es,brillante,「brillante」の反対は「,oscuro,2691,1269,12.9375,15.5,2.5625
gemma-2-2b,11,desc,freq,ja,es,brillante,「brillante」の反対は「,oscuro,2691,249,12.9375,17.5,4.5625
gemma-2-2b,11,val,desc,ja,es,brillante,「brillante」の反対は「,oscuro,2691,1303,12.9375,15.5,2.5625
gemma-2-2b,11,val,val,ja,es,brillante,「brillante」の反対は「,oscuro,2691,3120,12.9375,13.75,0.8125
gemma-2-2b,11,val,freq,ja,es,brillante,「brillante」の反対は「,oscuro,2691,185,12.9375,18.5,5.5625
gemma-2-2b,11,freq,desc,ja,es,brillante,「brillante」の反対は「,oscuro,2691,2800,12.9375,12.8125,-0.125
gemma-2-2b,11,freq,val,ja,es,brillante,「brillante」の反対は「,oscuro,2691,2260,12.9375,13.9375,1.0
gemma-2-2b,11,freq,freq,ja,es,brillante,「brillante」の反対は「,oscuro,2691,2800,12.9375,12.8125,-0.125
gemma-2-2b,12,desc,desc,ja,es,fuerte,「fuerte」の反対は「,débil,4,4,18.875,18.75,-0.125
gemma-2-2b,12,desc,val,ja,es,fuerte,「fuerte」の反対は「,débil,4,25,18.875,18.125,-0.75
gemma-2-2b,12,desc,freq,ja,es,fuerte,「fuerte」の反対は「,débil,4,75,18.875,16.25,-2.625
gemma-2-2b,12,val,desc,ja,es,fuerte,「fuerte」の反対は「,débil,4,8,18.875,19.5,0.625
gemma-2-2b,12,val,val,ja,es,fuerte,「fuerte」の反対は「,débil,4,15,18.875,19.375,0.5
gemma-2-2b,12,val,freq,ja,es,fuerte,「fuerte」の反対は「,débil,4,36,18.875,18.125,-0.75
gemma-2-2b,12,freq,desc,ja,es,fuerte,「fuerte」の反対は「,débil,4,8,18.875,18.25,-0.625
gemma-2-2b,12,freq,val,ja,es,fuerte,「fuerte」の反対は「,débil,4,14,18.875,18.75,-0.125
gemma-2-2b,12,freq,freq,ja,es,fuerte,「fuerte」の反対は「,débil,4,8,18.875,18.25,-0.625
gemma-2-2b,13,desc,desc,ja,es,limpio,「limpio」の反対は「,sucio,351,351,12.0,12.0,0.0
gemma-2-2b,13,desc,val,ja,es,limpio,「limpio」の反対は「,sucio,351,11,12.0,17.875,5.875
gemma-2-2b,13,desc,freq,ja,es,limpio,「limpio」の反対は「,sucio,351,8,12.0,18.875,6.875
gemma-2-2b,13,val,desc,ja,es,limpio,「limpio」の反対は「,sucio,351,80,12.0,15.5625,3.5625
gemma-2-2b,13,val,val,ja,es,limpio,「limpio」の反対は「,sucio,351,310,12.0,13.625,1.625
gemma-2-2b,13,val,freq,ja,es,limpio,「limpio」の反対は「,sucio,351,13,12.0,19.25,7.25
gemma-2-2b,13,freq,desc,ja,es,limpio,「limpio」の反対は「,sucio,351,351,12.0,12.0,0.0
gemma-2-2b,13,freq,val,ja,es,limpio,「limpio」の反対は「,sucio,351,351,12.0,12.875,0.875
gemma-2-2b,13,freq,freq,ja,es,limpio,「limpio」の反対は「,sucio,351,351,12.0,12.0,0.0
gemma-2-2b,14,desc,desc,ja,es,abierto,「abierto」の反対は「,cerrado,2,13,20.0,17.625,-2.375
gemma-2-2b,14,desc,val,ja,es,abierto,「abierto」の反対は「,cerrado,2,4,20.0,19.125,-0.875
gemma-2-2b,14,desc,freq,ja,es,abierto,「abierto」の反対は「,cerrado,2,14,20.0,17.75,-2.25
gemma-2-2b,14,val,desc,ja,es,abierto,「abierto」の反対は「,cerrado,2,4,20.0,19.75,-0.25
gemma-2-2b,14,val,val,ja,es,abierto,「abierto」の反対は「,cerrado,2,29,20.0,17.5,-2.5
gemma-2-2b,14,val,freq,ja,es,abierto,「abierto」の反対は「,cerrado,2,9,20.0,19.25,-0.75
gemma-2-2b,14,freq,desc,ja,es,abierto,「abierto」の反対は「,cerrado,2,46,20.0,15.9375,-4.0625
gemma-2-2b,14,freq,val,ja,es,abierto,「abierto」の反対は「,cerrado,2,44,20.0,16.625,-3.375
gemma-2-2b,14,freq,freq,ja,es,abierto,「abierto」の反対は「,cerrado,2,46,20.0,15.9375,-4.0625
gemma-2-2b,15,desc,desc,ja,es,rico,「rico」の反対は「,pobre,62,62,18.875,18.875,0.0
gemma-2-2b,15,desc,val,ja,es,rico,「rico」の反対は「,pobre,62,59,18.875,20.25,1.375
gemma-2-2b,15,desc,freq,ja,es,rico,「rico」の反対は「,pobre,62,260,18.875,18.25,-0.625
gemma-2-2b,15,val,desc,ja,es,rico,「rico」の反対は「,pobre,62,79,18.875,20.125,1.25
gemma-2-2b,15,val,val,ja,es,rico,「rico」の反対は「,pobre,62,73,18.875,19.875,1.0
gemma-2-2b,15,val,freq,ja,es,rico,「rico」の反対は「,pobre,62,421,18.875,18.5,-0.375
gemma-2-2b,15,freq,desc,ja,es,rico,「rico」の反対は「,pobre,62,61,18.875,18.875,0.0
gemma-2-2b,15,freq,val,ja,es,rico,「rico」の反対は「,pobre,62,57,18.875,19.75,0.875
gemma-2-2b,15,freq,freq,ja,es,rico,「rico」の反対は「,pobre,62,61,18.875,18.875,0.0
gemma-2-2b,16,desc,desc,ja,es,hermoso,「hermoso」の反対は「,feo,828,828,10.3125,10.3125,0.0
gemma-2-2b,16,desc,val,ja,es,hermoso,「hermoso」の反対は「,feo,828,44,10.3125,15.6875,5.375
gemma-2-2b,16,desc,freq,ja,es,hermoso,「hermoso」の反対は「,feo,828,375,10.3125,13.875,3.5625
gemma-2-2b,16,val,desc,ja,es,hermoso,「hermoso」の反対は「,feo,828,20,10.3125,16.75,6.4375
gemma-2-2b,16,val,val,ja,es,hermoso,「hermoso」の反対は「,feo,828,461,10.3125,12.625,2.3125
gemma-2-2b,16,val,freq,ja,es,hermoso,「hermoso」の反対は「,feo,828,271,10.3125,15.375,5.0625
gemma-2-2b,16,freq,desc,ja,es,hermoso,「hermoso」の反対は「,feo,828,1085,10.3125,9.875,-0.4375
gemma-2-2b,16,freq,val,ja,es,hermoso,「hermoso」の反対は「,feo,828,1064,10.3125,10.8125,0.5
gemma-2-2b,16,freq,freq,ja,es,hermoso,「hermoso」の反対は「,feo,828,1085,10.3125,9.875,-0.4375
gemma-2-2b,17,desc,desc,ja,es,largo,「largo」の反対は「,corto,35,39,15.5625,15.5,-0.0625
gemma-2-2b,17,desc,val,ja,es,largo,「largo」の反対は「,corto,35,6,15.5625,19.25,3.6875
gemma-2-2b,17,desc,freq,ja,es,largo,「largo」の反対は「,corto,35,25,15.5625,16.875,1.3125
gemma-2-2b,17,val,desc,ja,es,largo,「largo」の反対は「,corto,35,14,15.5625,18.75,3.1875
gemma-2-2b,17,val,val,ja,es,largo,「largo」の反対は「,corto,35,22,15.5625,17.75,2.1875
gemma-2-2b,17,val,freq,ja,es,largo,「largo」の反対は「,corto,35,38,15.5625,17.5,1.9375
gemma-2-2b,17,freq,desc,ja,es,largo,「largo」の反対は「,corto,35,39,15.5625,15.375,-0.1875
gemma-2-2b,17,freq,val,ja,es,largo,「largo」の反対は「,corto,35,31,15.5625,16.875,1.3125
gemma-2-2b,17,freq,freq,ja,es,largo,「largo」の反対は「,corto,35,39,15.5625,15.375,-0.1875
gemma-2-2b,18,desc,desc,ja,es,ancho,「ancho」の反対は「,estrecho,7582,8028,11.8125,11.75,-0.0625
gemma-2-2b,18,desc,val,ja,es,ancho,「ancho」の反対は「,estrecho,7582,2144,11.8125,15.0,3.1875
gemma-2-2b,18,desc,freq,ja,es,ancho,「ancho」の反対は「,estrecho,7582,8242,11.8125,11.6875,-0.125
gemma-2-2b,18,val,desc,ja,es,ancho,「ancho」の反対は「,estrecho,7582,3880,11.8125,14.4375,2.625
gemma-2-2b,18,val,val,ja,es,ancho,「ancho」の反対は「,estrecho,7582,10011,11.8125,12.6875,0.875
gemma-2-2b,18,val,freq,ja,es,ancho,「ancho」の反対は「,estrecho,7582,10510,11.8125,12.25,0.4375
gemma-2-2b,18,freq,desc,ja,es,ancho,「ancho」の反対は「,estrecho,7582,8149,11.8125,11.6875,-0.125
gemma-2-2b,18,freq,val,ja,es,ancho,「ancho」の反対は「,estrecho,7582,7701,11.8125,12.625,0.8125
gemma-2-2b,18,freq,freq,ja,es,ancho,「ancho」の反対は「,estrecho,7582,8149,11.8125,11.6875,-0.125
gemma-2-2b,19,desc,desc,ja,es,duro,「duro」の反対は「,suave,70,70,18.25,18.25,0.0
gemma-2-2b,19,desc,val,ja,es,duro,「duro」の反対は「,suave,70,4,18.25,21.875,3.625
gemma-2-2b,19,desc,freq,ja,es,duro,「duro」の反対は「,suave,70,6,18.25,21.375,3.125
gemma-2-2b,19,val,desc,ja,es,duro,「duro」の反対は「,suave,70,30,18.25,20.375,2.125
gemma-2-2b,19,val,val,ja,es,duro,「duro」の反対は「,suave,70,54,18.25,19.625,1.375
gemma-2-2b,19,val,freq,ja,es,duro,「duro」の反対は「,suave,70,30,18.25,20.75,2.5
gemma-2-2b,19,freq,desc,ja,es,duro,「duro」の反対は「,suave,70,66,18.25,18.25,0.0
gemma-2-2b,19,freq,val,ja,es,duro,「duro」の反対は「,suave,70,62,18.25,19.0,0.75
gemma-2-2b,19,freq,freq,ja,es,duro,「duro」の反対は「,suave,70,66,18.25,18.25,0.0
gemma-2-2b,20,desc,desc,ja,es,seco,「seco」の反対は「,húmedo,67,69,19.25,19.25,0.0
gemma-2-2b,20,desc,val,ja,es,seco,「seco」の反対は「,húmedo,67,58,19.25,20.5,1.25
gemma-2-2b,20,desc,freq,ja,es,seco,「seco」の反対は「,húmedo,67,52,19.25,20.25,1.0
gemma-2-2b,20,val,desc,ja,es,seco,「seco」の反対は「,húmedo,67,74,19.25,20.625,1.375
gemma-2-2b,20,val,val,ja,es,seco,「seco」の反対は「,húmedo,67,62,19.25,20.25,1.0
gemma-2-2b,20,val,freq,ja,es,seco,「seco」の反対は「,húmedo,67,52,19.25,21.25,2.0
gemma-2-2b,20,freq,desc,ja,es,seco,「seco」の反対は「,húmedo,67,58,19.25,19.375,0.125
gemma-2-2b,20,freq,val,ja,es,seco,「seco」の反対は「,húmedo,67,46,19.25,20.0,0.75
gemma-2-2b,20,freq,freq,ja,es,seco,「seco」の反対は「,húmedo,67,58,19.25,19.375,0.125
gemma-2-2b,21,desc,desc,ja,es,ruidoso,「ruidoso」の反対は「,silencioso,25,25,16.875,16.875,0.0
gemma-2-2b,21,desc,val,ja,es,ruidoso,「ruidoso」の反対は「,silencioso,25,8,16.875,18.5,1.625
gemma-2-2b,21,desc,freq,ja,es,ruidoso,「ruidoso」の反対は「,silencioso,25,1,16.875,17.875,1.0
gemma-2-2b,21,val,desc,ja,es,ruidoso,「ruidoso」の反対は「,silencioso,25,10,16.875,19.75,2.875
gemma-2-2b,21,val,val,ja,es,ruidoso,「ruidoso」の反対は「,silencioso,25,28,16.875,18.125,1.25
gemma-2-2b,21,val,freq,ja,es,ruidoso,「ruidoso」の反対は「,silencioso,25,2,16.875,18.625,1.75
gemma-2-2b,21,freq,desc,ja,es,ruidoso,「ruidoso」の反対は「,silencioso,25,21,16.875,17.0,0.125
gemma-2-2b,21,freq,val,ja,es,ruidoso,「ruidoso」の反対は「,silencioso,25,54,16.875,16.875,0.0
gemma-2-2b,21,freq,freq,ja,es,ruidoso,「ruidoso」の反対は「,silencioso,25,21,16.875,17.0,0.125
gemma-2-2b,22,desc,desc,ja,es,temprano,「temprano」の反対は「,tarde,0,0,21.125,21.0,-0.125
gemma-2-2b,22,desc,val,ja,es,temprano,「temprano」の反対は「,tarde,0,0,21.125,23.0,1.875
gemma-2-2b,22,desc,freq,ja,es,temprano,「temprano」の反対は「,tarde,0,1,21.125,22.375,1.25
gemma-2-2b,22,val,desc,ja,es,temprano,「temprano」の反対は「,tarde,0,0,21.125,23.125,2.0
gemma-2-2b,22,val,val,ja,es,temprano,「temprano」の反対は「,tarde,0,0,21.125,21.75,0.625
gemma-2-2b,22,val,freq,ja,es,temprano,「temprano」の反対は「,tarde,0,0,21.125,23.125,2.0
gemma-2-2b,22,freq,desc,ja,es,temprano,「temprano」の反対は「,tarde,0,2,21.125,20.0,-1.125
gemma-2-2b,22,freq,val,ja,es,temprano,「temprano」の反対は「,tarde,0,0,21.125,21.25,0.125
gemma-2-2b,22,freq,freq,ja,es,temprano,「temprano」の反対は「,tarde,0,2,21.125,20.0,-1.125
gemma-2-2b,23,desc,desc,ja,es,cerca,「cerca」の反対は「,lejos,267,267,15.5625,15.5625,0.0
gemma-2-2b,23,desc,val,ja,es,cerca,「cerca」の反対は「,lejos,267,115,15.5625,17.75,2.1875
gemma-2-2b,23,desc,freq,ja,es,cerca,「cerca」の反対は「,lejos,267,134,15.5625,16.5,0.9375
gemma-2-2b,23,val,desc,ja,es,cerca,「cerca」の反対は「,lejos,267,135,15.5625,17.5,1.9375
gemma-2-2b,23,val,val,ja,es,cerca,「cerca」の反対は「,lejos,267,210,15.5625,17.0,1.4375
gemma-2-2b,23,val,freq,ja,es,cerca,「cerca」の反対は「,lejos,267,106,15.5625,17.5,1.9375
gemma-2-2b,23,freq,desc,ja,es,cerca,「cerca」の反対は「,lejos,267,255,15.5625,15.5625,0.0
gemma-2-2b,23,freq,val,ja,es,cerca,「cerca」の反対は「,lejos,267,277,15.5625,16.375,0.8125
gemma-2-2b,23,freq,freq,ja,es,cerca,「cerca」の反対は「,lejos,267,255,15.5625,15.5625,0.0
gemma-2-2b,24,desc,desc,ja,es,profundo,「profundo」の反対は「,superficial,1,1,21.125,21.125,0.0
gemma-2-2b,24,desc,val,ja,es,profundo,「profundo」の反対は「,superficial,1,2,21.125,22.75,1.625
gemma-2-2b,24,desc,freq,ja,es,profundo,「profundo」の反対は「,superficial,1,2,21.125,21.375,0.25
gemma-2-2b,24,val,desc,ja,es,profundo,「profundo」の反対は「,superficial,1,2,21.125,23.0,1.875
gemma-2-2b,24,val,val,ja,es,profundo,「profundo」の反対は「,superficial,1,3,21.125,22.125,1.0
gemma-2-2b,24,val,freq,ja,es,profundo,「profundo」の反対は「,superficial,1,2,21.125,22.25,1.125
gemma-2-2b,24,freq,desc,ja,es,profundo,「profundo」の反対は「,superficial,1,2,21.125,20.875,-0.25
gemma-2-2b,24,freq,val,ja,es,profundo,「profundo」の反対は「,superficial,1,4,21.125,21.375,0.25
gemma-2-2b,24,freq,freq,ja,es,profundo,「profundo」の反対は「,superficial,1,2,21.125,20.875,-0.25
gemma-2-2b,25,desc,desc,ja,es,malo,「malo」の反対は「,bueno,13,13,17.75,17.75,0.0
gemma-2-2b,25,desc,val,ja,es,malo,「malo」の反対は「,bueno,13,7,17.75,20.0,2.25
gemma-2-2b,25,desc,freq,ja,es,malo,「malo」の反対は「,bueno,13,45,17.75,17.875,0.125
gemma-2-2b,25,val,desc,ja,es,malo,「malo」の反対は「,bueno,13,7,17.75,20.125,2.375
gemma-2-2b,25,val,val,ja,es,malo,「malo」の反対は「,bueno,13,23,17.75,19.0,1.25
gemma-2-2b,25,val,freq,ja,es,malo,「malo」の反対は「,bueno,13,22,17.75,19.5,1.75
gemma-2-2b,25,freq,desc,ja,es,malo,「malo」の反対は「,bueno,13,22,17.75,17.5,-0.25
gemma-2-2b,25,freq,val,ja,es,malo,「malo」の反対は「,bueno,13,12,17.75,18.75,1.0
gemma-2-2b,25,freq,freq,ja,es,malo,「malo」の反対は「,bueno,13,22,17.75,17.5,-0.25
gemma-2-2b,26,desc,desc,ja,es,triste,「triste」の反対は「,feliz,25,32,17.75,17.5,-0.25
gemma-2-2b,26,desc,val,ja,es,triste,「triste」の反対は「,feliz,25,3,17.75,21.125,3.375
gemma-2-2b,26,desc,freq,ja,es,triste,「triste」の反対は「,feliz,25,4,17.75,20.125,2.375
gemma-2-2b,26,val,desc,ja,es,triste,「triste」の反対は「,feliz,25,15,17.75,20.0,2.25
gemma-2-2b,26,val,val,ja,es,triste,「triste」の反対は「,feliz,25,38,17.75,18.625,0.875
gemma-2-2b,26,val,freq,ja,es,triste,「triste」の反対は「,feliz,25,15,17.75,20.0,2.25
gemma-2-2b,26,freq,desc,ja,es,triste,「triste」の反対は「,feliz,25,34,17.75,17.5,-0.25
gemma-2-2b,26,freq,val,ja,es,triste,「triste」の反対は「,feliz,25,21,17.75,18.625,0.875
gemma-2-2b,26,freq,freq,ja,es,triste,「triste」の反対は「,feliz,25,34,17.75,17.5,-0.25
gemma-2-2b,27,desc,desc,ja,es,pequeño,「pequeño」の反対は「,grande,0,0,19.75,19.75,0.0
gemma-2-2b,27,desc,val,ja,es,pequeño,「pequeño」の反対は「,grande,0,0,19.75,22.125,2.375
gemma-2-2b,27,desc,freq,ja,es,pequeño,「pequeño」の反対は「,grande,0,1,19.75,20.25,0.5
gemma-2-2b,27,val,desc,ja,es,pequeño,「pequeño」の反対は「,grande,0,0,19.75,22.5,2.75
gemma-2-2b,27,val,val,ja,es,pequeño,「pequeño」の反対は「,grande,0,0,19.75,20.75,1.0
gemma-2-2b,27,val,freq,ja,es,pequeño,「pequeño」の反対は「,grande,0,2,19.75,21.375,1.625
gemma-2-2b,27,freq,desc,ja,es,pequeño,「pequeño」の反対は「,grande,0,0,19.75,19.125,-0.625
gemma-2-2b,27,freq,val,ja,es,pequeño,「pequeño」の反対は「,grande,0,1,19.75,20.25,0.5
gemma-2-2b,27,freq,freq,ja,es,pequeño,「pequeño」の反対は「,grande,0,0,19.75,19.125,-0.625
gemma-2-2b,28,desc,desc,ja,es,frío,「frío」の反対は「,caliente,0,0,21.75,21.0,-0.75
gemma-2-2b,28,desc,val,ja,es,frío,「frío」の反対は「,caliente,0,0,21.75,22.125,0.375
gemma-2-2b,28,desc,freq,ja,es,frío,「frío」の反対は「,caliente,0,0,21.75,21.0,-0.75
gemma-2-2b,28,val,desc,ja,es,frío,「frío」の反対は「,caliente,0,0,21.75,22.75,1.0
gemma-2-2b,28,val,val,ja,es,frío,「frío」の反対は「,caliente,0,0,21.75,22.125,0.375
gemma-2-2b,28,val,freq,ja,es,frío,「frío」の反対は「,caliente,0,0,21.75,22.0,0.25
gemma-2-2b,28,freq,desc,ja,es,frío,「frío」の反対は「,caliente,0,0,21.75,20.25,-1.5
gemma-2-2b,28,freq,val,ja,es,frío,「frío」の反対は「,caliente,0,1,21.75,21.375,-0.375
gemma-2-2b,28,freq,freq,ja,es,frío,「frío」の反対は「,caliente,0,0,21.75,20.25,-1.5
gemma-2-2b,29,desc,desc,ja,es,lento,「lento」の反対は「,veloz,6,7,19.875,19.875,0.0
gemma-2-2b,29,desc,val,ja,es,lento,「lento」の反対は「,veloz,6,2,19.875,21.0,1.125
gemma-2-2b,29,desc,freq,ja,es,lento,「lento」の反対は「,veloz,6,7,19.875,19.25,-0.625
gemma-2-2b,29,val,desc,ja,es,lento,「lento」の反対は「,veloz,6,8,19.875,20.125,0.25
gemma-2-2b,29,val,val,ja,es,lento,「lento」の反対は「,veloz,6,12,19.875,20.375,0.5
gemma-2-2b,29,val,freq,ja,es,lento,「lento」の反対は「,veloz,6,7,19.875,19.125,-0.75
gemma-2-2b,29,freq,desc,ja,es,lento,「lento」の反対は「,veloz,6,8,19.875,19.875,0.0
gemma-2-2b,29,freq,val,ja,es,lento,「lento」の反対は「,veloz,6,7,19.875,20.375,0.5
gemma-2-2b,29,freq,freq,ja,es,lento,「lento」の反対は「,veloz,6,8,19.875,19.875,0.0
gemma-2-2b,30,desc,desc,ja,es,pesado,「pesado」の反対は「,ligero,11,23,15.5625,15.0,-0.5625
gemma-2-2b,30,desc,val,ja,es,pesado,「pesado」の反対は「,ligero,11,15,15.5625,17.0,1.4375
gemma-2-2b,30,desc,freq,ja,es,pesado,「pesado」の反対は「,ligero,11,3,15.5625,18.875,3.3125
gemma-2-2b,30,val,desc,ja,es,pesado,「pesado」の反対は「,ligero,11,16,15.5625,17.0,1.4375
gemma-2-2b,30,val,val,ja,es,pesado,「pesado」の反対は「,ligero,11,123,15.5625,14.125,-1.4375
gemma-2-2b,30,val,freq,ja,es,pesado,「pesado」の反対は「,ligero,11,5,15.5625,19.75,4.1875
gemma-2-2b,30,freq,desc,ja,es,pesado,「pesado」の反対は「,ligero,11,86,15.5625,12.9375,-2.625
gemma-2-2b,30,freq,val,ja,es,pesado,「pesado」の反対は「,ligero,11,98,15.5625,13.875,-1.6875
gemma-2-2b,30,freq,freq,ja,es,pesado,「pesado」の反対は「,ligero,11,86,15.5625,12.9375,-2.625
gemma-2-2b,31,desc,desc,ja,es,difícil,「difícil」の反対は「,fácil,0,3,20.375,19.75,-0.625
gemma-2-2b,31,desc,val,ja,es,difícil,「difícil」の反対は「,fácil,0,0,20.375,21.25,0.875
gemma-2-2b,31,desc,freq,ja,es,difícil,「difícil」の反対は「,fácil,0,5,20.375,18.875,-1.5
gemma-2-2b,31,val,desc,ja,es,difícil,「difícil」の反対は「,fácil,0,1,20.375,21.25,0.875
gemma-2-2b,31,val,val,ja,es,difícil,「difícil」の反対は「,fácil,0,6,20.375,19.75,-0.625
gemma-2-2b,31,val,freq,ja,es,difícil,「difícil」の反対は「,fácil,0,6,20.375,19.75,-0.625
gemma-2-2b,31,freq,desc,ja,es,difícil,「difícil」の反対は「,fácil,0,7,20.375,18.5,-1.875
gemma-2-2b,31,freq,val,ja,es,difícil,「difícil」の反対は「,fácil,0,6,20.375,19.5,-0.875
gemma-2-2b,31,freq,freq,ja,es,difícil,「difícil」の反対は「,fácil,0,7,20.375,18.5,-1.875
gemma-2-2b,32,desc,desc,ja,es,viejo,「viejo」の反対は「,nuevo,0,1,23.25,21.875,-1.375
gemma-2-2b,32,desc,val,ja,es,viejo,「viejo」の反対は「,nuevo,0,1,23.25,23.0,-0.25
gemma-2-2b,32,desc,freq,ja,es,viejo,「viejo」の反対は「,nuevo,0,11,23.25,19.0,-4.25
gemma-2-2b,32,val,desc,ja,es,viejo,「viejo」の反対は「,nuevo,0,1,23.25,22.125,-1.125
gemma-2-2b,32,val,val,ja,es,viejo,「viejo」の反対は「,nuevo,0,4,23.25,21.75,-1.5
gemma-2-2b,32,val,freq,ja,es,viejo,「viejo」の反対は「,nuevo,0,13,23.25,19.75,-3.5
gemma-2-2b,32,freq,desc,ja,es,viejo,「viejo」の反対は「,nuevo,0,2,23.25,21.5,-1.75
gemma-2-2b,32,freq,val,ja,es,viejo,「viejo」の反対は「,nuevo,0,1,23.25,22.5,-0.75
gemma-2-2b,32,freq,freq,ja,es,viejo,「viejo」の反対は「,nuevo,0,2,23.25,21.5,-1.75
gemma-2-2b,33,desc,desc,ja,es,falso,「falso」の反対は「,verdadero,4,6,18.25,17.875,-0.375
gemma-2-2b,33,desc,val,ja,es,falso,「falso」の反対は「,verdadero,4,4,18.25,19.875,1.625
gemma-2-2b,33,desc,freq,ja,es,falso,「falso」の反対は「,verdadero,4,7,18.25,19.0,0.75
gemma-2-2b,33,val,desc,ja,es,falso,「falso」の反対は「,verdadero,4,9,18.25,19.25,1.0
gemma-2-2b,33,val,val,ja,es,falso,「falso」の反対は「,verdadero,4,22,18.25,17.625,-0.625
gemma-2-2b,33,val,freq,ja,es,falso,「falso」の反対は「,verdadero,4,8,18.25,19.5,1.25
gemma-2-2b,33,freq,desc,ja,es,falso,「falso」の反対は「,verdadero,4,10,18.25,16.875,-1.375
gemma-2-2b,33,freq,val,ja,es,falso,「falso」の反対は「,verdadero,4,8,18.25,18.125,-0.125
gemma-2-2b,33,freq,freq,ja,es,falso,「falso」の反対は「,verdadero,4,10,18.25,16.875,-1.375
gemma-2-2b,34,desc,desc,ja,es,muerto,「muerto」の反対は「,vivo,0,0,21.5,20.875,-0.625
gemma-2-2b,34,desc,val,ja,es,muerto,「muerto」の反対は「,vivo,0,0,21.5,22.125,0.625
gemma-2-2b,34,desc,freq,ja,es,muerto,「muerto」の反対は「,vivo,0,0,21.5,21.5,0.0
gemma-2-2b,34,val,desc,ja,es,muerto,「muerto」の反対は「,vivo,0,0,21.5,23.125,1.625
gemma-2-2b,34,val,val,ja,es,muerto,「muerto」の反対は「,vivo,0,1,21.5,22.0,0.5
gemma-2-2b,34,val,freq,ja,es,muerto,「muerto」の反対は「,vivo,0,0,21.5,22.375,0.875
gemma-2-2b,34,freq,desc,ja,es,muerto,「muerto」の反対は「,vivo,0,1,21.5,19.75,-1.75
gemma-2-2b,34,freq,val,ja,es,muerto,「muerto」の反対は「,vivo,0,1,21.5,20.375,-1.125
gemma-2-2b,34,freq,freq,ja,es,muerto,「muerto」の反対は「,vivo,0,1,21.5,19.75,-1.75
gemma-2-2b,35,desc,desc,ja,es,vacío,「vacío」の反対は「,lleno,21,42,16.875,16.375,-0.5
gemma-2-2b,35,desc,val,ja,es,vacío,「vacío」の反対は「,lleno,21,12,16.875,19.0,2.125
gemma-2-2b,35,desc,freq,ja,es,vacío,「vacío」の反対は「,lleno,21,10,16.875,18.625,1.75
gemma-2-2b,35,val,desc,ja,es,vacío,「vacío」の反対は「,lleno,21,12,16.875,18.75,1.875
gemma-2-2b,35,val,val,ja,es,vacío,「vacío」の反対は「,lleno,21,61,16.875,17.0,0.125
gemma-2-2b,35,val,freq,ja,es,vacío,「vacío」の反対は「,lleno,21,16,16.875,19.25,2.375
gemma-2-2b,35,freq,desc,ja,es,vacío,「vacío」の反対は「,lleno,21,65,16.875,15.5625,-1.3125
gemma-2-2b,35,freq,val,ja,es,vacío,「vacío」の反対は「,lleno,21,45,16.875,17.125,0.25
gemma-2-2b,35,freq,freq,ja,es,vacío,「vacío」の反対は「,lleno,21,65,16.875,15.5625,-1.3125
gemma-2-2b,36,desc,desc,ja,es,oscuro,「oscuro」の反対は「,claro,0,0,22.625,21.875,-0.75
gemma-2-2b,36,desc,val,ja,es,oscuro,「oscuro」の反対は「,claro,0,0,22.625,23.5,0.875
gemma-2-2b,36,desc,freq,ja,es,oscuro,「oscuro」の反対は「,claro,0,3,22.625,20.75,-1.875
gemma-2-2b,36,val,desc,ja,es,oscuro,「oscuro」の反対は「,claro,0,0,22.625,23.375,0.75
gemma-2-2b,36,val,val,ja,es,oscuro,「oscuro」の反対は「,claro,0,0,22.625,22.375,-0.25
gemma-2-2b,36,val,freq,ja,es,oscuro,「oscuro」の反対は「,claro,0,4,22.625,21.5,-1.125
gemma-2-2b,36,freq,desc,ja,es,oscuro,「oscuro」の反対は「,claro,0,0,22.625,21.5,-1.125
gemma-2-2b,36,freq,val,ja,es,oscuro,「oscuro」の反対は「,claro,0,0,22.625,22.625,0.0
gemma-2-2b,36,freq,freq,ja,es,oscuro,「oscuro」の反対は「,claro,0,0,22.625,21.5,-1.125
gemma-2-2b,37,desc,desc,ja,es,débil,「débil」の反対は「,fuerte,1,8,21.875,20.25,-1.625
gemma-2-2b,37,desc,val,ja,es,débil,「débil」の反対は「,fuerte,1,6,21.875,21.5,-0.375
gemma-2-2b,37,desc,freq,ja,es,débil,「débil」の反対は「,fuerte,1,29,21.875,18.5,-3.375
gemma-2-2b,37,val,desc,ja,es,débil,「débil」の反対は「,fuerte,1,9,21.875,20.75,-1.125
gemma-2-2b,37,val,val,ja,es,débil,「débil」の反対は「,fuerte,1,22,21.875,20.0,-1.875
gemma-2-2b,37,val,freq,ja,es,débil,「débil」の反対は「,fuerte,1,39,21.875,18.75,-3.125
gemma-2-2b,37,freq,desc,ja,es,débil,「débil」の反対は「,fuerte,1,17,21.875,19.375,-2.5
gemma-2-2b,37,freq,val,ja,es,débil,「débil」の反対は「,fuerte,1,16,21.875,20.0,-1.875
gemma-2-2b,37,freq,freq,ja,es,débil,「débil」の反対は「,fuerte,1,17,21.875,19.375,-2.5
gemma-2-2b,38,desc,desc,ja,es,sucio,「sucio」の反対は「,limpio,2,10,16.875,15.5,-1.375
gemma-2-2b,38,desc,val,ja,es,sucio,「sucio」の反対は「,limpio,2,3,16.875,17.75,0.875
gemma-2-2b,38,desc,freq,ja,es,sucio,「sucio」の反対は「,limpio,2,3,16.875,18.25,1.375
gemma-2-2b,38,val,desc,ja,es,sucio,「sucio」の反対は「,limpio,2,1,16.875,19.5,2.625
gemma-2-2b,38,val,val,ja,es,sucio,「sucio」の反対は「,limpio,2,35,16.875,15.5625,-1.3125
gemma-2-2b,38,val,freq,ja,es,sucio,「sucio」の反対は「,limpio,2,1,16.875,19.875,3.0
gemma-2-2b,38,freq,desc,ja,es,sucio,「sucio」の反対は「,limpio,2,63,16.875,13.125,-3.75
gemma-2-2b,38,freq,val,ja,es,sucio,「sucio」の反対は「,limpio,2,59,16.875,14.3125,-2.5625
gemma-2-2b,38,freq,freq,ja,es,sucio,「sucio」の反対は「,limpio,2,63,16.875,13.125,-3.75
gemma-2-2b,39,desc,desc,ja,es,cerrado,「cerrado」の反対は「,abierto,0,0,22.75,22.125,-0.625
gemma-2-2b,39,desc,val,ja,es,cerrado,「cerrado」の反対は「,abierto,0,0,22.75,23.5,0.75
gemma-2-2b,39,desc,freq,ja,es,cerrado,「cerrado」の反対は「,abierto,0,0,22.75,22.875,0.125
gemma-2-2b,39,val,desc,ja,es,cerrado,「cerrado」の反対は「,abierto,0,0,22.75,23.25,0.5
gemma-2-2b,39,val,val,ja,es,cerrado,「cerrado」の反対は「,abierto,0,0,22.75,22.75,0.0
gemma-2-2b,39,val,freq,ja,es,cerrado,「cerrado」の反対は「,abierto,0,0,22.75,23.0,0.25
gemma-2-2b,39,freq,desc,ja,es,cerrado,「cerrado」の反対は「,abierto,0,1,22.75,21.25,-1.5
gemma-2-2b,39,freq,val,ja,es,cerrado,「cerrado」の反対は「,abierto,0,1,22.75,21.75,-1.0
gemma-2-2b,39,freq,freq,ja,es,cerrado,「cerrado」の反対は「,abierto,0,1,22.75,21.25,-1.5
gemma-2-2b,40,desc,desc,ja,es,pobre,「pobre」の反対は「,rico,0,3,20.75,19.875,-0.875
gemma-2-2b,40,desc,val,ja,es,pobre,「pobre」の反対は「,rico,0,4,20.75,20.375,-0.375
gemma-2-2b,40,desc,freq,ja,es,pobre,「pobre」の反対は「,rico,0,1,20.75,20.875,0.125
gemma-2-2b,40,val,desc,ja,es,pobre,「pobre」の反対は「,rico,0,3,20.75,21.125,0.375
gemma-2-2b,40,val,val,ja,es,pobre,「pobre」の反対は「,rico,0,7,20.75,19.75,-1.0
gemma-2-2b,40,val,freq,ja,es,pobre,「pobre」の反対は「,rico,0,2,20.75,21.625,0.875
gemma-2-2b,40,freq,desc,ja,es,pobre,「pobre」の反対は「,rico,0,6,20.75,18.75,-2.0
gemma-2-2b,40,freq,val,ja,es,pobre,「pobre」の反対は「,rico,0,6,20.75,19.375,-1.375
gemma-2-2b,40,freq,freq,ja,es,pobre,「pobre」の反対は「,rico,0,6,20.75,18.75,-2.0
gemma-2-2b,41,desc,desc,ja,es,feo,「feo」の反対は「,bonito,78,68,18.75,18.875,0.125
gemma-2-2b,41,desc,val,ja,es,feo,「feo」の反対は「,bonito,78,20,18.75,21.125,2.375
gemma-2-2b,41,desc,freq,ja,es,feo,「feo」の反対は「,bonito,78,47,18.75,19.875,1.125
gemma-2-2b,41,val,desc,ja,es,feo,「feo」の反対は「,bonito,78,48,18.75,20.75,2.0
gemma-2-2b,41,val,val,ja,es,feo,「feo」の反対は「,bonito,78,73,18.75,19.875,1.125
gemma-2-2b,41,val,freq,ja,es,feo,「feo」の反対は「,bonito,78,78,18.75,20.25,1.5
gemma-2-2b,41,freq,desc,ja,es,feo,「feo」の反対は「,bonito,78,63,18.75,18.875,0.125
gemma-2-2b,41,freq,val,ja,es,feo,「feo」の反対は「,bonito,78,69,18.75,19.5,0.75
gemma-2-2b,41,freq,freq,ja,es,feo,「feo」の反対は「,bonito,78,63,18.75,18.875,0.125
gemma-2-2b,42,desc,desc,ja,es,corto,「corto」の反対は「,largo,2,2,20.875,20.25,-0.625
gemma-2-2b,42,desc,val,ja,es,corto,「corto」の反対は「,largo,2,3,20.875,22.5,1.625
gemma-2-2b,42,desc,freq,ja,es,corto,「corto」の反対は「,largo,2,4,20.875,20.125,-0.75
gemma-2-2b,42,val,desc,ja,es,corto,「corto」の反対は「,largo,2,3,20.875,22.375,1.5
gemma-2-2b,42,val,val,ja,es,corto,「corto」の反対は「,largo,2,4,20.875,21.5,0.625
gemma-2-2b,42,val,freq,ja,es,corto,「corto」の反対は「,largo,2,4,20.875,21.625,0.75
gemma-2-2b,42,freq,desc,ja,es,corto,「corto」の反対は「,largo,2,2,20.875,20.125,-0.75
gemma-2-2b,42,freq,val,ja,es,corto,「corto」の反対は「,largo,2,3,20.875,21.25,0.375
gemma-2-2b,42,freq,freq,ja,es,corto,「corto」の反対は「,largo,2,2,20.875,20.125,-0.75
gemma-2-2b,43,desc,desc,ja,es,estrecho,「estrecho」の反対は「,ancho,1633,2107,10.1875,9.875,-0.3125
gemma-2-2b,43,desc,val,ja,es,estrecho,「estrecho」の反対は「,ancho,1633,863,10.1875,13.0625,2.875
gemma-2-2b,43,desc,freq,ja,es,estrecho,「estrecho」の反対は「,ancho,1633,527,10.1875,13.625,3.4375
gemma-2-2b,43,val,desc,ja,es,estrecho,「estrecho」の反対は「,ancho,1633,620,10.1875,13.4375,3.25
gemma-2-2b,43,val,val,ja,es,estrecho,「estrecho」の反対は「,ancho,1633,3953,10.1875,9.875,-0.3125
gemma-2-2b,43,val,freq,ja,es,estrecho,「estrecho」の反対は「,ancho,1633,466,10.1875,15.125,4.9375
gemma-2-2b,43,freq,desc,ja,es,estrecho,「estrecho」の反対は「,ancho,1633,4860,10.1875,8.0625,-2.125
gemma-2-2b,43,freq,val,ja,es,estrecho,「estrecho」の反対は「,ancho,1633,4828,10.1875,9.3125,-0.875
gemma-2-2b,43,freq,freq,ja,es,estrecho,「estrecho」の反対は「,ancho,1633,4860,10.1875,8.0625,-2.125
gemma-2-2b,44,desc,desc,ja,es,suave,「suave」の反対は「,duro,60,60,18.125,18.125,0.0
gemma-2-2b,44,desc,val,ja,es,suave,「suave」の反対は「,duro,60,22,18.125,20.75,2.625
gemma-2-2b,44,desc,freq,ja,es,suave,「suave」の反対は「,duro,60,17,18.125,20.75,2.625
gemma-2-2b,44,val,desc,ja,es,suave,「suave」の反対は「,duro,60,43,18.125,20.125,2.0
gemma-2-2b,44,val,val,ja,es,suave,「suave」の反対は「,duro,60,73,18.125,19.125,1.0
gemma-2-2b,44,val,freq,ja,es,suave,「suave」の反対は「,duro,60,31,18.125,20.375,2.25
gemma-2-2b,44,freq,desc,ja,es,suave,「suave」の反対は「,duro,60,54,18.125,18.125,0.0
gemma-2-2b,44,freq,val,ja,es,suave,「suave」の反対は「,duro,60,58,18.125,18.875,0.75
gemma-2-2b,44,freq,freq,ja,es,suave,「suave」の反対は「,duro,60,54,18.125,18.125,0.0
gemma-2-2b,45,desc,desc,ja,es,mojado,「mojado」の反対は「,seco,5,8,17.875,17.0,-0.875
gemma-2-2b,45,desc,val,ja,es,mojado,「mojado」の反対は「,seco,5,4,17.875,19.25,1.375
gemma-2-2b,45,desc,freq,ja,es,mojado,「mojado」の反対は「,seco,5,24,17.875,17.5,-0.375
gemma-2-2b,45,val,desc,ja,es,mojado,「mojado」の反対は「,seco,5,4,17.875,20.125,2.25
gemma-2-2b,45,val,val,ja,es,mojado,「mojado」の反対は「,seco,5,24,17.875,17.0,-0.875
gemma-2-2b,45,val,freq,ja,es,mojado,「mojado」の反対は「,seco,5,12,17.875,19.25,1.375
gemma-2-2b,45,freq,desc,ja,es,mojado,「mojado」の反対は「,seco,5,34,17.875,15.25,-2.625
gemma-2-2b,45,freq,val,ja,es,mojado,「mojado」の反対は「,seco,5,25,17.875,16.375,-1.5
gemma-2-2b,45,freq,freq,ja,es,mojado,「mojado」の反対は「,seco,5,34,17.875,15.25,-2.625
gemma-2-2b,46,desc,desc,ja,es,tranquilo,「tranquilo」の反対は「,ruidoso,173,188,15.8125,15.8125,0.0
gemma-2-2b,46,desc,val,ja,es,tranquilo,「tranquilo」の反対は「,ruidoso,173,109,15.8125,17.625,1.8125
gemma-2-2b,46,desc,freq,ja,es,tranquilo,「tranquilo」の反対は「,ruidoso,173,131,15.8125,16.5,0.6875
gemma-2-2b,46,val,desc,ja,es,tranquilo,「tranquilo」の反対は「,ruidoso,173,183,15.8125,17.5,1.6875
gemma-2-2b,46,val,val,ja,es,tranquilo,「tranquilo」の反対は「,ruidoso,173,259,15.8125,16.625,0.8125
gemma-2-2b,46,val,freq,ja,es,tranquilo,「tranquilo」の反対は「,ruidoso,173,197,15.8125,17.0,1.1875
gemma-2-2b,46,freq,desc,ja,es,tranquilo,「tranquilo」の反対は「,ruidoso,173,218,15.8125,15.375,-0.4375
gemma-2-2b,46,freq,val,ja,es,tranquilo,「tranquilo」の反対は「,ruidoso,173,261,15.8125,16.125,0.3125
gemma-2-2b,46,freq,freq,ja,es,tranquilo,「tranquilo」の反対は「,ruidoso,173,218,15.8125,15.375,-0.4375
gemma-2-2b,47,desc,desc,ja,es,tarde,「tarde」の反対は「,temprano,11,18,18.625,18.25,-0.375
gemma-2-2b,47,desc,val,ja,es,tarde,「tarde」の反対は「,temprano,11,8,18.625,20.0,1.375
gemma-2-2b,47,desc,freq,ja,es,tarde,「tarde」の反対は「,temprano,11,15,18.625,19.0,0.375
gemma-2-2b,47,val,desc,ja,es,tarde,「tarde」の反対は「,temprano,11,12,18.625,19.625,1.0
gemma-2-2b,47,val,val,ja,es,tarde,「tarde」の反対は「,temprano,11,35,18.625,18.75,0.125
gemma-2-2b,47,val,freq,ja,es,tarde,「tarde」の反対は「,temprano,11,17,18.625,19.25,0.625
gemma-2-2b,47,freq,desc,ja,es,tarde,「tarde」の反対は「,temprano,11,43,18.625,17.0,-1.625
gemma-2-2b,47,freq,val,ja,es,tarde,「tarde」の反対は「,temprano,11,48,18.625,17.75,-0.875
gemma-2-2b,47,freq,freq,ja,es,tarde,「tarde」の反対は「,temprano,11,43,18.625,17.0,-1.625
gemma-2-2b,48,desc,desc,ja,es,lejos,「lejos」の反対は「,cerca,143,253,14.3125,13.625,-0.6875
gemma-2-2b,48,desc,val,ja,es,lejos,「lejos」の反対は「,cerca,143,55,14.3125,17.0,2.6875
gemma-2-2b,48,desc,freq,ja,es,lejos,「lejos」の反対は「,cerca,143,70,14.3125,16.125,1.8125
gemma-2-2b,48,val,desc,ja,es,lejos,「lejos」の反対は「,cerca,143,375,14.3125,14.3125,0.0
gemma-2-2b,48,val,val,ja,es,lejos,「lejos」の反対は「,cerca,143,1145,14.3125,12.4375,-1.875
gemma-2-2b,48,val,freq,ja,es,lejos,「lejos」の反対は「,cerca,143,308,14.3125,14.875,0.5625
gemma-2-2b,48,freq,desc,ja,es,lejos,「lejos」の反対は「,cerca,143,741,14.3125,11.75,-2.5625
gemma-2-2b,48,freq,val,ja,es,lejos,「lejos」の反対は「,cerca,143,626,14.3125,13.1875,-1.125
gemma-2-2b,48,freq,freq,ja,es,lejos,「lejos」の反対は「,cerca,143,741,14.3125,11.75,-2.5625
gemma-2-2b,49,desc,desc,ja,es,superficial,「superficial」の反対は「,profundo,5,5,21.375,21.375,0.0
gemma-2-2b,49,desc,val,ja,es,superficial,「superficial」の反対は「,profundo,5,2,21.375,23.375,2.0
gemma-2-2b,49,desc,freq,ja,es,superficial,「superficial」の反対は「,profundo,5,0,21.375,24.25,2.875
gemma-2-2b,49,val,desc,ja,es,superficial,「superficial」の反対は「,profundo,5,3,21.375,23.125,1.75
gemma-2-2b,49,val,val,ja,es,superficial,「superficial」の反対は「,profundo,5,5,21.375,22.125,0.75
gemma-2-2b,49,val,freq,ja,es,superficial,「superficial」の反対は「,profundo,5,0,21.375,25.0,3.625
gemma-2-2b,49,freq,desc,ja,es,superficial,「superficial」の反対は「,profundo,5,5,21.375,21.375,0.0
gemma-2-2b,49,freq,val,ja,es,superficial,「superficial」の反対は「,profundo,5,6,21.375,21.5,0.125
gemma-2-2b,49,freq,freq,ja,es,superficial,「superficial」の反対は「,profundo,5,5,21.375,21.375,0.0
gemma-2-2b,50,desc,desc,ja,es,joven,「joven」の反対は「,viejo,10,10,17.875,17.75,-0.125
gemma-2-2b,50,desc,val,ja,es,joven,「joven」の反対は「,viejo,10,3,17.875,20.25,2.375
gemma-2-2b,50,desc,freq,ja,es,joven,「joven」の反対は「,viejo,10,0,17.875,21.25,3.375
gemma-2-2b,50,val,desc,ja,es,joven,「joven」の反対は「,viejo,10,6,17.875,20.375,2.5
gemma-2-2b,50,val,val,ja,es,joven,「joven」の反対は「,viejo,10,19,17.875,18.625,0.75
gemma-2-2b,50,val,freq,ja,es,joven,「joven」の反対は「,viejo,10,0,17.875,21.875,4.0
gemma-2-2b,50,freq,desc,ja,es,joven,「joven」の反対は「,viejo,10,10,17.875,17.75,-0.125
gemma-2-2b,50,freq,val,ja,es,joven,「joven」の反対は「,viejo,10,13,17.875,18.25,0.375
gemma-2-2b,50,freq,freq,ja,es,joven,「joven」の反対は「,viejo,10,10,17.875,17.75,-0.125
gemma-2-2b,51,desc,desc,ja,es,amable,「amable」の反対は「,desagradable,45,49,17.625,17.5,-0.125
gemma-2-2b,51,desc,val,ja,es,amable,「amable」の反対は「,desagradable,45,21,17.625,19.75,2.125
gemma-2-2b,51,desc,freq,ja,es,amable,「amable」の反対は「,desagradable,45,35,17.625,18.625,1.0
gemma-2-2b,51,val,desc,ja,es,amable,「amable」の反対は「,desagradable,45,27,17.625,19.625,2.0
gemma-2-2b,51,val,val,ja,es,amable,「amable」の反対は「,desagradable,45,36,17.625,19.0,1.375
gemma-2-2b,51,val,freq,ja,es,amable,「amable」の反対は「,desagradable,45,46,17.625,19.125,1.5
gemma-2-2b,51,freq,desc,ja,es,amable,「amable」の反対は「,desagradable,45,46,17.625,17.5,-0.125
gemma-2-2b,51,freq,val,ja,es,amable,「amable」の反対は「,desagradable,45,49,17.625,18.125,0.5
gemma-2-2b,51,freq,freq,ja,es,amable,「amable」の反対は「,desagradable,45,46,17.625,17.5,-0.125
gemma-2-2b,52,desc,desc,ja,es,valiente,「valiente」の反対は「,cobarde,1,1,18.75,18.75,0.0
gemma-2-2b,52,desc,val,ja,es,valiente,「valiente」の反対は「,cobarde,1,1,18.75,19.875,1.125
gemma-2-2b,52,desc,freq,ja,es,valiente,「valiente」の反対は「,cobarde,1,6,18.75,18.875,0.125
gemma-2-2b,52,val,desc,ja,es,valiente,「valiente」の反対は「,cobarde,1,1,18.75,20.625,1.875
gemma-2-2b,52,val,val,ja,es,valiente,「valiente」の反対は「,cobarde,1,4,18.75,19.5,0.75
gemma-2-2b,52,val,freq,ja,es,valiente,「valiente」の反対は「,cobarde,1,2,18.75,20.75,2.0
gemma-2-2b,52,freq,desc,ja,es,valiente,「valiente」の反対は「,cobarde,1,3,18.75,17.875,-0.875
gemma-2-2b,52,freq,val,ja,es,valiente,「valiente」の反対は「,cobarde,1,2,18.75,18.875,0.125
gemma-2-2b,52,freq,freq,ja,es,valiente,「valiente」の反対は「,cobarde,1,3,18.75,17.875,-0.875
gemma-2-2b,53,desc,desc,ja,es,sabio,「sabio」の反対は「,necio,717,717,15.6875,15.6875,0.0
gemma-2-2b,53,desc,val,ja,es,sabio,「sabio」の反対は「,necio,717,445,15.6875,17.5,1.8125
gemma-2-2b,53,desc,freq,ja,es,sabio,「sabio」の反対は「,necio,717,536,15.6875,16.5,0.8125
gemma-2-2b,53,val,desc,ja,es,sabio,「sabio」の反対は「,necio,717,490,15.6875,17.5,1.8125
gemma-2-2b,53,val,val,ja,es,sabio,「sabio」の反対は「,necio,717,726,15.6875,16.75,1.0625
gemma-2-2b,53,val,freq,ja,es,sabio,「sabio」の反対は「,necio,717,504,15.6875,17.375,1.6875
gemma-2-2b,53,freq,desc,ja,es,sabio,「sabio」の反対は「,necio,717,738,15.6875,15.5625,-0.125
gemma-2-2b,53,freq,val,ja,es,sabio,「sabio」の反対は「,necio,717,648,15.6875,16.5,0.8125
gemma-2-2b,53,freq,freq,ja,es,sabio,「sabio」の反対は「,necio,717,738,15.6875,15.5625,-0.125
gemma-2-2b,54,desc,desc,ja,es,educado,「educado」の反対は「,maleducado,43,44,17.125,17.125,0.0
gemma-2-2b,54,desc,val,ja,es,educado,「educado」の反対は「,maleducado,43,21,17.125,19.75,2.625
gemma-2-2b,54,desc,freq,ja,es,educado,「educado」の反対は「,maleducado,43,21,17.125,19.75,2.625
gemma-2-2b,54,val,desc,ja,es,educado,「educado」の反対は「,maleducado,43,25,17.125,19.875,2.75
gemma-2-2b,54,val,val,ja,es,educado,「educado」の反対は「,maleducado,43,60,17.125,18.125,1.0
gemma-2-2b,54,val,freq,ja,es,educado,「educado」の反対は「,maleducado,43,15,17.125,21.0,3.875
gemma-2-2b,54,freq,desc,ja,es,educado,「educado」の反対は「,maleducado,43,65,17.125,16.75,-0.375
gemma-2-2b,54,freq,val,ja,es,educado,「educado」の反対は「,maleducado,43,53,17.125,17.875,0.75
gemma-2-2b,54,freq,freq,ja,es,educado,「educado」の反対は「,maleducado,43,65,17.125,16.75,-0.375
gemma-2-2b,55,desc,desc,ja,es,paciente,「paciente」の反対は「,impaciente,1060,1060,12.0,12.0,0.0
gemma-2-2b,55,desc,val,ja,es,paciente,「paciente」の反対は「,impaciente,1060,327,12.0,15.375,3.375
gemma-2-2b,55,desc,freq,ja,es,paciente,「paciente」の反対は「,impaciente,1060,1101,12.0,12.625,0.625
gemma-2-2b,55,val,desc,ja,es,paciente,「paciente」の反対は「,impaciente,1060,499,12.0,15.0,3.0
gemma-2-2b,55,val,val,ja,es,paciente,「paciente」の反対は「,impaciente,1060,982,12.0,13.4375,1.4375
gemma-2-2b,55,val,freq,ja,es,paciente,「paciente」の反対は「,impaciente,1060,1671,12.0,12.9375,0.9375
gemma-2-2b,55,freq,desc,ja,es,paciente,「paciente」の反対は「,impaciente,1060,1050,12.0,11.875,-0.125
gemma-2-2b,55,freq,val,ja,es,paciente,「paciente」の反対は「,impaciente,1060,1509,12.0,12.4375,0.4375
gemma-2-2b,55,freq,freq,ja,es,paciente,「paciente」の反対は「,impaciente,1060,1050,12.0,11.875,-0.125
gemma-2-2b,56,desc,desc,ja,es,honesto,「honesto」の反対は「,deshonesto,1010,1010,13.5625,13.5625,0.0
gemma-2-2b,56,desc,val,ja,es,honesto,「honesto」の反対は「,deshonesto,1010,114,13.5625,17.625,4.0625
gemma-2-2b,56,desc,freq,ja,es,honesto,「honesto」の反対は「,deshonesto,1010,208,13.5625,16.375,2.8125
gemma-2-2b,56,val,desc,ja,es,honesto,「honesto」の反対は「,deshonesto,1010,669,13.5625,15.125,1.5625
gemma-2-2b,56,val,val,ja,es,honesto,「honesto」の反対は「,deshonesto,1010,1189,13.5625,14.25,0.6875
gemma-2-2b,56,val,freq,ja,es,honesto,「honesto」の反対は「,deshonesto,1010,861,13.5625,14.875,1.3125
gemma-2-2b,56,freq,desc,ja,es,honesto,「honesto」の反対は「,deshonesto,1010,1003,13.5625,13.5625,0.0
gemma-2-2b,56,freq,val,ja,es,honesto,「honesto」の反対は「,deshonesto,1010,840,13.5625,14.5,0.9375
gemma-2-2b,56,freq,freq,ja,es,honesto,「honesto」の反対は「,deshonesto,1010,1003,13.5625,13.5625,0.0
gemma-2-2b,57,desc,desc,ja,es,seguro,「seguro」の反対は「,inseguro,98,98,14.25,14.25,0.0
gemma-2-2b,57,desc,val,ja,es,seguro,「seguro」の反対は「,inseguro,98,54,14.25,16.375,2.125
gemma-2-2b,57,desc,freq,ja,es,seguro,「seguro」の反対は「,inseguro,98,5,14.25,18.375,4.125
gemma-2-2b,57,val,desc,ja,es,seguro,「seguro」の反対は「,inseguro,98,64,14.25,16.25,2.0
gemma-2-2b,57,val,val,ja,es,seguro,「seguro」の反対は「,inseguro,98,114,14.25,15.5,1.25
gemma-2-2b,57,val,freq,ja,es,seguro,「seguro」の反対は「,inseguro,98,4,14.25,20.25,6.0
gemma-2-2b,57,freq,desc,ja,es,seguro,「seguro」の反対は「,inseguro,98,101,14.25,14.125,-0.125
gemma-2-2b,57,freq,val,ja,es,seguro,「seguro」の反対は「,inseguro,98,119,14.25,14.875,0.625
gemma-2-2b,57,freq,freq,ja,es,seguro,「seguro」の反対は「,inseguro,98,101,14.25,14.125,-0.125
gemma-2-2b,58,desc,desc,ja,es,activo,「activo」の反対は「,pasivo,0,1,19.25,19.0,-0.25
gemma-2-2b,58,desc,val,ja,es,activo,「activo」の反対は「,pasivo,0,0,19.25,20.375,1.125
gemma-2-2b,58,desc,freq,ja,es,activo,「activo」の反対は「,pasivo,0,0,19.25,20.75,1.5
gemma-2-2b,58,val,desc,ja,es,activo,「activo」の反対は「,pasivo,0,1,19.25,21.125,1.875
gemma-2-2b,58,val,val,ja,es,activo,「activo」の反対は「,pasivo,0,0,19.25,21.0,1.75
gemma-2-2b,58,val,freq,ja,es,activo,「activo」の反対は「,pasivo,0,0,19.25,22.0,2.75
gemma-2-2b,58,freq,desc,ja,es,activo,「activo」の反対は「,pasivo,0,1,19.25,18.75,-0.5
gemma-2-2b,58,freq,val,ja,es,activo,「activo」の反対は「,pasivo,0,1,19.25,19.75,0.5
gemma-2-2b,58,freq,freq,ja,es,activo,「activo」の反対は「,pasivo,0,1,19.25,18.75,-0.5
gemma-2-2b,59,desc,desc,ja,es,recto,「recto」の反対は「,curvo,5479,5479,7.90625,7.90625,0.0
gemma-2-2b,59,desc,val,ja,es,recto,「recto」の反対は「,curvo,5479,3810,7.90625,9.75,1.84375
gemma-2-2b,59,desc,freq,ja,es,recto,「recto」の反対は「,curvo,5479,9349,7.90625,7.21875,-0.6875
gemma-2-2b,59,val,desc,ja,es,recto,「recto」の反対は「,curvo,5479,6101,7.90625,9.375,1.46875
gemma-2-2b,59,val,val,ja,es,recto,「recto」の反対は「,curvo,5479,7421,7.90625,9.0625,1.15625
gemma-2-2b,59,val,freq,ja,es,recto,「recto」の反対は「,curvo,5479,12555,7.90625,7.5,-0.40625
gemma-2-2b,59,freq,desc,ja,es,recto,「recto」の反対は「,curvo,5479,5479,7.90625,7.90625,0.0
gemma-2-2b,59,freq,val,ja,es,recto,「recto」の反対は「,curvo,5479,7458,7.90625,9.0625,1.15625
gemma-2-2b,59,freq,freq,ja,es,recto,「recto」の反対は「,curvo,5479,5479,7.90625,7.90625,0.0
gemma-2-2b,60,desc,desc,ja,es,entero,「entero」の反対は「,parcial,499,499,14.9375,14.9375,0.0
gemma-2-2b,60,desc,val,ja,es,entero,「entero」の反対は「,parcial,499,130,14.9375,17.875,2.9375
gemma-2-2b,60,desc,freq,ja,es,entero,「entero」の反対は「,parcial,499,290,14.9375,15.9375,1.0
gemma-2-2b,60,val,desc,ja,es,entero,「entero」の反対は「,parcial,499,278,14.9375,17.0,2.0625
gemma-2-2b,60,val,val,ja,es,entero,「entero」の反対は「,parcial,499,479,14.9375,16.125,1.1875
gemma-2-2b,60,val,freq,ja,es,entero,「entero」の反対は「,parcial,499,340,14.9375,16.75,1.8125
gemma-2-2b,60,freq,desc,ja,es,entero,「entero」の反対は「,parcial,499,524,14.9375,14.875,-0.0625
gemma-2-2b,60,freq,val,ja,es,entero,「entero」の反対は「,parcial,499,481,14.9375,15.5625,0.625
gemma-2-2b,60,freq,freq,ja,es,entero,「entero」の反対は「,parcial,499,524,14.9375,14.875,-0.0625
gemma-2-2b,61,desc,desc,ja,es,calmado,「calmado」の反対は「,agitado,0,0,19.75,19.875,0.125
gemma-2-2b,61,desc,val,ja,es,calmado,「calmado」の反対は「,agitado,0,0,19.75,21.5,1.75
gemma-2-2b,61,desc,freq,ja,es,calmado,「calmado」の反対は「,agitado,0,7,19.75,20.125,0.375
gemma-2-2b,61,val,desc,ja,es,calmado,「calmado」の反対は「,agitado,0,0,19.75,22.0,2.25
gemma-2-2b,61,val,val,ja,es,calmado,「calmado」の反対は「,agitado,0,0,19.75,20.375,0.625
gemma-2-2b,61,val,freq,ja,es,calmado,「calmado」の反対は「,agitado,0,6,19.75,21.0,1.25
gemma-2-2b,61,freq,desc,ja,es,calmado,「calmado」の反対は「,agitado,0,2,19.75,18.75,-1.0
gemma-2-2b,61,freq,val,ja,es,calmado,「calmado」の反対は「,agitado,0,2,19.75,19.875,0.125
gemma-2-2b,61,freq,freq,ja,es,calmado,「calmado」の反対は「,agitado,0,2,19.75,18.75,-1.0
gemma-2-2b,62,desc,desc,ja,es,correcto,「correcto」の反対は「,incorrecto,0,0,24.125,24.5,0.375
gemma-2-2b,62,desc,val,ja,es,correcto,「correcto」の反対は「,incorrecto,0,0,24.125,24.75,0.625
gemma-2-2b,62,desc,freq,ja,es,correcto,「correcto」の反対は「,incorrecto,0,0,24.125,24.125,0.0
gemma-2-2b,62,val,desc,ja,es,correcto,「correcto」の反対は「,incorrecto,0,0,24.125,25.125,1.0
gemma-2-2b,62,val,val,ja,es,correcto,「correcto」の反対は「,incorrecto,0,0,24.125,25.25,1.125
gemma-2-2b,62,val,freq,ja,es,correcto,「correcto」の反対は「,incorrecto,0,0,24.125,25.125,1.0
gemma-2-2b,62,freq,desc,ja,es,correcto,「correcto」の反対は「,incorrecto,0,0,24.125,24.25,0.125
gemma-2-2b,62,freq,val,ja,es,correcto,「correcto」の反対は「,incorrecto,0,0,24.125,24.875,0.75
gemma-2-2b,62,freq,freq,ja,es,correcto,「correcto」の反対は「,incorrecto,0,0,24.125,24.25,0.125
gemma-2-2b,63,desc,desc,ja,es,complejo,「complejo」の反対は「,simple,1,1,20.125,20.25,0.125
gemma-2-2b,63,desc,val,ja,es,complejo,「complejo」の反対は「,simple,1,2,20.125,21.75,1.625
gemma-2-2b,63,desc,freq,ja,es,complejo,「complejo」の反対は「,simple,1,8,20.125,19.75,-0.375
gemma-2-2b,63,val,desc,ja,es,complejo,「complejo」の反対は「,simple,1,2,20.125,21.625,1.5
gemma-2-2b,63,val,val,ja,es,complejo,「complejo」の反対は「,simple,1,1,20.125,21.5,1.375
gemma-2-2b,63,val,freq,ja,es,complejo,「complejo」の反対は「,simple,1,19,20.125,20.125,0.0
gemma-2-2b,63,freq,desc,ja,es,complejo,「complejo」の反対は「,simple,1,1,20.125,20.25,0.125
gemma-2-2b,63,freq,val,ja,es,complejo,「complejo」の反対は「,simple,1,1,20.125,20.875,0.75
gemma-2-2b,63,freq,freq,ja,es,complejo,「complejo」の反対は「,simple,1,1,20.125,20.25,0.125
gemma-2-2b,64,desc,desc,ja,es,efectivo,「efectivo」の反対は「,ineficaz,22,22,16.5,16.5,0.0
gemma-2-2b,64,desc,val,ja,es,efectivo,「efectivo」の反対は「,ineficaz,22,2,16.5,20.25,3.75
gemma-2-2b,64,desc,freq,ja,es,efectivo,「efectivo」の反対は「,ineficaz,22,14,16.5,18.75,2.25
gemma-2-2b,64,val,desc,ja,es,efectivo,「efectivo」の反対は「,ineficaz,22,5,16.5,20.25,3.75
gemma-2-2b,64,val,val,ja,es,efectivo,「efectivo」の反対は「,ineficaz,22,23,16.5,17.75,1.25
gemma-2-2b,64,val,freq,ja,es,efectivo,「efectivo」の反対は「,ineficaz,22,14,16.5,19.875,3.375
gemma-2-2b,64,freq,desc,ja,es,efectivo,「efectivo」の反対は「,ineficaz,22,22,16.5,16.5,0.0
gemma-2-2b,64,freq,val,ja,es,efectivo,「efectivo」の反対は「,ineficaz,22,20,16.5,17.625,1.125
gemma-2-2b,64,freq,freq,ja,es,efectivo,「efectivo」の反対は「,ineficaz,22,22,16.5,16.5,0.0
gemma-2-2b,65,desc,desc,ja,es,famoso,「famoso」の反対は「,desconocido,172,172,14.875,14.875,0.0
gemma-2-2b,65,desc,val,ja,es,famoso,「famoso」の反対は「,desconocido,172,33,14.875,18.125,3.25
gemma-2-2b,65,desc,freq,ja,es,famoso,「famoso」の反対は「,desconocido,172,21,14.875,18.75,3.875
gemma-2-2b,65,val,desc,ja,es,famoso,「famoso」の反対は「,desconocido,172,42,14.875,17.75,2.875
gemma-2-2b,65,val,val,ja,es,famoso,「famoso」の反対は「,desconocido,172,240,14.875,15.375,0.5
gemma-2-2b,65,val,freq,ja,es,famoso,「famoso」の反対は「,desconocido,172,22,14.875,19.25,4.375
gemma-2-2b,65,freq,desc,ja,es,famoso,「famoso」の反対は「,desconocido,172,300,14.875,13.875,-1.0
gemma-2-2b,65,freq,val,ja,es,famoso,「famoso」の反対は「,desconocido,172,326,14.875,14.6875,-0.1875
gemma-2-2b,65,freq,freq,ja,es,famoso,「famoso」の反対は「,desconocido,172,300,14.875,13.875,-1.0
gemma-2-2b,66,desc,desc,ja,es,generoso,「generoso」の反対は「,malo,6792,6792,10.625,10.625,0.0
gemma-2-2b,66,desc,val,ja,es,generoso,「generoso」の反対は「,malo,6792,1810,10.625,14.125,3.5
gemma-2-2b,66,desc,freq,ja,es,generoso,「generoso」の反対は「,malo,6792,5430,10.625,11.8125,1.1875
gemma-2-2b,66,val,desc,ja,es,generoso,「generoso」の反対は「,malo,6792,3519,10.625,13.0,2.375
gemma-2-2b,66,val,val,ja,es,generoso,「generoso」の反対は「,malo,6792,9047,10.625,11.125,0.5
gemma-2-2b,66,val,freq,ja,es,generoso,「generoso」の反対は「,malo,6792,6511,10.625,12.375,1.75
gemma-2-2b,66,freq,desc,ja,es,generoso,「generoso」の反対は「,malo,6792,6543,10.625,10.6875,0.0625
gemma-2-2b,66,freq,val,ja,es,generoso,「generoso」の反対は「,malo,6792,5919,10.625,11.6875,1.0625
gemma-2-2b,66,freq,freq,ja,es,generoso,「generoso」の反対は「,malo,6792,6543,10.625,10.6875,0.0625
gemma-2-2b,67,desc,desc,ja,es,contento,「contento」の反対は「,insatisfecho,6,6,20.0,20.0,0.0
gemma-2-2b,67,desc,val,ja,es,contento,「contento」の反対は「,insatisfecho,6,1,20.0,21.375,1.375
gemma-2-2b,67,desc,freq,ja,es,contento,「contento」の反対は「,insatisfecho,6,0,20.0,21.5,1.5
gemma-2-2b,67,val,desc,ja,es,contento,「contento」の反対は「,insatisfecho,6,3,20.0,21.875,1.875
gemma-2-2b,67,val,val,ja,es,contento,「contento」の反対は「,insatisfecho,6,4,20.0,21.5,1.5
gemma-2-2b,67,val,freq,ja,es,contento,「contento」の反対は「,insatisfecho,6,0,20.0,22.625,2.625
gemma-2-2b,67,freq,desc,ja,es,contento,「contento」の反対は「,insatisfecho,6,7,20.0,19.75,-0.25
gemma-2-2b,67,freq,val,ja,es,contento,「contento」の反対は「,insatisfecho,6,7,20.0,20.5,0.5
gemma-2-2b,67,freq,freq,ja,es,contento,「contento」の反対は「,insatisfecho,6,7,20.0,19.75,-0.25
gemma-2-2b,68,desc,desc,ja,es,saludable,「saludable」の反対は「,insalubre,7,7,17.75,17.75,0.0
gemma-2-2b,68,desc,val,ja,es,saludable,「saludable」の反対は「,insalubre,7,2,17.75,21.0,3.25
gemma-2-2b,68,desc,freq,ja,es,saludable,「saludable」の反対は「,insalubre,7,0,17.75,23.125,5.375
gemma-2-2b,68,val,desc,ja,es,saludable,「saludable」の反対は「,insalubre,7,2,17.75,21.125,3.375
gemma-2-2b,68,val,val,ja,es,saludable,「saludable」の反対は「,insalubre,7,7,17.75,19.375,1.625
gemma-2-2b,68,val,freq,ja,es,saludable,「saludable」の反対は「,insalubre,7,0,17.75,24.0,6.25
gemma-2-2b,68,freq,desc,ja,es,saludable,「saludable」の反対は「,insalubre,7,8,17.75,17.75,0.0
gemma-2-2b,68,freq,val,ja,es,saludable,「saludable」の反対は「,insalubre,7,9,17.75,18.25,0.5
gemma-2-2b,68,freq,freq,ja,es,saludable,「saludable」の反対は「,insalubre,7,8,17.75,17.75,0.0
gemma-2-2b,69,desc,desc,ja,es,alto,「alto」の反対は「,bajo,118,138,16.375,16.125,-0.25
gemma-2-2b,69,desc,val,ja,es,alto,「alto」の反対は「,bajo,118,86,16.375,18.125,1.75
gemma-2-2b,69,desc,freq,ja,es,alto,「alto」の反対は「,bajo,118,126,16.375,16.625,0.25
gemma-2-2b,69,val,desc,ja,es,alto,「alto」の反対は「,bajo,118,40,16.375,19.25,2.875
gemma-2-2b,69,val,val,ja,es,alto,「alto」の反対は「,bajo,118,96,16.375,18.125,1.75
gemma-2-2b,69,val,freq,ja,es,alto,「alto」の反対は「,bajo,118,97,16.375,18.0,1.625
gemma-2-2b,69,freq,desc,ja,es,alto,「alto」の反対は「,bajo,118,156,16.375,16.0,-0.375
gemma-2-2b,69,freq,val,ja,es,alto,「alto」の反対は「,bajo,118,124,16.375,17.25,0.875
gemma-2-2b,69,freq,freq,ja,es,alto,「alto」の反対は「,bajo,118,156,16.375,16.0,-0.375
gemma-2-2b,70,desc,desc,ja,es,importante,「importante」の反対は「,trivial,23,23,17.5,17.5,0.0
gemma-2-2b,70,desc,val,ja,es,importante,「importante」の反対は「,trivial,23,46,17.5,18.25,0.75
gemma-2-2b,70,desc,freq,ja,es,importante,「importante」の反対は「,trivial,23,67,17.5,17.875,0.375
gemma-2-2b,70,val,desc,ja,es,importante,「importante」の反対は「,trivial,23,27,17.5,18.5,1.0
gemma-2-2b,70,val,val,ja,es,importante,「importante」の反対は「,trivial,23,21,17.5,18.75,1.25
gemma-2-2b,70,val,freq,ja,es,importante,「importante」の反対は「,trivial,23,67,17.5,18.75,1.25
gemma-2-2b,70,freq,desc,ja,es,importante,「importante」の反対は「,trivial,23,23,17.5,17.5,0.0
gemma-2-2b,70,freq,val,ja,es,importante,「importante」の反対は「,trivial,23,41,17.5,17.75,0.25
gemma-2-2b,70,freq,freq,ja,es,importante,「importante」の反対は「,trivial,23,23,17.5,17.5,0.0
gemma-2-2b,71,desc,desc,ja,es,inocente,「inocente」の反対は「,culpable,22,22,15.0,15.0,0.0
gemma-2-2b,71,desc,val,ja,es,inocente,「inocente」の反対は「,culpable,22,5,15.0,19.875,4.875
gemma-2-2b,71,desc,freq,ja,es,inocente,「inocente」の反対は「,culpable,22,0,15.0,20.875,5.875
gemma-2-2b,71,val,desc,ja,es,inocente,「inocente」の反対は「,culpable,22,8,15.0,18.875,3.875
gemma-2-2b,71,val,val,ja,es,inocente,「inocente」の反対は「,culpable,22,24,15.0,16.125,1.125
gemma-2-2b,71,val,freq,ja,es,inocente,「inocente」の反対は「,culpable,22,0,15.0,21.375,6.375
gemma-2-2b,71,freq,desc,ja,es,inocente,「inocente」の反対は「,culpable,22,22,15.0,15.125,0.125
gemma-2-2b,71,freq,val,ja,es,inocente,「inocente」の反対は「,culpable,22,21,15.0,15.9375,0.9375
gemma-2-2b,71,freq,freq,ja,es,inocente,「inocente」の反対は「,culpable,22,22,15.0,15.125,0.125
gemma-2-2b,72,desc,desc,ja,es,conocido,「conocido」の反対は「,desconocido,56,74,16.125,15.8125,-0.3125
gemma-2-2b,72,desc,val,ja,es,conocido,「conocido」の反対は「,desconocido,56,16,16.125,18.25,2.125
gemma-2-2b,72,desc,freq,ja,es,conocido,「conocido」の反対は「,desconocido,56,22,16.125,17.75,1.625
gemma-2-2b,72,val,desc,ja,es,conocido,「conocido」の反対は「,desconocido,56,16,16.125,18.5,2.375
gemma-2-2b,72,val,val,ja,es,conocido,「conocido」の反対は「,desconocido,56,87,16.125,16.625,0.5
gemma-2-2b,72,val,freq,ja,es,conocido,「conocido」の反対は「,desconocido,56,27,16.125,18.25,2.125
gemma-2-2b,72,freq,desc,ja,es,conocido,「conocido」の反対は「,desconocido,56,125,16.125,14.875,-1.25
gemma-2-2b,72,freq,val,ja,es,conocido,「conocido」の反対は「,desconocido,56,108,16.125,15.9375,-0.1875
gemma-2-2b,72,freq,freq,ja,es,conocido,「conocido」の反対は「,desconocido,56,125,16.125,14.875,-1.25
gemma-2-2b,73,desc,desc,ja,es,masculino,「masculino」の反対は「,femenino,3,3,19.875,19.75,-0.125
gemma-2-2b,73,desc,val,ja,es,masculino,「masculino」の反対は「,femenino,3,2,19.875,21.5,1.625
gemma-2-2b,73,desc,freq,ja,es,masculino,「masculino」の反対は「,femenino,3,3,19.875,20.375,0.5
gemma-2-2b,73,val,desc,ja,es,masculino,「masculino」の反対は「,femenino,3,4,19.875,21.375,1.5
gemma-2-2b,73,val,val,ja,es,masculino,「masculino」の反対は「,femenino,3,3,19.875,21.375,1.5
gemma-2-2b,73,val,freq,ja,es,masculino,「masculino」の反対は「,femenino,3,3,19.875,21.375,1.5
gemma-2-2b,73,freq,desc,ja,es,masculino,「masculino」の反対は「,femenino,3,3,19.875,19.875,0.0
gemma-2-2b,73,freq,val,ja,es,masculino,「masculino」の反対は「,femenino,3,3,19.875,20.875,1.0
gemma-2-2b,73,freq,freq,ja,es,masculino,「masculino」の反対は「,femenino,3,3,19.875,19.875,0.0
gemma-2-2b,74,desc,desc,ja,es,normal,「normal」の反対は「,anormal,29,29,19.75,19.75,0.0
gemma-2-2b,74,desc,val,ja,es,normal,「normal」の反対は「,anormal,29,15,19.75,21.0,1.25
gemma-2-2b,74,desc,freq,ja,es,normal,「normal」の反対は「,anormal,29,4,19.75,20.25,0.5
gemma-2-2b,74,val,desc,ja,es,normal,「normal」の反対は「,anormal,29,25,19.75,21.0,1.25
gemma-2-2b,74,val,val,ja,es,normal,「normal」の反対は「,anormal,29,28,19.75,20.75,1.0
gemma-2-2b,74,val,freq,ja,es,normal,「normal」の反対は「,anormal,29,4,19.75,21.375,1.625
gemma-2-2b,74,freq,desc,ja,es,normal,「normal」の反対は「,anormal,29,25,19.75,19.875,0.125
gemma-2-2b,74,freq,val,ja,es,normal,「normal」の反対は「,anormal,29,21,19.75,20.375,0.625
gemma-2-2b,74,freq,freq,ja,es,normal,「normal」の反対は「,anormal,29,25,19.75,19.875,0.125
gemma-2-2b,75,desc,desc,ja,es,posible,「posible」の反対は「,imposible,3,3,21.25,21.25,0.0
gemma-2-2b,75,desc,val,ja,es,posible,「posible」の反対は「,imposible,3,3,21.25,23.0,1.75
gemma-2-2b,75,desc,freq,ja,es,posible,「posible」の反対は「,imposible,3,0,21.25,23.375,2.125
gemma-2-2b,75,val,desc,ja,es,posible,「posible」の反対は「,imposible,3,3,21.25,22.875,1.625
gemma-2-2b,75,val,val,ja,es,posible,「posible」の反対は「,imposible,3,4,21.25,22.25,1.0
gemma-2-2b,75,val,freq,ja,es,posible,「posible」の反対は「,imposible,3,0,21.25,23.75,2.5
gemma-2-2b,75,freq,desc,ja,es,posible,「posible」の反対は「,imposible,3,3,21.25,21.125,-0.125
gemma-2-2b,75,freq,val,ja,es,posible,「posible」の反対は「,imposible,3,3,21.25,21.75,0.5
gemma-2-2b,75,freq,freq,ja,es,posible,「posible」の反対は「,imposible,3,3,21.25,21.125,-0.125
gemma-2-2b,76,desc,desc,ja,es,privado,「privado」の反対は「,público,19,19,15.5,15.5,0.0
gemma-2-2b,76,desc,val,ja,es,privado,「privado」の反対は「,público,19,9,15.5,18.625,3.125
gemma-2-2b,76,desc,freq,ja,es,privado,「privado」の反対は「,público,19,9,15.5,18.0,2.5
gemma-2-2b,76,val,desc,ja,es,privado,「privado」の反対は「,público,19,15,15.5,17.5,2.0
gemma-2-2b,76,val,val,ja,es,privado,「privado」の反対は「,público,19,17,15.5,17.25,1.75
gemma-2-2b,76,val,freq,ja,es,privado,「privado」の反対は「,público,19,4,15.5,19.25,3.75
gemma-2-2b,76,freq,desc,ja,es,privado,「privado」の反対は「,público,19,18,15.5,15.5625,0.0625
gemma-2-2b,76,freq,val,ja,es,privado,「privado」の反対は「,público,19,19,15.5,16.625,1.125
gemma-2-2b,76,freq,freq,ja,es,privado,「privado」の反対は「,público,19,18,15.5,15.5625,0.0625
gemma-2-2b,77,desc,desc,ja,es,correcto,「correcto」の反対は「,incorrecto,0,0,24.125,24.5,0.375
gemma-2-2b,77,desc,val,ja,es,correcto,「correcto」の反対は「,incorrecto,0,0,24.125,24.75,0.625
gemma-2-2b,77,desc,freq,ja,es,correcto,「correcto」の反対は「,incorrecto,0,0,24.125,24.125,0.0
gemma-2-2b,77,val,desc,ja,es,correcto,「correcto」の反対は「,incorrecto,0,0,24.125,25.125,1.0
gemma-2-2b,77,val,val,ja,es,correcto,「correcto」の反対は「,incorrecto,0,0,24.125,25.25,1.125
gemma-2-2b,77,val,freq,ja,es,correcto,「correcto」の反対は「,incorrecto,0,0,24.125,25.125,1.0
gemma-2-2b,77,freq,desc,ja,es,correcto,「correcto」の反対は「,incorrecto,0,0,24.125,24.25,0.125
gemma-2-2b,77,freq,val,ja,es,correcto,「correcto」の反対は「,incorrecto,0,0,24.125,24.875,0.75
gemma-2-2b,77,freq,freq,ja,es,correcto,「correcto」の反対は「,incorrecto,0,0,24.125,24.25,0.125
gemma-2-2b,78,desc,desc,ja,es,sencillo,「sencillo」の反対は「,complejo,3,5,22.0,21.25,-0.75
gemma-2-2b,78,desc,val,ja,es,sencillo,「sencillo」の反対は「,complejo,3,2,22.0,22.375,0.375
gemma-2-2b,78,desc,freq,ja,es,sencillo,「sencillo」の反対は「,complejo,3,10,22.0,20.125,-1.875
gemma-2-2b,78,val,desc,ja,es,sencillo,「sencillo」の反対は「,complejo,3,5,22.0,22.0,0.0
gemma-2-2b,78,val,val,ja,es,sencillo,「sencillo」の反対は「,complejo,3,16,22.0,21.5,-0.5
gemma-2-2b,78,val,freq,ja,es,sencillo,「sencillo」の反対は「,complejo,3,16,22.0,20.25,-1.75
gemma-2-2b,78,freq,desc,ja,es,sencillo,「sencillo」の反対は「,complejo,3,11,22.0,20.5,-1.5
gemma-2-2b,78,freq,val,ja,es,sencillo,「sencillo」の反対は「,complejo,3,15,22.0,20.875,-1.125
gemma-2-2b,78,freq,freq,ja,es,sencillo,「sencillo」の反対は「,complejo,3,11,22.0,20.5,-1.5
gemma-2-2b,79,desc,desc,ja,es,dulce,「dulce」の反対は「,agrio,55,57,14.6875,14.6875,0.0
gemma-2-2b,79,desc,val,ja,es,dulce,「dulce」の反対は「,agrio,55,15,14.6875,17.75,3.0625
gemma-2-2b,79,desc,freq,ja,es,dulce,「dulce」の反対は「,agrio,55,11,14.6875,17.75,3.0625
gemma-2-2b,79,val,desc,ja,es,dulce,「dulce」の反対は「,agrio,55,24,14.6875,17.875,3.1875
gemma-2-2b,79,val,val,ja,es,dulce,「dulce」の反対は「,agrio,55,58,14.6875,16.125,1.4375
gemma-2-2b,79,val,freq,ja,es,dulce,「dulce」の反対は「,agrio,55,19,14.6875,18.125,3.4375
gemma-2-2b,79,freq,desc,ja,es,dulce,「dulce」の反対は「,agrio,55,60,14.6875,14.6875,0.0
gemma-2-2b,79,freq,val,ja,es,dulce,「dulce」の反対は「,agrio,55,53,14.6875,15.5625,0.875
gemma-2-2b,79,freq,freq,ja,es,dulce,「dulce」の反対は「,agrio,55,60,14.6875,14.6875,0.0
gemma-2-2b,80,desc,desc,ja,es,visible,「visible」の反対は「,invisible,0,0,23.125,23.125,0.0
gemma-2-2b,80,desc,val,ja,es,visible,「visible」の反対は「,invisible,0,0,23.125,23.75,0.625
gemma-2-2b,80,desc,freq,ja,es,visible,「visible」の反対は「,invisible,0,0,23.125,22.375,-0.75
gemma-2-2b,80,val,desc,ja,es,visible,「visible」の反対は「,invisible,0,0,23.125,24.125,1.0
gemma-2-2b,80,val,val,ja,es,visible,「visible」の反対は「,invisible,0,0,23.125,23.875,0.75
gemma-2-2b,80,val,freq,ja,es,visible,「visible」の反対は「,invisible,0,0,23.125,23.375,0.25
gemma-2-2b,80,freq,desc,ja,es,visible,「visible」の反対は「,invisible,0,0,23.125,23.125,0.0
gemma-2-2b,80,freq,val,ja,es,visible,「visible」の反対は「,invisible,0,0,23.125,23.375,0.25
gemma-2-2b,80,freq,freq,ja,es,visible,「visible」の反対は「,invisible,0,0,23.125,23.125,0.0
gemma-2-2b,81,desc,desc,ja,es,cálido,「cálido」の反対は「,frío,0,0,20.875,20.75,-0.125
gemma-2-2b,81,desc,val,ja,es,cálido,「cálido」の反対は「,frío,0,0,20.875,22.25,1.375
gemma-2-2b,81,desc,freq,ja,es,cálido,「cálido」の反対は「,frío,0,0,20.875,22.625,1.75
gemma-2-2b,81,val,desc,ja,es,cálido,「cálido」の反対は「,frío,0,0,20.875,23.0,2.125
gemma-2-2b,81,val,val,ja,es,cálido,「cálido」の反対は「,frío,0,1,20.875,21.0,0.125
gemma-2-2b,81,val,freq,ja,es,cálido,「cálido」の反対は「,frío,0,0,20.875,23.5,2.625
gemma-2-2b,81,freq,desc,ja,es,cálido,「cálido」の反対は「,frío,0,0,20.875,19.5,-1.375
gemma-2-2b,81,freq,val,ja,es,cálido,「cálido」の反対は「,frío,0,0,20.875,20.625,-0.25
gemma-2-2b,81,freq,freq,ja,es,cálido,「cálido」の反対は「,frío,0,0,20.875,19.5,-1.375
gemma-2-2b,82,desc,desc,ja,es,liso,「liso」の反対は「,irregular,2743,2743,14.125,14.125,0.0
gemma-2-2b,82,desc,val,ja,es,liso,「liso」の反対は「,irregular,2743,9560,14.125,13.5625,-0.5625
gemma-2-2b,82,desc,freq,ja,es,liso,「liso」の反対は「,irregular,2743,3485,14.125,14.3125,0.1875
gemma-2-2b,82,val,desc,ja,es,liso,「liso」の反対は「,irregular,2743,712,14.125,17.25,3.125
gemma-2-2b,82,val,val,ja,es,liso,「liso」の反対は「,irregular,2743,2256,14.125,15.5,1.375
gemma-2-2b,82,val,freq,ja,es,liso,「liso」の反対は「,irregular,2743,378,14.125,18.25,4.125
gemma-2-2b,82,freq,desc,ja,es,liso,「liso」の反対は「,irregular,2743,2584,14.125,14.125,0.0
gemma-2-2b,82,freq,val,ja,es,liso,「liso」の反対は「,irregular,2743,5493,14.125,13.875,-0.25
gemma-2-2b,82,freq,freq,ja,es,liso,「liso」の反対は「,irregular,2743,2584,14.125,14.125,0.0
gemma-2-2b,83,desc,desc,ja,es,delgado,「delgado」の反対は「,grueso,282,394,17.375,17.0,-0.375
gemma-2-2b,83,desc,val,ja,es,delgado,「delgado」の反対は「,grueso,282,92,17.375,19.75,2.375
gemma-2-2b,83,desc,freq,ja,es,delgado,「delgado」の反対は「,grueso,282,186,17.375,17.75,0.375
gemma-2-2b,83,val,desc,ja,es,delgado,「delgado」の反対は「,grueso,282,183,17.375,18.875,1.5
gemma-2-2b,83,val,val,ja,es,delgado,「delgado」の反対は「,grueso,282,278,17.375,18.25,0.875
gemma-2-2b,83,val,freq,ja,es,delgado,「delgado」の反対は「,grueso,282,194,17.375,18.25,0.875
gemma-2-2b,83,freq,desc,ja,es,delgado,「delgado」の反対は「,grueso,282,353,17.375,17.125,-0.25
gemma-2-2b,83,freq,val,ja,es,delgado,「delgado」の反対は「,grueso,282,281,17.375,18.0,0.625
gemma-2-2b,83,freq,freq,ja,es,delgado,「delgado」の反対は「,grueso,282,353,17.375,17.125,-0.25
gemma-2-2b,84,desc,desc,ja,es,alto,「alto」の反対は「,bajo,118,138,16.375,16.125,-0.25
gemma-2-2b,84,desc,val,ja,es,alto,「alto」の反対は「,bajo,118,86,16.375,18.125,1.75
gemma-2-2b,84,desc,freq,ja,es,alto,「alto」の反対は「,bajo,118,125,16.375,16.625,0.25
gemma-2-2b,84,val,desc,ja,es,alto,「alto」の反対は「,bajo,118,40,16.375,19.25,2.875
gemma-2-2b,84,val,val,ja,es,alto,「alto」の反対は「,bajo,118,96,16.375,18.125,1.75
gemma-2-2b,84,val,freq,ja,es,alto,「alto」の反対は「,bajo,118,91,16.375,18.125,1.75
gemma-2-2b,84,freq,desc,ja,es,alto,「alto」の反対は「,bajo,118,156,16.375,16.0,-0.375
gemma-2-2b,84,freq,val,ja,es,alto,「alto」の反対は「,bajo,118,124,16.375,17.25,0.875
gemma-2-2b,84,freq,freq,ja,es,alto,「alto」の反対は「,bajo,118,156,16.375,16.0,-0.375
gemma-2-2b,85,desc,desc,ja,es,casado,「casado」の反対は「,soltero,2,1,22.375,22.375,0.0
gemma-2-2b,85,desc,val,ja,es,casado,「casado」の反対は「,soltero,2,1,22.375,23.625,1.25
gemma-2-2b,85,desc,freq,ja,es,casado,「casado」の反対は「,soltero,2,17,22.375,20.125,-2.25
gemma-2-2b,85,val,desc,ja,es,casado,「casado」の反対は「,soltero,2,1,22.375,23.875,1.5
gemma-2-2b,85,val,val,ja,es,casado,「casado」の反対は「,soltero,2,3,22.375,23.5,1.125
gemma-2-2b,85,val,freq,ja,es,casado,「casado」の反対は「,soltero,2,18,22.375,21.25,-1.125
gemma-2-2b,85,freq,desc,ja,es,casado,「casado」の反対は「,soltero,2,3,22.375,22.0,-0.375
gemma-2-2b,85,freq,val,ja,es,casado,「casado」の反対は「,soltero,2,2,22.375,22.875,0.5
gemma-2-2b,85,freq,freq,ja,es,casado,「casado」の反対は「,soltero,2,3,22.375,22.0,-0.375
gemma-2-2b,86,desc,desc,ja,es,optimista,「optimista」の反対は「,pesimista,0,0,23.0,23.0,0.0
gemma-2-2b,86,desc,val,ja,es,optimista,「optimista」の反対は「,pesimista,0,0,23.0,23.625,0.625
gemma-2-2b,86,desc,freq,ja,es,optimista,「optimista」の反対は「,pesimista,0,0,23.0,24.25,1.25
gemma-2-2b,86,val,desc,ja,es,optimista,「optimista」の反対は「,pesimista,0,0,23.0,24.125,1.125
gemma-2-2b,86,val,val,ja,es,optimista,「optimista」の反対は「,pesimista,0,0,23.0,24.125,1.125
gemma-2-2b,86,val,freq,ja,es,optimista,「optimista」の反対は「,pesimista,0,0,23.0,25.25,2.25
gemma-2-2b,86,freq,desc,ja,es,optimista,「optimista」の反対は「,pesimista,0,0,23.0,22.875,-0.125
gemma-2-2b,86,freq,val,ja,es,optimista,「optimista」の反対は「,pesimista,0,0,23.0,23.5,0.5
gemma-2-2b,86,freq,freq,ja,es,optimista,「optimista」の反対は「,pesimista,0,0,23.0,22.875,-0.125
gemma-2-2b,87,desc,desc,ja,es,permanente,「permanente」の反対は「,temporal,13,13,18.125,18.125,0.0
gemma-2-2b,87,desc,val,ja,es,permanente,「permanente」の反対は「,temporal,13,13,18.125,19.875,1.75
gemma-2-2b,87,desc,freq,ja,es,permanente,「permanente」の反対は「,temporal,13,1,18.125,20.375,2.25
gemma-2-2b,87,val,desc,ja,es,permanente,「permanente」の反対は「,temporal,13,9,18.125,20.0,1.875
gemma-2-2b,87,val,val,ja,es,permanente,「permanente」の反対は「,temporal,13,9,18.125,19.875,1.75
gemma-2-2b,87,val,freq,ja,es,permanente,「permanente」の反対は「,temporal,13,2,18.125,21.125,3.0
gemma-2-2b,87,freq,desc,ja,es,permanente,「permanente」の反対は「,temporal,13,13,18.125,18.25,0.125
gemma-2-2b,87,freq,val,ja,es,permanente,「permanente」の反対は「,temporal,13,18,18.125,18.75,0.625
gemma-2-2b,87,freq,freq,ja,es,permanente,「permanente」の反対は「,temporal,13,13,18.125,18.25,0.125
gemma-2-2b,88,desc,desc,ja,es,presente,「presente」の反対は「,pasado,3,3,20.875,20.625,-0.25
gemma-2-2b,88,desc,val,ja,es,presente,「presente」の反対は「,pasado,3,1,20.875,21.75,0.875
gemma-2-2b,88,desc,freq,ja,es,presente,「presente」の反対は「,pasado,3,0,20.875,22.375,1.5
gemma-2-2b,88,val,desc,ja,es,presente,「presente」の反対は「,pasado,3,3,20.875,21.875,1.0
gemma-2-2b,88,val,val,ja,es,presente,「presente」の反対は「,pasado,3,3,20.875,21.625,0.75
gemma-2-2b,88,val,freq,ja,es,presente,「presente」の反対は「,pasado,3,0,20.875,23.0,2.125
gemma-2-2b,88,freq,desc,ja,es,presente,「presente」の反対は「,pasado,3,4,20.875,20.0,-0.875
gemma-2-2b,88,freq,val,ja,es,presente,「presente」の反対は「,pasado,3,5,20.875,20.75,-0.125
gemma-2-2b,88,freq,freq,ja,es,presente,「presente」の反対は「,pasado,3,4,20.875,20.0,-0.875
gemma-2-2b,89,desc,desc,ja,es,público,「público」の反対は「,privado,1,1,19.125,19.125,0.0
gemma-2-2b,89,desc,val,ja,es,público,「público」の反対は「,privado,1,0,19.125,21.0,1.875
gemma-2-2b,89,desc,freq,ja,es,público,「público」の反対は「,privado,1,6,19.125,18.875,-0.25
gemma-2-2b,89,val,desc,ja,es,público,「público」の反対は「,privado,1,0,19.125,21.5,2.375
gemma-2-2b,89,val,val,ja,es,público,「público」の反対は「,privado,1,1,19.125,20.75,1.625
gemma-2-2b,89,val,freq,ja,es,público,「público」の反対は「,privado,1,9,19.125,19.875,0.75
gemma-2-2b,89,freq,desc,ja,es,público,「público」の反対は「,privado,1,2,19.125,18.75,-0.375
gemma-2-2b,89,freq,val,ja,es,público,「público」の反対は「,privado,1,2,19.125,19.75,0.625
gemma-2-2b,89,freq,freq,ja,es,público,「público」の反対は「,privado,1,2,19.125,18.75,-0.375
gemma-2-2b,90,desc,desc,ja,es,real,「real」の反対は「,irreal,39,39,17.5,17.5,0.0
gemma-2-2b,90,desc,val,ja,es,real,「real」の反対は「,irreal,39,16,17.5,19.75,2.25
gemma-2-2b,90,desc,freq,ja,es,real,「real」の反対は「,irreal,39,31,17.5,17.75,0.25
gemma-2-2b,90,val,desc,ja,es,real,「real」の反対は「,irreal,39,40,17.5,19.125,1.625
gemma-2-2b,90,val,val,ja,es,real,「real」の反対は「,irreal,39,51,17.5,18.375,0.875
gemma-2-2b,90,val,freq,ja,es,real,「real」の反対は「,irreal,39,38,17.5,18.25,0.75
gemma-2-2b,90,freq,desc,ja,es,real,「real」の反対は「,irreal,39,39,17.5,17.5,0.0
gemma-2-2b,90,freq,val,ja,es,real,「real」の反対は「,irreal,39,43,17.5,18.125,0.625
gemma-2-2b,90,freq,freq,ja,es,real,「real」の反対は「,irreal,39,39,17.5,17.5,0.0
gemma-2-2b,91,desc,desc,ja,es,responsable,「responsable」の反対は「,irresponsable,2,2,22.125,22.125,0.0
gemma-2-2b,91,desc,val,ja,es,responsable,「responsable」の反対は「,irresponsable,2,0,22.125,24.0,1.875
gemma-2-2b,91,desc,freq,ja,es,responsable,「responsable」の反対は「,irresponsable,2,1,22.125,22.5,0.375
gemma-2-2b,91,val,desc,ja,es,responsable,「responsable」の反対は「,irresponsable,2,1,22.125,23.5,1.375
gemma-2-2b,91,val,val,ja,es,responsable,「responsable」の反対は「,irresponsable,2,2,22.125,23.0,0.875
gemma-2-2b,91,val,freq,ja,es,responsable,「responsable」の反対は「,irresponsable,2,4,22.125,22.375,0.25
gemma-2-2b,91,freq,desc,ja,es,responsable,「responsable」の反対は「,irresponsable,2,2,22.125,22.125,0.0
gemma-2-2b,91,freq,val,ja,es,responsable,「responsable」の反対は「,irresponsable,2,1,22.125,22.875,0.75
gemma-2-2b,91,freq,freq,ja,es,responsable,「responsable」の反対は「,irresponsable,2,2,22.125,22.125,0.0
gemma-2-2b,92,desc,desc,ja,es,soltero,「soltero」の反対は「,casado,2,4,17.875,17.5,-0.375
gemma-2-2b,92,desc,val,ja,es,soltero,「soltero」の反対は「,casado,2,1,17.875,20.125,2.25
gemma-2-2b,92,desc,freq,ja,es,soltero,「soltero」の反対は「,casado,2,0,17.875,20.875,3.0
gemma-2-2b,92,val,desc,ja,es,soltero,「soltero」の反対は「,casado,2,2,17.875,19.75,1.875
gemma-2-2b,92,val,val,ja,es,soltero,「soltero」の反対は「,casado,2,17,17.875,17.625,-0.25
gemma-2-2b,92,val,freq,ja,es,soltero,「soltero」の反対は「,casado,2,0,17.875,21.125,3.25
gemma-2-2b,92,freq,desc,ja,es,soltero,「soltero」の反対は「,casado,2,9,17.875,15.9375,-1.9375
gemma-2-2b,92,freq,val,ja,es,soltero,「soltero」の反対は「,casado,2,21,17.875,16.375,-1.5
gemma-2-2b,92,freq,freq,ja,es,soltero,「soltero」の反対は「,casado,2,9,17.875,15.9375,-1.9375
gemma-2-2b,93,desc,desc,ja,es,agrio,「agrio」の反対は「,dulce,11774,11774,12.1875,12.1875,0.0
gemma-2-2b,93,desc,val,ja,es,agrio,「agrio」の反対は「,dulce,11774,9059,12.1875,13.75,1.5625
gemma-2-2b,93,desc,freq,ja,es,agrio,「agrio」の反対は「,dulce,11774,4706,12.1875,13.875,1.6875
gemma-2-2b,93,val,desc,ja,es,agrio,「agrio」の反対は「,dulce,11774,6902,12.1875,14.25,2.0625
gemma-2-2b,93,val,val,ja,es,agrio,「agrio」の反対は「,dulce,11774,9297,12.1875,13.625,1.4375
gemma-2-2b,93,val,freq,ja,es,agrio,「agrio」の反対は「,dulce,11774,2398,12.1875,15.5625,3.375
gemma-2-2b,93,freq,desc,ja,es,agrio,「agrio」の反対は「,dulce,11774,10134,12.1875,12.375,0.1875
gemma-2-2b,93,freq,val,ja,es,agrio,「agrio」の反対は「,dulce,11774,9258,12.1875,13.25,1.0625
gemma-2-2b,93,freq,freq,ja,es,agrio,「agrio」の反対は「,dulce,11774,10134,12.1875,12.375,0.1875
gemma-2-2b,94,desc,desc,ja,es,útil,「útil」の反対は「,inútil,1,1,23.0,23.125,0.125
gemma-2-2b,94,desc,val,ja,es,útil,「útil」の反対は「,inútil,1,1,23.0,23.5,0.5
gemma-2-2b,94,desc,freq,ja,es,útil,「útil」の反対は「,inútil,1,0,23.0,22.25,-0.75
gemma-2-2b,94,val,desc,ja,es,útil,「útil」の反対は「,inútil,1,1,23.0,23.875,0.875
gemma-2-2b,94,val,val,ja,es,útil,「útil」の反対は「,inútil,1,1,23.0,23.875,0.875
gemma-2-2b,94,val,freq,ja,es,útil,「útil」の反対は「,inútil,1,0,23.0,23.25,0.25
gemma-2-2b,94,freq,desc,ja,es,útil,「útil」の反対は「,inútil,1,1,23.0,22.75,-0.25
gemma-2-2b,94,freq,val,ja,es,útil,「útil」の反対は「,inútil,1,1,23.0,23.375,0.375
gemma-2-2b,94,freq,freq,ja,es,útil,「útil」の反対は「,inútil,1,1,23.0,22.75,-0.25
gemma-2-2b,95,desc,desc,ja,es,vertical,「vertical」の反対は「,horizontal,0,0,22.75,22.75,0.0
gemma-2-2b,95,desc,val,ja,es,vertical,「vertical」の反対は「,horizontal,0,0,22.75,23.375,0.625
gemma-2-2b,95,desc,freq,ja,es,vertical,「vertical」の反対は「,horizontal,0,0,22.75,21.5,-1.25
gemma-2-2b,95,val,desc,ja,es,vertical,「vertical」の反対は「,horizontal,0,0,22.75,24.25,1.5
gemma-2-2b,95,val,val,ja,es,vertical,「vertical」の反対は「,horizontal,0,0,22.75,24.125,1.375
gemma-2-2b,95,val,freq,ja,es,vertical,「vertical」の反対は「,horizontal,0,0,22.75,22.375,-0.375
gemma-2-2b,95,freq,desc,ja,es,vertical,「vertical」の反対は「,horizontal,0,0,22.75,22.75,0.0
gemma-2-2b,95,freq,val,ja,es,vertical,「vertical」の反対は「,horizontal,0,0,22.75,23.5,0.75
gemma-2-2b,95,freq,freq,ja,es,vertical,「vertical」の反対は「,horizontal,0,0,22.75,22.75,0.0
gemma-2-2b,96,desc,desc,ja,es,bien,「bien」の反対は「,mal,16,16,15.5625,15.5625,0.0
gemma-2-2b,96,desc,val,ja,es,bien,「bien」の反対は「,mal,16,1,15.5625,19.125,3.5625
gemma-2-2b,96,desc,freq,ja,es,bien,「bien」の反対は「,mal,16,0,15.5625,18.875,3.3125
gemma-2-2b,96,val,desc,ja,es,bien,「bien」の反対は「,mal,16,1,15.5625,19.25,3.6875
gemma-2-2b,96,val,val,ja,es,bien,「bien」の反対は「,mal,16,14,15.5625,16.875,1.3125
gemma-2-2b,96,val,freq,ja,es,bien,「bien」の反対は「,mal,16,1,15.5625,20.25,4.6875
gemma-2-2b,96,freq,desc,ja,es,bien,「bien」の反対は「,mal,16,23,15.5625,15.0,-0.5625
gemma-2-2b,96,freq,val,ja,es,bien,「bien」の反対は「,mal,16,19,15.5625,16.125,0.5625
gemma-2-2b,96,freq,freq,ja,es,bien,「bien」の反対は「,mal,16,23,15.5625,15.0,-0.5625
gemma-2-2b,97,desc,desc,ja,es,ganador,「ganador」の反対は「,perdedor,2,2,19.125,19.125,0.0
gemma-2-2b,97,desc,val,ja,es,ganador,「ganador」の反対は「,perdedor,2,2,19.125,20.0,0.875
gemma-2-2b,97,desc,freq,ja,es,ganador,「ganador」の反対は「,perdedor,2,0,19.125,22.0,2.875
gemma-2-2b,97,val,desc,ja,es,ganador,「ganador」の反対は「,perdedor,2,1,19.125,21.5,2.375
gemma-2-2b,97,val,val,ja,es,ganador,「ganador」の反対は「,perdedor,2,13,19.125,18.875,-0.25
gemma-2-2b,97,val,freq,ja,es,ganador,「ganador」の反対は「,perdedor,2,0,19.125,23.625,4.5
gemma-2-2b,97,freq,desc,ja,es,ganador,「ganador」の反対は「,perdedor,2,10,19.125,17.375,-1.75
gemma-2-2b,97,freq,val,ja,es,ganador,「ganador」の反対は「,perdedor,2,11,19.125,18.0,-1.125
gemma-2-2b,97,freq,freq,ja,es,ganador,「ganador」の反対は「,perdedor,2,10,19.125,17.375,-1.75
gemma-2-2b,98,desc,desc,ja,es,desagradable,「desagradable」の反対は「,amable,34,86,20.75,19.625,-1.125
gemma-2-2b,98,desc,val,ja,es,desagradable,「desagradable」の反対は「,amable,34,30,20.75,21.5,0.75
gemma-2-2b,98,desc,freq,ja,es,desagradable,「desagradable」の反対は「,amable,34,64,20.75,19.25,-1.5
gemma-2-2b,98,val,desc,ja,es,desagradable,「desagradable」の反対は「,amable,34,51,20.75,20.75,0.0
gemma-2-2b,98,val,val,ja,es,desagradable,「desagradable」の反対は「,amable,34,99,20.75,20.25,-0.5
gemma-2-2b,98,val,freq,ja,es,desagradable,「desagradable」の反対は「,amable,34,81,20.75,19.25,-1.5
gemma-2-2b,98,freq,desc,ja,es,desagradable,「desagradable」の反対は「,amable,34,150,20.75,18.875,-1.875
gemma-2-2b,98,freq,val,ja,es,desagradable,「desagradable」の反対は「,amable,34,104,20.75,19.875,-0.875
gemma-2-2b,98,freq,freq,ja,es,desagradable,「desagradable」の反対は「,amable,34,150,20.75,18.875,-1.875
gemma-2-2b,99,desc,desc,ja,es,cobarde,「cobarde」の反対は「,valiente,4,5,19.75,19.625,-0.125
gemma-2-2b,99,desc,val,ja,es,cobarde,「cobarde」の反対は「,valiente,4,2,19.75,21.625,1.875
gemma-2-2b,99,desc,freq,ja,es,cobarde,「cobarde」の反対は「,valiente,4,0,19.75,21.375,1.625
gemma-2-2b,99,val,desc,ja,es,cobarde,「cobarde」の反対は「,valiente,4,5,19.75,20.875,1.125
gemma-2-2b,99,val,val,ja,es,cobarde,「cobarde」の反対は「,valiente,4,7,19.75,20.375,0.625
gemma-2-2b,99,val,freq,ja,es,cobarde,「cobarde」の反対は「,valiente,4,2,19.75,21.5,1.75
gemma-2-2b,99,freq,desc,ja,es,cobarde,「cobarde」の反対は「,valiente,4,7,19.75,19.5,-0.25
gemma-2-2b,99,freq,val,ja,es,cobarde,「cobarde」の反対は「,valiente,4,6,19.75,20.125,0.375
gemma-2-2b,99,freq,freq,ja,es,cobarde,「cobarde」の反対は「,valiente,4,7,19.75,19.5,-0.25
gemma-2-2b,0,desc,desc,ja,fr,bon,「bon」の反対は「,mauvais,271,325,15.25,15.0,-0.25
gemma-2-2b,0,desc,val,ja,fr,bon,「bon」の反対は「,mauvais,271,308,15.25,13.625,-1.625
gemma-2-2b,0,desc,freq,ja,fr,bon,「bon」の反対は「,mauvais,271,488,15.25,14.875,-0.375
gemma-2-2b,0,val,desc,ja,fr,bon,「bon」の反対は「,mauvais,271,44,15.25,18.375,3.125
gemma-2-2b,0,val,val,ja,fr,bon,「bon」の反対は「,mauvais,271,301,15.25,16.5,1.25
gemma-2-2b,0,val,freq,ja,fr,bon,「bon」の反対は「,mauvais,271,634,15.25,15.5625,0.3125
gemma-2-2b,0,freq,desc,ja,fr,bon,「bon」の反対は「,mauvais,271,195,15.25,15.8125,0.5625
gemma-2-2b,0,freq,val,ja,fr,bon,「bon」の反対は「,mauvais,271,578,15.25,12.6875,-2.5625
gemma-2-2b,0,freq,freq,ja,fr,bon,「bon」の反対は「,mauvais,271,306,15.25,15.125,-0.125
gemma-2-2b,1,desc,desc,ja,fr,heureux,「heureux」の反対は「,malheureux,1,1,20.875,20.625,-0.25
gemma-2-2b,1,desc,val,ja,fr,heureux,「heureux」の反対は「,malheureux,1,1,20.875,20.0,-0.875
gemma-2-2b,1,desc,freq,ja,fr,heureux,「heureux」の反対は「,malheureux,1,1,20.875,21.625,0.75
gemma-2-2b,1,val,desc,ja,fr,heureux,「heureux」の反対は「,malheureux,1,1,20.875,21.75,0.875
gemma-2-2b,1,val,val,ja,fr,heureux,「heureux」の反対は「,malheureux,1,1,20.875,21.5,0.625
gemma-2-2b,1,val,freq,ja,fr,heureux,「heureux」の反対は「,malheureux,1,2,20.875,21.75,0.875
gemma-2-2b,1,freq,desc,ja,fr,heureux,「heureux」の反対は「,malheureux,1,1,20.875,20.75,-0.125
gemma-2-2b,1,freq,val,ja,fr,heureux,「heureux」の反対は「,malheureux,1,1,20.875,19.375,-1.5
gemma-2-2b,1,freq,freq,ja,fr,heureux,「heureux」の反対は「,malheureux,1,1,20.875,20.5,-0.375
gemma-2-2b,2,desc,desc,ja,fr,grand,「grand」の反対は「,petit,1,2,23.0,22.75,-0.25
gemma-2-2b,2,desc,val,ja,fr,grand,「grand」の反対は「,petit,1,2,23.0,21.25,-1.75
gemma-2-2b,2,desc,freq,ja,fr,grand,「grand」の反対は「,petit,1,3,23.0,21.5,-1.5
gemma-2-2b,2,val,desc,ja,fr,grand,「grand」の反対は「,petit,1,2,23.0,23.125,0.125
gemma-2-2b,2,val,val,ja,fr,grand,「grand」の反対は「,petit,1,2,23.0,23.5,0.5
gemma-2-2b,2,val,freq,ja,fr,grand,「grand」の反対は「,petit,1,1,23.0,22.125,-0.875
gemma-2-2b,2,freq,desc,ja,fr,grand,「grand」の反対は「,petit,1,2,23.0,22.625,-0.375
gemma-2-2b,2,freq,val,ja,fr,grand,「grand」の反対は「,petit,1,2,23.0,21.5,-1.5
gemma-2-2b,2,freq,freq,ja,fr,grand,「grand」の反対は「,petit,1,2,23.0,22.75,-0.25
gemma-2-2b,3,desc,desc,ja,fr,chaud,「chaud」の反対は「,froid,6,15,17.625,16.75,-0.875
gemma-2-2b,3,desc,val,ja,fr,chaud,「chaud」の反対は「,froid,6,16,17.625,16.0,-1.625
gemma-2-2b,3,desc,freq,ja,fr,chaud,「chaud」の反対は「,froid,6,4,17.625,18.875,1.25
gemma-2-2b,3,val,desc,ja,fr,chaud,「chaud」の反対は「,froid,6,1,17.625,20.0,2.375
gemma-2-2b,3,val,val,ja,fr,chaud,「chaud」の反対は「,froid,6,11,17.625,18.25,0.625
gemma-2-2b,3,val,freq,ja,fr,chaud,「chaud」の反対は「,froid,6,1,17.625,20.5,2.875
gemma-2-2b,3,freq,desc,ja,fr,chaud,「chaud」の反対は「,froid,6,20,17.625,16.75,-0.875
gemma-2-2b,3,freq,val,ja,fr,chaud,「chaud」の反対は「,froid,6,20,17.625,15.25,-2.375
gemma-2-2b,3,freq,freq,ja,fr,chaud,「chaud」の反対は「,froid,6,18,17.625,16.75,-0.875
gemma-2-2b,4,desc,desc,ja,fr,rapide,「rapide」の反対は「,lente,30,41,16.75,16.5,-0.25
gemma-2-2b,4,desc,val,ja,fr,rapide,「rapide」の反対は「,lente,30,44,16.75,15.6875,-1.0625
gemma-2-2b,4,desc,freq,ja,fr,rapide,「rapide」の反対は「,lente,30,5,16.75,19.125,2.375
gemma-2-2b,4,val,desc,ja,fr,rapide,「rapide」の反対は「,lente,30,8,16.75,19.75,3.0
gemma-2-2b,4,val,val,ja,fr,rapide,「rapide」の反対は「,lente,30,34,16.75,18.0,1.25
gemma-2-2b,4,val,freq,ja,fr,rapide,「rapide」の反対は「,lente,30,4,16.75,20.75,4.0
gemma-2-2b,4,freq,desc,ja,fr,rapide,「rapide」の反対は「,lente,30,61,16.75,16.375,-0.375
gemma-2-2b,4,freq,val,ja,fr,rapide,「rapide」の反対は「,lente,30,50,16.75,15.375,-1.375
gemma-2-2b,4,freq,freq,ja,fr,rapide,「rapide」の反対は「,lente,30,33,16.75,16.625,-0.125
gemma-2-2b,5,desc,desc,ja,fr,léger,「léger」の反対は「,lourd,0,2,20.875,19.875,-1.0
gemma-2-2b,5,desc,val,ja,fr,léger,「léger」の反対は「,lourd,0,4,20.875,18.125,-2.75
gemma-2-2b,5,desc,freq,ja,fr,léger,「léger」の反対は「,lourd,0,7,20.875,18.875,-2.0
gemma-2-2b,5,val,desc,ja,fr,léger,「léger」の反対は「,lourd,0,0,20.875,22.625,1.75
gemma-2-2b,5,val,val,ja,fr,léger,「léger」の反対は「,lourd,0,2,20.875,21.875,1.0
gemma-2-2b,5,val,freq,ja,fr,léger,「léger」の反対は「,lourd,0,1,20.875,21.5,0.625
gemma-2-2b,5,freq,desc,ja,fr,léger,「léger」の反対は「,lourd,0,2,20.875,19.75,-1.125
gemma-2-2b,5,freq,val,ja,fr,léger,「léger」の反対は「,lourd,0,2,20.875,18.875,-2.0
gemma-2-2b,5,freq,freq,ja,fr,léger,「léger」の反対は「,lourd,0,2,20.875,19.375,-1.5
gemma-2-2b,6,desc,desc,ja,fr,facile,「facile」の反対は「,difficile,1,1,22.125,21.875,-0.25
gemma-2-2b,6,desc,val,ja,fr,facile,「facile」の反対は「,difficile,1,1,22.125,21.375,-0.75
gemma-2-2b,6,desc,freq,ja,fr,facile,「facile」の反対は「,difficile,1,1,22.125,21.75,-0.375
gemma-2-2b,6,val,desc,ja,fr,facile,「facile」の反対は「,difficile,1,0,22.125,23.75,1.625
gemma-2-2b,6,val,val,ja,fr,facile,「facile」の反対は「,difficile,1,1,22.125,23.375,1.25
gemma-2-2b,6,val,freq,ja,fr,facile,「facile」の反対は「,difficile,1,0,22.125,22.875,0.75
gemma-2-2b,6,freq,desc,ja,fr,facile,「facile」の反対は「,difficile,1,1,22.125,22.125,0.0
gemma-2-2b,6,freq,val,ja,fr,facile,「facile」の反対は「,difficile,1,1,22.125,21.25,-0.875
gemma-2-2b,6,freq,freq,ja,fr,facile,「facile」の反対は「,difficile,1,1,22.125,21.875,-0.25
gemma-2-2b,7,desc,desc,ja,fr,nouveau,「nouveau」の反対は「,ancien,1,3,22.0,21.25,-0.75
gemma-2-2b,7,desc,val,ja,fr,nouveau,「nouveau」の反対は「,ancien,1,1,22.0,20.875,-1.125
gemma-2-2b,7,desc,freq,ja,fr,nouveau,「nouveau」の反対は「,ancien,1,3,22.0,20.875,-1.125
gemma-2-2b,7,val,desc,ja,fr,nouveau,「nouveau」の反対は「,ancien,1,4,22.0,21.375,-0.625
gemma-2-2b,7,val,val,ja,fr,nouveau,「nouveau」の反対は「,ancien,1,3,22.0,21.75,-0.25
gemma-2-2b,7,val,freq,ja,fr,nouveau,「nouveau」の反対は「,ancien,1,3,22.0,20.25,-1.75
gemma-2-2b,7,freq,desc,ja,fr,nouveau,「nouveau」の反対は「,ancien,1,3,22.0,20.875,-1.125
gemma-2-2b,7,freq,val,ja,fr,nouveau,「nouveau」の反対は「,ancien,1,2,22.0,19.875,-2.125
gemma-2-2b,7,freq,freq,ja,fr,nouveau,「nouveau」の反対は「,ancien,1,3,22.0,21.125,-0.875
gemma-2-2b,8,desc,desc,ja,fr,vrai,「vrai」の反対は「,faux,0,3,22.0,20.125,-1.875
gemma-2-2b,8,desc,val,ja,fr,vrai,「vrai」の反対は「,faux,0,2,22.0,19.125,-2.875
gemma-2-2b,8,desc,freq,ja,fr,vrai,「vrai」の反対は「,faux,0,3,22.0,20.75,-1.25
gemma-2-2b,8,val,desc,ja,fr,vrai,「vrai」の反対は「,faux,0,2,22.0,21.875,-0.125
gemma-2-2b,8,val,val,ja,fr,vrai,「vrai」の反対は「,faux,0,3,22.0,21.5,-0.5
gemma-2-2b,8,val,freq,ja,fr,vrai,「vrai」の反対は「,faux,0,4,22.0,21.125,-0.875
gemma-2-2b,8,freq,desc,ja,fr,vrai,「vrai」の反対は「,faux,0,3,22.0,20.0,-2.0
gemma-2-2b,8,freq,val,ja,fr,vrai,「vrai」の反対は「,faux,0,3,22.0,18.75,-3.25
gemma-2-2b,8,freq,freq,ja,fr,vrai,「vrai」の反対は「,faux,0,3,22.0,20.0,-2.0
gemma-2-2b,9,desc,desc,ja,fr,vivant,「vivant」の反対は「,mort,13,26,18.0,17.625,-0.375
gemma-2-2b,9,desc,val,ja,fr,vivant,「vivant」の反対は「,mort,13,20,18.0,16.625,-1.375
gemma-2-2b,9,desc,freq,ja,fr,vivant,「vivant」の反対は「,mort,13,42,18.0,17.375,-0.625
gemma-2-2b,9,val,desc,ja,fr,vivant,「vivant」の反対は「,mort,13,4,18.0,20.125,2.125
gemma-2-2b,9,val,val,ja,fr,vivant,「vivant」の反対は「,mort,13,13,18.0,19.25,1.25
gemma-2-2b,9,val,freq,ja,fr,vivant,「vivant」の反対は「,mort,13,19,18.0,19.0,1.0
gemma-2-2b,9,freq,desc,ja,fr,vivant,「vivant」の反対は「,mort,13,22,18.0,17.75,-0.25
gemma-2-2b,9,freq,val,ja,fr,vivant,「vivant」の反対は「,mort,13,30,18.0,16.25,-1.75
gemma-2-2b,9,freq,freq,ja,fr,vivant,「vivant」の反対は「,mort,13,29,18.0,17.5,-0.5
gemma-2-2b,10,desc,desc,ja,fr,plein,「plein」の反対は「,vide,13,31,19.25,18.25,-1.0
gemma-2-2b,10,desc,val,ja,fr,plein,「plein」の反対は「,vide,13,38,19.25,17.0,-2.25
gemma-2-2b,10,desc,freq,ja,fr,plein,「plein」の反対は「,vide,13,92,19.25,17.75,-1.5
gemma-2-2b,10,val,desc,ja,fr,plein,「plein」の反対は「,vide,13,17,19.25,20.25,1.0
gemma-2-2b,10,val,val,ja,fr,plein,「plein」の反対は「,vide,13,37,19.25,19.375,0.125
gemma-2-2b,10,val,freq,ja,fr,plein,「plein」の反対は「,vide,13,143,19.25,17.625,-1.625
gemma-2-2b,10,freq,desc,ja,fr,plein,「plein」の反対は「,vide,13,38,19.25,18.5,-0.75
gemma-2-2b,10,freq,val,ja,fr,plein,「plein」の反対は「,vide,13,46,19.25,16.5,-2.75
gemma-2-2b,10,freq,freq,ja,fr,plein,「plein」の反対は「,vide,13,37,19.25,18.125,-1.125
gemma-2-2b,11,desc,desc,ja,fr,brillant,「brillant」の反対は「,sombre,46,43,19.375,19.375,0.0
gemma-2-2b,11,desc,val,ja,fr,brillant,「brillant」の反対は「,sombre,46,29,19.375,18.75,-0.625
gemma-2-2b,11,desc,freq,ja,fr,brillant,「brillant」の反対は「,sombre,46,31,19.375,19.75,0.375
gemma-2-2b,11,val,desc,ja,fr,brillant,「brillant」の反対は「,sombre,46,19,19.375,21.5,2.125
gemma-2-2b,11,val,val,ja,fr,brillant,「brillant」の反対は「,sombre,46,35,19.375,20.625,1.25
gemma-2-2b,11,val,freq,ja,fr,brillant,「brillant」の反対は「,sombre,46,6,19.375,21.5,2.125
gemma-2-2b,11,freq,desc,ja,fr,brillant,「brillant」の反対は「,sombre,46,42,19.375,19.625,0.25
gemma-2-2b,11,freq,val,ja,fr,brillant,「brillant」の反対は「,sombre,46,34,19.375,18.75,-0.625
gemma-2-2b,11,freq,freq,ja,fr,brillant,「brillant」の反対は「,sombre,46,53,19.375,19.25,-0.125
gemma-2-2b,12,desc,desc,ja,fr,fort,「fort」の反対は「,faible,1337,1337,14.3125,14.3125,0.0
gemma-2-2b,12,desc,val,ja,fr,fort,「fort」の反対は「,faible,1337,693,14.3125,13.4375,-0.875
gemma-2-2b,12,desc,freq,ja,fr,fort,「fort」の反対は「,faible,1337,142,14.3125,16.5,2.1875
gemma-2-2b,12,val,desc,ja,fr,fort,「fort」の反対は「,faible,1337,185,14.3125,17.5,3.1875
gemma-2-2b,12,val,val,ja,fr,fort,「fort」の反対は「,faible,1337,1281,14.3125,15.5625,1.25
gemma-2-2b,12,val,freq,ja,fr,fort,「fort」の反対は「,faible,1337,88,14.3125,18.25,3.9375
gemma-2-2b,12,freq,desc,ja,fr,fort,「fort」の反対は「,faible,1337,1304,14.3125,14.5,0.1875
gemma-2-2b,12,freq,val,ja,fr,fort,「fort」の反対は「,faible,1337,1902,14.3125,12.125,-2.1875
gemma-2-2b,12,freq,freq,ja,fr,fort,「fort」の反対は「,faible,1337,1405,14.3125,14.25,-0.0625
gemma-2-2b,13,desc,desc,ja,fr,propre,「propre」の反対は「,sale,2346,2329,10.9375,11.0,0.0625
gemma-2-2b,13,desc,val,ja,fr,propre,「propre」の反対は「,sale,2346,2850,10.9375,8.8125,-2.125
gemma-2-2b,13,desc,freq,ja,fr,propre,「propre」の反対は「,sale,2346,1277,10.9375,12.4375,1.5
gemma-2-2b,13,val,desc,ja,fr,propre,「propre」の反対は「,sale,2346,116,10.9375,15.5625,4.625
gemma-2-2b,13,val,val,ja,fr,propre,「propre」の反対は「,sale,2346,2024,10.9375,12.1875,1.25
gemma-2-2b,13,val,freq,ja,fr,propre,「propre」の反対は「,sale,2346,120,10.9375,16.75,5.8125
gemma-2-2b,13,freq,desc,ja,fr,propre,「propre」の反対は「,sale,2346,2291,10.9375,11.125,0.1875
gemma-2-2b,13,freq,val,ja,fr,propre,「propre」の反対は「,sale,2346,2801,10.9375,8.875,-2.0625
gemma-2-2b,13,freq,freq,ja,fr,propre,「propre」の反対は「,sale,2346,2407,10.9375,10.875,-0.0625
gemma-2-2b,14,desc,desc,ja,fr,ouvert,「ouvert」の反対は「,fermé,1,4,20.0,18.5,-1.5
gemma-2-2b,14,desc,val,ja,fr,ouvert,「ouvert」の反対は「,fermé,1,2,20.0,18.75,-1.25
gemma-2-2b,14,desc,freq,ja,fr,ouvert,「ouvert」の反対は「,fermé,1,1,20.0,20.5,0.5
gemma-2-2b,14,val,desc,ja,fr,ouvert,「ouvert」の反対は「,fermé,1,0,20.0,22.5,2.5
gemma-2-2b,14,val,val,ja,fr,ouvert,「ouvert」の反対は「,fermé,1,7,20.0,19.5,-0.5
gemma-2-2b,14,val,freq,ja,fr,ouvert,「ouvert」の反対は「,fermé,1,0,20.0,22.25,2.25
gemma-2-2b,14,freq,desc,ja,fr,ouvert,「ouvert」の反対は「,fermé,1,5,20.0,18.5,-1.5
gemma-2-2b,14,freq,val,ja,fr,ouvert,「ouvert」の反対は「,fermé,1,8,20.0,16.875,-3.125
gemma-2-2b,14,freq,freq,ja,fr,ouvert,「ouvert」の反対は「,fermé,1,7,20.0,18.0,-2.0
gemma-2-2b,15,desc,desc,ja,fr,riche,「riche」の反対は「,pauvre,16,19,15.6875,15.5625,-0.125
gemma-2-2b,15,desc,val,ja,fr,riche,「riche」の反対は「,pauvre,16,36,15.6875,14.3125,-1.375
gemma-2-2b,15,desc,freq,ja,fr,riche,「riche」の反対は「,pauvre,16,55,15.6875,15.5625,-0.125
gemma-2-2b,15,val,desc,ja,fr,riche,「riche」の反対は「,pauvre,16,7,15.6875,17.875,2.1875
gemma-2-2b,15,val,val,ja,fr,riche,「riche」の反対は「,pauvre,16,14,15.6875,17.5,1.8125
gemma-2-2b,15,val,freq,ja,fr,riche,「riche」の反対は「,pauvre,16,26,15.6875,17.625,1.9375
gemma-2-2b,15,freq,desc,ja,fr,riche,「riche」の反対は「,pauvre,16,20,15.6875,15.8125,0.125
gemma-2-2b,15,freq,val,ja,fr,riche,「riche」の反対は「,pauvre,16,39,15.6875,14.125,-1.5625
gemma-2-2b,15,freq,freq,ja,fr,riche,「riche」の反対は「,pauvre,16,18,15.6875,15.5625,-0.125
gemma-2-2b,16,desc,desc,ja,fr,beau,「beau」の反対は「,laid,23827,23268,7.25,7.28125,0.03125
gemma-2-2b,16,desc,val,ja,fr,beau,「beau」の反対は「,laid,23827,20237,7.25,5.3125,-1.9375
gemma-2-2b,16,desc,freq,ja,fr,beau,「beau」の反対は「,laid,23827,40804,7.25,6.28125,-0.96875
gemma-2-2b,16,val,desc,ja,fr,beau,「beau」の反対は「,laid,23827,2182,7.25,12.1875,4.9375
gemma-2-2b,16,val,val,ja,fr,beau,「beau」の反対は「,laid,23827,19731,7.25,8.75,1.5
gemma-2-2b,16,val,freq,ja,fr,beau,「beau」の反対は「,laid,23827,27815,7.25,7.78125,0.53125
gemma-2-2b,16,freq,desc,ja,fr,beau,「beau」の反対は「,laid,23827,20654,7.25,7.6875,0.4375
gemma-2-2b,16,freq,val,ja,fr,beau,「beau」の反対は「,laid,23827,28085,7.25,4.625,-2.625
gemma-2-2b,16,freq,freq,ja,fr,beau,「beau」の反対は「,laid,23827,22851,7.25,7.3125,0.0625
gemma-2-2b,17,desc,desc,ja,fr,long,「long」の反対は「,court,2482,2482,11.5625,11.5625,0.0
gemma-2-2b,17,desc,val,ja,fr,long,「long」の反対は「,court,2482,1406,11.5625,10.5625,-1.0
gemma-2-2b,17,desc,freq,ja,fr,long,「long」の反対は「,court,2482,829,11.5625,13.0625,1.5
gemma-2-2b,17,val,desc,ja,fr,long,「long」の反対は「,court,2482,239,11.5625,15.8125,4.25
gemma-2-2b,17,val,val,ja,fr,long,「long」の反対は「,court,2482,1872,11.5625,13.1875,1.625
gemma-2-2b,17,val,freq,ja,fr,long,「long」の反対は「,court,2482,60,11.5625,17.75,6.1875
gemma-2-2b,17,freq,desc,ja,fr,long,「long」の反対は「,court,2482,2623,11.5625,11.5,-0.0625
gemma-2-2b,17,freq,val,ja,fr,long,「long」の反対は「,court,2482,3820,11.5625,8.875,-2.6875
gemma-2-2b,17,freq,freq,ja,fr,long,「long」の反対は「,court,2482,2481,11.5625,11.5625,0.0
gemma-2-2b,18,desc,desc,ja,fr,large,「large」の反対は「,étroit,9609,9609,7.5,7.5,0.0
gemma-2-2b,18,desc,val,ja,fr,large,「large」の反対は「,étroit,9609,15123,7.5,4.125,-3.375
gemma-2-2b,18,desc,freq,ja,fr,large,「large」の反対は「,étroit,9609,13899,7.5,6.125,-1.375
gemma-2-2b,18,val,desc,ja,fr,large,「large」の反対は「,étroit,9609,3769,7.5,9.8125,2.3125
gemma-2-2b,18,val,val,ja,fr,large,「large」の反対は「,étroit,9609,8568,7.5,9.0,1.5
gemma-2-2b,18,val,freq,ja,fr,large,「large」の反対は「,étroit,9609,5857,7.5,8.625,1.125
gemma-2-2b,18,freq,desc,ja,fr,large,「large」の反対は「,étroit,9609,7615,7.5,8.0,0.5
gemma-2-2b,18,freq,val,ja,fr,large,「large」の反対は「,étroit,9609,11827,7.5,4.8125,-2.6875
gemma-2-2b,18,freq,freq,ja,fr,large,「large」の反対は「,étroit,9609,9829,7.5,7.46875,-0.03125
gemma-2-2b,19,desc,desc,ja,fr,dur,「dur」の反対は「,mou,4377,4377,14.5,14.5,0.0
gemma-2-2b,19,desc,val,ja,fr,dur,「dur」の反対は「,mou,4377,7396,14.5,12.125,-2.375
gemma-2-2b,19,desc,freq,ja,fr,dur,「dur」の反対は「,mou,4377,15236,14.5,12.3125,-2.1875
gemma-2-2b,19,val,desc,ja,fr,dur,「dur」の反対は「,mou,4377,3726,14.5,15.9375,1.4375
gemma-2-2b,19,val,val,ja,fr,dur,「dur」の反対は「,mou,4377,5101,14.5,15.375,0.875
gemma-2-2b,19,val,freq,ja,fr,dur,「dur」の反対は「,mou,4377,11363,14.5,13.4375,-1.0625
gemma-2-2b,19,freq,desc,ja,fr,dur,「dur」の反対は「,mou,4377,3868,14.5,14.9375,0.4375
gemma-2-2b,19,freq,val,ja,fr,dur,「dur」の反対は「,mou,4377,5501,14.5,12.6875,-1.8125
gemma-2-2b,19,freq,freq,ja,fr,dur,「dur」の反対は「,mou,4377,4376,14.5,14.5,0.0
gemma-2-2b,20,desc,desc,ja,fr,sec,「sec」の反対は「,humide,4209,4209,13.625,13.625,0.0
gemma-2-2b,20,desc,val,ja,fr,sec,「sec」の反対は「,humide,4209,3001,13.625,12.375,-1.25
gemma-2-2b,20,desc,freq,ja,fr,sec,「sec」の反対は「,humide,4209,2474,13.625,14.25,0.625
gemma-2-2b,20,val,desc,ja,fr,sec,「sec」の反対は「,humide,4209,4986,13.625,14.0625,0.4375
gemma-2-2b,20,val,val,ja,fr,sec,「sec」の反対は「,humide,4209,4971,13.625,14.4375,0.8125
gemma-2-2b,20,val,freq,ja,fr,sec,「sec」の反対は「,humide,4209,5284,13.625,13.0625,-0.5625
gemma-2-2b,20,freq,desc,ja,fr,sec,「sec」の反対は「,humide,4209,4363,13.625,13.625,0.0
gemma-2-2b,20,freq,val,ja,fr,sec,「sec」の反対は「,humide,4209,5662,13.625,11.0625,-2.5625
gemma-2-2b,20,freq,freq,ja,fr,sec,「sec」の反対は「,humide,4209,4252,13.625,13.625,0.0
gemma-2-2b,21,desc,desc,ja,fr,fort,「fort」の反対は「,doux,97,97,17.375,17.375,0.0
gemma-2-2b,21,desc,val,ja,fr,fort,「fort」の反対は「,doux,97,179,17.375,15.125,-2.25
gemma-2-2b,21,desc,freq,ja,fr,fort,「fort」の反対は「,doux,97,303,17.375,15.9375,-1.4375
gemma-2-2b,21,val,desc,ja,fr,fort,「fort」の反対は「,doux,97,23,17.375,19.375,2.0
gemma-2-2b,21,val,val,ja,fr,fort,「fort」の反対は「,doux,97,88,17.375,18.75,1.375
gemma-2-2b,21,val,freq,ja,fr,fort,「fort」の反対は「,doux,97,46,17.375,19.125,1.75
gemma-2-2b,21,freq,desc,ja,fr,fort,「fort」の反対は「,doux,97,116,17.375,17.375,0.0
gemma-2-2b,21,freq,val,ja,fr,fort,「fort」の反対は「,doux,97,114,17.375,15.8125,-1.5625
gemma-2-2b,21,freq,freq,ja,fr,fort,「fort」の反対は「,doux,97,95,17.375,17.375,0.0
gemma-2-2b,22,desc,desc,ja,fr,tôt,「tôt」の反対は「,tard,0,0,21.25,20.75,-0.5
gemma-2-2b,22,desc,val,ja,fr,tôt,「tôt」の反対は「,tard,0,0,21.25,20.0,-1.25
gemma-2-2b,22,desc,freq,ja,fr,tôt,「tôt」の反対は「,tard,0,1,21.25,20.75,-0.5
gemma-2-2b,22,val,desc,ja,fr,tôt,「tôt」の反対は「,tard,0,0,21.25,23.125,1.875
gemma-2-2b,22,val,val,ja,fr,tôt,「tôt」の反対は「,tard,0,0,21.25,22.5,1.25
gemma-2-2b,22,val,freq,ja,fr,tôt,「tôt」の反対は「,tard,0,1,21.25,23.0,1.75
gemma-2-2b,22,freq,desc,ja,fr,tôt,「tôt」の反対は「,tard,0,1,21.25,20.75,-0.5
gemma-2-2b,22,freq,val,ja,fr,tôt,「tôt」の反対は「,tard,0,0,21.25,20.125,-1.125
gemma-2-2b,22,freq,freq,ja,fr,tôt,「tôt」の反対は「,tard,0,1,21.25,20.375,-0.875
gemma-2-2b,23,desc,desc,ja,fr,proche,「proche」の反対は「,loin,298,280,14.0625,14.125,0.0625
gemma-2-2b,23,desc,val,ja,fr,proche,「proche」の反対は「,loin,298,469,14.0625,12.125,-1.9375
gemma-2-2b,23,desc,freq,ja,fr,proche,「proche」の反対は「,loin,298,1480,14.0625,11.8125,-2.25
gemma-2-2b,23,val,desc,ja,fr,proche,「proche」の反対は「,loin,298,16,14.0625,18.75,4.6875
gemma-2-2b,23,val,val,ja,fr,proche,「proche」の反対は「,loin,298,108,14.0625,16.875,2.8125
gemma-2-2b,23,val,freq,ja,fr,proche,「proche」の反対は「,loin,298,84,14.0625,17.125,3.0625
gemma-2-2b,23,freq,desc,ja,fr,proche,「proche」の反対は「,loin,298,306,14.0625,14.125,0.0625
gemma-2-2b,23,freq,val,ja,fr,proche,「proche」の反対は「,loin,298,224,14.0625,13.1875,-0.875
gemma-2-2b,23,freq,freq,ja,fr,proche,「proche」の反対は「,loin,298,322,14.0625,13.9375,-0.125
gemma-2-2b,24,desc,desc,ja,fr,profond,「profond」の反対は「,peu profond,245,762,15.9375,14.6875,-1.25
gemma-2-2b,24,desc,val,ja,fr,profond,「profond」の反対は「,peu profond,245,910,15.9375,13.1875,-2.75
gemma-2-2b,24,desc,freq,ja,fr,profond,「profond」の反対は「,peu profond,245,791,15.9375,14.9375,-1.0
gemma-2-2b,24,val,desc,ja,fr,profond,「profond」の反対は「,peu profond,245,430,15.9375,16.625,0.6875
gemma-2-2b,24,val,val,ja,fr,profond,「profond」の反対は「,peu profond,245,597,15.9375,16.125,0.1875
gemma-2-2b,24,val,freq,ja,fr,profond,「profond」の反対は「,peu profond,245,553,15.9375,15.8125,-0.125
gemma-2-2b,24,freq,desc,ja,fr,profond,「profond」の反対は「,peu profond,245,903,15.9375,14.5,-1.4375
gemma-2-2b,24,freq,val,ja,fr,profond,「profond」の反対は「,peu profond,245,826,15.9375,13.125,-2.8125
gemma-2-2b,24,freq,freq,ja,fr,profond,「profond」の反対は「,peu profond,245,748,15.9375,14.6875,-1.25
gemma-2-2b,25,desc,desc,ja,fr,mauvais,「mauvais」の反対は「,bon,0,0,23.5,22.375,-1.125
gemma-2-2b,25,desc,val,ja,fr,mauvais,「mauvais」の反対は「,bon,0,0,23.5,22.0,-1.5
gemma-2-2b,25,desc,freq,ja,fr,mauvais,「mauvais」の反対は「,bon,0,1,23.5,22.0,-1.5
gemma-2-2b,25,val,desc,ja,fr,mauvais,「mauvais」の反対は「,bon,0,0,23.5,23.75,0.25
gemma-2-2b,25,val,val,ja,fr,mauvais,「mauvais」の反対は「,bon,0,0,23.5,23.375,-0.125
gemma-2-2b,25,val,freq,ja,fr,mauvais,「mauvais」の反対は「,bon,0,1,23.5,21.625,-1.875
gemma-2-2b,25,freq,desc,ja,fr,mauvais,「mauvais」の反対は「,bon,0,1,23.5,22.375,-1.125
gemma-2-2b,25,freq,val,ja,fr,mauvais,「mauvais」の反対は「,bon,0,1,23.5,21.0,-2.5
gemma-2-2b,25,freq,freq,ja,fr,mauvais,「mauvais」の反対は「,bon,0,1,23.5,22.0,-1.5
gemma-2-2b,26,desc,desc,ja,fr,triste,「triste」の反対は「,joyeux,0,1,22.0,21.625,-0.375
gemma-2-2b,26,desc,val,ja,fr,triste,「triste」の反対は「,joyeux,0,0,22.0,21.25,-0.75
gemma-2-2b,26,desc,freq,ja,fr,triste,「triste」の反対は「,joyeux,0,0,22.0,21.875,-0.125
gemma-2-2b,26,val,desc,ja,fr,triste,「triste」の反対は「,joyeux,0,0,22.0,22.75,0.75
gemma-2-2b,26,val,val,ja,fr,triste,「triste」の反対は「,joyeux,0,1,22.0,23.125,1.125
gemma-2-2b,26,val,freq,ja,fr,triste,「triste」の反対は「,joyeux,0,0,22.0,21.875,-0.125
gemma-2-2b,26,freq,desc,ja,fr,triste,「triste」の反対は「,joyeux,0,1,22.0,21.875,-0.125
gemma-2-2b,26,freq,val,ja,fr,triste,「triste」の反対は「,joyeux,0,1,22.0,21.0,-1.0
gemma-2-2b,26,freq,freq,ja,fr,triste,「triste」の反対は「,joyeux,0,1,22.0,21.75,-0.25
gemma-2-2b,27,desc,desc,ja,fr,petit,「petit」の反対は「,grand,1,1,20.125,18.875,-1.25
gemma-2-2b,27,desc,val,ja,fr,petit,「petit」の反対は「,grand,1,1,20.125,18.5,-1.625
gemma-2-2b,27,desc,freq,ja,fr,petit,「petit」の反対は「,grand,1,0,20.125,21.5,1.375
gemma-2-2b,27,val,desc,ja,fr,petit,「petit」の反対は「,grand,1,1,20.125,21.875,1.75
gemma-2-2b,27,val,val,ja,fr,petit,「petit」の反対は「,grand,1,2,20.125,20.25,0.125
gemma-2-2b,27,val,freq,ja,fr,petit,「petit」の反対は「,grand,1,0,20.125,23.125,3.0
gemma-2-2b,27,freq,desc,ja,fr,petit,「petit」の反対は「,grand,1,1,20.125,19.25,-0.875
gemma-2-2b,27,freq,val,ja,fr,petit,「petit」の反対は「,grand,1,1,20.125,17.875,-2.25
gemma-2-2b,27,freq,freq,ja,fr,petit,「petit」の反対は「,grand,1,1,20.125,19.0,-1.125
gemma-2-2b,28,desc,desc,ja,fr,froid,「froid」の反対は「,chaud,12,55,16.875,14.9375,-1.9375
gemma-2-2b,28,desc,val,ja,fr,froid,「froid」の反対は「,chaud,12,63,16.875,13.6875,-3.1875
gemma-2-2b,28,desc,freq,ja,fr,froid,「froid」の反対は「,chaud,12,14,16.875,17.625,0.75
gemma-2-2b,28,val,desc,ja,fr,froid,「froid」の反対は「,chaud,12,18,16.875,17.75,0.875
gemma-2-2b,28,val,val,ja,fr,froid,「froid」の反対は「,chaud,12,62,16.875,16.25,-0.625
gemma-2-2b,28,val,freq,ja,fr,froid,「froid」の反対は「,chaud,12,10,16.875,18.25,1.375
gemma-2-2b,28,freq,desc,ja,fr,froid,「froid」の反対は「,chaud,12,47,16.875,15.375,-1.5
gemma-2-2b,28,freq,val,ja,fr,froid,「froid」の反対は「,chaud,12,67,16.875,13.375,-3.5
gemma-2-2b,28,freq,freq,ja,fr,froid,「froid」の反対は「,chaud,12,49,16.875,15.125,-1.75
gemma-2-2b,29,desc,desc,ja,fr,lent,「lent」の反対は「,rapide,3942,3942,13.1875,13.1875,0.0
gemma-2-2b,29,desc,val,ja,fr,lent,「lent」の反対は「,rapide,3942,7252,13.1875,10.0,-3.1875
gemma-2-2b,29,desc,freq,ja,fr,lent,「lent」の反対は「,rapide,3942,2369,13.1875,13.1875,0.0
gemma-2-2b,29,val,desc,ja,fr,lent,「lent」の反対は「,rapide,3942,3558,13.1875,13.8125,0.625
gemma-2-2b,29,val,val,ja,fr,lent,「lent」の反対は「,rapide,3942,3774,13.1875,14.125,0.9375
gemma-2-2b,29,val,freq,ja,fr,lent,「lent」の反対は「,rapide,3942,2600,13.1875,13.625,0.4375
gemma-2-2b,29,freq,desc,ja,fr,lent,「lent」の反対は「,rapide,3942,3470,13.1875,13.4375,0.25
gemma-2-2b,29,freq,val,ja,fr,lent,「lent」の反対は「,rapide,3942,6287,13.1875,10.375,-2.8125
gemma-2-2b,29,freq,freq,ja,fr,lent,「lent」の反対は「,rapide,3942,3804,13.1875,13.25,0.0625
gemma-2-2b,30,desc,desc,ja,fr,lourd,「lourd」の反対は「,léger,6,12,19.375,18.375,-1.0
gemma-2-2b,30,desc,val,ja,fr,lourd,「lourd」の反対は「,léger,6,13,19.375,17.5,-1.875
gemma-2-2b,30,desc,freq,ja,fr,lourd,「lourd」の反対は「,léger,6,5,19.375,19.875,0.5
gemma-2-2b,30,val,desc,ja,fr,lourd,「lourd」の反対は「,léger,6,3,19.375,20.75,1.375
gemma-2-2b,30,val,val,ja,fr,lourd,「lourd」の反対は「,léger,6,18,19.375,19.5,0.125
gemma-2-2b,30,val,freq,ja,fr,lourd,「lourd」の反対は「,léger,6,2,19.375,21.125,1.75
gemma-2-2b,30,freq,desc,ja,fr,lourd,「lourd」の反対は「,léger,6,12,19.375,18.875,-0.5
gemma-2-2b,30,freq,val,ja,fr,lourd,「lourd」の反対は「,léger,6,17,19.375,17.25,-2.125
gemma-2-2b,30,freq,freq,ja,fr,lourd,「lourd」の反対は「,léger,6,12,19.375,18.5,-0.875
gemma-2-2b,31,desc,desc,ja,fr,difficile,「difficile」の反対は「,facile,0,0,24.25,23.875,-0.375
gemma-2-2b,31,desc,val,ja,fr,difficile,「difficile」の反対は「,facile,0,0,24.25,23.875,-0.375
gemma-2-2b,31,desc,freq,ja,fr,difficile,「difficile」の反対は「,facile,0,0,24.25,24.875,0.625
gemma-2-2b,31,val,desc,ja,fr,difficile,「difficile」の反対は「,facile,0,0,24.25,25.25,1.0
gemma-2-2b,31,val,val,ja,fr,difficile,「difficile」の反対は「,facile,0,0,24.25,24.875,0.625
gemma-2-2b,31,val,freq,ja,fr,difficile,「difficile」の反対は「,facile,0,0,24.25,24.875,0.625
gemma-2-2b,31,freq,desc,ja,fr,difficile,「difficile」の反対は「,facile,0,0,24.25,24.125,-0.125
gemma-2-2b,31,freq,val,ja,fr,difficile,「difficile」の反対は「,facile,0,0,24.25,23.375,-0.875
gemma-2-2b,31,freq,freq,ja,fr,difficile,「difficile」の反対は「,facile,0,0,24.25,23.875,-0.375
gemma-2-2b,32,desc,desc,ja,fr,vieux,「vieux」の反対は「,nouveau,0,1,21.875,20.375,-1.5
gemma-2-2b,32,desc,val,ja,fr,vieux,「vieux」の反対は「,nouveau,0,3,21.875,19.125,-2.75
gemma-2-2b,32,desc,freq,ja,fr,vieux,「vieux」の反対は「,nouveau,0,6,21.875,19.25,-2.625
gemma-2-2b,32,val,desc,ja,fr,vieux,「vieux」の反対は「,nouveau,0,1,21.875,21.375,-0.5
gemma-2-2b,32,val,val,ja,fr,vieux,「vieux」の反対は「,nouveau,0,2,21.875,21.25,-0.625
gemma-2-2b,32,val,freq,ja,fr,vieux,「vieux」の反対は「,nouveau,0,6,21.875,20.0,-1.875
gemma-2-2b,32,freq,desc,ja,fr,vieux,「vieux」の反対は「,nouveau,0,1,21.875,20.375,-1.5
gemma-2-2b,32,freq,val,ja,fr,vieux,「vieux」の反対は「,nouveau,0,3,21.875,19.375,-2.5
gemma-2-2b,32,freq,freq,ja,fr,vieux,「vieux」の反対は「,nouveau,0,1,21.875,20.25,-1.625
gemma-2-2b,33,desc,desc,ja,fr,faux,「faux」の反対は「,vrai,219,245,13.6875,13.625,-0.0625
gemma-2-2b,33,desc,val,ja,fr,faux,「faux」の反対は「,vrai,219,227,13.6875,12.5625,-1.125
gemma-2-2b,33,desc,freq,ja,fr,faux,「faux」の反対は「,vrai,219,78,13.6875,14.75,1.0625
gemma-2-2b,33,val,desc,ja,fr,faux,「faux」の反対は「,vrai,219,55,13.6875,16.625,2.9375
gemma-2-2b,33,val,val,ja,fr,faux,「faux」の反対は「,vrai,219,238,13.6875,15.0,1.3125
gemma-2-2b,33,val,freq,ja,fr,faux,「faux」の反対は「,vrai,219,16,13.6875,18.125,4.4375
gemma-2-2b,33,freq,desc,ja,fr,faux,「faux」の反対は「,vrai,219,198,13.6875,14.0625,0.375
gemma-2-2b,33,freq,val,ja,fr,faux,「faux」の反対は「,vrai,219,366,13.6875,11.875,-1.8125
gemma-2-2b,33,freq,freq,ja,fr,faux,「faux」の反対は「,vrai,219,258,13.6875,13.625,-0.0625
gemma-2-2b,34,desc,desc,ja,fr,mort,「mort」の反対は「,vivant,40,40,17.25,17.25,0.0
gemma-2-2b,34,desc,val,ja,fr,mort,「mort」の反対は「,vivant,40,17,17.25,17.0,-0.25
gemma-2-2b,34,desc,freq,ja,fr,mort,「mort」の反対は「,vivant,40,4,17.25,19.375,2.125
gemma-2-2b,34,val,desc,ja,fr,mort,「mort」の反対は「,vivant,40,8,17.25,19.75,2.5
gemma-2-2b,34,val,val,ja,fr,mort,「mort」の反対は「,vivant,40,42,17.25,18.5,1.25
gemma-2-2b,34,val,freq,ja,fr,mort,「mort」の反対は「,vivant,40,6,17.25,20.5,3.25
gemma-2-2b,34,freq,desc,ja,fr,mort,「mort」の反対は「,vivant,40,25,17.25,17.75,0.5
gemma-2-2b,34,freq,val,ja,fr,mort,「mort」の反対は「,vivant,40,49,17.25,15.9375,-1.3125
gemma-2-2b,34,freq,freq,ja,fr,mort,「mort」の反対は「,vivant,40,36,17.25,17.375,0.125
gemma-2-2b,35,desc,desc,ja,fr,vide,「vide」の反対は「,plein,56107,56107,8.5625,8.5625,0.0
gemma-2-2b,35,desc,val,ja,fr,vide,「vide」の反対は「,plein,56107,59383,8.5625,6.09375,-2.46875
gemma-2-2b,35,desc,freq,ja,fr,vide,「vide」の反対は「,plein,56107,14750,8.5625,10.9375,2.375
gemma-2-2b,35,val,desc,ja,fr,vide,「vide」の反対は「,plein,56107,64471,8.5625,9.0,0.4375
gemma-2-2b,35,val,val,ja,fr,vide,「vide」の反対は「,plein,56107,53855,8.5625,9.75,1.1875
gemma-2-2b,35,val,freq,ja,fr,vide,「vide」の反対は「,plein,56107,10638,8.5625,12.375,3.8125
gemma-2-2b,35,freq,desc,ja,fr,vide,「vide」の反対は「,plein,56107,64861,8.5625,8.125,-0.4375
gemma-2-2b,35,freq,val,ja,fr,vide,「vide」の反対は「,plein,56107,55390,8.5625,6.625,-1.9375
gemma-2-2b,35,freq,freq,ja,fr,vide,「vide」の反対は「,plein,56107,56837,8.5625,8.5,-0.0625
gemma-2-2b,36,desc,desc,ja,fr,sombre,「sombre」の反対は「,clair,69,122,17.75,17.0,-0.75
gemma-2-2b,36,desc,val,ja,fr,sombre,「sombre」の反対は「,clair,69,183,17.75,15.125,-2.625
gemma-2-2b,36,desc,freq,ja,fr,sombre,「sombre」の反対は「,clair,69,155,17.75,16.375,-1.375
gemma-2-2b,36,val,desc,ja,fr,sombre,「sombre」の反対は「,clair,69,15,17.75,19.5,1.75
gemma-2-2b,36,val,val,ja,fr,sombre,「sombre」の反対は「,clair,69,123,17.75,18.0,0.25
gemma-2-2b,36,val,freq,ja,fr,sombre,「sombre」の反対は「,clair,69,29,17.75,18.25,0.5
gemma-2-2b,36,freq,desc,ja,fr,sombre,「sombre」の反対は「,clair,69,166,17.75,16.75,-1.0
gemma-2-2b,36,freq,val,ja,fr,sombre,「sombre」の反対は「,clair,69,169,17.75,15.25,-2.5
gemma-2-2b,36,freq,freq,ja,fr,sombre,「sombre」の反対は「,clair,69,121,17.75,17.0,-0.75
gemma-2-2b,37,desc,desc,ja,fr,faible,「faible」の反対は「,fort,3,6,20.875,20.0,-0.875
gemma-2-2b,37,desc,val,ja,fr,faible,「faible」の反対は「,fort,3,4,20.875,19.625,-1.25
gemma-2-2b,37,desc,freq,ja,fr,faible,「faible」の反対は「,fort,3,1,20.875,21.25,0.375
gemma-2-2b,37,val,desc,ja,fr,faible,「faible」の反対は「,fort,3,1,20.875,22.375,1.5
gemma-2-2b,37,val,val,ja,fr,faible,「faible」の反対は「,fort,3,6,20.875,21.25,0.375
gemma-2-2b,37,val,freq,ja,fr,faible,「faible」の反対は「,fort,3,1,20.875,22.125,1.25
gemma-2-2b,37,freq,desc,ja,fr,faible,「faible」の反対は「,fort,3,12,20.875,19.625,-1.25
gemma-2-2b,37,freq,val,ja,fr,faible,「faible」の反対は「,fort,3,18,20.875,17.875,-3.0
gemma-2-2b,37,freq,freq,ja,fr,faible,「faible」の反対は「,fort,3,14,20.875,19.25,-1.625
gemma-2-2b,38,desc,desc,ja,fr,sale,「sale」の反対は「,propre,343,343,16.125,16.125,0.0
gemma-2-2b,38,desc,val,ja,fr,sale,「sale」の反対は「,propre,343,438,16.125,13.6875,-2.4375
gemma-2-2b,38,desc,freq,ja,fr,sale,「sale」の反対は「,propre,343,262,16.125,16.0,-0.125
gemma-2-2b,38,val,desc,ja,fr,sale,「sale」の反対は「,propre,343,149,16.125,17.75,1.625
gemma-2-2b,38,val,val,ja,fr,sale,「sale」の反対は「,propre,343,291,16.125,17.125,1.0
gemma-2-2b,38,val,freq,ja,fr,sale,「sale」の反対は「,propre,343,105,16.125,18.125,2.0
gemma-2-2b,38,freq,desc,ja,fr,sale,「sale」の反対は「,propre,343,358,16.125,16.125,0.0
gemma-2-2b,38,freq,val,ja,fr,sale,「sale」の反対は「,propre,343,462,16.125,13.6875,-2.4375
gemma-2-2b,38,freq,freq,ja,fr,sale,「sale」の反対は「,propre,343,339,16.125,16.125,0.0
gemma-2-2b,39,desc,desc,ja,fr,fermé,「fermé」の反対は「,ouvert,4,16,18.625,17.5,-1.125
gemma-2-2b,39,desc,val,ja,fr,fermé,「fermé」の反対は「,ouvert,4,27,18.625,15.5625,-3.0625
gemma-2-2b,39,desc,freq,ja,fr,fermé,「fermé」の反対は「,ouvert,4,26,18.625,16.875,-1.75
gemma-2-2b,39,val,desc,ja,fr,fermé,「fermé」の反対は「,ouvert,4,6,18.625,19.625,1.0
gemma-2-2b,39,val,val,ja,fr,fermé,「fermé」の反対は「,ouvert,4,21,18.625,18.125,-0.5
gemma-2-2b,39,val,freq,ja,fr,fermé,「fermé」の反対は「,ouvert,4,25,18.625,17.75,-0.875
gemma-2-2b,39,freq,desc,ja,fr,fermé,「fermé」の反対は「,ouvert,4,17,18.625,17.5,-1.125
gemma-2-2b,39,freq,val,ja,fr,fermé,「fermé」の反対は「,ouvert,4,30,18.625,15.5,-3.125
gemma-2-2b,39,freq,freq,ja,fr,fermé,「fermé」の反対は「,ouvert,4,21,18.625,16.75,-1.875
gemma-2-2b,40,desc,desc,ja,fr,pauvre,「pauvre」の反対は「,riche,0,1,22.25,20.75,-1.5
gemma-2-2b,40,desc,val,ja,fr,pauvre,「pauvre」の反対は「,riche,0,1,22.25,20.125,-2.125
gemma-2-2b,40,desc,freq,ja,fr,pauvre,「pauvre」の反対は「,riche,0,18,22.25,17.875,-4.375
gemma-2-2b,40,val,desc,ja,fr,pauvre,「pauvre」の反対は「,riche,0,0,22.25,22.25,0.0
gemma-2-2b,40,val,val,ja,fr,pauvre,「pauvre」の反対は「,riche,0,1,22.25,22.25,0.0
gemma-2-2b,40,val,freq,ja,fr,pauvre,「pauvre」の反対は「,riche,0,13,22.25,19.25,-3.0
gemma-2-2b,40,freq,desc,ja,fr,pauvre,「pauvre」の反対は「,riche,0,1,22.25,21.375,-0.875
gemma-2-2b,40,freq,val,ja,fr,pauvre,「pauvre」の反対は「,riche,0,1,22.25,20.125,-2.125
gemma-2-2b,40,freq,freq,ja,fr,pauvre,「pauvre」の反対は「,riche,0,1,22.25,20.875,-1.375
gemma-2-2b,41,desc,desc,ja,fr,laid,「laid」の反対は「,joli,898,898,16.875,16.875,0.0
gemma-2-2b,41,desc,val,ja,fr,laid,「laid」の反対は「,joli,898,1464,16.875,14.4375,-2.4375
gemma-2-2b,41,desc,freq,ja,fr,laid,「laid」の反対は「,joli,898,2269,16.875,14.75,-2.125
gemma-2-2b,41,val,desc,ja,fr,laid,「laid」の反対は「,joli,898,672,16.875,17.75,0.875
gemma-2-2b,41,val,val,ja,fr,laid,「laid」の反対は「,joli,898,869,16.875,17.75,0.875
gemma-2-2b,41,val,freq,ja,fr,laid,「laid」の反対は「,joli,898,1222,16.875,16.125,-0.75
gemma-2-2b,41,freq,desc,ja,fr,laid,「laid」の反対は「,joli,898,812,16.875,17.125,0.25
gemma-2-2b,41,freq,val,ja,fr,laid,「laid」の反対は「,joli,898,805,16.875,15.375,-1.5
gemma-2-2b,41,freq,freq,ja,fr,laid,「laid」の反対は「,joli,898,877,16.875,16.875,0.0
gemma-2-2b,42,desc,desc,ja,fr,court,「court」の反対は「,long,942,942,16.875,16.875,0.0
gemma-2-2b,42,desc,val,ja,fr,court,「court」の反対は「,long,942,1155,16.875,14.5,-2.375
gemma-2-2b,42,desc,freq,ja,fr,court,「court」の反対は「,long,942,863,16.875,16.125,-0.75
gemma-2-2b,42,val,desc,ja,fr,court,「court」の反対は「,long,942,413,16.875,18.125,1.25
gemma-2-2b,42,val,val,ja,fr,court,「court」の反対は「,long,942,1242,16.875,17.125,0.25
gemma-2-2b,42,val,freq,ja,fr,court,「court」の反対は「,long,942,429,16.875,17.625,0.75
gemma-2-2b,42,freq,desc,ja,fr,court,「court」の反対は「,long,942,907,16.875,17.0,0.125
gemma-2-2b,42,freq,val,ja,fr,court,「court」の反対は「,long,942,1471,16.875,14.25,-2.625
gemma-2-2b,42,freq,freq,ja,fr,court,「court」の反対は「,long,942,855,16.875,17.0,0.125
gemma-2-2b,43,desc,desc,ja,fr,étroit,「étroit」の反対は「,large,3,10,18.5,17.625,-0.875
gemma-2-2b,43,desc,val,ja,fr,étroit,「étroit」の反対は「,large,3,21,18.5,16.5,-2.0
gemma-2-2b,43,desc,freq,ja,fr,étroit,「étroit」の反対は「,large,3,5,18.5,19.125,0.625
gemma-2-2b,43,val,desc,ja,fr,étroit,「étroit」の反対は「,large,3,4,18.5,19.75,1.25
gemma-2-2b,43,val,val,ja,fr,étroit,「étroit」の反対は「,large,3,15,18.5,19.125,0.625
gemma-2-2b,43,val,freq,ja,fr,étroit,「étroit」の反対は「,large,3,12,18.5,19.75,1.25
gemma-2-2b,43,freq,desc,ja,fr,étroit,「étroit」の反対は「,large,3,11,18.5,18.125,-0.375
gemma-2-2b,43,freq,val,ja,fr,étroit,「étroit」の反対は「,large,3,20,18.5,16.625,-1.875
gemma-2-2b,43,freq,freq,ja,fr,étroit,「étroit」の反対は「,large,3,11,18.5,17.75,-0.75
gemma-2-2b,44,desc,desc,ja,fr,mou,「mou」の反対は「,dur,4468,4296,12.125,12.1875,0.0625
gemma-2-2b,44,desc,val,ja,fr,mou,「mou」の反対は「,dur,4468,4803,12.125,10.0625,-2.0625
gemma-2-2b,44,desc,freq,ja,fr,mou,「mou」の反対は「,dur,4468,13172,12.125,9.8125,-2.3125
gemma-2-2b,44,val,desc,ja,fr,mou,「mou」の反対は「,dur,4468,3367,12.125,13.625,1.5
gemma-2-2b,44,val,val,ja,fr,mou,「mou」の反対は「,dur,4468,5434,12.125,13.1875,1.0625
gemma-2-2b,44,val,freq,ja,fr,mou,「mou」の反対は「,dur,4468,16402,12.125,10.4375,-1.6875
gemma-2-2b,44,freq,desc,ja,fr,mou,「mou」の反対は「,dur,4468,4449,12.125,12.3125,0.1875
gemma-2-2b,44,freq,val,ja,fr,mou,「mou」の反対は「,dur,4468,7415,12.125,9.5625,-2.5625
gemma-2-2b,44,freq,freq,ja,fr,mou,「mou」の反対は「,dur,4468,4528,12.125,12.125,0.0
gemma-2-2b,45,desc,desc,ja,fr,humide,「humide」の反対は「,sec,67,84,16.75,16.5,-0.25
gemma-2-2b,45,desc,val,ja,fr,humide,「humide」の反対は「,sec,67,89,16.75,15.5625,-1.1875
gemma-2-2b,45,desc,freq,ja,fr,humide,「humide」の反対は「,sec,67,5,16.75,20.125,3.375
gemma-2-2b,45,val,desc,ja,fr,humide,「humide」の反対は「,sec,67,9,16.75,19.875,3.125
gemma-2-2b,45,val,val,ja,fr,humide,「humide」の反対は「,sec,67,77,16.75,17.875,1.125
gemma-2-2b,45,val,freq,ja,fr,humide,「humide」の反対は「,sec,67,3,16.75,21.25,4.5
gemma-2-2b,45,freq,desc,ja,fr,humide,「humide」の反対は「,sec,67,69,16.75,17.0,0.25
gemma-2-2b,45,freq,val,ja,fr,humide,「humide」の反対は「,sec,67,110,16.75,15.0,-1.75
gemma-2-2b,45,freq,freq,ja,fr,humide,「humide」の反対は「,sec,67,82,16.75,16.5,-0.25
gemma-2-2b,46,desc,desc,ja,fr,silencieux,「silencieux」の反対は「,bruyant,11,82,18.875,17.75,-1.125
gemma-2-2b,46,desc,val,ja,fr,silencieux,「silencieux」の反対は「,bruyant,11,64,18.875,16.875,-2.0
gemma-2-2b,46,desc,freq,ja,fr,silencieux,「silencieux」の反対は「,bruyant,11,31,18.875,18.25,-0.625
gemma-2-2b,46,val,desc,ja,fr,silencieux,「silencieux」の反対は「,bruyant,11,6,18.875,20.25,1.375
gemma-2-2b,46,val,val,ja,fr,silencieux,「silencieux」の反対は「,bruyant,11,139,18.875,18.25,-0.625
gemma-2-2b,46,val,freq,ja,fr,silencieux,「silencieux」の反対は「,bruyant,11,16,18.875,19.25,0.375
gemma-2-2b,46,freq,desc,ja,fr,silencieux,「silencieux」の反対は「,bruyant,11,225,18.875,17.0,-1.875
gemma-2-2b,46,freq,val,ja,fr,silencieux,「silencieux」の反対は「,bruyant,11,237,18.875,15.375,-3.5
gemma-2-2b,46,freq,freq,ja,fr,silencieux,「silencieux」の反対は「,bruyant,11,212,18.875,16.875,-2.0
gemma-2-2b,47,desc,desc,ja,fr,tard,「tard」の反対は「,tôt,1,1,22.625,22.625,0.0
gemma-2-2b,47,desc,val,ja,fr,tard,「tard」の反対は「,tôt,1,1,22.625,21.625,-1.0
gemma-2-2b,47,desc,freq,ja,fr,tard,「tard」の反対は「,tôt,1,1,22.625,22.625,0.0
gemma-2-2b,47,val,desc,ja,fr,tard,「tard」の反対は「,tôt,1,1,22.625,23.625,1.0
gemma-2-2b,47,val,val,ja,fr,tard,「tard」の反対は「,tôt,1,1,22.625,23.5,0.875
gemma-2-2b,47,val,freq,ja,fr,tard,「tard」の反対は「,tôt,1,0,22.625,23.625,1.0
gemma-2-2b,47,freq,desc,ja,fr,tard,「tard」の反対は「,tôt,1,1,22.625,22.75,0.125
gemma-2-2b,47,freq,val,ja,fr,tard,「tard」の反対は「,tôt,1,1,22.625,21.875,-0.75
gemma-2-2b,47,freq,freq,ja,fr,tard,「tard」の反対は「,tôt,1,1,22.625,22.625,0.0
gemma-2-2b,48,desc,desc,ja,fr,loin,「loin」の反対は「,proche,318,282,16.875,17.0,0.125
gemma-2-2b,48,desc,val,ja,fr,loin,「loin」の反対は「,proche,318,375,16.875,15.375,-1.5
gemma-2-2b,48,desc,freq,ja,fr,loin,「loin」の反対は「,proche,318,360,16.875,16.5,-0.375
gemma-2-2b,48,val,desc,ja,fr,loin,「loin」の反対は「,proche,318,128,16.875,18.875,2.0
gemma-2-2b,48,val,val,ja,fr,loin,「loin」の反対は「,proche,318,259,16.875,18.25,1.375
gemma-2-2b,48,val,freq,ja,fr,loin,「loin」の反対は「,proche,318,267,16.875,17.75,0.875
gemma-2-2b,48,freq,desc,ja,fr,loin,「loin」の反対は「,proche,318,312,16.875,17.0,0.125
gemma-2-2b,48,freq,val,ja,fr,loin,「loin」の反対は「,proche,318,399,16.875,15.375,-1.5
gemma-2-2b,48,freq,freq,ja,fr,loin,「loin」の反対は「,proche,318,315,16.875,16.875,0.0
gemma-2-2b,49,desc,desc,ja,fr,peu profond,「peu profond」の反対は「,profond,0,3,20.375,19.25,-1.125
gemma-2-2b,49,desc,val,ja,fr,peu profond,「peu profond」の反対は「,profond,0,3,20.375,18.25,-2.125
gemma-2-2b,49,desc,freq,ja,fr,peu profond,「peu profond」の反対は「,profond,0,0,20.375,22.25,1.875
gemma-2-2b,49,val,desc,ja,fr,peu profond,「peu profond」の反対は「,profond,0,0,20.375,22.875,2.5
gemma-2-2b,49,val,val,ja,fr,peu profond,「peu profond」の反対は「,profond,0,2,20.375,20.75,0.375
gemma-2-2b,49,val,freq,ja,fr,peu profond,「peu profond」の反対は「,profond,0,0,20.375,23.625,3.25
gemma-2-2b,49,freq,desc,ja,fr,peu profond,「peu profond」の反対は「,profond,0,5,20.375,18.875,-1.5
gemma-2-2b,49,freq,val,ja,fr,peu profond,「peu profond」の反対は「,profond,0,5,20.375,17.625,-2.75
gemma-2-2b,49,freq,freq,ja,fr,peu profond,「peu profond」の反対は「,profond,0,5,20.375,18.875,-1.5
gemma-2-2b,50,desc,desc,ja,fr,jeune,「jeune」の反対は「,vieux,3,14,20.125,18.25,-1.875
gemma-2-2b,50,desc,val,ja,fr,jeune,「jeune」の反対は「,vieux,3,19,20.125,16.75,-3.375
gemma-2-2b,50,desc,freq,ja,fr,jeune,「jeune」の反対は「,vieux,3,5,20.125,19.75,-0.375
gemma-2-2b,50,val,desc,ja,fr,jeune,「jeune」の反対は「,vieux,3,11,20.125,20.375,0.25
gemma-2-2b,50,val,val,ja,fr,jeune,「jeune」の反対は「,vieux,3,23,20.125,19.25,-0.875
gemma-2-2b,50,val,freq,ja,fr,jeune,「jeune」の反対は「,vieux,3,7,20.125,20.125,0.0
gemma-2-2b,50,freq,desc,ja,fr,jeune,「jeune」の反対は「,vieux,3,16,20.125,18.25,-1.875
gemma-2-2b,50,freq,val,ja,fr,jeune,「jeune」の反対は「,vieux,3,20,20.125,16.75,-3.375
gemma-2-2b,50,freq,freq,ja,fr,jeune,「jeune」の反対は「,vieux,3,14,20.125,18.25,-1.875
gemma-2-2b,51,desc,desc,ja,fr,gentil,「gentil」の反対は「,méchant,826,1002,13.25,12.9375,-0.3125
gemma-2-2b,51,desc,val,ja,fr,gentil,「gentil」の反対は「,méchant,826,1696,13.25,10.5,-2.75
gemma-2-2b,51,desc,freq,ja,fr,gentil,「gentil」の反対は「,méchant,826,504,13.25,14.3125,1.0625
gemma-2-2b,51,val,desc,ja,fr,gentil,「gentil」の反対は「,méchant,826,305,13.25,15.5625,2.3125
gemma-2-2b,51,val,val,ja,fr,gentil,「gentil」の反対は「,méchant,826,1297,13.25,13.625,0.375
gemma-2-2b,51,val,freq,ja,fr,gentil,「gentil」の反対は「,méchant,826,252,13.25,16.5,3.25
gemma-2-2b,51,freq,desc,ja,fr,gentil,「gentil」の反対は「,méchant,826,1011,13.25,13.1875,-0.0625
gemma-2-2b,51,freq,val,ja,fr,gentil,「gentil」の反対は「,méchant,826,1665,13.25,10.5,-2.75
gemma-2-2b,51,freq,freq,ja,fr,gentil,「gentil」の反対は「,méchant,826,934,13.25,13.0625,-0.1875
gemma-2-2b,52,desc,desc,ja,fr,courageux,「courageux」の反対は「,lâche,87,145,14.875,14.3125,-0.5625
gemma-2-2b,52,desc,val,ja,fr,courageux,「courageux」の反対は「,lâche,87,142,14.875,13.125,-1.75
gemma-2-2b,52,desc,freq,ja,fr,courageux,「courageux」の反対は「,lâche,87,17,14.875,17.5,2.625
gemma-2-2b,52,val,desc,ja,fr,courageux,「courageux」の反対は「,lâche,87,63,14.875,17.0,2.125
gemma-2-2b,52,val,val,ja,fr,courageux,「courageux」の反対は「,lâche,87,101,14.875,16.125,1.25
gemma-2-2b,52,val,freq,ja,fr,courageux,「courageux」の反対は「,lâche,87,10,14.875,19.5,4.625
gemma-2-2b,52,freq,desc,ja,fr,courageux,「courageux」の反対は「,lâche,87,131,14.875,14.875,0.0
gemma-2-2b,52,freq,val,ja,fr,courageux,「courageux」の反対は「,lâche,87,118,14.875,13.3125,-1.5625
gemma-2-2b,52,freq,freq,ja,fr,courageux,「courageux」の反対は「,lâche,87,127,14.875,14.5,-0.375
gemma-2-2b,53,desc,desc,ja,fr,sage,「sage」の反対は「,insensé,312,312,17.5,17.5,0.0
gemma-2-2b,53,desc,val,ja,fr,sage,「sage」の反対は「,insensé,312,206,17.5,16.375,-1.125
gemma-2-2b,53,desc,freq,ja,fr,sage,「sage」の反対は「,insensé,312,162,17.5,17.625,0.125
gemma-2-2b,53,val,desc,ja,fr,sage,「sage」の反対は「,insensé,312,223,17.5,18.25,0.75
gemma-2-2b,53,val,val,ja,fr,sage,「sage」の反対は「,insensé,312,255,17.5,18.75,1.25
gemma-2-2b,53,val,freq,ja,fr,sage,「sage」の反対は「,insensé,312,219,17.5,18.125,0.625
gemma-2-2b,53,freq,desc,ja,fr,sage,「sage」の反対は「,insensé,312,272,17.5,17.75,0.25
gemma-2-2b,53,freq,val,ja,fr,sage,「sage」の反対は「,insensé,312,270,17.5,16.125,-1.375
gemma-2-2b,53,freq,freq,ja,fr,sage,「sage」の反対は「,insensé,312,310,17.5,17.5,0.0
gemma-2-2b,54,desc,desc,ja,fr,poli,「poli」の反対は「,impoli,16,15,19.875,19.875,0.0
gemma-2-2b,54,desc,val,ja,fr,poli,「poli」の反対は「,impoli,16,17,19.875,18.875,-1.0
gemma-2-2b,54,desc,freq,ja,fr,poli,「poli」の反対は「,impoli,16,9,19.875,20.375,0.5
gemma-2-2b,54,val,desc,ja,fr,poli,「poli」の反対は「,impoli,16,7,19.875,22.625,2.75
gemma-2-2b,54,val,val,ja,fr,poli,「poli」の反対は「,impoli,16,13,19.875,21.125,1.25
gemma-2-2b,54,val,freq,ja,fr,poli,「poli」の反対は「,impoli,16,5,19.875,22.5,2.625
gemma-2-2b,54,freq,desc,ja,fr,poli,「poli」の反対は「,impoli,16,14,19.875,20.125,0.25
gemma-2-2b,54,freq,val,ja,fr,poli,「poli」の反対は「,impoli,16,16,19.875,18.75,-1.125
gemma-2-2b,54,freq,freq,ja,fr,poli,「poli」の反対は「,impoli,16,15,19.875,19.875,0.0
gemma-2-2b,55,desc,desc,ja,fr,patient,「patient」の反対は「,impatient,548,548,16.625,16.625,0.0
gemma-2-2b,55,desc,val,ja,fr,patient,「patient」の反対は「,impatient,548,382,16.625,15.25,-1.375
gemma-2-2b,55,desc,freq,ja,fr,patient,「patient」の反対は「,impatient,548,209,16.625,17.375,0.75
gemma-2-2b,55,val,desc,ja,fr,patient,「patient」の反対は「,impatient,548,286,16.625,18.0,1.375
gemma-2-2b,55,val,val,ja,fr,patient,「patient」の反対は「,impatient,548,601,16.625,17.25,0.625
gemma-2-2b,55,val,freq,ja,fr,patient,「patient」の反対は「,impatient,548,176,16.625,18.125,1.5
gemma-2-2b,55,freq,desc,ja,fr,patient,「patient」の反対は「,impatient,548,505,16.625,16.875,0.25
gemma-2-2b,55,freq,val,ja,fr,patient,「patient」の反対は「,impatient,548,701,16.625,14.3125,-2.3125
gemma-2-2b,55,freq,freq,ja,fr,patient,「patient」の反対は「,impatient,548,492,16.625,16.75,0.125
gemma-2-2b,56,desc,desc,ja,fr,honnête,「honnête」の反対は「,malhonnête,41,45,17.5,17.5,0.0
gemma-2-2b,56,desc,val,ja,fr,honnête,「honnête」の反対は「,malhonnête,41,28,17.5,17.125,-0.375
gemma-2-2b,56,desc,freq,ja,fr,honnête,「honnête」の反対は「,malhonnête,41,25,17.5,18.25,0.75
gemma-2-2b,56,val,desc,ja,fr,honnête,「honnête」の反対は「,malhonnête,41,24,17.5,20.0,2.5
gemma-2-2b,56,val,val,ja,fr,honnête,「honnête」の反対は「,malhonnête,41,50,17.5,18.5,1.0
gemma-2-2b,56,val,freq,ja,fr,honnête,「honnête」の反対は「,malhonnête,41,37,17.5,18.875,1.375
gemma-2-2b,56,freq,desc,ja,fr,honnête,「honnête」の反対は「,malhonnête,41,55,17.5,17.75,0.25
gemma-2-2b,56,freq,val,ja,fr,honnête,「honnête」の反対は「,malhonnête,41,64,17.5,16.0,-1.5
gemma-2-2b,56,freq,freq,ja,fr,honnête,「honnête」の反対は「,malhonnête,41,60,17.5,17.375,-0.125
gemma-2-2b,57,desc,desc,ja,fr,sûr,「sûr」の反対は「,dangereux,732,655,15.5625,15.6875,0.125
gemma-2-2b,57,desc,val,ja,fr,sûr,「sûr」の反対は「,dangereux,732,741,15.5625,14.25,-1.3125
gemma-2-2b,57,desc,freq,ja,fr,sûr,「sûr」の反対は「,dangereux,732,840,15.5625,15.5625,0.0
gemma-2-2b,57,val,desc,ja,fr,sûr,「sûr」の反対は「,dangereux,732,365,15.5625,17.875,2.3125
gemma-2-2b,57,val,val,ja,fr,sûr,「sûr」の反対は「,dangereux,732,472,15.5625,17.5,1.9375
gemma-2-2b,57,val,freq,ja,fr,sûr,「sûr」の反対は「,dangereux,732,292,15.5625,17.875,2.3125
gemma-2-2b,57,freq,desc,ja,fr,sûr,「sûr」の反対は「,dangereux,732,761,15.5625,15.8125,0.25
gemma-2-2b,57,freq,val,ja,fr,sûr,「sûr」の反対は「,dangereux,732,625,15.5625,14.5,-1.0625
gemma-2-2b,57,freq,freq,ja,fr,sûr,「sûr」の反対は「,dangereux,732,673,15.5625,15.6875,0.125
gemma-2-2b,58,desc,desc,ja,fr,actif,「actif」の反対は「,passif,0,0,23.5,23.5,0.0
gemma-2-2b,58,desc,val,ja,fr,actif,「actif」の反対は「,passif,0,0,23.5,22.625,-0.875
gemma-2-2b,58,desc,freq,ja,fr,actif,「actif」の反対は「,passif,0,0,23.5,23.5,0.0
gemma-2-2b,58,val,desc,ja,fr,actif,「actif」の反対は「,passif,0,0,23.5,24.125,0.625
gemma-2-2b,58,val,val,ja,fr,actif,「actif」の反対は「,passif,0,0,23.5,24.5,1.0
gemma-2-2b,58,val,freq,ja,fr,actif,「actif」の反対は「,passif,0,0,23.5,23.5,0.0
gemma-2-2b,58,freq,desc,ja,fr,actif,「actif」の反対は「,passif,0,0,23.5,23.625,0.125
gemma-2-2b,58,freq,val,ja,fr,actif,「actif」の反対は「,passif,0,0,23.5,22.875,-0.625
gemma-2-2b,58,freq,freq,ja,fr,actif,「actif」の反対は「,passif,0,0,23.5,23.5,0.0
gemma-2-2b,59,desc,desc,ja,fr,droit,「droit」の反対は「,tordu,553,604,15.25,15.0,-0.25
gemma-2-2b,59,desc,val,ja,fr,droit,「droit」の反対は「,tordu,553,783,15.25,12.9375,-2.3125
gemma-2-2b,59,desc,freq,ja,fr,droit,「droit」の反対は「,tordu,553,1061,15.25,15.0,-0.25
gemma-2-2b,59,val,desc,ja,fr,droit,「droit」の反対は「,tordu,553,736,15.25,16.125,0.875
gemma-2-2b,59,val,val,ja,fr,droit,「droit」の反対は「,tordu,553,567,15.25,16.125,0.875
gemma-2-2b,59,val,freq,ja,fr,droit,「droit」の反対は「,tordu,553,631,15.25,16.5,1.25
gemma-2-2b,59,freq,desc,ja,fr,droit,「droit」の反対は「,tordu,553,690,15.25,15.125,-0.125
gemma-2-2b,59,freq,val,ja,fr,droit,「droit」の反対は「,tordu,553,524,15.25,13.375,-1.875
gemma-2-2b,59,freq,freq,ja,fr,droit,「droit」の反対は「,tordu,553,608,15.25,15.0,-0.25
gemma-2-2b,60,desc,desc,ja,fr,entier,「entier」の反対は「,partiel,76,98,17.25,17.0,-0.25
gemma-2-2b,60,desc,val,ja,fr,entier,「entier」の反対は「,partiel,76,178,17.25,15.375,-1.875
gemma-2-2b,60,desc,freq,ja,fr,entier,「entier」の反対は「,partiel,76,206,17.25,17.0,-0.25
gemma-2-2b,60,val,desc,ja,fr,entier,「entier」の反対は「,partiel,76,55,17.25,19.25,2.0
gemma-2-2b,60,val,val,ja,fr,entier,「entier」の反対は「,partiel,76,129,17.25,17.875,0.625
gemma-2-2b,60,val,freq,ja,fr,entier,「entier」の反対は「,partiel,76,110,17.25,18.5,1.25
gemma-2-2b,60,freq,desc,ja,fr,entier,「entier」の反対は「,partiel,76,84,17.25,17.625,0.375
gemma-2-2b,60,freq,val,ja,fr,entier,「entier」の反対は「,partiel,76,122,17.25,15.8125,-1.4375
gemma-2-2b,60,freq,freq,ja,fr,entier,「entier」の反対は「,partiel,76,95,17.25,17.125,-0.125
gemma-2-2b,61,desc,desc,ja,fr,calme,「calme」の反対は「,agité,3,3,19.5,19.5,0.0
gemma-2-2b,61,desc,val,ja,fr,calme,「calme」の反対は「,agité,3,4,19.5,18.125,-1.375
gemma-2-2b,61,desc,freq,ja,fr,calme,「calme」の反対は「,agité,3,1,19.5,21.0,1.5
gemma-2-2b,61,val,desc,ja,fr,calme,「calme」の反対は「,agité,3,1,19.5,21.75,2.25
gemma-2-2b,61,val,val,ja,fr,calme,「calme」の反対は「,agité,3,6,19.5,20.75,1.25
gemma-2-2b,61,val,freq,ja,fr,calme,「calme」の反対は「,agité,3,1,19.5,22.375,2.875
gemma-2-2b,61,freq,desc,ja,fr,calme,「calme」の反対は「,agité,3,3,19.5,19.75,0.25
gemma-2-2b,61,freq,val,ja,fr,calme,「calme」の反対は「,agité,3,8,19.5,18.125,-1.375
gemma-2-2b,61,freq,freq,ja,fr,calme,「calme」の反対は「,agité,3,3,19.5,19.375,-0.125
gemma-2-2b,62,desc,desc,ja,fr,correct,「correct」の反対は「,incorrect,0,0,26.0,26.0,0.0
gemma-2-2b,62,desc,val,ja,fr,correct,「correct」の反対は「,incorrect,0,0,26.0,25.125,-0.875
gemma-2-2b,62,desc,freq,ja,fr,correct,「correct」の反対は「,incorrect,0,0,26.0,25.125,-0.875
gemma-2-2b,62,val,desc,ja,fr,correct,「correct」の反対は「,incorrect,0,0,26.0,26.375,0.375
gemma-2-2b,62,val,val,ja,fr,correct,「correct」の反対は「,incorrect,0,0,26.0,26.5,0.5
gemma-2-2b,62,val,freq,ja,fr,correct,「correct」の反対は「,incorrect,0,0,26.0,25.75,-0.25
gemma-2-2b,62,freq,desc,ja,fr,correct,「correct」の反対は「,incorrect,0,0,26.0,25.875,-0.125
gemma-2-2b,62,freq,val,ja,fr,correct,「correct」の反対は「,incorrect,0,0,26.0,25.25,-0.75
gemma-2-2b,62,freq,freq,ja,fr,correct,「correct」の反対は「,incorrect,0,0,26.0,26.0,0.0
gemma-2-2b,63,desc,desc,ja,fr,complexe,「complexe」の反対は「,simple,0,0,23.25,23.25,0.0
gemma-2-2b,63,desc,val,ja,fr,complexe,「complexe」の反対は「,simple,0,0,23.25,22.5,-0.75
gemma-2-2b,63,desc,freq,ja,fr,complexe,「complexe」の反対は「,simple,0,1,23.25,21.875,-1.375
gemma-2-2b,63,val,desc,ja,fr,complexe,「complexe」の反対は「,simple,0,0,23.25,23.625,0.375
gemma-2-2b,63,val,val,ja,fr,complexe,「complexe」の反対は「,simple,0,0,23.25,24.0,0.75
gemma-2-2b,63,val,freq,ja,fr,complexe,「complexe」の反対は「,simple,0,1,23.25,23.125,-0.125
gemma-2-2b,63,freq,desc,ja,fr,complexe,「complexe」の反対は「,simple,0,0,23.25,23.375,0.125
gemma-2-2b,63,freq,val,ja,fr,complexe,「complexe」の反対は「,simple,0,0,23.25,22.375,-0.875
gemma-2-2b,63,freq,freq,ja,fr,complexe,「complexe」の反対は「,simple,0,0,23.25,23.25,0.0
gemma-2-2b,64,desc,desc,ja,fr,efficace,「efficace」の反対は「,inefficace,0,0,24.625,24.75,0.125
gemma-2-2b,64,desc,val,ja,fr,efficace,「efficace」の反対は「,inefficace,0,0,24.625,24.375,-0.25
gemma-2-2b,64,desc,freq,ja,fr,efficace,「efficace」の反対は「,inefficace,0,0,24.625,24.75,0.125
gemma-2-2b,64,val,desc,ja,fr,efficace,「efficace」の反対は「,inefficace,0,0,24.625,26.375,1.75
gemma-2-2b,64,val,val,ja,fr,efficace,「efficace」の反対は「,inefficace,0,0,24.625,25.5,0.875
gemma-2-2b,64,val,freq,ja,fr,efficace,「efficace」の反対は「,inefficace,0,0,24.625,25.5,0.875
gemma-2-2b,64,freq,desc,ja,fr,efficace,「efficace」の反対は「,inefficace,0,0,24.625,25.125,0.5
gemma-2-2b,64,freq,val,ja,fr,efficace,「efficace」の反対は「,inefficace,0,0,24.625,24.5,-0.125
gemma-2-2b,64,freq,freq,ja,fr,efficace,「efficace」の反対は「,inefficace,0,0,24.625,25.0,0.375
gemma-2-2b,65,desc,desc,ja,fr,célèbre,「célèbre」の反対は「,inconnu,111,160,15.375,15.0,-0.375
gemma-2-2b,65,desc,val,ja,fr,célèbre,「célèbre」の反対は「,inconnu,111,162,15.375,14.0625,-1.3125
gemma-2-2b,65,desc,freq,ja,fr,célèbre,「célèbre」の反対は「,inconnu,111,26,15.375,16.875,1.5
gemma-2-2b,65,val,desc,ja,fr,célèbre,「célèbre」の反対は「,inconnu,111,30,15.375,18.25,2.875
gemma-2-2b,65,val,val,ja,fr,célèbre,「célèbre」の反対は「,inconnu,111,101,15.375,16.125,0.75
gemma-2-2b,65,val,freq,ja,fr,célèbre,「célèbre」の反対は「,inconnu,111,18,15.375,18.25,2.875
gemma-2-2b,65,freq,desc,ja,fr,célèbre,「célèbre」の反対は「,inconnu,111,179,15.375,15.25,-0.125
gemma-2-2b,65,freq,val,ja,fr,célèbre,「célèbre」の反対は「,inconnu,111,257,15.375,12.75,-2.625
gemma-2-2b,65,freq,freq,ja,fr,célèbre,「célèbre」の反対は「,inconnu,111,163,15.375,14.875,-0.5
gemma-2-2b,66,desc,desc,ja,fr,généreux,「généreux」の反対は「,mesquin,713,1190,12.125,11.5625,-0.5625
gemma-2-2b,66,desc,val,ja,fr,généreux,「généreux」の反対は「,mesquin,713,1237,12.125,10.125,-2.0
gemma-2-2b,66,desc,freq,ja,fr,généreux,「généreux」の反対は「,mesquin,713,142,12.125,15.25,3.125
gemma-2-2b,66,val,desc,ja,fr,généreux,「généreux」の反対は「,mesquin,713,202,12.125,15.25,3.125
gemma-2-2b,66,val,val,ja,fr,généreux,「généreux」の反対は「,mesquin,713,1061,12.125,12.9375,0.8125
gemma-2-2b,66,val,freq,ja,fr,généreux,「généreux」の反対は「,mesquin,713,65,12.125,17.0,4.875
gemma-2-2b,66,freq,desc,ja,fr,généreux,「généreux」の反対は「,mesquin,713,1205,12.125,11.875,-0.25
gemma-2-2b,66,freq,val,ja,fr,généreux,「généreux」の反対は「,mesquin,713,1439,12.125,9.875,-2.25
gemma-2-2b,66,freq,freq,ja,fr,généreux,「généreux」の反対は「,mesquin,713,1289,12.125,11.6875,-0.4375
gemma-2-2b,67,desc,desc,ja,fr,content,「content」の反対は「,insatisfait,293,293,15.6875,15.6875,0.0
gemma-2-2b,67,desc,val,ja,fr,content,「content」の反対は「,insatisfait,293,264,15.6875,14.125,-1.5625
gemma-2-2b,67,desc,freq,ja,fr,content,「content」の反対は「,insatisfait,293,301,15.6875,15.125,-0.5625
gemma-2-2b,67,val,desc,ja,fr,content,「content」の反対は「,insatisfait,293,200,15.6875,17.0,1.3125
gemma-2-2b,67,val,val,ja,fr,content,「content」の反対は「,insatisfait,293,231,15.6875,17.0,1.3125
gemma-2-2b,67,val,freq,ja,fr,content,「content」の反対は「,insatisfait,293,254,15.6875,16.25,0.5625
gemma-2-2b,67,freq,desc,ja,fr,content,「content」の反対は「,insatisfait,293,267,15.6875,15.9375,0.25
gemma-2-2b,67,freq,val,ja,fr,content,「content」の反対は「,insatisfait,293,317,15.6875,13.8125,-1.875
gemma-2-2b,67,freq,freq,ja,fr,content,「content」の反対は「,insatisfait,293,278,15.6875,15.8125,0.125
gemma-2-2b,68,desc,desc,ja,fr,sain,「sain」の反対は「,malsain,95837,93926,6.8125,6.90625,0.09375
gemma-2-2b,68,desc,val,ja,fr,sain,「sain」の反対は「,malsain,95837,79292,6.8125,5.125,-1.6875
gemma-2-2b,68,desc,freq,ja,fr,sain,「sain」の反対は「,malsain,95837,42374,6.8125,8.9375,2.125
gemma-2-2b,68,val,desc,ja,fr,sain,「sain」の反対は「,malsain,95837,45372,6.8125,9.8125,3.0
gemma-2-2b,68,val,val,ja,fr,sain,「sain」の反対は「,malsain,95837,86679,6.8125,8.1875,1.375
gemma-2-2b,68,val,freq,ja,fr,sain,「sain」の反対は「,malsain,95837,19407,6.8125,11.5,4.6875
gemma-2-2b,68,freq,desc,ja,fr,sain,「sain」の反対は「,malsain,95837,110633,6.8125,5.875,-0.9375
gemma-2-2b,68,freq,val,ja,fr,sain,「sain」の反対は「,malsain,95837,93904,6.8125,4.9375,-1.875
gemma-2-2b,68,freq,freq,ja,fr,sain,「sain」の反対は「,malsain,95837,94804,6.8125,6.84375,0.03125
gemma-2-2b,69,desc,desc,ja,fr,haut,「haut」の反対は「,bas,2,3,18.75,17.5,-1.25
gemma-2-2b,69,desc,val,ja,fr,haut,「haut」の反対は「,bas,2,3,18.75,17.75,-1.0
gemma-2-2b,69,desc,freq,ja,fr,haut,「haut」の反対は「,bas,2,0,18.75,21.25,2.5
gemma-2-2b,69,val,desc,ja,fr,haut,「haut」の反対は「,bas,2,0,18.75,21.0,2.25
gemma-2-2b,69,val,val,ja,fr,haut,「haut」の反対は「,bas,2,3,18.75,19.375,0.625
gemma-2-2b,69,val,freq,ja,fr,haut,「haut」の反対は「,bas,2,0,18.75,22.625,3.875
gemma-2-2b,69,freq,desc,ja,fr,haut,「haut」の反対は「,bas,2,3,18.75,17.75,-1.0
gemma-2-2b,69,freq,val,ja,fr,haut,「haut」の反対は「,bas,2,4,18.75,16.25,-2.5
gemma-2-2b,69,freq,freq,ja,fr,haut,「haut」の反対は「,bas,2,3,18.75,17.5,-1.25
gemma-2-2b,70,desc,desc,ja,fr,important,「important」の反対は「,insignifiant,5,5,21.375,21.375,0.0
gemma-2-2b,70,desc,val,ja,fr,important,「important」の反対は「,insignifiant,5,10,21.375,19.125,-2.25
gemma-2-2b,70,desc,freq,ja,fr,important,「important」の反対は「,insignifiant,5,33,21.375,18.25,-3.125
gemma-2-2b,70,val,desc,ja,fr,important,「important」の反対は「,insignifiant,5,5,21.375,22.125,0.75
gemma-2-2b,70,val,val,ja,fr,important,「important」の反対は「,insignifiant,5,5,21.375,22.25,0.875
gemma-2-2b,70,val,freq,ja,fr,important,「important」の反対は「,insignifiant,5,8,21.375,21.0,-0.375
gemma-2-2b,70,freq,desc,ja,fr,important,「important」の反対は「,insignifiant,5,4,21.375,21.375,0.0
gemma-2-2b,70,freq,val,ja,fr,important,「important」の反対は「,insignifiant,5,6,21.375,20.25,-1.125
gemma-2-2b,70,freq,freq,ja,fr,important,「important」の反対は「,insignifiant,5,5,21.375,21.375,0.0
gemma-2-2b,71,desc,desc,ja,fr,innocent,「innocent」の反対は「,coupable,3061,3061,12.125,12.125,0.0
gemma-2-2b,71,desc,val,ja,fr,innocent,「innocent」の反対は「,coupable,3061,4053,12.125,9.4375,-2.6875
gemma-2-2b,71,desc,freq,ja,fr,innocent,「innocent」の反対は「,coupable,3061,2275,12.125,11.625,-0.5
gemma-2-2b,71,val,desc,ja,fr,innocent,「innocent」の反対は「,coupable,3061,3441,12.125,12.0625,-0.0625
gemma-2-2b,71,val,val,ja,fr,innocent,「innocent」の反対は「,coupable,3061,3232,12.125,12.875,0.75
gemma-2-2b,71,val,freq,ja,fr,innocent,「innocent」の反対は「,coupable,3061,2781,12.125,11.75,-0.375
gemma-2-2b,71,freq,desc,ja,fr,innocent,「innocent」の反対は「,coupable,3061,2921,12.125,12.375,0.25
gemma-2-2b,71,freq,val,ja,fr,innocent,「innocent」の反対は「,coupable,3061,4633,12.125,9.375,-2.75
gemma-2-2b,71,freq,freq,ja,fr,innocent,「innocent」の反対は「,coupable,3061,3081,12.125,12.125,0.0
gemma-2-2b,72,desc,desc,ja,fr,connu,「connu」の反対は「,inconnu,1,5,20.5,19.25,-1.25
gemma-2-2b,72,desc,val,ja,fr,connu,「connu」の反対は「,inconnu,1,1,20.5,19.5,-1.0
gemma-2-2b,72,desc,freq,ja,fr,connu,「connu」の反対は「,inconnu,1,0,20.5,20.875,0.375
gemma-2-2b,72,val,desc,ja,fr,connu,「connu」の反対は「,inconnu,1,0,20.5,23.125,2.625
gemma-2-2b,72,val,val,ja,fr,connu,「connu」の反対は「,inconnu,1,6,20.5,20.375,-0.125
gemma-2-2b,72,val,freq,ja,fr,connu,「connu」の反対は「,inconnu,1,2,20.5,21.625,1.125
gemma-2-2b,72,freq,desc,ja,fr,connu,「connu」の反対は「,inconnu,1,6,20.5,19.375,-1.125
gemma-2-2b,72,freq,val,ja,fr,connu,「connu」の反対は「,inconnu,1,10,20.5,17.875,-2.625
gemma-2-2b,72,freq,freq,ja,fr,connu,「connu」の反対は「,inconnu,1,6,20.5,19.125,-1.375
gemma-2-2b,73,desc,desc,ja,fr,masculin,「masculin」の反対は「,féminin,9,13,16.0,15.25,-0.75
gemma-2-2b,73,desc,val,ja,fr,masculin,「masculin」の反対は「,féminin,9,27,16.0,13.1875,-2.8125
gemma-2-2b,73,desc,freq,ja,fr,masculin,「masculin」の反対は「,féminin,9,50,16.0,15.125,-0.875
gemma-2-2b,73,val,desc,ja,fr,masculin,「masculin」の反対は「,féminin,9,16,16.0,17.5,1.5
gemma-2-2b,73,val,val,ja,fr,masculin,「masculin」の反対は「,féminin,9,24,16.0,16.5,0.5
gemma-2-2b,73,val,freq,ja,fr,masculin,「masculin」の反対は「,féminin,9,52,16.0,16.625,0.625
gemma-2-2b,73,freq,desc,ja,fr,masculin,「masculin」の反対は「,féminin,9,12,16.0,15.5625,-0.4375
gemma-2-2b,73,freq,val,ja,fr,masculin,「masculin」の反対は「,féminin,9,33,16.0,12.8125,-3.1875
gemma-2-2b,73,freq,freq,ja,fr,masculin,「masculin」の反対は「,féminin,9,13,16.0,15.25,-0.75
gemma-2-2b,74,desc,desc,ja,fr,normal,「normal」の反対は「,anormal,29,29,19.75,19.75,0.0
gemma-2-2b,74,desc,val,ja,fr,normal,「normal」の反対は「,anormal,29,35,19.75,17.875,-1.875
gemma-2-2b,74,desc,freq,ja,fr,normal,「normal」の反対は「,anormal,29,35,19.75,18.375,-1.375
gemma-2-2b,74,val,desc,ja,fr,normal,「normal」の反対は「,anormal,29,17,19.75,20.875,1.125
gemma-2-2b,74,val,val,ja,fr,normal,「normal」の反対は「,anormal,29,28,19.75,20.75,1.0
gemma-2-2b,74,val,freq,ja,fr,normal,「normal」の反対は「,anormal,29,3,19.75,20.875,1.125
gemma-2-2b,74,freq,desc,ja,fr,normal,「normal」の反対は「,anormal,29,33,19.75,19.75,0.0
gemma-2-2b,74,freq,val,ja,fr,normal,「normal」の反対は「,anormal,29,27,19.75,18.25,-1.5
gemma-2-2b,74,freq,freq,ja,fr,normal,「normal」の反対は「,anormal,29,25,19.75,19.875,0.125
gemma-2-2b,75,desc,desc,ja,fr,possible,「possible」の反対は「,impossible,0,0,23.125,23.125,0.0
gemma-2-2b,75,desc,val,ja,fr,possible,「possible」の反対は「,impossible,0,0,23.125,21.875,-1.25
gemma-2-2b,75,desc,freq,ja,fr,possible,「possible」の反対は「,impossible,0,0,23.125,22.5,-0.625
gemma-2-2b,75,val,desc,ja,fr,possible,「possible」の反対は「,impossible,0,0,23.125,24.5,1.375
gemma-2-2b,75,val,val,ja,fr,possible,「possible」の反対は「,impossible,0,0,23.125,24.125,1.0
gemma-2-2b,75,val,freq,ja,fr,possible,「possible」の反対は「,impossible,0,0,23.125,24.0,0.875
gemma-2-2b,75,freq,desc,ja,fr,possible,「possible」の反対は「,impossible,0,0,23.125,23.125,0.0
gemma-2-2b,75,freq,val,ja,fr,possible,「possible」の反対は「,impossible,0,0,23.125,22.125,-1.0
gemma-2-2b,75,freq,freq,ja,fr,possible,「possible」の反対は「,impossible,0,0,23.125,23.125,0.0
gemma-2-2b,76,desc,desc,ja,fr,privé,「privé」の反対は「,public,0,0,21.875,22.125,0.25
gemma-2-2b,76,desc,val,ja,fr,privé,「privé」の反対は「,public,0,0,21.875,21.0,-0.875
gemma-2-2b,76,desc,freq,ja,fr,privé,「privé」の反対は「,public,0,0,21.875,21.875,0.0
gemma-2-2b,76,val,desc,ja,fr,privé,「privé」の反対は「,public,0,0,21.875,22.875,1.0
gemma-2-2b,76,val,val,ja,fr,privé,「privé」の反対は「,public,0,0,21.875,23.375,1.5
gemma-2-2b,76,val,freq,ja,fr,privé,「privé」の反対は「,public,0,0,21.875,23.125,1.25
gemma-2-2b,76,freq,desc,ja,fr,privé,「privé」の反対は「,public,0,0,21.875,22.125,0.25
gemma-2-2b,76,freq,val,ja,fr,privé,「privé」の反対は「,public,0,0,21.875,21.375,-0.5
gemma-2-2b,76,freq,freq,ja,fr,privé,「privé」の反対は「,public,0,0,21.875,22.125,0.25
gemma-2-2b,77,desc,desc,ja,fr,juste,「juste」の反対は「,faux,2583,3381,12.3125,11.875,-0.4375
gemma-2-2b,77,desc,val,ja,fr,juste,「juste」の反対は「,faux,2583,5094,12.3125,9.5625,-2.75
gemma-2-2b,77,desc,freq,ja,fr,juste,「juste」の反対は「,faux,2583,1857,12.3125,12.9375,0.625
gemma-2-2b,77,val,desc,ja,fr,juste,「juste」の反対は「,faux,2583,1463,12.3125,14.3125,2.0
gemma-2-2b,77,val,val,ja,fr,juste,「juste」の反対は「,faux,2583,2758,12.3125,13.4375,1.125
gemma-2-2b,77,val,freq,ja,fr,juste,「juste」の反対は「,faux,2583,997,12.3125,14.875,2.5625
gemma-2-2b,77,freq,desc,ja,fr,juste,「juste」の反対は「,faux,2583,2980,12.3125,12.3125,0.0
gemma-2-2b,77,freq,val,ja,fr,juste,「juste」の反対は「,faux,2583,4338,12.3125,9.875,-2.4375
gemma-2-2b,77,freq,freq,ja,fr,juste,「juste」の反対は「,faux,2583,3080,12.3125,12.0,-0.3125
gemma-2-2b,78,desc,desc,ja,fr,simple,「simple」の反対は「,complexe,2,2,21.0,21.0,0.0
gemma-2-2b,78,desc,val,ja,fr,simple,「simple」の反対は「,complexe,2,1,21.0,19.5,-1.5
gemma-2-2b,78,desc,freq,ja,fr,simple,「simple」の反対は「,complexe,2,24,21.0,16.125,-4.875
gemma-2-2b,78,val,desc,ja,fr,simple,「simple」の反対は「,complexe,2,0,21.0,21.25,0.25
gemma-2-2b,78,val,val,ja,fr,simple,「simple」の反対は「,complexe,2,1,21.0,22.75,1.75
gemma-2-2b,78,val,freq,ja,fr,simple,「simple」の反対は「,complexe,2,18,21.0,17.25,-3.75
gemma-2-2b,78,freq,desc,ja,fr,simple,「simple」の反対は「,complexe,2,2,21.0,21.25,0.25
gemma-2-2b,78,freq,val,ja,fr,simple,「simple」の反対は「,complexe,2,2,21.0,19.75,-1.25
gemma-2-2b,78,freq,freq,ja,fr,simple,「simple」の反対は「,complexe,2,2,21.0,21.125,0.125
gemma-2-2b,79,desc,desc,ja,fr,doux,「doux」の反対は「,amer,1019,1929,13.375,12.5625,-0.8125
gemma-2-2b,79,desc,val,ja,fr,doux,「doux」の反対は「,amer,1019,1686,13.375,10.875,-2.5
gemma-2-2b,79,desc,freq,ja,fr,doux,「doux」の反対は「,amer,1019,197,13.375,12.5,-0.875
gemma-2-2b,79,val,desc,ja,fr,doux,「doux」の反対は「,amer,1019,424,13.375,16.0,2.625
gemma-2-2b,79,val,val,ja,fr,doux,「doux」の反対は「,amer,1019,1572,13.375,14.0625,0.6875
gemma-2-2b,79,val,freq,ja,fr,doux,「doux」の反対は「,amer,1019,227,13.375,13.8125,0.4375
gemma-2-2b,79,freq,desc,ja,fr,doux,「doux」の反対は「,amer,1019,1542,13.375,13.3125,-0.0625
gemma-2-2b,79,freq,val,ja,fr,doux,「doux」の反対は「,amer,1019,2003,13.375,10.75,-2.625
gemma-2-2b,79,freq,freq,ja,fr,doux,「doux」の反対は「,amer,1019,2058,13.375,12.5625,-0.8125
gemma-2-2b,80,desc,desc,ja,fr,visible,「visible」の反対は「,invisible,0,0,23.125,23.125,0.0
gemma-2-2b,80,desc,val,ja,fr,visible,「visible」の反対は「,invisible,0,0,23.125,21.5,-1.625
gemma-2-2b,80,desc,freq,ja,fr,visible,「visible」の反対は「,invisible,0,0,23.125,21.25,-1.875
gemma-2-2b,80,val,desc,ja,fr,visible,「visible」の反対は「,invisible,0,0,23.125,23.625,0.5
gemma-2-2b,80,val,val,ja,fr,visible,「visible」の反対は「,invisible,0,0,23.125,23.875,0.75
gemma-2-2b,80,val,freq,ja,fr,visible,「visible」の反対は「,invisible,0,0,23.125,22.625,-0.5
gemma-2-2b,80,freq,desc,ja,fr,visible,「visible」の反対は「,invisible,0,0,23.125,23.125,0.0
gemma-2-2b,80,freq,val,ja,fr,visible,「visible」の反対は「,invisible,0,0,23.125,22.25,-0.875
gemma-2-2b,80,freq,freq,ja,fr,visible,「visible」の反対は「,invisible,0,0,23.125,23.125,0.0
gemma-2-2b,81,desc,desc,ja,fr,chaud,「chaud」の反対は「,froid,6,15,17.625,16.75,-0.875
gemma-2-2b,81,desc,val,ja,fr,chaud,「chaud」の反対は「,froid,6,16,17.625,16.0,-1.625
gemma-2-2b,81,desc,freq,ja,fr,chaud,「chaud」の反対は「,froid,6,4,17.625,18.875,1.25
gemma-2-2b,81,val,desc,ja,fr,chaud,「chaud」の反対は「,froid,6,1,17.625,20.0,2.375
gemma-2-2b,81,val,val,ja,fr,chaud,「chaud」の反対は「,froid,6,11,17.625,18.25,0.625
gemma-2-2b,81,val,freq,ja,fr,chaud,「chaud」の反対は「,froid,6,1,17.625,20.5,2.875
gemma-2-2b,81,freq,desc,ja,fr,chaud,「chaud」の反対は「,froid,6,20,17.625,16.75,-0.875
gemma-2-2b,81,freq,val,ja,fr,chaud,「chaud」の反対は「,froid,6,20,17.625,15.25,-2.375
gemma-2-2b,81,freq,freq,ja,fr,chaud,「chaud」の反対は「,froid,6,18,17.625,16.75,-0.875
gemma-2-2b,82,desc,desc,ja,fr,lisse,「lisse」の反対は「,rugueux,15,15,17.75,17.75,0.0
gemma-2-2b,82,desc,val,ja,fr,lisse,「lisse」の反対は「,rugueux,15,14,17.75,17.375,-0.375
gemma-2-2b,82,desc,freq,ja,fr,lisse,「lisse」の反対は「,rugueux,15,2,17.75,19.75,2.0
gemma-2-2b,82,val,desc,ja,fr,lisse,「lisse」の反対は「,rugueux,15,12,17.75,19.5,1.75
gemma-2-2b,82,val,val,ja,fr,lisse,「lisse」の反対は「,rugueux,15,20,17.75,19.0,1.25
gemma-2-2b,82,val,freq,ja,fr,lisse,「lisse」の反対は「,rugueux,15,4,17.75,20.75,3.0
gemma-2-2b,82,freq,desc,ja,fr,lisse,「lisse」の反対は「,rugueux,15,15,17.75,17.875,0.125
gemma-2-2b,82,freq,val,ja,fr,lisse,「lisse」の反対は「,rugueux,15,24,17.75,16.5,-1.25
gemma-2-2b,82,freq,freq,ja,fr,lisse,「lisse」の反対は「,rugueux,15,15,17.75,17.75,0.0
gemma-2-2b,83,desc,desc,ja,fr,mince,「mince」の反対は「,épais,1247,1247,14.75,14.75,0.0
gemma-2-2b,83,desc,val,ja,fr,mince,「mince」の反対は「,épais,1247,1448,14.75,12.875,-1.875
gemma-2-2b,83,desc,freq,ja,fr,mince,「mince」の反対は「,épais,1247,311,14.75,16.875,2.125
gemma-2-2b,83,val,desc,ja,fr,mince,「mince」の反対は「,épais,1247,292,14.75,17.75,3.0
gemma-2-2b,83,val,val,ja,fr,mince,「mince」の反対は「,épais,1247,1443,14.75,15.5625,0.8125
gemma-2-2b,83,val,freq,ja,fr,mince,「mince」の反対は「,épais,1247,176,14.75,18.25,3.5
gemma-2-2b,83,freq,desc,ja,fr,mince,「mince」の反対は「,épais,1247,942,14.75,15.375,0.625
gemma-2-2b,83,freq,val,ja,fr,mince,「mince」の反対は「,épais,1247,1434,14.75,12.9375,-1.8125
gemma-2-2b,83,freq,freq,ja,fr,mince,「mince」の反対は「,épais,1247,1258,14.75,14.75,0.0
gemma-2-2b,84,desc,desc,ja,fr,grand,「grand」の反対は「,petit,1,2,23.0,22.75,-0.25
gemma-2-2b,84,desc,val,ja,fr,grand,「grand」の反対は「,petit,1,2,23.0,21.25,-1.75
gemma-2-2b,84,desc,freq,ja,fr,grand,「grand」の反対は「,petit,1,3,23.0,21.5,-1.5
gemma-2-2b,84,val,desc,ja,fr,grand,「grand」の反対は「,petit,1,2,23.0,23.125,0.125
gemma-2-2b,84,val,val,ja,fr,grand,「grand」の反対は「,petit,1,2,23.0,23.5,0.5
gemma-2-2b,84,val,freq,ja,fr,grand,「grand」の反対は「,petit,1,1,23.0,22.125,-0.875
gemma-2-2b,84,freq,desc,ja,fr,grand,「grand」の反対は「,petit,1,2,23.0,22.625,-0.375
gemma-2-2b,84,freq,val,ja,fr,grand,「grand」の反対は「,petit,1,2,23.0,21.5,-1.5
gemma-2-2b,84,freq,freq,ja,fr,grand,「grand」の反対は「,petit,1,2,23.0,22.75,-0.25
gemma-2-2b,85,desc,desc,ja,fr,marié,「marié」の反対は「,célibataire,1495,2921,14.75,13.875,-0.875
gemma-2-2b,85,desc,val,ja,fr,marié,「marié」の反対は「,célibataire,1495,5691,14.75,11.3125,-3.4375
gemma-2-2b,85,desc,freq,ja,fr,marié,「marié」の反対は「,célibataire,1495,2062,14.75,14.125,-0.625
gemma-2-2b,85,val,desc,ja,fr,marié,「marié」の反対は「,célibataire,1495,1026,14.75,16.125,1.375
gemma-2-2b,85,val,val,ja,fr,marié,「marié」の反対は「,célibataire,1495,3011,14.75,14.9375,0.1875
gemma-2-2b,85,val,freq,ja,fr,marié,「marié」の反対は「,célibataire,1495,672,14.75,16.625,1.875
gemma-2-2b,85,freq,desc,ja,fr,marié,「marié」の反対は「,célibataire,1495,2474,14.75,14.25,-0.5
gemma-2-2b,85,freq,val,ja,fr,marié,「marié」の反対は「,célibataire,1495,4804,14.75,11.6875,-3.0625
gemma-2-2b,85,freq,freq,ja,fr,marié,「marié」の反対は「,célibataire,1495,2885,14.75,13.875,-0.875
gemma-2-2b,86,desc,desc,ja,fr,optimiste,「optimiste」の反対は「,pessimiste,0,0,23.125,23.125,0.0
gemma-2-2b,86,desc,val,ja,fr,optimiste,「optimiste」の反対は「,pessimiste,0,0,23.125,22.625,-0.5
gemma-2-2b,86,desc,freq,ja,fr,optimiste,「optimiste」の反対は「,pessimiste,0,0,23.125,24.0,0.875
gemma-2-2b,86,val,desc,ja,fr,optimiste,「optimiste」の反対は「,pessimiste,0,0,23.125,24.375,1.25
gemma-2-2b,86,val,val,ja,fr,optimiste,「optimiste」の反対は「,pessimiste,0,0,23.125,24.0,0.875
gemma-2-2b,86,val,freq,ja,fr,optimiste,「optimiste」の反対は「,pessimiste,0,0,23.125,24.5,1.375
gemma-2-2b,86,freq,desc,ja,fr,optimiste,「optimiste」の反対は「,pessimiste,0,0,23.125,23.375,0.25
gemma-2-2b,86,freq,val,ja,fr,optimiste,「optimiste」の反対は「,pessimiste,0,0,23.125,22.25,-0.875
gemma-2-2b,86,freq,freq,ja,fr,optimiste,「optimiste」の反対は「,pessimiste,0,0,23.125,23.125,0.0
gemma-2-2b,87,desc,desc,ja,fr,permanent,「permanent」の反対は「,temporaire,21,21,19.75,19.75,0.0
gemma-2-2b,87,desc,val,ja,fr,permanent,「permanent」の反対は「,temporaire,21,19,19.75,18.125,-1.625
gemma-2-2b,87,desc,freq,ja,fr,permanent,「permanent」の反対は「,temporaire,21,9,19.75,19.75,0.0
gemma-2-2b,87,val,desc,ja,fr,permanent,「permanent」の反対は「,temporaire,21,16,19.75,20.25,0.5
gemma-2-2b,87,val,val,ja,fr,permanent,「permanent」の反対は「,temporaire,21,13,19.75,20.875,1.125
gemma-2-2b,87,val,freq,ja,fr,permanent,「permanent」の反対は「,temporaire,21,15,19.75,20.0,0.25
gemma-2-2b,87,freq,desc,ja,fr,permanent,「permanent」の反対は「,temporaire,21,21,19.75,19.75,0.0
gemma-2-2b,87,freq,val,ja,fr,permanent,「permanent」の反対は「,temporaire,21,24,19.75,18.0,-1.75
gemma-2-2b,87,freq,freq,ja,fr,permanent,「permanent」の反対は「,temporaire,21,22,19.75,19.625,-0.125
gemma-2-2b,88,desc,desc,ja,fr,présent,「présent」の反対は「,passé,0,1,22.25,21.375,-0.875
gemma-2-2b,88,desc,val,ja,fr,présent,「présent」の反対は「,passé,0,1,22.25,20.25,-2.0
gemma-2-2b,88,desc,freq,ja,fr,présent,「présent」の反対は「,passé,0,0,22.25,22.25,0.0
gemma-2-2b,88,val,desc,ja,fr,présent,「présent」の反対は「,passé,0,1,22.25,23.125,0.875
gemma-2-2b,88,val,val,ja,fr,présent,「présent」の反対は「,passé,0,1,22.25,22.375,0.125
gemma-2-2b,88,val,freq,ja,fr,présent,「présent」の反対は「,passé,0,0,22.25,23.125,0.875
gemma-2-2b,88,freq,desc,ja,fr,présent,「présent」の反対は「,passé,0,1,22.25,21.5,-0.75
gemma-2-2b,88,freq,val,ja,fr,présent,「présent」の反対は「,passé,0,2,22.25,20.25,-2.0
gemma-2-2b,88,freq,freq,ja,fr,présent,「présent」の反対は「,passé,0,1,22.25,21.25,-1.0
gemma-2-2b,89,desc,desc,ja,fr,public,「public」の反対は「,privé,3,3,21.25,21.25,0.0
gemma-2-2b,89,desc,val,ja,fr,public,「public」の反対は「,privé,3,3,21.25,20.0,-1.25
gemma-2-2b,89,desc,freq,ja,fr,public,「public」の反対は「,privé,3,2,21.25,21.75,0.5
gemma-2-2b,89,val,desc,ja,fr,public,「public」の反対は「,privé,3,2,21.25,22.25,1.0
gemma-2-2b,89,val,val,ja,fr,public,「public」の反対は「,privé,3,2,21.25,21.875,0.625
gemma-2-2b,89,val,freq,ja,fr,public,「public」の反対は「,privé,3,2,21.25,22.875,1.625
gemma-2-2b,89,freq,desc,ja,fr,public,「public」の反対は「,privé,3,2,21.25,21.125,-0.125
gemma-2-2b,89,freq,val,ja,fr,public,「public」の反対は「,privé,3,3,21.25,19.875,-1.375
gemma-2-2b,89,freq,freq,ja,fr,public,「public」の反対は「,privé,3,3,21.25,21.25,0.0
gemma-2-2b,90,desc,desc,ja,fr,réel,「réel」の反対は「,irréel,2,0,21.5,21.75,0.25
gemma-2-2b,90,desc,val,ja,fr,réel,「réel」の反対は「,irréel,2,0,21.5,21.5,0.0
gemma-2-2b,90,desc,freq,ja,fr,réel,「réel」の反対は「,irréel,2,2,21.5,21.625,0.125
gemma-2-2b,90,val,desc,ja,fr,réel,「réel」の反対は「,irréel,2,1,21.5,23.5,2.0
gemma-2-2b,90,val,val,ja,fr,réel,「réel」の反対は「,irréel,2,2,21.5,22.75,1.25
gemma-2-2b,90,val,freq,ja,fr,réel,「réel」の反対は「,irréel,2,2,21.5,22.75,1.25
gemma-2-2b,90,freq,desc,ja,fr,réel,「réel」の反対は「,irréel,2,3,21.5,21.875,0.375
gemma-2-2b,90,freq,val,ja,fr,réel,「réel」の反対は「,irréel,2,0,21.5,21.0,-0.5
gemma-2-2b,90,freq,freq,ja,fr,réel,「réel」の反対は「,irréel,2,0,21.5,21.875,0.375
gemma-2-2b,91,desc,desc,ja,fr,responsable,「responsable」の反対は「,irresponsable,2,0,22.125,22.5,0.375
gemma-2-2b,91,desc,val,ja,fr,responsable,「responsable」の反対は「,irresponsable,2,0,22.125,22.125,0.0
gemma-2-2b,91,desc,freq,ja,fr,responsable,「responsable」の反対は「,irresponsable,2,3,22.125,21.625,-0.5
gemma-2-2b,91,val,desc,ja,fr,responsable,「responsable」の反対は「,irresponsable,2,1,22.125,24.0,1.875
gemma-2-2b,91,val,val,ja,fr,responsable,「responsable」の反対は「,irresponsable,2,1,22.125,23.25,1.125
gemma-2-2b,91,val,freq,ja,fr,responsable,「responsable」の反対は「,irresponsable,2,4,22.125,22.625,0.5
gemma-2-2b,91,freq,desc,ja,fr,responsable,「responsable」の反対は「,irresponsable,2,2,22.125,22.5,0.375
gemma-2-2b,91,freq,val,ja,fr,responsable,「responsable」の反対は「,irresponsable,2,1,22.125,21.5,-0.625
gemma-2-2b,91,freq,freq,ja,fr,responsable,「responsable」の反対は「,irresponsable,2,1,22.125,22.375,0.25
gemma-2-2b,92,desc,desc,ja,fr,célibataire,「célibataire」の反対は「,marié,261,338,11.5,11.1875,-0.3125
gemma-2-2b,92,desc,val,ja,fr,célibataire,「célibataire」の反対は「,marié,261,568,11.5,8.875,-2.625
gemma-2-2b,92,desc,freq,ja,fr,célibataire,「célibataire」の反対は「,marié,261,30,11.5,15.25,3.75
gemma-2-2b,92,val,desc,ja,fr,célibataire,「célibataire」の反対は「,marié,261,108,11.5,14.0625,2.5625
gemma-2-2b,92,val,val,ja,fr,célibataire,「célibataire」の反対は「,marié,261,360,11.5,12.4375,0.9375
gemma-2-2b,92,val,freq,ja,fr,célibataire,「célibataire」の反対は「,marié,261,10,11.5,17.75,6.25
gemma-2-2b,92,freq,desc,ja,fr,célibataire,「célibataire」の反対は「,marié,261,379,11.5,11.25,-0.25
gemma-2-2b,92,freq,val,ja,fr,célibataire,「célibataire」の反対は「,marié,261,718,11.5,8.375,-3.125
gemma-2-2b,92,freq,freq,ja,fr,célibataire,「célibataire」の反対は「,marié,261,345,11.5,11.125,-0.375
gemma-2-2b,93,desc,desc,ja,fr,acide,「acide」の反対は「,doux,115,168,17.125,16.875,-0.25
gemma-2-2b,93,desc,val,ja,fr,acide,「acide」の反対は「,doux,115,220,17.125,15.25,-1.875
gemma-2-2b,93,desc,freq,ja,fr,acide,「acide」の反対は「,doux,115,253,17.125,16.625,-0.5
gemma-2-2b,93,val,desc,ja,fr,acide,「acide」の反対は「,doux,115,32,17.125,20.25,3.125
gemma-2-2b,93,val,val,ja,fr,acide,「acide」の反対は「,doux,115,126,17.125,18.375,1.25
gemma-2-2b,93,val,freq,ja,fr,acide,「acide」の反対は「,doux,115,32,17.125,19.75,2.625
gemma-2-2b,93,freq,desc,ja,fr,acide,「acide」の反対は「,doux,115,184,17.125,16.875,-0.25
gemma-2-2b,93,freq,val,ja,fr,acide,「acide」の反対は「,doux,115,160,17.125,15.5625,-1.5625
gemma-2-2b,93,freq,freq,ja,fr,acide,「acide」の反対は「,doux,115,153,17.125,17.0,-0.125
gemma-2-2b,94,desc,desc,ja,fr,utile,「utile」の反対は「,inutile,0,0,21.75,21.75,0.0
gemma-2-2b,94,desc,val,ja,fr,utile,「utile」の反対は「,inutile,0,4,21.75,20.125,-1.625
gemma-2-2b,94,desc,freq,ja,fr,utile,「utile」の反対は「,inutile,0,8,21.75,20.75,-1.0
gemma-2-2b,94,val,desc,ja,fr,utile,「utile」の反対は「,inutile,0,1,21.75,23.125,1.375
gemma-2-2b,94,val,val,ja,fr,utile,「utile」の反対は「,inutile,0,0,21.75,22.875,1.125
gemma-2-2b,94,val,freq,ja,fr,utile,「utile」の反対は「,inutile,0,2,21.75,22.125,0.375
gemma-2-2b,94,freq,desc,ja,fr,utile,「utile」の反対は「,inutile,0,1,21.75,21.875,0.125
gemma-2-2b,94,freq,val,ja,fr,utile,「utile」の反対は「,inutile,0,1,21.75,21.0,-0.75
gemma-2-2b,94,freq,freq,ja,fr,utile,「utile」の反対は「,inutile,0,1,21.75,21.75,0.0
gemma-2-2b,95,desc,desc,ja,fr,vertical,「vertical」の反対は「,horizontal,0,0,22.75,22.75,0.0
gemma-2-2b,95,desc,val,ja,fr,vertical,「vertical」の反対は「,horizontal,0,0,22.75,21.875,-0.875
gemma-2-2b,95,desc,freq,ja,fr,vertical,「vertical」の反対は「,horizontal,0,0,22.75,19.5,-3.25
gemma-2-2b,95,val,desc,ja,fr,vertical,「vertical」の反対は「,horizontal,0,0,22.75,23.875,1.125
gemma-2-2b,95,val,val,ja,fr,vertical,「vertical」の反対は「,horizontal,0,0,22.75,24.125,1.375
gemma-2-2b,95,val,freq,ja,fr,vertical,「vertical」の反対は「,horizontal,0,0,22.75,21.25,-1.5
gemma-2-2b,95,freq,desc,ja,fr,vertical,「vertical」の反対は「,horizontal,0,0,22.75,22.875,0.125
gemma-2-2b,95,freq,val,ja,fr,vertical,「vertical」の反対は「,horizontal,0,0,22.75,22.0,-0.75
gemma-2-2b,95,freq,freq,ja,fr,vertical,「vertical」の反対は「,horizontal,0,0,22.75,22.875,0.125
gemma-2-2b,96,desc,desc,ja,fr,bien,「bien」の反対は「,mal,16,17,15.5625,15.5625,0.0
gemma-2-2b,96,desc,val,ja,fr,bien,「bien」の反対は「,mal,16,5,15.5625,15.6875,0.125
gemma-2-2b,96,desc,freq,ja,fr,bien,「bien」の反対は「,mal,16,0,15.5625,19.375,3.8125
gemma-2-2b,96,val,desc,ja,fr,bien,「bien」の反対は「,mal,16,1,15.5625,19.25,3.6875
gemma-2-2b,96,val,val,ja,fr,bien,「bien」の反対は「,mal,16,16,15.5625,16.875,1.3125
gemma-2-2b,96,val,freq,ja,fr,bien,「bien」の反対は「,mal,16,0,15.5625,20.25,4.6875
gemma-2-2b,96,freq,desc,ja,fr,bien,「bien」の反対は「,mal,16,14,15.5625,15.8125,0.25
gemma-2-2b,96,freq,val,ja,fr,bien,「bien」の反対は「,mal,16,30,15.5625,13.4375,-2.125
gemma-2-2b,96,freq,freq,ja,fr,bien,「bien」の反対は「,mal,16,18,15.5625,15.375,-0.1875
gemma-2-2b,97,desc,desc,ja,fr,gagnant,「gagnant」の反対は「,perdant,33,42,13.875,13.375,-0.5
gemma-2-2b,97,desc,val,ja,fr,gagnant,「gagnant」の反対は「,perdant,33,44,13.875,11.75,-2.125
gemma-2-2b,97,desc,freq,ja,fr,gagnant,「gagnant」の反対は「,perdant,33,1,13.875,18.25,4.375
gemma-2-2b,97,val,desc,ja,fr,gagnant,「gagnant」の反対は「,perdant,33,1,13.875,19.25,5.375
gemma-2-2b,97,val,val,ja,fr,gagnant,「gagnant」の反対は「,perdant,33,44,13.875,15.0,1.125
gemma-2-2b,97,val,freq,ja,fr,gagnant,「gagnant」の反対は「,perdant,33,0,13.875,21.75,7.875
gemma-2-2b,97,freq,desc,ja,fr,gagnant,「gagnant」の反対は「,perdant,33,35,13.875,13.9375,0.0625
gemma-2-2b,97,freq,val,ja,fr,gagnant,「gagnant」の反対は「,perdant,33,86,13.875,10.75,-3.125
gemma-2-2b,97,freq,freq,ja,fr,gagnant,「gagnant」の反対は「,perdant,33,40,13.875,13.4375,-0.4375
gemma-2-2b,98,desc,desc,ja,fr,méchant,「méchant」の反対は「,gentil,19,13,14.6875,15.0,0.3125
gemma-2-2b,98,desc,val,ja,fr,méchant,「méchant」の反対は「,gentil,19,28,14.6875,13.3125,-1.375
gemma-2-2b,98,desc,freq,ja,fr,méchant,「méchant」の反対は「,gentil,19,27,14.6875,15.8125,1.125
gemma-2-2b,98,val,desc,ja,fr,méchant,「méchant」の反対は「,gentil,19,4,14.6875,17.875,3.1875
gemma-2-2b,98,val,val,ja,fr,méchant,「méchant」の反対は「,gentil,19,15,14.6875,16.625,1.9375
gemma-2-2b,98,val,freq,ja,fr,méchant,「méchant」の反対は「,gentil,19,23,14.6875,17.25,2.5625
gemma-2-2b,98,freq,desc,ja,fr,méchant,「méchant」の反対は「,gentil,19,21,14.6875,15.0,0.3125
gemma-2-2b,98,freq,val,ja,fr,méchant,「méchant」の反対は「,gentil,19,29,14.6875,12.9375,-1.75
gemma-2-2b,98,freq,freq,ja,fr,méchant,「méchant」の反対は「,gentil,19,19,14.6875,14.875,0.1875
gemma-2-2b,99,desc,desc,ja,fr,lâche,「lâche」の反対は「,courageux,3134,8437,12.6875,11.125,-1.5625
gemma-2-2b,99,desc,val,ja,fr,lâche,「lâche」の反対は「,courageux,3134,13541,12.6875,8.0625,-4.625
gemma-2-2b,99,desc,freq,ja,fr,lâche,「lâche」の反対は「,courageux,3134,3542,12.6875,12.8125,0.125
gemma-2-2b,99,val,desc,ja,fr,lâche,「lâche」の反対は「,courageux,3134,1313,12.6875,15.375,2.6875
gemma-2-2b,99,val,val,ja,fr,lâche,「lâche」の反対は「,courageux,3134,5240,12.6875,12.9375,0.25
gemma-2-2b,99,val,freq,ja,fr,lâche,「lâche」の反対は「,courageux,3134,976,12.6875,15.5625,2.875
gemma-2-2b,99,freq,desc,ja,fr,lâche,「lâche」の反対は「,courageux,3134,8496,12.6875,11.4375,-1.25
gemma-2-2b,99,freq,val,ja,fr,lâche,「lâche」の反対は「,courageux,3134,13121,12.6875,8.4375,-4.25
gemma-2-2b,99,freq,freq,ja,fr,lâche,「lâche」の反対は「,courageux,3134,8080,12.6875,11.375,-1.3125
gemma-2-2b,0,desc,desc,ja,ja,良い,「良い」の反対は「,悪い,0,6,19.75,20.375,0.625
gemma-2-2b,0,desc,val,ja,ja,良い,「良い」の反対は「,悪い,0,7,19.75,20.0,0.25
gemma-2-2b,0,desc,freq,ja,ja,良い,「良い」の反対は「,悪い,0,4,19.75,15.25,-4.5
gemma-2-2b,0,val,desc,ja,ja,良い,「良い」の反対は「,悪い,0,1,19.75,20.875,1.125
gemma-2-2b,0,val,val,ja,ja,良い,「良い」の反対は「,悪い,0,8,19.75,20.875,1.125
gemma-2-2b,0,val,freq,ja,ja,良い,「良い」の反対は「,悪い,0,2,19.75,16.75,-3.0
gemma-2-2b,0,freq,desc,ja,ja,良い,「良い」の反対は「,悪い,0,6,19.75,17.375,-2.375
gemma-2-2b,0,freq,val,ja,ja,良い,「良い」の反対は「,悪い,0,8,19.75,17.25,-2.5
gemma-2-2b,0,freq,freq,ja,ja,良い,「良い」の反対は「,悪い,0,7,19.75,18.375,-1.375
gemma-2-2b,1,desc,desc,ja,ja,嬉しい,「嬉しい」の反対は「,悲しい,0,5,17.75,19.875,2.125
gemma-2-2b,1,desc,val,ja,ja,嬉しい,「嬉しい」の反対は「,悲しい,0,25,17.75,18.625,0.875
gemma-2-2b,1,desc,freq,ja,ja,嬉しい,「嬉しい」の反対は「,悲しい,0,64,17.75,9.875,-7.875
gemma-2-2b,1,val,desc,ja,ja,嬉しい,「嬉しい」の反対は「,悲しい,0,77,17.75,15.5625,-2.1875
gemma-2-2b,1,val,val,ja,ja,嬉しい,「嬉しい」の反対は「,悲しい,0,21,17.75,19.25,1.5
gemma-2-2b,1,val,freq,ja,ja,嬉しい,「嬉しい」の反対は「,悲しい,0,206,17.75,9.375,-8.375
gemma-2-2b,1,freq,desc,ja,ja,嬉しい,「嬉しい」の反対は「,悲しい,0,11,17.75,15.5,-2.25
gemma-2-2b,1,freq,val,ja,ja,嬉しい,「嬉しい」の反対は「,悲しい,0,12,17.75,16.375,-1.375
gemma-2-2b,1,freq,freq,ja,ja,嬉しい,「嬉しい」の反対は「,悲しい,0,6,17.75,17.375,-0.375
gemma-2-2b,2,desc,desc,ja,ja,大きい,「大きい」の反対は「,小さい,0,0,20.0,22.5,2.5
gemma-2-2b,2,desc,val,ja,ja,大きい,「大きい」の反対は「,小さい,0,0,20.0,21.5,1.5
gemma-2-2b,2,desc,freq,ja,ja,大きい,「大きい」の反対は「,小さい,0,0,20.0,15.375,-4.625
gemma-2-2b,2,val,desc,ja,ja,大きい,「大きい」の反対は「,小さい,0,0,20.0,21.25,1.25
gemma-2-2b,2,val,val,ja,ja,大きい,「大きい」の反対は「,小さい,0,1,20.0,22.125,2.125
gemma-2-2b,2,val,freq,ja,ja,大きい,「大きい」の反対は「,小さい,0,1,20.0,17.0,-3.0
gemma-2-2b,2,freq,desc,ja,ja,大きい,「大きい」の反対は「,小さい,0,0,20.0,18.875,-1.125
gemma-2-2b,2,freq,val,ja,ja,大きい,「大きい」の反対は「,小さい,0,0,20.0,19.125,-0.875
gemma-2-2b,2,freq,freq,ja,ja,大きい,「大きい」の反対は「,小さい,0,0,20.0,20.125,0.125
gemma-2-2b,3,desc,desc,ja,ja,暑い,「暑い」の反対は「,寒い,0,3,18.375,20.875,2.5
gemma-2-2b,3,desc,val,ja,ja,暑い,「暑い」の反対は「,寒い,0,6,18.375,20.0,1.625
gemma-2-2b,3,desc,freq,ja,ja,暑い,「暑い」の反対は「,寒い,0,14,18.375,11.25,-7.125
gemma-2-2b,3,val,desc,ja,ja,暑い,「暑い」の反対は「,寒い,0,4,18.375,19.5,1.125
gemma-2-2b,3,val,val,ja,ja,暑い,「暑い」の反対は「,寒い,0,8,18.375,21.125,2.75
gemma-2-2b,3,val,freq,ja,ja,暑い,「暑い」の反対は「,寒い,0,26,18.375,13.0625,-5.3125
gemma-2-2b,3,freq,desc,ja,ja,暑い,「暑い」の反対は「,寒い,0,4,18.375,17.125,-1.25
gemma-2-2b,3,freq,val,ja,ja,暑い,「暑い」の反対は「,寒い,0,4,18.375,17.75,-0.625
gemma-2-2b,3,freq,freq,ja,ja,暑い,「暑い」の反対は「,寒い,0,2,18.375,18.5,0.125
gemma-2-2b,4,desc,desc,ja,ja,速い,「速い」の反対は「,遅い,0,1,20.25,22.0,1.75
gemma-2-2b,4,desc,val,ja,ja,速い,「速い」の反対は「,遅い,0,4,20.25,21.0,0.75
gemma-2-2b,4,desc,freq,ja,ja,速い,「速い」の反対は「,遅い,0,7,20.25,13.5625,-6.6875
gemma-2-2b,4,val,desc,ja,ja,速い,「速い」の反対は「,遅い,0,1,20.25,21.125,0.875
gemma-2-2b,4,val,val,ja,ja,速い,「速い」の反対は「,遅い,0,2,20.25,22.5,2.25
gemma-2-2b,4,val,freq,ja,ja,速い,「速い」の反対は「,遅い,0,14,20.25,15.25,-5.0
gemma-2-2b,4,freq,desc,ja,ja,速い,「速い」の反対は「,遅い,0,1,20.25,18.25,-2.0
gemma-2-2b,4,freq,val,ja,ja,速い,「速い」の反対は「,遅い,0,2,20.25,19.125,-1.125
gemma-2-2b,4,freq,freq,ja,ja,速い,「速い」の反対は「,遅い,0,2,20.25,18.75,-1.5
gemma-2-2b,5,desc,desc,ja,ja,軽い,「軽い」の反対は「,重い,0,1,20.5,22.125,1.625
gemma-2-2b,5,desc,val,ja,ja,軽い,「軽い」の反対は「,重い,0,2,20.5,21.5,1.0
gemma-2-2b,5,desc,freq,ja,ja,軽い,「軽い」の反対は「,重い,0,0,20.5,18.0,-2.5
gemma-2-2b,5,val,desc,ja,ja,軽い,「軽い」の反対は「,重い,0,1,20.5,22.375,1.875
gemma-2-2b,5,val,val,ja,ja,軽い,「軽い」の反対は「,重い,0,2,20.5,23.0,2.5
gemma-2-2b,5,val,freq,ja,ja,軽い,「軽い」の反対は「,重い,0,1,20.5,19.5,-1.0
gemma-2-2b,5,freq,desc,ja,ja,軽い,「軽い」の反対は「,重い,0,1,20.5,20.0,-0.5
gemma-2-2b,5,freq,val,ja,ja,軽い,「軽い」の反対は「,重い,0,1,20.5,19.875,-0.625
gemma-2-2b,5,freq,freq,ja,ja,軽い,「軽い」の反対は「,重い,0,1,20.5,20.125,-0.375
gemma-2-2b,6,desc,desc,ja,ja,簡単な,「簡単な」の反対は「,難しい,0,2,20.5,21.875,1.375
gemma-2-2b,6,desc,val,ja,ja,簡単な,「簡単な」の反対は「,難しい,0,6,20.5,21.125,0.625
gemma-2-2b,6,desc,freq,ja,ja,簡単な,「簡単な」の反対は「,難しい,0,12,20.5,15.8125,-4.6875
gemma-2-2b,6,val,desc,ja,ja,簡単な,「簡単な」の反対は「,難しい,0,1,20.5,21.875,1.375
gemma-2-2b,6,val,val,ja,ja,簡単な,「簡単な」の反対は「,難しい,0,4,20.5,22.25,1.75
gemma-2-2b,6,val,freq,ja,ja,簡単な,「簡単な」の反対は「,難しい,0,11,20.5,17.5,-3.0
gemma-2-2b,6,freq,desc,ja,ja,簡単な,「簡単な」の反対は「,難しい,0,3,20.5,18.625,-1.875
gemma-2-2b,6,freq,val,ja,ja,簡単な,「簡単な」の反対は「,難しい,0,6,20.5,18.75,-1.75
gemma-2-2b,6,freq,freq,ja,ja,簡単な,「簡単な」の反対は「,難しい,0,2,20.5,19.75,-0.75
gemma-2-2b,7,desc,desc,ja,ja,新しい,「新しい」の反対は「,古い,0,1,19.75,21.25,1.5
gemma-2-2b,7,desc,val,ja,ja,新しい,「新しい」の反対は「,古い,0,3,19.75,20.875,1.125
gemma-2-2b,7,desc,freq,ja,ja,新しい,「新しい」の反対は「,古い,0,0,19.75,15.6875,-4.0625
gemma-2-2b,7,val,desc,ja,ja,新しい,「新しい」の反対は「,古い,0,5,19.75,19.75,0.0
gemma-2-2b,7,val,val,ja,ja,新しい,「新しい」の反対は「,古い,0,6,19.75,21.375,1.625
gemma-2-2b,7,val,freq,ja,ja,新しい,「新しい」の反対は「,古い,0,5,19.75,16.25,-3.5
gemma-2-2b,7,freq,desc,ja,ja,新しい,「新しい」の反対は「,古い,0,2,19.75,18.5,-1.25
gemma-2-2b,7,freq,val,ja,ja,新しい,「新しい」の反対は「,古い,0,3,19.75,19.0,-0.75
gemma-2-2b,7,freq,freq,ja,ja,新しい,「新しい」の反対は「,古い,0,3,19.75,19.5,-0.25
gemma-2-2b,8,desc,desc,ja,ja,正しい,「正しい」の反対は「,間違った,0,9,19.125,20.875,1.75
gemma-2-2b,8,desc,val,ja,ja,正しい,「正しい」の反対は「,間違った,0,8,19.125,20.0,0.875
gemma-2-2b,8,desc,freq,ja,ja,正しい,「正しい」の反対は「,間違った,0,5,19.125,15.125,-4.0
gemma-2-2b,8,val,desc,ja,ja,正しい,「正しい」の反対は「,間違った,0,10,19.125,19.5,0.375
gemma-2-2b,8,val,val,ja,ja,正しい,「正しい」の反対は「,間違った,0,14,19.125,20.625,1.5
gemma-2-2b,8,val,freq,ja,ja,正しい,「正しい」の反対は「,間違った,0,13,19.125,15.0,-4.125
gemma-2-2b,8,freq,desc,ja,ja,正しい,「正しい」の反対は「,間違った,0,9,19.125,17.75,-1.375
gemma-2-2b,8,freq,val,ja,ja,正しい,「正しい」の反対は「,間違った,0,7,19.125,17.875,-1.25
gemma-2-2b,8,freq,freq,ja,ja,正しい,「正しい」の反対は「,間違った,0,6,19.125,18.75,-0.375
gemma-2-2b,9,desc,desc,ja,ja,生きている,「生きている」の反対は「,死んでいる,0,0,18.375,22.5,4.125
gemma-2-2b,9,desc,val,ja,ja,生きている,「生きている」の反対は「,死んでいる,0,0,18.375,21.875,3.5
gemma-2-2b,9,desc,freq,ja,ja,生きている,「生きている」の反対は「,死んでいる,0,0,18.375,18.0,-0.375
gemma-2-2b,9,val,desc,ja,ja,生きている,「生きている」の反対は「,死んでいる,0,0,18.375,23.25,4.875
gemma-2-2b,9,val,val,ja,ja,生きている,「生きている」の反対は「,死んでいる,0,0,18.375,24.0,5.625
gemma-2-2b,9,val,freq,ja,ja,生きている,「生きている」の反対は「,死んでいる,0,0,18.375,19.625,1.25
gemma-2-2b,9,freq,desc,ja,ja,生きている,「生きている」の反対は「,死んでいる,0,0,18.375,19.75,1.375
gemma-2-2b,9,freq,val,ja,ja,生きている,「生きている」の反対は「,死んでいる,0,0,18.375,20.0,1.625
gemma-2-2b,9,freq,freq,ja,ja,生きている,「生きている」の反対は「,死んでいる,0,0,18.375,20.25,1.875
gemma-2-2b,10,desc,desc,ja,ja,満杯,「満杯」の反対は「,空っぽ,0,0,19.0,24.125,5.125
gemma-2-2b,10,desc,val,ja,ja,満杯,「満杯」の反対は「,空っぽ,0,0,19.0,24.5,5.5
gemma-2-2b,10,desc,freq,ja,ja,満杯,「満杯」の反対は「,空っぽ,0,1,19.0,19.75,0.75
gemma-2-2b,10,val,desc,ja,ja,満杯,「満杯」の反対は「,空っぽ,0,0,19.0,23.5,4.5
gemma-2-2b,10,val,val,ja,ja,満杯,「満杯」の反対は「,空っぽ,0,0,19.0,24.875,5.875
gemma-2-2b,10,val,freq,ja,ja,満杯,「満杯」の反対は「,空っぽ,0,1,19.0,20.125,1.125
gemma-2-2b,10,freq,desc,ja,ja,満杯,「満杯」の反対は「,空っぽ,0,0,19.0,21.75,2.75
gemma-2-2b,10,freq,val,ja,ja,満杯,「満杯」の反対は「,空っぽ,0,0,19.0,22.625,3.625
gemma-2-2b,10,freq,freq,ja,ja,満杯,「満杯」の反対は「,空っぽ,0,0,19.0,22.125,3.125
gemma-2-2b,11,desc,desc,ja,ja,明るい,「明るい」の反対は「,暗い,0,1,20.75,21.875,1.125
gemma-2-2b,11,desc,val,ja,ja,明るい,「明るい」の反対は「,暗い,0,2,20.75,21.125,0.375
gemma-2-2b,11,desc,freq,ja,ja,明るい,「明るい」の反対は「,暗い,0,1,20.75,15.375,-5.375
gemma-2-2b,11,val,desc,ja,ja,明るい,「明るい」の反対は「,暗い,0,0,20.75,22.125,1.375
gemma-2-2b,11,val,val,ja,ja,明るい,「明るい」の反対は「,暗い,0,2,20.75,22.375,1.625
gemma-2-2b,11,val,freq,ja,ja,明るい,「明るい」の反対は「,暗い,0,0,20.75,17.75,-3.0
gemma-2-2b,11,freq,desc,ja,ja,明るい,「明るい」の反対は「,暗い,0,0,20.75,19.125,-1.625
gemma-2-2b,11,freq,val,ja,ja,明るい,「明るい」の反対は「,暗い,0,1,20.75,19.75,-1.0
gemma-2-2b,11,freq,freq,ja,ja,明るい,「明るい」の反対は「,暗い,0,0,20.75,20.125,-0.625
gemma-2-2b,12,desc,desc,ja,ja,強い,「強い」の反対は「,弱い,0,2,21.0,22.375,1.375
gemma-2-2b,12,desc,val,ja,ja,強い,「強い」の反対は「,弱い,0,8,21.0,20.75,-0.25
gemma-2-2b,12,desc,freq,ja,ja,強い,「強い」の反対は「,弱い,0,6,21.0,13.9375,-7.0625
gemma-2-2b,12,val,desc,ja,ja,強い,「強い」の反対は「,弱い,0,1,21.0,22.375,1.375
gemma-2-2b,12,val,val,ja,ja,強い,「強い」の反対は「,弱い,0,7,21.0,22.375,1.375
gemma-2-2b,12,val,freq,ja,ja,強い,「強い」の反対は「,弱い,0,4,21.0,15.6875,-5.3125
gemma-2-2b,12,freq,desc,ja,ja,強い,「強い」の反対は「,弱い,0,1,21.0,19.5,-1.5
gemma-2-2b,12,freq,val,ja,ja,強い,「強い」の反対は「,弱い,0,4,21.0,19.25,-1.75
gemma-2-2b,12,freq,freq,ja,ja,強い,「強い」の反対は「,弱い,0,2,21.0,20.125,-0.875
gemma-2-2b,13,desc,desc,ja,ja,きれいな,「きれいな」の反対は「,汚い,0,0,19.25,22.625,3.375
gemma-2-2b,13,desc,val,ja,ja,きれいな,「きれいな」の反対は「,汚い,0,0,19.25,21.625,2.375
gemma-2-2b,13,desc,freq,ja,ja,きれいな,「きれいな」の反対は「,汚い,0,0,19.25,17.0,-2.25
gemma-2-2b,13,val,desc,ja,ja,きれいな,「きれいな」の反対は「,汚い,0,0,19.25,21.75,2.5
gemma-2-2b,13,val,val,ja,ja,きれいな,「きれいな」の反対は「,汚い,0,1,19.25,22.75,3.5
gemma-2-2b,13,val,freq,ja,ja,きれいな,「きれいな」の反対は「,汚い,0,2,19.25,18.25,-1.0
gemma-2-2b,13,freq,desc,ja,ja,きれいな,「きれいな」の反対は「,汚い,0,0,19.25,19.875,0.625
gemma-2-2b,13,freq,val,ja,ja,きれいな,「きれいな」の反対は「,汚い,0,0,19.25,19.875,0.625
gemma-2-2b,13,freq,freq,ja,ja,きれいな,「きれいな」の反対は「,汚い,0,0,19.25,20.875,1.625
gemma-2-2b,14,desc,desc,ja,ja,開いた,「開いた」の反対は「,閉じた,0,3,19.25,21.625,2.375
gemma-2-2b,14,desc,val,ja,ja,開いた,「開いた」の反対は「,閉じた,0,3,19.25,21.375,2.125
gemma-2-2b,14,desc,freq,ja,ja,開いた,「開いた」の反対は「,閉じた,0,0,19.25,18.875,-0.375
gemma-2-2b,14,val,desc,ja,ja,開いた,「開いた」の反対は「,閉じた,0,1,19.25,21.25,2.0
gemma-2-2b,14,val,val,ja,ja,開いた,「開いた」の反対は「,閉じた,0,3,19.25,22.375,3.125
gemma-2-2b,14,val,freq,ja,ja,開いた,「開いた」の反対は「,閉じた,0,1,19.25,19.25,0.0
gemma-2-2b,14,freq,desc,ja,ja,開いた,「開いた」の反対は「,閉じた,0,1,19.25,20.0,0.75
gemma-2-2b,14,freq,val,ja,ja,開いた,「開いた」の反対は「,閉じた,0,1,19.25,20.375,1.125
gemma-2-2b,14,freq,freq,ja,ja,開いた,「開いた」の反対は「,閉じた,0,1,19.25,20.75,1.5
gemma-2-2b,15,desc,desc,ja,ja,裕福な,「裕福な」の反対は「,貧しい,0,1,19.625,21.375,1.75
gemma-2-2b,15,desc,val,ja,ja,裕福な,「裕福な」の反対は「,貧しい,0,0,19.625,21.0,1.375
gemma-2-2b,15,desc,freq,ja,ja,裕福な,「裕福な」の反対は「,貧しい,0,0,19.625,16.625,-3.0
gemma-2-2b,15,val,desc,ja,ja,裕福な,「裕福な」の反対は「,貧しい,0,2,19.625,21.625,2.0
gemma-2-2b,15,val,val,ja,ja,裕福な,「裕福な」の反対は「,貧しい,0,2,19.625,21.75,2.125
gemma-2-2b,15,val,freq,ja,ja,裕福な,「裕福な」の反対は「,貧しい,0,0,19.625,19.0,-0.625
gemma-2-2b,15,freq,desc,ja,ja,裕福な,「裕福な」の反対は「,貧しい,0,0,19.625,19.375,-0.25
gemma-2-2b,15,freq,val,ja,ja,裕福な,「裕福な」の反対は「,貧しい,0,0,19.625,20.125,0.5
gemma-2-2b,15,freq,freq,ja,ja,裕福な,「裕福な」の反対は「,貧しい,0,0,19.625,20.0,0.375
gemma-2-2b,16,desc,desc,ja,ja,美しい,「美しい」の反対は「,醜い,0,1,18.875,23.125,4.25
gemma-2-2b,16,desc,val,ja,ja,美しい,「美しい」の反対は「,醜い,0,1,18.875,21.875,3.0
gemma-2-2b,16,desc,freq,ja,ja,美しい,「美しい」の反対は「,醜い,0,7,18.875,15.375,-3.5
gemma-2-2b,16,val,desc,ja,ja,美しい,「美しい」の反対は「,醜い,0,1,18.875,22.125,3.25
gemma-2-2b,16,val,val,ja,ja,美しい,「美しい」の反対は「,醜い,0,1,18.875,23.5,4.625
gemma-2-2b,16,val,freq,ja,ja,美しい,「美しい」の反対は「,醜い,0,19,18.875,16.0,-2.875
gemma-2-2b,16,freq,desc,ja,ja,美しい,「美しい」の反対は「,醜い,0,0,18.875,20.125,1.25
gemma-2-2b,16,freq,val,ja,ja,美しい,「美しい」の反対は「,醜い,0,1,18.875,20.125,1.25
gemma-2-2b,16,freq,freq,ja,ja,美しい,「美しい」の反対は「,醜い,0,0,18.875,20.625,1.75
gemma-2-2b,17,desc,desc,ja,ja,長い,「長い」の反対は「,短い,0,1,21.125,23.5,2.375
gemma-2-2b,17,desc,val,ja,ja,長い,「長い」の反対は「,短い,0,1,21.125,22.5,1.375
gemma-2-2b,17,desc,freq,ja,ja,長い,「長い」の反対は「,短い,0,1,21.125,19.25,-1.875
gemma-2-2b,17,val,desc,ja,ja,長い,「長い」の反対は「,短い,0,1,21.125,22.375,1.25
gemma-2-2b,17,val,val,ja,ja,長い,「長い」の反対は「,短い,0,3,21.125,23.5,2.375
gemma-2-2b,17,val,freq,ja,ja,長い,「長い」の反対は「,短い,0,1,21.125,19.375,-1.75
gemma-2-2b,17,freq,desc,ja,ja,長い,「長い」の反対は「,短い,0,1,21.125,20.875,-0.25
gemma-2-2b,17,freq,val,ja,ja,長い,「長い」の反対は「,短い,0,1,21.125,20.625,-0.5
gemma-2-2b,17,freq,freq,ja,ja,長い,「長い」の反対は「,短い,0,1,21.125,21.5,0.375
gemma-2-2b,18,desc,desc,ja,ja,広い,「広い」の反対は「,狭い,0,1,21.125,23.25,2.125
gemma-2-2b,18,desc,val,ja,ja,広い,「広い」の反対は「,狭い,0,3,21.125,21.625,0.5
gemma-2-2b,18,desc,freq,ja,ja,広い,「広い」の反対は「,狭い,0,1,21.125,16.25,-4.875
gemma-2-2b,18,val,desc,ja,ja,広い,「広い」の反対は「,狭い,0,1,21.125,22.125,1.0
gemma-2-2b,18,val,val,ja,ja,広い,「広い」の反対は「,狭い,0,1,21.125,23.875,2.75
gemma-2-2b,18,val,freq,ja,ja,広い,「広い」の反対は「,狭い,0,4,21.125,17.625,-3.5
gemma-2-2b,18,freq,desc,ja,ja,広い,「広い」の反対は「,狭い,0,1,21.125,19.625,-1.5
gemma-2-2b,18,freq,val,ja,ja,広い,「広い」の反対は「,狭い,0,2,21.125,19.75,-1.375
gemma-2-2b,18,freq,freq,ja,ja,広い,「広い」の反対は「,狭い,0,1,21.125,20.25,-0.875
gemma-2-2b,19,desc,desc,ja,ja,硬い,「硬い」の反対は「,柔らかい,0,4,17.5,20.125,2.625
gemma-2-2b,19,desc,val,ja,ja,硬い,「硬い」の反対は「,柔らかい,0,27,17.5,17.875,0.375
gemma-2-2b,19,desc,freq,ja,ja,硬い,「硬い」の反対は「,柔らかい,0,9,17.5,12.0,-5.5
gemma-2-2b,19,val,desc,ja,ja,硬い,「硬い」の反対は「,柔らかい,0,9,17.5,18.75,1.25
gemma-2-2b,19,val,val,ja,ja,硬い,「硬い」の反対は「,柔らかい,0,18,17.5,19.375,1.875
gemma-2-2b,19,val,freq,ja,ja,硬い,「硬い」の反対は「,柔らかい,0,8,17.5,13.75,-3.75
gemma-2-2b,19,freq,desc,ja,ja,硬い,「硬い」の反対は「,柔らかい,0,5,17.5,17.25,-0.25
gemma-2-2b,19,freq,val,ja,ja,硬い,「硬い」の反対は「,柔らかい,0,14,17.5,16.5,-1.0
gemma-2-2b,19,freq,freq,ja,ja,硬い,「硬い」の反対は「,柔らかい,0,6,17.5,17.875,0.375
gemma-2-2b,20,desc,desc,ja,ja,乾いた,「乾いた」の反対は「,湿った,0,1,17.5,22.125,4.625
gemma-2-2b,20,desc,val,ja,ja,乾いた,「乾いた」の反対は「,湿った,0,4,17.5,21.375,3.875
gemma-2-2b,20,desc,freq,ja,ja,乾いた,「乾いた」の反対は「,湿った,0,7,17.5,15.25,-2.25
gemma-2-2b,20,val,desc,ja,ja,乾いた,「乾いた」の反対は「,湿った,0,3,17.5,20.75,3.25
gemma-2-2b,20,val,val,ja,ja,乾いた,「乾いた」の反対は「,湿った,0,4,17.5,22.75,5.25
gemma-2-2b,20,val,freq,ja,ja,乾いた,「乾いた」の反対は「,湿った,0,9,17.5,16.25,-1.25
gemma-2-2b,20,freq,desc,ja,ja,乾いた,「乾いた」の反対は「,湿った,0,0,17.5,19.75,2.25
gemma-2-2b,20,freq,val,ja,ja,乾いた,「乾いた」の反対は「,湿った,0,2,17.5,19.875,2.375
gemma-2-2b,20,freq,freq,ja,ja,乾いた,「乾いた」の反対は「,湿った,0,0,17.5,20.125,2.625
gemma-2-2b,21,desc,desc,ja,ja,うるさい,「うるさい」の反対は「,静かな,0,1,18.75,22.375,3.625
gemma-2-2b,21,desc,val,ja,ja,うるさい,「うるさい」の反対は「,静かな,0,0,18.75,21.875,3.125
gemma-2-2b,21,desc,freq,ja,ja,うるさい,「うるさい」の反対は「,静かな,0,3,18.75,14.6875,-4.0625
gemma-2-2b,21,val,desc,ja,ja,うるさい,「うるさい」の反対は「,静かな,0,0,18.75,21.5,2.75
gemma-2-2b,21,val,val,ja,ja,うるさい,「うるさい」の反対は「,静かな,0,0,18.75,23.25,4.5
gemma-2-2b,21,val,freq,ja,ja,うるさい,「うるさい」の反対は「,静かな,0,3,18.75,15.6875,-3.0625
gemma-2-2b,21,freq,desc,ja,ja,うるさい,「うるさい」の反対は「,静かな,0,0,18.75,19.75,1.0
gemma-2-2b,21,freq,val,ja,ja,うるさい,「うるさい」の反対は「,静かな,0,0,18.75,20.25,1.5
gemma-2-2b,21,freq,freq,ja,ja,うるさい,「うるさい」の反対は「,静かな,0,0,18.75,20.875,2.125
gemma-2-2b,22,desc,desc,ja,ja,早い,「早い」の反対は「,遅い,0,0,21.0,22.875,1.875
gemma-2-2b,22,desc,val,ja,ja,早い,「早い」の反対は「,遅い,0,0,21.0,21.625,0.625
gemma-2-2b,22,desc,freq,ja,ja,早い,「早い」の反対は「,遅い,0,3,21.0,15.375,-5.625
gemma-2-2b,22,val,desc,ja,ja,早い,「早い」の反対は「,遅い,0,0,21.0,22.25,1.25
gemma-2-2b,22,val,val,ja,ja,早い,「早い」の反対は「,遅い,0,0,21.0,23.375,2.375
gemma-2-2b,22,val,freq,ja,ja,早い,「早い」の反対は「,遅い,0,3,21.0,17.375,-3.625
gemma-2-2b,22,freq,desc,ja,ja,早い,「早い」の反対は「,遅い,0,0,21.0,19.625,-1.375
gemma-2-2b,22,freq,val,ja,ja,早い,「早い」の反対は「,遅い,0,0,21.0,19.75,-1.25
gemma-2-2b,22,freq,freq,ja,ja,早い,「早い」の反対は「,遅い,0,0,21.0,20.0,-1.0
gemma-2-2b,23,desc,desc,ja,ja,近い,「近い」の反対は「,遠い,0,4,21.625,23.375,1.75
gemma-2-2b,23,desc,val,ja,ja,近い,「近い」の反対は「,遠い,0,7,21.625,22.5,0.875
gemma-2-2b,23,desc,freq,ja,ja,近い,「近い」の反対は「,遠い,0,5,21.625,18.75,-2.875
gemma-2-2b,23,val,desc,ja,ja,近い,「近い」の反対は「,遠い,0,6,21.625,22.75,1.125
gemma-2-2b,23,val,val,ja,ja,近い,「近い」の反対は「,遠い,0,7,21.625,23.75,2.125
gemma-2-2b,23,val,freq,ja,ja,近い,「近い」の反対は「,遠い,0,7,21.625,19.125,-2.5
gemma-2-2b,23,freq,desc,ja,ja,近い,「近い」の反対は「,遠い,0,6,21.625,19.5,-2.125
gemma-2-2b,23,freq,val,ja,ja,近い,「近い」の反対は「,遠い,0,6,21.625,20.125,-1.5
gemma-2-2b,23,freq,freq,ja,ja,近い,「近い」の反対は「,遠い,0,5,21.625,20.875,-0.75
gemma-2-2b,24,desc,desc,ja,ja,深い,「深い」の反対は「,浅い,0,0,21.875,26.0,4.125
gemma-2-2b,24,desc,val,ja,ja,深い,「深い」の反対は「,浅い,0,0,21.875,24.75,2.875
gemma-2-2b,24,desc,freq,ja,ja,深い,「深い」の反対は「,浅い,0,0,21.875,22.375,0.5
gemma-2-2b,24,val,desc,ja,ja,深い,「深い」の反対は「,浅い,0,0,21.875,25.25,3.375
gemma-2-2b,24,val,val,ja,ja,深い,「深い」の反対は「,浅い,0,0,21.875,26.25,4.375
gemma-2-2b,24,val,freq,ja,ja,深い,「深い」の反対は「,浅い,0,1,21.875,22.75,0.875
gemma-2-2b,24,freq,desc,ja,ja,深い,「深い」の反対は「,浅い,0,0,21.875,23.375,1.5
gemma-2-2b,24,freq,val,ja,ja,深い,「深い」の反対は「,浅い,0,0,21.875,23.5,1.625
gemma-2-2b,24,freq,freq,ja,ja,深い,「深い」の反対は「,浅い,0,0,21.875,24.0,2.125
gemma-2-2b,25,desc,desc,ja,ja,悪い,「悪い」の反対は「,良い,0,7,20.875,22.75,1.875
gemma-2-2b,25,desc,val,ja,ja,悪い,「悪い」の反対は「,良い,0,6,20.875,21.875,1.0
gemma-2-2b,25,desc,freq,ja,ja,悪い,「悪い」の反対は「,良い,0,9,20.875,15.25,-5.625
gemma-2-2b,25,val,desc,ja,ja,悪い,「悪い」の反対は「,良い,0,3,20.875,21.875,1.0
gemma-2-2b,25,val,val,ja,ja,悪い,「悪い」の反対は「,良い,0,7,20.875,22.625,1.75
gemma-2-2b,25,val,freq,ja,ja,悪い,「悪い」の反対は「,良い,0,11,20.875,15.5625,-5.3125
gemma-2-2b,25,freq,desc,ja,ja,悪い,「悪い」の反対は「,良い,0,2,20.875,19.75,-1.125
gemma-2-2b,25,freq,val,ja,ja,悪い,「悪い」の反対は「,良い,0,5,20.875,19.75,-1.125
gemma-2-2b,25,freq,freq,ja,ja,悪い,「悪い」の反対は「,良い,0,4,20.875,20.625,-0.25
gemma-2-2b,26,desc,desc,ja,ja,悲しい,「悲しい」の反対は「,嬉しい,0,4,20.0,22.625,2.625
gemma-2-2b,26,desc,val,ja,ja,悲しい,「悲しい」の反対は「,嬉しい,0,5,20.0,21.75,1.75
gemma-2-2b,26,desc,freq,ja,ja,悲しい,「悲しい」の反対は「,嬉しい,0,16,20.0,12.8125,-7.1875
gemma-2-2b,26,val,desc,ja,ja,悲しい,「悲しい」の反対は「,嬉しい,0,4,20.0,20.375,0.375
gemma-2-2b,26,val,val,ja,ja,悲しい,「悲しい」の反対は「,嬉しい,0,7,20.0,22.25,2.25
gemma-2-2b,26,val,freq,ja,ja,悲しい,「悲しい」の反対は「,嬉しい,0,51,20.0,12.625,-7.375
gemma-2-2b,26,freq,desc,ja,ja,悲しい,「悲しい」の反対は「,嬉しい,0,4,20.0,19.0,-1.0
gemma-2-2b,26,freq,val,ja,ja,悲しい,「悲しい」の反対は「,嬉しい,0,5,20.0,19.75,-0.25
gemma-2-2b,26,freq,freq,ja,ja,悲しい,「悲しい」の反対は「,嬉しい,0,4,20.0,20.375,0.375
gemma-2-2b,27,desc,desc,ja,ja,小さい,「小さい」の反対は「,大きい,0,1,19.75,22.0,2.25
gemma-2-2b,27,desc,val,ja,ja,小さい,「小さい」の反対は「,大きい,0,1,19.75,21.375,1.625
gemma-2-2b,27,desc,freq,ja,ja,小さい,「小さい」の反対は「,大きい,0,1,19.75,14.6875,-5.0625
gemma-2-2b,27,val,desc,ja,ja,小さい,「小さい」の反対は「,大きい,0,0,19.75,21.5,1.75
gemma-2-2b,27,val,val,ja,ja,小さい,「小さい」の反対は「,大きい,0,4,19.75,21.75,2.0
gemma-2-2b,27,val,freq,ja,ja,小さい,「小さい」の反対は「,大きい,0,1,19.75,15.8125,-3.9375
gemma-2-2b,27,freq,desc,ja,ja,小さい,「小さい」の反対は「,大きい,0,0,19.75,19.25,-0.5
gemma-2-2b,27,freq,val,ja,ja,小さい,「小さい」の反対は「,大きい,0,1,19.75,18.75,-1.0
gemma-2-2b,27,freq,freq,ja,ja,小さい,「小さい」の反対は「,大きい,0,0,19.75,19.625,-0.125
gemma-2-2b,28,desc,desc,ja,ja,寒い,「寒い」の反対は「,暑い,0,4,18.25,20.125,1.875
gemma-2-2b,28,desc,val,ja,ja,寒い,「寒い」の反対は「,暑い,0,12,18.25,19.25,1.0
gemma-2-2b,28,desc,freq,ja,ja,寒い,「寒い」の反対は「,暑い,0,9,18.25,12.0,-6.25
gemma-2-2b,28,val,desc,ja,ja,寒い,「寒い」の反対は「,暑い,0,20,18.25,17.875,-0.375
gemma-2-2b,28,val,val,ja,ja,寒い,「寒い」の反対は「,暑い,0,12,18.25,19.875,1.625
gemma-2-2b,28,val,freq,ja,ja,寒い,「寒い」の反対は「,暑い,0,34,18.25,12.5625,-5.6875
gemma-2-2b,28,freq,desc,ja,ja,寒い,「寒い」の反対は「,暑い,0,5,18.25,17.25,-1.0
gemma-2-2b,28,freq,val,ja,ja,寒い,「寒い」の反対は「,暑い,0,6,18.25,17.75,-0.5
gemma-2-2b,28,freq,freq,ja,ja,寒い,「寒い」の反対は「,暑い,0,5,18.25,18.125,-0.125
gemma-2-2b,29,desc,desc,ja,ja,遅い,「遅い」の反対は「,早い,1,3,20.25,21.875,1.625
gemma-2-2b,29,desc,val,ja,ja,遅い,「遅い」の反対は「,早い,1,3,20.25,20.25,0.0
gemma-2-2b,29,desc,freq,ja,ja,遅い,「遅い」の反対は「,早い,1,0,20.25,13.25,-7.0
gemma-2-2b,29,val,desc,ja,ja,遅い,「遅い」の反対は「,早い,1,1,20.25,21.375,1.125
gemma-2-2b,29,val,val,ja,ja,遅い,「遅い」の反対は「,早い,1,2,20.25,22.25,2.0
gemma-2-2b,29,val,freq,ja,ja,遅い,「遅い」の反対は「,早い,1,0,20.25,13.9375,-6.3125
gemma-2-2b,29,freq,desc,ja,ja,遅い,「遅い」の反対は「,早い,1,3,20.25,18.125,-2.125
gemma-2-2b,29,freq,val,ja,ja,遅い,「遅い」の反対は「,早い,1,3,20.25,17.875,-2.375
gemma-2-2b,29,freq,freq,ja,ja,遅い,「遅い」の反対は「,早い,1,2,20.25,19.0,-1.25
gemma-2-2b,30,desc,desc,ja,ja,重い,「重い」の反対は「,軽い,0,1,21.0,22.375,1.375
gemma-2-2b,30,desc,val,ja,ja,重い,「重い」の反対は「,軽い,0,9,21.0,20.25,-0.75
gemma-2-2b,30,desc,freq,ja,ja,重い,「重い」の反対は「,軽い,0,1,21.0,17.5,-3.5
gemma-2-2b,30,val,desc,ja,ja,重い,「重い」の反対は「,軽い,0,0,21.0,21.875,0.875
gemma-2-2b,30,val,val,ja,ja,重い,「重い」の反対は「,軽い,0,3,21.0,22.0,1.0
gemma-2-2b,30,val,freq,ja,ja,重い,「重い」の反対は「,軽い,0,0,21.0,19.25,-1.75
gemma-2-2b,30,freq,desc,ja,ja,重い,「重い」の反対は「,軽い,0,3,21.0,19.625,-1.375
gemma-2-2b,30,freq,val,ja,ja,重い,「重い」の反対は「,軽い,0,5,21.0,19.0,-2.0
gemma-2-2b,30,freq,freq,ja,ja,重い,「重い」の反対は「,軽い,0,4,21.0,20.125,-0.875
gemma-2-2b,31,desc,desc,ja,ja,難しい,「難しい」の反対は「,簡単,0,6,19.5,20.25,0.75
gemma-2-2b,31,desc,val,ja,ja,難しい,「難しい」の反対は「,簡単,0,9,19.5,20.0,0.5
gemma-2-2b,31,desc,freq,ja,ja,難しい,「難しい」の反対は「,簡単,0,8,19.5,15.6875,-3.8125
gemma-2-2b,31,val,desc,ja,ja,難しい,「難しい」の反対は「,簡単,0,15,19.5,19.0,-0.5
gemma-2-2b,31,val,val,ja,ja,難しい,「難しい」の反対は「,簡単,0,19,19.5,20.25,0.75
gemma-2-2b,31,val,freq,ja,ja,難しい,「難しい」の反対は「,簡単,0,11,19.5,15.5625,-3.9375
gemma-2-2b,31,freq,desc,ja,ja,難しい,「難しい」の反対は「,簡単,0,5,19.5,17.625,-1.875
gemma-2-2b,31,freq,val,ja,ja,難しい,「難しい」の反対は「,簡単,0,9,19.5,17.75,-1.75
gemma-2-2b,31,freq,freq,ja,ja,難しい,「難しい」の反対は「,簡単,0,6,19.5,18.625,-0.875
gemma-2-2b,32,desc,desc,ja,ja,古い,「古い」の反対は「,新しい,0,0,21.5,24.125,2.625
gemma-2-2b,32,desc,val,ja,ja,古い,「古い」の反対は「,新しい,0,0,21.5,24.125,2.625
gemma-2-2b,32,desc,freq,ja,ja,古い,「古い」の反対は「,新しい,0,0,21.5,19.375,-2.125
gemma-2-2b,32,val,desc,ja,ja,古い,「古い」の反対は「,新しい,0,0,21.5,23.875,2.375
gemma-2-2b,32,val,val,ja,ja,古い,「古い」の反対は「,新しい,0,0,21.5,24.25,2.75
gemma-2-2b,32,val,freq,ja,ja,古い,「古い」の反対は「,新しい,0,0,21.5,19.75,-1.75
gemma-2-2b,32,freq,desc,ja,ja,古い,「古い」の反対は「,新しい,0,0,21.5,21.25,-0.25
gemma-2-2b,32,freq,val,ja,ja,古い,「古い」の反対は「,新しい,0,0,21.5,21.5,0.0
gemma-2-2b,32,freq,freq,ja,ja,古い,「古い」の反対は「,新しい,0,0,21.5,22.125,0.625
gemma-2-2b,33,desc,desc,ja,ja,間違った,「間違った」の反対は「,正しい,0,3,21.625,23.875,2.25
gemma-2-2b,33,desc,val,ja,ja,間違った,「間違った」の反対は「,正しい,0,4,21.625,23.125,1.5
gemma-2-2b,33,desc,freq,ja,ja,間違った,「間違った」の反対は「,正しい,0,2,21.625,18.375,-3.25
gemma-2-2b,33,val,desc,ja,ja,間違った,「間違った」の反対は「,正しい,0,15,21.625,21.5,-0.125
gemma-2-2b,33,val,val,ja,ja,間違った,「間違った」の反対は「,正しい,0,11,21.625,23.375,1.75
gemma-2-2b,33,val,freq,ja,ja,間違った,「間違った」の反対は「,正しい,0,4,21.625,18.125,-3.5
gemma-2-2b,33,freq,desc,ja,ja,間違った,「間違った」の反対は「,正しい,0,8,21.625,19.875,-1.75
gemma-2-2b,33,freq,val,ja,ja,間違った,「間違った」の反対は「,正しい,0,8,21.625,20.25,-1.375
gemma-2-2b,33,freq,freq,ja,ja,間違った,「間違った」の反対は「,正しい,0,4,21.625,21.5,-0.125
gemma-2-2b,34,desc,desc,ja,ja,死んでいる,「死んでいる」の反対は「,生きている,0,6,19.375,21.625,2.25
gemma-2-2b,34,desc,val,ja,ja,死んでいる,「死んでいる」の反対は「,生きている,0,7,19.375,21.25,1.875
gemma-2-2b,34,desc,freq,ja,ja,死んでいる,「死んでいる」の反対は「,生きている,0,8,19.375,17.0,-2.375
gemma-2-2b,34,val,desc,ja,ja,死んでいる,「死んでいる」の反対は「,生きている,0,8,19.375,21.0,1.625
gemma-2-2b,34,val,val,ja,ja,死んでいる,「死んでいる」の反対は「,生きている,0,13,19.375,21.75,2.375
gemma-2-2b,34,val,freq,ja,ja,死んでいる,「死んでいる」の反対は「,生きている,0,15,19.375,16.875,-2.5
gemma-2-2b,34,freq,desc,ja,ja,死んでいる,「死んでいる」の反対は「,生きている,0,10,19.375,18.125,-1.25
gemma-2-2b,34,freq,val,ja,ja,死んでいる,「死んでいる」の反対は「,生きている,0,12,19.375,18.25,-1.125
gemma-2-2b,34,freq,freq,ja,ja,死んでいる,「死んでいる」の反対は「,生きている,0,7,19.375,18.75,-0.625
gemma-2-2b,35,desc,desc,ja,ja,空っぽ,「空っぽ」の反対は「,満杯,0,3,19.25,21.5,2.25
gemma-2-2b,35,desc,val,ja,ja,空っぽ,「空っぽ」の反対は「,満杯,0,6,19.25,20.875,1.625
gemma-2-2b,35,desc,freq,ja,ja,空っぽ,「空っぽ」の反対は「,満杯,0,10,19.25,15.8125,-3.4375
gemma-2-2b,35,val,desc,ja,ja,空っぽ,「空っぽ」の反対は「,満杯,0,9,19.25,20.5,1.25
gemma-2-2b,35,val,val,ja,ja,空っぽ,「空っぽ」の反対は「,満杯,0,11,19.25,21.625,2.375
gemma-2-2b,35,val,freq,ja,ja,空っぽ,「空っぽ」の反対は「,満杯,0,10,19.25,17.0,-2.25
gemma-2-2b,35,freq,desc,ja,ja,空っぽ,「空っぽ」の反対は「,満杯,0,3,19.25,19.25,0.0
gemma-2-2b,35,freq,val,ja,ja,空っぽ,「空っぽ」の反対は「,満杯,0,3,19.25,19.875,0.625
gemma-2-2b,35,freq,freq,ja,ja,空っぽ,「空っぽ」の反対は「,満杯,0,2,19.25,19.875,0.625
gemma-2-2b,36,desc,desc,ja,ja,暗い,「暗い」の反対は「,明るい,0,1,21.5,23.0,1.5
gemma-2-2b,36,desc,val,ja,ja,暗い,「暗い」の反対は「,明るい,0,4,21.5,21.5,0.0
gemma-2-2b,36,desc,freq,ja,ja,暗い,「暗い」の反対は「,明るい,0,1,21.5,16.5,-5.0
gemma-2-2b,36,val,desc,ja,ja,暗い,「暗い」の反対は「,明るい,0,2,21.5,21.5,0.0
gemma-2-2b,36,val,val,ja,ja,暗い,「暗い」の反対は「,明るい,0,4,21.5,22.125,0.625
gemma-2-2b,36,val,freq,ja,ja,暗い,「暗い」の反対は「,明るい,0,3,21.5,17.0,-4.5
gemma-2-2b,36,freq,desc,ja,ja,暗い,「暗い」の反対は「,明るい,0,1,21.5,20.25,-1.25
gemma-2-2b,36,freq,val,ja,ja,暗い,「暗い」の反対は「,明るい,0,3,21.5,20.375,-1.125
gemma-2-2b,36,freq,freq,ja,ja,暗い,「暗い」の反対は「,明るい,0,2,21.5,21.25,-0.25
gemma-2-2b,37,desc,desc,ja,ja,弱い,「弱い」の反対は「,強い,0,4,20.625,22.5,1.875
gemma-2-2b,37,desc,val,ja,ja,弱い,「弱い」の反対は「,強い,0,3,20.625,21.75,1.125
gemma-2-2b,37,desc,freq,ja,ja,弱い,「弱い」の反対は「,強い,0,6,20.625,15.5625,-5.0625
gemma-2-2b,37,val,desc,ja,ja,弱い,「弱い」の反対は「,強い,0,1,20.625,22.25,1.625
gemma-2-2b,37,val,val,ja,ja,弱い,「弱い」の反対は「,強い,0,4,20.625,23.375,2.75
gemma-2-2b,37,val,freq,ja,ja,弱い,「弱い」の反対は「,強い,0,2,20.625,18.125,-2.5
gemma-2-2b,37,freq,desc,ja,ja,弱い,「弱い」の反対は「,強い,0,1,20.625,20.0,-0.625
gemma-2-2b,37,freq,val,ja,ja,弱い,「弱い」の反対は「,強い,0,2,20.625,20.25,-0.375
gemma-2-2b,37,freq,freq,ja,ja,弱い,「弱い」の反対は「,強い,0,1,20.625,21.25,0.625
gemma-2-2b,38,desc,desc,ja,ja,汚い,「汚い」の反対は「,きれい,1,11,18.25,21.0,2.75
gemma-2-2b,38,desc,val,ja,ja,汚い,「汚い」の反対は「,きれい,1,13,18.25,19.75,1.5
gemma-2-2b,38,desc,freq,ja,ja,汚い,「汚い」の反対は「,きれい,1,9,18.25,13.625,-4.625
gemma-2-2b,38,val,desc,ja,ja,汚い,「汚い」の反対は「,きれい,1,21,18.25,19.875,1.625
gemma-2-2b,38,val,val,ja,ja,汚い,「汚い」の反対は「,きれい,1,25,18.25,20.75,2.5
gemma-2-2b,38,val,freq,ja,ja,汚い,「汚い」の反対は「,きれい,1,27,18.25,15.6875,-2.5625
gemma-2-2b,38,freq,desc,ja,ja,汚い,「汚い」の反対は「,きれい,1,10,18.25,17.375,-0.875
gemma-2-2b,38,freq,val,ja,ja,汚い,「汚い」の反対は「,きれい,1,10,18.25,18.375,0.125
gemma-2-2b,38,freq,freq,ja,ja,汚い,「汚い」の反対は「,きれい,1,8,18.25,18.875,0.625
gemma-2-2b,39,desc,desc,ja,ja,閉じた,「閉じた」の反対は「,開いた,0,1,19.25,23.5,4.25
gemma-2-2b,39,desc,val,ja,ja,閉じた,「閉じた」の反対は「,開いた,0,0,19.25,23.875,4.625
gemma-2-2b,39,desc,freq,ja,ja,閉じた,「閉じた」の反対は「,開いた,0,1,19.25,19.125,-0.125
gemma-2-2b,39,val,desc,ja,ja,閉じた,「閉じた」の反対は「,開いた,0,0,19.25,23.5,4.25
gemma-2-2b,39,val,val,ja,ja,閉じた,「閉じた」の反対は「,開いた,0,1,19.25,24.125,4.875
gemma-2-2b,39,val,freq,ja,ja,閉じた,「閉じた」の反対は「,開いた,0,1,19.25,19.5,0.25
gemma-2-2b,39,freq,desc,ja,ja,閉じた,「閉じた」の反対は「,開いた,0,0,19.25,21.5,2.25
gemma-2-2b,39,freq,val,ja,ja,閉じた,「閉じた」の反対は「,開いた,0,0,19.25,21.875,2.625
gemma-2-2b,39,freq,freq,ja,ja,閉じた,「閉じた」の反対は「,開いた,0,0,19.25,21.5,2.25
gemma-2-2b,40,desc,desc,ja,ja,貧しい,「貧しい」の反対は「,豊かな,2,8,17.75,20.875,3.125
gemma-2-2b,40,desc,val,ja,ja,貧しい,「貧しい」の反対は「,豊かな,2,8,17.75,20.5,2.75
gemma-2-2b,40,desc,freq,ja,ja,貧しい,「貧しい」の反対は「,豊かな,2,5,17.75,14.25,-3.5
gemma-2-2b,40,val,desc,ja,ja,貧しい,「貧しい」の反対は「,豊かな,2,5,17.75,21.375,3.625
gemma-2-2b,40,val,val,ja,ja,貧しい,「貧しい」の反対は「,豊かな,2,8,17.75,21.75,4.0
gemma-2-2b,40,val,freq,ja,ja,貧しい,「貧しい」の反対は「,豊かな,2,8,17.75,15.5625,-2.1875
gemma-2-2b,40,freq,desc,ja,ja,貧しい,「貧しい」の反対は「,豊かな,2,3,17.75,17.5,-0.25
gemma-2-2b,40,freq,val,ja,ja,貧しい,「貧しい」の反対は「,豊かな,2,3,17.75,17.75,0.0
gemma-2-2b,40,freq,freq,ja,ja,貧しい,「貧しい」の反対は「,豊かな,2,4,17.75,17.875,0.125
gemma-2-2b,41,desc,desc,ja,ja,醜い,「醜い」の反対は「,美しい,0,8,19.25,21.25,2.0
gemma-2-2b,41,desc,val,ja,ja,醜い,「醜い」の反対は「,美しい,0,11,19.25,20.125,0.875
gemma-2-2b,41,desc,freq,ja,ja,醜い,「醜い」の反対は「,美しい,0,7,19.25,14.875,-4.375
gemma-2-2b,41,val,desc,ja,ja,醜い,「醜い」の反対は「,美しい,0,20,19.25,18.75,-0.5
gemma-2-2b,41,val,val,ja,ja,醜い,「醜い」の反対は「,美しい,0,22,19.25,20.75,1.5
gemma-2-2b,41,val,freq,ja,ja,醜い,「醜い」の反対は「,美しい,0,18,19.25,15.125,-4.125
gemma-2-2b,41,freq,desc,ja,ja,醜い,「醜い」の反対は「,美しい,0,10,19.25,17.125,-2.125
gemma-2-2b,41,freq,val,ja,ja,醜い,「醜い」の反対は「,美しい,0,11,19.25,17.625,-1.625
gemma-2-2b,41,freq,freq,ja,ja,醜い,「醜い」の反対は「,美しい,0,5,19.25,18.75,-0.5
gemma-2-2b,42,desc,desc,ja,ja,短い,「短い」の反対は「,長い,0,1,20.875,23.875,3.0
gemma-2-2b,42,desc,val,ja,ja,短い,「短い」の反対は「,長い,0,2,20.875,22.625,1.75
gemma-2-2b,42,desc,freq,ja,ja,短い,「短い」の反対は「,長い,0,1,20.875,18.5,-2.375
gemma-2-2b,42,val,desc,ja,ja,短い,「短い」の反対は「,長い,0,2,20.875,22.0,1.125
gemma-2-2b,42,val,val,ja,ja,短い,「短い」の反対は「,長い,0,3,20.875,23.5,2.625
gemma-2-2b,42,val,freq,ja,ja,短い,「短い」の反対は「,長い,0,1,20.875,18.875,-2.0
gemma-2-2b,42,freq,desc,ja,ja,短い,「短い」の反対は「,長い,0,1,20.875,20.625,-0.25
gemma-2-2b,42,freq,val,ja,ja,短い,「短い」の反対は「,長い,0,2,20.875,20.375,-0.5
gemma-2-2b,42,freq,freq,ja,ja,短い,「短い」の反対は「,長い,0,1,20.875,21.75,0.875
gemma-2-2b,43,desc,desc,ja,ja,狭い,「狭い」の反対は「,広い,1,1,20.375,22.875,2.5
gemma-2-2b,43,desc,val,ja,ja,狭い,「狭い」の反対は「,広い,1,3,20.375,21.625,1.25
gemma-2-2b,43,desc,freq,ja,ja,狭い,「狭い」の反対は「,広い,1,6,20.375,15.6875,-4.6875
gemma-2-2b,43,val,desc,ja,ja,狭い,「狭い」の反対は「,広い,1,3,20.375,21.75,1.375
gemma-2-2b,43,val,val,ja,ja,狭い,「狭い」の反対は「,広い,1,4,20.375,22.625,2.25
gemma-2-2b,43,val,freq,ja,ja,狭い,「狭い」の反対は「,広い,1,7,20.375,17.0,-3.375
gemma-2-2b,43,freq,desc,ja,ja,狭い,「狭い」の反対は「,広い,1,2,20.375,19.75,-0.625
gemma-2-2b,43,freq,val,ja,ja,狭い,「狭い」の反対は「,広い,1,2,20.375,19.875,-0.5
gemma-2-2b,43,freq,freq,ja,ja,狭い,「狭い」の反対は「,広い,1,3,20.375,20.375,0.0
gemma-2-2b,44,desc,desc,ja,ja,柔らかい,「柔らかい」の反対は「,硬い,0,1,17.875,22.0,4.125
gemma-2-2b,44,desc,val,ja,ja,柔らかい,「柔らかい」の反対は「,硬い,0,1,17.875,21.0,3.125
gemma-2-2b,44,desc,freq,ja,ja,柔らかい,「柔らかい」の反対は「,硬い,0,0,17.875,18.875,1.0
gemma-2-2b,44,val,desc,ja,ja,柔らかい,「柔らかい」の反対は「,硬い,0,0,17.875,22.25,4.375
gemma-2-2b,44,val,val,ja,ja,柔らかい,「柔らかい」の反対は「,硬い,0,0,17.875,22.875,5.0
gemma-2-2b,44,val,freq,ja,ja,柔らかい,「柔らかい」の反対は「,硬い,0,0,17.875,21.25,3.375
gemma-2-2b,44,freq,desc,ja,ja,柔らかい,「柔らかい」の反対は「,硬い,0,0,17.875,19.5,1.625
gemma-2-2b,44,freq,val,ja,ja,柔らかい,「柔らかい」の反対は「,硬い,0,0,17.875,19.5,1.625
gemma-2-2b,44,freq,freq,ja,ja,柔らかい,「柔らかい」の反対は「,硬い,0,0,17.875,20.25,2.375
gemma-2-2b,45,desc,desc,ja,ja,濡れた,「濡れた」の反対は「,乾いた,0,2,18.75,23.0,4.25
gemma-2-2b,45,desc,val,ja,ja,濡れた,「濡れた」の反対は「,乾いた,0,2,18.75,22.5,3.75
gemma-2-2b,45,desc,freq,ja,ja,濡れた,「濡れた」の反対は「,乾いた,0,0,18.75,18.625,-0.125
gemma-2-2b,45,val,desc,ja,ja,濡れた,「濡れた」の反対は「,乾いた,0,0,18.75,23.5,4.75
gemma-2-2b,45,val,val,ja,ja,濡れた,「濡れた」の反対は「,乾いた,0,2,18.75,24.25,5.5
gemma-2-2b,45,val,freq,ja,ja,濡れた,「濡れた」の反対は「,乾いた,0,0,18.75,21.125,2.375
gemma-2-2b,45,freq,desc,ja,ja,濡れた,「濡れた」の反対は「,乾いた,0,1,18.75,20.875,2.125
gemma-2-2b,45,freq,val,ja,ja,濡れた,「濡れた」の反対は「,乾いた,0,1,18.75,21.75,3.0
gemma-2-2b,45,freq,freq,ja,ja,濡れた,「濡れた」の反対は「,乾いた,0,1,18.75,21.25,2.5
gemma-2-2b,46,desc,desc,ja,ja,静かな,「静かな」の反対は「,うるさい,2,16,16.5,19.875,3.375
gemma-2-2b,46,desc,val,ja,ja,静かな,「静かな」の反対は「,うるさい,2,43,16.5,18.875,2.375
gemma-2-2b,46,desc,freq,ja,ja,静かな,「静かな」の反対は「,うるさい,2,23,16.5,12.625,-3.875
gemma-2-2b,46,val,desc,ja,ja,静かな,「静かな」の反対は「,うるさい,2,3,16.5,20.875,4.375
gemma-2-2b,46,val,val,ja,ja,静かな,「静かな」の反対は「,うるさい,2,15,16.5,21.0,4.5
gemma-2-2b,46,val,freq,ja,ja,静かな,「静かな」の反対は「,うるさい,2,7,16.5,16.875,0.375
gemma-2-2b,46,freq,desc,ja,ja,静かな,「静かな」の反対は「,うるさい,2,11,16.5,17.25,0.75
gemma-2-2b,46,freq,val,ja,ja,静かな,「静かな」の反対は「,うるさい,2,14,16.5,17.875,1.375
gemma-2-2b,46,freq,freq,ja,ja,静かな,「静かな」の反対は「,うるさい,2,25,16.5,16.875,0.375
gemma-2-2b,47,desc,desc,ja,ja,遅い,「遅い」の反対は「,早い,1,6,20.25,21.875,1.625
gemma-2-2b,47,desc,val,ja,ja,遅い,「遅い」の反対は「,早い,1,11,20.25,20.25,0.0
gemma-2-2b,47,desc,freq,ja,ja,遅い,「遅い」の反対は「,早い,1,34,20.25,13.25,-7.0
gemma-2-2b,47,val,desc,ja,ja,遅い,「遅い」の反対は「,早い,1,6,20.25,21.375,1.125
gemma-2-2b,47,val,val,ja,ja,遅い,「遅い」の反対は「,早い,1,7,20.25,22.25,2.0
gemma-2-2b,47,val,freq,ja,ja,遅い,「遅い」の反対は「,早い,1,42,20.25,14.0625,-6.1875
gemma-2-2b,47,freq,desc,ja,ja,遅い,「遅い」の反対は「,早い,1,4,20.25,18.125,-2.125
gemma-2-2b,47,freq,val,ja,ja,遅い,「遅い」の反対は「,早い,1,8,20.25,17.875,-2.375
gemma-2-2b,47,freq,freq,ja,ja,遅い,「遅い」の反対は「,早い,1,6,20.25,19.0,-1.25
gemma-2-2b,48,desc,desc,ja,ja,遠い,「遠い」の反対は「,近い,0,1,19.875,22.75,2.875
gemma-2-2b,48,desc,val,ja,ja,遠い,「遠い」の反対は「,近い,0,2,19.875,21.875,2.0
gemma-2-2b,48,desc,freq,ja,ja,遠い,「遠い」の反対は「,近い,0,3,19.875,16.25,-3.625
gemma-2-2b,48,val,desc,ja,ja,遠い,「遠い」の反対は「,近い,0,1,19.875,22.125,2.25
gemma-2-2b,48,val,val,ja,ja,遠い,「遠い」の反対は「,近い,0,3,19.875,22.875,3.0
gemma-2-2b,48,val,freq,ja,ja,遠い,「遠い」の反対は「,近い,0,6,19.875,17.0,-2.875
gemma-2-2b,48,freq,desc,ja,ja,遠い,「遠い」の反対は「,近い,0,1,19.875,19.0,-0.875
gemma-2-2b,48,freq,val,ja,ja,遠い,「遠い」の反対は「,近い,0,2,19.875,19.375,-0.5
gemma-2-2b,48,freq,freq,ja,ja,遠い,「遠い」の反対は「,近い,0,3,19.875,19.875,0.0
gemma-2-2b,49,desc,desc,ja,ja,浅い,「浅い」の反対は「,深い,0,1,20.0,22.75,2.75
gemma-2-2b,49,desc,val,ja,ja,浅い,「浅い」の反対は「,深い,0,4,20.0,21.5,1.5
gemma-2-2b,49,desc,freq,ja,ja,浅い,「浅い」の反対は「,深い,0,1,20.0,17.5,-2.5
gemma-2-2b,49,val,desc,ja,ja,浅い,「浅い」の反対は「,深い,0,3,20.0,21.875,1.875
gemma-2-2b,49,val,val,ja,ja,浅い,「浅い」の反対は「,深い,0,3,20.0,22.625,2.625
gemma-2-2b,49,val,freq,ja,ja,浅い,「浅い」の反対は「,深い,0,3,20.0,18.75,-1.25
gemma-2-2b,49,freq,desc,ja,ja,浅い,「浅い」の反対は「,深い,0,2,20.0,18.375,-1.625
gemma-2-2b,49,freq,val,ja,ja,浅い,「浅い」の反対は「,深い,0,4,20.0,18.0,-2.0
gemma-2-2b,49,freq,freq,ja,ja,浅い,「浅い」の反対は「,深い,0,2,20.0,19.125,-0.875
gemma-2-2b,50,desc,desc,ja,ja,若い,「若い」の反対は「,老いた,0,1,17.75,22.75,5.0
gemma-2-2b,50,desc,val,ja,ja,若い,「若い」の反対は「,老いた,0,2,17.75,21.75,4.0
gemma-2-2b,50,desc,freq,ja,ja,若い,「若い」の反対は「,老いた,0,0,17.75,17.75,0.0
gemma-2-2b,50,val,desc,ja,ja,若い,「若い」の反対は「,老いた,0,0,17.75,21.5,3.75
gemma-2-2b,50,val,val,ja,ja,若い,「若い」の反対は「,老いた,0,2,17.75,23.125,5.375
gemma-2-2b,50,val,freq,ja,ja,若い,「若い」の反対は「,老いた,0,0,17.75,19.375,1.625
gemma-2-2b,50,freq,desc,ja,ja,若い,「若い」の反対は「,老いた,0,0,17.75,20.125,2.375
gemma-2-2b,50,freq,val,ja,ja,若い,「若い」の反対は「,老いた,0,0,17.75,20.875,3.125
gemma-2-2b,50,freq,freq,ja,ja,若い,「若い」の反対は「,老いた,0,0,17.75,21.0,3.25
gemma-2-2b,51,desc,desc,ja,ja,親切な,「親切な」の反対は「,不親切な,0,0,17.5,21.375,3.875
gemma-2-2b,51,desc,val,ja,ja,親切な,「親切な」の反対は「,不親切な,0,1,17.5,21.5,4.0
gemma-2-2b,51,desc,freq,ja,ja,親切な,「親切な」の反対は「,不親切な,0,17,17.5,13.375,-4.125
gemma-2-2b,51,val,desc,ja,ja,親切な,「親切な」の反対は「,不親切な,0,0,17.5,21.875,4.375
gemma-2-2b,51,val,val,ja,ja,親切な,「親切な」の反対は「,不親切な,0,0,17.5,22.75,5.25
gemma-2-2b,51,val,freq,ja,ja,親切な,「親切な」の反対は「,不親切な,0,10,17.5,16.125,-1.375
gemma-2-2b,51,freq,desc,ja,ja,親切な,「親切な」の反対は「,不親切な,0,1,17.5,19.25,1.75
gemma-2-2b,51,freq,val,ja,ja,親切な,「親切な」の反対は「,不親切な,0,0,17.5,20.375,2.875
gemma-2-2b,51,freq,freq,ja,ja,親切な,「親切な」の反対は「,不親切な,0,1,17.5,19.75,2.25
gemma-2-2b,52,desc,desc,ja,ja,勇敢な,「勇敢な」の反対は「,臆病な,0,0,18.5,21.875,3.375
gemma-2-2b,52,desc,val,ja,ja,勇敢な,「勇敢な」の反対は「,臆病な,0,18,18.5,20.0,1.5
gemma-2-2b,52,desc,freq,ja,ja,勇敢な,「勇敢な」の反対は「,臆病な,0,1,18.5,15.375,-3.125
gemma-2-2b,52,val,desc,ja,ja,勇敢な,「勇敢な」の反対は「,臆病な,0,1,18.5,22.25,3.75
gemma-2-2b,52,val,val,ja,ja,勇敢な,「勇敢な」の反対は「,臆病な,0,3,18.5,22.5,4.0
gemma-2-2b,52,val,freq,ja,ja,勇敢な,「勇敢な」の反対は「,臆病な,0,3,18.5,17.75,-0.75
gemma-2-2b,52,freq,desc,ja,ja,勇敢な,「勇敢な」の反対は「,臆病な,0,0,18.5,19.75,1.25
gemma-2-2b,52,freq,val,ja,ja,勇敢な,「勇敢な」の反対は「,臆病な,0,3,18.5,19.5,1.0
gemma-2-2b,52,freq,freq,ja,ja,勇敢な,「勇敢な」の反対は「,臆病な,0,0,18.5,19.875,1.375
gemma-2-2b,53,desc,desc,ja,ja,賢い,「賢い」の反対は「,愚かな,0,0,16.5,20.375,3.875
gemma-2-2b,53,desc,val,ja,ja,賢い,「賢い」の反対は「,愚かな,0,12,16.5,18.25,1.75
gemma-2-2b,53,desc,freq,ja,ja,賢い,「賢い」の反対は「,愚かな,0,2,16.5,12.125,-4.375
gemma-2-2b,53,val,desc,ja,ja,賢い,「賢い」の反対は「,愚かな,0,1,16.5,19.5,3.0
gemma-2-2b,53,val,val,ja,ja,賢い,「賢い」の反対は「,愚かな,0,0,16.5,20.625,4.125
gemma-2-2b,53,val,freq,ja,ja,賢い,「賢い」の反対は「,愚かな,0,1,16.5,15.0,-1.5
gemma-2-2b,53,freq,desc,ja,ja,賢い,「賢い」の反対は「,愚かな,0,0,16.5,17.875,1.375
gemma-2-2b,53,freq,val,ja,ja,賢い,「賢い」の反対は「,愚かな,0,0,16.5,18.125,1.625
gemma-2-2b,53,freq,freq,ja,ja,賢い,「賢い」の反対は「,愚かな,0,0,16.5,18.125,1.625
gemma-2-2b,54,desc,desc,ja,ja,丁寧な,「丁寧な」の反対は「,粗略な,0,2,18.125,21.875,3.75
gemma-2-2b,54,desc,val,ja,ja,丁寧な,「丁寧な」の反対は「,粗略な,0,1,18.125,20.875,2.75
gemma-2-2b,54,desc,freq,ja,ja,丁寧な,「丁寧な」の反対は「,粗略な,0,3,18.125,17.25,-0.875
gemma-2-2b,54,val,desc,ja,ja,丁寧な,「丁寧な」の反対は「,粗略な,0,1,18.125,22.0,3.875
gemma-2-2b,54,val,val,ja,ja,丁寧な,「丁寧な」の反対は「,粗略な,0,2,18.125,22.75,4.625
gemma-2-2b,54,val,freq,ja,ja,丁寧な,「丁寧な」の反対は「,粗略な,0,2,18.125,19.25,1.125
gemma-2-2b,54,freq,desc,ja,ja,丁寧な,「丁寧な」の反対は「,粗略な,0,1,18.125,20.0,1.875
gemma-2-2b,54,freq,val,ja,ja,丁寧な,「丁寧な」の反対は「,粗略な,0,1,18.125,20.25,2.125
gemma-2-2b,54,freq,freq,ja,ja,丁寧な,「丁寧な」の反対は「,粗略な,0,1,18.125,20.25,2.125
gemma-2-2b,55,desc,desc,ja,ja,我慢強い,「我慢強い」の反対は「,せっかちな,630,3531,11.1875,14.125,2.9375
gemma-2-2b,55,desc,val,ja,ja,我慢強い,「我慢強い」の反対は「,せっかちな,630,3436,11.1875,13.0625,1.875
gemma-2-2b,55,desc,freq,ja,ja,我慢強い,「我慢強い」の反対は「,せっかちな,630,891,11.1875,10.6875,-0.5
gemma-2-2b,55,val,desc,ja,ja,我慢強い,「我慢強い」の反対は「,せっかちな,630,1191,11.1875,13.875,2.6875
gemma-2-2b,55,val,val,ja,ja,我慢強い,「我慢強い」の反対は「,せっかちな,630,4231,11.1875,13.125,1.9375
gemma-2-2b,55,val,freq,ja,ja,我慢強い,「我慢強い」の反対は「,せっかちな,630,184,11.1875,13.625,2.4375
gemma-2-2b,55,freq,desc,ja,ja,我慢強い,「我慢強い」の反対は「,せっかちな,630,1307,11.1875,12.75,1.5625
gemma-2-2b,55,freq,val,ja,ja,我慢強い,「我慢強い」の反対は「,せっかちな,630,1835,11.1875,12.4375,1.25
gemma-2-2b,55,freq,freq,ja,ja,我慢強い,「我慢強い」の反対は「,せっかちな,630,1494,11.1875,13.25,2.0625
gemma-2-2b,56,desc,desc,ja,ja,正直な,「正直な」の反対は「,不正直な,1,0,17.0,21.875,4.875
gemma-2-2b,56,desc,val,ja,ja,正直な,「正直な」の反対は「,不正直な,1,0,17.0,22.5,5.5
gemma-2-2b,56,desc,freq,ja,ja,正直な,「正直な」の反対は「,不正直な,1,47,17.0,12.8125,-4.1875
gemma-2-2b,56,val,desc,ja,ja,正直な,「正直な」の反対は「,不正直な,1,0,17.0,22.0,5.0
gemma-2-2b,56,val,val,ja,ja,正直な,「正直な」の反対は「,不正直な,1,0,17.0,23.5,6.5
gemma-2-2b,56,val,freq,ja,ja,正直な,「正直な」の反対は「,不正直な,1,43,17.0,15.0,-2.0
gemma-2-2b,56,freq,desc,ja,ja,正直な,「正直な」の反対は「,不正直な,1,0,17.0,19.25,2.25
gemma-2-2b,56,freq,val,ja,ja,正直な,「正直な」の反対は「,不正直な,1,0,17.0,20.75,3.75
gemma-2-2b,56,freq,freq,ja,ja,正直な,「正直な」の反対は「,不正直な,1,0,17.0,19.5,2.5
gemma-2-2b,57,desc,desc,ja,ja,安全な,「安全な」の反対は「,危険な,0,3,21.375,23.375,2.0
gemma-2-2b,57,desc,val,ja,ja,安全な,「安全な」の反対は「,危険な,0,4,21.375,22.5,1.125
gemma-2-2b,57,desc,freq,ja,ja,安全な,「安全な」の反対は「,危険な,0,4,21.375,17.5,-3.875
gemma-2-2b,57,val,desc,ja,ja,安全な,「安全な」の反対は「,危険な,0,6,21.375,22.5,1.125
gemma-2-2b,57,val,val,ja,ja,安全な,「安全な」の反対は「,危険な,0,7,21.375,23.375,2.0
gemma-2-2b,57,val,freq,ja,ja,安全な,「安全な」の反対は「,危険な,0,7,21.375,17.75,-3.625
gemma-2-2b,57,freq,desc,ja,ja,安全な,「安全な」の反対は「,危険な,0,1,21.375,20.875,-0.5
gemma-2-2b,57,freq,val,ja,ja,安全な,「安全な」の反対は「,危険な,0,3,21.375,21.125,-0.25
gemma-2-2b,57,freq,freq,ja,ja,安全な,「安全な」の反対は「,危険な,0,2,21.375,21.875,0.5
gemma-2-2b,58,desc,desc,ja,ja,活動的な,「活動的な」の反対は「,消極的な,8,20,15.25,19.875,4.625
gemma-2-2b,58,desc,val,ja,ja,活動的な,「活動的な」の反対は「,消極的な,8,45,15.25,19.5,4.25
gemma-2-2b,58,desc,freq,ja,ja,活動的な,「活動的な」の反対は「,消極的な,8,103,15.25,11.875,-3.375
gemma-2-2b,58,val,desc,ja,ja,活動的な,「活動的な」の反対は「,消極的な,8,19,15.25,19.875,4.625
gemma-2-2b,58,val,val,ja,ja,活動的な,「活動的な」の反対は「,消極的な,8,18,15.25,21.5,6.25
gemma-2-2b,58,val,freq,ja,ja,活動的な,「活動的な」の反対は「,消極的な,8,56,15.25,13.625,-1.625
gemma-2-2b,58,freq,desc,ja,ja,活動的な,「活動的な」の反対は「,消極的な,8,6,15.25,18.75,3.5
gemma-2-2b,58,freq,val,ja,ja,活動的な,「活動的な」の反対は「,消極的な,8,7,15.25,19.75,4.5
gemma-2-2b,58,freq,freq,ja,ja,活動的な,「活動的な」の反対は「,消極的な,8,5,15.25,18.75,3.5
gemma-2-2b,59,desc,desc,ja,ja,まっすぐな,「まっすぐな」の反対は「,曲がった,0,14,16.25,20.125,3.875
gemma-2-2b,59,desc,val,ja,ja,まっすぐな,「まっすぐな」の反対は「,曲がった,0,2,16.25,20.875,4.625
gemma-2-2b,59,desc,freq,ja,ja,まっすぐな,「まっすぐな」の反対は「,曲がった,0,6,16.25,14.5,-1.75
gemma-2-2b,59,val,desc,ja,ja,まっすぐな,「まっすぐな」の反対は「,曲がった,0,3,16.25,21.5,5.25
gemma-2-2b,59,val,val,ja,ja,まっすぐな,「まっすぐな」の反対は「,曲がった,0,13,16.25,21.375,5.125
gemma-2-2b,59,val,freq,ja,ja,まっすぐな,「まっすぐな」の反対は「,曲がった,0,7,16.25,16.5,0.25
gemma-2-2b,59,freq,desc,ja,ja,まっすぐな,「まっすぐな」の反対は「,曲がった,0,13,16.25,17.0,0.75
gemma-2-2b,59,freq,val,ja,ja,まっすぐな,「まっすぐな」の反対は「,曲がった,0,6,16.25,18.375,2.125
gemma-2-2b,59,freq,freq,ja,ja,まっすぐな,「まっすぐな」の反対は「,曲がった,0,17,16.25,17.75,1.5
gemma-2-2b,60,desc,desc,ja,ja,全体の,「全体の」の反対は「,部分的な,1,3,21.125,23.25,2.125
gemma-2-2b,60,desc,val,ja,ja,全体の,「全体の」の反対は「,部分的な,1,4,21.125,22.5,1.375
gemma-2-2b,60,desc,freq,ja,ja,全体の,「全体の」の反対は「,部分的な,1,16,21.125,18.0,-3.125
gemma-2-2b,60,val,desc,ja,ja,全体の,「全体の」の反対は「,部分的な,1,4,21.125,22.25,1.125
gemma-2-2b,60,val,val,ja,ja,全体の,「全体の」の反対は「,部分的な,1,7,21.125,23.5,2.375
gemma-2-2b,60,val,freq,ja,ja,全体の,「全体の」の反対は「,部分的な,1,11,21.125,18.75,-2.375
gemma-2-2b,60,freq,desc,ja,ja,全体の,「全体の」の反対は「,部分的な,1,2,21.125,20.75,-0.375
gemma-2-2b,60,freq,val,ja,ja,全体の,「全体の」の反対は「,部分的な,1,1,21.125,21.25,0.125
gemma-2-2b,60,freq,freq,ja,ja,全体の,「全体の」の反対は「,部分的な,1,3,21.125,21.75,0.625
gemma-2-2b,61,desc,desc,ja,ja,穏やかな,「穏やかな」の反対は「,荒れた,1,1,19.5,23.375,3.875
gemma-2-2b,61,desc,val,ja,ja,穏やかな,「穏やかな」の反対は「,荒れた,1,1,19.5,22.75,3.25
gemma-2-2b,61,desc,freq,ja,ja,穏やかな,「穏やかな」の反対は「,荒れた,1,1,19.5,19.25,-0.25
gemma-2-2b,61,val,desc,ja,ja,穏やかな,「穏やかな」の反対は「,荒れた,1,0,19.5,24.375,4.875
gemma-2-2b,61,val,val,ja,ja,穏やかな,「穏やかな」の反対は「,荒れた,1,0,19.5,24.5,5.0
gemma-2-2b,61,val,freq,ja,ja,穏やかな,「穏やかな」の反対は「,荒れた,1,0,19.5,21.875,2.375
gemma-2-2b,61,freq,desc,ja,ja,穏やかな,「穏やかな」の反対は「,荒れた,1,1,19.5,20.375,0.875
gemma-2-2b,61,freq,val,ja,ja,穏やかな,「穏やかな」の反対は「,荒れた,1,1,19.5,21.25,1.75
gemma-2-2b,61,freq,freq,ja,ja,穏やかな,「穏やかな」の反対は「,荒れた,1,1,19.5,21.375,1.875
gemma-2-2b,62,desc,desc,ja,ja,正しい,「正しい」の反対は「,間違っている,0,9,19.125,20.875,1.75
gemma-2-2b,62,desc,val,ja,ja,正しい,「正しい」の反対は「,間違っている,0,8,19.125,20.0,0.875
gemma-2-2b,62,desc,freq,ja,ja,正しい,「正しい」の反対は「,間違っている,0,5,19.125,15.375,-3.75
gemma-2-2b,62,val,desc,ja,ja,正しい,「正しい」の反対は「,間違っている,0,10,19.125,19.5,0.375
gemma-2-2b,62,val,val,ja,ja,正しい,「正しい」の反対は「,間違っている,0,14,19.125,20.625,1.5
gemma-2-2b,62,val,freq,ja,ja,正しい,「正しい」の反対は「,間違っている,0,13,19.125,14.9375,-4.1875
gemma-2-2b,62,freq,desc,ja,ja,正しい,「正しい」の反対は「,間違っている,0,9,19.125,17.75,-1.375
gemma-2-2b,62,freq,val,ja,ja,正しい,「正しい」の反対は「,間違っている,0,7,19.125,17.875,-1.25
gemma-2-2b,62,freq,freq,ja,ja,正しい,「正しい」の反対は「,間違っている,0,6,19.125,18.75,-0.375
gemma-2-2b,63,desc,desc,ja,ja,複雑な,「複雑な」の反対は「,単純な,0,1,20.375,22.375,2.0
gemma-2-2b,63,desc,val,ja,ja,複雑な,「複雑な」の反対は「,単純な,0,0,20.375,22.75,2.375
gemma-2-2b,63,desc,freq,ja,ja,複雑な,「複雑な」の反対は「,単純な,0,0,20.375,18.375,-2.0
gemma-2-2b,63,val,desc,ja,ja,複雑な,「複雑な」の反対は「,単純な,0,1,20.375,21.5,1.125
gemma-2-2b,63,val,val,ja,ja,複雑な,「複雑な」の反対は「,単純な,0,2,20.375,22.75,2.375
gemma-2-2b,63,val,freq,ja,ja,複雑な,「複雑な」の反対は「,単純な,0,1,20.375,17.375,-3.0
gemma-2-2b,63,freq,desc,ja,ja,複雑な,「複雑な」の反対は「,単純な,0,0,20.375,19.5,-0.875
gemma-2-2b,63,freq,val,ja,ja,複雑な,「複雑な」の反対は「,単純な,0,3,20.375,19.75,-0.625
gemma-2-2b,63,freq,freq,ja,ja,複雑な,「複雑な」の反対は「,単純な,0,2,20.375,20.375,0.0
gemma-2-2b,64,desc,desc,ja,ja,効果的な,「効果的な」の反対は「,非効果的な,3,35,16.5,19.25,2.75
gemma-2-2b,64,desc,val,ja,ja,効果的な,「効果的な」の反対は「,非効果的な,3,62,16.5,18.0,1.5
gemma-2-2b,64,desc,freq,ja,ja,効果的な,「効果的な」の反対は「,非効果的な,3,12,16.5,14.875,-1.625
gemma-2-2b,64,val,desc,ja,ja,効果的な,「効果的な」の反対は「,非効果的な,3,37,16.5,18.25,1.75
gemma-2-2b,64,val,val,ja,ja,効果的な,「効果的な」の反対は「,非効果的な,3,60,16.5,18.75,2.25
gemma-2-2b,64,val,freq,ja,ja,効果的な,「効果的な」の反対は「,非効果的な,3,13,16.5,15.5,-1.0
gemma-2-2b,64,freq,desc,ja,ja,効果的な,「効果的な」の反対は「,非効果的な,3,11,16.5,17.5,1.0
gemma-2-2b,64,freq,val,ja,ja,効果的な,「効果的な」の反対は「,非効果的な,3,17,16.5,17.375,0.875
gemma-2-2b,64,freq,freq,ja,ja,効果的な,「効果的な」の反対は「,非効果的な,3,20,16.5,17.625,1.125
gemma-2-2b,65,desc,desc,ja,ja,有名な,「有名な」の反対は「,無名の,5,19,16.5,20.0,3.5
gemma-2-2b,65,desc,val,ja,ja,有名な,「有名な」の反対は「,無名の,5,13,16.5,20.5,4.0
gemma-2-2b,65,desc,freq,ja,ja,有名な,「有名な」の反対は「,無名の,5,11,16.5,15.9375,-0.5625
gemma-2-2b,65,val,desc,ja,ja,有名な,「有名な」の反対は「,無名の,5,6,16.5,18.875,2.375
gemma-2-2b,65,val,val,ja,ja,有名な,「有名な」の反対は「,無名の,5,22,16.5,20.25,3.75
gemma-2-2b,65,val,freq,ja,ja,有名な,「有名な」の反対は「,無名の,5,2,16.5,16.5,0.0
gemma-2-2b,65,freq,desc,ja,ja,有名な,「有名な」の反対は「,無名の,5,7,16.5,17.875,1.375
gemma-2-2b,65,freq,val,ja,ja,有名な,「有名な」の反対は「,無名の,5,7,16.5,18.875,2.375
gemma-2-2b,65,freq,freq,ja,ja,有名な,「有名な」の反対は「,無名の,5,5,16.5,18.75,2.25
gemma-2-2b,66,desc,desc,ja,ja,寛大な,「寛大な」の反対は「,ケチな,91,69,12.125,18.125,6.0
gemma-2-2b,66,desc,val,ja,ja,寛大な,「寛大な」の反対は「,ケチな,91,20,12.125,19.625,7.5
gemma-2-2b,66,desc,freq,ja,ja,寛大な,「寛大な」の反対は「,ケチな,91,15,12.125,13.4375,1.3125
gemma-2-2b,66,val,desc,ja,ja,寛大な,「寛大な」の反対は「,ケチな,91,32,12.125,18.625,6.5
gemma-2-2b,66,val,val,ja,ja,寛大な,「寛大な」の反対は「,ケチな,91,48,12.125,19.75,7.625
gemma-2-2b,66,val,freq,ja,ja,寛大な,「寛大な」の反対は「,ケチな,91,45,12.125,13.9375,1.8125
gemma-2-2b,66,freq,desc,ja,ja,寛大な,「寛大な」の反対は「,ケチな,91,41,12.125,15.5625,3.4375
gemma-2-2b,66,freq,val,ja,ja,寛大な,「寛大な」の反対は「,ケチな,91,57,12.125,16.0,3.875
gemma-2-2b,66,freq,freq,ja,ja,寛大な,「寛大な」の反対は「,ケチな,91,82,12.125,14.875,2.75
gemma-2-2b,67,desc,desc,ja,ja,幸せな,「幸せな」の反対は「,不幸せな,1,3,17.75,21.875,4.125
gemma-2-2b,67,desc,val,ja,ja,幸せな,「幸せな」の反対は「,不幸せな,1,2,17.75,21.875,4.125
gemma-2-2b,67,desc,freq,ja,ja,幸せな,「幸せな」の反対は「,不幸せな,1,8,17.75,13.125,-4.625
gemma-2-2b,67,val,desc,ja,ja,幸せな,「幸せな」の反対は「,不幸せな,1,2,17.75,21.375,3.625
gemma-2-2b,67,val,val,ja,ja,幸せな,「幸せな」の反対は「,不幸せな,1,3,17.75,22.625,4.875
gemma-2-2b,67,val,freq,ja,ja,幸せな,「幸せな」の反対は「,不幸せな,1,7,17.75,14.6875,-3.0625
gemma-2-2b,67,freq,desc,ja,ja,幸せな,「幸せな」の反対は「,不幸せな,1,1,17.75,19.5,1.75
gemma-2-2b,67,freq,val,ja,ja,幸せな,「幸せな」の反対は「,不幸せな,1,1,17.75,20.125,2.375
gemma-2-2b,67,freq,freq,ja,ja,幸せな,「幸せな」の反対は「,不幸せな,1,1,17.75,20.25,2.5
gemma-2-2b,68,desc,desc,ja,ja,健康な,「健康な」の反対は「,病気の,0,0,18.375,20.625,2.25
gemma-2-2b,68,desc,val,ja,ja,健康な,「健康な」の反対は「,病気の,0,0,18.375,19.75,1.375
gemma-2-2b,68,desc,freq,ja,ja,健康な,「健康な」の反対は「,病気の,0,7,18.375,14.125,-4.25
gemma-2-2b,68,val,desc,ja,ja,健康な,「健康な」の反対は「,病気の,0,0,18.375,18.625,0.25
gemma-2-2b,68,val,val,ja,ja,健康な,「健康な」の反対は「,病気の,0,0,18.375,20.375,2.0
gemma-2-2b,68,val,freq,ja,ja,健康な,「健康な」の反対は「,病気の,0,1,18.375,13.9375,-4.4375
gemma-2-2b,68,freq,desc,ja,ja,健康な,「健康な」の反対は「,病気の,0,0,18.375,16.875,-1.5
gemma-2-2b,68,freq,val,ja,ja,健康な,「健康な」の反対は「,病気の,0,0,18.375,17.25,-1.125
gemma-2-2b,68,freq,freq,ja,ja,健康な,「健康な」の反対は「,病気の,0,0,18.375,17.75,-0.625
gemma-2-2b,69,desc,desc,ja,ja,高い,「高い」の反対は「,低い,1,3,18.5,21.375,2.875
gemma-2-2b,69,desc,val,ja,ja,高い,「高い」の反対は「,低い,1,7,18.5,20.25,1.75
gemma-2-2b,69,desc,freq,ja,ja,高い,「高い」の反対は「,低い,1,5,18.5,13.125,-5.375
gemma-2-2b,69,val,desc,ja,ja,高い,「高い」の反対は「,低い,1,6,18.5,19.625,1.125
gemma-2-2b,69,val,val,ja,ja,高い,「高い」の反対は「,低い,1,7,18.5,21.625,3.125
gemma-2-2b,69,val,freq,ja,ja,高い,「高い」の反対は「,低い,1,6,18.5,14.875,-3.625
gemma-2-2b,69,freq,desc,ja,ja,高い,「高い」の反対は「,低い,1,4,18.5,16.125,-2.375
gemma-2-2b,69,freq,val,ja,ja,高い,「高い」の反対は「,低い,1,4,18.5,17.125,-1.375
gemma-2-2b,69,freq,freq,ja,ja,高い,「高い」の反対は「,低い,1,4,18.5,18.125,-0.375
gemma-2-2b,70,desc,desc,ja,ja,重要な,「重要な」の反対は「,重要でない,9,73,16.75,18.875,2.125
gemma-2-2b,70,desc,val,ja,ja,重要な,「重要な」の反対は「,重要でない,9,130,16.75,17.75,1.0
gemma-2-2b,70,desc,freq,ja,ja,重要な,「重要な」の反対は「,重要でない,9,359,16.75,11.25,-5.5
gemma-2-2b,70,val,desc,ja,ja,重要な,「重要な」の反対は「,重要でない,9,97,16.75,17.625,0.875
gemma-2-2b,70,val,val,ja,ja,重要な,「重要な」の反対は「,重要でない,9,68,16.75,19.25,2.5
gemma-2-2b,70,val,freq,ja,ja,重要な,「重要な」の反対は「,重要でない,9,174,16.75,11.0625,-5.6875
gemma-2-2b,70,freq,desc,ja,ja,重要な,「重要な」の反対は「,重要でない,9,25,16.75,17.0,0.25
gemma-2-2b,70,freq,val,ja,ja,重要な,「重要な」の反対は「,重要でない,9,68,16.75,16.375,-0.375
gemma-2-2b,70,freq,freq,ja,ja,重要な,「重要な」の反対は「,重要でない,9,33,16.75,17.5,0.75
gemma-2-2b,71,desc,desc,ja,ja,無罪の,「無罪の」の反対は「,有罪の,1,4,18.875,23.75,4.875
gemma-2-2b,71,desc,val,ja,ja,無罪の,「無罪の」の反対は「,有罪の,1,3,18.875,23.125,4.25
gemma-2-2b,71,desc,freq,ja,ja,無罪の,「無罪の」の反対は「,有罪の,1,2,18.875,17.5,-1.375
gemma-2-2b,71,val,desc,ja,ja,無罪の,「無罪の」の反対は「,有罪の,1,0,18.875,23.625,4.75
gemma-2-2b,71,val,val,ja,ja,無罪の,「無罪の」の反対は「,有罪の,1,4,18.875,24.875,6.0
gemma-2-2b,71,val,freq,ja,ja,無罪の,「無罪の」の反対は「,有罪の,1,3,18.875,18.875,0.0
gemma-2-2b,71,freq,desc,ja,ja,無罪の,「無罪の」の反対は「,有罪の,1,0,18.875,20.375,1.5
gemma-2-2b,71,freq,val,ja,ja,無罪の,「無罪の」の反対は「,有罪の,1,1,18.875,21.25,2.375
gemma-2-2b,71,freq,freq,ja,ja,無罪の,「無罪の」の反対は「,有罪の,1,1,18.875,20.5,1.625
gemma-2-2b,72,desc,desc,ja,ja,既知の,「既知の」の反対は「,未知の,0,0,20.625,23.125,2.5
gemma-2-2b,72,desc,val,ja,ja,既知の,「既知の」の反対は「,未知の,0,4,20.625,21.375,0.75
gemma-2-2b,72,desc,freq,ja,ja,既知の,「既知の」の反対は「,未知の,0,7,20.625,14.5625,-6.0625
gemma-2-2b,72,val,desc,ja,ja,既知の,「既知の」の反対は「,未知の,0,0,20.625,21.875,1.25
gemma-2-2b,72,val,val,ja,ja,既知の,「既知の」の反対は「,未知の,0,3,20.625,23.25,2.625
gemma-2-2b,72,val,freq,ja,ja,既知の,「既知の」の反対は「,未知の,0,5,20.625,16.25,-4.375
gemma-2-2b,72,freq,desc,ja,ja,既知の,「既知の」の反対は「,未知の,0,0,20.625,19.875,-0.75
gemma-2-2b,72,freq,val,ja,ja,既知の,「既知の」の反対は「,未知の,0,0,20.625,20.0,-0.625
gemma-2-2b,72,freq,freq,ja,ja,既知の,「既知の」の反対は「,未知の,0,0,20.625,21.375,0.75
gemma-2-2b,73,desc,desc,ja,ja,男性の,「男性の」の反対は「,女性の,1,12,18.125,19.25,1.125
gemma-2-2b,73,desc,val,ja,ja,男性の,「男性の」の反対は「,女性の,1,11,18.125,20.375,2.25
gemma-2-2b,73,desc,freq,ja,ja,男性の,「男性の」の反対は「,女性の,1,11,18.125,13.625,-4.5
gemma-2-2b,73,val,desc,ja,ja,男性の,「男性の」の反対は「,女性の,1,12,18.125,19.375,1.25
gemma-2-2b,73,val,val,ja,ja,男性の,「男性の」の反対は「,女性の,1,41,18.125,19.125,1.0
gemma-2-2b,73,val,freq,ja,ja,男性の,「男性の」の反対は「,女性の,1,44,18.125,13.0,-5.125
gemma-2-2b,73,freq,desc,ja,ja,男性の,「男性の」の反対は「,女性の,1,6,18.125,17.5,-0.625
gemma-2-2b,73,freq,val,ja,ja,男性の,「男性の」の反対は「,女性の,1,14,18.125,17.25,-0.875
gemma-2-2b,73,freq,freq,ja,ja,男性の,「男性の」の反対は「,女性の,1,9,18.125,17.875,-0.25
gemma-2-2b,74,desc,desc,ja,ja,普通の,「普通の」の反対は「,異常な,0,10,19.0,22.25,3.25
gemma-2-2b,74,desc,val,ja,ja,普通の,「普通の」の反対は「,異常な,0,8,19.0,21.75,2.75
gemma-2-2b,74,desc,freq,ja,ja,普通の,「普通の」の反対は「,異常な,0,1,19.0,18.75,-0.25
gemma-2-2b,74,val,desc,ja,ja,普通の,「普通の」の反対は「,異常な,0,14,19.0,20.125,1.125
gemma-2-2b,74,val,val,ja,ja,普通の,「普通の」の反対は「,異常な,0,26,19.0,21.5,2.5
gemma-2-2b,74,val,freq,ja,ja,普通の,「普通の」の反対は「,異常な,0,6,19.0,17.875,-1.125
gemma-2-2b,74,freq,desc,ja,ja,普通の,「普通の」の反対は「,異常な,0,11,19.0,19.5,0.5
gemma-2-2b,74,freq,val,ja,ja,普通の,「普通の」の反対は「,異常な,0,8,19.0,19.75,0.75
gemma-2-2b,74,freq,freq,ja,ja,普通の,「普通の」の反対は「,異常な,0,6,19.0,20.375,1.375
gemma-2-2b,75,desc,desc,ja,ja,可能な,「可能な」の反対は「,不可能な,0,3,21.75,22.875,1.125
gemma-2-2b,75,desc,val,ja,ja,可能な,「可能な」の反対は「,不可能な,0,4,21.75,21.875,0.125
gemma-2-2b,75,desc,freq,ja,ja,可能な,「可能な」の反対は「,不可能な,0,0,21.75,17.5,-4.25
gemma-2-2b,75,val,desc,ja,ja,可能な,「可能な」の反対は「,不可能な,0,1,21.75,22.125,0.375
gemma-2-2b,75,val,val,ja,ja,可能な,「可能な」の反対は「,不可能な,0,3,21.75,23.25,1.5
gemma-2-2b,75,val,freq,ja,ja,可能な,「可能な」の反対は「,不可能な,0,0,21.75,17.75,-4.0
gemma-2-2b,75,freq,desc,ja,ja,可能な,「可能な」の反対は「,不可能な,0,0,21.75,21.75,0.0
gemma-2-2b,75,freq,val,ja,ja,可能な,「可能な」の反対は「,不可能な,0,0,21.75,21.5,-0.25
gemma-2-2b,75,freq,freq,ja,ja,可能な,「可能な」の反対は「,不可能な,0,0,21.75,22.375,0.625
gemma-2-2b,76,desc,desc,ja,ja,個人の,「個人の」の反対は「,公共の,29,91,16.25,19.625,3.375
gemma-2-2b,76,desc,val,ja,ja,個人の,「個人の」の反対は「,公共の,29,158,16.25,18.5,2.25
gemma-2-2b,76,desc,freq,ja,ja,個人の,「個人の」の反対は「,公共の,29,714,16.25,11.0,-5.25
gemma-2-2b,76,val,desc,ja,ja,個人の,「個人の」の反対は「,公共の,29,109,16.25,18.25,2.0
gemma-2-2b,76,val,val,ja,ja,個人の,「個人の」の反対は「,公共の,29,105,16.25,20.125,3.875
gemma-2-2b,76,val,freq,ja,ja,個人の,「個人の」の反対は「,公共の,29,640,16.25,11.3125,-4.9375
gemma-2-2b,76,freq,desc,ja,ja,個人の,「個人の」の反対は「,公共の,29,62,16.25,17.0,0.75
gemma-2-2b,76,freq,val,ja,ja,個人の,「個人の」の反対は「,公共の,29,64,16.25,17.75,1.5
gemma-2-2b,76,freq,freq,ja,ja,個人の,「個人の」の反対は「,公共の,29,58,16.25,17.875,1.625
gemma-2-2b,77,desc,desc,ja,ja,正しい,「正しい」の反対は「,間違っている,0,9,19.125,20.875,1.75
gemma-2-2b,77,desc,val,ja,ja,正しい,「正しい」の反対は「,間違っている,0,8,19.125,20.0,0.875
gemma-2-2b,77,desc,freq,ja,ja,正しい,「正しい」の反対は「,間違っている,0,5,19.125,15.25,-3.875
gemma-2-2b,77,val,desc,ja,ja,正しい,「正しい」の反対は「,間違っている,0,10,19.125,19.5,0.375
gemma-2-2b,77,val,val,ja,ja,正しい,「正しい」の反対は「,間違っている,0,14,19.125,20.625,1.5
gemma-2-2b,77,val,freq,ja,ja,正しい,「正しい」の反対は「,間違っている,0,13,19.125,15.0,-4.125
gemma-2-2b,77,freq,desc,ja,ja,正しい,「正しい」の反対は「,間違っている,0,9,19.125,17.75,-1.375
gemma-2-2b,77,freq,val,ja,ja,正しい,「正しい」の反対は「,間違っている,0,7,19.125,17.875,-1.25
gemma-2-2b,77,freq,freq,ja,ja,正しい,「正しい」の反対は「,間違っている,0,6,19.125,18.75,-0.375
gemma-2-2b,78,desc,desc,ja,ja,簡単な,「簡単な」の反対は「,複雑な,1,10,19.0,20.75,1.75
gemma-2-2b,78,desc,val,ja,ja,簡単な,「簡単な」の反対は「,複雑な,1,14,19.0,20.375,1.375
gemma-2-2b,78,desc,freq,ja,ja,簡単な,「簡単な」の反対は「,複雑な,1,5,19.0,16.75,-2.25
gemma-2-2b,78,val,desc,ja,ja,簡単な,「簡単な」の反対は「,複雑な,1,42,19.0,18.875,-0.125
gemma-2-2b,78,val,val,ja,ja,簡単な,「簡単な」の反対は「,複雑な,1,30,19.0,20.375,1.375
gemma-2-2b,78,val,freq,ja,ja,簡単な,「簡単な」の反対は「,複雑な,1,23,19.0,15.6875,-3.3125
gemma-2-2b,78,freq,desc,ja,ja,簡単な,「簡単な」の反対は「,複雑な,1,8,19.0,17.75,-1.25
gemma-2-2b,78,freq,val,ja,ja,簡単な,「簡単な」の反対は「,複雑な,1,17,19.0,17.75,-1.25
gemma-2-2b,78,freq,freq,ja,ja,簡単な,「簡単な」の反対は「,複雑な,1,10,19.0,18.75,-0.25
gemma-2-2b,79,desc,desc,ja,ja,甘い,「甘い」の反対は「,苦い,1,2,14.5625,19.75,5.1875
gemma-2-2b,79,desc,val,ja,ja,甘い,「甘い」の反対は「,苦い,1,1,14.5625,18.875,4.3125
gemma-2-2b,79,desc,freq,ja,ja,甘い,「甘い」の反対は「,苦い,1,1,14.5625,14.3125,-0.25
gemma-2-2b,79,val,desc,ja,ja,甘い,「甘い」の反対は「,苦い,1,0,14.5625,19.125,4.5625
gemma-2-2b,79,val,val,ja,ja,甘い,「甘い」の反対は「,苦い,1,3,14.5625,20.375,5.8125
gemma-2-2b,79,val,freq,ja,ja,甘い,「甘い」の反対は「,苦い,1,2,14.5625,16.125,1.5625
gemma-2-2b,79,freq,desc,ja,ja,甘い,「甘い」の反対は「,苦い,1,0,14.5625,16.125,1.5625
gemma-2-2b,79,freq,val,ja,ja,甘い,「甘い」の反対は「,苦い,1,0,14.5625,17.25,2.6875
gemma-2-2b,79,freq,freq,ja,ja,甘い,「甘い」の反対は「,苦い,1,0,14.5625,17.75,3.1875
gemma-2-2b,80,desc,desc,ja,ja,見える,「見える」の反対は「,見えない,0,0,20.25,22.125,1.875
gemma-2-2b,80,desc,val,ja,ja,見える,「見える」の反対は「,見えない,0,2,20.25,19.75,-0.5
gemma-2-2b,80,desc,freq,ja,ja,見える,「見える」の反対は「,見えない,0,6,20.25,13.375,-6.875
gemma-2-2b,80,val,desc,ja,ja,見える,「見える」の反対は「,見えない,0,1,20.25,21.5,1.25
gemma-2-2b,80,val,val,ja,ja,見える,「見える」の反対は「,見えない,0,0,20.25,22.375,2.125
gemma-2-2b,80,val,freq,ja,ja,見える,「見える」の反対は「,見えない,0,1,20.25,14.875,-5.375
gemma-2-2b,80,freq,desc,ja,ja,見える,「見える」の反対は「,見えない,0,0,20.25,19.75,-0.5
gemma-2-2b,80,freq,val,ja,ja,見える,「見える」の反対は「,見えない,0,0,20.25,19.875,-0.375
gemma-2-2b,80,freq,freq,ja,ja,見える,「見える」の反対は「,見えない,0,0,20.25,20.625,0.375
gemma-2-2b,81,desc,desc,ja,ja,暖かい,「暖かい」の反対は「,冷たい,0,5,19.0,20.375,1.375
gemma-2-2b,81,desc,val,ja,ja,暖かい,「暖かい」の反対は「,冷たい,0,7,19.0,19.25,0.25
gemma-2-2b,81,desc,freq,ja,ja,暖かい,「暖かい」の反対は「,冷たい,0,1,19.0,11.5,-7.5
gemma-2-2b,81,val,desc,ja,ja,暖かい,「暖かい」の反対は「,冷たい,0,3,19.0,19.875,0.875
gemma-2-2b,81,val,val,ja,ja,暖かい,「暖かい」の反対は「,冷たい,0,8,19.0,20.75,1.75
gemma-2-2b,81,val,freq,ja,ja,暖かい,「暖かい」の反対は「,冷たい,0,3,19.0,13.75,-5.25
gemma-2-2b,81,freq,desc,ja,ja,暖かい,「暖かい」の反対は「,冷たい,0,6,19.0,16.375,-2.625
gemma-2-2b,81,freq,val,ja,ja,暖かい,「暖かい」の反対は「,冷たい,0,11,19.0,16.5,-2.5
gemma-2-2b,81,freq,freq,ja,ja,暖かい,「暖かい」の反対は「,冷たい,0,7,19.0,17.75,-1.25
gemma-2-2b,82,desc,desc,ja,ja,滑らかな,「滑らかな」の反対は「,粗い,4,12,16.5,21.0,4.5
gemma-2-2b,82,desc,val,ja,ja,滑らかな,「滑らかな」の反対は「,粗い,4,51,16.5,19.25,2.75
gemma-2-2b,82,desc,freq,ja,ja,滑らかな,「滑らかな」の反対は「,粗い,4,33,16.5,14.4375,-2.0625
gemma-2-2b,82,val,desc,ja,ja,滑らかな,「滑らかな」の反対は「,粗い,4,25,16.5,19.625,3.125
gemma-2-2b,82,val,val,ja,ja,滑らかな,「滑らかな」の反対は「,粗い,4,27,16.5,21.125,4.625
gemma-2-2b,82,val,freq,ja,ja,滑らかな,「滑らかな」の反対は「,粗い,4,29,16.5,15.375,-1.125
gemma-2-2b,82,freq,desc,ja,ja,滑らかな,「滑らかな」の反対は「,粗い,4,4,16.5,19.125,2.625
gemma-2-2b,82,freq,val,ja,ja,滑らかな,「滑らかな」の反対は「,粗い,4,5,16.5,19.5,3.0
gemma-2-2b,82,freq,freq,ja,ja,滑らかな,「滑らかな」の反対は「,粗い,4,4,16.5,19.875,3.375
gemma-2-2b,83,desc,desc,ja,ja,薄い,「薄い」の反対は「,厚い,0,0,19.5,22.0,2.5
gemma-2-2b,83,desc,val,ja,ja,薄い,「薄い」の反対は「,厚い,0,3,19.5,21.0,1.5
gemma-2-2b,83,desc,freq,ja,ja,薄い,「薄い」の反対は「,厚い,0,0,19.5,19.0,-0.5
gemma-2-2b,83,val,desc,ja,ja,薄い,「薄い」の反対は「,厚い,0,0,19.5,21.5,2.0
gemma-2-2b,83,val,val,ja,ja,薄い,「薄い」の反対は「,厚い,0,1,19.5,23.0,3.5
gemma-2-2b,83,val,freq,ja,ja,薄い,「薄い」の反対は「,厚い,0,0,19.5,20.0,0.5
gemma-2-2b,83,freq,desc,ja,ja,薄い,「薄い」の反対は「,厚い,0,0,19.5,19.75,0.25
gemma-2-2b,83,freq,val,ja,ja,薄い,「薄い」の反対は「,厚い,0,1,19.5,19.75,0.25
gemma-2-2b,83,freq,freq,ja,ja,薄い,「薄い」の反対は「,厚い,0,0,19.5,20.375,0.875
gemma-2-2b,84,desc,desc,ja,ja,背が高い,「背が高い」の反対は「,背が低い,0,0,19.125,23.5,4.375
gemma-2-2b,84,desc,val,ja,ja,背が高い,「背が高い」の反対は「,背が低い,0,0,19.125,22.875,3.75
gemma-2-2b,84,desc,freq,ja,ja,背が高い,「背が高い」の反対は「,背が低い,0,0,19.125,17.625,-1.5
gemma-2-2b,84,val,desc,ja,ja,背が高い,「背が高い」の反対は「,背が低い,0,0,19.125,23.25,4.125
gemma-2-2b,84,val,val,ja,ja,背が高い,「背が高い」の反対は「,背が低い,0,0,19.125,24.625,5.5
gemma-2-2b,84,val,freq,ja,ja,背が高い,「背が高い」の反対は「,背が低い,0,0,19.125,19.125,0.0
gemma-2-2b,84,freq,desc,ja,ja,背が高い,「背が高い」の反対は「,背が低い,0,1,19.125,20.0,0.875
gemma-2-2b,84,freq,val,ja,ja,背が高い,「背が高い」の反対は「,背が低い,0,0,19.125,20.875,1.75
gemma-2-2b,84,freq,freq,ja,ja,背が高い,「背が高い」の反対は「,背が低い,0,1,19.125,20.75,1.625
gemma-2-2b,85,desc,desc,ja,ja,既婚の,「既婚の」の反対は「,未婚の,0,0,19.125,23.125,4.0
gemma-2-2b,85,desc,val,ja,ja,既婚の,「既婚の」の反対は「,未婚の,0,0,19.125,22.625,3.5
gemma-2-2b,85,desc,freq,ja,ja,既婚の,「既婚の」の反対は「,未婚の,0,10,19.125,14.3125,-4.8125
gemma-2-2b,85,val,desc,ja,ja,既婚の,「既婚の」の反対は「,未婚の,0,0,19.125,23.125,4.0
gemma-2-2b,85,val,val,ja,ja,既婚の,「既婚の」の反対は「,未婚の,0,0,19.125,24.125,5.0
gemma-2-2b,85,val,freq,ja,ja,既婚の,「既婚の」の反対は「,未婚の,0,5,19.125,15.5625,-3.5625
gemma-2-2b,85,freq,desc,ja,ja,既婚の,「既婚の」の反対は「,未婚の,0,0,19.125,21.25,2.125
gemma-2-2b,85,freq,val,ja,ja,既婚の,「既婚の」の反対は「,未婚の,0,0,19.125,21.875,2.75
gemma-2-2b,85,freq,freq,ja,ja,既婚の,「既婚の」の反対は「,未婚の,0,0,19.125,21.75,2.625
gemma-2-2b,86,desc,desc,ja,ja,楽観的な,「楽観的な」の反対は「,悲観的な,0,4,17.75,21.875,4.125
gemma-2-2b,86,desc,val,ja,ja,楽観的な,「楽観的な」の反対は「,悲観的な,0,4,17.75,21.5,3.75
gemma-2-2b,86,desc,freq,ja,ja,楽観的な,「楽観的な」の反対は「,悲観的な,0,3,17.75,17.5,-0.25
gemma-2-2b,86,val,desc,ja,ja,楽観的な,「楽観的な」の反対は「,悲観的な,0,3,17.75,22.125,4.375
gemma-2-2b,86,val,val,ja,ja,楽観的な,「楽観的な」の反対は「,悲観的な,0,6,17.75,23.0,5.25
gemma-2-2b,86,val,freq,ja,ja,楽観的な,「楽観的な」の反対は「,悲観的な,0,3,17.75,19.5,1.75
gemma-2-2b,86,freq,desc,ja,ja,楽観的な,「楽観的な」の反対は「,悲観的な,0,3,17.75,19.25,1.5
gemma-2-2b,86,freq,val,ja,ja,楽観的な,「楽観的な」の反対は「,悲観的な,0,3,17.75,20.375,2.625
gemma-2-2b,86,freq,freq,ja,ja,楽観的な,「楽観的な」の反対は「,悲観的な,0,1,17.75,19.75,2.0
gemma-2-2b,87,desc,desc,ja,ja,恒久的な,「恒久的な」の反対は「,一時的な,0,2,21.0,23.5,2.5
gemma-2-2b,87,desc,val,ja,ja,恒久的な,「恒久的な」の反対は「,一時的な,0,0,21.0,23.375,2.375
gemma-2-2b,87,desc,freq,ja,ja,恒久的な,「恒久的な」の反対は「,一時的な,0,0,21.0,20.25,-0.75
gemma-2-2b,87,val,desc,ja,ja,恒久的な,「恒久的な」の反対は「,一時的な,0,1,21.0,22.5,1.5
gemma-2-2b,87,val,val,ja,ja,恒久的な,「恒久的な」の反対は「,一時的な,0,3,21.0,23.5,2.5
gemma-2-2b,87,val,freq,ja,ja,恒久的な,「恒久的な」の反対は「,一時的な,0,0,21.0,19.625,-1.375
gemma-2-2b,87,freq,desc,ja,ja,恒久的な,「恒久的な」の反対は「,一時的な,0,0,21.0,21.375,0.375
gemma-2-2b,87,freq,val,ja,ja,恒久的な,「恒久的な」の反対は「,一時的な,0,1,21.0,21.625,0.625
gemma-2-2b,87,freq,freq,ja,ja,恒久的な,「恒久的な」の反対は「,一時的な,0,0,21.0,21.75,0.75
gemma-2-2b,88,desc,desc,ja,ja,現在の,「現在の」の反対は「,過去の,1,2,21.5,23.5,2.0
gemma-2-2b,88,desc,val,ja,ja,現在の,「現在の」の反対は「,過去の,1,3,21.5,22.625,1.125
gemma-2-2b,88,desc,freq,ja,ja,現在の,「現在の」の反対は「,過去の,1,6,21.5,17.625,-3.875
gemma-2-2b,88,val,desc,ja,ja,現在の,「現在の」の反対は「,過去の,1,11,21.5,21.625,0.125
gemma-2-2b,88,val,val,ja,ja,現在の,「現在の」の反対は「,過去の,1,17,21.5,22.5,1.0
gemma-2-2b,88,val,freq,ja,ja,現在の,「現在の」の反対は「,過去の,1,16,21.5,17.25,-4.25
gemma-2-2b,88,freq,desc,ja,ja,現在の,「現在の」の反対は「,過去の,1,1,21.5,21.0,-0.5
gemma-2-2b,88,freq,val,ja,ja,現在の,「現在の」の反対は「,過去の,1,5,21.5,20.75,-0.75
gemma-2-2b,88,freq,freq,ja,ja,現在の,「現在の」の反対は「,過去の,1,1,21.5,21.5,0.0
gemma-2-2b,89,desc,desc,ja,ja,公共の,「公共の」の反対は「,個人の,10,23,16.0,19.125,3.125
gemma-2-2b,89,desc,val,ja,ja,公共の,「公共の」の反対は「,個人の,10,18,16.0,19.875,3.875
gemma-2-2b,89,desc,freq,ja,ja,公共の,「公共の」の反対は「,個人の,10,10,16.0,15.375,-0.625
gemma-2-2b,89,val,desc,ja,ja,公共の,「公共の」の反対は「,個人の,10,37,16.0,19.5,3.5
gemma-2-2b,89,val,val,ja,ja,公共の,「公共の」の反対は「,個人の,10,44,16.0,19.75,3.75
gemma-2-2b,89,val,freq,ja,ja,公共の,「公共の」の反対は「,個人の,10,19,16.0,16.75,0.75
gemma-2-2b,89,freq,desc,ja,ja,公共の,「公共の」の反対は「,個人の,10,22,16.0,16.375,0.375
gemma-2-2b,89,freq,val,ja,ja,公共の,「公共の」の反対は「,個人の,10,24,16.0,17.25,1.25
gemma-2-2b,89,freq,freq,ja,ja,公共の,「公共の」の反対は「,個人の,10,21,16.0,17.0,1.0
gemma-2-2b,90,desc,desc,ja,ja,本物の,「本物の」の反対は「,偽物の,0,6,18.75,21.5,2.75
gemma-2-2b,90,desc,val,ja,ja,本物の,「本物の」の反対は「,偽物の,0,7,18.75,20.875,2.125
gemma-2-2b,90,desc,freq,ja,ja,本物の,「本物の」の反対は「,偽物の,0,0,18.75,18.125,-0.625
gemma-2-2b,90,val,desc,ja,ja,本物の,「本物の」の反対は「,偽物の,0,10,18.75,19.875,1.125
gemma-2-2b,90,val,val,ja,ja,本物の,「本物の」の反対は「,偽物の,0,14,18.75,21.125,2.375
gemma-2-2b,90,val,freq,ja,ja,本物の,「本物の」の反対は「,偽物の,0,4,18.75,17.75,-1.0
gemma-2-2b,90,freq,desc,ja,ja,本物の,「本物の」の反対は「,偽物の,0,0,18.75,19.875,1.125
gemma-2-2b,90,freq,val,ja,ja,本物の,「本物の」の反対は「,偽物の,0,2,18.75,19.75,1.0
gemma-2-2b,90,freq,freq,ja,ja,本物の,「本物の」の反対は「,偽物の,0,0,18.75,20.375,1.625
gemma-2-2b,91,desc,desc,ja,ja,責任,「責任」の反対は「,無責任な,1,0,18.75,23.125,4.375
gemma-2-2b,91,desc,val,ja,ja,責任,「責任」の反対は「,無責任な,1,0,18.75,23.875,5.125
gemma-2-2b,91,desc,freq,ja,ja,責任,「責任」の反対は「,無責任な,1,0,18.75,19.125,0.375
gemma-2-2b,91,val,desc,ja,ja,責任,「責任」の反対は「,無責任な,1,0,18.75,22.125,3.375
gemma-2-2b,91,val,val,ja,ja,責任,「責任」の反対は「,無責任な,1,0,18.75,23.375,4.625
gemma-2-2b,91,val,freq,ja,ja,責任,「責任」の反対は「,無責任な,1,0,18.75,19.0,0.25
gemma-2-2b,91,freq,desc,ja,ja,責任,「責任」の反対は「,無責任な,1,0,18.75,21.125,2.375
gemma-2-2b,91,freq,val,ja,ja,責任,「責任」の反対は「,無責任な,1,0,18.75,21.625,2.875
gemma-2-2b,91,freq,freq,ja,ja,責任,「責任」の反対は「,無責任な,1,0,18.75,21.25,2.5
gemma-2-2b,92,desc,desc,ja,ja,独身の,「独身の」の反対は「,結婚している,0,6,18.125,21.375,3.25
gemma-2-2b,92,desc,val,ja,ja,独身の,「独身の」の反対は「,結婚している,0,5,18.125,21.0,2.875
gemma-2-2b,92,desc,freq,ja,ja,独身の,「独身の」の反対は「,結婚している,0,0,18.125,16.125,-2.0
gemma-2-2b,92,val,desc,ja,ja,独身の,「独身の」の反対は「,結婚している,0,8,18.125,19.375,1.25
gemma-2-2b,92,val,val,ja,ja,独身の,「独身の」の反対は「,結婚している,0,10,18.125,21.625,3.5
gemma-2-2b,92,val,freq,ja,ja,独身の,「独身の」の反対は「,結婚している,0,11,18.125,15.5,-2.625
gemma-2-2b,92,freq,desc,ja,ja,独身の,「独身の」の反対は「,結婚している,0,6,18.125,18.0,-0.125
gemma-2-2b,92,freq,val,ja,ja,独身の,「独身の」の反対は「,結婚している,0,5,18.125,18.875,0.75
gemma-2-2b,92,freq,freq,ja,ja,独身の,「独身の」の反対は「,結婚している,0,3,18.125,19.25,1.125
gemma-2-2b,93,desc,desc,ja,ja,酸っぱい,「酸っぱい」の反対は「,甘い,0,5,15.6875,18.25,2.5625
gemma-2-2b,93,desc,val,ja,ja,酸っぱい,「酸っぱい」の反対は「,甘い,0,13,15.6875,16.375,0.6875
gemma-2-2b,93,desc,freq,ja,ja,酸っぱい,「酸っぱい」の反対は「,甘い,0,14,15.6875,8.0625,-7.625
gemma-2-2b,93,val,desc,ja,ja,酸っぱい,「酸っぱい」の反対は「,甘い,0,11,15.6875,15.125,-0.5625
gemma-2-2b,93,val,val,ja,ja,酸っぱい,「酸っぱい」の反対は「,甘い,0,14,15.6875,17.5,1.8125
gemma-2-2b,93,val,freq,ja,ja,酸っぱい,「酸っぱい」の反対は「,甘い,0,39,15.6875,8.625,-7.0625
gemma-2-2b,93,freq,desc,ja,ja,酸っぱい,「酸っぱい」の反対は「,甘い,0,5,15.6875,14.125,-1.5625
gemma-2-2b,93,freq,val,ja,ja,酸っぱい,「酸っぱい」の反対は「,甘い,0,11,15.6875,14.5,-1.1875
gemma-2-2b,93,freq,freq,ja,ja,酸っぱい,「酸っぱい」の反対は「,甘い,0,5,15.6875,15.6875,0.0
gemma-2-2b,94,desc,desc,ja,ja,役に立つ,「役に立つ」の反対は「,役に立たない,0,3,18.75,21.25,2.5
gemma-2-2b,94,desc,val,ja,ja,役に立つ,「役に立つ」の反対は「,役に立たない,0,12,18.75,20.25,1.5
gemma-2-2b,94,desc,freq,ja,ja,役に立つ,「役に立つ」の反対は「,役に立たない,0,18,18.75,13.9375,-4.8125
gemma-2-2b,94,val,desc,ja,ja,役に立つ,「役に立つ」の反対は「,役に立たない,0,7,18.75,20.5,1.75
gemma-2-2b,94,val,val,ja,ja,役に立つ,「役に立つ」の反対は「,役に立たない,0,3,18.75,21.75,3.0
gemma-2-2b,94,val,freq,ja,ja,役に立つ,「役に立つ」の反対は「,役に立たない,0,8,18.75,15.9375,-2.8125
gemma-2-2b,94,freq,desc,ja,ja,役に立つ,「役に立つ」の反対は「,役に立たない,0,2,18.75,18.125,-0.625
gemma-2-2b,94,freq,val,ja,ja,役に立つ,「役に立つ」の反対は「,役に立たない,0,1,18.75,19.25,0.5
gemma-2-2b,94,freq,freq,ja,ja,役に立つ,「役に立つ」の反対は「,役に立たない,0,1,18.75,19.25,0.5
gemma-2-2b,95,desc,desc,ja,ja,垂直な,「垂直な」の反対は「,水平な,0,0,19.625,22.625,3.0
gemma-2-2b,95,desc,val,ja,ja,垂直な,「垂直な」の反対は「,水平な,0,0,19.625,21.875,2.25
gemma-2-2b,95,desc,freq,ja,ja,垂直な,「垂直な」の反対は「,水平な,0,2,19.625,14.3125,-5.3125
gemma-2-2b,95,val,desc,ja,ja,垂直な,「垂直な」の反対は「,水平な,0,0,19.625,21.0,1.375
gemma-2-2b,95,val,val,ja,ja,垂直な,「垂直な」の反対は「,水平な,0,0,19.625,23.75,4.125
gemma-2-2b,95,val,freq,ja,ja,垂直な,「垂直な」の反対は「,水平な,0,7,19.625,13.6875,-5.9375
gemma-2-2b,95,freq,desc,ja,ja,垂直な,「垂直な」の反対は「,水平な,0,0,19.625,18.25,-1.375
gemma-2-2b,95,freq,val,ja,ja,垂直な,「垂直な」の反対は「,水平な,0,0,19.625,20.0,0.375
gemma-2-2b,95,freq,freq,ja,ja,垂直な,「垂直な」の反対は「,水平な,0,0,19.625,19.5,-0.125
gemma-2-2b,96,desc,desc,ja,ja,良い,「良い」の反対は「,悪い,0,6,19.75,20.375,0.625
gemma-2-2b,96,desc,val,ja,ja,良い,「良い」の反対は「,悪い,0,7,19.75,20.0,0.25
gemma-2-2b,96,desc,freq,ja,ja,良い,「良い」の反対は「,悪い,0,4,19.75,15.125,-4.625
gemma-2-2b,96,val,desc,ja,ja,良い,「良い」の反対は「,悪い,0,1,19.75,20.875,1.125
gemma-2-2b,96,val,val,ja,ja,良い,「良い」の反対は「,悪い,0,8,19.75,20.875,1.125
gemma-2-2b,96,val,freq,ja,ja,良い,「良い」の反対は「,悪い,0,2,19.75,16.75,-3.0
gemma-2-2b,96,freq,desc,ja,ja,良い,「良い」の反対は「,悪い,0,6,19.75,17.375,-2.375
gemma-2-2b,96,freq,val,ja,ja,良い,「良い」の反対は「,悪い,0,8,19.75,17.25,-2.5
gemma-2-2b,96,freq,freq,ja,ja,良い,「良い」の反対は「,悪い,0,7,19.75,18.375,-1.375
gemma-2-2b,97,desc,desc,ja,ja,勝利の,「勝利の」の反対は「,敗北の,0,0,19.75,22.375,2.625
gemma-2-2b,97,desc,val,ja,ja,勝利の,「勝利の」の反対は「,敗北の,0,0,19.75,23.0,3.25
gemma-2-2b,97,desc,freq,ja,ja,勝利の,「勝利の」の反対は「,敗北の,0,0,19.75,16.5,-3.25
gemma-2-2b,97,val,desc,ja,ja,勝利の,「勝利の」の反対は「,敗北の,0,2,19.75,22.625,2.875
gemma-2-2b,97,val,val,ja,ja,勝利の,「勝利の」の反対は「,敗北の,0,2,19.75,23.5,3.75
gemma-2-2b,97,val,freq,ja,ja,勝利の,「勝利の」の反対は「,敗北の,0,3,19.75,16.125,-3.625
gemma-2-2b,97,freq,desc,ja,ja,勝利の,「勝利の」の反対は「,敗北の,0,0,19.75,19.875,0.125
gemma-2-2b,97,freq,val,ja,ja,勝利の,「勝利の」の反対は「,敗北の,0,0,19.75,20.25,0.5
gemma-2-2b,97,freq,freq,ja,ja,勝利の,「勝利の」の反対は「,敗北の,0,0,19.75,19.75,0.0
gemma-2-2b,98,desc,desc,ja,ja,意地悪な,「意地悪な」の反対は「,親切な,0,3,19.25,22.625,3.375
gemma-2-2b,98,desc,val,ja,ja,意地悪な,「意地悪な」の反対は「,親切な,0,5,19.25,21.625,2.375
gemma-2-2b,98,desc,freq,ja,ja,意地悪な,「意地悪な」の反対は「,親切な,0,23,19.25,15.25,-4.0
gemma-2-2b,98,val,desc,ja,ja,意地悪な,「意地悪な」の反対は「,親切な,0,7,19.25,20.375,1.125
gemma-2-2b,98,val,val,ja,ja,意地悪な,「意地悪な」の反対は「,親切な,0,5,19.25,22.25,3.0
gemma-2-2b,98,val,freq,ja,ja,意地悪な,「意地悪な」の反対は「,親切な,0,84,19.25,14.4375,-4.8125
gemma-2-2b,98,freq,desc,ja,ja,意地悪な,「意地悪な」の反対は「,親切な,0,2,19.25,20.0,0.75
gemma-2-2b,98,freq,val,ja,ja,意地悪な,「意地悪な」の反対は「,親切な,0,1,19.25,20.375,1.125
gemma-2-2b,98,freq,freq,ja,ja,意地悪な,「意地悪な」の反対は「,親切な,0,1,19.25,20.875,1.625
gemma-2-2b,99,desc,desc,ja,ja,臆病な,「臆病な」の反対は「,勇敢な,2,5,18.0,21.625,3.625
gemma-2-2b,99,desc,val,ja,ja,臆病な,「臆病な」の反対は「,勇敢な,2,11,18.0,20.25,2.25
gemma-2-2b,99,desc,freq,ja,ja,臆病な,「臆病な」の反対は「,勇敢な,2,50,18.0,11.5,-6.5
gemma-2-2b,99,val,desc,ja,ja,臆病な,「臆病な」の反対は「,勇敢な,2,7,18.0,20.125,2.125
gemma-2-2b,99,val,val,ja,ja,臆病な,「臆病な」の反対は「,勇敢な,2,6,18.0,22.375,4.375
gemma-2-2b,99,val,freq,ja,ja,臆病な,「臆病な」の反対は「,勇敢な,2,41,18.0,13.0625,-4.9375
gemma-2-2b,99,freq,desc,ja,ja,臆病な,「臆病な」の反対は「,勇敢な,2,7,18.0,18.25,0.25
gemma-2-2b,99,freq,val,ja,ja,臆病な,「臆病な」の反対は「,勇敢な,2,5,18.0,19.25,1.25
gemma-2-2b,99,freq,freq,ja,ja,臆病な,「臆病な」の反対は「,勇敢な,2,0,18.0,19.5,1.5
gemma-2-2b,0,desc,desc,ja,ko,좋은,「좋은」の反対は「,나쁜,3,3,16.25,16.25,0.0
gemma-2-2b,0,desc,val,ja,ko,좋은,「좋은」の反対は「,나쁜,3,0,16.25,15.8125,-0.4375
gemma-2-2b,0,desc,freq,ja,ko,좋은,「좋은」の反対は「,나쁜,3,0,16.25,12.6875,-3.5625
gemma-2-2b,0,val,desc,ja,ko,좋은,「좋은」の反対は「,나쁜,3,170,16.25,12.125,-4.125
gemma-2-2b,0,val,val,ja,ko,좋은,「좋은」の反対は「,나쁜,3,243,16.25,12.0,-4.25
gemma-2-2b,0,val,freq,ja,ko,좋은,「좋은」の反対は「,나쁜,3,6,16.25,13.1875,-3.0625
gemma-2-2b,0,freq,desc,ja,ko,좋은,「좋은」の反対は「,나쁜,3,176,16.25,11.4375,-4.8125
gemma-2-2b,0,freq,val,ja,ko,좋은,「좋은」の反対は「,나쁜,3,253,16.25,10.375,-5.875
gemma-2-2b,0,freq,freq,ja,ko,좋은,「좋은」の反対は「,나쁜,3,220,16.25,11.0625,-5.1875
gemma-2-2b,1,desc,desc,ja,ko,행복한,「행복한」の反対は「,불행한,0,0,18.875,18.875,0.0
gemma-2-2b,1,desc,val,ja,ko,행복한,「행복한」の反対は「,불행한,0,0,18.875,19.375,0.5
gemma-2-2b,1,desc,freq,ja,ko,행복한,「행복한」の反対は「,불행한,0,0,18.875,14.25,-4.625
gemma-2-2b,1,val,desc,ja,ko,행복한,「행복한」の反対は「,불행한,0,10,18.875,13.9375,-4.9375
gemma-2-2b,1,val,val,ja,ko,행복한,「행복한」の反対は「,불행한,0,12,18.875,13.9375,-4.9375
gemma-2-2b,1,val,freq,ja,ko,행복한,「행복한」の反対は「,불행한,0,0,18.875,14.3125,-4.5625
gemma-2-2b,1,freq,desc,ja,ko,행복한,「행복한」の反対は「,불행한,0,11,18.875,13.3125,-5.5625
gemma-2-2b,1,freq,val,ja,ko,행복한,「행복한」の反対は「,불행한,0,13,18.875,12.625,-6.25
gemma-2-2b,1,freq,freq,ja,ko,행복한,「행복한」の反対は「,불행한,0,15,18.875,12.9375,-5.9375
gemma-2-2b,2,desc,desc,ja,ko,큰,「큰」の反対は「,작은,0,0,18.5,18.5,0.0
gemma-2-2b,2,desc,val,ja,ko,큰,「큰」の反対は「,작은,0,1,18.5,19.75,1.25
gemma-2-2b,2,desc,freq,ja,ko,큰,「큰」の反対は「,작은,0,1,18.5,14.3125,-4.1875
gemma-2-2b,2,val,desc,ja,ko,큰,「큰」の反対は「,작은,0,7,18.5,18.125,-0.375
gemma-2-2b,2,val,val,ja,ko,큰,「큰」の反対は「,작은,0,8,18.5,17.875,-0.625
gemma-2-2b,2,val,freq,ja,ko,큰,「큰」の反対は「,작은,0,1,18.5,16.75,-1.75
gemma-2-2b,2,freq,desc,ja,ko,큰,「큰」の反対は「,작은,0,8,18.5,15.6875,-2.8125
gemma-2-2b,2,freq,val,ja,ko,큰,「큰」の反対は「,작은,0,11,18.5,15.375,-3.125
gemma-2-2b,2,freq,freq,ja,ko,큰,「큰」の反対は「,작은,0,9,18.5,15.5625,-2.9375
gemma-2-2b,3,desc,desc,ja,ko,더운,「더운」の反対は「,추운,262,262,10.3125,10.3125,0.0
gemma-2-2b,3,desc,val,ja,ko,더운,「더운」の反対は「,추운,262,28,10.3125,13.375,3.0625
gemma-2-2b,3,desc,freq,ja,ko,더운,「더운」の反対は「,추운,262,9,10.3125,8.75,-1.5625
gemma-2-2b,3,val,desc,ja,ko,더운,「더운」の反対は「,추운,262,819,10.3125,10.125,-0.1875
gemma-2-2b,3,val,val,ja,ko,더운,「더운」の反対は「,추운,262,1186,10.3125,9.8125,-0.5
gemma-2-2b,3,val,freq,ja,ko,더운,「더운」の反対は「,추운,262,104,10.3125,10.25,-0.0625
gemma-2-2b,3,freq,desc,ja,ko,더운,「더운」の反対は「,추운,262,933,10.3125,8.5,-1.8125
gemma-2-2b,3,freq,val,ja,ko,더운,「더운」の反対は「,추운,262,1177,10.3125,7.84375,-2.46875
gemma-2-2b,3,freq,freq,ja,ko,더운,「더운」の反対は「,추운,262,1047,10.3125,8.3125,-2.0
gemma-2-2b,4,desc,desc,ja,ko,빠른,「빠른」の反対は「,느린,2,2,16.5,16.5,0.0
gemma-2-2b,4,desc,val,ja,ko,빠른,「빠른」の反対は「,느린,2,1,16.5,18.0,1.5
gemma-2-2b,4,desc,freq,ja,ko,빠른,「빠른」の反対は「,느린,2,1,16.5,14.125,-2.375
gemma-2-2b,4,val,desc,ja,ko,빠른,「빠른」の反対は「,느린,2,100,16.5,14.0625,-2.4375
gemma-2-2b,4,val,val,ja,ko,빠른,「빠른」の反対は「,느린,2,99,16.5,14.25,-2.25
gemma-2-2b,4,val,freq,ja,ko,빠른,「빠른」の反対は「,느린,2,6,16.5,15.0,-1.5
gemma-2-2b,4,freq,desc,ja,ko,빠른,「빠른」の反対は「,느린,2,115,16.5,12.25,-4.25
gemma-2-2b,4,freq,val,ja,ko,빠른,「빠른」の反対は「,느린,2,162,16.5,11.625,-4.875
gemma-2-2b,4,freq,freq,ja,ko,빠른,「빠른」の反対は「,느린,2,113,16.5,12.25,-4.25
gemma-2-2b,5,desc,desc,ja,ko,가벼운,「가벼운」の反対は「,무거운,12,12,14.4375,14.4375,0.0
gemma-2-2b,5,desc,val,ja,ko,가벼운,「가벼운」の反対は「,무거운,12,2,14.4375,16.0,1.5625
gemma-2-2b,5,desc,freq,ja,ko,가벼운,「가벼운」の反対は「,무거운,12,4,14.4375,10.375,-4.0625
gemma-2-2b,5,val,desc,ja,ko,가벼운,「가벼운」の反対は「,무거운,12,286,14.4375,11.875,-2.5625
gemma-2-2b,5,val,val,ja,ko,가벼운,「가벼운」の反対は「,무거운,12,352,14.4375,11.75,-2.6875
gemma-2-2b,5,val,freq,ja,ko,가벼운,「가벼운」の反対は「,무거운,12,16,14.4375,13.0,-1.4375
gemma-2-2b,5,freq,desc,ja,ko,가벼운,「가벼운」の反対は「,무거운,12,632,14.4375,8.9375,-5.5
gemma-2-2b,5,freq,val,ja,ko,가벼운,「가벼운」の反対は「,무거운,12,614,14.4375,8.8125,-5.625
gemma-2-2b,5,freq,freq,ja,ko,가벼운,「가벼운」の反対は「,무거운,12,749,14.4375,8.8125,-5.625
gemma-2-2b,6,desc,desc,ja,ko,쉬운,「쉬운」の反対は「,어려운,1,1,18.125,18.125,0.0
gemma-2-2b,6,desc,val,ja,ko,쉬운,「쉬운」の反対は「,어려운,1,0,18.125,17.625,-0.5
gemma-2-2b,6,desc,freq,ja,ko,쉬운,「쉬운」の反対は「,어려운,1,1,18.125,11.5,-6.625
gemma-2-2b,6,val,desc,ja,ko,쉬운,「쉬운」の反対は「,어려운,1,32,18.125,16.875,-1.25
gemma-2-2b,6,val,val,ja,ko,쉬운,「쉬운」の反対は「,어려운,1,33,18.125,17.0,-1.125
gemma-2-2b,6,val,freq,ja,ko,쉬운,「쉬운」の反対は「,어려운,1,16,18.125,13.6875,-4.4375
gemma-2-2b,6,freq,desc,ja,ko,쉬운,「쉬운」の反対は「,어려운,1,18,18.125,16.125,-2.0
gemma-2-2b,6,freq,val,ja,ko,쉬운,「쉬운」の反対は「,어려운,1,19,18.125,15.5625,-2.5625
gemma-2-2b,6,freq,freq,ja,ko,쉬운,「쉬운」の反対は「,어려운,1,20,18.125,15.9375,-2.1875
gemma-2-2b,7,desc,desc,ja,ko,새로운,「새로운」の反対は「,오래된,442,442,11.25,11.25,0.0
gemma-2-2b,7,desc,val,ja,ko,새로운,「새로운」の反対は「,오래된,442,8,11.25,15.5625,4.3125
gemma-2-2b,7,desc,freq,ja,ko,새로운,「새로운」の反対は「,오래된,442,0,11.25,14.5625,3.3125
gemma-2-2b,7,val,desc,ja,ko,새로운,「새로운」の反対は「,오래된,442,1597,11.25,10.0625,-1.1875
gemma-2-2b,7,val,val,ja,ko,새로운,「새로운」の反対は「,오래된,442,1694,11.25,10.0625,-1.1875
gemma-2-2b,7,val,freq,ja,ko,새로운,「새로운」の反対は「,오래된,442,253,11.25,10.25,-1.0
gemma-2-2b,7,freq,desc,ja,ko,새로운,「새로운」の反対は「,오래된,442,1006,11.25,9.875,-1.375
gemma-2-2b,7,freq,val,ja,ko,새로운,「새로운」の反対は「,오래된,442,1157,11.25,8.9375,-2.3125
gemma-2-2b,7,freq,freq,ja,ko,새로운,「새로운」の反対は「,오래된,442,1167,11.25,9.6875,-1.5625
gemma-2-2b,8,desc,desc,ja,ko,진실한,「진실한」の反対は「,거짓의,205,205,11.0625,11.0625,0.0
gemma-2-2b,8,desc,val,ja,ko,진실한,「진실한」の反対は「,거짓의,205,1,11.0625,15.9375,4.875
gemma-2-2b,8,desc,freq,ja,ko,진실한,「진실한」の反対は「,거짓의,205,1,11.0625,13.125,2.0625
gemma-2-2b,8,val,desc,ja,ko,진실한,「진실한」の反対は「,거짓의,205,481,11.0625,11.375,0.3125
gemma-2-2b,8,val,val,ja,ko,진실한,「진실한」の反対は「,거짓의,205,490,11.0625,11.375,0.3125
gemma-2-2b,8,val,freq,ja,ko,진실한,「진실한」の反対は「,거짓의,205,116,11.0625,9.3125,-1.75
gemma-2-2b,8,freq,desc,ja,ko,진실한,「진실한」の反対は「,거짓의,205,444,11.0625,10.1875,-0.875
gemma-2-2b,8,freq,val,ja,ko,진실한,「진실한」の反対は「,거짓의,205,478,11.0625,9.8125,-1.25
gemma-2-2b,8,freq,freq,ja,ko,진실한,「진실한」の反対は「,거짓의,205,432,11.0625,10.25,-0.8125
gemma-2-2b,9,desc,desc,ja,ko,살아있는,「살아있는」の反対は「,죽은,1,1,18.25,18.25,0.0
gemma-2-2b,9,desc,val,ja,ko,살아있는,「살아있는」の反対は「,죽은,1,0,18.25,21.0,2.75
gemma-2-2b,9,desc,freq,ja,ko,살아있는,「살아있는」の反対は「,죽은,1,1,18.25,15.6875,-2.5625
gemma-2-2b,9,val,desc,ja,ko,살아있는,「살아있는」の反対は「,죽은,1,6,18.25,17.125,-1.125
gemma-2-2b,9,val,val,ja,ko,살아있는,「살아있는」の反対は「,죽은,1,7,18.25,17.125,-1.125
gemma-2-2b,9,val,freq,ja,ko,살아있는,「살아있는」の反対は「,죽은,1,2,18.25,16.375,-1.875
gemma-2-2b,9,freq,desc,ja,ko,살아있는,「살아있는」の反対は「,죽은,1,16,18.25,14.125,-4.125
gemma-2-2b,9,freq,val,ja,ko,살아있는,「살아있는」の反対は「,죽은,1,9,18.25,14.4375,-3.8125
gemma-2-2b,9,freq,freq,ja,ko,살아있는,「살아있는」の反対は「,죽은,1,16,18.25,14.0625,-4.1875
gemma-2-2b,10,desc,desc,ja,ko,가득 찬,「가득 찬」の反対は「,빈,1,1,18.625,18.625,0.0
gemma-2-2b,10,desc,val,ja,ko,가득 찬,「가득 찬」の反対は「,빈,1,0,18.625,19.0,0.375
gemma-2-2b,10,desc,freq,ja,ko,가득 찬,「가득 찬」の反対は「,빈,1,3,18.625,15.5625,-3.0625
gemma-2-2b,10,val,desc,ja,ko,가득 찬,「가득 찬」の反対は「,빈,1,27,18.625,17.5,-1.125
gemma-2-2b,10,val,val,ja,ko,가득 찬,「가득 찬」の反対は「,빈,1,25,18.625,17.75,-0.875
gemma-2-2b,10,val,freq,ja,ko,가득 찬,「가득 찬」の反対は「,빈,1,7,18.625,17.0,-1.625
gemma-2-2b,10,freq,desc,ja,ko,가득 찬,「가득 찬」の反対は「,빈,1,12,18.625,16.875,-1.75
gemma-2-2b,10,freq,val,ja,ko,가득 찬,「가득 찬」の反対は「,빈,1,16,18.625,16.375,-2.25
gemma-2-2b,10,freq,freq,ja,ko,가득 찬,「가득 찬」の反対は「,빈,1,12,18.625,16.875,-1.75
gemma-2-2b,11,desc,desc,ja,ko,밝은,「밝은」の反対は「,어두운,10,10,13.3125,13.3125,0.0
gemma-2-2b,11,desc,val,ja,ko,밝은,「밝은」の反対は「,어두운,10,1,13.3125,15.9375,2.625
gemma-2-2b,11,desc,freq,ja,ko,밝은,「밝은」の反対は「,어두운,10,1,13.3125,8.125,-5.1875
gemma-2-2b,11,val,desc,ja,ko,밝은,「밝은」の反対は「,어두운,10,292,13.3125,10.75,-2.5625
gemma-2-2b,11,val,val,ja,ko,밝은,「밝은」の反対は「,어두운,10,367,13.3125,10.5625,-2.75
gemma-2-2b,11,val,freq,ja,ko,밝은,「밝은」の反対は「,어두운,10,62,13.3125,9.375,-3.9375
gemma-2-2b,11,freq,desc,ja,ko,밝은,「밝은」の反対は「,어두운,10,163,13.3125,10.4375,-2.875
gemma-2-2b,11,freq,val,ja,ko,밝은,「밝은」の反対は「,어두운,10,239,13.3125,9.8125,-3.5
gemma-2-2b,11,freq,freq,ja,ko,밝은,「밝은」の反対は「,어두운,10,203,13.3125,10.0625,-3.25
gemma-2-2b,12,desc,desc,ja,ko,강한,「강한」の反対は「,약한,3,3,15.9375,15.9375,0.0
gemma-2-2b,12,desc,val,ja,ko,강한,「강한」の反対は「,약한,3,1,15.9375,17.25,1.3125
gemma-2-2b,12,desc,freq,ja,ko,강한,「강한」の反対は「,약한,3,2,15.9375,12.125,-3.8125
gemma-2-2b,12,val,desc,ja,ko,강한,「강한」の反対は「,약한,3,251,15.9375,12.5,-3.4375
gemma-2-2b,12,val,val,ja,ko,강한,「강한」の反対は「,약한,3,269,15.9375,12.5,-3.4375
gemma-2-2b,12,val,freq,ja,ko,강한,「강한」の反対は「,약한,3,10,15.9375,14.3125,-1.625
gemma-2-2b,12,freq,desc,ja,ko,강한,「강한」の反対は「,약한,3,502,15.9375,10.25,-5.6875
gemma-2-2b,12,freq,val,ja,ko,강한,「강한」の反対は「,약한,3,413,15.9375,10.25,-5.6875
gemma-2-2b,12,freq,freq,ja,ko,강한,「강한」の反対は「,약한,3,515,15.9375,10.1875,-5.75
gemma-2-2b,13,desc,desc,ja,ko,깨끗한,「깨끗한」の反対は「,더러운,65,65,12.5,12.5,0.0
gemma-2-2b,13,desc,val,ja,ko,깨끗한,「깨끗한」の反対は「,더러운,65,47,12.5,13.125,0.625
gemma-2-2b,13,desc,freq,ja,ko,깨끗한,「깨끗한」の反対は「,더러운,65,39,12.5,7.90625,-4.59375
gemma-2-2b,13,val,desc,ja,ko,깨끗한,「깨끗한」の反対は「,더러운,65,1414,12.5,9.375,-3.125
gemma-2-2b,13,val,val,ja,ko,깨끗한,「깨끗한」の反対は「,더러운,65,1814,12.5,9.0,-3.5
gemma-2-2b,13,val,freq,ja,ko,깨끗한,「깨끗한」の反対は「,더러운,65,314,12.5,7.84375,-4.65625
gemma-2-2b,13,freq,desc,ja,ko,깨끗한,「깨끗한」の反対は「,더러운,65,1370,12.5,7.96875,-4.53125
gemma-2-2b,13,freq,val,ja,ko,깨끗한,「깨끗한」の反対は「,더러운,65,1452,12.5,7.40625,-5.09375
gemma-2-2b,13,freq,freq,ja,ko,깨끗한,「깨끗한」の反対は「,더러운,65,1478,12.5,7.84375,-4.65625
gemma-2-2b,14,desc,desc,ja,ko,열린,「열린」の反対は「,닫힌,3,3,16.125,16.125,0.0
gemma-2-2b,14,desc,val,ja,ko,열린,「열린」の反対は「,닫힌,3,2,16.125,16.875,0.75
gemma-2-2b,14,desc,freq,ja,ko,열린,「열린」の反対は「,닫힌,3,2,16.125,11.8125,-4.3125
gemma-2-2b,14,val,desc,ja,ko,열린,「열린」の反対は「,닫힌,3,20,16.125,15.5,-0.625
gemma-2-2b,14,val,val,ja,ko,열린,「열린」の反対は「,닫힌,3,19,16.125,15.5,-0.625
gemma-2-2b,14,val,freq,ja,ko,열린,「열린」の反対は「,닫힌,3,1,16.125,17.375,1.25
gemma-2-2b,14,freq,desc,ja,ko,열린,「열린」の反対は「,닫힌,3,64,16.125,12.75,-3.375
gemma-2-2b,14,freq,val,ja,ko,열린,「열린」の反対は「,닫힌,3,55,16.125,12.625,-3.5
gemma-2-2b,14,freq,freq,ja,ko,열린,「열린」の反対は「,닫힌,3,68,16.125,12.6875,-3.4375
gemma-2-2b,15,desc,desc,ja,ko,부유한,「부유한」の反対は「,가난한,3,3,16.375,16.375,0.0
gemma-2-2b,15,desc,val,ja,ko,부유한,「부유한」の反対は「,가난한,3,6,16.375,16.25,-0.125
gemma-2-2b,15,desc,freq,ja,ko,부유한,「부유한」の反対は「,가난한,3,5,16.375,12.3125,-4.0625
gemma-2-2b,15,val,desc,ja,ko,부유한,「부유한」の反対は「,가난한,3,189,16.375,13.625,-2.75
gemma-2-2b,15,val,val,ja,ko,부유한,「부유한」の反対は「,가난한,3,266,16.375,13.5625,-2.8125
gemma-2-2b,15,val,freq,ja,ko,부유한,「부유한」の反対は「,가난한,3,31,16.375,13.625,-2.75
gemma-2-2b,15,freq,desc,ja,ko,부유한,「부유한」の反対は「,가난한,3,56,16.375,13.8125,-2.5625
gemma-2-2b,15,freq,val,ja,ko,부유한,「부유한」の反対は「,가난한,3,143,16.375,12.625,-3.75
gemma-2-2b,15,freq,freq,ja,ko,부유한,「부유한」の反対は「,가난한,3,72,16.375,13.625,-2.75
gemma-2-2b,16,desc,desc,ja,ko,아름다운,「아름다운」の反対は「,못생긴,75,75,12.875,12.875,0.0
gemma-2-2b,16,desc,val,ja,ko,아름다운,「아름다운」の反対は「,못생긴,75,64,12.875,12.9375,0.0625
gemma-2-2b,16,desc,freq,ja,ko,아름다운,「아름다운」の反対は「,못생긴,75,41,12.875,7.75,-5.125
gemma-2-2b,16,val,desc,ja,ko,아름다운,「아름다운」の反対は「,못생긴,75,2005,12.875,9.3125,-3.5625
gemma-2-2b,16,val,val,ja,ko,아름다운,「아름다운」の反対は「,못생긴,75,2576,12.875,9.3125,-3.5625
gemma-2-2b,16,val,freq,ja,ko,아름다운,「아름다운」の反対は「,못생긴,75,557,12.875,7.75,-5.125
gemma-2-2b,16,freq,desc,ja,ko,아름다운,「아름다운」の反対は「,못생긴,75,2287,12.875,8.0,-4.875
gemma-2-2b,16,freq,val,ja,ko,아름다운,「아름다운」の反対は「,못생긴,75,3399,12.875,6.90625,-5.96875
gemma-2-2b,16,freq,freq,ja,ko,아름다운,「아름다운」の反対は「,못생긴,75,2609,12.875,7.75,-5.125
gemma-2-2b,17,desc,desc,ja,ko,긴,「긴」の反対は「,짧은,46,46,12.625,12.625,0.0
gemma-2-2b,17,desc,val,ja,ko,긴,「긴」の反対は「,짧은,46,4,12.625,15.9375,3.3125
gemma-2-2b,17,desc,freq,ja,ko,긴,「긴」の反対は「,짧은,46,11,12.625,10.25,-2.375
gemma-2-2b,17,val,desc,ja,ko,긴,「긴」の反対は「,짧은,46,84,12.625,13.4375,0.8125
gemma-2-2b,17,val,val,ja,ko,긴,「긴」の反対は「,짧은,46,94,12.625,13.5625,0.9375
gemma-2-2b,17,val,freq,ja,ko,긴,「긴」の反対は「,짧은,46,46,12.625,11.5,-1.125
gemma-2-2b,17,freq,desc,ja,ko,긴,「긴」の反対は「,짧은,46,176,12.625,10.5625,-2.0625
gemma-2-2b,17,freq,val,ja,ko,긴,「긴」の反対は「,짧은,46,202,12.625,10.4375,-2.1875
gemma-2-2b,17,freq,freq,ja,ko,긴,「긴」の反対は「,짧은,46,200,12.625,10.375,-2.25
gemma-2-2b,18,desc,desc,ja,ko,넓은,「넓은」の反対は「,좁은,2,2,17.75,17.75,0.0
gemma-2-2b,18,desc,val,ja,ko,넓은,「넓은」の反対は「,좁은,2,5,17.75,17.125,-0.625
gemma-2-2b,18,desc,freq,ja,ko,넓은,「넓은」の反対は「,좁은,2,10,17.75,12.5,-5.25
gemma-2-2b,18,val,desc,ja,ko,넓은,「넓은」の反対は「,좁은,2,22,17.75,17.0,-0.75
gemma-2-2b,18,val,val,ja,ko,넓은,「넓은」の反対は「,좁은,2,20,17.75,17.625,-0.125
gemma-2-2b,18,val,freq,ja,ko,넓은,「넓은」の反対は「,좁은,2,15,17.75,16.125,-1.625
gemma-2-2b,18,freq,desc,ja,ko,넓은,「넓은」の反対は「,좁은,2,22,17.75,15.5625,-2.1875
gemma-2-2b,18,freq,val,ja,ko,넓은,「넓은」の反対は「,좁은,2,19,17.75,15.8125,-1.9375
gemma-2-2b,18,freq,freq,ja,ko,넓은,「넓은」の反対は「,좁은,2,16,17.75,15.9375,-1.8125
gemma-2-2b,19,desc,desc,ja,ko,딱딱한,「딱딱한」の反対は「,부드러운,56,56,12.6875,12.6875,0.0
gemma-2-2b,19,desc,val,ja,ko,딱딱한,「딱딱한」の反対は「,부드러운,56,1,12.6875,15.6875,3.0
gemma-2-2b,19,desc,freq,ja,ko,딱딱한,「딱딱한」の反対は「,부드러운,56,4,12.6875,10.375,-2.3125
gemma-2-2b,19,val,desc,ja,ko,딱딱한,「딱딱한」の反対は「,부드러운,56,1749,12.6875,8.4375,-4.25
gemma-2-2b,19,val,val,ja,ko,딱딱한,「딱딱한」の反対は「,부드러운,56,2210,12.6875,8.1875,-4.5
gemma-2-2b,19,val,freq,ja,ko,딱딱한,「딱딱한」の反対は「,부드러운,56,87,12.6875,10.25,-2.4375
gemma-2-2b,19,freq,desc,ja,ko,딱딱한,「딱딱한」の反対は「,부드러운,56,1171,12.6875,8.0,-4.6875
gemma-2-2b,19,freq,val,ja,ko,딱딱한,「딱딱한」の反対は「,부드러운,56,1463,12.6875,7.03125,-5.65625
gemma-2-2b,19,freq,freq,ja,ko,딱딱한,「딱딱한」の反対は「,부드러운,56,1364,12.6875,7.75,-4.9375
gemma-2-2b,20,desc,desc,ja,ko,마른,「마른」の反対は「,젖은,469,469,9.4375,9.4375,0.0
gemma-2-2b,20,desc,val,ja,ko,마른,「마른」の反対は「,젖은,469,222,9.4375,11.1875,1.75
gemma-2-2b,20,desc,freq,ja,ko,마른,「마른」の反対は「,젖은,469,315,9.4375,4.625,-4.8125
gemma-2-2b,20,val,desc,ja,ko,마른,「마른」の反対は「,젖은,469,2985,9.4375,7.90625,-1.53125
gemma-2-2b,20,val,val,ja,ko,마른,「마른」の反対は「,젖은,469,2600,9.4375,8.375,-1.0625
gemma-2-2b,20,val,freq,ja,ko,마른,「마른」の反対は「,젖은,469,1744,9.4375,5.5625,-3.875
gemma-2-2b,20,freq,desc,ja,ko,마른,「마른」の反対は「,젖은,469,3741,9.4375,6.3125,-3.125
gemma-2-2b,20,freq,val,ja,ko,마른,「마른」の反対は「,젖은,469,3711,9.4375,5.71875,-3.71875
gemma-2-2b,20,freq,freq,ja,ko,마른,「마른」の反対は「,젖은,469,3699,9.4375,6.3125,-3.125
gemma-2-2b,21,desc,desc,ja,ko,시끄러운,「시끄러운」の反対は「,조용한,22,22,14.25,14.25,0.0
gemma-2-2b,21,desc,val,ja,ko,시끄러운,「시끄러운」の反対は「,조용한,22,7,14.25,15.125,0.875
gemma-2-2b,21,desc,freq,ja,ko,시끄러운,「시끄러운」の反対は「,조용한,22,29,14.25,6.78125,-7.46875
gemma-2-2b,21,val,desc,ja,ko,시끄러운,「시끄러운」の反対は「,조용한,22,331,14.25,12.3125,-1.9375
gemma-2-2b,21,val,val,ja,ko,시끄러운,「시끄러운」の反対は「,조용한,22,511,14.25,11.8125,-2.4375
gemma-2-2b,21,val,freq,ja,ko,시끄러운,「시끄러운」の反対は「,조용한,22,229,14.25,8.0,-6.25
gemma-2-2b,21,freq,desc,ja,ko,시끄러운,「시끄러운」の反対は「,조용한,22,353,14.25,10.75,-3.5
gemma-2-2b,21,freq,val,ja,ko,시끄러운,「시끄러운」の反対は「,조용한,22,692,14.25,9.3125,-4.9375
gemma-2-2b,21,freq,freq,ja,ko,시끄러운,「시끄러운」の反対は「,조용한,22,447,14.25,10.25,-4.0
gemma-2-2b,22,desc,desc,ja,ko,이른,「이른」の反対は「,늦은,16,16,15.375,15.375,0.0
gemma-2-2b,22,desc,val,ja,ko,이른,「이른」の反対は「,늦은,16,0,15.375,17.5,2.125
gemma-2-2b,22,desc,freq,ja,ko,이른,「이른」の反対は「,늦은,16,6,15.375,11.25,-4.125
gemma-2-2b,22,val,desc,ja,ko,이른,「이른」の反対は「,늦은,16,31,15.375,16.125,0.75
gemma-2-2b,22,val,val,ja,ko,이른,「이른」の反対は「,늦은,16,36,15.375,16.125,0.75
gemma-2-2b,22,val,freq,ja,ko,이른,「이른」の反対は「,늦은,16,26,15.375,12.875,-2.5
gemma-2-2b,22,freq,desc,ja,ko,이른,「이른」の反対は「,늦은,16,52,15.375,13.4375,-1.9375
gemma-2-2b,22,freq,val,ja,ko,이른,「이른」の反対は「,늦은,16,79,15.375,12.9375,-2.4375
gemma-2-2b,22,freq,freq,ja,ko,이른,「이른」の反対は「,늦은,16,47,15.375,13.5625,-1.8125
gemma-2-2b,23,desc,desc,ja,ko,가까운,「가까운」の反対は「,먼,3,3,19.125,19.125,0.0
gemma-2-2b,23,desc,val,ja,ko,가까운,「가까운」の反対は「,먼,3,0,19.125,18.125,-1.0
gemma-2-2b,23,desc,freq,ja,ko,가까운,「가까운」の反対は「,먼,3,0,19.125,14.3125,-4.8125
gemma-2-2b,23,val,desc,ja,ko,가까운,「가까운」の反対は「,먼,3,45,19.125,16.375,-2.75
gemma-2-2b,23,val,val,ja,ko,가까운,「가까운」の反対は「,먼,3,52,19.125,16.25,-2.875
gemma-2-2b,23,val,freq,ja,ko,가까운,「가까운」の反対は「,먼,3,4,19.125,16.5,-2.625
gemma-2-2b,23,freq,desc,ja,ko,가까운,「가까운」の反対は「,먼,3,30,19.125,15.375,-3.75
gemma-2-2b,23,freq,val,ja,ko,가까운,「가까운」の反対は「,먼,3,39,19.125,14.75,-4.375
gemma-2-2b,23,freq,freq,ja,ko,가까운,「가까운」の反対は「,먼,3,30,19.125,15.375,-3.75
gemma-2-2b,24,desc,desc,ja,ko,깊은,「깊은」の反対は「,얕은,3,3,19.0,19.0,0.0
gemma-2-2b,24,desc,val,ja,ko,깊은,「깊은」の反対は「,얕은,3,3,19.0,18.875,-0.125
gemma-2-2b,24,desc,freq,ja,ko,깊은,「깊은」の反対は「,얕은,3,2,19.0,17.0,-2.0
gemma-2-2b,24,val,desc,ja,ko,깊은,「깊은」の反対は「,얕은,3,25,19.0,17.625,-1.375
gemma-2-2b,24,val,val,ja,ko,깊은,「깊은」の反対は「,얕은,3,25,19.0,17.75,-1.25
gemma-2-2b,24,val,freq,ja,ko,깊은,「깊은」の反対は「,얕은,3,8,19.0,19.125,0.125
gemma-2-2b,24,freq,desc,ja,ko,깊은,「깊은」の反対は「,얕은,3,23,19.0,16.25,-2.75
gemma-2-2b,24,freq,val,ja,ko,깊은,「깊은」の反対は「,얕은,3,29,19.0,15.9375,-3.0625
gemma-2-2b,24,freq,freq,ja,ko,깊은,「깊은」の反対は「,얕은,3,23,19.0,16.25,-2.75
gemma-2-2b,25,desc,desc,ja,ko,나쁜,「나쁜」の反対は「,좋은,15,15,14.875,14.875,0.0
gemma-2-2b,25,desc,val,ja,ko,나쁜,「나쁜」の反対は「,좋은,15,1,14.875,18.875,4.0
gemma-2-2b,25,desc,freq,ja,ko,나쁜,「나쁜」の反対は「,좋은,15,1,14.875,10.8125,-4.0625
gemma-2-2b,25,val,desc,ja,ko,나쁜,「나쁜」の反対は「,좋은,15,49,14.875,14.25,-0.625
gemma-2-2b,25,val,val,ja,ko,나쁜,「나쁜」の反対は「,좋은,15,48,14.875,14.4375,-0.4375
gemma-2-2b,25,val,freq,ja,ko,나쁜,「나쁜」の反対は「,좋은,15,54,14.875,9.8125,-5.0625
gemma-2-2b,25,freq,desc,ja,ko,나쁜,「나쁜」の反対は「,좋은,15,90,14.875,11.875,-3.0
gemma-2-2b,25,freq,val,ja,ko,나쁜,「나쁜」の反対は「,좋은,15,119,14.875,11.0,-3.875
gemma-2-2b,25,freq,freq,ja,ko,나쁜,「나쁜」の反対は「,좋은,15,106,14.875,11.75,-3.125
gemma-2-2b,26,desc,desc,ja,ko,슬픈,「슬픈」の反対は「,행복한,53,53,12.0625,12.0625,0.0
gemma-2-2b,26,desc,val,ja,ko,슬픈,「슬픈」の反対は「,행복한,53,0,12.0625,17.375,5.3125
gemma-2-2b,26,desc,freq,ja,ko,슬픈,「슬픈」の反対は「,행복한,53,0,12.0625,13.1875,1.125
gemma-2-2b,26,val,desc,ja,ko,슬픈,「슬픈」の反対は「,행복한,53,70,12.0625,13.4375,1.375
gemma-2-2b,26,val,val,ja,ko,슬픈,「슬픈」の反対は「,행복한,53,83,12.0625,13.25,1.1875
gemma-2-2b,26,val,freq,ja,ko,슬픈,「슬픈」の反対は「,행복한,53,3,12.0625,13.4375,1.375
gemma-2-2b,26,freq,desc,ja,ko,슬픈,「슬픈」の反対は「,행복한,53,105,12.0625,11.4375,-0.625
gemma-2-2b,26,freq,val,ja,ko,슬픈,「슬픈」の反対は「,행복한,53,98,12.0625,11.1875,-0.875
gemma-2-2b,26,freq,freq,ja,ko,슬픈,「슬픈」の反対は「,행복한,53,114,12.0625,11.1875,-0.875
gemma-2-2b,27,desc,desc,ja,ko,작은,「작은」の反対は「,큰,4,4,18.125,18.125,0.0
gemma-2-2b,27,desc,val,ja,ko,작은,「작은」の反対は「,큰,4,0,18.125,20.375,2.25
gemma-2-2b,27,desc,freq,ja,ko,작은,「작은」の反対は「,큰,4,1,18.125,17.0,-1.125
gemma-2-2b,27,val,desc,ja,ko,작은,「작은」の反対は「,큰,4,7,18.125,18.75,0.625
gemma-2-2b,27,val,val,ja,ko,작은,「작은」の反対は「,큰,4,7,18.125,19.125,1.0
gemma-2-2b,27,val,freq,ja,ko,작은,「작은」の反対は「,큰,4,0,18.125,18.625,0.5
gemma-2-2b,27,freq,desc,ja,ko,작은,「작은」の反対は「,큰,4,9,18.125,16.125,-2.0
gemma-2-2b,27,freq,val,ja,ko,작은,「작은」の反対は「,큰,4,9,18.125,16.125,-2.0
gemma-2-2b,27,freq,freq,ja,ko,작은,「작은」の反対は「,큰,4,10,18.125,16.125,-2.0
gemma-2-2b,28,desc,desc,ja,ko,추운,「추운」の反対は「,따뜻한,443,443,8.0625,8.0625,0.0
gemma-2-2b,28,desc,val,ja,ko,추운,「추운」の反対は「,따뜻한,443,5,8.0625,13.4375,5.375
gemma-2-2b,28,desc,freq,ja,ko,추운,「추운」の反対は「,따뜻한,443,3,8.0625,8.8125,0.75
gemma-2-2b,28,val,desc,ja,ko,추운,「추운」の反対は「,따뜻한,443,1221,8.0625,7.96875,-0.09375
gemma-2-2b,28,val,val,ja,ko,추운,「추운」の反対は「,따뜻한,443,1284,8.0625,8.0625,0.0
gemma-2-2b,28,val,freq,ja,ko,추운,「추운」の反対は「,따뜻한,443,319,8.0625,6.8125,-1.25
gemma-2-2b,28,freq,desc,ja,ko,추운,「추운」の反対は「,따뜻한,443,1272,8.0625,6.375,-1.6875
gemma-2-2b,28,freq,val,ja,ko,추운,「추운」の反対は「,따뜻한,443,1793,8.0625,5.59375,-2.46875
gemma-2-2b,28,freq,freq,ja,ko,추운,「추운」の反対は「,따뜻한,443,1312,8.0625,6.375,-1.6875
gemma-2-2b,29,desc,desc,ja,ko,느린,「느린」の反対は「,빠른,39,39,14.875,14.875,0.0
gemma-2-2b,29,desc,val,ja,ko,느린,「느린」の反対は「,빠른,39,1,14.875,19.0,4.125
gemma-2-2b,29,desc,freq,ja,ko,느린,「느린」の反対は「,빠른,39,3,14.875,15.5,0.625
gemma-2-2b,29,val,desc,ja,ko,느린,「느린」の反対は「,빠른,39,119,14.875,15.375,0.5
gemma-2-2b,29,val,val,ja,ko,느린,「느린」の反対は「,빠른,39,131,14.875,15.125,0.25
gemma-2-2b,29,val,freq,ja,ko,느린,「느린」の反対は「,빠른,39,14,14.875,15.5625,0.6875
gemma-2-2b,29,freq,desc,ja,ko,느린,「느린」の反対は「,빠른,39,180,14.875,13.25,-1.625
gemma-2-2b,29,freq,val,ja,ko,느린,「느린」の反対は「,빠른,39,124,14.875,13.3125,-1.5625
gemma-2-2b,29,freq,freq,ja,ko,느린,「느린」の反対は「,빠른,39,185,14.875,13.1875,-1.6875
gemma-2-2b,30,desc,desc,ja,ko,무거운,「무거운」の反対は「,가벼운,8,8,16.75,16.75,0.0
gemma-2-2b,30,desc,val,ja,ko,무거운,「무거운」の反対は「,가벼운,8,5,16.75,16.625,-0.125
gemma-2-2b,30,desc,freq,ja,ko,무거운,「무거운」の反対は「,가벼운,8,17,16.75,12.75,-4.0
gemma-2-2b,30,val,desc,ja,ko,무거운,「무거운」の反対は「,가벼운,8,776,16.75,12.5625,-4.1875
gemma-2-2b,30,val,val,ja,ko,무거운,「무거운」の反対は「,가벼운,8,1132,16.75,12.0625,-4.6875
gemma-2-2b,30,val,freq,ja,ko,무거운,「무거운」の反対は「,가벼운,8,144,16.75,13.4375,-3.3125
gemma-2-2b,30,freq,desc,ja,ko,무거운,「무거운」の反対は「,가벼운,8,291,16.75,13.25,-3.5
gemma-2-2b,30,freq,val,ja,ko,무거운,「무거운」の反対は「,가벼운,8,546,16.75,11.625,-5.125
gemma-2-2b,30,freq,freq,ja,ko,무거운,「무거운」の反対は「,가벼운,8,334,16.75,13.0,-3.75
gemma-2-2b,31,desc,desc,ja,ko,어려운,「어려운」の反対は「,쉬운,0,0,18.125,18.125,0.0
gemma-2-2b,31,desc,val,ja,ko,어려운,「어려운」の反対は「,쉬운,0,0,18.125,17.875,-0.25
gemma-2-2b,31,desc,freq,ja,ko,어려운,「어려운」の反対は「,쉬운,0,0,18.125,14.3125,-3.8125
gemma-2-2b,31,val,desc,ja,ko,어려운,「어려운」の反対は「,쉬운,0,9,18.125,18.0,-0.125
gemma-2-2b,31,val,val,ja,ko,어려운,「어려운」の反対は「,쉬운,0,9,18.125,17.875,-0.25
gemma-2-2b,31,val,freq,ja,ko,어려운,「어려운」の反対は「,쉬운,0,1,18.125,17.625,-0.5
gemma-2-2b,31,freq,desc,ja,ko,어려운,「어려운」の反対は「,쉬운,0,14,18.125,15.5625,-2.5625
gemma-2-2b,31,freq,val,ja,ko,어려운,「어려운」の反対は「,쉬운,0,15,18.125,15.0,-3.125
gemma-2-2b,31,freq,freq,ja,ko,어려운,「어려운」の反対は「,쉬운,0,11,18.125,15.6875,-2.4375
gemma-2-2b,32,desc,desc,ja,ko,오래된,「오래된」の反対は「,새로운,49,49,15.375,15.375,0.0
gemma-2-2b,32,desc,val,ja,ko,오래된,「오래된」の反対は「,새로운,49,1,15.375,18.0,2.625
gemma-2-2b,32,desc,freq,ja,ko,오래된,「오래된」の反対は「,새로운,49,1,15.375,16.125,0.75
gemma-2-2b,32,val,desc,ja,ko,오래된,「오래된」の反対は「,새로운,49,101,15.375,15.5625,0.1875
gemma-2-2b,32,val,val,ja,ko,오래된,「오래된」の反対は「,새로운,49,121,15.375,15.25,-0.125
gemma-2-2b,32,val,freq,ja,ko,오래된,「오래된」の反対は「,새로운,49,10,15.375,15.6875,0.3125
gemma-2-2b,32,freq,desc,ja,ko,오래된,「오래된」の反対は「,새로운,49,65,15.375,15.0,-0.375
gemma-2-2b,32,freq,val,ja,ko,오래된,「오래된」の反対は「,새로운,49,73,15.375,14.4375,-0.9375
gemma-2-2b,32,freq,freq,ja,ko,오래된,「오래된」の反対は「,새로운,49,69,15.375,14.9375,-0.4375
gemma-2-2b,33,desc,desc,ja,ko,거짓의,「거짓의」の反対は「,진실한,51,51,13.9375,13.9375,0.0
gemma-2-2b,33,desc,val,ja,ko,거짓의,「거짓의」の反対は「,진실한,51,1,13.9375,17.0,3.0625
gemma-2-2b,33,desc,freq,ja,ko,거짓의,「거짓의」の反対は「,진실한,51,1,13.9375,14.3125,0.375
gemma-2-2b,33,val,desc,ja,ko,거짓의,「거짓의」の反対は「,진실한,51,44,13.9375,15.5,1.5625
gemma-2-2b,33,val,val,ja,ko,거짓의,「거짓의」の反対は「,진실한,51,59,13.9375,15.125,1.1875
gemma-2-2b,33,val,freq,ja,ko,거짓의,「거짓의」の反対は「,진실한,51,8,13.9375,13.6875,-0.25
gemma-2-2b,33,freq,desc,ja,ko,거짓의,「거짓의」の反対は「,진실한,51,45,13.9375,13.6875,-0.25
gemma-2-2b,33,freq,val,ja,ko,거짓의,「거짓의」の反対は「,진실한,51,65,13.9375,12.8125,-1.125
gemma-2-2b,33,freq,freq,ja,ko,거짓의,「거짓의」の反対は「,진실한,51,53,13.9375,13.625,-0.3125
gemma-2-2b,34,desc,desc,ja,ko,죽은,「죽은」の反対は「,살아있는,2,2,18.125,18.125,0.0
gemma-2-2b,34,desc,val,ja,ko,죽은,「죽은」の反対は「,살아있는,2,1,18.125,19.0,0.875
gemma-2-2b,34,desc,freq,ja,ko,죽은,「죽은」の反対は「,살아있는,2,1,18.125,13.9375,-4.1875
gemma-2-2b,34,val,desc,ja,ko,죽은,「죽은」の反対は「,살아있는,2,88,18.125,14.5,-3.625
gemma-2-2b,34,val,val,ja,ko,죽은,「죽은」の反対は「,살아있는,2,91,18.125,14.6875,-3.4375
gemma-2-2b,34,val,freq,ja,ko,죽은,「죽은」の反対は「,살아있는,2,33,18.125,13.125,-5.0
gemma-2-2b,34,freq,desc,ja,ko,죽은,「죽은」の反対は「,살아있는,2,85,18.125,13.1875,-4.9375
gemma-2-2b,34,freq,val,ja,ko,죽은,「죽은」の反対は「,살아있는,2,90,18.125,12.75,-5.375
gemma-2-2b,34,freq,freq,ja,ko,죽은,「죽은」の反対は「,살아있는,2,88,18.125,13.125,-5.0
gemma-2-2b,35,desc,desc,ja,ko,빈,「빈」の反対は「,가득 찬,30,30,15.6875,15.6875,0.0
gemma-2-2b,35,desc,val,ja,ko,빈,「빈」の反対は「,가득 찬,30,5,15.6875,17.75,2.0625
gemma-2-2b,35,desc,freq,ja,ko,빈,「빈」の反対は「,가득 찬,30,10,15.6875,13.0,-2.6875
gemma-2-2b,35,val,desc,ja,ko,빈,「빈」の反対は「,가득 찬,30,535,15.6875,14.6875,-1.0
gemma-2-2b,35,val,val,ja,ko,빈,「빈」の反対は「,가득 찬,30,859,15.6875,14.0625,-1.625
gemma-2-2b,35,val,freq,ja,ko,빈,「빈」の反対は「,가득 찬,30,162,15.6875,14.0625,-1.625
gemma-2-2b,35,freq,desc,ja,ko,빈,「빈」の反対は「,가득 찬,30,115,15.6875,14.875,-0.8125
gemma-2-2b,35,freq,val,ja,ko,빈,「빈」の反対は「,가득 찬,30,384,15.6875,13.0,-2.6875
gemma-2-2b,35,freq,freq,ja,ko,빈,「빈」の反対は「,가득 찬,30,125,15.6875,14.75,-0.9375
gemma-2-2b,36,desc,desc,ja,ko,어두운,「어두운」の反対は「,밝은,4,4,16.75,16.75,0.0
gemma-2-2b,36,desc,val,ja,ko,어두운,「어두운」の反対は「,밝은,4,0,16.75,17.75,1.0
gemma-2-2b,36,desc,freq,ja,ko,어두운,「어두운」の反対は「,밝은,4,3,16.75,8.3125,-8.4375
gemma-2-2b,36,val,desc,ja,ko,어두운,「어두운」の反対は「,밝은,4,12,16.75,16.75,0.0
gemma-2-2b,36,val,val,ja,ko,어두운,「어두운」の反対は「,밝은,4,12,16.75,16.875,0.125
gemma-2-2b,36,val,freq,ja,ko,어두운,「어두운」の反対は「,밝은,4,10,16.75,13.625,-3.125
gemma-2-2b,36,freq,desc,ja,ko,어두운,「어두운」の反対は「,밝은,4,20,16.75,13.75,-3.0
gemma-2-2b,36,freq,val,ja,ko,어두운,「어두운」の反対は「,밝은,4,19,16.75,13.6875,-3.0625
gemma-2-2b,36,freq,freq,ja,ko,어두운,「어두운」の反対は「,밝은,4,26,16.75,13.625,-3.125
gemma-2-2b,37,desc,desc,ja,ko,약한,「약한」の反対は「,강한,0,0,18.625,18.625,0.0
gemma-2-2b,37,desc,val,ja,ko,약한,「약한」の反対は「,강한,0,1,18.625,19.0,0.375
gemma-2-2b,37,desc,freq,ja,ko,약한,「약한」の反対は「,강한,0,1,18.625,16.625,-2.0
gemma-2-2b,37,val,desc,ja,ko,약한,「약한」の反対は「,강한,0,93,18.625,14.25,-4.375
gemma-2-2b,37,val,val,ja,ko,약한,「약한」の反対は「,강한,0,160,18.625,13.625,-5.0
gemma-2-2b,37,val,freq,ja,ko,약한,「약한」の反対は「,강한,0,5,18.625,15.6875,-2.9375
gemma-2-2b,37,freq,desc,ja,ko,약한,「약한」の反対は「,강한,0,92,18.625,12.5625,-6.0625
gemma-2-2b,37,freq,val,ja,ko,약한,「약한」の反対は「,강한,0,134,18.625,11.8125,-6.8125
gemma-2-2b,37,freq,freq,ja,ko,약한,「약한」の反対は「,강한,0,143,18.625,12.125,-6.5
gemma-2-2b,38,desc,desc,ja,ko,더러운,「더러운」の反対は「,깨끗한,63,63,14.125,14.125,0.0
gemma-2-2b,38,desc,val,ja,ko,더러운,「더러운」の反対は「,깨끗한,63,4,14.125,16.0,1.875
gemma-2-2b,38,desc,freq,ja,ko,더러운,「더러운」の反対は「,깨끗한,63,1,14.125,12.9375,-1.1875
gemma-2-2b,38,val,desc,ja,ko,더러운,「더러운」の反対は「,깨끗한,63,64,14.125,15.5625,1.4375
gemma-2-2b,38,val,val,ja,ko,더러운,「더러운」の反対は「,깨끗한,63,57,14.125,15.8125,1.6875
gemma-2-2b,38,val,freq,ja,ko,더러운,「더러운」の反対は「,깨끗한,63,8,14.125,13.9375,-0.1875
gemma-2-2b,38,freq,desc,ja,ko,더러운,「더러운」の反対は「,깨끗한,63,125,14.125,12.9375,-1.1875
gemma-2-2b,38,freq,val,ja,ko,더러운,「더러운」の反対は「,깨끗한,63,128,14.125,12.625,-1.5
gemma-2-2b,38,freq,freq,ja,ko,더러운,「더러운」の反対は「,깨끗한,63,107,14.125,13.1875,-0.9375
gemma-2-2b,39,desc,desc,ja,ko,닫힌,「닫힌」の反対は「,열린,29,29,12.375,12.375,0.0
gemma-2-2b,39,desc,val,ja,ko,닫힌,「닫힌」の反対は「,열린,29,0,12.375,18.125,5.75
gemma-2-2b,39,desc,freq,ja,ko,닫힌,「닫힌」の反対は「,열린,29,1,12.375,13.4375,1.0625
gemma-2-2b,39,val,desc,ja,ko,닫힌,「닫힌」の反対は「,열린,29,186,12.375,11.5,-0.875
gemma-2-2b,39,val,val,ja,ko,닫힌,「닫힌」の反対は「,열린,29,262,12.375,10.875,-1.5
gemma-2-2b,39,val,freq,ja,ko,닫힌,「닫힌」の反対は「,열린,29,16,12.375,11.625,-0.75
gemma-2-2b,39,freq,desc,ja,ko,닫힌,「닫힌」の反対は「,열린,29,233,12.375,9.875,-2.5
gemma-2-2b,39,freq,val,ja,ko,닫힌,「닫힌」の反対は「,열린,29,249,12.375,9.375,-3.0
gemma-2-2b,39,freq,freq,ja,ko,닫힌,「닫힌」の反対は「,열린,29,289,12.375,9.625,-2.75
gemma-2-2b,40,desc,desc,ja,ko,가난한,「가난한」の反対は「,부유한,21,21,12.75,12.75,0.0
gemma-2-2b,40,desc,val,ja,ko,가난한,「가난한」の反対は「,부유한,21,5,12.75,15.125,2.375
gemma-2-2b,40,desc,freq,ja,ko,가난한,「가난한」の反対は「,부유한,21,4,12.75,9.9375,-2.8125
gemma-2-2b,40,val,desc,ja,ko,가난한,「가난한」の反対は「,부유한,21,1044,12.75,9.3125,-3.4375
gemma-2-2b,40,val,val,ja,ko,가난한,「가난한」の反対は「,부유한,21,1033,12.75,9.6875,-3.0625
gemma-2-2b,40,val,freq,ja,ko,가난한,「가난한」の反対は「,부유한,21,68,12.75,10.9375,-1.8125
gemma-2-2b,40,freq,desc,ja,ko,가난한,「가난한」の反対は「,부유한,21,232,12.75,10.5,-2.25
gemma-2-2b,40,freq,val,ja,ko,가난한,「가난한」の反対は「,부유한,21,419,12.75,9.25,-3.5
gemma-2-2b,40,freq,freq,ja,ko,가난한,「가난한」の反対は「,부유한,21,300,12.75,9.9375,-2.8125
gemma-2-2b,41,desc,desc,ja,ko,못생긴,「못생긴」の反対は「,아름다운,17,17,18.125,18.125,0.0
gemma-2-2b,41,desc,val,ja,ko,못생긴,「못생긴」の反対は「,아름다운,17,87,18.125,15.6875,-2.4375
gemma-2-2b,41,desc,freq,ja,ko,못생긴,「못생긴」の反対は「,아름다운,17,83,18.125,13.8125,-4.3125
gemma-2-2b,41,val,desc,ja,ko,못생긴,「못생긴」の反対は「,아름다운,17,389,18.125,16.125,-2.0
gemma-2-2b,41,val,val,ja,ko,못생긴,「못생긴」の反対は「,아름다운,17,685,18.125,15.5,-2.625
gemma-2-2b,41,val,freq,ja,ko,못생긴,「못생긴」の反対は「,아름다운,17,174,18.125,16.5,-1.625
gemma-2-2b,41,freq,desc,ja,ko,못생긴,「못생긴」の反対は「,아름다운,17,239,18.125,15.6875,-2.4375
gemma-2-2b,41,freq,val,ja,ko,못생긴,「못생긴」の反対は「,아름다운,17,358,18.125,14.75,-3.375
gemma-2-2b,41,freq,freq,ja,ko,못생긴,「못생긴」の反対は「,아름다운,17,293,18.125,15.5,-2.625
gemma-2-2b,42,desc,desc,ja,ko,짧은,「짧은」の反対は「,긴,108,108,12.9375,12.9375,0.0
gemma-2-2b,42,desc,val,ja,ko,짧은,「짧은」の反対は「,긴,108,9,12.9375,15.6875,2.75
gemma-2-2b,42,desc,freq,ja,ko,짧은,「짧은」の反対は「,긴,108,4,12.9375,13.625,0.6875
gemma-2-2b,42,val,desc,ja,ko,짧은,「짧은」の反対は「,긴,108,244,12.9375,12.9375,0.0
gemma-2-2b,42,val,val,ja,ko,짧은,「짧은」の反対は「,긴,108,222,12.9375,13.25,0.3125
gemma-2-2b,42,val,freq,ja,ko,짧은,「짧은」の反対は「,긴,108,115,12.9375,11.0625,-1.875
gemma-2-2b,42,freq,desc,ja,ko,짧은,「짧은」の反対は「,긴,108,146,12.9375,12.5,-0.4375
gemma-2-2b,42,freq,val,ja,ko,짧은,「짧은」の反対は「,긴,108,215,12.9375,11.5625,-1.375
gemma-2-2b,42,freq,freq,ja,ko,짧은,「짧은」の反対は「,긴,108,151,12.9375,12.4375,-0.5
gemma-2-2b,43,desc,desc,ja,ko,좁은,「좁은」の反対は「,넓은,14,14,15.6875,15.6875,0.0
gemma-2-2b,43,desc,val,ja,ko,좁은,「좁은」の反対は「,넓은,14,0,15.6875,17.5,1.8125
gemma-2-2b,43,desc,freq,ja,ko,좁은,「좁은」の反対は「,넓은,14,9,15.6875,11.6875,-4.0
gemma-2-2b,43,val,desc,ja,ko,좁은,「좁은」の反対は「,넓은,14,39,15.6875,15.8125,0.125
gemma-2-2b,43,val,val,ja,ko,좁은,「좁은」の反対は「,넓은,14,32,15.6875,16.125,0.4375
gemma-2-2b,43,val,freq,ja,ko,좁은,「좁은」の反対は「,넓은,14,44,15.6875,13.375,-2.3125
gemma-2-2b,43,freq,desc,ja,ko,좁은,「좁은」の反対は「,넓은,14,45,15.6875,14.125,-1.5625
gemma-2-2b,43,freq,val,ja,ko,좁은,「좁은」の反対は「,넓은,14,30,15.6875,14.75,-0.9375
gemma-2-2b,43,freq,freq,ja,ko,좁은,「좁은」の反対は「,넓은,14,42,15.6875,14.25,-1.4375
gemma-2-2b,44,desc,desc,ja,ko,부드러운,「부드러운」の反対は「,딱딱한,2,2,17.25,17.25,0.0
gemma-2-2b,44,desc,val,ja,ko,부드러운,「부드러운」の反対は「,딱딱한,2,67,17.25,14.3125,-2.9375
gemma-2-2b,44,desc,freq,ja,ko,부드러운,「부드러운」の反対は「,딱딱한,2,185,17.25,8.5,-8.75
gemma-2-2b,44,val,desc,ja,ko,부드러운,「부드러운」の反対は「,딱딱한,2,309,17.25,14.5,-2.75
gemma-2-2b,44,val,val,ja,ko,부드러운,「부드러운」の反対は「,딱딱한,2,313,17.25,14.75,-2.5
gemma-2-2b,44,val,freq,ja,ko,부드러운,「부드러운」の反対は「,딱딱한,2,207,17.25,12.6875,-4.5625
gemma-2-2b,44,freq,desc,ja,ko,부드러운,「부드러운」の反対は「,딱딱한,2,588,17.25,11.8125,-5.4375
gemma-2-2b,44,freq,val,ja,ko,부드러운,「부드러운」の反対は「,딱딱한,2,646,17.25,11.25,-6.0
gemma-2-2b,44,freq,freq,ja,ko,부드러운,「부드러운」の反対は「,딱딱한,2,606,17.25,11.75,-5.5
gemma-2-2b,45,desc,desc,ja,ko,젖은,「젖은」の反対は「,마른,130,130,12.125,12.125,0.0
gemma-2-2b,45,desc,val,ja,ko,젖은,「젖은」の反対は「,마른,130,82,12.125,12.75,0.625
gemma-2-2b,45,desc,freq,ja,ko,젖은,「젖은」の反対は「,마른,130,105,12.125,4.8125,-7.3125
gemma-2-2b,45,val,desc,ja,ko,젖은,「젖은」の反対は「,마른,130,5422,12.125,7.75,-4.375
gemma-2-2b,45,val,val,ja,ko,젖은,「젖은」の反対は「,마른,130,7064,12.125,7.5625,-4.5625
gemma-2-2b,45,val,freq,ja,ko,젖은,「젖은」の反対は「,마른,130,1895,12.125,5.96875,-6.15625
gemma-2-2b,45,freq,desc,ja,ko,젖은,「젖은」の反対は「,마른,130,2916,12.125,7.21875,-4.90625
gemma-2-2b,45,freq,val,ja,ko,젖은,「젖은」の反対は「,마른,130,3460,12.125,6.3125,-5.8125
gemma-2-2b,45,freq,freq,ja,ko,젖은,「젖은」の反対は「,마른,130,3271,12.125,7.0,-5.125
gemma-2-2b,46,desc,desc,ja,ko,조용한,「조용한」の反対は「,시끄러운,220,220,10.875,10.875,0.0
gemma-2-2b,46,desc,val,ja,ko,조용한,「조용한」の反対は「,시끄러운,220,33,10.875,13.625,2.75
gemma-2-2b,46,desc,freq,ja,ko,조용한,「조용한」の反対は「,시끄러운,220,27,10.875,8.875,-2.0
gemma-2-2b,46,val,desc,ja,ko,조용한,「조용한」の反対は「,시끄러운,220,7562,10.875,6.5625,-4.3125
gemma-2-2b,46,val,val,ja,ko,조용한,「조용한」の反対は「,시끄러운,220,9161,10.875,6.15625,-4.71875
gemma-2-2b,46,val,freq,ja,ko,조용한,「조용한」の反対は「,시끄러운,220,883,10.875,6.53125,-4.34375
gemma-2-2b,46,freq,desc,ja,ko,조용한,「조용한」の反対は「,시끄러운,220,4655,10.875,5.9375,-4.9375
gemma-2-2b,46,freq,val,ja,ko,조용한,「조용한」の反対は「,시끄러운,220,7841,10.875,4.53125,-6.34375
gemma-2-2b,46,freq,freq,ja,ko,조용한,「조용한」の反対は「,시끄러운,220,5025,10.875,5.8125,-5.0625
gemma-2-2b,47,desc,desc,ja,ko,늦은,「늦은」の反対は「,이른,1778,1778,8.625,8.625,0.0
gemma-2-2b,47,desc,val,ja,ko,늦은,「늦은」の反対は「,이른,1778,51,8.625,12.5,3.875
gemma-2-2b,47,desc,freq,ja,ko,늦은,「늦은」の反対は「,이른,1778,73,8.625,8.9375,0.3125
gemma-2-2b,47,val,desc,ja,ko,늦은,「늦은」の反対は「,이른,1778,12718,8.625,6.0625,-2.5625
gemma-2-2b,47,val,val,ja,ko,늦은,「늦은」の反対は「,이른,1778,16324,8.625,5.71875,-2.90625
gemma-2-2b,47,val,freq,ja,ko,늦은,「늦은」の反対は「,이른,1778,5710,8.625,5.09375,-3.53125
gemma-2-2b,47,freq,desc,ja,ko,늦은,「늦은」の反対は「,이른,1778,2876,8.625,8.0,-0.625
gemma-2-2b,47,freq,val,ja,ko,늦은,「늦은」の反対は「,이른,1778,6636,8.625,5.65625,-2.96875
gemma-2-2b,47,freq,freq,ja,ko,늦은,「늦은」の反対は「,이른,1778,3507,8.625,7.6875,-0.9375
gemma-2-2b,48,desc,desc,ja,ko,먼,「먼」の反対は「,가까운,19,19,13.4375,13.4375,0.0
gemma-2-2b,48,desc,val,ja,ko,먼,「먼」の反対は「,가까운,19,4,13.4375,14.875,1.4375
gemma-2-2b,48,desc,freq,ja,ko,먼,「먼」の反対は「,가까운,19,7,13.4375,9.625,-3.8125
gemma-2-2b,48,val,desc,ja,ko,먼,「먼」の反対は「,가까운,19,2342,13.4375,8.625,-4.8125
gemma-2-2b,48,val,val,ja,ko,먼,「먼」の反対は「,가까운,19,3100,13.4375,8.375,-5.0625
gemma-2-2b,48,val,freq,ja,ko,먼,「먼」の反対は「,가까운,19,135,13.4375,10.3125,-3.125
gemma-2-2b,48,freq,desc,ja,ko,먼,「먼」の反対は「,가까운,19,342,13.4375,10.1875,-3.25
gemma-2-2b,48,freq,val,ja,ko,먼,「먼」の反対は「,가까운,19,882,13.4375,8.625,-4.8125
gemma-2-2b,48,freq,freq,ja,ko,먼,「먼」の反対は「,가까운,19,430,13.4375,9.9375,-3.5
gemma-2-2b,49,desc,desc,ja,ko,얕은,「얕은」の反対は「,깊은,5,5,17.0,17.0,0.0
gemma-2-2b,49,desc,val,ja,ko,얕은,「얕은」の反対は「,깊은,5,0,17.0,18.875,1.875
gemma-2-2b,49,desc,freq,ja,ko,얕은,「얕은」の反対は「,깊은,5,1,17.0,15.5625,-1.4375
gemma-2-2b,49,val,desc,ja,ko,얕은,「얕은」の反対は「,깊은,5,16,17.0,17.75,0.75
gemma-2-2b,49,val,val,ja,ko,얕은,「얕은」の反対は「,깊은,5,22,17.0,17.5,0.5
gemma-2-2b,49,val,freq,ja,ko,얕은,「얕은」の反対は「,깊은,5,12,17.0,15.375,-1.625
gemma-2-2b,49,freq,desc,ja,ko,얕은,「얕은」の反対は「,깊은,5,16,17.0,15.5,-1.5
gemma-2-2b,49,freq,val,ja,ko,얕은,「얕은」の反対は「,깊은,5,21,17.0,15.25,-1.75
gemma-2-2b,49,freq,freq,ja,ko,얕은,「얕은」の反対は「,깊은,5,21,17.0,15.375,-1.625
gemma-2-2b,50,desc,desc,ja,ko,젊은,「젊은」の反対は「,늙은,0,0,20.125,20.125,0.0
gemma-2-2b,50,desc,val,ja,ko,젊은,「젊은」の反対は「,늙은,0,0,20.125,18.125,-2.0
gemma-2-2b,50,desc,freq,ja,ko,젊은,「젊은」の反対は「,늙은,0,4,20.125,12.625,-7.5
gemma-2-2b,50,val,desc,ja,ko,젊은,「젊은」の反対は「,늙은,0,13,20.125,18.25,-1.875
gemma-2-2b,50,val,val,ja,ko,젊은,「젊은」の反対は「,늙은,0,8,20.125,19.125,-1.0
gemma-2-2b,50,val,freq,ja,ko,젊은,「젊은」の反対は「,늙은,0,3,20.125,16.25,-3.875
gemma-2-2b,50,freq,desc,ja,ko,젊은,「젊은」の反対は「,늙은,0,2,20.125,17.625,-2.5
gemma-2-2b,50,freq,val,ja,ko,젊은,「젊은」の反対は「,늙은,0,6,20.125,17.125,-3.0
gemma-2-2b,50,freq,freq,ja,ko,젊은,「젊은」の反対は「,늙은,0,2,20.125,17.625,-2.5
gemma-2-2b,51,desc,desc,ja,ko,친절한,「친절한」の反対は「,불친절한,208,208,11.6875,11.6875,0.0
gemma-2-2b,51,desc,val,ja,ko,친절한,「친절한」の反対は「,불친절한,208,1,11.6875,17.0,5.3125
gemma-2-2b,51,desc,freq,ja,ko,친절한,「친절한」の反対は「,불친절한,208,1,11.6875,13.625,1.9375
gemma-2-2b,51,val,desc,ja,ko,친절한,「친절한」の反対は「,불친절한,208,815,11.6875,10.75,-0.9375
gemma-2-2b,51,val,val,ja,ko,친절한,「친절한」の反対は「,불친절한,208,932,11.6875,10.75,-0.9375
gemma-2-2b,51,val,freq,ja,ko,친절한,「친절한」の反対は「,불친절한,208,87,11.6875,9.9375,-1.75
gemma-2-2b,51,freq,desc,ja,ko,친절한,「친절한」の反対は「,불친절한,208,471,11.6875,10.75,-0.9375
gemma-2-2b,51,freq,val,ja,ko,친절한,「친절한」の反対は「,불친절한,208,531,11.6875,10.0,-1.6875
gemma-2-2b,51,freq,freq,ja,ko,친절한,「친절한」の反対は「,불친절한,208,492,11.6875,10.6875,-1.0
gemma-2-2b,52,desc,desc,ja,ko,용감한,「용감한」の反対は「,겁많은,1,1,16.0,16.0,0.0
gemma-2-2b,52,desc,val,ja,ko,용감한,「용감한」の反対は「,겁많은,1,0,16.0,18.0,2.0
gemma-2-2b,52,desc,freq,ja,ko,용감한,「용감한」の反対は「,겁많은,1,0,16.0,14.0625,-1.9375
gemma-2-2b,52,val,desc,ja,ko,용감한,「용감한」の反対は「,겁많은,1,10,16.0,16.125,0.125
gemma-2-2b,52,val,val,ja,ko,용감한,「용감한」の反対は「,겁많은,1,9,16.0,16.375,0.375
gemma-2-2b,52,val,freq,ja,ko,용감한,「용감한」の反対は「,겁많은,1,3,16.0,14.875,-1.125
gemma-2-2b,52,freq,desc,ja,ko,용감한,「용감한」の反対は「,겁많은,1,17,16.0,14.0625,-1.9375
gemma-2-2b,52,freq,val,ja,ko,용감한,「용감한」の反対は「,겁많은,1,27,16.0,13.3125,-2.6875
gemma-2-2b,52,freq,freq,ja,ko,용감한,「용감한」の反対は「,겁많은,1,18,16.0,14.0625,-1.9375
gemma-2-2b,53,desc,desc,ja,ko,현명한,「현명한」の反対は「,어리석은,1,1,17.875,17.875,0.0
gemma-2-2b,53,desc,val,ja,ko,현명한,「현명한」の反対は「,어리석은,1,2,17.875,17.625,-0.25
gemma-2-2b,53,desc,freq,ja,ko,현명한,「현명한」の反対は「,어리석은,1,2,17.875,13.875,-4.0
gemma-2-2b,53,val,desc,ja,ko,현명한,「현명한」の反対は「,어리석은,1,25,17.875,17.125,-0.75
gemma-2-2b,53,val,val,ja,ko,현명한,「현명한」の反対は「,어리석은,1,24,17.875,17.5,-0.375
gemma-2-2b,53,val,freq,ja,ko,현명한,「현명한」の反対は「,어리석은,1,10,17.875,15.125,-2.75
gemma-2-2b,53,freq,desc,ja,ko,현명한,「현명한」の反対は「,어리석은,1,9,17.875,16.625,-1.25
gemma-2-2b,53,freq,val,ja,ko,현명한,「현명한」の反対は「,어리석은,1,16,17.875,15.8125,-2.0625
gemma-2-2b,53,freq,freq,ja,ko,현명한,「현명한」の反対は「,어리석은,1,17,17.875,16.25,-1.625
gemma-2-2b,54,desc,desc,ja,ko,예의 바른,「예의 바른」の反対は「,무례한,2,2,18.375,18.375,0.0
gemma-2-2b,54,desc,val,ja,ko,예의 바른,「예의 바른」の反対は「,무례한,2,2,18.375,18.625,0.25
gemma-2-2b,54,desc,freq,ja,ko,예의 바른,「예의 바른」の反対は「,무례한,2,4,18.375,17.0,-1.375
gemma-2-2b,54,val,desc,ja,ko,예의 바른,「예의 바른」の反対は「,무례한,2,58,18.375,17.25,-1.125
gemma-2-2b,54,val,val,ja,ko,예의 바른,「예의 바른」の反対は「,무례한,2,87,18.375,16.875,-1.5
gemma-2-2b,54,val,freq,ja,ko,예의 바른,「예의 바른」の反対は「,무례한,2,13,18.375,17.75,-0.625
gemma-2-2b,54,freq,desc,ja,ko,예의 바른,「예의 바른」の反対は「,무례한,2,61,18.375,15.9375,-2.4375
gemma-2-2b,54,freq,val,ja,ko,예의 바른,「예의 바른」の反対は「,무례한,2,79,18.375,15.25,-3.125
gemma-2-2b,54,freq,freq,ja,ko,예의 바른,「예의 바른」の反対は「,무례한,2,84,18.375,15.5625,-2.8125
gemma-2-2b,55,desc,desc,ja,ko,인내심 있는,「인내심 있는」の反対は「,성급한,55,55,14.9375,14.9375,0.0
gemma-2-2b,55,desc,val,ja,ko,인내심 있는,「인내심 있는」の反対は「,성급한,55,30,14.9375,15.6875,0.75
gemma-2-2b,55,desc,freq,ja,ko,인내심 있는,「인내심 있는」の反対は「,성급한,55,84,14.9375,12.0,-2.9375
gemma-2-2b,55,val,desc,ja,ko,인내심 있는,「인내심 있는」の反対は「,성급한,55,10259,14.9375,8.25,-6.6875
gemma-2-2b,55,val,val,ja,ko,인내심 있는,「인내심 있는」の反対は「,성급한,55,13873,14.9375,7.6875,-7.25
gemma-2-2b,55,val,freq,ja,ko,인내심 있는,「인내심 있는」の反対は「,성급한,55,3364,14.9375,8.75,-6.1875
gemma-2-2b,55,freq,desc,ja,ko,인내심 있는,「인내심 있는」の反対は「,성급한,55,5169,14.9375,8.75,-6.1875
gemma-2-2b,55,freq,val,ja,ko,인내심 있는,「인내심 있는」の反対は「,성급한,55,7011,14.9375,7.1875,-7.75
gemma-2-2b,55,freq,freq,ja,ko,인내심 있는,「인내심 있는」の反対は「,성급한,55,6922,14.9375,8.0625,-6.875
gemma-2-2b,56,desc,desc,ja,ko,정직한,「정직한」の反対は「,부정직한,13,13,15.5,15.5,0.0
gemma-2-2b,56,desc,val,ja,ko,정직한,「정직한」の反対は「,부정직한,13,3,15.5,16.375,0.875
gemma-2-2b,56,desc,freq,ja,ko,정직한,「정직한」の反対は「,부정직한,13,4,15.5,13.625,-1.875
gemma-2-2b,56,val,desc,ja,ko,정직한,「정직한」の反対は「,부정직한,13,2872,15.5,10.1875,-5.3125
gemma-2-2b,56,val,val,ja,ko,정직한,「정직한」の反対は「,부정직한,13,3925,15.5,9.875,-5.625
gemma-2-2b,56,val,freq,ja,ko,정직한,「정직한」の反対は「,부정직한,13,213,15.5,12.125,-3.375
gemma-2-2b,56,freq,desc,ja,ko,정직한,「정직한」の反対は「,부정직한,13,1477,15.5,10.0,-5.5
gemma-2-2b,56,freq,val,ja,ko,정직한,「정직한」の反対は「,부정직한,13,2152,15.5,8.875,-6.625
gemma-2-2b,56,freq,freq,ja,ko,정직한,「정직한」の反対は「,부정직한,13,1717,15.5,9.875,-5.625
gemma-2-2b,57,desc,desc,ja,ko,안전한,「안전한」の反対は「,위험한,69,69,13.1875,13.1875,0.0
gemma-2-2b,57,desc,val,ja,ko,안전한,「안전한」の反対は「,위험한,69,4,13.1875,16.75,3.5625
gemma-2-2b,57,desc,freq,ja,ko,안전한,「안전한」の反対は「,위험한,69,6,13.1875,11.75,-1.4375
gemma-2-2b,57,val,desc,ja,ko,안전한,「안전한」の反対は「,위험한,69,2168,13.1875,9.375,-3.8125
gemma-2-2b,57,val,val,ja,ko,안전한,「안전한」の反対は「,위험한,69,2182,13.1875,9.5625,-3.625
gemma-2-2b,57,val,freq,ja,ko,안전한,「안전한」の反対は「,위험한,69,218,13.1875,8.875,-4.3125
gemma-2-2b,57,freq,desc,ja,ko,안전한,「안전한」の反対は「,위험한,69,2029,13.1875,8.375,-4.8125
gemma-2-2b,57,freq,val,ja,ko,안전한,「안전한」の反対は「,위험한,69,1599,13.1875,8.375,-4.8125
gemma-2-2b,57,freq,freq,ja,ko,안전한,「안전한」の反対は「,위험한,69,2031,13.1875,8.4375,-4.75
gemma-2-2b,58,desc,desc,ja,ko,활동적인,「활동적인」の反対は「,비활동적인,201,201,10.5625,10.5625,0.0
gemma-2-2b,58,desc,val,ja,ko,활동적인,「활동적인」の反対は「,비활동적인,201,4,10.5625,15.375,4.8125
gemma-2-2b,58,desc,freq,ja,ko,활동적인,「활동적인」の反対は「,비활동적인,201,12,10.5625,9.875,-0.6875
gemma-2-2b,58,val,desc,ja,ko,활동적인,「활동적인」の反対は「,비활동적인,201,1433,10.5625,8.875,-1.6875
gemma-2-2b,58,val,val,ja,ko,활동적인,「활동적인」の反対は「,비활동적인,201,1615,10.5625,8.875,-1.6875
gemma-2-2b,58,val,freq,ja,ko,활동적인,「활동적인」の反対は「,비활동적인,201,576,10.5625,6.4375,-4.125
gemma-2-2b,58,freq,desc,ja,ko,활동적인,「활동적인」の反対は「,비활동적인,201,732,10.5625,9.125,-1.4375
gemma-2-2b,58,freq,val,ja,ko,활동적인,「활동적인」の反対は「,비활동적인,201,936,10.5625,8.4375,-2.125
gemma-2-2b,58,freq,freq,ja,ko,활동적인,「활동적인」の反対は「,비활동적인,201,773,10.5625,9.0625,-1.5
gemma-2-2b,59,desc,desc,ja,ko,곧은,「곧은」の反対は「,휘어진,840,840,7.96875,7.96875,0.0
gemma-2-2b,59,desc,val,ja,ko,곧은,「곧은」の反対は「,휘어진,840,20,7.96875,13.375,5.40625
gemma-2-2b,59,desc,freq,ja,ko,곧은,「곧은」の反対は「,휘어진,840,50,7.96875,6.5,-1.46875
gemma-2-2b,59,val,desc,ja,ko,곧은,「곧은」の反対は「,휘어진,840,960,7.96875,9.1875,1.21875
gemma-2-2b,59,val,val,ja,ko,곧은,「곧은」の反対は「,휘어진,840,1173,7.96875,8.875,0.90625
gemma-2-2b,59,val,freq,ja,ko,곧은,「곧은」の反対は「,휘어진,840,108,7.96875,9.875,1.90625
gemma-2-2b,59,freq,desc,ja,ko,곧은,「곧은」の反対は「,휘어진,840,1578,7.96875,6.84375,-1.125
gemma-2-2b,59,freq,val,ja,ko,곧은,「곧은」の反対は「,휘어진,840,1492,7.96875,6.75,-1.21875
gemma-2-2b,59,freq,freq,ja,ko,곧은,「곧은」の反対は「,휘어진,840,1801,7.96875,6.625,-1.34375
gemma-2-2b,60,desc,desc,ja,ko,전체의,「전체의」の反対は「,부분적인,1,1,21.125,21.125,0.0
gemma-2-2b,60,desc,val,ja,ko,전체의,「전체의」の反対は「,부분적인,1,0,21.125,20.25,-0.875
gemma-2-2b,60,desc,freq,ja,ko,전체의,「전체의」の反対は「,부분적인,1,4,21.125,17.875,-3.25
gemma-2-2b,60,val,desc,ja,ko,전체의,「전체의」の反対は「,부분적인,1,400,21.125,15.9375,-5.1875
gemma-2-2b,60,val,val,ja,ko,전체의,「전체의」の反対は「,부분적인,1,394,21.125,15.9375,-5.1875
gemma-2-2b,60,val,freq,ja,ko,전체의,「전체의」の反対は「,부분적인,1,40,21.125,18.375,-2.75
gemma-2-2b,60,freq,desc,ja,ko,전체의,「전체의」の反対は「,부분적인,1,107,21.125,16.875,-4.25
gemma-2-2b,60,freq,val,ja,ko,전체의,「전체의」の反対は「,부분적인,1,152,21.125,16.0,-5.125
gemma-2-2b,60,freq,freq,ja,ko,전체의,「전체의」の反対は「,부분적인,1,105,21.125,16.875,-4.25
gemma-2-2b,61,desc,desc,ja,ko,차분한,「차분한」の反対は「,격앙된,0,0,21.125,21.125,0.0
gemma-2-2b,61,desc,val,ja,ko,차분한,「차분한」の反対は「,격앙된,0,0,21.125,20.75,-0.375
gemma-2-2b,61,desc,freq,ja,ko,차분한,「차분한」の反対は「,격앙된,0,0,21.125,19.125,-2.0
gemma-2-2b,61,val,desc,ja,ko,차분한,「차분한」の反対は「,격앙된,0,14,21.125,19.25,-1.875
gemma-2-2b,61,val,val,ja,ko,차분한,「차분한」の反対は「,격앙된,0,14,21.125,19.5,-1.625
gemma-2-2b,61,val,freq,ja,ko,차분한,「차분한」の反対は「,격앙된,0,0,21.125,21.25,0.125
gemma-2-2b,61,freq,desc,ja,ko,차분한,「차분한」の反対は「,격앙된,0,13,21.125,17.875,-3.25
gemma-2-2b,61,freq,val,ja,ko,차분한,「차분한」の反対は「,격앙된,0,13,21.125,17.875,-3.25
gemma-2-2b,61,freq,freq,ja,ko,차분한,「차분한」の反対は「,격앙된,0,20,21.125,17.75,-3.375
gemma-2-2b,62,desc,desc,ja,ko,정확한,「정확한」の反対は「,틀린,406,406,12.375,12.375,0.0
gemma-2-2b,62,desc,val,ja,ko,정확한,「정확한」の反対は「,틀린,406,55,12.375,14.5,2.125
gemma-2-2b,62,desc,freq,ja,ko,정확한,「정확한」の反対は「,틀린,406,6,12.375,14.6875,2.3125
gemma-2-2b,62,val,desc,ja,ko,정확한,「정확한」の反対は「,틀린,406,2148,12.375,10.3125,-2.0625
gemma-2-2b,62,val,val,ja,ko,정확한,「정확한」の反対は「,틀린,406,2407,12.375,10.25,-2.125
gemma-2-2b,62,val,freq,ja,ko,정확한,「정확한」の反対は「,틀린,406,171,12.375,11.75,-0.625
gemma-2-2b,62,freq,desc,ja,ko,정확한,「정확한」の反対は「,틀린,406,2906,12.375,9.1875,-3.1875
gemma-2-2b,62,freq,val,ja,ko,정확한,「정확한」の反対は「,틀린,406,2931,12.375,8.4375,-3.9375
gemma-2-2b,62,freq,freq,ja,ko,정확한,「정확한」の反対は「,틀린,406,2956,12.375,9.125,-3.25
gemma-2-2b,63,desc,desc,ja,ko,복잡한,「복잡한」の反対は「,단순한,20,20,14.4375,14.4375,0.0
gemma-2-2b,63,desc,val,ja,ko,복잡한,「복잡한」の反対は「,단순한,20,4,14.4375,16.375,1.9375
gemma-2-2b,63,desc,freq,ja,ko,복잡한,「복잡한」の反対は「,단순한,20,6,14.4375,12.8125,-1.625
gemma-2-2b,63,val,desc,ja,ko,복잡한,「복잡한」の反対は「,단순한,20,396,14.4375,11.5,-2.9375
gemma-2-2b,63,val,val,ja,ko,복잡한,「복잡한」の反対は「,단순한,20,510,14.4375,11.125,-3.3125
gemma-2-2b,63,val,freq,ja,ko,복잡한,「복잡한」の反対は「,단순한,20,41,14.4375,12.9375,-1.5
gemma-2-2b,63,freq,desc,ja,ko,복잡한,「복잡한」の反対は「,단순한,20,472,14.4375,10.3125,-4.125
gemma-2-2b,63,freq,val,ja,ko,복잡한,「복잡한」の反対は「,단순한,20,489,14.4375,9.6875,-4.75
gemma-2-2b,63,freq,freq,ja,ko,복잡한,「복잡한」の反対は「,단순한,20,527,14.4375,10.125,-4.3125
gemma-2-2b,64,desc,desc,ja,ko,효과적인,「효과적인」の反対は「,비효과적인,14,14,15.9375,15.9375,0.0
gemma-2-2b,64,desc,val,ja,ko,효과적인,「효과적인」の反対は「,비효과적인,14,1,15.9375,17.5,1.5625
gemma-2-2b,64,desc,freq,ja,ko,효과적인,「효과적인」の反対は「,비효과적인,14,1,15.9375,14.4375,-1.5
gemma-2-2b,64,val,desc,ja,ko,효과적인,「효과적인」の反対は「,비효과적인,14,346,15.9375,13.1875,-2.75
gemma-2-2b,64,val,val,ja,ko,효과적인,「효과적인」の反対は「,비효과적인,14,422,15.9375,13.1875,-2.75
gemma-2-2b,64,val,freq,ja,ko,효과적인,「효과적인」の反対は「,비효과적인,14,32,15.9375,13.4375,-2.5
gemma-2-2b,64,freq,desc,ja,ko,효과적인,「효과적인」の反対は「,비효과적인,14,194,15.9375,12.9375,-3.0
gemma-2-2b,64,freq,val,ja,ko,효과적인,「효과적인」の反対は「,비효과적인,14,224,15.9375,12.4375,-3.5
gemma-2-2b,64,freq,freq,ja,ko,효과적인,「효과적인」の反対は「,비효과적인,14,213,15.9375,12.8125,-3.125
gemma-2-2b,65,desc,desc,ja,ko,유명한,「유명한」の反対は「,잘 알려지지 않은,58,58,14.4375,14.4375,0.0
gemma-2-2b,65,desc,val,ja,ko,유명한,「유명한」の反対は「,잘 알려지지 않은,58,7,14.4375,16.5,2.0625
gemma-2-2b,65,desc,freq,ja,ko,유명한,「유명한」の反対は「,잘 알려지지 않은,58,21,14.4375,12.0625,-2.375
gemma-2-2b,65,val,desc,ja,ko,유명한,「유명한」の反対は「,잘 알려지지 않은,58,293,14.4375,13.375,-1.0625
gemma-2-2b,65,val,val,ja,ko,유명한,「유명한」の反対は「,잘 알려지지 않은,58,292,14.4375,13.6875,-0.75
gemma-2-2b,65,val,freq,ja,ko,유명한,「유명한」の反対は「,잘 알려지지 않은,58,312,14.4375,10.25,-4.1875
gemma-2-2b,65,freq,desc,ja,ko,유명한,「유명한」の反対は「,잘 알려지지 않은,58,393,14.4375,12.0,-2.4375
gemma-2-2b,65,freq,val,ja,ko,유명한,「유명한」の反対は「,잘 알려지지 않은,58,512,14.4375,11.25,-3.1875
gemma-2-2b,65,freq,freq,ja,ko,유명한,「유명한」の反対は「,잘 알려지지 않은,58,419,14.4375,11.875,-2.5625
gemma-2-2b,66,desc,desc,ja,ko,관대한,「관대한」の反対は「,인색한,50,50,17.125,17.125,0.0
gemma-2-2b,66,desc,val,ja,ko,관대한,「관대한」の反対は「,인색한,50,78,17.125,15.6875,-1.4375
gemma-2-2b,66,desc,freq,ja,ko,관대한,「관대한」の反対は「,인색한,50,41,17.125,13.6875,-3.4375
gemma-2-2b,66,val,desc,ja,ko,관대한,「관대한」の反対は「,인색한,50,1323,17.125,13.6875,-3.4375
gemma-2-2b,66,val,val,ja,ko,관대한,「관대한」の反対は「,인색한,50,1395,17.125,14.125,-3.0
gemma-2-2b,66,val,freq,ja,ko,관대한,「관대한」の反対は「,인색한,50,330,17.125,15.375,-1.75
gemma-2-2b,66,freq,desc,ja,ko,관대한,「관대한」の反対は「,인색한,50,152,17.125,16.375,-0.75
gemma-2-2b,66,freq,val,ja,ko,관대한,「관대한」の反対は「,인색한,50,378,17.125,15.0,-2.125
gemma-2-2b,66,freq,freq,ja,ko,관대한,「관대한」の反対は「,인색한,50,193,17.125,16.125,-1.0
gemma-2-2b,67,desc,desc,ja,ko,행복한,「행복한」の反対は「,불행한,0,0,18.875,18.875,0.0
gemma-2-2b,67,desc,val,ja,ko,행복한,「행복한」の反対は「,불행한,0,0,18.875,19.375,0.5
gemma-2-2b,67,desc,freq,ja,ko,행복한,「행복한」の反対は「,불행한,0,1,18.875,14.25,-4.625
gemma-2-2b,67,val,desc,ja,ko,행복한,「행복한」の反対は「,불행한,0,85,18.875,13.9375,-4.9375
gemma-2-2b,67,val,val,ja,ko,행복한,「행복한」の反対は「,불행한,0,107,18.875,13.9375,-4.9375
gemma-2-2b,67,val,freq,ja,ko,행복한,「행복한」の反対は「,불행한,0,8,18.875,14.3125,-4.5625
gemma-2-2b,67,freq,desc,ja,ko,행복한,「행복한」の反対は「,불행한,0,51,18.875,13.3125,-5.5625
gemma-2-2b,67,freq,val,ja,ko,행복한,「행복한」の反対は「,불행한,0,62,18.875,12.625,-6.25
gemma-2-2b,67,freq,freq,ja,ko,행복한,「행복한」の反対は「,불행한,0,68,18.875,12.9375,-5.9375
gemma-2-2b,68,desc,desc,ja,ko,건강한,「건강한」の反対は「,건강하지 않은,0,0,17.875,17.875,0.0
gemma-2-2b,68,desc,val,ja,ko,건강한,「건강한」の反対は「,건강하지 않은,0,0,17.875,18.0,0.125
gemma-2-2b,68,desc,freq,ja,ko,건강한,「건강한」の反対は「,건강하지 않은,0,0,17.875,13.125,-4.75
gemma-2-2b,68,val,desc,ja,ko,건강한,「건강한」の反対は「,건강하지 않은,0,137,17.875,13.1875,-4.6875
gemma-2-2b,68,val,val,ja,ko,건강한,「건강한」の反対は「,건강하지 않은,0,131,17.875,13.625,-4.25
gemma-2-2b,68,val,freq,ja,ko,건강한,「건강한」の反対は「,건강하지 않은,0,28,17.875,11.875,-6.0
gemma-2-2b,68,freq,desc,ja,ko,건강한,「건강한」の反対は「,건강하지 않은,0,200,17.875,11.3125,-6.5625
gemma-2-2b,68,freq,val,ja,ko,건강한,「건강한」の反対は「,건강하지 않은,0,147,17.875,11.4375,-6.4375
gemma-2-2b,68,freq,freq,ja,ko,건강한,「건강한」の反対は「,건강하지 않은,0,200,17.875,11.25,-6.625
gemma-2-2b,69,desc,desc,ja,ko,높은,「높은」の反対は「,낮은,2,2,16.625,16.625,0.0
gemma-2-2b,69,desc,val,ja,ko,높은,「높은」の反対は「,낮은,2,0,16.625,18.125,1.5
gemma-2-2b,69,desc,freq,ja,ko,높은,「높은」の反対は「,낮은,2,1,16.625,10.8125,-5.8125
gemma-2-2b,69,val,desc,ja,ko,높은,「높은」の反対は「,낮은,2,8,16.625,16.0,-0.625
gemma-2-2b,69,val,val,ja,ko,높은,「높은」の反対は「,낮은,2,8,16.625,16.125,-0.5
gemma-2-2b,69,val,freq,ja,ko,높은,「높은」の反対は「,낮은,2,7,16.625,12.9375,-3.6875
gemma-2-2b,69,freq,desc,ja,ko,높은,「높은」の反対は「,낮은,2,13,16.625,13.0,-3.625
gemma-2-2b,69,freq,val,ja,ko,높은,「높은」の反対は「,낮은,2,16,16.625,12.9375,-3.6875
gemma-2-2b,69,freq,freq,ja,ko,높은,「높은」の反対は「,낮은,2,13,16.625,13.125,-3.5
gemma-2-2b,70,desc,desc,ja,ko,중요한,「중요한」の反対は「,중요하지 않은,2,2,19.25,19.25,0.0
gemma-2-2b,70,desc,val,ja,ko,중요한,「중요한」の反対は「,중요하지 않은,2,0,19.25,19.75,0.5
gemma-2-2b,70,desc,freq,ja,ko,중요한,「중요한」の反対は「,중요하지 않은,2,0,19.25,18.0,-1.25
gemma-2-2b,70,val,desc,ja,ko,중요한,「중요한」の反対は「,중요하지 않은,2,41,19.25,16.75,-2.5
gemma-2-2b,70,val,val,ja,ko,중요한,「중요한」の反対は「,중요하지 않은,2,57,19.25,16.75,-2.5
gemma-2-2b,70,val,freq,ja,ko,중요한,「중요한」の反対は「,중요하지 않은,2,3,19.25,18.5,-0.75
gemma-2-2b,70,freq,desc,ja,ko,중요한,「중요한」の反対は「,중요하지 않은,2,33,19.25,16.125,-3.125
gemma-2-2b,70,freq,val,ja,ko,중요한,「중요한」の反対は「,중요하지 않은,2,42,19.25,15.5625,-3.6875
gemma-2-2b,70,freq,freq,ja,ko,중요한,「중요한」の反対は「,중요하지 않은,2,32,19.25,16.125,-3.125
gemma-2-2b,71,desc,desc,ja,ko,무고한,「무고한」の反対は「,유죄의,30,30,17.5,17.5,0.0
gemma-2-2b,71,desc,val,ja,ko,무고한,「무고한」の反対は「,유죄의,30,27,17.5,17.25,-0.25
gemma-2-2b,71,desc,freq,ja,ko,무고한,「무고한」の反対は「,유죄의,30,40,17.5,15.8125,-1.6875
gemma-2-2b,71,val,desc,ja,ko,무고한,「무고한」の反対は「,유죄의,30,2255,17.5,13.4375,-4.0625
gemma-2-2b,71,val,val,ja,ko,무고한,「무고한」の反対は「,유죄의,30,2280,17.5,13.625,-3.875
gemma-2-2b,71,val,freq,ja,ko,무고한,「무고한」の反対は「,유죄의,30,1955,17.5,13.125,-4.375
gemma-2-2b,71,freq,desc,ja,ko,무고한,「무고한」の反対は「,유죄의,30,670,17.5,14.4375,-3.0625
gemma-2-2b,71,freq,val,ja,ko,무고한,「무고한」の反対は「,유죄의,30,922,17.5,13.25,-4.25
gemma-2-2b,71,freq,freq,ja,ko,무고한,「무고한」の反対は「,유죄의,30,568,17.5,14.6875,-2.8125
gemma-2-2b,72,desc,desc,ja,ko,알려진,「알려진」の反対は「,알려지지 않은,1,1,19.75,19.75,0.0
gemma-2-2b,72,desc,val,ja,ko,알려진,「알려진」の反対は「,알려지지 않은,1,0,19.75,20.625,0.875
gemma-2-2b,72,desc,freq,ja,ko,알려진,「알려진」の反対は「,알려지지 않은,1,0,19.75,18.0,-1.75
gemma-2-2b,72,val,desc,ja,ko,알려진,「알려진」の反対は「,알려지지 않은,1,10,19.75,18.75,-1.0
gemma-2-2b,72,val,val,ja,ko,알려진,「알려진」の反対は「,알려지지 않은,1,11,19.75,18.875,-0.875
gemma-2-2b,72,val,freq,ja,ko,알려진,「알려진」の反対は「,알려지지 않은,1,3,19.75,17.0,-2.75
gemma-2-2b,72,freq,desc,ja,ko,알려진,「알려진」の反対は「,알려지지 않은,1,11,19.75,17.75,-2.0
gemma-2-2b,72,freq,val,ja,ko,알려진,「알려진」の反対は「,알려지지 않은,1,14,19.75,17.0,-2.75
gemma-2-2b,72,freq,freq,ja,ko,알려진,「알려진」の反対は「,알려지지 않은,1,11,19.75,17.75,-2.0
gemma-2-2b,73,desc,desc,ja,ko,남성의,「남성의」の反対は「,여성의,0,0,20.25,20.25,0.0
gemma-2-2b,73,desc,val,ja,ko,남성의,「남성의」の反対は「,여성의,0,0,20.25,19.5,-0.75
gemma-2-2b,73,desc,freq,ja,ko,남성의,「남성의」の反対は「,여성의,0,0,20.25,14.9375,-5.3125
gemma-2-2b,73,val,desc,ja,ko,남성의,「남성의」の反対は「,여성의,0,2,20.25,20.0,-0.25
gemma-2-2b,73,val,val,ja,ko,남성의,「남성의」の反対は「,여성의,0,2,20.25,20.0,-0.25
gemma-2-2b,73,val,freq,ja,ko,남성의,「남성의」の反対は「,여성의,0,1,20.25,17.375,-2.875
gemma-2-2b,73,freq,desc,ja,ko,남성의,「남성의」の反対は「,여성의,0,0,20.25,18.875,-1.375
gemma-2-2b,73,freq,val,ja,ko,남성의,「남성의」の反対は「,여성의,0,2,20.25,18.75,-1.5
gemma-2-2b,73,freq,freq,ja,ko,남성의,「남성의」の反対は「,여성의,0,1,20.25,18.75,-1.5
gemma-2-2b,74,desc,desc,ja,ko,정상적인,「정상적인」の反対は「,비정상적인,2,2,19.0,19.0,0.0
gemma-2-2b,74,desc,val,ja,ko,정상적인,「정상적인」の反対は「,비정상적인,2,7,19.0,17.75,-1.25
gemma-2-2b,74,desc,freq,ja,ko,정상적인,「정상적인」の反対は「,비정상적인,2,8,19.0,13.9375,-5.0625
gemma-2-2b,74,val,desc,ja,ko,정상적인,「정상적인」の反対は「,비정상적인,2,140,19.0,15.8125,-3.1875
gemma-2-2b,74,val,val,ja,ko,정상적인,「정상적인」の反対は「,비정상적인,2,166,19.0,15.9375,-3.0625
gemma-2-2b,74,val,freq,ja,ko,정상적인,「정상적인」の反対は「,비정상적인,2,41,19.0,14.3125,-4.6875
gemma-2-2b,74,freq,desc,ja,ko,정상적인,「정상적인」の反対は「,비정상적인,2,37,19.0,16.375,-2.625
gemma-2-2b,74,freq,val,ja,ko,정상적인,「정상적인」の反対は「,비정상적인,2,50,19.0,15.5625,-3.4375
gemma-2-2b,74,freq,freq,ja,ko,정상적인,「정상적인」の反対は「,비정상적인,2,37,19.0,16.25,-2.75
gemma-2-2b,75,desc,desc,ja,ko,가능한,「가능한」の反対は「,불가능한,19,19,16.5,16.5,0.0
gemma-2-2b,75,desc,val,ja,ko,가능한,「가능한」の反対は「,불가능한,19,0,16.5,18.75,2.25
gemma-2-2b,75,desc,freq,ja,ko,가능한,「가능한」の反対は「,불가능한,19,0,16.5,16.125,-0.375
gemma-2-2b,75,val,desc,ja,ko,가능한,「가능한」の反対は「,불가능한,19,265,16.5,13.9375,-2.5625
gemma-2-2b,75,val,val,ja,ko,가능한,「가능한」の反対は「,불가능한,19,284,16.5,13.9375,-2.5625
gemma-2-2b,75,val,freq,ja,ko,가능한,「가능한」の反対は「,불가능한,19,105,16.5,11.25,-5.25
gemma-2-2b,75,freq,desc,ja,ko,가능한,「가능한」の反対は「,불가능한,19,142,16.5,13.6875,-2.8125
gemma-2-2b,75,freq,val,ja,ko,가능한,「가능한」の反対は「,불가능한,19,218,16.5,12.625,-3.875
gemma-2-2b,75,freq,freq,ja,ko,가능한,「가능한」の反対は「,불가능한,19,171,16.5,13.625,-2.875
gemma-2-2b,76,desc,desc,ja,ko,사적인,「사적인」の反対は「,공적인,1,1,21.25,21.25,0.0
gemma-2-2b,76,desc,val,ja,ko,사적인,「사적인」の反対は「,공적인,1,1,21.25,19.25,-2.0
gemma-2-2b,76,desc,freq,ja,ko,사적인,「사적인」の反対は「,공적인,1,1,21.25,16.125,-5.125
gemma-2-2b,76,val,desc,ja,ko,사적인,「사적인」の反対は「,공적인,1,10,21.25,19.625,-1.625
gemma-2-2b,76,val,val,ja,ko,사적인,「사적인」の反対は「,공적인,1,8,21.25,19.875,-1.375
gemma-2-2b,76,val,freq,ja,ko,사적인,「사적인」の反対は「,공적인,1,2,21.25,17.875,-3.375
gemma-2-2b,76,freq,desc,ja,ko,사적인,「사적인」の反対は「,공적인,1,5,21.25,18.375,-2.875
gemma-2-2b,76,freq,val,ja,ko,사적인,「사적인」の反対は「,공적인,1,5,21.25,18.25,-3.0
gemma-2-2b,76,freq,freq,ja,ko,사적인,「사적인」の反対は「,공적인,1,4,21.25,18.75,-2.5
gemma-2-2b,77,desc,desc,ja,ko,올바른,「올바른」の反対は「,틀린,23,23,14.3125,14.3125,0.0
gemma-2-2b,77,desc,val,ja,ko,올바른,「올바른」の反対は「,틀린,23,38,14.3125,13.25,-1.0625
gemma-2-2b,77,desc,freq,ja,ko,올바른,「올바른」の反対は「,틀린,23,19,14.3125,6.9375,-7.375
gemma-2-2b,77,val,desc,ja,ko,올바른,「올바른」の反対は「,틀린,23,454,14.3125,11.8125,-2.5
gemma-2-2b,77,val,val,ja,ko,올바른,「올바른」の反対は「,틀린,23,579,14.3125,11.8125,-2.5
gemma-2-2b,77,val,freq,ja,ko,올바른,「올바른」の反対は「,틀린,23,22,14.3125,11.1875,-3.125
gemma-2-2b,77,freq,desc,ja,ko,올바른,「올바른」の反対は「,틀린,23,983,14.3125,9.125,-5.1875
gemma-2-2b,77,freq,val,ja,ko,올바른,「올바른」の反対は「,틀린,23,1124,14.3125,8.75,-5.5625
gemma-2-2b,77,freq,freq,ja,ko,올바른,「올바른」の反対は「,틀린,23,1089,14.3125,9.0,-5.3125
gemma-2-2b,78,desc,desc,ja,ko,단순한,「단순한」の反対は「,복잡한,78,78,14.6875,14.6875,0.0
gemma-2-2b,78,desc,val,ja,ko,단순한,「단순한」の反対は「,복잡한,78,1,14.6875,18.75,4.0625
gemma-2-2b,78,desc,freq,ja,ko,단순한,「단순한」の反対は「,복잡한,78,1,14.6875,17.75,3.0625
gemma-2-2b,78,val,desc,ja,ko,단순한,「단순한」の反対は「,복잡한,78,308,14.6875,14.25,-0.4375
gemma-2-2b,78,val,val,ja,ko,단순한,「단순한」の反対は「,복잡한,78,342,14.6875,14.125,-0.5625
gemma-2-2b,78,val,freq,ja,ko,단순한,「단순한」の反対は「,복잡한,78,20,14.6875,15.6875,1.0
gemma-2-2b,78,freq,desc,ja,ko,단순한,「단순한」の反対は「,복잡한,78,184,14.6875,14.3125,-0.375
gemma-2-2b,78,freq,val,ja,ko,단순한,「단순한」の反対は「,복잡한,78,233,14.6875,13.3125,-1.375
gemma-2-2b,78,freq,freq,ja,ko,단순한,「단순한」の反対は「,복잡한,78,210,14.6875,14.125,-0.5625
gemma-2-2b,79,desc,desc,ja,ko,달콤한,「달콤한」の反対は「,쓴,23,23,10.375,10.375,0.0
gemma-2-2b,79,desc,val,ja,ko,달콤한,「달콤한」の反対は「,쓴,23,61,10.375,9.9375,-0.4375
gemma-2-2b,79,desc,freq,ja,ko,달콤한,「달콤한」の反対は「,쓴,23,32,10.375,2.53125,-7.84375
gemma-2-2b,79,val,desc,ja,ko,달콤한,「달콤한」の反対は「,쓴,23,228,10.375,9.625,-0.75
gemma-2-2b,79,val,val,ja,ko,달콤한,「달콤한」の反対は「,쓴,23,297,10.375,9.875,-0.5
gemma-2-2b,79,val,freq,ja,ko,달콤한,「달콤한」の反対は「,쓴,23,37,10.375,9.875,-0.5
gemma-2-2b,79,freq,desc,ja,ko,달콤한,「달콤한」の反対は「,쓴,23,480,10.375,7.6875,-2.6875
gemma-2-2b,79,freq,val,ja,ko,달콤한,「달콤한」の反対は「,쓴,23,453,10.375,7.5,-2.875
gemma-2-2b,79,freq,freq,ja,ko,달콤한,「달콤한」の反対は「,쓴,23,457,10.375,7.6875,-2.6875
gemma-2-2b,80,desc,desc,ja,ko,보이는,「보이는」の反対は「,보이지 않는,3,3,17.625,17.625,0.0
gemma-2-2b,80,desc,val,ja,ko,보이는,「보이는」の反対は「,보이지 않는,3,0,17.625,18.75,1.125
gemma-2-2b,80,desc,freq,ja,ko,보이는,「보이는」の反対は「,보이지 않는,3,2,17.625,11.75,-5.875
gemma-2-2b,80,val,desc,ja,ko,보이는,「보이는」の反対は「,보이지 않는,3,484,17.625,12.125,-5.5
gemma-2-2b,80,val,val,ja,ko,보이는,「보이는」の反対は「,보이지 않는,3,420,17.625,12.625,-5.0
gemma-2-2b,80,val,freq,ja,ko,보이는,「보이는」の反対は「,보이지 않는,3,231,17.625,8.4375,-9.1875
gemma-2-2b,80,freq,desc,ja,ko,보이는,「보이는」の反対は「,보이지 않는,3,359,17.625,11.25,-6.375
gemma-2-2b,80,freq,val,ja,ko,보이는,「보이는」の反対は「,보이지 않는,3,374,17.625,10.75,-6.875
gemma-2-2b,80,freq,freq,ja,ko,보이는,「보이는」の反対は「,보이지 않는,3,369,17.625,11.1875,-6.4375
gemma-2-2b,81,desc,desc,ja,ko,따뜻한,「따뜻한」の反対は「,차가운,456,456,8.3125,8.3125,0.0
gemma-2-2b,81,desc,val,ja,ko,따뜻한,「따뜻한」の反対は「,차가운,456,30,8.3125,12.0625,3.75
gemma-2-2b,81,desc,freq,ja,ko,따뜻한,「따뜻한」の反対は「,차가운,456,12,8.3125,7.3125,-1.0
gemma-2-2b,81,val,desc,ja,ko,따뜻한,「따뜻한」の反対は「,차가운,456,2209,8.3125,7.1875,-1.125
gemma-2-2b,81,val,val,ja,ko,따뜻한,「따뜻한」の反対は「,차가운,456,3227,8.3125,6.75,-1.5625
gemma-2-2b,81,val,freq,ja,ko,따뜻한,「따뜻한」の反対は「,차가운,456,129,8.3125,8.5625,0.25
gemma-2-2b,81,freq,desc,ja,ko,따뜻한,「따뜻한」の反対は「,차가운,456,2000,8.3125,6.0625,-2.25
gemma-2-2b,81,freq,val,ja,ko,따뜻한,「따뜻한」の反対は「,차가운,456,2563,8.3125,5.3125,-3.0
gemma-2-2b,81,freq,freq,ja,ko,따뜻한,「따뜻한」の反対は「,차가운,456,2460,8.3125,5.75,-2.5625
gemma-2-2b,82,desc,desc,ja,ko,매끄러운,「매끄러운」の反対は「,거친,3,3,17.75,17.75,0.0
gemma-2-2b,82,desc,val,ja,ko,매끄러운,「매끄러운」の反対は「,거친,3,1,17.75,18.25,0.5
gemma-2-2b,82,desc,freq,ja,ko,매끄러운,「매끄러운」の反対は「,거친,3,1,17.75,15.6875,-2.0625
gemma-2-2b,82,val,desc,ja,ko,매끄러운,「매끄러운」の反対は「,거친,3,129,17.75,16.25,-1.5
gemma-2-2b,82,val,val,ja,ko,매끄러운,「매끄러운」の反対は「,거친,3,182,17.75,15.9375,-1.8125
gemma-2-2b,82,val,freq,ja,ko,매끄러운,「매끄러운」の反対は「,거친,3,41,17.75,16.625,-1.125
gemma-2-2b,82,freq,desc,ja,ko,매끄러운,「매끄러운」の反対は「,거친,3,110,17.75,14.875,-2.875
gemma-2-2b,82,freq,val,ja,ko,매끄러운,「매끄러운」の反対は「,거친,3,146,17.75,14.3125,-3.4375
gemma-2-2b,82,freq,freq,ja,ko,매끄러운,「매끄러운」の反対は「,거친,3,122,17.75,14.75,-3.0
gemma-2-2b,83,desc,desc,ja,ko,얇은,「얇은」の反対は「,두꺼운,27,27,14.75,14.75,0.0
gemma-2-2b,83,desc,val,ja,ko,얇은,「얇은」の反対は「,두꺼운,27,2,14.75,17.875,3.125
gemma-2-2b,83,desc,freq,ja,ko,얇은,「얇은」の反対は「,두꺼운,27,2,14.75,16.0,1.25
gemma-2-2b,83,val,desc,ja,ko,얇은,「얇은」の反対は「,두꺼운,27,411,14.75,12.9375,-1.8125
gemma-2-2b,83,val,val,ja,ko,얇은,「얇은」の反対は「,두꺼운,27,508,14.75,12.6875,-2.0625
gemma-2-2b,83,val,freq,ja,ko,얇은,「얇은」の反対は「,두꺼운,27,69,14.75,14.3125,-0.4375
gemma-2-2b,83,freq,desc,ja,ko,얇은,「얇은」の反対は「,두꺼운,27,289,14.75,12.1875,-2.5625
gemma-2-2b,83,freq,val,ja,ko,얇은,「얇은」の反対は「,두꺼운,27,410,14.75,11.3125,-3.4375
gemma-2-2b,83,freq,freq,ja,ko,얇은,「얇은」の反対は「,두꺼운,27,323,14.75,12.125,-2.625
gemma-2-2b,84,desc,desc,ja,ko,키가 큰,「키가 큰」の反対は「,키가 작은,0,0,18.75,18.75,0.0
gemma-2-2b,84,desc,val,ja,ko,키가 큰,「키가 큰」の反対は「,키가 작은,0,1,18.75,19.125,0.375
gemma-2-2b,84,desc,freq,ja,ko,키가 큰,「키가 큰」の反対は「,키가 작은,0,2,18.75,15.375,-3.375
gemma-2-2b,84,val,desc,ja,ko,키가 큰,「키가 큰」の反対は「,키가 작은,0,7,18.75,17.875,-0.875
gemma-2-2b,84,val,val,ja,ko,키가 큰,「키가 큰」の反対は「,키가 작은,0,6,18.75,18.75,0.0
gemma-2-2b,84,val,freq,ja,ko,키가 큰,「키가 큰」の反対は「,키가 작은,0,1,18.75,18.75,0.0
gemma-2-2b,84,freq,desc,ja,ko,키가 큰,「키가 큰」の反対は「,키가 작은,0,6,18.75,16.875,-1.875
gemma-2-2b,84,freq,val,ja,ko,키가 큰,「키가 큰」の反対は「,키가 작은,0,5,18.75,17.0,-1.75
gemma-2-2b,84,freq,freq,ja,ko,키가 큰,「키가 큰」の反対は「,키가 작은,0,5,18.75,17.0,-1.75
gemma-2-2b,85,desc,desc,ja,ko,결혼한,「결혼한」の反対は「,미혼의,5,5,16.375,16.375,0.0
gemma-2-2b,85,desc,val,ja,ko,결혼한,「결혼한」の反対は「,미혼의,5,15,16.375,15.125,-1.25
gemma-2-2b,85,desc,freq,ja,ko,결혼한,「결혼한」の反対は「,미혼의,5,19,16.375,9.875,-6.5
gemma-2-2b,85,val,desc,ja,ko,결혼한,「결혼한」の反対は「,미혼의,5,466,16.375,11.75,-4.625
gemma-2-2b,85,val,val,ja,ko,결혼한,「결혼한」の反対は「,미혼의,5,602,16.375,11.8125,-4.5625
gemma-2-2b,85,val,freq,ja,ko,결혼한,「결혼한」の反対は「,미혼의,5,228,16.375,9.3125,-7.0625
gemma-2-2b,85,freq,desc,ja,ko,결혼한,「결혼한」の反対は「,미혼의,5,203,16.375,12.1875,-4.1875
gemma-2-2b,85,freq,val,ja,ko,결혼한,「결혼한」の反対は「,미혼의,5,388,16.375,10.75,-5.625
gemma-2-2b,85,freq,freq,ja,ko,결혼한,「결혼한」の反対は「,미혼의,5,262,16.375,11.8125,-4.5625
gemma-2-2b,86,desc,desc,ja,ko,낙관적인,「낙관적인」の反対は「,비관적인,10,10,12.5625,12.5625,0.0
gemma-2-2b,86,desc,val,ja,ko,낙관적인,「낙관적인」の反対は「,비관적인,10,2,12.5625,14.75,2.1875
gemma-2-2b,86,desc,freq,ja,ko,낙관적인,「낙관적인」の反対は「,비관적인,10,2,12.5625,7.84375,-4.71875
gemma-2-2b,86,val,desc,ja,ko,낙관적인,「낙관적인」の反対は「,비관적인,10,235,12.5625,10.0,-2.5625
gemma-2-2b,86,val,val,ja,ko,낙관적인,「낙관적인」の反対は「,비관적인,10,284,12.5625,10.0,-2.5625
gemma-2-2b,86,val,freq,ja,ko,낙관적인,「낙관적인」の反対は「,비관적인,10,26,12.5625,9.875,-2.6875
gemma-2-2b,86,freq,desc,ja,ko,낙관적인,「낙관적인」の反対は「,비관적인,10,123,12.5625,9.8125,-2.75
gemma-2-2b,86,freq,val,ja,ko,낙관적인,「낙관적인」の反対は「,비관적인,10,135,12.5625,9.1875,-3.375
gemma-2-2b,86,freq,freq,ja,ko,낙관적인,「낙관적인」の反対は「,비관적인,10,152,12.5625,9.375,-3.1875
gemma-2-2b,87,desc,desc,ja,ko,영구적인,「영구적인」の反対は「,일시적인,5,5,17.5,17.5,0.0
gemma-2-2b,87,desc,val,ja,ko,영구적인,「영구적인」の反対は「,일시적인,5,6,17.5,18.0,0.5
gemma-2-2b,87,desc,freq,ja,ko,영구적인,「영구적인」の反対は「,일시적인,5,9,17.5,13.75,-3.75
gemma-2-2b,87,val,desc,ja,ko,영구적인,「영구적인」の反対は「,일시적인,5,539,17.5,13.0,-4.5
gemma-2-2b,87,val,val,ja,ko,영구적인,「영구적인」の反対は「,일시적인,5,659,17.5,13.0,-4.5
gemma-2-2b,87,val,freq,ja,ko,영구적인,「영구적인」の反対は「,일시적인,5,50,17.5,13.8125,-3.6875
gemma-2-2b,87,freq,desc,ja,ko,영구적인,「영구적인」の反対は「,일시적인,5,85,17.5,14.75,-2.75
gemma-2-2b,87,freq,val,ja,ko,영구적인,「영구적인」の反対は「,일시적인,5,139,17.5,13.75,-3.75
gemma-2-2b,87,freq,freq,ja,ko,영구적인,「영구적인」の反対は「,일시적인,5,86,17.5,14.5625,-2.9375
gemma-2-2b,88,desc,desc,ja,ko,현재의,「현재의」の反対は「,과거의,10,10,19.5,19.5,0.0
gemma-2-2b,88,desc,val,ja,ko,현재의,「현재의」の反対は「,과거의,10,27,19.5,16.625,-2.875
gemma-2-2b,88,desc,freq,ja,ko,현재의,「현재의」の反対は「,과거의,10,22,19.5,13.4375,-6.0625
gemma-2-2b,88,val,desc,ja,ko,현재의,「현재의」の反対は「,과거의,10,395,19.5,15.8125,-3.6875
gemma-2-2b,88,val,val,ja,ko,현재의,「현재의」の反対は「,과거의,10,690,19.5,15.375,-4.125
gemma-2-2b,88,val,freq,ja,ko,현재의,「현재의」の反対は「,과거의,10,68,19.5,16.125,-3.375
gemma-2-2b,88,freq,desc,ja,ko,현재의,「현재의」の反対は「,과거의,10,75,19.5,17.5,-2.0
gemma-2-2b,88,freq,val,ja,ko,현재의,「현재의」の反対は「,과거의,10,151,19.5,15.9375,-3.5625
gemma-2-2b,88,freq,freq,ja,ko,현재의,「현재의」の反対は「,과거의,10,88,19.5,17.25,-2.25
gemma-2-2b,89,desc,desc,ja,ko,공공의,「공공의」の反対は「,사적인,4,4,17.75,17.75,0.0
gemma-2-2b,89,desc,val,ja,ko,공공의,「공공의」の反対は「,사적인,4,6,17.75,16.625,-1.125
gemma-2-2b,89,desc,freq,ja,ko,공공의,「공공의」の反対は「,사적인,4,7,17.75,11.5625,-6.1875
gemma-2-2b,89,val,desc,ja,ko,공공의,「공공의」の反対は「,사적인,4,64,17.75,16.125,-1.625
gemma-2-2b,89,val,val,ja,ko,공공의,「공공의」の反対は「,사적인,4,73,17.75,16.125,-1.625
gemma-2-2b,89,val,freq,ja,ko,공공의,「공공의」の反対は「,사적인,4,33,17.75,13.3125,-4.4375
gemma-2-2b,89,freq,desc,ja,ko,공공의,「공공의」の反対は「,사적인,4,20,17.75,16.5,-1.25
gemma-2-2b,89,freq,val,ja,ko,공공의,「공공의」の反対は「,사적인,4,30,17.75,15.5625,-2.1875
gemma-2-2b,89,freq,freq,ja,ko,공공의,「공공의」の反対は「,사적인,4,23,17.75,16.25,-1.5
gemma-2-2b,90,desc,desc,ja,ko,실제적인,「실제적인」の反対は「,비현실적인,7,7,18.125,18.125,0.0
gemma-2-2b,90,desc,val,ja,ko,실제적인,「실제적인」の反対は「,비현실적인,7,6,18.125,17.5,-0.625
gemma-2-2b,90,desc,freq,ja,ko,실제적인,「실제적인」の反対は「,비현실적인,7,7,18.125,14.5625,-3.5625
gemma-2-2b,90,val,desc,ja,ko,실제적인,「실제적인」の反対は「,비현실적인,7,285,18.125,14.6875,-3.4375
gemma-2-2b,90,val,val,ja,ko,실제적인,「실제적인」の反対は「,비현실적인,7,290,18.125,14.75,-3.375
gemma-2-2b,90,val,freq,ja,ko,실제적인,「실제적인」の反対は「,비현실적인,7,49,18.125,15.125,-3.0
gemma-2-2b,90,freq,desc,ja,ko,실제적인,「실제적인」の反対は「,비현실적인,7,96,18.125,14.9375,-3.1875
gemma-2-2b,90,freq,val,ja,ko,실제적인,「실제적인」の反対は「,비현실적인,7,144,18.125,14.0625,-4.0625
gemma-2-2b,90,freq,freq,ja,ko,실제적인,「실제적인」の反対は「,비현실적인,7,92,18.125,14.9375,-3.1875
gemma-2-2b,91,desc,desc,ja,ko,책임 있는,「책임 있는」の反対は「,무책임한,5,5,17.0,17.0,0.0
gemma-2-2b,91,desc,val,ja,ko,책임 있는,「책임 있는」の反対は「,무책임한,5,2,17.0,18.125,1.125
gemma-2-2b,91,desc,freq,ja,ko,책임 있는,「책임 있는」の反対は「,무책임한,5,3,17.0,16.5,-0.5
gemma-2-2b,91,val,desc,ja,ko,책임 있는,「책임 있는」の反対は「,무책임한,5,126,17.0,14.5625,-2.4375
gemma-2-2b,91,val,val,ja,ko,책임 있는,「책임 있는」の反対は「,무책임한,5,183,17.0,14.3125,-2.6875
gemma-2-2b,91,val,freq,ja,ko,책임 있는,「책임 있는」の反対は「,무책임한,5,6,17.0,15.9375,-1.0625
gemma-2-2b,91,freq,desc,ja,ko,책임 있는,「책임 있는」の反対は「,무책임한,5,188,17.0,13.0625,-3.9375
gemma-2-2b,91,freq,val,ja,ko,책임 있는,「책임 있는」の反対は「,무책임한,5,216,17.0,12.5,-4.5
gemma-2-2b,91,freq,freq,ja,ko,책임 있는,「책임 있는」の反対は「,무책임한,5,238,17.0,12.75,-4.25
gemma-2-2b,92,desc,desc,ja,ko,독신의,「독신의」の反対は「,결혼한,27,27,17.375,17.375,0.0
gemma-2-2b,92,desc,val,ja,ko,독신의,「독신의」の反対は「,결혼한,27,35,17.375,16.0,-1.375
gemma-2-2b,92,desc,freq,ja,ko,독신의,「독신의」の反対は「,결혼한,27,86,17.375,11.8125,-5.5625
gemma-2-2b,92,val,desc,ja,ko,독신의,「독신의」の反対は「,결혼한,27,2705,17.375,12.1875,-5.1875
gemma-2-2b,92,val,val,ja,ko,독신의,「독신의」の反対は「,결혼한,27,2226,17.375,12.5,-4.875
gemma-2-2b,92,val,freq,ja,ko,독신의,「독신의」の反対は「,결혼한,27,1752,17.375,11.375,-6.0
gemma-2-2b,92,freq,desc,ja,ko,독신의,「독신의」の反対は「,결혼한,27,589,17.375,13.75,-3.625
gemma-2-2b,92,freq,val,ja,ko,독신의,「독신의」の反対は「,결혼한,27,865,17.375,12.5625,-4.8125
gemma-2-2b,92,freq,freq,ja,ko,독신의,「독신의」の反対は「,결혼한,27,569,17.375,13.875,-3.5
gemma-2-2b,93,desc,desc,ja,ko,신,「신」の反対は「,달콤한,5265,5265,7.78125,7.78125,0.0
gemma-2-2b,93,desc,val,ja,ko,신,「신」の反対は「,달콤한,5265,2493,7.78125,7.21875,-0.5625
gemma-2-2b,93,desc,freq,ja,ko,신,「신」の反対は「,달콤한,5265,8086,7.78125,1.640625,-6.140625
gemma-2-2b,93,val,desc,ja,ko,신,「신」の反対は「,달콤한,5265,57312,7.78125,5.0,-2.78125
gemma-2-2b,93,val,val,ja,ko,신,「신」の反対は「,달콤한,5265,72336,7.78125,4.5,-3.28125
gemma-2-2b,93,val,freq,ja,ko,신,「신」の反対は「,달콤한,5265,67001,7.78125,0.5,-7.28125
gemma-2-2b,93,freq,desc,ja,ko,신,「신」の反対は「,달콤한,5265,43790,7.78125,4.34375,-3.4375
gemma-2-2b,93,freq,val,ja,ko,신,「신」の反対は「,달콤한,5265,49607,7.78125,3.15625,-4.625
gemma-2-2b,93,freq,freq,ja,ko,신,「신」の反対は「,달콤한,5265,46755,7.78125,4.15625,-3.625
gemma-2-2b,94,desc,desc,ja,ko,유용한,「유용한」の反対は「,쓸모없는,4,4,18.125,18.125,0.0
gemma-2-2b,94,desc,val,ja,ko,유용한,「유용한」の反対は「,쓸모없는,4,0,18.125,18.625,0.5
gemma-2-2b,94,desc,freq,ja,ko,유용한,「유용한」の反対は「,쓸모없는,4,2,18.125,17.0,-1.125
gemma-2-2b,94,val,desc,ja,ko,유용한,「유용한」の反対は「,쓸모없는,4,40,18.125,16.5,-1.625
gemma-2-2b,94,val,val,ja,ko,유용한,「유용한」の反対は「,쓸모없는,4,39,18.125,16.625,-1.5
gemma-2-2b,94,val,freq,ja,ko,유용한,「유용한」の反対は「,쓸모없는,4,0,18.125,18.125,0.0
gemma-2-2b,94,freq,desc,ja,ko,유용한,「유용한」の反対は「,쓸모없는,4,55,18.125,14.875,-3.25
gemma-2-2b,94,freq,val,ja,ko,유용한,「유용한」の反対は「,쓸모없는,4,96,18.125,13.8125,-4.3125
gemma-2-2b,94,freq,freq,ja,ko,유용한,「유용한」の反対は「,쓸모없는,4,55,18.125,14.875,-3.25
gemma-2-2b,95,desc,desc,ja,ko,수직의,「수직의」の反対は「,수평의,0,0,19.5,19.5,0.0
gemma-2-2b,95,desc,val,ja,ko,수직의,「수직의」の反対は「,수평의,0,1,19.5,20.125,0.625
gemma-2-2b,95,desc,freq,ja,ko,수직의,「수직의」の反対は「,수평의,0,1,19.5,15.5,-4.0
gemma-2-2b,95,val,desc,ja,ko,수직의,「수직의」の反対は「,수평의,0,8,19.5,18.875,-0.625
gemma-2-2b,95,val,val,ja,ko,수직의,「수직의」の反対は「,수평의,0,16,19.5,18.25,-1.25
gemma-2-2b,95,val,freq,ja,ko,수직의,「수직의」の反対は「,수평의,0,0,19.5,18.0,-1.5
gemma-2-2b,95,freq,desc,ja,ko,수직의,「수직의」の反対は「,수평의,0,5,19.5,16.75,-2.75
gemma-2-2b,95,freq,val,ja,ko,수직의,「수직의」の反対は「,수평의,0,11,19.5,16.125,-3.375
gemma-2-2b,95,freq,freq,ja,ko,수직의,「수직의」の反対は「,수평의,0,6,19.5,16.5,-3.0
gemma-2-2b,96,desc,desc,ja,ko,잘,「잘」の反対は「,못,88,110,12.9375,12.5,-0.4375
gemma-2-2b,96,desc,val,ja,ko,잘,「잘」の反対は「,못,88,6,12.9375,15.375,2.4375
gemma-2-2b,96,desc,freq,ja,ko,잘,「잘」の反対は「,못,88,4,12.9375,11.5625,-1.375
gemma-2-2b,96,val,desc,ja,ko,잘,「잘」の反対は「,못,88,252,12.9375,12.4375,-0.5
gemma-2-2b,96,val,val,ja,ko,잘,「잘」の反対は「,못,88,304,12.9375,12.5,-0.4375
gemma-2-2b,96,val,freq,ja,ko,잘,「잘」の反対は「,못,88,41,12.9375,11.125,-1.8125
gemma-2-2b,96,freq,desc,ja,ko,잘,「잘」の反対は「,못,88,443,12.9375,10.4375,-2.5
gemma-2-2b,96,freq,val,ja,ko,잘,「잘」の反対は「,못,88,487,12.9375,9.9375,-3.0
gemma-2-2b,96,freq,freq,ja,ko,잘,「잘」の反対は「,못,88,511,12.9375,10.25,-2.6875
gemma-2-2b,97,desc,desc,ja,ko,승리하는,「승리하는」の反対は「,패배하는,1,1,16.5,16.5,0.0
gemma-2-2b,97,desc,val,ja,ko,승리하는,「승리하는」の反対は「,패배하는,1,1,16.5,15.8125,-0.6875
gemma-2-2b,97,desc,freq,ja,ko,승리하는,「승리하는」の反対は「,패배하는,1,1,16.5,13.0,-3.5
gemma-2-2b,97,val,desc,ja,ko,승리하는,「승리하는」の反対は「,패배하는,1,86,16.5,13.1875,-3.3125
gemma-2-2b,97,val,val,ja,ko,승리하는,「승리하는」の反対は「,패배하는,1,80,16.5,13.625,-2.875
gemma-2-2b,97,val,freq,ja,ko,승리하는,「승리하는」の反対は「,패배하는,1,2,16.5,15.125,-1.375
gemma-2-2b,97,freq,desc,ja,ko,승리하는,「승리하는」の反対は「,패배하는,1,106,16.5,11.4375,-5.0625
gemma-2-2b,97,freq,val,ja,ko,승리하는,「승리하는」の反対は「,패배하는,1,94,16.5,10.875,-5.625
gemma-2-2b,97,freq,freq,ja,ko,승리하는,「승리하는」の反対は「,패배하는,1,85,16.5,11.625,-4.875
gemma-2-2b,98,desc,desc,ja,ko,불친절한,「불친절한」の反対は「,친절한,0,0,20.25,20.25,0.0
gemma-2-2b,98,desc,val,ja,ko,불친절한,「불친절한」の反対は「,친절한,0,0,20.25,20.75,0.5
gemma-2-2b,98,desc,freq,ja,ko,불친절한,「불친절한」の反対は「,친절한,0,0,20.25,17.75,-2.5
gemma-2-2b,98,val,desc,ja,ko,불친절한,「불친절한」の反対は「,친절한,0,25,20.25,17.75,-2.5
gemma-2-2b,98,val,val,ja,ko,불친절한,「불친절한」の反対は「,친절한,0,24,20.25,17.875,-2.375
gemma-2-2b,98,val,freq,ja,ko,불친절한,「불친절한」の反対は「,친절한,0,2,20.25,18.25,-2.0
gemma-2-2b,98,freq,desc,ja,ko,불친절한,「불친절한」の反対は「,친절한,0,21,20.25,16.875,-3.375
gemma-2-2b,98,freq,val,ja,ko,불친절한,「불친절한」の反対は「,친절한,0,19,20.25,16.75,-3.5
gemma-2-2b,98,freq,freq,ja,ko,불친절한,「불친절한」の反対は「,친절한,0,21,20.25,16.75,-3.5
gemma-2-2b,99,desc,desc,ja,ko,겁많은,「겁많은」の反対は「,용감한,2279,2279,9.875,9.875,0.0
gemma-2-2b,99,desc,val,ja,ko,겁많은,「겁많은」の反対は「,용감한,2279,185,9.875,12.4375,2.5625
gemma-2-2b,99,desc,freq,ja,ko,겁많은,「겁많은」の反対は「,용감한,2279,45,9.875,11.75,1.875
gemma-2-2b,99,val,desc,ja,ko,겁많은,「겁많은」の反対は「,용감한,2279,10017,9.875,8.1875,-1.6875
gemma-2-2b,99,val,val,ja,ko,겁많은,「겁많은」の反対は「,용감한,2279,12700,9.875,7.75,-2.125
gemma-2-2b,99,val,freq,ja,ko,겁많은,「겁많은」の反対は「,용감한,2279,623,9.875,10.375,0.5
gemma-2-2b,99,freq,desc,ja,ko,겁많은,「겁많은」の反対は「,용감한,2279,7279,9.875,8.0,-1.875
gemma-2-2b,99,freq,val,ja,ko,겁많은,「겁많은」の反対は「,용감한,2279,9669,9.875,6.40625,-3.46875
gemma-2-2b,99,freq,freq,ja,ko,겁많은,「겁많은」の反対は「,용감한,2279,7882,9.875,7.78125,-2.09375
gemma-2-2b,0,desc,desc,ja,zh,好,「好」の反対は「,坏,16,25,12.125,12.8125,0.6875
gemma-2-2b,0,desc,val,ja,zh,好,「好」の反対は「,坏,16,11,12.125,15.25,3.125
gemma-2-2b,0,desc,freq,ja,zh,好,「好」の反対は「,坏,16,6,12.125,14.3125,2.1875
gemma-2-2b,0,val,desc,ja,zh,好,「好」の反対は「,坏,16,52,12.125,15.25,3.125
gemma-2-2b,0,val,val,ja,zh,好,「好」の反対は「,坏,16,117,12.125,13.4375,1.3125
gemma-2-2b,0,val,freq,ja,zh,好,「好」の反対は「,坏,16,47,12.125,13.0625,0.9375
gemma-2-2b,0,freq,desc,ja,zh,好,「好」の反対は「,坏,16,28,12.125,12.9375,0.8125
gemma-2-2b,0,freq,val,ja,zh,好,「好」の反対は「,坏,16,48,12.125,12.8125,0.6875
gemma-2-2b,0,freq,freq,ja,zh,好,「好」の反対は「,坏,16,19,12.125,12.75,0.625
gemma-2-2b,1,desc,desc,ja,zh,开心,「开心」の反対は「,不高兴,2,3,15.375,16.0,0.625
gemma-2-2b,1,desc,val,ja,zh,开心,「开心」の反対は「,不高兴,2,0,15.375,19.125,3.75
gemma-2-2b,1,desc,freq,ja,zh,开心,「开心」の反対は「,不高兴,2,0,15.375,16.75,1.375
gemma-2-2b,1,val,desc,ja,zh,开心,「开心」の反対は「,不高兴,2,1,15.375,21.125,5.75
gemma-2-2b,1,val,val,ja,zh,开心,「开心」の反対は「,不高兴,2,0,15.375,20.0,4.625
gemma-2-2b,1,val,freq,ja,zh,开心,「开心」の反対は「,不高兴,2,1,15.375,19.875,4.5
gemma-2-2b,1,freq,desc,ja,zh,开心,「开心」の反対は「,不高兴,2,1,15.375,16.125,0.75
gemma-2-2b,1,freq,val,ja,zh,开心,「开心」の反対は「,不高兴,2,0,15.375,17.75,2.375
gemma-2-2b,1,freq,freq,ja,zh,开心,「开心」の反対は「,不高兴,2,2,15.375,15.5625,0.1875
gemma-2-2b,2,desc,desc,ja,zh,大,「大」の反対は「,小,0,0,19.375,21.0,1.625
gemma-2-2b,2,desc,val,ja,zh,大,「大」の反対は「,小,0,0,19.375,22.0,2.625
gemma-2-2b,2,desc,freq,ja,zh,大,「大」の反対は「,小,0,0,19.375,20.0,0.625
gemma-2-2b,2,val,desc,ja,zh,大,「大」の反対は「,小,0,0,19.375,24.75,5.375
gemma-2-2b,2,val,val,ja,zh,大,「大」の反対は「,小,0,0,19.375,23.5,4.125
gemma-2-2b,2,val,freq,ja,zh,大,「大」の反対は「,小,0,0,19.375,22.75,3.375
gemma-2-2b,2,freq,desc,ja,zh,大,「大」の反対は「,小,0,0,19.375,20.125,0.75
gemma-2-2b,2,freq,val,ja,zh,大,「大」の反対は「,小,0,0,19.375,20.75,1.375
gemma-2-2b,2,freq,freq,ja,zh,大,「大」の反対は「,小,0,0,19.375,19.25,-0.125
gemma-2-2b,3,desc,desc,ja,zh,热,「热」の反対は「,冷,0,0,17.25,19.25,2.0
gemma-2-2b,3,desc,val,ja,zh,热,「热」の反対は「,冷,0,0,17.25,21.25,4.0
gemma-2-2b,3,desc,freq,ja,zh,热,「热」の反対は「,冷,0,0,17.25,19.125,1.875
gemma-2-2b,3,val,desc,ja,zh,热,「热」の反対は「,冷,0,0,17.25,23.125,5.875
gemma-2-2b,3,val,val,ja,zh,热,「热」の反対は「,冷,0,0,17.25,21.875,4.625
gemma-2-2b,3,val,freq,ja,zh,热,「热」の反対は「,冷,0,0,17.25,20.5,3.25
gemma-2-2b,3,freq,desc,ja,zh,热,「热」の反対は「,冷,0,0,17.25,18.125,0.875
gemma-2-2b,3,freq,val,ja,zh,热,「热」の反対は「,冷,0,0,17.25,18.875,1.625
gemma-2-2b,3,freq,freq,ja,zh,热,「热」の反対は「,冷,0,0,17.25,17.75,0.5
gemma-2-2b,4,desc,desc,ja,zh,快,「快」の反対は「,慢,2,3,17.875,18.375,0.5
gemma-2-2b,4,desc,val,ja,zh,快,「快」の反対は「,慢,2,0,17.875,20.0,2.125
gemma-2-2b,4,desc,freq,ja,zh,快,「快」の反対は「,慢,2,0,17.875,19.75,1.875
gemma-2-2b,4,val,desc,ja,zh,快,「快」の反対は「,慢,2,2,17.875,22.0,4.125
gemma-2-2b,4,val,val,ja,zh,快,「快」の反対は「,慢,2,6,17.875,20.875,3.0
gemma-2-2b,4,val,freq,ja,zh,快,「快」の反対は「,慢,2,2,17.875,22.0,4.125
gemma-2-2b,4,freq,desc,ja,zh,快,「快」の反対は「,慢,2,2,17.875,18.0,0.125
gemma-2-2b,4,freq,val,ja,zh,快,「快」の反対は「,慢,2,3,17.875,18.875,1.0
gemma-2-2b,4,freq,freq,ja,zh,快,「快」の反対は「,慢,2,2,17.875,17.875,0.0
gemma-2-2b,5,desc,desc,ja,zh,轻,「轻」の反対は「,重,0,0,19.125,21.75,2.625
gemma-2-2b,5,desc,val,ja,zh,轻,「轻」の反対は「,重,0,0,19.125,23.625,4.5
gemma-2-2b,5,desc,freq,ja,zh,轻,「轻」の反対は「,重,0,0,19.125,19.75,0.625
gemma-2-2b,5,val,desc,ja,zh,轻,「轻」の反対は「,重,0,0,19.125,25.75,6.625
gemma-2-2b,5,val,val,ja,zh,轻,「轻」の反対は「,重,0,0,19.125,25.25,6.125
gemma-2-2b,5,val,freq,ja,zh,轻,「轻」の反対は「,重,0,0,19.125,22.875,3.75
gemma-2-2b,5,freq,desc,ja,zh,轻,「轻」の反対は「,重,0,0,19.125,21.0,1.875
gemma-2-2b,5,freq,val,ja,zh,轻,「轻」の反対は「,重,0,0,19.125,22.375,3.25
gemma-2-2b,5,freq,freq,ja,zh,轻,「轻」の反対は「,重,0,0,19.125,20.125,1.0
gemma-2-2b,6,desc,desc,ja,zh,容易,「容易」の反対は「,难,7,25,15.0,14.5,-0.5
gemma-2-2b,6,desc,val,ja,zh,容易,「容易」の反対は「,难,7,9,15.0,18.375,3.375
gemma-2-2b,6,desc,freq,ja,zh,容易,「容易」の反対は「,难,7,4,15.0,16.25,1.25
gemma-2-2b,6,val,desc,ja,zh,容易,「容易」の反対は「,难,7,21,15.0,19.625,4.625
gemma-2-2b,6,val,val,ja,zh,容易,「容易」の反対は「,难,7,35,15.0,18.25,3.25
gemma-2-2b,6,val,freq,ja,zh,容易,「容易」の反対は「,难,7,14,15.0,18.125,3.125
gemma-2-2b,6,freq,desc,ja,zh,容易,「容易」の反対は「,难,7,14,15.0,15.25,0.25
gemma-2-2b,6,freq,val,ja,zh,容易,「容易」の反対は「,难,7,10,15.0,16.875,1.875
gemma-2-2b,6,freq,freq,ja,zh,容易,「容易」の反対は「,难,7,13,15.0,14.9375,-0.0625
gemma-2-2b,7,desc,desc,ja,zh,新,「新」の反対は「,旧,1,1,17.5,17.875,0.375
gemma-2-2b,7,desc,val,ja,zh,新,「新」の反対は「,旧,1,1,17.5,19.625,2.125
gemma-2-2b,7,desc,freq,ja,zh,新,「新」の反対は「,旧,1,0,17.5,18.25,0.75
gemma-2-2b,7,val,desc,ja,zh,新,「新」の反対は「,旧,1,1,17.5,21.0,3.5
gemma-2-2b,7,val,val,ja,zh,新,「新」の反対は「,旧,1,1,17.5,21.0,3.5
gemma-2-2b,7,val,freq,ja,zh,新,「新」の反対は「,旧,1,0,17.5,19.875,2.375
gemma-2-2b,7,freq,desc,ja,zh,新,「新」の反対は「,旧,1,1,17.5,17.75,0.25
gemma-2-2b,7,freq,val,ja,zh,新,「新」の反対は「,旧,1,1,17.5,18.625,1.125
gemma-2-2b,7,freq,freq,ja,zh,新,「新」の反対は「,旧,1,1,17.5,17.375,-0.125
gemma-2-2b,8,desc,desc,ja,zh,真,「真」の反対は「,假,1,1,16.25,17.25,1.0
gemma-2-2b,8,desc,val,ja,zh,真,「真」の反対は「,假,1,0,16.25,19.125,2.875
gemma-2-2b,8,desc,freq,ja,zh,真,「真」の反対は「,假,1,0,16.25,18.75,2.5
gemma-2-2b,8,val,desc,ja,zh,真,「真」の反対は「,假,1,1,16.25,20.875,4.625
gemma-2-2b,8,val,val,ja,zh,真,「真」の反対は「,假,1,4,16.25,19.25,3.0
gemma-2-2b,8,val,freq,ja,zh,真,「真」の反対は「,假,1,0,16.25,21.375,5.125
gemma-2-2b,8,freq,desc,ja,zh,真,「真」の反対は「,假,1,1,16.25,16.5,0.25
gemma-2-2b,8,freq,val,ja,zh,真,「真」の反対は「,假,1,1,16.25,16.625,0.375
gemma-2-2b,8,freq,freq,ja,zh,真,「真」の反対は「,假,1,1,16.25,16.125,-0.125
gemma-2-2b,9,desc,desc,ja,zh,活,「活」の反対は「,死,0,0,19.5,21.25,1.75
gemma-2-2b,9,desc,val,ja,zh,活,「活」の反対は「,死,0,0,19.5,22.0,2.5
gemma-2-2b,9,desc,freq,ja,zh,活,「活」の反対は「,死,0,0,19.5,19.125,-0.375
gemma-2-2b,9,val,desc,ja,zh,活,「活」の反対は「,死,0,0,19.5,24.375,4.875
gemma-2-2b,9,val,val,ja,zh,活,「活」の反対は「,死,0,0,19.5,23.875,4.375
gemma-2-2b,9,val,freq,ja,zh,活,「活」の反対は「,死,0,0,19.5,21.25,1.75
gemma-2-2b,9,freq,desc,ja,zh,活,「活」の反対は「,死,0,0,19.5,19.875,0.375
gemma-2-2b,9,freq,val,ja,zh,活,「活」の反対は「,死,0,0,19.5,21.0,1.5
gemma-2-2b,9,freq,freq,ja,zh,活,「活」の反対は「,死,0,0,19.5,19.75,0.25
gemma-2-2b,10,desc,desc,ja,zh,满,「满」の反対は「,空,0,0,17.5,18.875,1.375
gemma-2-2b,10,desc,val,ja,zh,满,「满」の反対は「,空,0,0,17.5,20.875,3.375
gemma-2-2b,10,desc,freq,ja,zh,满,「满」の反対は「,空,0,0,17.5,18.375,0.875
gemma-2-2b,10,val,desc,ja,zh,满,「满」の反対は「,空,0,0,17.5,23.0,5.5
gemma-2-2b,10,val,val,ja,zh,满,「满」の反対は「,空,0,0,17.5,22.25,4.75
gemma-2-2b,10,val,freq,ja,zh,满,「满」の反対は「,空,0,0,17.5,21.25,3.75
gemma-2-2b,10,freq,desc,ja,zh,满,「满」の反対は「,空,0,0,17.5,18.625,1.125
gemma-2-2b,10,freq,val,ja,zh,满,「满」の反対は「,空,0,0,17.5,19.75,2.25
gemma-2-2b,10,freq,freq,ja,zh,满,「满」の反対は「,空,0,0,17.5,18.25,0.75
gemma-2-2b,11,desc,desc,ja,zh,亮,「亮」の反対は「,暗,0,0,18.25,19.75,1.5
gemma-2-2b,11,desc,val,ja,zh,亮,「亮」の反対は「,暗,0,0,18.25,21.0,2.75
gemma-2-2b,11,desc,freq,ja,zh,亮,「亮」の反対は「,暗,0,0,18.25,17.75,-0.5
gemma-2-2b,11,val,desc,ja,zh,亮,「亮」の反対は「,暗,0,1,18.25,23.125,4.875
gemma-2-2b,11,val,val,ja,zh,亮,「亮」の反対は「,暗,0,0,18.25,22.625,4.375
gemma-2-2b,11,val,freq,ja,zh,亮,「亮」の反対は「,暗,0,1,18.25,19.125,0.875
gemma-2-2b,11,freq,desc,ja,zh,亮,「亮」の反対は「,暗,0,0,18.25,19.25,1.0
gemma-2-2b,11,freq,val,ja,zh,亮,「亮」の反対は「,暗,0,0,18.25,20.125,1.875
gemma-2-2b,11,freq,freq,ja,zh,亮,「亮」の反対は「,暗,0,0,18.25,18.875,0.625
gemma-2-2b,12,desc,desc,ja,zh,强,「强」の反対は「,弱,0,0,20.125,21.5,1.375
gemma-2-2b,12,desc,val,ja,zh,强,「强」の反対は「,弱,0,1,20.125,23.125,3.0
gemma-2-2b,12,desc,freq,ja,zh,强,「强」の反対は「,弱,0,0,20.125,19.375,-0.75
gemma-2-2b,12,val,desc,ja,zh,强,「强」の反対は「,弱,0,2,20.125,25.5,5.375
gemma-2-2b,12,val,val,ja,zh,强,「强」の反対は「,弱,0,0,20.125,24.75,4.625
gemma-2-2b,12,val,freq,ja,zh,强,「强」の反対は「,弱,0,1,20.125,21.75,1.625
gemma-2-2b,12,freq,desc,ja,zh,强,「强」の反対は「,弱,0,0,20.125,20.75,0.625
gemma-2-2b,12,freq,val,ja,zh,强,「强」の反対は「,弱,0,0,20.125,21.75,1.625
gemma-2-2b,12,freq,freq,ja,zh,强,「强」の反対は「,弱,0,0,20.125,20.25,0.125
gemma-2-2b,13,desc,desc,ja,zh,干净,「干净」の反対は「,脏,159,326,10.0,10.5625,0.5625
gemma-2-2b,13,desc,val,ja,zh,干净,「干净」の反対は「,脏,159,89,10.0,14.125,4.125
gemma-2-2b,13,desc,freq,ja,zh,干净,「干净」の反対は「,脏,159,6,10.0,17.0,7.0
gemma-2-2b,13,val,desc,ja,zh,干净,「干净」の反対は「,脏,159,209,10.0,14.75,4.75
gemma-2-2b,13,val,val,ja,zh,干净,「干净」の反対は「,脏,159,768,10.0,11.25,1.25
gemma-2-2b,13,val,freq,ja,zh,干净,「干净」の反対は「,脏,159,13,10.0,19.5,9.5
gemma-2-2b,13,freq,desc,ja,zh,干净,「干净」の反対は「,脏,159,355,10.0,10.0625,0.0625
gemma-2-2b,13,freq,val,ja,zh,干净,「干净」の反対は「,脏,159,398,10.0,10.6875,0.6875
gemma-2-2b,13,freq,freq,ja,zh,干净,「干净」の反対は「,脏,159,276,10.0,10.0,0.0
gemma-2-2b,14,desc,desc,ja,zh,开,「开」の反対は「,关,82,223,10.25,9.5625,-0.6875
gemma-2-2b,14,desc,val,ja,zh,开,「开」の反対は「,关,82,69,10.25,12.875,2.625
gemma-2-2b,14,desc,freq,ja,zh,开,「开」の反対は「,关,82,3,10.25,12.9375,2.6875
gemma-2-2b,14,val,desc,ja,zh,开,「开」の反対は「,关,82,357,10.25,13.0,2.75
gemma-2-2b,14,val,val,ja,zh,开,「开」の反対は「,关,82,1319,10.25,9.8125,-0.4375
gemma-2-2b,14,val,freq,ja,zh,开,「开」の反対は「,关,82,19,10.25,13.3125,3.0625
gemma-2-2b,14,freq,desc,ja,zh,开,「开」の反対は「,关,82,203,10.25,9.5625,-0.6875
gemma-2-2b,14,freq,val,ja,zh,开,「开」の反対は「,关,82,247,10.25,10.375,0.125
gemma-2-2b,14,freq,freq,ja,zh,开,「开」の反対は「,关,82,97,10.25,10.3125,0.0625
gemma-2-2b,15,desc,desc,ja,zh,富裕,「富裕」の反対は「,贫穷,11,14,13.8125,14.5,0.6875
gemma-2-2b,15,desc,val,ja,zh,富裕,「富裕」の反対は「,贫穷,11,4,13.8125,18.25,4.4375
gemma-2-2b,15,desc,freq,ja,zh,富裕,「富裕」の反対は「,贫穷,11,3,13.8125,17.875,4.0625
gemma-2-2b,15,val,desc,ja,zh,富裕,「富裕」の反対は「,贫穷,11,67,13.8125,16.0,2.1875
gemma-2-2b,15,val,val,ja,zh,富裕,「富裕」の反対は「,贫穷,11,40,13.8125,16.75,2.9375
gemma-2-2b,15,val,freq,ja,zh,富裕,「富裕」の反対は「,贫穷,11,17,13.8125,17.375,3.5625
gemma-2-2b,15,freq,desc,ja,zh,富裕,「富裕」の反対は「,贫穷,11,17,13.8125,14.0625,0.25
gemma-2-2b,15,freq,val,ja,zh,富裕,「富裕」の反対は「,贫穷,11,16,13.8125,15.8125,2.0
gemma-2-2b,15,freq,freq,ja,zh,富裕,「富裕」の反対は「,贫穷,11,12,13.8125,13.8125,0.0
gemma-2-2b,16,desc,desc,ja,zh,美,「美」の反対は「,丑,1,4,17.125,17.75,0.625
gemma-2-2b,16,desc,val,ja,zh,美,「美」の反対は「,丑,1,5,17.125,20.25,3.125
gemma-2-2b,16,desc,freq,ja,zh,美,「美」の反対は「,丑,1,3,17.125,20.75,3.625
gemma-2-2b,16,val,desc,ja,zh,美,「美」の反対は「,丑,1,7,17.125,22.625,5.5
gemma-2-2b,16,val,val,ja,zh,美,「美」の反対は「,丑,1,7,17.125,20.875,3.75
gemma-2-2b,16,val,freq,ja,zh,美,「美」の反対は「,丑,1,9,17.125,22.0,4.875
gemma-2-2b,16,freq,desc,ja,zh,美,「美」の反対は「,丑,1,1,17.125,17.375,0.25
gemma-2-2b,16,freq,val,ja,zh,美,「美」の反対は「,丑,1,6,17.125,17.75,0.625
gemma-2-2b,16,freq,freq,ja,zh,美,「美」の反対は「,丑,1,1,17.125,17.125,0.0
gemma-2-2b,17,desc,desc,ja,zh,长,「长」の反対は「,短,0,0,19.5,21.25,1.75
gemma-2-2b,17,desc,val,ja,zh,长,「长」の反対は「,短,0,0,19.5,22.125,2.625
gemma-2-2b,17,desc,freq,ja,zh,长,「长」の反対は「,短,0,0,19.5,18.875,-0.625
gemma-2-2b,17,val,desc,ja,zh,长,「长」の反対は「,短,0,0,19.5,24.75,5.25
gemma-2-2b,17,val,val,ja,zh,长,「长」の反対は「,短,0,0,19.5,24.0,4.5
gemma-2-2b,17,val,freq,ja,zh,长,「长」の反対は「,短,0,0,19.5,21.0,1.5
gemma-2-2b,17,freq,desc,ja,zh,长,「长」の反対は「,短,0,0,19.5,20.25,0.75
gemma-2-2b,17,freq,val,ja,zh,长,「长」の反対は「,短,0,0,19.5,21.125,1.625
gemma-2-2b,17,freq,freq,ja,zh,长,「长」の反対は「,短,0,0,19.5,19.75,0.25
gemma-2-2b,18,desc,desc,ja,zh,宽,「宽」の反対は「,窄,1,1,18.875,20.25,1.375
gemma-2-2b,18,desc,val,ja,zh,宽,「宽」の反対は「,窄,1,1,18.875,21.625,2.75
gemma-2-2b,18,desc,freq,ja,zh,宽,「宽」の反対は「,窄,1,1,18.875,18.0,-0.875
gemma-2-2b,18,val,desc,ja,zh,宽,「宽」の反対は「,窄,1,3,18.875,24.0,5.125
gemma-2-2b,18,val,val,ja,zh,宽,「宽」の反対は「,窄,1,6,18.875,23.5,4.625
gemma-2-2b,18,val,freq,ja,zh,宽,「宽」の反対は「,窄,1,4,18.875,20.25,1.375
gemma-2-2b,18,freq,desc,ja,zh,宽,「宽」の反対は「,窄,1,1,18.875,19.75,0.875
gemma-2-2b,18,freq,val,ja,zh,宽,「宽」の反対は「,窄,1,2,18.875,20.125,1.25
gemma-2-2b,18,freq,freq,ja,zh,宽,「宽」の反対は「,窄,1,1,18.875,19.75,0.875
gemma-2-2b,19,desc,desc,ja,zh,硬,「硬」の反対は「,软,48,66,10.75,11.8125,1.0625
gemma-2-2b,19,desc,val,ja,zh,硬,「硬」の反対は「,软,48,49,10.75,13.4375,2.6875
gemma-2-2b,19,desc,freq,ja,zh,硬,「硬」の反対は「,软,48,3,10.75,15.5625,4.8125
gemma-2-2b,19,val,desc,ja,zh,硬,「硬」の反対は「,软,48,135,10.75,13.0625,2.3125
gemma-2-2b,19,val,val,ja,zh,硬,「硬」の反対は「,软,48,218,10.75,11.75,1.0
gemma-2-2b,19,val,freq,ja,zh,硬,「硬」の反対は「,软,48,10,10.75,15.5,4.75
gemma-2-2b,19,freq,desc,ja,zh,硬,「硬」の反対は「,软,48,69,10.75,11.3125,0.5625
gemma-2-2b,19,freq,val,ja,zh,硬,「硬」の反対は「,软,48,104,10.75,10.9375,0.1875
gemma-2-2b,19,freq,freq,ja,zh,硬,「硬」の反対は「,软,48,52,10.75,11.0,0.25
gemma-2-2b,20,desc,desc,ja,zh,干,「干」の反対は「,湿,0,4,16.75,18.125,1.375
gemma-2-2b,20,desc,val,ja,zh,干,「干」の反対は「,湿,0,4,16.75,19.75,3.0
gemma-2-2b,20,desc,freq,ja,zh,干,「干」の反対は「,湿,0,5,16.75,15.9375,-0.8125
gemma-2-2b,20,val,desc,ja,zh,干,「干」の反対は「,湿,0,7,16.75,20.25,3.5
gemma-2-2b,20,val,val,ja,zh,干,「干」の反対は「,湿,0,5,16.75,20.5,3.75
gemma-2-2b,20,val,freq,ja,zh,干,「干」の反対は「,湿,0,13,16.75,15.5,-1.25
gemma-2-2b,20,freq,desc,ja,zh,干,「干」の反対は「,湿,0,0,16.75,17.25,0.5
gemma-2-2b,20,freq,val,ja,zh,干,「干」の反対は「,湿,0,0,16.75,17.625,0.875
gemma-2-2b,20,freq,freq,ja,zh,干,「干」の反対は「,湿,0,0,16.75,17.0,0.25
gemma-2-2b,21,desc,desc,ja,zh,大声,「大声」の反対は「,小声,1,1,17.0,17.75,0.75
gemma-2-2b,21,desc,val,ja,zh,大声,「大声」の反対は「,小声,1,1,17.0,18.875,1.875
gemma-2-2b,21,desc,freq,ja,zh,大声,「大声」の反対は「,小声,1,3,17.0,16.5,-0.5
gemma-2-2b,21,val,desc,ja,zh,大声,「大声」の反対は「,小声,1,7,17.0,19.25,2.25
gemma-2-2b,21,val,val,ja,zh,大声,「大声」の反対は「,小声,1,7,17.0,19.25,2.25
gemma-2-2b,21,val,freq,ja,zh,大声,「大声」の反対は「,小声,1,33,17.0,17.0,0.0
gemma-2-2b,21,freq,desc,ja,zh,大声,「大声」の反対は「,小声,1,1,17.0,17.375,0.375
gemma-2-2b,21,freq,val,ja,zh,大声,「大声」の反対は「,小声,1,1,17.0,17.625,0.625
gemma-2-2b,21,freq,freq,ja,zh,大声,「大声」の反対は「,小声,1,1,17.0,17.25,0.25
gemma-2-2b,22,desc,desc,ja,zh,早,「早」の反対は「,晚,6,10,14.6875,16.125,1.4375
gemma-2-2b,22,desc,val,ja,zh,早,「早」の反対は「,晚,6,4,14.6875,17.875,3.1875
gemma-2-2b,22,desc,freq,ja,zh,早,「早」の反対は「,晚,6,0,14.6875,18.5,3.8125
gemma-2-2b,22,val,desc,ja,zh,早,「早」の反対は「,晚,6,10,14.6875,19.625,4.9375
gemma-2-2b,22,val,val,ja,zh,早,「早」の反対は「,晚,6,20,14.6875,18.125,3.4375
gemma-2-2b,22,val,freq,ja,zh,早,「早」の反対は「,晚,6,1,14.6875,21.0,6.3125
gemma-2-2b,22,freq,desc,ja,zh,早,「早」の反対は「,晚,6,9,14.6875,15.375,0.6875
gemma-2-2b,22,freq,val,ja,zh,早,「早」の反対は「,晚,6,8,14.6875,15.8125,1.125
gemma-2-2b,22,freq,freq,ja,zh,早,「早」の反対は「,晚,6,6,14.6875,14.9375,0.25
gemma-2-2b,23,desc,desc,ja,zh,近,「近」の反対は「,远,5,7,17.125,17.5,0.375
gemma-2-2b,23,desc,val,ja,zh,近,「近」の反対は「,远,5,5,17.125,20.25,3.125
gemma-2-2b,23,desc,freq,ja,zh,近,「近」の反対は「,远,5,2,17.125,18.875,1.75
gemma-2-2b,23,val,desc,ja,zh,近,「近」の反対は「,远,5,9,17.125,22.0,4.875
gemma-2-2b,23,val,val,ja,zh,近,「近」の反対は「,远,5,7,17.125,21.375,4.25
gemma-2-2b,23,val,freq,ja,zh,近,「近」の反対は「,远,5,4,17.125,21.375,4.25
gemma-2-2b,23,freq,desc,ja,zh,近,「近」の反対は「,远,5,6,17.125,17.5,0.375
gemma-2-2b,23,freq,val,ja,zh,近,「近」の反対は「,远,5,6,17.125,19.25,2.125
gemma-2-2b,23,freq,freq,ja,zh,近,「近」の反対は「,远,5,7,17.125,17.125,0.0
gemma-2-2b,24,desc,desc,ja,zh,深,「深」の反対は「,浅,0,0,20.25,21.5,1.25
gemma-2-2b,24,desc,val,ja,zh,深,「深」の反対は「,浅,0,0,20.25,22.75,2.5
gemma-2-2b,24,desc,freq,ja,zh,深,「深」の反対は「,浅,0,0,20.25,20.375,0.125
gemma-2-2b,24,val,desc,ja,zh,深,「深」の反対は「,浅,0,0,20.25,24.75,4.5
gemma-2-2b,24,val,val,ja,zh,深,「深」の反対は「,浅,0,0,20.25,25.0,4.75
gemma-2-2b,24,val,freq,ja,zh,深,「深」の反対は「,浅,0,1,20.25,21.0,0.75
gemma-2-2b,24,freq,desc,ja,zh,深,「深」の反対は「,浅,0,0,20.25,21.0,0.75
gemma-2-2b,24,freq,val,ja,zh,深,「深」の反対は「,浅,0,0,20.25,21.625,1.375
gemma-2-2b,24,freq,freq,ja,zh,深,「深」の反対は「,浅,0,0,20.25,20.375,0.125
gemma-2-2b,25,desc,desc,ja,zh,坏,「坏」の反対は「,好,2,2,17.0,18.25,1.25
gemma-2-2b,25,desc,val,ja,zh,坏,「坏」の反対は「,好,2,0,17.0,20.625,3.625
gemma-2-2b,25,desc,freq,ja,zh,坏,「坏」の反対は「,好,2,1,17.0,16.875,-0.125
gemma-2-2b,25,val,desc,ja,zh,坏,「坏」の反対は「,好,2,3,17.0,22.25,5.25
gemma-2-2b,25,val,val,ja,zh,坏,「坏」の反対は「,好,2,7,17.0,20.875,3.875
gemma-2-2b,25,val,freq,ja,zh,坏,「坏」の反対は「,好,2,7,17.0,17.5,0.5
gemma-2-2b,25,freq,desc,ja,zh,坏,「坏」の反対は「,好,2,2,17.0,17.875,0.875
gemma-2-2b,25,freq,val,ja,zh,坏,「坏」の反対は「,好,2,4,17.0,18.25,1.25
gemma-2-2b,25,freq,freq,ja,zh,坏,「坏」の反対は「,好,2,4,17.0,17.0,0.0
gemma-2-2b,26,desc,desc,ja,zh,难过,「难过」の反対は「,开心,41,64,13.4375,14.125,0.6875
gemma-2-2b,26,desc,val,ja,zh,难过,「难过」の反対は「,开心,41,26,13.4375,16.75,3.3125
gemma-2-2b,26,desc,freq,ja,zh,难过,「难过」の反対は「,开心,41,0,13.4375,18.75,5.3125
gemma-2-2b,26,val,desc,ja,zh,难过,「难过」の反対は「,开心,41,325,13.4375,15.375,1.9375
gemma-2-2b,26,val,val,ja,zh,难过,「难过」の反対は「,开心,41,543,13.4375,13.4375,0.0
gemma-2-2b,26,val,freq,ja,zh,难过,「难过」の反対は「,开心,41,35,13.4375,17.75,4.3125
gemma-2-2b,26,freq,desc,ja,zh,难过,「难过」の反対は「,开心,41,121,13.4375,13.4375,0.0
gemma-2-2b,26,freq,val,ja,zh,难过,「难过」の反対は「,开心,41,185,13.4375,13.3125,-0.125
gemma-2-2b,26,freq,freq,ja,zh,难过,「难过」の反対は「,开心,41,79,13.4375,13.1875,-0.25
gemma-2-2b,27,desc,desc,ja,zh,小,「小」の反対は「,大,0,0,19.75,21.375,1.625
gemma-2-2b,27,desc,val,ja,zh,小,「小」の反対は「,大,0,0,19.75,23.25,3.5
gemma-2-2b,27,desc,freq,ja,zh,小,「小」の反対は「,大,0,0,19.75,19.125,-0.625
gemma-2-2b,27,val,desc,ja,zh,小,「小」の反対は「,大,0,0,19.75,25.25,5.5
gemma-2-2b,27,val,val,ja,zh,小,「小」の反対は「,大,0,0,19.75,24.0,4.25
gemma-2-2b,27,val,freq,ja,zh,小,「小」の反対は「,大,0,0,19.75,21.875,2.125
gemma-2-2b,27,freq,desc,ja,zh,小,「小」の反対は「,大,0,0,19.75,20.25,0.5
gemma-2-2b,27,freq,val,ja,zh,小,「小」の反対は「,大,0,0,19.75,21.25,1.5
gemma-2-2b,27,freq,freq,ja,zh,小,「小」の反対は「,大,0,0,19.75,19.75,0.0
gemma-2-2b,28,desc,desc,ja,zh,冷,「冷」の反対は「,热,11,29,12.75,13.4375,0.6875
gemma-2-2b,28,desc,val,ja,zh,冷,「冷」の反対は「,热,11,23,12.75,16.125,3.375
gemma-2-2b,28,desc,freq,ja,zh,冷,「冷」の反対は「,热,11,3,12.75,16.125,3.375
gemma-2-2b,28,val,desc,ja,zh,冷,「冷」の反対は「,热,11,17,12.75,19.5,6.75
gemma-2-2b,28,val,val,ja,zh,冷,「冷」の反対は「,热,11,44,12.75,16.75,4.0
gemma-2-2b,28,val,freq,ja,zh,冷,「冷」の反対は「,热,11,6,12.75,17.75,5.0
gemma-2-2b,28,freq,desc,ja,zh,冷,「冷」の反対は「,热,11,23,12.75,13.3125,0.5625
gemma-2-2b,28,freq,val,ja,zh,冷,「冷」の反対は「,热,11,20,12.75,14.6875,1.9375
gemma-2-2b,28,freq,freq,ja,zh,冷,「冷」の反対は「,热,11,16,12.75,12.875,0.125
gemma-2-2b,29,desc,desc,ja,zh,慢,「慢」の反対は「,快,2,2,17.75,19.0,1.25
gemma-2-2b,29,desc,val,ja,zh,慢,「慢」の反対は「,快,2,2,17.75,20.75,3.0
gemma-2-2b,29,desc,freq,ja,zh,慢,「慢」の反対は「,快,2,1,17.75,18.625,0.875
gemma-2-2b,29,val,desc,ja,zh,慢,「慢」の反対は「,快,2,2,17.75,22.5,4.75
gemma-2-2b,29,val,val,ja,zh,慢,「慢」の反対は「,快,2,3,17.75,21.5,3.75
gemma-2-2b,29,val,freq,ja,zh,慢,「慢」の反対は「,快,2,3,17.75,21.25,3.5
gemma-2-2b,29,freq,desc,ja,zh,慢,「慢」の反対は「,快,2,2,17.75,18.25,0.5
gemma-2-2b,29,freq,val,ja,zh,慢,「慢」の反対は「,快,2,2,17.75,19.25,1.5
gemma-2-2b,29,freq,freq,ja,zh,慢,「慢」の反対は「,快,2,2,17.75,17.5,-0.25
gemma-2-2b,30,desc,desc,ja,zh,重,「重」の反対は「,轻,4,4,15.5625,15.375,-0.1875
gemma-2-2b,30,desc,val,ja,zh,重,「重」の反対は「,轻,4,3,15.5625,19.75,4.1875
gemma-2-2b,30,desc,freq,ja,zh,重,「重」の反対は「,轻,4,1,15.5625,18.125,2.5625
gemma-2-2b,30,val,desc,ja,zh,重,「重」の反対は「,轻,4,8,15.5625,20.375,4.8125
gemma-2-2b,30,val,val,ja,zh,重,「重」の反対は「,轻,4,4,15.5625,20.375,4.8125
gemma-2-2b,30,val,freq,ja,zh,重,「重」の反対は「,轻,4,1,15.5625,19.75,4.1875
gemma-2-2b,30,freq,desc,ja,zh,重,「重」の反対は「,轻,4,4,15.5625,15.6875,0.125
gemma-2-2b,30,freq,val,ja,zh,重,「重」の反対は「,轻,4,4,15.5625,17.875,2.3125
gemma-2-2b,30,freq,freq,ja,zh,重,「重」の反対は「,轻,4,4,15.5625,15.5625,0.0
gemma-2-2b,31,desc,desc,ja,zh,难,「难」の反対は「,易,0,0,20.0,21.625,1.625
gemma-2-2b,31,desc,val,ja,zh,难,「难」の反対は「,易,0,0,20.0,22.875,2.875
gemma-2-2b,31,desc,freq,ja,zh,难,「难」の反対は「,易,0,0,20.0,19.25,-0.75
gemma-2-2b,31,val,desc,ja,zh,难,「难」の反対は「,易,0,0,20.0,24.75,4.75
gemma-2-2b,31,val,val,ja,zh,难,「难」の反対は「,易,0,0,20.0,24.625,4.625
gemma-2-2b,31,val,freq,ja,zh,难,「难」の反対は「,易,0,0,20.0,20.0,0.0
gemma-2-2b,31,freq,desc,ja,zh,难,「难」の反対は「,易,0,0,20.0,21.0,1.0
gemma-2-2b,31,freq,val,ja,zh,难,「难」の反対は「,易,0,0,20.0,22.125,2.125
gemma-2-2b,31,freq,freq,ja,zh,难,「难」の反対は「,易,0,0,20.0,20.5,0.5
gemma-2-2b,32,desc,desc,ja,zh,旧,「旧」の反対は「,新,0,0,21.0,22.25,1.25
gemma-2-2b,32,desc,val,ja,zh,旧,「旧」の反対は「,新,0,0,21.0,23.125,2.125
gemma-2-2b,32,desc,freq,ja,zh,旧,「旧」の反対は「,新,0,0,21.0,20.875,-0.125
gemma-2-2b,32,val,desc,ja,zh,旧,「旧」の反対は「,新,0,0,21.0,25.5,4.5
gemma-2-2b,32,val,val,ja,zh,旧,「旧」の反対は「,新,0,0,21.0,24.625,3.625
gemma-2-2b,32,val,freq,ja,zh,旧,「旧」の反対は「,新,0,0,21.0,23.625,2.625
gemma-2-2b,32,freq,desc,ja,zh,旧,「旧」の反対は「,新,0,0,21.0,21.5,0.5
gemma-2-2b,32,freq,val,ja,zh,旧,「旧」の反対は「,新,0,0,21.0,21.75,0.75
gemma-2-2b,32,freq,freq,ja,zh,旧,「旧」の反対は「,新,0,0,21.0,21.125,0.125
gemma-2-2b,33,desc,desc,ja,zh,假,「假」の反対は「,真,0,0,19.0,20.5,1.5
gemma-2-2b,33,desc,val,ja,zh,假,「假」の反対は「,真,0,0,19.0,21.875,2.875
gemma-2-2b,33,desc,freq,ja,zh,假,「假」の反対は「,真,0,0,19.0,18.75,-0.25
gemma-2-2b,33,val,desc,ja,zh,假,「假」の反対は「,真,0,0,19.0,24.625,5.625
gemma-2-2b,33,val,val,ja,zh,假,「假」の反対は「,真,0,0,19.0,23.75,4.75
gemma-2-2b,33,val,freq,ja,zh,假,「假」の反対は「,真,0,0,19.0,21.125,2.125
gemma-2-2b,33,freq,desc,ja,zh,假,「假」の反対は「,真,0,0,19.0,19.75,0.75
gemma-2-2b,33,freq,val,ja,zh,假,「假」の反対は「,真,0,0,19.0,20.625,1.625
gemma-2-2b,33,freq,freq,ja,zh,假,「假」の反対は「,真,0,0,19.0,19.25,0.25
gemma-2-2b,34,desc,desc,ja,zh,死,「死」の反対は「,生,0,0,20.0,21.375,1.375
gemma-2-2b,34,desc,val,ja,zh,死,「死」の反対は「,生,0,0,20.0,22.5,2.5
gemma-2-2b,34,desc,freq,ja,zh,死,「死」の反対は「,生,0,0,20.0,21.5,1.5
gemma-2-2b,34,val,desc,ja,zh,死,「死」の反対は「,生,0,0,20.0,24.0,4.0
gemma-2-2b,34,val,val,ja,zh,死,「死」の反対は「,生,0,0,20.0,24.125,4.125
gemma-2-2b,34,val,freq,ja,zh,死,「死」の反対は「,生,0,0,20.0,23.75,3.75
gemma-2-2b,34,freq,desc,ja,zh,死,「死」の反対は「,生,0,0,20.0,21.0,1.0
gemma-2-2b,34,freq,val,ja,zh,死,「死」の反対は「,生,0,0,20.0,21.875,1.875
gemma-2-2b,34,freq,freq,ja,zh,死,「死」の反対は「,生,0,0,20.0,20.125,0.125
gemma-2-2b,35,desc,desc,ja,zh,空,「空」の反対は「,满,91,260,13.25,13.125,-0.125
gemma-2-2b,35,desc,val,ja,zh,空,「空」の反対は「,满,91,62,13.25,15.6875,2.4375
gemma-2-2b,35,desc,freq,ja,zh,空,「空」の反対は「,满,91,157,13.25,12.25,-1.0
gemma-2-2b,35,val,desc,ja,zh,空,「空」の反対は「,满,91,198,13.25,16.875,3.625
gemma-2-2b,35,val,val,ja,zh,空,「空」の反対は「,满,91,176,13.25,16.75,3.5
gemma-2-2b,35,val,freq,ja,zh,空,「空」の反対は「,满,91,287,13.25,13.75,0.5
gemma-2-2b,35,freq,desc,ja,zh,空,「空」の反対は「,满,91,160,13.25,13.4375,0.1875
gemma-2-2b,35,freq,val,ja,zh,空,「空」の反対は「,满,91,73,13.25,14.9375,1.6875
gemma-2-2b,35,freq,freq,ja,zh,空,「空」の反対は「,满,91,122,13.25,13.0625,-0.1875
gemma-2-2b,36,desc,desc,ja,zh,暗,「暗」の反対は「,光明,6,5,14.5625,16.0,1.4375
gemma-2-2b,36,desc,val,ja,zh,暗,「暗」の反対は「,光明,6,3,14.5625,17.875,3.3125
gemma-2-2b,36,desc,freq,ja,zh,暗,「暗」の反対は「,光明,6,3,14.5625,14.3125,-0.25
gemma-2-2b,36,val,desc,ja,zh,暗,「暗」の反対は「,光明,6,6,14.5625,19.5,4.9375
gemma-2-2b,36,val,val,ja,zh,暗,「暗」の反対は「,光明,6,18,14.5625,18.0,3.4375
gemma-2-2b,36,val,freq,ja,zh,暗,「暗」の反対は「,光明,6,2,14.5625,13.9375,-0.625
gemma-2-2b,36,freq,desc,ja,zh,暗,「暗」の反対は「,光明,6,5,14.5625,14.6875,0.125
gemma-2-2b,36,freq,val,ja,zh,暗,「暗」の反対は「,光明,6,11,14.5625,15.375,0.8125
gemma-2-2b,36,freq,freq,ja,zh,暗,「暗」の反対は「,光明,6,6,14.5625,14.5,-0.0625
gemma-2-2b,37,desc,desc,ja,zh,弱,「弱」の反対は「,强,4,7,14.9375,16.5,1.5625
gemma-2-2b,37,desc,val,ja,zh,弱,「弱」の反対は「,强,4,3,14.9375,19.875,4.9375
gemma-2-2b,37,desc,freq,ja,zh,弱,「弱」の反対は「,强,4,3,14.9375,15.9375,1.0
gemma-2-2b,37,val,desc,ja,zh,弱,「弱」の反対は「,强,4,5,14.9375,21.875,6.9375
gemma-2-2b,37,val,val,ja,zh,弱,「弱」の反対は「,强,4,8,14.9375,19.875,4.9375
gemma-2-2b,37,val,freq,ja,zh,弱,「弱」の反対は「,强,4,6,14.9375,18.25,3.3125
gemma-2-2b,37,freq,desc,ja,zh,弱,「弱」の反対は「,强,4,4,14.9375,15.5625,0.625
gemma-2-2b,37,freq,val,ja,zh,弱,「弱」の反対は「,强,4,4,14.9375,17.0,2.0625
gemma-2-2b,37,freq,freq,ja,zh,弱,「弱」の反対は「,强,4,6,14.9375,14.5625,-0.375
gemma-2-2b,38,desc,desc,ja,zh,脏,「脏」の反対は「,干净,13,31,13.1875,13.9375,0.75
gemma-2-2b,38,desc,val,ja,zh,脏,「脏」の反対は「,干净,13,11,13.1875,18.125,4.9375
gemma-2-2b,38,desc,freq,ja,zh,脏,「脏」の反対は「,干净,13,6,13.1875,14.125,0.9375
gemma-2-2b,38,val,desc,ja,zh,脏,「脏」の反対は「,干净,13,126,13.1875,15.5,2.3125
gemma-2-2b,38,val,val,ja,zh,脏,「脏」の反対は「,干净,13,67,13.1875,16.5,3.3125
gemma-2-2b,38,val,freq,ja,zh,脏,「脏」の反対は「,干净,13,145,13.1875,11.0,-2.1875
gemma-2-2b,38,freq,desc,ja,zh,脏,「脏」の反対は「,干净,13,30,13.1875,13.375,0.1875
gemma-2-2b,38,freq,val,ja,zh,脏,「脏」の反対は「,干净,13,26,13.1875,14.6875,1.5
gemma-2-2b,38,freq,freq,ja,zh,脏,「脏」の反対は「,干净,13,34,13.1875,12.625,-0.5625
gemma-2-2b,39,desc,desc,ja,zh,关,「关」の反対は「,开,2,4,16.25,16.5,0.25
gemma-2-2b,39,desc,val,ja,zh,关,「关」の反対は「,开,2,2,16.25,19.75,3.5
gemma-2-2b,39,desc,freq,ja,zh,关,「关」の反対は「,开,2,1,16.25,15.125,-1.125
gemma-2-2b,39,val,desc,ja,zh,关,「关」の反対は「,开,2,1,16.25,21.0,4.75
gemma-2-2b,39,val,val,ja,zh,关,「关」の反対は「,开,2,1,16.25,21.125,4.875
gemma-2-2b,39,val,freq,ja,zh,关,「关」の反対は「,开,2,2,16.25,16.0,-0.25
gemma-2-2b,39,freq,desc,ja,zh,关,「关」の反対は「,开,2,2,16.25,16.5,0.25
gemma-2-2b,39,freq,val,ja,zh,关,「关」の反対は「,开,2,1,16.25,18.625,2.375
gemma-2-2b,39,freq,freq,ja,zh,关,「关」の反対は「,开,2,2,16.25,16.875,0.625
gemma-2-2b,40,desc,desc,ja,zh,贫穷,「贫穷」の反対は「,富裕,0,0,19.25,21.125,1.875
gemma-2-2b,40,desc,val,ja,zh,贫穷,「贫穷」の反対は「,富裕,0,0,19.25,22.875,3.625
gemma-2-2b,40,desc,freq,ja,zh,贫穷,「贫穷」の反対は「,富裕,0,0,19.25,22.375,3.125
gemma-2-2b,40,val,desc,ja,zh,贫穷,「贫穷」の反対は「,富裕,0,0,19.25,25.5,6.25
gemma-2-2b,40,val,val,ja,zh,贫穷,「贫穷」の反対は「,富裕,0,0,19.25,25.125,5.875
gemma-2-2b,40,val,freq,ja,zh,贫穷,「贫穷」の反対は「,富裕,0,0,19.25,25.5,6.25
gemma-2-2b,40,freq,desc,ja,zh,贫穷,「贫穷」の反対は「,富裕,0,0,19.25,20.75,1.5
gemma-2-2b,40,freq,val,ja,zh,贫穷,「贫穷」の反対は「,富裕,0,0,19.25,22.0,2.75
gemma-2-2b,40,freq,freq,ja,zh,贫穷,「贫穷」の反対は「,富裕,0,0,19.25,20.0,0.75
gemma-2-2b,41,desc,desc,ja,zh,丑,「丑」の反対は「,美,14,10,9.1875,12.5,3.3125
gemma-2-2b,41,desc,val,ja,zh,丑,「丑」の反対は「,美,14,7,9.1875,12.875,3.6875
gemma-2-2b,41,desc,freq,ja,zh,丑,「丑」の反対は「,美,14,6,9.1875,10.75,1.5625
gemma-2-2b,41,val,desc,ja,zh,丑,「丑」の反対は「,美,14,5,9.1875,14.5625,5.375
gemma-2-2b,41,val,val,ja,zh,丑,「丑」の反対は「,美,14,15,9.1875,13.875,4.6875
gemma-2-2b,41,val,freq,ja,zh,丑,「丑」の反対は「,美,14,14,9.1875,12.125,2.9375
gemma-2-2b,41,freq,desc,ja,zh,丑,「丑」の反対は「,美,14,18,9.1875,10.0625,0.875
gemma-2-2b,41,freq,val,ja,zh,丑,「丑」の反対は「,美,14,23,9.1875,10.0625,0.875
gemma-2-2b,41,freq,freq,ja,zh,丑,「丑」の反対は「,美,14,15,9.1875,9.25,0.0625
gemma-2-2b,42,desc,desc,ja,zh,短,「短」の反対は「,长,17,17,14.3125,15.9375,1.625
gemma-2-2b,42,desc,val,ja,zh,短,「短」の反対は「,长,17,6,14.3125,18.75,4.4375
gemma-2-2b,42,desc,freq,ja,zh,短,「短」の反対は「,长,17,1,14.3125,20.5,6.1875
gemma-2-2b,42,val,desc,ja,zh,短,「短」の反対は「,长,17,10,14.3125,20.25,5.9375
gemma-2-2b,42,val,val,ja,zh,短,「短」の反対は「,长,17,25,14.3125,18.125,3.8125
gemma-2-2b,42,val,freq,ja,zh,短,「短」の反対は「,长,17,0,14.3125,23.375,9.0625
gemma-2-2b,42,freq,desc,ja,zh,短,「短」の反対は「,长,17,16,14.3125,15.375,1.0625
gemma-2-2b,42,freq,val,ja,zh,短,「短」の反対は「,长,17,12,14.3125,16.125,1.8125
gemma-2-2b,42,freq,freq,ja,zh,短,「短」の反対は「,长,17,17,14.3125,14.3125,0.0
gemma-2-2b,43,desc,desc,ja,zh,窄,「窄」の反対は「,宽,13,19,15.0,16.0,1.0
gemma-2-2b,43,desc,val,ja,zh,窄,「窄」の反対は「,宽,13,10,15.0,18.25,3.25
gemma-2-2b,43,desc,freq,ja,zh,窄,「窄」の反対は「,宽,13,0,15.0,18.625,3.625
gemma-2-2b,43,val,desc,ja,zh,窄,「窄」の反対は「,宽,13,29,15.0,19.125,4.125
gemma-2-2b,43,val,val,ja,zh,窄,「窄」の反対は「,宽,13,43,15.0,18.25,3.25
gemma-2-2b,43,val,freq,ja,zh,窄,「窄」の反対は「,宽,13,5,15.0,19.5,4.5
gemma-2-2b,43,freq,desc,ja,zh,窄,「窄」の反対は「,宽,13,13,15.0,15.6875,0.6875
gemma-2-2b,43,freq,val,ja,zh,窄,「窄」の反対は「,宽,13,15,15.0,16.625,1.625
gemma-2-2b,43,freq,freq,ja,zh,窄,「窄」の反対は「,宽,13,14,15.0,15.25,0.25
gemma-2-2b,44,desc,desc,ja,zh,软,「软」の反対は「,硬,0,0,18.375,20.0,1.625
gemma-2-2b,44,desc,val,ja,zh,软,「软」の反対は「,硬,0,0,18.375,22.0,3.625
gemma-2-2b,44,desc,freq,ja,zh,软,「软」の反対は「,硬,0,0,18.375,18.625,0.25
gemma-2-2b,44,val,desc,ja,zh,软,「软」の反対は「,硬,0,0,18.375,24.125,5.75
gemma-2-2b,44,val,val,ja,zh,软,「软」の反対は「,硬,0,0,18.375,23.875,5.5
gemma-2-2b,44,val,freq,ja,zh,软,「软」の反対は「,硬,0,0,18.375,20.75,2.375
gemma-2-2b,44,freq,desc,ja,zh,软,「软」の反対は「,硬,0,0,18.375,19.625,1.25
gemma-2-2b,44,freq,val,ja,zh,软,「软」の反対は「,硬,0,0,18.375,20.375,2.0
gemma-2-2b,44,freq,freq,ja,zh,软,「软」の反対は「,硬,0,0,18.375,19.0,0.625
gemma-2-2b,45,desc,desc,ja,zh,湿,「湿」の反対は「,干,3,8,14.5625,16.75,2.1875
gemma-2-2b,45,desc,val,ja,zh,湿,「湿」の反対は「,干,3,11,14.5625,18.125,3.5625
gemma-2-2b,45,desc,freq,ja,zh,湿,「湿」の反対は「,干,3,3,14.5625,17.875,3.3125
gemma-2-2b,45,val,desc,ja,zh,湿,「湿」の反対は「,干,3,8,14.5625,21.375,6.8125
gemma-2-2b,45,val,val,ja,zh,湿,「湿」の反対は「,干,3,15,14.5625,19.125,4.5625
gemma-2-2b,45,val,freq,ja,zh,湿,「湿」の反対は「,干,3,1,14.5625,21.125,6.5625
gemma-2-2b,45,freq,desc,ja,zh,湿,「湿」の反対は「,干,3,6,14.5625,15.5625,1.0
gemma-2-2b,45,freq,val,ja,zh,湿,「湿」の反対は「,干,3,8,14.5625,16.25,1.6875
gemma-2-2b,45,freq,freq,ja,zh,湿,「湿」の反対は「,干,3,4,14.5625,15.125,0.5625
gemma-2-2b,46,desc,desc,ja,zh,安静,「安静」の反対は「,大声,4,5,15.25,16.5,1.25
gemma-2-2b,46,desc,val,ja,zh,安静,「安静」の反対は「,大声,4,12,15.25,17.625,2.375
gemma-2-2b,46,desc,freq,ja,zh,安静,「安静」の反対は「,大声,4,20,15.25,14.0625,-1.1875
gemma-2-2b,46,val,desc,ja,zh,安静,「安静」の反対は「,大声,4,153,15.25,16.5,1.25
gemma-2-2b,46,val,val,ja,zh,安静,「安静」の反対は「,大声,4,56,15.25,17.25,2.0
gemma-2-2b,46,val,freq,ja,zh,安静,「安静」の反対は「,大声,4,165,15.25,12.625,-2.625
gemma-2-2b,46,freq,desc,ja,zh,安静,「安静」の反対は「,大声,4,13,15.25,15.375,0.125
gemma-2-2b,46,freq,val,ja,zh,安静,「安静」の反対は「,大声,4,23,15.25,15.8125,0.5625
gemma-2-2b,46,freq,freq,ja,zh,安静,「安静」の反対は「,大声,4,10,15.25,15.125,-0.125
gemma-2-2b,47,desc,desc,ja,zh,晚,「晚」の反対は「,早,0,0,17.75,19.25,1.5
gemma-2-2b,47,desc,val,ja,zh,晚,「晚」の反対は「,早,0,0,17.75,20.5,2.75
gemma-2-2b,47,desc,freq,ja,zh,晚,「晚」の反対は「,早,0,0,17.75,17.875,0.125
gemma-2-2b,47,val,desc,ja,zh,晚,「晚」の反対は「,早,0,1,17.75,23.375,5.625
gemma-2-2b,47,val,val,ja,zh,晚,「晚」の反対は「,早,0,0,17.75,23.5,5.75
gemma-2-2b,47,val,freq,ja,zh,晚,「晚」の反対は「,早,0,0,17.75,20.25,2.5
gemma-2-2b,47,freq,desc,ja,zh,晚,「晚」の反対は「,早,0,0,17.75,18.75,1.0
gemma-2-2b,47,freq,val,ja,zh,晚,「晚」の反対は「,早,0,0,17.75,20.125,2.375
gemma-2-2b,47,freq,freq,ja,zh,晚,「晚」の反対は「,早,0,0,17.75,17.75,0.0
gemma-2-2b,48,desc,desc,ja,zh,远,「远」の反対は「,近,0,0,20.375,21.5,1.125
gemma-2-2b,48,desc,val,ja,zh,远,「远」の反対は「,近,0,0,20.375,23.5,3.125
gemma-2-2b,48,desc,freq,ja,zh,远,「远」の反対は「,近,0,0,20.375,19.875,-0.5
gemma-2-2b,48,val,desc,ja,zh,远,「远」の反対は「,近,0,0,20.375,26.5,6.125
gemma-2-2b,48,val,val,ja,zh,远,「远」の反対は「,近,0,0,20.375,25.75,5.375
gemma-2-2b,48,val,freq,ja,zh,远,「远」の反対は「,近,0,0,20.375,22.75,2.375
gemma-2-2b,48,freq,desc,ja,zh,远,「远」の反対は「,近,0,0,20.375,21.375,1.0
gemma-2-2b,48,freq,val,ja,zh,远,「远」の反対は「,近,0,0,20.375,23.125,2.75
gemma-2-2b,48,freq,freq,ja,zh,远,「远」の反対は「,近,0,0,20.375,20.625,0.25
gemma-2-2b,49,desc,desc,ja,zh,浅,「浅」の反対は「,深,0,0,17.875,19.125,1.25
gemma-2-2b,49,desc,val,ja,zh,浅,「浅」の反対は「,深,0,0,17.875,20.625,2.75
gemma-2-2b,49,desc,freq,ja,zh,浅,「浅」の反対は「,深,0,0,17.875,18.75,0.875
gemma-2-2b,49,val,desc,ja,zh,浅,「浅」の反対は「,深,0,0,17.875,23.875,6.0
gemma-2-2b,49,val,val,ja,zh,浅,「浅」の反対は「,深,0,0,17.875,23.0,5.125
gemma-2-2b,49,val,freq,ja,zh,浅,「浅」の反対は「,深,0,0,17.875,21.5,3.625
gemma-2-2b,49,freq,desc,ja,zh,浅,「浅」の反対は「,深,0,0,17.875,18.5,0.625
gemma-2-2b,49,freq,val,ja,zh,浅,「浅」の反対は「,深,0,0,17.875,19.875,2.0
gemma-2-2b,49,freq,freq,ja,zh,浅,「浅」の反対は「,深,0,0,17.875,17.75,-0.125
gemma-2-2b,50,desc,desc,ja,zh,年轻,「年轻」の反対は「,老,0,0,19.25,20.75,1.5
gemma-2-2b,50,desc,val,ja,zh,年轻,「年轻」の反対は「,老,0,0,19.25,22.125,2.875
gemma-2-2b,50,desc,freq,ja,zh,年轻,「年轻」の反対は「,老,0,0,19.25,21.5,2.25
gemma-2-2b,50,val,desc,ja,zh,年轻,「年轻」の反対は「,老,0,0,19.25,24.125,4.875
gemma-2-2b,50,val,val,ja,zh,年轻,「年轻」の反対は「,老,0,0,19.25,23.5,4.25
gemma-2-2b,50,val,freq,ja,zh,年轻,「年轻」の反対は「,老,0,0,19.25,23.25,4.0
gemma-2-2b,50,freq,desc,ja,zh,年轻,「年轻」の反対は「,老,0,0,19.25,20.125,0.875
gemma-2-2b,50,freq,val,ja,zh,年轻,「年轻」の反対は「,老,0,0,19.25,21.25,2.0
gemma-2-2b,50,freq,freq,ja,zh,年轻,「年轻」の反対は「,老,0,0,19.25,19.75,0.5
gemma-2-2b,51,desc,desc,ja,zh,善良,「善良」の反対は「,邪恶,2,0,16.5,17.75,1.25
gemma-2-2b,51,desc,val,ja,zh,善良,「善良」の反対は「,邪恶,2,0,16.5,19.0,2.5
gemma-2-2b,51,desc,freq,ja,zh,善良,「善良」の反対は「,邪恶,2,0,16.5,17.25,0.75
gemma-2-2b,51,val,desc,ja,zh,善良,「善良」の反対は「,邪恶,2,0,16.5,20.125,3.625
gemma-2-2b,51,val,val,ja,zh,善良,「善良」の反対は「,邪恶,2,0,16.5,20.0,3.5
gemma-2-2b,51,val,freq,ja,zh,善良,「善良」の反対は「,邪恶,2,0,16.5,17.375,0.875
gemma-2-2b,51,freq,desc,ja,zh,善良,「善良」の反対は「,邪恶,2,1,16.5,16.875,0.375
gemma-2-2b,51,freq,val,ja,zh,善良,「善良」の反対は「,邪恶,2,0,16.5,17.0,0.5
gemma-2-2b,51,freq,freq,ja,zh,善良,「善良」の反対は「,邪恶,2,1,16.5,16.75,0.25
gemma-2-2b,52,desc,desc,ja,zh,勇敢,「勇敢」の反対は「,懦弱,15,15,12.4375,13.625,1.1875
gemma-2-2b,52,desc,val,ja,zh,勇敢,「勇敢」の反対は「,懦弱,15,18,12.4375,15.125,2.6875
gemma-2-2b,52,desc,freq,ja,zh,勇敢,「勇敢」の反対は「,懦弱,15,3,12.4375,16.25,3.8125
gemma-2-2b,52,val,desc,ja,zh,勇敢,「勇敢」の反対は「,懦弱,15,113,12.4375,13.125,0.6875
gemma-2-2b,52,val,val,ja,zh,勇敢,「勇敢」の反対は「,懦弱,15,124,12.4375,13.625,1.1875
gemma-2-2b,52,val,freq,ja,zh,勇敢,「勇敢」の反対は「,懦弱,15,74,12.4375,13.9375,1.5
gemma-2-2b,52,freq,desc,ja,zh,勇敢,「勇敢」の反対は「,懦弱,15,36,12.4375,12.4375,0.0
gemma-2-2b,52,freq,val,ja,zh,勇敢,「勇敢」の反対は「,懦弱,15,96,12.4375,12.0,-0.4375
gemma-2-2b,52,freq,freq,ja,zh,勇敢,「勇敢」の反対は「,懦弱,15,17,12.4375,12.5,0.0625
gemma-2-2b,53,desc,desc,ja,zh,明智,「明智」の反対は「,愚蠢,9,9,12.9375,14.3125,1.375
gemma-2-2b,53,desc,val,ja,zh,明智,「明智」の反対は「,愚蠢,9,21,12.9375,15.125,2.1875
gemma-2-2b,53,desc,freq,ja,zh,明智,「明智」の反対は「,愚蠢,9,2,12.9375,13.1875,0.25
gemma-2-2b,53,val,desc,ja,zh,明智,「明智」の反対は「,愚蠢,9,62,12.9375,15.5,2.5625
gemma-2-2b,53,val,val,ja,zh,明智,「明智」の反対は「,愚蠢,9,52,12.9375,16.375,3.4375
gemma-2-2b,53,val,freq,ja,zh,明智,「明智」の反対は「,愚蠢,9,14,12.9375,14.3125,1.375
gemma-2-2b,53,freq,desc,ja,zh,明智,「明智」の反対は「,愚蠢,9,13,12.9375,13.5625,0.625
gemma-2-2b,53,freq,val,ja,zh,明智,「明智」の反対は「,愚蠢,9,21,12.9375,14.25,1.3125
gemma-2-2b,53,freq,freq,ja,zh,明智,「明智」の反対は「,愚蠢,9,11,12.9375,13.1875,0.25
gemma-2-2b,54,desc,desc,ja,zh,礼貌,「礼貌」の反対は「,不礼貌,0,1,16.75,17.5,0.75
gemma-2-2b,54,desc,val,ja,zh,礼貌,「礼貌」の反対は「,不礼貌,0,0,16.75,20.75,4.0
gemma-2-2b,54,desc,freq,ja,zh,礼貌,「礼貌」の反対は「,不礼貌,0,0,16.75,18.875,2.125
gemma-2-2b,54,val,desc,ja,zh,礼貌,「礼貌」の反対は「,不礼貌,0,1,16.75,22.0,5.25
gemma-2-2b,54,val,val,ja,zh,礼貌,「礼貌」の反対は「,不礼貌,0,0,16.75,21.875,5.125
gemma-2-2b,54,val,freq,ja,zh,礼貌,「礼貌」の反対は「,不礼貌,0,2,16.75,22.0,5.25
gemma-2-2b,54,freq,desc,ja,zh,礼貌,「礼貌」の反対は「,不礼貌,0,1,16.75,17.5,0.75
gemma-2-2b,54,freq,val,ja,zh,礼貌,「礼貌」の反対は「,不礼貌,0,0,16.75,19.5,2.75
gemma-2-2b,54,freq,freq,ja,zh,礼貌,「礼貌」の反対は「,不礼貌,0,1,16.75,16.875,0.125
gemma-2-2b,55,desc,desc,ja,zh,耐心,「耐心」の反対は「,不耐烦,1,2,15.8125,16.5,0.6875
gemma-2-2b,55,desc,val,ja,zh,耐心,「耐心」の反対は「,不耐烦,1,0,15.8125,20.375,4.5625
gemma-2-2b,55,desc,freq,ja,zh,耐心,「耐心」の反対は「,不耐烦,1,0,15.8125,18.25,2.4375
gemma-2-2b,55,val,desc,ja,zh,耐心,「耐心」の反対は「,不耐烦,1,3,15.8125,21.5,5.6875
gemma-2-2b,55,val,val,ja,zh,耐心,「耐心」の反対は「,不耐烦,1,4,15.8125,21.25,5.4375
gemma-2-2b,55,val,freq,ja,zh,耐心,「耐心」の反対は「,不耐烦,1,4,15.8125,20.5,4.6875
gemma-2-2b,55,freq,desc,ja,zh,耐心,「耐心」の反対は「,不耐烦,1,1,15.8125,16.625,0.8125
gemma-2-2b,55,freq,val,ja,zh,耐心,「耐心」の反対は「,不耐烦,1,0,15.8125,19.0,3.1875
gemma-2-2b,55,freq,freq,ja,zh,耐心,「耐心」の反対は「,不耐烦,1,1,15.8125,16.125,0.3125
gemma-2-2b,56,desc,desc,ja,zh,诚实,「诚实」の反対は「,不诚实,2,5,15.375,15.6875,0.3125
gemma-2-2b,56,desc,val,ja,zh,诚实,「诚实」の反対は「,不诚实,2,0,15.375,19.875,4.5
gemma-2-2b,56,desc,freq,ja,zh,诚实,「诚实」の反対は「,不诚实,2,0,15.375,18.75,3.375
gemma-2-2b,56,val,desc,ja,zh,诚实,「诚实」の反対は「,不诚实,2,1,15.375,21.25,5.875
gemma-2-2b,56,val,val,ja,zh,诚实,「诚实」の反対は「,不诚实,2,0,15.375,21.125,5.75
gemma-2-2b,56,val,freq,ja,zh,诚实,「诚实」の反対は「,不诚实,2,0,15.375,21.25,5.875
gemma-2-2b,56,freq,desc,ja,zh,诚实,「诚实」の反対は「,不诚实,2,2,15.375,16.125,0.75
gemma-2-2b,56,freq,val,ja,zh,诚实,「诚实」の反対は「,不诚实,2,1,15.375,18.75,3.375
gemma-2-2b,56,freq,freq,ja,zh,诚实,「诚实」の反対は「,不诚实,2,1,15.375,15.6875,0.3125
gemma-2-2b,57,desc,desc,ja,zh,安全,「安全」の反対は「,危险,108,186,12.625,13.0625,0.4375
gemma-2-2b,57,desc,val,ja,zh,安全,「安全」の反対は「,危险,108,120,12.625,14.875,2.25
gemma-2-2b,57,desc,freq,ja,zh,安全,「安全」の反対は「,危险,108,50,12.625,14.75,2.125
gemma-2-2b,57,val,desc,ja,zh,安全,「安全」の反対は「,危险,108,419,12.625,13.625,1.0
gemma-2-2b,57,val,val,ja,zh,安全,「安全」の反対は「,危险,108,349,12.625,14.0625,1.4375
gemma-2-2b,57,val,freq,ja,zh,安全,「安全」の反対は「,危险,108,146,12.625,15.375,2.75
gemma-2-2b,57,freq,desc,ja,zh,安全,「安全」の反対は「,危险,108,289,12.625,12.125,-0.5
gemma-2-2b,57,freq,val,ja,zh,安全,「安全」の反対は「,危险,108,309,12.625,12.75,0.125
gemma-2-2b,57,freq,freq,ja,zh,安全,「安全」の反対は「,危险,108,206,12.625,11.875,-0.75
gemma-2-2b,58,desc,desc,ja,zh,积极,「积极」の反対は「,消极,0,0,19.5,21.25,1.75
gemma-2-2b,58,desc,val,ja,zh,积极,「积极」の反対は「,消极,0,0,19.5,24.75,5.25
gemma-2-2b,58,desc,freq,ja,zh,积极,「积极」の反対は「,消极,0,0,19.5,21.375,1.875
gemma-2-2b,58,val,desc,ja,zh,积极,「积极」の反対は「,消极,0,0,19.5,26.0,6.5
gemma-2-2b,58,val,val,ja,zh,积极,「积极」の反対は「,消极,0,0,19.5,25.375,5.875
gemma-2-2b,58,val,freq,ja,zh,积极,「积极」の反対は「,消极,0,0,19.5,23.5,4.0
gemma-2-2b,58,freq,desc,ja,zh,积极,「积极」の反対は「,消极,0,0,19.5,20.875,1.375
gemma-2-2b,58,freq,val,ja,zh,积极,「积极」の反対は「,消极,0,0,19.5,23.0,3.5
gemma-2-2b,58,freq,freq,ja,zh,积极,「积极」の反対は「,消极,0,0,19.5,21.0,1.5
gemma-2-2b,59,desc,desc,ja,zh,直,「直」の反対は「,弯,27,65,13.625,12.875,-0.75
gemma-2-2b,59,desc,val,ja,zh,直,「直」の反対は「,弯,27,27,13.625,16.25,2.625
gemma-2-2b,59,desc,freq,ja,zh,直,「直」の反対は「,弯,27,7,13.625,15.5625,1.9375
gemma-2-2b,59,val,desc,ja,zh,直,「直」の反対は「,弯,27,108,13.625,16.75,3.125
gemma-2-2b,59,val,val,ja,zh,直,「直」の反対は「,弯,27,99,13.625,16.5,2.875
gemma-2-2b,59,val,freq,ja,zh,直,「直」の反対は「,弯,27,35,13.625,15.8125,2.1875
gemma-2-2b,59,freq,desc,ja,zh,直,「直」の反対は「,弯,27,44,13.625,12.9375,-0.6875
gemma-2-2b,59,freq,val,ja,zh,直,「直」の反対は「,弯,27,44,13.625,14.3125,0.6875
gemma-2-2b,59,freq,freq,ja,zh,直,「直」の反対は「,弯,27,32,13.625,13.375,-0.25
gemma-2-2b,60,desc,desc,ja,zh,完整,「完整」の反対は「,部分,2,4,17.875,18.5,0.625
gemma-2-2b,60,desc,val,ja,zh,完整,「完整」の反対は「,部分,2,5,17.875,20.25,2.375
gemma-2-2b,60,desc,freq,ja,zh,完整,「完整」の反対は「,部分,2,6,17.875,18.125,0.25
gemma-2-2b,60,val,desc,ja,zh,完整,「完整」の反対は「,部分,2,10,17.875,21.625,3.75
gemma-2-2b,60,val,val,ja,zh,完整,「完整」の反対は「,部分,2,6,17.875,21.5,3.625
gemma-2-2b,60,val,freq,ja,zh,完整,「完整」の反対は「,部分,2,34,17.875,19.75,1.875
gemma-2-2b,60,freq,desc,ja,zh,完整,「完整」の反対は「,部分,2,2,17.875,18.25,0.375
gemma-2-2b,60,freq,val,ja,zh,完整,「完整」の反対は「,部分,2,3,17.875,19.75,1.875
gemma-2-2b,60,freq,freq,ja,zh,完整,「完整」の反対は「,部分,2,2,17.875,18.0,0.125
gemma-2-2b,61,desc,desc,ja,zh,平静,「平静」の反対は「,骚乱,113,276,12.1875,11.75,-0.4375
gemma-2-2b,61,desc,val,ja,zh,平静,「平静」の反対は「,骚乱,113,228,12.1875,14.9375,2.75
gemma-2-2b,61,desc,freq,ja,zh,平静,「平静」の反対は「,骚乱,113,22,12.1875,14.5,2.3125
gemma-2-2b,61,val,desc,ja,zh,平静,「平静」の反対は「,骚乱,113,488,12.1875,15.25,3.0625
gemma-2-2b,61,val,val,ja,zh,平静,「平静」の反対は「,骚乱,113,1022,12.1875,13.4375,1.25
gemma-2-2b,61,val,freq,ja,zh,平静,「平静」の反対は「,骚乱,113,198,12.1875,15.5625,3.375
gemma-2-2b,61,freq,desc,ja,zh,平静,「平静」の反対は「,骚乱,113,321,12.1875,11.5,-0.6875
gemma-2-2b,61,freq,val,ja,zh,平静,「平静」の反対は「,骚乱,113,369,12.1875,12.75,0.5625
gemma-2-2b,61,freq,freq,ja,zh,平静,「平静」の反対は「,骚乱,113,304,12.1875,11.0,-1.1875
gemma-2-2b,62,desc,desc,ja,zh,正确,「正确」の反対は「,错误,0,2,19.75,19.25,-0.5
gemma-2-2b,62,desc,val,ja,zh,正确,「正确」の反対は「,错误,0,0,19.75,22.625,2.875
gemma-2-2b,62,desc,freq,ja,zh,正确,「正确」の反対は「,错误,0,1,19.75,21.875,2.125
gemma-2-2b,62,val,desc,ja,zh,正确,「正确」の反対は「,错误,0,2,19.75,24.375,4.625
gemma-2-2b,62,val,val,ja,zh,正确,「正确」の反対は「,错误,0,3,19.75,23.0,3.25
gemma-2-2b,62,val,freq,ja,zh,正确,「正确」の反対は「,错误,0,1,19.75,23.125,3.375
gemma-2-2b,62,freq,desc,ja,zh,正确,「正确」の反対は「,错误,0,1,19.75,19.125,-0.625
gemma-2-2b,62,freq,val,ja,zh,正确,「正确」の反対は「,错误,0,0,19.75,20.625,0.875
gemma-2-2b,62,freq,freq,ja,zh,正确,「正确」の反対は「,错误,0,2,19.75,19.125,-0.625
gemma-2-2b,63,desc,desc,ja,zh,复杂,「复杂」の反対は「,简单,4,11,16.875,16.0,-0.875
gemma-2-2b,63,desc,val,ja,zh,复杂,「复杂」の反対は「,简单,4,4,16.875,19.625,2.75
gemma-2-2b,63,desc,freq,ja,zh,复杂,「复杂」の反対は「,简单,4,0,16.875,18.75,1.875
gemma-2-2b,63,val,desc,ja,zh,复杂,「复杂」の反対は「,简单,4,14,16.875,21.0,4.125
gemma-2-2b,63,val,val,ja,zh,复杂,「复杂」の反対は「,简单,4,19,16.875,19.5,2.625
gemma-2-2b,63,val,freq,ja,zh,复杂,「复杂」の反対は「,简单,4,1,16.875,20.125,3.25
gemma-2-2b,63,freq,desc,ja,zh,复杂,「复杂」の反対は「,简单,4,8,16.875,15.9375,-0.9375
gemma-2-2b,63,freq,val,ja,zh,复杂,「复杂」の反対は「,简单,4,7,16.875,17.75,0.875
gemma-2-2b,63,freq,freq,ja,zh,复杂,「复杂」の反対は「,简单,4,6,16.875,16.25,-0.625
gemma-2-2b,64,desc,desc,ja,zh,有效,「有效」の反対は「,无效,2,4,18.125,17.5,-0.625
gemma-2-2b,64,desc,val,ja,zh,有效,「有效」の反対は「,无效,2,8,18.125,18.875,0.75
gemma-2-2b,64,desc,freq,ja,zh,有效,「有效」の反対は「,无效,2,1,18.125,20.875,2.75
gemma-2-2b,64,val,desc,ja,zh,有效,「有效」の反対は「,无效,2,25,18.125,19.5,1.375
gemma-2-2b,64,val,val,ja,zh,有效,「有效」の反対は「,无效,2,22,18.125,19.125,1.0
gemma-2-2b,64,val,freq,ja,zh,有效,「有效」の反対は「,无效,2,5,18.125,21.625,3.5
gemma-2-2b,64,freq,desc,ja,zh,有效,「有效」の反対は「,无效,2,4,18.125,17.25,-0.875
gemma-2-2b,64,freq,val,ja,zh,有效,「有效」の反対は「,无效,2,4,18.125,17.875,-0.25
gemma-2-2b,64,freq,freq,ja,zh,有效,「有效」の反対は「,无效,2,3,18.125,17.75,-0.375
gemma-2-2b,65,desc,desc,ja,zh,著名,「著名」の反対は「,不为人知,0,0,17.875,18.25,0.375
gemma-2-2b,65,desc,val,ja,zh,著名,「著名」の反対は「,不为人知,0,0,17.875,21.5,3.625
gemma-2-2b,65,desc,freq,ja,zh,著名,「著名」の反対は「,不为人知,0,0,17.875,19.875,2.0
gemma-2-2b,65,val,desc,ja,zh,著名,「著名」の反対は「,不为人知,0,0,17.875,23.0,5.125
gemma-2-2b,65,val,val,ja,zh,著名,「著名」の反対は「,不为人知,0,0,17.875,22.5,4.625
gemma-2-2b,65,val,freq,ja,zh,著名,「著名」の反対は「,不为人知,0,1,17.875,23.125,5.25
gemma-2-2b,65,freq,desc,ja,zh,著名,「著名」の反対は「,不为人知,0,0,17.875,18.5,0.625
gemma-2-2b,65,freq,val,ja,zh,著名,「著名」の反対は「,不为人知,0,0,17.875,20.5,2.625
gemma-2-2b,65,freq,freq,ja,zh,著名,「著名」の反対は「,不为人知,0,0,17.875,18.125,0.25
gemma-2-2b,66,desc,desc,ja,zh,慷慨,「慷慨」の反対は「,吝啬,0,0,17.5,17.75,0.25
gemma-2-2b,66,desc,val,ja,zh,慷慨,「慷慨」の反対は「,吝啬,0,0,17.5,20.25,2.75
gemma-2-2b,66,desc,freq,ja,zh,慷慨,「慷慨」の反対は「,吝啬,0,0,17.5,18.5,1.0
gemma-2-2b,66,val,desc,ja,zh,慷慨,「慷慨」の反対は「,吝啬,0,2,17.5,20.625,3.125
gemma-2-2b,66,val,val,ja,zh,慷慨,「慷慨」の反対は「,吝啬,0,0,17.5,20.75,3.25
gemma-2-2b,66,val,freq,ja,zh,慷慨,「慷慨」の反対は「,吝啬,0,7,17.5,18.25,0.75
gemma-2-2b,66,freq,desc,ja,zh,慷慨,「慷慨」の反対は「,吝啬,0,0,17.5,17.125,-0.375
gemma-2-2b,66,freq,val,ja,zh,慷慨,「慷慨」の反対は「,吝啬,0,0,17.5,17.875,0.375
gemma-2-2b,66,freq,freq,ja,zh,慷慨,「慷慨」の反対は「,吝啬,0,0,17.5,17.5,0.0
gemma-2-2b,67,desc,desc,ja,zh,高兴,「高兴」の反対は「,不高兴,0,0,16.25,17.5,1.25
gemma-2-2b,67,desc,val,ja,zh,高兴,「高兴」の反対は「,不高兴,0,0,16.25,20.25,4.0
gemma-2-2b,67,desc,freq,ja,zh,高兴,「高兴」の反対は「,不高兴,0,0,16.25,18.0,1.75
gemma-2-2b,67,val,desc,ja,zh,高兴,「高兴」の反対は「,不高兴,0,0,16.25,23.125,6.875
gemma-2-2b,67,val,val,ja,zh,高兴,「高兴」の反対は「,不高兴,0,0,16.25,22.5,6.25
gemma-2-2b,67,val,freq,ja,zh,高兴,「高兴」の反対は「,不高兴,0,1,16.25,21.125,4.875
gemma-2-2b,67,freq,desc,ja,zh,高兴,「高兴」の反対は「,不高兴,0,0,16.25,17.75,1.5
gemma-2-2b,67,freq,val,ja,zh,高兴,「高兴」の反対は「,不高兴,0,0,16.25,19.75,3.5
gemma-2-2b,67,freq,freq,ja,zh,高兴,「高兴」の反対は「,不高兴,0,0,16.25,17.5,1.25
gemma-2-2b,68,desc,desc,ja,zh,健康,「健康」の反対は「,不健康,2,2,16.875,18.125,1.25
gemma-2-2b,68,desc,val,ja,zh,健康,「健康」の反対は「,不健康,2,0,16.875,20.75,3.875
gemma-2-2b,68,desc,freq,ja,zh,健康,「健康」の反対は「,不健康,2,0,16.875,20.0,3.125
gemma-2-2b,68,val,desc,ja,zh,健康,「健康」の反対は「,不健康,2,0,16.875,21.875,5.0
gemma-2-2b,68,val,val,ja,zh,健康,「健康」の反対は「,不健康,2,0,16.875,21.25,4.375
gemma-2-2b,68,val,freq,ja,zh,健康,「健康」の反対は「,不健康,2,0,16.875,22.625,5.75
gemma-2-2b,68,freq,desc,ja,zh,健康,「健康」の反対は「,不健康,2,0,16.875,18.125,1.25
gemma-2-2b,68,freq,val,ja,zh,健康,「健康」の反対は「,不健康,2,0,16.875,19.25,2.375
gemma-2-2b,68,freq,freq,ja,zh,健康,「健康」の反対は「,不健康,2,2,16.875,17.375,0.5
gemma-2-2b,69,desc,desc,ja,zh,高,「高」の反対は「,低,0,0,18.875,20.125,1.25
gemma-2-2b,69,desc,val,ja,zh,高,「高」の反対は「,低,0,0,18.875,21.0,2.125
gemma-2-2b,69,desc,freq,ja,zh,高,「高」の反対は「,低,0,0,18.875,19.25,0.375
gemma-2-2b,69,val,desc,ja,zh,高,「高」の反対は「,低,0,0,18.875,23.75,4.875
gemma-2-2b,69,val,val,ja,zh,高,「高」の反対は「,低,0,0,18.875,23.5,4.625
gemma-2-2b,69,val,freq,ja,zh,高,「高」の反対は「,低,0,0,18.875,21.5,2.625
gemma-2-2b,69,freq,desc,ja,zh,高,「高」の反対は「,低,0,0,18.875,19.5,0.625
gemma-2-2b,69,freq,val,ja,zh,高,「高」の反対は「,低,0,0,18.875,20.5,1.625
gemma-2-2b,69,freq,freq,ja,zh,高,「高」の反対は「,低,0,0,18.875,18.75,-0.125
gemma-2-2b,70,desc,desc,ja,zh,重要,「重要」の反対は「,不重要,0,1,18.875,19.125,0.25
gemma-2-2b,70,desc,val,ja,zh,重要,「重要」の反対は「,不重要,0,1,18.875,21.625,2.75
gemma-2-2b,70,desc,freq,ja,zh,重要,「重要」の反対は「,不重要,0,1,18.875,21.375,2.5
gemma-2-2b,70,val,desc,ja,zh,重要,「重要」の反対は「,不重要,0,1,18.875,22.875,4.0
gemma-2-2b,70,val,val,ja,zh,重要,「重要」の反対は「,不重要,0,1,18.875,22.125,3.25
gemma-2-2b,70,val,freq,ja,zh,重要,「重要」の反対は「,不重要,0,2,18.875,23.125,4.25
gemma-2-2b,70,freq,desc,ja,zh,重要,「重要」の反対は「,不重要,0,1,18.875,19.25,0.375
gemma-2-2b,70,freq,val,ja,zh,重要,「重要」の反対は「,不重要,0,0,18.875,20.375,1.5
gemma-2-2b,70,freq,freq,ja,zh,重要,「重要」の反対は「,不重要,0,2,18.875,18.75,-0.125
gemma-2-2b,71,desc,desc,ja,zh,无辜,「无辜」の反対は「,有罪,1,1,16.5,17.5,1.0
gemma-2-2b,71,desc,val,ja,zh,无辜,「无辜」の反対は「,有罪,1,0,16.5,21.5,5.0
gemma-2-2b,71,desc,freq,ja,zh,无辜,「无辜」の反対は「,有罪,1,0,16.5,19.5,3.0
gemma-2-2b,71,val,desc,ja,zh,无辜,「无辜」の反対は「,有罪,1,0,16.5,23.5,7.0
gemma-2-2b,71,val,val,ja,zh,无辜,「无辜」の反対は「,有罪,1,0,16.5,22.375,5.875
gemma-2-2b,71,val,freq,ja,zh,无辜,「无辜」の反対は「,有罪,1,0,16.5,21.875,5.375
gemma-2-2b,71,freq,desc,ja,zh,无辜,「无辜」の反対は「,有罪,1,1,16.5,17.5,1.0
gemma-2-2b,71,freq,val,ja,zh,无辜,「无辜」の反対は「,有罪,1,0,16.5,19.75,3.25
gemma-2-2b,71,freq,freq,ja,zh,无辜,「无辜」の反対は「,有罪,1,1,16.5,17.0,0.5
gemma-2-2b,72,desc,desc,ja,zh,已知,「已知」の反対は「,未知,0,0,18.875,19.5,0.625
gemma-2-2b,72,desc,val,ja,zh,已知,「已知」の反対は「,未知,0,0,18.875,21.0,2.125
gemma-2-2b,72,desc,freq,ja,zh,已知,「已知」の反対は「,未知,0,0,18.875,19.0,0.125
gemma-2-2b,72,val,desc,ja,zh,已知,「已知」の反対は「,未知,0,2,18.875,22.625,3.75
gemma-2-2b,72,val,val,ja,zh,已知,「已知」の反対は「,未知,0,5,18.875,21.625,2.75
gemma-2-2b,72,val,freq,ja,zh,已知,「已知」の反対は「,未知,0,1,18.875,20.0,1.125
gemma-2-2b,72,freq,desc,ja,zh,已知,「已知」の反対は「,未知,0,0,18.875,18.75,-0.125
gemma-2-2b,72,freq,val,ja,zh,已知,「已知」の反対は「,未知,0,0,18.875,19.5,0.625
gemma-2-2b,72,freq,freq,ja,zh,已知,「已知」の反対は「,未知,0,0,18.875,19.0,0.125
gemma-2-2b,73,desc,desc,ja,zh,男性,「男性」の反対は「,女性,0,0,19.125,20.5,1.375
gemma-2-2b,73,desc,val,ja,zh,男性,「男性」の反対は「,女性,0,0,19.125,21.75,2.625
gemma-2-2b,73,desc,freq,ja,zh,男性,「男性」の反対は「,女性,0,0,19.125,18.5,-0.625
gemma-2-2b,73,val,desc,ja,zh,男性,「男性」の反対は「,女性,0,0,19.125,22.5,3.375
gemma-2-2b,73,val,val,ja,zh,男性,「男性」の反対は「,女性,0,0,19.125,22.25,3.125
gemma-2-2b,73,val,freq,ja,zh,男性,「男性」の反対は「,女性,0,0,19.125,19.5,0.375
gemma-2-2b,73,freq,desc,ja,zh,男性,「男性」の反対は「,女性,0,0,19.125,19.75,0.625
gemma-2-2b,73,freq,val,ja,zh,男性,「男性」の反対は「,女性,0,0,19.125,20.0,0.875
gemma-2-2b,73,freq,freq,ja,zh,男性,「男性」の反対は「,女性,0,0,19.125,19.5,0.375
gemma-2-2b,74,desc,desc,ja,zh,正常,「正常」の反対は「,不正常,1,1,18.75,19.75,1.0
gemma-2-2b,74,desc,val,ja,zh,正常,「正常」の反対は「,不正常,1,0,18.75,22.5,3.75
gemma-2-2b,74,desc,freq,ja,zh,正常,「正常」の反対は「,不正常,1,0,18.75,21.125,2.375
gemma-2-2b,74,val,desc,ja,zh,正常,「正常」の反対は「,不正常,1,0,18.75,24.0,5.25
gemma-2-2b,74,val,val,ja,zh,正常,「正常」の反対は「,不正常,1,1,18.75,22.75,4.0
gemma-2-2b,74,val,freq,ja,zh,正常,「正常」の反対は「,不正常,1,0,18.75,23.0,4.25
gemma-2-2b,74,freq,desc,ja,zh,正常,「正常」の反対は「,不正常,1,1,18.75,19.75,1.0
gemma-2-2b,74,freq,val,ja,zh,正常,「正常」の反対は「,不正常,1,1,18.75,21.0,2.25
gemma-2-2b,74,freq,freq,ja,zh,正常,「正常」の反対は「,不正常,1,1,18.75,19.25,0.5
gemma-2-2b,75,desc,desc,ja,zh,可能,「可能」の反対は「,不可能,0,0,20.75,21.0,0.25
gemma-2-2b,75,desc,val,ja,zh,可能,「可能」の反対は「,不可能,0,0,20.75,22.625,1.875
gemma-2-2b,75,desc,freq,ja,zh,可能,「可能」の反対は「,不可能,0,0,20.75,19.25,-1.5
gemma-2-2b,75,val,desc,ja,zh,可能,「可能」の反対は「,不可能,0,0,20.75,23.125,2.375
gemma-2-2b,75,val,val,ja,zh,可能,「可能」の反対は「,不可能,0,0,20.75,22.125,1.375
gemma-2-2b,75,val,freq,ja,zh,可能,「可能」の反対は「,不可能,0,3,20.75,19.125,-1.625
gemma-2-2b,75,freq,desc,ja,zh,可能,「可能」の反対は「,不可能,0,0,20.75,20.0,-0.75
gemma-2-2b,75,freq,val,ja,zh,可能,「可能」の反対は「,不可能,0,0,20.75,20.25,-0.5
gemma-2-2b,75,freq,freq,ja,zh,可能,「可能」の反対は「,不可能,0,0,20.75,20.375,-0.375
gemma-2-2b,76,desc,desc,ja,zh,私人,「私人」の反対は「,公共,1,1,18.875,19.5,0.625
gemma-2-2b,76,desc,val,ja,zh,私人,「私人」の反対は「,公共,1,2,18.875,21.125,2.25
gemma-2-2b,76,desc,freq,ja,zh,私人,「私人」の反対は「,公共,1,2,18.875,18.125,-0.75
gemma-2-2b,76,val,desc,ja,zh,私人,「私人」の反対は「,公共,1,2,18.875,23.5,4.625
gemma-2-2b,76,val,val,ja,zh,私人,「私人」の反対は「,公共,1,2,18.875,22.5,3.625
gemma-2-2b,76,val,freq,ja,zh,私人,「私人」の反対は「,公共,1,2,18.875,21.75,2.875
gemma-2-2b,76,freq,desc,ja,zh,私人,「私人」の反対は「,公共,1,1,18.875,19.0,0.125
gemma-2-2b,76,freq,val,ja,zh,私人,「私人」の反対は「,公共,1,1,18.875,20.125,1.25
gemma-2-2b,76,freq,freq,ja,zh,私人,「私人」の反対は「,公共,1,1,18.875,18.75,-0.125
gemma-2-2b,77,desc,desc,ja,zh,对,「对」の反対は「,错,82,196,12.875,12.4375,-0.4375
gemma-2-2b,77,desc,val,ja,zh,对,「对」の反対は「,错,82,62,12.875,15.5,2.625
gemma-2-2b,77,desc,freq,ja,zh,对,「对」の反対は「,错,82,2,12.875,16.625,3.75
gemma-2-2b,77,val,desc,ja,zh,对,「对」の反対は「,错,82,170,12.875,16.375,3.5
gemma-2-2b,77,val,val,ja,zh,对,「对」の反対は「,错,82,491,12.875,13.625,0.75
gemma-2-2b,77,val,freq,ja,zh,对,「对」の反対は「,错,82,12,12.875,15.6875,2.8125
gemma-2-2b,77,freq,desc,ja,zh,对,「对」の反対は「,错,82,125,12.875,13.0,0.125
gemma-2-2b,77,freq,val,ja,zh,对,「对」の反対は「,错,82,174,12.875,12.9375,0.0625
gemma-2-2b,77,freq,freq,ja,zh,对,「对」の反対は「,错,82,111,12.875,12.8125,-0.0625
gemma-2-2b,78,desc,desc,ja,zh,简单,「简单」の反対は「,复杂,13,23,15.375,15.6875,0.3125
gemma-2-2b,78,desc,val,ja,zh,简单,「简单」の反対は「,复杂,13,34,15.375,17.125,1.75
gemma-2-2b,78,desc,freq,ja,zh,简单,「简单」の反対は「,复杂,13,5,15.375,18.875,3.5
gemma-2-2b,78,val,desc,ja,zh,简单,「简单」の反対は「,复杂,13,112,15.375,17.875,2.5
gemma-2-2b,78,val,val,ja,zh,简单,「简单」の反対は「,复杂,13,136,15.375,16.625,1.25
gemma-2-2b,78,val,freq,ja,zh,简单,「简单」の反対は「,复杂,13,16,15.375,20.0,4.625
gemma-2-2b,78,freq,desc,ja,zh,简单,「简单」の反対は「,复杂,13,33,15.375,14.6875,-0.6875
gemma-2-2b,78,freq,val,ja,zh,简单,「简单」の反対は「,复杂,13,78,15.375,14.75,-0.625
gemma-2-2b,78,freq,freq,ja,zh,简单,「简单」の反対は「,复杂,13,29,15.375,14.4375,-0.9375
gemma-2-2b,79,desc,desc,ja,zh,甜,「甜」の反対は「,苦,0,0,15.0,17.25,2.25
gemma-2-2b,79,desc,val,ja,zh,甜,「甜」の反対は「,苦,0,0,15.0,18.125,3.125
gemma-2-2b,79,desc,freq,ja,zh,甜,「甜」の反対は「,苦,0,0,15.0,13.625,-1.375
gemma-2-2b,79,val,desc,ja,zh,甜,「甜」の反対は「,苦,0,1,15.0,20.875,5.875
gemma-2-2b,79,val,val,ja,zh,甜,「甜」の反対は「,苦,0,0,15.0,20.0,5.0
gemma-2-2b,79,val,freq,ja,zh,甜,「甜」の反対は「,苦,0,3,15.0,15.5625,0.5625
gemma-2-2b,79,freq,desc,ja,zh,甜,「甜」の反対は「,苦,0,0,15.0,16.375,1.375
gemma-2-2b,79,freq,val,ja,zh,甜,「甜」の反対は「,苦,0,0,15.0,16.75,1.75
gemma-2-2b,79,freq,freq,ja,zh,甜,「甜」の反対は「,苦,0,0,15.0,15.5625,0.5625
gemma-2-2b,80,desc,desc,ja,zh,可见,「可见」の反対は「,不可见,0,0,17.125,17.625,0.5
gemma-2-2b,80,desc,val,ja,zh,可见,「可见」の反対は「,不可见,0,0,17.125,20.625,3.5
gemma-2-2b,80,desc,freq,ja,zh,可见,「可见」の反対は「,不可见,0,0,17.125,17.875,0.75
gemma-2-2b,80,val,desc,ja,zh,可见,「可见」の反対は「,不可见,0,0,17.125,22.25,5.125
gemma-2-2b,80,val,val,ja,zh,可见,「可见」の反対は「,不可见,0,0,17.125,21.875,4.75
gemma-2-2b,80,val,freq,ja,zh,可见,「可见」の反対は「,不可见,0,0,17.125,20.625,3.5
gemma-2-2b,80,freq,desc,ja,zh,可见,「可见」の反対は「,不可见,0,0,17.125,17.875,0.75
gemma-2-2b,80,freq,val,ja,zh,可见,「可见」の反対は「,不可见,0,0,17.125,19.375,2.25
gemma-2-2b,80,freq,freq,ja,zh,可见,「可见」の反対は「,不可见,0,0,17.125,17.75,0.625
gemma-2-2b,81,desc,desc,ja,zh,暖和,「暖和」の反対は「,冷,1,1,18.0,19.75,1.75
gemma-2-2b,81,desc,val,ja,zh,暖和,「暖和」の反対は「,冷,1,2,18.0,20.75,2.75
gemma-2-2b,81,desc,freq,ja,zh,暖和,「暖和」の反対は「,冷,1,0,18.0,19.875,1.875
gemma-2-2b,81,val,desc,ja,zh,暖和,「暖和」の反対は「,冷,1,2,18.0,22.25,4.25
gemma-2-2b,81,val,val,ja,zh,暖和,「暖和」の反対は「,冷,1,3,18.0,21.125,3.125
gemma-2-2b,81,val,freq,ja,zh,暖和,「暖和」の反対は「,冷,1,0,18.0,22.0,4.0
gemma-2-2b,81,freq,desc,ja,zh,暖和,「暖和」の反対は「,冷,1,1,18.0,18.5,0.5
gemma-2-2b,81,freq,val,ja,zh,暖和,「暖和」の反対は「,冷,1,2,18.0,19.125,1.125
gemma-2-2b,81,freq,freq,ja,zh,暖和,「暖和」の反対は「,冷,1,1,18.0,18.125,0.125
gemma-2-2b,82,desc,desc,ja,zh,光滑,「光滑」の反対は「,粗糙,3,5,15.5625,16.375,0.8125
gemma-2-2b,82,desc,val,ja,zh,光滑,「光滑」の反対は「,粗糙,3,9,15.5625,17.25,1.6875
gemma-2-2b,82,desc,freq,ja,zh,光滑,「光滑」の反対は「,粗糙,3,4,15.5625,18.75,3.1875
gemma-2-2b,82,val,desc,ja,zh,光滑,「光滑」の反対は「,粗糙,3,16,15.5625,19.0,3.4375
gemma-2-2b,82,val,val,ja,zh,光滑,「光滑」の反対は「,粗糙,3,21,15.5625,17.625,2.0625
gemma-2-2b,82,val,freq,ja,zh,光滑,「光滑」の反対は「,粗糙,3,4,15.5625,21.125,5.5625
gemma-2-2b,82,freq,desc,ja,zh,光滑,「光滑」の反対は「,粗糙,3,3,15.5625,16.0,0.4375
gemma-2-2b,82,freq,val,ja,zh,光滑,「光滑」の反対は「,粗糙,3,12,15.5625,15.8125,0.25
gemma-2-2b,82,freq,freq,ja,zh,光滑,「光滑」の反対は「,粗糙,3,2,15.5625,16.125,0.5625
gemma-2-2b,83,desc,desc,ja,zh,薄,「薄」の反対は「,厚,0,0,19.75,21.0,1.25
gemma-2-2b,83,desc,val,ja,zh,薄,「薄」の反対は「,厚,0,0,19.75,21.375,1.625
gemma-2-2b,83,desc,freq,ja,zh,薄,「薄」の反対は「,厚,0,0,19.75,19.125,-0.625
gemma-2-2b,83,val,desc,ja,zh,薄,「薄」の反対は「,厚,0,0,19.75,24.125,4.375
gemma-2-2b,83,val,val,ja,zh,薄,「薄」の反対は「,厚,0,0,19.75,23.125,3.375
gemma-2-2b,83,val,freq,ja,zh,薄,「薄」の反対は「,厚,0,0,19.75,21.75,2.0
gemma-2-2b,83,freq,desc,ja,zh,薄,「薄」の反対は「,厚,0,0,19.75,20.0,0.25
gemma-2-2b,83,freq,val,ja,zh,薄,「薄」の反対は「,厚,0,0,19.75,20.25,0.5
gemma-2-2b,83,freq,freq,ja,zh,薄,「薄」の反対は「,厚,0,0,19.75,19.875,0.125
gemma-2-2b,84,desc,desc,ja,zh,高,「高」の反対は「,矮,11,18,13.1875,13.4375,0.25
gemma-2-2b,84,desc,val,ja,zh,高,「高」の反対は「,矮,11,17,13.1875,15.0,1.8125
gemma-2-2b,84,desc,freq,ja,zh,高,「高」の反対は「,矮,11,36,13.1875,12.125,-1.0625
gemma-2-2b,84,val,desc,ja,zh,高,「高」の反対は「,矮,11,27,13.1875,17.5,4.3125
gemma-2-2b,84,val,val,ja,zh,高,「高」の反対は「,矮,11,53,13.1875,16.25,3.0625
gemma-2-2b,84,val,freq,ja,zh,高,「高」の反対は「,矮,11,93,13.1875,13.0,-0.1875
gemma-2-2b,84,freq,desc,ja,zh,高,「高」の反対は「,矮,11,13,13.1875,13.1875,0.0
gemma-2-2b,84,freq,val,ja,zh,高,「高」の反対は「,矮,11,21,13.1875,13.6875,0.5
gemma-2-2b,84,freq,freq,ja,zh,高,「高」の反対は「,矮,11,11,13.1875,13.0,-0.1875
gemma-2-2b,85,desc,desc,ja,zh,已婚,「已婚」の反対は「,未婚,0,0,18.125,18.875,0.75
gemma-2-2b,85,desc,val,ja,zh,已婚,「已婚」の反対は「,未婚,0,0,18.125,21.0,2.875
gemma-2-2b,85,desc,freq,ja,zh,已婚,「已婚」の反対は「,未婚,0,0,18.125,18.375,0.25
gemma-2-2b,85,val,desc,ja,zh,已婚,「已婚」の反対は「,未婚,0,0,18.125,23.25,5.125
gemma-2-2b,85,val,val,ja,zh,已婚,「已婚」の反対は「,未婚,0,0,18.125,22.875,4.75
gemma-2-2b,85,val,freq,ja,zh,已婚,「已婚」の反対は「,未婚,0,0,18.125,22.25,4.125
gemma-2-2b,85,freq,desc,ja,zh,已婚,「已婚」の反対は「,未婚,0,0,18.125,18.625,0.5
gemma-2-2b,85,freq,val,ja,zh,已婚,「已婚」の反対は「,未婚,0,0,18.125,20.125,2.0
gemma-2-2b,85,freq,freq,ja,zh,已婚,「已婚」の反対は「,未婚,0,0,18.125,18.125,0.0
gemma-2-2b,86,desc,desc,ja,zh,乐观,「乐观」の反対は「,悲观,0,0,15.375,16.5,1.125
gemma-2-2b,86,desc,val,ja,zh,乐观,「乐观」の反対は「,悲观,0,0,15.375,19.75,4.375
gemma-2-2b,86,desc,freq,ja,zh,乐观,「乐观」の反対は「,悲观,0,0,15.375,15.6875,0.3125
gemma-2-2b,86,val,desc,ja,zh,乐观,「乐观」の反対は「,悲观,0,0,15.375,21.875,6.5
gemma-2-2b,86,val,val,ja,zh,乐观,「乐观」の反対は「,悲观,0,0,15.375,21.625,6.25
gemma-2-2b,86,val,freq,ja,zh,乐观,「乐观」の反対は「,悲观,0,0,15.375,20.5,5.125
gemma-2-2b,86,freq,desc,ja,zh,乐观,「乐观」の反対は「,悲观,0,0,15.375,16.625,1.25
gemma-2-2b,86,freq,val,ja,zh,乐观,「乐观」の反対は「,悲观,0,0,15.375,19.125,3.75
gemma-2-2b,86,freq,freq,ja,zh,乐观,「乐观」の反対は「,悲观,0,0,15.375,16.5,1.125
gemma-2-2b,87,desc,desc,ja,zh,永久,「永久」の反対は「,临时,501,1016,10.125,9.6875,-0.4375
gemma-2-2b,87,desc,val,ja,zh,永久,「永久」の反対は「,临时,501,1072,10.125,10.9375,0.8125
gemma-2-2b,87,desc,freq,ja,zh,永久,「永久」の反対は「,临时,501,77,10.125,12.75,2.625
gemma-2-2b,87,val,desc,ja,zh,永久,「永久」の反対は「,临时,501,2394,10.125,10.4375,0.3125
gemma-2-2b,87,val,val,ja,zh,永久,「永久」の反対は「,临时,501,5307,10.125,9.0625,-1.0625
gemma-2-2b,87,val,freq,ja,zh,永久,「永久」の反対は「,临时,501,154,10.125,14.75,4.625
gemma-2-2b,87,freq,desc,ja,zh,永久,「永久」の反対は「,临时,501,814,10.125,9.5625,-0.5625
gemma-2-2b,87,freq,val,ja,zh,永久,「永久」の反対は「,临时,501,902,10.125,10.625,0.5
gemma-2-2b,87,freq,freq,ja,zh,永久,「永久」の反対は「,临时,501,583,10.125,9.875,-0.25
gemma-2-2b,88,desc,desc,ja,zh,现在,「现在」の反対は「,过去,19,20,17.125,17.875,0.75
gemma-2-2b,88,desc,val,ja,zh,现在,「现在」の反対は「,过去,19,2,17.125,20.875,3.75
gemma-2-2b,88,desc,freq,ja,zh,现在,「现在」の反対は「,过去,19,2,17.125,20.5,3.375
gemma-2-2b,88,val,desc,ja,zh,现在,「现在」の反対は「,过去,19,10,17.125,21.5,4.375
gemma-2-2b,88,val,val,ja,zh,现在,「现在」の反対は「,过去,19,33,17.125,19.875,2.75
gemma-2-2b,88,val,freq,ja,zh,现在,「现在」の反対は「,过去,19,3,17.125,22.125,5.0
gemma-2-2b,88,freq,desc,ja,zh,现在,「现在」の反対は「,过去,19,17,17.125,17.75,0.625
gemma-2-2b,88,freq,val,ja,zh,现在,「现在」の反対は「,过去,19,17,17.125,18.25,1.125
gemma-2-2b,88,freq,freq,ja,zh,现在,「现在」の反対は「,过去,19,23,17.125,17.125,0.0
gemma-2-2b,89,desc,desc,ja,zh,公共,「公共」の反対は「,私人,5,7,16.75,17.625,0.875
gemma-2-2b,89,desc,val,ja,zh,公共,「公共」の反対は「,私人,5,7,16.75,20.125,3.375
gemma-2-2b,89,desc,freq,ja,zh,公共,「公共」の反対は「,私人,5,2,16.75,18.25,1.5
gemma-2-2b,89,val,desc,ja,zh,公共,「公共」の反対は「,私人,5,29,16.75,20.0,3.25
gemma-2-2b,89,val,val,ja,zh,公共,「公共」の反対は「,私人,5,23,16.75,20.0,3.25
gemma-2-2b,89,val,freq,ja,zh,公共,「公共」の反対は「,私人,5,19,16.75,19.75,3.0
gemma-2-2b,89,freq,desc,ja,zh,公共,「公共」の反対は「,私人,5,8,16.75,16.75,0.0
gemma-2-2b,89,freq,val,ja,zh,公共,「公共」の反対は「,私人,5,11,16.75,18.25,1.5
gemma-2-2b,89,freq,freq,ja,zh,公共,「公共」の反対は「,私人,5,6,16.75,16.75,0.0
gemma-2-2b,90,desc,desc,ja,zh,真实,「真实」の反対は「,虚假,0,0,18.75,19.125,0.375
gemma-2-2b,90,desc,val,ja,zh,真实,「真实」の反対は「,虚假,0,0,18.75,21.125,2.375
gemma-2-2b,90,desc,freq,ja,zh,真实,「真实」の反対は「,虚假,0,0,18.75,20.75,2.0
gemma-2-2b,90,val,desc,ja,zh,真实,「真实」の反対は「,虚假,0,2,18.75,22.0,3.25
gemma-2-2b,90,val,val,ja,zh,真实,「真实」の反対は「,虚假,0,0,18.75,21.625,2.875
gemma-2-2b,90,val,freq,ja,zh,真实,「真实」の反対は「,虚假,0,4,18.75,21.375,2.625
gemma-2-2b,90,freq,desc,ja,zh,真实,「真实」の反対は「,虚假,0,0,18.75,18.875,0.125
gemma-2-2b,90,freq,val,ja,zh,真实,「真实」の反対は「,虚假,0,0,18.75,19.25,0.5
gemma-2-2b,90,freq,freq,ja,zh,真实,「真实」の反対は「,虚假,0,0,18.75,19.0,0.25
gemma-2-2b,91,desc,desc,ja,zh,负责,「负责」の反対は「,不负责,1,1,18.25,18.875,0.625
gemma-2-2b,91,desc,val,ja,zh,负责,「负责」の反対は「,不负责,1,0,18.25,22.25,4.0
gemma-2-2b,91,desc,freq,ja,zh,负责,「负责」の反対は「,不负责,1,0,18.25,21.625,3.375
gemma-2-2b,91,val,desc,ja,zh,负责,「负责」の反対は「,不负责,1,0,18.25,23.5,5.25
gemma-2-2b,91,val,val,ja,zh,负责,「负责」の反対は「,不负责,1,0,18.25,22.625,4.375
gemma-2-2b,91,val,freq,ja,zh,负责,「负责」の反対は「,不负责,1,0,18.25,23.5,5.25
gemma-2-2b,91,freq,desc,ja,zh,负责,「负责」の反対は「,不负责,1,1,18.25,18.875,0.625
gemma-2-2b,91,freq,val,ja,zh,负责,「负责」の反対は「,不负责,1,1,18.25,20.875,2.625
gemma-2-2b,91,freq,freq,ja,zh,负责,「负责」の反対は「,不负责,1,1,18.25,18.5,0.25
gemma-2-2b,92,desc,desc,ja,zh,单身,「单身」の反対は「,已婚,62,128,10.875,11.125,0.25
gemma-2-2b,92,desc,val,ja,zh,单身,「单身」の反対は「,已婚,62,48,10.875,14.0625,3.1875
gemma-2-2b,92,desc,freq,ja,zh,单身,「单身」の反対は「,已婚,62,4,10.875,17.0,6.125
gemma-2-2b,92,val,desc,ja,zh,单身,「单身」の反対は「,已婚,62,33,10.875,16.5,5.625
gemma-2-2b,92,val,val,ja,zh,单身,「单身」の反対は「,已婚,62,203,10.875,13.25,2.375
gemma-2-2b,92,val,freq,ja,zh,单身,「单身」の反対は「,已婚,62,6,10.875,19.5,8.625
gemma-2-2b,92,freq,desc,ja,zh,单身,「单身」の反対は「,已婚,62,88,10.875,11.3125,0.4375
gemma-2-2b,92,freq,val,ja,zh,单身,「单身」の反対は「,已婚,62,88,10.875,12.25,1.375
gemma-2-2b,92,freq,freq,ja,zh,单身,「单身」の反対は「,已婚,62,81,10.875,10.875,0.0
gemma-2-2b,93,desc,desc,ja,zh,酸,「酸」の反対は「,甜,9,13,10.8125,13.0625,2.25
gemma-2-2b,93,desc,val,ja,zh,酸,「酸」の反対は「,甜,9,11,10.8125,15.0,4.1875
gemma-2-2b,93,desc,freq,ja,zh,酸,「酸」の反対は「,甜,9,3,10.8125,13.625,2.8125
gemma-2-2b,93,val,desc,ja,zh,酸,「酸」の反対は「,甜,9,40,10.8125,14.9375,4.125
gemma-2-2b,93,val,val,ja,zh,酸,「酸」の反対は「,甜,9,58,10.8125,13.625,2.8125
gemma-2-2b,93,val,freq,ja,zh,酸,「酸」の反対は「,甜,9,20,10.8125,12.75,1.9375
gemma-2-2b,93,freq,desc,ja,zh,酸,「酸」の反対は「,甜,9,11,10.8125,12.0,1.1875
gemma-2-2b,93,freq,val,ja,zh,酸,「酸」の反対は「,甜,9,25,10.8125,11.75,0.9375
gemma-2-2b,93,freq,freq,ja,zh,酸,「酸」の反対は「,甜,9,9,10.8125,11.25,0.4375
gemma-2-2b,94,desc,desc,ja,zh,有用,「有用」の反対は「,没用,5,19,15.5625,14.9375,-0.625
gemma-2-2b,94,desc,val,ja,zh,有用,「有用」の反対は「,没用,5,4,15.5625,19.0,3.4375
gemma-2-2b,94,desc,freq,ja,zh,有用,「有用」の反対は「,没用,5,2,15.5625,18.0,2.4375
gemma-2-2b,94,val,desc,ja,zh,有用,「有用」の反対は「,没用,5,5,15.5625,20.0,4.4375
gemma-2-2b,94,val,val,ja,zh,有用,「有用」の反対は「,没用,5,12,15.5625,19.125,3.5625
gemma-2-2b,94,val,freq,ja,zh,有用,「有用」の反対は「,没用,5,6,15.5625,19.5,3.9375
gemma-2-2b,94,freq,desc,ja,zh,有用,「有用」の反対は「,没用,5,9,15.5625,15.8125,0.25
gemma-2-2b,94,freq,val,ja,zh,有用,「有用」の反対は「,没用,5,6,15.5625,17.125,1.5625
gemma-2-2b,94,freq,freq,ja,zh,有用,「有用」の反対は「,没用,5,6,15.5625,15.6875,0.125
gemma-2-2b,95,desc,desc,ja,zh,垂直,「垂直」の反対は「,水平,0,0,18.125,19.125,1.0
gemma-2-2b,95,desc,val,ja,zh,垂直,「垂直」の反対は「,水平,0,0,18.125,20.75,2.625
gemma-2-2b,95,desc,freq,ja,zh,垂直,「垂直」の反対は「,水平,0,0,18.125,15.5625,-2.5625
gemma-2-2b,95,val,desc,ja,zh,垂直,「垂直」の反対は「,水平,0,0,18.125,22.375,4.25
gemma-2-2b,95,val,val,ja,zh,垂直,「垂直」の反対は「,水平,0,0,18.125,22.375,4.25
gemma-2-2b,95,val,freq,ja,zh,垂直,「垂直」の反対は「,水平,0,0,18.125,17.875,-0.25
gemma-2-2b,95,freq,desc,ja,zh,垂直,「垂直」の反対は「,水平,0,0,18.125,18.875,0.75
gemma-2-2b,95,freq,val,ja,zh,垂直,「垂直」の反対は「,水平,0,0,18.125,20.125,2.0
gemma-2-2b,95,freq,freq,ja,zh,垂直,「垂直」の反対は「,水平,0,0,18.125,18.625,0.5
gemma-2-2b,96,desc,desc,ja,zh,好,「好」の反対は「,差,31,37,11.5625,12.125,0.5625
gemma-2-2b,96,desc,val,ja,zh,好,「好」の反対は「,差,31,12,11.5625,15.0,3.4375
gemma-2-2b,96,desc,freq,ja,zh,好,「好」の反対は「,差,31,1,11.5625,15.375,3.8125
gemma-2-2b,96,val,desc,ja,zh,好,「好」の反対は「,差,31,9,11.5625,18.125,6.5625
gemma-2-2b,96,val,val,ja,zh,好,「好」の反対は「,差,31,90,11.5625,13.6875,2.125
gemma-2-2b,96,val,freq,ja,zh,好,「好」の反対は「,差,31,2,11.5625,17.75,6.1875
gemma-2-2b,96,freq,desc,ja,zh,好,「好」の反対は「,差,31,38,11.5625,12.5,0.9375
gemma-2-2b,96,freq,val,ja,zh,好,「好」の反対は「,差,31,66,11.5625,12.4375,0.875
gemma-2-2b,96,freq,freq,ja,zh,好,「好」の反対は「,差,31,34,11.5625,12.1875,0.625
gemma-2-2b,97,desc,desc,ja,zh,获胜,「获胜」の反対は「,失败,15,26,13.4375,13.3125,-0.125
gemma-2-2b,97,desc,val,ja,zh,获胜,「获胜」の反対は「,失败,15,14,13.4375,17.5,4.0625
gemma-2-2b,97,desc,freq,ja,zh,获胜,「获胜」の反対は「,失败,15,3,13.4375,17.5,4.0625
gemma-2-2b,97,val,desc,ja,zh,获胜,「获胜」の反対は「,失败,15,39,13.4375,18.625,5.1875
gemma-2-2b,97,val,val,ja,zh,获胜,「获胜」の反対は「,失败,15,153,13.4375,15.25,1.8125
gemma-2-2b,97,val,freq,ja,zh,获胜,「获胜」の反対は「,失败,15,19,13.4375,18.25,4.8125
gemma-2-2b,97,freq,desc,ja,zh,获胜,「获胜」の反対は「,失败,15,50,13.4375,12.25,-1.1875
gemma-2-2b,97,freq,val,ja,zh,获胜,「获胜」の反対は「,失败,15,91,13.4375,13.6875,0.25
gemma-2-2b,97,freq,freq,ja,zh,获胜,「获胜」の反対は「,失败,15,46,13.4375,12.3125,-1.125
gemma-2-2b,98,desc,desc,ja,zh,不善良,「不善良」の反対は「,善良,0,0,21.125,22.0,0.875
gemma-2-2b,98,desc,val,ja,zh,不善良,「不善良」の反対は「,善良,0,0,21.125,23.25,2.125
gemma-2-2b,98,desc,freq,ja,zh,不善良,「不善良」の反対は「,善良,0,0,21.125,21.75,0.625
gemma-2-2b,98,val,desc,ja,zh,不善良,「不善良」の反対は「,善良,0,2,21.125,23.375,2.25
gemma-2-2b,98,val,val,ja,zh,不善良,「不善良」の反対は「,善良,0,1,21.125,23.375,2.25
gemma-2-2b,98,val,freq,ja,zh,不善良,「不善良」の反対は「,善良,0,4,21.125,21.375,0.25
gemma-2-2b,98,freq,desc,ja,zh,不善良,「不善良」の反対は「,善良,0,0,21.125,20.75,-0.375
gemma-2-2b,98,freq,val,ja,zh,不善良,「不善良」の反対は「,善良,0,1,21.125,21.25,0.125
gemma-2-2b,98,freq,freq,ja,zh,不善良,「不善良」の反対は「,善良,0,0,21.125,20.875,-0.25
gemma-2-2b,99,desc,desc,ja,zh,懦弱,「懦弱」の反対は「,勇敢,0,2,17.75,18.25,0.5
gemma-2-2b,99,desc,val,ja,zh,懦弱,「懦弱」の反対は「,勇敢,0,2,17.75,20.0,2.25
gemma-2-2b,99,desc,freq,ja,zh,懦弱,「懦弱」の反対は「,勇敢,0,3,17.75,16.75,-1.0
gemma-2-2b,99,val,desc,ja,zh,懦弱,「懦弱」の反対は「,勇敢,0,4,17.75,19.875,2.125
gemma-2-2b,99,val,val,ja,zh,懦弱,「懦弱」の反対は「,勇敢,0,3,17.75,21.125,3.375
gemma-2-2b,99,val,freq,ja,zh,懦弱,「懦弱」の反対は「,勇敢,0,20,17.75,16.125,-1.625
gemma-2-2b,99,freq,desc,ja,zh,懦弱,「懦弱」の反対は「,勇敢,0,2,17.75,17.625,-0.125
gemma-2-2b,99,freq,val,ja,zh,懦弱,「懦弱」の反対は「,勇敢,0,2,17.75,18.75,1.0
gemma-2-2b,99,freq,freq,ja,zh,懦弱,「懦弱」の反対は「,勇敢,0,2,17.75,17.5,-0.25
