model,sample_idx,ablation_method,amplification_method,prompt_lang,adj_lang,adjective,prompt,tracked_target,baseline_adj_rank,combined_adj_rank,baseline_target_logit,combined_target_logit,delta_combined_logit
qwen3-4b,0,desc,desc,en,de,gut,"The opposite of ""gut"" is """,schlecht,971,971,8.75,8.75,0.0
qwen3-4b,0,desc,val,en,de,gut,"The opposite of ""gut"" is """,schlecht,971,499,8.75,10.3125,1.5625
qwen3-4b,0,desc,freq,en,de,gut,"The opposite of ""gut"" is """,schlecht,971,101,8.75,10.5,1.75
qwen3-4b,0,val,desc,en,de,gut,"The opposite of ""gut"" is """,schlecht,971,645,8.75,8.6875,-0.0625
qwen3-4b,0,val,val,en,de,gut,"The opposite of ""gut"" is """,schlecht,971,591,8.75,8.8125,0.0625
qwen3-4b,0,val,freq,en,de,gut,"The opposite of ""gut"" is """,schlecht,971,27,8.75,11.5,2.75
qwen3-4b,0,freq,desc,en,de,gut,"The opposite of ""gut"" is """,schlecht,971,941,8.75,8.8125,0.0625
qwen3-4b,0,freq,val,en,de,gut,"The opposite of ""gut"" is """,schlecht,971,698,8.75,10.125,1.375
qwen3-4b,0,freq,freq,en,de,gut,"The opposite of ""gut"" is """,schlecht,971,941,8.75,8.8125,0.0625
qwen3-4b,1,desc,desc,en,de,glücklich,"The opposite of ""glücklich"" is """,unglücklich,0,0,22.625,24.25,1.625
qwen3-4b,1,desc,val,en,de,glücklich,"The opposite of ""glücklich"" is """,unglücklich,0,1,22.625,23.25,0.625
qwen3-4b,1,desc,freq,en,de,glücklich,"The opposite of ""glücklich"" is """,unglücklich,0,0,22.625,22.625,0.0
qwen3-4b,1,val,desc,en,de,glücklich,"The opposite of ""glücklich"" is """,unglücklich,0,1,22.625,22.375,-0.25
qwen3-4b,1,val,val,en,de,glücklich,"The opposite of ""glücklich"" is """,unglücklich,0,0,22.625,22.375,-0.25
qwen3-4b,1,val,freq,en,de,glücklich,"The opposite of ""glücklich"" is """,unglücklich,0,1,22.625,21.125,-1.5
qwen3-4b,1,freq,desc,en,de,glücklich,"The opposite of ""glücklich"" is """,unglücklich,0,1,22.625,23.125,0.5
qwen3-4b,1,freq,val,en,de,glücklich,"The opposite of ""glücklich"" is """,unglücklich,0,1,22.625,22.0,-0.625
qwen3-4b,1,freq,freq,en,de,glücklich,"The opposite of ""glücklich"" is """,unglücklich,0,1,22.625,23.125,0.5
qwen3-4b,2,desc,desc,en,de,groß,"The opposite of ""groß"" is """,klein,0,0,22.5,23.0,0.5
qwen3-4b,2,desc,val,en,de,groß,"The opposite of ""groß"" is """,klein,0,0,22.5,23.125,0.625
qwen3-4b,2,desc,freq,en,de,groß,"The opposite of ""groß"" is """,klein,0,0,22.5,23.375,0.875
qwen3-4b,2,val,desc,en,de,groß,"The opposite of ""groß"" is """,klein,0,0,22.5,20.75,-1.75
qwen3-4b,2,val,val,en,de,groß,"The opposite of ""groß"" is """,klein,0,0,22.5,20.625,-1.875
qwen3-4b,2,val,freq,en,de,groß,"The opposite of ""groß"" is """,klein,0,0,22.5,20.875,-1.625
qwen3-4b,2,freq,desc,en,de,groß,"The opposite of ""groß"" is """,klein,0,0,22.5,22.0,-0.5
qwen3-4b,2,freq,val,en,de,groß,"The opposite of ""groß"" is """,klein,0,0,22.5,21.625,-0.875
qwen3-4b,2,freq,freq,en,de,groß,"The opposite of ""groß"" is """,klein,0,0,22.5,22.0,-0.5
qwen3-4b,3,desc,desc,en,de,heiß,"The opposite of ""heiß"" is """,kalt,0,0,26.375,26.0,-0.375
qwen3-4b,3,desc,val,en,de,heiß,"The opposite of ""heiß"" is """,kalt,0,0,26.375,26.0,-0.375
qwen3-4b,3,desc,freq,en,de,heiß,"The opposite of ""heiß"" is """,kalt,0,0,26.375,26.5,0.125
qwen3-4b,3,val,desc,en,de,heiß,"The opposite of ""heiß"" is """,kalt,0,0,26.375,24.125,-2.25
qwen3-4b,3,val,val,en,de,heiß,"The opposite of ""heiß"" is """,kalt,0,0,26.375,24.125,-2.25
qwen3-4b,3,val,freq,en,de,heiß,"The opposite of ""heiß"" is """,kalt,0,0,26.375,24.375,-2.0
qwen3-4b,3,freq,desc,en,de,heiß,"The opposite of ""heiß"" is """,kalt,0,0,26.375,24.5,-1.875
qwen3-4b,3,freq,val,en,de,heiß,"The opposite of ""heiß"" is """,kalt,0,0,26.375,24.625,-1.75
qwen3-4b,3,freq,freq,en,de,heiß,"The opposite of ""heiß"" is """,kalt,0,0,26.375,24.5,-1.875
qwen3-4b,4,desc,desc,en,de,schnell,"The opposite of ""schnell"" is """,langsam,0,0,22.875,22.875,0.0
qwen3-4b,4,desc,val,en,de,schnell,"The opposite of ""schnell"" is """,langsam,0,0,22.875,22.125,-0.75
qwen3-4b,4,desc,freq,en,de,schnell,"The opposite of ""schnell"" is """,langsam,0,0,22.875,22.5,-0.375
qwen3-4b,4,val,desc,en,de,schnell,"The opposite of ""schnell"" is """,langsam,0,0,22.875,20.5,-2.375
qwen3-4b,4,val,val,en,de,schnell,"The opposite of ""schnell"" is """,langsam,0,0,22.875,20.75,-2.125
qwen3-4b,4,val,freq,en,de,schnell,"The opposite of ""schnell"" is """,langsam,0,0,22.875,20.5,-2.375
qwen3-4b,4,freq,desc,en,de,schnell,"The opposite of ""schnell"" is """,langsam,0,0,22.875,22.75,-0.125
qwen3-4b,4,freq,val,en,de,schnell,"The opposite of ""schnell"" is """,langsam,0,0,22.875,21.875,-1.0
qwen3-4b,4,freq,freq,en,de,schnell,"The opposite of ""schnell"" is """,langsam,0,0,22.875,22.75,-0.125
qwen3-4b,5,desc,desc,en,de,leicht,"The opposite of ""leicht"" is """,schwer,0,0,28.0,28.875,0.875
qwen3-4b,5,desc,val,en,de,leicht,"The opposite of ""leicht"" is """,schwer,0,0,28.0,28.0,0.0
qwen3-4b,5,desc,freq,en,de,leicht,"The opposite of ""leicht"" is """,schwer,0,0,28.0,28.125,0.125
qwen3-4b,5,val,desc,en,de,leicht,"The opposite of ""leicht"" is """,schwer,0,0,28.0,27.125,-0.875
qwen3-4b,5,val,val,en,de,leicht,"The opposite of ""leicht"" is """,schwer,0,0,28.0,26.875,-1.125
qwen3-4b,5,val,freq,en,de,leicht,"The opposite of ""leicht"" is """,schwer,0,0,28.0,27.5,-0.5
qwen3-4b,5,freq,desc,en,de,leicht,"The opposite of ""leicht"" is """,schwer,0,0,28.0,26.5,-1.5
qwen3-4b,5,freq,val,en,de,leicht,"The opposite of ""leicht"" is """,schwer,0,0,28.0,25.75,-2.25
qwen3-4b,5,freq,freq,en,de,leicht,"The opposite of ""leicht"" is """,schwer,0,0,28.0,26.625,-1.375
qwen3-4b,6,desc,desc,en,de,einfach,"The opposite of ""einfach"" is """,schwierig,4,2,17.75,18.125,0.375
qwen3-4b,6,desc,val,en,de,einfach,"The opposite of ""einfach"" is """,schwierig,4,3,17.75,18.625,0.875
qwen3-4b,6,desc,freq,en,de,einfach,"The opposite of ""einfach"" is """,schwierig,4,3,17.75,17.25,-0.5
qwen3-4b,6,val,desc,en,de,einfach,"The opposite of ""einfach"" is """,schwierig,4,2,17.75,16.125,-1.625
qwen3-4b,6,val,val,en,de,einfach,"The opposite of ""einfach"" is """,schwierig,4,3,17.75,16.0,-1.75
qwen3-4b,6,val,freq,en,de,einfach,"The opposite of ""einfach"" is """,schwierig,4,4,17.75,15.25,-2.5
qwen3-4b,6,freq,desc,en,de,einfach,"The opposite of ""einfach"" is """,schwierig,4,9,17.75,15.5625,-2.1875
qwen3-4b,6,freq,val,en,de,einfach,"The opposite of ""einfach"" is """,schwierig,4,11,17.75,16.5,-1.25
qwen3-4b,6,freq,freq,en,de,einfach,"The opposite of ""einfach"" is """,schwierig,4,9,17.75,15.5625,-2.1875
qwen3-4b,7,desc,desc,en,de,neu,"The opposite of ""neu"" is """,alt,242,244,9.625,9.625,0.0
qwen3-4b,7,desc,val,en,de,neu,"The opposite of ""neu"" is """,alt,242,162,9.625,13.25,3.625
qwen3-4b,7,desc,freq,en,de,neu,"The opposite of ""neu"" is """,alt,242,29,9.625,11.125,1.5
qwen3-4b,7,val,desc,en,de,neu,"The opposite of ""neu"" is """,alt,242,382,9.625,8.625,-1.0
qwen3-4b,7,val,val,en,de,neu,"The opposite of ""neu"" is """,alt,242,413,9.625,8.5,-1.125
qwen3-4b,7,val,freq,en,de,neu,"The opposite of ""neu"" is """,alt,242,19,9.625,12.5625,2.9375
qwen3-4b,7,freq,desc,en,de,neu,"The opposite of ""neu"" is """,alt,242,309,9.625,9.1875,-0.4375
qwen3-4b,7,freq,val,en,de,neu,"The opposite of ""neu"" is """,alt,242,311,9.625,12.5,2.875
qwen3-4b,7,freq,freq,en,de,neu,"The opposite of ""neu"" is """,alt,242,309,9.625,9.1875,-0.4375
qwen3-4b,8,desc,desc,en,de,wahr,"The opposite of ""wahr"" is """,falsch,0,0,26.375,25.25,-1.125
qwen3-4b,8,desc,val,en,de,wahr,"The opposite of ""wahr"" is """,falsch,0,0,26.375,23.875,-2.5
qwen3-4b,8,desc,freq,en,de,wahr,"The opposite of ""wahr"" is """,falsch,0,0,26.375,24.75,-1.625
qwen3-4b,8,val,desc,en,de,wahr,"The opposite of ""wahr"" is """,falsch,0,0,26.375,24.0,-2.375
qwen3-4b,8,val,val,en,de,wahr,"The opposite of ""wahr"" is """,falsch,0,0,26.375,23.875,-2.5
qwen3-4b,8,val,freq,en,de,wahr,"The opposite of ""wahr"" is """,falsch,0,0,26.375,24.75,-1.625
qwen3-4b,8,freq,desc,en,de,wahr,"The opposite of ""wahr"" is """,falsch,0,0,26.375,24.375,-2.0
qwen3-4b,8,freq,val,en,de,wahr,"The opposite of ""wahr"" is """,falsch,0,0,26.375,23.875,-2.5
qwen3-4b,8,freq,freq,en,de,wahr,"The opposite of ""wahr"" is """,falsch,0,0,26.375,24.375,-2.0
qwen3-4b,9,desc,desc,en,de,lebendig,"The opposite of ""lebendig"" is """,tot,0,1,22.0,19.875,-2.125
qwen3-4b,9,desc,val,en,de,lebendig,"The opposite of ""lebendig"" is """,tot,0,1,22.0,19.5,-2.5
qwen3-4b,9,desc,freq,en,de,lebendig,"The opposite of ""lebendig"" is """,tot,0,4,22.0,18.0,-4.0
qwen3-4b,9,val,desc,en,de,lebendig,"The opposite of ""lebendig"" is """,tot,0,1,22.0,18.125,-3.875
qwen3-4b,9,val,val,en,de,lebendig,"The opposite of ""lebendig"" is """,tot,0,1,22.0,18.125,-3.875
qwen3-4b,9,val,freq,en,de,lebendig,"The opposite of ""lebendig"" is """,tot,0,3,22.0,17.375,-4.625
qwen3-4b,9,freq,desc,en,de,lebendig,"The opposite of ""lebendig"" is """,tot,0,6,22.0,16.25,-5.75
qwen3-4b,9,freq,val,en,de,lebendig,"The opposite of ""lebendig"" is """,tot,0,7,22.0,16.875,-5.125
qwen3-4b,9,freq,freq,en,de,lebendig,"The opposite of ""lebendig"" is """,tot,0,6,22.0,16.25,-5.75
qwen3-4b,10,desc,desc,en,de,voll,"The opposite of ""voll"" is """,leer,1,1,19.875,18.875,-1.0
qwen3-4b,10,desc,val,en,de,voll,"The opposite of ""voll"" is """,leer,1,1,19.875,22.0,2.125
qwen3-4b,10,desc,freq,en,de,voll,"The opposite of ""voll"" is """,leer,1,1,19.875,18.75,-1.125
qwen3-4b,10,val,desc,en,de,voll,"The opposite of ""voll"" is """,leer,1,0,19.875,21.625,1.75
qwen3-4b,10,val,val,en,de,voll,"The opposite of ""voll"" is """,leer,1,0,19.875,21.5,1.625
qwen3-4b,10,val,freq,en,de,voll,"The opposite of ""voll"" is """,leer,1,0,19.875,21.125,1.25
qwen3-4b,10,freq,desc,en,de,voll,"The opposite of ""voll"" is """,leer,1,1,19.875,16.5,-3.375
qwen3-4b,10,freq,val,en,de,voll,"The opposite of ""voll"" is """,leer,1,1,19.875,20.125,0.25
qwen3-4b,10,freq,freq,en,de,voll,"The opposite of ""voll"" is """,leer,1,1,19.875,16.5,-3.375
qwen3-4b,11,desc,desc,en,de,hell,"The opposite of ""hell"" is """,dunkel,22,22,14.125,14.125,0.0
qwen3-4b,11,desc,val,en,de,hell,"The opposite of ""hell"" is """,dunkel,22,24,14.125,13.5,-0.625
qwen3-4b,11,desc,freq,en,de,hell,"The opposite of ""hell"" is """,dunkel,22,17,14.125,13.9375,-0.1875
qwen3-4b,11,val,desc,en,de,hell,"The opposite of ""hell"" is """,dunkel,22,15,14.125,10.375,-3.75
qwen3-4b,11,val,val,en,de,hell,"The opposite of ""hell"" is """,dunkel,22,15,14.125,10.375,-3.75
qwen3-4b,11,val,freq,en,de,hell,"The opposite of ""hell"" is """,dunkel,22,10,14.125,11.5,-2.625
qwen3-4b,11,freq,desc,en,de,hell,"The opposite of ""hell"" is """,dunkel,22,22,14.125,14.125,0.0
qwen3-4b,11,freq,val,en,de,hell,"The opposite of ""hell"" is """,dunkel,22,19,14.125,14.375,0.25
qwen3-4b,11,freq,freq,en,de,hell,"The opposite of ""hell"" is """,dunkel,22,22,14.125,14.125,0.0
qwen3-4b,12,desc,desc,en,de,stark,"The opposite of ""stark"" is """,schwach,833,833,7.78125,7.78125,0.0
qwen3-4b,12,desc,val,en,de,stark,"The opposite of ""stark"" is """,schwach,833,489,7.78125,8.9375,1.15625
qwen3-4b,12,desc,freq,en,de,stark,"The opposite of ""stark"" is """,schwach,833,85,7.78125,10.5625,2.78125
qwen3-4b,12,val,desc,en,de,stark,"The opposite of ""stark"" is """,schwach,833,817,7.78125,5.5,-2.28125
qwen3-4b,12,val,val,en,de,stark,"The opposite of ""stark"" is """,schwach,833,770,7.78125,5.5,-2.28125
qwen3-4b,12,val,freq,en,de,stark,"The opposite of ""stark"" is """,schwach,833,51,7.78125,10.5625,2.78125
qwen3-4b,12,freq,desc,en,de,stark,"The opposite of ""stark"" is """,schwach,833,833,7.78125,7.78125,0.0
qwen3-4b,12,freq,val,en,de,stark,"The opposite of ""stark"" is """,schwach,833,716,7.78125,8.6875,0.90625
qwen3-4b,12,freq,freq,en,de,stark,"The opposite of ""stark"" is """,schwach,833,833,7.78125,7.78125,0.0
qwen3-4b,13,desc,desc,en,de,sauber,"The opposite of ""sauber"" is """,schmutzig,1,0,21.25,21.375,0.125
qwen3-4b,13,desc,val,en,de,sauber,"The opposite of ""sauber"" is """,schmutzig,1,1,21.25,22.0,0.75
qwen3-4b,13,desc,freq,en,de,sauber,"The opposite of ""sauber"" is """,schmutzig,1,1,21.25,20.875,-0.375
qwen3-4b,13,val,desc,en,de,sauber,"The opposite of ""sauber"" is """,schmutzig,1,1,21.25,18.875,-2.375
qwen3-4b,13,val,val,en,de,sauber,"The opposite of ""sauber"" is """,schmutzig,1,1,21.25,18.75,-2.5
qwen3-4b,13,val,freq,en,de,sauber,"The opposite of ""sauber"" is """,schmutzig,1,2,21.25,19.0,-2.25
qwen3-4b,13,freq,desc,en,de,sauber,"The opposite of ""sauber"" is """,schmutzig,1,0,21.25,21.125,-0.125
qwen3-4b,13,freq,val,en,de,sauber,"The opposite of ""sauber"" is """,schmutzig,1,1,21.25,21.75,0.5
qwen3-4b,13,freq,freq,en,de,sauber,"The opposite of ""sauber"" is """,schmutzig,1,0,21.25,21.0,-0.25
qwen3-4b,14,desc,desc,en,de,offen,"The opposite of ""offen"" is """,geschlossen,5,4,17.875,18.75,0.875
qwen3-4b,14,desc,val,en,de,offen,"The opposite of ""offen"" is """,geschlossen,5,5,17.875,18.375,0.5
qwen3-4b,14,desc,freq,en,de,offen,"The opposite of ""offen"" is """,geschlossen,5,0,17.875,20.625,2.75
qwen3-4b,14,val,desc,en,de,offen,"The opposite of ""offen"" is """,geschlossen,5,6,17.875,17.5,-0.375
qwen3-4b,14,val,val,en,de,offen,"The opposite of ""offen"" is """,geschlossen,5,6,17.875,17.375,-0.5
qwen3-4b,14,val,freq,en,de,offen,"The opposite of ""offen"" is """,geschlossen,5,1,17.875,19.25,1.375
qwen3-4b,14,freq,desc,en,de,offen,"The opposite of ""offen"" is """,geschlossen,5,4,17.875,17.75,-0.125
qwen3-4b,14,freq,val,en,de,offen,"The opposite of ""offen"" is """,geschlossen,5,6,17.875,17.125,-0.75
qwen3-4b,14,freq,freq,en,de,offen,"The opposite of ""offen"" is """,geschlossen,5,4,17.875,17.75,-0.125
qwen3-4b,15,desc,desc,en,de,reich,"The opposite of ""reich"" is """,arm,37,236,11.625,9.4375,-2.1875
qwen3-4b,15,desc,val,en,de,reich,"The opposite of ""reich"" is """,arm,37,178,11.625,12.0,0.375
qwen3-4b,15,desc,freq,en,de,reich,"The opposite of ""reich"" is """,arm,37,40,11.625,10.875,-0.75
qwen3-4b,15,val,desc,en,de,reich,"The opposite of ""reich"" is """,arm,37,3,11.625,14.75,3.125
qwen3-4b,15,val,val,en,de,reich,"The opposite of ""reich"" is """,arm,37,3,11.625,14.6875,3.0625
qwen3-4b,15,val,freq,en,de,reich,"The opposite of ""reich"" is """,arm,37,0,11.625,16.625,5.0
qwen3-4b,15,freq,desc,en,de,reich,"The opposite of ""reich"" is """,arm,37,435,11.625,8.625,-3.0
qwen3-4b,15,freq,val,en,de,reich,"The opposite of ""reich"" is """,arm,37,448,11.625,10.6875,-0.9375
qwen3-4b,15,freq,freq,en,de,reich,"The opposite of ""reich"" is """,arm,37,435,11.625,8.625,-3.0
qwen3-4b,16,desc,desc,en,de,schön,"The opposite of ""schön"" is """,hässlich,10,20,14.75,14.875,0.125
qwen3-4b,16,desc,val,en,de,schön,"The opposite of ""schön"" is """,hässlich,10,57,14.75,13.875,-0.875
qwen3-4b,16,desc,freq,en,de,schön,"The opposite of ""schön"" is """,hässlich,10,16,14.75,15.6875,0.9375
qwen3-4b,16,val,desc,en,de,schön,"The opposite of ""schön"" is """,hässlich,10,29,14.75,12.6875,-2.0625
qwen3-4b,16,val,val,en,de,schön,"The opposite of ""schön"" is """,hässlich,10,26,14.75,12.6875,-2.0625
qwen3-4b,16,val,freq,en,de,schön,"The opposite of ""schön"" is """,hässlich,10,22,14.75,13.5625,-1.1875
qwen3-4b,16,freq,desc,en,de,schön,"The opposite of ""schön"" is """,hässlich,10,63,14.75,14.0,-0.75
qwen3-4b,16,freq,val,en,de,schön,"The opposite of ""schön"" is """,hässlich,10,99,14.75,14.125,-0.625
qwen3-4b,16,freq,freq,en,de,schön,"The opposite of ""schön"" is """,hässlich,10,66,14.75,13.9375,-0.8125
qwen3-4b,17,desc,desc,en,de,lang,"The opposite of ""lang"" is """,kurz,2009,2009,7.0625,7.0625,0.0
qwen3-4b,17,desc,val,en,de,lang,"The opposite of ""lang"" is """,kurz,2009,952,7.0625,9.625,2.5625
qwen3-4b,17,desc,freq,en,de,lang,"The opposite of ""lang"" is """,kurz,2009,5,7.0625,13.1875,6.125
qwen3-4b,17,val,desc,en,de,lang,"The opposite of ""lang"" is """,kurz,2009,1347,7.0625,6.3125,-0.75
qwen3-4b,17,val,val,en,de,lang,"The opposite of ""lang"" is """,kurz,2009,1261,7.0625,6.53125,-0.53125
qwen3-4b,17,val,freq,en,de,lang,"The opposite of ""lang"" is """,kurz,2009,0,7.0625,21.375,14.3125
qwen3-4b,17,freq,desc,en,de,lang,"The opposite of ""lang"" is """,kurz,2009,2009,7.0625,7.0625,0.0
qwen3-4b,17,freq,val,en,de,lang,"The opposite of ""lang"" is """,kurz,2009,1556,7.0625,9.1875,2.125
qwen3-4b,17,freq,freq,en,de,lang,"The opposite of ""lang"" is """,kurz,2009,2009,7.0625,7.0625,0.0
qwen3-4b,18,desc,desc,en,de,breit,"The opposite of ""breit"" is """,eng,5,19,16.5,14.0625,-2.4375
qwen3-4b,18,desc,val,en,de,breit,"The opposite of ""breit"" is """,eng,5,23,16.5,15.0,-1.5
qwen3-4b,18,desc,freq,en,de,breit,"The opposite of ""breit"" is """,eng,5,53,16.5,12.5625,-3.9375
qwen3-4b,18,val,desc,en,de,breit,"The opposite of ""breit"" is """,eng,5,18,16.5,12.0625,-4.4375
qwen3-4b,18,val,val,en,de,breit,"The opposite of ""breit"" is """,eng,5,17,16.5,12.0625,-4.4375
qwen3-4b,18,val,freq,en,de,breit,"The opposite of ""breit"" is """,eng,5,116,16.5,9.8125,-6.6875
qwen3-4b,18,freq,desc,en,de,breit,"The opposite of ""breit"" is """,eng,5,133,16.5,11.125,-5.375
qwen3-4b,18,freq,val,en,de,breit,"The opposite of ""breit"" is """,eng,5,197,16.5,11.625,-4.875
qwen3-4b,18,freq,freq,en,de,breit,"The opposite of ""breit"" is """,eng,5,137,16.5,11.0625,-5.4375
qwen3-4b,19,desc,desc,en,de,hart,"The opposite of ""hart"" is """,weich,412,412,10.3125,10.3125,0.0
qwen3-4b,19,desc,val,en,de,hart,"The opposite of ""hart"" is """,weich,412,160,10.3125,12.0625,1.75
qwen3-4b,19,desc,freq,en,de,hart,"The opposite of ""hart"" is """,weich,412,59,10.3125,10.75,0.4375
qwen3-4b,19,val,desc,en,de,hart,"The opposite of ""hart"" is """,weich,412,406,10.3125,8.3125,-2.0
qwen3-4b,19,val,val,en,de,hart,"The opposite of ""hart"" is """,weich,412,372,10.3125,8.4375,-1.875
qwen3-4b,19,val,freq,en,de,hart,"The opposite of ""hart"" is """,weich,412,37,10.3125,10.5625,0.25
qwen3-4b,19,freq,desc,en,de,hart,"The opposite of ""hart"" is """,weich,412,431,10.3125,10.125,-0.1875
qwen3-4b,19,freq,val,en,de,hart,"The opposite of ""hart"" is """,weich,412,348,10.3125,11.4375,1.125
qwen3-4b,19,freq,freq,en,de,hart,"The opposite of ""hart"" is """,weich,412,431,10.3125,10.125,-0.1875
qwen3-4b,20,desc,desc,en,de,trocken,"The opposite of ""trocken"" is """,nass,1,1,22.375,22.375,0.0
qwen3-4b,20,desc,val,en,de,trocken,"The opposite of ""trocken"" is """,nass,1,1,22.375,22.5,0.125
qwen3-4b,20,desc,freq,en,de,trocken,"The opposite of ""trocken"" is """,nass,1,0,22.375,23.625,1.25
qwen3-4b,20,val,desc,en,de,trocken,"The opposite of ""trocken"" is """,nass,1,1,22.375,21.0,-1.375
qwen3-4b,20,val,val,en,de,trocken,"The opposite of ""trocken"" is """,nass,1,1,22.375,21.125,-1.25
qwen3-4b,20,val,freq,en,de,trocken,"The opposite of ""trocken"" is """,nass,1,1,22.375,22.0,-0.375
qwen3-4b,20,freq,desc,en,de,trocken,"The opposite of ""trocken"" is """,nass,1,1,22.375,21.25,-1.125
qwen3-4b,20,freq,val,en,de,trocken,"The opposite of ""trocken"" is """,nass,1,1,22.375,21.375,-1.0
qwen3-4b,20,freq,freq,en,de,trocken,"The opposite of ""trocken"" is """,nass,1,1,22.375,21.25,-1.125
qwen3-4b,21,desc,desc,en,de,laut,"The opposite of ""laut"" is """,leise,55,55,11.6875,11.6875,0.0
qwen3-4b,21,desc,val,en,de,laut,"The opposite of ""laut"" is """,leise,55,49,11.6875,13.0,1.3125
qwen3-4b,21,desc,freq,en,de,laut,"The opposite of ""laut"" is """,leise,55,9,11.6875,14.875,3.1875
qwen3-4b,21,val,desc,en,de,laut,"The opposite of ""laut"" is """,leise,55,86,11.6875,8.8125,-2.875
qwen3-4b,21,val,val,en,de,laut,"The opposite of ""laut"" is """,leise,55,86,11.6875,8.75,-2.9375
qwen3-4b,21,val,freq,en,de,laut,"The opposite of ""laut"" is """,leise,55,12,11.6875,12.75,1.0625
qwen3-4b,21,freq,desc,en,de,laut,"The opposite of ""laut"" is """,leise,55,59,11.6875,11.625,-0.0625
qwen3-4b,21,freq,val,en,de,laut,"The opposite of ""laut"" is """,leise,55,53,11.6875,13.25,1.5625
qwen3-4b,21,freq,freq,en,de,laut,"The opposite of ""laut"" is """,leise,55,59,11.6875,11.625,-0.0625
qwen3-4b,22,desc,desc,en,de,früh,"The opposite of ""früh"" is """,spät,0,0,25.125,24.875,-0.25
qwen3-4b,22,desc,val,en,de,früh,"The opposite of ""früh"" is """,spät,0,0,25.125,24.0,-1.125
qwen3-4b,22,desc,freq,en,de,früh,"The opposite of ""früh"" is """,spät,0,0,25.125,22.5,-2.625
qwen3-4b,22,val,desc,en,de,früh,"The opposite of ""früh"" is """,spät,0,0,25.125,24.25,-0.875
qwen3-4b,22,val,val,en,de,früh,"The opposite of ""früh"" is """,spät,0,0,25.125,24.25,-0.875
qwen3-4b,22,val,freq,en,de,früh,"The opposite of ""früh"" is """,spät,0,0,25.125,22.25,-2.875
qwen3-4b,22,freq,desc,en,de,früh,"The opposite of ""früh"" is """,spät,0,0,25.125,22.375,-2.75
qwen3-4b,22,freq,val,en,de,früh,"The opposite of ""früh"" is """,spät,0,0,25.125,22.25,-2.875
qwen3-4b,22,freq,freq,en,de,früh,"The opposite of ""früh"" is """,spät,0,0,25.125,22.375,-2.75
qwen3-4b,23,desc,desc,en,de,nah,"The opposite of ""nah"" is """,weit,1052,1052,6.15625,6.15625,0.0
qwen3-4b,23,desc,val,en,de,nah,"The opposite of ""nah"" is """,weit,1052,505,6.15625,10.0625,3.90625
qwen3-4b,23,desc,freq,en,de,nah,"The opposite of ""nah"" is """,weit,1052,181,6.15625,9.375,3.21875
qwen3-4b,23,val,desc,en,de,nah,"The opposite of ""nah"" is """,weit,1052,469,6.15625,6.78125,0.625
qwen3-4b,23,val,val,en,de,nah,"The opposite of ""nah"" is """,weit,1052,499,6.15625,6.65625,0.5
qwen3-4b,23,val,freq,en,de,nah,"The opposite of ""nah"" is """,weit,1052,392,6.15625,7.40625,1.25
qwen3-4b,23,freq,desc,en,de,nah,"The opposite of ""nah"" is """,weit,1052,1052,6.15625,6.15625,0.0
qwen3-4b,23,freq,val,en,de,nah,"The opposite of ""nah"" is """,weit,1052,1485,6.15625,8.375,2.21875
qwen3-4b,23,freq,freq,en,de,nah,"The opposite of ""nah"" is """,weit,1052,1052,6.15625,6.15625,0.0
qwen3-4b,24,desc,desc,en,de,tief,"The opposite of ""tief"" is """,flach,2,4,16.25,15.5,-0.75
qwen3-4b,24,desc,val,en,de,tief,"The opposite of ""tief"" is """,flach,2,6,16.25,18.0,1.75
qwen3-4b,24,desc,freq,en,de,tief,"The opposite of ""tief"" is """,flach,2,3,16.25,15.25,-1.0
qwen3-4b,24,val,desc,en,de,tief,"The opposite of ""tief"" is """,flach,2,2,16.25,16.0,-0.25
qwen3-4b,24,val,val,en,de,tief,"The opposite of ""tief"" is """,flach,2,2,16.25,16.125,-0.125
qwen3-4b,24,val,freq,en,de,tief,"The opposite of ""tief"" is """,flach,2,4,16.25,14.4375,-1.8125
qwen3-4b,24,freq,desc,en,de,tief,"The opposite of ""tief"" is """,flach,2,9,16.25,14.0625,-2.1875
qwen3-4b,24,freq,val,en,de,tief,"The opposite of ""tief"" is """,flach,2,11,16.25,16.5,0.25
qwen3-4b,24,freq,freq,en,de,tief,"The opposite of ""tief"" is """,flach,2,9,16.25,14.0625,-2.1875
qwen3-4b,25,desc,desc,en,de,schlecht,"The opposite of ""schlecht"" is """,gut,0,0,27.5,27.75,0.25
qwen3-4b,25,desc,val,en,de,schlecht,"The opposite of ""schlecht"" is """,gut,0,0,27.5,25.125,-2.375
qwen3-4b,25,desc,freq,en,de,schlecht,"The opposite of ""schlecht"" is """,gut,0,0,27.5,25.5,-2.0
qwen3-4b,25,val,desc,en,de,schlecht,"The opposite of ""schlecht"" is """,gut,0,0,27.5,25.5,-2.0
qwen3-4b,25,val,val,en,de,schlecht,"The opposite of ""schlecht"" is """,gut,0,0,27.5,25.25,-2.25
qwen3-4b,25,val,freq,en,de,schlecht,"The opposite of ""schlecht"" is """,gut,0,0,27.5,24.375,-3.125
qwen3-4b,25,freq,desc,en,de,schlecht,"The opposite of ""schlecht"" is """,gut,0,0,27.5,25.25,-2.25
qwen3-4b,25,freq,val,en,de,schlecht,"The opposite of ""schlecht"" is """,gut,0,0,27.5,22.75,-4.75
qwen3-4b,25,freq,freq,en,de,schlecht,"The opposite of ""schlecht"" is """,gut,0,0,27.5,25.25,-2.25
qwen3-4b,26,desc,desc,en,de,traurig,"The opposite of ""traurig"" is """,glücklich,2,2,20.75,18.75,-2.0
qwen3-4b,26,desc,val,en,de,traurig,"The opposite of ""traurig"" is """,glücklich,2,3,20.75,18.875,-1.875
qwen3-4b,26,desc,freq,en,de,traurig,"The opposite of ""traurig"" is """,glücklich,2,0,20.75,21.0,0.25
qwen3-4b,26,val,desc,en,de,traurig,"The opposite of ""traurig"" is """,glücklich,2,2,20.75,17.375,-3.375
qwen3-4b,26,val,val,en,de,traurig,"The opposite of ""traurig"" is """,glücklich,2,2,20.75,17.25,-3.5
qwen3-4b,26,val,freq,en,de,traurig,"The opposite of ""traurig"" is """,glücklich,2,0,20.75,19.875,-0.875
qwen3-4b,26,freq,desc,en,de,traurig,"The opposite of ""traurig"" is """,glücklich,2,3,20.75,18.5,-2.25
qwen3-4b,26,freq,val,en,de,traurig,"The opposite of ""traurig"" is """,glücklich,2,3,20.75,18.625,-2.125
qwen3-4b,26,freq,freq,en,de,traurig,"The opposite of ""traurig"" is """,glücklich,2,3,20.75,18.5,-2.25
qwen3-4b,27,desc,desc,en,de,klein,"The opposite of ""klein"" is """,groß,2,6,18.875,16.375,-2.5
qwen3-4b,27,desc,val,en,de,klein,"The opposite of ""klein"" is """,groß,2,5,18.875,18.75,-0.125
qwen3-4b,27,desc,freq,en,de,klein,"The opposite of ""klein"" is """,groß,2,0,18.875,19.125,0.25
qwen3-4b,27,val,desc,en,de,klein,"The opposite of ""klein"" is """,groß,2,4,18.875,17.75,-1.125
qwen3-4b,27,val,val,en,de,klein,"The opposite of ""klein"" is """,groß,2,6,18.875,17.25,-1.625
qwen3-4b,27,val,freq,en,de,klein,"The opposite of ""klein"" is """,groß,2,0,18.875,19.75,0.875
qwen3-4b,27,freq,desc,en,de,klein,"The opposite of ""klein"" is """,groß,2,10,18.875,15.4375,-3.4375
qwen3-4b,27,freq,val,en,de,klein,"The opposite of ""klein"" is """,groß,2,7,18.875,16.75,-2.125
qwen3-4b,27,freq,freq,en,de,klein,"The opposite of ""klein"" is """,groß,2,10,18.875,15.4375,-3.4375
qwen3-4b,28,desc,desc,en,de,kalt,"The opposite of ""kalt"" is """,heiß,2,2,23.5,21.125,-2.375
qwen3-4b,28,desc,val,en,de,kalt,"The opposite of ""kalt"" is """,heiß,2,2,23.5,21.625,-1.875
qwen3-4b,28,desc,freq,en,de,kalt,"The opposite of ""kalt"" is """,heiß,2,3,23.5,19.25,-4.25
qwen3-4b,28,val,desc,en,de,kalt,"The opposite of ""kalt"" is """,heiß,2,2,23.5,19.125,-4.375
qwen3-4b,28,val,val,en,de,kalt,"The opposite of ""kalt"" is """,heiß,2,2,23.5,19.375,-4.125
qwen3-4b,28,val,freq,en,de,kalt,"The opposite of ""kalt"" is """,heiß,2,5,23.5,16.75,-6.75
qwen3-4b,28,freq,desc,en,de,kalt,"The opposite of ""kalt"" is """,heiß,2,3,23.5,18.75,-4.75
qwen3-4b,28,freq,val,en,de,kalt,"The opposite of ""kalt"" is """,heiß,2,2,23.5,20.0,-3.5
qwen3-4b,28,freq,freq,en,de,kalt,"The opposite of ""kalt"" is """,heiß,2,3,23.5,18.75,-4.75
qwen3-4b,29,desc,desc,en,de,langsam,"The opposite of ""langsam"" is """,schnell,0,0,26.25,24.375,-1.875
qwen3-4b,29,desc,val,en,de,langsam,"The opposite of ""langsam"" is """,schnell,0,0,26.25,23.0,-3.25
qwen3-4b,29,desc,freq,en,de,langsam,"The opposite of ""langsam"" is """,schnell,0,0,26.25,23.625,-2.625
qwen3-4b,29,val,desc,en,de,langsam,"The opposite of ""langsam"" is """,schnell,0,0,26.25,22.375,-3.875
qwen3-4b,29,val,val,en,de,langsam,"The opposite of ""langsam"" is """,schnell,0,0,26.25,22.5,-3.75
qwen3-4b,29,val,freq,en,de,langsam,"The opposite of ""langsam"" is """,schnell,0,0,26.25,21.75,-4.5
qwen3-4b,29,freq,desc,en,de,langsam,"The opposite of ""langsam"" is """,schnell,0,0,26.25,21.375,-4.875
qwen3-4b,29,freq,val,en,de,langsam,"The opposite of ""langsam"" is """,schnell,0,0,26.25,20.75,-5.5
qwen3-4b,29,freq,freq,en,de,langsam,"The opposite of ""langsam"" is """,schnell,0,0,26.25,21.375,-4.875
qwen3-4b,30,desc,desc,en,de,schwer,"The opposite of ""schwer"" is """,leicht,0,0,28.875,28.125,-0.75
qwen3-4b,30,desc,val,en,de,schwer,"The opposite of ""schwer"" is """,leicht,0,0,28.875,27.5,-1.375
qwen3-4b,30,desc,freq,en,de,schwer,"The opposite of ""schwer"" is """,leicht,0,0,28.875,27.375,-1.5
qwen3-4b,30,val,desc,en,de,schwer,"The opposite of ""schwer"" is """,leicht,0,0,28.875,27.75,-1.125
qwen3-4b,30,val,val,en,de,schwer,"The opposite of ""schwer"" is """,leicht,0,0,28.875,27.75,-1.125
qwen3-4b,30,val,freq,en,de,schwer,"The opposite of ""schwer"" is """,leicht,0,0,28.875,27.625,-1.25
qwen3-4b,30,freq,desc,en,de,schwer,"The opposite of ""schwer"" is """,leicht,0,0,28.875,26.125,-2.75
qwen3-4b,30,freq,val,en,de,schwer,"The opposite of ""schwer"" is """,leicht,0,0,28.875,25.75,-3.125
qwen3-4b,30,freq,freq,en,de,schwer,"The opposite of ""schwer"" is """,leicht,0,0,28.875,26.125,-2.75
qwen3-4b,31,desc,desc,en,de,schwierig,"The opposite of ""schwierig"" is """,einfach,0,0,25.5,24.625,-0.875
qwen3-4b,31,desc,val,en,de,schwierig,"The opposite of ""schwierig"" is """,einfach,0,0,25.5,24.0,-1.5
qwen3-4b,31,desc,freq,en,de,schwierig,"The opposite of ""schwierig"" is """,einfach,0,0,25.5,24.0,-1.5
qwen3-4b,31,val,desc,en,de,schwierig,"The opposite of ""schwierig"" is """,einfach,0,0,25.5,22.25,-3.25
qwen3-4b,31,val,val,en,de,schwierig,"The opposite of ""schwierig"" is """,einfach,0,0,25.5,22.375,-3.125
qwen3-4b,31,val,freq,en,de,schwierig,"The opposite of ""schwierig"" is """,einfach,0,0,25.5,22.875,-2.625
qwen3-4b,31,freq,desc,en,de,schwierig,"The opposite of ""schwierig"" is """,einfach,0,0,25.5,24.375,-1.125
qwen3-4b,31,freq,val,en,de,schwierig,"The opposite of ""schwierig"" is """,einfach,0,0,25.5,24.25,-1.25
qwen3-4b,31,freq,freq,en,de,schwierig,"The opposite of ""schwierig"" is """,einfach,0,0,25.5,24.375,-1.125
qwen3-4b,32,desc,desc,en,de,alt,"The opposite of ""alt"" is """,neu,884,884,8.4375,8.4375,0.0
qwen3-4b,32,desc,val,en,de,alt,"The opposite of ""alt"" is """,neu,884,538,8.4375,10.3125,1.875
qwen3-4b,32,desc,freq,en,de,alt,"The opposite of ""alt"" is """,neu,884,141,8.4375,9.8125,1.375
qwen3-4b,32,val,desc,en,de,alt,"The opposite of ""alt"" is """,neu,884,1214,8.4375,6.3125,-2.125
qwen3-4b,32,val,val,en,de,alt,"The opposite of ""alt"" is """,neu,884,1198,8.4375,6.375,-2.0625
qwen3-4b,32,val,freq,en,de,alt,"The opposite of ""alt"" is """,neu,884,147,8.4375,9.3125,0.875
qwen3-4b,32,freq,desc,en,de,alt,"The opposite of ""alt"" is """,neu,884,884,8.4375,8.4375,0.0
qwen3-4b,32,freq,val,en,de,alt,"The opposite of ""alt"" is """,neu,884,587,8.4375,10.8125,2.375
qwen3-4b,32,freq,freq,en,de,alt,"The opposite of ""alt"" is """,neu,884,884,8.4375,8.4375,0.0
qwen3-4b,33,desc,desc,en,de,falsch,"The opposite of ""falsch"" is """,richtig,0,0,24.875,24.0,-0.875
qwen3-4b,33,desc,val,en,de,falsch,"The opposite of ""falsch"" is """,richtig,0,0,24.875,24.375,-0.5
qwen3-4b,33,desc,freq,en,de,falsch,"The opposite of ""falsch"" is """,richtig,0,0,24.875,23.125,-1.75
qwen3-4b,33,val,desc,en,de,falsch,"The opposite of ""falsch"" is """,richtig,0,0,24.875,23.5,-1.375
qwen3-4b,33,val,val,en,de,falsch,"The opposite of ""falsch"" is """,richtig,0,0,24.875,23.5,-1.375
qwen3-4b,33,val,freq,en,de,falsch,"The opposite of ""falsch"" is """,richtig,0,0,24.875,21.875,-3.0
qwen3-4b,33,freq,desc,en,de,falsch,"The opposite of ""falsch"" is """,richtig,0,0,24.875,19.625,-5.25
qwen3-4b,33,freq,val,en,de,falsch,"The opposite of ""falsch"" is """,richtig,0,0,24.875,20.75,-4.125
qwen3-4b,33,freq,freq,en,de,falsch,"The opposite of ""falsch"" is """,richtig,0,0,24.875,19.625,-5.25
qwen3-4b,34,desc,desc,en,de,tot,"The opposite of ""tot"" is """,lebendig,329,329,9.125,9.125,0.0
qwen3-4b,34,desc,val,en,de,tot,"The opposite of ""tot"" is """,lebendig,329,337,9.125,11.6875,2.5625
qwen3-4b,34,desc,freq,en,de,tot,"The opposite of ""tot"" is """,lebendig,329,25,9.125,11.25,2.125
qwen3-4b,34,val,desc,en,de,tot,"The opposite of ""tot"" is """,lebendig,329,1010,9.125,7.03125,-2.09375
qwen3-4b,34,val,val,en,de,tot,"The opposite of ""tot"" is """,lebendig,329,977,9.125,7.15625,-1.96875
qwen3-4b,34,val,freq,en,de,tot,"The opposite of ""tot"" is """,lebendig,329,16,9.125,13.6875,4.5625
qwen3-4b,34,freq,desc,en,de,tot,"The opposite of ""tot"" is """,lebendig,329,367,9.125,8.8125,-0.3125
qwen3-4b,34,freq,val,en,de,tot,"The opposite of ""tot"" is """,lebendig,329,321,9.125,12.25,3.125
qwen3-4b,34,freq,freq,en,de,tot,"The opposite of ""tot"" is """,lebendig,329,367,9.125,8.8125,-0.3125
qwen3-4b,35,desc,desc,en,de,leer,"The opposite of ""leer"" is """,voll,14,14,13.125,13.125,0.0
qwen3-4b,35,desc,val,en,de,leer,"The opposite of ""leer"" is """,voll,14,15,13.125,14.9375,1.8125
qwen3-4b,35,desc,freq,en,de,leer,"The opposite of ""leer"" is """,voll,14,83,13.125,10.1875,-2.9375
qwen3-4b,35,val,desc,en,de,leer,"The opposite of ""leer"" is """,voll,14,12,13.125,12.3125,-0.8125
qwen3-4b,35,val,val,en,de,leer,"The opposite of ""leer"" is """,voll,14,13,13.125,12.4375,-0.6875
qwen3-4b,35,val,freq,en,de,leer,"The opposite of ""leer"" is """,voll,14,201,13.125,7.25,-5.875
qwen3-4b,35,freq,desc,en,de,leer,"The opposite of ""leer"" is """,voll,14,14,13.125,13.1875,0.0625
qwen3-4b,35,freq,val,en,de,leer,"The opposite of ""leer"" is """,voll,14,15,13.125,15.1875,2.0625
qwen3-4b,35,freq,freq,en,de,leer,"The opposite of ""leer"" is """,voll,14,14,13.125,13.1875,0.0625
qwen3-4b,36,desc,desc,en,de,dunkel,"The opposite of ""dunkel"" is """,hell,0,0,23.5,19.75,-3.75
qwen3-4b,36,desc,val,en,de,dunkel,"The opposite of ""dunkel"" is """,hell,0,1,23.5,21.0,-2.5
qwen3-4b,36,desc,freq,en,de,dunkel,"The opposite of ""dunkel"" is """,hell,0,1,23.5,20.375,-3.125
qwen3-4b,36,val,desc,en,de,dunkel,"The opposite of ""dunkel"" is """,hell,0,0,23.5,20.5,-3.0
qwen3-4b,36,val,val,en,de,dunkel,"The opposite of ""dunkel"" is """,hell,0,0,23.5,20.75,-2.75
qwen3-4b,36,val,freq,en,de,dunkel,"The opposite of ""dunkel"" is """,hell,0,0,23.5,21.25,-2.25
qwen3-4b,36,freq,desc,en,de,dunkel,"The opposite of ""dunkel"" is """,hell,0,5,23.5,15.875,-7.625
qwen3-4b,36,freq,val,en,de,dunkel,"The opposite of ""dunkel"" is """,hell,0,4,23.5,17.75,-5.75
qwen3-4b,36,freq,freq,en,de,dunkel,"The opposite of ""dunkel"" is """,hell,0,5,23.5,15.9375,-7.5625
qwen3-4b,37,desc,desc,en,de,schwach,"The opposite of ""schwach"" is """,stark,0,0,24.75,23.375,-1.375
qwen3-4b,37,desc,val,en,de,schwach,"The opposite of ""schwach"" is """,stark,0,0,24.75,23.25,-1.5
qwen3-4b,37,desc,freq,en,de,schwach,"The opposite of ""schwach"" is """,stark,0,0,24.75,22.875,-1.875
qwen3-4b,37,val,desc,en,de,schwach,"The opposite of ""schwach"" is """,stark,0,0,24.75,22.75,-2.0
qwen3-4b,37,val,val,en,de,schwach,"The opposite of ""schwach"" is """,stark,0,0,24.75,22.875,-1.875
qwen3-4b,37,val,freq,en,de,schwach,"The opposite of ""schwach"" is """,stark,0,0,24.75,21.75,-3.0
qwen3-4b,37,freq,desc,en,de,schwach,"The opposite of ""schwach"" is """,stark,0,2,24.75,17.875,-6.875
qwen3-4b,37,freq,val,en,de,schwach,"The opposite of ""schwach"" is """,stark,0,2,24.75,18.375,-6.375
qwen3-4b,37,freq,freq,en,de,schwach,"The opposite of ""schwach"" is """,stark,0,2,24.75,17.875,-6.875
qwen3-4b,38,desc,desc,en,de,schmutzig,"The opposite of ""schmutzig"" is """,sauber,0,0,24.375,23.5,-0.875
qwen3-4b,38,desc,val,en,de,schmutzig,"The opposite of ""schmutzig"" is """,sauber,0,0,24.375,22.0,-2.375
qwen3-4b,38,desc,freq,en,de,schmutzig,"The opposite of ""schmutzig"" is """,sauber,0,0,24.375,22.375,-2.0
qwen3-4b,38,val,desc,en,de,schmutzig,"The opposite of ""schmutzig"" is """,sauber,0,1,24.375,19.625,-4.75
qwen3-4b,38,val,val,en,de,schmutzig,"The opposite of ""schmutzig"" is """,sauber,0,0,24.375,19.625,-4.75
qwen3-4b,38,val,freq,en,de,schmutzig,"The opposite of ""schmutzig"" is """,sauber,0,0,24.375,19.25,-5.125
qwen3-4b,38,freq,desc,en,de,schmutzig,"The opposite of ""schmutzig"" is """,sauber,0,1,24.375,18.125,-6.25
qwen3-4b,38,freq,val,en,de,schmutzig,"The opposite of ""schmutzig"" is """,sauber,0,3,24.375,17.625,-6.75
qwen3-4b,38,freq,freq,en,de,schmutzig,"The opposite of ""schmutzig"" is """,sauber,0,1,24.375,18.125,-6.25
qwen3-4b,39,desc,desc,en,de,geschlossen,"The opposite of ""geschlossen"" is """,offen,0,0,22.375,21.25,-1.125
qwen3-4b,39,desc,val,en,de,geschlossen,"The opposite of ""geschlossen"" is """,offen,0,0,22.375,18.875,-3.5
qwen3-4b,39,desc,freq,en,de,geschlossen,"The opposite of ""geschlossen"" is """,offen,0,0,22.375,21.0,-1.375
qwen3-4b,39,val,desc,en,de,geschlossen,"The opposite of ""geschlossen"" is """,offen,0,0,22.375,19.75,-2.625
qwen3-4b,39,val,val,en,de,geschlossen,"The opposite of ""geschlossen"" is """,offen,0,0,22.375,19.625,-2.75
qwen3-4b,39,val,freq,en,de,geschlossen,"The opposite of ""geschlossen"" is """,offen,0,0,22.375,20.375,-2.0
qwen3-4b,39,freq,desc,en,de,geschlossen,"The opposite of ""geschlossen"" is """,offen,0,0,22.375,19.875,-2.5
qwen3-4b,39,freq,val,en,de,geschlossen,"The opposite of ""geschlossen"" is """,offen,0,1,22.375,18.25,-4.125
qwen3-4b,39,freq,freq,en,de,geschlossen,"The opposite of ""geschlossen"" is """,offen,0,0,22.375,19.875,-2.5
qwen3-4b,40,desc,desc,en,de,arm,"The opposite of ""arm"" is """,reich,6259,6259,3.25,3.25,0.0
qwen3-4b,40,desc,val,en,de,arm,"The opposite of ""arm"" is """,reich,6259,3029,3.25,6.8125,3.5625
qwen3-4b,40,desc,freq,en,de,arm,"The opposite of ""arm"" is """,reich,6259,122,3.25,10.1875,6.9375
qwen3-4b,40,val,desc,en,de,arm,"The opposite of ""arm"" is """,reich,6259,6968,3.25,0.83984375,-2.41015625
qwen3-4b,40,val,val,en,de,arm,"The opposite of ""arm"" is """,reich,6259,7000,3.25,0.84375,-2.40625
qwen3-4b,40,val,freq,en,de,arm,"The opposite of ""arm"" is """,reich,6259,138,3.25,8.6875,5.4375
qwen3-4b,40,freq,desc,en,de,arm,"The opposite of ""arm"" is """,reich,6259,6259,3.25,3.25,0.0
qwen3-4b,40,freq,val,en,de,arm,"The opposite of ""arm"" is """,reich,6259,5637,3.25,5.71875,2.46875
qwen3-4b,40,freq,freq,en,de,arm,"The opposite of ""arm"" is """,reich,6259,6259,3.25,3.25,0.0
qwen3-4b,41,desc,desc,en,de,hässlich,"The opposite of ""hässlich"" is """,schön,5,11,16.375,16.125,-0.25
qwen3-4b,41,desc,val,en,de,hässlich,"The opposite of ""hässlich"" is """,schön,5,7,16.375,17.375,1.0
qwen3-4b,41,desc,freq,en,de,hässlich,"The opposite of ""hässlich"" is """,schön,5,11,16.375,15.9375,-0.4375
qwen3-4b,41,val,desc,en,de,hässlich,"The opposite of ""hässlich"" is """,schön,5,32,16.375,12.8125,-3.5625
qwen3-4b,41,val,val,en,de,hässlich,"The opposite of ""hässlich"" is """,schön,5,29,16.375,12.875,-3.5
qwen3-4b,41,val,freq,en,de,hässlich,"The opposite of ""hässlich"" is """,schön,5,21,16.375,13.6875,-2.6875
qwen3-4b,41,freq,desc,en,de,hässlich,"The opposite of ""hässlich"" is """,schön,5,17,16.375,15.625,-0.75
qwen3-4b,41,freq,val,en,de,hässlich,"The opposite of ""hässlich"" is """,schön,5,15,16.375,16.625,0.25
qwen3-4b,41,freq,freq,en,de,hässlich,"The opposite of ""hässlich"" is """,schön,5,17,16.375,15.6875,-0.6875
qwen3-4b,42,desc,desc,en,de,kurz,"The opposite of ""kurz"" is """,lang,0,0,22.875,22.125,-0.75
qwen3-4b,42,desc,val,en,de,kurz,"The opposite of ""kurz"" is """,lang,0,0,22.875,23.5,0.625
qwen3-4b,42,desc,freq,en,de,kurz,"The opposite of ""kurz"" is """,lang,0,0,22.875,20.875,-2.0
qwen3-4b,42,val,desc,en,de,kurz,"The opposite of ""kurz"" is """,lang,0,0,22.875,22.375,-0.5
qwen3-4b,42,val,val,en,de,kurz,"The opposite of ""kurz"" is """,lang,0,0,22.875,22.5,-0.375
qwen3-4b,42,val,freq,en,de,kurz,"The opposite of ""kurz"" is """,lang,0,0,22.875,21.0,-1.875
qwen3-4b,42,freq,desc,en,de,kurz,"The opposite of ""kurz"" is """,lang,0,0,22.875,20.625,-2.25
qwen3-4b,42,freq,val,en,de,kurz,"The opposite of ""kurz"" is """,lang,0,0,22.875,22.25,-0.625
qwen3-4b,42,freq,freq,en,de,kurz,"The opposite of ""kurz"" is """,lang,0,0,22.875,20.625,-2.25
qwen3-4b,43,desc,desc,en,de,eng,"The opposite of ""eng"" is """,breit,923,923,7.6875,7.6875,0.0
qwen3-4b,43,desc,val,en,de,eng,"The opposite of ""eng"" is """,breit,923,902,7.6875,9.8125,2.125
qwen3-4b,43,desc,freq,en,de,eng,"The opposite of ""eng"" is """,breit,923,1399,7.6875,6.09375,-1.59375
qwen3-4b,43,val,desc,en,de,eng,"The opposite of ""eng"" is """,breit,923,714,7.6875,6.9375,-0.75
qwen3-4b,43,val,val,en,de,eng,"The opposite of ""eng"" is """,breit,923,804,7.6875,6.78125,-0.90625
qwen3-4b,43,val,freq,en,de,eng,"The opposite of ""eng"" is """,breit,923,1960,7.6875,4.75,-2.9375
qwen3-4b,43,freq,desc,en,de,eng,"The opposite of ""eng"" is """,breit,923,992,7.6875,7.375,-0.3125
qwen3-4b,43,freq,val,en,de,eng,"The opposite of ""eng"" is """,breit,923,1088,7.6875,9.8125,2.125
qwen3-4b,43,freq,freq,en,de,eng,"The opposite of ""eng"" is """,breit,923,992,7.6875,7.375,-0.3125
qwen3-4b,44,desc,desc,en,de,weich,"The opposite of ""weich"" is """,hart,2,2,21.125,20.125,-1.0
qwen3-4b,44,desc,val,en,de,weich,"The opposite of ""weich"" is """,hart,2,3,21.125,20.0,-1.125
qwen3-4b,44,desc,freq,en,de,weich,"The opposite of ""weich"" is """,hart,2,2,21.125,19.5,-1.625
qwen3-4b,44,val,desc,en,de,weich,"The opposite of ""weich"" is """,hart,2,1,21.125,20.125,-1.0
qwen3-4b,44,val,val,en,de,weich,"The opposite of ""weich"" is """,hart,2,1,21.125,20.125,-1.0
qwen3-4b,44,val,freq,en,de,weich,"The opposite of ""weich"" is """,hart,2,2,21.125,19.5,-1.625
qwen3-4b,44,freq,desc,en,de,weich,"The opposite of ""weich"" is """,hart,2,4,21.125,18.25,-2.875
qwen3-4b,44,freq,val,en,de,weich,"The opposite of ""weich"" is """,hart,2,7,21.125,18.5,-2.625
qwen3-4b,44,freq,freq,en,de,weich,"The opposite of ""weich"" is """,hart,2,4,21.125,18.25,-2.875
qwen3-4b,45,desc,desc,en,de,nass,"The opposite of ""nass"" is """,trocken,2,2,14.125,14.125,0.0
qwen3-4b,45,desc,val,en,de,nass,"The opposite of ""nass"" is """,trocken,2,1,14.125,20.0,5.875
qwen3-4b,45,desc,freq,en,de,nass,"The opposite of ""nass"" is """,trocken,2,6,14.125,12.8125,-1.3125
qwen3-4b,45,val,desc,en,de,nass,"The opposite of ""nass"" is """,trocken,2,2,14.125,17.25,3.125
qwen3-4b,45,val,val,en,de,nass,"The opposite of ""nass"" is """,trocken,2,2,14.125,17.125,3.0
qwen3-4b,45,val,freq,en,de,nass,"The opposite of ""nass"" is """,trocken,2,6,14.125,15.4375,1.3125
qwen3-4b,45,freq,desc,en,de,nass,"The opposite of ""nass"" is """,trocken,2,1,14.125,13.875,-0.25
qwen3-4b,45,freq,val,en,de,nass,"The opposite of ""nass"" is """,trocken,2,1,14.125,20.125,6.0
qwen3-4b,45,freq,freq,en,de,nass,"The opposite of ""nass"" is """,trocken,2,1,14.125,13.875,-0.25
qwen3-4b,46,desc,desc,en,de,leise,"The opposite of ""leise"" is """,laut,0,1,23.0,22.25,-0.75
qwen3-4b,46,desc,val,en,de,leise,"The opposite of ""leise"" is """,laut,0,1,23.0,21.375,-1.625
qwen3-4b,46,desc,freq,en,de,leise,"The opposite of ""leise"" is """,laut,0,0,23.0,21.125,-1.875
qwen3-4b,46,val,desc,en,de,leise,"The opposite of ""leise"" is """,laut,0,0,23.0,19.875,-3.125
qwen3-4b,46,val,val,en,de,leise,"The opposite of ""leise"" is """,laut,0,0,23.0,19.875,-3.125
qwen3-4b,46,val,freq,en,de,leise,"The opposite of ""leise"" is """,laut,0,0,23.0,19.125,-3.875
qwen3-4b,46,freq,desc,en,de,leise,"The opposite of ""leise"" is """,laut,0,2,23.0,20.375,-2.625
qwen3-4b,46,freq,val,en,de,leise,"The opposite of ""leise"" is """,laut,0,2,23.0,20.5,-2.5
qwen3-4b,46,freq,freq,en,de,leise,"The opposite of ""leise"" is """,laut,0,2,23.0,20.375,-2.625
qwen3-4b,47,desc,desc,en,de,spät,"The opposite of ""spät"" is """,früh,0,0,25.25,24.375,-0.875
qwen3-4b,47,desc,val,en,de,spät,"The opposite of ""spät"" is """,früh,0,0,25.25,24.5,-0.75
qwen3-4b,47,desc,freq,en,de,spät,"The opposite of ""spät"" is """,früh,0,0,25.25,21.875,-3.375
qwen3-4b,47,val,desc,en,de,spät,"The opposite of ""spät"" is """,früh,0,0,25.25,23.625,-1.625
qwen3-4b,47,val,val,en,de,spät,"The opposite of ""spät"" is """,früh,0,0,25.25,23.625,-1.625
qwen3-4b,47,val,freq,en,de,spät,"The opposite of ""spät"" is """,früh,0,0,25.25,20.5,-4.75
qwen3-4b,47,freq,desc,en,de,spät,"The opposite of ""spät"" is """,früh,0,1,25.25,19.75,-5.5
qwen3-4b,47,freq,val,en,de,spät,"The opposite of ""spät"" is """,früh,0,0,25.25,20.375,-4.875
qwen3-4b,47,freq,freq,en,de,spät,"The opposite of ""spät"" is """,früh,0,1,25.25,19.75,-5.5
qwen3-4b,48,desc,desc,en,de,fern,"The opposite of ""fern"" is """,nah,4196,4196,4.9375,4.9375,0.0
qwen3-4b,48,desc,val,en,de,fern,"The opposite of ""fern"" is """,nah,4196,2566,4.9375,7.15625,2.21875
qwen3-4b,48,desc,freq,en,de,fern,"The opposite of ""fern"" is """,nah,4196,915,4.9375,7.375,2.4375
qwen3-4b,48,val,desc,en,de,fern,"The opposite of ""fern"" is """,nah,4196,3524,4.9375,3.03125,-1.90625
qwen3-4b,48,val,val,en,de,fern,"The opposite of ""fern"" is """,nah,4196,3345,4.9375,3.265625,-1.671875
qwen3-4b,48,val,freq,en,de,fern,"The opposite of ""fern"" is """,nah,4196,777,4.9375,6.78125,1.84375
qwen3-4b,48,freq,desc,en,de,fern,"The opposite of ""fern"" is """,nah,4196,4196,4.9375,4.9375,0.0
qwen3-4b,48,freq,val,en,de,fern,"The opposite of ""fern"" is """,nah,4196,4773,4.9375,6.03125,1.09375
qwen3-4b,48,freq,freq,en,de,fern,"The opposite of ""fern"" is """,nah,4196,4196,4.9375,4.9375,0.0
qwen3-4b,49,desc,desc,en,de,flach,"The opposite of ""flach"" is """,hoch,1,2,16.625,15.0625,-1.5625
qwen3-4b,49,desc,val,en,de,flach,"The opposite of ""flach"" is """,hoch,1,2,16.625,18.75,2.125
qwen3-4b,49,desc,freq,en,de,flach,"The opposite of ""flach"" is """,hoch,1,1,16.625,14.1875,-2.4375
qwen3-4b,49,val,desc,en,de,flach,"The opposite of ""flach"" is """,hoch,1,3,16.625,16.25,-0.375
qwen3-4b,49,val,val,en,de,flach,"The opposite of ""flach"" is """,hoch,1,3,16.625,16.375,-0.25
qwen3-4b,49,val,freq,en,de,flach,"The opposite of ""flach"" is """,hoch,1,3,16.625,14.4375,-2.1875
qwen3-4b,49,freq,desc,en,de,flach,"The opposite of ""flach"" is """,hoch,1,2,16.625,13.5625,-3.0625
qwen3-4b,49,freq,val,en,de,flach,"The opposite of ""flach"" is """,hoch,1,2,16.625,17.5,0.875
qwen3-4b,49,freq,freq,en,de,flach,"The opposite of ""flach"" is """,hoch,1,2,16.625,13.5625,-3.0625
qwen3-4b,50,desc,desc,en,de,jung,"The opposite of ""jung"" is """,alt,99,304,12.25,10.5,-1.75
qwen3-4b,50,desc,val,en,de,jung,"The opposite of ""jung"" is """,alt,99,244,12.25,13.4375,1.1875
qwen3-4b,50,desc,freq,en,de,jung,"The opposite of ""jung"" is """,alt,99,144,12.25,10.4375,-1.8125
qwen3-4b,50,val,desc,en,de,jung,"The opposite of ""jung"" is """,alt,99,387,12.25,9.625,-2.625
qwen3-4b,50,val,val,en,de,jung,"The opposite of ""jung"" is """,alt,99,325,12.25,10.0625,-2.1875
qwen3-4b,50,val,freq,en,de,jung,"The opposite of ""jung"" is """,alt,99,111,12.25,11.5,-0.75
qwen3-4b,50,freq,desc,en,de,jung,"The opposite of ""jung"" is """,alt,99,312,12.25,10.375,-1.875
qwen3-4b,50,freq,val,en,de,jung,"The opposite of ""jung"" is """,alt,99,377,12.25,13.0625,0.8125
qwen3-4b,50,freq,freq,en,de,jung,"The opposite of ""jung"" is """,alt,99,312,12.25,10.375,-1.875
qwen3-4b,51,desc,desc,en,de,freundlich,"The opposite of ""freundlich"" is """,unfreundlich,0,0,22.875,22.375,-0.5
qwen3-4b,51,desc,val,en,de,freundlich,"The opposite of ""freundlich"" is """,unfreundlich,0,0,22.875,22.875,0.0
qwen3-4b,51,desc,freq,en,de,freundlich,"The opposite of ""freundlich"" is """,unfreundlich,0,0,22.875,21.25,-1.625
qwen3-4b,51,val,desc,en,de,freundlich,"The opposite of ""freundlich"" is """,unfreundlich,0,0,22.875,22.625,-0.25
qwen3-4b,51,val,val,en,de,freundlich,"The opposite of ""freundlich"" is """,unfreundlich,0,0,22.875,22.5,-0.375
qwen3-4b,51,val,freq,en,de,freundlich,"The opposite of ""freundlich"" is """,unfreundlich,0,0,22.875,21.375,-1.5
qwen3-4b,51,freq,desc,en,de,freundlich,"The opposite of ""freundlich"" is """,unfreundlich,0,0,22.875,21.875,-1.0
qwen3-4b,51,freq,val,en,de,freundlich,"The opposite of ""freundlich"" is """,unfreundlich,0,0,22.875,22.75,-0.125
qwen3-4b,51,freq,freq,en,de,freundlich,"The opposite of ""freundlich"" is """,unfreundlich,0,0,22.875,21.875,-1.0
qwen3-4b,52,desc,desc,en,de,mutig,"The opposite of ""mutig"" is """,feige,21,35,13.3125,13.1875,-0.125
qwen3-4b,52,desc,val,en,de,mutig,"The opposite of ""mutig"" is """,feige,21,35,13.3125,14.5625,1.25
qwen3-4b,52,desc,freq,en,de,mutig,"The opposite of ""mutig"" is """,feige,21,66,13.3125,12.125,-1.1875
qwen3-4b,52,val,desc,en,de,mutig,"The opposite of ""mutig"" is """,feige,21,45,13.3125,11.5,-1.8125
qwen3-4b,52,val,val,en,de,mutig,"The opposite of ""mutig"" is """,feige,21,41,13.3125,11.5625,-1.75
qwen3-4b,52,val,freq,en,de,mutig,"The opposite of ""mutig"" is """,feige,21,62,13.3125,11.125,-2.1875
qwen3-4b,52,freq,desc,en,de,mutig,"The opposite of ""mutig"" is """,feige,21,77,13.3125,11.8125,-1.5
qwen3-4b,52,freq,val,en,de,mutig,"The opposite of ""mutig"" is """,feige,21,68,13.3125,13.0625,-0.25
qwen3-4b,52,freq,freq,en,de,mutig,"The opposite of ""mutig"" is """,feige,21,77,13.3125,11.8125,-1.5
qwen3-4b,53,desc,desc,en,de,weise,"The opposite of ""weise"" is """,dumm,18,18,15.1875,15.0625,-0.125
qwen3-4b,53,desc,val,en,de,weise,"The opposite of ""weise"" is """,dumm,18,17,15.1875,16.75,1.5625
qwen3-4b,53,desc,freq,en,de,weise,"The opposite of ""weise"" is """,dumm,18,8,15.1875,16.375,1.1875
qwen3-4b,53,val,desc,en,de,weise,"The opposite of ""weise"" is """,dumm,18,29,15.1875,13.4375,-1.75
qwen3-4b,53,val,val,en,de,weise,"The opposite of ""weise"" is """,dumm,18,31,15.1875,13.3125,-1.875
qwen3-4b,53,val,freq,en,de,weise,"The opposite of ""weise"" is """,dumm,18,8,15.1875,15.875,0.6875
qwen3-4b,53,freq,desc,en,de,weise,"The opposite of ""weise"" is """,dumm,18,5,15.1875,15.625,0.4375
qwen3-4b,53,freq,val,en,de,weise,"The opposite of ""weise"" is """,dumm,18,4,15.1875,18.375,3.1875
qwen3-4b,53,freq,freq,en,de,weise,"The opposite of ""weise"" is """,dumm,18,5,15.1875,15.625,0.4375
qwen3-4b,54,desc,desc,en,de,höflich,"The opposite of ""höflich"" is """,unhöflich,0,1,23.5,21.75,-1.75
qwen3-4b,54,desc,val,en,de,höflich,"The opposite of ""höflich"" is """,unhöflich,0,0,23.5,22.75,-0.75
qwen3-4b,54,desc,freq,en,de,höflich,"The opposite of ""höflich"" is """,unhöflich,0,1,23.5,20.625,-2.875
qwen3-4b,54,val,desc,en,de,höflich,"The opposite of ""höflich"" is """,unhöflich,0,0,23.5,20.75,-2.75
qwen3-4b,54,val,val,en,de,höflich,"The opposite of ""höflich"" is """,unhöflich,0,0,23.5,20.75,-2.75
qwen3-4b,54,val,freq,en,de,höflich,"The opposite of ""höflich"" is """,unhöflich,0,0,23.5,20.375,-3.125
qwen3-4b,54,freq,desc,en,de,höflich,"The opposite of ""höflich"" is """,unhöflich,0,5,23.5,18.625,-4.875
qwen3-4b,54,freq,val,en,de,höflich,"The opposite of ""höflich"" is """,unhöflich,0,0,23.5,20.0,-3.5
qwen3-4b,54,freq,freq,en,de,höflich,"The opposite of ""höflich"" is """,unhöflich,0,5,23.5,18.625,-4.875
qwen3-4b,55,desc,desc,en,de,geduldig,"The opposite of ""geduldig"" is """,ungeduldig,1,0,19.625,17.5,-2.125
qwen3-4b,55,desc,val,en,de,geduldig,"The opposite of ""geduldig"" is """,ungeduldig,1,0,19.625,20.75,1.125
qwen3-4b,55,desc,freq,en,de,geduldig,"The opposite of ""geduldig"" is """,ungeduldig,1,0,19.625,18.5,-1.125
qwen3-4b,55,val,desc,en,de,geduldig,"The opposite of ""geduldig"" is """,ungeduldig,1,3,19.625,16.125,-3.5
qwen3-4b,55,val,val,en,de,geduldig,"The opposite of ""geduldig"" is """,ungeduldig,1,0,19.625,17.25,-2.375
qwen3-4b,55,val,freq,en,de,geduldig,"The opposite of ""geduldig"" is """,ungeduldig,1,0,19.625,18.125,-1.5
qwen3-4b,55,freq,desc,en,de,geduldig,"The opposite of ""geduldig"" is """,ungeduldig,1,11,19.625,14.0625,-5.5625
qwen3-4b,55,freq,val,en,de,geduldig,"The opposite of ""geduldig"" is """,ungeduldig,1,11,19.625,16.625,-3.0
qwen3-4b,55,freq,freq,en,de,geduldig,"The opposite of ""geduldig"" is """,ungeduldig,1,11,19.625,14.0625,-5.5625
qwen3-4b,56,desc,desc,en,de,ehrlich,"The opposite of ""ehrlich"" is """,unehrlich,4,2,18.125,18.0,-0.125
qwen3-4b,56,desc,val,en,de,ehrlich,"The opposite of ""ehrlich"" is """,unehrlich,4,2,18.125,18.375,0.25
qwen3-4b,56,desc,freq,en,de,ehrlich,"The opposite of ""ehrlich"" is """,unehrlich,4,11,18.125,16.125,-2.0
qwen3-4b,56,val,desc,en,de,ehrlich,"The opposite of ""ehrlich"" is """,unehrlich,4,4,18.125,16.375,-1.75
qwen3-4b,56,val,val,en,de,ehrlich,"The opposite of ""ehrlich"" is """,unehrlich,4,3,18.125,16.5,-1.625
qwen3-4b,56,val,freq,en,de,ehrlich,"The opposite of ""ehrlich"" is """,unehrlich,4,7,18.125,15.5,-2.625
qwen3-4b,56,freq,desc,en,de,ehrlich,"The opposite of ""ehrlich"" is """,unehrlich,4,7,18.125,16.75,-1.375
qwen3-4b,56,freq,val,en,de,ehrlich,"The opposite of ""ehrlich"" is """,unehrlich,4,7,18.125,17.375,-0.75
qwen3-4b,56,freq,freq,en,de,ehrlich,"The opposite of ""ehrlich"" is """,unehrlich,4,7,18.125,16.75,-1.375
qwen3-4b,57,desc,desc,en,de,sicher,"The opposite of ""sicher"" is """,unsicher,0,0,26.5,24.875,-1.625
qwen3-4b,57,desc,val,en,de,sicher,"The opposite of ""sicher"" is """,unsicher,0,0,26.5,23.75,-2.75
qwen3-4b,57,desc,freq,en,de,sicher,"The opposite of ""sicher"" is """,unsicher,0,0,26.5,23.625,-2.875
qwen3-4b,57,val,desc,en,de,sicher,"The opposite of ""sicher"" is """,unsicher,0,0,26.5,23.25,-3.25
qwen3-4b,57,val,val,en,de,sicher,"The opposite of ""sicher"" is """,unsicher,0,0,26.5,23.125,-3.375
qwen3-4b,57,val,freq,en,de,sicher,"The opposite of ""sicher"" is """,unsicher,0,0,26.5,22.875,-3.625
qwen3-4b,57,freq,desc,en,de,sicher,"The opposite of ""sicher"" is """,unsicher,0,0,26.5,22.5,-4.0
qwen3-4b,57,freq,val,en,de,sicher,"The opposite of ""sicher"" is """,unsicher,0,0,26.5,21.5,-5.0
qwen3-4b,57,freq,freq,en,de,sicher,"The opposite of ""sicher"" is """,unsicher,0,0,26.5,22.5,-4.0
qwen3-4b,58,desc,desc,en,de,aktiv,"The opposite of ""aktiv"" is """,passiv,0,0,25.0,24.75,-0.25
qwen3-4b,58,desc,val,en,de,aktiv,"The opposite of ""aktiv"" is """,passiv,0,0,25.0,24.5,-0.5
qwen3-4b,58,desc,freq,en,de,aktiv,"The opposite of ""aktiv"" is """,passiv,0,0,25.0,23.75,-1.25
qwen3-4b,58,val,desc,en,de,aktiv,"The opposite of ""aktiv"" is """,passiv,0,0,25.0,24.25,-0.75
qwen3-4b,58,val,val,en,de,aktiv,"The opposite of ""aktiv"" is """,passiv,0,0,25.0,24.125,-0.875
qwen3-4b,58,val,freq,en,de,aktiv,"The opposite of ""aktiv"" is """,passiv,0,0,25.0,24.875,-0.125
qwen3-4b,58,freq,desc,en,de,aktiv,"The opposite of ""aktiv"" is """,passiv,0,0,25.0,24.5,-0.5
qwen3-4b,58,freq,val,en,de,aktiv,"The opposite of ""aktiv"" is """,passiv,0,0,25.0,25.25,0.25
qwen3-4b,58,freq,freq,en,de,aktiv,"The opposite of ""aktiv"" is """,passiv,0,0,25.0,24.5,-0.5
qwen3-4b,59,desc,desc,en,de,gerade,"The opposite of ""gerade"" is """,krumm,52,39,13.5,14.0,0.5
qwen3-4b,59,desc,val,en,de,gerade,"The opposite of ""gerade"" is """,krumm,52,30,13.5,15.5,2.0
qwen3-4b,59,desc,freq,en,de,gerade,"The opposite of ""gerade"" is """,krumm,52,14,13.5,15.9375,2.4375
qwen3-4b,59,val,desc,en,de,gerade,"The opposite of ""gerade"" is """,krumm,52,34,13.5,13.0625,-0.4375
qwen3-4b,59,val,val,en,de,gerade,"The opposite of ""gerade"" is """,krumm,52,32,13.5,13.125,-0.375
qwen3-4b,59,val,freq,en,de,gerade,"The opposite of ""gerade"" is """,krumm,52,11,13.5,16.0,2.5
qwen3-4b,59,freq,desc,en,de,gerade,"The opposite of ""gerade"" is """,krumm,52,15,13.5,15.1875,1.6875
qwen3-4b,59,freq,val,en,de,gerade,"The opposite of ""gerade"" is """,krumm,52,11,13.5,16.75,3.25
qwen3-4b,59,freq,freq,en,de,gerade,"The opposite of ""gerade"" is """,krumm,52,15,13.5,15.1875,1.6875
qwen3-4b,60,desc,desc,en,de,ganz,"The opposite of ""ganz"" is """,gebrochen,4,7,15.125,14.1875,-0.9375
qwen3-4b,60,desc,val,en,de,ganz,"The opposite of ""ganz"" is """,gebrochen,4,10,15.125,18.0,2.875
qwen3-4b,60,desc,freq,en,de,ganz,"The opposite of ""ganz"" is """,gebrochen,4,3,15.125,14.625,-0.5
qwen3-4b,60,val,desc,en,de,ganz,"The opposite of ""ganz"" is """,gebrochen,4,6,15.125,16.625,1.5
qwen3-4b,60,val,val,en,de,ganz,"The opposite of ""ganz"" is """,gebrochen,4,7,15.125,16.5,1.375
qwen3-4b,60,val,freq,en,de,ganz,"The opposite of ""ganz"" is """,gebrochen,4,3,15.125,18.125,3.0
qwen3-4b,60,freq,desc,en,de,ganz,"The opposite of ""ganz"" is """,gebrochen,4,14,15.125,13.1875,-1.9375
qwen3-4b,60,freq,val,en,de,ganz,"The opposite of ""ganz"" is """,gebrochen,4,19,15.125,17.375,2.25
qwen3-4b,60,freq,freq,en,de,ganz,"The opposite of ""ganz"" is """,gebrochen,4,14,15.125,13.1875,-1.9375
qwen3-4b,61,desc,desc,en,de,ruhig,"The opposite of ""ruhig"" is """,aufgeregt,1,6,18.25,17.125,-1.125
qwen3-4b,61,desc,val,en,de,ruhig,"The opposite of ""ruhig"" is """,aufgeregt,1,7,18.25,18.25,0.0
qwen3-4b,61,desc,freq,en,de,ruhig,"The opposite of ""ruhig"" is """,aufgeregt,1,2,18.25,17.5,-0.75
qwen3-4b,61,val,desc,en,de,ruhig,"The opposite of ""ruhig"" is """,aufgeregt,1,1,18.25,18.375,0.125
qwen3-4b,61,val,val,en,de,ruhig,"The opposite of ""ruhig"" is """,aufgeregt,1,1,18.25,18.25,0.0
qwen3-4b,61,val,freq,en,de,ruhig,"The opposite of ""ruhig"" is """,aufgeregt,1,0,18.25,18.0,-0.25
qwen3-4b,61,freq,desc,en,de,ruhig,"The opposite of ""ruhig"" is """,aufgeregt,1,24,18.25,13.9375,-4.3125
qwen3-4b,61,freq,val,en,de,ruhig,"The opposite of ""ruhig"" is """,aufgeregt,1,28,18.25,15.0625,-3.1875
qwen3-4b,61,freq,freq,en,de,ruhig,"The opposite of ""ruhig"" is """,aufgeregt,1,24,18.25,13.9375,-4.3125
qwen3-4b,62,desc,desc,en,de,richtig,"The opposite of ""richtig"" is """,falsch,0,0,26.75,25.625,-1.125
qwen3-4b,62,desc,val,en,de,richtig,"The opposite of ""richtig"" is """,falsch,0,0,26.75,24.75,-2.0
qwen3-4b,62,desc,freq,en,de,richtig,"The opposite of ""richtig"" is """,falsch,0,0,26.75,24.625,-2.125
qwen3-4b,62,val,desc,en,de,richtig,"The opposite of ""richtig"" is """,falsch,0,0,26.75,24.25,-2.5
qwen3-4b,62,val,val,en,de,richtig,"The opposite of ""richtig"" is """,falsch,0,0,26.75,24.375,-2.375
qwen3-4b,62,val,freq,en,de,richtig,"The opposite of ""richtig"" is """,falsch,0,0,26.75,24.25,-2.5
qwen3-4b,62,freq,desc,en,de,richtig,"The opposite of ""richtig"" is """,falsch,0,0,26.75,21.625,-5.125
qwen3-4b,62,freq,val,en,de,richtig,"The opposite of ""richtig"" is """,falsch,0,0,26.75,21.125,-5.625
qwen3-4b,62,freq,freq,en,de,richtig,"The opposite of ""richtig"" is """,falsch,0,0,26.75,21.625,-5.125
qwen3-4b,63,desc,desc,en,de,komplex,"The opposite of ""komplex"" is """,einfach,8,39,14.75,12.375,-2.375
qwen3-4b,63,desc,val,en,de,komplex,"The opposite of ""komplex"" is """,einfach,8,6,14.75,16.0,1.25
qwen3-4b,63,desc,freq,en,de,komplex,"The opposite of ""komplex"" is """,einfach,8,2,14.75,16.625,1.875
qwen3-4b,63,val,desc,en,de,komplex,"The opposite of ""komplex"" is """,einfach,8,4,14.75,14.875,0.125
qwen3-4b,63,val,val,en,de,komplex,"The opposite of ""komplex"" is """,einfach,8,4,14.75,14.625,-0.125
qwen3-4b,63,val,freq,en,de,komplex,"The opposite of ""komplex"" is """,einfach,8,0,14.75,18.5,3.75
qwen3-4b,63,freq,desc,en,de,komplex,"The opposite of ""komplex"" is """,einfach,8,37,14.75,12.375,-2.375
qwen3-4b,63,freq,val,en,de,komplex,"The opposite of ""komplex"" is """,einfach,8,25,14.75,14.8125,0.0625
qwen3-4b,63,freq,freq,en,de,komplex,"The opposite of ""komplex"" is """,einfach,8,37,14.75,12.375,-2.375
qwen3-4b,64,desc,desc,en,de,effektiv,"The opposite of ""effektiv"" is """,ineffektiv,0,0,22.25,22.75,0.5
qwen3-4b,64,desc,val,en,de,effektiv,"The opposite of ""effektiv"" is """,ineffektiv,0,0,22.25,23.375,1.125
qwen3-4b,64,desc,freq,en,de,effektiv,"The opposite of ""effektiv"" is """,ineffektiv,0,0,22.25,22.5,0.25
qwen3-4b,64,val,desc,en,de,effektiv,"The opposite of ""effektiv"" is """,ineffektiv,0,0,22.25,18.25,-4.0
qwen3-4b,64,val,val,en,de,effektiv,"The opposite of ""effektiv"" is """,ineffektiv,0,0,22.25,18.0,-4.25
qwen3-4b,64,val,freq,en,de,effektiv,"The opposite of ""effektiv"" is """,ineffektiv,0,0,22.25,21.25,-1.0
qwen3-4b,64,freq,desc,en,de,effektiv,"The opposite of ""effektiv"" is """,ineffektiv,0,0,22.25,23.125,0.875
qwen3-4b,64,freq,val,en,de,effektiv,"The opposite of ""effektiv"" is """,ineffektiv,0,0,22.25,25.375,3.125
qwen3-4b,64,freq,freq,en,de,effektiv,"The opposite of ""effektiv"" is """,ineffektiv,0,0,22.25,23.125,0.875
qwen3-4b,65,desc,desc,en,de,berühmt,"The opposite of ""berühmt"" is """,unbekannt,0,1,21.5,19.75,-1.75
qwen3-4b,65,desc,val,en,de,berühmt,"The opposite of ""berühmt"" is """,unbekannt,0,1,21.5,20.25,-1.25
qwen3-4b,65,desc,freq,en,de,berühmt,"The opposite of ""berühmt"" is """,unbekannt,0,2,21.5,17.875,-3.625
qwen3-4b,65,val,desc,en,de,berühmt,"The opposite of ""berühmt"" is """,unbekannt,0,0,21.5,17.875,-3.625
qwen3-4b,65,val,val,en,de,berühmt,"The opposite of ""berühmt"" is """,unbekannt,0,0,21.5,18.125,-3.375
qwen3-4b,65,val,freq,en,de,berühmt,"The opposite of ""berühmt"" is """,unbekannt,0,0,21.5,16.875,-4.625
qwen3-4b,65,freq,desc,en,de,berühmt,"The opposite of ""berühmt"" is """,unbekannt,0,4,21.5,17.25,-4.25
qwen3-4b,65,freq,val,en,de,berühmt,"The opposite of ""berühmt"" is """,unbekannt,0,3,21.5,18.625,-2.875
qwen3-4b,65,freq,freq,en,de,berühmt,"The opposite of ""berühmt"" is """,unbekannt,0,4,21.5,17.25,-4.25
qwen3-4b,66,desc,desc,en,de,großzügig,"The opposite of ""großzügig"" is """,geizig,422,582,8.625,8.5625,-0.0625
qwen3-4b,66,desc,val,en,de,großzügig,"The opposite of ""großzügig"" is """,geizig,422,615,8.625,9.5,0.875
qwen3-4b,66,desc,freq,en,de,großzügig,"The opposite of ""großzügig"" is """,geizig,422,1017,8.625,7.53125,-1.09375
qwen3-4b,66,val,desc,en,de,großzügig,"The opposite of ""großzügig"" is """,geizig,422,461,8.625,7.1875,-1.4375
qwen3-4b,66,val,val,en,de,großzügig,"The opposite of ""großzügig"" is """,geizig,422,455,8.625,7.09375,-1.53125
qwen3-4b,66,val,freq,en,de,großzügig,"The opposite of ""großzügig"" is """,geizig,422,652,8.625,6.46875,-2.15625
qwen3-4b,66,freq,desc,en,de,großzügig,"The opposite of ""großzügig"" is """,geizig,422,2088,8.625,6.25,-2.375
qwen3-4b,66,freq,val,en,de,großzügig,"The opposite of ""großzügig"" is """,geizig,422,2057,8.625,7.65625,-0.96875
qwen3-4b,66,freq,freq,en,de,großzügig,"The opposite of ""großzügig"" is """,geizig,422,2121,8.625,6.21875,-2.40625
qwen3-4b,67,desc,desc,en,de,zufrieden,"The opposite of ""zufrieden"" is """,unzufrieden,0,0,24.625,24.75,0.125
qwen3-4b,67,desc,val,en,de,zufrieden,"The opposite of ""zufrieden"" is """,unzufrieden,0,0,24.625,25.125,0.5
qwen3-4b,67,desc,freq,en,de,zufrieden,"The opposite of ""zufrieden"" is """,unzufrieden,0,0,24.625,23.0,-1.625
qwen3-4b,67,val,desc,en,de,zufrieden,"The opposite of ""zufrieden"" is """,unzufrieden,0,0,24.625,24.75,0.125
qwen3-4b,67,val,val,en,de,zufrieden,"The opposite of ""zufrieden"" is """,unzufrieden,0,0,24.625,24.875,0.25
qwen3-4b,67,val,freq,en,de,zufrieden,"The opposite of ""zufrieden"" is """,unzufrieden,0,0,24.625,24.0,-0.625
qwen3-4b,67,freq,desc,en,de,zufrieden,"The opposite of ""zufrieden"" is """,unzufrieden,0,0,24.625,23.875,-0.75
qwen3-4b,67,freq,val,en,de,zufrieden,"The opposite of ""zufrieden"" is """,unzufrieden,0,0,24.625,24.0,-0.625
qwen3-4b,67,freq,freq,en,de,zufrieden,"The opposite of ""zufrieden"" is """,unzufrieden,0,0,24.625,23.875,-0.75
qwen3-4b,68,desc,desc,en,de,gesund,"The opposite of ""gesund"" is """,krank,1,2,24.25,21.0,-3.25
qwen3-4b,68,desc,val,en,de,gesund,"The opposite of ""gesund"" is """,krank,1,2,24.25,21.5,-2.75
qwen3-4b,68,desc,freq,en,de,gesund,"The opposite of ""gesund"" is """,krank,1,1,24.25,21.25,-3.0
qwen3-4b,68,val,desc,en,de,gesund,"The opposite of ""gesund"" is """,krank,1,1,24.25,21.0,-3.25
qwen3-4b,68,val,val,en,de,gesund,"The opposite of ""gesund"" is """,krank,1,1,24.25,21.0,-3.25
qwen3-4b,68,val,freq,en,de,gesund,"The opposite of ""gesund"" is """,krank,1,2,24.25,20.75,-3.5
qwen3-4b,68,freq,desc,en,de,gesund,"The opposite of ""gesund"" is """,krank,1,5,24.25,15.0,-9.25
qwen3-4b,68,freq,val,en,de,gesund,"The opposite of ""gesund"" is """,krank,1,5,24.25,15.6875,-8.5625
qwen3-4b,68,freq,freq,en,de,gesund,"The opposite of ""gesund"" is """,krank,1,5,24.25,15.0,-9.25
qwen3-4b,69,desc,desc,en,de,hoch,"The opposite of ""hoch"" is """,niedrig,1,1,22.0,21.375,-0.625
qwen3-4b,69,desc,val,en,de,hoch,"The opposite of ""hoch"" is """,niedrig,1,1,22.0,22.5,0.5
qwen3-4b,69,desc,freq,en,de,hoch,"The opposite of ""hoch"" is """,niedrig,1,0,22.0,22.75,0.75
qwen3-4b,69,val,desc,en,de,hoch,"The opposite of ""hoch"" is """,niedrig,1,0,22.0,18.625,-3.375
qwen3-4b,69,val,val,en,de,hoch,"The opposite of ""hoch"" is """,niedrig,1,0,22.0,18.5,-3.5
qwen3-4b,69,val,freq,en,de,hoch,"The opposite of ""hoch"" is """,niedrig,1,0,22.0,20.25,-1.75
qwen3-4b,69,freq,desc,en,de,hoch,"The opposite of ""hoch"" is """,niedrig,1,0,22.0,21.375,-0.625
qwen3-4b,69,freq,val,en,de,hoch,"The opposite of ""hoch"" is """,niedrig,1,0,22.0,23.375,1.375
qwen3-4b,69,freq,freq,en,de,hoch,"The opposite of ""hoch"" is """,niedrig,1,0,22.0,21.25,-0.75
qwen3-4b,70,desc,desc,en,de,wichtig,"The opposite of ""wichtig"" is """,unwichtig,1,2,19.5,18.5,-1.0
qwen3-4b,70,desc,val,en,de,wichtig,"The opposite of ""wichtig"" is """,unwichtig,1,1,19.5,18.75,-0.75
qwen3-4b,70,desc,freq,en,de,wichtig,"The opposite of ""wichtig"" is """,unwichtig,1,1,19.5,18.25,-1.25
qwen3-4b,70,val,desc,en,de,wichtig,"The opposite of ""wichtig"" is """,unwichtig,1,2,19.5,15.125,-4.375
qwen3-4b,70,val,val,en,de,wichtig,"The opposite of ""wichtig"" is """,unwichtig,1,3,19.5,15.0625,-4.4375
qwen3-4b,70,val,freq,en,de,wichtig,"The opposite of ""wichtig"" is """,unwichtig,1,1,19.5,16.125,-3.375
qwen3-4b,70,freq,desc,en,de,wichtig,"The opposite of ""wichtig"" is """,unwichtig,1,2,19.5,17.375,-2.125
qwen3-4b,70,freq,val,en,de,wichtig,"The opposite of ""wichtig"" is """,unwichtig,1,1,19.5,18.375,-1.125
qwen3-4b,70,freq,freq,en,de,wichtig,"The opposite of ""wichtig"" is """,unwichtig,1,2,19.5,17.375,-2.125
qwen3-4b,71,desc,desc,en,de,unschuldig,"The opposite of ""unschuldig"" is """,schuldig,0,0,24.5,25.0,0.5
qwen3-4b,71,desc,val,en,de,unschuldig,"The opposite of ""unschuldig"" is """,schuldig,0,0,24.5,23.5,-1.0
qwen3-4b,71,desc,freq,en,de,unschuldig,"The opposite of ""unschuldig"" is """,schuldig,0,0,24.5,25.875,1.375
qwen3-4b,71,val,desc,en,de,unschuldig,"The opposite of ""unschuldig"" is """,schuldig,0,0,24.5,23.75,-0.75
qwen3-4b,71,val,val,en,de,unschuldig,"The opposite of ""unschuldig"" is """,schuldig,0,0,24.5,23.625,-0.875
qwen3-4b,71,val,freq,en,de,unschuldig,"The opposite of ""unschuldig"" is """,schuldig,0,0,24.5,25.0,0.5
qwen3-4b,71,freq,desc,en,de,unschuldig,"The opposite of ""unschuldig"" is """,schuldig,0,0,24.5,24.875,0.375
qwen3-4b,71,freq,val,en,de,unschuldig,"The opposite of ""unschuldig"" is """,schuldig,0,0,24.5,22.875,-1.625
qwen3-4b,71,freq,freq,en,de,unschuldig,"The opposite of ""unschuldig"" is """,schuldig,0,0,24.5,24.875,0.375
qwen3-4b,72,desc,desc,en,de,bekannt,"The opposite of ""bekannt"" is """,unbekannt,0,0,23.5,21.375,-2.125
qwen3-4b,72,desc,val,en,de,bekannt,"The opposite of ""bekannt"" is """,unbekannt,0,0,23.5,21.25,-2.25
qwen3-4b,72,desc,freq,en,de,bekannt,"The opposite of ""bekannt"" is """,unbekannt,0,1,23.5,20.125,-3.375
qwen3-4b,72,val,desc,en,de,bekannt,"The opposite of ""bekannt"" is """,unbekannt,0,0,23.5,19.125,-4.375
qwen3-4b,72,val,val,en,de,bekannt,"The opposite of ""bekannt"" is """,unbekannt,0,0,23.5,19.25,-4.25
qwen3-4b,72,val,freq,en,de,bekannt,"The opposite of ""bekannt"" is """,unbekannt,0,0,23.5,19.125,-4.375
qwen3-4b,72,freq,desc,en,de,bekannt,"The opposite of ""bekannt"" is """,unbekannt,0,2,23.5,18.25,-5.25
qwen3-4b,72,freq,val,en,de,bekannt,"The opposite of ""bekannt"" is """,unbekannt,0,2,23.5,18.75,-4.75
qwen3-4b,72,freq,freq,en,de,bekannt,"The opposite of ""bekannt"" is """,unbekannt,0,2,23.5,18.25,-5.25
qwen3-4b,73,desc,desc,en,de,männlich,"The opposite of ""männlich"" is """,weiblich,0,0,24.5,22.5,-2.0
qwen3-4b,73,desc,val,en,de,männlich,"The opposite of ""männlich"" is """,weiblich,0,0,24.5,20.375,-4.125
qwen3-4b,73,desc,freq,en,de,männlich,"The opposite of ""männlich"" is """,weiblich,0,0,24.5,20.0,-4.5
qwen3-4b,73,val,desc,en,de,männlich,"The opposite of ""männlich"" is """,weiblich,0,0,24.5,22.75,-1.75
qwen3-4b,73,val,val,en,de,männlich,"The opposite of ""männlich"" is """,weiblich,0,0,24.5,22.875,-1.625
qwen3-4b,73,val,freq,en,de,männlich,"The opposite of ""männlich"" is """,weiblich,0,0,24.5,19.25,-5.25
qwen3-4b,73,freq,desc,en,de,männlich,"The opposite of ""männlich"" is """,weiblich,0,11,24.5,13.3125,-11.1875
qwen3-4b,73,freq,val,en,de,männlich,"The opposite of ""männlich"" is """,weiblich,0,45,24.5,13.0625,-11.4375
qwen3-4b,73,freq,freq,en,de,männlich,"The opposite of ""männlich"" is """,weiblich,0,11,24.5,13.3125,-11.1875
qwen3-4b,74,desc,desc,en,de,normal,"The opposite of ""normal"" is """,abnormal,0,0,21.5,21.5,0.0
qwen3-4b,74,desc,val,en,de,normal,"The opposite of ""normal"" is """,abnormal,0,0,21.5,21.75,0.25
qwen3-4b,74,desc,freq,en,de,normal,"The opposite of ""normal"" is """,abnormal,0,0,21.5,19.375,-2.125
qwen3-4b,74,val,desc,en,de,normal,"The opposite of ""normal"" is """,abnormal,0,0,21.5,20.375,-1.125
qwen3-4b,74,val,val,en,de,normal,"The opposite of ""normal"" is """,abnormal,0,0,21.5,20.125,-1.375
qwen3-4b,74,val,freq,en,de,normal,"The opposite of ""normal"" is """,abnormal,0,1,21.5,17.5,-4.0
qwen3-4b,74,freq,desc,en,de,normal,"The opposite of ""normal"" is """,abnormal,0,0,21.5,21.5,0.0
qwen3-4b,74,freq,val,en,de,normal,"The opposite of ""normal"" is """,abnormal,0,0,21.5,22.625,1.125
qwen3-4b,74,freq,freq,en,de,normal,"The opposite of ""normal"" is """,abnormal,0,0,21.5,21.5,0.0
qwen3-4b,75,desc,desc,en,de,möglich,"The opposite of ""möglich"" is """,unmöglich,2,2,21.75,19.875,-1.875
qwen3-4b,75,desc,val,en,de,möglich,"The opposite of ""möglich"" is """,unmöglich,2,2,21.75,20.125,-1.625
qwen3-4b,75,desc,freq,en,de,möglich,"The opposite of ""möglich"" is """,unmöglich,2,3,21.75,18.625,-3.125
qwen3-4b,75,val,desc,en,de,möglich,"The opposite of ""möglich"" is """,unmöglich,2,2,21.75,18.5,-3.25
qwen3-4b,75,val,val,en,de,möglich,"The opposite of ""möglich"" is """,unmöglich,2,2,21.75,18.625,-3.125
qwen3-4b,75,val,freq,en,de,möglich,"The opposite of ""möglich"" is """,unmöglich,2,1,21.75,17.25,-4.5
qwen3-4b,75,freq,desc,en,de,möglich,"The opposite of ""möglich"" is """,unmöglich,2,3,21.75,18.375,-3.375
qwen3-4b,75,freq,val,en,de,möglich,"The opposite of ""möglich"" is """,unmöglich,2,3,21.75,19.375,-2.375
qwen3-4b,75,freq,freq,en,de,möglich,"The opposite of ""möglich"" is """,unmöglich,2,3,21.75,18.375,-3.375
qwen3-4b,76,desc,desc,en,de,privat,"The opposite of ""privat"" is """,öffentlich,8,33,12.125,10.4375,-1.6875
qwen3-4b,76,desc,val,en,de,privat,"The opposite of ""privat"" is """,öffentlich,8,18,12.125,14.0625,1.9375
qwen3-4b,76,desc,freq,en,de,privat,"The opposite of ""privat"" is """,öffentlich,8,3,12.125,13.1875,1.0625
qwen3-4b,76,val,desc,en,de,privat,"The opposite of ""privat"" is """,öffentlich,8,6,12.125,12.4375,0.3125
qwen3-4b,76,val,val,en,de,privat,"The opposite of ""privat"" is """,öffentlich,8,5,12.125,12.4375,0.3125
qwen3-4b,76,val,freq,en,de,privat,"The opposite of ""privat"" is """,öffentlich,8,2,12.125,14.625,2.5
qwen3-4b,76,freq,desc,en,de,privat,"The opposite of ""privat"" is """,öffentlich,8,52,12.125,9.875,-2.25
qwen3-4b,76,freq,val,en,de,privat,"The opposite of ""privat"" is """,öffentlich,8,48,12.125,12.9375,0.8125
qwen3-4b,76,freq,freq,en,de,privat,"The opposite of ""privat"" is """,öffentlich,8,52,12.125,9.875,-2.25
qwen3-4b,77,desc,desc,en,de,richtig,"The opposite of ""richtig"" is """,falsch,0,0,26.75,25.625,-1.125
qwen3-4b,77,desc,val,en,de,richtig,"The opposite of ""richtig"" is """,falsch,0,0,26.75,24.75,-2.0
qwen3-4b,77,desc,freq,en,de,richtig,"The opposite of ""richtig"" is """,falsch,0,0,26.75,24.625,-2.125
qwen3-4b,77,val,desc,en,de,richtig,"The opposite of ""richtig"" is """,falsch,0,0,26.75,24.25,-2.5
qwen3-4b,77,val,val,en,de,richtig,"The opposite of ""richtig"" is """,falsch,0,0,26.75,24.375,-2.375
qwen3-4b,77,val,freq,en,de,richtig,"The opposite of ""richtig"" is """,falsch,0,0,26.75,24.25,-2.5
qwen3-4b,77,freq,desc,en,de,richtig,"The opposite of ""richtig"" is """,falsch,0,0,26.75,21.625,-5.125
qwen3-4b,77,freq,val,en,de,richtig,"The opposite of ""richtig"" is """,falsch,0,0,26.75,21.125,-5.625
qwen3-4b,77,freq,freq,en,de,richtig,"The opposite of ""richtig"" is """,falsch,0,0,26.75,21.625,-5.125
qwen3-4b,78,desc,desc,en,de,einfach,"The opposite of ""einfach"" is """,komplex,0,0,24.0,22.75,-1.25
qwen3-4b,78,desc,val,en,de,einfach,"The opposite of ""einfach"" is """,komplex,0,0,24.0,23.5,-0.5
qwen3-4b,78,desc,freq,en,de,einfach,"The opposite of ""einfach"" is """,komplex,0,0,24.0,23.75,-0.25
qwen3-4b,78,val,desc,en,de,einfach,"The opposite of ""einfach"" is """,komplex,0,0,24.0,21.25,-2.75
qwen3-4b,78,val,val,en,de,einfach,"The opposite of ""einfach"" is """,komplex,0,0,24.0,21.375,-2.625
qwen3-4b,78,val,freq,en,de,einfach,"The opposite of ""einfach"" is """,komplex,0,0,24.0,22.0,-2.0
qwen3-4b,78,freq,desc,en,de,einfach,"The opposite of ""einfach"" is """,komplex,0,0,24.0,22.5,-1.5
qwen3-4b,78,freq,val,en,de,einfach,"The opposite of ""einfach"" is """,komplex,0,0,24.0,23.125,-0.875
qwen3-4b,78,freq,freq,en,de,einfach,"The opposite of ""einfach"" is """,komplex,0,0,24.0,22.5,-1.5
qwen3-4b,79,desc,desc,en,de,süß,"The opposite of ""süß"" is """,sauer,0,0,25.625,24.625,-1.0
qwen3-4b,79,desc,val,en,de,süß,"The opposite of ""süß"" is """,sauer,0,0,25.625,24.0,-1.625
qwen3-4b,79,desc,freq,en,de,süß,"The opposite of ""süß"" is """,sauer,0,0,25.625,22.125,-3.5
qwen3-4b,79,val,desc,en,de,süß,"The opposite of ""süß"" is """,sauer,0,0,25.625,20.0,-5.625
qwen3-4b,79,val,val,en,de,süß,"The opposite of ""süß"" is """,sauer,0,0,25.625,20.0,-5.625
qwen3-4b,79,val,freq,en,de,süß,"The opposite of ""süß"" is """,sauer,0,0,25.625,19.125,-6.5
qwen3-4b,79,freq,desc,en,de,süß,"The opposite of ""süß"" is """,sauer,0,0,25.625,22.875,-2.75
qwen3-4b,79,freq,val,en,de,süß,"The opposite of ""süß"" is """,sauer,0,0,25.625,23.625,-2.0
qwen3-4b,79,freq,freq,en,de,süß,"The opposite of ""süß"" is """,sauer,0,0,25.625,22.875,-2.75
qwen3-4b,80,desc,desc,en,de,sichtbar,"The opposite of ""sichtbar"" is """,unsichtbar,0,0,25.25,24.125,-1.125
qwen3-4b,80,desc,val,en,de,sichtbar,"The opposite of ""sichtbar"" is """,unsichtbar,0,0,25.25,22.875,-2.375
qwen3-4b,80,desc,freq,en,de,sichtbar,"The opposite of ""sichtbar"" is """,unsichtbar,0,1,25.25,21.375,-3.875
qwen3-4b,80,val,desc,en,de,sichtbar,"The opposite of ""sichtbar"" is """,unsichtbar,0,0,25.25,23.625,-1.625
qwen3-4b,80,val,val,en,de,sichtbar,"The opposite of ""sichtbar"" is """,unsichtbar,0,0,25.25,23.5,-1.75
qwen3-4b,80,val,freq,en,de,sichtbar,"The opposite of ""sichtbar"" is """,unsichtbar,0,0,25.25,22.5,-2.75
qwen3-4b,80,freq,desc,en,de,sichtbar,"The opposite of ""sichtbar"" is """,unsichtbar,0,1,25.25,21.0,-4.25
qwen3-4b,80,freq,val,en,de,sichtbar,"The opposite of ""sichtbar"" is """,unsichtbar,0,3,25.25,20.625,-4.625
qwen3-4b,80,freq,freq,en,de,sichtbar,"The opposite of ""sichtbar"" is """,unsichtbar,0,1,25.25,21.0,-4.25
qwen3-4b,81,desc,desc,en,de,warm,"The opposite of ""warm"" is """,kühl,204,204,9.875,9.875,0.0
qwen3-4b,81,desc,val,en,de,warm,"The opposite of ""warm"" is """,kühl,204,71,9.875,11.8125,1.9375
qwen3-4b,81,desc,freq,en,de,warm,"The opposite of ""warm"" is """,kühl,204,5,9.875,16.5,6.625
qwen3-4b,81,val,desc,en,de,warm,"The opposite of ""warm"" is """,kühl,204,418,9.875,5.4375,-4.4375
qwen3-4b,81,val,val,en,de,warm,"The opposite of ""warm"" is """,kühl,204,413,9.875,5.53125,-4.34375
qwen3-4b,81,val,freq,en,de,warm,"The opposite of ""warm"" is """,kühl,204,2,9.875,15.625,5.75
qwen3-4b,81,freq,desc,en,de,warm,"The opposite of ""warm"" is """,kühl,204,204,9.875,9.875,0.0
qwen3-4b,81,freq,val,en,de,warm,"The opposite of ""warm"" is """,kühl,204,103,9.875,11.25,1.375
qwen3-4b,81,freq,freq,en,de,warm,"The opposite of ""warm"" is """,kühl,204,204,9.875,9.875,0.0
qwen3-4b,82,desc,desc,en,de,glatt,"The opposite of ""glatt"" is """,rau,1328,1926,7.3125,6.46875,-0.84375
qwen3-4b,82,desc,val,en,de,glatt,"The opposite of ""glatt"" is """,rau,1328,842,7.3125,9.5,2.1875
qwen3-4b,82,desc,freq,en,de,glatt,"The opposite of ""glatt"" is """,rau,1328,623,7.3125,8.625,1.3125
qwen3-4b,82,val,desc,en,de,glatt,"The opposite of ""glatt"" is """,rau,1328,1836,7.3125,5.0625,-2.25
qwen3-4b,82,val,val,en,de,glatt,"The opposite of ""glatt"" is """,rau,1328,1901,7.3125,5.0,-2.3125
qwen3-4b,82,val,freq,en,de,glatt,"The opposite of ""glatt"" is """,rau,1328,787,7.3125,6.96875,-0.34375
qwen3-4b,82,freq,desc,en,de,glatt,"The opposite of ""glatt"" is """,rau,1328,1978,7.3125,6.40625,-0.90625
qwen3-4b,82,freq,val,en,de,glatt,"The opposite of ""glatt"" is """,rau,1328,1081,7.3125,9.125,1.8125
qwen3-4b,82,freq,freq,en,de,glatt,"The opposite of ""glatt"" is """,rau,1328,1978,7.3125,6.40625,-0.90625
qwen3-4b,83,desc,desc,en,de,dünn,"The opposite of ""dünn"" is """,dick,0,0,23.125,20.375,-2.75
qwen3-4b,83,desc,val,en,de,dünn,"The opposite of ""dünn"" is """,dick,0,0,23.125,21.0,-2.125
qwen3-4b,83,desc,freq,en,de,dünn,"The opposite of ""dünn"" is """,dick,0,1,23.125,20.0,-3.125
qwen3-4b,83,val,desc,en,de,dünn,"The opposite of ""dünn"" is """,dick,0,0,23.125,20.875,-2.25
qwen3-4b,83,val,val,en,de,dünn,"The opposite of ""dünn"" is """,dick,0,0,23.125,20.875,-2.25
qwen3-4b,83,val,freq,en,de,dünn,"The opposite of ""dünn"" is """,dick,0,0,23.125,19.25,-3.875
qwen3-4b,83,freq,desc,en,de,dünn,"The opposite of ""dünn"" is """,dick,0,5,23.125,15.5,-7.625
qwen3-4b,83,freq,val,en,de,dünn,"The opposite of ""dünn"" is """,dick,0,4,23.125,16.75,-6.375
qwen3-4b,83,freq,freq,en,de,dünn,"The opposite of ""dünn"" is """,dick,0,5,23.125,15.5,-7.625
qwen3-4b,84,desc,desc,en,de,groß,"The opposite of ""groß"" is """,klein,0,0,22.5,23.0,0.5
qwen3-4b,84,desc,val,en,de,groß,"The opposite of ""groß"" is """,klein,0,0,22.5,23.125,0.625
qwen3-4b,84,desc,freq,en,de,groß,"The opposite of ""groß"" is """,klein,0,0,22.5,23.375,0.875
qwen3-4b,84,val,desc,en,de,groß,"The opposite of ""groß"" is """,klein,0,0,22.5,20.75,-1.75
qwen3-4b,84,val,val,en,de,groß,"The opposite of ""groß"" is """,klein,0,0,22.5,20.625,-1.875
qwen3-4b,84,val,freq,en,de,groß,"The opposite of ""groß"" is """,klein,0,0,22.5,20.875,-1.625
qwen3-4b,84,freq,desc,en,de,groß,"The opposite of ""groß"" is """,klein,0,0,22.5,22.0,-0.5
qwen3-4b,84,freq,val,en,de,groß,"The opposite of ""groß"" is """,klein,0,0,22.5,21.75,-0.75
qwen3-4b,84,freq,freq,en,de,groß,"The opposite of ""groß"" is """,klein,0,0,22.5,22.0,-0.5
qwen3-4b,85,desc,desc,en,de,verheiratet,"The opposite of ""verheiratet"" is """,unverheiratet,2,2,20.375,19.0,-1.375
qwen3-4b,85,desc,val,en,de,verheiratet,"The opposite of ""verheiratet"" is """,unverheiratet,2,0,20.375,20.375,0.0
qwen3-4b,85,desc,freq,en,de,verheiratet,"The opposite of ""verheiratet"" is """,unverheiratet,2,1,20.375,18.5,-1.875
qwen3-4b,85,val,desc,en,de,verheiratet,"The opposite of ""verheiratet"" is """,unverheiratet,2,1,20.375,17.875,-2.5
qwen3-4b,85,val,val,en,de,verheiratet,"The opposite of ""verheiratet"" is """,unverheiratet,2,1,20.375,18.125,-2.25
qwen3-4b,85,val,freq,en,de,verheiratet,"The opposite of ""verheiratet"" is """,unverheiratet,2,0,20.375,18.5,-1.875
qwen3-4b,85,freq,desc,en,de,verheiratet,"The opposite of ""verheiratet"" is """,unverheiratet,2,1,20.375,18.5,-1.875
qwen3-4b,85,freq,val,en,de,verheiratet,"The opposite of ""verheiratet"" is """,unverheiratet,2,1,20.375,20.125,-0.25
qwen3-4b,85,freq,freq,en,de,verheiratet,"The opposite of ""verheiratet"" is """,unverheiratet,2,1,20.375,18.5,-1.875
qwen3-4b,86,desc,desc,en,de,optimistisch,"The opposite of ""optimistisch"" is """,pessimistisch,0,0,27.125,28.75,1.625
qwen3-4b,86,desc,val,en,de,optimistisch,"The opposite of ""optimistisch"" is """,pessimistisch,0,0,27.125,27.625,0.5
qwen3-4b,86,desc,freq,en,de,optimistisch,"The opposite of ""optimistisch"" is """,pessimistisch,0,0,27.125,27.75,0.625
qwen3-4b,86,val,desc,en,de,optimistisch,"The opposite of ""optimistisch"" is """,pessimistisch,0,0,27.125,25.375,-1.75
qwen3-4b,86,val,val,en,de,optimistisch,"The opposite of ""optimistisch"" is """,pessimistisch,0,0,27.125,25.375,-1.75
qwen3-4b,86,val,freq,en,de,optimistisch,"The opposite of ""optimistisch"" is """,pessimistisch,0,0,27.125,25.375,-1.75
qwen3-4b,86,freq,desc,en,de,optimistisch,"The opposite of ""optimistisch"" is """,pessimistisch,0,0,27.125,28.875,1.75
qwen3-4b,86,freq,val,en,de,optimistisch,"The opposite of ""optimistisch"" is """,pessimistisch,0,0,27.125,28.375,1.25
qwen3-4b,86,freq,freq,en,de,optimistisch,"The opposite of ""optimistisch"" is """,pessimistisch,0,0,27.125,28.875,1.75
qwen3-4b,87,desc,desc,en,de,permanent,"The opposite of ""permanent"" is """,temporär,3,3,17.375,17.375,0.0
qwen3-4b,87,desc,val,en,de,permanent,"The opposite of ""permanent"" is """,temporär,3,3,17.375,17.75,0.375
qwen3-4b,87,desc,freq,en,de,permanent,"The opposite of ""permanent"" is """,temporär,3,2,17.375,16.5,-0.875
qwen3-4b,87,val,desc,en,de,permanent,"The opposite of ""permanent"" is """,temporär,3,9,17.375,11.75,-5.625
qwen3-4b,87,val,val,en,de,permanent,"The opposite of ""permanent"" is """,temporär,3,10,17.375,11.75,-5.625
qwen3-4b,87,val,freq,en,de,permanent,"The opposite of ""permanent"" is """,temporär,3,8,17.375,10.1875,-7.1875
qwen3-4b,87,freq,desc,en,de,permanent,"The opposite of ""permanent"" is """,temporär,3,3,17.375,17.375,0.0
qwen3-4b,87,freq,val,en,de,permanent,"The opposite of ""permanent"" is """,temporär,3,3,17.375,18.0,0.625
qwen3-4b,87,freq,freq,en,de,permanent,"The opposite of ""permanent"" is """,temporär,3,3,17.375,17.375,0.0
qwen3-4b,88,desc,desc,en,de,gegenwärtig,"The opposite of ""gegenwärtig"" is """,abwesend,1,1,19.375,17.875,-1.5
qwen3-4b,88,desc,val,en,de,gegenwärtig,"The opposite of ""gegenwärtig"" is """,abwesend,1,1,19.375,21.375,2.0
qwen3-4b,88,desc,freq,en,de,gegenwärtig,"The opposite of ""gegenwärtig"" is """,abwesend,1,1,19.375,16.875,-2.5
qwen3-4b,88,val,desc,en,de,gegenwärtig,"The opposite of ""gegenwärtig"" is """,abwesend,1,0,19.375,19.5,0.125
qwen3-4b,88,val,val,en,de,gegenwärtig,"The opposite of ""gegenwärtig"" is """,abwesend,1,0,19.375,19.5,0.125
qwen3-4b,88,val,freq,en,de,gegenwärtig,"The opposite of ""gegenwärtig"" is """,abwesend,1,1,19.375,17.0,-2.375
qwen3-4b,88,freq,desc,en,de,gegenwärtig,"The opposite of ""gegenwärtig"" is """,abwesend,1,1,19.375,16.125,-3.25
qwen3-4b,88,freq,val,en,de,gegenwärtig,"The opposite of ""gegenwärtig"" is """,abwesend,1,1,19.375,19.375,0.0
qwen3-4b,88,freq,freq,en,de,gegenwärtig,"The opposite of ""gegenwärtig"" is """,abwesend,1,1,19.375,16.125,-3.25
qwen3-4b,89,desc,desc,en,de,öffentlich,"The opposite of ""öffentlich"" is """,privat,0,0,20.875,20.75,-0.125
qwen3-4b,89,desc,val,en,de,öffentlich,"The opposite of ""öffentlich"" is """,privat,0,0,20.875,20.875,0.0
qwen3-4b,89,desc,freq,en,de,öffentlich,"The opposite of ""öffentlich"" is """,privat,0,0,20.875,21.0,0.125
qwen3-4b,89,val,desc,en,de,öffentlich,"The opposite of ""öffentlich"" is """,privat,0,1,20.875,18.375,-2.5
qwen3-4b,89,val,val,en,de,öffentlich,"The opposite of ""öffentlich"" is """,privat,0,1,20.875,18.5,-2.375
qwen3-4b,89,val,freq,en,de,öffentlich,"The opposite of ""öffentlich"" is """,privat,0,0,20.875,19.625,-1.25
qwen3-4b,89,freq,desc,en,de,öffentlich,"The opposite of ""öffentlich"" is """,privat,0,0,20.875,21.625,0.75
qwen3-4b,89,freq,val,en,de,öffentlich,"The opposite of ""öffentlich"" is """,privat,0,0,20.875,21.75,0.875
qwen3-4b,89,freq,freq,en,de,öffentlich,"The opposite of ""öffentlich"" is """,privat,0,0,20.875,21.625,0.75
qwen3-4b,90,desc,desc,en,de,echt,"The opposite of ""echt"" is """,falsch,0,0,23.0,20.75,-2.25
qwen3-4b,90,desc,val,en,de,echt,"The opposite of ""echt"" is """,falsch,0,0,23.0,22.75,-0.25
qwen3-4b,90,desc,freq,en,de,echt,"The opposite of ""echt"" is """,falsch,0,0,23.0,21.75,-1.25
qwen3-4b,90,val,desc,en,de,echt,"The opposite of ""echt"" is """,falsch,0,0,23.0,21.5,-1.5
qwen3-4b,90,val,val,en,de,echt,"The opposite of ""echt"" is """,falsch,0,0,23.0,21.625,-1.375
qwen3-4b,90,val,freq,en,de,echt,"The opposite of ""echt"" is """,falsch,0,0,23.0,22.5,-0.5
qwen3-4b,90,freq,desc,en,de,echt,"The opposite of ""echt"" is """,falsch,0,0,23.0,20.375,-2.625
qwen3-4b,90,freq,val,en,de,echt,"The opposite of ""echt"" is """,falsch,0,0,23.0,23.375,0.375
qwen3-4b,90,freq,freq,en,de,echt,"The opposite of ""echt"" is """,falsch,0,0,23.0,20.375,-2.625
qwen3-4b,91,desc,desc,en,de,verantwortlich,"The opposite of ""verantwortlich"" is """,unverantwortlich,2,2,18.625,18.0,-0.625
qwen3-4b,91,desc,val,en,de,verantwortlich,"The opposite of ""verantwortlich"" is """,unverantwortlich,2,2,18.625,18.875,0.25
qwen3-4b,91,desc,freq,en,de,verantwortlich,"The opposite of ""verantwortlich"" is """,unverantwortlich,2,2,18.625,16.875,-1.75
qwen3-4b,91,val,desc,en,de,verantwortlich,"The opposite of ""verantwortlich"" is """,unverantwortlich,2,3,18.625,14.8125,-3.8125
qwen3-4b,91,val,val,en,de,verantwortlich,"The opposite of ""verantwortlich"" is """,unverantwortlich,2,3,18.625,15.0625,-3.5625
qwen3-4b,91,val,freq,en,de,verantwortlich,"The opposite of ""verantwortlich"" is """,unverantwortlich,2,2,18.625,14.125,-4.5
qwen3-4b,91,freq,desc,en,de,verantwortlich,"The opposite of ""verantwortlich"" is """,unverantwortlich,2,3,18.625,17.125,-1.5
qwen3-4b,91,freq,val,en,de,verantwortlich,"The opposite of ""verantwortlich"" is """,unverantwortlich,2,3,18.625,17.875,-0.75
qwen3-4b,91,freq,freq,en,de,verantwortlich,"The opposite of ""verantwortlich"" is """,unverantwortlich,2,3,18.625,17.125,-1.5
qwen3-4b,92,desc,desc,en,de,ledig,"The opposite of ""ledig"" is """,verheiratet,2,6,17.875,15.0625,-2.8125
qwen3-4b,92,desc,val,en,de,ledig,"The opposite of ""ledig"" is """,verheiratet,2,8,17.875,17.5,-0.375
qwen3-4b,92,desc,freq,en,de,ledig,"The opposite of ""ledig"" is """,verheiratet,2,7,17.875,15.875,-2.0
qwen3-4b,92,val,desc,en,de,ledig,"The opposite of ""ledig"" is """,verheiratet,2,7,17.875,14.6875,-3.1875
qwen3-4b,92,val,val,en,de,ledig,"The opposite of ""ledig"" is """,verheiratet,2,6,17.875,15.3125,-2.5625
qwen3-4b,92,val,freq,en,de,ledig,"The opposite of ""ledig"" is """,verheiratet,2,11,17.875,14.8125,-3.0625
qwen3-4b,92,freq,desc,en,de,ledig,"The opposite of ""ledig"" is """,verheiratet,2,69,17.875,11.9375,-5.9375
qwen3-4b,92,freq,val,en,de,ledig,"The opposite of ""ledig"" is """,verheiratet,2,71,17.875,14.125,-3.75
qwen3-4b,92,freq,freq,en,de,ledig,"The opposite of ""ledig"" is """,verheiratet,2,67,17.875,11.9375,-5.9375
qwen3-4b,93,desc,desc,en,de,sauer,"The opposite of ""sauer"" is """,süß,0,2,20.0,17.625,-2.375
qwen3-4b,93,desc,val,en,de,sauer,"The opposite of ""sauer"" is """,süß,0,2,20.0,19.625,-0.375
qwen3-4b,93,desc,freq,en,de,sauer,"The opposite of ""sauer"" is """,süß,0,1,20.0,18.625,-1.375
qwen3-4b,93,val,desc,en,de,sauer,"The opposite of ""sauer"" is """,süß,0,1,20.0,18.875,-1.125
qwen3-4b,93,val,val,en,de,sauer,"The opposite of ""sauer"" is """,süß,0,1,20.0,19.0,-1.0
qwen3-4b,93,val,freq,en,de,sauer,"The opposite of ""sauer"" is """,süß,0,1,20.0,19.375,-0.625
qwen3-4b,93,freq,desc,en,de,sauer,"The opposite of ""sauer"" is """,süß,0,2,20.0,16.875,-3.125
qwen3-4b,93,freq,val,en,de,sauer,"The opposite of ""sauer"" is """,süß,0,2,20.0,19.625,-0.375
qwen3-4b,93,freq,freq,en,de,sauer,"The opposite of ""sauer"" is """,süß,0,2,20.0,16.875,-3.125
qwen3-4b,94,desc,desc,en,de,nützlich,"The opposite of ""nützlich"" is """,nutzlos,4,12,18.125,16.5,-1.625
qwen3-4b,94,desc,val,en,de,nützlich,"The opposite of ""nützlich"" is """,nutzlos,4,10,18.125,16.375,-1.75
qwen3-4b,94,desc,freq,en,de,nützlich,"The opposite of ""nützlich"" is """,nutzlos,4,4,18.125,17.5,-0.625
qwen3-4b,94,val,desc,en,de,nützlich,"The opposite of ""nützlich"" is """,nutzlos,4,5,18.125,14.8125,-3.3125
qwen3-4b,94,val,val,en,de,nützlich,"The opposite of ""nützlich"" is """,nutzlos,4,5,18.125,14.9375,-3.1875
qwen3-4b,94,val,freq,en,de,nützlich,"The opposite of ""nützlich"" is """,nutzlos,4,5,18.125,14.8125,-3.3125
qwen3-4b,94,freq,desc,en,de,nützlich,"The opposite of ""nützlich"" is """,nutzlos,4,17,18.125,15.0625,-3.0625
qwen3-4b,94,freq,val,en,de,nützlich,"The opposite of ""nützlich"" is """,nutzlos,4,20,18.125,14.625,-3.5
qwen3-4b,94,freq,freq,en,de,nützlich,"The opposite of ""nützlich"" is """,nutzlos,4,17,18.125,15.0625,-3.0625
qwen3-4b,95,desc,desc,en,de,vertikal,"The opposite of ""vertikal"" is """,horizontal,0,0,24.375,23.5,-0.875
qwen3-4b,95,desc,val,en,de,vertikal,"The opposite of ""vertikal"" is """,horizontal,0,0,24.375,24.0,-0.375
qwen3-4b,95,desc,freq,en,de,vertikal,"The opposite of ""vertikal"" is """,horizontal,0,0,24.375,23.625,-0.75
qwen3-4b,95,val,desc,en,de,vertikal,"The opposite of ""vertikal"" is """,horizontal,0,0,24.375,22.75,-1.625
qwen3-4b,95,val,val,en,de,vertikal,"The opposite of ""vertikal"" is """,horizontal,0,0,24.375,23.0,-1.375
qwen3-4b,95,val,freq,en,de,vertikal,"The opposite of ""vertikal"" is """,horizontal,0,0,24.375,24.5,0.125
qwen3-4b,95,freq,desc,en,de,vertikal,"The opposite of ""vertikal"" is """,horizontal,0,0,24.375,23.5,-0.875
qwen3-4b,95,freq,val,en,de,vertikal,"The opposite of ""vertikal"" is """,horizontal,0,0,24.375,24.375,0.0
qwen3-4b,95,freq,freq,en,de,vertikal,"The opposite of ""vertikal"" is """,horizontal,0,0,24.375,23.5,-0.875
qwen3-4b,96,desc,desc,en,de,gut,"The opposite of ""gut"" is """,schlecht,971,971,8.75,8.75,0.0
qwen3-4b,96,desc,val,en,de,gut,"The opposite of ""gut"" is """,schlecht,971,499,8.75,10.3125,1.5625
qwen3-4b,96,desc,freq,en,de,gut,"The opposite of ""gut"" is """,schlecht,971,104,8.75,10.4375,1.6875
qwen3-4b,96,val,desc,en,de,gut,"The opposite of ""gut"" is """,schlecht,971,645,8.75,8.6875,-0.0625
qwen3-4b,96,val,val,en,de,gut,"The opposite of ""gut"" is """,schlecht,971,591,8.75,8.8125,0.0625
qwen3-4b,96,val,freq,en,de,gut,"The opposite of ""gut"" is """,schlecht,971,26,8.75,11.5625,2.8125
qwen3-4b,96,freq,desc,en,de,gut,"The opposite of ""gut"" is """,schlecht,971,941,8.75,8.8125,0.0625
qwen3-4b,96,freq,val,en,de,gut,"The opposite of ""gut"" is """,schlecht,971,698,8.75,10.125,1.375
qwen3-4b,96,freq,freq,en,de,gut,"The opposite of ""gut"" is """,schlecht,971,941,8.75,8.8125,0.0625
qwen3-4b,97,desc,desc,en,de,gewinnend,"The opposite of ""gewinnend"" is """,verlierend,0,0,22.5,20.875,-1.625
qwen3-4b,97,desc,val,en,de,gewinnend,"The opposite of ""gewinnend"" is """,verlierend,0,0,22.5,22.5,0.0
qwen3-4b,97,desc,freq,en,de,gewinnend,"The opposite of ""gewinnend"" is """,verlierend,0,0,22.5,22.625,0.125
qwen3-4b,97,val,desc,en,de,gewinnend,"The opposite of ""gewinnend"" is """,verlierend,0,0,22.5,22.375,-0.125
qwen3-4b,97,val,val,en,de,gewinnend,"The opposite of ""gewinnend"" is """,verlierend,0,0,22.5,22.375,-0.125
qwen3-4b,97,val,freq,en,de,gewinnend,"The opposite of ""gewinnend"" is """,verlierend,0,0,22.5,23.625,1.125
qwen3-4b,97,freq,desc,en,de,gewinnend,"The opposite of ""gewinnend"" is """,verlierend,0,0,22.5,18.125,-4.375
qwen3-4b,97,freq,val,en,de,gewinnend,"The opposite of ""gewinnend"" is """,verlierend,0,1,22.5,18.875,-3.625
qwen3-4b,97,freq,freq,en,de,gewinnend,"The opposite of ""gewinnend"" is """,verlierend,0,0,22.5,18.125,-4.375
qwen3-4b,98,desc,desc,en,de,unfreundlich,"The opposite of ""unfreundlich"" is """,freundlich,0,0,28.375,28.0,-0.375
qwen3-4b,98,desc,val,en,de,unfreundlich,"The opposite of ""unfreundlich"" is """,freundlich,0,0,28.375,25.875,-2.5
qwen3-4b,98,desc,freq,en,de,unfreundlich,"The opposite of ""unfreundlich"" is """,freundlich,0,0,28.375,26.25,-2.125
qwen3-4b,98,val,desc,en,de,unfreundlich,"The opposite of ""unfreundlich"" is """,freundlich,0,0,28.375,27.25,-1.125
qwen3-4b,98,val,val,en,de,unfreundlich,"The opposite of ""unfreundlich"" is """,freundlich,0,0,28.375,27.125,-1.25
qwen3-4b,98,val,freq,en,de,unfreundlich,"The opposite of ""unfreundlich"" is """,freundlich,0,0,28.375,25.625,-2.75
qwen3-4b,98,freq,desc,en,de,unfreundlich,"The opposite of ""unfreundlich"" is """,freundlich,0,0,28.375,25.375,-3.0
qwen3-4b,98,freq,val,en,de,unfreundlich,"The opposite of ""unfreundlich"" is """,freundlich,0,0,28.375,23.625,-4.75
qwen3-4b,98,freq,freq,en,de,unfreundlich,"The opposite of ""unfreundlich"" is """,freundlich,0,0,28.375,25.375,-3.0
qwen3-4b,99,desc,desc,en,de,feige,"The opposite of ""feige"" is """,mutig,291,332,9.375,9.25,-0.125
qwen3-4b,99,desc,val,en,de,feige,"The opposite of ""feige"" is """,mutig,291,567,9.375,10.5,1.125
qwen3-4b,99,desc,freq,en,de,feige,"The opposite of ""feige"" is """,mutig,291,267,9.375,8.5,-0.875
qwen3-4b,99,val,desc,en,de,feige,"The opposite of ""feige"" is """,mutig,291,480,9.375,8.125,-1.25
qwen3-4b,99,val,val,en,de,feige,"The opposite of ""feige"" is """,mutig,291,570,9.375,7.90625,-1.46875
qwen3-4b,99,val,freq,en,de,feige,"The opposite of ""feige"" is """,mutig,291,175,9.375,8.625,-0.75
qwen3-4b,99,freq,desc,en,de,feige,"The opposite of ""feige"" is """,mutig,291,334,9.375,9.0625,-0.3125
qwen3-4b,99,freq,val,en,de,feige,"The opposite of ""feige"" is """,mutig,291,438,9.375,11.1875,1.8125
qwen3-4b,99,freq,freq,en,de,feige,"The opposite of ""feige"" is """,mutig,291,334,9.375,9.0625,-0.3125
qwen3-4b,0,desc,desc,en,en,good,"The opposite of ""good"" is """,bad,0,13855,25.25,nan,nan
qwen3-4b,0,desc,val,en,en,good,"The opposite of ""good"" is """,bad,0,13855,25.25,nan,nan
qwen3-4b,0,desc,freq,en,en,good,"The opposite of ""good"" is """,bad,0,13855,25.25,nan,nan
qwen3-4b,0,val,desc,en,en,good,"The opposite of ""good"" is """,bad,0,13855,25.25,nan,nan
qwen3-4b,0,val,val,en,en,good,"The opposite of ""good"" is """,bad,0,0,25.25,23.25,-2.0
qwen3-4b,0,val,freq,en,en,good,"The opposite of ""good"" is """,bad,0,0,25.25,22.875,-2.375
qwen3-4b,0,freq,desc,en,en,good,"The opposite of ""good"" is """,bad,0,13855,25.25,nan,nan
qwen3-4b,0,freq,val,en,en,good,"The opposite of ""good"" is """,bad,0,0,25.25,22.0,-3.25
qwen3-4b,0,freq,freq,en,en,good,"The opposite of ""good"" is """,bad,0,0,25.25,25.375,0.125
qwen3-4b,1,desc,desc,en,en,happy,"The opposite of ""happy"" is """,sad,0,359,27.25,nan,nan
qwen3-4b,1,desc,val,en,en,happy,"The opposite of ""happy"" is """,sad,0,359,27.25,nan,nan
qwen3-4b,1,desc,freq,en,en,happy,"The opposite of ""happy"" is """,sad,0,359,27.25,nan,nan
qwen3-4b,1,val,desc,en,en,happy,"The opposite of ""happy"" is """,sad,0,359,27.25,nan,nan
qwen3-4b,1,val,val,en,en,happy,"The opposite of ""happy"" is """,sad,0,0,27.25,21.75,-5.5
qwen3-4b,1,val,freq,en,en,happy,"The opposite of ""happy"" is """,sad,0,0,27.25,21.5,-5.75
qwen3-4b,1,freq,desc,en,en,happy,"The opposite of ""happy"" is """,sad,0,359,27.25,nan,nan
qwen3-4b,1,freq,val,en,en,happy,"The opposite of ""happy"" is """,sad,0,0,27.25,22.0,-5.25
qwen3-4b,1,freq,freq,en,en,happy,"The opposite of ""happy"" is """,sad,0,0,27.25,27.25,0.0
qwen3-4b,2,desc,desc,en,en,big,"The opposite of ""big"" is """,small,0,9004,25.0,nan,nan
qwen3-4b,2,desc,val,en,en,big,"The opposite of ""big"" is """,small,0,9004,25.0,nan,nan
qwen3-4b,2,desc,freq,en,en,big,"The opposite of ""big"" is """,small,0,9004,25.0,nan,nan
qwen3-4b,2,val,desc,en,en,big,"The opposite of ""big"" is """,small,0,9004,25.0,nan,nan
qwen3-4b,2,val,val,en,en,big,"The opposite of ""big"" is """,small,0,0,25.0,21.375,-3.625
qwen3-4b,2,val,freq,en,en,big,"The opposite of ""big"" is """,small,0,0,25.0,21.375,-3.625
qwen3-4b,2,freq,desc,en,en,big,"The opposite of ""big"" is """,small,0,9004,25.0,nan,nan
qwen3-4b,2,freq,val,en,en,big,"The opposite of ""big"" is """,small,0,0,25.0,21.125,-3.875
qwen3-4b,2,freq,freq,en,en,big,"The opposite of ""big"" is """,small,0,0,25.0,25.0,0.0
qwen3-4b,3,desc,desc,en,en,hot,"The opposite of ""hot"" is """,cold,0,87072,28.25,nan,nan
qwen3-4b,3,desc,val,en,en,hot,"The opposite of ""hot"" is """,cold,0,87072,28.25,nan,nan
qwen3-4b,3,desc,freq,en,en,hot,"The opposite of ""hot"" is """,cold,0,87072,28.25,nan,nan
qwen3-4b,3,val,desc,en,en,hot,"The opposite of ""hot"" is """,cold,0,87072,28.25,nan,nan
qwen3-4b,3,val,val,en,en,hot,"The opposite of ""hot"" is """,cold,0,0,28.25,24.5,-3.75
qwen3-4b,3,val,freq,en,en,hot,"The opposite of ""hot"" is """,cold,0,0,28.25,24.375,-3.875
qwen3-4b,3,freq,desc,en,en,hot,"The opposite of ""hot"" is """,cold,0,87072,28.25,nan,nan
qwen3-4b,3,freq,val,en,en,hot,"The opposite of ""hot"" is """,cold,0,0,28.25,25.0,-3.25
qwen3-4b,3,freq,freq,en,en,hot,"The opposite of ""hot"" is """,cold,0,0,28.25,28.5,0.25
qwen3-4b,4,desc,desc,en,en,fast,"The opposite of ""fast"" is """,slow,0,35211,24.375,nan,nan
qwen3-4b,4,desc,val,en,en,fast,"The opposite of ""fast"" is """,slow,0,35211,24.375,nan,nan
qwen3-4b,4,desc,freq,en,en,fast,"The opposite of ""fast"" is """,slow,0,35211,24.375,nan,nan
qwen3-4b,4,val,desc,en,en,fast,"The opposite of ""fast"" is """,slow,0,35211,24.375,nan,nan
qwen3-4b,4,val,val,en,en,fast,"The opposite of ""fast"" is """,slow,0,0,24.375,21.25,-3.125
qwen3-4b,4,val,freq,en,en,fast,"The opposite of ""fast"" is """,slow,0,0,24.375,21.0,-3.375
qwen3-4b,4,freq,desc,en,en,fast,"The opposite of ""fast"" is """,slow,0,35211,24.375,nan,nan
qwen3-4b,4,freq,val,en,en,fast,"The opposite of ""fast"" is """,slow,0,0,24.375,22.375,-2.0
qwen3-4b,4,freq,freq,en,en,fast,"The opposite of ""fast"" is """,slow,0,0,24.375,24.375,0.0
qwen3-4b,5,desc,desc,en,en,light,"The opposite of ""light"" is """,dark,0,22624,25.0,nan,nan
qwen3-4b,5,desc,val,en,en,light,"The opposite of ""light"" is """,dark,0,22624,25.0,nan,nan
qwen3-4b,5,desc,freq,en,en,light,"The opposite of ""light"" is """,dark,0,22624,25.0,nan,nan
qwen3-4b,5,val,desc,en,en,light,"The opposite of ""light"" is """,dark,0,22624,25.0,nan,nan
qwen3-4b,5,val,val,en,en,light,"The opposite of ""light"" is """,dark,0,0,25.0,21.25,-3.75
qwen3-4b,5,val,freq,en,en,light,"The opposite of ""light"" is """,dark,0,0,25.0,21.25,-3.75
qwen3-4b,5,freq,desc,en,en,light,"The opposite of ""light"" is """,dark,0,22624,25.0,nan,nan
qwen3-4b,5,freq,val,en,en,light,"The opposite of ""light"" is """,dark,0,0,25.0,22.5,-2.5
qwen3-4b,5,freq,freq,en,en,light,"The opposite of ""light"" is """,dark,0,0,25.0,25.25,0.25
qwen3-4b,6,desc,desc,en,en,easy,"The opposite of ""easy"" is """,hard,0,13490,24.375,nan,nan
qwen3-4b,6,desc,val,en,en,easy,"The opposite of ""easy"" is """,hard,0,13490,24.375,nan,nan
qwen3-4b,6,desc,freq,en,en,easy,"The opposite of ""easy"" is """,hard,0,13490,24.375,nan,nan
qwen3-4b,6,val,desc,en,en,easy,"The opposite of ""easy"" is """,hard,0,13490,24.375,nan,nan
qwen3-4b,6,val,val,en,en,easy,"The opposite of ""easy"" is """,hard,0,0,24.375,22.625,-1.75
qwen3-4b,6,val,freq,en,en,easy,"The opposite of ""easy"" is """,hard,0,0,24.375,22.5,-1.875
qwen3-4b,6,freq,desc,en,en,easy,"The opposite of ""easy"" is """,hard,0,13490,24.375,nan,nan
qwen3-4b,6,freq,val,en,en,easy,"The opposite of ""easy"" is """,hard,0,0,24.375,22.875,-1.5
qwen3-4b,6,freq,freq,en,en,easy,"The opposite of ""easy"" is """,hard,0,0,24.375,24.375,0.0
qwen3-4b,7,desc,desc,en,en,new,"The opposite of ""new"" is """,old,0,813,24.125,nan,nan
qwen3-4b,7,desc,val,en,en,new,"The opposite of ""new"" is """,old,0,813,24.125,nan,nan
qwen3-4b,7,desc,freq,en,en,new,"The opposite of ""new"" is """,old,0,813,24.125,nan,nan
qwen3-4b,7,val,desc,en,en,new,"The opposite of ""new"" is """,old,0,813,24.125,nan,nan
qwen3-4b,7,val,val,en,en,new,"The opposite of ""new"" is """,old,0,0,24.125,24.375,0.25
qwen3-4b,7,val,freq,en,en,new,"The opposite of ""new"" is """,old,0,0,24.125,24.125,0.0
qwen3-4b,7,freq,desc,en,en,new,"The opposite of ""new"" is """,old,0,813,24.125,nan,nan
qwen3-4b,7,freq,val,en,en,new,"The opposite of ""new"" is """,old,0,0,24.125,24.75,0.625
qwen3-4b,7,freq,freq,en,en,new,"The opposite of ""new"" is """,old,0,0,24.125,24.125,0.0
qwen3-4b,8,desc,desc,en,en,true,"The opposite of ""true"" is """,false,0,359,25.375,nan,nan
qwen3-4b,8,desc,val,en,en,true,"The opposite of ""true"" is """,false,0,359,25.375,nan,nan
qwen3-4b,8,desc,freq,en,en,true,"The opposite of ""true"" is """,false,0,359,25.375,nan,nan
qwen3-4b,8,val,desc,en,en,true,"The opposite of ""true"" is """,false,0,359,25.375,nan,nan
qwen3-4b,8,val,val,en,en,true,"The opposite of ""true"" is """,false,0,0,25.375,21.0,-4.375
qwen3-4b,8,val,freq,en,en,true,"The opposite of ""true"" is """,false,0,0,25.375,20.625,-4.75
qwen3-4b,8,freq,desc,en,en,true,"The opposite of ""true"" is """,false,0,359,25.375,nan,nan
qwen3-4b,8,freq,val,en,en,true,"The opposite of ""true"" is """,false,0,0,25.375,22.25,-3.125
qwen3-4b,8,freq,freq,en,en,true,"The opposite of ""true"" is """,false,0,0,25.375,25.375,0.0
qwen3-4b,9,desc,desc,en,en,alive,"The opposite of ""alive"" is """,dead,0,33754,26.375,nan,nan
qwen3-4b,9,desc,val,en,en,alive,"The opposite of ""alive"" is """,dead,0,33754,26.375,nan,nan
qwen3-4b,9,desc,freq,en,en,alive,"The opposite of ""alive"" is """,dead,0,33754,26.375,nan,nan
qwen3-4b,9,val,desc,en,en,alive,"The opposite of ""alive"" is """,dead,0,33754,26.375,nan,nan
qwen3-4b,9,val,val,en,en,alive,"The opposite of ""alive"" is """,dead,0,0,26.375,22.25,-4.125
qwen3-4b,9,val,freq,en,en,alive,"The opposite of ""alive"" is """,dead,0,0,26.375,22.125,-4.25
qwen3-4b,9,freq,desc,en,en,alive,"The opposite of ""alive"" is """,dead,0,33754,26.375,nan,nan
qwen3-4b,9,freq,val,en,en,alive,"The opposite of ""alive"" is """,dead,0,0,26.375,22.125,-4.25
qwen3-4b,9,freq,freq,en,en,alive,"The opposite of ""alive"" is """,dead,0,0,26.375,26.375,0.0
qwen3-4b,10,desc,desc,en,en,full,"The opposite of ""full"" is """,empty,0,3194,23.75,nan,nan
qwen3-4b,10,desc,val,en,en,full,"The opposite of ""full"" is """,empty,0,3194,23.75,nan,nan
qwen3-4b,10,desc,freq,en,en,full,"The opposite of ""full"" is """,empty,0,3194,23.75,nan,nan
qwen3-4b,10,val,desc,en,en,full,"The opposite of ""full"" is """,empty,0,3194,23.75,nan,nan
qwen3-4b,10,val,val,en,en,full,"The opposite of ""full"" is """,empty,0,0,23.75,20.75,-3.0
qwen3-4b,10,val,freq,en,en,full,"The opposite of ""full"" is """,empty,0,0,23.75,20.5,-3.25
qwen3-4b,10,freq,desc,en,en,full,"The opposite of ""full"" is """,empty,0,3194,23.75,nan,nan
qwen3-4b,10,freq,val,en,en,full,"The opposite of ""full"" is """,empty,0,0,23.75,21.375,-2.375
qwen3-4b,10,freq,freq,en,en,full,"The opposite of ""full"" is """,empty,0,0,23.75,23.75,0.0
qwen3-4b,11,desc,desc,en,en,bright,"The opposite of ""bright"" is """,dark,0,12927,24.375,nan,nan
qwen3-4b,11,desc,val,en,en,bright,"The opposite of ""bright"" is """,dark,0,12927,24.375,nan,nan
qwen3-4b,11,desc,freq,en,en,bright,"The opposite of ""bright"" is """,dark,0,12927,24.375,nan,nan
qwen3-4b,11,val,desc,en,en,bright,"The opposite of ""bright"" is """,dark,0,12927,24.375,nan,nan
qwen3-4b,11,val,val,en,en,bright,"The opposite of ""bright"" is """,dark,0,0,24.375,20.625,-3.75
qwen3-4b,11,val,freq,en,en,bright,"The opposite of ""bright"" is """,dark,0,0,24.375,20.5,-3.875
qwen3-4b,11,freq,desc,en,en,bright,"The opposite of ""bright"" is """,dark,0,12927,24.375,nan,nan
qwen3-4b,11,freq,val,en,en,bright,"The opposite of ""bright"" is """,dark,0,0,24.375,21.75,-2.625
qwen3-4b,11,freq,freq,en,en,bright,"The opposite of ""bright"" is """,dark,0,0,24.375,24.375,0.0
qwen3-4b,12,desc,desc,en,en,strong,"The opposite of ""strong"" is """,weak,0,13150,24.5,nan,nan
qwen3-4b,12,desc,val,en,en,strong,"The opposite of ""strong"" is """,weak,0,13150,24.5,nan,nan
qwen3-4b,12,desc,freq,en,en,strong,"The opposite of ""strong"" is """,weak,0,13150,24.5,nan,nan
qwen3-4b,12,val,desc,en,en,strong,"The opposite of ""strong"" is """,weak,0,13150,24.5,nan,nan
qwen3-4b,12,val,val,en,en,strong,"The opposite of ""strong"" is """,weak,0,0,24.5,19.875,-4.625
qwen3-4b,12,val,freq,en,en,strong,"The opposite of ""strong"" is """,weak,0,0,24.5,19.75,-4.75
qwen3-4b,12,freq,desc,en,en,strong,"The opposite of ""strong"" is """,weak,0,13150,24.5,nan,nan
qwen3-4b,12,freq,val,en,en,strong,"The opposite of ""strong"" is """,weak,0,0,24.5,23.375,-1.125
qwen3-4b,12,freq,freq,en,en,strong,"The opposite of ""strong"" is """,weak,0,0,24.5,24.5,0.0
qwen3-4b,13,desc,desc,en,en,clean,"The opposite of ""clean"" is """,dirty,0,53488,26.875,nan,nan
qwen3-4b,13,desc,val,en,en,clean,"The opposite of ""clean"" is """,dirty,0,53488,26.875,nan,nan
qwen3-4b,13,desc,freq,en,en,clean,"The opposite of ""clean"" is """,dirty,0,53488,26.875,nan,nan
qwen3-4b,13,val,desc,en,en,clean,"The opposite of ""clean"" is """,dirty,0,53488,26.875,nan,nan
qwen3-4b,13,val,val,en,en,clean,"The opposite of ""clean"" is """,dirty,0,0,26.875,22.625,-4.25
qwen3-4b,13,val,freq,en,en,clean,"The opposite of ""clean"" is """,dirty,0,0,26.875,22.5,-4.375
qwen3-4b,13,freq,desc,en,en,clean,"The opposite of ""clean"" is """,dirty,0,53488,26.875,nan,nan
qwen3-4b,13,freq,val,en,en,clean,"The opposite of ""clean"" is """,dirty,0,0,26.875,24.625,-2.25
qwen3-4b,13,freq,freq,en,en,clean,"The opposite of ""clean"" is """,dirty,0,0,26.875,26.875,0.0
qwen3-4b,14,desc,desc,en,en,open,"The opposite of ""open"" is """,closed,0,34087,22.25,nan,nan
qwen3-4b,14,desc,val,en,en,open,"The opposite of ""open"" is """,closed,0,34087,22.25,nan,nan
qwen3-4b,14,desc,freq,en,en,open,"The opposite of ""open"" is """,closed,0,34087,22.25,nan,nan
qwen3-4b,14,val,desc,en,en,open,"The opposite of ""open"" is """,closed,0,34087,22.25,nan,nan
qwen3-4b,14,val,val,en,en,open,"The opposite of ""open"" is """,closed,0,0,22.25,19.375,-2.875
qwen3-4b,14,val,freq,en,en,open,"The opposite of ""open"" is """,closed,0,0,22.25,19.25,-3.0
qwen3-4b,14,freq,desc,en,en,open,"The opposite of ""open"" is """,closed,0,34087,22.25,nan,nan
qwen3-4b,14,freq,val,en,en,open,"The opposite of ""open"" is """,closed,0,0,22.25,21.75,-0.5
qwen3-4b,14,freq,freq,en,en,open,"The opposite of ""open"" is """,closed,0,0,22.25,22.25,0.0
qwen3-4b,15,desc,desc,en,en,rich,"The opposite of ""rich"" is """,poor,0,5368,25.375,nan,nan
qwen3-4b,15,desc,val,en,en,rich,"The opposite of ""rich"" is """,poor,0,5368,25.375,nan,nan
qwen3-4b,15,desc,freq,en,en,rich,"The opposite of ""rich"" is """,poor,0,5368,25.375,nan,nan
qwen3-4b,15,val,desc,en,en,rich,"The opposite of ""rich"" is """,poor,0,5368,25.375,nan,nan
qwen3-4b,15,val,val,en,en,rich,"The opposite of ""rich"" is """,poor,0,0,25.375,21.75,-3.625
qwen3-4b,15,val,freq,en,en,rich,"The opposite of ""rich"" is """,poor,0,0,25.375,21.5,-3.875
qwen3-4b,15,freq,desc,en,en,rich,"The opposite of ""rich"" is """,poor,0,5368,25.375,nan,nan
qwen3-4b,15,freq,val,en,en,rich,"The opposite of ""rich"" is """,poor,0,0,25.375,22.625,-2.75
qwen3-4b,15,freq,freq,en,en,rich,"The opposite of ""rich"" is """,poor,0,0,25.375,25.25,-0.125
qwen3-4b,16,desc,desc,en,en,beautiful,"The opposite of ""beautiful"" is """,ugly,0,768,28.25,nan,nan
qwen3-4b,16,desc,val,en,en,beautiful,"The opposite of ""beautiful"" is """,ugly,0,768,28.25,nan,nan
qwen3-4b,16,desc,freq,en,en,beautiful,"The opposite of ""beautiful"" is """,ugly,0,768,28.25,nan,nan
qwen3-4b,16,val,desc,en,en,beautiful,"The opposite of ""beautiful"" is """,ugly,0,768,28.25,nan,nan
qwen3-4b,16,val,val,en,en,beautiful,"The opposite of ""beautiful"" is """,ugly,0,0,28.25,24.75,-3.5
qwen3-4b,16,val,freq,en,en,beautiful,"The opposite of ""beautiful"" is """,ugly,0,0,28.25,24.625,-3.625
qwen3-4b,16,freq,desc,en,en,beautiful,"The opposite of ""beautiful"" is """,ugly,0,768,28.25,nan,nan
qwen3-4b,16,freq,val,en,en,beautiful,"The opposite of ""beautiful"" is """,ugly,0,0,28.25,24.5,-3.75
qwen3-4b,16,freq,freq,en,en,beautiful,"The opposite of ""beautiful"" is """,ugly,0,0,28.25,28.25,0.0
qwen3-4b,17,desc,desc,en,en,long,"The opposite of ""long"" is """,short,0,8676,23.25,nan,nan
qwen3-4b,17,desc,val,en,en,long,"The opposite of ""long"" is """,short,0,8676,23.25,nan,nan
qwen3-4b,17,desc,freq,en,en,long,"The opposite of ""long"" is """,short,0,8676,23.25,nan,nan
qwen3-4b,17,val,desc,en,en,long,"The opposite of ""long"" is """,short,0,8676,23.25,nan,nan
qwen3-4b,17,val,val,en,en,long,"The opposite of ""long"" is """,short,0,0,23.25,22.0,-1.25
qwen3-4b,17,val,freq,en,en,long,"The opposite of ""long"" is """,short,0,0,23.25,21.75,-1.5
qwen3-4b,17,freq,desc,en,en,long,"The opposite of ""long"" is """,short,0,8676,23.25,nan,nan
qwen3-4b,17,freq,val,en,en,long,"The opposite of ""long"" is """,short,0,0,23.25,23.875,0.625
qwen3-4b,17,freq,freq,en,en,long,"The opposite of ""long"" is """,short,0,0,23.25,23.25,0.0
qwen3-4b,18,desc,desc,en,en,wide,"The opposite of ""wide"" is """,narrow,0,77,25.125,nan,nan
qwen3-4b,18,desc,val,en,en,wide,"The opposite of ""wide"" is """,narrow,0,77,25.125,nan,nan
qwen3-4b,18,desc,freq,en,en,wide,"The opposite of ""wide"" is """,narrow,0,77,25.125,nan,nan
qwen3-4b,18,val,desc,en,en,wide,"The opposite of ""wide"" is """,narrow,0,77,25.125,nan,nan
qwen3-4b,18,val,val,en,en,wide,"The opposite of ""wide"" is """,narrow,0,0,25.125,22.375,-2.75
qwen3-4b,18,val,freq,en,en,wide,"The opposite of ""wide"" is """,narrow,0,0,25.125,22.125,-3.0
qwen3-4b,18,freq,desc,en,en,wide,"The opposite of ""wide"" is """,narrow,0,77,25.125,nan,nan
qwen3-4b,18,freq,val,en,en,wide,"The opposite of ""wide"" is """,narrow,0,0,25.125,20.5,-4.625
qwen3-4b,18,freq,freq,en,en,wide,"The opposite of ""wide"" is """,narrow,0,0,25.125,25.125,0.0
qwen3-4b,19,desc,desc,en,en,hard,"The opposite of ""hard"" is """,soft,0,3510,22.875,nan,nan
qwen3-4b,19,desc,val,en,en,hard,"The opposite of ""hard"" is """,soft,0,3510,22.875,nan,nan
qwen3-4b,19,desc,freq,en,en,hard,"The opposite of ""hard"" is """,soft,0,3510,22.875,nan,nan
qwen3-4b,19,val,desc,en,en,hard,"The opposite of ""hard"" is """,soft,0,3510,22.875,nan,nan
qwen3-4b,19,val,val,en,en,hard,"The opposite of ""hard"" is """,soft,0,1,22.875,18.375,-4.5
qwen3-4b,19,val,freq,en,en,hard,"The opposite of ""hard"" is """,soft,0,1,22.875,18.25,-4.625
qwen3-4b,19,freq,desc,en,en,hard,"The opposite of ""hard"" is """,soft,0,3510,22.875,nan,nan
qwen3-4b,19,freq,val,en,en,hard,"The opposite of ""hard"" is """,soft,0,0,22.875,21.625,-1.25
qwen3-4b,19,freq,freq,en,en,hard,"The opposite of ""hard"" is """,soft,0,0,22.875,23.0,0.125
qwen3-4b,20,desc,desc,en,en,dry,"The opposite of ""dry"" is """,wet,0,86,25.25,nan,nan
qwen3-4b,20,desc,val,en,en,dry,"The opposite of ""dry"" is """,wet,0,86,25.25,nan,nan
qwen3-4b,20,desc,freq,en,en,dry,"The opposite of ""dry"" is """,wet,0,86,25.25,nan,nan
qwen3-4b,20,val,desc,en,en,dry,"The opposite of ""dry"" is """,wet,0,86,25.25,nan,nan
qwen3-4b,20,val,val,en,en,dry,"The opposite of ""dry"" is """,wet,0,0,25.25,25.5,0.25
qwen3-4b,20,val,freq,en,en,dry,"The opposite of ""dry"" is """,wet,0,0,25.25,25.375,0.125
qwen3-4b,20,freq,desc,en,en,dry,"The opposite of ""dry"" is """,wet,0,86,25.25,nan,nan
qwen3-4b,20,freq,val,en,en,dry,"The opposite of ""dry"" is """,wet,0,0,25.25,22.25,-3.0
qwen3-4b,20,freq,freq,en,en,dry,"The opposite of ""dry"" is """,wet,0,0,25.25,25.25,0.0
qwen3-4b,21,desc,desc,en,en,loud,"The opposite of ""loud"" is """,quiet,0,43650,26.5,nan,nan
qwen3-4b,21,desc,val,en,en,loud,"The opposite of ""loud"" is """,quiet,0,43650,26.5,nan,nan
qwen3-4b,21,desc,freq,en,en,loud,"The opposite of ""loud"" is """,quiet,0,43650,26.5,nan,nan
qwen3-4b,21,val,desc,en,en,loud,"The opposite of ""loud"" is """,quiet,0,43650,26.5,nan,nan
qwen3-4b,21,val,val,en,en,loud,"The opposite of ""loud"" is """,quiet,0,0,26.5,23.0,-3.5
qwen3-4b,21,val,freq,en,en,loud,"The opposite of ""loud"" is """,quiet,0,0,26.5,23.0,-3.5
qwen3-4b,21,freq,desc,en,en,loud,"The opposite of ""loud"" is """,quiet,0,43650,26.5,nan,nan
qwen3-4b,21,freq,val,en,en,loud,"The opposite of ""loud"" is """,quiet,0,0,26.5,23.25,-3.25
qwen3-4b,21,freq,freq,en,en,loud,"The opposite of ""loud"" is """,quiet,0,0,26.5,26.5,0.0
qwen3-4b,22,desc,desc,en,en,early,"The opposite of ""early"" is """,late,0,5075,26.5,nan,nan
qwen3-4b,22,desc,val,en,en,early,"The opposite of ""early"" is """,late,0,5075,26.5,nan,nan
qwen3-4b,22,desc,freq,en,en,early,"The opposite of ""early"" is """,late,0,5075,26.5,nan,nan
qwen3-4b,22,val,desc,en,en,early,"The opposite of ""early"" is """,late,0,5075,26.5,nan,nan
qwen3-4b,22,val,val,en,en,early,"The opposite of ""early"" is """,late,0,0,26.5,24.875,-1.625
qwen3-4b,22,val,freq,en,en,early,"The opposite of ""early"" is """,late,0,0,26.5,24.625,-1.875
qwen3-4b,22,freq,desc,en,en,early,"The opposite of ""early"" is """,late,0,5075,26.5,nan,nan
qwen3-4b,22,freq,val,en,en,early,"The opposite of ""early"" is """,late,0,0,26.5,24.25,-2.25
qwen3-4b,22,freq,freq,en,en,early,"The opposite of ""early"" is """,late,0,0,26.5,26.5,0.0
qwen3-4b,23,desc,desc,en,en,near,"The opposite of ""near"" is """,far,0,23559,22.75,nan,nan
qwen3-4b,23,desc,val,en,en,near,"The opposite of ""near"" is """,far,0,23559,22.75,nan,nan
qwen3-4b,23,desc,freq,en,en,near,"The opposite of ""near"" is """,far,0,23559,22.75,nan,nan
qwen3-4b,23,val,desc,en,en,near,"The opposite of ""near"" is """,far,0,23559,22.75,nan,nan
qwen3-4b,23,val,val,en,en,near,"The opposite of ""near"" is """,far,0,0,22.75,18.25,-4.5
qwen3-4b,23,val,freq,en,en,near,"The opposite of ""near"" is """,far,0,0,22.75,18.125,-4.625
qwen3-4b,23,freq,desc,en,en,near,"The opposite of ""near"" is """,far,0,23559,22.75,nan,nan
qwen3-4b,23,freq,val,en,en,near,"The opposite of ""near"" is """,far,0,0,22.75,21.125,-1.625
qwen3-4b,23,freq,freq,en,en,near,"The opposite of ""near"" is """,far,0,0,22.75,22.75,0.0
qwen3-4b,24,desc,desc,en,en,deep,"The opposite of ""deep"" is """,shallow,0,927,22.875,nan,nan
qwen3-4b,24,desc,val,en,en,deep,"The opposite of ""deep"" is """,shallow,0,927,22.875,nan,nan
qwen3-4b,24,desc,freq,en,en,deep,"The opposite of ""deep"" is """,shallow,0,927,22.875,nan,nan
qwen3-4b,24,val,desc,en,en,deep,"The opposite of ""deep"" is """,shallow,0,927,22.875,nan,nan
qwen3-4b,24,val,val,en,en,deep,"The opposite of ""deep"" is """,shallow,0,1,22.875,21.375,-1.5
qwen3-4b,24,val,freq,en,en,deep,"The opposite of ""deep"" is """,shallow,0,1,22.875,21.125,-1.75
qwen3-4b,24,freq,desc,en,en,deep,"The opposite of ""deep"" is """,shallow,0,927,22.875,nan,nan
qwen3-4b,24,freq,val,en,en,deep,"The opposite of ""deep"" is """,shallow,0,0,22.875,20.375,-2.5
qwen3-4b,24,freq,freq,en,en,deep,"The opposite of ""deep"" is """,shallow,0,0,22.875,22.875,0.0
qwen3-4b,25,desc,desc,en,en,bad,"The opposite of ""bad"" is """,good,0,18536,24.5,nan,nan
qwen3-4b,25,desc,val,en,en,bad,"The opposite of ""bad"" is """,good,0,18536,24.5,nan,nan
qwen3-4b,25,desc,freq,en,en,bad,"The opposite of ""bad"" is """,good,0,18536,24.5,nan,nan
qwen3-4b,25,val,desc,en,en,bad,"The opposite of ""bad"" is """,good,0,18536,24.5,nan,nan
qwen3-4b,25,val,val,en,en,bad,"The opposite of ""bad"" is """,good,0,0,24.5,22.25,-2.25
qwen3-4b,25,val,freq,en,en,bad,"The opposite of ""bad"" is """,good,0,0,24.5,22.0,-2.5
qwen3-4b,25,freq,desc,en,en,bad,"The opposite of ""bad"" is """,good,0,18536,24.5,nan,nan
qwen3-4b,25,freq,val,en,en,bad,"The opposite of ""bad"" is """,good,0,0,24.5,23.0,-1.5
qwen3-4b,25,freq,freq,en,en,bad,"The opposite of ""bad"" is """,good,0,0,24.5,24.5,0.0
qwen3-4b,26,desc,desc,en,en,sad,"The opposite of ""sad"" is """,happy,0,4123,26.75,nan,nan
qwen3-4b,26,desc,val,en,en,sad,"The opposite of ""sad"" is """,happy,0,4123,26.75,nan,nan
qwen3-4b,26,desc,freq,en,en,sad,"The opposite of ""sad"" is """,happy,0,4123,26.75,nan,nan
qwen3-4b,26,val,desc,en,en,sad,"The opposite of ""sad"" is """,happy,0,4123,26.75,nan,nan
qwen3-4b,26,val,val,en,en,sad,"The opposite of ""sad"" is """,happy,0,0,26.75,24.375,-2.375
qwen3-4b,26,val,freq,en,en,sad,"The opposite of ""sad"" is """,happy,0,0,26.75,24.0,-2.75
qwen3-4b,26,freq,desc,en,en,sad,"The opposite of ""sad"" is """,happy,0,4123,26.75,nan,nan
qwen3-4b,26,freq,val,en,en,sad,"The opposite of ""sad"" is """,happy,0,0,26.75,23.0,-3.75
qwen3-4b,26,freq,freq,en,en,sad,"The opposite of ""sad"" is """,happy,0,0,26.75,26.875,0.125
qwen3-4b,27,desc,desc,en,en,small,"The opposite of ""small"" is """,large,0,16154,25.125,nan,nan
qwen3-4b,27,desc,val,en,en,small,"The opposite of ""small"" is """,large,0,16154,25.125,nan,nan
qwen3-4b,27,desc,freq,en,en,small,"The opposite of ""small"" is """,large,0,16154,25.125,nan,nan
qwen3-4b,27,val,desc,en,en,small,"The opposite of ""small"" is """,large,0,16154,25.125,nan,nan
qwen3-4b,27,val,val,en,en,small,"The opposite of ""small"" is """,large,0,0,25.125,21.75,-3.375
qwen3-4b,27,val,freq,en,en,small,"The opposite of ""small"" is """,large,0,0,25.125,21.5,-3.625
qwen3-4b,27,freq,desc,en,en,small,"The opposite of ""small"" is """,large,0,16154,25.125,nan,nan
qwen3-4b,27,freq,val,en,en,small,"The opposite of ""small"" is """,large,0,0,25.125,22.625,-2.5
qwen3-4b,27,freq,freq,en,en,small,"The opposite of ""small"" is """,large,0,0,25.125,25.0,-0.125
qwen3-4b,28,desc,desc,en,en,cold,"The opposite of ""cold"" is """,hot,0,10622,24.5,nan,nan
qwen3-4b,28,desc,val,en,en,cold,"The opposite of ""cold"" is """,hot,0,10622,24.5,nan,nan
qwen3-4b,28,desc,freq,en,en,cold,"The opposite of ""cold"" is """,hot,0,10622,24.5,nan,nan
qwen3-4b,28,val,desc,en,en,cold,"The opposite of ""cold"" is """,hot,0,10622,24.5,nan,nan
qwen3-4b,28,val,val,en,en,cold,"The opposite of ""cold"" is """,hot,0,0,24.5,21.125,-3.375
qwen3-4b,28,val,freq,en,en,cold,"The opposite of ""cold"" is """,hot,0,0,24.5,20.875,-3.625
qwen3-4b,28,freq,desc,en,en,cold,"The opposite of ""cold"" is """,hot,0,10622,24.5,nan,nan
qwen3-4b,28,freq,val,en,en,cold,"The opposite of ""cold"" is """,hot,0,0,24.5,22.375,-2.125
qwen3-4b,28,freq,freq,en,en,cold,"The opposite of ""cold"" is """,hot,0,0,24.5,24.5,0.0
qwen3-4b,29,desc,desc,en,en,slow,"The opposite of ""slow"" is """,fast,0,9349,24.125,nan,nan
qwen3-4b,29,desc,val,en,en,slow,"The opposite of ""slow"" is """,fast,0,9349,24.125,nan,nan
qwen3-4b,29,desc,freq,en,en,slow,"The opposite of ""slow"" is """,fast,0,9349,24.125,nan,nan
qwen3-4b,29,val,desc,en,en,slow,"The opposite of ""slow"" is """,fast,0,9349,24.125,nan,nan
qwen3-4b,29,val,val,en,en,slow,"The opposite of ""slow"" is """,fast,0,0,24.125,21.625,-2.5
qwen3-4b,29,val,freq,en,en,slow,"The opposite of ""slow"" is """,fast,0,0,24.125,21.25,-2.875
qwen3-4b,29,freq,desc,en,en,slow,"The opposite of ""slow"" is """,fast,0,9349,24.125,nan,nan
qwen3-4b,29,freq,val,en,en,slow,"The opposite of ""slow"" is """,fast,0,0,24.125,21.5,-2.625
qwen3-4b,29,freq,freq,en,en,slow,"The opposite of ""slow"" is """,fast,0,0,24.125,24.125,0.0
qwen3-4b,30,desc,desc,en,en,heavy,"The opposite of ""heavy"" is """,light,0,4145,27.25,nan,nan
qwen3-4b,30,desc,val,en,en,heavy,"The opposite of ""heavy"" is """,light,0,4145,27.25,nan,nan
qwen3-4b,30,desc,freq,en,en,heavy,"The opposite of ""heavy"" is """,light,0,4145,27.25,nan,nan
qwen3-4b,30,val,desc,en,en,heavy,"The opposite of ""heavy"" is """,light,0,4145,27.25,nan,nan
qwen3-4b,30,val,val,en,en,heavy,"The opposite of ""heavy"" is """,light,0,0,27.25,24.75,-2.5
qwen3-4b,30,val,freq,en,en,heavy,"The opposite of ""heavy"" is """,light,0,0,27.25,24.5,-2.75
qwen3-4b,30,freq,desc,en,en,heavy,"The opposite of ""heavy"" is """,light,0,4145,27.25,nan,nan
qwen3-4b,30,freq,val,en,en,heavy,"The opposite of ""heavy"" is """,light,0,0,27.25,24.25,-3.0
qwen3-4b,30,freq,freq,en,en,heavy,"The opposite of ""heavy"" is """,light,0,0,27.25,27.375,0.125
qwen3-4b,31,desc,desc,en,en,difficult,"The opposite of ""difficult"" is """,easy,0,22944,26.0,nan,nan
qwen3-4b,31,desc,val,en,en,difficult,"The opposite of ""difficult"" is """,easy,0,22944,26.0,nan,nan
qwen3-4b,31,desc,freq,en,en,difficult,"The opposite of ""difficult"" is """,easy,0,22944,26.0,nan,nan
qwen3-4b,31,val,desc,en,en,difficult,"The opposite of ""difficult"" is """,easy,0,22944,26.0,nan,nan
qwen3-4b,31,val,val,en,en,difficult,"The opposite of ""difficult"" is """,easy,0,0,26.0,24.625,-1.375
qwen3-4b,31,val,freq,en,en,difficult,"The opposite of ""difficult"" is """,easy,0,0,26.0,24.375,-1.625
qwen3-4b,31,freq,desc,en,en,difficult,"The opposite of ""difficult"" is """,easy,0,22944,26.0,nan,nan
qwen3-4b,31,freq,val,en,en,difficult,"The opposite of ""difficult"" is """,easy,0,0,26.0,22.5,-3.5
qwen3-4b,31,freq,freq,en,en,difficult,"The opposite of ""difficult"" is """,easy,0,0,26.0,25.875,-0.125
qwen3-4b,32,desc,desc,en,en,old,"The opposite of ""old"" is """,new,0,931,23.75,nan,nan
qwen3-4b,32,desc,val,en,en,old,"The opposite of ""old"" is """,new,0,931,23.75,nan,nan
qwen3-4b,32,desc,freq,en,en,old,"The opposite of ""old"" is """,new,0,931,23.75,nan,nan
qwen3-4b,32,val,desc,en,en,old,"The opposite of ""old"" is """,new,0,931,23.75,nan,nan
qwen3-4b,32,val,val,en,en,old,"The opposite of ""old"" is """,new,0,0,23.75,21.375,-2.375
qwen3-4b,32,val,freq,en,en,old,"The opposite of ""old"" is """,new,0,0,23.75,21.125,-2.625
qwen3-4b,32,freq,desc,en,en,old,"The opposite of ""old"" is """,new,0,931,23.75,nan,nan
qwen3-4b,32,freq,val,en,en,old,"The opposite of ""old"" is """,new,0,0,23.75,20.75,-3.0
qwen3-4b,32,freq,freq,en,en,old,"The opposite of ""old"" is """,new,0,0,23.75,23.75,0.0
qwen3-4b,33,desc,desc,en,en,false,"The opposite of ""false"" is """,true,0,1866,24.0,nan,nan
qwen3-4b,33,desc,val,en,en,false,"The opposite of ""false"" is """,true,0,1866,24.0,nan,nan
qwen3-4b,33,desc,freq,en,en,false,"The opposite of ""false"" is """,true,0,1866,24.0,nan,nan
qwen3-4b,33,val,desc,en,en,false,"The opposite of ""false"" is """,true,0,1866,24.0,nan,nan
qwen3-4b,33,val,val,en,en,false,"The opposite of ""false"" is """,true,0,0,24.0,19.75,-4.25
qwen3-4b,33,val,freq,en,en,false,"The opposite of ""false"" is """,true,0,0,24.0,19.625,-4.375
qwen3-4b,33,freq,desc,en,en,false,"The opposite of ""false"" is """,true,0,1866,24.0,nan,nan
qwen3-4b,33,freq,val,en,en,false,"The opposite of ""false"" is """,true,0,0,24.0,23.25,-0.75
qwen3-4b,33,freq,freq,en,en,false,"The opposite of ""false"" is """,true,0,0,24.0,24.125,0.125
qwen3-4b,34,desc,desc,en,en,dead,"The opposite of ""dead"" is """,alive,0,50961,25.875,nan,nan
qwen3-4b,34,desc,val,en,en,dead,"The opposite of ""dead"" is """,alive,0,50961,25.875,nan,nan
qwen3-4b,34,desc,freq,en,en,dead,"The opposite of ""dead"" is """,alive,0,50961,25.875,nan,nan
qwen3-4b,34,val,desc,en,en,dead,"The opposite of ""dead"" is """,alive,0,50961,25.875,nan,nan
qwen3-4b,34,val,val,en,en,dead,"The opposite of ""dead"" is """,alive,0,0,25.875,24.125,-1.75
qwen3-4b,34,val,freq,en,en,dead,"The opposite of ""dead"" is """,alive,0,0,25.875,23.875,-2.0
qwen3-4b,34,freq,desc,en,en,dead,"The opposite of ""dead"" is """,alive,0,50961,25.875,nan,nan
qwen3-4b,34,freq,val,en,en,dead,"The opposite of ""dead"" is """,alive,0,0,25.875,24.625,-1.25
qwen3-4b,34,freq,freq,en,en,dead,"The opposite of ""dead"" is """,alive,0,0,25.875,25.875,0.0
qwen3-4b,35,desc,desc,en,en,empty,"The opposite of ""empty"" is """,full,0,8878,22.0,nan,nan
qwen3-4b,35,desc,val,en,en,empty,"The opposite of ""empty"" is """,full,0,8878,22.0,nan,nan
qwen3-4b,35,desc,freq,en,en,empty,"The opposite of ""empty"" is """,full,0,8878,22.0,nan,nan
qwen3-4b,35,val,desc,en,en,empty,"The opposite of ""empty"" is """,full,0,8878,22.0,nan,nan
qwen3-4b,35,val,val,en,en,empty,"The opposite of ""empty"" is """,full,0,0,22.0,22.0,0.0
qwen3-4b,35,val,freq,en,en,empty,"The opposite of ""empty"" is """,full,0,0,22.0,22.0,0.0
qwen3-4b,35,freq,desc,en,en,empty,"The opposite of ""empty"" is """,full,0,8878,22.0,nan,nan
qwen3-4b,35,freq,val,en,en,empty,"The opposite of ""empty"" is """,full,0,0,22.0,22.375,0.375
qwen3-4b,35,freq,freq,en,en,empty,"The opposite of ""empty"" is """,full,0,0,22.0,22.0,0.0
qwen3-4b,36,desc,desc,en,en,dark,"The opposite of ""dark"" is """,light,0,4145,25.5,nan,nan
qwen3-4b,36,desc,val,en,en,dark,"The opposite of ""dark"" is """,light,0,4145,25.5,nan,nan
qwen3-4b,36,desc,freq,en,en,dark,"The opposite of ""dark"" is """,light,0,4145,25.5,nan,nan
qwen3-4b,36,val,desc,en,en,dark,"The opposite of ""dark"" is """,light,0,4145,25.5,nan,nan
qwen3-4b,36,val,val,en,en,dark,"The opposite of ""dark"" is """,light,0,0,25.5,23.5,-2.0
qwen3-4b,36,val,freq,en,en,dark,"The opposite of ""dark"" is """,light,0,0,25.5,23.375,-2.125
qwen3-4b,36,freq,desc,en,en,dark,"The opposite of ""dark"" is """,light,0,4145,25.5,nan,nan
qwen3-4b,36,freq,val,en,en,dark,"The opposite of ""dark"" is """,light,0,0,25.5,23.25,-2.25
qwen3-4b,36,freq,freq,en,en,dark,"The opposite of ""dark"" is """,light,0,0,25.5,25.625,0.125
qwen3-4b,37,desc,desc,en,en,weak,"The opposite of ""weak"" is """,strong,0,4519,25.625,nan,nan
qwen3-4b,37,desc,val,en,en,weak,"The opposite of ""weak"" is """,strong,0,4519,25.625,nan,nan
qwen3-4b,37,desc,freq,en,en,weak,"The opposite of ""weak"" is """,strong,0,4519,25.625,nan,nan
qwen3-4b,37,val,desc,en,en,weak,"The opposite of ""weak"" is """,strong,0,4519,25.625,nan,nan
qwen3-4b,37,val,val,en,en,weak,"The opposite of ""weak"" is """,strong,0,0,25.625,20.75,-4.875
qwen3-4b,37,val,freq,en,en,weak,"The opposite of ""weak"" is """,strong,0,0,25.625,20.625,-5.0
qwen3-4b,37,freq,desc,en,en,weak,"The opposite of ""weak"" is """,strong,0,4519,25.625,nan,nan
qwen3-4b,37,freq,val,en,en,weak,"The opposite of ""weak"" is """,strong,0,0,25.625,23.625,-2.0
qwen3-4b,37,freq,freq,en,en,weak,"The opposite of ""weak"" is """,strong,0,0,25.625,25.625,0.0
qwen3-4b,38,desc,desc,en,en,dirty,"The opposite of ""dirty"" is """,clean,0,18377,28.375,nan,nan
qwen3-4b,38,desc,val,en,en,dirty,"The opposite of ""dirty"" is """,clean,0,18377,28.375,nan,nan
qwen3-4b,38,desc,freq,en,en,dirty,"The opposite of ""dirty"" is """,clean,0,18377,28.375,nan,nan
qwen3-4b,38,val,desc,en,en,dirty,"The opposite of ""dirty"" is """,clean,0,18377,28.375,nan,nan
qwen3-4b,38,val,val,en,en,dirty,"The opposite of ""dirty"" is """,clean,0,0,28.375,25.75,-2.625
qwen3-4b,38,val,freq,en,en,dirty,"The opposite of ""dirty"" is """,clean,0,0,28.375,25.75,-2.625
qwen3-4b,38,freq,desc,en,en,dirty,"The opposite of ""dirty"" is """,clean,0,18377,28.375,nan,nan
qwen3-4b,38,freq,val,en,en,dirty,"The opposite of ""dirty"" is """,clean,0,0,28.375,24.5,-3.875
qwen3-4b,38,freq,freq,en,en,dirty,"The opposite of ""dirty"" is """,clean,0,0,28.375,28.375,0.0
qwen3-4b,39,desc,desc,en,en,closed,"The opposite of ""closed"" is """,open,0,2508,23.5,nan,nan
qwen3-4b,39,desc,val,en,en,closed,"The opposite of ""closed"" is """,open,0,2508,23.5,nan,nan
qwen3-4b,39,desc,freq,en,en,closed,"The opposite of ""closed"" is """,open,0,2508,23.5,nan,nan
qwen3-4b,39,val,desc,en,en,closed,"The opposite of ""closed"" is """,open,0,2508,23.5,nan,nan
qwen3-4b,39,val,val,en,en,closed,"The opposite of ""closed"" is """,open,0,0,23.5,23.375,-0.125
qwen3-4b,39,val,freq,en,en,closed,"The opposite of ""closed"" is """,open,0,0,23.5,23.25,-0.25
qwen3-4b,39,freq,desc,en,en,closed,"The opposite of ""closed"" is """,open,0,2508,23.5,nan,nan
qwen3-4b,39,freq,val,en,en,closed,"The opposite of ""closed"" is """,open,0,0,23.5,24.0,0.5
qwen3-4b,39,freq,freq,en,en,closed,"The opposite of ""closed"" is """,open,0,0,23.5,23.5,0.0
qwen3-4b,40,desc,desc,en,en,poor,"The opposite of ""poor"" is """,rich,0,13851,24.0,nan,nan
qwen3-4b,40,desc,val,en,en,poor,"The opposite of ""poor"" is """,rich,0,13851,24.0,nan,nan
qwen3-4b,40,desc,freq,en,en,poor,"The opposite of ""poor"" is """,rich,0,13851,24.0,nan,nan
qwen3-4b,40,val,desc,en,en,poor,"The opposite of ""poor"" is """,rich,0,13851,24.0,nan,nan
qwen3-4b,40,val,val,en,en,poor,"The opposite of ""poor"" is """,rich,0,0,24.0,21.375,-2.625
qwen3-4b,40,val,freq,en,en,poor,"The opposite of ""poor"" is """,rich,0,0,24.0,21.25,-2.75
qwen3-4b,40,freq,desc,en,en,poor,"The opposite of ""poor"" is """,rich,0,13851,24.0,nan,nan
qwen3-4b,40,freq,val,en,en,poor,"The opposite of ""poor"" is """,rich,0,0,24.0,20.75,-3.25
qwen3-4b,40,freq,freq,en,en,poor,"The opposite of ""poor"" is """,rich,0,0,24.0,24.0,0.0
qwen3-4b,41,desc,desc,en,en,ugly,"The opposite of ""ugly"" is """,beautiful,0,32955,24.375,nan,nan
qwen3-4b,41,desc,val,en,en,ugly,"The opposite of ""ugly"" is """,beautiful,0,32955,24.375,nan,nan
qwen3-4b,41,desc,freq,en,en,ugly,"The opposite of ""ugly"" is """,beautiful,0,32955,24.375,nan,nan
qwen3-4b,41,val,desc,en,en,ugly,"The opposite of ""ugly"" is """,beautiful,0,32955,24.375,nan,nan
qwen3-4b,41,val,val,en,en,ugly,"The opposite of ""ugly"" is """,beautiful,0,0,24.375,20.5,-3.875
qwen3-4b,41,val,freq,en,en,ugly,"The opposite of ""ugly"" is """,beautiful,0,0,24.375,20.375,-4.0
qwen3-4b,41,freq,desc,en,en,ugly,"The opposite of ""ugly"" is """,beautiful,0,32955,24.375,nan,nan
qwen3-4b,41,freq,val,en,en,ugly,"The opposite of ""ugly"" is """,beautiful,0,0,24.375,21.0,-3.375
qwen3-4b,41,freq,freq,en,en,ugly,"The opposite of ""ugly"" is """,beautiful,0,0,24.375,24.375,0.0
qwen3-4b,42,desc,desc,en,en,short,"The opposite of ""short"" is """,long,0,4825,24.75,nan,nan
qwen3-4b,42,desc,val,en,en,short,"The opposite of ""short"" is """,long,0,4825,24.75,nan,nan
qwen3-4b,42,desc,freq,en,en,short,"The opposite of ""short"" is """,long,0,4825,24.75,nan,nan
qwen3-4b,42,val,desc,en,en,short,"The opposite of ""short"" is """,long,0,4825,24.75,nan,nan
qwen3-4b,42,val,val,en,en,short,"The opposite of ""short"" is """,long,0,0,24.75,22.625,-2.125
qwen3-4b,42,val,freq,en,en,short,"The opposite of ""short"" is """,long,0,0,24.75,22.5,-2.25
qwen3-4b,42,freq,desc,en,en,short,"The opposite of ""short"" is """,long,0,4825,24.75,nan,nan
qwen3-4b,42,freq,val,en,en,short,"The opposite of ""short"" is """,long,0,0,24.75,22.375,-2.375
qwen3-4b,42,freq,freq,en,en,short,"The opposite of ""short"" is """,long,0,0,24.75,24.75,0.0
qwen3-4b,43,desc,desc,en,en,narrow,"The opposite of ""narrow"" is """,broad,0,65,23.25,nan,nan
qwen3-4b,43,desc,val,en,en,narrow,"The opposite of ""narrow"" is """,broad,0,65,23.25,nan,nan
qwen3-4b,43,desc,freq,en,en,narrow,"The opposite of ""narrow"" is """,broad,0,65,23.25,nan,nan
qwen3-4b,43,val,desc,en,en,narrow,"The opposite of ""narrow"" is """,broad,0,65,23.25,nan,nan
qwen3-4b,43,val,val,en,en,narrow,"The opposite of ""narrow"" is """,broad,0,0,23.25,21.625,-1.625
qwen3-4b,43,val,freq,en,en,narrow,"The opposite of ""narrow"" is """,broad,0,0,23.25,21.5,-1.75
qwen3-4b,43,freq,desc,en,en,narrow,"The opposite of ""narrow"" is """,broad,0,65,23.25,nan,nan
qwen3-4b,43,freq,val,en,en,narrow,"The opposite of ""narrow"" is """,broad,0,0,23.25,19.75,-3.5
qwen3-4b,43,freq,freq,en,en,narrow,"The opposite of ""narrow"" is """,broad,0,0,23.25,23.125,-0.125
qwen3-4b,44,desc,desc,en,en,soft,"The opposite of ""soft"" is """,hard,0,8802,24.125,nan,nan
qwen3-4b,44,desc,val,en,en,soft,"The opposite of ""soft"" is """,hard,0,8802,24.125,nan,nan
qwen3-4b,44,desc,freq,en,en,soft,"The opposite of ""soft"" is """,hard,0,8802,24.125,nan,nan
qwen3-4b,44,val,desc,en,en,soft,"The opposite of ""soft"" is """,hard,0,8802,24.125,nan,nan
qwen3-4b,44,val,val,en,en,soft,"The opposite of ""soft"" is """,hard,0,0,24.125,21.25,-2.875
qwen3-4b,44,val,freq,en,en,soft,"The opposite of ""soft"" is """,hard,0,0,24.125,21.125,-3.0
qwen3-4b,44,freq,desc,en,en,soft,"The opposite of ""soft"" is """,hard,0,8802,24.125,nan,nan
qwen3-4b,44,freq,val,en,en,soft,"The opposite of ""soft"" is """,hard,0,0,24.125,22.625,-1.5
qwen3-4b,44,freq,freq,en,en,soft,"The opposite of ""soft"" is """,hard,0,0,24.125,24.125,0.0
qwen3-4b,45,desc,desc,en,en,wet,"The opposite of ""wet"" is """,dry,0,53210,26.875,nan,nan
qwen3-4b,45,desc,val,en,en,wet,"The opposite of ""wet"" is """,dry,0,53210,26.875,nan,nan
qwen3-4b,45,desc,freq,en,en,wet,"The opposite of ""wet"" is """,dry,0,53210,26.875,nan,nan
qwen3-4b,45,val,desc,en,en,wet,"The opposite of ""wet"" is """,dry,0,53210,26.875,nan,nan
qwen3-4b,45,val,val,en,en,wet,"The opposite of ""wet"" is """,dry,0,0,26.875,22.625,-4.25
qwen3-4b,45,val,freq,en,en,wet,"The opposite of ""wet"" is """,dry,0,0,26.875,22.5,-4.375
qwen3-4b,45,freq,desc,en,en,wet,"The opposite of ""wet"" is """,dry,0,53210,26.875,nan,nan
qwen3-4b,45,freq,val,en,en,wet,"The opposite of ""wet"" is """,dry,0,0,26.875,24.0,-2.875
qwen3-4b,45,freq,freq,en,en,wet,"The opposite of ""wet"" is """,dry,0,0,26.875,27.0,0.125
qwen3-4b,46,desc,desc,en,en,quiet,"The opposite of ""quiet"" is """,loud,0,2152,24.125,nan,nan
qwen3-4b,46,desc,val,en,en,quiet,"The opposite of ""quiet"" is """,loud,0,2152,24.125,nan,nan
qwen3-4b,46,desc,freq,en,en,quiet,"The opposite of ""quiet"" is """,loud,0,2152,24.125,nan,nan
qwen3-4b,46,val,desc,en,en,quiet,"The opposite of ""quiet"" is """,loud,0,2152,24.125,nan,nan
qwen3-4b,46,val,val,en,en,quiet,"The opposite of ""quiet"" is """,loud,0,0,24.125,21.5,-2.625
qwen3-4b,46,val,freq,en,en,quiet,"The opposite of ""quiet"" is """,loud,0,0,24.125,21.375,-2.75
qwen3-4b,46,freq,desc,en,en,quiet,"The opposite of ""quiet"" is """,loud,0,2152,24.125,nan,nan
qwen3-4b,46,freq,val,en,en,quiet,"The opposite of ""quiet"" is """,loud,0,0,24.125,22.5,-1.625
qwen3-4b,46,freq,freq,en,en,quiet,"The opposite of ""quiet"" is """,loud,0,0,24.125,24.125,0.0
qwen3-4b,47,desc,desc,en,en,late,"The opposite of ""late"" is """,early,0,22140,26.25,nan,nan
qwen3-4b,47,desc,val,en,en,late,"The opposite of ""late"" is """,early,0,22140,26.25,nan,nan
qwen3-4b,47,desc,freq,en,en,late,"The opposite of ""late"" is """,early,0,22140,26.25,nan,nan
qwen3-4b,47,val,desc,en,en,late,"The opposite of ""late"" is """,early,0,22140,26.25,nan,nan
qwen3-4b,47,val,val,en,en,late,"The opposite of ""late"" is """,early,0,0,26.25,23.0,-3.25
qwen3-4b,47,val,freq,en,en,late,"The opposite of ""late"" is """,early,0,0,26.25,22.875,-3.375
qwen3-4b,47,freq,desc,en,en,late,"The opposite of ""late"" is """,early,0,22140,26.25,nan,nan
qwen3-4b,47,freq,val,en,en,late,"The opposite of ""late"" is """,early,0,0,26.25,24.5,-1.75
qwen3-4b,47,freq,freq,en,en,late,"The opposite of ""late"" is """,early,0,0,26.25,26.25,0.0
qwen3-4b,48,desc,desc,en,en,far,"The opposite of ""far"" is """,near,0,5552,25.75,nan,nan
qwen3-4b,48,desc,val,en,en,far,"The opposite of ""far"" is """,near,0,5552,25.75,nan,nan
qwen3-4b,48,desc,freq,en,en,far,"The opposite of ""far"" is """,near,0,5552,25.75,nan,nan
qwen3-4b,48,val,desc,en,en,far,"The opposite of ""far"" is """,near,0,5552,25.75,nan,nan
qwen3-4b,48,val,val,en,en,far,"The opposite of ""far"" is """,near,0,0,25.75,23.875,-1.875
qwen3-4b,48,val,freq,en,en,far,"The opposite of ""far"" is """,near,0,0,25.75,23.625,-2.125
qwen3-4b,48,freq,desc,en,en,far,"The opposite of ""far"" is """,near,0,5552,25.75,nan,nan
qwen3-4b,48,freq,val,en,en,far,"The opposite of ""far"" is """,near,0,0,25.75,24.0,-1.75
qwen3-4b,48,freq,freq,en,en,far,"The opposite of ""far"" is """,near,0,0,25.75,25.75,0.0
qwen3-4b,49,desc,desc,en,en,shallow,"The opposite of ""shallow"" is """,deep,0,32880,25.25,nan,nan
qwen3-4b,49,desc,val,en,en,shallow,"The opposite of ""shallow"" is """,deep,0,32880,25.25,nan,nan
qwen3-4b,49,desc,freq,en,en,shallow,"The opposite of ""shallow"" is """,deep,0,32880,25.25,nan,nan
qwen3-4b,49,val,desc,en,en,shallow,"The opposite of ""shallow"" is """,deep,0,32880,25.25,nan,nan
qwen3-4b,49,val,val,en,en,shallow,"The opposite of ""shallow"" is """,deep,0,1,25.25,19.625,-5.625
qwen3-4b,49,val,freq,en,en,shallow,"The opposite of ""shallow"" is """,deep,0,1,25.25,19.5,-5.75
qwen3-4b,49,freq,desc,en,en,shallow,"The opposite of ""shallow"" is """,deep,0,32880,25.25,nan,nan
qwen3-4b,49,freq,val,en,en,shallow,"The opposite of ""shallow"" is """,deep,0,0,25.25,22.875,-2.375
qwen3-4b,49,freq,freq,en,en,shallow,"The opposite of ""shallow"" is """,deep,0,0,25.25,25.25,0.0
qwen3-4b,50,desc,desc,en,en,young,"The opposite of ""young"" is """,old,0,813,28.0,nan,nan
qwen3-4b,50,desc,val,en,en,young,"The opposite of ""young"" is """,old,0,813,28.0,nan,nan
qwen3-4b,50,desc,freq,en,en,young,"The opposite of ""young"" is """,old,0,813,28.0,nan,nan
qwen3-4b,50,val,desc,en,en,young,"The opposite of ""young"" is """,old,0,813,28.0,nan,nan
qwen3-4b,50,val,val,en,en,young,"The opposite of ""young"" is """,old,0,0,28.0,25.25,-2.75
qwen3-4b,50,val,freq,en,en,young,"The opposite of ""young"" is """,old,0,0,28.0,25.0,-3.0
qwen3-4b,50,freq,desc,en,en,young,"The opposite of ""young"" is """,old,0,813,28.0,nan,nan
qwen3-4b,50,freq,val,en,en,young,"The opposite of ""young"" is """,old,0,0,28.0,24.25,-3.75
qwen3-4b,50,freq,freq,en,en,young,"The opposite of ""young"" is """,old,0,0,28.0,28.125,0.125
qwen3-4b,51,desc,desc,en,en,kind,"The opposite of ""kind"" is """,mean,0,3122,20.75,nan,nan
qwen3-4b,51,desc,val,en,en,kind,"The opposite of ""kind"" is """,mean,0,3122,20.75,nan,nan
qwen3-4b,51,desc,freq,en,en,kind,"The opposite of ""kind"" is """,mean,0,3122,20.75,nan,nan
qwen3-4b,51,val,desc,en,en,kind,"The opposite of ""kind"" is """,mean,0,3122,20.75,nan,nan
qwen3-4b,51,val,val,en,en,kind,"The opposite of ""kind"" is """,mean,0,1,20.75,18.25,-2.5
qwen3-4b,51,val,freq,en,en,kind,"The opposite of ""kind"" is """,mean,0,1,20.75,18.125,-2.625
qwen3-4b,51,freq,desc,en,en,kind,"The opposite of ""kind"" is """,mean,0,3122,20.75,nan,nan
qwen3-4b,51,freq,val,en,en,kind,"The opposite of ""kind"" is """,mean,0,1,20.75,18.25,-2.5
qwen3-4b,51,freq,freq,en,en,kind,"The opposite of ""kind"" is """,mean,0,0,20.75,20.75,0.0
qwen3-4b,52,desc,desc,en,en,brave,"The opposite of ""brave"" is """,cowardly,0,18921,23.5,nan,nan
qwen3-4b,52,desc,val,en,en,brave,"The opposite of ""brave"" is """,cowardly,0,18921,23.5,nan,nan
qwen3-4b,52,desc,freq,en,en,brave,"The opposite of ""brave"" is """,cowardly,0,18921,23.5,nan,nan
qwen3-4b,52,val,desc,en,en,brave,"The opposite of ""brave"" is """,cowardly,0,18921,23.5,nan,nan
qwen3-4b,52,val,val,en,en,brave,"The opposite of ""brave"" is """,cowardly,0,0,23.5,20.625,-2.875
qwen3-4b,52,val,freq,en,en,brave,"The opposite of ""brave"" is """,cowardly,0,0,23.5,20.5,-3.0
qwen3-4b,52,freq,desc,en,en,brave,"The opposite of ""brave"" is """,cowardly,0,18921,23.5,nan,nan
qwen3-4b,52,freq,val,en,en,brave,"The opposite of ""brave"" is """,cowardly,0,0,23.5,20.125,-3.375
qwen3-4b,52,freq,freq,en,en,brave,"The opposite of ""brave"" is """,cowardly,0,0,23.5,23.5,0.0
qwen3-4b,53,desc,desc,en,en,wise,"The opposite of ""wise"" is """,foolish,0,824,23.5,nan,nan
qwen3-4b,53,desc,val,en,en,wise,"The opposite of ""wise"" is """,foolish,0,824,23.5,nan,nan
qwen3-4b,53,desc,freq,en,en,wise,"The opposite of ""wise"" is """,foolish,0,824,23.5,nan,nan
qwen3-4b,53,val,desc,en,en,wise,"The opposite of ""wise"" is """,foolish,0,824,23.5,nan,nan
qwen3-4b,53,val,val,en,en,wise,"The opposite of ""wise"" is """,foolish,0,0,23.5,21.625,-1.875
qwen3-4b,53,val,freq,en,en,wise,"The opposite of ""wise"" is """,foolish,0,0,23.5,21.5,-2.0
qwen3-4b,53,freq,desc,en,en,wise,"The opposite of ""wise"" is """,foolish,0,824,23.5,nan,nan
qwen3-4b,53,freq,val,en,en,wise,"The opposite of ""wise"" is """,foolish,0,0,23.5,21.75,-1.75
qwen3-4b,53,freq,freq,en,en,wise,"The opposite of ""wise"" is """,foolish,0,0,23.5,23.5,0.0
qwen3-4b,54,desc,desc,en,en,polite,"The opposite of ""polite"" is """,impolite,0,81,24.75,nan,nan
qwen3-4b,54,desc,val,en,en,polite,"The opposite of ""polite"" is """,impolite,0,81,24.75,nan,nan
qwen3-4b,54,desc,freq,en,en,polite,"The opposite of ""polite"" is """,impolite,0,81,24.75,nan,nan
qwen3-4b,54,val,desc,en,en,polite,"The opposite of ""polite"" is """,impolite,0,81,24.75,nan,nan
qwen3-4b,54,val,val,en,en,polite,"The opposite of ""polite"" is """,impolite,0,0,24.75,22.625,-2.125
qwen3-4b,54,val,freq,en,en,polite,"The opposite of ""polite"" is """,impolite,0,0,24.75,22.375,-2.375
qwen3-4b,54,freq,desc,en,en,polite,"The opposite of ""polite"" is """,impolite,0,81,24.75,nan,nan
qwen3-4b,54,freq,val,en,en,polite,"The opposite of ""polite"" is """,impolite,0,0,24.75,21.375,-3.375
qwen3-4b,54,freq,freq,en,en,polite,"The opposite of ""polite"" is """,impolite,0,0,24.75,24.75,0.0
qwen3-4b,55,desc,desc,en,en,patient,"The opposite of ""patient"" is """,impatient,1,318,22.0,nan,nan
qwen3-4b,55,desc,val,en,en,patient,"The opposite of ""patient"" is """,impatient,1,318,22.0,nan,nan
qwen3-4b,55,desc,freq,en,en,patient,"The opposite of ""patient"" is """,impatient,1,318,22.0,nan,nan
qwen3-4b,55,val,desc,en,en,patient,"The opposite of ""patient"" is """,impatient,1,318,22.0,nan,nan
qwen3-4b,55,val,val,en,en,patient,"The opposite of ""patient"" is """,impatient,1,1,22.0,20.0,-2.0
qwen3-4b,55,val,freq,en,en,patient,"The opposite of ""patient"" is """,impatient,1,1,22.0,19.875,-2.125
qwen3-4b,55,freq,desc,en,en,patient,"The opposite of ""patient"" is """,impatient,1,318,22.0,nan,nan
qwen3-4b,55,freq,val,en,en,patient,"The opposite of ""patient"" is """,impatient,1,2,22.0,18.75,-3.25
qwen3-4b,55,freq,freq,en,en,patient,"The opposite of ""patient"" is """,impatient,1,1,22.0,22.0,0.0
qwen3-4b,56,desc,desc,en,en,honest,"The opposite of ""honest"" is """,dishonest,0,72833,27.25,nan,nan
qwen3-4b,56,desc,val,en,en,honest,"The opposite of ""honest"" is """,dishonest,0,72833,27.25,nan,nan
qwen3-4b,56,desc,freq,en,en,honest,"The opposite of ""honest"" is """,dishonest,0,72833,27.25,nan,nan
qwen3-4b,56,val,desc,en,en,honest,"The opposite of ""honest"" is """,dishonest,0,72833,27.25,nan,nan
qwen3-4b,56,val,val,en,en,honest,"The opposite of ""honest"" is """,dishonest,0,0,27.25,20.75,-6.5
qwen3-4b,56,val,freq,en,en,honest,"The opposite of ""honest"" is """,dishonest,0,0,27.25,20.625,-6.625
qwen3-4b,56,freq,desc,en,en,honest,"The opposite of ""honest"" is """,dishonest,0,72833,27.25,nan,nan
qwen3-4b,56,freq,val,en,en,honest,"The opposite of ""honest"" is """,dishonest,0,0,27.25,22.625,-4.625
qwen3-4b,56,freq,freq,en,en,honest,"The opposite of ""honest"" is """,dishonest,0,0,27.25,27.25,0.0
qwen3-4b,57,desc,desc,en,en,safe,"The opposite of ""safe"" is """,dangerous,0,31450,25.625,nan,nan
qwen3-4b,57,desc,val,en,en,safe,"The opposite of ""safe"" is """,dangerous,0,31450,25.625,nan,nan
qwen3-4b,57,desc,freq,en,en,safe,"The opposite of ""safe"" is """,dangerous,0,31450,25.625,nan,nan
qwen3-4b,57,val,desc,en,en,safe,"The opposite of ""safe"" is """,dangerous,0,31450,25.625,nan,nan
qwen3-4b,57,val,val,en,en,safe,"The opposite of ""safe"" is """,dangerous,0,0,25.625,20.875,-4.75
qwen3-4b,57,val,freq,en,en,safe,"The opposite of ""safe"" is """,dangerous,0,0,25.625,20.625,-5.0
qwen3-4b,57,freq,desc,en,en,safe,"The opposite of ""safe"" is """,dangerous,0,31450,25.625,nan,nan
qwen3-4b,57,freq,val,en,en,safe,"The opposite of ""safe"" is """,dangerous,0,0,25.625,21.625,-4.0
qwen3-4b,57,freq,freq,en,en,safe,"The opposite of ""safe"" is """,dangerous,0,0,25.625,25.625,0.0
qwen3-4b,58,desc,desc,en,en,active,"The opposite of ""active"" is """,passive,0,6385,26.125,nan,nan
qwen3-4b,58,desc,val,en,en,active,"The opposite of ""active"" is """,passive,0,6385,26.125,nan,nan
qwen3-4b,58,desc,freq,en,en,active,"The opposite of ""active"" is """,passive,0,6385,26.125,nan,nan
qwen3-4b,58,val,desc,en,en,active,"The opposite of ""active"" is """,passive,0,6385,26.125,nan,nan
qwen3-4b,58,val,val,en,en,active,"The opposite of ""active"" is """,passive,0,0,26.125,22.875,-3.25
qwen3-4b,58,val,freq,en,en,active,"The opposite of ""active"" is """,passive,0,0,26.125,22.625,-3.5
qwen3-4b,58,freq,desc,en,en,active,"The opposite of ""active"" is """,passive,0,6385,26.125,nan,nan
qwen3-4b,58,freq,val,en,en,active,"The opposite of ""active"" is """,passive,0,0,26.125,21.75,-4.375
qwen3-4b,58,freq,freq,en,en,active,"The opposite of ""active"" is """,passive,0,0,26.125,26.25,0.125
qwen3-4b,59,desc,desc,en,en,straight,"The opposite of ""straight"" is """,curved,0,65,22.625,nan,nan
qwen3-4b,59,desc,val,en,en,straight,"The opposite of ""straight"" is """,curved,0,65,22.625,nan,nan
qwen3-4b,59,desc,freq,en,en,straight,"The opposite of ""straight"" is """,curved,0,65,22.625,nan,nan
qwen3-4b,59,val,desc,en,en,straight,"The opposite of ""straight"" is """,curved,0,65,22.625,nan,nan
qwen3-4b,59,val,val,en,en,straight,"The opposite of ""straight"" is """,curved,0,0,22.625,20.125,-2.5
qwen3-4b,59,val,freq,en,en,straight,"The opposite of ""straight"" is """,curved,0,0,22.625,19.875,-2.75
qwen3-4b,59,freq,desc,en,en,straight,"The opposite of ""straight"" is """,curved,0,65,22.625,nan,nan
qwen3-4b,59,freq,val,en,en,straight,"The opposite of ""straight"" is """,curved,0,0,22.625,19.25,-3.375
qwen3-4b,59,freq,freq,en,en,straight,"The opposite of ""straight"" is """,curved,0,0,22.625,22.625,0.0
qwen3-4b,60,desc,desc,en,en,whole,"The opposite of ""whole"" is """,part,0,4480,19.0,nan,nan
qwen3-4b,60,desc,val,en,en,whole,"The opposite of ""whole"" is """,part,0,4480,19.0,nan,nan
qwen3-4b,60,desc,freq,en,en,whole,"The opposite of ""whole"" is """,part,0,4480,19.0,nan,nan
qwen3-4b,60,val,desc,en,en,whole,"The opposite of ""whole"" is """,part,0,4480,19.0,nan,nan
qwen3-4b,60,val,val,en,en,whole,"The opposite of ""whole"" is """,part,0,0,19.0,19.375,0.375
qwen3-4b,60,val,freq,en,en,whole,"The opposite of ""whole"" is """,part,0,0,19.0,19.0,0.0
qwen3-4b,60,freq,desc,en,en,whole,"The opposite of ""whole"" is """,part,0,4480,19.0,nan,nan
qwen3-4b,60,freq,val,en,en,whole,"The opposite of ""whole"" is """,part,0,0,19.0,20.25,1.25
qwen3-4b,60,freq,freq,en,en,whole,"The opposite of ""whole"" is """,part,0,0,19.0,19.0,0.0
qwen3-4b,61,desc,desc,en,en,calm,"The opposite of ""calm"" is """,agitated,0,351,22.0,nan,nan
qwen3-4b,61,desc,val,en,en,calm,"The opposite of ""calm"" is """,agitated,0,351,22.0,nan,nan
qwen3-4b,61,desc,freq,en,en,calm,"The opposite of ""calm"" is """,agitated,0,351,22.0,nan,nan
qwen3-4b,61,val,desc,en,en,calm,"The opposite of ""calm"" is """,agitated,0,351,22.0,nan,nan
qwen3-4b,61,val,val,en,en,calm,"The opposite of ""calm"" is """,agitated,0,0,22.0,20.125,-1.875
qwen3-4b,61,val,freq,en,en,calm,"The opposite of ""calm"" is """,agitated,0,0,22.0,20.0,-2.0
qwen3-4b,61,freq,desc,en,en,calm,"The opposite of ""calm"" is """,agitated,0,351,22.0,nan,nan
qwen3-4b,61,freq,val,en,en,calm,"The opposite of ""calm"" is """,agitated,0,0,22.0,19.625,-2.375
qwen3-4b,61,freq,freq,en,en,calm,"The opposite of ""calm"" is """,agitated,0,0,22.0,22.0,0.0
qwen3-4b,62,desc,desc,en,en,correct,"The opposite of ""correct"" is """,incorrect,0,34870,22.25,nan,nan
qwen3-4b,62,desc,val,en,en,correct,"The opposite of ""correct"" is """,incorrect,0,34870,22.25,nan,nan
qwen3-4b,62,desc,freq,en,en,correct,"The opposite of ""correct"" is """,incorrect,0,34870,22.25,nan,nan
qwen3-4b,62,val,desc,en,en,correct,"The opposite of ""correct"" is """,incorrect,0,34870,22.25,nan,nan
qwen3-4b,62,val,val,en,en,correct,"The opposite of ""correct"" is """,incorrect,0,0,22.25,19.625,-2.625
qwen3-4b,62,val,freq,en,en,correct,"The opposite of ""correct"" is """,incorrect,0,0,22.25,19.375,-2.875
qwen3-4b,62,freq,desc,en,en,correct,"The opposite of ""correct"" is """,incorrect,0,34870,22.25,nan,nan
qwen3-4b,62,freq,val,en,en,correct,"The opposite of ""correct"" is """,incorrect,0,0,22.25,22.125,-0.125
qwen3-4b,62,freq,freq,en,en,correct,"The opposite of ""correct"" is """,incorrect,0,0,22.25,22.25,0.0
qwen3-4b,63,desc,desc,en,en,complex,"The opposite of ""complex"" is """,simple,0,22944,25.125,nan,nan
qwen3-4b,63,desc,val,en,en,complex,"The opposite of ""complex"" is """,simple,0,22944,25.125,nan,nan
qwen3-4b,63,desc,freq,en,en,complex,"The opposite of ""complex"" is """,simple,0,22944,25.125,nan,nan
qwen3-4b,63,val,desc,en,en,complex,"The opposite of ""complex"" is """,simple,0,22944,25.125,nan,nan
qwen3-4b,63,val,val,en,en,complex,"The opposite of ""complex"" is """,simple,0,0,25.125,23.625,-1.5
qwen3-4b,63,val,freq,en,en,complex,"The opposite of ""complex"" is """,simple,0,0,25.125,23.375,-1.75
qwen3-4b,63,freq,desc,en,en,complex,"The opposite of ""complex"" is """,simple,0,22944,25.125,nan,nan
qwen3-4b,63,freq,val,en,en,complex,"The opposite of ""complex"" is """,simple,0,0,25.125,22.125,-3.0
qwen3-4b,63,freq,freq,en,en,complex,"The opposite of ""complex"" is """,simple,0,0,25.125,25.25,0.125
qwen3-4b,64,desc,desc,en,en,effective,"The opposite of ""effective"" is """,ineffective,0,482,26.0,nan,nan
qwen3-4b,64,desc,val,en,en,effective,"The opposite of ""effective"" is """,ineffective,0,482,26.0,nan,nan
qwen3-4b,64,desc,freq,en,en,effective,"The opposite of ""effective"" is """,ineffective,0,482,26.0,nan,nan
qwen3-4b,64,val,desc,en,en,effective,"The opposite of ""effective"" is """,ineffective,0,482,26.0,nan,nan
qwen3-4b,64,val,val,en,en,effective,"The opposite of ""effective"" is """,ineffective,0,0,26.0,21.875,-4.125
qwen3-4b,64,val,freq,en,en,effective,"The opposite of ""effective"" is """,ineffective,0,0,26.0,21.5,-4.5
qwen3-4b,64,freq,desc,en,en,effective,"The opposite of ""effective"" is """,ineffective,0,482,26.0,nan,nan
qwen3-4b,64,freq,val,en,en,effective,"The opposite of ""effective"" is """,ineffective,0,0,26.0,23.25,-2.75
qwen3-4b,64,freq,freq,en,en,effective,"The opposite of ""effective"" is """,ineffective,0,0,26.0,26.0,0.0
qwen3-4b,65,desc,desc,en,en,famous,"The opposite of ""famous"" is """,unknown,0,674,22.625,nan,nan
qwen3-4b,65,desc,val,en,en,famous,"The opposite of ""famous"" is """,unknown,0,674,22.625,nan,nan
qwen3-4b,65,desc,freq,en,en,famous,"The opposite of ""famous"" is """,unknown,0,674,22.625,nan,nan
qwen3-4b,65,val,desc,en,en,famous,"The opposite of ""famous"" is """,unknown,0,674,22.625,nan,nan
qwen3-4b,65,val,val,en,en,famous,"The opposite of ""famous"" is """,unknown,0,0,22.625,19.875,-2.75
qwen3-4b,65,val,freq,en,en,famous,"The opposite of ""famous"" is """,unknown,0,0,22.625,19.75,-2.875
qwen3-4b,65,freq,desc,en,en,famous,"The opposite of ""famous"" is """,unknown,0,674,22.625,nan,nan
qwen3-4b,65,freq,val,en,en,famous,"The opposite of ""famous"" is """,unknown,0,1,22.625,19.375,-3.25
qwen3-4b,65,freq,freq,en,en,famous,"The opposite of ""famous"" is """,unknown,0,0,22.625,22.625,0.0
qwen3-4b,66,desc,desc,en,en,generous,"The opposite of ""generous"" is """,stingy,0,267,23.25,nan,nan
qwen3-4b,66,desc,val,en,en,generous,"The opposite of ""generous"" is """,stingy,0,267,23.25,nan,nan
qwen3-4b,66,desc,freq,en,en,generous,"The opposite of ""generous"" is """,stingy,0,267,23.25,nan,nan
qwen3-4b,66,val,desc,en,en,generous,"The opposite of ""generous"" is """,stingy,0,267,23.25,nan,nan
qwen3-4b,66,val,val,en,en,generous,"The opposite of ""generous"" is """,stingy,0,0,23.25,22.0,-1.25
qwen3-4b,66,val,freq,en,en,generous,"The opposite of ""generous"" is """,stingy,0,0,23.25,21.75,-1.5
qwen3-4b,66,freq,desc,en,en,generous,"The opposite of ""generous"" is """,stingy,0,267,23.25,nan,nan
qwen3-4b,66,freq,val,en,en,generous,"The opposite of ""generous"" is """,stingy,0,1,23.25,18.625,-4.625
qwen3-4b,66,freq,freq,en,en,generous,"The opposite of ""generous"" is """,stingy,0,0,23.25,23.25,0.0
qwen3-4b,67,desc,desc,en,en,content,"The opposite of ""content"" is """,unhappy,1,67,19.75,nan,nan
qwen3-4b,67,desc,val,en,en,content,"The opposite of ""content"" is """,unhappy,1,67,19.75,nan,nan
qwen3-4b,67,desc,freq,en,en,content,"The opposite of ""content"" is """,unhappy,1,67,19.75,nan,nan
qwen3-4b,67,val,desc,en,en,content,"The opposite of ""content"" is """,unhappy,1,67,19.75,nan,nan
qwen3-4b,67,val,val,en,en,content,"The opposite of ""content"" is """,unhappy,1,1,19.75,18.125,-1.625
qwen3-4b,67,val,freq,en,en,content,"The opposite of ""content"" is """,unhappy,1,1,19.75,17.875,-1.875
qwen3-4b,67,freq,desc,en,en,content,"The opposite of ""content"" is """,unhappy,1,67,19.75,nan,nan
qwen3-4b,67,freq,val,en,en,content,"The opposite of ""content"" is """,unhappy,1,4,19.75,16.125,-3.625
qwen3-4b,67,freq,freq,en,en,content,"The opposite of ""content"" is """,unhappy,1,1,19.75,19.75,0.0
qwen3-4b,68,desc,desc,en,en,healthy,"The opposite of ""healthy"" is """,unhealthy,0,82,24.5,nan,nan
qwen3-4b,68,desc,val,en,en,healthy,"The opposite of ""healthy"" is """,unhealthy,0,82,24.5,nan,nan
qwen3-4b,68,desc,freq,en,en,healthy,"The opposite of ""healthy"" is """,unhealthy,0,82,24.5,nan,nan
qwen3-4b,68,val,desc,en,en,healthy,"The opposite of ""healthy"" is """,unhealthy,0,82,24.5,nan,nan
qwen3-4b,68,val,val,en,en,healthy,"The opposite of ""healthy"" is """,unhealthy,0,0,24.5,19.25,-5.25
qwen3-4b,68,val,freq,en,en,healthy,"The opposite of ""healthy"" is """,unhealthy,0,0,24.5,18.75,-5.75
qwen3-4b,68,freq,desc,en,en,healthy,"The opposite of ""healthy"" is """,unhealthy,0,82,24.5,nan,nan
qwen3-4b,68,freq,val,en,en,healthy,"The opposite of ""healthy"" is """,unhealthy,0,0,24.5,21.0,-3.5
qwen3-4b,68,freq,freq,en,en,healthy,"The opposite of ""healthy"" is """,unhealthy,0,0,24.5,24.5,0.0
qwen3-4b,69,desc,desc,en,en,high,"The opposite of ""high"" is """,low,0,10303,25.625,nan,nan
qwen3-4b,69,desc,val,en,en,high,"The opposite of ""high"" is """,low,0,10303,25.625,nan,nan
qwen3-4b,69,desc,freq,en,en,high,"The opposite of ""high"" is """,low,0,10303,25.625,nan,nan
qwen3-4b,69,val,desc,en,en,high,"The opposite of ""high"" is """,low,0,10303,25.625,nan,nan
qwen3-4b,69,val,val,en,en,high,"The opposite of ""high"" is """,low,0,0,25.625,23.625,-2.0
qwen3-4b,69,val,freq,en,en,high,"The opposite of ""high"" is """,low,0,0,25.625,23.5,-2.125
qwen3-4b,69,freq,desc,en,en,high,"The opposite of ""high"" is """,low,0,10303,25.625,nan,nan
qwen3-4b,69,freq,val,en,en,high,"The opposite of ""high"" is """,low,0,0,25.625,23.75,-1.875
qwen3-4b,69,freq,freq,en,en,high,"The opposite of ""high"" is """,low,0,0,25.625,25.625,0.0
qwen3-4b,70,desc,desc,en,en,important,"The opposite of ""important"" is """,unimportant,0,359,25.375,nan,nan
qwen3-4b,70,desc,val,en,en,important,"The opposite of ""important"" is """,unimportant,0,359,25.375,nan,nan
qwen3-4b,70,desc,freq,en,en,important,"The opposite of ""important"" is """,unimportant,0,359,25.375,nan,nan
qwen3-4b,70,val,desc,en,en,important,"The opposite of ""important"" is """,unimportant,0,359,25.375,nan,nan
qwen3-4b,70,val,val,en,en,important,"The opposite of ""important"" is """,unimportant,0,0,25.375,22.875,-2.5
qwen3-4b,70,val,freq,en,en,important,"The opposite of ""important"" is """,unimportant,0,0,25.375,22.5,-2.875
qwen3-4b,70,freq,desc,en,en,important,"The opposite of ""important"" is """,unimportant,0,359,25.375,nan,nan
qwen3-4b,70,freq,val,en,en,important,"The opposite of ""important"" is """,unimportant,0,0,25.375,20.5,-4.875
qwen3-4b,70,freq,freq,en,en,important,"The opposite of ""important"" is """,unimportant,0,0,25.375,25.625,0.25
qwen3-4b,71,desc,desc,en,en,innocent,"The opposite of ""innocent"" is """,guilty,0,8717,28.75,nan,nan
qwen3-4b,71,desc,val,en,en,innocent,"The opposite of ""innocent"" is """,guilty,0,8717,28.75,nan,nan
qwen3-4b,71,desc,freq,en,en,innocent,"The opposite of ""innocent"" is """,guilty,0,8717,28.75,nan,nan
qwen3-4b,71,val,desc,en,en,innocent,"The opposite of ""innocent"" is """,guilty,0,8717,28.75,nan,nan
qwen3-4b,71,val,val,en,en,innocent,"The opposite of ""innocent"" is """,guilty,0,0,28.75,25.875,-2.875
qwen3-4b,71,val,freq,en,en,innocent,"The opposite of ""innocent"" is """,guilty,0,0,28.75,25.625,-3.125
qwen3-4b,71,freq,desc,en,en,innocent,"The opposite of ""innocent"" is """,guilty,0,8717,28.75,nan,nan
qwen3-4b,71,freq,val,en,en,innocent,"The opposite of ""innocent"" is """,guilty,0,0,28.75,23.875,-4.875
qwen3-4b,71,freq,freq,en,en,innocent,"The opposite of ""innocent"" is """,guilty,0,0,28.75,28.75,0.0
qwen3-4b,72,desc,desc,en,en,known,"The opposite of ""known"" is """,unknown,0,16088,24.625,nan,nan
qwen3-4b,72,desc,val,en,en,known,"The opposite of ""known"" is """,unknown,0,16088,24.625,nan,nan
qwen3-4b,72,desc,freq,en,en,known,"The opposite of ""known"" is """,unknown,0,16088,24.625,nan,nan
qwen3-4b,72,val,desc,en,en,known,"The opposite of ""known"" is """,unknown,0,16088,24.625,nan,nan
qwen3-4b,72,val,val,en,en,known,"The opposite of ""known"" is """,unknown,0,0,24.625,21.625,-3.0
qwen3-4b,72,val,freq,en,en,known,"The opposite of ""known"" is """,unknown,0,0,24.625,21.5,-3.125
qwen3-4b,72,freq,desc,en,en,known,"The opposite of ""known"" is """,unknown,0,16088,24.625,nan,nan
qwen3-4b,72,freq,val,en,en,known,"The opposite of ""known"" is """,unknown,0,0,24.625,22.75,-1.875
qwen3-4b,72,freq,freq,en,en,known,"The opposite of ""known"" is """,unknown,0,0,24.625,24.625,0.0
qwen3-4b,73,desc,desc,en,en,male,"The opposite of ""male"" is """,female,0,42634,27.25,nan,nan
qwen3-4b,73,desc,val,en,en,male,"The opposite of ""male"" is """,female,0,42634,27.25,nan,nan
qwen3-4b,73,desc,freq,en,en,male,"The opposite of ""male"" is """,female,0,42634,27.25,nan,nan
qwen3-4b,73,val,desc,en,en,male,"The opposite of ""male"" is """,female,0,42634,27.25,nan,nan
qwen3-4b,73,val,val,en,en,male,"The opposite of ""male"" is """,female,0,0,27.25,23.125,-4.125
qwen3-4b,73,val,freq,en,en,male,"The opposite of ""male"" is """,female,0,0,27.25,23.0,-4.25
qwen3-4b,73,freq,desc,en,en,male,"The opposite of ""male"" is """,female,0,42634,27.25,nan,nan
qwen3-4b,73,freq,val,en,en,male,"The opposite of ""male"" is """,female,0,0,27.25,24.0,-3.25
qwen3-4b,73,freq,freq,en,en,male,"The opposite of ""male"" is """,female,0,0,27.25,27.5,0.25
qwen3-4b,74,desc,desc,en,en,normal,"The opposite of ""normal"" is """,abnormal,0,359,21.5,nan,nan
qwen3-4b,74,desc,val,en,en,normal,"The opposite of ""normal"" is """,abnormal,0,359,21.5,nan,nan
qwen3-4b,74,desc,freq,en,en,normal,"The opposite of ""normal"" is """,abnormal,0,359,21.5,nan,nan
qwen3-4b,74,val,desc,en,en,normal,"The opposite of ""normal"" is """,abnormal,0,359,21.5,nan,nan
qwen3-4b,74,val,val,en,en,normal,"The opposite of ""normal"" is """,abnormal,0,0,21.5,20.375,-1.125
qwen3-4b,74,val,freq,en,en,normal,"The opposite of ""normal"" is """,abnormal,0,0,21.5,19.875,-1.625
qwen3-4b,74,freq,desc,en,en,normal,"The opposite of ""normal"" is """,abnormal,0,359,21.5,nan,nan
qwen3-4b,74,freq,val,en,en,normal,"The opposite of ""normal"" is """,abnormal,0,0,21.5,20.375,-1.125
qwen3-4b,74,freq,freq,en,en,normal,"The opposite of ""normal"" is """,abnormal,0,0,21.5,21.5,0.0
qwen3-4b,75,desc,desc,en,en,possible,"The opposite of ""possible"" is """,impossible,0,318,25.25,nan,nan
qwen3-4b,75,desc,val,en,en,possible,"The opposite of ""possible"" is """,impossible,0,318,25.25,nan,nan
qwen3-4b,75,desc,freq,en,en,possible,"The opposite of ""possible"" is """,impossible,0,318,25.25,nan,nan
qwen3-4b,75,val,desc,en,en,possible,"The opposite of ""possible"" is """,impossible,0,318,25.25,nan,nan
qwen3-4b,75,val,val,en,en,possible,"The opposite of ""possible"" is """,impossible,0,0,25.25,23.125,-2.125
qwen3-4b,75,val,freq,en,en,possible,"The opposite of ""possible"" is """,impossible,0,0,25.25,22.875,-2.375
qwen3-4b,75,freq,desc,en,en,possible,"The opposite of ""possible"" is """,impossible,0,318,25.25,nan,nan
qwen3-4b,75,freq,val,en,en,possible,"The opposite of ""possible"" is """,impossible,0,0,25.25,21.375,-3.875
qwen3-4b,75,freq,freq,en,en,possible,"The opposite of ""possible"" is """,impossible,0,0,25.25,25.25,0.0
qwen3-4b,76,desc,desc,en,en,private,"The opposite of ""private"" is """,public,0,888,23.125,nan,nan
qwen3-4b,76,desc,val,en,en,private,"The opposite of ""private"" is """,public,0,888,23.125,nan,nan
qwen3-4b,76,desc,freq,en,en,private,"The opposite of ""private"" is """,public,0,888,23.125,nan,nan
qwen3-4b,76,val,desc,en,en,private,"The opposite of ""private"" is """,public,0,888,23.125,nan,nan
qwen3-4b,76,val,val,en,en,private,"The opposite of ""private"" is """,public,0,0,23.125,19.625,-3.5
qwen3-4b,76,val,freq,en,en,private,"The opposite of ""private"" is """,public,0,0,23.125,19.5,-3.625
qwen3-4b,76,freq,desc,en,en,private,"The opposite of ""private"" is """,public,0,888,23.125,nan,nan
qwen3-4b,76,freq,val,en,en,private,"The opposite of ""private"" is """,public,0,0,23.125,21.625,-1.5
qwen3-4b,76,freq,freq,en,en,private,"The opposite of ""private"" is """,public,0,0,23.125,23.125,0.0
qwen3-4b,77,desc,desc,en,en,right,"The opposite of ""right"" is """,wrong,1,34870,21.875,nan,nan
qwen3-4b,77,desc,val,en,en,right,"The opposite of ""right"" is """,wrong,1,34870,21.875,nan,nan
qwen3-4b,77,desc,freq,en,en,right,"The opposite of ""right"" is """,wrong,1,34870,21.875,nan,nan
qwen3-4b,77,val,desc,en,en,right,"The opposite of ""right"" is """,wrong,1,34870,21.875,nan,nan
qwen3-4b,77,val,val,en,en,right,"The opposite of ""right"" is """,wrong,1,1,21.875,19.75,-2.125
qwen3-4b,77,val,freq,en,en,right,"The opposite of ""right"" is """,wrong,1,1,21.875,19.5,-2.375
qwen3-4b,77,freq,desc,en,en,right,"The opposite of ""right"" is """,wrong,1,34870,21.875,nan,nan
qwen3-4b,77,freq,val,en,en,right,"The opposite of ""right"" is """,wrong,1,2,21.875,19.875,-2.0
qwen3-4b,77,freq,freq,en,en,right,"The opposite of ""right"" is """,wrong,1,1,21.875,21.875,0.0
qwen3-4b,78,desc,desc,en,en,simple,"The opposite of ""simple"" is """,complex,0,23247,22.5,nan,nan
qwen3-4b,78,desc,val,en,en,simple,"The opposite of ""simple"" is """,complex,0,23247,22.5,nan,nan
qwen3-4b,78,desc,freq,en,en,simple,"The opposite of ""simple"" is """,complex,0,23247,22.5,nan,nan
qwen3-4b,78,val,desc,en,en,simple,"The opposite of ""simple"" is """,complex,0,23247,22.5,nan,nan
qwen3-4b,78,val,val,en,en,simple,"The opposite of ""simple"" is """,complex,0,0,22.5,21.5,-1.0
qwen3-4b,78,val,freq,en,en,simple,"The opposite of ""simple"" is """,complex,0,0,22.5,21.125,-1.375
qwen3-4b,78,freq,desc,en,en,simple,"The opposite of ""simple"" is """,complex,0,23247,22.5,nan,nan
qwen3-4b,78,freq,val,en,en,simple,"The opposite of ""simple"" is """,complex,0,0,22.5,22.625,0.125
qwen3-4b,78,freq,freq,en,en,simple,"The opposite of ""simple"" is """,complex,0,0,22.5,22.5,0.0
qwen3-4b,79,desc,desc,en,en,sweet,"The opposite of ""sweet"" is """,bitter,0,65,25.125,nan,nan
qwen3-4b,79,desc,val,en,en,sweet,"The opposite of ""sweet"" is """,bitter,0,65,25.125,nan,nan
qwen3-4b,79,desc,freq,en,en,sweet,"The opposite of ""sweet"" is """,bitter,0,65,25.125,nan,nan
qwen3-4b,79,val,desc,en,en,sweet,"The opposite of ""sweet"" is """,bitter,0,65,25.125,nan,nan
qwen3-4b,79,val,val,en,en,sweet,"The opposite of ""sweet"" is """,bitter,0,0,25.125,23.0,-2.125
qwen3-4b,79,val,freq,en,en,sweet,"The opposite of ""sweet"" is """,bitter,0,0,25.125,22.875,-2.25
qwen3-4b,79,freq,desc,en,en,sweet,"The opposite of ""sweet"" is """,bitter,0,65,25.125,nan,nan
qwen3-4b,79,freq,val,en,en,sweet,"The opposite of ""sweet"" is """,bitter,0,1,25.125,20.0,-5.125
qwen3-4b,79,freq,freq,en,en,sweet,"The opposite of ""sweet"" is """,bitter,0,0,25.125,25.25,0.125
qwen3-4b,80,desc,desc,en,en,visible,"The opposite of ""visible"" is """,invisible,0,90751,24.25,nan,nan
qwen3-4b,80,desc,val,en,en,visible,"The opposite of ""visible"" is """,invisible,0,90751,24.25,nan,nan
qwen3-4b,80,desc,freq,en,en,visible,"The opposite of ""visible"" is """,invisible,0,90751,24.25,nan,nan
qwen3-4b,80,val,desc,en,en,visible,"The opposite of ""visible"" is """,invisible,0,90751,24.25,nan,nan
qwen3-4b,80,val,val,en,en,visible,"The opposite of ""visible"" is """,invisible,0,0,24.25,20.75,-3.5
qwen3-4b,80,val,freq,en,en,visible,"The opposite of ""visible"" is """,invisible,0,0,24.25,20.625,-3.625
qwen3-4b,80,freq,desc,en,en,visible,"The opposite of ""visible"" is """,invisible,0,90751,24.25,nan,nan
qwen3-4b,80,freq,val,en,en,visible,"The opposite of ""visible"" is """,invisible,0,0,24.25,22.625,-1.625
qwen3-4b,80,freq,freq,en,en,visible,"The opposite of ""visible"" is """,invisible,0,0,24.25,24.375,0.125
qwen3-4b,81,desc,desc,en,en,warm,"The opposite of ""warm"" is """,cold,0,42196,25.375,nan,nan
qwen3-4b,81,desc,val,en,en,warm,"The opposite of ""warm"" is """,cold,0,42196,25.375,nan,nan
qwen3-4b,81,desc,freq,en,en,warm,"The opposite of ""warm"" is """,cold,0,42196,25.375,nan,nan
qwen3-4b,81,val,desc,en,en,warm,"The opposite of ""warm"" is """,cold,0,42196,25.375,nan,nan
qwen3-4b,81,val,val,en,en,warm,"The opposite of ""warm"" is """,cold,0,0,25.375,22.125,-3.25
qwen3-4b,81,val,freq,en,en,warm,"The opposite of ""warm"" is """,cold,0,0,25.375,22.0,-3.375
qwen3-4b,81,freq,desc,en,en,warm,"The opposite of ""warm"" is """,cold,0,42196,25.375,nan,nan
qwen3-4b,81,freq,val,en,en,warm,"The opposite of ""warm"" is """,cold,0,0,25.375,23.75,-1.625
qwen3-4b,81,freq,freq,en,en,warm,"The opposite of ""warm"" is """,cold,0,0,25.375,25.25,-0.125
qwen3-4b,82,desc,desc,en,en,smooth,"The opposite of ""smooth"" is """,rough,0,65,25.125,nan,nan
qwen3-4b,82,desc,val,en,en,smooth,"The opposite of ""smooth"" is """,rough,0,65,25.125,nan,nan
qwen3-4b,82,desc,freq,en,en,smooth,"The opposite of ""smooth"" is """,rough,0,65,25.125,nan,nan
qwen3-4b,82,val,desc,en,en,smooth,"The opposite of ""smooth"" is """,rough,0,65,25.125,nan,nan
qwen3-4b,82,val,val,en,en,smooth,"The opposite of ""smooth"" is """,rough,0,0,25.125,22.375,-2.75
qwen3-4b,82,val,freq,en,en,smooth,"The opposite of ""smooth"" is """,rough,0,0,25.125,22.25,-2.875
qwen3-4b,82,freq,desc,en,en,smooth,"The opposite of ""smooth"" is """,rough,0,65,25.125,nan,nan
qwen3-4b,82,freq,val,en,en,smooth,"The opposite of ""smooth"" is """,rough,0,0,25.125,24.5,-0.625
qwen3-4b,82,freq,freq,en,en,smooth,"The opposite of ""smooth"" is """,rough,0,0,25.125,25.125,0.0
qwen3-4b,83,desc,desc,en,en,thin,"The opposite of ""thin"" is """,fat,0,339,26.0,nan,nan
qwen3-4b,83,desc,val,en,en,thin,"The opposite of ""thin"" is """,fat,0,339,26.0,nan,nan
qwen3-4b,83,desc,freq,en,en,thin,"The opposite of ""thin"" is """,fat,0,339,26.0,nan,nan
qwen3-4b,83,val,desc,en,en,thin,"The opposite of ""thin"" is """,fat,0,339,26.0,nan,nan
qwen3-4b,83,val,val,en,en,thin,"The opposite of ""thin"" is """,fat,0,0,26.0,21.875,-4.125
qwen3-4b,83,val,freq,en,en,thin,"The opposite of ""thin"" is """,fat,0,0,26.0,21.875,-4.125
qwen3-4b,83,freq,desc,en,en,thin,"The opposite of ""thin"" is """,fat,0,339,26.0,nan,nan
qwen3-4b,83,freq,val,en,en,thin,"The opposite of ""thin"" is """,fat,0,0,26.0,21.0,-5.0
qwen3-4b,83,freq,freq,en,en,thin,"The opposite of ""thin"" is """,fat,0,0,26.0,26.0,0.0
qwen3-4b,84,desc,desc,en,en,tall,"The opposite of ""tall"" is """,short,0,8676,30.0,nan,nan
qwen3-4b,84,desc,val,en,en,tall,"The opposite of ""tall"" is """,short,0,8676,30.0,nan,nan
qwen3-4b,84,desc,freq,en,en,tall,"The opposite of ""tall"" is """,short,0,8676,30.0,nan,nan
qwen3-4b,84,val,desc,en,en,tall,"The opposite of ""tall"" is """,short,0,8676,30.0,nan,nan
qwen3-4b,84,val,val,en,en,tall,"The opposite of ""tall"" is """,short,0,0,30.0,25.875,-4.125
qwen3-4b,84,val,freq,en,en,tall,"The opposite of ""tall"" is """,short,0,0,30.0,25.625,-4.375
qwen3-4b,84,freq,desc,en,en,tall,"The opposite of ""tall"" is """,short,0,8676,30.0,nan,nan
qwen3-4b,84,freq,val,en,en,tall,"The opposite of ""tall"" is """,short,0,0,30.0,24.625,-5.375
qwen3-4b,84,freq,freq,en,en,tall,"The opposite of ""tall"" is """,short,0,0,30.0,30.125,0.125
qwen3-4b,85,desc,desc,en,en,married,"The opposite of ""married"" is """,single,0,359,25.375,nan,nan
qwen3-4b,85,desc,val,en,en,married,"The opposite of ""married"" is """,single,0,359,25.375,nan,nan
qwen3-4b,85,desc,freq,en,en,married,"The opposite of ""married"" is """,single,0,359,25.375,nan,nan
qwen3-4b,85,val,desc,en,en,married,"The opposite of ""married"" is """,single,0,359,25.375,nan,nan
qwen3-4b,85,val,val,en,en,married,"The opposite of ""married"" is """,single,0,0,25.375,20.875,-4.5
qwen3-4b,85,val,freq,en,en,married,"The opposite of ""married"" is """,single,0,0,25.375,20.625,-4.75
qwen3-4b,85,freq,desc,en,en,married,"The opposite of ""married"" is """,single,0,359,25.375,nan,nan
qwen3-4b,85,freq,val,en,en,married,"The opposite of ""married"" is """,single,0,0,25.375,21.0,-4.375
qwen3-4b,85,freq,freq,en,en,married,"The opposite of ""married"" is """,single,0,0,25.375,25.375,0.0
qwen3-4b,86,desc,desc,en,en,optimistic,"The opposite of ""optimistic"" is """,pessimistic,0,79,29.5,nan,nan
qwen3-4b,86,desc,val,en,en,optimistic,"The opposite of ""optimistic"" is """,pessimistic,0,79,29.5,nan,nan
qwen3-4b,86,desc,freq,en,en,optimistic,"The opposite of ""optimistic"" is """,pessimistic,0,79,29.5,nan,nan
qwen3-4b,86,val,desc,en,en,optimistic,"The opposite of ""optimistic"" is """,pessimistic,0,79,29.5,nan,nan
qwen3-4b,86,val,val,en,en,optimistic,"The opposite of ""optimistic"" is """,pessimistic,0,0,29.5,26.375,-3.125
qwen3-4b,86,val,freq,en,en,optimistic,"The opposite of ""optimistic"" is """,pessimistic,0,0,29.5,26.125,-3.375
qwen3-4b,86,freq,desc,en,en,optimistic,"The opposite of ""optimistic"" is """,pessimistic,0,79,29.5,nan,nan
qwen3-4b,86,freq,val,en,en,optimistic,"The opposite of ""optimistic"" is """,pessimistic,0,0,29.5,23.5,-6.0
qwen3-4b,86,freq,freq,en,en,optimistic,"The opposite of ""optimistic"" is """,pessimistic,0,0,29.5,29.5,0.0
qwen3-4b,87,desc,desc,en,en,permanent,"The opposite of ""permanent"" is """,temporary,0,78090,22.625,nan,nan
qwen3-4b,87,desc,val,en,en,permanent,"The opposite of ""permanent"" is """,temporary,0,78090,22.625,nan,nan
qwen3-4b,87,desc,freq,en,en,permanent,"The opposite of ""permanent"" is """,temporary,0,78090,22.625,nan,nan
qwen3-4b,87,val,desc,en,en,permanent,"The opposite of ""permanent"" is """,temporary,0,78090,22.625,nan,nan
qwen3-4b,87,val,val,en,en,permanent,"The opposite of ""permanent"" is """,temporary,0,1,22.625,17.625,-5.0
qwen3-4b,87,val,freq,en,en,permanent,"The opposite of ""permanent"" is """,temporary,0,1,22.625,17.5,-5.125
qwen3-4b,87,freq,desc,en,en,permanent,"The opposite of ""permanent"" is """,temporary,0,78090,22.625,nan,nan
qwen3-4b,87,freq,val,en,en,permanent,"The opposite of ""permanent"" is """,temporary,0,0,22.625,22.375,-0.25
qwen3-4b,87,freq,freq,en,en,permanent,"The opposite of ""permanent"" is """,temporary,0,0,22.625,22.625,0.0
qwen3-4b,88,desc,desc,en,en,present,"The opposite of ""present"" is """,past,0,3435,24.0,nan,nan
qwen3-4b,88,desc,val,en,en,present,"The opposite of ""present"" is """,past,0,3435,24.0,nan,nan
qwen3-4b,88,desc,freq,en,en,present,"The opposite of ""present"" is """,past,0,3435,24.0,nan,nan
qwen3-4b,88,val,desc,en,en,present,"The opposite of ""present"" is """,past,0,3435,24.0,nan,nan
qwen3-4b,88,val,val,en,en,present,"The opposite of ""present"" is """,past,0,0,24.0,21.625,-2.375
qwen3-4b,88,val,freq,en,en,present,"The opposite of ""present"" is """,past,0,0,24.0,21.25,-2.75
qwen3-4b,88,freq,desc,en,en,present,"The opposite of ""present"" is """,past,0,3435,24.0,nan,nan
qwen3-4b,88,freq,val,en,en,present,"The opposite of ""present"" is """,past,0,0,24.0,23.0,-1.0
qwen3-4b,88,freq,freq,en,en,present,"The opposite of ""present"" is """,past,0,0,24.0,24.125,0.125
qwen3-4b,89,desc,desc,en,en,public,"The opposite of ""public"" is """,private,0,1996,23.75,nan,nan
qwen3-4b,89,desc,val,en,en,public,"The opposite of ""public"" is """,private,0,1996,23.75,nan,nan
qwen3-4b,89,desc,freq,en,en,public,"The opposite of ""public"" is """,private,0,1996,23.75,nan,nan
qwen3-4b,89,val,desc,en,en,public,"The opposite of ""public"" is """,private,0,1996,23.75,nan,nan
qwen3-4b,89,val,val,en,en,public,"The opposite of ""public"" is """,private,0,0,23.75,21.25,-2.5
qwen3-4b,89,val,freq,en,en,public,"The opposite of ""public"" is """,private,0,0,23.75,21.0,-2.75
qwen3-4b,89,freq,desc,en,en,public,"The opposite of ""public"" is """,private,0,1996,23.75,nan,nan
qwen3-4b,89,freq,val,en,en,public,"The opposite of ""public"" is """,private,0,0,23.75,21.5,-2.25
qwen3-4b,89,freq,freq,en,en,public,"The opposite of ""public"" is """,private,0,0,23.75,23.75,0.0
qwen3-4b,90,desc,desc,en,en,real,"The opposite of ""real"" is """,fake,4,359,17.625,nan,nan
qwen3-4b,90,desc,val,en,en,real,"The opposite of ""real"" is """,fake,4,359,17.625,nan,nan
qwen3-4b,90,desc,freq,en,en,real,"The opposite of ""real"" is """,fake,4,359,17.625,nan,nan
qwen3-4b,90,val,desc,en,en,real,"The opposite of ""real"" is """,fake,4,359,17.625,nan,nan
qwen3-4b,90,val,val,en,en,real,"The opposite of ""real"" is """,fake,4,2,17.625,14.1875,-3.4375
qwen3-4b,90,val,freq,en,en,real,"The opposite of ""real"" is """,fake,4,2,17.625,13.8125,-3.8125
qwen3-4b,90,freq,desc,en,en,real,"The opposite of ""real"" is """,fake,4,359,17.625,nan,nan
qwen3-4b,90,freq,val,en,en,real,"The opposite of ""real"" is """,fake,4,7,17.625,17.25,-0.375
qwen3-4b,90,freq,freq,en,en,real,"The opposite of ""real"" is """,fake,4,4,17.625,17.625,0.0
qwen3-4b,91,desc,desc,en,en,responsible,"The opposite of ""responsible"" is """,irresponsible,8,404,18.0,nan,nan
qwen3-4b,91,desc,val,en,en,responsible,"The opposite of ""responsible"" is """,irresponsible,8,404,18.0,nan,nan
qwen3-4b,91,desc,freq,en,en,responsible,"The opposite of ""responsible"" is """,irresponsible,8,404,18.0,nan,nan
qwen3-4b,91,val,desc,en,en,responsible,"The opposite of ""responsible"" is """,irresponsible,8,404,18.0,nan,nan
qwen3-4b,91,val,val,en,en,responsible,"The opposite of ""responsible"" is """,irresponsible,8,10,18.0,13.625,-4.375
qwen3-4b,91,val,freq,en,en,responsible,"The opposite of ""responsible"" is """,irresponsible,8,10,18.0,13.5625,-4.4375
qwen3-4b,91,freq,desc,en,en,responsible,"The opposite of ""responsible"" is """,irresponsible,8,404,18.0,nan,nan
qwen3-4b,91,freq,val,en,en,responsible,"The opposite of ""responsible"" is """,irresponsible,8,14,18.0,15.3125,-2.6875
qwen3-4b,91,freq,freq,en,en,responsible,"The opposite of ""responsible"" is """,irresponsible,8,8,18.0,18.0,0.0
qwen3-4b,92,desc,desc,en,en,single,"The opposite of ""single"" is """,married,1,69482,18.5,nan,nan
qwen3-4b,92,desc,val,en,en,single,"The opposite of ""single"" is """,married,1,69482,18.5,nan,nan
qwen3-4b,92,desc,freq,en,en,single,"The opposite of ""single"" is """,married,1,69482,18.5,nan,nan
qwen3-4b,92,val,desc,en,en,single,"The opposite of ""single"" is """,married,1,69482,18.5,nan,nan
qwen3-4b,92,val,val,en,en,single,"The opposite of ""single"" is """,married,1,2,18.5,17.5,-1.0
qwen3-4b,92,val,freq,en,en,single,"The opposite of ""single"" is """,married,1,2,18.5,17.25,-1.25
qwen3-4b,92,freq,desc,en,en,single,"The opposite of ""single"" is """,married,1,69482,18.5,nan,nan
qwen3-4b,92,freq,val,en,en,single,"The opposite of ""single"" is """,married,1,1,18.5,18.25,-0.25
qwen3-4b,92,freq,freq,en,en,single,"The opposite of ""single"" is """,married,1,1,18.5,18.5,0.0
qwen3-4b,93,desc,desc,en,en,sour,"The opposite of ""sour"" is """,sweet,0,94828,28.5,nan,nan
qwen3-4b,93,desc,val,en,en,sour,"The opposite of ""sour"" is """,sweet,0,94828,28.5,nan,nan
qwen3-4b,93,desc,freq,en,en,sour,"The opposite of ""sour"" is """,sweet,0,94828,28.5,nan,nan
qwen3-4b,93,val,desc,en,en,sour,"The opposite of ""sour"" is """,sweet,0,94828,28.5,nan,nan
qwen3-4b,93,val,val,en,en,sour,"The opposite of ""sour"" is """,sweet,0,1,28.5,22.375,-6.125
qwen3-4b,93,val,freq,en,en,sour,"The opposite of ""sour"" is """,sweet,0,1,28.5,22.125,-6.375
qwen3-4b,93,freq,desc,en,en,sour,"The opposite of ""sour"" is """,sweet,0,94828,28.5,nan,nan
qwen3-4b,93,freq,val,en,en,sour,"The opposite of ""sour"" is """,sweet,0,0,28.5,24.625,-3.875
qwen3-4b,93,freq,freq,en,en,sour,"The opposite of ""sour"" is """,sweet,0,0,28.5,28.5,0.0
qwen3-4b,94,desc,desc,en,en,useful,"The opposite of ""useful"" is """,useless,0,810,23.875,nan,nan
qwen3-4b,94,desc,val,en,en,useful,"The opposite of ""useful"" is """,useless,0,810,23.875,nan,nan
qwen3-4b,94,desc,freq,en,en,useful,"The opposite of ""useful"" is """,useless,0,810,23.875,nan,nan
qwen3-4b,94,val,desc,en,en,useful,"The opposite of ""useful"" is """,useless,0,810,23.875,nan,nan
qwen3-4b,94,val,val,en,en,useful,"The opposite of ""useful"" is """,useless,0,0,23.875,20.5,-3.375
qwen3-4b,94,val,freq,en,en,useful,"The opposite of ""useful"" is """,useless,0,0,23.875,20.25,-3.625
qwen3-4b,94,freq,desc,en,en,useful,"The opposite of ""useful"" is """,useless,0,810,23.875,nan,nan
qwen3-4b,94,freq,val,en,en,useful,"The opposite of ""useful"" is """,useless,0,1,23.875,19.875,-4.0
qwen3-4b,94,freq,freq,en,en,useful,"The opposite of ""useful"" is """,useless,0,0,23.875,23.875,0.0
qwen3-4b,95,desc,desc,en,en,vertical,"The opposite of ""vertical"" is """,horizontal,0,30629,22.75,nan,nan
qwen3-4b,95,desc,val,en,en,vertical,"The opposite of ""vertical"" is """,horizontal,0,30629,22.75,nan,nan
qwen3-4b,95,desc,freq,en,en,vertical,"The opposite of ""vertical"" is """,horizontal,0,30629,22.75,nan,nan
qwen3-4b,95,val,desc,en,en,vertical,"The opposite of ""vertical"" is """,horizontal,0,30629,22.75,nan,nan
qwen3-4b,95,val,val,en,en,vertical,"The opposite of ""vertical"" is """,horizontal,0,0,22.75,20.25,-2.5
qwen3-4b,95,val,freq,en,en,vertical,"The opposite of ""vertical"" is """,horizontal,0,0,22.75,20.125,-2.625
qwen3-4b,95,freq,desc,en,en,vertical,"The opposite of ""vertical"" is """,horizontal,0,30629,22.75,nan,nan
qwen3-4b,95,freq,val,en,en,vertical,"The opposite of ""vertical"" is """,horizontal,0,0,22.75,21.625,-1.125
qwen3-4b,95,freq,freq,en,en,vertical,"The opposite of ""vertical"" is """,horizontal,0,0,22.75,22.625,-0.125
qwen3-4b,96,desc,desc,en,en,well,"The opposite of ""well"" is """,poorly,2,5368,21.0,nan,nan
qwen3-4b,96,desc,val,en,en,well,"The opposite of ""well"" is """,poorly,2,5368,21.0,nan,nan
qwen3-4b,96,desc,freq,en,en,well,"The opposite of ""well"" is """,poorly,2,5368,21.0,nan,nan
qwen3-4b,96,val,desc,en,en,well,"The opposite of ""well"" is """,poorly,2,5368,21.0,nan,nan
qwen3-4b,96,val,val,en,en,well,"The opposite of ""well"" is """,poorly,2,2,21.0,19.0,-2.0
qwen3-4b,96,val,freq,en,en,well,"The opposite of ""well"" is """,poorly,2,2,21.0,18.75,-2.25
qwen3-4b,96,freq,desc,en,en,well,"The opposite of ""well"" is """,poorly,2,5368,21.0,nan,nan
qwen3-4b,96,freq,val,en,en,well,"The opposite of ""well"" is """,poorly,2,2,21.0,19.0,-2.0
qwen3-4b,96,freq,freq,en,en,well,"The opposite of ""well"" is """,poorly,2,2,21.0,21.0,0.0
qwen3-4b,97,desc,desc,en,en,winning,"The opposite of ""winning"" is """,losing,0,17831,26.625,nan,nan
qwen3-4b,97,desc,val,en,en,winning,"The opposite of ""winning"" is """,losing,0,17831,26.625,nan,nan
qwen3-4b,97,desc,freq,en,en,winning,"The opposite of ""winning"" is """,losing,0,17831,26.625,nan,nan
qwen3-4b,97,val,desc,en,en,winning,"The opposite of ""winning"" is """,losing,0,17831,26.625,nan,nan
qwen3-4b,97,val,val,en,en,winning,"The opposite of ""winning"" is """,losing,0,0,26.625,23.625,-3.0
qwen3-4b,97,val,freq,en,en,winning,"The opposite of ""winning"" is """,losing,0,0,26.625,23.625,-3.0
qwen3-4b,97,freq,desc,en,en,winning,"The opposite of ""winning"" is """,losing,0,17831,26.625,nan,nan
qwen3-4b,97,freq,val,en,en,winning,"The opposite of ""winning"" is """,losing,0,0,26.625,25.625,-1.0
qwen3-4b,97,freq,freq,en,en,winning,"The opposite of ""winning"" is """,losing,0,0,26.625,26.625,0.0
qwen3-4b,98,desc,desc,en,en,unkind,"The opposite of ""unkind"" is """,kind,0,15314,26.75,nan,nan
qwen3-4b,98,desc,val,en,en,unkind,"The opposite of ""unkind"" is """,kind,0,15314,26.75,nan,nan
qwen3-4b,98,desc,freq,en,en,unkind,"The opposite of ""unkind"" is """,kind,0,15314,26.75,nan,nan
qwen3-4b,98,val,desc,en,en,unkind,"The opposite of ""unkind"" is """,kind,0,15314,26.75,nan,nan
qwen3-4b,98,val,val,en,en,unkind,"The opposite of ""unkind"" is """,kind,0,0,26.75,23.25,-3.5
qwen3-4b,98,val,freq,en,en,unkind,"The opposite of ""unkind"" is """,kind,0,0,26.75,23.125,-3.625
qwen3-4b,98,freq,desc,en,en,unkind,"The opposite of ""unkind"" is """,kind,0,15314,26.75,nan,nan
qwen3-4b,98,freq,val,en,en,unkind,"The opposite of ""unkind"" is """,kind,0,0,26.75,22.375,-4.375
qwen3-4b,98,freq,freq,en,en,unkind,"The opposite of ""unkind"" is """,kind,0,0,26.75,26.75,0.0
qwen3-4b,99,desc,desc,en,en,cowardly,"The opposite of ""cowardly"" is """,brave,0,1323,25.5,nan,nan
qwen3-4b,99,desc,val,en,en,cowardly,"The opposite of ""cowardly"" is """,brave,0,1323,25.5,nan,nan
qwen3-4b,99,desc,freq,en,en,cowardly,"The opposite of ""cowardly"" is """,brave,0,1323,25.5,nan,nan
qwen3-4b,99,val,desc,en,en,cowardly,"The opposite of ""cowardly"" is """,brave,0,1323,25.5,nan,nan
qwen3-4b,99,val,val,en,en,cowardly,"The opposite of ""cowardly"" is """,brave,0,0,25.5,22.875,-2.625
qwen3-4b,99,val,freq,en,en,cowardly,"The opposite of ""cowardly"" is """,brave,0,0,25.5,22.625,-2.875
qwen3-4b,99,freq,desc,en,en,cowardly,"The opposite of ""cowardly"" is """,brave,0,1323,25.5,nan,nan
qwen3-4b,99,freq,val,en,en,cowardly,"The opposite of ""cowardly"" is """,brave,0,0,25.5,22.875,-2.625
qwen3-4b,99,freq,freq,en,en,cowardly,"The opposite of ""cowardly"" is """,brave,0,0,25.5,25.5,0.0
qwen3-4b,0,desc,desc,en,es,bueno,"The opposite of ""bueno"" is """,malo,0,0,26.5,27.0,0.5
qwen3-4b,0,desc,val,en,es,bueno,"The opposite of ""bueno"" is """,malo,0,0,26.5,25.25,-1.25
qwen3-4b,0,desc,freq,en,es,bueno,"The opposite of ""bueno"" is """,malo,0,0,26.5,27.375,0.875
qwen3-4b,0,val,desc,en,es,bueno,"The opposite of ""bueno"" is """,malo,0,0,26.5,24.5,-2.0
qwen3-4b,0,val,val,en,es,bueno,"The opposite of ""bueno"" is """,malo,0,0,26.5,24.5,-2.0
qwen3-4b,0,val,freq,en,es,bueno,"The opposite of ""bueno"" is """,malo,0,0,26.5,24.625,-1.875
qwen3-4b,0,freq,desc,en,es,bueno,"The opposite of ""bueno"" is """,malo,0,1,26.5,26.125,-0.375
qwen3-4b,0,freq,val,en,es,bueno,"The opposite of ""bueno"" is """,malo,0,1,26.5,23.5,-3.0
qwen3-4b,0,freq,freq,en,es,bueno,"The opposite of ""bueno"" is """,malo,0,1,26.5,26.125,-0.375
qwen3-4b,1,desc,desc,en,es,feliz,"The opposite of ""feliz"" is """,triste,0,0,26.0,26.75,0.75
qwen3-4b,1,desc,val,en,es,feliz,"The opposite of ""feliz"" is """,triste,0,0,26.0,24.375,-1.625
qwen3-4b,1,desc,freq,en,es,feliz,"The opposite of ""feliz"" is """,triste,0,0,26.0,26.875,0.875
qwen3-4b,1,val,desc,en,es,feliz,"The opposite of ""feliz"" is """,triste,0,0,26.0,24.75,-1.25
qwen3-4b,1,val,val,en,es,feliz,"The opposite of ""feliz"" is """,triste,0,0,26.0,24.875,-1.125
qwen3-4b,1,val,freq,en,es,feliz,"The opposite of ""feliz"" is """,triste,0,0,26.0,25.0,-1.0
qwen3-4b,1,freq,desc,en,es,feliz,"The opposite of ""feliz"" is """,triste,0,0,26.0,26.625,0.625
qwen3-4b,1,freq,val,en,es,feliz,"The opposite of ""feliz"" is """,triste,0,0,26.0,24.25,-1.75
qwen3-4b,1,freq,freq,en,es,feliz,"The opposite of ""feliz"" is """,triste,0,0,26.0,26.625,0.625
qwen3-4b,2,desc,desc,en,es,grande,"The opposite of ""grande"" is """,pequeño,6,8,16.0,15.625,-0.375
qwen3-4b,2,desc,val,en,es,grande,"The opposite of ""grande"" is """,pequeño,6,2,16.0,19.625,3.625
qwen3-4b,2,desc,freq,en,es,grande,"The opposite of ""grande"" is """,pequeño,6,0,16.0,22.5,6.5
qwen3-4b,2,val,desc,en,es,grande,"The opposite of ""grande"" is """,pequeño,6,3,16.0,17.75,1.75
qwen3-4b,2,val,val,en,es,grande,"The opposite of ""grande"" is """,pequeño,6,9,16.0,13.9375,-2.0625
qwen3-4b,2,val,freq,en,es,grande,"The opposite of ""grande"" is """,pequeño,6,0,16.0,22.125,6.125
qwen3-4b,2,freq,desc,en,es,grande,"The opposite of ""grande"" is """,pequeño,6,9,16.0,15.25,-0.75
qwen3-4b,2,freq,val,en,es,grande,"The opposite of ""grande"" is """,pequeño,6,6,16.0,17.0,1.0
qwen3-4b,2,freq,freq,en,es,grande,"The opposite of ""grande"" is """,pequeño,6,9,16.0,15.25,-0.75
qwen3-4b,3,desc,desc,en,es,caliente,"The opposite of ""caliente"" is """,frío,0,0,26.0,25.625,-0.375
qwen3-4b,3,desc,val,en,es,caliente,"The opposite of ""caliente"" is """,frío,0,0,26.0,24.5,-1.5
qwen3-4b,3,desc,freq,en,es,caliente,"The opposite of ""caliente"" is """,frío,0,1,26.0,24.625,-1.375
qwen3-4b,3,val,desc,en,es,caliente,"The opposite of ""caliente"" is """,frío,0,0,26.0,23.5,-2.5
qwen3-4b,3,val,val,en,es,caliente,"The opposite of ""caliente"" is """,frío,0,0,26.0,23.5,-2.5
qwen3-4b,3,val,freq,en,es,caliente,"The opposite of ""caliente"" is """,frío,0,1,26.0,22.375,-3.625
qwen3-4b,3,freq,desc,en,es,caliente,"The opposite of ""caliente"" is """,frío,0,1,26.0,23.75,-2.25
qwen3-4b,3,freq,val,en,es,caliente,"The opposite of ""caliente"" is """,frío,0,1,26.0,22.875,-3.125
qwen3-4b,3,freq,freq,en,es,caliente,"The opposite of ""caliente"" is """,frío,0,1,26.0,23.75,-2.25
qwen3-4b,4,desc,desc,en,es,rápido,"The opposite of ""rápido"" is """,lento,0,0,25.625,25.25,-0.375
qwen3-4b,4,desc,val,en,es,rápido,"The opposite of ""rápido"" is """,lento,0,0,25.625,23.375,-2.25
qwen3-4b,4,desc,freq,en,es,rápido,"The opposite of ""rápido"" is """,lento,0,0,25.625,25.25,-0.375
qwen3-4b,4,val,desc,en,es,rápido,"The opposite of ""rápido"" is """,lento,0,0,25.625,21.625,-4.0
qwen3-4b,4,val,val,en,es,rápido,"The opposite of ""rápido"" is """,lento,0,0,25.625,21.25,-4.375
qwen3-4b,4,val,freq,en,es,rápido,"The opposite of ""rápido"" is """,lento,0,0,25.625,21.25,-4.375
qwen3-4b,4,freq,desc,en,es,rápido,"The opposite of ""rápido"" is """,lento,0,0,25.625,24.25,-1.375
qwen3-4b,4,freq,val,en,es,rápido,"The opposite of ""rápido"" is """,lento,0,0,25.625,22.125,-3.5
qwen3-4b,4,freq,freq,en,es,rápido,"The opposite of ""rápido"" is """,lento,0,0,25.625,24.25,-1.375
qwen3-4b,5,desc,desc,en,es,ligero,"The opposite of ""ligero"" is """,pesado,0,0,25.125,23.625,-1.5
qwen3-4b,5,desc,val,en,es,ligero,"The opposite of ""ligero"" is """,pesado,0,0,25.125,22.625,-2.5
qwen3-4b,5,desc,freq,en,es,ligero,"The opposite of ""ligero"" is """,pesado,0,0,25.125,24.375,-0.75
qwen3-4b,5,val,desc,en,es,ligero,"The opposite of ""ligero"" is """,pesado,0,0,25.125,22.0,-3.125
qwen3-4b,5,val,val,en,es,ligero,"The opposite of ""ligero"" is """,pesado,0,0,25.125,21.875,-3.25
qwen3-4b,5,val,freq,en,es,ligero,"The opposite of ""ligero"" is """,pesado,0,0,25.125,22.5,-2.625
qwen3-4b,5,freq,desc,en,es,ligero,"The opposite of ""ligero"" is """,pesado,0,0,25.125,19.875,-5.25
qwen3-4b,5,freq,val,en,es,ligero,"The opposite of ""ligero"" is """,pesado,0,1,25.125,19.0,-6.125
qwen3-4b,5,freq,freq,en,es,ligero,"The opposite of ""ligero"" is """,pesado,0,0,25.125,19.875,-5.25
qwen3-4b,6,desc,desc,en,es,fácil,"The opposite of ""fácil"" is """,difícil,0,0,26.0,26.125,0.125
qwen3-4b,6,desc,val,en,es,fácil,"The opposite of ""fácil"" is """,difícil,0,0,26.0,25.125,-0.875
qwen3-4b,6,desc,freq,en,es,fácil,"The opposite of ""fácil"" is """,difícil,0,0,26.0,25.375,-0.625
qwen3-4b,6,val,desc,en,es,fácil,"The opposite of ""fácil"" is """,difícil,0,0,26.0,21.125,-4.875
qwen3-4b,6,val,val,en,es,fácil,"The opposite of ""fácil"" is """,difícil,0,0,26.0,21.25,-4.75
qwen3-4b,6,val,freq,en,es,fácil,"The opposite of ""fácil"" is """,difícil,0,1,26.0,19.75,-6.25
qwen3-4b,6,freq,desc,en,es,fácil,"The opposite of ""fácil"" is """,difícil,0,1,26.0,23.75,-2.25
qwen3-4b,6,freq,val,en,es,fácil,"The opposite of ""fácil"" is """,difícil,0,1,26.0,22.5,-3.5
qwen3-4b,6,freq,freq,en,es,fácil,"The opposite of ""fácil"" is """,difícil,0,1,26.0,23.75,-2.25
qwen3-4b,7,desc,desc,en,es,nuevo,"The opposite of ""nuevo"" is """,viejo,0,1,24.875,22.875,-2.0
qwen3-4b,7,desc,val,en,es,nuevo,"The opposite of ""nuevo"" is """,viejo,0,2,24.875,20.75,-4.125
qwen3-4b,7,desc,freq,en,es,nuevo,"The opposite of ""nuevo"" is """,viejo,0,0,24.875,22.625,-2.25
qwen3-4b,7,val,desc,en,es,nuevo,"The opposite of ""nuevo"" is """,viejo,0,0,24.875,23.125,-1.75
qwen3-4b,7,val,val,en,es,nuevo,"The opposite of ""nuevo"" is """,viejo,0,0,24.875,23.125,-1.75
qwen3-4b,7,val,freq,en,es,nuevo,"The opposite of ""nuevo"" is """,viejo,0,0,24.875,22.25,-2.625
qwen3-4b,7,freq,desc,en,es,nuevo,"The opposite of ""nuevo"" is """,viejo,0,3,24.875,20.75,-4.125
qwen3-4b,7,freq,val,en,es,nuevo,"The opposite of ""nuevo"" is """,viejo,0,5,24.875,18.375,-6.5
qwen3-4b,7,freq,freq,en,es,nuevo,"The opposite of ""nuevo"" is """,viejo,0,3,24.875,20.75,-4.125
qwen3-4b,8,desc,desc,en,es,verdadero,"The opposite of ""verdadero"" is """,falso,0,0,26.875,27.25,0.375
qwen3-4b,8,desc,val,en,es,verdadero,"The opposite of ""verdadero"" is """,falso,0,0,26.875,24.5,-2.375
qwen3-4b,8,desc,freq,en,es,verdadero,"The opposite of ""verdadero"" is """,falso,0,0,26.875,27.5,0.625
qwen3-4b,8,val,desc,en,es,verdadero,"The opposite of ""verdadero"" is """,falso,0,0,26.875,22.625,-4.25
qwen3-4b,8,val,val,en,es,verdadero,"The opposite of ""verdadero"" is """,falso,0,0,26.875,22.5,-4.375
qwen3-4b,8,val,freq,en,es,verdadero,"The opposite of ""verdadero"" is """,falso,0,0,26.875,22.25,-4.625
qwen3-4b,8,freq,desc,en,es,verdadero,"The opposite of ""verdadero"" is """,falso,0,0,26.875,27.5,0.625
qwen3-4b,8,freq,val,en,es,verdadero,"The opposite of ""verdadero"" is """,falso,0,0,26.875,24.75,-2.125
qwen3-4b,8,freq,freq,en,es,verdadero,"The opposite of ""verdadero"" is """,falso,0,0,26.875,27.5,0.625
qwen3-4b,9,desc,desc,en,es,vivo,"The opposite of ""vivo"" is """,muerto,2,9,16.5,14.5625,-1.9375
qwen3-4b,9,desc,val,en,es,vivo,"The opposite of ""vivo"" is """,muerto,2,1,16.5,19.125,2.625
qwen3-4b,9,desc,freq,en,es,vivo,"The opposite of ""vivo"" is """,muerto,2,0,16.5,18.625,2.125
qwen3-4b,9,val,desc,en,es,vivo,"The opposite of ""vivo"" is """,muerto,2,0,16.5,19.625,3.125
qwen3-4b,9,val,val,en,es,vivo,"The opposite of ""vivo"" is """,muerto,2,1,16.5,17.75,1.25
qwen3-4b,9,val,freq,en,es,vivo,"The opposite of ""vivo"" is """,muerto,2,0,16.5,21.0,4.5
qwen3-4b,9,freq,desc,en,es,vivo,"The opposite of ""vivo"" is """,muerto,2,16,16.5,13.3125,-3.1875
qwen3-4b,9,freq,val,en,es,vivo,"The opposite of ""vivo"" is """,muerto,2,14,16.5,15.6875,-0.8125
qwen3-4b,9,freq,freq,en,es,vivo,"The opposite of ""vivo"" is """,muerto,2,16,16.5,13.3125,-3.1875
qwen3-4b,10,desc,desc,en,es,lleno,"The opposite of ""lleno"" is """,vacío,1,1,21.125,19.375,-1.75
qwen3-4b,10,desc,val,en,es,lleno,"The opposite of ""lleno"" is """,vacío,1,1,21.125,19.375,-1.75
qwen3-4b,10,desc,freq,en,es,lleno,"The opposite of ""lleno"" is """,vacío,1,1,21.125,20.375,-0.75
qwen3-4b,10,val,desc,en,es,lleno,"The opposite of ""lleno"" is """,vacío,1,1,21.125,16.5,-4.625
qwen3-4b,10,val,val,en,es,lleno,"The opposite of ""lleno"" is """,vacío,1,1,21.125,16.625,-4.5
qwen3-4b,10,val,freq,en,es,lleno,"The opposite of ""lleno"" is """,vacío,1,1,21.125,17.25,-3.875
qwen3-4b,10,freq,desc,en,es,lleno,"The opposite of ""lleno"" is """,vacío,1,4,21.125,18.125,-3.0
qwen3-4b,10,freq,val,en,es,lleno,"The opposite of ""lleno"" is """,vacío,1,2,21.125,18.25,-2.875
qwen3-4b,10,freq,freq,en,es,lleno,"The opposite of ""lleno"" is """,vacío,1,4,21.125,18.125,-3.0
qwen3-4b,11,desc,desc,en,es,brillante,"The opposite of ""brillante"" is """,oscuro,3,9,16.5,14.0,-2.5
qwen3-4b,11,desc,val,en,es,brillante,"The opposite of ""brillante"" is """,oscuro,3,8,16.5,16.375,-0.125
qwen3-4b,11,desc,freq,en,es,brillante,"The opposite of ""brillante"" is """,oscuro,3,1,16.5,17.25,0.75
qwen3-4b,11,val,desc,en,es,brillante,"The opposite of ""brillante"" is """,oscuro,3,0,16.5,17.875,1.375
qwen3-4b,11,val,val,en,es,brillante,"The opposite of ""brillante"" is """,oscuro,3,2,16.5,16.25,-0.25
qwen3-4b,11,val,freq,en,es,brillante,"The opposite of ""brillante"" is """,oscuro,3,0,16.5,19.0,2.5
qwen3-4b,11,freq,desc,en,es,brillante,"The opposite of ""brillante"" is """,oscuro,3,10,16.5,11.8125,-4.6875
qwen3-4b,11,freq,val,en,es,brillante,"The opposite of ""brillante"" is """,oscuro,3,10,16.5,13.5625,-2.9375
qwen3-4b,11,freq,freq,en,es,brillante,"The opposite of ""brillante"" is """,oscuro,3,10,16.5,11.8125,-4.6875
qwen3-4b,12,desc,desc,en,es,fuerte,"The opposite of ""fuerte"" is """,débil,0,0,25.25,21.0,-4.25
qwen3-4b,12,desc,val,en,es,fuerte,"The opposite of ""fuerte"" is """,débil,0,0,25.25,19.375,-5.875
qwen3-4b,12,desc,freq,en,es,fuerte,"The opposite of ""fuerte"" is """,débil,0,0,25.25,19.125,-6.125
qwen3-4b,12,val,desc,en,es,fuerte,"The opposite of ""fuerte"" is """,débil,0,0,25.25,20.875,-4.375
qwen3-4b,12,val,val,en,es,fuerte,"The opposite of ""fuerte"" is """,débil,0,0,25.25,21.25,-4.0
qwen3-4b,12,val,freq,en,es,fuerte,"The opposite of ""fuerte"" is """,débil,0,0,25.25,18.875,-6.375
qwen3-4b,12,freq,desc,en,es,fuerte,"The opposite of ""fuerte"" is """,débil,0,8,25.25,15.0625,-10.1875
qwen3-4b,12,freq,val,en,es,fuerte,"The opposite of ""fuerte"" is """,débil,0,11,25.25,14.875,-10.375
qwen3-4b,12,freq,freq,en,es,fuerte,"The opposite of ""fuerte"" is """,débil,0,7,25.25,15.0625,-10.1875
qwen3-4b,13,desc,desc,en,es,limpio,"The opposite of ""limpio"" is """,sucio,0,0,18.875,18.625,-0.25
qwen3-4b,13,desc,val,en,es,limpio,"The opposite of ""limpio"" is """,sucio,0,0,18.875,19.25,0.375
qwen3-4b,13,desc,freq,en,es,limpio,"The opposite of ""limpio"" is """,sucio,0,1,18.875,19.25,0.375
qwen3-4b,13,val,desc,en,es,limpio,"The opposite of ""limpio"" is """,sucio,0,3,18.875,15.0,-3.875
qwen3-4b,13,val,val,en,es,limpio,"The opposite of ""limpio"" is """,sucio,0,3,18.875,15.0,-3.875
qwen3-4b,13,val,freq,en,es,limpio,"The opposite of ""limpio"" is """,sucio,0,4,18.875,15.375,-3.5
qwen3-4b,13,freq,desc,en,es,limpio,"The opposite of ""limpio"" is """,sucio,0,2,18.875,17.375,-1.5
qwen3-4b,13,freq,val,en,es,limpio,"The opposite of ""limpio"" is """,sucio,0,4,18.875,18.125,-0.75
qwen3-4b,13,freq,freq,en,es,limpio,"The opposite of ""limpio"" is """,sucio,0,2,18.875,17.375,-1.5
qwen3-4b,14,desc,desc,en,es,abierto,"The opposite of ""abierto"" is """,cerrado,0,0,25.125,26.0,0.875
qwen3-4b,14,desc,val,en,es,abierto,"The opposite of ""abierto"" is """,cerrado,0,0,25.125,23.5,-1.625
qwen3-4b,14,desc,freq,en,es,abierto,"The opposite of ""abierto"" is """,cerrado,0,0,25.125,24.375,-0.75
qwen3-4b,14,val,desc,en,es,abierto,"The opposite of ""abierto"" is """,cerrado,0,0,25.125,22.75,-2.375
qwen3-4b,14,val,val,en,es,abierto,"The opposite of ""abierto"" is """,cerrado,0,0,25.125,22.75,-2.375
qwen3-4b,14,val,freq,en,es,abierto,"The opposite of ""abierto"" is """,cerrado,0,0,25.125,21.25,-3.875
qwen3-4b,14,freq,desc,en,es,abierto,"The opposite of ""abierto"" is """,cerrado,0,0,25.125,23.75,-1.375
qwen3-4b,14,freq,val,en,es,abierto,"The opposite of ""abierto"" is """,cerrado,0,1,25.125,21.125,-4.0
qwen3-4b,14,freq,freq,en,es,abierto,"The opposite of ""abierto"" is """,cerrado,0,0,25.125,23.75,-1.375
qwen3-4b,15,desc,desc,en,es,rico,"The opposite of ""rico"" is """,pobre,0,0,25.5,25.125,-0.375
qwen3-4b,15,desc,val,en,es,rico,"The opposite of ""rico"" is """,pobre,0,0,25.5,24.25,-1.25
qwen3-4b,15,desc,freq,en,es,rico,"The opposite of ""rico"" is """,pobre,0,0,25.5,25.125,-0.375
qwen3-4b,15,val,desc,en,es,rico,"The opposite of ""rico"" is """,pobre,0,0,25.5,23.0,-2.5
qwen3-4b,15,val,val,en,es,rico,"The opposite of ""rico"" is """,pobre,0,0,25.5,23.0,-2.5
qwen3-4b,15,val,freq,en,es,rico,"The opposite of ""rico"" is """,pobre,0,0,25.5,23.125,-2.375
qwen3-4b,15,freq,desc,en,es,rico,"The opposite of ""rico"" is """,pobre,0,0,25.5,24.125,-1.375
qwen3-4b,15,freq,val,en,es,rico,"The opposite of ""rico"" is """,pobre,0,0,25.5,23.75,-1.75
qwen3-4b,15,freq,freq,en,es,rico,"The opposite of ""rico"" is """,pobre,0,0,25.5,24.125,-1.375
qwen3-4b,16,desc,desc,en,es,hermoso,"The opposite of ""hermoso"" is """,feo,0,0,23.875,23.75,-0.125
qwen3-4b,16,desc,val,en,es,hermoso,"The opposite of ""hermoso"" is """,feo,0,0,23.875,20.75,-3.125
qwen3-4b,16,desc,freq,en,es,hermoso,"The opposite of ""hermoso"" is """,feo,0,0,23.875,22.625,-1.25
qwen3-4b,16,val,desc,en,es,hermoso,"The opposite of ""hermoso"" is """,feo,0,0,23.875,21.125,-2.75
qwen3-4b,16,val,val,en,es,hermoso,"The opposite of ""hermoso"" is """,feo,0,1,23.875,20.5,-3.375
qwen3-4b,16,val,freq,en,es,hermoso,"The opposite of ""hermoso"" is """,feo,0,0,23.875,21.125,-2.75
qwen3-4b,16,freq,desc,en,es,hermoso,"The opposite of ""hermoso"" is """,feo,0,14,23.875,15.375,-8.5
qwen3-4b,16,freq,val,en,es,hermoso,"The opposite of ""hermoso"" is """,feo,0,53,23.875,14.0,-9.875
qwen3-4b,16,freq,freq,en,es,hermoso,"The opposite of ""hermoso"" is """,feo,0,14,23.875,15.375,-8.5
qwen3-4b,17,desc,desc,en,es,largo,"The opposite of ""largo"" is """,corto,2,2,16.5,16.625,0.125
qwen3-4b,17,desc,val,en,es,largo,"The opposite of ""largo"" is """,corto,2,4,16.5,15.375,-1.125
qwen3-4b,17,desc,freq,en,es,largo,"The opposite of ""largo"" is """,corto,2,10,16.5,13.4375,-3.0625
qwen3-4b,17,val,desc,en,es,largo,"The opposite of ""largo"" is """,corto,2,1,16.5,14.0,-2.5
qwen3-4b,17,val,val,en,es,largo,"The opposite of ""largo"" is """,corto,2,1,16.5,15.125,-1.375
qwen3-4b,17,val,freq,en,es,largo,"The opposite of ""largo"" is """,corto,2,5,16.5,13.0625,-3.4375
qwen3-4b,17,freq,desc,en,es,largo,"The opposite of ""largo"" is """,corto,2,3,16.5,15.875,-0.625
qwen3-4b,17,freq,val,en,es,largo,"The opposite of ""largo"" is """,corto,2,2,16.5,16.875,0.375
qwen3-4b,17,freq,freq,en,es,largo,"The opposite of ""largo"" is """,corto,2,3,16.5,15.875,-0.625
qwen3-4b,18,desc,desc,en,es,ancho,"The opposite of ""ancho"" is """,estrecho,2041,2803,5.96875,5.375,-0.59375
qwen3-4b,18,desc,val,en,es,ancho,"The opposite of ""ancho"" is """,estrecho,2041,3138,5.96875,7.6875,1.71875
qwen3-4b,18,desc,freq,en,es,ancho,"The opposite of ""ancho"" is """,estrecho,2041,2491,5.96875,5.5625,-0.40625
qwen3-4b,18,val,desc,en,es,ancho,"The opposite of ""ancho"" is """,estrecho,2041,1332,5.96875,5.28125,-0.6875
qwen3-4b,18,val,val,en,es,ancho,"The opposite of ""ancho"" is """,estrecho,2041,1465,5.96875,5.0,-0.96875
qwen3-4b,18,val,freq,en,es,ancho,"The opposite of ""ancho"" is """,estrecho,2041,1451,5.96875,5.9375,-0.03125
qwen3-4b,18,freq,desc,en,es,ancho,"The opposite of ""ancho"" is """,estrecho,2041,3128,5.96875,5.25,-0.71875
qwen3-4b,18,freq,val,en,es,ancho,"The opposite of ""ancho"" is """,estrecho,2041,3990,5.96875,7.5,1.53125
qwen3-4b,18,freq,freq,en,es,ancho,"The opposite of ""ancho"" is """,estrecho,2041,3128,5.96875,5.25,-0.71875
qwen3-4b,19,desc,desc,en,es,duro,"The opposite of ""duro"" is """,suave,0,5,19.375,17.875,-1.5
qwen3-4b,19,desc,val,en,es,duro,"The opposite of ""duro"" is """,suave,0,5,19.375,18.75,-0.625
qwen3-4b,19,desc,freq,en,es,duro,"The opposite of ""duro"" is """,suave,0,4,19.375,18.625,-0.75
qwen3-4b,19,val,desc,en,es,duro,"The opposite of ""duro"" is """,suave,0,2,19.375,19.0,-0.375
qwen3-4b,19,val,val,en,es,duro,"The opposite of ""duro"" is """,suave,0,3,19.375,18.625,-0.75
qwen3-4b,19,val,freq,en,es,duro,"The opposite of ""duro"" is """,suave,0,3,19.375,18.75,-0.625
qwen3-4b,19,freq,desc,en,es,duro,"The opposite of ""duro"" is """,suave,0,12,19.375,15.875,-3.5
qwen3-4b,19,freq,val,en,es,duro,"The opposite of ""duro"" is """,suave,0,15,19.375,16.5,-2.875
qwen3-4b,19,freq,freq,en,es,duro,"The opposite of ""duro"" is """,suave,0,12,19.375,15.875,-3.5
qwen3-4b,20,desc,desc,en,es,seco,"The opposite of ""seco"" is """,mojado,1,0,17.625,19.125,1.5
qwen3-4b,20,desc,val,en,es,seco,"The opposite of ""seco"" is """,mojado,1,3,17.625,18.875,1.25
qwen3-4b,20,desc,freq,en,es,seco,"The opposite of ""seco"" is """,mojado,1,0,17.625,18.75,1.125
qwen3-4b,20,val,desc,en,es,seco,"The opposite of ""seco"" is """,mojado,1,0,17.625,20.125,2.5
qwen3-4b,20,val,val,en,es,seco,"The opposite of ""seco"" is """,mojado,1,0,17.625,20.5,2.875
qwen3-4b,20,val,freq,en,es,seco,"The opposite of ""seco"" is """,mojado,1,0,17.625,20.75,3.125
qwen3-4b,20,freq,desc,en,es,seco,"The opposite of ""seco"" is """,mojado,1,0,17.625,20.375,2.75
qwen3-4b,20,freq,val,en,es,seco,"The opposite of ""seco"" is """,mojado,1,1,17.625,20.375,2.75
qwen3-4b,20,freq,freq,en,es,seco,"The opposite of ""seco"" is """,mojado,1,0,17.625,20.375,2.75
qwen3-4b,21,desc,desc,en,es,ruidoso,"The opposite of ""ruidoso"" is """,silencioso,0,0,21.75,22.125,0.375
qwen3-4b,21,desc,val,en,es,ruidoso,"The opposite of ""ruidoso"" is """,silencioso,0,0,21.75,21.0,-0.75
qwen3-4b,21,desc,freq,en,es,ruidoso,"The opposite of ""ruidoso"" is """,silencioso,0,0,21.75,21.625,-0.125
qwen3-4b,21,val,desc,en,es,ruidoso,"The opposite of ""ruidoso"" is """,silencioso,0,1,21.75,17.25,-4.5
qwen3-4b,21,val,val,en,es,ruidoso,"The opposite of ""ruidoso"" is """,silencioso,0,0,21.75,17.625,-4.125
qwen3-4b,21,val,freq,en,es,ruidoso,"The opposite of ""ruidoso"" is """,silencioso,0,2,21.75,16.875,-4.875
qwen3-4b,21,freq,desc,en,es,ruidoso,"The opposite of ""ruidoso"" is """,silencioso,0,0,21.75,21.25,-0.5
qwen3-4b,21,freq,val,en,es,ruidoso,"The opposite of ""ruidoso"" is """,silencioso,0,0,21.75,20.375,-1.375
qwen3-4b,21,freq,freq,en,es,ruidoso,"The opposite of ""ruidoso"" is """,silencioso,0,0,21.75,21.25,-0.5
qwen3-4b,22,desc,desc,en,es,temprano,"The opposite of ""temprano"" is """,tarde,0,1,26.75,26.5,-0.25
qwen3-4b,22,desc,val,en,es,temprano,"The opposite of ""temprano"" is """,tarde,0,1,26.75,23.625,-3.125
qwen3-4b,22,desc,freq,en,es,temprano,"The opposite of ""temprano"" is """,tarde,0,1,26.75,25.125,-1.625
qwen3-4b,22,val,desc,en,es,temprano,"The opposite of ""temprano"" is """,tarde,0,0,26.75,22.375,-4.375
qwen3-4b,22,val,val,en,es,temprano,"The opposite of ""temprano"" is """,tarde,0,0,26.75,22.375,-4.375
qwen3-4b,22,val,freq,en,es,temprano,"The opposite of ""temprano"" is """,tarde,0,1,26.75,21.5,-5.25
qwen3-4b,22,freq,desc,en,es,temprano,"The opposite of ""temprano"" is """,tarde,0,1,26.75,23.125,-3.625
qwen3-4b,22,freq,val,en,es,temprano,"The opposite of ""temprano"" is """,tarde,0,1,26.75,20.875,-5.875
qwen3-4b,22,freq,freq,en,es,temprano,"The opposite of ""temprano"" is """,tarde,0,1,26.75,23.125,-3.625
qwen3-4b,23,desc,desc,en,es,cerca,"The opposite of ""cerca"" is """,lejos,0,1,27.125,20.625,-6.5
qwen3-4b,23,desc,val,en,es,cerca,"The opposite of ""cerca"" is """,lejos,0,1,27.125,22.375,-4.75
qwen3-4b,23,desc,freq,en,es,cerca,"The opposite of ""cerca"" is """,lejos,0,0,27.125,25.625,-1.5
qwen3-4b,23,val,desc,en,es,cerca,"The opposite of ""cerca"" is """,lejos,0,0,27.125,25.25,-1.875
qwen3-4b,23,val,val,en,es,cerca,"The opposite of ""cerca"" is """,lejos,0,1,27.125,19.875,-7.25
qwen3-4b,23,val,freq,en,es,cerca,"The opposite of ""cerca"" is """,lejos,0,0,27.125,24.875,-2.25
qwen3-4b,23,freq,desc,en,es,cerca,"The opposite of ""cerca"" is """,lejos,0,6,27.125,16.0,-11.125
qwen3-4b,23,freq,val,en,es,cerca,"The opposite of ""cerca"" is """,lejos,0,9,27.125,16.125,-11.0
qwen3-4b,23,freq,freq,en,es,cerca,"The opposite of ""cerca"" is """,lejos,0,6,27.125,16.0,-11.125
qwen3-4b,24,desc,desc,en,es,profundo,"The opposite of ""profundo"" is """,superficial,0,0,22.875,24.375,1.5
qwen3-4b,24,desc,val,en,es,profundo,"The opposite of ""profundo"" is """,superficial,0,0,22.875,24.0,1.125
qwen3-4b,24,desc,freq,en,es,profundo,"The opposite of ""profundo"" is """,superficial,0,0,22.875,24.5,1.625
qwen3-4b,24,val,desc,en,es,profundo,"The opposite of ""profundo"" is """,superficial,0,0,22.875,21.0,-1.875
qwen3-4b,24,val,val,en,es,profundo,"The opposite of ""profundo"" is """,superficial,0,0,22.875,20.625,-2.25
qwen3-4b,24,val,freq,en,es,profundo,"The opposite of ""profundo"" is """,superficial,0,0,22.875,21.5,-1.375
qwen3-4b,24,freq,desc,en,es,profundo,"The opposite of ""profundo"" is """,superficial,0,0,22.875,24.5,1.625
qwen3-4b,24,freq,val,en,es,profundo,"The opposite of ""profundo"" is """,superficial,0,0,22.875,24.0,1.125
qwen3-4b,24,freq,freq,en,es,profundo,"The opposite of ""profundo"" is """,superficial,0,0,22.875,24.5,1.625
qwen3-4b,25,desc,desc,en,es,malo,"The opposite of ""malo"" is """,bueno,0,0,25.0,25.0,0.0
qwen3-4b,25,desc,val,en,es,malo,"The opposite of ""malo"" is """,bueno,0,0,25.0,26.0,1.0
qwen3-4b,25,desc,freq,en,es,malo,"The opposite of ""malo"" is """,bueno,0,0,25.0,25.125,0.125
qwen3-4b,25,val,desc,en,es,malo,"The opposite of ""malo"" is """,bueno,0,0,25.0,25.0,0.0
qwen3-4b,25,val,val,en,es,malo,"The opposite of ""malo"" is """,bueno,0,0,25.0,24.875,-0.125
qwen3-4b,25,val,freq,en,es,malo,"The opposite of ""malo"" is """,bueno,0,0,25.0,24.75,-0.25
qwen3-4b,25,freq,desc,en,es,malo,"The opposite of ""malo"" is """,bueno,0,0,25.0,25.125,0.125
qwen3-4b,25,freq,val,en,es,malo,"The opposite of ""malo"" is """,bueno,0,0,25.0,25.5,0.5
qwen3-4b,25,freq,freq,en,es,malo,"The opposite of ""malo"" is """,bueno,0,0,25.0,25.125,0.125
qwen3-4b,26,desc,desc,en,es,triste,"The opposite of ""triste"" is """,alegre,3,5,18.5,15.0625,-3.4375
qwen3-4b,26,desc,val,en,es,triste,"The opposite of ""triste"" is """,alegre,3,2,18.5,18.75,0.25
qwen3-4b,26,desc,freq,en,es,triste,"The opposite of ""triste"" is """,alegre,3,0,18.5,22.875,4.375
qwen3-4b,26,val,desc,en,es,triste,"The opposite of ""triste"" is """,alegre,3,0,18.5,19.875,1.375
qwen3-4b,26,val,val,en,es,triste,"The opposite of ""triste"" is """,alegre,3,5,18.5,16.125,-2.375
qwen3-4b,26,val,freq,en,es,triste,"The opposite of ""triste"" is """,alegre,3,0,18.5,21.0,2.5
qwen3-4b,26,freq,desc,en,es,triste,"The opposite of ""triste"" is """,alegre,3,7,18.5,13.625,-4.875
qwen3-4b,26,freq,val,en,es,triste,"The opposite of ""triste"" is """,alegre,3,6,18.5,14.5,-4.0
qwen3-4b,26,freq,freq,en,es,triste,"The opposite of ""triste"" is """,alegre,3,7,18.5,13.625,-4.875
qwen3-4b,27,desc,desc,en,es,pequeño,"The opposite of ""pequeño"" is """,grande,0,0,25.125,25.75,0.625
qwen3-4b,27,desc,val,en,es,pequeño,"The opposite of ""pequeño"" is """,grande,0,0,25.125,22.875,-2.25
qwen3-4b,27,desc,freq,en,es,pequeño,"The opposite of ""pequeño"" is """,grande,0,0,25.125,23.75,-1.375
qwen3-4b,27,val,desc,en,es,pequeño,"The opposite of ""pequeño"" is """,grande,0,0,25.125,23.5,-1.625
qwen3-4b,27,val,val,en,es,pequeño,"The opposite of ""pequeño"" is """,grande,0,0,25.125,23.625,-1.5
qwen3-4b,27,val,freq,en,es,pequeño,"The opposite of ""pequeño"" is """,grande,0,0,25.125,22.5,-2.625
qwen3-4b,27,freq,desc,en,es,pequeño,"The opposite of ""pequeño"" is """,grande,0,0,25.125,25.0,-0.125
qwen3-4b,27,freq,val,en,es,pequeño,"The opposite of ""pequeño"" is """,grande,0,0,25.125,22.0,-3.125
qwen3-4b,27,freq,freq,en,es,pequeño,"The opposite of ""pequeño"" is """,grande,0,0,25.125,25.0,-0.125
qwen3-4b,28,desc,desc,en,es,frío,"The opposite of ""frío"" is """,caliente,0,0,26.125,25.625,-0.5
qwen3-4b,28,desc,val,en,es,frío,"The opposite of ""frío"" is """,caliente,0,0,26.125,23.5,-2.625
qwen3-4b,28,desc,freq,en,es,frío,"The opposite of ""frío"" is """,caliente,0,0,26.125,25.125,-1.0
qwen3-4b,28,val,desc,en,es,frío,"The opposite of ""frío"" is """,caliente,0,0,26.125,23.25,-2.875
qwen3-4b,28,val,val,en,es,frío,"The opposite of ""frío"" is """,caliente,0,0,26.125,23.25,-2.875
qwen3-4b,28,val,freq,en,es,frío,"The opposite of ""frío"" is """,caliente,0,0,26.125,23.125,-3.0
qwen3-4b,28,freq,desc,en,es,frío,"The opposite of ""frío"" is """,caliente,0,0,26.125,25.625,-0.5
qwen3-4b,28,freq,val,en,es,frío,"The opposite of ""frío"" is """,caliente,0,0,26.125,23.375,-2.75
qwen3-4b,28,freq,freq,en,es,frío,"The opposite of ""frío"" is """,caliente,0,0,26.125,25.625,-0.5
qwen3-4b,29,desc,desc,en,es,lento,"The opposite of ""lento"" is """,veloz,0,0,24.5,24.5,0.0
qwen3-4b,29,desc,val,en,es,lento,"The opposite of ""lento"" is """,veloz,0,0,24.5,22.375,-2.125
qwen3-4b,29,desc,freq,en,es,lento,"The opposite of ""lento"" is """,veloz,0,0,24.5,22.5,-2.0
qwen3-4b,29,val,desc,en,es,lento,"The opposite of ""lento"" is """,veloz,0,0,24.5,22.5,-2.0
qwen3-4b,29,val,val,en,es,lento,"The opposite of ""lento"" is """,veloz,0,0,24.5,22.5,-2.0
qwen3-4b,29,val,freq,en,es,lento,"The opposite of ""lento"" is """,veloz,0,0,24.5,20.875,-3.625
qwen3-4b,29,freq,desc,en,es,lento,"The opposite of ""lento"" is """,veloz,0,0,24.5,24.125,-0.375
qwen3-4b,29,freq,val,en,es,lento,"The opposite of ""lento"" is """,veloz,0,0,24.5,22.375,-2.125
qwen3-4b,29,freq,freq,en,es,lento,"The opposite of ""lento"" is """,veloz,0,0,24.5,24.125,-0.375
qwen3-4b,30,desc,desc,en,es,pesado,"The opposite of ""pesado"" is """,ligero,0,1,22.625,20.75,-1.875
qwen3-4b,30,desc,val,en,es,pesado,"The opposite of ""pesado"" is """,ligero,0,1,22.625,21.125,-1.5
qwen3-4b,30,desc,freq,en,es,pesado,"The opposite of ""pesado"" is """,ligero,0,1,22.625,21.875,-0.75
qwen3-4b,30,val,desc,en,es,pesado,"The opposite of ""pesado"" is """,ligero,0,1,22.625,20.875,-1.75
qwen3-4b,30,val,val,en,es,pesado,"The opposite of ""pesado"" is """,ligero,0,1,22.625,20.75,-1.875
qwen3-4b,30,val,freq,en,es,pesado,"The opposite of ""pesado"" is """,ligero,0,1,22.625,21.5,-1.125
qwen3-4b,30,freq,desc,en,es,pesado,"The opposite of ""pesado"" is """,ligero,0,2,22.625,19.5,-3.125
qwen3-4b,30,freq,val,en,es,pesado,"The opposite of ""pesado"" is """,ligero,0,2,22.625,19.5,-3.125
qwen3-4b,30,freq,freq,en,es,pesado,"The opposite of ""pesado"" is """,ligero,0,2,22.625,19.5,-3.125
qwen3-4b,31,desc,desc,en,es,difícil,"The opposite of ""difícil"" is """,fácil,0,0,26.25,26.125,-0.125
qwen3-4b,31,desc,val,en,es,difícil,"The opposite of ""difícil"" is """,fácil,0,0,26.25,24.75,-1.5
qwen3-4b,31,desc,freq,en,es,difícil,"The opposite of ""difícil"" is """,fácil,0,0,26.25,25.875,-0.375
qwen3-4b,31,val,desc,en,es,difícil,"The opposite of ""difícil"" is """,fácil,0,0,26.25,23.625,-2.625
qwen3-4b,31,val,val,en,es,difícil,"The opposite of ""difícil"" is """,fácil,0,0,26.25,23.625,-2.625
qwen3-4b,31,val,freq,en,es,difícil,"The opposite of ""difícil"" is """,fácil,0,0,26.25,23.625,-2.625
qwen3-4b,31,freq,desc,en,es,difícil,"The opposite of ""difícil"" is """,fácil,0,0,26.25,24.875,-1.375
qwen3-4b,31,freq,val,en,es,difícil,"The opposite of ""difícil"" is """,fácil,0,0,26.25,23.75,-2.5
qwen3-4b,31,freq,freq,en,es,difícil,"The opposite of ""difícil"" is """,fácil,0,0,26.25,24.875,-1.375
qwen3-4b,32,desc,desc,en,es,viejo,"The opposite of ""viejo"" is """,joven,0,0,24.125,25.5,1.375
qwen3-4b,32,desc,val,en,es,viejo,"The opposite of ""viejo"" is """,joven,0,0,24.125,24.375,0.25
qwen3-4b,32,desc,freq,en,es,viejo,"The opposite of ""viejo"" is """,joven,0,0,24.125,26.375,2.25
qwen3-4b,32,val,desc,en,es,viejo,"The opposite of ""viejo"" is """,joven,0,0,24.125,24.0,-0.125
qwen3-4b,32,val,val,en,es,viejo,"The opposite of ""viejo"" is """,joven,0,0,24.125,23.875,-0.25
qwen3-4b,32,val,freq,en,es,viejo,"The opposite of ""viejo"" is """,joven,0,0,24.125,24.25,0.125
qwen3-4b,32,freq,desc,en,es,viejo,"The opposite of ""viejo"" is """,joven,0,0,24.125,25.25,1.125
qwen3-4b,32,freq,val,en,es,viejo,"The opposite of ""viejo"" is """,joven,0,0,24.125,23.5,-0.625
qwen3-4b,32,freq,freq,en,es,viejo,"The opposite of ""viejo"" is """,joven,0,0,24.125,25.25,1.125
qwen3-4b,33,desc,desc,en,es,falso,"The opposite of ""falso"" is """,verdadero,0,0,24.625,24.0,-0.625
qwen3-4b,33,desc,val,en,es,falso,"The opposite of ""falso"" is """,verdadero,0,0,24.625,25.0,0.375
qwen3-4b,33,desc,freq,en,es,falso,"The opposite of ""falso"" is """,verdadero,0,0,24.625,24.625,0.0
qwen3-4b,33,val,desc,en,es,falso,"The opposite of ""falso"" is """,verdadero,0,0,24.625,23.875,-0.75
qwen3-4b,33,val,val,en,es,falso,"The opposite of ""falso"" is """,verdadero,0,0,24.625,23.75,-0.875
qwen3-4b,33,val,freq,en,es,falso,"The opposite of ""falso"" is """,verdadero,0,0,24.625,23.875,-0.75
qwen3-4b,33,freq,desc,en,es,falso,"The opposite of ""falso"" is """,verdadero,0,1,24.625,23.625,-1.0
qwen3-4b,33,freq,val,en,es,falso,"The opposite of ""falso"" is """,verdadero,0,1,24.625,24.75,0.125
qwen3-4b,33,freq,freq,en,es,falso,"The opposite of ""falso"" is """,verdadero,0,1,24.625,23.625,-1.0
qwen3-4b,34,desc,desc,en,es,muerto,"The opposite of ""muerto"" is """,vivo,0,0,27.375,27.25,-0.125
qwen3-4b,34,desc,val,en,es,muerto,"The opposite of ""muerto"" is """,vivo,0,0,27.375,25.875,-1.5
qwen3-4b,34,desc,freq,en,es,muerto,"The opposite of ""muerto"" is """,vivo,0,0,27.375,26.375,-1.0
qwen3-4b,34,val,desc,en,es,muerto,"The opposite of ""muerto"" is """,vivo,0,0,27.375,25.75,-1.625
qwen3-4b,34,val,val,en,es,muerto,"The opposite of ""muerto"" is """,vivo,0,0,27.375,25.75,-1.625
qwen3-4b,34,val,freq,en,es,muerto,"The opposite of ""muerto"" is """,vivo,0,0,27.375,24.625,-2.75
qwen3-4b,34,freq,desc,en,es,muerto,"The opposite of ""muerto"" is """,vivo,0,0,27.375,25.75,-1.625
qwen3-4b,34,freq,val,en,es,muerto,"The opposite of ""muerto"" is """,vivo,0,0,27.375,24.625,-2.75
qwen3-4b,34,freq,freq,en,es,muerto,"The opposite of ""muerto"" is """,vivo,0,0,27.375,25.625,-1.75
qwen3-4b,35,desc,desc,en,es,vacío,"The opposite of ""vacío"" is """,lleno,0,0,22.875,21.375,-1.5
qwen3-4b,35,desc,val,en,es,vacío,"The opposite of ""vacío"" is """,lleno,0,0,22.875,22.0,-0.875
qwen3-4b,35,desc,freq,en,es,vacío,"The opposite of ""vacío"" is """,lleno,0,1,22.875,19.25,-3.625
qwen3-4b,35,val,desc,en,es,vacío,"The opposite of ""vacío"" is """,lleno,0,0,22.875,20.75,-2.125
qwen3-4b,35,val,val,en,es,vacío,"The opposite of ""vacío"" is """,lleno,0,0,22.875,20.75,-2.125
qwen3-4b,35,val,freq,en,es,vacío,"The opposite of ""vacío"" is """,lleno,0,0,22.875,18.5,-4.375
qwen3-4b,35,freq,desc,en,es,vacío,"The opposite of ""vacío"" is """,lleno,0,2,22.875,17.125,-5.75
qwen3-4b,35,freq,val,en,es,vacío,"The opposite of ""vacío"" is """,lleno,0,2,22.875,18.25,-4.625
qwen3-4b,35,freq,freq,en,es,vacío,"The opposite of ""vacío"" is """,lleno,0,2,22.875,17.125,-5.75
qwen3-4b,36,desc,desc,en,es,oscuro,"The opposite of ""oscuro"" is """,claro,0,0,24.75,22.75,-2.0
qwen3-4b,36,desc,val,en,es,oscuro,"The opposite of ""oscuro"" is """,claro,0,0,24.75,23.25,-1.5
qwen3-4b,36,desc,freq,en,es,oscuro,"The opposite of ""oscuro"" is """,claro,0,0,24.75,23.5,-1.25
qwen3-4b,36,val,desc,en,es,oscuro,"The opposite of ""oscuro"" is """,claro,0,0,24.75,22.125,-2.625
qwen3-4b,36,val,val,en,es,oscuro,"The opposite of ""oscuro"" is """,claro,0,0,24.75,21.5,-3.25
qwen3-4b,36,val,freq,en,es,oscuro,"The opposite of ""oscuro"" is """,claro,0,0,24.75,21.375,-3.375
qwen3-4b,36,freq,desc,en,es,oscuro,"The opposite of ""oscuro"" is """,claro,0,1,24.75,21.5,-3.25
qwen3-4b,36,freq,val,en,es,oscuro,"The opposite of ""oscuro"" is """,claro,0,1,24.75,21.5,-3.25
qwen3-4b,36,freq,freq,en,es,oscuro,"The opposite of ""oscuro"" is """,claro,0,1,24.75,21.5,-3.25
qwen3-4b,37,desc,desc,en,es,débil,"The opposite of ""débil"" is """,fuerte,0,0,26.125,22.125,-4.0
qwen3-4b,37,desc,val,en,es,débil,"The opposite of ""débil"" is """,fuerte,0,0,26.125,21.375,-4.75
qwen3-4b,37,desc,freq,en,es,débil,"The opposite of ""débil"" is """,fuerte,0,0,26.125,21.625,-4.5
qwen3-4b,37,val,desc,en,es,débil,"The opposite of ""débil"" is """,fuerte,0,0,26.125,21.75,-4.375
qwen3-4b,37,val,val,en,es,débil,"The opposite of ""débil"" is """,fuerte,0,0,26.125,21.375,-4.75
qwen3-4b,37,val,freq,en,es,débil,"The opposite of ""débil"" is """,fuerte,0,0,26.125,20.125,-6.0
qwen3-4b,37,freq,desc,en,es,débil,"The opposite of ""débil"" is """,fuerte,0,14,26.125,14.75,-11.375
qwen3-4b,37,freq,val,en,es,débil,"The opposite of ""débil"" is """,fuerte,0,13,26.125,15.5625,-10.5625
qwen3-4b,37,freq,freq,en,es,débil,"The opposite of ""débil"" is """,fuerte,0,14,26.125,14.75,-11.375
qwen3-4b,38,desc,desc,en,es,sucio,"The opposite of ""sucio"" is """,limpio,0,0,28.625,25.0,-3.625
qwen3-4b,38,desc,val,en,es,sucio,"The opposite of ""sucio"" is """,limpio,0,0,28.625,25.25,-3.375
qwen3-4b,38,desc,freq,en,es,sucio,"The opposite of ""sucio"" is """,limpio,0,0,28.625,27.125,-1.5
qwen3-4b,38,val,desc,en,es,sucio,"The opposite of ""sucio"" is """,limpio,0,0,28.625,25.5,-3.125
qwen3-4b,38,val,val,en,es,sucio,"The opposite of ""sucio"" is """,limpio,0,0,28.625,24.875,-3.75
qwen3-4b,38,val,freq,en,es,sucio,"The opposite of ""sucio"" is """,limpio,0,0,28.625,25.0,-3.625
qwen3-4b,38,freq,desc,en,es,sucio,"The opposite of ""sucio"" is """,limpio,0,0,28.625,21.25,-7.375
qwen3-4b,38,freq,val,en,es,sucio,"The opposite of ""sucio"" is """,limpio,0,0,28.625,20.75,-7.875
qwen3-4b,38,freq,freq,en,es,sucio,"The opposite of ""sucio"" is """,limpio,0,0,28.625,21.25,-7.375
qwen3-4b,39,desc,desc,en,es,cerrado,"The opposite of ""cerrado"" is """,abierto,2,10,15.6875,12.9375,-2.75
qwen3-4b,39,desc,val,en,es,cerrado,"The opposite of ""cerrado"" is """,abierto,2,8,15.6875,15.5625,-0.125
qwen3-4b,39,desc,freq,en,es,cerrado,"The opposite of ""cerrado"" is """,abierto,2,2,15.6875,14.75,-0.9375
qwen3-4b,39,val,desc,en,es,cerrado,"The opposite of ""cerrado"" is """,abierto,2,2,15.6875,16.5,0.8125
qwen3-4b,39,val,val,en,es,cerrado,"The opposite of ""cerrado"" is """,abierto,2,2,15.6875,15.6875,0.0
qwen3-4b,39,val,freq,en,es,cerrado,"The opposite of ""cerrado"" is """,abierto,2,2,15.6875,16.625,0.9375
qwen3-4b,39,freq,desc,en,es,cerrado,"The opposite of ""cerrado"" is """,abierto,2,28,15.6875,11.5625,-4.125
qwen3-4b,39,freq,val,en,es,cerrado,"The opposite of ""cerrado"" is """,abierto,2,32,15.6875,13.875,-1.8125
qwen3-4b,39,freq,freq,en,es,cerrado,"The opposite of ""cerrado"" is """,abierto,2,28,15.6875,11.5625,-4.125
qwen3-4b,40,desc,desc,en,es,pobre,"The opposite of ""pobre"" is """,rico,0,0,25.375,26.125,0.75
qwen3-4b,40,desc,val,en,es,pobre,"The opposite of ""pobre"" is """,rico,0,0,25.375,25.25,-0.125
qwen3-4b,40,desc,freq,en,es,pobre,"The opposite of ""pobre"" is """,rico,0,0,25.375,26.125,0.75
qwen3-4b,40,val,desc,en,es,pobre,"The opposite of ""pobre"" is """,rico,0,0,25.375,21.0,-4.375
qwen3-4b,40,val,val,en,es,pobre,"The opposite of ""pobre"" is """,rico,0,0,25.375,22.375,-3.0
qwen3-4b,40,val,freq,en,es,pobre,"The opposite of ""pobre"" is """,rico,0,0,25.375,20.5,-4.875
qwen3-4b,40,freq,desc,en,es,pobre,"The opposite of ""pobre"" is """,rico,0,0,25.375,24.875,-0.5
qwen3-4b,40,freq,val,en,es,pobre,"The opposite of ""pobre"" is """,rico,0,1,25.375,23.5,-1.875
qwen3-4b,40,freq,freq,en,es,pobre,"The opposite of ""pobre"" is """,rico,0,0,25.375,24.875,-0.5
qwen3-4b,41,desc,desc,en,es,feo,"The opposite of ""feo"" is """,bonito,0,0,24.0,22.375,-1.625
qwen3-4b,41,desc,val,en,es,feo,"The opposite of ""feo"" is """,bonito,0,0,24.0,20.875,-3.125
qwen3-4b,41,desc,freq,en,es,feo,"The opposite of ""feo"" is """,bonito,0,0,24.0,21.5,-2.5
qwen3-4b,41,val,desc,en,es,feo,"The opposite of ""feo"" is """,bonito,0,0,24.0,21.125,-2.875
qwen3-4b,41,val,val,en,es,feo,"The opposite of ""feo"" is """,bonito,0,0,24.0,21.125,-2.875
qwen3-4b,41,val,freq,en,es,feo,"The opposite of ""feo"" is """,bonito,0,0,24.0,20.25,-3.75
qwen3-4b,41,freq,desc,en,es,feo,"The opposite of ""feo"" is """,bonito,0,1,24.0,19.375,-4.625
qwen3-4b,41,freq,val,en,es,feo,"The opposite of ""feo"" is """,bonito,0,3,24.0,18.875,-5.125
qwen3-4b,41,freq,freq,en,es,feo,"The opposite of ""feo"" is """,bonito,0,1,24.0,19.375,-4.625
qwen3-4b,42,desc,desc,en,es,corto,"The opposite of ""corto"" is """,largo,0,0,23.375,22.25,-1.125
qwen3-4b,42,desc,val,en,es,corto,"The opposite of ""corto"" is """,largo,0,0,23.375,21.375,-2.0
qwen3-4b,42,desc,freq,en,es,corto,"The opposite of ""corto"" is """,largo,0,1,23.375,20.75,-2.625
qwen3-4b,42,val,desc,en,es,corto,"The opposite of ""corto"" is """,largo,0,0,23.375,20.0,-3.375
qwen3-4b,42,val,val,en,es,corto,"The opposite of ""corto"" is """,largo,0,0,23.375,19.375,-4.0
qwen3-4b,42,val,freq,en,es,corto,"The opposite of ""corto"" is """,largo,0,1,23.375,19.0,-4.375
qwen3-4b,42,freq,desc,en,es,corto,"The opposite of ""corto"" is """,largo,0,2,23.375,19.625,-3.75
qwen3-4b,42,freq,val,en,es,corto,"The opposite of ""corto"" is """,largo,0,2,23.375,19.875,-3.5
qwen3-4b,42,freq,freq,en,es,corto,"The opposite of ""corto"" is """,largo,0,2,23.375,19.625,-3.75
qwen3-4b,43,desc,desc,en,es,estrecho,"The opposite of ""estrecho"" is """,ancho,1,6,18.375,16.625,-1.75
qwen3-4b,43,desc,val,en,es,estrecho,"The opposite of ""estrecho"" is """,ancho,1,7,18.375,16.625,-1.75
qwen3-4b,43,desc,freq,en,es,estrecho,"The opposite of ""estrecho"" is """,ancho,1,14,18.375,16.125,-2.25
qwen3-4b,43,val,desc,en,es,estrecho,"The opposite of ""estrecho"" is """,ancho,1,5,18.375,13.75,-4.625
qwen3-4b,43,val,val,en,es,estrecho,"The opposite of ""estrecho"" is """,ancho,1,5,18.375,13.4375,-4.9375
qwen3-4b,43,val,freq,en,es,estrecho,"The opposite of ""estrecho"" is """,ancho,1,12,18.375,13.125,-5.25
qwen3-4b,43,freq,desc,en,es,estrecho,"The opposite of ""estrecho"" is """,ancho,1,62,18.375,12.4375,-5.9375
qwen3-4b,43,freq,val,en,es,estrecho,"The opposite of ""estrecho"" is """,ancho,1,57,18.375,12.875,-5.5
qwen3-4b,43,freq,freq,en,es,estrecho,"The opposite of ""estrecho"" is """,ancho,1,61,18.375,12.4375,-5.9375
qwen3-4b,44,desc,desc,en,es,suave,"The opposite of ""suave"" is """,duro,326,326,11.125,11.125,0.0
qwen3-4b,44,desc,val,en,es,suave,"The opposite of ""suave"" is """,duro,326,201,11.125,11.25,0.125
qwen3-4b,44,desc,freq,en,es,suave,"The opposite of ""suave"" is """,duro,326,81,11.125,13.3125,2.1875
qwen3-4b,44,val,desc,en,es,suave,"The opposite of ""suave"" is """,duro,326,273,11.125,7.9375,-3.1875
qwen3-4b,44,val,val,en,es,suave,"The opposite of ""suave"" is """,duro,326,264,11.125,7.8125,-3.3125
qwen3-4b,44,val,freq,en,es,suave,"The opposite of ""suave"" is """,duro,326,72,11.125,10.625,-0.5
qwen3-4b,44,freq,desc,en,es,suave,"The opposite of ""suave"" is """,duro,326,326,11.125,11.125,0.0
qwen3-4b,44,freq,val,en,es,suave,"The opposite of ""suave"" is """,duro,326,236,11.125,11.3125,0.1875
qwen3-4b,44,freq,freq,en,es,suave,"The opposite of ""suave"" is """,duro,326,326,11.125,11.125,0.0
qwen3-4b,45,desc,desc,en,es,mojado,"The opposite of ""mojado"" is """,seco,0,0,21.5,20.625,-0.875
qwen3-4b,45,desc,val,en,es,mojado,"The opposite of ""mojado"" is """,seco,0,0,21.5,20.5,-1.0
qwen3-4b,45,desc,freq,en,es,mojado,"The opposite of ""mojado"" is """,seco,0,0,21.5,21.0,-0.5
qwen3-4b,45,val,desc,en,es,mojado,"The opposite of ""mojado"" is """,seco,0,0,21.5,16.875,-4.625
qwen3-4b,45,val,val,en,es,mojado,"The opposite of ""mojado"" is """,seco,0,0,21.5,16.75,-4.75
qwen3-4b,45,val,freq,en,es,mojado,"The opposite of ""mojado"" is """,seco,0,1,21.5,17.125,-4.375
qwen3-4b,45,freq,desc,en,es,mojado,"The opposite of ""mojado"" is """,seco,0,2,21.5,18.125,-3.375
qwen3-4b,45,freq,val,en,es,mojado,"The opposite of ""mojado"" is """,seco,0,2,21.5,17.75,-3.75
qwen3-4b,45,freq,freq,en,es,mojado,"The opposite of ""mojado"" is """,seco,0,2,21.5,18.125,-3.375
qwen3-4b,46,desc,desc,en,es,tranquilo,"The opposite of ""tranquilo"" is """,ruidoso,8,4,16.125,18.625,2.5
qwen3-4b,46,desc,val,en,es,tranquilo,"The opposite of ""tranquilo"" is """,ruidoso,8,4,16.125,17.875,1.75
qwen3-4b,46,desc,freq,en,es,tranquilo,"The opposite of ""tranquilo"" is """,ruidoso,8,8,16.125,17.125,1.0
qwen3-4b,46,val,desc,en,es,tranquilo,"The opposite of ""tranquilo"" is """,ruidoso,8,15,16.125,12.75,-3.375
qwen3-4b,46,val,val,en,es,tranquilo,"The opposite of ""tranquilo"" is """,ruidoso,8,13,16.125,13.0,-3.125
qwen3-4b,46,val,freq,en,es,tranquilo,"The opposite of ""tranquilo"" is """,ruidoso,8,21,16.125,13.1875,-2.9375
qwen3-4b,46,freq,desc,en,es,tranquilo,"The opposite of ""tranquilo"" is """,ruidoso,8,5,16.125,18.0,1.875
qwen3-4b,46,freq,val,en,es,tranquilo,"The opposite of ""tranquilo"" is """,ruidoso,8,5,16.125,18.125,2.0
qwen3-4b,46,freq,freq,en,es,tranquilo,"The opposite of ""tranquilo"" is """,ruidoso,8,5,16.125,18.0,1.875
qwen3-4b,47,desc,desc,en,es,tarde,"The opposite of ""tarde"" is """,temprano,0,0,25.25,22.625,-2.625
qwen3-4b,47,desc,val,en,es,tarde,"The opposite of ""tarde"" is """,temprano,0,0,25.25,20.75,-4.5
qwen3-4b,47,desc,freq,en,es,tarde,"The opposite of ""tarde"" is """,temprano,0,1,25.25,22.0,-3.25
qwen3-4b,47,val,desc,en,es,tarde,"The opposite of ""tarde"" is """,temprano,0,0,25.25,22.375,-2.875
qwen3-4b,47,val,val,en,es,tarde,"The opposite of ""tarde"" is """,temprano,0,0,25.25,22.25,-3.0
qwen3-4b,47,val,freq,en,es,tarde,"The opposite of ""tarde"" is """,temprano,0,0,25.25,20.625,-4.625
qwen3-4b,47,freq,desc,en,es,tarde,"The opposite of ""tarde"" is """,temprano,0,3,25.25,18.75,-6.5
qwen3-4b,47,freq,val,en,es,tarde,"The opposite of ""tarde"" is """,temprano,0,4,25.25,17.5,-7.75
qwen3-4b,47,freq,freq,en,es,tarde,"The opposite of ""tarde"" is """,temprano,0,3,25.25,18.75,-6.5
qwen3-4b,48,desc,desc,en,es,lejos,"The opposite of ""lejos"" is """,cerca,0,0,28.25,25.875,-2.375
qwen3-4b,48,desc,val,en,es,lejos,"The opposite of ""lejos"" is """,cerca,0,0,28.25,23.125,-5.125
qwen3-4b,48,desc,freq,en,es,lejos,"The opposite of ""lejos"" is """,cerca,0,1,28.25,24.125,-4.125
qwen3-4b,48,val,desc,en,es,lejos,"The opposite of ""lejos"" is """,cerca,0,0,28.25,23.625,-4.625
qwen3-4b,48,val,val,en,es,lejos,"The opposite of ""lejos"" is """,cerca,0,0,28.25,23.625,-4.625
qwen3-4b,48,val,freq,en,es,lejos,"The opposite of ""lejos"" is """,cerca,0,1,28.25,21.75,-6.5
qwen3-4b,48,freq,desc,en,es,lejos,"The opposite of ""lejos"" is """,cerca,0,2,28.25,21.375,-6.875
qwen3-4b,48,freq,val,en,es,lejos,"The opposite of ""lejos"" is """,cerca,0,6,28.25,17.75,-10.5
qwen3-4b,48,freq,freq,en,es,lejos,"The opposite of ""lejos"" is """,cerca,0,2,28.25,21.375,-6.875
qwen3-4b,49,desc,desc,en,es,superficial,"The opposite of ""superficial"" is """,profundo,8,8,16.875,16.875,0.0
qwen3-4b,49,desc,val,en,es,superficial,"The opposite of ""superficial"" is """,profundo,8,6,16.875,16.25,-0.625
qwen3-4b,49,desc,freq,en,es,superficial,"The opposite of ""superficial"" is """,profundo,8,4,16.875,19.0,2.125
qwen3-4b,49,val,desc,en,es,superficial,"The opposite of ""superficial"" is """,profundo,8,5,16.875,14.1875,-2.6875
qwen3-4b,49,val,val,en,es,superficial,"The opposite of ""superficial"" is """,profundo,8,5,16.875,14.125,-2.75
qwen3-4b,49,val,freq,en,es,superficial,"The opposite of ""superficial"" is """,profundo,8,2,16.875,16.875,0.0
qwen3-4b,49,freq,desc,en,es,superficial,"The opposite of ""superficial"" is """,profundo,8,8,16.875,16.875,0.0
qwen3-4b,49,freq,val,en,es,superficial,"The opposite of ""superficial"" is """,profundo,8,11,16.875,15.625,-1.25
qwen3-4b,49,freq,freq,en,es,superficial,"The opposite of ""superficial"" is """,profundo,8,8,16.875,16.875,0.0
qwen3-4b,50,desc,desc,en,es,joven,"The opposite of ""joven"" is """,viejo,1,2,22.5,21.125,-1.375
qwen3-4b,50,desc,val,en,es,joven,"The opposite of ""joven"" is """,viejo,1,2,22.5,19.625,-2.875
qwen3-4b,50,desc,freq,en,es,joven,"The opposite of ""joven"" is """,viejo,1,2,22.5,21.125,-1.375
qwen3-4b,50,val,desc,en,es,joven,"The opposite of ""joven"" is """,viejo,1,1,22.5,20.375,-2.125
qwen3-4b,50,val,val,en,es,joven,"The opposite of ""joven"" is """,viejo,1,1,22.5,20.25,-2.25
qwen3-4b,50,val,freq,en,es,joven,"The opposite of ""joven"" is """,viejo,1,1,22.5,20.5,-2.0
qwen3-4b,50,freq,desc,en,es,joven,"The opposite of ""joven"" is """,viejo,1,2,22.5,19.375,-3.125
qwen3-4b,50,freq,val,en,es,joven,"The opposite of ""joven"" is """,viejo,1,3,22.5,17.375,-5.125
qwen3-4b,50,freq,freq,en,es,joven,"The opposite of ""joven"" is """,viejo,1,2,22.5,19.375,-3.125
qwen3-4b,51,desc,desc,en,es,amable,"The opposite of ""amable"" is """,desagradable,30,30,15.25,15.25,0.0
qwen3-4b,51,desc,val,en,es,amable,"The opposite of ""amable"" is """,desagradable,30,11,15.25,14.625,-0.625
qwen3-4b,51,desc,freq,en,es,amable,"The opposite of ""amable"" is """,desagradable,30,10,15.25,16.625,1.375
qwen3-4b,51,val,desc,en,es,amable,"The opposite of ""amable"" is """,desagradable,30,15,15.25,12.9375,-2.3125
qwen3-4b,51,val,val,en,es,amable,"The opposite of ""amable"" is """,desagradable,30,19,15.25,12.6875,-2.5625
qwen3-4b,51,val,freq,en,es,amable,"The opposite of ""amable"" is """,desagradable,30,13,15.25,13.1875,-2.0625
qwen3-4b,51,freq,desc,en,es,amable,"The opposite of ""amable"" is """,desagradable,30,32,15.25,15.1875,-0.0625
qwen3-4b,51,freq,val,en,es,amable,"The opposite of ""amable"" is """,desagradable,30,27,15.25,14.5,-0.75
qwen3-4b,51,freq,freq,en,es,amable,"The opposite of ""amable"" is """,desagradable,30,32,15.25,15.1875,-0.0625
qwen3-4b,52,desc,desc,en,es,valiente,"The opposite of ""valiente"" is """,cobarde,2,2,17.875,19.25,1.375
qwen3-4b,52,desc,val,en,es,valiente,"The opposite of ""valiente"" is """,cobarde,2,2,17.875,18.625,0.75
qwen3-4b,52,desc,freq,en,es,valiente,"The opposite of ""valiente"" is """,cobarde,2,1,17.875,20.0,2.125
qwen3-4b,52,val,desc,en,es,valiente,"The opposite of ""valiente"" is """,cobarde,2,0,17.875,19.125,1.25
qwen3-4b,52,val,val,en,es,valiente,"The opposite of ""valiente"" is """,cobarde,2,0,17.875,19.125,1.25
qwen3-4b,52,val,freq,en,es,valiente,"The opposite of ""valiente"" is """,cobarde,2,0,17.875,19.75,1.875
qwen3-4b,52,freq,desc,en,es,valiente,"The opposite of ""valiente"" is """,cobarde,2,4,17.875,19.0,1.125
qwen3-4b,52,freq,val,en,es,valiente,"The opposite of ""valiente"" is """,cobarde,2,3,17.875,18.75,0.875
qwen3-4b,52,freq,freq,en,es,valiente,"The opposite of ""valiente"" is """,cobarde,2,4,17.875,19.0,1.125
qwen3-4b,53,desc,desc,en,es,sabio,"The opposite of ""sabio"" is """,necio,3,2,19.375,19.75,0.375
qwen3-4b,53,desc,val,en,es,sabio,"The opposite of ""sabio"" is """,necio,3,3,19.375,20.25,0.875
qwen3-4b,53,desc,freq,en,es,sabio,"The opposite of ""sabio"" is """,necio,3,2,19.375,20.375,1.0
qwen3-4b,53,val,desc,en,es,sabio,"The opposite of ""sabio"" is """,necio,3,2,19.375,19.75,0.375
qwen3-4b,53,val,val,en,es,sabio,"The opposite of ""sabio"" is """,necio,3,2,19.375,19.75,0.375
qwen3-4b,53,val,freq,en,es,sabio,"The opposite of ""sabio"" is """,necio,3,2,19.375,20.0,0.625
qwen3-4b,53,freq,desc,en,es,sabio,"The opposite of ""sabio"" is """,necio,3,2,19.375,19.75,0.375
qwen3-4b,53,freq,val,en,es,sabio,"The opposite of ""sabio"" is """,necio,3,3,19.375,20.125,0.75
qwen3-4b,53,freq,freq,en,es,sabio,"The opposite of ""sabio"" is """,necio,3,2,19.375,19.75,0.375
qwen3-4b,54,desc,desc,en,es,educado,"The opposite of ""educado"" is """,descortés,7,26,17.375,16.125,-1.25
qwen3-4b,54,desc,val,en,es,educado,"The opposite of ""educado"" is """,descortés,7,40,17.375,14.625,-2.75
qwen3-4b,54,desc,freq,en,es,educado,"The opposite of ""educado"" is """,descortés,7,34,17.375,16.125,-1.25
qwen3-4b,54,val,desc,en,es,educado,"The opposite of ""educado"" is """,descortés,7,21,17.375,13.875,-3.5
qwen3-4b,54,val,val,en,es,educado,"The opposite of ""educado"" is """,descortés,7,18,17.375,14.0,-3.375
qwen3-4b,54,val,freq,en,es,educado,"The opposite of ""educado"" is """,descortés,7,26,17.375,13.8125,-3.5625
qwen3-4b,54,freq,desc,en,es,educado,"The opposite of ""educado"" is """,descortés,7,127,17.375,13.375,-4.0
qwen3-4b,54,freq,val,en,es,educado,"The opposite of ""educado"" is """,descortés,7,210,17.375,12.375,-5.0
qwen3-4b,54,freq,freq,en,es,educado,"The opposite of ""educado"" is """,descortés,7,127,17.375,13.375,-4.0
qwen3-4b,55,desc,desc,en,es,paciente,"The opposite of ""paciente"" is """,impaciente,153,110,10.4375,10.9375,0.5
qwen3-4b,55,desc,val,en,es,paciente,"The opposite of ""paciente"" is """,impaciente,153,101,10.4375,12.0625,1.625
qwen3-4b,55,desc,freq,en,es,paciente,"The opposite of ""paciente"" is """,impaciente,153,168,10.4375,10.125,-0.3125
qwen3-4b,55,val,desc,en,es,paciente,"The opposite of ""paciente"" is """,impaciente,153,70,10.4375,9.6875,-0.75
qwen3-4b,55,val,val,en,es,paciente,"The opposite of ""paciente"" is """,impaciente,153,86,10.4375,9.5,-0.9375
qwen3-4b,55,val,freq,en,es,paciente,"The opposite of ""paciente"" is """,impaciente,153,45,10.4375,10.3125,-0.125
qwen3-4b,55,freq,desc,en,es,paciente,"The opposite of ""paciente"" is """,impaciente,153,75,10.4375,11.1875,0.75
qwen3-4b,55,freq,val,en,es,paciente,"The opposite of ""paciente"" is """,impaciente,153,72,10.4375,12.625,2.1875
qwen3-4b,55,freq,freq,en,es,paciente,"The opposite of ""paciente"" is """,impaciente,153,75,10.4375,11.1875,0.75
qwen3-4b,56,desc,desc,en,es,honesto,"The opposite of ""honesto"" is """,deshonesto,3,3,17.75,17.875,0.125
qwen3-4b,56,desc,val,en,es,honesto,"The opposite of ""honesto"" is """,deshonesto,3,3,17.75,18.0,0.25
qwen3-4b,56,desc,freq,en,es,honesto,"The opposite of ""honesto"" is """,deshonesto,3,1,17.75,19.5,1.75
qwen3-4b,56,val,desc,en,es,honesto,"The opposite of ""honesto"" is """,deshonesto,3,5,17.75,14.6875,-3.0625
qwen3-4b,56,val,val,en,es,honesto,"The opposite of ""honesto"" is """,deshonesto,3,5,17.75,14.8125,-2.9375
qwen3-4b,56,val,freq,en,es,honesto,"The opposite of ""honesto"" is """,deshonesto,3,2,17.75,16.75,-1.0
qwen3-4b,56,freq,desc,en,es,honesto,"The opposite of ""honesto"" is """,deshonesto,3,6,17.75,17.5,-0.25
qwen3-4b,56,freq,val,en,es,honesto,"The opposite of ""honesto"" is """,deshonesto,3,4,17.75,17.5,-0.25
qwen3-4b,56,freq,freq,en,es,honesto,"The opposite of ""honesto"" is """,deshonesto,3,6,17.75,17.5,-0.25
qwen3-4b,57,desc,desc,en,es,seguro,"The opposite of ""seguro"" is """,inseguro,0,1,19.75,19.875,0.125
qwen3-4b,57,desc,val,en,es,seguro,"The opposite of ""seguro"" is """,inseguro,0,1,19.75,19.375,-0.375
qwen3-4b,57,desc,freq,en,es,seguro,"The opposite of ""seguro"" is """,inseguro,0,2,19.75,19.125,-0.625
qwen3-4b,57,val,desc,en,es,seguro,"The opposite of ""seguro"" is """,inseguro,0,1,19.75,15.0625,-4.6875
qwen3-4b,57,val,val,en,es,seguro,"The opposite of ""seguro"" is """,inseguro,0,1,19.75,15.0625,-4.6875
qwen3-4b,57,val,freq,en,es,seguro,"The opposite of ""seguro"" is """,inseguro,0,3,19.75,14.375,-5.375
qwen3-4b,57,freq,desc,en,es,seguro,"The opposite of ""seguro"" is """,inseguro,0,1,19.75,19.0,-0.75
qwen3-4b,57,freq,val,en,es,seguro,"The opposite of ""seguro"" is """,inseguro,0,1,19.75,18.875,-0.875
qwen3-4b,57,freq,freq,en,es,seguro,"The opposite of ""seguro"" is """,inseguro,0,1,19.75,19.0,-0.75
qwen3-4b,58,desc,desc,en,es,activo,"The opposite of ""activo"" is """,pasivo,0,1,24.25,24.25,0.0
qwen3-4b,58,desc,val,en,es,activo,"The opposite of ""activo"" is """,pasivo,0,1,24.25,21.75,-2.5
qwen3-4b,58,desc,freq,en,es,activo,"The opposite of ""activo"" is """,pasivo,0,1,24.25,25.25,1.0
qwen3-4b,58,val,desc,en,es,activo,"The opposite of ""activo"" is """,pasivo,0,0,24.25,23.625,-0.625
qwen3-4b,58,val,val,en,es,activo,"The opposite of ""activo"" is """,pasivo,0,0,24.25,23.75,-0.5
qwen3-4b,58,val,freq,en,es,activo,"The opposite of ""activo"" is """,pasivo,0,0,24.25,23.75,-0.5
qwen3-4b,58,freq,desc,en,es,activo,"The opposite of ""activo"" is """,pasivo,0,1,24.25,24.0,-0.25
qwen3-4b,58,freq,val,en,es,activo,"The opposite of ""activo"" is """,pasivo,0,1,24.25,21.5,-2.75
qwen3-4b,58,freq,freq,en,es,activo,"The opposite of ""activo"" is """,pasivo,0,1,24.25,24.0,-0.25
qwen3-4b,59,desc,desc,en,es,recto,"The opposite of ""recto"" is """,doblado,23,23,14.1875,14.1875,0.0
qwen3-4b,59,desc,val,en,es,recto,"The opposite of ""recto"" is """,doblado,23,8,14.1875,15.25,1.0625
qwen3-4b,59,desc,freq,en,es,recto,"The opposite of ""recto"" is """,doblado,23,16,14.1875,14.375,0.1875
qwen3-4b,59,val,desc,en,es,recto,"The opposite of ""recto"" is """,doblado,23,37,14.1875,11.125,-3.0625
qwen3-4b,59,val,val,en,es,recto,"The opposite of ""recto"" is """,doblado,23,32,14.1875,11.4375,-2.75
qwen3-4b,59,val,freq,en,es,recto,"The opposite of ""recto"" is """,doblado,23,33,14.1875,11.25,-2.9375
qwen3-4b,59,freq,desc,en,es,recto,"The opposite of ""recto"" is """,doblado,23,23,14.1875,13.875,-0.3125
qwen3-4b,59,freq,val,en,es,recto,"The opposite of ""recto"" is """,doblado,23,9,14.1875,15.5,1.3125
qwen3-4b,59,freq,freq,en,es,recto,"The opposite of ""recto"" is """,doblado,23,23,14.1875,13.875,-0.3125
qwen3-4b,60,desc,desc,en,es,entero,"The opposite of ""entero"" is """,parcial,5,5,17.625,17.375,-0.25
qwen3-4b,60,desc,val,en,es,entero,"The opposite of ""entero"" is """,parcial,5,5,17.625,18.125,0.5
qwen3-4b,60,desc,freq,en,es,entero,"The opposite of ""entero"" is """,parcial,5,4,17.625,17.375,-0.25
qwen3-4b,60,val,desc,en,es,entero,"The opposite of ""entero"" is """,parcial,5,4,17.625,16.25,-1.375
qwen3-4b,60,val,val,en,es,entero,"The opposite of ""entero"" is """,parcial,5,3,17.625,16.5,-1.125
qwen3-4b,60,val,freq,en,es,entero,"The opposite of ""entero"" is """,parcial,5,4,17.625,16.25,-1.375
qwen3-4b,60,freq,desc,en,es,entero,"The opposite of ""entero"" is """,parcial,5,7,17.625,15.75,-1.875
qwen3-4b,60,freq,val,en,es,entero,"The opposite of ""entero"" is """,parcial,5,7,17.625,17.25,-0.375
qwen3-4b,60,freq,freq,en,es,entero,"The opposite of ""entero"" is """,parcial,5,7,17.625,15.75,-1.875
qwen3-4b,61,desc,desc,en,es,calmado,"The opposite of ""calmado"" is """,agitado,51,25,13.375,14.625,1.25
qwen3-4b,61,desc,val,en,es,calmado,"The opposite of ""calmado"" is """,agitado,51,32,13.375,14.875,1.5
qwen3-4b,61,desc,freq,en,es,calmado,"The opposite of ""calmado"" is """,agitado,51,48,13.375,14.0,0.625
qwen3-4b,61,val,desc,en,es,calmado,"The opposite of ""calmado"" is """,agitado,51,81,13.375,10.625,-2.75
qwen3-4b,61,val,val,en,es,calmado,"The opposite of ""calmado"" is """,agitado,51,65,13.375,11.0,-2.375
qwen3-4b,61,val,freq,en,es,calmado,"The opposite of ""calmado"" is """,agitado,51,113,13.375,10.375,-3.0
qwen3-4b,61,freq,desc,en,es,calmado,"The opposite of ""calmado"" is """,agitado,51,25,13.375,14.1875,0.8125
qwen3-4b,61,freq,val,en,es,calmado,"The opposite of ""calmado"" is """,agitado,51,36,13.375,14.75,1.375
qwen3-4b,61,freq,freq,en,es,calmado,"The opposite of ""calmado"" is """,agitado,51,25,13.375,14.1875,0.8125
qwen3-4b,62,desc,desc,en,es,correcto,"The opposite of ""correcto"" is """,incorrecto,0,0,23.625,24.375,0.75
qwen3-4b,62,desc,val,en,es,correcto,"The opposite of ""correcto"" is """,incorrecto,0,0,23.625,21.875,-1.75
qwen3-4b,62,desc,freq,en,es,correcto,"The opposite of ""correcto"" is """,incorrecto,0,0,23.625,24.625,1.0
qwen3-4b,62,val,desc,en,es,correcto,"The opposite of ""correcto"" is """,incorrecto,0,0,23.625,20.0,-3.625
qwen3-4b,62,val,val,en,es,correcto,"The opposite of ""correcto"" is """,incorrecto,0,0,23.625,20.125,-3.5
qwen3-4b,62,val,freq,en,es,correcto,"The opposite of ""correcto"" is """,incorrecto,0,0,23.625,20.125,-3.5
qwen3-4b,62,freq,desc,en,es,correcto,"The opposite of ""correcto"" is """,incorrecto,0,0,23.625,24.625,1.0
qwen3-4b,62,freq,val,en,es,correcto,"The opposite of ""correcto"" is """,incorrecto,0,0,23.625,22.0,-1.625
qwen3-4b,62,freq,freq,en,es,correcto,"The opposite of ""correcto"" is """,incorrecto,0,0,23.625,24.625,1.0
qwen3-4b,63,desc,desc,en,es,complejo,"The opposite of ""complejo"" is """,simple,0,0,25.375,26.0,0.625
qwen3-4b,63,desc,val,en,es,complejo,"The opposite of ""complejo"" is """,simple,0,0,25.375,23.875,-1.5
qwen3-4b,63,desc,freq,en,es,complejo,"The opposite of ""complejo"" is """,simple,0,0,25.375,25.875,0.5
qwen3-4b,63,val,desc,en,es,complejo,"The opposite of ""complejo"" is """,simple,0,0,25.375,23.625,-1.75
qwen3-4b,63,val,val,en,es,complejo,"The opposite of ""complejo"" is """,simple,0,0,25.375,23.625,-1.75
qwen3-4b,63,val,freq,en,es,complejo,"The opposite of ""complejo"" is """,simple,0,0,25.375,23.5,-1.875
qwen3-4b,63,freq,desc,en,es,complejo,"The opposite of ""complejo"" is """,simple,0,0,25.375,26.25,0.875
qwen3-4b,63,freq,val,en,es,complejo,"The opposite of ""complejo"" is """,simple,0,0,25.375,24.0,-1.375
qwen3-4b,63,freq,freq,en,es,complejo,"The opposite of ""complejo"" is """,simple,0,0,25.375,26.25,0.875
qwen3-4b,64,desc,desc,en,es,efectivo,"The opposite of ""efectivo"" is """,ineficaz,262,107,9.875,11.5,1.625
qwen3-4b,64,desc,val,en,es,efectivo,"The opposite of ""efectivo"" is """,ineficaz,262,153,9.875,12.375,2.5
qwen3-4b,64,desc,freq,en,es,efectivo,"The opposite of ""efectivo"" is """,ineficaz,262,184,9.875,10.9375,1.0625
qwen3-4b,64,val,desc,en,es,efectivo,"The opposite of ""efectivo"" is """,ineficaz,262,497,9.875,6.6875,-3.1875
qwen3-4b,64,val,val,en,es,efectivo,"The opposite of ""efectivo"" is """,ineficaz,262,492,9.875,6.71875,-3.15625
qwen3-4b,64,val,freq,en,es,efectivo,"The opposite of ""efectivo"" is """,ineficaz,262,424,9.875,7.65625,-2.21875
qwen3-4b,64,freq,desc,en,es,efectivo,"The opposite of ""efectivo"" is """,ineficaz,262,56,9.875,12.125,2.25
qwen3-4b,64,freq,val,en,es,efectivo,"The opposite of ""efectivo"" is """,ineficaz,262,73,9.875,13.4375,3.5625
qwen3-4b,64,freq,freq,en,es,efectivo,"The opposite of ""efectivo"" is """,ineficaz,262,54,9.875,12.1875,2.3125
qwen3-4b,65,desc,desc,en,es,famoso,"The opposite of ""famoso"" is """,desconocido,1,4,17.75,18.125,0.375
qwen3-4b,65,desc,val,en,es,famoso,"The opposite of ""famoso"" is """,desconocido,1,4,17.75,17.375,-0.375
qwen3-4b,65,desc,freq,en,es,famoso,"The opposite of ""famoso"" is """,desconocido,1,6,17.75,17.125,-0.625
qwen3-4b,65,val,desc,en,es,famoso,"The opposite of ""famoso"" is """,desconocido,1,2,17.75,15.1875,-2.5625
qwen3-4b,65,val,val,en,es,famoso,"The opposite of ""famoso"" is """,desconocido,1,4,17.75,15.25,-2.5
qwen3-4b,65,val,freq,en,es,famoso,"The opposite of ""famoso"" is """,desconocido,1,13,17.75,14.25,-3.5
qwen3-4b,65,freq,desc,en,es,famoso,"The opposite of ""famoso"" is """,desconocido,1,9,17.75,17.0,-0.75
qwen3-4b,65,freq,val,en,es,famoso,"The opposite of ""famoso"" is """,desconocido,1,12,17.75,16.125,-1.625
qwen3-4b,65,freq,freq,en,es,famoso,"The opposite of ""famoso"" is """,desconocido,1,9,17.75,17.0,-0.75
qwen3-4b,66,desc,desc,en,es,generoso,"The opposite of ""generoso"" is """,tacaño,1,4,16.375,15.75,-0.625
qwen3-4b,66,desc,val,en,es,generoso,"The opposite of ""generoso"" is """,tacaño,1,2,16.375,16.125,-0.25
qwen3-4b,66,desc,freq,en,es,generoso,"The opposite of ""generoso"" is """,tacaño,1,3,16.375,16.375,0.0
qwen3-4b,66,val,desc,en,es,generoso,"The opposite of ""generoso"" is """,tacaño,1,1,16.375,15.0,-1.375
qwen3-4b,66,val,val,en,es,generoso,"The opposite of ""generoso"" is """,tacaño,1,3,16.375,14.4375,-1.9375
qwen3-4b,66,val,freq,en,es,generoso,"The opposite of ""generoso"" is """,tacaño,1,2,16.375,14.5625,-1.8125
qwen3-4b,66,freq,desc,en,es,generoso,"The opposite of ""generoso"" is """,tacaño,1,5,16.375,15.3125,-1.0625
qwen3-4b,66,freq,val,en,es,generoso,"The opposite of ""generoso"" is """,tacaño,1,4,16.375,15.6875,-0.6875
qwen3-4b,66,freq,freq,en,es,generoso,"The opposite of ""generoso"" is """,tacaño,1,5,16.375,15.3125,-1.0625
qwen3-4b,67,desc,desc,en,es,contento,"The opposite of ""contento"" is """,insatisfecho,1,0,20.75,21.0,0.25
qwen3-4b,67,desc,val,en,es,contento,"The opposite of ""contento"" is """,insatisfecho,1,0,20.75,18.875,-1.875
qwen3-4b,67,desc,freq,en,es,contento,"The opposite of ""contento"" is """,insatisfecho,1,1,20.75,20.625,-0.125
qwen3-4b,67,val,desc,en,es,contento,"The opposite of ""contento"" is """,insatisfecho,1,1,20.75,19.25,-1.5
qwen3-4b,67,val,val,en,es,contento,"The opposite of ""contento"" is """,insatisfecho,1,1,20.75,18.75,-2.0
qwen3-4b,67,val,freq,en,es,contento,"The opposite of ""contento"" is """,insatisfecho,1,1,20.75,18.5,-2.25
qwen3-4b,67,freq,desc,en,es,contento,"The opposite of ""contento"" is """,insatisfecho,1,1,20.75,20.25,-0.5
qwen3-4b,67,freq,val,en,es,contento,"The opposite of ""contento"" is """,insatisfecho,1,3,20.75,18.75,-2.0
qwen3-4b,67,freq,freq,en,es,contento,"The opposite of ""contento"" is """,insatisfecho,1,1,20.75,20.25,-0.5
qwen3-4b,68,desc,desc,en,es,saludable,"The opposite of ""saludable"" is """,insalubre,6,3,17.5,18.5,1.0
qwen3-4b,68,desc,val,en,es,saludable,"The opposite of ""saludable"" is """,insalubre,6,5,17.5,17.375,-0.125
qwen3-4b,68,desc,freq,en,es,saludable,"The opposite of ""saludable"" is """,insalubre,6,3,17.5,18.125,0.625
qwen3-4b,68,val,desc,en,es,saludable,"The opposite of ""saludable"" is """,insalubre,6,2,17.5,16.5,-1.0
qwen3-4b,68,val,val,en,es,saludable,"The opposite of ""saludable"" is """,insalubre,6,2,17.5,16.25,-1.25
qwen3-4b,68,val,freq,en,es,saludable,"The opposite of ""saludable"" is """,insalubre,6,2,17.5,16.5,-1.0
qwen3-4b,68,freq,desc,en,es,saludable,"The opposite of ""saludable"" is """,insalubre,6,4,17.5,17.375,-0.125
qwen3-4b,68,freq,val,en,es,saludable,"The opposite of ""saludable"" is """,insalubre,6,6,17.5,16.75,-0.75
qwen3-4b,68,freq,freq,en,es,saludable,"The opposite of ""saludable"" is """,insalubre,6,4,17.5,17.375,-0.125
qwen3-4b,69,desc,desc,en,es,alto,"The opposite of ""alto"" is """,bajo,0,0,26.75,26.75,0.0
qwen3-4b,69,desc,val,en,es,alto,"The opposite of ""alto"" is """,bajo,0,0,26.75,24.25,-2.5
qwen3-4b,69,desc,freq,en,es,alto,"The opposite of ""alto"" is """,bajo,0,0,26.75,25.5,-1.25
qwen3-4b,69,val,desc,en,es,alto,"The opposite of ""alto"" is """,bajo,0,0,26.75,23.75,-3.0
qwen3-4b,69,val,val,en,es,alto,"The opposite of ""alto"" is """,bajo,0,0,26.75,23.875,-2.875
qwen3-4b,69,val,freq,en,es,alto,"The opposite of ""alto"" is """,bajo,0,0,26.75,22.5,-4.25
qwen3-4b,69,freq,desc,en,es,alto,"The opposite of ""alto"" is """,bajo,0,0,26.75,26.5,-0.25
qwen3-4b,69,freq,val,en,es,alto,"The opposite of ""alto"" is """,bajo,0,0,26.75,24.75,-2.0
qwen3-4b,69,freq,freq,en,es,alto,"The opposite of ""alto"" is """,bajo,0,0,26.75,26.5,-0.25
qwen3-4b,70,desc,desc,en,es,importante,"The opposite of ""importante"" is """,trivial,2,4,18.375,18.125,-0.25
qwen3-4b,70,desc,val,en,es,importante,"The opposite of ""importante"" is """,trivial,2,3,18.375,17.75,-0.625
qwen3-4b,70,desc,freq,en,es,importante,"The opposite of ""importante"" is """,trivial,2,0,18.375,20.25,1.875
qwen3-4b,70,val,desc,en,es,importante,"The opposite of ""importante"" is """,trivial,2,1,18.375,17.0,-1.375
qwen3-4b,70,val,val,en,es,importante,"The opposite of ""importante"" is """,trivial,2,1,18.375,16.125,-2.25
qwen3-4b,70,val,freq,en,es,importante,"The opposite of ""importante"" is """,trivial,2,0,18.375,19.375,1.0
qwen3-4b,70,freq,desc,en,es,importante,"The opposite of ""importante"" is """,trivial,2,5,18.375,18.125,-0.25
qwen3-4b,70,freq,val,en,es,importante,"The opposite of ""importante"" is """,trivial,2,4,18.375,17.75,-0.625
qwen3-4b,70,freq,freq,en,es,importante,"The opposite of ""importante"" is """,trivial,2,5,18.375,18.125,-0.25
qwen3-4b,71,desc,desc,en,es,inocente,"The opposite of ""inocente"" is """,culpable,1,2,18.75,18.375,-0.375
qwen3-4b,71,desc,val,en,es,inocente,"The opposite of ""inocente"" is """,culpable,1,5,18.75,16.75,-2.0
qwen3-4b,71,desc,freq,en,es,inocente,"The opposite of ""inocente"" is """,culpable,1,2,18.75,18.375,-0.375
qwen3-4b,71,val,desc,en,es,inocente,"The opposite of ""inocente"" is """,culpable,1,1,18.75,15.9375,-2.8125
qwen3-4b,71,val,val,en,es,inocente,"The opposite of ""inocente"" is """,culpable,1,1,18.75,15.5625,-3.1875
qwen3-4b,71,val,freq,en,es,inocente,"The opposite of ""inocente"" is """,culpable,1,1,18.75,16.5,-2.25
qwen3-4b,71,freq,desc,en,es,inocente,"The opposite of ""inocente"" is """,culpable,1,2,18.75,18.625,-0.125
qwen3-4b,71,freq,val,en,es,inocente,"The opposite of ""inocente"" is """,culpable,1,2,18.75,17.5,-1.25
qwen3-4b,71,freq,freq,en,es,inocente,"The opposite of ""inocente"" is """,culpable,1,2,18.75,18.625,-0.125
qwen3-4b,72,desc,desc,en,es,conocido,"The opposite of ""conocido"" is """,desconocido,0,0,24.0,24.5,0.5
qwen3-4b,72,desc,val,en,es,conocido,"The opposite of ""conocido"" is """,desconocido,0,0,24.0,22.25,-1.75
qwen3-4b,72,desc,freq,en,es,conocido,"The opposite of ""conocido"" is """,desconocido,0,0,24.0,23.0,-1.0
qwen3-4b,72,val,desc,en,es,conocido,"The opposite of ""conocido"" is """,desconocido,0,0,24.0,21.375,-2.625
qwen3-4b,72,val,val,en,es,conocido,"The opposite of ""conocido"" is """,desconocido,0,0,24.0,21.375,-2.625
qwen3-4b,72,val,freq,en,es,conocido,"The opposite of ""conocido"" is """,desconocido,0,0,24.0,20.25,-3.75
qwen3-4b,72,freq,desc,en,es,conocido,"The opposite of ""conocido"" is """,desconocido,0,0,24.0,21.75,-2.25
qwen3-4b,72,freq,val,en,es,conocido,"The opposite of ""conocido"" is """,desconocido,0,0,24.0,19.75,-4.25
qwen3-4b,72,freq,freq,en,es,conocido,"The opposite of ""conocido"" is """,desconocido,0,0,24.0,21.75,-2.25
qwen3-4b,73,desc,desc,en,es,masculino,"The opposite of ""masculino"" is """,femenino,0,0,26.5,27.25,0.75
qwen3-4b,73,desc,val,en,es,masculino,"The opposite of ""masculino"" is """,femenino,0,0,26.5,24.125,-2.375
qwen3-4b,73,desc,freq,en,es,masculino,"The opposite of ""masculino"" is """,femenino,0,0,26.5,27.5,1.0
qwen3-4b,73,val,desc,en,es,masculino,"The opposite of ""masculino"" is """,femenino,0,0,26.5,22.25,-4.25
qwen3-4b,73,val,val,en,es,masculino,"The opposite of ""masculino"" is """,femenino,0,0,26.5,22.375,-4.125
qwen3-4b,73,val,freq,en,es,masculino,"The opposite of ""masculino"" is """,femenino,0,0,26.5,22.0,-4.5
qwen3-4b,73,freq,desc,en,es,masculino,"The opposite of ""masculino"" is """,femenino,0,0,26.5,27.375,0.875
qwen3-4b,73,freq,val,en,es,masculino,"The opposite of ""masculino"" is """,femenino,0,0,26.5,24.25,-2.25
qwen3-4b,73,freq,freq,en,es,masculino,"The opposite of ""masculino"" is """,femenino,0,0,26.5,27.375,0.875
qwen3-4b,74,desc,desc,en,es,normal,"The opposite of ""normal"" is """,anormal,2,2,17.25,17.25,0.0
qwen3-4b,74,desc,val,en,es,normal,"The opposite of ""normal"" is """,anormal,2,1,17.25,18.625,1.375
qwen3-4b,74,desc,freq,en,es,normal,"The opposite of ""normal"" is """,anormal,2,1,17.25,19.125,1.875
qwen3-4b,74,val,desc,en,es,normal,"The opposite of ""normal"" is """,anormal,2,1,17.25,17.625,0.375
qwen3-4b,74,val,val,en,es,normal,"The opposite of ""normal"" is """,anormal,2,2,17.25,17.25,0.0
qwen3-4b,74,val,freq,en,es,normal,"The opposite of ""normal"" is """,anormal,2,0,17.25,19.625,2.375
qwen3-4b,74,freq,desc,en,es,normal,"The opposite of ""normal"" is """,anormal,2,2,17.25,17.25,0.0
qwen3-4b,74,freq,val,en,es,normal,"The opposite of ""normal"" is """,anormal,2,1,17.25,18.5,1.25
qwen3-4b,74,freq,freq,en,es,normal,"The opposite of ""normal"" is """,anormal,2,2,17.25,17.25,0.0
qwen3-4b,75,desc,desc,en,es,posible,"The opposite of ""posible"" is """,imposible,0,0,25.75,25.625,-0.125
qwen3-4b,75,desc,val,en,es,posible,"The opposite of ""posible"" is """,imposible,0,0,25.75,25.0,-0.75
qwen3-4b,75,desc,freq,en,es,posible,"The opposite of ""posible"" is """,imposible,0,0,25.75,26.125,0.375
qwen3-4b,75,val,desc,en,es,posible,"The opposite of ""posible"" is """,imposible,0,0,25.75,24.0,-1.75
qwen3-4b,75,val,val,en,es,posible,"The opposite of ""posible"" is """,imposible,0,0,25.75,24.125,-1.625
qwen3-4b,75,val,freq,en,es,posible,"The opposite of ""posible"" is """,imposible,0,0,25.75,24.125,-1.625
qwen3-4b,75,freq,desc,en,es,posible,"The opposite of ""posible"" is """,imposible,0,0,25.75,26.25,0.5
qwen3-4b,75,freq,val,en,es,posible,"The opposite of ""posible"" is """,imposible,0,0,25.75,25.25,-0.5
qwen3-4b,75,freq,freq,en,es,posible,"The opposite of ""posible"" is """,imposible,0,0,25.75,26.25,0.5
qwen3-4b,76,desc,desc,en,es,privado,"The opposite of ""privado"" is """,público,0,0,20.25,21.125,0.875
qwen3-4b,76,desc,val,en,es,privado,"The opposite of ""privado"" is """,público,0,0,20.25,21.625,1.375
qwen3-4b,76,desc,freq,en,es,privado,"The opposite of ""privado"" is """,público,0,0,20.25,20.125,-0.125
qwen3-4b,76,val,desc,en,es,privado,"The opposite of ""privado"" is """,público,0,0,20.25,17.875,-2.375
qwen3-4b,76,val,val,en,es,privado,"The opposite of ""privado"" is """,público,0,0,20.25,18.0,-2.25
qwen3-4b,76,val,freq,en,es,privado,"The opposite of ""privado"" is """,público,0,0,20.25,17.375,-2.875
qwen3-4b,76,freq,desc,en,es,privado,"The opposite of ""privado"" is """,público,0,1,20.25,18.75,-1.5
qwen3-4b,76,freq,val,en,es,privado,"The opposite of ""privado"" is """,público,0,1,20.25,19.75,-0.5
qwen3-4b,76,freq,freq,en,es,privado,"The opposite of ""privado"" is """,público,0,1,20.25,18.75,-1.5
qwen3-4b,77,desc,desc,en,es,correcto,"The opposite of ""correcto"" is """,incorrecto,0,0,23.625,24.375,0.75
qwen3-4b,77,desc,val,en,es,correcto,"The opposite of ""correcto"" is """,incorrecto,0,0,23.625,21.875,-1.75
qwen3-4b,77,desc,freq,en,es,correcto,"The opposite of ""correcto"" is """,incorrecto,0,0,23.625,24.625,1.0
qwen3-4b,77,val,desc,en,es,correcto,"The opposite of ""correcto"" is """,incorrecto,0,0,23.625,20.0,-3.625
qwen3-4b,77,val,val,en,es,correcto,"The opposite of ""correcto"" is """,incorrecto,0,0,23.625,20.125,-3.5
qwen3-4b,77,val,freq,en,es,correcto,"The opposite of ""correcto"" is """,incorrecto,0,0,23.625,20.125,-3.5
qwen3-4b,77,freq,desc,en,es,correcto,"The opposite of ""correcto"" is """,incorrecto,0,0,23.625,24.625,1.0
qwen3-4b,77,freq,val,en,es,correcto,"The opposite of ""correcto"" is """,incorrecto,0,0,23.625,22.0,-1.625
qwen3-4b,77,freq,freq,en,es,correcto,"The opposite of ""correcto"" is """,incorrecto,0,0,23.625,24.625,1.0
qwen3-4b,78,desc,desc,en,es,sencillo,"The opposite of ""sencillo"" is """,complejo,1,1,22.75,22.5,-0.25
qwen3-4b,78,desc,val,en,es,sencillo,"The opposite of ""sencillo"" is """,complejo,1,1,22.75,21.75,-1.0
qwen3-4b,78,desc,freq,en,es,sencillo,"The opposite of ""sencillo"" is """,complejo,1,1,22.75,23.125,0.375
qwen3-4b,78,val,desc,en,es,sencillo,"The opposite of ""sencillo"" is """,complejo,1,1,22.75,20.625,-2.125
qwen3-4b,78,val,val,en,es,sencillo,"The opposite of ""sencillo"" is """,complejo,1,0,22.75,20.625,-2.125
qwen3-4b,78,val,freq,en,es,sencillo,"The opposite of ""sencillo"" is """,complejo,1,0,22.75,20.875,-1.875
qwen3-4b,78,freq,desc,en,es,sencillo,"The opposite of ""sencillo"" is """,complejo,1,2,22.75,20.5,-2.25
qwen3-4b,78,freq,val,en,es,sencillo,"The opposite of ""sencillo"" is """,complejo,1,2,22.75,20.125,-2.625
qwen3-4b,78,freq,freq,en,es,sencillo,"The opposite of ""sencillo"" is """,complejo,1,2,22.75,20.5,-2.25
qwen3-4b,79,desc,desc,en,es,dulce,"The opposite of ""dulce"" is """,amargo,0,0,25.875,26.0,0.125
qwen3-4b,79,desc,val,en,es,dulce,"The opposite of ""dulce"" is """,amargo,0,0,25.875,21.625,-4.25
qwen3-4b,79,desc,freq,en,es,dulce,"The opposite of ""dulce"" is """,amargo,0,0,25.875,24.75,-1.125
qwen3-4b,79,val,desc,en,es,dulce,"The opposite of ""dulce"" is """,amargo,0,0,25.875,23.5,-2.375
qwen3-4b,79,val,val,en,es,dulce,"The opposite of ""dulce"" is """,amargo,0,0,25.875,24.25,-1.625
qwen3-4b,79,val,freq,en,es,dulce,"The opposite of ""dulce"" is """,amargo,0,0,25.875,23.5,-2.375
qwen3-4b,79,freq,desc,en,es,dulce,"The opposite of ""dulce"" is """,amargo,0,0,25.875,25.5,-0.375
qwen3-4b,79,freq,val,en,es,dulce,"The opposite of ""dulce"" is """,amargo,0,0,25.875,21.875,-4.0
qwen3-4b,79,freq,freq,en,es,dulce,"The opposite of ""dulce"" is """,amargo,0,0,25.875,25.5,-0.375
qwen3-4b,80,desc,desc,en,es,visible,"The opposite of ""visible"" is """,invisible,0,0,24.25,24.25,0.0
qwen3-4b,80,desc,val,en,es,visible,"The opposite of ""visible"" is """,invisible,0,0,24.25,22.625,-1.625
qwen3-4b,80,desc,freq,en,es,visible,"The opposite of ""visible"" is """,invisible,0,0,24.25,23.75,-0.5
qwen3-4b,80,val,desc,en,es,visible,"The opposite of ""visible"" is """,invisible,0,0,24.25,19.875,-4.375
qwen3-4b,80,val,val,en,es,visible,"The opposite of ""visible"" is """,invisible,0,0,24.25,19.75,-4.5
qwen3-4b,80,val,freq,en,es,visible,"The opposite of ""visible"" is """,invisible,0,0,24.25,19.75,-4.5
qwen3-4b,80,freq,desc,en,es,visible,"The opposite of ""visible"" is """,invisible,0,0,24.25,24.25,0.0
qwen3-4b,80,freq,val,en,es,visible,"The opposite of ""visible"" is """,invisible,0,0,24.25,22.625,-1.625
qwen3-4b,80,freq,freq,en,es,visible,"The opposite of ""visible"" is """,invisible,0,0,24.25,24.25,0.0
qwen3-4b,81,desc,desc,en,es,cálido,"The opposite of ""cálido"" is """,frío,0,0,26.375,24.25,-2.125
qwen3-4b,81,desc,val,en,es,cálido,"The opposite of ""cálido"" is """,frío,0,0,26.375,22.875,-3.5
qwen3-4b,81,desc,freq,en,es,cálido,"The opposite of ""cálido"" is """,frío,0,0,26.375,25.125,-1.25
qwen3-4b,81,val,desc,en,es,cálido,"The opposite of ""cálido"" is """,frío,0,0,26.375,24.0,-2.375
qwen3-4b,81,val,val,en,es,cálido,"The opposite of ""cálido"" is """,frío,0,0,26.375,24.0,-2.375
qwen3-4b,81,val,freq,en,es,cálido,"The opposite of ""cálido"" is """,frío,0,0,26.375,23.125,-3.25
qwen3-4b,81,freq,desc,en,es,cálido,"The opposite of ""cálido"" is """,frío,0,0,26.375,23.375,-3.0
qwen3-4b,81,freq,val,en,es,cálido,"The opposite of ""cálido"" is """,frío,0,0,26.375,21.875,-4.5
qwen3-4b,81,freq,freq,en,es,cálido,"The opposite of ""cálido"" is """,frío,0,0,26.375,23.375,-3.0
qwen3-4b,82,desc,desc,en,es,liso,"The opposite of ""liso"" is """,áspero,2,5,16.875,15.4375,-1.4375
qwen3-4b,82,desc,val,en,es,liso,"The opposite of ""liso"" is """,áspero,2,12,16.875,17.25,0.375
qwen3-4b,82,desc,freq,en,es,liso,"The opposite of ""liso"" is """,áspero,2,8,16.875,15.8125,-1.0625
qwen3-4b,82,val,desc,en,es,liso,"The opposite of ""liso"" is """,áspero,2,0,16.875,21.125,4.25
qwen3-4b,82,val,val,en,es,liso,"The opposite of ""liso"" is """,áspero,2,0,16.875,20.875,4.0
qwen3-4b,82,val,freq,en,es,liso,"The opposite of ""liso"" is """,áspero,2,0,16.875,20.375,3.5
qwen3-4b,82,freq,desc,en,es,liso,"The opposite of ""liso"" is """,áspero,2,4,16.875,15.3125,-1.5625
qwen3-4b,82,freq,val,en,es,liso,"The opposite of ""liso"" is """,áspero,2,8,16.875,17.625,0.75
qwen3-4b,82,freq,freq,en,es,liso,"The opposite of ""liso"" is """,áspero,2,4,16.875,15.3125,-1.5625
qwen3-4b,83,desc,desc,en,es,delgado,"The opposite of ""delgado"" is """,grueso,3,9,18.625,16.875,-1.75
qwen3-4b,83,desc,val,en,es,delgado,"The opposite of ""delgado"" is """,grueso,3,7,18.625,17.25,-1.375
qwen3-4b,83,desc,freq,en,es,delgado,"The opposite of ""delgado"" is """,grueso,3,10,18.625,16.0,-2.625
qwen3-4b,83,val,desc,en,es,delgado,"The opposite of ""delgado"" is """,grueso,3,8,18.625,14.6875,-3.9375
qwen3-4b,83,val,val,en,es,delgado,"The opposite of ""delgado"" is """,grueso,3,7,18.625,14.6875,-3.9375
qwen3-4b,83,val,freq,en,es,delgado,"The opposite of ""delgado"" is """,grueso,3,8,18.625,14.25,-4.375
qwen3-4b,83,freq,desc,en,es,delgado,"The opposite of ""delgado"" is """,grueso,3,20,18.625,14.1875,-4.4375
qwen3-4b,83,freq,val,en,es,delgado,"The opposite of ""delgado"" is """,grueso,3,19,18.625,14.6875,-3.9375
qwen3-4b,83,freq,freq,en,es,delgado,"The opposite of ""delgado"" is """,grueso,3,20,18.625,14.1875,-4.4375
qwen3-4b,84,desc,desc,en,es,alto,"The opposite of ""alto"" is """,bajo,0,0,26.75,26.75,0.0
qwen3-4b,84,desc,val,en,es,alto,"The opposite of ""alto"" is """,bajo,0,0,26.75,24.25,-2.5
qwen3-4b,84,desc,freq,en,es,alto,"The opposite of ""alto"" is """,bajo,0,0,26.75,25.5,-1.25
qwen3-4b,84,val,desc,en,es,alto,"The opposite of ""alto"" is """,bajo,0,0,26.75,23.75,-3.0
qwen3-4b,84,val,val,en,es,alto,"The opposite of ""alto"" is """,bajo,0,0,26.75,23.875,-2.875
qwen3-4b,84,val,freq,en,es,alto,"The opposite of ""alto"" is """,bajo,0,0,26.75,22.5,-4.25
qwen3-4b,84,freq,desc,en,es,alto,"The opposite of ""alto"" is """,bajo,0,0,26.75,26.5,-0.25
qwen3-4b,84,freq,val,en,es,alto,"The opposite of ""alto"" is """,bajo,0,0,26.75,24.75,-2.0
qwen3-4b,84,freq,freq,en,es,alto,"The opposite of ""alto"" is """,bajo,0,0,26.75,26.5,-0.25
qwen3-4b,85,desc,desc,en,es,casado,"The opposite of ""casado"" is """,soltero,0,0,22.75,21.75,-1.0
qwen3-4b,85,desc,val,en,es,casado,"The opposite of ""casado"" is """,soltero,0,0,22.75,22.875,0.125
qwen3-4b,85,desc,freq,en,es,casado,"The opposite of ""casado"" is """,soltero,0,0,22.75,21.125,-1.625
qwen3-4b,85,val,desc,en,es,casado,"The opposite of ""casado"" is """,soltero,0,0,22.75,23.5,0.75
qwen3-4b,85,val,val,en,es,casado,"The opposite of ""casado"" is """,soltero,0,0,22.75,23.25,0.5
qwen3-4b,85,val,freq,en,es,casado,"The opposite of ""casado"" is """,soltero,0,0,22.75,22.125,-0.625
qwen3-4b,85,freq,desc,en,es,casado,"The opposite of ""casado"" is """,soltero,0,0,22.75,20.75,-2.0
qwen3-4b,85,freq,val,en,es,casado,"The opposite of ""casado"" is """,soltero,0,0,22.75,21.625,-1.125
qwen3-4b,85,freq,freq,en,es,casado,"The opposite of ""casado"" is """,soltero,0,0,22.75,20.75,-2.0
qwen3-4b,86,desc,desc,en,es,optimista,"The opposite of ""optimista"" is """,pesimista,1,1,21.125,21.125,0.0
qwen3-4b,86,desc,val,en,es,optimista,"The opposite of ""optimista"" is """,pesimista,1,1,21.125,21.125,0.0
qwen3-4b,86,desc,freq,en,es,optimista,"The opposite of ""optimista"" is """,pesimista,1,1,21.125,23.0,1.875
qwen3-4b,86,val,desc,en,es,optimista,"The opposite of ""optimista"" is """,pesimista,1,1,21.125,22.25,1.125
qwen3-4b,86,val,val,en,es,optimista,"The opposite of ""optimista"" is """,pesimista,1,1,21.125,21.875,0.75
qwen3-4b,86,val,freq,en,es,optimista,"The opposite of ""optimista"" is """,pesimista,1,1,21.125,22.375,1.25
qwen3-4b,86,freq,desc,en,es,optimista,"The opposite of ""optimista"" is """,pesimista,1,2,21.125,21.125,0.0
qwen3-4b,86,freq,val,en,es,optimista,"The opposite of ""optimista"" is """,pesimista,1,2,21.125,20.0,-1.125
qwen3-4b,86,freq,freq,en,es,optimista,"The opposite of ""optimista"" is """,pesimista,1,2,21.125,21.125,0.0
qwen3-4b,87,desc,desc,en,es,permanente,"The opposite of ""permanente"" is """,temporal,2,1,17.375,17.375,0.0
qwen3-4b,87,desc,val,en,es,permanente,"The opposite of ""permanente"" is """,temporal,2,1,17.375,20.25,2.875
qwen3-4b,87,desc,freq,en,es,permanente,"The opposite of ""permanente"" is """,temporal,2,1,17.375,19.0,1.625
qwen3-4b,87,val,desc,en,es,permanente,"The opposite of ""permanente"" is """,temporal,2,5,17.375,15.0,-2.375
qwen3-4b,87,val,val,en,es,permanente,"The opposite of ""permanente"" is """,temporal,2,6,17.375,14.4375,-2.9375
qwen3-4b,87,val,freq,en,es,permanente,"The opposite of ""permanente"" is """,temporal,2,2,17.375,16.375,-1.0
qwen3-4b,87,freq,desc,en,es,permanente,"The opposite of ""permanente"" is """,temporal,2,2,17.375,16.875,-0.5
qwen3-4b,87,freq,val,en,es,permanente,"The opposite of ""permanente"" is """,temporal,2,1,17.375,19.125,1.75
qwen3-4b,87,freq,freq,en,es,permanente,"The opposite of ""permanente"" is """,temporal,2,2,17.375,16.875,-0.5
qwen3-4b,88,desc,desc,en,es,presente,"The opposite of ""presente"" is """,pasado,3,4,18.75,16.125,-2.625
qwen3-4b,88,desc,val,en,es,presente,"The opposite of ""presente"" is """,pasado,3,3,18.75,19.125,0.375
qwen3-4b,88,desc,freq,en,es,presente,"The opposite of ""presente"" is """,pasado,3,3,18.75,19.0,0.25
qwen3-4b,88,val,desc,en,es,presente,"The opposite of ""presente"" is """,pasado,3,1,18.75,19.375,0.625
qwen3-4b,88,val,val,en,es,presente,"The opposite of ""presente"" is """,pasado,3,3,18.75,16.25,-2.5
qwen3-4b,88,val,freq,en,es,presente,"The opposite of ""presente"" is """,pasado,3,0,18.75,20.375,1.625
qwen3-4b,88,freq,desc,en,es,presente,"The opposite of ""presente"" is """,pasado,3,5,18.75,15.125,-3.625
qwen3-4b,88,freq,val,en,es,presente,"The opposite of ""presente"" is """,pasado,3,5,18.75,17.375,-1.375
qwen3-4b,88,freq,freq,en,es,presente,"The opposite of ""presente"" is """,pasado,3,5,18.75,15.125,-3.625
qwen3-4b,89,desc,desc,en,es,público,"The opposite of ""público"" is """,privado,0,0,20.75,20.25,-0.5
qwen3-4b,89,desc,val,en,es,público,"The opposite of ""público"" is """,privado,0,0,20.75,20.75,0.0
qwen3-4b,89,desc,freq,en,es,público,"The opposite of ""público"" is """,privado,0,0,20.75,21.375,0.625
qwen3-4b,89,val,desc,en,es,público,"The opposite of ""público"" is """,privado,0,0,20.75,17.0,-3.75
qwen3-4b,89,val,val,en,es,público,"The opposite of ""público"" is """,privado,0,0,20.75,17.0,-3.75
qwen3-4b,89,val,freq,en,es,público,"The opposite of ""público"" is """,privado,0,0,20.75,18.125,-2.625
qwen3-4b,89,freq,desc,en,es,público,"The opposite of ""público"" is """,privado,0,0,20.75,19.875,-0.875
qwen3-4b,89,freq,val,en,es,público,"The opposite of ""público"" is """,privado,0,0,20.75,20.25,-0.5
qwen3-4b,89,freq,freq,en,es,público,"The opposite of ""público"" is """,privado,0,0,20.75,19.875,-0.875
qwen3-4b,90,desc,desc,en,es,real,"The opposite of ""real"" is """,falso,3,3,17.75,17.75,0.0
qwen3-4b,90,desc,val,en,es,real,"The opposite of ""real"" is """,falso,3,0,17.75,18.875,1.125
qwen3-4b,90,desc,freq,en,es,real,"The opposite of ""real"" is """,falso,3,2,17.75,17.75,0.0
qwen3-4b,90,val,desc,en,es,real,"The opposite of ""real"" is """,falso,3,3,17.75,15.4375,-2.3125
qwen3-4b,90,val,val,en,es,real,"The opposite of ""real"" is """,falso,3,6,17.75,15.0,-2.75
qwen3-4b,90,val,freq,en,es,real,"The opposite of ""real"" is """,falso,3,1,17.75,17.375,-0.375
qwen3-4b,90,freq,desc,en,es,real,"The opposite of ""real"" is """,falso,3,3,17.75,17.75,0.0
qwen3-4b,90,freq,val,en,es,real,"The opposite of ""real"" is """,falso,3,1,17.75,19.125,1.375
qwen3-4b,90,freq,freq,en,es,real,"The opposite of ""real"" is """,falso,3,3,17.75,17.75,0.0
qwen3-4b,91,desc,desc,en,es,responsable,"The opposite of ""responsable"" is """,irresponsable,6,7,16.75,16.875,0.125
qwen3-4b,91,desc,val,en,es,responsable,"The opposite of ""responsable"" is """,irresponsable,6,8,16.75,16.5,-0.25
qwen3-4b,91,desc,freq,en,es,responsable,"The opposite of ""responsable"" is """,irresponsable,6,9,16.75,16.625,-0.125
qwen3-4b,91,val,desc,en,es,responsable,"The opposite of ""responsable"" is """,irresponsable,6,13,16.75,12.25,-4.5
qwen3-4b,91,val,val,en,es,responsable,"The opposite of ""responsable"" is """,irresponsable,6,11,16.75,12.4375,-4.3125
qwen3-4b,91,val,freq,en,es,responsable,"The opposite of ""responsable"" is """,irresponsable,6,15,16.75,12.6875,-4.0625
qwen3-4b,91,freq,desc,en,es,responsable,"The opposite of ""responsable"" is """,irresponsable,6,8,16.75,17.0,0.25
qwen3-4b,91,freq,val,en,es,responsable,"The opposite of ""responsable"" is """,irresponsable,6,7,16.75,16.75,0.0
qwen3-4b,91,freq,freq,en,es,responsable,"The opposite of ""responsable"" is """,irresponsable,6,8,16.75,17.0,0.25
qwen3-4b,92,desc,desc,en,es,soltero,"The opposite of ""soltero"" is """,casado,0,1,22.0,19.5,-2.5
qwen3-4b,92,desc,val,en,es,soltero,"The opposite of ""soltero"" is """,casado,0,0,22.0,20.0,-2.0
qwen3-4b,92,desc,freq,en,es,soltero,"The opposite of ""soltero"" is """,casado,0,0,22.0,19.375,-2.625
qwen3-4b,92,val,desc,en,es,soltero,"The opposite of ""soltero"" is """,casado,0,1,22.0,19.625,-2.375
qwen3-4b,92,val,val,en,es,soltero,"The opposite of ""soltero"" is """,casado,0,1,22.0,19.625,-2.375
qwen3-4b,92,val,freq,en,es,soltero,"The opposite of ""soltero"" is """,casado,0,1,22.0,19.125,-2.875
qwen3-4b,92,freq,desc,en,es,soltero,"The opposite of ""soltero"" is """,casado,0,12,22.0,13.9375,-8.0625
qwen3-4b,92,freq,val,en,es,soltero,"The opposite of ""soltero"" is """,casado,0,16,22.0,15.3125,-6.6875
qwen3-4b,92,freq,freq,en,es,soltero,"The opposite of ""soltero"" is """,casado,0,12,22.0,13.9375,-8.0625
qwen3-4b,93,desc,desc,en,es,agrio,"The opposite of ""agrio"" is """,dulce,1,1,18.625,18.5,-0.125
qwen3-4b,93,desc,val,en,es,agrio,"The opposite of ""agrio"" is """,dulce,1,0,18.625,19.5,0.875
qwen3-4b,93,desc,freq,en,es,agrio,"The opposite of ""agrio"" is """,dulce,1,1,18.625,18.5,-0.125
qwen3-4b,93,val,desc,en,es,agrio,"The opposite of ""agrio"" is """,dulce,1,0,18.625,18.625,0.0
qwen3-4b,93,val,val,en,es,agrio,"The opposite of ""agrio"" is """,dulce,1,0,18.625,18.75,0.125
qwen3-4b,93,val,freq,en,es,agrio,"The opposite of ""agrio"" is """,dulce,1,1,18.625,17.5,-1.125
qwen3-4b,93,freq,desc,en,es,agrio,"The opposite of ""agrio"" is """,dulce,1,2,18.625,18.25,-0.375
qwen3-4b,93,freq,val,en,es,agrio,"The opposite of ""agrio"" is """,dulce,1,3,18.625,18.875,0.25
qwen3-4b,93,freq,freq,en,es,agrio,"The opposite of ""agrio"" is """,dulce,1,2,18.625,18.25,-0.375
qwen3-4b,94,desc,desc,en,es,útil,"The opposite of ""útil"" is """,inútil,1,0,18.875,19.375,0.5
qwen3-4b,94,desc,val,en,es,útil,"The opposite of ""útil"" is """,inútil,1,0,18.875,19.375,0.5
qwen3-4b,94,desc,freq,en,es,útil,"The opposite of ""útil"" is """,inútil,1,0,18.875,20.25,1.375
qwen3-4b,94,val,desc,en,es,útil,"The opposite of ""útil"" is """,inútil,1,1,18.875,15.625,-3.25
qwen3-4b,94,val,val,en,es,útil,"The opposite of ""útil"" is """,inútil,1,1,18.875,16.25,-2.625
qwen3-4b,94,val,freq,en,es,útil,"The opposite of ""útil"" is """,inútil,1,0,18.875,16.875,-2.0
qwen3-4b,94,freq,desc,en,es,útil,"The opposite of ""útil"" is """,inútil,1,1,18.875,19.75,0.875
qwen3-4b,94,freq,val,en,es,útil,"The opposite of ""útil"" is """,inútil,1,0,18.875,19.875,1.0
qwen3-4b,94,freq,freq,en,es,útil,"The opposite of ""útil"" is """,inútil,1,1,18.875,19.75,0.875
qwen3-4b,95,desc,desc,en,es,vertical,"The opposite of ""vertical"" is """,horizontal,0,0,22.75,22.75,0.0
qwen3-4b,95,desc,val,en,es,vertical,"The opposite of ""vertical"" is """,horizontal,0,0,22.75,21.625,-1.125
qwen3-4b,95,desc,freq,en,es,vertical,"The opposite of ""vertical"" is """,horizontal,0,0,22.75,22.375,-0.375
qwen3-4b,95,val,desc,en,es,vertical,"The opposite of ""vertical"" is """,horizontal,0,0,22.75,19.875,-2.875
qwen3-4b,95,val,val,en,es,vertical,"The opposite of ""vertical"" is """,horizontal,0,0,22.75,19.75,-3.0
qwen3-4b,95,val,freq,en,es,vertical,"The opposite of ""vertical"" is """,horizontal,0,0,22.75,20.25,-2.5
qwen3-4b,95,freq,desc,en,es,vertical,"The opposite of ""vertical"" is """,horizontal,0,0,22.75,22.75,0.0
qwen3-4b,95,freq,val,en,es,vertical,"The opposite of ""vertical"" is """,horizontal,0,0,22.75,22.0,-0.75
qwen3-4b,95,freq,freq,en,es,vertical,"The opposite of ""vertical"" is """,horizontal,0,0,22.75,22.75,0.0
qwen3-4b,96,desc,desc,en,es,bien,"The opposite of ""bien"" is """,mal,0,0,29.0,28.375,-0.625
qwen3-4b,96,desc,val,en,es,bien,"The opposite of ""bien"" is """,mal,0,0,29.0,27.75,-1.25
qwen3-4b,96,desc,freq,en,es,bien,"The opposite of ""bien"" is """,mal,0,0,29.0,29.125,0.125
qwen3-4b,96,val,desc,en,es,bien,"The opposite of ""bien"" is """,mal,0,0,29.0,28.0,-1.0
qwen3-4b,96,val,val,en,es,bien,"The opposite of ""bien"" is """,mal,0,0,29.0,27.375,-1.625
qwen3-4b,96,val,freq,en,es,bien,"The opposite of ""bien"" is """,mal,0,0,29.0,27.25,-1.75
qwen3-4b,96,freq,desc,en,es,bien,"The opposite of ""bien"" is """,mal,0,0,29.0,27.875,-1.125
qwen3-4b,96,freq,val,en,es,bien,"The opposite of ""bien"" is """,mal,0,0,29.0,26.375,-2.625
qwen3-4b,96,freq,freq,en,es,bien,"The opposite of ""bien"" is """,mal,0,0,29.0,27.875,-1.125
qwen3-4b,97,desc,desc,en,es,ganador,"The opposite of ""ganador"" is """,perdedor,0,0,23.75,24.125,0.375
qwen3-4b,97,desc,val,en,es,ganador,"The opposite of ""ganador"" is """,perdedor,0,0,23.75,22.5,-1.25
qwen3-4b,97,desc,freq,en,es,ganador,"The opposite of ""ganador"" is """,perdedor,0,0,23.75,22.875,-0.875
qwen3-4b,97,val,desc,en,es,ganador,"The opposite of ""ganador"" is """,perdedor,0,0,23.75,22.0,-1.75
qwen3-4b,97,val,val,en,es,ganador,"The opposite of ""ganador"" is """,perdedor,0,0,23.75,22.0,-1.75
qwen3-4b,97,val,freq,en,es,ganador,"The opposite of ""ganador"" is """,perdedor,0,0,23.75,20.875,-2.875
qwen3-4b,97,freq,desc,en,es,ganador,"The opposite of ""ganador"" is """,perdedor,0,0,23.75,21.375,-2.375
qwen3-4b,97,freq,val,en,es,ganador,"The opposite of ""ganador"" is """,perdedor,0,0,23.75,20.25,-3.5
qwen3-4b,97,freq,freq,en,es,ganador,"The opposite of ""ganador"" is """,perdedor,0,0,23.75,21.375,-2.375
qwen3-4b,98,desc,desc,en,es,desagradable,"The opposite of ""desagradable"" is """,amable,22,19,14.625,15.25,0.625
qwen3-4b,98,desc,val,en,es,desagradable,"The opposite of ""desagradable"" is """,amable,22,8,14.625,15.9375,1.3125
qwen3-4b,98,desc,freq,en,es,desagradable,"The opposite of ""desagradable"" is """,amable,22,21,14.625,15.5625,0.9375
qwen3-4b,98,val,desc,en,es,desagradable,"The opposite of ""desagradable"" is """,amable,22,23,14.625,11.625,-3.0
qwen3-4b,98,val,val,en,es,desagradable,"The opposite of ""desagradable"" is """,amable,22,23,14.625,11.75,-2.875
qwen3-4b,98,val,freq,en,es,desagradable,"The opposite of ""desagradable"" is """,amable,22,28,14.625,12.125,-2.5
qwen3-4b,98,freq,desc,en,es,desagradable,"The opposite of ""desagradable"" is """,amable,22,13,14.625,16.625,2.0
qwen3-4b,98,freq,val,en,es,desagradable,"The opposite of ""desagradable"" is """,amable,22,11,14.625,15.875,1.25
qwen3-4b,98,freq,freq,en,es,desagradable,"The opposite of ""desagradable"" is """,amable,22,13,14.625,16.625,2.0
qwen3-4b,99,desc,desc,en,es,cobarde,"The opposite of ""cobarde"" is """,valiente,0,1,23.625,22.625,-1.0
qwen3-4b,99,desc,val,en,es,cobarde,"The opposite of ""cobarde"" is """,valiente,0,1,23.625,21.5,-2.125
qwen3-4b,99,desc,freq,en,es,cobarde,"The opposite of ""cobarde"" is """,valiente,0,1,23.625,22.875,-0.75
qwen3-4b,99,val,desc,en,es,cobarde,"The opposite of ""cobarde"" is """,valiente,0,0,23.625,21.625,-2.0
qwen3-4b,99,val,val,en,es,cobarde,"The opposite of ""cobarde"" is """,valiente,0,0,23.625,21.25,-2.375
qwen3-4b,99,val,freq,en,es,cobarde,"The opposite of ""cobarde"" is """,valiente,0,0,23.625,21.25,-2.375
qwen3-4b,99,freq,desc,en,es,cobarde,"The opposite of ""cobarde"" is """,valiente,0,2,23.625,22.0,-1.625
qwen3-4b,99,freq,val,en,es,cobarde,"The opposite of ""cobarde"" is """,valiente,0,3,23.625,20.75,-2.875
qwen3-4b,99,freq,freq,en,es,cobarde,"The opposite of ""cobarde"" is """,valiente,0,2,23.625,22.0,-1.625
qwen3-4b,0,desc,desc,en,fr,bon,"The opposite of ""bon"" is """,mauvais,0,1,24.375,22.125,-2.25
qwen3-4b,0,desc,val,en,fr,bon,"The opposite of ""bon"" is """,mauvais,0,1,24.375,19.625,-4.75
qwen3-4b,0,desc,freq,en,fr,bon,"The opposite of ""bon"" is """,mauvais,0,1,24.375,20.625,-3.75
qwen3-4b,0,val,desc,en,fr,bon,"The opposite of ""bon"" is """,mauvais,0,1,24.375,22.625,-1.75
qwen3-4b,0,val,val,en,fr,bon,"The opposite of ""bon"" is """,mauvais,0,1,24.375,23.0,-1.375
qwen3-4b,0,val,freq,en,fr,bon,"The opposite of ""bon"" is """,mauvais,0,1,24.375,21.125,-3.25
qwen3-4b,0,freq,desc,en,fr,bon,"The opposite of ""bon"" is """,mauvais,0,2,24.375,20.375,-4.0
qwen3-4b,0,freq,val,en,fr,bon,"The opposite of ""bon"" is """,mauvais,0,4,24.375,18.125,-6.25
qwen3-4b,0,freq,freq,en,fr,bon,"The opposite of ""bon"" is """,mauvais,0,2,24.375,20.25,-4.125
qwen3-4b,1,desc,desc,en,fr,heureux,"The opposite of ""heureux"" is """,malheureux,0,0,23.25,23.0,-0.25
qwen3-4b,1,desc,val,en,fr,heureux,"The opposite of ""heureux"" is """,malheureux,0,0,23.25,19.625,-3.625
qwen3-4b,1,desc,freq,en,fr,heureux,"The opposite of ""heureux"" is """,malheureux,0,0,23.25,21.875,-1.375
qwen3-4b,1,val,desc,en,fr,heureux,"The opposite of ""heureux"" is """,malheureux,0,0,23.25,22.25,-1.0
qwen3-4b,1,val,val,en,fr,heureux,"The opposite of ""heureux"" is """,malheureux,0,0,23.25,22.25,-1.0
qwen3-4b,1,val,freq,en,fr,heureux,"The opposite of ""heureux"" is """,malheureux,0,0,23.25,20.5,-2.75
qwen3-4b,1,freq,desc,en,fr,heureux,"The opposite of ""heureux"" is """,malheureux,0,1,23.25,22.0,-1.25
qwen3-4b,1,freq,val,en,fr,heureux,"The opposite of ""heureux"" is """,malheureux,0,4,23.25,17.75,-5.5
qwen3-4b,1,freq,freq,en,fr,heureux,"The opposite of ""heureux"" is """,malheureux,0,1,23.25,22.0,-1.25
qwen3-4b,2,desc,desc,en,fr,grand,"The opposite of ""grand"" is """,petit,1,1,18.375,18.375,0.0
qwen3-4b,2,desc,val,en,fr,grand,"The opposite of ""grand"" is """,petit,1,0,18.375,17.125,-1.25
qwen3-4b,2,desc,freq,en,fr,grand,"The opposite of ""grand"" is """,petit,1,0,18.375,19.875,1.5
qwen3-4b,2,val,desc,en,fr,grand,"The opposite of ""grand"" is """,petit,1,1,18.375,16.25,-2.125
qwen3-4b,2,val,val,en,fr,grand,"The opposite of ""grand"" is """,petit,1,1,18.375,16.375,-2.0
qwen3-4b,2,val,freq,en,fr,grand,"The opposite of ""grand"" is """,petit,1,0,18.375,18.625,0.25
qwen3-4b,2,freq,desc,en,fr,grand,"The opposite of ""grand"" is """,petit,1,1,18.375,18.25,-0.125
qwen3-4b,2,freq,val,en,fr,grand,"The opposite of ""grand"" is """,petit,1,3,18.375,16.625,-1.75
qwen3-4b,2,freq,freq,en,fr,grand,"The opposite of ""grand"" is """,petit,1,1,18.375,18.375,0.0
qwen3-4b,3,desc,desc,en,fr,chaud,"The opposite of ""chaud"" is """,froid,0,0,25.25,26.125,0.875
qwen3-4b,3,desc,val,en,fr,chaud,"The opposite of ""chaud"" is """,froid,0,0,25.25,22.875,-2.375
qwen3-4b,3,desc,freq,en,fr,chaud,"The opposite of ""chaud"" is """,froid,0,0,25.25,24.75,-0.5
qwen3-4b,3,val,desc,en,fr,chaud,"The opposite of ""chaud"" is """,froid,0,0,25.25,26.25,1.0
qwen3-4b,3,val,val,en,fr,chaud,"The opposite of ""chaud"" is """,froid,0,0,25.25,26.125,0.875
qwen3-4b,3,val,freq,en,fr,chaud,"The opposite of ""chaud"" is """,froid,0,0,25.25,26.125,0.875
qwen3-4b,3,freq,desc,en,fr,chaud,"The opposite of ""chaud"" is """,froid,0,0,25.25,25.5,0.25
qwen3-4b,3,freq,val,en,fr,chaud,"The opposite of ""chaud"" is """,froid,0,0,25.25,21.125,-4.125
qwen3-4b,3,freq,freq,en,fr,chaud,"The opposite of ""chaud"" is """,froid,0,0,25.25,25.25,0.0
qwen3-4b,4,desc,desc,en,fr,rapide,"The opposite of ""rapide"" is """,lent,0,0,24.875,24.75,-0.125
qwen3-4b,4,desc,val,en,fr,rapide,"The opposite of ""rapide"" is """,lent,0,0,24.875,21.875,-3.0
qwen3-4b,4,desc,freq,en,fr,rapide,"The opposite of ""rapide"" is """,lent,0,0,24.875,23.375,-1.5
qwen3-4b,4,val,desc,en,fr,rapide,"The opposite of ""rapide"" is """,lent,0,0,24.875,19.875,-5.0
qwen3-4b,4,val,val,en,fr,rapide,"The opposite of ""rapide"" is """,lent,0,0,24.875,20.0,-4.875
qwen3-4b,4,val,freq,en,fr,rapide,"The opposite of ""rapide"" is """,lent,0,0,24.875,18.375,-6.5
qwen3-4b,4,freq,desc,en,fr,rapide,"The opposite of ""rapide"" is """,lent,0,0,24.875,23.875,-1.0
qwen3-4b,4,freq,val,en,fr,rapide,"The opposite of ""rapide"" is """,lent,0,0,24.875,21.5,-3.375
qwen3-4b,4,freq,freq,en,fr,rapide,"The opposite of ""rapide"" is """,lent,0,0,24.875,23.875,-1.0
qwen3-4b,5,desc,desc,en,fr,léger,"The opposite of ""léger"" is """,lourd,0,1,22.375,20.5,-1.875
qwen3-4b,5,desc,val,en,fr,léger,"The opposite of ""léger"" is """,lourd,0,1,22.375,19.625,-2.75
qwen3-4b,5,desc,freq,en,fr,léger,"The opposite of ""léger"" is """,lourd,0,1,22.375,20.5,-1.875
qwen3-4b,5,val,desc,en,fr,léger,"The opposite of ""léger"" is """,lourd,0,0,22.375,19.625,-2.75
qwen3-4b,5,val,val,en,fr,léger,"The opposite of ""léger"" is """,lourd,0,0,22.375,19.625,-2.75
qwen3-4b,5,val,freq,en,fr,léger,"The opposite of ""léger"" is """,lourd,0,0,22.375,19.875,-2.5
qwen3-4b,5,freq,desc,en,fr,léger,"The opposite of ""léger"" is """,lourd,0,2,22.375,18.75,-3.625
qwen3-4b,5,freq,val,en,fr,léger,"The opposite of ""léger"" is """,lourd,0,1,22.375,18.375,-4.0
qwen3-4b,5,freq,freq,en,fr,léger,"The opposite of ""léger"" is """,lourd,0,2,22.375,18.75,-3.625
qwen3-4b,6,desc,desc,en,fr,facile,"The opposite of ""facile"" is """,difficile,0,0,23.0,23.0,0.0
qwen3-4b,6,desc,val,en,fr,facile,"The opposite of ""facile"" is """,difficile,0,0,23.0,19.25,-3.75
qwen3-4b,6,desc,freq,en,fr,facile,"The opposite of ""facile"" is """,difficile,0,0,23.0,22.5,-0.5
qwen3-4b,6,val,desc,en,fr,facile,"The opposite of ""facile"" is """,difficile,0,0,23.0,19.5,-3.5
qwen3-4b,6,val,val,en,fr,facile,"The opposite of ""facile"" is """,difficile,0,0,23.0,19.625,-3.375
qwen3-4b,6,val,freq,en,fr,facile,"The opposite of ""facile"" is """,difficile,0,0,23.0,19.125,-3.875
qwen3-4b,6,freq,desc,en,fr,facile,"The opposite of ""facile"" is """,difficile,0,0,23.0,23.0,0.0
qwen3-4b,6,freq,val,en,fr,facile,"The opposite of ""facile"" is """,difficile,0,0,23.0,19.0,-4.0
qwen3-4b,6,freq,freq,en,fr,facile,"The opposite of ""facile"" is """,difficile,0,0,23.0,23.0,0.0
qwen3-4b,7,desc,desc,en,fr,nouveau,"The opposite of ""nouveau"" is """,vieux,0,0,21.5,20.75,-0.75
qwen3-4b,7,desc,val,en,fr,nouveau,"The opposite of ""nouveau"" is """,vieux,0,0,21.5,22.625,1.125
qwen3-4b,7,desc,freq,en,fr,nouveau,"The opposite of ""nouveau"" is """,vieux,0,0,21.5,21.5,0.0
qwen3-4b,7,val,desc,en,fr,nouveau,"The opposite of ""nouveau"" is """,vieux,0,0,21.5,21.125,-0.375
qwen3-4b,7,val,val,en,fr,nouveau,"The opposite of ""nouveau"" is """,vieux,0,0,21.5,21.125,-0.375
qwen3-4b,7,val,freq,en,fr,nouveau,"The opposite of ""nouveau"" is """,vieux,0,0,21.5,21.375,-0.125
qwen3-4b,7,freq,desc,en,fr,nouveau,"The opposite of ""nouveau"" is """,vieux,0,0,21.5,20.125,-1.375
qwen3-4b,7,freq,val,en,fr,nouveau,"The opposite of ""nouveau"" is """,vieux,0,0,21.5,21.875,0.375
qwen3-4b,7,freq,freq,en,fr,nouveau,"The opposite of ""nouveau"" is """,vieux,0,0,21.5,20.125,-1.375
qwen3-4b,8,desc,desc,en,fr,vrai,"The opposite of ""vrai"" is """,faux,0,1,25.375,24.375,-1.0
qwen3-4b,8,desc,val,en,fr,vrai,"The opposite of ""vrai"" is """,faux,0,1,25.375,20.5,-4.875
qwen3-4b,8,desc,freq,en,fr,vrai,"The opposite of ""vrai"" is """,faux,0,0,25.375,23.375,-2.0
qwen3-4b,8,val,desc,en,fr,vrai,"The opposite of ""vrai"" is """,faux,0,0,25.375,22.75,-2.625
qwen3-4b,8,val,val,en,fr,vrai,"The opposite of ""vrai"" is """,faux,0,0,25.375,22.75,-2.625
qwen3-4b,8,val,freq,en,fr,vrai,"The opposite of ""vrai"" is """,faux,0,0,25.375,22.375,-3.0
qwen3-4b,8,freq,desc,en,fr,vrai,"The opposite of ""vrai"" is """,faux,0,1,25.375,23.25,-2.125
qwen3-4b,8,freq,val,en,fr,vrai,"The opposite of ""vrai"" is """,faux,0,2,25.375,19.625,-5.75
qwen3-4b,8,freq,freq,en,fr,vrai,"The opposite of ""vrai"" is """,faux,0,1,25.375,23.25,-2.125
qwen3-4b,9,desc,desc,en,fr,vivant,"The opposite of ""vivant"" is """,mort,0,0,24.375,23.875,-0.5
qwen3-4b,9,desc,val,en,fr,vivant,"The opposite of ""vivant"" is """,mort,0,1,24.375,22.375,-2.0
qwen3-4b,9,desc,freq,en,fr,vivant,"The opposite of ""vivant"" is """,mort,0,0,24.375,22.625,-1.75
qwen3-4b,9,val,desc,en,fr,vivant,"The opposite of ""vivant"" is """,mort,0,0,24.375,25.125,0.75
qwen3-4b,9,val,val,en,fr,vivant,"The opposite of ""vivant"" is """,mort,0,0,24.375,25.125,0.75
qwen3-4b,9,val,freq,en,fr,vivant,"The opposite of ""vivant"" is """,mort,0,0,24.375,24.0,-0.375
qwen3-4b,9,freq,desc,en,fr,vivant,"The opposite of ""vivant"" is """,mort,0,1,24.375,23.625,-0.75
qwen3-4b,9,freq,val,en,fr,vivant,"The opposite of ""vivant"" is """,mort,0,1,24.375,21.75,-2.625
qwen3-4b,9,freq,freq,en,fr,vivant,"The opposite of ""vivant"" is """,mort,0,1,24.375,23.5,-0.875
qwen3-4b,10,desc,desc,en,fr,plein,"The opposite of ""plein"" is """,vide,0,0,24.5,21.5,-3.0
qwen3-4b,10,desc,val,en,fr,plein,"The opposite of ""plein"" is """,vide,0,1,24.5,19.25,-5.25
qwen3-4b,10,desc,freq,en,fr,plein,"The opposite of ""plein"" is """,vide,0,1,24.5,19.125,-5.375
qwen3-4b,10,val,desc,en,fr,plein,"The opposite of ""plein"" is """,vide,0,0,24.5,20.625,-3.875
qwen3-4b,10,val,val,en,fr,plein,"The opposite of ""plein"" is """,vide,0,0,24.5,21.125,-3.375
qwen3-4b,10,val,freq,en,fr,plein,"The opposite of ""plein"" is """,vide,0,0,24.5,18.75,-5.75
qwen3-4b,10,freq,desc,en,fr,plein,"The opposite of ""plein"" is """,vide,0,1,24.5,19.875,-4.625
qwen3-4b,10,freq,val,en,fr,plein,"The opposite of ""plein"" is """,vide,0,3,24.5,17.875,-6.625
qwen3-4b,10,freq,freq,en,fr,plein,"The opposite of ""plein"" is """,vide,0,1,24.5,20.0,-4.5
qwen3-4b,11,desc,desc,en,fr,brillant,"The opposite of ""brillant"" is """,sombre,8,15,16.5,15.75,-0.75
qwen3-4b,11,desc,val,en,fr,brillant,"The opposite of ""brillant"" is """,sombre,8,10,16.5,15.3125,-1.1875
qwen3-4b,11,desc,freq,en,fr,brillant,"The opposite of ""brillant"" is """,sombre,8,15,16.5,15.125,-1.375
qwen3-4b,11,val,desc,en,fr,brillant,"The opposite of ""brillant"" is """,sombre,8,16,16.5,12.0,-4.5
qwen3-4b,11,val,val,en,fr,brillant,"The opposite of ""brillant"" is """,sombre,8,12,16.5,12.5,-4.0
qwen3-4b,11,val,freq,en,fr,brillant,"The opposite of ""brillant"" is """,sombre,8,23,16.5,11.6875,-4.8125
qwen3-4b,11,freq,desc,en,fr,brillant,"The opposite of ""brillant"" is """,sombre,8,18,16.5,14.875,-1.625
qwen3-4b,11,freq,val,en,fr,brillant,"The opposite of ""brillant"" is """,sombre,8,14,16.5,14.75,-1.75
qwen3-4b,11,freq,freq,en,fr,brillant,"The opposite of ""brillant"" is """,sombre,8,18,16.5,14.875,-1.625
qwen3-4b,12,desc,desc,en,fr,fort,"The opposite of ""fort"" is """,faible,380,380,8.4375,8.4375,0.0
qwen3-4b,12,desc,val,en,fr,fort,"The opposite of ""fort"" is """,faible,380,102,8.4375,12.0625,3.625
qwen3-4b,12,desc,freq,en,fr,fort,"The opposite of ""fort"" is """,faible,380,72,8.4375,9.5,1.0625
qwen3-4b,12,val,desc,en,fr,fort,"The opposite of ""fort"" is """,faible,380,108,8.4375,8.4375,0.0
qwen3-4b,12,val,val,en,fr,fort,"The opposite of ""fort"" is """,faible,380,202,8.4375,8.3125,-0.125
qwen3-4b,12,val,freq,en,fr,fort,"The opposite of ""fort"" is """,faible,380,16,8.4375,11.0625,2.625
qwen3-4b,12,freq,desc,en,fr,fort,"The opposite of ""fort"" is """,faible,380,344,8.4375,8.5625,0.125
qwen3-4b,12,freq,val,en,fr,fort,"The opposite of ""fort"" is """,faible,380,198,8.4375,11.3125,2.875
qwen3-4b,12,freq,freq,en,fr,fort,"The opposite of ""fort"" is """,faible,380,380,8.4375,8.4375,0.0
qwen3-4b,13,desc,desc,en,fr,propre,"The opposite of ""propre"" is """,sale,37,566,13.25,9.0,-4.25
qwen3-4b,13,desc,val,en,fr,propre,"The opposite of ""propre"" is """,sale,37,520,13.25,9.9375,-3.3125
qwen3-4b,13,desc,freq,en,fr,propre,"The opposite of ""propre"" is """,sale,37,60,13.25,12.1875,-1.0625
qwen3-4b,13,val,desc,en,fr,propre,"The opposite of ""propre"" is """,sale,37,172,13.25,9.0,-4.25
qwen3-4b,13,val,val,en,fr,propre,"The opposite of ""propre"" is """,sale,37,220,13.25,8.6875,-4.5625
qwen3-4b,13,val,freq,en,fr,propre,"The opposite of ""propre"" is """,sale,37,35,13.25,11.6875,-1.5625
qwen3-4b,13,freq,desc,en,fr,propre,"The opposite of ""propre"" is """,sale,37,936,13.25,8.3125,-4.9375
qwen3-4b,13,freq,val,en,fr,propre,"The opposite of ""propre"" is """,sale,37,1449,13.25,8.3125,-4.9375
qwen3-4b,13,freq,freq,en,fr,propre,"The opposite of ""propre"" is """,sale,37,945,13.25,8.25,-5.0
qwen3-4b,14,desc,desc,en,fr,ouvert,"The opposite of ""ouvert"" is """,fermé,0,0,25.25,24.75,-0.5
qwen3-4b,14,desc,val,en,fr,ouvert,"The opposite of ""ouvert"" is """,fermé,0,0,25.25,23.5,-1.75
qwen3-4b,14,desc,freq,en,fr,ouvert,"The opposite of ""ouvert"" is """,fermé,0,0,25.25,25.25,0.0
qwen3-4b,14,val,desc,en,fr,ouvert,"The opposite of ""ouvert"" is """,fermé,0,0,25.25,25.125,-0.125
qwen3-4b,14,val,val,en,fr,ouvert,"The opposite of ""ouvert"" is """,fermé,0,0,25.25,25.125,-0.125
qwen3-4b,14,val,freq,en,fr,ouvert,"The opposite of ""ouvert"" is """,fermé,0,0,25.25,26.0,0.75
qwen3-4b,14,freq,desc,en,fr,ouvert,"The opposite of ""ouvert"" is """,fermé,0,0,25.25,22.375,-2.875
qwen3-4b,14,freq,val,en,fr,ouvert,"The opposite of ""ouvert"" is """,fermé,0,0,25.25,21.75,-3.5
qwen3-4b,14,freq,freq,en,fr,ouvert,"The opposite of ""ouvert"" is """,fermé,0,0,25.25,22.375,-2.875
qwen3-4b,15,desc,desc,en,fr,riche,"The opposite of ""riche"" is """,pauvre,0,0,23.875,24.5,0.625
qwen3-4b,15,desc,val,en,fr,riche,"The opposite of ""riche"" is """,pauvre,0,1,23.875,21.75,-2.125
qwen3-4b,15,desc,freq,en,fr,riche,"The opposite of ""riche"" is """,pauvre,0,0,23.875,23.25,-0.625
qwen3-4b,15,val,desc,en,fr,riche,"The opposite of ""riche"" is """,pauvre,0,0,23.875,22.75,-1.125
qwen3-4b,15,val,val,en,fr,riche,"The opposite of ""riche"" is """,pauvre,0,0,23.875,22.875,-1.0
qwen3-4b,15,val,freq,en,fr,riche,"The opposite of ""riche"" is """,pauvre,0,0,23.875,21.625,-2.25
qwen3-4b,15,freq,desc,en,fr,riche,"The opposite of ""riche"" is """,pauvre,0,1,23.875,23.625,-0.25
qwen3-4b,15,freq,val,en,fr,riche,"The opposite of ""riche"" is """,pauvre,0,1,23.875,21.625,-2.25
qwen3-4b,15,freq,freq,en,fr,riche,"The opposite of ""riche"" is """,pauvre,0,1,23.875,23.5,-0.375
qwen3-4b,16,desc,desc,en,fr,beau,"The opposite of ""beau"" is """,laid,22,20,15.1875,15.3125,0.125
qwen3-4b,16,desc,val,en,fr,beau,"The opposite of ""beau"" is """,laid,22,29,15.1875,14.875,-0.3125
qwen3-4b,16,desc,freq,en,fr,beau,"The opposite of ""beau"" is """,laid,22,21,15.1875,13.9375,-1.25
qwen3-4b,16,val,desc,en,fr,beau,"The opposite of ""beau"" is """,laid,22,49,15.1875,11.125,-4.0625
qwen3-4b,16,val,val,en,fr,beau,"The opposite of ""beau"" is """,laid,22,36,15.1875,11.9375,-3.25
qwen3-4b,16,val,freq,en,fr,beau,"The opposite of ""beau"" is """,laid,22,49,15.1875,10.875,-4.3125
qwen3-4b,16,freq,desc,en,fr,beau,"The opposite of ""beau"" is """,laid,22,17,15.1875,15.4375,0.25
qwen3-4b,16,freq,val,en,fr,beau,"The opposite of ""beau"" is """,laid,22,19,15.1875,15.375,0.1875
qwen3-4b,16,freq,freq,en,fr,beau,"The opposite of ""beau"" is """,laid,22,17,15.1875,15.4375,0.25
qwen3-4b,17,desc,desc,en,fr,long,"The opposite of ""long"" is """,court,649,649,7.90625,7.90625,0.0
qwen3-4b,17,desc,val,en,fr,long,"The opposite of ""long"" is """,court,649,817,7.90625,8.0,0.09375
qwen3-4b,17,desc,freq,en,fr,long,"The opposite of ""long"" is """,court,649,88,7.90625,9.875,1.96875
qwen3-4b,17,val,desc,en,fr,long,"The opposite of ""long"" is """,court,649,174,7.90625,6.65625,-1.25
qwen3-4b,17,val,val,en,fr,long,"The opposite of ""long"" is """,court,649,211,7.90625,6.625,-1.28125
qwen3-4b,17,val,freq,en,fr,long,"The opposite of ""long"" is """,court,649,15,7.90625,9.875,1.96875
qwen3-4b,17,freq,desc,en,fr,long,"The opposite of ""long"" is """,court,649,644,7.90625,7.90625,0.0
qwen3-4b,17,freq,val,en,fr,long,"The opposite of ""long"" is """,court,649,1125,7.90625,7.4375,-0.46875
qwen3-4b,17,freq,freq,en,fr,long,"The opposite of ""long"" is """,court,649,649,7.90625,7.90625,0.0
qwen3-4b,18,desc,desc,en,fr,large,"The opposite of ""large"" is """,étroit,22018,22018,0.5859375,0.5859375,0.0
qwen3-4b,18,desc,val,en,fr,large,"The opposite of ""large"" is """,étroit,22018,16771,0.5859375,1.9296875,1.34375
qwen3-4b,18,desc,freq,en,fr,large,"The opposite of ""large"" is """,étroit,22018,14155,0.5859375,1.265625,0.6796875
qwen3-4b,18,val,desc,en,fr,large,"The opposite of ""large"" is """,étroit,22018,15335,0.5859375,-2.84375,-3.4296875
qwen3-4b,18,val,val,en,fr,large,"The opposite of ""large"" is """,étroit,22018,19358,0.5859375,-3.4375,-4.0234375
qwen3-4b,18,val,freq,en,fr,large,"The opposite of ""large"" is """,étroit,22018,10437,0.5859375,-1.9296875,-2.515625
qwen3-4b,18,freq,desc,en,fr,large,"The opposite of ""large"" is """,étroit,22018,18636,0.5859375,0.94140625,0.35546875
qwen3-4b,18,freq,val,en,fr,large,"The opposite of ""large"" is """,étroit,22018,15349,0.5859375,1.96875,1.3828125
qwen3-4b,18,freq,freq,en,fr,large,"The opposite of ""large"" is """,étroit,22018,22018,0.5859375,0.5859375,0.0
qwen3-4b,19,desc,desc,en,fr,dur,"The opposite of ""dur"" is """,mou,1,1,14.4375,14.375,-0.0625
qwen3-4b,19,desc,val,en,fr,dur,"The opposite of ""dur"" is """,mou,1,1,14.4375,18.625,4.1875
qwen3-4b,19,desc,freq,en,fr,dur,"The opposite of ""dur"" is """,mou,1,2,14.4375,13.5625,-0.875
qwen3-4b,19,val,desc,en,fr,dur,"The opposite of ""dur"" is """,mou,1,2,14.4375,15.875,1.4375
qwen3-4b,19,val,val,en,fr,dur,"The opposite of ""dur"" is """,mou,1,2,14.4375,16.25,1.8125
qwen3-4b,19,val,freq,en,fr,dur,"The opposite of ""dur"" is """,mou,1,4,14.4375,15.1875,0.75
qwen3-4b,19,freq,desc,en,fr,dur,"The opposite of ""dur"" is """,mou,1,1,14.4375,14.5,0.0625
qwen3-4b,19,freq,val,en,fr,dur,"The opposite of ""dur"" is """,mou,1,1,14.4375,18.75,4.3125
qwen3-4b,19,freq,freq,en,fr,dur,"The opposite of ""dur"" is """,mou,1,1,14.4375,14.5,0.0625
qwen3-4b,20,desc,desc,en,fr,sec,"The opposite of ""sec"" is """,mouillé,94,94,10.875,10.875,0.0
qwen3-4b,20,desc,val,en,fr,sec,"The opposite of ""sec"" is """,mouillé,94,83,10.875,11.75,0.875
qwen3-4b,20,desc,freq,en,fr,sec,"The opposite of ""sec"" is """,mouillé,94,93,10.875,9.8125,-1.0625
qwen3-4b,20,val,desc,en,fr,sec,"The opposite of ""sec"" is """,mouillé,94,106,10.875,7.65625,-3.21875
qwen3-4b,20,val,val,en,fr,sec,"The opposite of ""sec"" is """,mouillé,94,109,10.875,7.9375,-2.9375
qwen3-4b,20,val,freq,en,fr,sec,"The opposite of ""sec"" is """,mouillé,94,81,10.875,7.28125,-3.59375
qwen3-4b,20,freq,desc,en,fr,sec,"The opposite of ""sec"" is """,mouillé,94,84,10.875,10.9375,0.0625
qwen3-4b,20,freq,val,en,fr,sec,"The opposite of ""sec"" is """,mouillé,94,68,10.875,12.0,1.125
qwen3-4b,20,freq,freq,en,fr,sec,"The opposite of ""sec"" is """,mouillé,94,94,10.875,10.875,0.0
qwen3-4b,21,desc,desc,en,fr,fort,"The opposite of ""fort"" is """,doux,5,5,13.8125,13.8125,0.0
qwen3-4b,21,desc,val,en,fr,fort,"The opposite of ""fort"" is """,doux,5,3,13.8125,16.125,2.3125
qwen3-4b,21,desc,freq,en,fr,fort,"The opposite of ""fort"" is """,doux,5,3,13.8125,13.8125,0.0
qwen3-4b,21,val,desc,en,fr,fort,"The opposite of ""fort"" is """,doux,5,13,13.8125,11.0,-2.8125
qwen3-4b,21,val,val,en,fr,fort,"The opposite of ""fort"" is """,doux,5,13,13.8125,11.75,-2.0625
qwen3-4b,21,val,freq,en,fr,fort,"The opposite of ""fort"" is """,doux,5,2,13.8125,13.8125,0.0
qwen3-4b,21,freq,desc,en,fr,fort,"The opposite of ""fort"" is """,doux,5,5,13.8125,13.875,0.0625
qwen3-4b,21,freq,val,en,fr,fort,"The opposite of ""fort"" is """,doux,5,4,13.8125,16.375,2.5625
qwen3-4b,21,freq,freq,en,fr,fort,"The opposite of ""fort"" is """,doux,5,5,13.8125,13.8125,0.0
qwen3-4b,22,desc,desc,en,fr,tôt,"The opposite of ""tôt"" is """,tard,0,0,26.125,27.25,1.125
qwen3-4b,22,desc,val,en,fr,tôt,"The opposite of ""tôt"" is """,tard,0,0,26.125,24.5,-1.625
qwen3-4b,22,desc,freq,en,fr,tôt,"The opposite of ""tôt"" is """,tard,0,0,26.125,24.625,-1.5
qwen3-4b,22,val,desc,en,fr,tôt,"The opposite of ""tôt"" is """,tard,0,0,26.125,24.75,-1.375
qwen3-4b,22,val,val,en,fr,tôt,"The opposite of ""tôt"" is """,tard,0,0,26.125,25.125,-1.0
qwen3-4b,22,val,freq,en,fr,tôt,"The opposite of ""tôt"" is """,tard,0,0,26.125,21.125,-5.0
qwen3-4b,22,freq,desc,en,fr,tôt,"The opposite of ""tôt"" is """,tard,0,0,26.125,26.5,0.375
qwen3-4b,22,freq,val,en,fr,tôt,"The opposite of ""tôt"" is """,tard,0,0,26.125,23.75,-2.375
qwen3-4b,22,freq,freq,en,fr,tôt,"The opposite of ""tôt"" is """,tard,0,0,26.125,26.375,0.25
qwen3-4b,23,desc,desc,en,fr,proche,"The opposite of ""proche"" is """,loin,0,0,25.75,24.5,-1.25
qwen3-4b,23,desc,val,en,fr,proche,"The opposite of ""proche"" is """,loin,0,0,25.75,21.125,-4.625
qwen3-4b,23,desc,freq,en,fr,proche,"The opposite of ""proche"" is """,loin,0,0,25.75,25.25,-0.5
qwen3-4b,23,val,desc,en,fr,proche,"The opposite of ""proche"" is """,loin,0,0,25.75,22.75,-3.0
qwen3-4b,23,val,val,en,fr,proche,"The opposite of ""proche"" is """,loin,0,0,25.75,22.125,-3.625
qwen3-4b,23,val,freq,en,fr,proche,"The opposite of ""proche"" is """,loin,0,0,25.75,23.5,-2.25
qwen3-4b,23,freq,desc,en,fr,proche,"The opposite of ""proche"" is """,loin,0,0,25.75,20.25,-5.5
qwen3-4b,23,freq,val,en,fr,proche,"The opposite of ""proche"" is """,loin,0,2,25.75,17.5,-8.25
qwen3-4b,23,freq,freq,en,fr,proche,"The opposite of ""proche"" is """,loin,0,0,25.75,19.875,-5.875
qwen3-4b,24,desc,desc,en,fr,profond,"The opposite of ""profond"" is """,peu profond,30,20,12.4375,14.25,1.8125
qwen3-4b,24,desc,val,en,fr,profond,"The opposite of ""profond"" is """,peu profond,30,25,12.4375,14.3125,1.875
qwen3-4b,24,desc,freq,en,fr,profond,"The opposite of ""profond"" is """,peu profond,30,29,12.4375,13.625,1.1875
qwen3-4b,24,val,desc,en,fr,profond,"The opposite of ""profond"" is """,peu profond,30,16,12.4375,12.5625,0.125
qwen3-4b,24,val,val,en,fr,profond,"The opposite of ""profond"" is """,peu profond,30,15,12.4375,12.75,0.3125
qwen3-4b,24,val,freq,en,fr,profond,"The opposite of ""profond"" is """,peu profond,30,29,12.4375,11.5625,-0.875
qwen3-4b,24,freq,desc,en,fr,profond,"The opposite of ""profond"" is """,peu profond,30,38,12.4375,13.125,0.6875
qwen3-4b,24,freq,val,en,fr,profond,"The opposite of ""profond"" is """,peu profond,30,47,12.4375,12.9375,0.5
qwen3-4b,24,freq,freq,en,fr,profond,"The opposite of ""profond"" is """,peu profond,30,39,12.4375,13.0,0.5625
qwen3-4b,25,desc,desc,en,fr,mauvais,"The opposite of ""mauvais"" is """,bon,0,0,24.5,26.25,1.75
qwen3-4b,25,desc,val,en,fr,mauvais,"The opposite of ""mauvais"" is """,bon,0,0,24.5,21.875,-2.625
qwen3-4b,25,desc,freq,en,fr,mauvais,"The opposite of ""mauvais"" is """,bon,0,0,24.5,24.75,0.25
qwen3-4b,25,val,desc,en,fr,mauvais,"The opposite of ""mauvais"" is """,bon,0,0,24.5,25.75,1.25
qwen3-4b,25,val,val,en,fr,mauvais,"The opposite of ""mauvais"" is """,bon,0,0,24.5,25.75,1.25
qwen3-4b,25,val,freq,en,fr,mauvais,"The opposite of ""mauvais"" is """,bon,0,0,24.5,24.5,0.0
qwen3-4b,25,freq,desc,en,fr,mauvais,"The opposite of ""mauvais"" is """,bon,0,0,24.5,26.25,1.75
qwen3-4b,25,freq,val,en,fr,mauvais,"The opposite of ""mauvais"" is """,bon,0,2,24.5,20.875,-3.625
qwen3-4b,25,freq,freq,en,fr,mauvais,"The opposite of ""mauvais"" is """,bon,0,0,24.5,26.0,1.5
qwen3-4b,26,desc,desc,en,fr,triste,"The opposite of ""triste"" is """,joyeux,0,2,20.375,19.375,-1.0
qwen3-4b,26,desc,val,en,fr,triste,"The opposite of ""triste"" is """,joyeux,0,1,20.375,19.375,-1.0
qwen3-4b,26,desc,freq,en,fr,triste,"The opposite of ""triste"" is """,joyeux,0,0,20.375,20.25,-0.125
qwen3-4b,26,val,desc,en,fr,triste,"The opposite of ""triste"" is """,joyeux,0,1,20.375,17.125,-3.25
qwen3-4b,26,val,val,en,fr,triste,"The opposite of ""triste"" is """,joyeux,0,3,20.375,16.625,-3.75
qwen3-4b,26,val,freq,en,fr,triste,"The opposite of ""triste"" is """,joyeux,0,0,20.375,18.5,-1.875
qwen3-4b,26,freq,desc,en,fr,triste,"The opposite of ""triste"" is """,joyeux,0,2,20.375,19.375,-1.0
qwen3-4b,26,freq,val,en,fr,triste,"The opposite of ""triste"" is """,joyeux,0,2,20.375,19.5,-0.875
qwen3-4b,26,freq,freq,en,fr,triste,"The opposite of ""triste"" is """,joyeux,0,2,20.375,19.5,-0.875
qwen3-4b,27,desc,desc,en,fr,petit,"The opposite of ""petit"" is """,grand,0,1,21.875,23.25,1.375
qwen3-4b,27,desc,val,en,fr,petit,"The opposite of ""petit"" is """,grand,0,1,21.875,21.625,-0.25
qwen3-4b,27,desc,freq,en,fr,petit,"The opposite of ""petit"" is """,grand,0,1,21.875,21.375,-0.5
qwen3-4b,27,val,desc,en,fr,petit,"The opposite of ""petit"" is """,grand,0,1,21.875,21.125,-0.75
qwen3-4b,27,val,val,en,fr,petit,"The opposite of ""petit"" is """,grand,0,1,21.875,21.25,-0.625
qwen3-4b,27,val,freq,en,fr,petit,"The opposite of ""petit"" is """,grand,0,1,21.875,19.5,-2.375
qwen3-4b,27,freq,desc,en,fr,petit,"The opposite of ""petit"" is """,grand,0,2,21.875,22.5,0.625
qwen3-4b,27,freq,val,en,fr,petit,"The opposite of ""petit"" is """,grand,0,1,21.875,20.375,-1.5
qwen3-4b,27,freq,freq,en,fr,petit,"The opposite of ""petit"" is """,grand,0,2,21.875,22.25,0.375
qwen3-4b,28,desc,desc,en,fr,froid,"The opposite of ""froid"" is """,chaud,0,0,24.125,20.375,-3.75
qwen3-4b,28,desc,val,en,fr,froid,"The opposite of ""froid"" is """,chaud,0,0,24.125,18.375,-5.75
qwen3-4b,28,desc,freq,en,fr,froid,"The opposite of ""froid"" is """,chaud,0,0,24.125,20.5,-3.625
qwen3-4b,28,val,desc,en,fr,froid,"The opposite of ""froid"" is """,chaud,0,0,24.125,20.625,-3.5
qwen3-4b,28,val,val,en,fr,froid,"The opposite of ""froid"" is """,chaud,0,0,24.125,20.375,-3.75
qwen3-4b,28,val,freq,en,fr,froid,"The opposite of ""froid"" is """,chaud,0,0,24.125,20.0,-4.125
qwen3-4b,28,freq,desc,en,fr,froid,"The opposite of ""froid"" is """,chaud,0,3,24.125,16.75,-7.375
qwen3-4b,28,freq,val,en,fr,froid,"The opposite of ""froid"" is """,chaud,0,5,24.125,15.625,-8.5
qwen3-4b,28,freq,freq,en,fr,froid,"The opposite of ""froid"" is """,chaud,0,3,24.125,16.75,-7.375
qwen3-4b,29,desc,desc,en,fr,lent,"The opposite of ""lent"" is """,rapide,768,768,7.40625,7.40625,0.0
qwen3-4b,29,desc,val,en,fr,lent,"The opposite of ""lent"" is """,rapide,768,320,7.40625,10.0625,2.65625
qwen3-4b,29,desc,freq,en,fr,lent,"The opposite of ""lent"" is """,rapide,768,255,7.40625,8.5,1.09375
qwen3-4b,29,val,desc,en,fr,lent,"The opposite of ""lent"" is """,rapide,768,1257,7.40625,4.5625,-2.84375
qwen3-4b,29,val,val,en,fr,lent,"The opposite of ""lent"" is """,rapide,768,1324,7.40625,4.84375,-2.5625
qwen3-4b,29,val,freq,en,fr,lent,"The opposite of ""lent"" is """,rapide,768,597,7.40625,5.875,-1.53125
qwen3-4b,29,freq,desc,en,fr,lent,"The opposite of ""lent"" is """,rapide,768,754,7.40625,7.34375,-0.0625
qwen3-4b,29,freq,val,en,fr,lent,"The opposite of ""lent"" is """,rapide,768,462,7.40625,9.625,2.21875
qwen3-4b,29,freq,freq,en,fr,lent,"The opposite of ""lent"" is """,rapide,768,783,7.40625,7.34375,-0.0625
qwen3-4b,30,desc,desc,en,fr,lourd,"The opposite of ""lourd"" is """,léger,1,5,20.25,18.625,-1.625
qwen3-4b,30,desc,val,en,fr,lourd,"The opposite of ""lourd"" is """,léger,1,7,20.25,16.375,-3.875
qwen3-4b,30,desc,freq,en,fr,lourd,"The opposite of ""lourd"" is """,léger,1,6,20.25,17.125,-3.125
qwen3-4b,30,val,desc,en,fr,lourd,"The opposite of ""lourd"" is """,léger,1,1,20.25,18.0,-2.25
qwen3-4b,30,val,val,en,fr,lourd,"The opposite of ""lourd"" is """,léger,1,1,20.25,18.125,-2.125
qwen3-4b,30,val,freq,en,fr,lourd,"The opposite of ""lourd"" is """,léger,1,1,20.25,17.0,-3.25
qwen3-4b,30,freq,desc,en,fr,lourd,"The opposite of ""lourd"" is """,léger,1,6,20.25,17.5,-2.75
qwen3-4b,30,freq,val,en,fr,lourd,"The opposite of ""lourd"" is """,léger,1,6,20.25,16.5,-3.75
qwen3-4b,30,freq,freq,en,fr,lourd,"The opposite of ""lourd"" is """,léger,1,6,20.25,17.625,-2.625
qwen3-4b,31,desc,desc,en,fr,difficile,"The opposite of ""difficile"" is """,facile,0,0,26.625,26.875,0.25
qwen3-4b,31,desc,val,en,fr,difficile,"The opposite of ""difficile"" is """,facile,0,0,26.625,25.125,-1.5
qwen3-4b,31,desc,freq,en,fr,difficile,"The opposite of ""difficile"" is """,facile,0,0,26.625,26.875,0.25
qwen3-4b,31,val,desc,en,fr,difficile,"The opposite of ""difficile"" is """,facile,0,0,26.625,23.125,-3.5
qwen3-4b,31,val,val,en,fr,difficile,"The opposite of ""difficile"" is """,facile,0,0,26.625,23.375,-3.25
qwen3-4b,31,val,freq,en,fr,difficile,"The opposite of ""difficile"" is """,facile,0,0,26.625,23.375,-3.25
qwen3-4b,31,freq,desc,en,fr,difficile,"The opposite of ""difficile"" is """,facile,0,0,26.625,26.875,0.25
qwen3-4b,31,freq,val,en,fr,difficile,"The opposite of ""difficile"" is """,facile,0,0,26.625,24.875,-1.75
qwen3-4b,31,freq,freq,en,fr,difficile,"The opposite of ""difficile"" is """,facile,0,0,26.625,26.75,0.125
qwen3-4b,32,desc,desc,en,fr,vieux,"The opposite of ""vieux"" is """,jeune,0,0,23.625,24.625,1.0
qwen3-4b,32,desc,val,en,fr,vieux,"The opposite of ""vieux"" is """,jeune,0,0,23.625,22.75,-0.875
qwen3-4b,32,desc,freq,en,fr,vieux,"The opposite of ""vieux"" is """,jeune,0,0,23.625,23.75,0.125
qwen3-4b,32,val,desc,en,fr,vieux,"The opposite of ""vieux"" is """,jeune,0,0,23.625,24.75,1.125
qwen3-4b,32,val,val,en,fr,vieux,"The opposite of ""vieux"" is """,jeune,0,0,23.625,25.0,1.375
qwen3-4b,32,val,freq,en,fr,vieux,"The opposite of ""vieux"" is """,jeune,0,0,23.625,24.375,0.75
qwen3-4b,32,freq,desc,en,fr,vieux,"The opposite of ""vieux"" is """,jeune,0,0,23.625,23.875,0.25
qwen3-4b,32,freq,val,en,fr,vieux,"The opposite of ""vieux"" is """,jeune,0,1,23.625,21.625,-2.0
qwen3-4b,32,freq,freq,en,fr,vieux,"The opposite of ""vieux"" is """,jeune,0,0,23.625,23.75,0.125
qwen3-4b,33,desc,desc,en,fr,faux,"The opposite of ""faux"" is """,vrai,0,0,21.75,18.0,-3.75
qwen3-4b,33,desc,val,en,fr,faux,"The opposite of ""faux"" is """,vrai,0,0,21.75,20.125,-1.625
qwen3-4b,33,desc,freq,en,fr,faux,"The opposite of ""faux"" is """,vrai,0,0,21.75,18.875,-2.875
qwen3-4b,33,val,desc,en,fr,faux,"The opposite of ""faux"" is """,vrai,0,0,21.75,18.125,-3.625
qwen3-4b,33,val,val,en,fr,faux,"The opposite of ""faux"" is """,vrai,0,0,21.75,17.75,-4.0
qwen3-4b,33,val,freq,en,fr,faux,"The opposite of ""faux"" is """,vrai,0,0,21.75,18.75,-3.0
qwen3-4b,33,freq,desc,en,fr,faux,"The opposite of ""faux"" is """,vrai,0,4,21.75,15.9375,-5.8125
qwen3-4b,33,freq,val,en,fr,faux,"The opposite of ""faux"" is """,vrai,0,4,21.75,18.125,-3.625
qwen3-4b,33,freq,freq,en,fr,faux,"The opposite of ""faux"" is """,vrai,0,4,21.75,15.9375,-5.8125
qwen3-4b,34,desc,desc,en,fr,mort,"The opposite of ""mort"" is """,vivant,0,0,18.25,17.875,-0.375
qwen3-4b,34,desc,val,en,fr,mort,"The opposite of ""mort"" is """,vivant,0,0,18.25,22.375,4.125
qwen3-4b,34,desc,freq,en,fr,mort,"The opposite of ""mort"" is """,vivant,0,0,18.25,17.875,-0.375
qwen3-4b,34,val,desc,en,fr,mort,"The opposite of ""mort"" is """,vivant,0,0,18.25,21.625,3.375
qwen3-4b,34,val,val,en,fr,mort,"The opposite of ""mort"" is """,vivant,0,0,18.25,21.625,3.375
qwen3-4b,34,val,freq,en,fr,mort,"The opposite of ""mort"" is """,vivant,0,0,18.25,21.375,3.125
qwen3-4b,34,freq,desc,en,fr,mort,"The opposite of ""mort"" is """,vivant,0,0,18.25,17.375,-0.875
qwen3-4b,34,freq,val,en,fr,mort,"The opposite of ""mort"" is """,vivant,0,0,18.25,21.625,3.375
qwen3-4b,34,freq,freq,en,fr,mort,"The opposite of ""mort"" is """,vivant,0,0,18.25,17.375,-0.875
qwen3-4b,35,desc,desc,en,fr,vide,"The opposite of ""vide"" is """,plein,1285,1387,6.5625,6.46875,-0.09375
qwen3-4b,35,desc,val,en,fr,vide,"The opposite of ""vide"" is """,plein,1285,1650,6.5625,7.21875,0.65625
qwen3-4b,35,desc,freq,en,fr,vide,"The opposite of ""vide"" is """,plein,1285,961,6.5625,6.5,-0.0625
qwen3-4b,35,val,desc,en,fr,vide,"The opposite of ""vide"" is """,plein,1285,1036,6.5625,4.28125,-2.28125
qwen3-4b,35,val,val,en,fr,vide,"The opposite of ""vide"" is """,plein,1285,1132,6.5625,4.125,-2.4375
qwen3-4b,35,val,freq,en,fr,vide,"The opposite of ""vide"" is """,plein,1285,574,6.5625,5.34375,-1.21875
qwen3-4b,35,freq,desc,en,fr,vide,"The opposite of ""vide"" is """,plein,1285,1458,6.5625,6.46875,-0.09375
qwen3-4b,35,freq,val,en,fr,vide,"The opposite of ""vide"" is """,plein,1285,1455,6.5625,7.53125,0.96875
qwen3-4b,35,freq,freq,en,fr,vide,"The opposite of ""vide"" is """,plein,1285,1424,6.5625,6.53125,-0.03125
qwen3-4b,36,desc,desc,en,fr,sombre,"The opposite of ""sombre"" is """,brillant,38,38,13.125,13.125,0.0
qwen3-4b,36,desc,val,en,fr,sombre,"The opposite of ""sombre"" is """,brillant,38,31,13.125,13.5,0.375
qwen3-4b,36,desc,freq,en,fr,sombre,"The opposite of ""sombre"" is """,brillant,38,17,13.125,14.25,1.125
qwen3-4b,36,val,desc,en,fr,sombre,"The opposite of ""sombre"" is """,brillant,38,37,13.125,10.6875,-2.4375
qwen3-4b,36,val,val,en,fr,sombre,"The opposite of ""sombre"" is """,brillant,38,48,13.125,10.5625,-2.5625
qwen3-4b,36,val,freq,en,fr,sombre,"The opposite of ""sombre"" is """,brillant,38,16,13.125,12.25,-0.875
qwen3-4b,36,freq,desc,en,fr,sombre,"The opposite of ""sombre"" is """,brillant,38,39,13.125,12.875,-0.25
qwen3-4b,36,freq,val,en,fr,sombre,"The opposite of ""sombre"" is """,brillant,38,31,13.125,13.25,0.125
qwen3-4b,36,freq,freq,en,fr,sombre,"The opposite of ""sombre"" is """,brillant,38,38,13.125,13.125,0.0
qwen3-4b,37,desc,desc,en,fr,faible,"The opposite of ""faible"" is """,fort,0,0,24.125,24.25,0.125
qwen3-4b,37,desc,val,en,fr,faible,"The opposite of ""faible"" is """,fort,0,0,24.125,21.875,-2.25
qwen3-4b,37,desc,freq,en,fr,faible,"The opposite of ""faible"" is """,fort,0,0,24.125,22.25,-1.875
qwen3-4b,37,val,desc,en,fr,faible,"The opposite of ""faible"" is """,fort,0,0,24.125,22.125,-2.0
qwen3-4b,37,val,val,en,fr,faible,"The opposite of ""faible"" is """,fort,0,0,24.125,22.0,-2.125
qwen3-4b,37,val,freq,en,fr,faible,"The opposite of ""faible"" is """,fort,0,0,24.125,21.375,-2.75
qwen3-4b,37,freq,desc,en,fr,faible,"The opposite of ""faible"" is """,fort,0,0,24.125,22.5,-1.625
qwen3-4b,37,freq,val,en,fr,faible,"The opposite of ""faible"" is """,fort,0,0,24.125,20.625,-3.5
qwen3-4b,37,freq,freq,en,fr,faible,"The opposite of ""faible"" is """,fort,0,0,24.125,22.5,-1.625
qwen3-4b,38,desc,desc,en,fr,sale,"The opposite of ""sale"" is """,propre,186,187,10.125,10.125,0.0
qwen3-4b,38,desc,val,en,fr,sale,"The opposite of ""sale"" is """,propre,186,120,10.125,10.75,0.625
qwen3-4b,38,desc,freq,en,fr,sale,"The opposite of ""sale"" is """,propre,186,141,10.125,9.75,-0.375
qwen3-4b,38,val,desc,en,fr,sale,"The opposite of ""sale"" is """,propre,186,195,10.125,7.53125,-2.59375
qwen3-4b,38,val,val,en,fr,sale,"The opposite of ""sale"" is """,propre,186,196,10.125,7.65625,-2.46875
qwen3-4b,38,val,freq,en,fr,sale,"The opposite of ""sale"" is """,propre,186,128,10.125,7.375,-2.75
qwen3-4b,38,freq,desc,en,fr,sale,"The opposite of ""sale"" is """,propre,186,182,10.125,10.125,0.0
qwen3-4b,38,freq,val,en,fr,sale,"The opposite of ""sale"" is """,propre,186,139,10.125,10.75,0.625
qwen3-4b,38,freq,freq,en,fr,sale,"The opposite of ""sale"" is """,propre,186,187,10.125,10.125,0.0
qwen3-4b,39,desc,desc,en,fr,fermé,"The opposite of ""fermé"" is """,ouvert,0,0,21.625,21.0,-0.625
qwen3-4b,39,desc,val,en,fr,fermé,"The opposite of ""fermé"" is """,ouvert,0,0,21.625,20.375,-1.25
qwen3-4b,39,desc,freq,en,fr,fermé,"The opposite of ""fermé"" is """,ouvert,0,0,21.625,19.875,-1.75
qwen3-4b,39,val,desc,en,fr,fermé,"The opposite of ""fermé"" is """,ouvert,0,0,21.625,19.875,-1.75
qwen3-4b,39,val,val,en,fr,fermé,"The opposite of ""fermé"" is """,ouvert,0,0,21.625,20.125,-1.5
qwen3-4b,39,val,freq,en,fr,fermé,"The opposite of ""fermé"" is """,ouvert,0,0,21.625,19.0,-2.625
qwen3-4b,39,freq,desc,en,fr,fermé,"The opposite of ""fermé"" is """,ouvert,0,0,21.625,19.0,-2.625
qwen3-4b,39,freq,val,en,fr,fermé,"The opposite of ""fermé"" is """,ouvert,0,0,21.625,18.75,-2.875
qwen3-4b,39,freq,freq,en,fr,fermé,"The opposite of ""fermé"" is """,ouvert,0,0,21.625,19.125,-2.5
qwen3-4b,40,desc,desc,en,fr,pauvre,"The opposite of ""pauvre"" is """,riche,0,0,21.25,23.375,2.125
qwen3-4b,40,desc,val,en,fr,pauvre,"The opposite of ""pauvre"" is """,riche,0,0,21.25,22.0,0.75
qwen3-4b,40,desc,freq,en,fr,pauvre,"The opposite of ""pauvre"" is """,riche,0,0,21.25,21.375,0.125
qwen3-4b,40,val,desc,en,fr,pauvre,"The opposite of ""pauvre"" is """,riche,0,0,21.25,21.375,0.125
qwen3-4b,40,val,val,en,fr,pauvre,"The opposite of ""pauvre"" is """,riche,0,0,21.25,21.5,0.25
qwen3-4b,40,val,freq,en,fr,pauvre,"The opposite of ""pauvre"" is """,riche,0,0,21.25,19.875,-1.375
qwen3-4b,40,freq,desc,en,fr,pauvre,"The opposite of ""pauvre"" is """,riche,0,0,21.25,22.5,1.25
qwen3-4b,40,freq,val,en,fr,pauvre,"The opposite of ""pauvre"" is """,riche,0,0,21.25,20.5,-0.75
qwen3-4b,40,freq,freq,en,fr,pauvre,"The opposite of ""pauvre"" is """,riche,0,0,21.25,22.375,1.125
qwen3-4b,41,desc,desc,en,fr,laid,"The opposite of ""laid"" is """,joli,111,111,11.0,11.0,0.0
qwen3-4b,41,desc,val,en,fr,laid,"The opposite of ""laid"" is """,joli,111,25,11.0,13.375,2.375
qwen3-4b,41,desc,freq,en,fr,laid,"The opposite of ""laid"" is """,joli,111,32,11.0,12.5,1.5
qwen3-4b,41,val,desc,en,fr,laid,"The opposite of ""laid"" is """,joli,111,220,11.0,7.1875,-3.8125
qwen3-4b,41,val,val,en,fr,laid,"The opposite of ""laid"" is """,joli,111,195,11.0,7.6875,-3.3125
qwen3-4b,41,val,freq,en,fr,laid,"The opposite of ""laid"" is """,joli,111,107,11.0,8.3125,-2.6875
qwen3-4b,41,freq,desc,en,fr,laid,"The opposite of ""laid"" is """,joli,111,111,11.0,11.0,0.0
qwen3-4b,41,freq,val,en,fr,laid,"The opposite of ""laid"" is """,joli,111,54,11.0,12.4375,1.4375
qwen3-4b,41,freq,freq,en,fr,laid,"The opposite of ""laid"" is """,joli,111,109,11.0,11.0625,0.0625
qwen3-4b,42,desc,desc,en,fr,court,"The opposite of ""court"" is """,long,731,731,9.25,9.25,0.0
qwen3-4b,42,desc,val,en,fr,court,"The opposite of ""court"" is """,long,731,741,9.25,9.0625,-0.1875
qwen3-4b,42,desc,freq,en,fr,court,"The opposite of ""court"" is """,long,731,723,9.25,8.25,-1.0
qwen3-4b,42,val,desc,en,fr,court,"The opposite of ""court"" is """,long,731,1088,9.25,6.28125,-2.96875
qwen3-4b,42,val,val,en,fr,court,"The opposite of ""court"" is """,long,731,1004,9.25,6.65625,-2.59375
qwen3-4b,42,val,freq,en,fr,court,"The opposite of ""court"" is """,long,731,920,9.25,5.75,-3.5
qwen3-4b,42,freq,desc,en,fr,court,"The opposite of ""court"" is """,long,731,690,9.25,9.25,0.0
qwen3-4b,42,freq,val,en,fr,court,"The opposite of ""court"" is """,long,731,663,9.25,9.1875,-0.0625
qwen3-4b,42,freq,freq,en,fr,court,"The opposite of ""court"" is """,long,731,731,9.25,9.25,0.0
qwen3-4b,43,desc,desc,en,fr,étroit,"The opposite of ""étroit"" is """,large,1,0,21.5,20.75,-0.75
qwen3-4b,43,desc,val,en,fr,étroit,"The opposite of ""étroit"" is """,large,1,0,21.5,19.25,-2.25
qwen3-4b,43,desc,freq,en,fr,étroit,"The opposite of ""étroit"" is """,large,1,0,21.5,19.5,-2.0
qwen3-4b,43,val,desc,en,fr,étroit,"The opposite of ""étroit"" is """,large,1,0,21.5,20.75,-0.75
qwen3-4b,43,val,val,en,fr,étroit,"The opposite of ""étroit"" is """,large,1,0,21.5,21.125,-0.375
qwen3-4b,43,val,freq,en,fr,étroit,"The opposite of ""étroit"" is """,large,1,0,21.5,20.25,-1.25
qwen3-4b,43,freq,desc,en,fr,étroit,"The opposite of ""étroit"" is """,large,1,0,21.5,20.125,-1.375
qwen3-4b,43,freq,val,en,fr,étroit,"The opposite of ""étroit"" is """,large,1,1,21.5,18.5,-3.0
qwen3-4b,43,freq,freq,en,fr,étroit,"The opposite of ""étroit"" is """,large,1,0,21.5,20.125,-1.375
qwen3-4b,44,desc,desc,en,fr,mou,"The opposite of ""mou"" is """,dur,824,824,7.8125,7.8125,0.0
qwen3-4b,44,desc,val,en,fr,mou,"The opposite of ""mou"" is """,dur,824,854,7.8125,10.125,2.3125
qwen3-4b,44,desc,freq,en,fr,mou,"The opposite of ""mou"" is """,dur,824,641,7.8125,7.375,-0.4375
qwen3-4b,44,val,desc,en,fr,mou,"The opposite of ""mou"" is """,dur,824,927,7.8125,7.59375,-0.21875
qwen3-4b,44,val,val,en,fr,mou,"The opposite of ""mou"" is """,dur,824,635,7.8125,9.0,1.1875
qwen3-4b,44,val,freq,en,fr,mou,"The opposite of ""mou"" is """,dur,824,568,7.8125,8.0,0.1875
qwen3-4b,44,freq,desc,en,fr,mou,"The opposite of ""mou"" is """,dur,824,755,7.8125,7.96875,0.15625
qwen3-4b,44,freq,val,en,fr,mou,"The opposite of ""mou"" is """,dur,824,771,7.8125,10.5625,2.75
qwen3-4b,44,freq,freq,en,fr,mou,"The opposite of ""mou"" is """,dur,824,768,7.8125,7.96875,0.15625
qwen3-4b,45,desc,desc,en,fr,humide,"The opposite of ""humide"" is """,sec,1,0,21.125,21.25,0.125
qwen3-4b,45,desc,val,en,fr,humide,"The opposite of ""humide"" is """,sec,1,0,21.125,19.375,-1.75
qwen3-4b,45,desc,freq,en,fr,humide,"The opposite of ""humide"" is """,sec,1,0,21.125,22.125,1.0
qwen3-4b,45,val,desc,en,fr,humide,"The opposite of ""humide"" is """,sec,1,0,21.125,17.875,-3.25
qwen3-4b,45,val,val,en,fr,humide,"The opposite of ""humide"" is """,sec,1,0,21.125,18.0,-3.125
qwen3-4b,45,val,freq,en,fr,humide,"The opposite of ""humide"" is """,sec,1,0,21.125,18.625,-2.5
qwen3-4b,45,freq,desc,en,fr,humide,"The opposite of ""humide"" is """,sec,1,0,21.125,20.375,-0.75
qwen3-4b,45,freq,val,en,fr,humide,"The opposite of ""humide"" is """,sec,1,0,21.125,18.75,-2.375
qwen3-4b,45,freq,freq,en,fr,humide,"The opposite of ""humide"" is """,sec,1,0,21.125,20.375,-0.75
qwen3-4b,46,desc,desc,en,fr,silencieux,"The opposite of ""silencieux"" is """,bruyant,3,22,14.5625,12.3125,-2.25
qwen3-4b,46,desc,val,en,fr,silencieux,"The opposite of ""silencieux"" is """,bruyant,3,18,14.5625,14.1875,-0.375
qwen3-4b,46,desc,freq,en,fr,silencieux,"The opposite of ""silencieux"" is """,bruyant,3,17,14.5625,12.125,-2.4375
qwen3-4b,46,val,desc,en,fr,silencieux,"The opposite of ""silencieux"" is """,bruyant,3,3,14.5625,12.5,-2.0625
qwen3-4b,46,val,val,en,fr,silencieux,"The opposite of ""silencieux"" is """,bruyant,3,5,14.5625,12.1875,-2.375
qwen3-4b,46,val,freq,en,fr,silencieux,"The opposite of ""silencieux"" is """,bruyant,3,1,14.5625,11.625,-2.9375
qwen3-4b,46,freq,desc,en,fr,silencieux,"The opposite of ""silencieux"" is """,bruyant,3,32,14.5625,11.6875,-2.875
qwen3-4b,46,freq,val,en,fr,silencieux,"The opposite of ""silencieux"" is """,bruyant,3,27,14.5625,13.5625,-1.0
qwen3-4b,46,freq,freq,en,fr,silencieux,"The opposite of ""silencieux"" is """,bruyant,3,32,14.5625,11.625,-2.9375
qwen3-4b,47,desc,desc,en,fr,tard,"The opposite of ""tard"" is """,tôt,3,3,14.5625,14.5625,0.0
qwen3-4b,47,desc,val,en,fr,tard,"The opposite of ""tard"" is """,tôt,3,2,14.5625,17.0,2.4375
qwen3-4b,47,desc,freq,en,fr,tard,"The opposite of ""tard"" is """,tôt,3,1,14.5625,14.75,0.1875
qwen3-4b,47,val,desc,en,fr,tard,"The opposite of ""tard"" is """,tôt,3,1,14.5625,14.9375,0.375
qwen3-4b,47,val,val,en,fr,tard,"The opposite of ""tard"" is """,tôt,3,2,14.5625,15.0,0.4375
qwen3-4b,47,val,freq,en,fr,tard,"The opposite of ""tard"" is """,tôt,3,0,14.5625,15.9375,1.375
qwen3-4b,47,freq,desc,en,fr,tard,"The opposite of ""tard"" is """,tôt,3,5,14.5625,14.5625,0.0
qwen3-4b,47,freq,val,en,fr,tard,"The opposite of ""tard"" is """,tôt,3,2,14.5625,17.0,2.4375
qwen3-4b,47,freq,freq,en,fr,tard,"The opposite of ""tard"" is """,tôt,3,4,14.5625,14.5625,0.0
qwen3-4b,48,desc,desc,en,fr,loin,"The opposite of ""loin"" is """,proche,116,116,10.0,10.0,0.0
qwen3-4b,48,desc,val,en,fr,loin,"The opposite of ""loin"" is """,proche,116,78,10.0,12.125,2.125
qwen3-4b,48,desc,freq,en,fr,loin,"The opposite of ""loin"" is """,proche,116,71,10.0,9.9375,-0.0625
qwen3-4b,48,val,desc,en,fr,loin,"The opposite of ""loin"" is """,proche,116,133,10.0,8.4375,-1.5625
qwen3-4b,48,val,val,en,fr,loin,"The opposite of ""loin"" is """,proche,116,138,10.0,8.625,-1.375
qwen3-4b,48,val,freq,en,fr,loin,"The opposite of ""loin"" is """,proche,116,89,10.0,8.375,-1.625
qwen3-4b,48,freq,desc,en,fr,loin,"The opposite of ""loin"" is """,proche,116,108,10.0,10.0625,0.0625
qwen3-4b,48,freq,val,en,fr,loin,"The opposite of ""loin"" is """,proche,116,110,10.0,11.75,1.75
qwen3-4b,48,freq,freq,en,fr,loin,"The opposite of ""loin"" is """,proche,116,116,10.0,10.0,0.0
qwen3-4b,49,desc,desc,en,fr,peu profond,"The opposite of ""peu profond"" is """,profond,0,0,21.75,23.5,1.75
qwen3-4b,49,desc,val,en,fr,peu profond,"The opposite of ""peu profond"" is """,profond,0,0,21.75,22.25,0.5
qwen3-4b,49,desc,freq,en,fr,peu profond,"The opposite of ""peu profond"" is """,profond,0,0,21.75,24.0,2.25
qwen3-4b,49,val,desc,en,fr,peu profond,"The opposite of ""peu profond"" is """,profond,0,0,21.75,19.5,-2.25
qwen3-4b,49,val,val,en,fr,peu profond,"The opposite of ""peu profond"" is """,profond,0,0,21.75,19.5,-2.25
qwen3-4b,49,val,freq,en,fr,peu profond,"The opposite of ""peu profond"" is """,profond,0,0,21.75,20.25,-1.5
qwen3-4b,49,freq,desc,en,fr,peu profond,"The opposite of ""peu profond"" is """,profond,0,0,21.75,24.125,2.375
qwen3-4b,49,freq,val,en,fr,peu profond,"The opposite of ""peu profond"" is """,profond,0,0,21.75,22.5,0.75
qwen3-4b,49,freq,freq,en,fr,peu profond,"The opposite of ""peu profond"" is """,profond,0,0,21.75,24.0,2.25
qwen3-4b,50,desc,desc,en,fr,jeune,"The opposite of ""jeune"" is """,vieux,0,0,22.75,24.375,1.625
qwen3-4b,50,desc,val,en,fr,jeune,"The opposite of ""jeune"" is """,vieux,0,0,22.75,24.125,1.375
qwen3-4b,50,desc,freq,en,fr,jeune,"The opposite of ""jeune"" is """,vieux,0,0,22.75,24.25,1.5
qwen3-4b,50,val,desc,en,fr,jeune,"The opposite of ""jeune"" is """,vieux,0,0,22.75,24.875,2.125
qwen3-4b,50,val,val,en,fr,jeune,"The opposite of ""jeune"" is """,vieux,0,0,22.75,24.875,2.125
qwen3-4b,50,val,freq,en,fr,jeune,"The opposite of ""jeune"" is """,vieux,0,0,22.75,24.75,2.0
qwen3-4b,50,freq,desc,en,fr,jeune,"The opposite of ""jeune"" is """,vieux,0,0,22.75,25.0,2.25
qwen3-4b,50,freq,val,en,fr,jeune,"The opposite of ""jeune"" is """,vieux,0,0,22.75,23.375,0.625
qwen3-4b,50,freq,freq,en,fr,jeune,"The opposite of ""jeune"" is """,vieux,0,0,22.75,25.0,2.25
qwen3-4b,51,desc,desc,en,fr,gentil,"The opposite of ""gentil"" is """,méchant,6,51,17.0,13.9375,-3.0625
qwen3-4b,51,desc,val,en,fr,gentil,"The opposite of ""gentil"" is """,méchant,6,64,17.0,13.25,-3.75
qwen3-4b,51,desc,freq,en,fr,gentil,"The opposite of ""gentil"" is """,méchant,6,22,17.0,15.0,-2.0
qwen3-4b,51,val,desc,en,fr,gentil,"The opposite of ""gentil"" is """,méchant,6,22,17.0,12.6875,-4.3125
qwen3-4b,51,val,val,en,fr,gentil,"The opposite of ""gentil"" is """,méchant,6,71,17.0,10.875,-6.125
qwen3-4b,51,val,freq,en,fr,gentil,"The opposite of ""gentil"" is """,méchant,6,9,17.0,14.1875,-2.8125
qwen3-4b,51,freq,desc,en,fr,gentil,"The opposite of ""gentil"" is """,méchant,6,70,17.0,13.1875,-3.8125
qwen3-4b,51,freq,val,en,fr,gentil,"The opposite of ""gentil"" is """,méchant,6,96,17.0,12.5625,-4.4375
qwen3-4b,51,freq,freq,en,fr,gentil,"The opposite of ""gentil"" is """,méchant,6,69,17.0,13.25,-3.75
qwen3-4b,52,desc,desc,en,fr,courageux,"The opposite of ""courageux"" is """,lâche,7,22,16.5,14.3125,-2.1875
qwen3-4b,52,desc,val,en,fr,courageux,"The opposite of ""courageux"" is """,lâche,7,94,16.5,12.1875,-4.3125
qwen3-4b,52,desc,freq,en,fr,courageux,"The opposite of ""courageux"" is """,lâche,7,37,16.5,13.5,-3.0
qwen3-4b,52,val,desc,en,fr,courageux,"The opposite of ""courageux"" is """,lâche,7,59,16.5,11.0625,-5.4375
qwen3-4b,52,val,val,en,fr,courageux,"The opposite of ""courageux"" is """,lâche,7,66,16.5,11.1875,-5.3125
qwen3-4b,52,val,freq,en,fr,courageux,"The opposite of ""courageux"" is """,lâche,7,85,16.5,10.875,-5.625
qwen3-4b,52,freq,desc,en,fr,courageux,"The opposite of ""courageux"" is """,lâche,7,40,16.5,13.5625,-2.9375
qwen3-4b,52,freq,val,en,fr,courageux,"The opposite of ""courageux"" is """,lâche,7,116,16.5,11.9375,-4.5625
qwen3-4b,52,freq,freq,en,fr,courageux,"The opposite of ""courageux"" is """,lâche,7,37,16.5,13.75,-2.75
qwen3-4b,53,desc,desc,en,fr,sage,"The opposite of ""sage"" is """,stupide,91,91,12.5625,12.5625,0.0
qwen3-4b,53,desc,val,en,fr,sage,"The opposite of ""sage"" is """,stupide,91,68,12.5625,11.75,-0.8125
qwen3-4b,53,desc,freq,en,fr,sage,"The opposite of ""sage"" is """,stupide,91,76,12.5625,12.4375,-0.125
qwen3-4b,53,val,desc,en,fr,sage,"The opposite of ""sage"" is """,stupide,91,107,12.5625,8.4375,-4.125
qwen3-4b,53,val,val,en,fr,sage,"The opposite of ""sage"" is """,stupide,91,104,12.5625,8.625,-3.9375
qwen3-4b,53,val,freq,en,fr,sage,"The opposite of ""sage"" is """,stupide,91,92,12.5625,9.25,-3.3125
qwen3-4b,53,freq,desc,en,fr,sage,"The opposite of ""sage"" is """,stupide,91,95,12.5625,12.5625,0.0
qwen3-4b,53,freq,val,en,fr,sage,"The opposite of ""sage"" is """,stupide,91,65,12.5625,11.9375,-0.625
qwen3-4b,53,freq,freq,en,fr,sage,"The opposite of ""sage"" is """,stupide,91,90,12.5625,12.5625,0.0
qwen3-4b,54,desc,desc,en,fr,poli,"The opposite of ""poli"" is """,impoli,1348,1326,7.65625,7.6875,0.03125
qwen3-4b,54,desc,val,en,fr,poli,"The opposite of ""poli"" is """,impoli,1348,616,7.65625,10.3125,2.65625
qwen3-4b,54,desc,freq,en,fr,poli,"The opposite of ""poli"" is """,impoli,1348,688,7.65625,7.65625,0.0
qwen3-4b,54,val,desc,en,fr,poli,"The opposite of ""poli"" is """,impoli,1348,2582,7.65625,5.0,-2.65625
qwen3-4b,54,val,val,en,fr,poli,"The opposite of ""poli"" is """,impoli,1348,3150,7.65625,4.6875,-2.96875
qwen3-4b,54,val,freq,en,fr,poli,"The opposite of ""poli"" is """,impoli,1348,1033,7.65625,6.03125,-1.625
qwen3-4b,54,freq,desc,en,fr,poli,"The opposite of ""poli"" is """,impoli,1348,1328,7.65625,7.65625,0.0
qwen3-4b,54,freq,val,en,fr,poli,"The opposite of ""poli"" is """,impoli,1348,681,7.65625,10.1875,2.53125
qwen3-4b,54,freq,freq,en,fr,poli,"The opposite of ""poli"" is """,impoli,1348,1348,7.65625,7.65625,0.0
qwen3-4b,55,desc,desc,en,fr,patient,"The opposite of ""patient"" is """,impatient,1,1,22.0,22.0,0.0
qwen3-4b,55,desc,val,en,fr,patient,"The opposite of ""patient"" is """,impatient,1,1,22.0,20.75,-1.25
qwen3-4b,55,desc,freq,en,fr,patient,"The opposite of ""patient"" is """,impatient,1,1,22.0,21.75,-0.25
qwen3-4b,55,val,desc,en,fr,patient,"The opposite of ""patient"" is """,impatient,1,1,22.0,19.0,-3.0
qwen3-4b,55,val,val,en,fr,patient,"The opposite of ""patient"" is """,impatient,1,1,22.0,18.875,-3.125
qwen3-4b,55,val,freq,en,fr,patient,"The opposite of ""patient"" is """,impatient,1,1,22.0,19.5,-2.5
qwen3-4b,55,freq,desc,en,fr,patient,"The opposite of ""patient"" is """,impatient,1,1,22.0,21.875,-0.125
qwen3-4b,55,freq,val,en,fr,patient,"The opposite of ""patient"" is """,impatient,1,1,22.0,20.5,-1.5
qwen3-4b,55,freq,freq,en,fr,patient,"The opposite of ""patient"" is """,impatient,1,1,22.0,22.0,0.0
qwen3-4b,56,desc,desc,en,fr,honnête,"The opposite of ""honnête"" is """,malhonnête,9,24,16.0,15.375,-0.625
qwen3-4b,56,desc,val,en,fr,honnête,"The opposite of ""honnête"" is """,malhonnête,9,41,16.0,14.0,-2.0
qwen3-4b,56,desc,freq,en,fr,honnête,"The opposite of ""honnête"" is """,malhonnête,9,17,16.0,15.875,-0.125
qwen3-4b,56,val,desc,en,fr,honnête,"The opposite of ""honnête"" is """,malhonnête,9,16,16.0,14.0625,-1.9375
qwen3-4b,56,val,val,en,fr,honnête,"The opposite of ""honnête"" is """,malhonnête,9,20,16.0,14.0,-2.0
qwen3-4b,56,val,freq,en,fr,honnête,"The opposite of ""honnête"" is """,malhonnête,9,14,16.0,14.5625,-1.4375
qwen3-4b,56,freq,desc,en,fr,honnête,"The opposite of ""honnête"" is """,malhonnête,9,27,16.0,15.4375,-0.5625
qwen3-4b,56,freq,val,en,fr,honnête,"The opposite of ""honnête"" is """,malhonnête,9,45,16.0,13.6875,-2.3125
qwen3-4b,56,freq,freq,en,fr,honnête,"The opposite of ""honnête"" is """,malhonnête,9,27,16.0,15.5,-0.5
qwen3-4b,57,desc,desc,en,fr,sûr,"The opposite of ""sûr"" is """,dangereux,4,7,15.25,14.5625,-0.6875
qwen3-4b,57,desc,val,en,fr,sûr,"The opposite of ""sûr"" is """,dangereux,4,3,15.25,17.875,2.625
qwen3-4b,57,desc,freq,en,fr,sûr,"The opposite of ""sûr"" is """,dangereux,4,1,15.25,17.5,2.25
qwen3-4b,57,val,desc,en,fr,sûr,"The opposite of ""sûr"" is """,dangereux,4,22,15.25,13.0,-2.25
qwen3-4b,57,val,val,en,fr,sûr,"The opposite of ""sûr"" is """,dangereux,4,28,15.25,12.625,-2.625
qwen3-4b,57,val,freq,en,fr,sûr,"The opposite of ""sûr"" is """,dangereux,4,3,15.25,17.0,1.75
qwen3-4b,57,freq,desc,en,fr,sûr,"The opposite of ""sûr"" is """,dangereux,4,3,15.25,15.3125,0.0625
qwen3-4b,57,freq,val,en,fr,sûr,"The opposite of ""sûr"" is """,dangereux,4,2,15.25,18.5,3.25
qwen3-4b,57,freq,freq,en,fr,sûr,"The opposite of ""sûr"" is """,dangereux,4,3,15.25,15.3125,0.0625
qwen3-4b,58,desc,desc,en,fr,actif,"The opposite of ""actif"" is """,passif,0,0,22.375,24.625,2.25
qwen3-4b,58,desc,val,en,fr,actif,"The opposite of ""actif"" is """,passif,0,0,22.375,21.5,-0.875
qwen3-4b,58,desc,freq,en,fr,actif,"The opposite of ""actif"" is """,passif,0,0,22.375,23.875,1.5
qwen3-4b,58,val,desc,en,fr,actif,"The opposite of ""actif"" is """,passif,0,0,22.375,22.125,-0.25
qwen3-4b,58,val,val,en,fr,actif,"The opposite of ""actif"" is """,passif,0,0,22.375,21.75,-0.625
qwen3-4b,58,val,freq,en,fr,actif,"The opposite of ""actif"" is """,passif,0,0,22.375,22.125,-0.25
qwen3-4b,58,freq,desc,en,fr,actif,"The opposite of ""actif"" is """,passif,0,0,22.375,24.5,2.125
qwen3-4b,58,freq,val,en,fr,actif,"The opposite of ""actif"" is """,passif,0,0,22.375,21.5,-0.875
qwen3-4b,58,freq,freq,en,fr,actif,"The opposite of ""actif"" is """,passif,0,0,22.375,24.5,2.125
qwen3-4b,59,desc,desc,en,fr,droit,"The opposite of ""droit"" is """,tordu,54,34,10.875,12.125,1.25
qwen3-4b,59,desc,val,en,fr,droit,"The opposite of ""droit"" is """,tordu,54,23,10.875,13.4375,2.5625
qwen3-4b,59,desc,freq,en,fr,droit,"The opposite of ""droit"" is """,tordu,54,17,10.875,12.6875,1.8125
qwen3-4b,59,val,desc,en,fr,droit,"The opposite of ""droit"" is """,tordu,54,54,10.875,10.25,-0.625
qwen3-4b,59,val,val,en,fr,droit,"The opposite of ""droit"" is """,tordu,54,58,10.875,10.25,-0.625
qwen3-4b,59,val,freq,en,fr,droit,"The opposite of ""droit"" is """,tordu,54,32,10.875,10.625,-0.25
qwen3-4b,59,freq,desc,en,fr,droit,"The opposite of ""droit"" is """,tordu,54,34,10.875,12.625,1.75
qwen3-4b,59,freq,val,en,fr,droit,"The opposite of ""droit"" is """,tordu,54,28,10.875,13.3125,2.4375
qwen3-4b,59,freq,freq,en,fr,droit,"The opposite of ""droit"" is """,tordu,54,33,10.875,12.5625,1.6875
qwen3-4b,60,desc,desc,en,fr,entier,"The opposite of ""entier"" is """,cassé,27,31,11.8125,11.4375,-0.375
qwen3-4b,60,desc,val,en,fr,entier,"The opposite of ""entier"" is """,cassé,27,33,11.8125,14.3125,2.5
qwen3-4b,60,desc,freq,en,fr,entier,"The opposite of ""entier"" is """,cassé,27,22,11.8125,11.3125,-0.5
qwen3-4b,60,val,desc,en,fr,entier,"The opposite of ""entier"" is """,cassé,27,51,11.8125,10.375,-1.4375
qwen3-4b,60,val,val,en,fr,entier,"The opposite of ""entier"" is """,cassé,27,47,11.8125,10.5625,-1.25
qwen3-4b,60,val,freq,en,fr,entier,"The opposite of ""entier"" is """,cassé,27,23,11.8125,11.0,-0.8125
qwen3-4b,60,freq,desc,en,fr,entier,"The opposite of ""entier"" is """,cassé,27,30,11.8125,11.5625,-0.25
qwen3-4b,60,freq,val,en,fr,entier,"The opposite of ""entier"" is """,cassé,27,29,11.8125,14.5,2.6875
qwen3-4b,60,freq,freq,en,fr,entier,"The opposite of ""entier"" is """,cassé,27,30,11.8125,11.5625,-0.25
qwen3-4b,61,desc,desc,en,fr,calme,"The opposite of ""calme"" is """,agité,0,0,20.5,20.875,0.375
qwen3-4b,61,desc,val,en,fr,calme,"The opposite of ""calme"" is """,agité,0,0,20.5,20.625,0.125
qwen3-4b,61,desc,freq,en,fr,calme,"The opposite of ""calme"" is """,agité,0,0,20.5,21.375,0.875
qwen3-4b,61,val,desc,en,fr,calme,"The opposite of ""calme"" is """,agité,0,0,20.5,20.0,-0.5
qwen3-4b,61,val,val,en,fr,calme,"The opposite of ""calme"" is """,agité,0,0,20.5,19.875,-0.625
qwen3-4b,61,val,freq,en,fr,calme,"The opposite of ""calme"" is """,agité,0,0,20.5,18.25,-2.25
qwen3-4b,61,freq,desc,en,fr,calme,"The opposite of ""calme"" is """,agité,0,0,20.5,20.5,0.0
qwen3-4b,61,freq,val,en,fr,calme,"The opposite of ""calme"" is """,agité,0,0,20.5,19.875,-0.625
qwen3-4b,61,freq,freq,en,fr,calme,"The opposite of ""calme"" is """,agité,0,0,20.5,20.5,0.0
qwen3-4b,62,desc,desc,en,fr,correct,"The opposite of ""correct"" is """,incorrect,0,0,22.25,22.25,0.0
qwen3-4b,62,desc,val,en,fr,correct,"The opposite of ""correct"" is """,incorrect,0,0,22.25,21.625,-0.625
qwen3-4b,62,desc,freq,en,fr,correct,"The opposite of ""correct"" is """,incorrect,0,0,22.25,21.5,-0.75
qwen3-4b,62,val,desc,en,fr,correct,"The opposite of ""correct"" is """,incorrect,0,1,22.25,18.75,-3.5
qwen3-4b,62,val,val,en,fr,correct,"The opposite of ""correct"" is """,incorrect,0,1,22.25,18.75,-3.5
qwen3-4b,62,val,freq,en,fr,correct,"The opposite of ""correct"" is """,incorrect,0,0,22.25,18.625,-3.625
qwen3-4b,62,freq,desc,en,fr,correct,"The opposite of ""correct"" is """,incorrect,0,0,22.25,22.25,0.0
qwen3-4b,62,freq,val,en,fr,correct,"The opposite of ""correct"" is """,incorrect,0,0,22.25,21.75,-0.5
qwen3-4b,62,freq,freq,en,fr,correct,"The opposite of ""correct"" is """,incorrect,0,0,22.25,22.25,0.0
qwen3-4b,63,desc,desc,en,fr,complexe,"The opposite of ""complexe"" is """,simple,0,0,24.0,24.125,0.125
qwen3-4b,63,desc,val,en,fr,complexe,"The opposite of ""complexe"" is """,simple,0,0,24.0,22.875,-1.125
qwen3-4b,63,desc,freq,en,fr,complexe,"The opposite of ""complexe"" is """,simple,0,0,24.0,23.25,-0.75
qwen3-4b,63,val,desc,en,fr,complexe,"The opposite of ""complexe"" is """,simple,0,0,24.0,21.375,-2.625
qwen3-4b,63,val,val,en,fr,complexe,"The opposite of ""complexe"" is """,simple,0,0,24.0,21.375,-2.625
qwen3-4b,63,val,freq,en,fr,complexe,"The opposite of ""complexe"" is """,simple,0,0,24.0,20.375,-3.625
qwen3-4b,63,freq,desc,en,fr,complexe,"The opposite of ""complexe"" is """,simple,0,0,24.0,23.875,-0.125
qwen3-4b,63,freq,val,en,fr,complexe,"The opposite of ""complexe"" is """,simple,0,0,24.0,22.875,-1.125
qwen3-4b,63,freq,freq,en,fr,complexe,"The opposite of ""complexe"" is """,simple,0,0,24.0,23.875,-0.125
qwen3-4b,64,desc,desc,en,fr,efficace,"The opposite of ""efficace"" is """,inefficace,0,0,25.75,26.625,0.875
qwen3-4b,64,desc,val,en,fr,efficace,"The opposite of ""efficace"" is """,inefficace,0,0,25.75,25.75,0.0
qwen3-4b,64,desc,freq,en,fr,efficace,"The opposite of ""efficace"" is """,inefficace,0,0,25.75,25.375,-0.375
qwen3-4b,64,val,desc,en,fr,efficace,"The opposite of ""efficace"" is """,inefficace,0,0,25.75,24.375,-1.375
qwen3-4b,64,val,val,en,fr,efficace,"The opposite of ""efficace"" is """,inefficace,0,0,25.75,24.375,-1.375
qwen3-4b,64,val,freq,en,fr,efficace,"The opposite of ""efficace"" is """,inefficace,0,0,25.75,22.875,-2.875
qwen3-4b,64,freq,desc,en,fr,efficace,"The opposite of ""efficace"" is """,inefficace,0,0,25.75,26.5,0.75
qwen3-4b,64,freq,val,en,fr,efficace,"The opposite of ""efficace"" is """,inefficace,0,0,25.75,25.375,-0.375
qwen3-4b,64,freq,freq,en,fr,efficace,"The opposite of ""efficace"" is """,inefficace,0,0,25.75,26.375,0.625
qwen3-4b,65,desc,desc,en,fr,célèbre,"The opposite of ""célèbre"" is """,inconnu,1,2,17.875,17.75,-0.125
qwen3-4b,65,desc,val,en,fr,célèbre,"The opposite of ""célèbre"" is """,inconnu,1,0,17.875,17.875,0.0
qwen3-4b,65,desc,freq,en,fr,célèbre,"The opposite of ""célèbre"" is """,inconnu,1,3,17.875,17.25,-0.625
qwen3-4b,65,val,desc,en,fr,célèbre,"The opposite of ""célèbre"" is """,inconnu,1,12,17.875,13.625,-4.25
qwen3-4b,65,val,val,en,fr,célèbre,"The opposite of ""célèbre"" is """,inconnu,1,12,17.875,13.875,-4.0
qwen3-4b,65,val,freq,en,fr,célèbre,"The opposite of ""célèbre"" is """,inconnu,1,10,17.875,13.4375,-4.4375
qwen3-4b,65,freq,desc,en,fr,célèbre,"The opposite of ""célèbre"" is """,inconnu,1,6,17.875,17.125,-0.75
qwen3-4b,65,freq,val,en,fr,célèbre,"The opposite of ""célèbre"" is """,inconnu,1,1,17.875,17.625,-0.25
qwen3-4b,65,freq,freq,en,fr,célèbre,"The opposite of ""célèbre"" is """,inconnu,1,6,17.875,17.125,-0.75
qwen3-4b,66,desc,desc,en,fr,généreux,"The opposite of ""généreux"" is """,mesquin,2,2,16.5,16.875,0.375
qwen3-4b,66,desc,val,en,fr,généreux,"The opposite of ""généreux"" is """,mesquin,2,19,16.5,14.6875,-1.8125
qwen3-4b,66,desc,freq,en,fr,généreux,"The opposite of ""généreux"" is """,mesquin,2,14,16.5,14.375,-2.125
qwen3-4b,66,val,desc,en,fr,généreux,"The opposite of ""généreux"" is """,mesquin,2,4,16.5,14.125,-2.375
qwen3-4b,66,val,val,en,fr,généreux,"The opposite of ""généreux"" is """,mesquin,2,3,16.5,14.25,-2.25
qwen3-4b,66,val,freq,en,fr,généreux,"The opposite of ""généreux"" is """,mesquin,2,11,16.5,12.375,-4.125
qwen3-4b,66,freq,desc,en,fr,généreux,"The opposite of ""généreux"" is """,mesquin,2,10,16.5,15.625,-0.875
qwen3-4b,66,freq,val,en,fr,généreux,"The opposite of ""généreux"" is """,mesquin,2,23,16.5,14.0,-2.5
qwen3-4b,66,freq,freq,en,fr,généreux,"The opposite of ""généreux"" is """,mesquin,2,11,16.5,15.5625,-0.9375
qwen3-4b,67,desc,desc,en,fr,content,"The opposite of ""content"" is """,insatisfait,97,97,12.875,12.875,0.0
qwen3-4b,67,desc,val,en,fr,content,"The opposite of ""content"" is """,insatisfait,97,56,12.875,12.6875,-0.1875
qwen3-4b,67,desc,freq,en,fr,content,"The opposite of ""content"" is """,insatisfait,97,30,12.875,13.625,0.75
qwen3-4b,67,val,desc,en,fr,content,"The opposite of ""content"" is """,insatisfait,97,200,12.875,9.125,-3.75
qwen3-4b,67,val,val,en,fr,content,"The opposite of ""content"" is """,insatisfait,97,179,12.875,9.6875,-3.1875
qwen3-4b,67,val,freq,en,fr,content,"The opposite of ""content"" is """,insatisfait,97,53,12.875,10.75,-2.125
qwen3-4b,67,freq,desc,en,fr,content,"The opposite of ""content"" is """,insatisfait,97,99,12.875,12.75,-0.125
qwen3-4b,67,freq,val,en,fr,content,"The opposite of ""content"" is """,insatisfait,97,67,12.875,12.4375,-0.4375
qwen3-4b,67,freq,freq,en,fr,content,"The opposite of ""content"" is """,insatisfait,97,97,12.875,12.875,0.0
qwen3-4b,68,desc,desc,en,fr,sain,"The opposite of ""sain"" is """,malsain,5,5,15.3125,15.1875,-0.125
qwen3-4b,68,desc,val,en,fr,sain,"The opposite of ""sain"" is """,malsain,5,3,15.3125,17.0,1.6875
qwen3-4b,68,desc,freq,en,fr,sain,"The opposite of ""sain"" is """,malsain,5,2,15.3125,14.9375,-0.375
qwen3-4b,68,val,desc,en,fr,sain,"The opposite of ""sain"" is """,malsain,5,4,15.3125,15.5,0.1875
qwen3-4b,68,val,val,en,fr,sain,"The opposite of ""sain"" is """,malsain,5,4,15.3125,15.3125,0.0
qwen3-4b,68,val,freq,en,fr,sain,"The opposite of ""sain"" is """,malsain,5,1,15.3125,16.125,0.8125
qwen3-4b,68,freq,desc,en,fr,sain,"The opposite of ""sain"" is """,malsain,5,6,15.3125,15.125,-0.1875
qwen3-4b,68,freq,val,en,fr,sain,"The opposite of ""sain"" is """,malsain,5,4,15.3125,17.0,1.6875
qwen3-4b,68,freq,freq,en,fr,sain,"The opposite of ""sain"" is """,malsain,5,8,15.3125,15.0625,-0.25
qwen3-4b,69,desc,desc,en,fr,haut,"The opposite of ""haut"" is """,bas,0,0,25.875,24.5,-1.375
qwen3-4b,69,desc,val,en,fr,haut,"The opposite of ""haut"" is """,bas,0,0,25.875,21.875,-4.0
qwen3-4b,69,desc,freq,en,fr,haut,"The opposite of ""haut"" is """,bas,0,0,25.875,23.375,-2.5
qwen3-4b,69,val,desc,en,fr,haut,"The opposite of ""haut"" is """,bas,0,0,25.875,23.375,-2.5
qwen3-4b,69,val,val,en,fr,haut,"The opposite of ""haut"" is """,bas,0,0,25.875,23.25,-2.625
qwen3-4b,69,val,freq,en,fr,haut,"The opposite of ""haut"" is """,bas,0,0,25.875,22.625,-3.25
qwen3-4b,69,freq,desc,en,fr,haut,"The opposite of ""haut"" is """,bas,0,1,25.875,21.75,-4.125
qwen3-4b,69,freq,val,en,fr,haut,"The opposite of ""haut"" is """,bas,0,1,25.875,20.125,-5.75
qwen3-4b,69,freq,freq,en,fr,haut,"The opposite of ""haut"" is """,bas,0,1,25.875,21.625,-4.25
qwen3-4b,70,desc,desc,en,fr,important,"The opposite of ""important"" is """,insignifiant,4,4,20.0,20.0,0.0
qwen3-4b,70,desc,val,en,fr,important,"The opposite of ""important"" is """,insignifiant,4,3,20.0,17.625,-2.375
qwen3-4b,70,desc,freq,en,fr,important,"The opposite of ""important"" is """,insignifiant,4,3,20.0,20.125,0.125
qwen3-4b,70,val,desc,en,fr,important,"The opposite of ""important"" is """,insignifiant,4,3,20.0,15.25,-4.75
qwen3-4b,70,val,val,en,fr,important,"The opposite of ""important"" is """,insignifiant,4,2,20.0,15.5,-4.5
qwen3-4b,70,val,freq,en,fr,important,"The opposite of ""important"" is """,insignifiant,4,2,20.0,15.8125,-4.1875
qwen3-4b,70,freq,desc,en,fr,important,"The opposite of ""important"" is """,insignifiant,4,4,20.0,19.875,-0.125
qwen3-4b,70,freq,val,en,fr,important,"The opposite of ""important"" is """,insignifiant,4,3,20.0,17.75,-2.25
qwen3-4b,70,freq,freq,en,fr,important,"The opposite of ""important"" is """,insignifiant,4,4,20.0,20.0,0.0
qwen3-4b,71,desc,desc,en,fr,innocent,"The opposite of ""innocent"" is """,coupable,18,18,15.3125,15.3125,0.0
qwen3-4b,71,desc,val,en,fr,innocent,"The opposite of ""innocent"" is """,coupable,18,13,15.3125,14.6875,-0.625
qwen3-4b,71,desc,freq,en,fr,innocent,"The opposite of ""innocent"" is """,coupable,18,7,15.3125,17.25,1.9375
qwen3-4b,71,val,desc,en,fr,innocent,"The opposite of ""innocent"" is """,coupable,18,15,15.3125,11.625,-3.6875
qwen3-4b,71,val,val,en,fr,innocent,"The opposite of ""innocent"" is """,coupable,18,17,15.3125,11.8125,-3.5
qwen3-4b,71,val,freq,en,fr,innocent,"The opposite of ""innocent"" is """,coupable,18,7,15.3125,14.125,-1.1875
qwen3-4b,71,freq,desc,en,fr,innocent,"The opposite of ""innocent"" is """,coupable,18,16,15.3125,15.375,0.0625
qwen3-4b,71,freq,val,en,fr,innocent,"The opposite of ""innocent"" is """,coupable,18,15,15.3125,14.4375,-0.875
qwen3-4b,71,freq,freq,en,fr,innocent,"The opposite of ""innocent"" is """,coupable,18,18,15.3125,15.3125,0.0
qwen3-4b,72,desc,desc,en,fr,connu,"The opposite of ""connu"" is """,inconnu,0,0,24.375,22.875,-1.5
qwen3-4b,72,desc,val,en,fr,connu,"The opposite of ""connu"" is """,inconnu,0,1,24.375,20.125,-4.25
qwen3-4b,72,desc,freq,en,fr,connu,"The opposite of ""connu"" is """,inconnu,0,1,24.375,20.75,-3.625
qwen3-4b,72,val,desc,en,fr,connu,"The opposite of ""connu"" is """,inconnu,0,0,24.375,19.5,-4.875
qwen3-4b,72,val,val,en,fr,connu,"The opposite of ""connu"" is """,inconnu,0,0,24.375,19.375,-5.0
qwen3-4b,72,val,freq,en,fr,connu,"The opposite of ""connu"" is """,inconnu,0,0,24.375,19.0,-5.375
qwen3-4b,72,freq,desc,en,fr,connu,"The opposite of ""connu"" is """,inconnu,0,3,24.375,18.75,-5.625
qwen3-4b,72,freq,val,en,fr,connu,"The opposite of ""connu"" is """,inconnu,0,2,24.375,17.625,-6.75
qwen3-4b,72,freq,freq,en,fr,connu,"The opposite of ""connu"" is """,inconnu,0,3,24.375,18.625,-5.75
qwen3-4b,73,desc,desc,en,fr,masculin,"The opposite of ""masculin"" is """,féminin,1,2,18.625,17.125,-1.5
qwen3-4b,73,desc,val,en,fr,masculin,"The opposite of ""masculin"" is """,féminin,1,2,18.625,15.3125,-3.3125
qwen3-4b,73,desc,freq,en,fr,masculin,"The opposite of ""masculin"" is """,féminin,1,1,18.625,20.375,1.75
qwen3-4b,73,val,desc,en,fr,masculin,"The opposite of ""masculin"" is """,féminin,1,1,18.625,14.625,-4.0
qwen3-4b,73,val,val,en,fr,masculin,"The opposite of ""masculin"" is """,féminin,1,1,18.625,13.0625,-5.5625
qwen3-4b,73,val,freq,en,fr,masculin,"The opposite of ""masculin"" is """,féminin,1,1,18.625,17.875,-0.75
qwen3-4b,73,freq,desc,en,fr,masculin,"The opposite of ""masculin"" is """,féminin,1,1,18.625,17.25,-1.375
qwen3-4b,73,freq,val,en,fr,masculin,"The opposite of ""masculin"" is """,féminin,1,4,18.625,14.8125,-3.8125
qwen3-4b,73,freq,freq,en,fr,masculin,"The opposite of ""masculin"" is """,féminin,1,1,18.625,17.375,-1.25
qwen3-4b,74,desc,desc,en,fr,normal,"The opposite of ""normal"" is """,anormal,2,2,17.25,17.25,0.0
qwen3-4b,74,desc,val,en,fr,normal,"The opposite of ""normal"" is """,anormal,2,1,17.25,18.0,0.75
qwen3-4b,74,desc,freq,en,fr,normal,"The opposite of ""normal"" is """,anormal,2,2,17.25,17.875,0.625
qwen3-4b,74,val,desc,en,fr,normal,"The opposite of ""normal"" is """,anormal,2,2,17.25,17.125,-0.125
qwen3-4b,74,val,val,en,fr,normal,"The opposite of ""normal"" is """,anormal,2,2,17.25,17.25,0.0
qwen3-4b,74,val,freq,en,fr,normal,"The opposite of ""normal"" is """,anormal,2,1,17.25,17.75,0.5
qwen3-4b,74,freq,desc,en,fr,normal,"The opposite of ""normal"" is """,anormal,2,2,17.25,17.125,-0.125
qwen3-4b,74,freq,val,en,fr,normal,"The opposite of ""normal"" is """,anormal,2,1,17.25,17.875,0.625
qwen3-4b,74,freq,freq,en,fr,normal,"The opposite of ""normal"" is """,anormal,2,2,17.25,17.25,0.0
qwen3-4b,75,desc,desc,en,fr,possible,"The opposite of ""possible"" is """,impossible,0,0,25.25,25.25,0.0
qwen3-4b,75,desc,val,en,fr,possible,"The opposite of ""possible"" is """,impossible,0,0,25.25,23.125,-2.125
qwen3-4b,75,desc,freq,en,fr,possible,"The opposite of ""possible"" is """,impossible,0,0,25.25,25.5,0.25
qwen3-4b,75,val,desc,en,fr,possible,"The opposite of ""possible"" is """,impossible,0,0,25.25,22.125,-3.125
qwen3-4b,75,val,val,en,fr,possible,"The opposite of ""possible"" is """,impossible,0,0,25.25,22.375,-2.875
qwen3-4b,75,val,freq,en,fr,possible,"The opposite of ""possible"" is """,impossible,0,0,25.25,22.25,-3.0
qwen3-4b,75,freq,desc,en,fr,possible,"The opposite of ""possible"" is """,impossible,0,0,25.25,25.125,-0.125
qwen3-4b,75,freq,val,en,fr,possible,"The opposite of ""possible"" is """,impossible,0,0,25.25,23.25,-2.0
qwen3-4b,75,freq,freq,en,fr,possible,"The opposite of ""possible"" is """,impossible,0,0,25.25,25.25,0.0
qwen3-4b,76,desc,desc,en,fr,privé,"The opposite of ""privé"" is """,public,0,0,20.625,19.5,-1.125
qwen3-4b,76,desc,val,en,fr,privé,"The opposite of ""privé"" is """,public,0,0,20.625,20.25,-0.375
qwen3-4b,76,desc,freq,en,fr,privé,"The opposite of ""privé"" is """,public,0,0,20.625,20.75,0.125
qwen3-4b,76,val,desc,en,fr,privé,"The opposite of ""privé"" is """,public,0,0,20.625,16.25,-4.375
qwen3-4b,76,val,val,en,fr,privé,"The opposite of ""privé"" is """,public,0,1,20.625,15.6875,-4.9375
qwen3-4b,76,val,freq,en,fr,privé,"The opposite of ""privé"" is """,public,0,0,20.625,17.5,-3.125
qwen3-4b,76,freq,desc,en,fr,privé,"The opposite of ""privé"" is """,public,0,1,20.625,18.25,-2.375
qwen3-4b,76,freq,val,en,fr,privé,"The opposite of ""privé"" is """,public,0,0,20.625,19.375,-1.25
qwen3-4b,76,freq,freq,en,fr,privé,"The opposite of ""privé"" is """,public,0,1,20.625,18.25,-2.375
qwen3-4b,77,desc,desc,en,fr,juste,"The opposite of ""juste"" is """,faux,5,10,17.125,15.75,-1.375
qwen3-4b,77,desc,val,en,fr,juste,"The opposite of ""juste"" is """,faux,5,11,17.125,15.25,-1.875
qwen3-4b,77,desc,freq,en,fr,juste,"The opposite of ""juste"" is """,faux,5,7,17.125,15.875,-1.25
qwen3-4b,77,val,desc,en,fr,juste,"The opposite of ""juste"" is """,faux,5,6,17.125,15.0,-2.125
qwen3-4b,77,val,val,en,fr,juste,"The opposite of ""juste"" is """,faux,5,6,17.125,14.9375,-2.1875
qwen3-4b,77,val,freq,en,fr,juste,"The opposite of ""juste"" is """,faux,5,4,17.125,15.375,-1.75
qwen3-4b,77,freq,desc,en,fr,juste,"The opposite of ""juste"" is """,faux,5,8,17.125,16.75,-0.375
qwen3-4b,77,freq,val,en,fr,juste,"The opposite of ""juste"" is """,faux,5,9,17.125,16.125,-1.0
qwen3-4b,77,freq,freq,en,fr,juste,"The opposite of ""juste"" is """,faux,5,8,17.125,16.75,-0.375
qwen3-4b,78,desc,desc,en,fr,simple,"The opposite of ""simple"" is """,complexe,4,4,16.125,16.125,0.0
qwen3-4b,78,desc,val,en,fr,simple,"The opposite of ""simple"" is """,complexe,4,3,16.125,17.25,1.125
qwen3-4b,78,desc,freq,en,fr,simple,"The opposite of ""simple"" is """,complexe,4,2,16.125,17.25,1.125
qwen3-4b,78,val,desc,en,fr,simple,"The opposite of ""simple"" is """,complexe,4,6,16.125,12.8125,-3.3125
qwen3-4b,78,val,val,en,fr,simple,"The opposite of ""simple"" is """,complexe,4,5,16.125,13.4375,-2.6875
qwen3-4b,78,val,freq,en,fr,simple,"The opposite of ""simple"" is """,complexe,4,2,16.125,14.0625,-2.0625
qwen3-4b,78,freq,desc,en,fr,simple,"The opposite of ""simple"" is """,complexe,4,4,16.125,16.0,-0.125
qwen3-4b,78,freq,val,en,fr,simple,"The opposite of ""simple"" is """,complexe,4,4,16.125,16.75,0.625
qwen3-4b,78,freq,freq,en,fr,simple,"The opposite of ""simple"" is """,complexe,4,4,16.125,16.125,0.0
qwen3-4b,79,desc,desc,en,fr,doux,"The opposite of ""doux"" is """,amer,14,27,16.125,15.875,-0.25
qwen3-4b,79,desc,val,en,fr,doux,"The opposite of ""doux"" is """,amer,14,29,16.125,15.0,-1.125
qwen3-4b,79,desc,freq,en,fr,doux,"The opposite of ""doux"" is """,amer,14,21,16.125,14.8125,-1.3125
qwen3-4b,79,val,desc,en,fr,doux,"The opposite of ""doux"" is """,amer,14,12,16.125,15.9375,-0.1875
qwen3-4b,79,val,val,en,fr,doux,"The opposite of ""doux"" is """,amer,14,19,16.125,15.1875,-0.9375
qwen3-4b,79,val,freq,en,fr,doux,"The opposite of ""doux"" is """,amer,14,26,16.125,13.75,-2.375
qwen3-4b,79,freq,desc,en,fr,doux,"The opposite of ""doux"" is """,amer,14,61,16.125,14.5,-1.625
qwen3-4b,79,freq,val,en,fr,doux,"The opposite of ""doux"" is """,amer,14,45,16.125,13.4375,-2.6875
qwen3-4b,79,freq,freq,en,fr,doux,"The opposite of ""doux"" is """,amer,14,61,16.125,14.5,-1.625
qwen3-4b,80,desc,desc,en,fr,visible,"The opposite of ""visible"" is """,invisible,0,0,24.25,24.25,0.0
qwen3-4b,80,desc,val,en,fr,visible,"The opposite of ""visible"" is """,invisible,0,0,24.25,22.5,-1.75
qwen3-4b,80,desc,freq,en,fr,visible,"The opposite of ""visible"" is """,invisible,0,0,24.25,24.875,0.625
qwen3-4b,80,val,desc,en,fr,visible,"The opposite of ""visible"" is """,invisible,0,0,24.25,19.875,-4.375
qwen3-4b,80,val,val,en,fr,visible,"The opposite of ""visible"" is """,invisible,0,0,24.25,19.75,-4.5
qwen3-4b,80,val,freq,en,fr,visible,"The opposite of ""visible"" is """,invisible,0,0,24.25,20.375,-3.875
qwen3-4b,80,freq,desc,en,fr,visible,"The opposite of ""visible"" is """,invisible,0,0,24.25,24.25,0.0
qwen3-4b,80,freq,val,en,fr,visible,"The opposite of ""visible"" is """,invisible,0,0,24.25,22.25,-2.0
qwen3-4b,80,freq,freq,en,fr,visible,"The opposite of ""visible"" is """,invisible,0,0,24.25,24.25,0.0
qwen3-4b,81,desc,desc,en,fr,chaud,"The opposite of ""chaud"" is """,frais,0,0,25.25,26.125,0.875
qwen3-4b,81,desc,val,en,fr,chaud,"The opposite of ""chaud"" is """,frais,0,0,25.25,22.875,-2.375
qwen3-4b,81,desc,freq,en,fr,chaud,"The opposite of ""chaud"" is """,frais,0,0,25.25,24.75,-0.5
qwen3-4b,81,val,desc,en,fr,chaud,"The opposite of ""chaud"" is """,frais,0,0,25.25,26.25,1.0
qwen3-4b,81,val,val,en,fr,chaud,"The opposite of ""chaud"" is """,frais,0,0,25.25,26.125,0.875
qwen3-4b,81,val,freq,en,fr,chaud,"The opposite of ""chaud"" is """,frais,0,0,25.25,26.125,0.875
qwen3-4b,81,freq,desc,en,fr,chaud,"The opposite of ""chaud"" is """,frais,0,0,25.25,25.5,0.25
qwen3-4b,81,freq,val,en,fr,chaud,"The opposite of ""chaud"" is """,frais,0,0,25.25,21.25,-4.0
qwen3-4b,81,freq,freq,en,fr,chaud,"The opposite of ""chaud"" is """,frais,0,0,25.25,25.25,0.0
qwen3-4b,82,desc,desc,en,fr,lisse,"The opposite of ""lisse"" is """,rugueux,126,139,11.0625,10.875,-0.1875
qwen3-4b,82,desc,val,en,fr,lisse,"The opposite of ""lisse"" is """,rugueux,126,112,11.0625,12.5625,1.5
qwen3-4b,82,desc,freq,en,fr,lisse,"The opposite of ""lisse"" is """,rugueux,126,84,11.0625,10.9375,-0.125
qwen3-4b,82,val,desc,en,fr,lisse,"The opposite of ""lisse"" is """,rugueux,126,137,11.0625,10.8125,-0.25
qwen3-4b,82,val,val,en,fr,lisse,"The opposite of ""lisse"" is """,rugueux,126,124,11.0625,10.9375,-0.125
qwen3-4b,82,val,freq,en,fr,lisse,"The opposite of ""lisse"" is """,rugueux,126,80,11.0625,11.6875,0.625
qwen3-4b,82,freq,desc,en,fr,lisse,"The opposite of ""lisse"" is """,rugueux,126,134,11.0625,10.75,-0.3125
qwen3-4b,82,freq,val,en,fr,lisse,"The opposite of ""lisse"" is """,rugueux,126,109,11.0625,12.0,0.9375
qwen3-4b,82,freq,freq,en,fr,lisse,"The opposite of ""lisse"" is """,rugueux,126,132,11.0625,10.75,-0.3125
qwen3-4b,83,desc,desc,en,fr,mince,"The opposite of ""mince"" is """,épais,1790,1790,6.65625,6.65625,0.0
qwen3-4b,83,desc,val,en,fr,mince,"The opposite of ""mince"" is """,épais,1790,1487,6.65625,8.125,1.46875
qwen3-4b,83,desc,freq,en,fr,mince,"The opposite of ""mince"" is """,épais,1790,1236,6.65625,6.75,0.09375
qwen3-4b,83,val,desc,en,fr,mince,"The opposite of ""mince"" is """,épais,1790,1547,6.65625,4.6875,-1.96875
qwen3-4b,83,val,val,en,fr,mince,"The opposite of ""mince"" is """,épais,1790,2059,6.65625,4.21875,-2.4375
qwen3-4b,83,val,freq,en,fr,mince,"The opposite of ""mince"" is """,épais,1790,311,6.65625,7.21875,0.5625
qwen3-4b,83,freq,desc,en,fr,mince,"The opposite of ""mince"" is """,épais,1790,1481,6.65625,7.03125,0.375
qwen3-4b,83,freq,val,en,fr,mince,"The opposite of ""mince"" is """,épais,1790,1229,6.65625,8.375,1.71875
qwen3-4b,83,freq,freq,en,fr,mince,"The opposite of ""mince"" is """,épais,1790,1790,6.65625,6.65625,0.0
qwen3-4b,84,desc,desc,en,fr,grand,"The opposite of ""grand"" is """,petit,1,1,18.375,18.375,0.0
qwen3-4b,84,desc,val,en,fr,grand,"The opposite of ""grand"" is """,petit,1,0,18.375,17.125,-1.25
qwen3-4b,84,desc,freq,en,fr,grand,"The opposite of ""grand"" is """,petit,1,0,18.375,20.0,1.625
qwen3-4b,84,val,desc,en,fr,grand,"The opposite of ""grand"" is """,petit,1,1,18.375,16.25,-2.125
qwen3-4b,84,val,val,en,fr,grand,"The opposite of ""grand"" is """,petit,1,1,18.375,16.375,-2.0
qwen3-4b,84,val,freq,en,fr,grand,"The opposite of ""grand"" is """,petit,1,0,18.375,18.625,0.25
qwen3-4b,84,freq,desc,en,fr,grand,"The opposite of ""grand"" is """,petit,1,1,18.375,18.25,-0.125
qwen3-4b,84,freq,val,en,fr,grand,"The opposite of ""grand"" is """,petit,1,3,18.375,16.625,-1.75
qwen3-4b,84,freq,freq,en,fr,grand,"The opposite of ""grand"" is """,petit,1,1,18.375,18.375,0.0
qwen3-4b,85,desc,desc,en,fr,marié,"The opposite of ""marié"" is """,célibataire,0,11,20.125,15.9375,-4.1875
qwen3-4b,85,desc,val,en,fr,marié,"The opposite of ""marié"" is """,célibataire,0,20,20.125,14.9375,-5.1875
qwen3-4b,85,desc,freq,en,fr,marié,"The opposite of ""marié"" is """,célibataire,0,10,20.125,15.5625,-4.5625
qwen3-4b,85,val,desc,en,fr,marié,"The opposite of ""marié"" is """,célibataire,0,6,20.125,16.25,-3.875
qwen3-4b,85,val,val,en,fr,marié,"The opposite of ""marié"" is """,célibataire,0,6,20.125,16.5,-3.625
qwen3-4b,85,val,freq,en,fr,marié,"The opposite of ""marié"" is """,célibataire,0,4,20.125,16.75,-3.375
qwen3-4b,85,freq,desc,en,fr,marié,"The opposite of ""marié"" is """,célibataire,0,26,20.125,13.625,-6.5
qwen3-4b,85,freq,val,en,fr,marié,"The opposite of ""marié"" is """,célibataire,0,38,20.125,13.5625,-6.5625
qwen3-4b,85,freq,freq,en,fr,marié,"The opposite of ""marié"" is """,célibataire,0,26,20.125,13.5625,-6.5625
qwen3-4b,86,desc,desc,en,fr,optimiste,"The opposite of ""optimiste"" is """,pessimiste,0,0,27.625,28.875,1.25
qwen3-4b,86,desc,val,en,fr,optimiste,"The opposite of ""optimiste"" is """,pessimiste,0,0,27.625,26.0,-1.625
qwen3-4b,86,desc,freq,en,fr,optimiste,"The opposite of ""optimiste"" is """,pessimiste,0,0,27.625,28.125,0.5
qwen3-4b,86,val,desc,en,fr,optimiste,"The opposite of ""optimiste"" is """,pessimiste,0,0,27.625,25.25,-2.375
qwen3-4b,86,val,val,en,fr,optimiste,"The opposite of ""optimiste"" is """,pessimiste,0,0,27.625,25.625,-2.0
qwen3-4b,86,val,freq,en,fr,optimiste,"The opposite of ""optimiste"" is """,pessimiste,0,0,27.625,24.75,-2.875
qwen3-4b,86,freq,desc,en,fr,optimiste,"The opposite of ""optimiste"" is """,pessimiste,0,0,27.625,28.75,1.125
qwen3-4b,86,freq,val,en,fr,optimiste,"The opposite of ""optimiste"" is """,pessimiste,0,0,27.625,26.125,-1.5
qwen3-4b,86,freq,freq,en,fr,optimiste,"The opposite of ""optimiste"" is """,pessimiste,0,0,27.625,28.75,1.125
qwen3-4b,87,desc,desc,en,fr,permanent,"The opposite of ""permanent"" is """,temporaire,3,3,17.375,17.375,0.0
qwen3-4b,87,desc,val,en,fr,permanent,"The opposite of ""permanent"" is """,temporaire,3,3,17.375,18.0,0.625
qwen3-4b,87,desc,freq,en,fr,permanent,"The opposite of ""permanent"" is """,temporaire,3,3,17.375,17.25,-0.125
qwen3-4b,87,val,desc,en,fr,permanent,"The opposite of ""permanent"" is """,temporaire,3,9,17.375,11.8125,-5.5625
qwen3-4b,87,val,val,en,fr,permanent,"The opposite of ""permanent"" is """,temporaire,3,10,17.375,11.8125,-5.5625
qwen3-4b,87,val,freq,en,fr,permanent,"The opposite of ""permanent"" is """,temporaire,3,10,17.375,11.0625,-6.3125
qwen3-4b,87,freq,desc,en,fr,permanent,"The opposite of ""permanent"" is """,temporaire,3,3,17.375,17.375,0.0
qwen3-4b,87,freq,val,en,fr,permanent,"The opposite of ""permanent"" is """,temporaire,3,3,17.375,17.875,0.5
qwen3-4b,87,freq,freq,en,fr,permanent,"The opposite of ""permanent"" is """,temporaire,3,3,17.375,17.375,0.0
qwen3-4b,88,desc,desc,en,fr,présent,"The opposite of ""présent"" is """,passé,0,0,22.25,22.625,0.375
qwen3-4b,88,desc,val,en,fr,présent,"The opposite of ""présent"" is """,passé,0,0,22.25,22.5,0.25
qwen3-4b,88,desc,freq,en,fr,présent,"The opposite of ""présent"" is """,passé,0,0,22.25,22.875,0.625
qwen3-4b,88,val,desc,en,fr,présent,"The opposite of ""présent"" is """,passé,0,0,22.25,20.625,-1.625
qwen3-4b,88,val,val,en,fr,présent,"The opposite of ""présent"" is """,passé,0,0,22.25,20.625,-1.625
qwen3-4b,88,val,freq,en,fr,présent,"The opposite of ""présent"" is """,passé,0,0,22.25,20.75,-1.5
qwen3-4b,88,freq,desc,en,fr,présent,"The opposite of ""présent"" is """,passé,0,0,22.25,23.25,1.0
qwen3-4b,88,freq,val,en,fr,présent,"The opposite of ""présent"" is """,passé,0,0,22.25,22.625,0.375
qwen3-4b,88,freq,freq,en,fr,présent,"The opposite of ""présent"" is """,passé,0,0,22.25,23.25,1.0
qwen3-4b,89,desc,desc,en,fr,public,"The opposite of ""public"" is """,privé,20,20,13.125,13.125,0.0
qwen3-4b,89,desc,val,en,fr,public,"The opposite of ""public"" is """,privé,20,15,13.125,13.5,0.375
qwen3-4b,89,desc,freq,en,fr,public,"The opposite of ""public"" is """,privé,20,10,13.125,14.375,1.25
qwen3-4b,89,val,desc,en,fr,public,"The opposite of ""public"" is """,privé,20,21,13.125,10.1875,-2.9375
qwen3-4b,89,val,val,en,fr,public,"The opposite of ""public"" is """,privé,20,20,13.125,10.3125,-2.8125
qwen3-4b,89,val,freq,en,fr,public,"The opposite of ""public"" is """,privé,20,10,13.125,11.25,-1.875
qwen3-4b,89,freq,desc,en,fr,public,"The opposite of ""public"" is """,privé,20,19,13.125,13.125,0.0
qwen3-4b,89,freq,val,en,fr,public,"The opposite of ""public"" is """,privé,20,26,13.125,13.0625,-0.0625
qwen3-4b,89,freq,freq,en,fr,public,"The opposite of ""public"" is """,privé,20,20,13.125,13.125,0.0
qwen3-4b,90,desc,desc,en,fr,réel,"The opposite of ""réel"" is """,irréel,7,4,15.875,18.25,2.375
qwen3-4b,90,desc,val,en,fr,réel,"The opposite of ""réel"" is """,irréel,7,5,15.875,17.5,1.625
qwen3-4b,90,desc,freq,en,fr,réel,"The opposite of ""réel"" is """,irréel,7,13,15.875,15.875,0.0
qwen3-4b,90,val,desc,en,fr,réel,"The opposite of ""réel"" is """,irréel,7,7,15.875,14.3125,-1.5625
qwen3-4b,90,val,val,en,fr,réel,"The opposite of ""réel"" is """,irréel,7,7,15.875,14.4375,-1.4375
qwen3-4b,90,val,freq,en,fr,réel,"The opposite of ""réel"" is """,irréel,7,18,15.875,12.75,-3.125
qwen3-4b,90,freq,desc,en,fr,réel,"The opposite of ""réel"" is """,irréel,7,4,15.875,18.75,2.875
qwen3-4b,90,freq,val,en,fr,réel,"The opposite of ""réel"" is """,irréel,7,4,15.875,18.125,2.25
qwen3-4b,90,freq,freq,en,fr,réel,"The opposite of ""réel"" is """,irréel,7,4,15.875,18.625,2.75
qwen3-4b,91,desc,desc,en,fr,responsable,"The opposite of ""responsable"" is """,irresponsable,6,7,16.75,16.875,0.125
qwen3-4b,91,desc,val,en,fr,responsable,"The opposite of ""responsable"" is """,irresponsable,6,9,16.75,15.625,-1.125
qwen3-4b,91,desc,freq,en,fr,responsable,"The opposite of ""responsable"" is """,irresponsable,6,16,16.75,14.5,-2.25
qwen3-4b,91,val,desc,en,fr,responsable,"The opposite of ""responsable"" is """,irresponsable,6,11,16.75,12.3125,-4.4375
qwen3-4b,91,val,val,en,fr,responsable,"The opposite of ""responsable"" is """,irresponsable,6,11,16.75,12.3125,-4.4375
qwen3-4b,91,val,freq,en,fr,responsable,"The opposite of ""responsable"" is """,irresponsable,6,19,16.75,11.625,-5.125
qwen3-4b,91,freq,desc,en,fr,responsable,"The opposite of ""responsable"" is """,irresponsable,6,8,16.75,16.75,0.0
qwen3-4b,91,freq,val,en,fr,responsable,"The opposite of ""responsable"" is """,irresponsable,6,10,16.75,16.125,-0.625
qwen3-4b,91,freq,freq,en,fr,responsable,"The opposite of ""responsable"" is """,irresponsable,6,8,16.75,16.75,0.0
qwen3-4b,92,desc,desc,en,fr,célibataire,"The opposite of ""célibataire"" is """,marié,0,1,19.875,16.5,-3.375
qwen3-4b,92,desc,val,en,fr,célibataire,"The opposite of ""célibataire"" is """,marié,0,1,19.875,17.75,-2.125
qwen3-4b,92,desc,freq,en,fr,célibataire,"The opposite of ""célibataire"" is """,marié,0,3,19.875,15.0625,-4.8125
qwen3-4b,92,val,desc,en,fr,célibataire,"The opposite of ""célibataire"" is """,marié,0,8,19.875,12.9375,-6.9375
qwen3-4b,92,val,val,en,fr,célibataire,"The opposite of ""célibataire"" is """,marié,0,8,19.875,13.25,-6.625
qwen3-4b,92,val,freq,en,fr,célibataire,"The opposite of ""célibataire"" is """,marié,0,7,19.875,12.6875,-7.1875
qwen3-4b,92,freq,desc,en,fr,célibataire,"The opposite of ""célibataire"" is """,marié,0,3,19.875,15.125,-4.75
qwen3-4b,92,freq,val,en,fr,célibataire,"The opposite of ""célibataire"" is """,marié,0,3,19.875,17.25,-2.625
qwen3-4b,92,freq,freq,en,fr,célibataire,"The opposite of ""célibataire"" is """,marié,0,3,19.875,15.1875,-4.6875
qwen3-4b,93,desc,desc,en,fr,acide,"The opposite of ""acide"" is """,doux,12,17,12.9375,14.125,1.1875
qwen3-4b,93,desc,val,en,fr,acide,"The opposite of ""acide"" is """,doux,12,23,12.9375,14.5625,1.625
qwen3-4b,93,desc,freq,en,fr,acide,"The opposite of ""acide"" is """,doux,12,10,12.9375,14.8125,1.875
qwen3-4b,93,val,desc,en,fr,acide,"The opposite of ""acide"" is """,doux,12,16,12.9375,12.5,-0.4375
qwen3-4b,93,val,val,en,fr,acide,"The opposite of ""acide"" is """,doux,12,15,12.9375,12.625,-0.3125
qwen3-4b,93,val,freq,en,fr,acide,"The opposite of ""acide"" is """,doux,12,8,12.9375,13.1875,0.25
qwen3-4b,93,freq,desc,en,fr,acide,"The opposite of ""acide"" is """,doux,12,22,12.9375,14.5625,1.625
qwen3-4b,93,freq,val,en,fr,acide,"The opposite of ""acide"" is """,doux,12,20,12.9375,15.0625,2.125
qwen3-4b,93,freq,freq,en,fr,acide,"The opposite of ""acide"" is """,doux,12,19,12.9375,14.625,1.6875
qwen3-4b,94,desc,desc,en,fr,utile,"The opposite of ""utile"" is """,inutile,0,1,20.25,20.0,-0.25
qwen3-4b,94,desc,val,en,fr,utile,"The opposite of ""utile"" is """,inutile,0,0,20.25,20.125,-0.125
qwen3-4b,94,desc,freq,en,fr,utile,"The opposite of ""utile"" is """,inutile,0,0,20.25,21.0,0.75
qwen3-4b,94,val,desc,en,fr,utile,"The opposite of ""utile"" is """,inutile,0,1,20.25,17.25,-3.0
qwen3-4b,94,val,val,en,fr,utile,"The opposite of ""utile"" is """,inutile,0,1,20.25,17.5,-2.75
qwen3-4b,94,val,freq,en,fr,utile,"The opposite of ""utile"" is """,inutile,0,0,20.25,18.625,-1.625
qwen3-4b,94,freq,desc,en,fr,utile,"The opposite of ""utile"" is """,inutile,0,1,20.25,19.75,-0.5
qwen3-4b,94,freq,val,en,fr,utile,"The opposite of ""utile"" is """,inutile,0,0,20.25,19.75,-0.5
qwen3-4b,94,freq,freq,en,fr,utile,"The opposite of ""utile"" is """,inutile,0,1,20.25,19.75,-0.5
qwen3-4b,95,desc,desc,en,fr,vertical,"The opposite of ""vertical"" is """,horizontal,0,0,22.75,22.75,0.0
qwen3-4b,95,desc,val,en,fr,vertical,"The opposite of ""vertical"" is """,horizontal,0,0,22.75,21.5,-1.25
qwen3-4b,95,desc,freq,en,fr,vertical,"The opposite of ""vertical"" is """,horizontal,0,0,22.75,22.25,-0.5
qwen3-4b,95,val,desc,en,fr,vertical,"The opposite of ""vertical"" is """,horizontal,0,0,22.75,19.625,-3.125
qwen3-4b,95,val,val,en,fr,vertical,"The opposite of ""vertical"" is """,horizontal,0,0,22.75,19.75,-3.0
qwen3-4b,95,val,freq,en,fr,vertical,"The opposite of ""vertical"" is """,horizontal,0,0,22.75,19.75,-3.0
qwen3-4b,95,freq,desc,en,fr,vertical,"The opposite of ""vertical"" is """,horizontal,0,0,22.75,22.75,0.0
qwen3-4b,95,freq,val,en,fr,vertical,"The opposite of ""vertical"" is """,horizontal,0,0,22.75,21.875,-0.875
qwen3-4b,95,freq,freq,en,fr,vertical,"The opposite of ""vertical"" is """,horizontal,0,0,22.75,22.75,0.0
qwen3-4b,96,desc,desc,en,fr,bien,"The opposite of ""bien"" is """,mal,0,0,29.0,29.375,0.375
qwen3-4b,96,desc,val,en,fr,bien,"The opposite of ""bien"" is """,mal,0,0,29.0,26.375,-2.625
qwen3-4b,96,desc,freq,en,fr,bien,"The opposite of ""bien"" is """,mal,0,0,29.0,28.375,-0.625
qwen3-4b,96,val,desc,en,fr,bien,"The opposite of ""bien"" is """,mal,0,0,29.0,27.875,-1.125
qwen3-4b,96,val,val,en,fr,bien,"The opposite of ""bien"" is """,mal,0,0,29.0,27.75,-1.25
qwen3-4b,96,val,freq,en,fr,bien,"The opposite of ""bien"" is """,mal,0,0,29.0,26.375,-2.625
qwen3-4b,96,freq,desc,en,fr,bien,"The opposite of ""bien"" is """,mal,0,0,29.0,29.625,0.625
qwen3-4b,96,freq,val,en,fr,bien,"The opposite of ""bien"" is """,mal,0,0,29.0,25.5,-3.5
qwen3-4b,96,freq,freq,en,fr,bien,"The opposite of ""bien"" is """,mal,0,0,29.0,29.625,0.625
qwen3-4b,97,desc,desc,en,fr,gagnant,"The opposite of ""gagnant"" is """,perdant,0,0,23.75,24.375,0.625
qwen3-4b,97,desc,val,en,fr,gagnant,"The opposite of ""gagnant"" is """,perdant,0,0,23.75,22.125,-1.625
qwen3-4b,97,desc,freq,en,fr,gagnant,"The opposite of ""gagnant"" is """,perdant,0,0,23.75,24.75,1.0
qwen3-4b,97,val,desc,en,fr,gagnant,"The opposite of ""gagnant"" is """,perdant,0,0,23.75,23.25,-0.5
qwen3-4b,97,val,val,en,fr,gagnant,"The opposite of ""gagnant"" is """,perdant,0,0,23.75,23.25,-0.5
qwen3-4b,97,val,freq,en,fr,gagnant,"The opposite of ""gagnant"" is """,perdant,0,0,23.75,23.625,-0.125
qwen3-4b,97,freq,desc,en,fr,gagnant,"The opposite of ""gagnant"" is """,perdant,0,0,23.75,23.25,-0.5
qwen3-4b,97,freq,val,en,fr,gagnant,"The opposite of ""gagnant"" is """,perdant,0,0,23.75,20.75,-3.0
qwen3-4b,97,freq,freq,en,fr,gagnant,"The opposite of ""gagnant"" is """,perdant,0,0,23.75,23.25,-0.5
qwen3-4b,98,desc,desc,en,fr,méchant,"The opposite of ""méchant"" is """,gentil,1,1,19.25,20.625,1.375
qwen3-4b,98,desc,val,en,fr,méchant,"The opposite of ""méchant"" is """,gentil,1,1,19.25,20.25,1.0
qwen3-4b,98,desc,freq,en,fr,méchant,"The opposite of ""méchant"" is """,gentil,1,0,19.25,19.875,0.625
qwen3-4b,98,val,desc,en,fr,méchant,"The opposite of ""méchant"" is """,gentil,1,2,19.25,20.0,0.75
qwen3-4b,98,val,val,en,fr,méchant,"The opposite of ""méchant"" is """,gentil,1,2,19.25,19.75,0.5
qwen3-4b,98,val,freq,en,fr,méchant,"The opposite of ""méchant"" is """,gentil,1,1,19.25,18.625,-0.625
qwen3-4b,98,freq,desc,en,fr,méchant,"The opposite of ""méchant"" is """,gentil,1,1,19.25,21.125,1.875
qwen3-4b,98,freq,val,en,fr,méchant,"The opposite of ""méchant"" is """,gentil,1,1,19.25,19.875,0.625
qwen3-4b,98,freq,freq,en,fr,méchant,"The opposite of ""méchant"" is """,gentil,1,1,19.25,21.0,1.75
qwen3-4b,99,desc,desc,en,fr,lâche,"The opposite of ""lâche"" is """,courageux,0,0,17.5,19.25,1.75
qwen3-4b,99,desc,val,en,fr,lâche,"The opposite of ""lâche"" is """,courageux,0,1,17.5,18.25,0.75
qwen3-4b,99,desc,freq,en,fr,lâche,"The opposite of ""lâche"" is """,courageux,0,0,17.5,20.0,2.5
qwen3-4b,99,val,desc,en,fr,lâche,"The opposite of ""lâche"" is """,courageux,0,0,17.5,18.375,0.875
qwen3-4b,99,val,val,en,fr,lâche,"The opposite of ""lâche"" is """,courageux,0,0,17.5,18.0,0.5
qwen3-4b,99,val,freq,en,fr,lâche,"The opposite of ""lâche"" is """,courageux,0,0,17.5,19.625,2.125
qwen3-4b,99,freq,desc,en,fr,lâche,"The opposite of ""lâche"" is """,courageux,0,3,17.5,19.25,1.75
qwen3-4b,99,freq,val,en,fr,lâche,"The opposite of ""lâche"" is """,courageux,0,4,17.5,17.75,0.25
qwen3-4b,99,freq,freq,en,fr,lâche,"The opposite of ""lâche"" is """,courageux,0,3,17.5,19.25,1.75
qwen3-4b,0,desc,desc,en,ja,良い,"The opposite of ""良い"" is """,悪い,0,0,22.125,22.0,-0.125
qwen3-4b,0,desc,val,en,ja,良い,"The opposite of ""良い"" is """,悪い,0,0,22.125,18.625,-3.5
qwen3-4b,0,desc,freq,en,ja,良い,"The opposite of ""良い"" is """,悪い,0,0,22.125,20.25,-1.875
qwen3-4b,0,val,desc,en,ja,良い,"The opposite of ""良い"" is """,悪い,0,1,22.125,15.9375,-6.1875
qwen3-4b,0,val,val,en,ja,良い,"The opposite of ""良い"" is """,悪い,0,1,22.125,15.9375,-6.1875
qwen3-4b,0,val,freq,en,ja,良い,"The opposite of ""良い"" is """,悪い,0,1,22.125,15.0,-7.125
qwen3-4b,0,freq,desc,en,ja,良い,"The opposite of ""良い"" is """,悪い,0,1,22.125,19.375,-2.75
qwen3-4b,0,freq,val,en,ja,良い,"The opposite of ""良い"" is """,悪い,0,1,22.125,16.25,-5.875
qwen3-4b,0,freq,freq,en,ja,良い,"The opposite of ""良い"" is """,悪い,0,1,22.125,18.875,-3.25
qwen3-4b,1,desc,desc,en,ja,嬉しい,"The opposite of ""嬉しい"" is """,悲しい,0,0,18.875,18.75,-0.125
qwen3-4b,1,desc,val,en,ja,嬉しい,"The opposite of ""嬉しい"" is """,悲しい,0,0,18.875,16.75,-2.125
qwen3-4b,1,desc,freq,en,ja,嬉しい,"The opposite of ""嬉しい"" is """,悲しい,0,0,18.875,19.25,0.375
qwen3-4b,1,val,desc,en,ja,嬉しい,"The opposite of ""嬉しい"" is """,悲しい,0,1,18.875,15.75,-3.125
qwen3-4b,1,val,val,en,ja,嬉しい,"The opposite of ""嬉しい"" is """,悲しい,0,1,18.875,15.4375,-3.4375
qwen3-4b,1,val,freq,en,ja,嬉しい,"The opposite of ""嬉しい"" is """,悲しい,0,1,18.875,16.75,-2.125
qwen3-4b,1,freq,desc,en,ja,嬉しい,"The opposite of ""嬉しい"" is """,悲しい,0,9,18.875,15.0,-3.875
qwen3-4b,1,freq,val,en,ja,嬉しい,"The opposite of ""嬉しい"" is """,悲しい,0,9,18.875,13.4375,-5.4375
qwen3-4b,1,freq,freq,en,ja,嬉しい,"The opposite of ""嬉しい"" is """,悲しい,0,13,18.875,14.6875,-4.1875
qwen3-4b,2,desc,desc,en,ja,大きい,"The opposite of ""大きい"" is """,小さい,0,0,19.625,19.125,-0.5
qwen3-4b,2,desc,val,en,ja,大きい,"The opposite of ""大きい"" is """,小さい,0,0,19.625,16.375,-3.25
qwen3-4b,2,desc,freq,en,ja,大きい,"The opposite of ""大きい"" is """,小さい,0,0,19.625,18.75,-0.875
qwen3-4b,2,val,desc,en,ja,大きい,"The opposite of ""大きい"" is """,小さい,0,7,19.625,12.5,-7.125
qwen3-4b,2,val,val,en,ja,大きい,"The opposite of ""大きい"" is """,小さい,0,7,19.625,12.375,-7.25
qwen3-4b,2,val,freq,en,ja,大きい,"The opposite of ""大きい"" is """,小さい,0,9,19.625,12.875,-6.75
qwen3-4b,2,freq,desc,en,ja,大きい,"The opposite of ""大きい"" is """,小さい,0,5,19.625,15.5625,-4.0625
qwen3-4b,2,freq,val,en,ja,大きい,"The opposite of ""大きい"" is """,小さい,0,14,19.625,12.875,-6.75
qwen3-4b,2,freq,freq,en,ja,大きい,"The opposite of ""大きい"" is """,小さい,0,4,19.625,15.5625,-4.0625
qwen3-4b,3,desc,desc,en,ja,暑い,"The opposite of ""暑い"" is """,寒い,0,0,18.5,18.625,0.125
qwen3-4b,3,desc,val,en,ja,暑い,"The opposite of ""暑い"" is """,寒い,0,0,18.5,16.75,-1.75
qwen3-4b,3,desc,freq,en,ja,暑い,"The opposite of ""暑い"" is """,寒い,0,0,18.5,17.875,-0.625
qwen3-4b,3,val,desc,en,ja,暑い,"The opposite of ""暑い"" is """,寒い,0,1,18.5,14.6875,-3.8125
qwen3-4b,3,val,val,en,ja,暑い,"The opposite of ""暑い"" is """,寒い,0,1,18.5,14.6875,-3.8125
qwen3-4b,3,val,freq,en,ja,暑い,"The opposite of ""暑い"" is """,寒い,0,0,18.5,14.5625,-3.9375
qwen3-4b,3,freq,desc,en,ja,暑い,"The opposite of ""暑い"" is """,寒い,0,1,18.5,17.125,-1.375
qwen3-4b,3,freq,val,en,ja,暑い,"The opposite of ""暑い"" is """,寒い,0,1,18.5,15.75,-2.75
qwen3-4b,3,freq,freq,en,ja,暑い,"The opposite of ""暑い"" is """,寒い,0,1,18.5,17.375,-1.125
qwen3-4b,4,desc,desc,en,ja,速い,"The opposite of ""速い"" is """,遅い,0,0,22.375,22.375,0.0
qwen3-4b,4,desc,val,en,ja,速い,"The opposite of ""速い"" is """,遅い,0,0,22.375,19.75,-2.625
qwen3-4b,4,desc,freq,en,ja,速い,"The opposite of ""速い"" is """,遅い,0,0,22.375,21.875,-0.5
qwen3-4b,4,val,desc,en,ja,速い,"The opposite of ""速い"" is """,遅い,0,0,22.375,18.25,-4.125
qwen3-4b,4,val,val,en,ja,速い,"The opposite of ""速い"" is """,遅い,0,0,22.375,17.875,-4.5
qwen3-4b,4,val,freq,en,ja,速い,"The opposite of ""速い"" is """,遅い,0,0,22.375,18.25,-4.125
qwen3-4b,4,freq,desc,en,ja,速い,"The opposite of ""速い"" is """,遅い,0,1,22.375,19.0,-3.375
qwen3-4b,4,freq,val,en,ja,速い,"The opposite of ""速い"" is """,遅い,0,1,22.375,16.25,-6.125
qwen3-4b,4,freq,freq,en,ja,速い,"The opposite of ""速い"" is """,遅い,0,1,22.375,18.375,-4.0
qwen3-4b,5,desc,desc,en,ja,軽い,"The opposite of ""軽い"" is """,重い,0,0,21.5,20.75,-0.75
qwen3-4b,5,desc,val,en,ja,軽い,"The opposite of ""軽い"" is """,重い,0,0,21.5,17.875,-3.625
qwen3-4b,5,desc,freq,en,ja,軽い,"The opposite of ""軽い"" is """,重い,0,0,21.5,20.625,-0.875
qwen3-4b,5,val,desc,en,ja,軽い,"The opposite of ""軽い"" is """,重い,0,2,21.5,12.0625,-9.4375
qwen3-4b,5,val,val,en,ja,軽い,"The opposite of ""軽い"" is """,重い,0,6,21.5,11.3125,-10.1875
qwen3-4b,5,val,freq,en,ja,軽い,"The opposite of ""軽い"" is """,重い,0,5,21.5,12.3125,-9.1875
qwen3-4b,5,freq,desc,en,ja,軽い,"The opposite of ""軽い"" is """,重い,0,2,21.5,18.125,-3.375
qwen3-4b,5,freq,val,en,ja,軽い,"The opposite of ""軽い"" is """,重い,0,3,21.5,13.8125,-7.6875
qwen3-4b,5,freq,freq,en,ja,軽い,"The opposite of ""軽い"" is """,重い,0,2,21.5,18.25,-3.25
qwen3-4b,6,desc,desc,en,ja,簡単な,"The opposite of ""簡単な"" is """,難しい,1,1,20.375,19.875,-0.5
qwen3-4b,6,desc,val,en,ja,簡単な,"The opposite of ""簡単な"" is """,難しい,1,2,20.375,16.75,-3.625
qwen3-4b,6,desc,freq,en,ja,簡単な,"The opposite of ""簡単な"" is """,難しい,1,2,20.375,17.875,-2.5
qwen3-4b,6,val,desc,en,ja,簡単な,"The opposite of ""簡単な"" is """,難しい,1,4,20.375,12.9375,-7.4375
qwen3-4b,6,val,val,en,ja,簡単な,"The opposite of ""簡単な"" is """,難しい,1,4,20.375,12.8125,-7.5625
qwen3-4b,6,val,freq,en,ja,簡単な,"The opposite of ""簡単な"" is """,難しい,1,9,20.375,11.4375,-8.9375
qwen3-4b,6,freq,desc,en,ja,簡単な,"The opposite of ""簡単な"" is """,難しい,1,10,20.375,16.125,-4.25
qwen3-4b,6,freq,val,en,ja,簡単な,"The opposite of ""簡単な"" is """,難しい,1,11,20.375,13.5625,-6.8125
qwen3-4b,6,freq,freq,en,ja,簡単な,"The opposite of ""簡単な"" is """,難しい,1,12,20.375,15.8125,-4.5625
qwen3-4b,7,desc,desc,en,ja,新しい,"The opposite of ""新しい"" is """,古い,0,0,21.125,21.25,0.125
qwen3-4b,7,desc,val,en,ja,新しい,"The opposite of ""新しい"" is """,古い,0,0,21.125,18.875,-2.25
qwen3-4b,7,desc,freq,en,ja,新しい,"The opposite of ""新しい"" is """,古い,0,0,21.125,20.25,-0.875
qwen3-4b,7,val,desc,en,ja,新しい,"The opposite of ""新しい"" is """,古い,0,0,21.125,16.75,-4.375
qwen3-4b,7,val,val,en,ja,新しい,"The opposite of ""新しい"" is """,古い,0,0,21.125,16.25,-4.875
qwen3-4b,7,val,freq,en,ja,新しい,"The opposite of ""新しい"" is """,古い,0,1,21.125,16.5,-4.625
qwen3-4b,7,freq,desc,en,ja,新しい,"The opposite of ""新しい"" is """,古い,0,3,21.125,17.875,-3.25
qwen3-4b,7,freq,val,en,ja,新しい,"The opposite of ""新しい"" is """,古い,0,2,21.125,16.0,-5.125
qwen3-4b,7,freq,freq,en,ja,新しい,"The opposite of ""新しい"" is """,古い,0,3,21.125,17.5,-3.625
qwen3-4b,8,desc,desc,en,ja,正しい,"The opposite of ""正しい"" is """,間違った,0,1,18.625,18.125,-0.5
qwen3-4b,8,desc,val,en,ja,正しい,"The opposite of ""正しい"" is """,間違った,0,2,18.625,15.625,-3.0
qwen3-4b,8,desc,freq,en,ja,正しい,"The opposite of ""正しい"" is """,間違った,0,3,18.625,17.5,-1.125
qwen3-4b,8,val,desc,en,ja,正しい,"The opposite of ""正しい"" is """,間違った,0,1,18.625,14.25,-4.375
qwen3-4b,8,val,val,en,ja,正しい,"The opposite of ""正しい"" is """,間違った,0,2,18.625,14.125,-4.5
qwen3-4b,8,val,freq,en,ja,正しい,"The opposite of ""正しい"" is """,間違った,0,1,18.625,14.125,-4.5
qwen3-4b,8,freq,desc,en,ja,正しい,"The opposite of ""正しい"" is """,間違った,0,11,18.625,15.3125,-3.3125
qwen3-4b,8,freq,val,en,ja,正しい,"The opposite of ""正しい"" is """,間違った,0,12,18.625,13.3125,-5.3125
qwen3-4b,8,freq,freq,en,ja,正しい,"The opposite of ""正しい"" is """,間違った,0,11,18.625,15.125,-3.5
qwen3-4b,9,desc,desc,en,ja,生きている,"The opposite of ""生きている"" is """,死んでいる,0,0,22.0,21.125,-0.875
qwen3-4b,9,desc,val,en,ja,生きている,"The opposite of ""生きている"" is """,死んでいる,0,0,22.0,16.875,-5.125
qwen3-4b,9,desc,freq,en,ja,生きている,"The opposite of ""生きている"" is """,死んでいる,0,0,22.0,19.875,-2.125
qwen3-4b,9,val,desc,en,ja,生きている,"The opposite of ""生きている"" is """,死んでいる,0,0,22.0,17.5,-4.5
qwen3-4b,9,val,val,en,ja,生きている,"The opposite of ""生きている"" is """,死んでいる,0,0,22.0,17.5,-4.5
qwen3-4b,9,val,freq,en,ja,生きている,"The opposite of ""生きている"" is """,死んでいる,0,0,22.0,18.125,-3.875
qwen3-4b,9,freq,desc,en,ja,生きている,"The opposite of ""生きている"" is """,死んでいる,0,2,22.0,19.0,-3.0
qwen3-4b,9,freq,val,en,ja,生きている,"The opposite of ""生きている"" is """,死んでいる,0,1,22.0,15.9375,-6.0625
qwen3-4b,9,freq,freq,en,ja,生きている,"The opposite of ""生きている"" is """,死んでいる,0,3,22.0,18.875,-3.125
qwen3-4b,10,desc,desc,en,ja,満杯,"The opposite of ""満杯"" is """,空っぽ,0,0,16.375,16.25,-0.125
qwen3-4b,10,desc,val,en,ja,満杯,"The opposite of ""満杯"" is """,空っぽ,0,0,16.375,15.25,-1.125
qwen3-4b,10,desc,freq,en,ja,満杯,"The opposite of ""満杯"" is """,空っぽ,0,0,16.375,15.3125,-1.0625
qwen3-4b,10,val,desc,en,ja,満杯,"The opposite of ""満杯"" is """,空っぽ,0,2,16.375,13.625,-2.75
qwen3-4b,10,val,val,en,ja,満杯,"The opposite of ""満杯"" is """,空っぽ,0,2,16.375,13.625,-2.75
qwen3-4b,10,val,freq,en,ja,満杯,"The opposite of ""満杯"" is """,空っぽ,0,0,16.375,13.0625,-3.3125
qwen3-4b,10,freq,desc,en,ja,満杯,"The opposite of ""満杯"" is """,空っぽ,0,2,16.375,18.125,1.75
qwen3-4b,10,freq,val,en,ja,満杯,"The opposite of ""満杯"" is """,空っぽ,0,0,16.375,16.875,0.5
qwen3-4b,10,freq,freq,en,ja,満杯,"The opposite of ""満杯"" is """,空っぽ,0,2,16.375,18.125,1.75
qwen3-4b,11,desc,desc,en,ja,明るい,"The opposite of ""明るい"" is """,暗い,0,0,20.375,20.375,0.0
qwen3-4b,11,desc,val,en,ja,明るい,"The opposite of ""明るい"" is """,暗い,0,0,20.375,19.5,-0.875
qwen3-4b,11,desc,freq,en,ja,明るい,"The opposite of ""明るい"" is """,暗い,0,0,20.375,21.25,0.875
qwen3-4b,11,val,desc,en,ja,明るい,"The opposite of ""明るい"" is """,暗い,0,0,20.375,18.25,-2.125
qwen3-4b,11,val,val,en,ja,明るい,"The opposite of ""明るい"" is """,暗い,0,0,20.375,18.25,-2.125
qwen3-4b,11,val,freq,en,ja,明るい,"The opposite of ""明るい"" is """,暗い,0,0,20.375,18.625,-1.75
qwen3-4b,11,freq,desc,en,ja,明るい,"The opposite of ""明るい"" is """,暗い,0,0,20.375,21.875,1.5
qwen3-4b,11,freq,val,en,ja,明るい,"The opposite of ""明るい"" is """,暗い,0,0,20.375,21.5,1.125
qwen3-4b,11,freq,freq,en,ja,明るい,"The opposite of ""明るい"" is """,暗い,0,0,20.375,22.0,1.625
qwen3-4b,12,desc,desc,en,ja,強い,"The opposite of ""強い"" is """,弱い,0,0,21.125,21.125,0.0
qwen3-4b,12,desc,val,en,ja,強い,"The opposite of ""強い"" is """,弱い,0,0,21.125,18.125,-3.0
qwen3-4b,12,desc,freq,en,ja,強い,"The opposite of ""強い"" is """,弱い,0,0,21.125,20.875,-0.25
qwen3-4b,12,val,desc,en,ja,強い,"The opposite of ""強い"" is """,弱い,0,2,21.125,14.625,-6.5
qwen3-4b,12,val,val,en,ja,強い,"The opposite of ""強い"" is """,弱い,0,1,21.125,14.625,-6.5
qwen3-4b,12,val,freq,en,ja,強い,"The opposite of ""強い"" is """,弱い,0,1,21.125,15.75,-5.375
qwen3-4b,12,freq,desc,en,ja,強い,"The opposite of ""強い"" is """,弱い,0,1,21.125,21.375,0.25
qwen3-4b,12,freq,val,en,ja,強い,"The opposite of ""強い"" is """,弱い,0,1,21.125,17.875,-3.25
qwen3-4b,12,freq,freq,en,ja,強い,"The opposite of ""強い"" is """,弱い,0,1,21.125,21.25,0.125
qwen3-4b,13,desc,desc,en,ja,きれいな,"The opposite of ""きれいな"" is """,汚い,0,1,15.5,15.375,-0.125
qwen3-4b,13,desc,val,en,ja,きれいな,"The opposite of ""きれいな"" is """,汚い,0,1,15.5,14.75,-0.75
qwen3-4b,13,desc,freq,en,ja,きれいな,"The opposite of ""きれいな"" is """,汚い,0,1,15.5,15.6875,0.1875
qwen3-4b,13,val,desc,en,ja,きれいな,"The opposite of ""きれいな"" is """,汚い,0,16,15.5,9.875,-5.625
qwen3-4b,13,val,val,en,ja,きれいな,"The opposite of ""きれいな"" is """,汚い,0,20,15.5,9.5,-6.0
qwen3-4b,13,val,freq,en,ja,きれいな,"The opposite of ""きれいな"" is """,汚い,0,14,15.5,11.125,-4.375
qwen3-4b,13,freq,desc,en,ja,きれいな,"The opposite of ""きれいな"" is """,汚い,0,74,15.5,10.6875,-4.8125
qwen3-4b,13,freq,val,en,ja,きれいな,"The opposite of ""きれいな"" is """,汚い,0,58,15.5,11.25,-4.25
qwen3-4b,13,freq,freq,en,ja,きれいな,"The opposite of ""きれいな"" is """,汚い,0,78,15.5,10.6875,-4.8125
qwen3-4b,14,desc,desc,en,ja,開いた,"The opposite of ""開いた"" is """,閉じた,0,0,23.0,22.75,-0.25
qwen3-4b,14,desc,val,en,ja,開いた,"The opposite of ""開いた"" is """,閉じた,0,0,23.0,19.0,-4.0
qwen3-4b,14,desc,freq,en,ja,開いた,"The opposite of ""開いた"" is """,閉じた,0,0,23.0,20.5,-2.5
qwen3-4b,14,val,desc,en,ja,開いた,"The opposite of ""開いた"" is """,閉じた,0,0,23.0,17.75,-5.25
qwen3-4b,14,val,val,en,ja,開いた,"The opposite of ""開いた"" is """,閉じた,0,0,23.0,17.625,-5.375
qwen3-4b,14,val,freq,en,ja,開いた,"The opposite of ""開いた"" is """,閉じた,0,0,23.0,16.125,-6.875
qwen3-4b,14,freq,desc,en,ja,開いた,"The opposite of ""開いた"" is """,閉じた,0,4,23.0,19.0,-4.0
qwen3-4b,14,freq,val,en,ja,開いた,"The opposite of ""開いた"" is """,閉じた,0,3,23.0,16.5,-6.5
qwen3-4b,14,freq,freq,en,ja,開いた,"The opposite of ""開いた"" is """,閉じた,0,4,23.0,18.875,-4.125
qwen3-4b,15,desc,desc,en,ja,裕福な,"The opposite of ""裕福な"" is """,貧しい,0,0,21.0,21.0,0.0
qwen3-4b,15,desc,val,en,ja,裕福な,"The opposite of ""裕福な"" is """,貧しい,0,0,21.0,19.625,-1.375
qwen3-4b,15,desc,freq,en,ja,裕福な,"The opposite of ""裕福な"" is """,貧しい,0,0,21.0,20.75,-0.25
qwen3-4b,15,val,desc,en,ja,裕福な,"The opposite of ""裕福な"" is """,貧しい,0,0,21.0,16.625,-4.375
qwen3-4b,15,val,val,en,ja,裕福な,"The opposite of ""裕福な"" is """,貧しい,0,0,21.0,16.5,-4.5
qwen3-4b,15,val,freq,en,ja,裕福な,"The opposite of ""裕福な"" is """,貧しい,0,0,21.0,16.0,-5.0
qwen3-4b,15,freq,desc,en,ja,裕福な,"The opposite of ""裕福な"" is """,貧しい,0,0,21.0,18.0,-3.0
qwen3-4b,15,freq,val,en,ja,裕福な,"The opposite of ""裕福な"" is """,貧しい,0,0,21.0,17.125,-3.875
qwen3-4b,15,freq,freq,en,ja,裕福な,"The opposite of ""裕福な"" is """,貧しい,0,0,21.0,18.0,-3.0
qwen3-4b,16,desc,desc,en,ja,美しい,"The opposite of ""美しい"" is """,醜い,0,0,19.0,18.875,-0.125
qwen3-4b,16,desc,val,en,ja,美しい,"The opposite of ""美しい"" is """,醜い,0,0,19.0,17.375,-1.625
qwen3-4b,16,desc,freq,en,ja,美しい,"The opposite of ""美しい"" is """,醜い,0,0,19.0,18.625,-0.375
qwen3-4b,16,val,desc,en,ja,美しい,"The opposite of ""美しい"" is """,醜い,0,1,19.0,15.4375,-3.5625
qwen3-4b,16,val,val,en,ja,美しい,"The opposite of ""美しい"" is """,醜い,0,1,19.0,15.4375,-3.5625
qwen3-4b,16,val,freq,en,ja,美しい,"The opposite of ""美しい"" is """,醜い,0,1,19.0,16.5,-2.5
qwen3-4b,16,freq,desc,en,ja,美しい,"The opposite of ""美しい"" is """,醜い,0,2,19.0,18.625,-0.375
qwen3-4b,16,freq,val,en,ja,美しい,"The opposite of ""美しい"" is """,醜い,0,2,19.0,17.75,-1.25
qwen3-4b,16,freq,freq,en,ja,美しい,"The opposite of ""美しい"" is """,醜い,0,2,19.0,19.125,0.125
qwen3-4b,17,desc,desc,en,ja,長い,"The opposite of ""長い"" is """,短い,0,0,22.0,21.625,-0.375
qwen3-4b,17,desc,val,en,ja,長い,"The opposite of ""長い"" is """,短い,0,0,22.0,19.625,-2.375
qwen3-4b,17,desc,freq,en,ja,長い,"The opposite of ""長い"" is """,短い,0,0,22.0,22.125,0.125
qwen3-4b,17,val,desc,en,ja,長い,"The opposite of ""長い"" is """,短い,0,1,22.0,17.0,-5.0
qwen3-4b,17,val,val,en,ja,長い,"The opposite of ""長い"" is """,短い,0,1,22.0,16.875,-5.125
qwen3-4b,17,val,freq,en,ja,長い,"The opposite of ""長い"" is """,短い,0,0,22.0,18.0,-4.0
qwen3-4b,17,freq,desc,en,ja,長い,"The opposite of ""長い"" is """,短い,0,0,22.0,22.875,0.875
qwen3-4b,17,freq,val,en,ja,長い,"The opposite of ""長い"" is """,短い,0,0,22.0,21.0,-1.0
qwen3-4b,17,freq,freq,en,ja,長い,"The opposite of ""長い"" is """,短い,0,0,22.0,22.5,0.5
qwen3-4b,18,desc,desc,en,ja,広い,"The opposite of ""広い"" is """,狭い,0,0,22.25,21.625,-0.625
qwen3-4b,18,desc,val,en,ja,広い,"The opposite of ""広い"" is """,狭い,0,0,22.25,18.75,-3.5
qwen3-4b,18,desc,freq,en,ja,広い,"The opposite of ""広い"" is """,狭い,0,0,22.25,20.625,-1.625
qwen3-4b,18,val,desc,en,ja,広い,"The opposite of ""広い"" is """,狭い,0,0,22.25,15.875,-6.375
qwen3-4b,18,val,val,en,ja,広い,"The opposite of ""広い"" is """,狭い,0,0,22.25,16.375,-5.875
qwen3-4b,18,val,freq,en,ja,広い,"The opposite of ""広い"" is """,狭い,0,0,22.25,16.125,-6.125
qwen3-4b,18,freq,desc,en,ja,広い,"The opposite of ""広い"" is """,狭い,0,0,22.25,17.625,-4.625
qwen3-4b,18,freq,val,en,ja,広い,"The opposite of ""広い"" is """,狭い,0,3,22.25,15.5,-6.75
qwen3-4b,18,freq,freq,en,ja,広い,"The opposite of ""広い"" is """,狭い,0,1,22.25,17.75,-4.5
qwen3-4b,19,desc,desc,en,ja,硬い,"The opposite of ""硬い"" is """,柔らかい,0,0,16.375,16.5,0.125
qwen3-4b,19,desc,val,en,ja,硬い,"The opposite of ""硬い"" is """,柔らかい,0,0,16.375,15.3125,-1.0625
qwen3-4b,19,desc,freq,en,ja,硬い,"The opposite of ""硬い"" is """,柔らかい,0,0,16.375,17.375,1.0
qwen3-4b,19,val,desc,en,ja,硬い,"The opposite of ""硬い"" is """,柔らかい,0,2,16.375,12.5,-3.875
qwen3-4b,19,val,val,en,ja,硬い,"The opposite of ""硬い"" is """,柔らかい,0,2,16.375,12.4375,-3.9375
qwen3-4b,19,val,freq,en,ja,硬い,"The opposite of ""硬い"" is """,柔らかい,0,2,16.375,13.4375,-2.9375
qwen3-4b,19,freq,desc,en,ja,硬い,"The opposite of ""硬い"" is """,柔らかい,0,2,16.375,17.0,0.625
qwen3-4b,19,freq,val,en,ja,硬い,"The opposite of ""硬い"" is """,柔らかい,0,5,16.375,15.0,-1.375
qwen3-4b,19,freq,freq,en,ja,硬い,"The opposite of ""硬い"" is """,柔らかい,0,5,16.375,17.25,0.875
qwen3-4b,20,desc,desc,en,ja,乾いた,"The opposite of ""乾いた"" is """,湿った,2,1,15.5625,15.3125,-0.25
qwen3-4b,20,desc,val,en,ja,乾いた,"The opposite of ""乾いた"" is """,湿った,2,0,15.5625,15.5625,0.0
qwen3-4b,20,desc,freq,en,ja,乾いた,"The opposite of ""乾いた"" is """,湿った,2,0,15.5625,15.1875,-0.375
qwen3-4b,20,val,desc,en,ja,乾いた,"The opposite of ""乾いた"" is """,湿った,2,29,15.5625,10.3125,-5.25
qwen3-4b,20,val,val,en,ja,乾いた,"The opposite of ""乾いた"" is """,湿った,2,32,15.5625,10.0,-5.5625
qwen3-4b,20,val,freq,en,ja,乾いた,"The opposite of ""乾いた"" is """,湿った,2,16,15.5625,11.25,-4.3125
qwen3-4b,20,freq,desc,en,ja,乾いた,"The opposite of ""乾いた"" is """,湿った,2,25,15.5625,12.1875,-3.375
qwen3-4b,20,freq,val,en,ja,乾いた,"The opposite of ""乾いた"" is """,湿った,2,9,15.5625,13.5,-2.0625
qwen3-4b,20,freq,freq,en,ja,乾いた,"The opposite of ""乾いた"" is """,湿った,2,21,15.5625,12.375,-3.1875
qwen3-4b,21,desc,desc,en,ja,うるさい,"The opposite of ""うるさい"" is """,静かな,1,2,15.0,14.625,-0.375
qwen3-4b,21,desc,val,en,ja,うるさい,"The opposite of ""うるさい"" is """,静かな,1,0,15.0,15.875,0.875
qwen3-4b,21,desc,freq,en,ja,うるさい,"The opposite of ""うるさい"" is """,静かな,1,1,15.0,16.375,1.375
qwen3-4b,21,val,desc,en,ja,うるさい,"The opposite of ""うるさい"" is """,静かな,1,15,15.0,9.4375,-5.5625
qwen3-4b,21,val,val,en,ja,うるさい,"The opposite of ""うるさい"" is """,静かな,1,18,15.0,9.125,-5.875
qwen3-4b,21,val,freq,en,ja,うるさい,"The opposite of ""うるさい"" is """,静かな,1,6,15.0,11.625,-3.375
qwen3-4b,21,freq,desc,en,ja,うるさい,"The opposite of ""うるさい"" is """,静かな,1,18,15.0,13.875,-1.125
qwen3-4b,21,freq,val,en,ja,うるさい,"The opposite of ""うるさい"" is """,静かな,1,7,15.0,13.4375,-1.5625
qwen3-4b,21,freq,freq,en,ja,うるさい,"The opposite of ""うるさい"" is """,静かな,1,17,15.0,13.875,-1.125
qwen3-4b,22,desc,desc,en,ja,早い,"The opposite of ""早い"" is """,遅い,0,0,24.875,24.875,0.0
qwen3-4b,22,desc,val,en,ja,早い,"The opposite of ""早い"" is """,遅い,0,0,24.875,21.25,-3.625
qwen3-4b,22,desc,freq,en,ja,早い,"The opposite of ""早い"" is """,遅い,0,0,24.875,24.75,-0.125
qwen3-4b,22,val,desc,en,ja,早い,"The opposite of ""早い"" is """,遅い,0,0,24.875,20.375,-4.5
qwen3-4b,22,val,val,en,ja,早い,"The opposite of ""早い"" is """,遅い,0,0,24.875,20.125,-4.75
qwen3-4b,22,val,freq,en,ja,早い,"The opposite of ""早い"" is """,遅い,0,0,24.875,21.0,-3.875
qwen3-4b,22,freq,desc,en,ja,早い,"The opposite of ""早い"" is """,遅い,0,0,24.875,22.75,-2.125
qwen3-4b,22,freq,val,en,ja,早い,"The opposite of ""早い"" is """,遅い,0,0,24.875,19.5,-5.375
qwen3-4b,22,freq,freq,en,ja,早い,"The opposite of ""早い"" is """,遅い,0,0,24.875,22.375,-2.5
qwen3-4b,23,desc,desc,en,ja,近い,"The opposite of ""近い"" is """,遠い,0,0,22.375,22.25,-0.125
qwen3-4b,23,desc,val,en,ja,近い,"The opposite of ""近い"" is """,遠い,0,0,22.375,20.0,-2.375
qwen3-4b,23,desc,freq,en,ja,近い,"The opposite of ""近い"" is """,遠い,0,0,22.375,22.125,-0.25
qwen3-4b,23,val,desc,en,ja,近い,"The opposite of ""近い"" is """,遠い,0,0,22.375,17.0,-5.375
qwen3-4b,23,val,val,en,ja,近い,"The opposite of ""近い"" is """,遠い,0,0,22.375,16.75,-5.625
qwen3-4b,23,val,freq,en,ja,近い,"The opposite of ""近い"" is """,遠い,0,0,22.375,17.625,-4.75
qwen3-4b,23,freq,desc,en,ja,近い,"The opposite of ""近い"" is """,遠い,0,1,22.375,20.75,-1.625
qwen3-4b,23,freq,val,en,ja,近い,"The opposite of ""近い"" is """,遠い,0,1,22.375,19.0,-3.375
qwen3-4b,23,freq,freq,en,ja,近い,"The opposite of ""近い"" is """,遠い,0,1,22.375,20.875,-1.5
qwen3-4b,24,desc,desc,en,ja,深い,"The opposite of ""深い"" is """,浅い,0,0,20.75,19.875,-0.875
qwen3-4b,24,desc,val,en,ja,深い,"The opposite of ""深い"" is """,浅い,0,0,20.75,18.125,-2.625
qwen3-4b,24,desc,freq,en,ja,深い,"The opposite of ""深い"" is """,浅い,0,0,20.75,21.125,0.375
qwen3-4b,24,val,desc,en,ja,深い,"The opposite of ""深い"" is """,浅い,0,4,20.75,13.8125,-6.9375
qwen3-4b,24,val,val,en,ja,深い,"The opposite of ""深い"" is """,浅い,0,4,20.75,13.75,-7.0
qwen3-4b,24,val,freq,en,ja,深い,"The opposite of ""深い"" is """,浅い,0,0,20.75,15.75,-5.0
qwen3-4b,24,freq,desc,en,ja,深い,"The opposite of ""深い"" is """,浅い,0,4,20.75,17.125,-3.625
qwen3-4b,24,freq,val,en,ja,深い,"The opposite of ""深い"" is """,浅い,0,5,20.75,15.125,-5.625
qwen3-4b,24,freq,freq,en,ja,深い,"The opposite of ""深い"" is """,浅い,0,5,20.75,16.625,-4.125
qwen3-4b,25,desc,desc,en,ja,悪い,"The opposite of ""悪い"" is """,良い,0,0,20.625,20.875,0.25
qwen3-4b,25,desc,val,en,ja,悪い,"The opposite of ""悪い"" is """,良い,0,0,20.625,17.625,-3.0
qwen3-4b,25,desc,freq,en,ja,悪い,"The opposite of ""悪い"" is """,良い,0,0,20.625,19.875,-0.75
qwen3-4b,25,val,desc,en,ja,悪い,"The opposite of ""悪い"" is """,良い,0,0,20.625,15.5,-5.125
qwen3-4b,25,val,val,en,ja,悪い,"The opposite of ""悪い"" is """,良い,0,0,20.625,15.3125,-5.3125
qwen3-4b,25,val,freq,en,ja,悪い,"The opposite of ""悪い"" is """,良い,0,0,20.625,14.6875,-5.9375
qwen3-4b,25,freq,desc,en,ja,悪い,"The opposite of ""悪い"" is """,良い,0,3,20.625,17.625,-3.0
qwen3-4b,25,freq,val,en,ja,悪い,"The opposite of ""悪い"" is """,良い,0,4,20.625,14.125,-6.5
qwen3-4b,25,freq,freq,en,ja,悪い,"The opposite of ""悪い"" is """,良い,0,3,20.625,17.5,-3.125
qwen3-4b,26,desc,desc,en,ja,悲しい,"The opposite of ""悲しい"" is """,嬉しい,0,0,17.625,17.375,-0.25
qwen3-4b,26,desc,val,en,ja,悲しい,"The opposite of ""悲しい"" is """,嬉しい,0,2,17.625,14.6875,-2.9375
qwen3-4b,26,desc,freq,en,ja,悲しい,"The opposite of ""悲しい"" is """,嬉しい,0,2,17.625,15.0,-2.625
qwen3-4b,26,val,desc,en,ja,悲しい,"The opposite of ""悲しい"" is """,嬉しい,0,2,17.625,13.125,-4.5
qwen3-4b,26,val,val,en,ja,悲しい,"The opposite of ""悲しい"" is """,嬉しい,0,2,17.625,12.625,-5.0
qwen3-4b,26,val,freq,en,ja,悲しい,"The opposite of ""悲しい"" is """,嬉しい,0,6,17.625,12.6875,-4.9375
qwen3-4b,26,freq,desc,en,ja,悲しい,"The opposite of ""悲しい"" is """,嬉しい,0,18,17.625,13.25,-4.375
qwen3-4b,26,freq,val,en,ja,悲しい,"The opposite of ""悲しい"" is """,嬉しい,0,38,17.625,11.25,-6.375
qwen3-4b,26,freq,freq,en,ja,悲しい,"The opposite of ""悲しい"" is """,嬉しい,0,24,17.625,13.125,-4.5
qwen3-4b,27,desc,desc,en,ja,小さい,"The opposite of ""小さい"" is """,大きい,0,0,21.25,20.75,-0.5
qwen3-4b,27,desc,val,en,ja,小さい,"The opposite of ""小さい"" is """,大きい,0,0,21.25,18.5,-2.75
qwen3-4b,27,desc,freq,en,ja,小さい,"The opposite of ""小さい"" is """,大きい,0,0,21.25,18.875,-2.375
qwen3-4b,27,val,desc,en,ja,小さい,"The opposite of ""小さい"" is """,大きい,0,1,21.25,15.4375,-5.8125
qwen3-4b,27,val,val,en,ja,小さい,"The opposite of ""小さい"" is """,大きい,0,1,21.25,15.3125,-5.9375
qwen3-4b,27,val,freq,en,ja,小さい,"The opposite of ""小さい"" is """,大きい,0,2,21.25,14.3125,-6.9375
qwen3-4b,27,freq,desc,en,ja,小さい,"The opposite of ""小さい"" is """,大きい,0,2,21.25,16.625,-4.625
qwen3-4b,27,freq,val,en,ja,小さい,"The opposite of ""小さい"" is """,大きい,0,3,21.25,14.75,-6.5
qwen3-4b,27,freq,freq,en,ja,小さい,"The opposite of ""小さい"" is """,大きい,0,2,21.25,16.5,-4.75
qwen3-4b,28,desc,desc,en,ja,寒い,"The opposite of ""寒い"" is """,暑い,1,0,18.625,19.0,0.375
qwen3-4b,28,desc,val,en,ja,寒い,"The opposite of ""寒い"" is """,暑い,1,2,18.625,16.0,-2.625
qwen3-4b,28,desc,freq,en,ja,寒い,"The opposite of ""寒い"" is """,暑い,1,2,18.625,17.375,-1.25
qwen3-4b,28,val,desc,en,ja,寒い,"The opposite of ""寒い"" is """,暑い,1,1,18.625,14.4375,-4.1875
qwen3-4b,28,val,val,en,ja,寒い,"The opposite of ""寒い"" is """,暑い,1,1,18.625,14.3125,-4.3125
qwen3-4b,28,val,freq,en,ja,寒い,"The opposite of ""寒い"" is """,暑い,1,3,18.625,14.125,-4.5
qwen3-4b,28,freq,desc,en,ja,寒い,"The opposite of ""寒い"" is """,暑い,1,6,18.625,16.625,-2.0
qwen3-4b,28,freq,val,en,ja,寒い,"The opposite of ""寒い"" is """,暑い,1,9,18.625,13.625,-5.0
qwen3-4b,28,freq,freq,en,ja,寒い,"The opposite of ""寒い"" is """,暑い,1,8,18.625,16.625,-2.0
qwen3-4b,29,desc,desc,en,ja,遅い,"The opposite of ""遅い"" is """,早い,0,0,21.125,20.75,-0.375
qwen3-4b,29,desc,val,en,ja,遅い,"The opposite of ""遅い"" is """,早い,0,1,21.125,17.0,-4.125
qwen3-4b,29,desc,freq,en,ja,遅い,"The opposite of ""遅い"" is """,早い,0,1,21.125,19.125,-2.0
qwen3-4b,29,val,desc,en,ja,遅い,"The opposite of ""遅い"" is """,早い,0,2,21.125,13.9375,-7.1875
qwen3-4b,29,val,val,en,ja,遅い,"The opposite of ""遅い"" is """,早い,0,3,21.125,13.75,-7.375
qwen3-4b,29,val,freq,en,ja,遅い,"The opposite of ""遅い"" is """,早い,0,4,21.125,13.8125,-7.3125
qwen3-4b,29,freq,desc,en,ja,遅い,"The opposite of ""遅い"" is """,早い,0,8,21.125,16.5,-4.625
qwen3-4b,29,freq,val,en,ja,遅い,"The opposite of ""遅い"" is """,早い,0,7,21.125,14.125,-7.0
qwen3-4b,29,freq,freq,en,ja,遅い,"The opposite of ""遅い"" is """,早い,0,8,21.125,16.375,-4.75
qwen3-4b,30,desc,desc,en,ja,重い,"The opposite of ""重い"" is """,軽い,0,0,23.5,23.375,-0.125
qwen3-4b,30,desc,val,en,ja,重い,"The opposite of ""重い"" is """,軽い,0,0,23.5,20.0,-3.5
qwen3-4b,30,desc,freq,en,ja,重い,"The opposite of ""重い"" is """,軽い,0,0,23.5,22.75,-0.75
qwen3-4b,30,val,desc,en,ja,重い,"The opposite of ""重い"" is """,軽い,0,0,23.5,19.875,-3.625
qwen3-4b,30,val,val,en,ja,重い,"The opposite of ""重い"" is """,軽い,0,0,23.5,20.0,-3.5
qwen3-4b,30,val,freq,en,ja,重い,"The opposite of ""重い"" is """,軽い,0,0,23.5,19.625,-3.875
qwen3-4b,30,freq,desc,en,ja,重い,"The opposite of ""重い"" is """,軽い,0,0,23.5,20.875,-2.625
qwen3-4b,30,freq,val,en,ja,重い,"The opposite of ""重い"" is """,軽い,0,0,23.5,17.375,-6.125
qwen3-4b,30,freq,freq,en,ja,重い,"The opposite of ""重い"" is """,軽い,0,0,23.5,20.75,-2.75
qwen3-4b,31,desc,desc,en,ja,難しい,"The opposite of ""難しい"" is """,簡単な,0,0,18.875,18.625,-0.25
qwen3-4b,31,desc,val,en,ja,難しい,"The opposite of ""難しい"" is """,簡単な,0,0,18.875,16.25,-2.625
qwen3-4b,31,desc,freq,en,ja,難しい,"The opposite of ""難しい"" is """,簡単な,0,0,18.875,17.0,-1.875
qwen3-4b,31,val,desc,en,ja,難しい,"The opposite of ""難しい"" is """,簡単な,0,5,18.875,13.3125,-5.5625
qwen3-4b,31,val,val,en,ja,難しい,"The opposite of ""難しい"" is """,簡単な,0,5,18.875,13.25,-5.625
qwen3-4b,31,val,freq,en,ja,難しい,"The opposite of ""難しい"" is """,簡単な,0,6,18.875,13.1875,-5.6875
qwen3-4b,31,freq,desc,en,ja,難しい,"The opposite of ""難しい"" is """,簡単な,0,17,18.875,14.6875,-4.1875
qwen3-4b,31,freq,val,en,ja,難しい,"The opposite of ""難しい"" is """,簡単な,0,22,18.875,12.8125,-6.0625
qwen3-4b,31,freq,freq,en,ja,難しい,"The opposite of ""難しい"" is """,簡単な,0,17,18.875,14.8125,-4.0625
qwen3-4b,32,desc,desc,en,ja,古い,"The opposite of ""古い"" is """,新しい,0,0,23.5,22.875,-0.625
qwen3-4b,32,desc,val,en,ja,古い,"The opposite of ""古い"" is """,新しい,0,0,23.5,19.625,-3.875
qwen3-4b,32,desc,freq,en,ja,古い,"The opposite of ""古い"" is """,新しい,0,0,23.5,21.625,-1.875
qwen3-4b,32,val,desc,en,ja,古い,"The opposite of ""古い"" is """,新しい,0,0,23.5,19.125,-4.375
qwen3-4b,32,val,val,en,ja,古い,"The opposite of ""古い"" is """,新しい,0,0,23.5,19.0,-4.5
qwen3-4b,32,val,freq,en,ja,古い,"The opposite of ""古い"" is """,新しい,0,1,23.5,18.75,-4.75
qwen3-4b,32,freq,desc,en,ja,古い,"The opposite of ""古い"" is """,新しい,0,2,23.5,19.625,-3.875
qwen3-4b,32,freq,val,en,ja,古い,"The opposite of ""古い"" is """,新しい,0,2,23.5,16.75,-6.75
qwen3-4b,32,freq,freq,en,ja,古い,"The opposite of ""古い"" is """,新しい,0,2,23.5,19.5,-4.0
qwen3-4b,33,desc,desc,en,ja,間違った,"The opposite of ""間違った"" is """,正しい,0,0,22.125,21.625,-0.5
qwen3-4b,33,desc,val,en,ja,間違った,"The opposite of ""間違った"" is """,正しい,0,1,22.125,18.625,-3.5
qwen3-4b,33,desc,freq,en,ja,間違った,"The opposite of ""間違った"" is """,正しい,0,1,22.125,20.625,-1.5
qwen3-4b,33,val,desc,en,ja,間違った,"The opposite of ""間違った"" is """,正しい,0,1,22.125,17.5,-4.625
qwen3-4b,33,val,val,en,ja,間違った,"The opposite of ""間違った"" is """,正しい,0,1,22.125,17.5,-4.625
qwen3-4b,33,val,freq,en,ja,間違った,"The opposite of ""間違った"" is """,正しい,0,1,22.125,17.25,-4.875
qwen3-4b,33,freq,desc,en,ja,間違った,"The opposite of ""間違った"" is """,正しい,0,2,22.125,17.625,-4.5
qwen3-4b,33,freq,val,en,ja,間違った,"The opposite of ""間違った"" is """,正しい,0,3,22.125,15.5625,-6.5625
qwen3-4b,33,freq,freq,en,ja,間違った,"The opposite of ""間違った"" is """,正しい,0,2,22.125,17.625,-4.5
qwen3-4b,34,desc,desc,en,ja,死んでいる,"The opposite of ""死んでいる"" is """,生きている,0,0,20.625,19.5,-1.125
qwen3-4b,34,desc,val,en,ja,死んでいる,"The opposite of ""死んでいる"" is """,生きている,0,0,20.625,16.25,-4.375
qwen3-4b,34,desc,freq,en,ja,死んでいる,"The opposite of ""死んでいる"" is """,生きている,0,0,20.625,18.0,-2.625
qwen3-4b,34,val,desc,en,ja,死んでいる,"The opposite of ""死んでいる"" is """,生きている,0,4,20.625,13.6875,-6.9375
qwen3-4b,34,val,val,en,ja,死んでいる,"The opposite of ""死んでいる"" is """,生きている,0,5,20.625,13.5625,-7.0625
qwen3-4b,34,val,freq,en,ja,死んでいる,"The opposite of ""死んでいる"" is """,生きている,0,4,20.625,13.625,-7.0
qwen3-4b,34,freq,desc,en,ja,死んでいる,"The opposite of ""死んでいる"" is """,生きている,0,19,20.625,14.25,-6.375
qwen3-4b,34,freq,val,en,ja,死んでいる,"The opposite of ""死んでいる"" is """,生きている,0,32,20.625,11.4375,-9.1875
qwen3-4b,34,freq,freq,en,ja,死んでいる,"The opposite of ""死んでいる"" is """,生きている,0,21,20.625,14.25,-6.375
qwen3-4b,35,desc,desc,en,ja,空っぽ,"The opposite of ""空っぽ"" is """,満杯,0,0,19.375,19.625,0.25
qwen3-4b,35,desc,val,en,ja,空っぽ,"The opposite of ""空っぽ"" is """,満杯,0,0,19.375,19.25,-0.125
qwen3-4b,35,desc,freq,en,ja,空っぽ,"The opposite of ""空っぽ"" is """,満杯,0,0,19.375,19.125,-0.25
qwen3-4b,35,val,desc,en,ja,空っぽ,"The opposite of ""空っぽ"" is """,満杯,0,0,19.375,16.5,-2.875
qwen3-4b,35,val,val,en,ja,空っぽ,"The opposite of ""空っぽ"" is """,満杯,0,0,19.375,16.5,-2.875
qwen3-4b,35,val,freq,en,ja,空っぽ,"The opposite of ""空っぽ"" is """,満杯,0,0,19.375,17.25,-2.125
qwen3-4b,35,freq,desc,en,ja,空っぽ,"The opposite of ""空っぽ"" is """,満杯,0,1,19.375,15.1875,-4.1875
qwen3-4b,35,freq,val,en,ja,空っぽ,"The opposite of ""空っぽ"" is """,満杯,0,1,19.375,15.375,-4.0
qwen3-4b,35,freq,freq,en,ja,空っぽ,"The opposite of ""空っぽ"" is """,満杯,0,2,19.375,15.0,-4.375
qwen3-4b,36,desc,desc,en,ja,暗い,"The opposite of ""暗い"" is """,明るい,0,0,22.5,22.375,-0.125
qwen3-4b,36,desc,val,en,ja,暗い,"The opposite of ""暗い"" is """,明るい,0,0,22.5,19.75,-2.75
qwen3-4b,36,desc,freq,en,ja,暗い,"The opposite of ""暗い"" is """,明るい,0,0,22.5,23.5,1.0
qwen3-4b,36,val,desc,en,ja,暗い,"The opposite of ""暗い"" is """,明るい,0,0,22.5,18.0,-4.5
qwen3-4b,36,val,val,en,ja,暗い,"The opposite of ""暗い"" is """,明るい,0,0,22.5,18.125,-4.375
qwen3-4b,36,val,freq,en,ja,暗い,"The opposite of ""暗い"" is """,明るい,0,0,22.5,20.5,-2.0
qwen3-4b,36,freq,desc,en,ja,暗い,"The opposite of ""暗い"" is """,明るい,0,0,22.5,21.375,-1.125
qwen3-4b,36,freq,val,en,ja,暗い,"The opposite of ""暗い"" is """,明るい,0,0,22.5,19.125,-3.375
qwen3-4b,36,freq,freq,en,ja,暗い,"The opposite of ""暗い"" is """,明るい,0,0,22.5,21.0,-1.5
qwen3-4b,37,desc,desc,en,ja,弱い,"The opposite of ""弱い"" is """,強い,0,0,24.75,24.125,-0.625
qwen3-4b,37,desc,val,en,ja,弱い,"The opposite of ""弱い"" is """,強い,0,0,24.75,19.625,-5.125
qwen3-4b,37,desc,freq,en,ja,弱い,"The opposite of ""弱い"" is """,強い,0,0,24.75,23.125,-1.625
qwen3-4b,37,val,desc,en,ja,弱い,"The opposite of ""弱い"" is """,強い,0,0,24.75,17.5,-7.25
qwen3-4b,37,val,val,en,ja,弱い,"The opposite of ""弱い"" is """,強い,0,0,24.75,17.125,-7.625
qwen3-4b,37,val,freq,en,ja,弱い,"The opposite of ""弱い"" is """,強い,0,0,24.75,17.75,-7.0
qwen3-4b,37,freq,desc,en,ja,弱い,"The opposite of ""弱い"" is """,強い,0,2,24.75,20.375,-4.375
qwen3-4b,37,freq,val,en,ja,弱い,"The opposite of ""弱い"" is """,強い,0,2,24.75,16.375,-8.375
qwen3-4b,37,freq,freq,en,ja,弱い,"The opposite of ""弱い"" is """,強い,0,2,24.75,20.125,-4.625
qwen3-4b,38,desc,desc,en,ja,汚い,"The opposite of ""汚い"" is """,きれいな,1,1,17.125,16.375,-0.75
qwen3-4b,38,desc,val,en,ja,汚い,"The opposite of ""汚い"" is """,きれいな,1,1,17.125,14.5625,-2.5625
qwen3-4b,38,desc,freq,en,ja,汚い,"The opposite of ""汚い"" is """,きれいな,1,1,17.125,15.375,-1.75
qwen3-4b,38,val,desc,en,ja,汚い,"The opposite of ""汚い"" is """,きれいな,1,2,17.125,11.8125,-5.3125
qwen3-4b,38,val,val,en,ja,汚い,"The opposite of ""汚い"" is """,きれいな,1,2,17.125,11.625,-5.5
qwen3-4b,38,val,freq,en,ja,汚い,"The opposite of ""汚い"" is """,きれいな,1,1,17.125,11.8125,-5.3125
qwen3-4b,38,freq,desc,en,ja,汚い,"The opposite of ""汚い"" is """,きれいな,1,20,17.125,12.0,-5.125
qwen3-4b,38,freq,val,en,ja,汚い,"The opposite of ""汚い"" is """,きれいな,1,12,17.125,11.25,-5.875
qwen3-4b,38,freq,freq,en,ja,汚い,"The opposite of ""汚い"" is """,きれいな,1,19,17.125,12.1875,-4.9375
qwen3-4b,39,desc,desc,en,ja,閉じた,"The opposite of ""閉じた"" is """,開いた,0,0,21.125,20.75,-0.375
qwen3-4b,39,desc,val,en,ja,閉じた,"The opposite of ""閉じた"" is """,開いた,0,0,21.125,18.625,-2.5
qwen3-4b,39,desc,freq,en,ja,閉じた,"The opposite of ""閉じた"" is """,開いた,0,0,21.125,20.375,-0.75
qwen3-4b,39,val,desc,en,ja,閉じた,"The opposite of ""閉じた"" is """,開いた,0,0,21.125,17.625,-3.5
qwen3-4b,39,val,val,en,ja,閉じた,"The opposite of ""閉じた"" is """,開いた,0,0,21.125,17.375,-3.75
qwen3-4b,39,val,freq,en,ja,閉じた,"The opposite of ""閉じた"" is """,開いた,0,0,21.125,17.625,-3.5
qwen3-4b,39,freq,desc,en,ja,閉じた,"The opposite of ""閉じた"" is """,開いた,0,2,21.125,16.75,-4.375
qwen3-4b,39,freq,val,en,ja,閉じた,"The opposite of ""閉じた"" is """,開いた,0,3,21.125,14.3125,-6.8125
qwen3-4b,39,freq,freq,en,ja,閉じた,"The opposite of ""閉じた"" is """,開いた,0,3,21.125,16.125,-5.0
qwen3-4b,40,desc,desc,en,ja,貧しい,"The opposite of ""貧しい"" is """,豊かな,0,0,23.125,22.75,-0.375
qwen3-4b,40,desc,val,en,ja,貧しい,"The opposite of ""貧しい"" is """,豊かな,0,0,23.125,20.625,-2.5
qwen3-4b,40,desc,freq,en,ja,貧しい,"The opposite of ""貧しい"" is """,豊かな,0,0,23.125,22.125,-1.0
qwen3-4b,40,val,desc,en,ja,貧しい,"The opposite of ""貧しい"" is """,豊かな,0,0,23.125,20.625,-2.5
qwen3-4b,40,val,val,en,ja,貧しい,"The opposite of ""貧しい"" is """,豊かな,0,0,23.125,20.5,-2.625
qwen3-4b,40,val,freq,en,ja,貧しい,"The opposite of ""貧しい"" is """,豊かな,0,0,23.125,20.625,-2.5
qwen3-4b,40,freq,desc,en,ja,貧しい,"The opposite of ""貧しい"" is """,豊かな,0,3,23.125,17.25,-5.875
qwen3-4b,40,freq,val,en,ja,貧しい,"The opposite of ""貧しい"" is """,豊かな,0,6,23.125,16.0,-7.125
qwen3-4b,40,freq,freq,en,ja,貧しい,"The opposite of ""貧しい"" is """,豊かな,0,5,23.125,17.25,-5.875
qwen3-4b,41,desc,desc,en,ja,醜い,"The opposite of ""醜い"" is """,美しい,0,0,21.25,20.625,-0.625
qwen3-4b,41,desc,val,en,ja,醜い,"The opposite of ""醜い"" is """,美しい,0,0,21.25,17.875,-3.375
qwen3-4b,41,desc,freq,en,ja,醜い,"The opposite of ""醜い"" is """,美しい,0,0,21.25,19.5,-1.75
qwen3-4b,41,val,desc,en,ja,醜い,"The opposite of ""醜い"" is """,美しい,0,0,21.25,15.375,-5.875
qwen3-4b,41,val,val,en,ja,醜い,"The opposite of ""醜い"" is """,美しい,0,1,21.25,15.375,-5.875
qwen3-4b,41,val,freq,en,ja,醜い,"The opposite of ""醜い"" is """,美しい,0,1,21.25,15.4375,-5.8125
qwen3-4b,41,freq,desc,en,ja,醜い,"The opposite of ""醜い"" is """,美しい,0,5,21.25,18.125,-3.125
qwen3-4b,41,freq,val,en,ja,醜い,"The opposite of ""醜い"" is """,美しい,0,4,21.25,15.3125,-5.9375
qwen3-4b,41,freq,freq,en,ja,醜い,"The opposite of ""醜い"" is """,美しい,0,6,21.25,18.0,-3.25
qwen3-4b,42,desc,desc,en,ja,短い,"The opposite of ""短い"" is """,長い,0,0,24.875,24.625,-0.25
qwen3-4b,42,desc,val,en,ja,短い,"The opposite of ""短い"" is """,長い,0,0,24.875,20.0,-4.875
qwen3-4b,42,desc,freq,en,ja,短い,"The opposite of ""短い"" is """,長い,0,0,24.875,22.75,-2.125
qwen3-4b,42,val,desc,en,ja,短い,"The opposite of ""短い"" is """,長い,0,0,24.875,18.125,-6.75
qwen3-4b,42,val,val,en,ja,短い,"The opposite of ""短い"" is """,長い,0,0,24.875,18.0,-6.875
qwen3-4b,42,val,freq,en,ja,短い,"The opposite of ""短い"" is """,長い,0,0,24.875,17.125,-7.75
qwen3-4b,42,freq,desc,en,ja,短い,"The opposite of ""短い"" is """,長い,0,1,24.875,20.625,-4.25
qwen3-4b,42,freq,val,en,ja,短い,"The opposite of ""短い"" is """,長い,0,2,24.875,17.25,-7.625
qwen3-4b,42,freq,freq,en,ja,短い,"The opposite of ""短い"" is """,長い,0,0,24.875,20.875,-4.0
qwen3-4b,43,desc,desc,en,ja,狭い,"The opposite of ""狭い"" is """,広い,0,0,23.0,23.5,0.5
qwen3-4b,43,desc,val,en,ja,狭い,"The opposite of ""狭い"" is """,広い,0,0,23.0,20.125,-2.875
qwen3-4b,43,desc,freq,en,ja,狭い,"The opposite of ""狭い"" is """,広い,0,0,23.0,20.875,-2.125
qwen3-4b,43,val,desc,en,ja,狭い,"The opposite of ""狭い"" is """,広い,0,0,23.0,18.375,-4.625
qwen3-4b,43,val,val,en,ja,狭い,"The opposite of ""狭い"" is """,広い,0,0,23.0,18.25,-4.75
qwen3-4b,43,val,freq,en,ja,狭い,"The opposite of ""狭い"" is """,広い,0,0,23.0,16.25,-6.75
qwen3-4b,43,freq,desc,en,ja,狭い,"The opposite of ""狭い"" is """,広い,0,1,23.0,18.5,-4.5
qwen3-4b,43,freq,val,en,ja,狭い,"The opposite of ""狭い"" is """,広い,0,2,23.0,17.125,-5.875
qwen3-4b,43,freq,freq,en,ja,狭い,"The opposite of ""狭い"" is """,広い,0,2,23.0,18.75,-4.25
qwen3-4b,44,desc,desc,en,ja,柔らかい,"The opposite of ""柔らかい"" is """,硬い,0,0,16.75,16.625,-0.125
qwen3-4b,44,desc,val,en,ja,柔らかい,"The opposite of ""柔らかい"" is """,硬い,0,0,16.75,15.9375,-0.8125
qwen3-4b,44,desc,freq,en,ja,柔らかい,"The opposite of ""柔らかい"" is """,硬い,0,0,16.75,16.625,-0.125
qwen3-4b,44,val,desc,en,ja,柔らかい,"The opposite of ""柔らかい"" is """,硬い,0,1,16.75,14.625,-2.125
qwen3-4b,44,val,val,en,ja,柔らかい,"The opposite of ""柔らかい"" is """,硬い,0,1,16.75,14.875,-1.875
qwen3-4b,44,val,freq,en,ja,柔らかい,"The opposite of ""柔らかい"" is """,硬い,0,1,16.75,15.0625,-1.6875
qwen3-4b,44,freq,desc,en,ja,柔らかい,"The opposite of ""柔らかい"" is """,硬い,0,1,16.75,18.5,1.75
qwen3-4b,44,freq,val,en,ja,柔らかい,"The opposite of ""柔らかい"" is """,硬い,0,0,16.75,17.625,0.875
qwen3-4b,44,freq,freq,en,ja,柔らかい,"The opposite of ""柔らかい"" is """,硬い,0,0,16.75,18.75,2.0
qwen3-4b,45,desc,desc,en,ja,濡れた,"The opposite of ""濡れた"" is """,乾いた,0,0,18.75,18.875,0.125
qwen3-4b,45,desc,val,en,ja,濡れた,"The opposite of ""濡れた"" is """,乾いた,0,0,18.75,17.375,-1.375
qwen3-4b,45,desc,freq,en,ja,濡れた,"The opposite of ""濡れた"" is """,乾いた,0,0,18.75,18.5,-0.25
qwen3-4b,45,val,desc,en,ja,濡れた,"The opposite of ""濡れた"" is """,乾いた,0,1,18.75,14.0,-4.75
qwen3-4b,45,val,val,en,ja,濡れた,"The opposite of ""濡れた"" is """,乾いた,0,1,18.75,14.1875,-4.5625
qwen3-4b,45,val,freq,en,ja,濡れた,"The opposite of ""濡れた"" is """,乾いた,0,1,18.75,14.375,-4.375
qwen3-4b,45,freq,desc,en,ja,濡れた,"The opposite of ""濡れた"" is """,乾いた,0,1,18.75,17.75,-1.0
qwen3-4b,45,freq,val,en,ja,濡れた,"The opposite of ""濡れた"" is """,乾いた,0,1,18.75,16.375,-2.375
qwen3-4b,45,freq,freq,en,ja,濡れた,"The opposite of ""濡れた"" is """,乾いた,0,1,18.75,17.5,-1.25
qwen3-4b,46,desc,desc,en,ja,静かな,"The opposite of ""静かな"" is """,うるさい,1,1,15.9375,15.0,-0.9375
qwen3-4b,46,desc,val,en,ja,静かな,"The opposite of ""静かな"" is """,うるさい,1,4,15.9375,12.1875,-3.75
qwen3-4b,46,desc,freq,en,ja,静かな,"The opposite of ""静かな"" is """,うるさい,1,9,15.9375,12.25,-3.6875
qwen3-4b,46,val,desc,en,ja,静かな,"The opposite of ""静かな"" is """,うるさい,1,6,15.9375,10.875,-5.0625
qwen3-4b,46,val,val,en,ja,静かな,"The opposite of ""静かな"" is """,うるさい,1,7,15.9375,10.875,-5.0625
qwen3-4b,46,val,freq,en,ja,静かな,"The opposite of ""静かな"" is """,うるさい,1,6,15.9375,11.0,-4.9375
qwen3-4b,46,freq,desc,en,ja,静かな,"The opposite of ""静かな"" is """,うるさい,1,40,15.9375,11.3125,-4.625
qwen3-4b,46,freq,val,en,ja,静かな,"The opposite of ""静かな"" is """,うるさい,1,38,15.9375,11.125,-4.8125
qwen3-4b,46,freq,freq,en,ja,静かな,"The opposite of ""静かな"" is """,うるさい,1,45,15.9375,11.25,-4.6875
qwen3-4b,47,desc,desc,en,ja,遅い,"The opposite of ""遅い"" is """,早い,0,0,21.125,20.75,-0.375
qwen3-4b,47,desc,val,en,ja,遅い,"The opposite of ""遅い"" is """,早い,0,1,21.125,17.0,-4.125
qwen3-4b,47,desc,freq,en,ja,遅い,"The opposite of ""遅い"" is """,早い,0,1,21.125,19.125,-2.0
qwen3-4b,47,val,desc,en,ja,遅い,"The opposite of ""遅い"" is """,早い,0,2,21.125,13.9375,-7.1875
qwen3-4b,47,val,val,en,ja,遅い,"The opposite of ""遅い"" is """,早い,0,3,21.125,13.75,-7.375
qwen3-4b,47,val,freq,en,ja,遅い,"The opposite of ""遅い"" is """,早い,0,4,21.125,13.875,-7.25
qwen3-4b,47,freq,desc,en,ja,遅い,"The opposite of ""遅い"" is """,早い,0,8,21.125,16.5,-4.625
qwen3-4b,47,freq,val,en,ja,遅い,"The opposite of ""遅い"" is """,早い,0,7,21.125,14.125,-7.0
qwen3-4b,47,freq,freq,en,ja,遅い,"The opposite of ""遅い"" is """,早い,0,8,21.125,16.375,-4.75
qwen3-4b,48,desc,desc,en,ja,遠い,"The opposite of ""遠い"" is """,近い,0,0,23.375,23.25,-0.125
qwen3-4b,48,desc,val,en,ja,遠い,"The opposite of ""遠い"" is """,近い,0,0,23.375,20.625,-2.75
qwen3-4b,48,desc,freq,en,ja,遠い,"The opposite of ""遠い"" is """,近い,0,0,23.375,23.625,0.25
qwen3-4b,48,val,desc,en,ja,遠い,"The opposite of ""遠い"" is """,近い,0,0,23.375,18.625,-4.75
qwen3-4b,48,val,val,en,ja,遠い,"The opposite of ""遠い"" is """,近い,0,0,23.375,18.5,-4.875
qwen3-4b,48,val,freq,en,ja,遠い,"The opposite of ""遠い"" is """,近い,0,0,23.375,18.625,-4.75
qwen3-4b,48,freq,desc,en,ja,遠い,"The opposite of ""遠い"" is """,近い,0,0,23.375,24.0,0.625
qwen3-4b,48,freq,val,en,ja,遠い,"The opposite of ""遠い"" is """,近い,0,0,23.375,21.625,-1.75
qwen3-4b,48,freq,freq,en,ja,遠い,"The opposite of ""遠い"" is """,近い,0,0,23.375,24.25,0.875
qwen3-4b,49,desc,desc,en,ja,浅い,"The opposite of ""浅い"" is """,深い,0,1,25.25,25.125,-0.125
qwen3-4b,49,desc,val,en,ja,浅い,"The opposite of ""浅い"" is """,深い,0,1,25.25,20.5,-4.75
qwen3-4b,49,desc,freq,en,ja,浅い,"The opposite of ""浅い"" is """,深い,0,0,25.25,24.25,-1.0
qwen3-4b,49,val,desc,en,ja,浅い,"The opposite of ""浅い"" is """,深い,0,1,25.25,17.375,-7.875
qwen3-4b,49,val,val,en,ja,浅い,"The opposite of ""浅い"" is """,深い,0,1,25.25,17.125,-8.125
qwen3-4b,49,val,freq,en,ja,浅い,"The opposite of ""浅い"" is """,深い,0,1,25.25,17.375,-7.875
qwen3-4b,49,freq,desc,en,ja,浅い,"The opposite of ""浅い"" is """,深い,0,1,25.25,21.875,-3.375
qwen3-4b,49,freq,val,en,ja,浅い,"The opposite of ""浅い"" is """,深い,0,2,25.25,17.0,-8.25
qwen3-4b,49,freq,freq,en,ja,浅い,"The opposite of ""浅い"" is """,深い,0,2,25.25,21.75,-3.5
qwen3-4b,50,desc,desc,en,ja,若い,"The opposite of ""若い"" is """,老いた,2,2,16.0,15.8125,-0.1875
qwen3-4b,50,desc,val,en,ja,若い,"The opposite of ""若い"" is """,老いた,2,4,16.0,14.3125,-1.6875
qwen3-4b,50,desc,freq,en,ja,若い,"The opposite of ""若い"" is """,老いた,2,1,16.0,16.625,0.625
qwen3-4b,50,val,desc,en,ja,若い,"The opposite of ""若い"" is """,老いた,2,2,16.0,13.5,-2.5
qwen3-4b,50,val,val,en,ja,若い,"The opposite of ""若い"" is """,老いた,2,2,16.0,13.375,-2.625
qwen3-4b,50,val,freq,en,ja,若い,"The opposite of ""若い"" is """,老いた,2,2,16.0,15.125,-0.875
qwen3-4b,50,freq,desc,en,ja,若い,"The opposite of ""若い"" is """,老いた,2,3,16.0,15.3125,-0.6875
qwen3-4b,50,freq,val,en,ja,若い,"The opposite of ""若い"" is """,老いた,2,3,16.0,14.875,-1.125
qwen3-4b,50,freq,freq,en,ja,若い,"The opposite of ""若い"" is """,老いた,2,3,16.0,15.4375,-0.5625
qwen3-4b,51,desc,desc,en,ja,親切な,"The opposite of ""親切な"" is """,不親切な,4,3,15.125,15.4375,0.3125
qwen3-4b,51,desc,val,en,ja,親切な,"The opposite of ""親切な"" is """,不親切な,4,0,15.125,15.6875,0.5625
qwen3-4b,51,desc,freq,en,ja,親切な,"The opposite of ""親切な"" is """,不親切な,4,5,15.125,14.1875,-0.9375
qwen3-4b,51,val,desc,en,ja,親切な,"The opposite of ""親切な"" is """,不親切な,4,2,15.125,14.1875,-0.9375
qwen3-4b,51,val,val,en,ja,親切な,"The opposite of ""親切な"" is """,不親切な,4,2,15.125,14.125,-1.0
qwen3-4b,51,val,freq,en,ja,親切な,"The opposite of ""親切な"" is """,不親切な,4,3,15.125,12.3125,-2.8125
qwen3-4b,51,freq,desc,en,ja,親切な,"The opposite of ""親切な"" is """,不親切な,4,2,15.125,17.125,2.0
qwen3-4b,51,freq,val,en,ja,親切な,"The opposite of ""親切な"" is """,不親切な,4,0,15.125,17.625,2.5
qwen3-4b,51,freq,freq,en,ja,親切な,"The opposite of ""親切な"" is """,不親切な,4,2,15.125,17.125,2.0
qwen3-4b,52,desc,desc,en,ja,勇敢な,"The opposite of ""勇敢な"" is """,臆病な,2,2,17.125,17.0,-0.125
qwen3-4b,52,desc,val,en,ja,勇敢な,"The opposite of ""勇敢な"" is """,臆病な,2,2,17.125,15.0,-2.125
qwen3-4b,52,desc,freq,en,ja,勇敢な,"The opposite of ""勇敢な"" is """,臆病な,2,2,17.125,16.125,-1.0
qwen3-4b,52,val,desc,en,ja,勇敢な,"The opposite of ""勇敢な"" is """,臆病な,2,2,17.125,12.8125,-4.3125
qwen3-4b,52,val,val,en,ja,勇敢な,"The opposite of ""勇敢な"" is """,臆病な,2,3,17.125,12.8125,-4.3125
qwen3-4b,52,val,freq,en,ja,勇敢な,"The opposite of ""勇敢な"" is """,臆病な,2,4,17.125,12.6875,-4.4375
qwen3-4b,52,freq,desc,en,ja,勇敢な,"The opposite of ""勇敢な"" is """,臆病な,2,28,17.125,12.75,-4.375
qwen3-4b,52,freq,val,en,ja,勇敢な,"The opposite of ""勇敢な"" is """,臆病な,2,49,17.125,11.0625,-6.0625
qwen3-4b,52,freq,freq,en,ja,勇敢な,"The opposite of ""勇敢な"" is """,臆病な,2,33,17.125,12.3125,-4.8125
qwen3-4b,53,desc,desc,en,ja,賢い,"The opposite of ""賢い"" is """,愚かな,0,0,17.625,17.5,-0.125
qwen3-4b,53,desc,val,en,ja,賢い,"The opposite of ""賢い"" is """,愚かな,0,0,17.625,15.75,-1.875
qwen3-4b,53,desc,freq,en,ja,賢い,"The opposite of ""賢い"" is """,愚かな,0,0,17.625,18.0,0.375
qwen3-4b,53,val,desc,en,ja,賢い,"The opposite of ""賢い"" is """,愚かな,0,2,17.625,13.1875,-4.4375
qwen3-4b,53,val,val,en,ja,賢い,"The opposite of ""賢い"" is """,愚かな,0,1,17.625,13.3125,-4.3125
qwen3-4b,53,val,freq,en,ja,賢い,"The opposite of ""賢い"" is """,愚かな,0,0,17.625,15.125,-2.5
qwen3-4b,53,freq,desc,en,ja,賢い,"The opposite of ""賢い"" is """,愚かな,0,0,17.625,17.125,-0.5
qwen3-4b,53,freq,val,en,ja,賢い,"The opposite of ""賢い"" is """,愚かな,0,0,17.625,16.0,-1.625
qwen3-4b,53,freq,freq,en,ja,賢い,"The opposite of ""賢い"" is """,愚かな,0,1,17.625,17.125,-0.5
qwen3-4b,54,desc,desc,en,ja,丁寧な,"The opposite of ""丁寧な"" is """,粗略な,0,0,16.625,16.75,0.125
qwen3-4b,54,desc,val,en,ja,丁寧な,"The opposite of ""丁寧な"" is """,粗略な,0,0,16.625,15.9375,-0.6875
qwen3-4b,54,desc,freq,en,ja,丁寧な,"The opposite of ""丁寧な"" is """,粗略な,0,0,16.625,16.625,0.0
qwen3-4b,54,val,desc,en,ja,丁寧な,"The opposite of ""丁寧な"" is """,粗略な,0,4,16.625,12.25,-4.375
qwen3-4b,54,val,val,en,ja,丁寧な,"The opposite of ""丁寧な"" is """,粗略な,0,4,16.625,12.3125,-4.3125
qwen3-4b,54,val,freq,en,ja,丁寧な,"The opposite of ""丁寧な"" is """,粗略な,0,3,16.625,12.8125,-3.8125
qwen3-4b,54,freq,desc,en,ja,丁寧な,"The opposite of ""丁寧な"" is """,粗略な,0,1,16.625,17.875,1.25
qwen3-4b,54,freq,val,en,ja,丁寧な,"The opposite of ""丁寧な"" is """,粗略な,0,0,16.625,17.0,0.375
qwen3-4b,54,freq,freq,en,ja,丁寧な,"The opposite of ""丁寧な"" is """,粗略な,0,1,16.625,17.875,1.25
qwen3-4b,55,desc,desc,en,ja,我慢強い,"The opposite of ""我慢強い"" is """,せっかちな,449,487,6.625,6.5,-0.125
qwen3-4b,55,desc,val,en,ja,我慢強い,"The opposite of ""我慢強い"" is """,せっかちな,449,654,6.625,6.96875,0.34375
qwen3-4b,55,desc,freq,en,ja,我慢強い,"The opposite of ""我慢強い"" is """,せっかちな,449,394,6.625,6.90625,0.28125
qwen3-4b,55,val,desc,en,ja,我慢強い,"The opposite of ""我慢強い"" is """,せっかちな,449,1085,6.625,3.5,-3.125
qwen3-4b,55,val,val,en,ja,我慢強い,"The opposite of ""我慢強い"" is """,せっかちな,449,1493,6.625,3.125,-3.5
qwen3-4b,55,val,freq,en,ja,我慢強い,"The opposite of ""我慢強い"" is """,せっかちな,449,890,6.625,3.34375,-3.28125
qwen3-4b,55,freq,desc,en,ja,我慢強い,"The opposite of ""我慢強い"" is """,せっかちな,449,2459,6.625,3.984375,-2.640625
qwen3-4b,55,freq,val,en,ja,我慢強い,"The opposite of ""我慢強い"" is """,せっかちな,449,3862,6.625,4.1875,-2.4375
qwen3-4b,55,freq,freq,en,ja,我慢強い,"The opposite of ""我慢強い"" is """,せっかちな,449,2799,6.625,3.875,-2.75
qwen3-4b,56,desc,desc,en,ja,正直な,"The opposite of ""正直な"" is """,不正直な,1,1,18.0,18.25,0.25
qwen3-4b,56,desc,val,en,ja,正直な,"The opposite of ""正直な"" is """,不正直な,1,0,18.0,17.125,-0.875
qwen3-4b,56,desc,freq,en,ja,正直な,"The opposite of ""正直な"" is """,不正直な,1,1,18.0,17.5,-0.5
qwen3-4b,56,val,desc,en,ja,正直な,"The opposite of ""正直な"" is """,不正直な,1,0,18.0,17.25,-0.75
qwen3-4b,56,val,val,en,ja,正直な,"The opposite of ""正直な"" is """,不正直な,1,0,18.0,17.375,-0.625
qwen3-4b,56,val,freq,en,ja,正直な,"The opposite of ""正直な"" is """,不正直な,1,1,18.0,16.5,-1.5
qwen3-4b,56,freq,desc,en,ja,正直な,"The opposite of ""正直な"" is """,不正直な,1,0,18.0,21.375,3.375
qwen3-4b,56,freq,val,en,ja,正直な,"The opposite of ""正直な"" is """,不正直な,1,0,18.0,19.0,1.0
qwen3-4b,56,freq,freq,en,ja,正直な,"The opposite of ""正直な"" is """,不正直な,1,0,18.0,22.0,4.0
qwen3-4b,57,desc,desc,en,ja,安全な,"The opposite of ""安全な"" is """,危険な,0,0,21.25,20.875,-0.375
qwen3-4b,57,desc,val,en,ja,安全な,"The opposite of ""安全な"" is """,危険な,0,0,21.25,18.25,-3.0
qwen3-4b,57,desc,freq,en,ja,安全な,"The opposite of ""安全な"" is """,危険な,0,0,21.25,21.125,-0.125
qwen3-4b,57,val,desc,en,ja,安全な,"The opposite of ""安全な"" is """,危険な,0,1,21.25,14.9375,-6.3125
qwen3-4b,57,val,val,en,ja,安全な,"The opposite of ""安全な"" is """,危険な,0,3,21.25,14.25,-7.0
qwen3-4b,57,val,freq,en,ja,安全な,"The opposite of ""安全な"" is """,危険な,0,1,21.25,15.5625,-5.6875
qwen3-4b,57,freq,desc,en,ja,安全な,"The opposite of ""安全な"" is """,危険な,0,3,21.25,19.5,-1.75
qwen3-4b,57,freq,val,en,ja,安全な,"The opposite of ""安全な"" is """,危険な,0,3,21.25,16.75,-4.5
qwen3-4b,57,freq,freq,en,ja,安全な,"The opposite of ""安全な"" is """,危険な,0,4,21.25,19.375,-1.875
qwen3-4b,58,desc,desc,en,ja,活動的な,"The opposite of ""活動的な"" is """,消極的な,8,9,13.875,13.875,0.0
qwen3-4b,58,desc,val,en,ja,活動的な,"The opposite of ""活動的な"" is """,消極的な,8,9,13.875,12.9375,-0.9375
qwen3-4b,58,desc,freq,en,ja,活動的な,"The opposite of ""活動的な"" is """,消極的な,8,4,13.875,14.25,0.375
qwen3-4b,58,val,desc,en,ja,活動的な,"The opposite of ""活動的な"" is """,消極的な,8,3,13.875,12.5,-1.375
qwen3-4b,58,val,val,en,ja,活動的な,"The opposite of ""活動的な"" is """,消極的な,8,4,13.875,12.375,-1.5
qwen3-4b,58,val,freq,en,ja,活動的な,"The opposite of ""活動的な"" is """,消極的な,8,2,13.875,13.4375,-0.4375
qwen3-4b,58,freq,desc,en,ja,活動的な,"The opposite of ""活動的な"" is """,消極的な,8,26,13.875,12.6875,-1.1875
qwen3-4b,58,freq,val,en,ja,活動的な,"The opposite of ""活動的な"" is """,消極的な,8,29,13.875,11.875,-2.0
qwen3-4b,58,freq,freq,en,ja,活動的な,"The opposite of ""活動的な"" is """,消極的な,8,27,13.875,12.5,-1.375
qwen3-4b,59,desc,desc,en,ja,まっすぐな,"The opposite of ""まっすぐな"" is """,曲がった,0,0,17.5,17.5,0.0
qwen3-4b,59,desc,val,en,ja,まっすぐな,"The opposite of ""まっすぐな"" is """,曲がった,0,0,17.5,17.25,-0.25
qwen3-4b,59,desc,freq,en,ja,まっすぐな,"The opposite of ""まっすぐな"" is """,曲がった,0,0,17.5,18.5,1.0
qwen3-4b,59,val,desc,en,ja,まっすぐな,"The opposite of ""まっすぐな"" is """,曲がった,0,0,17.5,17.5,0.0
qwen3-4b,59,val,val,en,ja,まっすぐな,"The opposite of ""まっすぐな"" is """,曲がった,0,0,17.5,17.5,0.0
qwen3-4b,59,val,freq,en,ja,まっすぐな,"The opposite of ""まっすぐな"" is """,曲がった,0,0,17.5,18.0,0.5
qwen3-4b,59,freq,desc,en,ja,まっすぐな,"The opposite of ""まっすぐな"" is """,曲がった,0,0,17.5,17.75,0.25
qwen3-4b,59,freq,val,en,ja,まっすぐな,"The opposite of ""まっすぐな"" is """,曲がった,0,0,17.5,15.9375,-1.5625
qwen3-4b,59,freq,freq,en,ja,まっすぐな,"The opposite of ""まっすぐな"" is """,曲がった,0,0,17.5,17.625,0.125
qwen3-4b,60,desc,desc,en,ja,全体の,"The opposite of ""全体の"" is """,部分的な,1,1,17.75,17.375,-0.375
qwen3-4b,60,desc,val,en,ja,全体の,"The opposite of ""全体の"" is """,部分的な,1,1,17.75,17.125,-0.625
qwen3-4b,60,desc,freq,en,ja,全体の,"The opposite of ""全体の"" is """,部分的な,1,1,17.75,17.75,0.0
qwen3-4b,60,val,desc,en,ja,全体の,"The opposite of ""全体の"" is """,部分的な,1,0,17.75,18.0,0.25
qwen3-4b,60,val,val,en,ja,全体の,"The opposite of ""全体の"" is """,部分的な,1,0,17.75,17.5,-0.25
qwen3-4b,60,val,freq,en,ja,全体の,"The opposite of ""全体の"" is """,部分的な,1,1,17.75,17.0,-0.75
qwen3-4b,60,freq,desc,en,ja,全体の,"The opposite of ""全体の"" is """,部分的な,1,0,17.75,20.125,2.375
qwen3-4b,60,freq,val,en,ja,全体の,"The opposite of ""全体の"" is """,部分的な,1,0,17.75,18.0,0.25
qwen3-4b,60,freq,freq,en,ja,全体の,"The opposite of ""全体の"" is """,部分的な,1,0,17.75,20.0,2.25
qwen3-4b,61,desc,desc,en,ja,穏やかな,"The opposite of ""穏やかな"" is """,荒れた,1,2,15.25,15.1875,-0.0625
qwen3-4b,61,desc,val,en,ja,穏やかな,"The opposite of ""穏やかな"" is """,荒れた,1,7,15.25,13.75,-1.5
qwen3-4b,61,desc,freq,en,ja,穏やかな,"The opposite of ""穏やかな"" is """,荒れた,1,6,15.25,14.25,-1.0
qwen3-4b,61,val,desc,en,ja,穏やかな,"The opposite of ""穏やかな"" is """,荒れた,1,4,15.25,11.875,-3.375
qwen3-4b,61,val,val,en,ja,穏やかな,"The opposite of ""穏やかな"" is """,荒れた,1,3,15.25,12.0,-3.25
qwen3-4b,61,val,freq,en,ja,穏やかな,"The opposite of ""穏やかな"" is """,荒れた,1,4,15.25,12.0,-3.25
qwen3-4b,61,freq,desc,en,ja,穏やかな,"The opposite of ""穏やかな"" is """,荒れた,1,18,15.25,13.0625,-2.1875
qwen3-4b,61,freq,val,en,ja,穏やかな,"The opposite of ""穏やかな"" is """,荒れた,1,18,15.25,12.3125,-2.9375
qwen3-4b,61,freq,freq,en,ja,穏やかな,"The opposite of ""穏やかな"" is """,荒れた,1,29,15.25,12.6875,-2.5625
qwen3-4b,62,desc,desc,en,ja,正しい,"The opposite of ""正しい"" is """,間違っている,0,1,18.625,18.125,-0.5
qwen3-4b,62,desc,val,en,ja,正しい,"The opposite of ""正しい"" is """,間違っている,0,2,18.625,15.625,-3.0
qwen3-4b,62,desc,freq,en,ja,正しい,"The opposite of ""正しい"" is """,間違っている,0,3,18.625,17.5,-1.125
qwen3-4b,62,val,desc,en,ja,正しい,"The opposite of ""正しい"" is """,間違っている,0,1,18.625,14.25,-4.375
qwen3-4b,62,val,val,en,ja,正しい,"The opposite of ""正しい"" is """,間違っている,0,2,18.625,14.125,-4.5
qwen3-4b,62,val,freq,en,ja,正しい,"The opposite of ""正しい"" is """,間違っている,0,1,18.625,14.1875,-4.4375
qwen3-4b,62,freq,desc,en,ja,正しい,"The opposite of ""正しい"" is """,間違っている,0,11,18.625,15.3125,-3.3125
qwen3-4b,62,freq,val,en,ja,正しい,"The opposite of ""正しい"" is """,間違っている,0,12,18.625,13.3125,-5.3125
qwen3-4b,62,freq,freq,en,ja,正しい,"The opposite of ""正しい"" is """,間違っている,0,11,18.625,15.125,-3.5
qwen3-4b,63,desc,desc,en,ja,複雑な,"The opposite of ""複雑な"" is """,単純な,0,0,22.25,22.5,0.25
qwen3-4b,63,desc,val,en,ja,複雑な,"The opposite of ""複雑な"" is """,単純な,0,0,22.25,20.625,-1.625
qwen3-4b,63,desc,freq,en,ja,複雑な,"The opposite of ""複雑な"" is """,単純な,0,0,22.25,21.75,-0.5
qwen3-4b,63,val,desc,en,ja,複雑な,"The opposite of ""複雑な"" is """,単純な,0,0,22.25,19.875,-2.375
qwen3-4b,63,val,val,en,ja,複雑な,"The opposite of ""複雑な"" is """,単純な,0,0,22.25,19.875,-2.375
qwen3-4b,63,val,freq,en,ja,複雑な,"The opposite of ""複雑な"" is """,単純な,0,0,22.25,18.75,-3.5
qwen3-4b,63,freq,desc,en,ja,複雑な,"The opposite of ""複雑な"" is """,単純な,0,0,22.25,21.5,-0.75
qwen3-4b,63,freq,val,en,ja,複雑な,"The opposite of ""複雑な"" is """,単純な,0,0,22.25,19.75,-2.5
qwen3-4b,63,freq,freq,en,ja,複雑な,"The opposite of ""複雑な"" is """,単純な,0,0,22.25,21.625,-0.625
qwen3-4b,64,desc,desc,en,ja,効果的な,"The opposite of ""効果的な"" is """,非効果的な,2,2,15.8125,16.0,0.1875
qwen3-4b,64,desc,val,en,ja,効果的な,"The opposite of ""効果的な"" is """,非効果的な,2,2,15.8125,14.625,-1.1875
qwen3-4b,64,desc,freq,en,ja,効果的な,"The opposite of ""効果的な"" is """,非効果的な,2,2,15.8125,15.375,-0.4375
qwen3-4b,64,val,desc,en,ja,効果的な,"The opposite of ""効果的な"" is """,非効果的な,2,5,15.8125,12.625,-3.1875
qwen3-4b,64,val,val,en,ja,効果的な,"The opposite of ""効果的な"" is """,非効果的な,2,5,15.8125,13.0,-2.8125
qwen3-4b,64,val,freq,en,ja,効果的な,"The opposite of ""効果的な"" is """,非効果的な,2,4,15.8125,12.6875,-3.125
qwen3-4b,64,freq,desc,en,ja,効果的な,"The opposite of ""効果的な"" is """,非効果的な,2,3,15.8125,16.625,0.8125
qwen3-4b,64,freq,val,en,ja,効果的な,"The opposite of ""効果的な"" is """,非効果的な,2,4,15.8125,15.625,-0.1875
qwen3-4b,64,freq,freq,en,ja,効果的な,"The opposite of ""効果的な"" is """,非効果的な,2,3,15.8125,16.75,0.9375
qwen3-4b,65,desc,desc,en,ja,有名な,"The opposite of ""有名な"" is """,無名の,1,1,14.9375,15.0625,0.125
qwen3-4b,65,desc,val,en,ja,有名な,"The opposite of ""有名な"" is """,無名の,1,0,14.9375,14.8125,-0.125
qwen3-4b,65,desc,freq,en,ja,有名な,"The opposite of ""有名な"" is """,無名の,1,2,14.9375,13.5625,-1.375
qwen3-4b,65,val,desc,en,ja,有名な,"The opposite of ""有名な"" is """,無名の,1,7,14.9375,10.875,-4.0625
qwen3-4b,65,val,val,en,ja,有名な,"The opposite of ""有名な"" is """,無名の,1,6,14.9375,11.25,-3.6875
qwen3-4b,65,val,freq,en,ja,有名な,"The opposite of ""有名な"" is """,無名の,1,24,14.9375,8.625,-6.3125
qwen3-4b,65,freq,desc,en,ja,有名な,"The opposite of ""有名な"" is """,無名の,1,5,14.9375,14.1875,-0.75
qwen3-4b,65,freq,val,en,ja,有名な,"The opposite of ""有名な"" is """,無名の,1,4,14.9375,13.75,-1.1875
qwen3-4b,65,freq,freq,en,ja,有名な,"The opposite of ""有名な"" is """,無名の,1,5,14.9375,14.25,-0.6875
qwen3-4b,66,desc,desc,en,ja,寛大な,"The opposite of ""寛大な"" is """,ケチな,1272,1173,6.65625,6.875,0.21875
qwen3-4b,66,desc,val,en,ja,寛大な,"The opposite of ""寛大な"" is """,ケチな,1272,1244,6.65625,6.3125,-0.34375
qwen3-4b,66,desc,freq,en,ja,寛大な,"The opposite of ""寛大な"" is """,ケチな,1272,1340,6.65625,6.0625,-0.59375
qwen3-4b,66,val,desc,en,ja,寛大な,"The opposite of ""寛大な"" is """,ケチな,1272,9574,6.65625,1.25,-5.40625
qwen3-4b,66,val,val,en,ja,寛大な,"The opposite of ""寛大な"" is """,ケチな,1272,9984,6.65625,1.265625,-5.390625
qwen3-4b,66,val,freq,en,ja,寛大な,"The opposite of ""寛大な"" is """,ケチな,1272,7165,6.65625,1.046875,-5.609375
qwen3-4b,66,freq,desc,en,ja,寛大な,"The opposite of ""寛大な"" is """,ケチな,1272,8093,6.65625,3.859375,-2.796875
qwen3-4b,66,freq,val,en,ja,寛大な,"The opposite of ""寛大な"" is """,ケチな,1272,6484,6.65625,3.9375,-2.71875
qwen3-4b,66,freq,freq,en,ja,寛大な,"The opposite of ""寛大な"" is """,ケチな,1272,8851,6.65625,3.734375,-2.921875
qwen3-4b,67,desc,desc,en,ja,幸せな,"The opposite of ""幸せな"" is """,不幸せな,0,1,20.125,19.625,-0.5
qwen3-4b,67,desc,val,en,ja,幸せな,"The opposite of ""幸せな"" is """,不幸せな,0,1,20.125,16.625,-3.5
qwen3-4b,67,desc,freq,en,ja,幸せな,"The opposite of ""幸せな"" is """,不幸せな,0,0,20.125,20.125,0.0
qwen3-4b,67,val,desc,en,ja,幸せな,"The opposite of ""幸せな"" is """,不幸せな,0,1,20.125,17.5,-2.625
qwen3-4b,67,val,val,en,ja,幸せな,"The opposite of ""幸せな"" is """,不幸せな,0,1,20.125,17.25,-2.875
qwen3-4b,67,val,freq,en,ja,幸せな,"The opposite of ""幸せな"" is """,不幸せな,0,0,20.125,19.0,-1.125
qwen3-4b,67,freq,desc,en,ja,幸せな,"The opposite of ""幸せな"" is """,不幸せな,0,3,20.125,18.25,-1.875
qwen3-4b,67,freq,val,en,ja,幸せな,"The opposite of ""幸せな"" is """,不幸せな,0,3,20.125,16.0,-4.125
qwen3-4b,67,freq,freq,en,ja,幸せな,"The opposite of ""幸せな"" is """,不幸せな,0,3,20.125,17.875,-2.25
qwen3-4b,68,desc,desc,en,ja,健康な,"The opposite of ""健康な"" is """,不健康な,0,0,19.0,18.875,-0.125
qwen3-4b,68,desc,val,en,ja,健康な,"The opposite of ""健康な"" is """,不健康な,0,0,19.0,18.75,-0.25
qwen3-4b,68,desc,freq,en,ja,健康な,"The opposite of ""健康な"" is """,不健康な,0,0,19.0,18.875,-0.125
qwen3-4b,68,val,desc,en,ja,健康な,"The opposite of ""健康な"" is """,不健康な,0,0,19.0,18.125,-0.875
qwen3-4b,68,val,val,en,ja,健康な,"The opposite of ""健康な"" is """,不健康な,0,0,19.0,18.0,-1.0
qwen3-4b,68,val,freq,en,ja,健康な,"The opposite of ""健康な"" is """,不健康な,0,0,19.0,18.5,-0.5
qwen3-4b,68,freq,desc,en,ja,健康な,"The opposite of ""健康な"" is """,不健康な,0,0,19.0,20.875,1.875
qwen3-4b,68,freq,val,en,ja,健康な,"The opposite of ""健康な"" is """,不健康な,0,0,19.0,20.125,1.125
qwen3-4b,68,freq,freq,en,ja,健康な,"The opposite of ""健康な"" is """,不健康な,0,0,19.0,21.25,2.25
qwen3-4b,69,desc,desc,en,ja,高い,"The opposite of ""高い"" is """,低い,0,0,20.625,20.375,-0.25
qwen3-4b,69,desc,val,en,ja,高い,"The opposite of ""高い"" is """,低い,0,0,20.625,17.875,-2.75
qwen3-4b,69,desc,freq,en,ja,高い,"The opposite of ""高い"" is """,低い,0,0,20.625,19.0,-1.625
qwen3-4b,69,val,desc,en,ja,高い,"The opposite of ""高い"" is """,低い,0,1,20.625,15.4375,-5.1875
qwen3-4b,69,val,val,en,ja,高い,"The opposite of ""高い"" is """,低い,0,1,20.625,15.1875,-5.4375
qwen3-4b,69,val,freq,en,ja,高い,"The opposite of ""高い"" is """,低い,0,3,20.625,14.4375,-6.1875
qwen3-4b,69,freq,desc,en,ja,高い,"The opposite of ""高い"" is """,低い,0,6,20.625,15.875,-4.75
qwen3-4b,69,freq,val,en,ja,高い,"The opposite of ""高い"" is """,低い,0,5,20.625,14.375,-6.25
qwen3-4b,69,freq,freq,en,ja,高い,"The opposite of ""高い"" is """,低い,0,7,20.625,15.875,-4.75
qwen3-4b,70,desc,desc,en,ja,重要な,"The opposite of ""重要な"" is """,重要でない,1,2,15.625,15.125,-0.5
qwen3-4b,70,desc,val,en,ja,重要な,"The opposite of ""重要な"" is """,重要でない,1,1,15.625,14.5,-1.125
qwen3-4b,70,desc,freq,en,ja,重要な,"The opposite of ""重要な"" is """,重要でない,1,1,15.625,15.3125,-0.3125
qwen3-4b,70,val,desc,en,ja,重要な,"The opposite of ""重要な"" is """,重要でない,1,3,15.625,12.625,-3.0
qwen3-4b,70,val,val,en,ja,重要な,"The opposite of ""重要な"" is """,重要でない,1,3,15.625,12.4375,-3.1875
qwen3-4b,70,val,freq,en,ja,重要な,"The opposite of ""重要な"" is """,重要でない,1,1,15.625,13.75,-1.875
qwen3-4b,70,freq,desc,en,ja,重要な,"The opposite of ""重要な"" is """,重要でない,1,13,15.625,13.5,-2.125
qwen3-4b,70,freq,val,en,ja,重要な,"The opposite of ""重要な"" is """,重要でない,1,15,15.625,13.25,-2.375
qwen3-4b,70,freq,freq,en,ja,重要な,"The opposite of ""重要な"" is """,重要でない,1,13,15.625,13.5625,-2.0625
qwen3-4b,71,desc,desc,en,ja,無罪の,"The opposite of ""無罪の"" is """,有罪の,0,0,20.0,20.0,0.0
qwen3-4b,71,desc,val,en,ja,無罪の,"The opposite of ""無罪の"" is """,有罪の,0,0,20.0,18.0,-2.0
qwen3-4b,71,desc,freq,en,ja,無罪の,"The opposite of ""無罪の"" is """,有罪の,0,0,20.0,19.25,-0.75
qwen3-4b,71,val,desc,en,ja,無罪の,"The opposite of ""無罪の"" is """,有罪の,0,0,20.0,17.25,-2.75
qwen3-4b,71,val,val,en,ja,無罪の,"The opposite of ""無罪の"" is """,有罪の,0,1,20.0,17.0,-3.0
qwen3-4b,71,val,freq,en,ja,無罪の,"The opposite of ""無罪の"" is """,有罪の,0,0,20.0,16.25,-3.75
qwen3-4b,71,freq,desc,en,ja,無罪の,"The opposite of ""無罪の"" is """,有罪の,0,0,20.0,21.75,1.75
qwen3-4b,71,freq,val,en,ja,無罪の,"The opposite of ""無罪の"" is """,有罪の,0,0,20.0,19.875,-0.125
qwen3-4b,71,freq,freq,en,ja,無罪の,"The opposite of ""無罪の"" is """,有罪の,0,0,20.0,21.75,1.75
qwen3-4b,72,desc,desc,en,ja,既知の,"The opposite of ""既知の"" is """,未知の,0,0,21.25,20.75,-0.5
qwen3-4b,72,desc,val,en,ja,既知の,"The opposite of ""既知の"" is """,未知の,0,0,21.25,18.125,-3.125
qwen3-4b,72,desc,freq,en,ja,既知の,"The opposite of ""既知の"" is """,未知の,0,0,21.25,19.5,-1.75
qwen3-4b,72,val,desc,en,ja,既知の,"The opposite of ""既知の"" is """,未知の,0,0,21.25,17.5,-3.75
qwen3-4b,72,val,val,en,ja,既知の,"The opposite of ""既知の"" is """,未知の,0,0,21.25,17.0,-4.25
qwen3-4b,72,val,freq,en,ja,既知の,"The opposite of ""既知の"" is """,未知の,0,0,21.25,16.0,-5.25
qwen3-4b,72,freq,desc,en,ja,既知の,"The opposite of ""既知の"" is """,未知の,0,0,21.25,20.875,-0.375
qwen3-4b,72,freq,val,en,ja,既知の,"The opposite of ""既知の"" is """,未知の,0,0,21.25,18.375,-2.875
qwen3-4b,72,freq,freq,en,ja,既知の,"The opposite of ""既知の"" is """,未知の,0,0,21.25,20.875,-0.375
qwen3-4b,73,desc,desc,en,ja,男性の,"The opposite of ""男性の"" is """,女性の,0,0,23.0,23.0,0.0
qwen3-4b,73,desc,val,en,ja,男性の,"The opposite of ""男性の"" is """,女性の,0,0,23.0,20.125,-2.875
qwen3-4b,73,desc,freq,en,ja,男性の,"The opposite of ""男性の"" is """,女性の,0,0,23.0,22.375,-0.625
qwen3-4b,73,val,desc,en,ja,男性の,"The opposite of ""男性の"" is """,女性の,0,0,23.0,16.75,-6.25
qwen3-4b,73,val,val,en,ja,男性の,"The opposite of ""男性の"" is """,女性の,0,0,23.0,16.5,-6.5
qwen3-4b,73,val,freq,en,ja,男性の,"The opposite of ""男性の"" is """,女性の,0,0,23.0,16.625,-6.375
qwen3-4b,73,freq,desc,en,ja,男性の,"The opposite of ""男性の"" is """,女性の,0,0,23.0,23.75,0.75
qwen3-4b,73,freq,val,en,ja,男性の,"The opposite of ""男性の"" is """,女性の,0,0,23.0,20.375,-2.625
qwen3-4b,73,freq,freq,en,ja,男性の,"The opposite of ""男性の"" is """,女性の,0,0,23.0,23.75,0.75
qwen3-4b,74,desc,desc,en,ja,普通の,"The opposite of ""普通の"" is """,異常な,18,19,11.4375,11.625,0.1875
qwen3-4b,74,desc,val,en,ja,普通の,"The opposite of ""普通の"" is """,異常な,18,16,11.4375,11.625,0.1875
qwen3-4b,74,desc,freq,en,ja,普通の,"The opposite of ""普通の"" is """,異常な,18,15,11.4375,11.3125,-0.125
qwen3-4b,74,val,desc,en,ja,普通の,"The opposite of ""普通の"" is """,異常な,18,97,11.4375,7.875,-3.5625
qwen3-4b,74,val,val,en,ja,普通の,"The opposite of ""普通の"" is """,異常な,18,98,11.4375,7.6875,-3.75
qwen3-4b,74,val,freq,en,ja,普通の,"The opposite of ""普通の"" is """,異常な,18,90,11.4375,7.3125,-4.125
qwen3-4b,74,freq,desc,en,ja,普通の,"The opposite of ""普通の"" is """,異常な,18,86,11.4375,9.4375,-2.0
qwen3-4b,74,freq,val,en,ja,普通の,"The opposite of ""普通の"" is """,異常な,18,89,11.4375,9.875,-1.5625
qwen3-4b,74,freq,freq,en,ja,普通の,"The opposite of ""普通の"" is """,異常な,18,87,11.4375,9.5625,-1.875
qwen3-4b,75,desc,desc,en,ja,可能な,"The opposite of ""可能な"" is """,不可能な,0,0,24.0,24.0,0.0
qwen3-4b,75,desc,val,en,ja,可能な,"The opposite of ""可能な"" is """,不可能な,0,0,24.0,19.875,-4.125
qwen3-4b,75,desc,freq,en,ja,可能な,"The opposite of ""可能な"" is """,不可能な,0,0,24.0,23.0,-1.0
qwen3-4b,75,val,desc,en,ja,可能な,"The opposite of ""可能な"" is """,不可能な,0,0,24.0,18.875,-5.125
qwen3-4b,75,val,val,en,ja,可能な,"The opposite of ""可能な"" is """,不可能な,0,0,24.0,18.875,-5.125
qwen3-4b,75,val,freq,en,ja,可能な,"The opposite of ""可能な"" is """,不可能な,0,0,24.0,19.5,-4.5
qwen3-4b,75,freq,desc,en,ja,可能な,"The opposite of ""可能な"" is """,不可能な,0,0,24.0,25.25,1.25
qwen3-4b,75,freq,val,en,ja,可能な,"The opposite of ""可能な"" is """,不可能な,0,0,24.0,21.5,-2.5
qwen3-4b,75,freq,freq,en,ja,可能な,"The opposite of ""可能な"" is """,不可能な,0,0,24.0,25.375,1.375
qwen3-4b,76,desc,desc,en,ja,個人の,"The opposite of ""個人の"" is """,公共の,5,5,15.3125,15.4375,0.125
qwen3-4b,76,desc,val,en,ja,個人の,"The opposite of ""個人の"" is """,公共の,5,3,15.3125,15.5,0.1875
qwen3-4b,76,desc,freq,en,ja,個人の,"The opposite of ""個人の"" is """,公共の,5,3,15.3125,16.125,0.8125
qwen3-4b,76,val,desc,en,ja,個人の,"The opposite of ""個人の"" is """,公共の,5,8,15.3125,12.3125,-3.0
qwen3-4b,76,val,val,en,ja,個人の,"The opposite of ""個人の"" is """,公共の,5,8,15.3125,11.875,-3.4375
qwen3-4b,76,val,freq,en,ja,個人の,"The opposite of ""個人の"" is """,公共の,5,7,15.3125,12.0,-3.3125
qwen3-4b,76,freq,desc,en,ja,個人の,"The opposite of ""個人の"" is """,公共の,5,8,15.3125,16.375,1.0625
qwen3-4b,76,freq,val,en,ja,個人の,"The opposite of ""個人の"" is """,公共の,5,8,15.3125,15.875,0.5625
qwen3-4b,76,freq,freq,en,ja,個人の,"The opposite of ""個人の"" is """,公共の,5,9,15.3125,16.5,1.1875
qwen3-4b,77,desc,desc,en,ja,正しい,"The opposite of ""正しい"" is """,間違っている,0,1,18.625,18.125,-0.5
qwen3-4b,77,desc,val,en,ja,正しい,"The opposite of ""正しい"" is """,間違っている,0,2,18.625,15.625,-3.0
qwen3-4b,77,desc,freq,en,ja,正しい,"The opposite of ""正しい"" is """,間違っている,0,3,18.625,17.5,-1.125
qwen3-4b,77,val,desc,en,ja,正しい,"The opposite of ""正しい"" is """,間違っている,0,1,18.625,14.25,-4.375
qwen3-4b,77,val,val,en,ja,正しい,"The opposite of ""正しい"" is """,間違っている,0,2,18.625,14.125,-4.5
qwen3-4b,77,val,freq,en,ja,正しい,"The opposite of ""正しい"" is """,間違っている,0,1,18.625,14.1875,-4.4375
qwen3-4b,77,freq,desc,en,ja,正しい,"The opposite of ""正しい"" is """,間違っている,0,11,18.625,15.3125,-3.3125
qwen3-4b,77,freq,val,en,ja,正しい,"The opposite of ""正しい"" is """,間違っている,0,12,18.625,13.3125,-5.3125
qwen3-4b,77,freq,freq,en,ja,正しい,"The opposite of ""正しい"" is """,間違っている,0,11,18.625,15.125,-3.5
qwen3-4b,78,desc,desc,en,ja,簡単な,"The opposite of ""簡単な"" is """,複雑な,0,0,20.875,21.0,0.125
qwen3-4b,78,desc,val,en,ja,簡単な,"The opposite of ""簡単な"" is """,複雑な,0,0,20.875,18.75,-2.125
qwen3-4b,78,desc,freq,en,ja,簡単な,"The opposite of ""簡単な"" is """,複雑な,0,0,20.875,20.375,-0.5
qwen3-4b,78,val,desc,en,ja,簡単な,"The opposite of ""簡単な"" is """,複雑な,0,0,20.875,18.125,-2.75
qwen3-4b,78,val,val,en,ja,簡単な,"The opposite of ""簡単な"" is """,複雑な,0,0,20.875,17.75,-3.125
qwen3-4b,78,val,freq,en,ja,簡単な,"The opposite of ""簡単な"" is """,複雑な,0,0,20.875,17.75,-3.125
qwen3-4b,78,freq,desc,en,ja,簡単な,"The opposite of ""簡単な"" is """,複雑な,0,0,20.875,21.0,0.125
qwen3-4b,78,freq,val,en,ja,簡単な,"The opposite of ""簡単な"" is """,複雑な,0,0,20.875,18.375,-2.5
qwen3-4b,78,freq,freq,en,ja,簡単な,"The opposite of ""簡単な"" is """,複雑な,0,0,20.875,21.0,0.125
qwen3-4b,79,desc,desc,en,ja,甘い,"The opposite of ""甘い"" is """,苦い,0,0,17.0,17.375,0.375
qwen3-4b,79,desc,val,en,ja,甘い,"The opposite of ""甘い"" is """,苦い,0,0,17.0,16.25,-0.75
qwen3-4b,79,desc,freq,en,ja,甘い,"The opposite of ""甘い"" is """,苦い,0,1,17.0,16.625,-0.375
qwen3-4b,79,val,desc,en,ja,甘い,"The opposite of ""甘い"" is """,苦い,0,1,17.0,14.625,-2.375
qwen3-4b,79,val,val,en,ja,甘い,"The opposite of ""甘い"" is """,苦い,0,1,17.0,14.3125,-2.6875
qwen3-4b,79,val,freq,en,ja,甘い,"The opposite of ""甘い"" is """,苦い,0,0,17.0,15.875,-1.125
qwen3-4b,79,freq,desc,en,ja,甘い,"The opposite of ""甘い"" is """,苦い,0,1,17.0,16.75,-0.25
qwen3-4b,79,freq,val,en,ja,甘い,"The opposite of ""甘い"" is """,苦い,0,0,17.0,17.75,0.75
qwen3-4b,79,freq,freq,en,ja,甘い,"The opposite of ""甘い"" is """,苦い,0,1,17.0,16.75,-0.25
qwen3-4b,80,desc,desc,en,ja,見える,"The opposite of ""見える"" is """,見えない,0,0,23.5,22.875,-0.625
qwen3-4b,80,desc,val,en,ja,見える,"The opposite of ""見える"" is """,見えない,0,0,23.5,18.75,-4.75
qwen3-4b,80,desc,freq,en,ja,見える,"The opposite of ""見える"" is """,見えない,0,0,23.5,22.0,-1.5
qwen3-4b,80,val,desc,en,ja,見える,"The opposite of ""見える"" is """,見えない,0,0,23.5,17.625,-5.875
qwen3-4b,80,val,val,en,ja,見える,"The opposite of ""見える"" is """,見えない,0,0,23.5,17.125,-6.375
qwen3-4b,80,val,freq,en,ja,見える,"The opposite of ""見える"" is """,見えない,0,0,23.5,18.375,-5.125
qwen3-4b,80,freq,desc,en,ja,見える,"The opposite of ""見える"" is """,見えない,0,2,23.5,18.875,-4.625
qwen3-4b,80,freq,val,en,ja,見える,"The opposite of ""見える"" is """,見えない,0,5,23.5,15.0625,-8.4375
qwen3-4b,80,freq,freq,en,ja,見える,"The opposite of ""見える"" is """,見えない,0,2,23.5,18.5,-5.0
qwen3-4b,81,desc,desc,en,ja,暖かい,"The opposite of ""暖かい"" is """,冷たい,0,1,19.25,18.625,-0.625
qwen3-4b,81,desc,val,en,ja,暖かい,"The opposite of ""暖かい"" is """,冷たい,0,0,19.25,18.125,-1.125
qwen3-4b,81,desc,freq,en,ja,暖かい,"The opposite of ""暖かい"" is """,冷たい,0,0,19.25,19.75,0.5
qwen3-4b,81,val,desc,en,ja,暖かい,"The opposite of ""暖かい"" is """,冷たい,0,1,19.25,15.0,-4.25
qwen3-4b,81,val,val,en,ja,暖かい,"The opposite of ""暖かい"" is """,冷たい,0,1,19.25,14.875,-4.375
qwen3-4b,81,val,freq,en,ja,暖かい,"The opposite of ""暖かい"" is """,冷たい,0,1,19.25,16.0,-3.25
qwen3-4b,81,freq,desc,en,ja,暖かい,"The opposite of ""暖かい"" is """,冷たい,0,1,19.25,17.25,-2.0
qwen3-4b,81,freq,val,en,ja,暖かい,"The opposite of ""暖かい"" is """,冷たい,0,0,19.25,16.375,-2.875
qwen3-4b,81,freq,freq,en,ja,暖かい,"The opposite of ""暖かい"" is """,冷たい,0,1,19.25,17.25,-2.0
qwen3-4b,82,desc,desc,en,ja,滑らかな,"The opposite of ""滑らかな"" is """,粗い,7,9,14.9375,14.75,-0.1875
qwen3-4b,82,desc,val,en,ja,滑らかな,"The opposite of ""滑らかな"" is """,粗い,7,3,14.9375,14.0625,-0.875
qwen3-4b,82,desc,freq,en,ja,滑らかな,"The opposite of ""滑らかな"" is """,粗い,7,1,14.9375,14.6875,-0.25
qwen3-4b,82,val,desc,en,ja,滑らかな,"The opposite of ""滑らかな"" is """,粗い,7,20,14.9375,10.9375,-4.0
qwen3-4b,82,val,val,en,ja,滑らかな,"The opposite of ""滑らかな"" is """,粗い,7,25,14.9375,10.8125,-4.125
qwen3-4b,82,val,freq,en,ja,滑らかな,"The opposite of ""滑らかな"" is """,粗い,7,11,14.9375,11.875,-3.0625
qwen3-4b,82,freq,desc,en,ja,滑らかな,"The opposite of ""滑らかな"" is """,粗い,7,26,14.9375,13.4375,-1.5
qwen3-4b,82,freq,val,en,ja,滑らかな,"The opposite of ""滑らかな"" is """,粗い,7,11,14.9375,14.125,-0.8125
qwen3-4b,82,freq,freq,en,ja,滑らかな,"The opposite of ""滑らかな"" is """,粗い,7,25,14.9375,13.625,-1.3125
qwen3-4b,83,desc,desc,en,ja,薄い,"The opposite of ""薄い"" is """,厚い,0,0,19.875,19.875,0.0
qwen3-4b,83,desc,val,en,ja,薄い,"The opposite of ""薄い"" is """,厚い,0,0,19.875,16.625,-3.25
qwen3-4b,83,desc,freq,en,ja,薄い,"The opposite of ""薄い"" is """,厚い,0,0,19.875,19.75,-0.125
qwen3-4b,83,val,desc,en,ja,薄い,"The opposite of ""薄い"" is """,厚い,0,2,19.875,11.8125,-8.0625
qwen3-4b,83,val,val,en,ja,薄い,"The opposite of ""薄い"" is """,厚い,0,2,19.875,11.5625,-8.3125
qwen3-4b,83,val,freq,en,ja,薄い,"The opposite of ""薄い"" is """,厚い,0,3,19.875,12.8125,-7.0625
qwen3-4b,83,freq,desc,en,ja,薄い,"The opposite of ""薄い"" is """,厚い,0,0,19.875,19.625,-0.25
qwen3-4b,83,freq,val,en,ja,薄い,"The opposite of ""薄い"" is """,厚い,0,1,19.875,16.5,-3.375
qwen3-4b,83,freq,freq,en,ja,薄い,"The opposite of ""薄い"" is """,厚い,0,0,19.875,20.0,0.125
qwen3-4b,84,desc,desc,en,ja,背が高い,"The opposite of ""背が高い"" is """,背が低い,0,0,21.5,21.25,-0.25
qwen3-4b,84,desc,val,en,ja,背が高い,"The opposite of ""背が高い"" is """,背が低い,0,0,21.5,21.375,-0.125
qwen3-4b,84,desc,freq,en,ja,背が高い,"The opposite of ""背が高い"" is """,背が低い,0,0,21.5,22.125,0.625
qwen3-4b,84,val,desc,en,ja,背が高い,"The opposite of ""背が高い"" is """,背が低い,0,0,21.5,17.125,-4.375
qwen3-4b,84,val,val,en,ja,背が高い,"The opposite of ""背が高い"" is """,背が低い,0,0,21.5,17.25,-4.25
qwen3-4b,84,val,freq,en,ja,背が高い,"The opposite of ""背が高い"" is """,背が低い,0,0,21.5,15.6875,-5.8125
qwen3-4b,84,freq,desc,en,ja,背が高い,"The opposite of ""背が高い"" is """,背が低い,0,0,21.5,21.5,0.0
qwen3-4b,84,freq,val,en,ja,背が高い,"The opposite of ""背が高い"" is """,背が低い,0,0,21.5,21.625,0.125
qwen3-4b,84,freq,freq,en,ja,背が高い,"The opposite of ""背が高い"" is """,背が低い,0,0,21.5,21.25,-0.25
qwen3-4b,85,desc,desc,en,ja,既婚の,"The opposite of ""既婚の"" is """,未婚の,0,0,21.5,21.375,-0.125
qwen3-4b,85,desc,val,en,ja,既婚の,"The opposite of ""既婚の"" is """,未婚の,0,0,21.5,20.375,-1.125
qwen3-4b,85,desc,freq,en,ja,既婚の,"The opposite of ""既婚の"" is """,未婚の,0,0,21.5,20.0,-1.5
qwen3-4b,85,val,desc,en,ja,既婚の,"The opposite of ""既婚の"" is """,未婚の,0,2,21.5,18.5,-3.0
qwen3-4b,85,val,val,en,ja,既婚の,"The opposite of ""既婚の"" is """,未婚の,0,2,21.5,18.5,-3.0
qwen3-4b,85,val,freq,en,ja,既婚の,"The opposite of ""既婚の"" is """,未婚の,0,2,21.5,17.625,-3.875
qwen3-4b,85,freq,desc,en,ja,既婚の,"The opposite of ""既婚の"" is """,未婚の,0,0,21.5,21.75,0.25
qwen3-4b,85,freq,val,en,ja,既婚の,"The opposite of ""既婚の"" is """,未婚の,0,0,21.5,20.375,-1.125
qwen3-4b,85,freq,freq,en,ja,既婚の,"The opposite of ""既婚の"" is """,未婚の,0,0,21.5,22.25,0.75
qwen3-4b,86,desc,desc,en,ja,楽観的な,"The opposite of ""楽観的な"" is """,悲観的な,0,0,21.375,21.125,-0.25
qwen3-4b,86,desc,val,en,ja,楽観的な,"The opposite of ""楽観的な"" is """,悲観的な,0,0,21.375,19.125,-2.25
qwen3-4b,86,desc,freq,en,ja,楽観的な,"The opposite of ""楽観的な"" is """,悲観的な,0,0,21.375,21.375,0.0
qwen3-4b,86,val,desc,en,ja,楽観的な,"The opposite of ""楽観的な"" is """,悲観的な,0,0,21.375,19.875,-1.5
qwen3-4b,86,val,val,en,ja,楽観的な,"The opposite of ""楽観的な"" is """,悲観的な,0,0,21.375,19.875,-1.5
qwen3-4b,86,val,freq,en,ja,楽観的な,"The opposite of ""楽観的な"" is """,悲観的な,0,0,21.375,20.5,-0.875
qwen3-4b,86,freq,desc,en,ja,楽観的な,"The opposite of ""楽観的な"" is """,悲観的な,0,0,21.375,20.125,-1.25
qwen3-4b,86,freq,val,en,ja,楽観的な,"The opposite of ""楽観的な"" is """,悲観的な,0,1,21.375,18.625,-2.75
qwen3-4b,86,freq,freq,en,ja,楽観的な,"The opposite of ""楽観的な"" is """,悲観的な,0,0,21.375,20.125,-1.25
qwen3-4b,87,desc,desc,en,ja,恒久的な,"The opposite of ""恒久的な"" is """,一時的な,0,0,20.125,19.625,-0.5
qwen3-4b,87,desc,val,en,ja,恒久的な,"The opposite of ""恒久的な"" is """,一時的な,0,0,20.125,18.875,-1.25
qwen3-4b,87,desc,freq,en,ja,恒久的な,"The opposite of ""恒久的な"" is """,一時的な,0,0,20.125,19.625,-0.5
qwen3-4b,87,val,desc,en,ja,恒久的な,"The opposite of ""恒久的な"" is """,一時的な,0,0,20.125,19.125,-1.0
qwen3-4b,87,val,val,en,ja,恒久的な,"The opposite of ""恒久的な"" is """,一時的な,0,0,20.125,18.875,-1.25
qwen3-4b,87,val,freq,en,ja,恒久的な,"The opposite of ""恒久的な"" is """,一時的な,0,0,20.125,18.625,-1.5
qwen3-4b,87,freq,desc,en,ja,恒久的な,"The opposite of ""恒久的な"" is """,一時的な,0,0,20.125,19.5,-0.625
qwen3-4b,87,freq,val,en,ja,恒久的な,"The opposite of ""恒久的な"" is """,一時的な,0,1,20.125,17.75,-2.375
qwen3-4b,87,freq,freq,en,ja,恒久的な,"The opposite of ""恒久的な"" is """,一時的な,0,0,20.125,19.0,-1.125
qwen3-4b,88,desc,desc,en,ja,現在の,"The opposite of ""現在の"" is """,過去の,0,0,21.25,20.875,-0.375
qwen3-4b,88,desc,val,en,ja,現在の,"The opposite of ""現在の"" is """,過去の,0,0,21.25,18.625,-2.625
qwen3-4b,88,desc,freq,en,ja,現在の,"The opposite of ""現在の"" is """,過去の,0,0,21.25,20.125,-1.125
qwen3-4b,88,val,desc,en,ja,現在の,"The opposite of ""現在の"" is """,過去の,0,0,21.25,15.5,-5.75
qwen3-4b,88,val,val,en,ja,現在の,"The opposite of ""現在の"" is """,過去の,0,0,21.25,15.3125,-5.9375
qwen3-4b,88,val,freq,en,ja,現在の,"The opposite of ""現在の"" is """,過去の,0,1,21.25,14.5,-6.75
qwen3-4b,88,freq,desc,en,ja,現在の,"The opposite of ""現在の"" is """,過去の,0,2,21.25,18.375,-2.875
qwen3-4b,88,freq,val,en,ja,現在の,"The opposite of ""現在の"" is """,過去の,0,1,21.25,17.375,-3.875
qwen3-4b,88,freq,freq,en,ja,現在の,"The opposite of ""現在の"" is """,過去の,0,2,21.25,18.5,-2.75
qwen3-4b,89,desc,desc,en,ja,公共の,"The opposite of ""公共の"" is """,個人の,2,2,17.125,16.625,-0.5
qwen3-4b,89,desc,val,en,ja,公共の,"The opposite of ""公共の"" is """,個人の,2,3,17.125,16.125,-1.0
qwen3-4b,89,desc,freq,en,ja,公共の,"The opposite of ""公共の"" is """,個人の,2,2,17.125,16.75,-0.375
qwen3-4b,89,val,desc,en,ja,公共の,"The opposite of ""公共の"" is """,個人の,2,5,17.125,12.8125,-4.3125
qwen3-4b,89,val,val,en,ja,公共の,"The opposite of ""公共の"" is """,個人の,2,5,17.125,12.1875,-4.9375
qwen3-4b,89,val,freq,en,ja,公共の,"The opposite of ""公共の"" is """,個人の,2,5,17.125,12.0625,-5.0625
qwen3-4b,89,freq,desc,en,ja,公共の,"The opposite of ""公共の"" is """,個人の,2,11,17.125,13.4375,-3.6875
qwen3-4b,89,freq,val,en,ja,公共の,"The opposite of ""公共の"" is """,個人の,2,10,17.125,13.8125,-3.3125
qwen3-4b,89,freq,freq,en,ja,公共の,"The opposite of ""公共の"" is """,個人の,2,14,17.125,13.0,-4.125
qwen3-4b,90,desc,desc,en,ja,本物の,"The opposite of ""本物の"" is """,偽物の,0,0,17.125,17.75,0.625
qwen3-4b,90,desc,val,en,ja,本物の,"The opposite of ""本物の"" is """,偽物の,0,0,17.125,17.0,-0.125
qwen3-4b,90,desc,freq,en,ja,本物の,"The opposite of ""本物の"" is """,偽物の,0,0,17.125,17.25,0.125
qwen3-4b,90,val,desc,en,ja,本物の,"The opposite of ""本物の"" is """,偽物の,0,0,17.125,15.0,-2.125
qwen3-4b,90,val,val,en,ja,本物の,"The opposite of ""本物の"" is """,偽物の,0,0,17.125,14.875,-2.25
qwen3-4b,90,val,freq,en,ja,本物の,"The opposite of ""本物の"" is """,偽物の,0,0,17.125,15.0,-2.125
qwen3-4b,90,freq,desc,en,ja,本物の,"The opposite of ""本物の"" is """,偽物の,0,5,17.125,15.9375,-1.1875
qwen3-4b,90,freq,val,en,ja,本物の,"The opposite of ""本物の"" is """,偽物の,0,8,17.125,14.75,-2.375
qwen3-4b,90,freq,freq,en,ja,本物の,"The opposite of ""本物の"" is """,偽物の,0,4,17.125,16.125,-1.0
qwen3-4b,91,desc,desc,en,ja,責任,"The opposite of ""責任"" is """,無責任な,5,5,14.8125,14.875,0.0625
qwen3-4b,91,desc,val,en,ja,責任,"The opposite of ""責任"" is """,無責任な,5,6,14.8125,14.375,-0.4375
qwen3-4b,91,desc,freq,en,ja,責任,"The opposite of ""責任"" is """,無責任な,5,3,14.8125,14.6875,-0.125
qwen3-4b,91,val,desc,en,ja,責任,"The opposite of ""責任"" is """,無責任な,5,19,14.8125,9.75,-5.0625
qwen3-4b,91,val,val,en,ja,責任,"The opposite of ""責任"" is """,無責任な,5,34,14.8125,9.4375,-5.375
qwen3-4b,91,val,freq,en,ja,責任,"The opposite of ""責任"" is """,無責任な,5,14,14.8125,10.0,-4.8125
qwen3-4b,91,freq,desc,en,ja,責任,"The opposite of ""責任"" is """,無責任な,5,38,14.8125,12.1875,-2.625
qwen3-4b,91,freq,val,en,ja,責任,"The opposite of ""責任"" is """,無責任な,5,18,14.8125,13.125,-1.6875
qwen3-4b,91,freq,freq,en,ja,責任,"The opposite of ""責任"" is """,無責任な,5,39,14.8125,12.3125,-2.5
qwen3-4b,92,desc,desc,en,ja,独身の,"The opposite of ""独身の"" is """,結婚している,0,0,14.375,14.4375,0.0625
qwen3-4b,92,desc,val,en,ja,独身の,"The opposite of ""独身の"" is """,結婚している,0,0,14.375,13.9375,-0.4375
qwen3-4b,92,desc,freq,en,ja,独身の,"The opposite of ""独身の"" is """,結婚している,0,0,14.375,14.3125,-0.0625
qwen3-4b,92,val,desc,en,ja,独身の,"The opposite of ""独身の"" is """,結婚している,0,2,14.375,10.75,-3.625
qwen3-4b,92,val,val,en,ja,独身の,"The opposite of ""独身の"" is """,結婚している,0,2,14.375,10.5,-3.875
qwen3-4b,92,val,freq,en,ja,独身の,"The opposite of ""独身の"" is """,結婚している,0,2,14.375,10.5,-3.875
qwen3-4b,92,freq,desc,en,ja,独身の,"The opposite of ""独身の"" is """,結婚している,0,16,14.375,12.4375,-1.9375
qwen3-4b,92,freq,val,en,ja,独身の,"The opposite of ""独身の"" is """,結婚している,0,15,14.375,11.375,-3.0
qwen3-4b,92,freq,freq,en,ja,独身の,"The opposite of ""独身の"" is """,結婚している,0,23,14.375,12.125,-2.25
qwen3-4b,93,desc,desc,en,ja,酸っぱい,"The opposite of ""酸っぱい"" is """,甘い,0,0,15.75,16.0,0.25
qwen3-4b,93,desc,val,en,ja,酸っぱい,"The opposite of ""酸っぱい"" is """,甘い,0,0,15.75,15.75,0.0
qwen3-4b,93,desc,freq,en,ja,酸っぱい,"The opposite of ""酸っぱい"" is """,甘い,0,0,15.75,15.875,0.125
qwen3-4b,93,val,desc,en,ja,酸っぱい,"The opposite of ""酸っぱい"" is """,甘い,0,1,15.75,13.6875,-2.0625
qwen3-4b,93,val,val,en,ja,酸っぱい,"The opposite of ""酸っぱい"" is """,甘い,0,1,15.75,13.625,-2.125
qwen3-4b,93,val,freq,en,ja,酸っぱい,"The opposite of ""酸っぱい"" is """,甘い,0,1,15.75,14.75,-1.0
qwen3-4b,93,freq,desc,en,ja,酸っぱい,"The opposite of ""酸っぱい"" is """,甘い,0,5,15.75,15.3125,-0.4375
qwen3-4b,93,freq,val,en,ja,酸っぱい,"The opposite of ""酸っぱい"" is """,甘い,0,6,15.75,15.6875,-0.0625
qwen3-4b,93,freq,freq,en,ja,酸っぱい,"The opposite of ""酸っぱい"" is """,甘い,0,5,15.75,15.5625,-0.1875
qwen3-4b,94,desc,desc,en,ja,役に立つ,"The opposite of ""役に立つ"" is """,役に立たない,0,0,19.375,19.0,-0.375
qwen3-4b,94,desc,val,en,ja,役に立つ,"The opposite of ""役に立つ"" is """,役に立たない,0,0,19.375,19.5,0.125
qwen3-4b,94,desc,freq,en,ja,役に立つ,"The opposite of ""役に立つ"" is """,役に立たない,0,0,19.375,19.375,0.0
qwen3-4b,94,val,desc,en,ja,役に立つ,"The opposite of ""役に立つ"" is """,役に立たない,0,0,19.375,18.625,-0.75
qwen3-4b,94,val,val,en,ja,役に立つ,"The opposite of ""役に立つ"" is """,役に立たない,0,0,19.375,18.25,-1.125
qwen3-4b,94,val,freq,en,ja,役に立つ,"The opposite of ""役に立つ"" is """,役に立たない,0,0,19.375,16.875,-2.5
qwen3-4b,94,freq,desc,en,ja,役に立つ,"The opposite of ""役に立つ"" is """,役に立たない,0,0,19.375,17.125,-2.25
qwen3-4b,94,freq,val,en,ja,役に立つ,"The opposite of ""役に立つ"" is """,役に立たない,0,0,19.375,18.25,-1.125
qwen3-4b,94,freq,freq,en,ja,役に立つ,"The opposite of ""役に立つ"" is """,役に立たない,0,0,19.375,16.75,-2.625
qwen3-4b,95,desc,desc,en,ja,垂直な,"The opposite of ""垂直な"" is """,水平な,0,0,20.875,20.75,-0.125
qwen3-4b,95,desc,val,en,ja,垂直な,"The opposite of ""垂直な"" is """,水平な,0,0,20.875,19.25,-1.625
qwen3-4b,95,desc,freq,en,ja,垂直な,"The opposite of ""垂直な"" is """,水平な,0,0,20.875,22.125,1.25
qwen3-4b,95,val,desc,en,ja,垂直な,"The opposite of ""垂直な"" is """,水平な,0,0,20.875,20.625,-0.25
qwen3-4b,95,val,val,en,ja,垂直な,"The opposite of ""垂直な"" is """,水平な,0,0,20.875,20.25,-0.625
qwen3-4b,95,val,freq,en,ja,垂直な,"The opposite of ""垂直な"" is """,水平な,0,0,20.875,22.875,2.0
qwen3-4b,95,freq,desc,en,ja,垂直な,"The opposite of ""垂直な"" is """,水平な,0,0,20.875,23.625,2.75
qwen3-4b,95,freq,val,en,ja,垂直な,"The opposite of ""垂直な"" is """,水平な,0,0,20.875,21.0,0.125
qwen3-4b,95,freq,freq,en,ja,垂直な,"The opposite of ""垂直な"" is """,水平な,0,0,20.875,23.75,2.875
qwen3-4b,96,desc,desc,en,ja,良い,"The opposite of ""良い"" is """,悪い,0,0,22.125,22.0,-0.125
qwen3-4b,96,desc,val,en,ja,良い,"The opposite of ""良い"" is """,悪い,0,0,22.125,18.625,-3.5
qwen3-4b,96,desc,freq,en,ja,良い,"The opposite of ""良い"" is """,悪い,0,0,22.125,20.25,-1.875
qwen3-4b,96,val,desc,en,ja,良い,"The opposite of ""良い"" is """,悪い,0,1,22.125,15.9375,-6.1875
qwen3-4b,96,val,val,en,ja,良い,"The opposite of ""良い"" is """,悪い,0,1,22.125,15.9375,-6.1875
qwen3-4b,96,val,freq,en,ja,良い,"The opposite of ""良い"" is """,悪い,0,1,22.125,15.0625,-7.0625
qwen3-4b,96,freq,desc,en,ja,良い,"The opposite of ""良い"" is """,悪い,0,1,22.125,19.375,-2.75
qwen3-4b,96,freq,val,en,ja,良い,"The opposite of ""良い"" is """,悪い,0,1,22.125,16.25,-5.875
qwen3-4b,96,freq,freq,en,ja,良い,"The opposite of ""良い"" is """,悪い,0,1,22.125,18.875,-3.25
qwen3-4b,97,desc,desc,en,ja,勝利の,"The opposite of ""勝利の"" is """,敗北の,0,0,18.875,18.75,-0.125
qwen3-4b,97,desc,val,en,ja,勝利の,"The opposite of ""勝利の"" is """,敗北の,0,0,18.875,16.5,-2.375
qwen3-4b,97,desc,freq,en,ja,勝利の,"The opposite of ""勝利の"" is """,敗北の,0,0,18.875,18.75,-0.125
qwen3-4b,97,val,desc,en,ja,勝利の,"The opposite of ""勝利の"" is """,敗北の,0,1,18.875,14.9375,-3.9375
qwen3-4b,97,val,val,en,ja,勝利の,"The opposite of ""勝利の"" is """,敗北の,0,1,18.875,14.6875,-4.1875
qwen3-4b,97,val,freq,en,ja,勝利の,"The opposite of ""勝利の"" is """,敗北の,0,0,18.875,15.3125,-3.5625
qwen3-4b,97,freq,desc,en,ja,勝利の,"The opposite of ""勝利の"" is """,敗北の,0,2,18.875,16.375,-2.5
qwen3-4b,97,freq,val,en,ja,勝利の,"The opposite of ""勝利の"" is """,敗北の,0,2,18.875,15.625,-3.25
qwen3-4b,97,freq,freq,en,ja,勝利の,"The opposite of ""勝利の"" is """,敗北の,0,3,18.875,15.875,-3.0
qwen3-4b,98,desc,desc,en,ja,意地悪な,"The opposite of ""意地悪な"" is """,親切な,7,10,13.9375,13.5,-0.4375
qwen3-4b,98,desc,val,en,ja,意地悪な,"The opposite of ""意地悪な"" is """,親切な,7,17,13.9375,12.1875,-1.75
qwen3-4b,98,desc,freq,en,ja,意地悪な,"The opposite of ""意地悪な"" is """,親切な,7,9,13.9375,13.5,-0.4375
qwen3-4b,98,val,desc,en,ja,意地悪な,"The opposite of ""意地悪な"" is """,親切な,7,11,13.9375,11.25,-2.6875
qwen3-4b,98,val,val,en,ja,意地悪な,"The opposite of ""意地悪な"" is """,親切な,7,16,13.9375,10.8125,-3.125
qwen3-4b,98,val,freq,en,ja,意地悪な,"The opposite of ""意地悪な"" is """,親切な,7,12,13.9375,10.5,-3.4375
qwen3-4b,98,freq,desc,en,ja,意地悪な,"The opposite of ""意地悪な"" is """,親切な,7,78,13.9375,10.8125,-3.125
qwen3-4b,98,freq,val,en,ja,意地悪な,"The opposite of ""意地悪な"" is """,親切な,7,135,13.9375,9.5,-4.4375
qwen3-4b,98,freq,freq,en,ja,意地悪な,"The opposite of ""意地悪な"" is """,親切な,7,89,13.9375,10.5,-3.4375
qwen3-4b,99,desc,desc,en,ja,臆病な,"The opposite of ""臆病な"" is """,勇敢な,2335,2021,5.0625,5.28125,0.21875
qwen3-4b,99,desc,val,en,ja,臆病な,"The opposite of ""臆病な"" is """,勇敢な,2335,2104,5.0625,5.875,0.8125
qwen3-4b,99,desc,freq,en,ja,臆病な,"The opposite of ""臆病な"" is """,勇敢な,2335,2407,5.0625,5.09375,0.03125
qwen3-4b,99,val,desc,en,ja,臆病な,"The opposite of ""臆病な"" is """,勇敢な,2335,2280,5.0625,3.671875,-1.390625
qwen3-4b,99,val,val,en,ja,臆病な,"The opposite of ""臆病な"" is """,勇敢な,2335,1871,5.0625,3.875,-1.1875
qwen3-4b,99,val,freq,en,ja,臆病な,"The opposite of ""臆病な"" is """,勇敢な,2335,1792,5.0625,3.140625,-1.921875
qwen3-4b,99,freq,desc,en,ja,臆病な,"The opposite of ""臆病な"" is """,勇敢な,2335,2284,5.0625,5.5,0.4375
qwen3-4b,99,freq,val,en,ja,臆病な,"The opposite of ""臆病な"" is """,勇敢な,2335,1577,5.0625,6.21875,1.15625
qwen3-4b,99,freq,freq,en,ja,臆病な,"The opposite of ""臆病な"" is """,勇敢な,2335,2174,5.0625,5.53125,0.46875
qwen3-4b,0,desc,desc,en,ko,좋은,"The opposite of ""좋은"" is """,나쁜,0,0,16.75,16.25,-0.5
qwen3-4b,0,desc,val,en,ko,좋은,"The opposite of ""좋은"" is """,나쁜,0,0,16.75,15.875,-0.875
qwen3-4b,0,desc,freq,en,ko,좋은,"The opposite of ""좋은"" is """,나쁜,0,0,16.75,17.0,0.25
qwen3-4b,0,val,desc,en,ko,좋은,"The opposite of ""좋은"" is """,나쁜,0,0,16.75,15.6875,-1.0625
qwen3-4b,0,val,val,en,ko,좋은,"The opposite of ""좋은"" is """,나쁜,0,0,16.75,15.6875,-1.0625
qwen3-4b,0,val,freq,en,ko,좋은,"The opposite of ""좋은"" is """,나쁜,0,0,16.75,15.875,-0.875
qwen3-4b,0,freq,desc,en,ko,좋은,"The opposite of ""좋은"" is """,나쁜,0,0,16.75,15.0,-1.75
qwen3-4b,0,freq,val,en,ko,좋은,"The opposite of ""좋은"" is """,나쁜,0,3,16.75,14.875,-1.875
qwen3-4b,0,freq,freq,en,ko,좋은,"The opposite of ""좋은"" is """,나쁜,0,0,16.75,15.0,-1.75
qwen3-4b,1,desc,desc,en,ko,행복한,"The opposite of ""행복한"" is """,불행한,1,1,17.875,17.75,-0.125
qwen3-4b,1,desc,val,en,ko,행복한,"The opposite of ""행복한"" is """,불행한,1,2,17.875,16.25,-1.625
qwen3-4b,1,desc,freq,en,ko,행복한,"The opposite of ""행복한"" is """,불행한,1,3,17.875,17.75,-0.125
qwen3-4b,1,val,desc,en,ko,행복한,"The opposite of ""행복한"" is """,불행한,1,1,17.875,16.125,-1.75
qwen3-4b,1,val,val,en,ko,행복한,"The opposite of ""행복한"" is """,불행한,1,1,17.875,16.0,-1.875
qwen3-4b,1,val,freq,en,ko,행복한,"The opposite of ""행복한"" is """,불행한,1,1,17.875,17.625,-0.25
qwen3-4b,1,freq,desc,en,ko,행복한,"The opposite of ""행복한"" is """,불행한,1,3,17.875,16.375,-1.5
qwen3-4b,1,freq,val,en,ko,행복한,"The opposite of ""행복한"" is """,불행한,1,3,17.875,16.5,-1.375
qwen3-4b,1,freq,freq,en,ko,행복한,"The opposite of ""행복한"" is """,불행한,1,3,17.875,16.375,-1.5
qwen3-4b,2,desc,desc,en,ko,큰,"The opposite of ""큰"" is """,작은,0,0,20.75,21.0,0.25
qwen3-4b,2,desc,val,en,ko,큰,"The opposite of ""큰"" is """,작은,0,0,20.75,19.875,-0.875
qwen3-4b,2,desc,freq,en,ko,큰,"The opposite of ""큰"" is """,작은,0,0,20.75,21.875,1.125
qwen3-4b,2,val,desc,en,ko,큰,"The opposite of ""큰"" is """,작은,0,0,20.75,18.375,-2.375
qwen3-4b,2,val,val,en,ko,큰,"The opposite of ""큰"" is """,작은,0,0,20.75,18.25,-2.5
qwen3-4b,2,val,freq,en,ko,큰,"The opposite of ""큰"" is """,작은,0,0,20.75,19.25,-1.5
qwen3-4b,2,freq,desc,en,ko,큰,"The opposite of ""큰"" is """,작은,0,0,20.75,18.75,-2.0
qwen3-4b,2,freq,val,en,ko,큰,"The opposite of ""큰"" is """,작은,0,0,20.75,18.875,-1.875
qwen3-4b,2,freq,freq,en,ko,큰,"The opposite of ""큰"" is """,작은,0,0,20.75,18.75,-2.0
qwen3-4b,3,desc,desc,en,ko,더운,"The opposite of ""더운"" is """,차가운,0,2,15.125,14.5,-0.625
qwen3-4b,3,desc,val,en,ko,더운,"The opposite of ""더운"" is """,차가운,0,3,15.125,14.125,-1.0
qwen3-4b,3,desc,freq,en,ko,더운,"The opposite of ""더운"" is """,차가운,0,4,15.125,13.5,-1.625
qwen3-4b,3,val,desc,en,ko,더운,"The opposite of ""더운"" is """,차가운,0,1,15.125,13.3125,-1.8125
qwen3-4b,3,val,val,en,ko,더운,"The opposite of ""더운"" is """,차가운,0,1,15.125,13.375,-1.75
qwen3-4b,3,val,freq,en,ko,더운,"The opposite of ""더운"" is """,차가운,0,2,15.125,12.625,-2.5
qwen3-4b,3,freq,desc,en,ko,더운,"The opposite of ""더운"" is """,차가운,0,33,15.125,10.4375,-4.6875
qwen3-4b,3,freq,val,en,ko,더운,"The opposite of ""더운"" is """,차가운,0,34,15.125,10.75,-4.375
qwen3-4b,3,freq,freq,en,ko,더운,"The opposite of ""더운"" is """,차가운,0,33,15.125,10.4375,-4.6875
qwen3-4b,4,desc,desc,en,ko,빠른,"The opposite of ""빠른"" is """,느린,0,0,17.125,16.375,-0.75
qwen3-4b,4,desc,val,en,ko,빠른,"The opposite of ""빠른"" is """,느린,0,0,17.125,14.875,-2.25
qwen3-4b,4,desc,freq,en,ko,빠른,"The opposite of ""빠른"" is """,느린,0,0,17.125,16.0,-1.125
qwen3-4b,4,val,desc,en,ko,빠른,"The opposite of ""빠른"" is """,느린,0,1,17.125,12.0,-5.125
qwen3-4b,4,val,val,en,ko,빠른,"The opposite of ""빠른"" is """,느린,0,1,17.125,11.875,-5.25
qwen3-4b,4,val,freq,en,ko,빠른,"The opposite of ""빠른"" is """,느린,0,1,17.125,12.1875,-4.9375
qwen3-4b,4,freq,desc,en,ko,빠른,"The opposite of ""빠른"" is """,느린,0,6,17.125,13.3125,-3.8125
qwen3-4b,4,freq,val,en,ko,빠른,"The opposite of ""빠른"" is """,느린,0,6,17.125,12.625,-4.5
qwen3-4b,4,freq,freq,en,ko,빠른,"The opposite of ""빠른"" is """,느린,0,6,17.125,13.3125,-3.8125
qwen3-4b,5,desc,desc,en,ko,가벼운,"The opposite of ""가벼운"" is """,무거운,0,0,20.625,20.125,-0.5
qwen3-4b,5,desc,val,en,ko,가벼운,"The opposite of ""가벼운"" is """,무거운,0,0,20.625,19.375,-1.25
qwen3-4b,5,desc,freq,en,ko,가벼운,"The opposite of ""가벼운"" is """,무거운,0,0,20.625,20.75,0.125
qwen3-4b,5,val,desc,en,ko,가벼운,"The opposite of ""가벼운"" is """,무거운,0,0,20.625,17.875,-2.75
qwen3-4b,5,val,val,en,ko,가벼운,"The opposite of ""가벼운"" is """,무거운,0,0,20.625,17.875,-2.75
qwen3-4b,5,val,freq,en,ko,가벼운,"The opposite of ""가벼운"" is """,무거운,0,0,20.625,18.5,-2.125
qwen3-4b,5,freq,desc,en,ko,가벼운,"The opposite of ""가벼운"" is """,무거운,0,0,20.625,16.875,-3.75
qwen3-4b,5,freq,val,en,ko,가벼운,"The opposite of ""가벼운"" is """,무거운,0,0,20.625,16.25,-4.375
qwen3-4b,5,freq,freq,en,ko,가벼운,"The opposite of ""가벼운"" is """,무거운,0,0,20.625,16.875,-3.75
qwen3-4b,6,desc,desc,en,ko,쉬운,"The opposite of ""쉬운"" is """,어려운,0,0,17.125,17.125,0.0
qwen3-4b,6,desc,val,en,ko,쉬운,"The opposite of ""쉬운"" is """,어려운,0,2,17.125,15.625,-1.5
qwen3-4b,6,desc,freq,en,ko,쉬운,"The opposite of ""쉬운"" is """,어려운,0,0,17.125,16.75,-0.375
qwen3-4b,6,val,desc,en,ko,쉬운,"The opposite of ""쉬운"" is """,어려운,0,0,17.125,16.0,-1.125
qwen3-4b,6,val,val,en,ko,쉬운,"The opposite of ""쉬운"" is """,어려운,0,0,17.125,15.9375,-1.1875
qwen3-4b,6,val,freq,en,ko,쉬운,"The opposite of ""쉬운"" is """,어려운,0,0,17.125,16.0,-1.125
qwen3-4b,6,freq,desc,en,ko,쉬운,"The opposite of ""쉬운"" is """,어려운,0,1,17.125,14.25,-2.875
qwen3-4b,6,freq,val,en,ko,쉬운,"The opposite of ""쉬운"" is """,어려운,0,2,17.125,13.6875,-3.4375
qwen3-4b,6,freq,freq,en,ko,쉬운,"The opposite of ""쉬운"" is """,어려운,0,1,17.125,14.25,-2.875
qwen3-4b,7,desc,desc,en,ko,새로운,"The opposite of ""새로운"" is """,오래된,3,3,14.875,14.25,-0.625
qwen3-4b,7,desc,val,en,ko,새로운,"The opposite of ""새로운"" is """,오래된,3,6,14.875,14.75,-0.125
qwen3-4b,7,desc,freq,en,ko,새로운,"The opposite of ""새로운"" is """,오래된,3,3,14.875,15.375,0.5
qwen3-4b,7,val,desc,en,ko,새로운,"The opposite of ""새로운"" is """,오래된,3,3,14.875,12.75,-2.125
qwen3-4b,7,val,val,en,ko,새로운,"The opposite of ""새로운"" is """,오래된,3,3,14.875,12.5625,-2.3125
qwen3-4b,7,val,freq,en,ko,새로운,"The opposite of ""새로운"" is """,오래된,3,4,14.875,13.8125,-1.0625
qwen3-4b,7,freq,desc,en,ko,새로운,"The opposite of ""새로운"" is """,오래된,3,6,14.875,11.8125,-3.0625
qwen3-4b,7,freq,val,en,ko,새로운,"The opposite of ""새로운"" is """,오래된,3,6,14.875,13.125,-1.75
qwen3-4b,7,freq,freq,en,ko,새로운,"The opposite of ""새로운"" is """,오래된,3,6,14.875,11.8125,-3.0625
qwen3-4b,8,desc,desc,en,ko,진실한,"The opposite of ""진실한"" is """,거짓의,0,0,19.75,20.25,0.5
qwen3-4b,8,desc,val,en,ko,진실한,"The opposite of ""진실한"" is """,거짓의,0,0,19.75,19.125,-0.625
qwen3-4b,8,desc,freq,en,ko,진실한,"The opposite of ""진실한"" is """,거짓의,0,0,19.75,20.875,1.125
qwen3-4b,8,val,desc,en,ko,진실한,"The opposite of ""진실한"" is """,거짓의,0,0,19.75,18.625,-1.125
qwen3-4b,8,val,val,en,ko,진실한,"The opposite of ""진실한"" is """,거짓의,0,0,19.75,18.5,-1.25
qwen3-4b,8,val,freq,en,ko,진실한,"The opposite of ""진실한"" is """,거짓의,0,0,19.75,19.0,-0.75
qwen3-4b,8,freq,desc,en,ko,진실한,"The opposite of ""진실한"" is """,거짓의,0,0,19.75,15.5,-4.25
qwen3-4b,8,freq,val,en,ko,진실한,"The opposite of ""진실한"" is """,거짓의,0,0,19.75,15.4375,-4.3125
qwen3-4b,8,freq,freq,en,ko,진실한,"The opposite of ""진실한"" is """,거짓의,0,0,19.75,15.5,-4.25
qwen3-4b,9,desc,desc,en,ko,살아있는,"The opposite of ""살아있는"" is """,죽은,1,1,19.0,18.375,-0.625
qwen3-4b,9,desc,val,en,ko,살아있는,"The opposite of ""살아있는"" is """,죽은,1,1,19.0,17.25,-1.75
qwen3-4b,9,desc,freq,en,ko,살아있는,"The opposite of ""살아있는"" is """,죽은,1,3,19.0,17.875,-1.125
qwen3-4b,9,val,desc,en,ko,살아있는,"The opposite of ""살아있는"" is """,죽은,1,2,19.0,14.8125,-4.1875
qwen3-4b,9,val,val,en,ko,살아있는,"The opposite of ""살아있는"" is """,죽은,1,2,19.0,14.75,-4.25
qwen3-4b,9,val,freq,en,ko,살아있는,"The opposite of ""살아있는"" is """,죽은,1,4,19.0,13.5625,-5.4375
qwen3-4b,9,freq,desc,en,ko,살아있는,"The opposite of ""살아있는"" is """,죽은,1,7,19.0,14.875,-4.125
qwen3-4b,9,freq,val,en,ko,살아있는,"The opposite of ""살아있는"" is """,죽은,1,7,19.0,14.0,-5.0
qwen3-4b,9,freq,freq,en,ko,살아있는,"The opposite of ""살아있는"" is """,죽은,1,7,19.0,14.875,-4.125
qwen3-4b,10,desc,desc,en,ko,가득 찬,"The opposite of ""가득 찬"" is """,빈,24,53,10.3125,9.9375,-0.375
qwen3-4b,10,desc,val,en,ko,가득 찬,"The opposite of ""가득 찬"" is """,빈,24,35,10.3125,10.9375,0.625
qwen3-4b,10,desc,freq,en,ko,가득 찬,"The opposite of ""가득 찬"" is """,빈,24,12,10.3125,12.5,2.1875
qwen3-4b,10,val,desc,en,ko,가득 찬,"The opposite of ""가득 찬"" is """,빈,24,207,10.3125,5.875,-4.4375
qwen3-4b,10,val,val,en,ko,가득 찬,"The opposite of ""가득 찬"" is """,빈,24,213,10.3125,5.875,-4.4375
qwen3-4b,10,val,freq,en,ko,가득 찬,"The opposite of ""가득 찬"" is """,빈,24,76,10.3125,7.5,-2.8125
qwen3-4b,10,freq,desc,en,ko,가득 찬,"The opposite of ""가득 찬"" is """,빈,24,172,10.3125,7.6875,-2.625
qwen3-4b,10,freq,val,en,ko,가득 찬,"The opposite of ""가득 찬"" is """,빈,24,131,10.3125,8.5,-1.8125
qwen3-4b,10,freq,freq,en,ko,가득 찬,"The opposite of ""가득 찬"" is """,빈,24,172,10.3125,7.6875,-2.625
qwen3-4b,11,desc,desc,en,ko,밝은,"The opposite of ""밝은"" is """,어두운,0,0,16.5,15.4375,-1.0625
qwen3-4b,11,desc,val,en,ko,밝은,"The opposite of ""밝은"" is """,어두운,0,2,16.5,15.5,-1.0
qwen3-4b,11,desc,freq,en,ko,밝은,"The opposite of ""밝은"" is """,어두운,0,1,16.5,15.5,-1.0
qwen3-4b,11,val,desc,en,ko,밝은,"The opposite of ""밝은"" is """,어두운,0,0,16.5,15.5,-1.0
qwen3-4b,11,val,val,en,ko,밝은,"The opposite of ""밝은"" is """,어두운,0,0,16.5,15.5,-1.0
qwen3-4b,11,val,freq,en,ko,밝은,"The opposite of ""밝은"" is """,어두운,0,0,16.5,15.6875,-0.8125
qwen3-4b,11,freq,desc,en,ko,밝은,"The opposite of ""밝은"" is """,어두운,0,5,16.5,12.5,-4.0
qwen3-4b,11,freq,val,en,ko,밝은,"The opposite of ""밝은"" is """,어두운,0,8,16.5,13.8125,-2.6875
qwen3-4b,11,freq,freq,en,ko,밝은,"The opposite of ""밝은"" is """,어두운,0,5,16.5,12.5,-4.0
qwen3-4b,12,desc,desc,en,ko,강한,"The opposite of ""강한"" is """,약한,0,0,22.125,22.5,0.375
qwen3-4b,12,desc,val,en,ko,강한,"The opposite of ""강한"" is """,약한,0,0,22.125,21.625,-0.5
qwen3-4b,12,desc,freq,en,ko,강한,"The opposite of ""강한"" is """,약한,0,0,22.125,22.875,0.75
qwen3-4b,12,val,desc,en,ko,강한,"The opposite of ""강한"" is """,약한,0,0,22.125,20.25,-1.875
qwen3-4b,12,val,val,en,ko,강한,"The opposite of ""강한"" is """,약한,0,0,22.125,20.25,-1.875
qwen3-4b,12,val,freq,en,ko,강한,"The opposite of ""강한"" is """,약한,0,0,22.125,20.375,-1.75
qwen3-4b,12,freq,desc,en,ko,강한,"The opposite of ""강한"" is """,약한,0,0,22.125,18.75,-3.375
qwen3-4b,12,freq,val,en,ko,강한,"The opposite of ""강한"" is """,약한,0,0,22.125,18.0,-4.125
qwen3-4b,12,freq,freq,en,ko,강한,"The opposite of ""강한"" is """,약한,0,0,22.125,18.75,-3.375
qwen3-4b,13,desc,desc,en,ko,깨끗한,"The opposite of ""깨끗한"" is """,더러운,2,7,13.25,12.5,-0.75
qwen3-4b,13,desc,val,en,ko,깨끗한,"The opposite of ""깨끗한"" is """,더러운,2,17,13.25,11.8125,-1.4375
qwen3-4b,13,desc,freq,en,ko,깨끗한,"The opposite of ""깨끗한"" is """,더러운,2,7,13.25,13.0625,-0.1875
qwen3-4b,13,val,desc,en,ko,깨끗한,"The opposite of ""깨끗한"" is """,더러운,2,9,13.25,10.4375,-2.8125
qwen3-4b,13,val,val,en,ko,깨끗한,"The opposite of ""깨끗한"" is """,더러운,2,12,13.25,10.1875,-3.0625
qwen3-4b,13,val,freq,en,ko,깨끗한,"The opposite of ""깨끗한"" is """,더러운,2,3,13.25,11.8125,-1.4375
qwen3-4b,13,freq,desc,en,ko,깨끗한,"The opposite of ""깨끗한"" is """,더러운,2,70,13.25,9.25,-4.0
qwen3-4b,13,freq,val,en,ko,깨끗한,"The opposite of ""깨끗한"" is """,더러운,2,74,13.25,9.75,-3.5
qwen3-4b,13,freq,freq,en,ko,깨끗한,"The opposite of ""깨끗한"" is """,더러운,2,70,13.25,9.25,-4.0
qwen3-4b,14,desc,desc,en,ko,열린,"The opposite of ""열린"" is """,닫힌,0,2,15.5625,14.9375,-0.625
qwen3-4b,14,desc,val,en,ko,열린,"The opposite of ""열린"" is """,닫힌,0,4,15.5625,13.9375,-1.625
qwen3-4b,14,desc,freq,en,ko,열린,"The opposite of ""열린"" is """,닫힌,0,3,15.5625,14.875,-0.6875
qwen3-4b,14,val,desc,en,ko,열린,"The opposite of ""열린"" is """,닫힌,0,2,15.5625,12.4375,-3.125
qwen3-4b,14,val,val,en,ko,열린,"The opposite of ""열린"" is """,닫힌,0,2,15.5625,12.375,-3.1875
qwen3-4b,14,val,freq,en,ko,열린,"The opposite of ""열린"" is """,닫힌,0,2,15.5625,12.25,-3.3125
qwen3-4b,14,freq,desc,en,ko,열린,"The opposite of ""열린"" is """,닫힌,0,16,15.5625,11.0625,-4.5
qwen3-4b,14,freq,val,en,ko,열린,"The opposite of ""열린"" is """,닫힌,0,19,15.5625,11.5625,-4.0
qwen3-4b,14,freq,freq,en,ko,열린,"The opposite of ""열린"" is """,닫힌,0,16,15.5625,11.0625,-4.5
qwen3-4b,15,desc,desc,en,ko,부유한,"The opposite of ""부유한"" is """,가난한,0,1,16.375,15.1875,-1.1875
qwen3-4b,15,desc,val,en,ko,부유한,"The opposite of ""부유한"" is """,가난한,0,3,16.375,14.6875,-1.6875
qwen3-4b,15,desc,freq,en,ko,부유한,"The opposite of ""부유한"" is """,가난한,0,2,16.375,15.125,-1.25
qwen3-4b,15,val,desc,en,ko,부유한,"The opposite of ""부유한"" is """,가난한,0,1,16.375,14.5,-1.875
qwen3-4b,15,val,val,en,ko,부유한,"The opposite of ""부유한"" is """,가난한,0,1,16.375,14.375,-2.0
qwen3-4b,15,val,freq,en,ko,부유한,"The opposite of ""부유한"" is """,가난한,0,0,16.375,15.375,-1.0
qwen3-4b,15,freq,desc,en,ko,부유한,"The opposite of ""부유한"" is """,가난한,0,2,16.375,13.625,-2.75
qwen3-4b,15,freq,val,en,ko,부유한,"The opposite of ""부유한"" is """,가난한,0,7,16.375,13.75,-2.625
qwen3-4b,15,freq,freq,en,ko,부유한,"The opposite of ""부유한"" is """,가난한,0,2,16.375,13.625,-2.75
qwen3-4b,16,desc,desc,en,ko,아름다운,"The opposite of ""아름다운"" is """,못생긴,19,27,12.5625,11.9375,-0.625
qwen3-4b,16,desc,val,en,ko,아름다운,"The opposite of ""아름다운"" is """,못생긴,19,36,12.5625,11.75,-0.8125
qwen3-4b,16,desc,freq,en,ko,아름다운,"The opposite of ""아름다운"" is """,못생긴,19,41,12.5625,12.375,-0.1875
qwen3-4b,16,val,desc,en,ko,아름다운,"The opposite of ""아름다운"" is """,못생긴,19,45,12.5625,9.5,-3.0625
qwen3-4b,16,val,val,en,ko,아름다운,"The opposite of ""아름다운"" is """,못생긴,19,45,12.5625,9.5,-3.0625
qwen3-4b,16,val,freq,en,ko,아름다운,"The opposite of ""아름다운"" is """,못생긴,19,60,12.5625,9.3125,-3.25
qwen3-4b,16,freq,desc,en,ko,아름다운,"The opposite of ""아름다운"" is """,못생긴,19,307,12.5625,8.125,-4.4375
qwen3-4b,16,freq,val,en,ko,아름다운,"The opposite of ""아름다운"" is """,못생긴,19,277,12.5625,8.4375,-4.125
qwen3-4b,16,freq,freq,en,ko,아름다운,"The opposite of ""아름다운"" is """,못생긴,19,307,12.5625,8.125,-4.4375
qwen3-4b,17,desc,desc,en,ko,긴,"The opposite of ""긴"" is """,짧은,0,1,16.75,16.625,-0.125
qwen3-4b,17,desc,val,en,ko,긴,"The opposite of ""긴"" is """,짧은,0,8,16.75,13.25,-3.5
qwen3-4b,17,desc,freq,en,ko,긴,"The opposite of ""긴"" is """,짧은,0,46,16.75,12.5625,-4.1875
qwen3-4b,17,val,desc,en,ko,긴,"The opposite of ""긴"" is """,짧은,0,3,16.75,12.5625,-4.1875
qwen3-4b,17,val,val,en,ko,긴,"The opposite of ""긴"" is """,짧은,0,3,16.75,12.5625,-4.1875
qwen3-4b,17,val,freq,en,ko,긴,"The opposite of ""긴"" is """,짧은,0,14,16.75,11.75,-5.0
qwen3-4b,17,freq,desc,en,ko,긴,"The opposite of ""긴"" is """,짧은,0,6,16.75,14.0625,-2.6875
qwen3-4b,17,freq,val,en,ko,긴,"The opposite of ""긴"" is """,짧은,0,5,16.75,13.875,-2.875
qwen3-4b,17,freq,freq,en,ko,긴,"The opposite of ""긴"" is """,짧은,0,6,16.75,14.0625,-2.6875
qwen3-4b,18,desc,desc,en,ko,넓은,"The opposite of ""넓은"" is """,좁은,1,1,15.875,16.875,1.0
qwen3-4b,18,desc,val,en,ko,넓은,"The opposite of ""넓은"" is """,좁은,1,3,15.875,15.375,-0.5
qwen3-4b,18,desc,freq,en,ko,넓은,"The opposite of ""넓은"" is """,좁은,1,3,15.875,15.375,-0.5
qwen3-4b,18,val,desc,en,ko,넓은,"The opposite of ""넓은"" is """,좁은,1,0,15.875,14.5,-1.375
qwen3-4b,18,val,val,en,ko,넓은,"The opposite of ""넓은"" is """,좁은,1,0,15.875,14.4375,-1.4375
qwen3-4b,18,val,freq,en,ko,넓은,"The opposite of ""넓은"" is """,좁은,1,2,15.875,14.1875,-1.6875
qwen3-4b,18,freq,desc,en,ko,넓은,"The opposite of ""넓은"" is """,좁은,1,0,15.875,16.75,0.875
qwen3-4b,18,freq,val,en,ko,넓은,"The opposite of ""넓은"" is """,좁은,1,0,15.875,16.875,1.0
qwen3-4b,18,freq,freq,en,ko,넓은,"The opposite of ""넓은"" is """,좁은,1,0,15.875,16.75,0.875
qwen3-4b,19,desc,desc,en,ko,딱딱한,"The opposite of ""딱딱한"" is """,부드러운,0,1,13.5625,13.9375,0.375
qwen3-4b,19,desc,val,en,ko,딱딱한,"The opposite of ""딱딱한"" is """,부드러운,0,2,13.5625,13.625,0.0625
qwen3-4b,19,desc,freq,en,ko,딱딱한,"The opposite of ""딱딱한"" is """,부드러운,0,0,13.5625,15.4375,1.875
qwen3-4b,19,val,desc,en,ko,딱딱한,"The opposite of ""딱딱한"" is """,부드러운,0,4,13.5625,11.0625,-2.5
qwen3-4b,19,val,val,en,ko,딱딱한,"The opposite of ""딱딱한"" is """,부드러운,0,3,13.5625,11.125,-2.4375
qwen3-4b,19,val,freq,en,ko,딱딱한,"The opposite of ""딱딱한"" is """,부드러운,0,1,13.5625,12.25,-1.3125
qwen3-4b,19,freq,desc,en,ko,딱딱한,"The opposite of ""딱딱한"" is """,부드러운,0,4,13.5625,11.3125,-2.25
qwen3-4b,19,freq,val,en,ko,딱딱한,"The opposite of ""딱딱한"" is """,부드러운,0,8,13.5625,11.8125,-1.75
qwen3-4b,19,freq,freq,en,ko,딱딱한,"The opposite of ""딱딱한"" is """,부드러운,0,4,13.5625,11.3125,-2.25
qwen3-4b,20,desc,desc,en,ko,마른,"The opposite of ""마른"" is """,젖은,81,33,9.25,10.5,1.25
qwen3-4b,20,desc,val,en,ko,마른,"The opposite of ""마른"" is """,젖은,81,99,9.25,9.4375,0.1875
qwen3-4b,20,desc,freq,en,ko,마른,"The opposite of ""마른"" is """,젖은,81,204,9.25,8.4375,-0.8125
qwen3-4b,20,val,desc,en,ko,마른,"The opposite of ""마른"" is """,젖은,81,38,9.25,8.5,-0.75
qwen3-4b,20,val,val,en,ko,마른,"The opposite of ""마른"" is """,젖은,81,39,9.25,8.5625,-0.6875
qwen3-4b,20,val,freq,en,ko,마른,"The opposite of ""마른"" is """,젖은,81,91,9.25,8.0,-1.25
qwen3-4b,20,freq,desc,en,ko,마른,"The opposite of ""마른"" is """,젖은,81,46,9.25,9.4375,0.1875
qwen3-4b,20,freq,val,en,ko,마른,"The opposite of ""마른"" is """,젖은,81,41,9.25,10.5625,1.3125
qwen3-4b,20,freq,freq,en,ko,마른,"The opposite of ""마른"" is """,젖은,81,46,9.25,9.4375,0.1875
qwen3-4b,21,desc,desc,en,ko,시끄러운,"The opposite of ""시끄러운"" is """,조용한,3,6,12.75,11.9375,-0.8125
qwen3-4b,21,desc,val,en,ko,시끄러운,"The opposite of ""시끄러운"" is """,조용한,3,17,12.75,10.5,-2.25
qwen3-4b,21,desc,freq,en,ko,시끄러운,"The opposite of ""시끄러운"" is """,조용한,3,8,12.75,12.125,-0.625
qwen3-4b,21,val,desc,en,ko,시끄러운,"The opposite of ""시끄러운"" is """,조용한,3,9,12.75,10.125,-2.625
qwen3-4b,21,val,val,en,ko,시끄러운,"The opposite of ""시끄러운"" is """,조용한,3,9,12.75,10.125,-2.625
qwen3-4b,21,val,freq,en,ko,시끄러운,"The opposite of ""시끄러운"" is """,조용한,3,2,12.75,11.4375,-1.3125
qwen3-4b,21,freq,desc,en,ko,시끄러운,"The opposite of ""시끄러운"" is """,조용한,3,42,12.75,9.1875,-3.5625
qwen3-4b,21,freq,val,en,ko,시끄러운,"The opposite of ""시끄러운"" is """,조용한,3,53,12.75,9.1875,-3.5625
qwen3-4b,21,freq,freq,en,ko,시끄러운,"The opposite of ""시끄러운"" is """,조용한,3,42,12.75,9.1875,-3.5625
qwen3-4b,22,desc,desc,en,ko,이른,"The opposite of ""이른"" is """,늦은,7,4,13.875,14.0,0.125
qwen3-4b,22,desc,val,en,ko,이른,"The opposite of ""이른"" is """,늦은,7,15,13.875,11.875,-2.0
qwen3-4b,22,desc,freq,en,ko,이른,"The opposite of ""이른"" is """,늦은,7,66,13.875,11.1875,-2.6875
qwen3-4b,22,val,desc,en,ko,이른,"The opposite of ""이른"" is """,늦은,7,11,13.875,10.1875,-3.6875
qwen3-4b,22,val,val,en,ko,이른,"The opposite of ""이른"" is """,늦은,7,11,13.875,10.1875,-3.6875
qwen3-4b,22,val,freq,en,ko,이른,"The opposite of ""이른"" is """,늦은,7,34,13.875,9.625,-4.25
qwen3-4b,22,freq,desc,en,ko,이른,"The opposite of ""이른"" is """,늦은,7,26,13.875,10.625,-3.25
qwen3-4b,22,freq,val,en,ko,이른,"The opposite of ""이른"" is """,늦은,7,19,13.875,11.375,-2.5
qwen3-4b,22,freq,freq,en,ko,이른,"The opposite of ""이른"" is """,늦은,7,26,13.875,10.625,-3.25
qwen3-4b,23,desc,desc,en,ko,가까운,"The opposite of ""가까운"" is """,먼,1,5,15.75,15.0625,-0.6875
qwen3-4b,23,desc,val,en,ko,가까운,"The opposite of ""가까운"" is """,먼,1,2,15.75,15.875,0.125
qwen3-4b,23,desc,freq,en,ko,가까운,"The opposite of ""가까운"" is """,먼,1,2,15.75,17.0,1.25
qwen3-4b,23,val,desc,en,ko,가까운,"The opposite of ""가까운"" is """,먼,1,5,15.75,12.5,-3.25
qwen3-4b,23,val,val,en,ko,가까운,"The opposite of ""가까운"" is """,먼,1,5,15.75,12.4375,-3.3125
qwen3-4b,23,val,freq,en,ko,가까운,"The opposite of ""가까운"" is """,먼,1,0,15.75,13.875,-1.875
qwen3-4b,23,freq,desc,en,ko,가까운,"The opposite of ""가까운"" is """,먼,1,36,15.75,11.25,-4.5
qwen3-4b,23,freq,val,en,ko,가까운,"The opposite of ""가까운"" is """,먼,1,41,15.75,11.3125,-4.4375
qwen3-4b,23,freq,freq,en,ko,가까운,"The opposite of ""가까운"" is """,먼,1,36,15.75,11.25,-4.5
qwen3-4b,24,desc,desc,en,ko,깊은,"The opposite of ""깊은"" is """,얕은,49,24,10.5625,11.4375,0.875
qwen3-4b,24,desc,val,en,ko,깊은,"The opposite of ""깊은"" is """,얕은,49,789,10.5625,7.1875,-3.375
qwen3-4b,24,desc,freq,en,ko,깊은,"The opposite of ""깊은"" is """,얕은,49,3465,10.5625,4.3125,-6.25
qwen3-4b,24,val,desc,en,ko,깊은,"The opposite of ""깊은"" is """,얕은,49,13,10.5625,10.0,-0.5625
qwen3-4b,24,val,val,en,ko,깊은,"The opposite of ""깊은"" is """,얕은,49,14,10.5625,9.9375,-0.625
qwen3-4b,24,val,freq,en,ko,깊은,"The opposite of ""깊은"" is """,얕은,49,123,10.5625,7.125,-3.4375
qwen3-4b,24,freq,desc,en,ko,깊은,"The opposite of ""깊은"" is """,얕은,49,9,10.5625,12.0625,1.5
qwen3-4b,24,freq,val,en,ko,깊은,"The opposite of ""깊은"" is """,얕은,49,9,10.5625,12.9375,2.375
qwen3-4b,24,freq,freq,en,ko,깊은,"The opposite of ""깊은"" is """,얕은,49,9,10.5625,12.0625,1.5
qwen3-4b,25,desc,desc,en,ko,나쁜,"The opposite of ""나쁜"" is """,좋은,0,0,19.125,18.625,-0.5
qwen3-4b,25,desc,val,en,ko,나쁜,"The opposite of ""나쁜"" is """,좋은,0,0,19.125,17.625,-1.5
qwen3-4b,25,desc,freq,en,ko,나쁜,"The opposite of ""나쁜"" is """,좋은,0,1,19.125,18.375,-0.75
qwen3-4b,25,val,desc,en,ko,나쁜,"The opposite of ""나쁜"" is """,좋은,0,0,19.125,15.125,-4.0
qwen3-4b,25,val,val,en,ko,나쁜,"The opposite of ""나쁜"" is """,좋은,0,0,19.125,15.0625,-4.0625
qwen3-4b,25,val,freq,en,ko,나쁜,"The opposite of ""나쁜"" is """,좋은,0,0,19.125,15.9375,-3.1875
qwen3-4b,25,freq,desc,en,ko,나쁜,"The opposite of ""나쁜"" is """,좋은,0,2,19.125,14.8125,-4.3125
qwen3-4b,25,freq,val,en,ko,나쁜,"The opposite of ""나쁜"" is """,좋은,0,0,19.125,15.25,-3.875
qwen3-4b,25,freq,freq,en,ko,나쁜,"The opposite of ""나쁜"" is """,좋은,0,2,19.125,14.8125,-4.3125
qwen3-4b,26,desc,desc,en,ko,슬픈,"The opposite of ""슬픈"" is """,행복한,0,0,16.5,16.125,-0.375
qwen3-4b,26,desc,val,en,ko,슬픈,"The opposite of ""슬픈"" is """,행복한,0,3,16.5,15.25,-1.25
qwen3-4b,26,desc,freq,en,ko,슬픈,"The opposite of ""슬픈"" is """,행복한,0,2,16.5,16.125,-0.375
qwen3-4b,26,val,desc,en,ko,슬픈,"The opposite of ""슬픈"" is """,행복한,0,0,16.5,14.0625,-2.4375
qwen3-4b,26,val,val,en,ko,슬픈,"The opposite of ""슬픈"" is """,행복한,0,0,16.5,14.0625,-2.4375
qwen3-4b,26,val,freq,en,ko,슬픈,"The opposite of ""슬픈"" is """,행복한,0,0,16.5,15.4375,-1.0625
qwen3-4b,26,freq,desc,en,ko,슬픈,"The opposite of ""슬픈"" is """,행복한,0,3,16.5,12.75,-3.75
qwen3-4b,26,freq,val,en,ko,슬픈,"The opposite of ""슬픈"" is """,행복한,0,5,16.5,13.25,-3.25
qwen3-4b,26,freq,freq,en,ko,슬픈,"The opposite of ""슬픈"" is """,행복한,0,3,16.5,12.75,-3.75
qwen3-4b,27,desc,desc,en,ko,작은,"The opposite of ""작은"" is """,큰,0,0,18.375,18.375,0.0
qwen3-4b,27,desc,val,en,ko,작은,"The opposite of ""작은"" is """,큰,0,0,18.375,18.0,-0.375
qwen3-4b,27,desc,freq,en,ko,작은,"The opposite of ""작은"" is """,큰,0,1,18.375,18.125,-0.25
qwen3-4b,27,val,desc,en,ko,작은,"The opposite of ""작은"" is """,큰,0,0,18.375,15.75,-2.625
qwen3-4b,27,val,val,en,ko,작은,"The opposite of ""작은"" is """,큰,0,0,18.375,15.6875,-2.6875
qwen3-4b,27,val,freq,en,ko,작은,"The opposite of ""작은"" is """,큰,0,2,18.375,14.3125,-4.0625
qwen3-4b,27,freq,desc,en,ko,작은,"The opposite of ""작은"" is """,큰,0,6,18.375,13.5625,-4.8125
qwen3-4b,27,freq,val,en,ko,작은,"The opposite of ""작은"" is """,큰,0,6,18.375,14.375,-4.0
qwen3-4b,27,freq,freq,en,ko,작은,"The opposite of ""작은"" is """,큰,0,6,18.375,13.5625,-4.8125
qwen3-4b,28,desc,desc,en,ko,추운,"The opposite of ""추운"" is """,따뜻한,0,0,16.5,15.625,-0.875
qwen3-4b,28,desc,val,en,ko,추운,"The opposite of ""추운"" is """,따뜻한,0,0,16.5,15.8125,-0.6875
qwen3-4b,28,desc,freq,en,ko,추운,"The opposite of ""추운"" is """,따뜻한,0,1,16.5,16.125,-0.375
qwen3-4b,28,val,desc,en,ko,추운,"The opposite of ""추운"" is """,따뜻한,0,0,16.5,13.375,-3.125
qwen3-4b,28,val,val,en,ko,추운,"The opposite of ""추운"" is """,따뜻한,0,0,16.5,13.25,-3.25
qwen3-4b,28,val,freq,en,ko,추운,"The opposite of ""추운"" is """,따뜻한,0,0,16.5,13.8125,-2.6875
qwen3-4b,28,freq,desc,en,ko,추운,"The opposite of ""추운"" is """,따뜻한,0,3,16.5,11.6875,-4.8125
qwen3-4b,28,freq,val,en,ko,추운,"The opposite of ""추운"" is """,따뜻한,0,3,16.5,11.8125,-4.6875
qwen3-4b,28,freq,freq,en,ko,추운,"The opposite of ""추운"" is """,따뜻한,0,3,16.5,11.6875,-4.8125
qwen3-4b,29,desc,desc,en,ko,느린,"The opposite of ""느린"" is """,빠른,0,0,18.875,18.125,-0.75
qwen3-4b,29,desc,val,en,ko,느린,"The opposite of ""느린"" is """,빠른,0,0,18.875,17.875,-1.0
qwen3-4b,29,desc,freq,en,ko,느린,"The opposite of ""느린"" is """,빠른,0,0,18.875,18.0,-0.875
qwen3-4b,29,val,desc,en,ko,느린,"The opposite of ""느린"" is """,빠른,0,1,18.875,14.375,-4.5
qwen3-4b,29,val,val,en,ko,느린,"The opposite of ""느린"" is """,빠른,0,1,18.875,14.3125,-4.5625
qwen3-4b,29,val,freq,en,ko,느린,"The opposite of ""느린"" is """,빠른,0,2,18.875,14.0625,-4.8125
qwen3-4b,29,freq,desc,en,ko,느린,"The opposite of ""느린"" is """,빠른,0,5,18.875,13.75,-5.125
qwen3-4b,29,freq,val,en,ko,느린,"The opposite of ""느린"" is """,빠른,0,5,18.875,13.6875,-5.1875
qwen3-4b,29,freq,freq,en,ko,느린,"The opposite of ""느린"" is """,빠른,0,5,18.875,13.75,-5.125
qwen3-4b,30,desc,desc,en,ko,무거운,"The opposite of ""무거운"" is """,가벼운,0,3,18.125,17.125,-1.0
qwen3-4b,30,desc,val,en,ko,무거운,"The opposite of ""무거운"" is """,가벼운,0,4,18.125,16.125,-2.0
qwen3-4b,30,desc,freq,en,ko,무거운,"The opposite of ""무거운"" is """,가벼운,0,5,18.125,17.0,-1.125
qwen3-4b,30,val,desc,en,ko,무거운,"The opposite of ""무거운"" is """,가벼운,0,0,18.125,15.75,-2.375
qwen3-4b,30,val,val,en,ko,무거운,"The opposite of ""무거운"" is """,가벼운,0,0,18.125,15.5,-2.625
qwen3-4b,30,val,freq,en,ko,무거운,"The opposite of ""무거운"" is """,가벼운,0,0,18.125,16.25,-1.875
qwen3-4b,30,freq,desc,en,ko,무거운,"The opposite of ""무거운"" is """,가벼운,0,2,18.125,15.6875,-2.4375
qwen3-4b,30,freq,val,en,ko,무거운,"The opposite of ""무거운"" is """,가벼운,0,4,18.125,15.125,-3.0
qwen3-4b,30,freq,freq,en,ko,무거운,"The opposite of ""무거운"" is """,가벼운,0,2,18.125,15.6875,-2.4375
qwen3-4b,31,desc,desc,en,ko,어려운,"The opposite of ""어려운"" is """,쉬운,0,0,18.375,18.75,0.375
qwen3-4b,31,desc,val,en,ko,어려운,"The opposite of ""어려운"" is """,쉬운,0,0,18.375,19.0,0.625
qwen3-4b,31,desc,freq,en,ko,어려운,"The opposite of ""어려운"" is """,쉬운,0,0,18.375,19.625,1.25
qwen3-4b,31,val,desc,en,ko,어려운,"The opposite of ""어려운"" is """,쉬운,0,0,18.375,14.5625,-3.8125
qwen3-4b,31,val,val,en,ko,어려운,"The opposite of ""어려운"" is """,쉬운,0,0,18.375,14.5625,-3.8125
qwen3-4b,31,val,freq,en,ko,어려운,"The opposite of ""어려운"" is """,쉬운,0,0,18.375,14.9375,-3.4375
qwen3-4b,31,freq,desc,en,ko,어려운,"The opposite of ""어려운"" is """,쉬운,0,3,18.375,15.3125,-3.0625
qwen3-4b,31,freq,val,en,ko,어려운,"The opposite of ""어려운"" is """,쉬운,0,2,18.375,15.0,-3.375
qwen3-4b,31,freq,freq,en,ko,어려운,"The opposite of ""어려운"" is """,쉬운,0,3,18.375,15.3125,-3.0625
qwen3-4b,32,desc,desc,en,ko,오래된,"The opposite of ""오래된"" is """,새로운,0,0,17.875,17.25,-0.625
qwen3-4b,32,desc,val,en,ko,오래된,"The opposite of ""오래된"" is """,새로운,0,0,17.875,15.9375,-1.9375
qwen3-4b,32,desc,freq,en,ko,오래된,"The opposite of ""오래된"" is """,새로운,0,0,17.875,17.0,-0.875
qwen3-4b,32,val,desc,en,ko,오래된,"The opposite of ""오래된"" is """,새로운,0,0,17.875,14.6875,-3.1875
qwen3-4b,32,val,val,en,ko,오래된,"The opposite of ""오래된"" is """,새로운,0,0,17.875,14.75,-3.125
qwen3-4b,32,val,freq,en,ko,오래된,"The opposite of ""오래된"" is """,새로운,0,0,17.875,15.375,-2.5
qwen3-4b,32,freq,desc,en,ko,오래된,"The opposite of ""오래된"" is """,새로운,0,1,17.875,13.5625,-4.3125
qwen3-4b,32,freq,val,en,ko,오래된,"The opposite of ""오래된"" is """,새로운,0,2,17.875,13.8125,-4.0625
qwen3-4b,32,freq,freq,en,ko,오래된,"The opposite of ""오래된"" is """,새로운,0,1,17.875,13.5625,-4.3125
qwen3-4b,33,desc,desc,en,ko,거짓의,"The opposite of ""거짓의"" is """,진실한,0,0,21.125,20.625,-0.5
qwen3-4b,33,desc,val,en,ko,거짓의,"The opposite of ""거짓의"" is """,진실한,0,0,21.125,18.625,-2.5
qwen3-4b,33,desc,freq,en,ko,거짓의,"The opposite of ""거짓의"" is """,진실한,0,0,21.125,20.375,-0.75
qwen3-4b,33,val,desc,en,ko,거짓의,"The opposite of ""거짓의"" is """,진실한,0,0,21.125,17.75,-3.375
qwen3-4b,33,val,val,en,ko,거짓의,"The opposite of ""거짓의"" is """,진실한,0,0,21.125,17.625,-3.5
qwen3-4b,33,val,freq,en,ko,거짓의,"The opposite of ""거짓의"" is """,진실한,0,0,21.125,18.375,-2.75
qwen3-4b,33,freq,desc,en,ko,거짓의,"The opposite of ""거짓의"" is """,진실한,0,0,21.125,17.875,-3.25
qwen3-4b,33,freq,val,en,ko,거짓의,"The opposite of ""거짓의"" is """,진실한,0,0,21.125,17.375,-3.75
qwen3-4b,33,freq,freq,en,ko,거짓의,"The opposite of ""거짓의"" is """,진실한,0,0,21.125,17.875,-3.25
qwen3-4b,34,desc,desc,en,ko,죽은,"The opposite of ""죽은"" is """,살아있는,0,0,18.75,18.75,0.0
qwen3-4b,34,desc,val,en,ko,죽은,"The opposite of ""죽은"" is """,살아있는,0,0,18.75,19.375,0.625
qwen3-4b,34,desc,freq,en,ko,죽은,"The opposite of ""죽은"" is """,살아있는,0,0,18.75,19.625,0.875
qwen3-4b,34,val,desc,en,ko,죽은,"The opposite of ""죽은"" is """,살아있는,0,0,18.75,16.5,-2.25
qwen3-4b,34,val,val,en,ko,죽은,"The opposite of ""죽은"" is """,살아있는,0,0,18.75,16.5,-2.25
qwen3-4b,34,val,freq,en,ko,죽은,"The opposite of ""죽은"" is """,살아있는,0,0,18.75,16.375,-2.375
qwen3-4b,34,freq,desc,en,ko,죽은,"The opposite of ""죽은"" is """,살아있는,0,0,18.75,15.4375,-3.3125
qwen3-4b,34,freq,val,en,ko,죽은,"The opposite of ""죽은"" is """,살아있는,0,0,18.75,15.6875,-3.0625
qwen3-4b,34,freq,freq,en,ko,죽은,"The opposite of ""죽은"" is """,살아있는,0,0,18.75,15.4375,-3.3125
qwen3-4b,35,desc,desc,en,ko,빈,"The opposite of ""빈"" is """,가득 찬,2,22,11.4375,10.3125,-1.125
qwen3-4b,35,desc,val,en,ko,빈,"The opposite of ""빈"" is """,가득 찬,2,58,11.4375,10.75,-0.6875
qwen3-4b,35,desc,freq,en,ko,빈,"The opposite of ""빈"" is """,가득 찬,2,42,11.4375,11.0,-0.4375
qwen3-4b,35,val,desc,en,ko,빈,"The opposite of ""빈"" is """,가득 찬,2,4,11.4375,10.6875,-0.75
qwen3-4b,35,val,val,en,ko,빈,"The opposite of ""빈"" is """,가득 찬,2,4,11.4375,10.625,-0.8125
qwen3-4b,35,val,freq,en,ko,빈,"The opposite of ""빈"" is """,가득 찬,2,4,11.4375,11.125,-0.3125
qwen3-4b,35,freq,desc,en,ko,빈,"The opposite of ""빈"" is """,가득 찬,2,13,11.4375,10.9375,-0.5
qwen3-4b,35,freq,val,en,ko,빈,"The opposite of ""빈"" is """,가득 찬,2,19,11.4375,11.875,0.4375
qwen3-4b,35,freq,freq,en,ko,빈,"The opposite of ""빈"" is """,가득 찬,2,13,11.4375,10.9375,-0.5
qwen3-4b,36,desc,desc,en,ko,어두운,"The opposite of ""어두운"" is """,밝은,3,4,13.9375,13.6875,-0.25
qwen3-4b,36,desc,val,en,ko,어두운,"The opposite of ""어두운"" is """,밝은,3,14,13.9375,12.3125,-1.625
qwen3-4b,36,desc,freq,en,ko,어두운,"The opposite of ""어두운"" is """,밝은,3,29,13.9375,10.8125,-3.125
qwen3-4b,36,val,desc,en,ko,어두운,"The opposite of ""어두운"" is """,밝은,3,16,13.9375,10.75,-3.1875
qwen3-4b,36,val,val,en,ko,어두운,"The opposite of ""어두운"" is """,밝은,3,16,13.9375,10.6875,-3.25
qwen3-4b,36,val,freq,en,ko,어두운,"The opposite of ""어두운"" is """,밝은,3,18,13.9375,10.4375,-3.5
qwen3-4b,36,freq,desc,en,ko,어두운,"The opposite of ""어두운"" is """,밝은,3,1,13.9375,13.375,-0.5625
qwen3-4b,36,freq,val,en,ko,어두운,"The opposite of ""어두운"" is """,밝은,3,1,13.9375,14.5,0.5625
qwen3-4b,36,freq,freq,en,ko,어두운,"The opposite of ""어두운"" is """,밝은,3,1,13.9375,13.375,-0.5625
qwen3-4b,37,desc,desc,en,ko,약한,"The opposite of ""약한"" is """,강한,0,0,19.875,20.0,0.125
qwen3-4b,37,desc,val,en,ko,약한,"The opposite of ""약한"" is """,강한,0,0,19.875,18.75,-1.125
qwen3-4b,37,desc,freq,en,ko,약한,"The opposite of ""약한"" is """,강한,0,0,19.875,21.75,1.875
qwen3-4b,37,val,desc,en,ko,약한,"The opposite of ""약한"" is """,강한,0,0,19.875,18.0,-1.875
qwen3-4b,37,val,val,en,ko,약한,"The opposite of ""약한"" is """,강한,0,0,19.875,18.0,-1.875
qwen3-4b,37,val,freq,en,ko,약한,"The opposite of ""약한"" is """,강한,0,0,19.875,19.125,-0.75
qwen3-4b,37,freq,desc,en,ko,약한,"The opposite of ""약한"" is """,강한,0,0,19.875,18.5,-1.375
qwen3-4b,37,freq,val,en,ko,약한,"The opposite of ""약한"" is """,강한,0,0,19.875,17.625,-2.25
qwen3-4b,37,freq,freq,en,ko,약한,"The opposite of ""약한"" is """,강한,0,0,19.875,18.5,-1.375
qwen3-4b,38,desc,desc,en,ko,더러운,"The opposite of ""더러운"" is """,깨끗한,0,0,17.125,16.75,-0.375
qwen3-4b,38,desc,val,en,ko,더러운,"The opposite of ""더러운"" is """,깨끗한,0,0,17.125,15.875,-1.25
qwen3-4b,38,desc,freq,en,ko,더러운,"The opposite of ""더러운"" is """,깨끗한,0,1,17.125,15.875,-1.25
qwen3-4b,38,val,desc,en,ko,더러운,"The opposite of ""더러운"" is """,깨끗한,0,0,17.125,14.125,-3.0
qwen3-4b,38,val,val,en,ko,더러운,"The opposite of ""더러운"" is """,깨끗한,0,0,17.125,14.0625,-3.0625
qwen3-4b,38,val,freq,en,ko,더러운,"The opposite of ""더러운"" is """,깨끗한,0,0,17.125,14.625,-2.5
qwen3-4b,38,freq,desc,en,ko,더러운,"The opposite of ""더러운"" is """,깨끗한,0,1,17.125,14.875,-2.25
qwen3-4b,38,freq,val,en,ko,더러운,"The opposite of ""더러운"" is """,깨끗한,0,1,17.125,15.125,-2.0
qwen3-4b,38,freq,freq,en,ko,더러운,"The opposite of ""더러운"" is """,깨끗한,0,1,17.125,14.875,-2.25
qwen3-4b,39,desc,desc,en,ko,닫힌,"The opposite of ""닫힌"" is """,열린,0,0,17.875,17.5,-0.375
qwen3-4b,39,desc,val,en,ko,닫힌,"The opposite of ""닫힌"" is """,열린,0,0,17.875,15.75,-2.125
qwen3-4b,39,desc,freq,en,ko,닫힌,"The opposite of ""닫힌"" is """,열린,0,0,17.875,19.375,1.5
qwen3-4b,39,val,desc,en,ko,닫힌,"The opposite of ""닫힌"" is """,열린,0,0,17.875,13.1875,-4.6875
qwen3-4b,39,val,val,en,ko,닫힌,"The opposite of ""닫힌"" is """,열린,0,0,17.875,13.1875,-4.6875
qwen3-4b,39,val,freq,en,ko,닫힌,"The opposite of ""닫힌"" is """,열린,0,0,17.875,15.375,-2.5
qwen3-4b,39,freq,desc,en,ko,닫힌,"The opposite of ""닫힌"" is """,열린,0,0,17.875,14.5625,-3.3125
qwen3-4b,39,freq,val,en,ko,닫힌,"The opposite of ""닫힌"" is """,열린,0,1,17.875,13.9375,-3.9375
qwen3-4b,39,freq,freq,en,ko,닫힌,"The opposite of ""닫힌"" is """,열린,0,0,17.875,14.5625,-3.3125
qwen3-4b,40,desc,desc,en,ko,가난한,"The opposite of ""가난한"" is """,부유한,0,0,16.375,15.9375,-0.4375
qwen3-4b,40,desc,val,en,ko,가난한,"The opposite of ""가난한"" is """,부유한,0,0,16.375,15.6875,-0.6875
qwen3-4b,40,desc,freq,en,ko,가난한,"The opposite of ""가난한"" is """,부유한,0,0,16.375,16.125,-0.25
qwen3-4b,40,val,desc,en,ko,가난한,"The opposite of ""가난한"" is """,부유한,0,0,16.375,14.875,-1.5
qwen3-4b,40,val,val,en,ko,가난한,"The opposite of ""가난한"" is """,부유한,0,0,16.375,14.75,-1.625
qwen3-4b,40,val,freq,en,ko,가난한,"The opposite of ""가난한"" is """,부유한,0,0,16.375,15.5625,-0.8125
qwen3-4b,40,freq,desc,en,ko,가난한,"The opposite of ""가난한"" is """,부유한,0,7,16.375,12.8125,-3.5625
qwen3-4b,40,freq,val,en,ko,가난한,"The opposite of ""가난한"" is """,부유한,0,8,16.375,13.5625,-2.8125
qwen3-4b,40,freq,freq,en,ko,가난한,"The opposite of ""가난한"" is """,부유한,0,7,16.375,12.8125,-3.5625
qwen3-4b,41,desc,desc,en,ko,못생긴,"The opposite of ""못생긴"" is """,예쁜,1,4,14.125,13.4375,-0.6875
qwen3-4b,41,desc,val,en,ko,못생긴,"The opposite of ""못생긴"" is """,예쁜,1,8,14.125,13.0625,-1.0625
qwen3-4b,41,desc,freq,en,ko,못생긴,"The opposite of ""못생긴"" is """,예쁜,1,1,14.125,14.5625,0.4375
qwen3-4b,41,val,desc,en,ko,못생긴,"The opposite of ""못생긴"" is """,예쁜,1,1,14.125,13.6875,-0.4375
qwen3-4b,41,val,val,en,ko,못생긴,"The opposite of ""못생긴"" is """,예쁜,1,1,14.125,13.625,-0.5
qwen3-4b,41,val,freq,en,ko,못생긴,"The opposite of ""못생긴"" is """,예쁜,1,0,14.125,15.0625,0.9375
qwen3-4b,41,freq,desc,en,ko,못생긴,"The opposite of ""못생긴"" is """,예쁜,1,8,14.125,11.875,-2.25
qwen3-4b,41,freq,val,en,ko,못생긴,"The opposite of ""못생긴"" is """,예쁜,1,12,14.125,12.0,-2.125
qwen3-4b,41,freq,freq,en,ko,못생긴,"The opposite of ""못생긴"" is """,예쁜,1,8,14.125,11.875,-2.25
qwen3-4b,42,desc,desc,en,ko,짧은,"The opposite of ""짧은"" is """,긴,0,2,17.25,14.8125,-2.4375
qwen3-4b,42,desc,val,en,ko,짧은,"The opposite of ""짧은"" is """,긴,0,1,17.25,17.5,0.25
qwen3-4b,42,desc,freq,en,ko,짧은,"The opposite of ""짧은"" is """,긴,0,1,17.25,16.0,-1.25
qwen3-4b,42,val,desc,en,ko,짧은,"The opposite of ""짧은"" is """,긴,0,2,17.25,15.0,-2.25
qwen3-4b,42,val,val,en,ko,짧은,"The opposite of ""짧은"" is """,긴,0,3,17.25,13.875,-3.375
qwen3-4b,42,val,freq,en,ko,짧은,"The opposite of ""짧은"" is """,긴,0,2,17.25,14.3125,-2.9375
qwen3-4b,42,freq,desc,en,ko,짧은,"The opposite of ""짧은"" is """,긴,0,17,17.25,11.0625,-6.1875
qwen3-4b,42,freq,val,en,ko,짧은,"The opposite of ""짧은"" is """,긴,0,6,17.25,13.9375,-3.3125
qwen3-4b,42,freq,freq,en,ko,짧은,"The opposite of ""짧은"" is """,긴,0,17,17.25,11.0625,-6.1875
qwen3-4b,43,desc,desc,en,ko,좁은,"The opposite of ""좁은"" is """,넓은,0,0,17.75,18.25,0.5
qwen3-4b,43,desc,val,en,ko,좁은,"The opposite of ""좁은"" is """,넓은,0,1,17.75,17.125,-0.625
qwen3-4b,43,desc,freq,en,ko,좁은,"The opposite of ""좁은"" is """,넓은,0,1,17.75,16.5,-1.25
qwen3-4b,43,val,desc,en,ko,좁은,"The opposite of ""좁은"" is """,넓은,0,0,17.75,17.0,-0.75
qwen3-4b,43,val,val,en,ko,좁은,"The opposite of ""좁은"" is """,넓은,0,0,17.75,16.875,-0.875
qwen3-4b,43,val,freq,en,ko,좁은,"The opposite of ""좁은"" is """,넓은,0,0,17.75,16.75,-1.0
qwen3-4b,43,freq,desc,en,ko,좁은,"The opposite of ""좁은"" is """,넓은,0,2,17.75,15.0,-2.75
qwen3-4b,43,freq,val,en,ko,좁은,"The opposite of ""좁은"" is """,넓은,0,2,17.75,16.125,-1.625
qwen3-4b,43,freq,freq,en,ko,좁은,"The opposite of ""좁은"" is """,넓은,0,2,17.75,15.0,-2.75
qwen3-4b,44,desc,desc,en,ko,부드러운,"The opposite of ""부드러운"" is """,딱딱한,549,1058,8.1875,7.3125,-0.875
qwen3-4b,44,desc,val,en,ko,부드러운,"The opposite of ""부드러운"" is """,딱딱한,549,2125,8.1875,6.21875,-1.96875
qwen3-4b,44,desc,freq,en,ko,부드러운,"The opposite of ""부드러운"" is """,딱딱한,549,2978,8.1875,5.96875,-2.21875
qwen3-4b,44,val,desc,en,ko,부드러운,"The opposite of ""부드러운"" is """,딱딱한,549,1473,8.1875,4.375,-3.8125
qwen3-4b,44,val,val,en,ko,부드러운,"The opposite of ""부드러운"" is """,딱딱한,549,1426,8.1875,4.40625,-3.78125
qwen3-4b,44,val,freq,en,ko,부드러운,"The opposite of ""부드러운"" is """,딱딱한,549,1785,8.1875,3.890625,-4.296875
qwen3-4b,44,freq,desc,en,ko,부드러운,"The opposite of ""부드러운"" is """,딱딱한,549,5348,8.1875,3.0,-5.1875
qwen3-4b,44,freq,val,en,ko,부드러운,"The opposite of ""부드러운"" is """,딱딱한,549,5149,8.1875,3.1875,-5.0
qwen3-4b,44,freq,freq,en,ko,부드러운,"The opposite of ""부드러운"" is """,딱딱한,549,5348,8.1875,3.0,-5.1875
qwen3-4b,45,desc,desc,en,ko,젖은,"The opposite of ""젖은"" is """,마른,19,38,11.875,11.0625,-0.8125
qwen3-4b,45,desc,val,en,ko,젖은,"The opposite of ""젖은"" is """,마른,19,22,11.875,10.875,-1.0
qwen3-4b,45,desc,freq,en,ko,젖은,"The opposite of ""젖은"" is """,마른,19,24,11.875,12.25,0.375
qwen3-4b,45,val,desc,en,ko,젖은,"The opposite of ""젖은"" is """,마른,19,25,11.875,7.84375,-4.03125
qwen3-4b,45,val,val,en,ko,젖은,"The opposite of ""젖은"" is """,마른,19,19,11.875,8.5625,-3.3125
qwen3-4b,45,val,freq,en,ko,젖은,"The opposite of ""젖은"" is """,마른,19,17,11.875,8.25,-3.625
qwen3-4b,45,freq,desc,en,ko,젖은,"The opposite of ""젖은"" is """,마른,19,122,11.875,9.125,-2.75
qwen3-4b,45,freq,val,en,ko,젖은,"The opposite of ""젖은"" is """,마른,19,140,11.875,7.8125,-4.0625
qwen3-4b,45,freq,freq,en,ko,젖은,"The opposite of ""젖은"" is """,마른,19,122,11.875,9.125,-2.75
qwen3-4b,46,desc,desc,en,ko,조용한,"The opposite of ""조용한"" is """,시끄러운,33,44,12.4375,12.1875,-0.25
qwen3-4b,46,desc,val,en,ko,조용한,"The opposite of ""조용한"" is """,시끄러운,33,77,12.4375,11.125,-1.3125
qwen3-4b,46,desc,freq,en,ko,조용한,"The opposite of ""조용한"" is """,시끄러운,33,85,12.4375,11.0625,-1.375
qwen3-4b,46,val,desc,en,ko,조용한,"The opposite of ""조용한"" is """,시끄러운,33,33,12.4375,11.0,-1.4375
qwen3-4b,46,val,val,en,ko,조용한,"The opposite of ""조용한"" is """,시끄러운,33,34,12.4375,10.875,-1.5625
qwen3-4b,46,val,freq,en,ko,조용한,"The opposite of ""조용한"" is """,시끄러운,33,43,12.4375,10.875,-1.5625
qwen3-4b,46,freq,desc,en,ko,조용한,"The opposite of ""조용한"" is """,시끄러운,33,67,12.4375,10.1875,-2.25
qwen3-4b,46,freq,val,en,ko,조용한,"The opposite of ""조용한"" is """,시끄러운,33,89,12.4375,10.0625,-2.375
qwen3-4b,46,freq,freq,en,ko,조용한,"The opposite of ""조용한"" is """,시끄러운,33,67,12.4375,10.1875,-2.25
qwen3-4b,47,desc,desc,en,ko,늦은,"The opposite of ""늦은"" is """,이른,0,1,15.75,15.125,-0.625
qwen3-4b,47,desc,val,en,ko,늦은,"The opposite of ""늦은"" is """,이른,0,3,15.75,13.9375,-1.8125
qwen3-4b,47,desc,freq,en,ko,늦은,"The opposite of ""늦은"" is """,이른,0,3,15.75,14.875,-0.875
qwen3-4b,47,val,desc,en,ko,늦은,"The opposite of ""늦은"" is """,이른,0,0,15.75,13.4375,-2.3125
qwen3-4b,47,val,val,en,ko,늦은,"The opposite of ""늦은"" is """,이른,0,0,15.75,13.3125,-2.4375
qwen3-4b,47,val,freq,en,ko,늦은,"The opposite of ""늦은"" is """,이른,0,0,15.75,14.125,-1.625
qwen3-4b,47,freq,desc,en,ko,늦은,"The opposite of ""늦은"" is """,이른,0,1,15.75,14.5625,-1.1875
qwen3-4b,47,freq,val,en,ko,늦은,"The opposite of ""늦은"" is """,이른,0,1,15.75,14.6875,-1.0625
qwen3-4b,47,freq,freq,en,ko,늦은,"The opposite of ""늦은"" is """,이른,0,1,15.75,14.5625,-1.1875
qwen3-4b,48,desc,desc,en,ko,먼,"The opposite of ""먼"" is """,가까운,0,1,17.125,16.125,-1.0
qwen3-4b,48,desc,val,en,ko,먼,"The opposite of ""먼"" is """,가까운,0,1,17.125,15.6875,-1.4375
qwen3-4b,48,desc,freq,en,ko,먼,"The opposite of ""먼"" is """,가까운,0,0,17.125,16.75,-0.375
qwen3-4b,48,val,desc,en,ko,먼,"The opposite of ""먼"" is """,가까운,0,0,17.125,16.125,-1.0
qwen3-4b,48,val,val,en,ko,먼,"The opposite of ""먼"" is """,가까운,0,0,17.125,16.25,-0.875
qwen3-4b,48,val,freq,en,ko,먼,"The opposite of ""먼"" is """,가까운,0,0,17.125,15.625,-1.5
qwen3-4b,48,freq,desc,en,ko,먼,"The opposite of ""먼"" is """,가까운,0,2,17.125,16.375,-0.75
qwen3-4b,48,freq,val,en,ko,먼,"The opposite of ""먼"" is """,가까운,0,2,17.125,15.75,-1.375
qwen3-4b,48,freq,freq,en,ko,먼,"The opposite of ""먼"" is """,가까운,0,2,17.125,16.375,-0.75
qwen3-4b,49,desc,desc,en,ko,얕은,"The opposite of ""얕은"" is """,깊은,0,0,20.875,19.75,-1.125
qwen3-4b,49,desc,val,en,ko,얕은,"The opposite of ""얕은"" is """,깊은,0,1,20.875,16.0,-4.875
qwen3-4b,49,desc,freq,en,ko,얕은,"The opposite of ""얕은"" is """,깊은,0,3,20.875,16.125,-4.75
qwen3-4b,49,val,desc,en,ko,얕은,"The opposite of ""얕은"" is """,깊은,0,13,20.875,10.5,-10.375
qwen3-4b,49,val,val,en,ko,얕은,"The opposite of ""얕은"" is """,깊은,0,12,20.875,10.9375,-9.9375
qwen3-4b,49,val,freq,en,ko,얕은,"The opposite of ""얕은"" is """,깊은,0,194,20.875,7.03125,-13.84375
qwen3-4b,49,freq,desc,en,ko,얕은,"The opposite of ""얕은"" is """,깊은,0,2,20.875,15.8125,-5.0625
qwen3-4b,49,freq,val,en,ko,얕은,"The opposite of ""얕은"" is """,깊은,0,4,20.875,15.0,-5.875
qwen3-4b,49,freq,freq,en,ko,얕은,"The opposite of ""얕은"" is """,깊은,0,2,20.875,15.8125,-5.0625
qwen3-4b,50,desc,desc,en,ko,젊은,"The opposite of ""젊은"" is """,늙은,35,9,11.125,12.6875,1.5625
qwen3-4b,50,desc,val,en,ko,젊은,"The opposite of ""젊은"" is """,늙은,35,61,11.125,10.0,-1.125
qwen3-4b,50,desc,freq,en,ko,젊은,"The opposite of ""젊은"" is """,늙은,35,559,11.125,7.28125,-3.84375
qwen3-4b,50,val,desc,en,ko,젊은,"The opposite of ""젊은"" is """,늙은,35,15,11.125,10.1875,-0.9375
qwen3-4b,50,val,val,en,ko,젊은,"The opposite of ""젊은"" is """,늙은,35,15,11.125,10.25,-0.875
qwen3-4b,50,val,freq,en,ko,젊은,"The opposite of ""젊은"" is """,늙은,35,145,11.125,7.3125,-3.8125
qwen3-4b,50,freq,desc,en,ko,젊은,"The opposite of ""젊은"" is """,늙은,35,4,11.125,12.3125,1.1875
qwen3-4b,50,freq,val,en,ko,젊은,"The opposite of ""젊은"" is """,늙은,35,3,11.125,14.1875,3.0625
qwen3-4b,50,freq,freq,en,ko,젊은,"The opposite of ""젊은"" is """,늙은,35,4,11.125,12.3125,1.1875
qwen3-4b,51,desc,desc,en,ko,친절한,"The opposite of ""친절한"" is """,불친절한,3,3,15.75,15.125,-0.625
qwen3-4b,51,desc,val,en,ko,친절한,"The opposite of ""친절한"" is """,불친절한,3,14,15.75,14.0,-1.75
qwen3-4b,51,desc,freq,en,ko,친절한,"The opposite of ""친절한"" is """,불친절한,3,17,15.75,13.375,-2.375
qwen3-4b,51,val,desc,en,ko,친절한,"The opposite of ""친절한"" is """,불친절한,3,9,15.75,12.4375,-3.3125
qwen3-4b,51,val,val,en,ko,친절한,"The opposite of ""친절한"" is """,불친절한,3,9,15.75,12.4375,-3.3125
qwen3-4b,51,val,freq,en,ko,친절한,"The opposite of ""친절한"" is """,불친절한,3,19,15.75,11.5625,-4.1875
qwen3-4b,51,freq,desc,en,ko,친절한,"The opposite of ""친절한"" is """,불친절한,3,22,15.75,12.125,-3.625
qwen3-4b,51,freq,val,en,ko,친절한,"The opposite of ""친절한"" is """,불친절한,3,27,15.75,12.25,-3.5
qwen3-4b,51,freq,freq,en,ko,친절한,"The opposite of ""친절한"" is """,불친절한,3,22,15.75,12.125,-3.625
qwen3-4b,52,desc,desc,en,ko,용감한,"The opposite of ""용감한"" is """,겁많은,39,74,12.0625,11.1875,-0.875
qwen3-4b,52,desc,val,en,ko,용감한,"The opposite of ""용감한"" is """,겁많은,39,111,12.0625,11.5,-0.5625
qwen3-4b,52,desc,freq,en,ko,용감한,"The opposite of ""용감한"" is """,겁많은,39,93,12.0625,11.5,-0.5625
qwen3-4b,52,val,desc,en,ko,용감한,"The opposite of ""용감한"" is """,겁많은,39,93,12.0625,9.5,-2.5625
qwen3-4b,52,val,val,en,ko,용감한,"The opposite of ""용감한"" is """,겁많은,39,98,12.0625,9.375,-2.6875
qwen3-4b,52,val,freq,en,ko,용감한,"The opposite of ""용감한"" is """,겁많은,39,114,12.0625,8.875,-3.1875
qwen3-4b,52,freq,desc,en,ko,용감한,"The opposite of ""용감한"" is """,겁많은,39,767,12.0625,6.71875,-5.34375
qwen3-4b,52,freq,val,en,ko,용감한,"The opposite of ""용감한"" is """,겁많은,39,656,12.0625,7.5,-4.5625
qwen3-4b,52,freq,freq,en,ko,용감한,"The opposite of ""용감한"" is """,겁많은,39,767,12.0625,6.71875,-5.34375
qwen3-4b,53,desc,desc,en,ko,현명한,"The opposite of ""현명한"" is """,어리석은,9,8,13.5625,13.3125,-0.25
qwen3-4b,53,desc,val,en,ko,현명한,"The opposite of ""현명한"" is """,어리석은,9,13,13.5625,13.25,-0.3125
qwen3-4b,53,desc,freq,en,ko,현명한,"The opposite of ""현명한"" is """,어리석은,9,20,13.5625,12.6875,-0.875
qwen3-4b,53,val,desc,en,ko,현명한,"The opposite of ""현명한"" is """,어리석은,9,3,13.5625,12.8125,-0.75
qwen3-4b,53,val,val,en,ko,현명한,"The opposite of ""현명한"" is """,어리석은,9,3,13.5625,12.8125,-0.75
qwen3-4b,53,val,freq,en,ko,현명한,"The opposite of ""현명한"" is """,어리석은,9,10,13.5625,11.9375,-1.625
qwen3-4b,53,freq,desc,en,ko,현명한,"The opposite of ""현명한"" is """,어리석은,9,18,13.5625,10.875,-2.6875
qwen3-4b,53,freq,val,en,ko,현명한,"The opposite of ""현명한"" is """,어리석은,9,22,13.5625,11.9375,-1.625
qwen3-4b,53,freq,freq,en,ko,현명한,"The opposite of ""현명한"" is """,어리석은,9,18,13.5625,10.875,-2.6875
qwen3-4b,54,desc,desc,en,ko,예의 바른,"The opposite of ""예의 바른"" is """,무례한,1,1,14.5,14.1875,-0.3125
qwen3-4b,54,desc,val,en,ko,예의 바른,"The opposite of ""예의 바른"" is """,무례한,1,1,14.5,16.125,1.625
qwen3-4b,54,desc,freq,en,ko,예의 바른,"The opposite of ""예의 바른"" is """,무례한,1,1,14.5,15.8125,1.3125
qwen3-4b,54,val,desc,en,ko,예의 바른,"The opposite of ""예의 바른"" is """,무례한,1,3,14.5,12.0,-2.5
qwen3-4b,54,val,val,en,ko,예의 바른,"The opposite of ""예의 바른"" is """,무례한,1,3,14.5,12.0625,-2.4375
qwen3-4b,54,val,freq,en,ko,예의 바른,"The opposite of ""예의 바른"" is """,무례한,1,7,14.5,11.625,-2.875
qwen3-4b,54,freq,desc,en,ko,예의 바른,"The opposite of ""예의 바른"" is """,무례한,1,3,14.5,11.8125,-2.6875
qwen3-4b,54,freq,val,en,ko,예의 바른,"The opposite of ""예의 바른"" is """,무례한,1,3,14.5,13.875,-0.625
qwen3-4b,54,freq,freq,en,ko,예의 바른,"The opposite of ""예의 바른"" is """,무례한,1,3,14.5,11.8125,-2.6875
qwen3-4b,55,desc,desc,en,ko,인내심 있는,"The opposite of ""인내심 있는"" is """,성급한,6,22,12.8125,11.4375,-1.375
qwen3-4b,55,desc,val,en,ko,인내심 있는,"The opposite of ""인내심 있는"" is """,성급한,6,35,12.8125,11.0,-1.8125
qwen3-4b,55,desc,freq,en,ko,인내심 있는,"The opposite of ""인내심 있는"" is """,성급한,6,11,12.8125,13.3125,0.5
qwen3-4b,55,val,desc,en,ko,인내심 있는,"The opposite of ""인내심 있는"" is """,성급한,6,6,12.8125,10.4375,-2.375
qwen3-4b,55,val,val,en,ko,인내심 있는,"The opposite of ""인내심 있는"" is """,성급한,6,6,12.8125,10.25,-2.5625
qwen3-4b,55,val,freq,en,ko,인내심 있는,"The opposite of ""인내심 있는"" is """,성급한,6,1,12.8125,12.25,-0.5625
qwen3-4b,55,freq,desc,en,ko,인내심 있는,"The opposite of ""인내심 있는"" is """,성급한,6,50,12.8125,9.75,-3.0625
qwen3-4b,55,freq,val,en,ko,인내심 있는,"The opposite of ""인내심 있는"" is """,성급한,6,55,12.8125,9.9375,-2.875
qwen3-4b,55,freq,freq,en,ko,인내심 있는,"The opposite of ""인내심 있는"" is """,성급한,6,50,12.8125,9.75,-3.0625
qwen3-4b,56,desc,desc,en,ko,정직한,"The opposite of ""정직한"" is """,부정직한,11,9,15.0625,14.9375,-0.125
qwen3-4b,56,desc,val,en,ko,정직한,"The opposite of ""정직한"" is """,부정직한,11,13,15.0625,13.625,-1.4375
qwen3-4b,56,desc,freq,en,ko,정직한,"The opposite of ""정직한"" is """,부정직한,11,17,15.0625,14.1875,-0.875
qwen3-4b,56,val,desc,en,ko,정직한,"The opposite of ""정직한"" is """,부정직한,11,9,15.0625,13.0625,-2.0
qwen3-4b,56,val,val,en,ko,정직한,"The opposite of ""정직한"" is """,부정직한,11,9,15.0625,13.0625,-2.0
qwen3-4b,56,val,freq,en,ko,정직한,"The opposite of ""정직한"" is """,부정직한,11,10,15.0625,13.3125,-1.75
qwen3-4b,56,freq,desc,en,ko,정직한,"The opposite of ""정직한"" is """,부정직한,11,36,15.0625,11.9375,-3.125
qwen3-4b,56,freq,val,en,ko,정직한,"The opposite of ""정직한"" is """,부정직한,11,45,15.0625,11.75,-3.3125
qwen3-4b,56,freq,freq,en,ko,정직한,"The opposite of ""정직한"" is """,부정직한,11,36,15.0625,11.9375,-3.125
qwen3-4b,57,desc,desc,en,ko,안전한,"The opposite of ""안전한"" is """,위험한,0,0,18.875,18.625,-0.25
qwen3-4b,57,desc,val,en,ko,안전한,"The opposite of ""안전한"" is """,위험한,0,0,18.875,18.875,0.0
qwen3-4b,57,desc,freq,en,ko,안전한,"The opposite of ""안전한"" is """,위험한,0,0,18.875,18.25,-0.625
qwen3-4b,57,val,desc,en,ko,안전한,"The opposite of ""안전한"" is """,위험한,0,0,18.875,16.875,-2.0
qwen3-4b,57,val,val,en,ko,안전한,"The opposite of ""안전한"" is """,위험한,0,0,18.875,16.875,-2.0
qwen3-4b,57,val,freq,en,ko,안전한,"The opposite of ""안전한"" is """,위험한,0,0,18.875,15.3125,-3.5625
qwen3-4b,57,freq,desc,en,ko,안전한,"The opposite of ""안전한"" is """,위험한,0,0,18.875,16.0,-2.875
qwen3-4b,57,freq,val,en,ko,안전한,"The opposite of ""안전한"" is """,위험한,0,0,18.875,16.0,-2.875
qwen3-4b,57,freq,freq,en,ko,안전한,"The opposite of ""안전한"" is """,위험한,0,0,18.875,16.0,-2.875
qwen3-4b,58,desc,desc,en,ko,활동적인,"The opposite of ""활동적인"" is """,비활동적인,2,5,14.25,13.5625,-0.6875
qwen3-4b,58,desc,val,en,ko,활동적인,"The opposite of ""활동적인"" is """,비활동적인,2,17,14.25,12.6875,-1.5625
qwen3-4b,58,desc,freq,en,ko,활동적인,"The opposite of ""활동적인"" is """,비활동적인,2,17,14.25,12.125,-2.125
qwen3-4b,58,val,desc,en,ko,활동적인,"The opposite of ""활동적인"" is """,비활동적인,2,2,14.25,12.4375,-1.8125
qwen3-4b,58,val,val,en,ko,활동적인,"The opposite of ""활동적인"" is """,비활동적인,2,1,14.25,12.5,-1.75
qwen3-4b,58,val,freq,en,ko,활동적인,"The opposite of ""활동적인"" is """,비활동적인,2,5,14.25,12.25,-2.0
qwen3-4b,58,freq,desc,en,ko,활동적인,"The opposite of ""활동적인"" is """,비활동적인,2,20,14.25,10.5,-3.75
qwen3-4b,58,freq,val,en,ko,활동적인,"The opposite of ""활동적인"" is """,비활동적인,2,33,14.25,10.6875,-3.5625
qwen3-4b,58,freq,freq,en,ko,활동적인,"The opposite of ""활동적인"" is """,비활동적인,2,20,14.25,10.5,-3.75
qwen3-4b,59,desc,desc,en,ko,곧은,"The opposite of ""곧은"" is """,휘어진,1199,4417,4.21875,3.109375,-1.109375
qwen3-4b,59,desc,val,en,ko,곧은,"The opposite of ""곧은"" is """,휘어진,1199,4265,4.21875,3.890625,-0.328125
qwen3-4b,59,desc,freq,en,ko,곧은,"The opposite of ""곧은"" is """,휘어진,1199,3523,4.21875,4.75,0.53125
qwen3-4b,59,val,desc,en,ko,곧은,"The opposite of ""곧은"" is """,휘어진,1199,1952,4.21875,2.140625,-2.078125
qwen3-4b,59,val,val,en,ko,곧은,"The opposite of ""곧은"" is """,휘어진,1199,1982,4.21875,2.15625,-2.0625
qwen3-4b,59,val,freq,en,ko,곧은,"The opposite of ""곧은"" is """,휘어진,1199,2586,4.21875,2.234375,-1.984375
qwen3-4b,59,freq,desc,en,ko,곧은,"The opposite of ""곧은"" is """,휘어진,1199,17595,4.21875,1.3828125,-2.8359375
qwen3-4b,59,freq,val,en,ko,곧은,"The opposite of ""곧은"" is """,휘어진,1199,17084,4.21875,1.140625,-3.078125
qwen3-4b,59,freq,freq,en,ko,곧은,"The opposite of ""곧은"" is """,휘어진,1199,17595,4.21875,1.3828125,-2.8359375
qwen3-4b,60,desc,desc,en,ko,전체의,"The opposite of ""전체의"" is """,부분적인,1,0,16.125,16.125,0.0
qwen3-4b,60,desc,val,en,ko,전체의,"The opposite of ""전체의"" is """,부분적인,1,0,16.125,15.9375,-0.1875
qwen3-4b,60,desc,freq,en,ko,전체의,"The opposite of ""전체의"" is """,부분적인,1,0,16.125,17.5,1.375
qwen3-4b,60,val,desc,en,ko,전체의,"The opposite of ""전체의"" is """,부분적인,1,0,16.125,13.75,-2.375
qwen3-4b,60,val,val,en,ko,전체의,"The opposite of ""전체의"" is """,부분적인,1,0,16.125,13.8125,-2.3125
qwen3-4b,60,val,freq,en,ko,전체의,"The opposite of ""전체의"" is """,부분적인,1,0,16.125,14.875,-1.25
qwen3-4b,60,freq,desc,en,ko,전체의,"The opposite of ""전체의"" is """,부분적인,1,3,16.125,13.0,-3.125
qwen3-4b,60,freq,val,en,ko,전체의,"The opposite of ""전체의"" is """,부분적인,1,3,16.125,14.0,-2.125
qwen3-4b,60,freq,freq,en,ko,전체의,"The opposite of ""전체의"" is """,부분적인,1,3,16.125,13.0,-3.125
qwen3-4b,61,desc,desc,en,ko,차분한,"The opposite of ""차분한"" is """,격앙된,17,25,12.9375,12.125,-0.8125
qwen3-4b,61,desc,val,en,ko,차분한,"The opposite of ""차분한"" is """,격앙된,17,20,12.9375,12.4375,-0.5
qwen3-4b,61,desc,freq,en,ko,차분한,"The opposite of ""차분한"" is """,격앙된,17,16,12.9375,13.375,0.4375
qwen3-4b,61,val,desc,en,ko,차분한,"The opposite of ""차분한"" is """,격앙된,17,26,12.9375,9.0,-3.9375
qwen3-4b,61,val,val,en,ko,차분한,"The opposite of ""차분한"" is """,격앙된,17,29,12.9375,9.0,-3.9375
qwen3-4b,61,val,freq,en,ko,차분한,"The opposite of ""차분한"" is """,격앙된,17,33,12.9375,9.9375,-3.0
qwen3-4b,61,freq,desc,en,ko,차분한,"The opposite of ""차분한"" is """,격앙된,17,118,12.9375,8.75,-4.1875
qwen3-4b,61,freq,val,en,ko,차분한,"The opposite of ""차분한"" is """,격앙된,17,120,12.9375,9.5,-3.4375
qwen3-4b,61,freq,freq,en,ko,차분한,"The opposite of ""차분한"" is """,격앙된,17,118,12.9375,8.75,-4.1875
qwen3-4b,62,desc,desc,en,ko,정확한,"The opposite of ""정확한"" is """,부정확한,4,2,14.25,14.375,0.125
qwen3-4b,62,desc,val,en,ko,정확한,"The opposite of ""정확한"" is """,부정확한,4,7,14.25,13.75,-0.5
qwen3-4b,62,desc,freq,en,ko,정확한,"The opposite of ""정확한"" is """,부정확한,4,3,14.25,15.0,0.75
qwen3-4b,62,val,desc,en,ko,정확한,"The opposite of ""정확한"" is """,부정확한,4,6,14.25,12.0625,-2.1875
qwen3-4b,62,val,val,en,ko,정확한,"The opposite of ""정확한"" is """,부정확한,4,6,14.25,12.0625,-2.1875
qwen3-4b,62,val,freq,en,ko,정확한,"The opposite of ""정확한"" is """,부정확한,4,5,14.25,12.5,-1.75
qwen3-4b,62,freq,desc,en,ko,정확한,"The opposite of ""정확한"" is """,부정확한,4,15,14.25,11.625,-2.625
qwen3-4b,62,freq,val,en,ko,정확한,"The opposite of ""정확한"" is """,부정확한,4,18,14.25,11.8125,-2.4375
qwen3-4b,62,freq,freq,en,ko,정확한,"The opposite of ""정확한"" is """,부정확한,4,15,14.25,11.625,-2.625
qwen3-4b,63,desc,desc,en,ko,복잡한,"The opposite of ""복잡한"" is """,간단한,0,0,21.375,21.25,-0.125
qwen3-4b,63,desc,val,en,ko,복잡한,"The opposite of ""복잡한"" is """,간단한,0,0,21.375,20.125,-1.25
qwen3-4b,63,desc,freq,en,ko,복잡한,"The opposite of ""복잡한"" is """,간단한,0,0,21.375,21.625,0.25
qwen3-4b,63,val,desc,en,ko,복잡한,"The opposite of ""복잡한"" is """,간단한,0,0,21.375,20.25,-1.125
qwen3-4b,63,val,val,en,ko,복잡한,"The opposite of ""복잡한"" is """,간단한,0,0,21.375,20.25,-1.125
qwen3-4b,63,val,freq,en,ko,복잡한,"The opposite of ""복잡한"" is """,간단한,0,0,21.375,21.0,-0.375
qwen3-4b,63,freq,desc,en,ko,복잡한,"The opposite of ""복잡한"" is """,간단한,0,1,21.375,18.25,-3.125
qwen3-4b,63,freq,val,en,ko,복잡한,"The opposite of ""복잡한"" is """,간단한,0,0,21.375,18.625,-2.75
qwen3-4b,63,freq,freq,en,ko,복잡한,"The opposite of ""복잡한"" is """,간단한,0,1,21.375,18.25,-3.125
qwen3-4b,64,desc,desc,en,ko,효과적인,"The opposite of ""효과적인"" is """,비효과적인,3,3,17.0,16.625,-0.375
qwen3-4b,64,desc,val,en,ko,효과적인,"The opposite of ""효과적인"" is """,비효과적인,3,4,17.0,15.5,-1.5
qwen3-4b,64,desc,freq,en,ko,효과적인,"The opposite of ""효과적인"" is """,비효과적인,3,5,17.0,16.0,-1.0
qwen3-4b,64,val,desc,en,ko,효과적인,"The opposite of ""효과적인"" is """,비효과적인,3,2,17.0,15.6875,-1.3125
qwen3-4b,64,val,val,en,ko,효과적인,"The opposite of ""효과적인"" is """,비효과적인,3,2,17.0,15.6875,-1.3125
qwen3-4b,64,val,freq,en,ko,효과적인,"The opposite of ""효과적인"" is """,비효과적인,3,2,17.0,15.625,-1.375
qwen3-4b,64,freq,desc,en,ko,효과적인,"The opposite of ""효과적인"" is """,비효과적인,3,5,17.0,13.8125,-3.1875
qwen3-4b,64,freq,val,en,ko,효과적인,"The opposite of ""효과적인"" is """,비효과적인,3,7,17.0,13.9375,-3.0625
qwen3-4b,64,freq,freq,en,ko,효과적인,"The opposite of ""효과적인"" is """,비효과적인,3,5,17.0,13.8125,-3.1875
qwen3-4b,65,desc,desc,en,ko,유명한,"The opposite of ""유명한"" is """,무명의,10,17,12.1875,11.8125,-0.375
qwen3-4b,65,desc,val,en,ko,유명한,"The opposite of ""유명한"" is """,무명의,10,12,12.1875,12.1875,0.0
qwen3-4b,65,desc,freq,en,ko,유명한,"The opposite of ""유명한"" is """,무명의,10,18,12.1875,12.0625,-0.125
qwen3-4b,65,val,desc,en,ko,유명한,"The opposite of ""유명한"" is """,무명의,10,29,12.1875,9.4375,-2.75
qwen3-4b,65,val,val,en,ko,유명한,"The opposite of ""유명한"" is """,무명의,10,26,12.1875,9.5,-2.6875
qwen3-4b,65,val,freq,en,ko,유명한,"The opposite of ""유명한"" is """,무명의,10,29,12.1875,9.6875,-2.5
qwen3-4b,65,freq,desc,en,ko,유명한,"The opposite of ""유명한"" is """,무명의,10,47,12.1875,9.375,-2.8125
qwen3-4b,65,freq,val,en,ko,유명한,"The opposite of ""유명한"" is """,무명의,10,58,12.1875,9.9375,-2.25
qwen3-4b,65,freq,freq,en,ko,유명한,"The opposite of ""유명한"" is """,무명의,10,47,12.1875,9.375,-2.8125
qwen3-4b,66,desc,desc,en,ko,관대한,"The opposite of ""관대한"" is """,인색한,131,197,11.125,10.25,-0.875
qwen3-4b,66,desc,val,en,ko,관대한,"The opposite of ""관대한"" is """,인색한,131,804,11.125,8.625,-2.5
qwen3-4b,66,desc,freq,en,ko,관대한,"The opposite of ""관대한"" is """,인색한,131,1081,11.125,7.9375,-3.1875
qwen3-4b,66,val,desc,en,ko,관대한,"The opposite of ""관대한"" is """,인색한,131,77,11.125,9.75,-1.375
qwen3-4b,66,val,val,en,ko,관대한,"The opposite of ""관대한"" is """,인색한,131,81,11.125,9.625,-1.5
qwen3-4b,66,val,freq,en,ko,관대한,"The opposite of ""관대한"" is """,인색한,131,99,11.125,8.875,-2.25
qwen3-4b,66,freq,desc,en,ko,관대한,"The opposite of ""관대한"" is """,인색한,131,280,11.125,7.71875,-3.40625
qwen3-4b,66,freq,val,en,ko,관대한,"The opposite of ""관대한"" is """,인색한,131,314,11.125,8.375,-2.75
qwen3-4b,66,freq,freq,en,ko,관대한,"The opposite of ""관대한"" is """,인색한,131,280,11.125,7.71875,-3.40625
qwen3-4b,67,desc,desc,en,ko,행복한,"The opposite of ""행복한"" is """,불행한,1,1,17.875,17.75,-0.125
qwen3-4b,67,desc,val,en,ko,행복한,"The opposite of ""행복한"" is """,불행한,1,2,17.875,16.25,-1.625
qwen3-4b,67,desc,freq,en,ko,행복한,"The opposite of ""행복한"" is """,불행한,1,3,17.875,17.625,-0.25
qwen3-4b,67,val,desc,en,ko,행복한,"The opposite of ""행복한"" is """,불행한,1,1,17.875,16.125,-1.75
qwen3-4b,67,val,val,en,ko,행복한,"The opposite of ""행복한"" is """,불행한,1,1,17.875,16.0,-1.875
qwen3-4b,67,val,freq,en,ko,행복한,"The opposite of ""행복한"" is """,불행한,1,1,17.875,17.75,-0.125
qwen3-4b,67,freq,desc,en,ko,행복한,"The opposite of ""행복한"" is """,불행한,1,3,17.875,16.375,-1.5
qwen3-4b,67,freq,val,en,ko,행복한,"The opposite of ""행복한"" is """,불행한,1,3,17.875,16.5,-1.375
qwen3-4b,67,freq,freq,en,ko,행복한,"The opposite of ""행복한"" is """,불행한,1,3,17.875,16.375,-1.5
qwen3-4b,68,desc,desc,en,ko,건강한,"The opposite of ""건강한"" is """,건강하지 않은,1,1,18.25,17.75,-0.5
qwen3-4b,68,desc,val,en,ko,건강한,"The opposite of ""건강한"" is """,건강하지 않은,1,0,18.25,18.125,-0.125
qwen3-4b,68,desc,freq,en,ko,건강한,"The opposite of ""건강한"" is """,건강하지 않은,1,0,18.25,20.125,1.875
qwen3-4b,68,val,desc,en,ko,건강한,"The opposite of ""건강한"" is """,건강하지 않은,1,1,18.25,16.125,-2.125
qwen3-4b,68,val,val,en,ko,건강한,"The opposite of ""건강한"" is """,건강하지 않은,1,1,18.25,16.125,-2.125
qwen3-4b,68,val,freq,en,ko,건강한,"The opposite of ""건강한"" is """,건강하지 않은,1,1,18.25,17.375,-0.875
qwen3-4b,68,freq,desc,en,ko,건강한,"The opposite of ""건강한"" is """,건강하지 않은,1,9,18.25,14.3125,-3.9375
qwen3-4b,68,freq,val,en,ko,건강한,"The opposite of ""건강한"" is """,건강하지 않은,1,8,18.25,14.875,-3.375
qwen3-4b,68,freq,freq,en,ko,건강한,"The opposite of ""건강한"" is """,건강하지 않은,1,9,18.25,14.3125,-3.9375
qwen3-4b,69,desc,desc,en,ko,높은,"The opposite of ""높은"" is """,낮은,0,1,18.5,17.5,-1.0
qwen3-4b,69,desc,val,en,ko,높은,"The opposite of ""높은"" is """,낮은,0,3,18.5,16.0,-2.5
qwen3-4b,69,desc,freq,en,ko,높은,"The opposite of ""높은"" is """,낮은,0,2,18.5,17.25,-1.25
qwen3-4b,69,val,desc,en,ko,높은,"The opposite of ""높은"" is """,낮은,0,3,18.5,14.0625,-4.4375
qwen3-4b,69,val,val,en,ko,높은,"The opposite of ""높은"" is """,낮은,0,3,18.5,13.9375,-4.5625
qwen3-4b,69,val,freq,en,ko,높은,"The opposite of ""높은"" is """,낮은,0,2,18.5,15.125,-3.375
qwen3-4b,69,freq,desc,en,ko,높은,"The opposite of ""높은"" is """,낮은,0,8,18.5,12.6875,-5.8125
qwen3-4b,69,freq,val,en,ko,높은,"The opposite of ""높은"" is """,낮은,0,6,18.5,13.6875,-4.8125
qwen3-4b,69,freq,freq,en,ko,높은,"The opposite of ""높은"" is """,낮은,0,8,18.5,12.6875,-5.8125
qwen3-4b,70,desc,desc,en,ko,중요한,"The opposite of ""중요한"" is """,중요하지 않은,0,0,19.375,18.875,-0.5
qwen3-4b,70,desc,val,en,ko,중요한,"The opposite of ""중요한"" is """,중요하지 않은,0,0,19.375,17.875,-1.5
qwen3-4b,70,desc,freq,en,ko,중요한,"The opposite of ""중요한"" is """,중요하지 않은,0,0,19.375,19.375,0.0
qwen3-4b,70,val,desc,en,ko,중요한,"The opposite of ""중요한"" is """,중요하지 않은,0,0,19.375,17.0,-2.375
qwen3-4b,70,val,val,en,ko,중요한,"The opposite of ""중요한"" is """,중요하지 않은,0,0,19.375,16.875,-2.5
qwen3-4b,70,val,freq,en,ko,중요한,"The opposite of ""중요한"" is """,중요하지 않은,0,0,19.375,17.5,-1.875
qwen3-4b,70,freq,desc,en,ko,중요한,"The opposite of ""중요한"" is """,중요하지 않은,0,1,19.375,17.125,-2.25
qwen3-4b,70,freq,val,en,ko,중요한,"The opposite of ""중요한"" is """,중요하지 않은,0,1,19.375,17.0,-2.375
qwen3-4b,70,freq,freq,en,ko,중요한,"The opposite of ""중요한"" is """,중요하지 않은,0,1,19.375,17.125,-2.25
qwen3-4b,71,desc,desc,en,ko,무고한,"The opposite of ""무고한"" is """,유죄의,4,9,14.5625,13.4375,-1.125
qwen3-4b,71,desc,val,en,ko,무고한,"The opposite of ""무고한"" is """,유죄의,4,7,14.5625,14.375,-0.1875
qwen3-4b,71,desc,freq,en,ko,무고한,"The opposite of ""무고한"" is """,유죄의,4,7,14.5625,13.9375,-0.625
qwen3-4b,71,val,desc,en,ko,무고한,"The opposite of ""무고한"" is """,유죄의,4,8,14.5625,12.5625,-2.0
qwen3-4b,71,val,val,en,ko,무고한,"The opposite of ""무고한"" is """,유죄의,4,8,14.5625,12.4375,-2.125
qwen3-4b,71,val,freq,en,ko,무고한,"The opposite of ""무고한"" is """,유죄의,4,13,14.5625,11.8125,-2.75
qwen3-4b,71,freq,desc,en,ko,무고한,"The opposite of ""무고한"" is """,유죄의,4,37,14.5625,10.5625,-4.0
qwen3-4b,71,freq,val,en,ko,무고한,"The opposite of ""무고한"" is """,유죄의,4,39,14.5625,11.875,-2.6875
qwen3-4b,71,freq,freq,en,ko,무고한,"The opposite of ""무고한"" is """,유죄의,4,37,14.5625,10.5625,-4.0
qwen3-4b,72,desc,desc,en,ko,알려진,"The opposite of ""알려진"" is """,알려지지 않은,0,0,20.5,20.375,-0.125
qwen3-4b,72,desc,val,en,ko,알려진,"The opposite of ""알려진"" is """,알려지지 않은,0,0,20.5,20.0,-0.5
qwen3-4b,72,desc,freq,en,ko,알려진,"The opposite of ""알려진"" is """,알려지지 않은,0,0,20.5,21.25,0.75
qwen3-4b,72,val,desc,en,ko,알려진,"The opposite of ""알려진"" is """,알려지지 않은,0,0,20.5,18.75,-1.75
qwen3-4b,72,val,val,en,ko,알려진,"The opposite of ""알려진"" is """,알려지지 않은,0,0,20.5,18.625,-1.875
qwen3-4b,72,val,freq,en,ko,알려진,"The opposite of ""알려진"" is """,알려지지 않은,0,0,20.5,19.5,-1.0
qwen3-4b,72,freq,desc,en,ko,알려진,"The opposite of ""알려진"" is """,알려지지 않은,0,0,20.5,16.75,-3.75
qwen3-4b,72,freq,val,en,ko,알려진,"The opposite of ""알려진"" is """,알려지지 않은,0,0,20.5,17.375,-3.125
qwen3-4b,72,freq,freq,en,ko,알려진,"The opposite of ""알려진"" is """,알려지지 않은,0,0,20.5,16.75,-3.75
qwen3-4b,73,desc,desc,en,ko,남성의,"The opposite of ""남성의"" is """,여성의,0,2,19.375,18.125,-1.25
qwen3-4b,73,desc,val,en,ko,남성의,"The opposite of ""남성의"" is """,여성의,0,3,19.375,15.6875,-3.6875
qwen3-4b,73,desc,freq,en,ko,남성의,"The opposite of ""남성의"" is """,여성의,0,1,19.375,19.0,-0.375
qwen3-4b,73,val,desc,en,ko,남성의,"The opposite of ""남성의"" is """,여성의,0,0,19.375,16.625,-2.75
qwen3-4b,73,val,val,en,ko,남성의,"The opposite of ""남성의"" is """,여성의,0,0,19.375,16.375,-3.0
qwen3-4b,73,val,freq,en,ko,남성의,"The opposite of ""남성의"" is """,여성의,0,0,19.375,17.5,-1.875
qwen3-4b,73,freq,desc,en,ko,남성의,"The opposite of ""남성의"" is """,여성의,0,4,19.375,14.875,-4.5
qwen3-4b,73,freq,val,en,ko,남성의,"The opposite of ""남성의"" is """,여성의,0,7,19.375,14.25,-5.125
qwen3-4b,73,freq,freq,en,ko,남성의,"The opposite of ""남성의"" is """,여성의,0,4,19.375,14.875,-4.5
qwen3-4b,74,desc,desc,en,ko,정상적인,"The opposite of ""정상적인"" is """,비정상적인,0,0,20.875,20.625,-0.25
qwen3-4b,74,desc,val,en,ko,정상적인,"The opposite of ""정상적인"" is """,비정상적인,0,0,20.875,20.375,-0.5
qwen3-4b,74,desc,freq,en,ko,정상적인,"The opposite of ""정상적인"" is """,비정상적인,0,0,20.875,19.75,-1.125
qwen3-4b,74,val,desc,en,ko,정상적인,"The opposite of ""정상적인"" is """,비정상적인,0,0,20.875,20.25,-0.625
qwen3-4b,74,val,val,en,ko,정상적인,"The opposite of ""정상적인"" is """,비정상적인,0,0,20.875,20.375,-0.5
qwen3-4b,74,val,freq,en,ko,정상적인,"The opposite of ""정상적인"" is """,비정상적인,0,0,20.875,19.25,-1.625
qwen3-4b,74,freq,desc,en,ko,정상적인,"The opposite of ""정상적인"" is """,비정상적인,0,0,20.875,17.625,-3.25
qwen3-4b,74,freq,val,en,ko,정상적인,"The opposite of ""정상적인"" is """,비정상적인,0,0,20.875,18.875,-2.0
qwen3-4b,74,freq,freq,en,ko,정상적인,"The opposite of ""정상적인"" is """,비정상적인,0,0,20.875,17.625,-3.25
qwen3-4b,75,desc,desc,en,ko,가능한,"The opposite of ""가능한"" is """,불가능한,0,0,21.25,20.375,-0.875
qwen3-4b,75,desc,val,en,ko,가능한,"The opposite of ""가능한"" is """,불가능한,0,0,21.25,18.875,-2.375
qwen3-4b,75,desc,freq,en,ko,가능한,"The opposite of ""가능한"" is """,불가능한,0,0,21.25,21.625,0.375
qwen3-4b,75,val,desc,en,ko,가능한,"The opposite of ""가능한"" is """,불가능한,0,0,21.25,18.375,-2.875
qwen3-4b,75,val,val,en,ko,가능한,"The opposite of ""가능한"" is """,불가능한,0,0,21.25,18.25,-3.0
qwen3-4b,75,val,freq,en,ko,가능한,"The opposite of ""가능한"" is """,불가능한,0,0,21.25,19.625,-1.625
qwen3-4b,75,freq,desc,en,ko,가능한,"The opposite of ""가능한"" is """,불가능한,0,1,21.25,17.5,-3.75
qwen3-4b,75,freq,val,en,ko,가능한,"The opposite of ""가능한"" is """,불가능한,0,1,21.25,17.625,-3.625
qwen3-4b,75,freq,freq,en,ko,가능한,"The opposite of ""가능한"" is """,불가능한,0,1,21.25,17.5,-3.75
qwen3-4b,76,desc,desc,en,ko,사적인,"The opposite of ""사적인"" is """,공적인,2,3,15.5,14.875,-0.625
qwen3-4b,76,desc,val,en,ko,사적인,"The opposite of ""사적인"" is """,공적인,2,5,15.5,14.9375,-0.5625
qwen3-4b,76,desc,freq,en,ko,사적인,"The opposite of ""사적인"" is """,공적인,2,2,15.5,16.25,0.75
qwen3-4b,76,val,desc,en,ko,사적인,"The opposite of ""사적인"" is """,공적인,2,3,15.5,14.0625,-1.4375
qwen3-4b,76,val,val,en,ko,사적인,"The opposite of ""사적인"" is """,공적인,2,3,15.5,14.0,-1.5
qwen3-4b,76,val,freq,en,ko,사적인,"The opposite of ""사적인"" is """,공적인,2,0,15.5,15.75,0.25
qwen3-4b,76,freq,desc,en,ko,사적인,"The opposite of ""사적인"" is """,공적인,2,11,15.5,12.0,-3.5
qwen3-4b,76,freq,val,en,ko,사적인,"The opposite of ""사적인"" is """,공적인,2,10,15.5,13.3125,-2.1875
qwen3-4b,76,freq,freq,en,ko,사적인,"The opposite of ""사적인"" is """,공적인,2,11,15.5,12.0,-3.5
qwen3-4b,77,desc,desc,en,ko,올바른,"The opposite of ""올바른"" is """,틀린,29,35,11.5625,11.0625,-0.5
qwen3-4b,77,desc,val,en,ko,올바른,"The opposite of ""올바른"" is """,틀린,29,32,11.5625,11.875,0.3125
qwen3-4b,77,desc,freq,en,ko,올바른,"The opposite of ""올바른"" is """,틀린,29,38,11.5625,11.4375,-0.125
qwen3-4b,77,val,desc,en,ko,올바른,"The opposite of ""올바른"" is """,틀린,29,36,11.5625,9.3125,-2.25
qwen3-4b,77,val,val,en,ko,올바른,"The opposite of ""올바른"" is """,틀린,29,34,11.5625,9.375,-2.1875
qwen3-4b,77,val,freq,en,ko,올바른,"The opposite of ""올바른"" is """,틀린,29,67,11.5625,9.0625,-2.5
qwen3-4b,77,freq,desc,en,ko,올바른,"The opposite of ""올바른"" is """,틀린,29,127,11.5625,8.3125,-3.25
qwen3-4b,77,freq,val,en,ko,올바른,"The opposite of ""올바른"" is """,틀린,29,132,11.5625,9.25,-2.3125
qwen3-4b,77,freq,freq,en,ko,올바른,"The opposite of ""올바른"" is """,틀린,29,127,11.5625,8.3125,-3.25
qwen3-4b,78,desc,desc,en,ko,단순한,"The opposite of ""단순한"" is """,복잡한,0,0,20.625,20.5,-0.125
qwen3-4b,78,desc,val,en,ko,단순한,"The opposite of ""단순한"" is """,복잡한,0,0,20.625,19.625,-1.0
qwen3-4b,78,desc,freq,en,ko,단순한,"The opposite of ""단순한"" is """,복잡한,0,0,20.625,20.0,-0.625
qwen3-4b,78,val,desc,en,ko,단순한,"The opposite of ""단순한"" is """,복잡한,0,0,20.625,16.625,-4.0
qwen3-4b,78,val,val,en,ko,단순한,"The opposite of ""단순한"" is """,복잡한,0,0,20.625,16.625,-4.0
qwen3-4b,78,val,freq,en,ko,단순한,"The opposite of ""단순한"" is """,복잡한,0,0,20.625,16.0,-4.625
qwen3-4b,78,freq,desc,en,ko,단순한,"The opposite of ""단순한"" is """,복잡한,0,1,20.625,16.0,-4.625
qwen3-4b,78,freq,val,en,ko,단순한,"The opposite of ""단순한"" is """,복잡한,0,2,20.625,17.125,-3.5
qwen3-4b,78,freq,freq,en,ko,단순한,"The opposite of ""단순한"" is """,복잡한,0,1,20.625,16.0,-4.625
qwen3-4b,79,desc,desc,en,ko,달콤한,"The opposite of ""달콤한"" is """,쓴,1,1,15.75,15.6875,-0.0625
qwen3-4b,79,desc,val,en,ko,달콤한,"The opposite of ""달콤한"" is """,쓴,1,5,15.75,14.25,-1.5
qwen3-4b,79,desc,freq,en,ko,달콤한,"The opposite of ""달콤한"" is """,쓴,1,6,15.75,14.3125,-1.4375
qwen3-4b,79,val,desc,en,ko,달콤한,"The opposite of ""달콤한"" is """,쓴,1,4,15.75,12.6875,-3.0625
qwen3-4b,79,val,val,en,ko,달콤한,"The opposite of ""달콤한"" is """,쓴,1,4,15.75,12.625,-3.125
qwen3-4b,79,val,freq,en,ko,달콤한,"The opposite of ""달콤한"" is """,쓴,1,8,15.75,11.6875,-4.0625
qwen3-4b,79,freq,desc,en,ko,달콤한,"The opposite of ""달콤한"" is """,쓴,1,17,15.75,12.375,-3.375
qwen3-4b,79,freq,val,en,ko,달콤한,"The opposite of ""달콤한"" is """,쓴,1,27,15.75,12.125,-3.625
qwen3-4b,79,freq,freq,en,ko,달콤한,"The opposite of ""달콤한"" is """,쓴,1,17,15.75,12.375,-3.375
qwen3-4b,80,desc,desc,en,ko,보이는,"The opposite of ""보이는"" is """,보이지 않는,0,1,17.75,17.75,0.0
qwen3-4b,80,desc,val,en,ko,보이는,"The opposite of ""보이는"" is """,보이지 않는,0,0,17.75,16.75,-1.0
qwen3-4b,80,desc,freq,en,ko,보이는,"The opposite of ""보이는"" is """,보이지 않는,0,0,17.75,20.25,2.5
qwen3-4b,80,val,desc,en,ko,보이는,"The opposite of ""보이는"" is """,보이지 않는,0,0,17.75,14.75,-3.0
qwen3-4b,80,val,val,en,ko,보이는,"The opposite of ""보이는"" is """,보이지 않는,0,0,17.75,14.6875,-3.0625
qwen3-4b,80,val,freq,en,ko,보이는,"The opposite of ""보이는"" is """,보이지 않는,0,0,17.75,16.25,-1.5
qwen3-4b,80,freq,desc,en,ko,보이는,"The opposite of ""보이는"" is """,보이지 않는,0,2,17.75,16.5,-1.25
qwen3-4b,80,freq,val,en,ko,보이는,"The opposite of ""보이는"" is """,보이지 않는,0,1,17.75,15.375,-2.375
qwen3-4b,80,freq,freq,en,ko,보이는,"The opposite of ""보이는"" is """,보이지 않는,0,2,17.75,16.5,-1.25
qwen3-4b,81,desc,desc,en,ko,따뜻한,"The opposite of ""따뜻한"" is """,차가운,0,1,16.375,15.6875,-0.6875
qwen3-4b,81,desc,val,en,ko,따뜻한,"The opposite of ""따뜻한"" is """,차가운,0,1,16.375,14.5625,-1.8125
qwen3-4b,81,desc,freq,en,ko,따뜻한,"The opposite of ""따뜻한"" is """,차가운,0,1,16.375,14.625,-1.75
qwen3-4b,81,val,desc,en,ko,따뜻한,"The opposite of ""따뜻한"" is """,차가운,0,3,16.375,13.25,-3.125
qwen3-4b,81,val,val,en,ko,따뜻한,"The opposite of ""따뜻한"" is """,차가운,0,3,16.375,13.125,-3.25
qwen3-4b,81,val,freq,en,ko,따뜻한,"The opposite of ""따뜻한"" is """,차가운,0,3,16.375,13.1875,-3.1875
qwen3-4b,81,freq,desc,en,ko,따뜻한,"The opposite of ""따뜻한"" is """,차가운,0,20,16.375,11.75,-4.625
qwen3-4b,81,freq,val,en,ko,따뜻한,"The opposite of ""따뜻한"" is """,차가운,0,28,16.375,11.5625,-4.8125
qwen3-4b,81,freq,freq,en,ko,따뜻한,"The opposite of ""따뜻한"" is """,차가운,0,20,16.375,11.75,-4.625
qwen3-4b,82,desc,desc,en,ko,매끄러운,"The opposite of ""매끄러운"" is """,거친,1,6,15.6875,15.0625,-0.625
qwen3-4b,82,desc,val,en,ko,매끄러운,"The opposite of ""매끄러운"" is """,거친,1,9,15.6875,14.3125,-1.375
qwen3-4b,82,desc,freq,en,ko,매끄러운,"The opposite of ""매끄러운"" is """,거친,1,6,15.6875,15.125,-0.5625
qwen3-4b,82,val,desc,en,ko,매끄러운,"The opposite of ""매끄러운"" is """,거친,1,11,15.6875,11.6875,-4.0
qwen3-4b,82,val,val,en,ko,매끄러운,"The opposite of ""매끄러운"" is """,거친,1,11,15.6875,11.625,-4.0625
qwen3-4b,82,val,freq,en,ko,매끄러운,"The opposite of ""매끄러운"" is """,거친,1,12,15.6875,11.5,-4.1875
qwen3-4b,82,freq,desc,en,ko,매끄러운,"The opposite of ""매끄러운"" is """,거친,1,110,15.6875,9.8125,-5.875
qwen3-4b,82,freq,val,en,ko,매끄러운,"The opposite of ""매끄러운"" is """,거친,1,138,15.6875,9.5,-6.1875
qwen3-4b,82,freq,freq,en,ko,매끄러운,"The opposite of ""매끄러운"" is """,거친,1,110,15.6875,9.8125,-5.875
qwen3-4b,83,desc,desc,en,ko,얇은,"The opposite of ""얇은"" is """,두꺼운,0,0,19.375,18.625,-0.75
qwen3-4b,83,desc,val,en,ko,얇은,"The opposite of ""얇은"" is """,두꺼운,0,0,19.375,17.125,-2.25
qwen3-4b,83,desc,freq,en,ko,얇은,"The opposite of ""얇은"" is """,두꺼운,0,0,19.375,19.625,0.25
qwen3-4b,83,val,desc,en,ko,얇은,"The opposite of ""얇은"" is """,두꺼운,0,0,19.375,16.125,-3.25
qwen3-4b,83,val,val,en,ko,얇은,"The opposite of ""얇은"" is """,두꺼운,0,0,19.375,16.125,-3.25
qwen3-4b,83,val,freq,en,ko,얇은,"The opposite of ""얇은"" is """,두꺼운,0,0,19.375,17.5,-1.875
qwen3-4b,83,freq,desc,en,ko,얇은,"The opposite of ""얇은"" is """,두꺼운,0,2,19.375,14.4375,-4.9375
qwen3-4b,83,freq,val,en,ko,얇은,"The opposite of ""얇은"" is """,두꺼운,0,3,19.375,13.4375,-5.9375
qwen3-4b,83,freq,freq,en,ko,얇은,"The opposite of ""얇은"" is """,두꺼운,0,2,19.375,14.4375,-4.9375
qwen3-4b,84,desc,desc,en,ko,키가 큰,"The opposite of ""키가 큰"" is """,키가 작은,0,0,19.25,19.25,0.0
qwen3-4b,84,desc,val,en,ko,키가 큰,"The opposite of ""키가 큰"" is """,키가 작은,0,0,19.25,20.5,1.25
qwen3-4b,84,desc,freq,en,ko,키가 큰,"The opposite of ""키가 큰"" is """,키가 작은,0,0,19.25,22.875,3.625
qwen3-4b,84,val,desc,en,ko,키가 큰,"The opposite of ""키가 큰"" is """,키가 작은,0,0,19.25,15.5,-3.75
qwen3-4b,84,val,val,en,ko,키가 큰,"The opposite of ""키가 큰"" is """,키가 작은,0,0,19.25,15.5,-3.75
qwen3-4b,84,val,freq,en,ko,키가 큰,"The opposite of ""키가 큰"" is """,키가 작은,0,0,19.25,17.375,-1.875
qwen3-4b,84,freq,desc,en,ko,키가 큰,"The opposite of ""키가 큰"" is """,키가 작은,0,0,19.25,18.0,-1.25
qwen3-4b,84,freq,val,en,ko,키가 큰,"The opposite of ""키가 큰"" is """,키가 작은,0,0,19.25,18.75,-0.5
qwen3-4b,84,freq,freq,en,ko,키가 큰,"The opposite of ""키가 큰"" is """,키가 작은,0,0,19.25,18.0,-1.25
qwen3-4b,85,desc,desc,en,ko,결혼한,"The opposite of ""결혼한"" is """,미혼의,1,0,15.5,15.375,-0.125
qwen3-4b,85,desc,val,en,ko,결혼한,"The opposite of ""결혼한"" is """,미혼의,1,0,15.5,15.5,0.0
qwen3-4b,85,desc,freq,en,ko,결혼한,"The opposite of ""결혼한"" is """,미혼의,1,3,15.5,13.625,-1.875
qwen3-4b,85,val,desc,en,ko,결혼한,"The opposite of ""결혼한"" is """,미혼의,1,2,15.5,12.6875,-2.8125
qwen3-4b,85,val,val,en,ko,결혼한,"The opposite of ""결혼한"" is """,미혼의,1,2,15.5,12.6875,-2.8125
qwen3-4b,85,val,freq,en,ko,결혼한,"The opposite of ""결혼한"" is """,미혼의,1,4,15.5,12.3125,-3.1875
qwen3-4b,85,freq,desc,en,ko,결혼한,"The opposite of ""결혼한"" is """,미혼의,1,0,15.5,13.875,-1.625
qwen3-4b,85,freq,val,en,ko,결혼한,"The opposite of ""결혼한"" is """,미혼의,1,0,15.5,15.125,-0.375
qwen3-4b,85,freq,freq,en,ko,결혼한,"The opposite of ""결혼한"" is """,미혼의,1,0,15.5,13.875,-1.625
qwen3-4b,86,desc,desc,en,ko,낙관적인,"The opposite of ""낙관적인"" is """,비관적인,3,4,16.875,15.75,-1.125
qwen3-4b,86,desc,val,en,ko,낙관적인,"The opposite of ""낙관적인"" is """,비관적인,3,13,16.875,14.5625,-2.3125
qwen3-4b,86,desc,freq,en,ko,낙관적인,"The opposite of ""낙관적인"" is """,비관적인,3,18,16.875,13.9375,-2.9375
qwen3-4b,86,val,desc,en,ko,낙관적인,"The opposite of ""낙관적인"" is """,비관적인,3,2,16.875,14.125,-2.75
qwen3-4b,86,val,val,en,ko,낙관적인,"The opposite of ""낙관적인"" is """,비관적인,3,2,16.875,13.875,-3.0
qwen3-4b,86,val,freq,en,ko,낙관적인,"The opposite of ""낙관적인"" is """,비관적인,3,5,16.875,13.8125,-3.0625
qwen3-4b,86,freq,desc,en,ko,낙관적인,"The opposite of ""낙관적인"" is """,비관적인,3,12,16.875,13.1875,-3.6875
qwen3-4b,86,freq,val,en,ko,낙관적인,"The opposite of ""낙관적인"" is """,비관적인,3,17,16.875,13.375,-3.5
qwen3-4b,86,freq,freq,en,ko,낙관적인,"The opposite of ""낙관적인"" is """,비관적인,3,12,16.875,13.1875,-3.6875
qwen3-4b,87,desc,desc,en,ko,영구적인,"The opposite of ""영구적인"" is """,일시적인,0,0,17.0,16.625,-0.375
qwen3-4b,87,desc,val,en,ko,영구적인,"The opposite of ""영구적인"" is """,일시적인,0,4,17.0,14.625,-2.375
qwen3-4b,87,desc,freq,en,ko,영구적인,"The opposite of ""영구적인"" is """,일시적인,0,4,17.0,14.6875,-2.3125
qwen3-4b,87,val,desc,en,ko,영구적인,"The opposite of ""영구적인"" is """,일시적인,0,0,17.0,16.125,-0.875
qwen3-4b,87,val,val,en,ko,영구적인,"The opposite of ""영구적인"" is """,일시적인,0,0,17.0,16.25,-0.75
qwen3-4b,87,val,freq,en,ko,영구적인,"The opposite of ""영구적인"" is """,일시적인,0,1,17.0,15.8125,-1.1875
qwen3-4b,87,freq,desc,en,ko,영구적인,"The opposite of ""영구적인"" is """,일시적인,0,5,17.0,12.3125,-4.6875
qwen3-4b,87,freq,val,en,ko,영구적인,"The opposite of ""영구적인"" is """,일시적인,0,6,17.0,12.875,-4.125
qwen3-4b,87,freq,freq,en,ko,영구적인,"The opposite of ""영구적인"" is """,일시적인,0,5,17.0,12.3125,-4.6875
qwen3-4b,88,desc,desc,en,ko,현재의,"The opposite of ""현재의"" is """,과거의,4,2,14.625,14.75,0.125
qwen3-4b,88,desc,val,en,ko,현재의,"The opposite of ""현재의"" is """,과거의,4,6,14.625,14.375,-0.25
qwen3-4b,88,desc,freq,en,ko,현재의,"The opposite of ""현재의"" is """,과거의,4,5,14.625,14.625,0.0
qwen3-4b,88,val,desc,en,ko,현재의,"The opposite of ""현재의"" is """,과거의,4,3,14.625,13.125,-1.5
qwen3-4b,88,val,val,en,ko,현재의,"The opposite of ""현재의"" is """,과거의,4,3,14.625,13.125,-1.5
qwen3-4b,88,val,freq,en,ko,현재의,"The opposite of ""현재의"" is """,과거의,4,7,14.625,13.8125,-0.8125
qwen3-4b,88,freq,desc,en,ko,현재의,"The opposite of ""현재의"" is """,과거의,4,8,14.625,12.8125,-1.8125
qwen3-4b,88,freq,val,en,ko,현재의,"The opposite of ""현재의"" is """,과거의,4,8,14.625,13.9375,-0.6875
qwen3-4b,88,freq,freq,en,ko,현재의,"The opposite of ""현재의"" is """,과거의,4,8,14.625,12.8125,-1.8125
qwen3-4b,89,desc,desc,en,ko,공공의,"The opposite of ""공공의"" is """,사적인,1,7,15.9375,15.0,-0.9375
qwen3-4b,89,desc,val,en,ko,공공의,"The opposite of ""공공의"" is """,사적인,1,12,15.9375,14.5625,-1.375
qwen3-4b,89,desc,freq,en,ko,공공의,"The opposite of ""공공의"" is """,사적인,1,8,15.9375,15.25,-0.6875
qwen3-4b,89,val,desc,en,ko,공공의,"The opposite of ""공공의"" is """,사적인,1,3,15.9375,13.0,-2.9375
qwen3-4b,89,val,val,en,ko,공공의,"The opposite of ""공공의"" is """,사적인,1,3,15.9375,12.9375,-3.0
qwen3-4b,89,val,freq,en,ko,공공의,"The opposite of ""공공의"" is """,사적인,1,3,15.9375,12.9375,-3.0
qwen3-4b,89,freq,desc,en,ko,공공의,"The opposite of ""공공의"" is """,사적인,1,30,15.9375,10.5625,-5.375
qwen3-4b,89,freq,val,en,ko,공공의,"The opposite of ""공공의"" is """,사적인,1,36,15.9375,11.5625,-4.375
qwen3-4b,89,freq,freq,en,ko,공공의,"The opposite of ""공공의"" is """,사적인,1,30,15.9375,10.5625,-5.375
qwen3-4b,90,desc,desc,en,ko,실제적인,"The opposite of ""실제적인"" is """,가짜의,2,2,16.625,16.25,-0.375
qwen3-4b,90,desc,val,en,ko,실제적인,"The opposite of ""실제적인"" is """,가짜의,2,1,16.625,16.875,0.25
qwen3-4b,90,desc,freq,en,ko,실제적인,"The opposite of ""실제적인"" is """,가짜의,2,2,16.625,16.75,0.125
qwen3-4b,90,val,desc,en,ko,실제적인,"The opposite of ""실제적인"" is """,가짜의,2,1,16.625,15.4375,-1.1875
qwen3-4b,90,val,val,en,ko,실제적인,"The opposite of ""실제적인"" is """,가짜의,2,1,16.625,15.3125,-1.3125
qwen3-4b,90,val,freq,en,ko,실제적인,"The opposite of ""실제적인"" is """,가짜의,2,1,16.625,17.125,0.5
qwen3-4b,90,freq,desc,en,ko,실제적인,"The opposite of ""실제적인"" is """,가짜의,2,1,16.625,13.9375,-2.6875
qwen3-4b,90,freq,val,en,ko,실제적인,"The opposite of ""실제적인"" is """,가짜의,2,1,16.625,15.875,-0.75
qwen3-4b,90,freq,freq,en,ko,실제적인,"The opposite of ""실제적인"" is """,가짜의,2,1,16.625,13.9375,-2.6875
qwen3-4b,91,desc,desc,en,ko,책임 있는,"The opposite of ""책임 있는"" is """,무책임한,2,3,14.9375,14.3125,-0.625
qwen3-4b,91,desc,val,en,ko,책임 있는,"The opposite of ""책임 있는"" is """,무책임한,2,4,14.9375,14.4375,-0.5
qwen3-4b,91,desc,freq,en,ko,책임 있는,"The opposite of ""책임 있는"" is """,무책임한,2,8,14.9375,14.0625,-0.875
qwen3-4b,91,val,desc,en,ko,책임 있는,"The opposite of ""책임 있는"" is """,무책임한,2,21,14.9375,10.3125,-4.625
qwen3-4b,91,val,val,en,ko,책임 있는,"The opposite of ""책임 있는"" is """,무책임한,2,23,14.9375,10.125,-4.8125
qwen3-4b,91,val,freq,en,ko,책임 있는,"The opposite of ""책임 있는"" is """,무책임한,2,40,14.9375,9.625,-5.3125
qwen3-4b,91,freq,desc,en,ko,책임 있는,"The opposite of ""책임 있는"" is """,무책임한,2,5,14.9375,11.5625,-3.375
qwen3-4b,91,freq,val,en,ko,책임 있는,"The opposite of ""책임 있는"" is """,무책임한,2,7,14.9375,12.1875,-2.75
qwen3-4b,91,freq,freq,en,ko,책임 있는,"The opposite of ""책임 있는"" is """,무책임한,2,5,14.9375,11.5625,-3.375
qwen3-4b,92,desc,desc,en,ko,독신의,"The opposite of ""독신의"" is """,결혼한,10,22,12.5625,10.875,-1.6875
qwen3-4b,92,desc,val,en,ko,독신의,"The opposite of ""독신의"" is """,결혼한,10,47,12.5625,11.0,-1.5625
qwen3-4b,92,desc,freq,en,ko,독신의,"The opposite of ""독신의"" is """,결혼한,10,57,12.5625,10.4375,-2.125
qwen3-4b,92,val,desc,en,ko,독신의,"The opposite of ""독신의"" is """,결혼한,10,13,12.5625,10.0625,-2.5
qwen3-4b,92,val,val,en,ko,독신의,"The opposite of ""독신의"" is """,결혼한,10,13,12.5625,10.0625,-2.5
qwen3-4b,92,val,freq,en,ko,독신의,"The opposite of ""독신의"" is """,결혼한,10,23,12.5625,9.4375,-3.125
qwen3-4b,92,freq,desc,en,ko,독신의,"The opposite of ""독신의"" is """,결혼한,10,121,12.5625,7.6875,-4.875
qwen3-4b,92,freq,val,en,ko,독신의,"The opposite of ""독신의"" is """,결혼한,10,120,12.5625,9.0625,-3.5
qwen3-4b,92,freq,freq,en,ko,독신의,"The opposite of ""독신의"" is """,결혼한,10,121,12.5625,7.6875,-4.875
qwen3-4b,93,desc,desc,en,ko,신,"The opposite of ""신"" is """,달콤한,280,858,7.28125,5.5,-1.78125
qwen3-4b,93,desc,val,en,ko,신,"The opposite of ""신"" is """,달콤한,280,790,7.28125,7.84375,0.5625
qwen3-4b,93,desc,freq,en,ko,신,"The opposite of ""신"" is """,달콤한,280,384,7.28125,9.0625,1.78125
qwen3-4b,93,val,desc,en,ko,신,"The opposite of ""신"" is """,달콤한,280,418,7.28125,5.8125,-1.46875
qwen3-4b,93,val,val,en,ko,신,"The opposite of ""신"" is """,달콤한,280,382,7.28125,6.0,-1.28125
qwen3-4b,93,val,freq,en,ko,신,"The opposite of ""신"" is """,달콤한,280,265,7.28125,6.5625,-0.71875
qwen3-4b,93,freq,desc,en,ko,신,"The opposite of ""신"" is """,달콤한,280,2422,7.28125,3.46875,-3.8125
qwen3-4b,93,freq,val,en,ko,신,"The opposite of ""신"" is """,달콤한,280,3389,7.28125,4.875,-2.40625
qwen3-4b,93,freq,freq,en,ko,신,"The opposite of ""신"" is """,달콤한,280,2422,7.28125,3.46875,-3.8125
qwen3-4b,94,desc,desc,en,ko,유용한,"The opposite of ""유용한"" is """,쓸모없는,219,277,9.5,9.0625,-0.4375
qwen3-4b,94,desc,val,en,ko,유용한,"The opposite of ""유용한"" is """,쓸모없는,219,673,9.5,7.90625,-1.59375
qwen3-4b,94,desc,freq,en,ko,유용한,"The opposite of ""유용한"" is """,쓸모없는,219,616,9.5,8.1875,-1.3125
qwen3-4b,94,val,desc,en,ko,유용한,"The opposite of ""유용한"" is """,쓸모없는,219,344,9.5,6.6875,-2.8125
qwen3-4b,94,val,val,en,ko,유용한,"The opposite of ""유용한"" is """,쓸모없는,219,361,9.5,6.59375,-2.90625
qwen3-4b,94,val,freq,en,ko,유용한,"The opposite of ""유용한"" is """,쓸모없는,219,385,9.5,6.1875,-3.3125
qwen3-4b,94,freq,desc,en,ko,유용한,"The opposite of ""유용한"" is """,쓸모없는,219,450,9.5,7.15625,-2.34375
qwen3-4b,94,freq,val,en,ko,유용한,"The opposite of ""유용한"" is """,쓸모없는,219,477,9.5,7.5625,-1.9375
qwen3-4b,94,freq,freq,en,ko,유용한,"The opposite of ""유용한"" is """,쓸모없는,219,450,9.5,7.15625,-2.34375
qwen3-4b,95,desc,desc,en,ko,수직의,"The opposite of ""수직의"" is """,수평의,0,0,17.5,17.125,-0.375
qwen3-4b,95,desc,val,en,ko,수직의,"The opposite of ""수직의"" is """,수평의,0,0,17.5,16.375,-1.125
qwen3-4b,95,desc,freq,en,ko,수직의,"The opposite of ""수직의"" is """,수평의,0,0,17.5,18.125,0.625
qwen3-4b,95,val,desc,en,ko,수직의,"The opposite of ""수직의"" is """,수평의,0,0,17.5,15.4375,-2.0625
qwen3-4b,95,val,val,en,ko,수직의,"The opposite of ""수직의"" is """,수평의,0,0,17.5,15.4375,-2.0625
qwen3-4b,95,val,freq,en,ko,수직의,"The opposite of ""수직의"" is """,수평의,0,0,17.5,16.25,-1.25
qwen3-4b,95,freq,desc,en,ko,수직의,"The opposite of ""수직의"" is """,수평의,0,1,17.5,14.9375,-2.5625
qwen3-4b,95,freq,val,en,ko,수직의,"The opposite of ""수직의"" is """,수평의,0,1,17.5,14.6875,-2.8125
qwen3-4b,95,freq,freq,en,ko,수직의,"The opposite of ""수직의"" is """,수평의,0,1,17.5,14.9375,-2.5625
qwen3-4b,96,desc,desc,en,ko,잘,"The opposite of ""잘"" is """,못,4,11,13.4375,12.1875,-1.25
qwen3-4b,96,desc,val,en,ko,잘,"The opposite of ""잘"" is """,못,4,7,13.4375,13.1875,-0.25
qwen3-4b,96,desc,freq,en,ko,잘,"The opposite of ""잘"" is """,못,4,18,13.4375,12.5625,-0.875
qwen3-4b,96,val,desc,en,ko,잘,"The opposite of ""잘"" is """,못,4,17,13.4375,10.4375,-3.0
qwen3-4b,96,val,val,en,ko,잘,"The opposite of ""잘"" is """,못,4,17,13.4375,10.4375,-3.0
qwen3-4b,96,val,freq,en,ko,잘,"The opposite of ""잘"" is """,못,4,20,13.4375,10.3125,-3.125
qwen3-4b,96,freq,desc,en,ko,잘,"The opposite of ""잘"" is """,못,4,109,13.4375,8.8125,-4.625
qwen3-4b,96,freq,val,en,ko,잘,"The opposite of ""잘"" is """,못,4,73,13.4375,9.8125,-3.625
qwen3-4b,96,freq,freq,en,ko,잘,"The opposite of ""잘"" is """,못,4,109,13.4375,8.8125,-4.625
qwen3-4b,97,desc,desc,en,ko,승리하는,"The opposite of ""승리하는"" is """,패배하는,0,0,20.375,19.25,-1.125
qwen3-4b,97,desc,val,en,ko,승리하는,"The opposite of ""승리하는"" is """,패배하는,0,0,20.375,18.375,-2.0
qwen3-4b,97,desc,freq,en,ko,승리하는,"The opposite of ""승리하는"" is """,패배하는,0,0,20.375,20.0,-0.375
qwen3-4b,97,val,desc,en,ko,승리하는,"The opposite of ""승리하는"" is """,패배하는,0,0,20.375,16.25,-4.125
qwen3-4b,97,val,val,en,ko,승리하는,"The opposite of ""승리하는"" is """,패배하는,0,0,20.375,16.125,-4.25
qwen3-4b,97,val,freq,en,ko,승리하는,"The opposite of ""승리하는"" is """,패배하는,0,0,20.375,17.125,-3.25
qwen3-4b,97,freq,desc,en,ko,승리하는,"The opposite of ""승리하는"" is """,패배하는,0,3,20.375,14.5,-5.875
qwen3-4b,97,freq,val,en,ko,승리하는,"The opposite of ""승리하는"" is """,패배하는,0,4,20.375,14.5,-5.875
qwen3-4b,97,freq,freq,en,ko,승리하는,"The opposite of ""승리하는"" is """,패배하는,0,3,20.375,14.5,-5.875
qwen3-4b,98,desc,desc,en,ko,불친절한,"The opposite of ""불친절한"" is """,친절한,0,0,21.375,21.0,-0.375
qwen3-4b,98,desc,val,en,ko,불친절한,"The opposite of ""불친절한"" is """,친절한,0,0,21.375,19.25,-2.125
qwen3-4b,98,desc,freq,en,ko,불친절한,"The opposite of ""불친절한"" is """,친절한,0,0,21.375,20.875,-0.5
qwen3-4b,98,val,desc,en,ko,불친절한,"The opposite of ""불친절한"" is """,친절한,0,0,21.375,16.375,-5.0
qwen3-4b,98,val,val,en,ko,불친절한,"The opposite of ""불친절한"" is """,친절한,0,0,21.375,16.375,-5.0
qwen3-4b,98,val,freq,en,ko,불친절한,"The opposite of ""불친절한"" is """,친절한,0,0,21.375,16.375,-5.0
qwen3-4b,98,freq,desc,en,ko,불친절한,"The opposite of ""불친절한"" is """,친절한,0,0,21.375,17.25,-4.125
qwen3-4b,98,freq,val,en,ko,불친절한,"The opposite of ""불친절한"" is """,친절한,0,0,21.375,17.375,-4.0
qwen3-4b,98,freq,freq,en,ko,불친절한,"The opposite of ""불친절한"" is """,친절한,0,0,21.375,17.25,-4.125
qwen3-4b,99,desc,desc,en,ko,겁많은,"The opposite of ""겁많은"" is """,용감한,10,18,11.0,10.3125,-0.6875
qwen3-4b,99,desc,val,en,ko,겁많은,"The opposite of ""겁많은"" is """,용감한,10,35,11.0,10.75,-0.25
qwen3-4b,99,desc,freq,en,ko,겁많은,"The opposite of ""겁많은"" is """,용감한,10,28,11.0,10.875,-0.125
qwen3-4b,99,val,desc,en,ko,겁많은,"The opposite of ""겁많은"" is """,용감한,10,21,11.0,9.375,-1.625
qwen3-4b,99,val,val,en,ko,겁많은,"The opposite of ""겁많은"" is """,용감한,10,24,11.0,9.25,-1.75
qwen3-4b,99,val,freq,en,ko,겁많은,"The opposite of ""겁많은"" is """,용감한,10,18,11.0,9.8125,-1.1875
qwen3-4b,99,freq,desc,en,ko,겁많은,"The opposite of ""겁많은"" is """,용감한,10,66,11.0,8.25,-2.75
qwen3-4b,99,freq,val,en,ko,겁많은,"The opposite of ""겁많은"" is """,용감한,10,80,11.0,9.125,-1.875
qwen3-4b,99,freq,freq,en,ko,겁많은,"The opposite of ""겁많은"" is """,용감한,10,66,11.0,8.25,-2.75
qwen3-4b,0,desc,desc,en,zh,好,"The opposite of ""好"" is """,坏,0,0,20.375,19.625,-0.75
qwen3-4b,0,desc,val,en,zh,好,"The opposite of ""好"" is """,坏,0,0,20.375,21.25,0.875
qwen3-4b,0,desc,freq,en,zh,好,"The opposite of ""好"" is """,坏,0,0,20.375,21.625,1.25
qwen3-4b,0,val,desc,en,zh,好,"The opposite of ""好"" is """,坏,0,0,20.375,18.5,-1.875
qwen3-4b,0,val,val,en,zh,好,"The opposite of ""好"" is """,坏,0,0,20.375,17.625,-2.75
qwen3-4b,0,val,freq,en,zh,好,"The opposite of ""好"" is """,坏,0,0,20.375,19.375,-1.0
qwen3-4b,0,freq,desc,en,zh,好,"The opposite of ""好"" is """,坏,0,1,20.375,18.25,-2.125
qwen3-4b,0,freq,val,en,zh,好,"The opposite of ""好"" is """,坏,0,2,20.375,18.375,-2.0
qwen3-4b,0,freq,freq,en,zh,好,"The opposite of ""好"" is """,坏,0,1,20.375,18.125,-2.25
qwen3-4b,1,desc,desc,en,zh,开心,"The opposite of ""开心"" is """,难过,2,3,22.625,22.0,-0.625
qwen3-4b,1,desc,val,en,zh,开心,"The opposite of ""开心"" is """,难过,2,3,22.625,18.125,-4.5
qwen3-4b,1,desc,freq,en,zh,开心,"The opposite of ""开心"" is """,难过,2,2,22.625,21.75,-0.875
qwen3-4b,1,val,desc,en,zh,开心,"The opposite of ""开心"" is """,难过,2,3,22.625,16.5,-6.125
qwen3-4b,1,val,val,en,zh,开心,"The opposite of ""开心"" is """,难过,2,4,22.625,16.125,-6.5
qwen3-4b,1,val,freq,en,zh,开心,"The opposite of ""开心"" is """,难过,2,2,22.625,17.125,-5.5
qwen3-4b,1,freq,desc,en,zh,开心,"The opposite of ""开心"" is """,难过,2,7,22.625,19.625,-3.0
qwen3-4b,1,freq,val,en,zh,开心,"The opposite of ""开心"" is """,难过,2,8,22.625,16.375,-6.25
qwen3-4b,1,freq,freq,en,zh,开心,"The opposite of ""开心"" is """,难过,2,7,22.625,19.5,-3.125
qwen3-4b,2,desc,desc,en,zh,大,"The opposite of ""大"" is """,小,0,0,25.625,25.375,-0.25
qwen3-4b,2,desc,val,en,zh,大,"The opposite of ""大"" is """,小,0,0,25.625,24.375,-1.25
qwen3-4b,2,desc,freq,en,zh,大,"The opposite of ""大"" is """,小,0,0,25.625,28.125,2.5
qwen3-4b,2,val,desc,en,zh,大,"The opposite of ""大"" is """,小,0,0,25.625,22.625,-3.0
qwen3-4b,2,val,val,en,zh,大,"The opposite of ""大"" is """,小,0,0,25.625,22.625,-3.0
qwen3-4b,2,val,freq,en,zh,大,"The opposite of ""大"" is """,小,0,0,25.625,22.375,-3.25
qwen3-4b,2,freq,desc,en,zh,大,"The opposite of ""大"" is """,小,0,0,25.625,26.25,0.625
qwen3-4b,2,freq,val,en,zh,大,"The opposite of ""大"" is """,小,0,0,25.625,23.0,-2.625
qwen3-4b,2,freq,freq,en,zh,大,"The opposite of ""大"" is """,小,0,0,25.625,26.0,0.375
qwen3-4b,3,desc,desc,en,zh,热,"The opposite of ""热"" is """,冷,0,0,23.625,23.375,-0.25
qwen3-4b,3,desc,val,en,zh,热,"The opposite of ""热"" is """,冷,0,0,23.625,24.625,1.0
qwen3-4b,3,desc,freq,en,zh,热,"The opposite of ""热"" is """,冷,0,0,23.625,25.125,1.5
qwen3-4b,3,val,desc,en,zh,热,"The opposite of ""热"" is """,冷,0,0,23.625,21.5,-2.125
qwen3-4b,3,val,val,en,zh,热,"The opposite of ""热"" is """,冷,0,0,23.625,21.125,-2.5
qwen3-4b,3,val,freq,en,zh,热,"The opposite of ""热"" is """,冷,0,0,23.625,21.75,-1.875
qwen3-4b,3,freq,desc,en,zh,热,"The opposite of ""热"" is """,冷,0,0,23.625,22.125,-1.5
qwen3-4b,3,freq,val,en,zh,热,"The opposite of ""热"" is """,冷,0,0,23.625,22.5,-1.125
qwen3-4b,3,freq,freq,en,zh,热,"The opposite of ""热"" is """,冷,0,0,23.625,21.875,-1.75
qwen3-4b,4,desc,desc,en,zh,快,"The opposite of ""快"" is """,慢,0,0,24.25,23.875,-0.375
qwen3-4b,4,desc,val,en,zh,快,"The opposite of ""快"" is """,慢,0,0,24.25,24.25,0.0
qwen3-4b,4,desc,freq,en,zh,快,"The opposite of ""快"" is """,慢,0,0,24.25,24.75,0.5
qwen3-4b,4,val,desc,en,zh,快,"The opposite of ""快"" is """,慢,0,0,24.25,19.75,-4.5
qwen3-4b,4,val,val,en,zh,快,"The opposite of ""快"" is """,慢,0,0,24.25,19.25,-5.0
qwen3-4b,4,val,freq,en,zh,快,"The opposite of ""快"" is """,慢,0,0,24.25,20.625,-3.625
qwen3-4b,4,freq,desc,en,zh,快,"The opposite of ""快"" is """,慢,0,0,24.25,22.5,-1.75
qwen3-4b,4,freq,val,en,zh,快,"The opposite of ""快"" is """,慢,0,0,24.25,22.125,-2.125
qwen3-4b,4,freq,freq,en,zh,快,"The opposite of ""快"" is """,慢,0,0,24.25,22.375,-1.875
qwen3-4b,5,desc,desc,en,zh,轻,"The opposite of ""轻"" is """,重,0,0,22.875,22.625,-0.25
qwen3-4b,5,desc,val,en,zh,轻,"The opposite of ""轻"" is """,重,0,0,22.875,23.5,0.625
qwen3-4b,5,desc,freq,en,zh,轻,"The opposite of ""轻"" is """,重,0,0,22.875,24.625,1.75
qwen3-4b,5,val,desc,en,zh,轻,"The opposite of ""轻"" is """,重,0,0,22.875,18.875,-4.0
qwen3-4b,5,val,val,en,zh,轻,"The opposite of ""轻"" is """,重,0,0,22.875,18.5,-4.375
qwen3-4b,5,val,freq,en,zh,轻,"The opposite of ""轻"" is """,重,0,0,22.875,18.625,-4.25
qwen3-4b,5,freq,desc,en,zh,轻,"The opposite of ""轻"" is """,重,0,0,22.875,22.625,-0.25
qwen3-4b,5,freq,val,en,zh,轻,"The opposite of ""轻"" is """,重,0,0,22.875,21.375,-1.5
qwen3-4b,5,freq,freq,en,zh,轻,"The opposite of ""轻"" is """,重,0,0,22.875,22.5,-0.375
qwen3-4b,6,desc,desc,en,zh,容易,"The opposite of ""容易"" is """,难,2,2,18.75,18.375,-0.375
qwen3-4b,6,desc,val,en,zh,容易,"The opposite of ""容易"" is """,难,2,2,18.75,19.625,0.875
qwen3-4b,6,desc,freq,en,zh,容易,"The opposite of ""容易"" is """,难,2,2,18.75,19.375,0.625
qwen3-4b,6,val,desc,en,zh,容易,"The opposite of ""容易"" is """,难,2,3,18.75,14.625,-4.125
qwen3-4b,6,val,val,en,zh,容易,"The opposite of ""容易"" is """,难,2,4,18.75,14.0625,-4.6875
qwen3-4b,6,val,freq,en,zh,容易,"The opposite of ""容易"" is """,难,2,2,18.75,15.5,-3.25
qwen3-4b,6,freq,desc,en,zh,容易,"The opposite of ""容易"" is """,难,2,3,18.75,17.625,-1.125
qwen3-4b,6,freq,val,en,zh,容易,"The opposite of ""容易"" is """,难,2,4,18.75,17.5,-1.25
qwen3-4b,6,freq,freq,en,zh,容易,"The opposite of ""容易"" is """,难,2,3,18.75,17.5,-1.25
qwen3-4b,7,desc,desc,en,zh,新,"The opposite of ""新"" is """,旧,0,0,20.875,20.375,-0.5
qwen3-4b,7,desc,val,en,zh,新,"The opposite of ""新"" is """,旧,0,0,20.875,22.5,1.625
qwen3-4b,7,desc,freq,en,zh,新,"The opposite of ""新"" is """,旧,0,0,20.875,23.375,2.5
qwen3-4b,7,val,desc,en,zh,新,"The opposite of ""新"" is """,旧,0,1,20.875,18.375,-2.5
qwen3-4b,7,val,val,en,zh,新,"The opposite of ""新"" is """,旧,0,0,20.875,18.5,-2.375
qwen3-4b,7,val,freq,en,zh,新,"The opposite of ""新"" is """,旧,0,0,20.875,17.625,-3.25
qwen3-4b,7,freq,desc,en,zh,新,"The opposite of ""新"" is """,旧,0,0,20.875,20.125,-0.75
qwen3-4b,7,freq,val,en,zh,新,"The opposite of ""新"" is """,旧,0,0,20.875,20.5,-0.375
qwen3-4b,7,freq,freq,en,zh,新,"The opposite of ""新"" is """,旧,0,0,20.875,20.25,-0.625
qwen3-4b,8,desc,desc,en,zh,真,"The opposite of ""真"" is """,假,0,0,22.625,22.5,-0.125
qwen3-4b,8,desc,val,en,zh,真,"The opposite of ""真"" is """,假,0,0,22.625,22.0,-0.625
qwen3-4b,8,desc,freq,en,zh,真,"The opposite of ""真"" is """,假,0,0,22.625,25.625,3.0
qwen3-4b,8,val,desc,en,zh,真,"The opposite of ""真"" is """,假,0,0,22.625,18.5,-4.125
qwen3-4b,8,val,val,en,zh,真,"The opposite of ""真"" is """,假,0,0,22.625,18.25,-4.375
qwen3-4b,8,val,freq,en,zh,真,"The opposite of ""真"" is """,假,0,0,22.625,19.375,-3.25
qwen3-4b,8,freq,desc,en,zh,真,"The opposite of ""真"" is """,假,0,0,22.625,23.625,1.0
qwen3-4b,8,freq,val,en,zh,真,"The opposite of ""真"" is """,假,0,0,22.625,20.5,-2.125
qwen3-4b,8,freq,freq,en,zh,真,"The opposite of ""真"" is """,假,0,0,22.625,23.625,1.0
qwen3-4b,9,desc,desc,en,zh,活,"The opposite of ""活"" is """,死,0,0,22.625,22.75,0.125
qwen3-4b,9,desc,val,en,zh,活,"The opposite of ""活"" is """,死,0,0,22.625,22.375,-0.25
qwen3-4b,9,desc,freq,en,zh,活,"The opposite of ""活"" is """,死,0,0,22.625,24.375,1.75
qwen3-4b,9,val,desc,en,zh,活,"The opposite of ""活"" is """,死,0,0,22.625,18.75,-3.875
qwen3-4b,9,val,val,en,zh,活,"The opposite of ""活"" is """,死,0,0,22.625,18.25,-4.375
qwen3-4b,9,val,freq,en,zh,活,"The opposite of ""活"" is """,死,0,0,22.625,19.25,-3.375
qwen3-4b,9,freq,desc,en,zh,活,"The opposite of ""活"" is """,死,0,0,22.625,22.625,0.0
qwen3-4b,9,freq,val,en,zh,活,"The opposite of ""活"" is """,死,0,0,22.625,20.625,-2.0
qwen3-4b,9,freq,freq,en,zh,活,"The opposite of ""活"" is """,死,0,0,22.625,22.5,-0.125
qwen3-4b,10,desc,desc,en,zh,满,"The opposite of ""满"" is """,空,0,0,22.0,21.875,-0.125
qwen3-4b,10,desc,val,en,zh,满,"The opposite of ""满"" is """,空,0,0,22.0,22.375,0.375
qwen3-4b,10,desc,freq,en,zh,满,"The opposite of ""满"" is """,空,0,0,22.0,24.5,2.5
qwen3-4b,10,val,desc,en,zh,满,"The opposite of ""满"" is """,空,0,0,22.0,19.625,-2.375
qwen3-4b,10,val,val,en,zh,满,"The opposite of ""满"" is """,空,0,0,22.0,19.375,-2.625
qwen3-4b,10,val,freq,en,zh,满,"The opposite of ""满"" is """,空,0,0,22.0,19.5,-2.5
qwen3-4b,10,freq,desc,en,zh,满,"The opposite of ""满"" is """,空,0,0,22.0,22.25,0.25
qwen3-4b,10,freq,val,en,zh,满,"The opposite of ""满"" is """,空,0,0,22.0,20.75,-1.25
qwen3-4b,10,freq,freq,en,zh,满,"The opposite of ""满"" is """,空,0,0,22.0,22.125,0.125
qwen3-4b,11,desc,desc,en,zh,亮,"The opposite of ""亮"" is """,暗,0,0,17.375,17.375,0.0
qwen3-4b,11,desc,val,en,zh,亮,"The opposite of ""亮"" is """,暗,0,0,17.375,20.75,3.375
qwen3-4b,11,desc,freq,en,zh,亮,"The opposite of ""亮"" is """,暗,0,0,17.375,20.375,3.0
qwen3-4b,11,val,desc,en,zh,亮,"The opposite of ""亮"" is """,暗,0,2,17.375,12.75,-4.625
qwen3-4b,11,val,val,en,zh,亮,"The opposite of ""亮"" is """,暗,0,3,17.375,12.375,-5.0
qwen3-4b,11,val,freq,en,zh,亮,"The opposite of ""亮"" is """,暗,0,1,17.375,13.4375,-3.9375
qwen3-4b,11,freq,desc,en,zh,亮,"The opposite of ""亮"" is """,暗,0,0,17.375,17.875,0.5
qwen3-4b,11,freq,val,en,zh,亮,"The opposite of ""亮"" is """,暗,0,0,17.375,18.875,1.5
qwen3-4b,11,freq,freq,en,zh,亮,"The opposite of ""亮"" is """,暗,0,1,17.375,17.625,0.25
qwen3-4b,12,desc,desc,en,zh,强,"The opposite of ""强"" is """,弱,0,0,23.625,23.5,-0.125
qwen3-4b,12,desc,val,en,zh,强,"The opposite of ""强"" is """,弱,0,0,23.625,23.5,-0.125
qwen3-4b,12,desc,freq,en,zh,强,"The opposite of ""强"" is """,弱,0,0,23.625,26.625,3.0
qwen3-4b,12,val,desc,en,zh,强,"The opposite of ""强"" is """,弱,0,0,23.625,19.75,-3.875
qwen3-4b,12,val,val,en,zh,强,"The opposite of ""强"" is """,弱,0,0,23.625,19.625,-4.0
qwen3-4b,12,val,freq,en,zh,强,"The opposite of ""强"" is """,弱,0,0,23.625,20.25,-3.375
qwen3-4b,12,freq,desc,en,zh,强,"The opposite of ""强"" is """,弱,0,0,23.625,24.375,0.75
qwen3-4b,12,freq,val,en,zh,强,"The opposite of ""强"" is """,弱,0,0,23.625,22.5,-1.125
qwen3-4b,12,freq,freq,en,zh,强,"The opposite of ""强"" is """,弱,0,0,23.625,24.375,0.75
qwen3-4b,13,desc,desc,en,zh,干净,"The opposite of ""干净"" is """,脏,0,0,23.125,22.875,-0.25
qwen3-4b,13,desc,val,en,zh,干净,"The opposite of ""干净"" is """,脏,0,1,23.125,21.875,-1.25
qwen3-4b,13,desc,freq,en,zh,干净,"The opposite of ""干净"" is """,脏,0,0,23.125,23.125,0.0
qwen3-4b,13,val,desc,en,zh,干净,"The opposite of ""干净"" is """,脏,0,2,23.125,17.875,-5.25
qwen3-4b,13,val,val,en,zh,干净,"The opposite of ""干净"" is """,脏,0,2,23.125,17.75,-5.375
qwen3-4b,13,val,freq,en,zh,干净,"The opposite of ""干净"" is """,脏,0,2,23.125,17.875,-5.25
qwen3-4b,13,freq,desc,en,zh,干净,"The opposite of ""干净"" is """,脏,0,1,23.125,22.625,-0.5
qwen3-4b,13,freq,val,en,zh,干净,"The opposite of ""干净"" is """,脏,0,2,23.125,19.875,-3.25
qwen3-4b,13,freq,freq,en,zh,干净,"The opposite of ""干净"" is """,脏,0,2,23.125,22.375,-0.75
qwen3-4b,14,desc,desc,en,zh,开,"The opposite of ""开"" is """,关,0,0,23.375,23.125,-0.25
qwen3-4b,14,desc,val,en,zh,开,"The opposite of ""开"" is """,关,0,0,23.375,22.75,-0.625
qwen3-4b,14,desc,freq,en,zh,开,"The opposite of ""开"" is """,关,0,0,23.375,24.375,1.0
qwen3-4b,14,val,desc,en,zh,开,"The opposite of ""开"" is """,关,0,0,23.375,19.375,-4.0
qwen3-4b,14,val,val,en,zh,开,"The opposite of ""开"" is """,关,0,1,23.375,18.375,-5.0
qwen3-4b,14,val,freq,en,zh,开,"The opposite of ""开"" is """,关,0,0,23.375,20.75,-2.625
qwen3-4b,14,freq,desc,en,zh,开,"The opposite of ""开"" is """,关,0,0,23.375,22.25,-1.125
qwen3-4b,14,freq,val,en,zh,开,"The opposite of ""开"" is """,关,0,0,23.375,20.5,-2.875
qwen3-4b,14,freq,freq,en,zh,开,"The opposite of ""开"" is """,关,0,0,23.375,22.25,-1.125
qwen3-4b,15,desc,desc,en,zh,富裕,"The opposite of ""富裕"" is """,贫穷,0,0,22.875,22.625,-0.25
qwen3-4b,15,desc,val,en,zh,富裕,"The opposite of ""富裕"" is """,贫穷,0,0,22.875,21.875,-1.0
qwen3-4b,15,desc,freq,en,zh,富裕,"The opposite of ""富裕"" is """,贫穷,0,0,22.875,24.375,1.5
qwen3-4b,15,val,desc,en,zh,富裕,"The opposite of ""富裕"" is """,贫穷,0,0,22.875,19.5,-3.375
qwen3-4b,15,val,val,en,zh,富裕,"The opposite of ""富裕"" is """,贫穷,0,0,22.875,19.25,-3.625
qwen3-4b,15,val,freq,en,zh,富裕,"The opposite of ""富裕"" is """,贫穷,0,0,22.875,20.25,-2.625
qwen3-4b,15,freq,desc,en,zh,富裕,"The opposite of ""富裕"" is """,贫穷,0,1,22.875,21.0,-1.875
qwen3-4b,15,freq,val,en,zh,富裕,"The opposite of ""富裕"" is """,贫穷,0,2,22.875,18.625,-4.25
qwen3-4b,15,freq,freq,en,zh,富裕,"The opposite of ""富裕"" is """,贫穷,0,1,22.875,21.0,-1.875
qwen3-4b,16,desc,desc,en,zh,美,"The opposite of ""美"" is """,丑,0,0,25.0,24.875,-0.125
qwen3-4b,16,desc,val,en,zh,美,"The opposite of ""美"" is """,丑,0,0,25.0,23.25,-1.75
qwen3-4b,16,desc,freq,en,zh,美,"The opposite of ""美"" is """,丑,0,0,25.0,26.25,1.25
qwen3-4b,16,val,desc,en,zh,美,"The opposite of ""美"" is """,丑,0,0,25.0,20.375,-4.625
qwen3-4b,16,val,val,en,zh,美,"The opposite of ""美"" is """,丑,0,0,25.0,20.0,-5.0
qwen3-4b,16,val,freq,en,zh,美,"The opposite of ""美"" is """,丑,0,0,25.0,21.25,-3.75
qwen3-4b,16,freq,desc,en,zh,美,"The opposite of ""美"" is """,丑,0,0,25.0,25.125,0.125
qwen3-4b,16,freq,val,en,zh,美,"The opposite of ""美"" is """,丑,0,0,25.0,21.75,-3.25
qwen3-4b,16,freq,freq,en,zh,美,"The opposite of ""美"" is """,丑,0,0,25.0,25.125,0.125
qwen3-4b,17,desc,desc,en,zh,长,"The opposite of ""长"" is """,短,0,0,23.5,23.5,0.0
qwen3-4b,17,desc,val,en,zh,长,"The opposite of ""长"" is """,短,0,0,23.5,22.625,-0.875
qwen3-4b,17,desc,freq,en,zh,长,"The opposite of ""长"" is """,短,0,0,23.5,25.875,2.375
qwen3-4b,17,val,desc,en,zh,长,"The opposite of ""长"" is """,短,0,0,23.5,17.875,-5.625
qwen3-4b,17,val,val,en,zh,长,"The opposite of ""长"" is """,短,0,0,23.5,17.625,-5.875
qwen3-4b,17,val,freq,en,zh,长,"The opposite of ""长"" is """,短,0,0,23.5,18.75,-4.75
qwen3-4b,17,freq,desc,en,zh,长,"The opposite of ""长"" is """,短,0,0,23.5,23.375,-0.125
qwen3-4b,17,freq,val,en,zh,长,"The opposite of ""长"" is """,短,0,0,23.5,20.875,-2.625
qwen3-4b,17,freq,freq,en,zh,长,"The opposite of ""长"" is """,短,0,0,23.5,23.125,-0.375
qwen3-4b,18,desc,desc,en,zh,宽,"The opposite of ""宽"" is """,窄,0,0,22.125,22.0,-0.125
qwen3-4b,18,desc,val,en,zh,宽,"The opposite of ""宽"" is """,窄,0,0,22.125,21.125,-1.0
qwen3-4b,18,desc,freq,en,zh,宽,"The opposite of ""宽"" is """,窄,0,0,22.125,24.25,2.125
qwen3-4b,18,val,desc,en,zh,宽,"The opposite of ""宽"" is """,窄,0,1,22.125,15.625,-6.5
qwen3-4b,18,val,val,en,zh,宽,"The opposite of ""宽"" is """,窄,0,1,22.125,15.375,-6.75
qwen3-4b,18,val,freq,en,zh,宽,"The opposite of ""宽"" is """,窄,0,1,22.125,14.9375,-7.1875
qwen3-4b,18,freq,desc,en,zh,宽,"The opposite of ""宽"" is """,窄,0,1,22.125,21.625,-0.5
qwen3-4b,18,freq,val,en,zh,宽,"The opposite of ""宽"" is """,窄,0,1,22.125,19.25,-2.875
qwen3-4b,18,freq,freq,en,zh,宽,"The opposite of ""宽"" is """,窄,0,1,22.125,21.5,-0.625
qwen3-4b,19,desc,desc,en,zh,硬,"The opposite of ""硬"" is """,软,0,0,22.125,22.0,-0.125
qwen3-4b,19,desc,val,en,zh,硬,"The opposite of ""硬"" is """,软,0,0,22.125,21.875,-0.25
qwen3-4b,19,desc,freq,en,zh,硬,"The opposite of ""硬"" is """,软,0,0,22.125,25.625,3.5
qwen3-4b,19,val,desc,en,zh,硬,"The opposite of ""硬"" is """,软,0,0,22.125,17.75,-4.375
qwen3-4b,19,val,val,en,zh,硬,"The opposite of ""硬"" is """,软,0,0,22.125,17.0,-5.125
qwen3-4b,19,val,freq,en,zh,硬,"The opposite of ""硬"" is """,软,0,0,22.125,20.0,-2.125
qwen3-4b,19,freq,desc,en,zh,硬,"The opposite of ""硬"" is """,软,0,0,22.125,21.75,-0.375
qwen3-4b,19,freq,val,en,zh,硬,"The opposite of ""硬"" is """,软,0,0,22.125,19.375,-2.75
qwen3-4b,19,freq,freq,en,zh,硬,"The opposite of ""硬"" is """,软,0,0,22.125,21.5,-0.625
qwen3-4b,20,desc,desc,en,zh,干,"The opposite of ""干"" is """,湿,0,0,18.875,18.75,-0.125
qwen3-4b,20,desc,val,en,zh,干,"The opposite of ""干"" is """,湿,0,0,18.875,19.875,1.0
qwen3-4b,20,desc,freq,en,zh,干,"The opposite of ""干"" is """,湿,0,0,18.875,21.125,2.25
qwen3-4b,20,val,desc,en,zh,干,"The opposite of ""干"" is """,湿,0,1,18.875,14.5625,-4.3125
qwen3-4b,20,val,val,en,zh,干,"The opposite of ""干"" is """,湿,0,1,18.875,14.5625,-4.3125
qwen3-4b,20,val,freq,en,zh,干,"The opposite of ""干"" is """,湿,0,1,18.875,14.1875,-4.6875
qwen3-4b,20,freq,desc,en,zh,干,"The opposite of ""干"" is """,湿,0,0,18.875,18.25,-0.625
qwen3-4b,20,freq,val,en,zh,干,"The opposite of ""干"" is """,湿,0,1,18.875,18.0,-0.875
qwen3-4b,20,freq,freq,en,zh,干,"The opposite of ""干"" is """,湿,0,0,18.875,18.25,-0.625
qwen3-4b,21,desc,desc,en,zh,大声,"The opposite of ""大声"" is """,小声,1,1,21.75,21.125,-0.625
qwen3-4b,21,desc,val,en,zh,大声,"The opposite of ""大声"" is """,小声,1,1,21.75,19.875,-1.875
qwen3-4b,21,desc,freq,en,zh,大声,"The opposite of ""大声"" is """,小声,1,1,21.75,23.25,1.5
qwen3-4b,21,val,desc,en,zh,大声,"The opposite of ""大声"" is """,小声,1,3,21.75,16.5,-5.25
qwen3-4b,21,val,val,en,zh,大声,"The opposite of ""大声"" is """,小声,1,3,21.75,16.125,-5.625
qwen3-4b,21,val,freq,en,zh,大声,"The opposite of ""大声"" is """,小声,1,1,21.75,17.0,-4.75
qwen3-4b,21,freq,desc,en,zh,大声,"The opposite of ""大声"" is """,小声,1,3,21.75,20.0,-1.75
qwen3-4b,21,freq,val,en,zh,大声,"The opposite of ""大声"" is """,小声,1,4,21.75,17.125,-4.625
qwen3-4b,21,freq,freq,en,zh,大声,"The opposite of ""大声"" is """,小声,1,7,21.75,19.5,-2.25
qwen3-4b,22,desc,desc,en,zh,早,"The opposite of ""早"" is """,晚,0,0,20.875,20.75,-0.125
qwen3-4b,22,desc,val,en,zh,早,"The opposite of ""早"" is """,晚,0,0,20.875,22.125,1.25
qwen3-4b,22,desc,freq,en,zh,早,"The opposite of ""早"" is """,晚,0,0,20.875,23.0,2.125
qwen3-4b,22,val,desc,en,zh,早,"The opposite of ""早"" is """,晚,0,0,20.875,15.6875,-5.1875
qwen3-4b,22,val,val,en,zh,早,"The opposite of ""早"" is """,晚,0,0,20.875,15.3125,-5.5625
qwen3-4b,22,val,freq,en,zh,早,"The opposite of ""早"" is """,晚,0,0,20.875,16.875,-4.0
qwen3-4b,22,freq,desc,en,zh,早,"The opposite of ""早"" is """,晚,0,0,20.875,19.875,-1.0
qwen3-4b,22,freq,val,en,zh,早,"The opposite of ""早"" is """,晚,0,0,20.875,19.25,-1.625
qwen3-4b,22,freq,freq,en,zh,早,"The opposite of ""早"" is """,晚,0,0,20.875,19.75,-1.125
qwen3-4b,23,desc,desc,en,zh,近,"The opposite of ""近"" is """,远,0,0,24.125,23.875,-0.25
qwen3-4b,23,desc,val,en,zh,近,"The opposite of ""近"" is """,远,0,0,24.125,24.0,-0.125
qwen3-4b,23,desc,freq,en,zh,近,"The opposite of ""近"" is """,远,0,0,24.125,25.625,1.5
qwen3-4b,23,val,desc,en,zh,近,"The opposite of ""近"" is """,远,0,0,24.125,20.125,-4.0
qwen3-4b,23,val,val,en,zh,近,"The opposite of ""近"" is """,远,0,0,24.125,19.875,-4.25
qwen3-4b,23,val,freq,en,zh,近,"The opposite of ""近"" is """,远,0,0,24.125,20.75,-3.375
qwen3-4b,23,freq,desc,en,zh,近,"The opposite of ""近"" is """,远,0,0,24.125,22.625,-1.5
qwen3-4b,23,freq,val,en,zh,近,"The opposite of ""近"" is """,远,0,0,24.125,21.375,-2.75
qwen3-4b,23,freq,freq,en,zh,近,"The opposite of ""近"" is """,远,0,0,24.125,22.375,-1.75
qwen3-4b,24,desc,desc,en,zh,深,"The opposite of ""深"" is """,浅,0,0,26.875,26.875,0.0
qwen3-4b,24,desc,val,en,zh,深,"The opposite of ""深"" is """,浅,0,0,26.875,23.75,-3.125
qwen3-4b,24,desc,freq,en,zh,深,"The opposite of ""深"" is """,浅,0,0,26.875,29.5,2.625
qwen3-4b,24,val,desc,en,zh,深,"The opposite of ""深"" is """,浅,0,0,26.875,19.625,-7.25
qwen3-4b,24,val,val,en,zh,深,"The opposite of ""深"" is """,浅,0,0,26.875,18.875,-8.0
qwen3-4b,24,val,freq,en,zh,深,"The opposite of ""深"" is """,浅,0,0,26.875,20.625,-6.25
qwen3-4b,24,freq,desc,en,zh,深,"The opposite of ""深"" is """,浅,0,0,26.875,27.25,0.375
qwen3-4b,24,freq,val,en,zh,深,"The opposite of ""深"" is """,浅,0,0,26.875,22.125,-4.75
qwen3-4b,24,freq,freq,en,zh,深,"The opposite of ""深"" is """,浅,0,0,26.875,27.0,0.125
qwen3-4b,25,desc,desc,en,zh,坏,"The opposite of ""坏"" is """,好,0,0,22.875,22.625,-0.25
qwen3-4b,25,desc,val,en,zh,坏,"The opposite of ""坏"" is """,好,0,0,22.875,24.375,1.5
qwen3-4b,25,desc,freq,en,zh,坏,"The opposite of ""坏"" is """,好,0,0,22.875,23.125,0.25
qwen3-4b,25,val,desc,en,zh,坏,"The opposite of ""坏"" is """,好,0,0,22.875,22.5,-0.375
qwen3-4b,25,val,val,en,zh,坏,"The opposite of ""坏"" is """,好,0,0,22.875,22.375,-0.5
qwen3-4b,25,val,freq,en,zh,坏,"The opposite of ""坏"" is """,好,0,0,22.875,21.75,-1.125
qwen3-4b,25,freq,desc,en,zh,坏,"The opposite of ""坏"" is """,好,0,0,22.875,22.5,-0.375
qwen3-4b,25,freq,val,en,zh,坏,"The opposite of ""坏"" is """,好,0,0,22.875,23.125,0.25
qwen3-4b,25,freq,freq,en,zh,坏,"The opposite of ""坏"" is """,好,0,0,22.875,22.375,-0.5
qwen3-4b,26,desc,desc,en,zh,难过,"The opposite of ""难过"" is """,开心,2,2,21.625,21.0,-0.625
qwen3-4b,26,desc,val,en,zh,难过,"The opposite of ""难过"" is """,开心,2,2,21.625,20.125,-1.5
qwen3-4b,26,desc,freq,en,zh,难过,"The opposite of ""难过"" is """,开心,2,2,21.625,21.5,-0.125
qwen3-4b,26,val,desc,en,zh,难过,"The opposite of ""难过"" is """,开心,2,2,21.625,17.75,-3.875
qwen3-4b,26,val,val,en,zh,难过,"The opposite of ""难过"" is """,开心,2,2,21.625,17.0,-4.625
qwen3-4b,26,val,freq,en,zh,难过,"The opposite of ""难过"" is """,开心,2,1,21.625,18.25,-3.375
qwen3-4b,26,freq,desc,en,zh,难过,"The opposite of ""难过"" is """,开心,2,4,21.625,19.0,-2.625
qwen3-4b,26,freq,val,en,zh,难过,"The opposite of ""难过"" is """,开心,2,7,21.625,16.75,-4.875
qwen3-4b,26,freq,freq,en,zh,难过,"The opposite of ""难过"" is """,开心,2,5,21.625,18.875,-2.75
qwen3-4b,27,desc,desc,en,zh,小,"The opposite of ""小"" is """,大,0,0,22.5,22.375,-0.125
qwen3-4b,27,desc,val,en,zh,小,"The opposite of ""小"" is """,大,0,0,22.5,24.75,2.25
qwen3-4b,27,desc,freq,en,zh,小,"The opposite of ""小"" is """,大,0,0,22.5,25.0,2.5
qwen3-4b,27,val,desc,en,zh,小,"The opposite of ""小"" is """,大,0,0,22.5,23.875,1.375
qwen3-4b,27,val,val,en,zh,小,"The opposite of ""小"" is """,大,0,0,22.5,24.0,1.5
qwen3-4b,27,val,freq,en,zh,小,"The opposite of ""小"" is """,大,0,0,22.5,22.625,0.125
qwen3-4b,27,freq,desc,en,zh,小,"The opposite of ""小"" is """,大,0,0,22.5,23.625,1.125
qwen3-4b,27,freq,val,en,zh,小,"The opposite of ""小"" is """,大,0,0,22.5,23.75,1.25
qwen3-4b,27,freq,freq,en,zh,小,"The opposite of ""小"" is """,大,0,0,22.5,23.375,0.875
qwen3-4b,28,desc,desc,en,zh,冷,"The opposite of ""冷"" is """,热,0,0,23.375,22.875,-0.5
qwen3-4b,28,desc,val,en,zh,冷,"The opposite of ""冷"" is """,热,0,0,23.375,22.75,-0.625
qwen3-4b,28,desc,freq,en,zh,冷,"The opposite of ""冷"" is """,热,0,0,23.375,24.75,1.375
qwen3-4b,28,val,desc,en,zh,冷,"The opposite of ""冷"" is """,热,0,0,23.375,19.375,-4.0
qwen3-4b,28,val,val,en,zh,冷,"The opposite of ""冷"" is """,热,0,0,23.375,18.75,-4.625
qwen3-4b,28,val,freq,en,zh,冷,"The opposite of ""冷"" is """,热,0,0,23.375,19.25,-4.125
qwen3-4b,28,freq,desc,en,zh,冷,"The opposite of ""冷"" is """,热,0,0,23.375,21.875,-1.5
qwen3-4b,28,freq,val,en,zh,冷,"The opposite of ""冷"" is """,热,0,2,23.375,20.0,-3.375
qwen3-4b,28,freq,freq,en,zh,冷,"The opposite of ""冷"" is """,热,0,0,23.375,21.625,-1.75
qwen3-4b,29,desc,desc,en,zh,慢,"The opposite of ""慢"" is """,快,0,0,20.625,20.75,0.125
qwen3-4b,29,desc,val,en,zh,慢,"The opposite of ""慢"" is """,快,0,0,20.625,21.375,0.75
qwen3-4b,29,desc,freq,en,zh,慢,"The opposite of ""慢"" is """,快,0,0,20.625,22.375,1.75
qwen3-4b,29,val,desc,en,zh,慢,"The opposite of ""慢"" is """,快,0,0,20.625,16.25,-4.375
qwen3-4b,29,val,val,en,zh,慢,"The opposite of ""慢"" is """,快,0,0,20.625,15.75,-4.875
qwen3-4b,29,val,freq,en,zh,慢,"The opposite of ""慢"" is """,快,0,0,20.625,17.75,-2.875
qwen3-4b,29,freq,desc,en,zh,慢,"The opposite of ""慢"" is """,快,0,0,20.625,19.75,-0.875
qwen3-4b,29,freq,val,en,zh,慢,"The opposite of ""慢"" is """,快,0,0,20.625,19.375,-1.25
qwen3-4b,29,freq,freq,en,zh,慢,"The opposite of ""慢"" is """,快,0,0,20.625,19.75,-0.875
qwen3-4b,30,desc,desc,en,zh,重,"The opposite of ""重"" is """,轻,0,0,22.0,21.625,-0.375
qwen3-4b,30,desc,val,en,zh,重,"The opposite of ""重"" is """,轻,0,0,22.0,23.625,1.625
qwen3-4b,30,desc,freq,en,zh,重,"The opposite of ""重"" is """,轻,0,0,22.0,24.125,2.125
qwen3-4b,30,val,desc,en,zh,重,"The opposite of ""重"" is """,轻,0,0,22.0,23.25,1.25
qwen3-4b,30,val,val,en,zh,重,"The opposite of ""重"" is """,轻,0,0,22.0,22.5,0.5
qwen3-4b,30,val,freq,en,zh,重,"The opposite of ""重"" is """,轻,0,0,22.0,22.5,0.5
qwen3-4b,30,freq,desc,en,zh,重,"The opposite of ""重"" is """,轻,0,0,22.0,21.625,-0.375
qwen3-4b,30,freq,val,en,zh,重,"The opposite of ""重"" is """,轻,0,0,22.0,21.5,-0.5
qwen3-4b,30,freq,freq,en,zh,重,"The opposite of ""重"" is """,轻,0,0,22.0,21.375,-0.625
qwen3-4b,31,desc,desc,en,zh,难,"The opposite of ""难"" is """,易,0,0,23.125,22.75,-0.375
qwen3-4b,31,desc,val,en,zh,难,"The opposite of ""难"" is """,易,0,0,23.125,23.125,0.0
qwen3-4b,31,desc,freq,en,zh,难,"The opposite of ""难"" is """,易,0,0,23.125,24.875,1.75
qwen3-4b,31,val,desc,en,zh,难,"The opposite of ""难"" is """,易,0,0,23.125,21.625,-1.5
qwen3-4b,31,val,val,en,zh,难,"The opposite of ""难"" is """,易,0,0,23.125,21.125,-2.0
qwen3-4b,31,val,freq,en,zh,难,"The opposite of ""难"" is """,易,0,0,23.125,21.75,-1.375
qwen3-4b,31,freq,desc,en,zh,难,"The opposite of ""难"" is """,易,0,0,23.125,23.375,0.25
qwen3-4b,31,freq,val,en,zh,难,"The opposite of ""难"" is """,易,0,0,23.125,22.0,-1.125
qwen3-4b,31,freq,freq,en,zh,难,"The opposite of ""难"" is """,易,0,0,23.125,23.25,0.125
qwen3-4b,32,desc,desc,en,zh,旧,"The opposite of ""旧"" is """,新,0,0,22.625,22.375,-0.25
qwen3-4b,32,desc,val,en,zh,旧,"The opposite of ""旧"" is """,新,0,0,22.625,24.25,1.625
qwen3-4b,32,desc,freq,en,zh,旧,"The opposite of ""旧"" is """,新,0,0,22.625,24.0,1.375
qwen3-4b,32,val,desc,en,zh,旧,"The opposite of ""旧"" is """,新,0,0,22.625,21.25,-1.375
qwen3-4b,32,val,val,en,zh,旧,"The opposite of ""旧"" is """,新,0,0,22.625,21.25,-1.375
qwen3-4b,32,val,freq,en,zh,旧,"The opposite of ""旧"" is """,新,0,0,22.625,21.125,-1.5
qwen3-4b,32,freq,desc,en,zh,旧,"The opposite of ""旧"" is """,新,0,0,22.625,22.75,0.125
qwen3-4b,32,freq,val,en,zh,旧,"The opposite of ""旧"" is """,新,0,0,22.625,23.0,0.375
qwen3-4b,32,freq,freq,en,zh,旧,"The opposite of ""旧"" is """,新,0,0,22.625,22.5,-0.125
qwen3-4b,33,desc,desc,en,zh,假,"The opposite of ""假"" is """,真,0,0,23.25,22.75,-0.5
qwen3-4b,33,desc,val,en,zh,假,"The opposite of ""假"" is """,真,0,0,23.25,22.875,-0.375
qwen3-4b,33,desc,freq,en,zh,假,"The opposite of ""假"" is """,真,0,0,23.25,25.125,1.875
qwen3-4b,33,val,desc,en,zh,假,"The opposite of ""假"" is """,真,0,0,23.25,18.25,-5.0
qwen3-4b,33,val,val,en,zh,假,"The opposite of ""假"" is """,真,0,0,23.25,17.75,-5.5
qwen3-4b,33,val,freq,en,zh,假,"The opposite of ""假"" is """,真,0,0,23.25,19.5,-3.75
qwen3-4b,33,freq,desc,en,zh,假,"The opposite of ""假"" is """,真,0,0,23.25,22.875,-0.375
qwen3-4b,33,freq,val,en,zh,假,"The opposite of ""假"" is """,真,0,0,23.25,21.125,-2.125
qwen3-4b,33,freq,freq,en,zh,假,"The opposite of ""假"" is """,真,0,0,23.25,22.75,-0.5
qwen3-4b,34,desc,desc,en,zh,死,"The opposite of ""死"" is """,生,0,0,22.625,22.25,-0.375
qwen3-4b,34,desc,val,en,zh,死,"The opposite of ""死"" is """,生,0,0,22.625,22.625,0.0
qwen3-4b,34,desc,freq,en,zh,死,"The opposite of ""死"" is """,生,0,0,22.625,23.75,1.125
qwen3-4b,34,val,desc,en,zh,死,"The opposite of ""死"" is """,生,0,0,22.625,20.75,-1.875
qwen3-4b,34,val,val,en,zh,死,"The opposite of ""死"" is """,生,0,0,22.625,20.5,-2.125
qwen3-4b,34,val,freq,en,zh,死,"The opposite of ""死"" is """,生,0,0,22.625,21.5,-1.125
qwen3-4b,34,freq,desc,en,zh,死,"The opposite of ""死"" is """,生,0,0,22.625,22.625,0.0
qwen3-4b,34,freq,val,en,zh,死,"The opposite of ""死"" is """,生,0,0,22.625,21.5,-1.125
qwen3-4b,34,freq,freq,en,zh,死,"The opposite of ""死"" is """,生,0,0,22.625,22.5,-0.125
qwen3-4b,35,desc,desc,en,zh,空,"The opposite of ""空"" is """,满,1,1,19.0,19.0,0.0
qwen3-4b,35,desc,val,en,zh,空,"The opposite of ""空"" is """,满,1,1,19.0,21.5,2.5
qwen3-4b,35,desc,freq,en,zh,空,"The opposite of ""空"" is """,满,1,0,19.0,21.5,2.5
qwen3-4b,35,val,desc,en,zh,空,"The opposite of ""空"" is """,满,1,1,19.0,19.375,0.375
qwen3-4b,35,val,val,en,zh,空,"The opposite of ""空"" is """,满,1,1,19.0,18.75,-0.25
qwen3-4b,35,val,freq,en,zh,空,"The opposite of ""空"" is """,满,1,1,19.0,19.125,0.125
qwen3-4b,35,freq,desc,en,zh,空,"The opposite of ""空"" is """,满,1,1,19.0,19.375,0.375
qwen3-4b,35,freq,val,en,zh,空,"The opposite of ""空"" is """,满,1,1,19.0,19.875,0.875
qwen3-4b,35,freq,freq,en,zh,空,"The opposite of ""空"" is """,满,1,1,19.0,19.0,0.0
qwen3-4b,36,desc,desc,en,zh,暗,"The opposite of ""暗"" is """,亮,3,3,17.25,17.25,0.0
qwen3-4b,36,desc,val,en,zh,暗,"The opposite of ""暗"" is """,亮,3,2,17.25,18.25,1.0
qwen3-4b,36,desc,freq,en,zh,暗,"The opposite of ""暗"" is """,亮,3,2,17.25,20.5,3.25
qwen3-4b,36,val,desc,en,zh,暗,"The opposite of ""暗"" is """,亮,3,6,17.25,13.3125,-3.9375
qwen3-4b,36,val,val,en,zh,暗,"The opposite of ""暗"" is """,亮,3,9,17.25,12.6875,-4.5625
qwen3-4b,36,val,freq,en,zh,暗,"The opposite of ""暗"" is """,亮,3,3,17.25,15.1875,-2.0625
qwen3-4b,36,freq,desc,en,zh,暗,"The opposite of ""暗"" is """,亮,3,4,17.25,17.75,0.5
qwen3-4b,36,freq,val,en,zh,暗,"The opposite of ""暗"" is """,亮,3,4,17.25,16.875,-0.375
qwen3-4b,36,freq,freq,en,zh,暗,"The opposite of ""暗"" is """,亮,3,4,17.25,17.5,0.25
qwen3-4b,37,desc,desc,en,zh,弱,"The opposite of ""弱"" is """,强,0,0,24.625,24.5,-0.125
qwen3-4b,37,desc,val,en,zh,弱,"The opposite of ""弱"" is """,强,0,0,24.625,24.125,-0.5
qwen3-4b,37,desc,freq,en,zh,弱,"The opposite of ""弱"" is """,强,0,0,24.625,26.25,1.625
qwen3-4b,37,val,desc,en,zh,弱,"The opposite of ""弱"" is """,强,0,0,24.625,23.625,-1.0
qwen3-4b,37,val,val,en,zh,弱,"The opposite of ""弱"" is """,强,0,0,24.625,23.75,-0.875
qwen3-4b,37,val,freq,en,zh,弱,"The opposite of ""弱"" is """,强,0,0,24.625,23.5,-1.125
qwen3-4b,37,freq,desc,en,zh,弱,"The opposite of ""弱"" is """,强,0,0,24.625,24.625,0.0
qwen3-4b,37,freq,val,en,zh,弱,"The opposite of ""弱"" is """,强,0,0,24.625,22.375,-2.25
qwen3-4b,37,freq,freq,en,zh,弱,"The opposite of ""弱"" is """,强,0,0,24.625,24.375,-0.25
qwen3-4b,38,desc,desc,en,zh,脏,"The opposite of ""脏"" is """,干净,1,1,20.875,20.625,-0.25
qwen3-4b,38,desc,val,en,zh,脏,"The opposite of ""脏"" is """,干净,1,2,20.875,19.0,-1.875
qwen3-4b,38,desc,freq,en,zh,脏,"The opposite of ""脏"" is """,干净,1,1,20.875,22.875,2.0
qwen3-4b,38,val,desc,en,zh,脏,"The opposite of ""脏"" is """,干净,1,2,20.875,14.8125,-6.0625
qwen3-4b,38,val,val,en,zh,脏,"The opposite of ""脏"" is """,干净,1,2,20.875,14.625,-6.25
qwen3-4b,38,val,freq,en,zh,脏,"The opposite of ""脏"" is """,干净,1,2,20.875,14.75,-6.125
qwen3-4b,38,freq,desc,en,zh,脏,"The opposite of ""脏"" is """,干净,1,3,20.875,20.5,-0.375
qwen3-4b,38,freq,val,en,zh,脏,"The opposite of ""脏"" is """,干净,1,4,20.875,17.375,-3.5
qwen3-4b,38,freq,freq,en,zh,脏,"The opposite of ""脏"" is """,干净,1,3,20.875,20.5,-0.375
qwen3-4b,39,desc,desc,en,zh,关,"The opposite of ""关"" is """,开,0,0,25.0,24.625,-0.375
qwen3-4b,39,desc,val,en,zh,关,"The opposite of ""关"" is """,开,0,0,25.0,23.875,-1.125
qwen3-4b,39,desc,freq,en,zh,关,"The opposite of ""关"" is """,开,0,0,25.0,26.25,1.25
qwen3-4b,39,val,desc,en,zh,关,"The opposite of ""关"" is """,开,0,0,25.0,23.75,-1.25
qwen3-4b,39,val,val,en,zh,关,"The opposite of ""关"" is """,开,0,0,25.0,23.25,-1.75
qwen3-4b,39,val,freq,en,zh,关,"The opposite of ""关"" is """,开,0,0,25.0,23.75,-1.25
qwen3-4b,39,freq,desc,en,zh,关,"The opposite of ""关"" is """,开,0,0,25.0,25.125,0.125
qwen3-4b,39,freq,val,en,zh,关,"The opposite of ""关"" is """,开,0,0,25.0,21.875,-3.125
qwen3-4b,39,freq,freq,en,zh,关,"The opposite of ""关"" is """,开,0,0,25.0,24.75,-0.25
qwen3-4b,40,desc,desc,en,zh,贫穷,"The opposite of ""贫穷"" is """,富裕,0,0,21.75,21.5,-0.25
qwen3-4b,40,desc,val,en,zh,贫穷,"The opposite of ""贫穷"" is """,富裕,0,0,21.75,21.375,-0.375
qwen3-4b,40,desc,freq,en,zh,贫穷,"The opposite of ""贫穷"" is """,富裕,0,0,21.75,21.875,0.125
qwen3-4b,40,val,desc,en,zh,贫穷,"The opposite of ""贫穷"" is """,富裕,0,0,21.75,18.5,-3.25
qwen3-4b,40,val,val,en,zh,贫穷,"The opposite of ""贫穷"" is """,富裕,0,0,21.75,18.25,-3.5
qwen3-4b,40,val,freq,en,zh,贫穷,"The opposite of ""贫穷"" is """,富裕,0,0,21.75,18.625,-3.125
qwen3-4b,40,freq,desc,en,zh,贫穷,"The opposite of ""贫穷"" is """,富裕,0,0,21.75,20.875,-0.875
qwen3-4b,40,freq,val,en,zh,贫穷,"The opposite of ""贫穷"" is """,富裕,0,0,21.75,19.375,-2.375
qwen3-4b,40,freq,freq,en,zh,贫穷,"The opposite of ""贫穷"" is """,富裕,0,0,21.75,20.75,-1.0
qwen3-4b,41,desc,desc,en,zh,丑,"The opposite of ""丑"" is """,美,0,0,21.875,21.75,-0.125
qwen3-4b,41,desc,val,en,zh,丑,"The opposite of ""丑"" is """,美,0,0,21.875,20.875,-1.0
qwen3-4b,41,desc,freq,en,zh,丑,"The opposite of ""丑"" is """,美,0,0,21.875,25.0,3.125
qwen3-4b,41,val,desc,en,zh,丑,"The opposite of ""丑"" is """,美,0,0,21.875,17.625,-4.25
qwen3-4b,41,val,val,en,zh,丑,"The opposite of ""丑"" is """,美,0,0,21.875,17.25,-4.625
qwen3-4b,41,val,freq,en,zh,丑,"The opposite of ""丑"" is """,美,0,0,21.875,17.75,-4.125
qwen3-4b,41,freq,desc,en,zh,丑,"The opposite of ""丑"" is """,美,0,0,21.875,22.25,0.375
qwen3-4b,41,freq,val,en,zh,丑,"The opposite of ""丑"" is """,美,0,0,21.875,19.125,-2.75
qwen3-4b,41,freq,freq,en,zh,丑,"The opposite of ""丑"" is """,美,0,0,21.875,22.0,0.125
qwen3-4b,42,desc,desc,en,zh,短,"The opposite of ""短"" is """,长,0,0,23.75,23.25,-0.5
qwen3-4b,42,desc,val,en,zh,短,"The opposite of ""短"" is """,长,0,0,23.75,25.125,1.375
qwen3-4b,42,desc,freq,en,zh,短,"The opposite of ""短"" is """,长,0,0,23.75,25.75,2.0
qwen3-4b,42,val,desc,en,zh,短,"The opposite of ""短"" is """,长,0,0,23.75,22.375,-1.375
qwen3-4b,42,val,val,en,zh,短,"The opposite of ""短"" is """,长,0,0,23.75,21.875,-1.875
qwen3-4b,42,val,freq,en,zh,短,"The opposite of ""短"" is """,长,0,0,23.75,22.625,-1.125
qwen3-4b,42,freq,desc,en,zh,短,"The opposite of ""短"" is """,长,0,0,23.75,22.875,-0.875
qwen3-4b,42,freq,val,en,zh,短,"The opposite of ""短"" is """,长,0,0,23.75,22.5,-1.25
qwen3-4b,42,freq,freq,en,zh,短,"The opposite of ""短"" is """,长,0,0,23.75,22.625,-1.125
qwen3-4b,43,desc,desc,en,zh,窄,"The opposite of ""窄"" is """,宽,0,0,23.125,23.0,-0.125
qwen3-4b,43,desc,val,en,zh,窄,"The opposite of ""窄"" is """,宽,0,0,23.125,22.25,-0.875
qwen3-4b,43,desc,freq,en,zh,窄,"The opposite of ""窄"" is """,宽,0,0,23.125,25.625,2.5
qwen3-4b,43,val,desc,en,zh,窄,"The opposite of ""窄"" is """,宽,0,0,23.125,15.9375,-7.1875
qwen3-4b,43,val,val,en,zh,窄,"The opposite of ""窄"" is """,宽,0,0,23.125,15.5625,-7.5625
qwen3-4b,43,val,freq,en,zh,窄,"The opposite of ""窄"" is """,宽,0,0,23.125,16.25,-6.875
qwen3-4b,43,freq,desc,en,zh,窄,"The opposite of ""窄"" is """,宽,0,0,23.125,22.875,-0.25
qwen3-4b,43,freq,val,en,zh,窄,"The opposite of ""窄"" is """,宽,0,0,23.125,20.25,-2.875
qwen3-4b,43,freq,freq,en,zh,窄,"The opposite of ""窄"" is """,宽,0,0,23.125,22.75,-0.375
qwen3-4b,44,desc,desc,en,zh,软,"The opposite of ""软"" is """,硬,0,0,24.625,24.875,0.25
qwen3-4b,44,desc,val,en,zh,软,"The opposite of ""软"" is """,硬,0,0,24.625,23.5,-1.125
qwen3-4b,44,desc,freq,en,zh,软,"The opposite of ""软"" is """,硬,0,0,24.625,26.625,2.0
qwen3-4b,44,val,desc,en,zh,软,"The opposite of ""软"" is """,硬,0,0,24.625,18.5,-6.125
qwen3-4b,44,val,val,en,zh,软,"The opposite of ""软"" is """,硬,0,0,24.625,18.125,-6.5
qwen3-4b,44,val,freq,en,zh,软,"The opposite of ""软"" is """,硬,0,0,24.625,20.5,-4.125
qwen3-4b,44,freq,desc,en,zh,软,"The opposite of ""软"" is """,硬,0,0,24.625,24.625,0.0
qwen3-4b,44,freq,val,en,zh,软,"The opposite of ""软"" is """,硬,0,0,24.625,22.0,-2.625
qwen3-4b,44,freq,freq,en,zh,软,"The opposite of ""软"" is """,硬,0,0,24.625,24.625,0.0
qwen3-4b,45,desc,desc,en,zh,湿,"The opposite of ""湿"" is """,干,0,0,22.0,21.875,-0.125
qwen3-4b,45,desc,val,en,zh,湿,"The opposite of ""湿"" is """,干,0,0,22.0,22.625,0.625
qwen3-4b,45,desc,freq,en,zh,湿,"The opposite of ""湿"" is """,干,0,0,22.0,23.5,1.5
qwen3-4b,45,val,desc,en,zh,湿,"The opposite of ""湿"" is """,干,0,0,22.0,16.5,-5.5
qwen3-4b,45,val,val,en,zh,湿,"The opposite of ""湿"" is """,干,0,0,22.0,16.375,-5.625
qwen3-4b,45,val,freq,en,zh,湿,"The opposite of ""湿"" is """,干,0,0,22.0,18.375,-3.625
qwen3-4b,45,freq,desc,en,zh,湿,"The opposite of ""湿"" is """,干,0,0,22.0,21.5,-0.5
qwen3-4b,45,freq,val,en,zh,湿,"The opposite of ""湿"" is """,干,0,0,22.0,21.0,-1.0
qwen3-4b,45,freq,freq,en,zh,湿,"The opposite of ""湿"" is """,干,0,0,22.0,21.375,-0.625
qwen3-4b,46,desc,desc,en,zh,安静,"The opposite of ""安静"" is """,吵闹,4,4,21.0,20.875,-0.125
qwen3-4b,46,desc,val,en,zh,安静,"The opposite of ""安静"" is """,吵闹,4,4,21.0,18.875,-2.125
qwen3-4b,46,desc,freq,en,zh,安静,"The opposite of ""安静"" is """,吵闹,4,4,21.0,21.5,0.5
qwen3-4b,46,val,desc,en,zh,安静,"The opposite of ""安静"" is """,吵闹,4,6,21.0,14.8125,-6.1875
qwen3-4b,46,val,val,en,zh,安静,"The opposite of ""安静"" is """,吵闹,4,7,21.0,14.5,-6.5
qwen3-4b,46,val,freq,en,zh,安静,"The opposite of ""安静"" is """,吵闹,4,4,21.0,15.625,-5.375
qwen3-4b,46,freq,desc,en,zh,安静,"The opposite of ""安静"" is """,吵闹,4,5,21.0,19.875,-1.125
qwen3-4b,46,freq,val,en,zh,安静,"The opposite of ""安静"" is """,吵闹,4,9,21.0,16.75,-4.25
qwen3-4b,46,freq,freq,en,zh,安静,"The opposite of ""安静"" is """,吵闹,4,4,21.0,19.875,-1.125
qwen3-4b,47,desc,desc,en,zh,晚,"The opposite of ""晚"" is """,早,0,0,21.375,21.375,0.0
qwen3-4b,47,desc,val,en,zh,晚,"The opposite of ""晚"" is """,早,0,0,21.375,23.5,2.125
qwen3-4b,47,desc,freq,en,zh,晚,"The opposite of ""晚"" is """,早,0,0,21.375,23.5,2.125
qwen3-4b,47,val,desc,en,zh,晚,"The opposite of ""晚"" is """,早,0,0,21.375,18.125,-3.25
qwen3-4b,47,val,val,en,zh,晚,"The opposite of ""晚"" is """,早,0,0,21.375,17.625,-3.75
qwen3-4b,47,val,freq,en,zh,晚,"The opposite of ""晚"" is """,早,0,0,21.375,20.375,-1.0
qwen3-4b,47,freq,desc,en,zh,晚,"The opposite of ""晚"" is """,早,0,0,21.375,20.75,-0.625
qwen3-4b,47,freq,val,en,zh,晚,"The opposite of ""晚"" is """,早,0,0,21.375,20.75,-0.625
qwen3-4b,47,freq,freq,en,zh,晚,"The opposite of ""晚"" is """,早,0,0,21.375,20.625,-0.75
qwen3-4b,48,desc,desc,en,zh,远,"The opposite of ""远"" is """,近,0,0,27.375,27.25,-0.125
qwen3-4b,48,desc,val,en,zh,远,"The opposite of ""远"" is """,近,0,0,27.375,25.875,-1.5
qwen3-4b,48,desc,freq,en,zh,远,"The opposite of ""远"" is """,近,0,0,27.375,29.375,2.0
qwen3-4b,48,val,desc,en,zh,远,"The opposite of ""远"" is """,近,0,0,27.375,23.5,-3.875
qwen3-4b,48,val,val,en,zh,远,"The opposite of ""远"" is """,近,0,0,27.375,23.625,-3.75
qwen3-4b,48,val,freq,en,zh,远,"The opposite of ""远"" is """,近,0,0,27.375,23.875,-3.5
qwen3-4b,48,freq,desc,en,zh,远,"The opposite of ""远"" is """,近,0,0,27.375,27.625,0.25
qwen3-4b,48,freq,val,en,zh,远,"The opposite of ""远"" is """,近,0,0,27.375,24.875,-2.5
qwen3-4b,48,freq,freq,en,zh,远,"The opposite of ""远"" is """,近,0,0,27.375,27.375,0.0
qwen3-4b,49,desc,desc,en,zh,浅,"The opposite of ""浅"" is """,深,0,0,23.0,22.875,-0.125
qwen3-4b,49,desc,val,en,zh,浅,"The opposite of ""浅"" is """,深,0,0,23.0,22.125,-0.875
qwen3-4b,49,desc,freq,en,zh,浅,"The opposite of ""浅"" is """,深,0,0,23.0,25.25,2.25
qwen3-4b,49,val,desc,en,zh,浅,"The opposite of ""浅"" is """,深,0,1,23.0,14.9375,-8.0625
qwen3-4b,49,val,val,en,zh,浅,"The opposite of ""浅"" is """,深,0,1,23.0,15.125,-7.875
qwen3-4b,49,val,freq,en,zh,浅,"The opposite of ""浅"" is """,深,0,1,23.0,16.0,-7.0
qwen3-4b,49,freq,desc,en,zh,浅,"The opposite of ""浅"" is """,深,0,0,23.0,23.375,0.375
qwen3-4b,49,freq,val,en,zh,浅,"The opposite of ""浅"" is """,深,0,0,23.0,20.5,-2.5
qwen3-4b,49,freq,freq,en,zh,浅,"The opposite of ""浅"" is """,深,0,0,23.0,23.25,0.25
qwen3-4b,50,desc,desc,en,zh,年轻,"The opposite of ""年轻"" is """,老,2,3,18.375,18.25,-0.125
qwen3-4b,50,desc,val,en,zh,年轻,"The opposite of ""年轻"" is """,老,2,1,18.375,19.625,1.25
qwen3-4b,50,desc,freq,en,zh,年轻,"The opposite of ""年轻"" is """,老,2,2,18.375,19.5,1.125
qwen3-4b,50,val,desc,en,zh,年轻,"The opposite of ""年轻"" is """,老,2,2,18.375,16.0,-2.375
qwen3-4b,50,val,val,en,zh,年轻,"The opposite of ""年轻"" is """,老,2,2,18.375,15.625,-2.75
qwen3-4b,50,val,freq,en,zh,年轻,"The opposite of ""年轻"" is """,老,2,1,18.375,16.625,-1.75
qwen3-4b,50,freq,desc,en,zh,年轻,"The opposite of ""年轻"" is """,老,2,2,18.375,18.125,-0.25
qwen3-4b,50,freq,val,en,zh,年轻,"The opposite of ""年轻"" is """,老,2,3,18.375,17.875,-0.5
qwen3-4b,50,freq,freq,en,zh,年轻,"The opposite of ""年轻"" is """,老,2,3,18.375,17.875,-0.5
qwen3-4b,51,desc,desc,en,zh,善良,"The opposite of ""善良"" is """,邪恶,0,0,22.625,22.5,-0.125
qwen3-4b,51,desc,val,en,zh,善良,"The opposite of ""善良"" is """,邪恶,0,0,22.625,20.5,-2.125
qwen3-4b,51,desc,freq,en,zh,善良,"The opposite of ""善良"" is """,邪恶,0,0,22.625,22.625,0.0
qwen3-4b,51,val,desc,en,zh,善良,"The opposite of ""善良"" is """,邪恶,0,0,22.625,17.875,-4.75
qwen3-4b,51,val,val,en,zh,善良,"The opposite of ""善良"" is """,邪恶,0,0,22.625,17.875,-4.75
qwen3-4b,51,val,freq,en,zh,善良,"The opposite of ""善良"" is """,邪恶,0,0,22.625,16.75,-5.875
qwen3-4b,51,freq,desc,en,zh,善良,"The opposite of ""善良"" is """,邪恶,0,1,22.625,21.75,-0.875
qwen3-4b,51,freq,val,en,zh,善良,"The opposite of ""善良"" is """,邪恶,0,2,22.625,18.25,-4.375
qwen3-4b,51,freq,freq,en,zh,善良,"The opposite of ""善良"" is """,邪恶,0,1,22.625,21.875,-0.75
qwen3-4b,52,desc,desc,en,zh,勇敢,"The opposite of ""勇敢"" is """,懦弱,3,3,21.25,20.625,-0.625
qwen3-4b,52,desc,val,en,zh,勇敢,"The opposite of ""勇敢"" is """,懦弱,3,4,21.25,17.5,-3.75
qwen3-4b,52,desc,freq,en,zh,勇敢,"The opposite of ""勇敢"" is """,懦弱,3,3,21.25,21.0,-0.25
qwen3-4b,52,val,desc,en,zh,勇敢,"The opposite of ""勇敢"" is """,懦弱,3,8,21.25,13.5625,-7.6875
qwen3-4b,52,val,val,en,zh,勇敢,"The opposite of ""勇敢"" is """,懦弱,3,7,21.25,13.125,-8.125
qwen3-4b,52,val,freq,en,zh,勇敢,"The opposite of ""勇敢"" is """,懦弱,3,4,21.25,15.0,-6.25
qwen3-4b,52,freq,desc,en,zh,勇敢,"The opposite of ""勇敢"" is """,懦弱,3,10,21.25,18.625,-2.625
qwen3-4b,52,freq,val,en,zh,勇敢,"The opposite of ""勇敢"" is """,懦弱,3,9,21.25,15.5,-5.75
qwen3-4b,52,freq,freq,en,zh,勇敢,"The opposite of ""勇敢"" is """,懦弱,3,10,21.25,18.625,-2.625
qwen3-4b,53,desc,desc,en,zh,明智,"The opposite of ""明智"" is """,愚蠢,0,1,18.75,18.625,-0.125
qwen3-4b,53,desc,val,en,zh,明智,"The opposite of ""明智"" is """,愚蠢,0,0,18.75,19.0,0.25
qwen3-4b,53,desc,freq,en,zh,明智,"The opposite of ""明智"" is """,愚蠢,0,1,18.75,20.0,1.25
qwen3-4b,53,val,desc,en,zh,明智,"The opposite of ""明智"" is """,愚蠢,0,2,18.75,14.25,-4.5
qwen3-4b,53,val,val,en,zh,明智,"The opposite of ""明智"" is """,愚蠢,0,2,18.75,14.0,-4.75
qwen3-4b,53,val,freq,en,zh,明智,"The opposite of ""明智"" is """,愚蠢,0,1,18.75,14.25,-4.5
qwen3-4b,53,freq,desc,en,zh,明智,"The opposite of ""明智"" is """,愚蠢,0,1,18.75,17.75,-1.0
qwen3-4b,53,freq,val,en,zh,明智,"The opposite of ""明智"" is """,愚蠢,0,1,18.75,16.875,-1.875
qwen3-4b,53,freq,freq,en,zh,明智,"The opposite of ""明智"" is """,愚蠢,0,1,18.75,17.625,-1.125
qwen3-4b,54,desc,desc,en,zh,礼貌,"The opposite of ""礼貌"" is """,不礼貌,2,2,20.375,19.875,-0.5
qwen3-4b,54,desc,val,en,zh,礼貌,"The opposite of ""礼貌"" is """,不礼貌,2,1,20.375,19.625,-0.75
qwen3-4b,54,desc,freq,en,zh,礼貌,"The opposite of ""礼貌"" is """,不礼貌,2,2,20.375,21.25,0.875
qwen3-4b,54,val,desc,en,zh,礼貌,"The opposite of ""礼貌"" is """,不礼貌,2,2,20.375,17.0,-3.375
qwen3-4b,54,val,val,en,zh,礼貌,"The opposite of ""礼貌"" is """,不礼貌,2,2,20.375,16.625,-3.75
qwen3-4b,54,val,freq,en,zh,礼貌,"The opposite of ""礼貌"" is """,不礼貌,2,3,20.375,16.875,-3.5
qwen3-4b,54,freq,desc,en,zh,礼貌,"The opposite of ""礼貌"" is """,不礼貌,2,3,20.375,19.5,-0.875
qwen3-4b,54,freq,val,en,zh,礼貌,"The opposite of ""礼貌"" is """,不礼貌,2,3,20.375,17.875,-2.5
qwen3-4b,54,freq,freq,en,zh,礼貌,"The opposite of ""礼貌"" is """,不礼貌,2,4,20.375,19.125,-1.25
qwen3-4b,55,desc,desc,en,zh,耐心,"The opposite of ""耐心"" is """,不耐烦,5,8,17.0,16.75,-0.25
qwen3-4b,55,desc,val,en,zh,耐心,"The opposite of ""耐心"" is """,不耐烦,5,2,17.0,18.25,1.25
qwen3-4b,55,desc,freq,en,zh,耐心,"The opposite of ""耐心"" is """,不耐烦,5,4,17.0,17.75,0.75
qwen3-4b,55,val,desc,en,zh,耐心,"The opposite of ""耐心"" is """,不耐烦,5,9,17.0,12.4375,-4.5625
qwen3-4b,55,val,val,en,zh,耐心,"The opposite of ""耐心"" is """,不耐烦,5,11,17.0,12.0,-5.0
qwen3-4b,55,val,freq,en,zh,耐心,"The opposite of ""耐心"" is """,不耐烦,5,8,17.0,12.625,-4.375
qwen3-4b,55,freq,desc,en,zh,耐心,"The opposite of ""耐心"" is """,不耐烦,5,10,17.0,16.75,-0.25
qwen3-4b,55,freq,val,en,zh,耐心,"The opposite of ""耐心"" is """,不耐烦,5,7,17.0,16.375,-0.625
qwen3-4b,55,freq,freq,en,zh,耐心,"The opposite of ""耐心"" is """,不耐烦,5,13,17.0,16.375,-0.625
qwen3-4b,56,desc,desc,en,zh,诚实,"The opposite of ""诚实"" is """,不诚实,3,3,22.125,21.875,-0.25
qwen3-4b,56,desc,val,en,zh,诚实,"The opposite of ""诚实"" is """,不诚实,3,1,22.125,20.625,-1.5
qwen3-4b,56,desc,freq,en,zh,诚实,"The opposite of ""诚实"" is """,不诚实,3,1,22.125,24.75,2.625
qwen3-4b,56,val,desc,en,zh,诚实,"The opposite of ""诚实"" is """,不诚实,3,1,22.125,17.75,-4.375
qwen3-4b,56,val,val,en,zh,诚实,"The opposite of ""诚实"" is """,不诚实,3,1,22.125,17.25,-4.875
qwen3-4b,56,val,freq,en,zh,诚实,"The opposite of ""诚实"" is """,不诚实,3,1,22.125,18.5,-3.625
qwen3-4b,56,freq,desc,en,zh,诚实,"The opposite of ""诚实"" is """,不诚实,3,2,22.125,22.625,0.5
qwen3-4b,56,freq,val,en,zh,诚实,"The opposite of ""诚实"" is """,不诚实,3,1,22.125,19.75,-2.375
qwen3-4b,56,freq,freq,en,zh,诚实,"The opposite of ""诚实"" is """,不诚实,3,2,22.125,22.5,0.375
qwen3-4b,57,desc,desc,en,zh,安全,"The opposite of ""安全"" is """,危险,0,1,22.125,21.75,-0.375
qwen3-4b,57,desc,val,en,zh,安全,"The opposite of ""安全"" is """,危险,0,0,22.125,22.0,-0.125
qwen3-4b,57,desc,freq,en,zh,安全,"The opposite of ""安全"" is """,危险,0,0,22.125,23.625,1.5
qwen3-4b,57,val,desc,en,zh,安全,"The opposite of ""安全"" is """,危险,0,3,22.125,16.375,-5.75
qwen3-4b,57,val,val,en,zh,安全,"The opposite of ""安全"" is """,危险,0,3,22.125,16.0,-6.125
qwen3-4b,57,val,freq,en,zh,安全,"The opposite of ""安全"" is """,危险,0,1,22.125,17.75,-4.375
qwen3-4b,57,freq,desc,en,zh,安全,"The opposite of ""安全"" is """,危险,0,1,22.125,19.875,-2.25
qwen3-4b,57,freq,val,en,zh,安全,"The opposite of ""安全"" is """,危险,0,3,22.125,18.5,-3.625
qwen3-4b,57,freq,freq,en,zh,安全,"The opposite of ""安全"" is """,危险,0,1,22.125,19.75,-2.375
qwen3-4b,58,desc,desc,en,zh,积极,"The opposite of ""积极"" is """,消极,0,0,26.0,25.75,-0.25
qwen3-4b,58,desc,val,en,zh,积极,"The opposite of ""积极"" is """,消极,0,0,26.0,23.5,-2.5
qwen3-4b,58,desc,freq,en,zh,积极,"The opposite of ""积极"" is """,消极,0,0,26.0,25.375,-0.625
qwen3-4b,58,val,desc,en,zh,积极,"The opposite of ""积极"" is """,消极,0,0,26.0,20.0,-6.0
qwen3-4b,58,val,val,en,zh,积极,"The opposite of ""积极"" is """,消极,0,0,26.0,19.875,-6.125
qwen3-4b,58,val,freq,en,zh,积极,"The opposite of ""积极"" is """,消极,0,0,26.0,19.875,-6.125
qwen3-4b,58,freq,desc,en,zh,积极,"The opposite of ""积极"" is """,消极,0,0,26.0,25.625,-0.375
qwen3-4b,58,freq,val,en,zh,积极,"The opposite of ""积极"" is """,消极,0,0,26.0,21.625,-4.375
qwen3-4b,58,freq,freq,en,zh,积极,"The opposite of ""积极"" is """,消极,0,0,26.0,25.5,-0.5
qwen3-4b,59,desc,desc,en,zh,直,"The opposite of ""直"" is """,弯,1,1,19.0,18.75,-0.25
qwen3-4b,59,desc,val,en,zh,直,"The opposite of ""直"" is """,弯,1,1,19.0,19.625,0.625
qwen3-4b,59,desc,freq,en,zh,直,"The opposite of ""直"" is """,弯,1,1,19.0,21.875,2.875
qwen3-4b,59,val,desc,en,zh,直,"The opposite of ""直"" is """,弯,1,2,19.0,14.375,-4.625
qwen3-4b,59,val,val,en,zh,直,"The opposite of ""直"" is """,弯,1,2,19.0,13.9375,-5.0625
qwen3-4b,59,val,freq,en,zh,直,"The opposite of ""直"" is """,弯,1,2,19.0,15.5,-3.5
qwen3-4b,59,freq,desc,en,zh,直,"The opposite of ""直"" is """,弯,1,2,19.0,18.75,-0.25
qwen3-4b,59,freq,val,en,zh,直,"The opposite of ""直"" is """,弯,1,2,19.0,17.25,-1.75
qwen3-4b,59,freq,freq,en,zh,直,"The opposite of ""直"" is """,弯,1,2,19.0,18.5,-0.5
qwen3-4b,60,desc,desc,en,zh,完整,"The opposite of ""完整"" is """,破,26,25,13.375,13.375,0.0
qwen3-4b,60,desc,val,en,zh,完整,"The opposite of ""完整"" is """,破,26,22,13.375,15.0,1.625
qwen3-4b,60,desc,freq,en,zh,完整,"The opposite of ""完整"" is """,破,26,24,13.375,13.75,0.375
qwen3-4b,60,val,desc,en,zh,完整,"The opposite of ""完整"" is """,破,26,49,13.375,8.9375,-4.4375
qwen3-4b,60,val,val,en,zh,完整,"The opposite of ""完整"" is """,破,26,45,13.375,9.0,-4.375
qwen3-4b,60,val,freq,en,zh,完整,"The opposite of ""完整"" is """,破,26,48,13.375,8.625,-4.75
qwen3-4b,60,freq,desc,en,zh,完整,"The opposite of ""完整"" is """,破,26,42,13.375,12.5,-0.875
qwen3-4b,60,freq,val,en,zh,完整,"The opposite of ""完整"" is """,破,26,45,13.375,13.0625,-0.3125
qwen3-4b,60,freq,freq,en,zh,完整,"The opposite of ""完整"" is """,破,26,42,13.375,12.4375,-0.9375
qwen3-4b,61,desc,desc,en,zh,平静,"The opposite of ""平静"" is """,激动,7,7,16.625,16.375,-0.25
qwen3-4b,61,desc,val,en,zh,平静,"The opposite of ""平静"" is """,激动,7,10,16.625,16.75,0.125
qwen3-4b,61,desc,freq,en,zh,平静,"The opposite of ""平静"" is """,激动,7,9,16.625,17.25,0.625
qwen3-4b,61,val,desc,en,zh,平静,"The opposite of ""平静"" is """,激动,7,2,16.625,16.0,-0.625
qwen3-4b,61,val,val,en,zh,平静,"The opposite of ""平静"" is """,激动,7,3,16.625,15.5625,-1.0625
qwen3-4b,61,val,freq,en,zh,平静,"The opposite of ""平静"" is """,激动,7,4,16.625,16.375,-0.25
qwen3-4b,61,freq,desc,en,zh,平静,"The opposite of ""平静"" is """,激动,7,6,16.625,14.625,-2.0
qwen3-4b,61,freq,val,en,zh,平静,"The opposite of ""平静"" is """,激动,7,14,16.625,13.375,-3.25
qwen3-4b,61,freq,freq,en,zh,平静,"The opposite of ""平静"" is """,激动,7,6,16.625,14.5,-2.125
qwen3-4b,62,desc,desc,en,zh,正确,"The opposite of ""正确"" is """,错误,0,0,23.875,23.625,-0.25
qwen3-4b,62,desc,val,en,zh,正确,"The opposite of ""正确"" is """,错误,0,0,23.875,25.875,2.0
qwen3-4b,62,desc,freq,en,zh,正确,"The opposite of ""正确"" is """,错误,0,0,23.875,24.125,0.25
qwen3-4b,62,val,desc,en,zh,正确,"The opposite of ""正确"" is """,错误,0,0,23.875,22.75,-1.125
qwen3-4b,62,val,val,en,zh,正确,"The opposite of ""正确"" is """,错误,0,0,23.875,22.25,-1.625
qwen3-4b,62,val,freq,en,zh,正确,"The opposite of ""正确"" is """,错误,0,0,23.875,23.125,-0.75
qwen3-4b,62,freq,desc,en,zh,正确,"The opposite of ""正确"" is """,错误,0,0,23.875,22.5,-1.375
qwen3-4b,62,freq,val,en,zh,正确,"The opposite of ""正确"" is """,错误,0,0,23.875,23.75,-0.125
qwen3-4b,62,freq,freq,en,zh,正确,"The opposite of ""正确"" is """,错误,0,0,23.875,22.25,-1.625
qwen3-4b,63,desc,desc,en,zh,复杂,"The opposite of ""复杂"" is """,简单,1,1,21.875,21.5,-0.375
qwen3-4b,63,desc,val,en,zh,复杂,"The opposite of ""复杂"" is """,简单,1,0,21.875,23.75,1.875
qwen3-4b,63,desc,freq,en,zh,复杂,"The opposite of ""复杂"" is """,简单,1,0,21.875,23.25,1.375
qwen3-4b,63,val,desc,en,zh,复杂,"The opposite of ""复杂"" is """,简单,1,1,21.875,19.0,-2.875
qwen3-4b,63,val,val,en,zh,复杂,"The opposite of ""复杂"" is """,简单,1,1,21.875,18.625,-3.25
qwen3-4b,63,val,freq,en,zh,复杂,"The opposite of ""复杂"" is """,简单,1,0,21.875,20.875,-1.0
qwen3-4b,63,freq,desc,en,zh,复杂,"The opposite of ""复杂"" is """,简单,1,1,21.875,20.375,-1.5
qwen3-4b,63,freq,val,en,zh,复杂,"The opposite of ""复杂"" is """,简单,1,1,21.875,21.125,-0.75
qwen3-4b,63,freq,freq,en,zh,复杂,"The opposite of ""复杂"" is """,简单,1,1,21.875,20.25,-1.625
qwen3-4b,64,desc,desc,en,zh,有效,"The opposite of ""有效"" is """,无效,0,0,23.75,23.5,-0.25
qwen3-4b,64,desc,val,en,zh,有效,"The opposite of ""有效"" is """,无效,0,0,23.75,24.75,1.0
qwen3-4b,64,desc,freq,en,zh,有效,"The opposite of ""有效"" is """,无效,0,0,23.75,23.75,0.0
qwen3-4b,64,val,desc,en,zh,有效,"The opposite of ""有效"" is """,无效,0,0,23.75,19.75,-4.0
qwen3-4b,64,val,val,en,zh,有效,"The opposite of ""有效"" is """,无效,0,0,23.75,19.125,-4.625
qwen3-4b,64,val,freq,en,zh,有效,"The opposite of ""有效"" is """,无效,0,0,23.75,19.875,-3.875
qwen3-4b,64,freq,desc,en,zh,有效,"The opposite of ""有效"" is """,无效,0,0,23.75,21.75,-2.0
qwen3-4b,64,freq,val,en,zh,有效,"The opposite of ""有效"" is """,无效,0,0,23.75,21.875,-1.875
qwen3-4b,64,freq,freq,en,zh,有效,"The opposite of ""有效"" is """,无效,0,0,23.75,21.75,-2.0
qwen3-4b,65,desc,desc,en,zh,著名,"The opposite of ""著名"" is """,不为人知,0,0,20.375,20.25,-0.125
qwen3-4b,65,desc,val,en,zh,著名,"The opposite of ""著名"" is """,不为人知,0,0,20.375,22.5,2.125
qwen3-4b,65,desc,freq,en,zh,著名,"The opposite of ""著名"" is """,不为人知,0,0,20.375,22.5,2.125
qwen3-4b,65,val,desc,en,zh,著名,"The opposite of ""著名"" is """,不为人知,0,0,20.375,20.75,0.375
qwen3-4b,65,val,val,en,zh,著名,"The opposite of ""著名"" is """,不为人知,0,0,20.375,20.375,0.0
qwen3-4b,65,val,freq,en,zh,著名,"The opposite of ""著名"" is """,不为人知,0,0,20.375,20.25,-0.125
qwen3-4b,65,freq,desc,en,zh,著名,"The opposite of ""著名"" is """,不为人知,0,2,20.375,19.5,-0.875
qwen3-4b,65,freq,val,en,zh,著名,"The opposite of ""著名"" is """,不为人知,0,1,20.375,19.75,-0.625
qwen3-4b,65,freq,freq,en,zh,著名,"The opposite of ""著名"" is """,不为人知,0,2,20.375,19.25,-1.125
qwen3-4b,66,desc,desc,en,zh,慷慨,"The opposite of ""慷慨"" is """,吝啬,0,0,22.75,22.5,-0.25
qwen3-4b,66,desc,val,en,zh,慷慨,"The opposite of ""慷慨"" is """,吝啬,0,0,22.75,21.25,-1.5
qwen3-4b,66,desc,freq,en,zh,慷慨,"The opposite of ""慷慨"" is """,吝啬,0,1,22.75,22.5,-0.25
qwen3-4b,66,val,desc,en,zh,慷慨,"The opposite of ""慷慨"" is """,吝啬,0,1,22.75,17.625,-5.125
qwen3-4b,66,val,val,en,zh,慷慨,"The opposite of ""慷慨"" is """,吝啬,0,1,22.75,17.5,-5.25
qwen3-4b,66,val,freq,en,zh,慷慨,"The opposite of ""慷慨"" is """,吝啬,0,1,22.75,17.625,-5.125
qwen3-4b,66,freq,desc,en,zh,慷慨,"The opposite of ""慷慨"" is """,吝啬,0,1,22.75,21.625,-1.125
qwen3-4b,66,freq,val,en,zh,慷慨,"The opposite of ""慷慨"" is """,吝啬,0,1,22.75,19.625,-3.125
qwen3-4b,66,freq,freq,en,zh,慷慨,"The opposite of ""慷慨"" is """,吝啬,0,1,22.75,21.75,-1.0
qwen3-4b,67,desc,desc,en,zh,高兴,"The opposite of ""高兴"" is """,不高兴,10,12,19.0,18.375,-0.625
qwen3-4b,67,desc,val,en,zh,高兴,"The opposite of ""高兴"" is """,不高兴,10,3,19.0,18.125,-0.875
qwen3-4b,67,desc,freq,en,zh,高兴,"The opposite of ""高兴"" is """,不高兴,10,5,19.0,20.25,1.25
qwen3-4b,67,val,desc,en,zh,高兴,"The opposite of ""高兴"" is """,不高兴,10,6,19.0,14.375,-4.625
qwen3-4b,67,val,val,en,zh,高兴,"The opposite of ""高兴"" is """,不高兴,10,8,19.0,13.6875,-5.3125
qwen3-4b,67,val,freq,en,zh,高兴,"The opposite of ""高兴"" is """,不高兴,10,9,19.0,14.9375,-4.0625
qwen3-4b,67,freq,desc,en,zh,高兴,"The opposite of ""高兴"" is """,不高兴,10,23,19.0,16.625,-2.375
qwen3-4b,67,freq,val,en,zh,高兴,"The opposite of ""高兴"" is """,不高兴,10,17,19.0,15.375,-3.625
qwen3-4b,67,freq,freq,en,zh,高兴,"The opposite of ""高兴"" is """,不高兴,10,27,19.0,16.125,-2.875
qwen3-4b,68,desc,desc,en,zh,健康,"The opposite of ""健康"" is """,生病,3,5,18.625,18.375,-0.25
qwen3-4b,68,desc,val,en,zh,健康,"The opposite of ""健康"" is """,生病,3,1,18.625,17.375,-1.25
qwen3-4b,68,desc,freq,en,zh,健康,"The opposite of ""健康"" is """,生病,3,2,18.625,18.625,0.0
qwen3-4b,68,val,desc,en,zh,健康,"The opposite of ""健康"" is """,生病,3,5,18.625,14.6875,-3.9375
qwen3-4b,68,val,val,en,zh,健康,"The opposite of ""健康"" is """,生病,3,5,18.625,14.5625,-4.0625
qwen3-4b,68,val,freq,en,zh,健康,"The opposite of ""健康"" is """,生病,3,2,18.625,15.5,-3.125
qwen3-4b,68,freq,desc,en,zh,健康,"The opposite of ""健康"" is """,生病,3,10,18.625,16.75,-1.875
qwen3-4b,68,freq,val,en,zh,健康,"The opposite of ""健康"" is """,生病,3,4,18.625,15.4375,-3.1875
qwen3-4b,68,freq,freq,en,zh,健康,"The opposite of ""健康"" is """,生病,3,10,18.625,16.875,-1.75
qwen3-4b,69,desc,desc,en,zh,高,"The opposite of ""高"" is """,低,0,0,21.875,21.75,-0.125
qwen3-4b,69,desc,val,en,zh,高,"The opposite of ""高"" is """,低,0,0,21.875,23.375,1.5
qwen3-4b,69,desc,freq,en,zh,高,"The opposite of ""高"" is """,低,0,0,21.875,24.0,2.125
qwen3-4b,69,val,desc,en,zh,高,"The opposite of ""高"" is """,低,0,0,21.875,19.0,-2.875
qwen3-4b,69,val,val,en,zh,高,"The opposite of ""高"" is """,低,0,0,21.875,18.75,-3.125
qwen3-4b,69,val,freq,en,zh,高,"The opposite of ""高"" is """,低,0,0,21.875,18.875,-3.0
qwen3-4b,69,freq,desc,en,zh,高,"The opposite of ""高"" is """,低,0,0,21.875,21.75,-0.125
qwen3-4b,69,freq,val,en,zh,高,"The opposite of ""高"" is """,低,0,0,21.875,21.5,-0.375
qwen3-4b,69,freq,freq,en,zh,高,"The opposite of ""高"" is """,低,0,0,21.875,21.625,-0.25
qwen3-4b,70,desc,desc,en,zh,重要,"The opposite of ""重要"" is """,不重要,0,0,20.125,19.875,-0.25
qwen3-4b,70,desc,val,en,zh,重要,"The opposite of ""重要"" is """,不重要,0,0,20.125,22.75,2.625
qwen3-4b,70,desc,freq,en,zh,重要,"The opposite of ""重要"" is """,不重要,0,0,20.125,21.5,1.375
qwen3-4b,70,val,desc,en,zh,重要,"The opposite of ""重要"" is """,不重要,0,0,20.125,19.0,-1.125
qwen3-4b,70,val,val,en,zh,重要,"The opposite of ""重要"" is """,不重要,0,1,20.125,18.0,-2.125
qwen3-4b,70,val,freq,en,zh,重要,"The opposite of ""重要"" is """,不重要,0,0,20.125,19.75,-0.375
qwen3-4b,70,freq,desc,en,zh,重要,"The opposite of ""重要"" is """,不重要,0,0,20.125,19.25,-0.875
qwen3-4b,70,freq,val,en,zh,重要,"The opposite of ""重要"" is """,不重要,0,0,20.125,20.125,0.0
qwen3-4b,70,freq,freq,en,zh,重要,"The opposite of ""重要"" is """,不重要,0,0,20.125,19.0,-1.125
qwen3-4b,71,desc,desc,en,zh,无辜,"The opposite of ""无辜"" is """,有罪,1,2,19.75,19.25,-0.5
qwen3-4b,71,desc,val,en,zh,无辜,"The opposite of ""无辜"" is """,有罪,1,0,19.75,20.875,1.125
qwen3-4b,71,desc,freq,en,zh,无辜,"The opposite of ""无辜"" is """,有罪,1,0,19.75,21.375,1.625
qwen3-4b,71,val,desc,en,zh,无辜,"The opposite of ""无辜"" is """,有罪,1,0,19.75,16.375,-3.375
qwen3-4b,71,val,val,en,zh,无辜,"The opposite of ""无辜"" is """,有罪,1,1,19.75,15.8125,-3.9375
qwen3-4b,71,val,freq,en,zh,无辜,"The opposite of ""无辜"" is """,有罪,1,0,19.75,16.625,-3.125
qwen3-4b,71,freq,desc,en,zh,无辜,"The opposite of ""无辜"" is """,有罪,1,3,19.75,18.75,-1.0
qwen3-4b,71,freq,val,en,zh,无辜,"The opposite of ""无辜"" is """,有罪,1,2,19.75,18.125,-1.625
qwen3-4b,71,freq,freq,en,zh,无辜,"The opposite of ""无辜"" is """,有罪,1,3,19.75,18.25,-1.5
qwen3-4b,72,desc,desc,en,zh,已知,"The opposite of ""已知"" is """,未知,0,0,21.875,21.5,-0.375
qwen3-4b,72,desc,val,en,zh,已知,"The opposite of ""已知"" is """,未知,0,0,21.875,22.875,1.0
qwen3-4b,72,desc,freq,en,zh,已知,"The opposite of ""已知"" is """,未知,0,0,21.875,22.875,1.0
qwen3-4b,72,val,desc,en,zh,已知,"The opposite of ""已知"" is """,未知,0,0,21.875,20.625,-1.25
qwen3-4b,72,val,val,en,zh,已知,"The opposite of ""已知"" is """,未知,0,0,21.875,20.25,-1.625
qwen3-4b,72,val,freq,en,zh,已知,"The opposite of ""已知"" is """,未知,0,0,21.875,20.0,-1.875
qwen3-4b,72,freq,desc,en,zh,已知,"The opposite of ""已知"" is """,未知,0,0,21.875,21.0,-0.875
qwen3-4b,72,freq,val,en,zh,已知,"The opposite of ""已知"" is """,未知,0,0,21.875,20.375,-1.5
qwen3-4b,72,freq,freq,en,zh,已知,"The opposite of ""已知"" is """,未知,0,0,21.875,20.75,-1.125
qwen3-4b,73,desc,desc,en,zh,男性,"The opposite of ""男性"" is """,女性,1,1,22.75,22.25,-0.5
qwen3-4b,73,desc,val,en,zh,男性,"The opposite of ""男性"" is """,女性,1,1,22.75,22.25,-0.5
qwen3-4b,73,desc,freq,en,zh,男性,"The opposite of ""男性"" is """,女性,1,0,22.75,25.0,2.25
qwen3-4b,73,val,desc,en,zh,男性,"The opposite of ""男性"" is """,女性,1,1,22.75,17.375,-5.375
qwen3-4b,73,val,val,en,zh,男性,"The opposite of ""男性"" is """,女性,1,1,22.75,17.5,-5.25
qwen3-4b,73,val,freq,en,zh,男性,"The opposite of ""男性"" is """,女性,1,0,22.75,17.875,-4.875
qwen3-4b,73,freq,desc,en,zh,男性,"The opposite of ""男性"" is """,女性,1,1,22.75,22.125,-0.625
qwen3-4b,73,freq,val,en,zh,男性,"The opposite of ""男性"" is """,女性,1,1,22.75,19.75,-3.0
qwen3-4b,73,freq,freq,en,zh,男性,"The opposite of ""男性"" is """,女性,1,1,22.75,22.25,-0.5
qwen3-4b,74,desc,desc,en,zh,正常,"The opposite of ""正常"" is """,异常,0,0,21.0,20.5,-0.5
qwen3-4b,74,desc,val,en,zh,正常,"The opposite of ""正常"" is """,异常,0,0,21.0,21.75,0.75
qwen3-4b,74,desc,freq,en,zh,正常,"The opposite of ""正常"" is """,异常,0,0,21.0,21.875,0.875
qwen3-4b,74,val,desc,en,zh,正常,"The opposite of ""正常"" is """,异常,0,0,21.0,19.5,-1.5
qwen3-4b,74,val,val,en,zh,正常,"The opposite of ""正常"" is """,异常,0,1,21.0,18.75,-2.25
qwen3-4b,74,val,freq,en,zh,正常,"The opposite of ""正常"" is """,异常,0,0,21.0,19.875,-1.125
qwen3-4b,74,freq,desc,en,zh,正常,"The opposite of ""正常"" is """,异常,0,1,21.0,19.0,-2.0
qwen3-4b,74,freq,val,en,zh,正常,"The opposite of ""正常"" is """,异常,0,2,21.0,18.25,-2.75
qwen3-4b,74,freq,freq,en,zh,正常,"The opposite of ""正常"" is """,异常,0,1,21.0,18.875,-2.125
qwen3-4b,75,desc,desc,en,zh,可能,"The opposite of ""可能"" is """,不可能,0,0,22.875,22.5,-0.375
qwen3-4b,75,desc,val,en,zh,可能,"The opposite of ""可能"" is """,不可能,0,0,22.875,22.625,-0.25
qwen3-4b,75,desc,freq,en,zh,可能,"The opposite of ""可能"" is """,不可能,0,0,22.875,23.625,0.75
qwen3-4b,75,val,desc,en,zh,可能,"The opposite of ""可能"" is """,不可能,0,0,22.875,19.0,-3.875
qwen3-4b,75,val,val,en,zh,可能,"The opposite of ""可能"" is """,不可能,0,0,22.875,18.25,-4.625
qwen3-4b,75,val,freq,en,zh,可能,"The opposite of ""可能"" is """,不可能,0,0,22.875,20.5,-2.375
qwen3-4b,75,freq,desc,en,zh,可能,"The opposite of ""可能"" is """,不可能,0,0,22.875,21.875,-1.0
qwen3-4b,75,freq,val,en,zh,可能,"The opposite of ""可能"" is """,不可能,0,0,22.875,20.875,-2.0
qwen3-4b,75,freq,freq,en,zh,可能,"The opposite of ""可能"" is """,不可能,0,0,22.875,21.75,-1.125
qwen3-4b,76,desc,desc,en,zh,私人,"The opposite of ""私人"" is """,公共,1,2,19.375,18.875,-0.5
qwen3-4b,76,desc,val,en,zh,私人,"The opposite of ""私人"" is """,公共,1,1,19.375,20.75,1.375
qwen3-4b,76,desc,freq,en,zh,私人,"The opposite of ""私人"" is """,公共,1,0,19.375,20.375,1.0
qwen3-4b,76,val,desc,en,zh,私人,"The opposite of ""私人"" is """,公共,1,4,19.375,14.5625,-4.8125
qwen3-4b,76,val,val,en,zh,私人,"The opposite of ""私人"" is """,公共,1,4,19.375,14.3125,-5.0625
qwen3-4b,76,val,freq,en,zh,私人,"The opposite of ""私人"" is """,公共,1,2,19.375,15.375,-4.0
qwen3-4b,76,freq,desc,en,zh,私人,"The opposite of ""私人"" is """,公共,1,3,19.375,17.75,-1.625
qwen3-4b,76,freq,val,en,zh,私人,"The opposite of ""私人"" is """,公共,1,3,19.375,17.875,-1.5
qwen3-4b,76,freq,freq,en,zh,私人,"The opposite of ""私人"" is """,公共,1,3,19.375,17.625,-1.75
qwen3-4b,77,desc,desc,en,zh,对,"The opposite of ""对"" is """,错,0,0,26.5,26.125,-0.375
qwen3-4b,77,desc,val,en,zh,对,"The opposite of ""对"" is """,错,0,0,26.5,24.875,-1.625
qwen3-4b,77,desc,freq,en,zh,对,"The opposite of ""对"" is """,错,0,0,26.5,27.5,1.0
qwen3-4b,77,val,desc,en,zh,对,"The opposite of ""对"" is """,错,0,0,26.5,23.5,-3.0
qwen3-4b,77,val,val,en,zh,对,"The opposite of ""对"" is """,错,0,0,26.5,22.875,-3.625
qwen3-4b,77,val,freq,en,zh,对,"The opposite of ""对"" is """,错,0,0,26.5,23.875,-2.625
qwen3-4b,77,freq,desc,en,zh,对,"The opposite of ""对"" is """,错,0,0,26.5,26.375,-0.125
qwen3-4b,77,freq,val,en,zh,对,"The opposite of ""对"" is """,错,0,0,26.5,23.875,-2.625
qwen3-4b,77,freq,freq,en,zh,对,"The opposite of ""对"" is """,错,0,0,26.5,26.125,-0.375
qwen3-4b,78,desc,desc,en,zh,简单,"The opposite of ""简单"" is """,复杂,0,0,21.25,21.0,-0.25
qwen3-4b,78,desc,val,en,zh,简单,"The opposite of ""简单"" is """,复杂,0,0,21.25,23.75,2.5
qwen3-4b,78,desc,freq,en,zh,简单,"The opposite of ""简单"" is """,复杂,0,0,21.25,22.25,1.0
qwen3-4b,78,val,desc,en,zh,简单,"The opposite of ""简单"" is """,复杂,0,0,21.25,21.375,0.125
qwen3-4b,78,val,val,en,zh,简单,"The opposite of ""简单"" is """,复杂,0,0,21.25,20.75,-0.5
qwen3-4b,78,val,freq,en,zh,简单,"The opposite of ""简单"" is """,复杂,0,0,21.25,21.5,0.25
qwen3-4b,78,freq,desc,en,zh,简单,"The opposite of ""简单"" is """,复杂,0,1,21.25,19.375,-1.875
qwen3-4b,78,freq,val,en,zh,简单,"The opposite of ""简单"" is """,复杂,0,2,21.25,20.375,-0.875
qwen3-4b,78,freq,freq,en,zh,简单,"The opposite of ""简单"" is """,复杂,0,1,21.25,19.25,-2.0
qwen3-4b,79,desc,desc,en,zh,甜,"The opposite of ""甜"" is """,苦,0,0,26.875,26.5,-0.375
qwen3-4b,79,desc,val,en,zh,甜,"The opposite of ""甜"" is """,苦,0,0,26.875,23.25,-3.625
qwen3-4b,79,desc,freq,en,zh,甜,"The opposite of ""甜"" is """,苦,0,0,26.875,25.25,-1.625
qwen3-4b,79,val,desc,en,zh,甜,"The opposite of ""甜"" is """,苦,0,0,26.875,23.5,-3.375
qwen3-4b,79,val,val,en,zh,甜,"The opposite of ""甜"" is """,苦,0,0,26.875,23.125,-3.75
qwen3-4b,79,val,freq,en,zh,甜,"The opposite of ""甜"" is """,苦,0,0,26.875,21.5,-5.375
qwen3-4b,79,freq,desc,en,zh,甜,"The opposite of ""甜"" is """,苦,0,0,26.875,25.375,-1.5
qwen3-4b,79,freq,val,en,zh,甜,"The opposite of ""甜"" is """,苦,0,0,26.875,21.625,-5.25
qwen3-4b,79,freq,freq,en,zh,甜,"The opposite of ""甜"" is """,苦,0,0,26.875,25.125,-1.75
qwen3-4b,80,desc,desc,en,zh,可见,"The opposite of ""可见"" is """,不可见,0,0,21.25,21.25,0.0
qwen3-4b,80,desc,val,en,zh,可见,"The opposite of ""可见"" is """,不可见,0,0,21.25,22.625,1.375
qwen3-4b,80,desc,freq,en,zh,可见,"The opposite of ""可见"" is """,不可见,0,0,21.25,22.625,1.375
qwen3-4b,80,val,desc,en,zh,可见,"The opposite of ""可见"" is """,不可见,0,0,21.25,19.75,-1.5
qwen3-4b,80,val,val,en,zh,可见,"The opposite of ""可见"" is """,不可见,0,0,21.25,19.25,-2.0
qwen3-4b,80,val,freq,en,zh,可见,"The opposite of ""可见"" is """,不可见,0,0,21.25,20.125,-1.125
qwen3-4b,80,freq,desc,en,zh,可见,"The opposite of ""可见"" is """,不可见,0,0,21.25,21.0,-0.25
qwen3-4b,80,freq,val,en,zh,可见,"The opposite of ""可见"" is """,不可见,0,0,21.25,21.25,0.0
qwen3-4b,80,freq,freq,en,zh,可见,"The opposite of ""可见"" is """,不可见,0,0,21.25,20.875,-0.375
qwen3-4b,81,desc,desc,en,zh,暖和,"The opposite of ""暖和"" is """,冷,3,2,20.125,20.125,0.0
qwen3-4b,81,desc,val,en,zh,暖和,"The opposite of ""暖和"" is """,冷,3,2,20.125,21.0,0.875
qwen3-4b,81,desc,freq,en,zh,暖和,"The opposite of ""暖和"" is """,冷,3,2,20.125,22.125,2.0
qwen3-4b,81,val,desc,en,zh,暖和,"The opposite of ""暖和"" is """,冷,3,2,20.125,17.875,-2.25
qwen3-4b,81,val,val,en,zh,暖和,"The opposite of ""暖和"" is """,冷,3,2,20.125,17.5,-2.625
qwen3-4b,81,val,freq,en,zh,暖和,"The opposite of ""暖和"" is """,冷,3,2,20.125,17.875,-2.25
qwen3-4b,81,freq,desc,en,zh,暖和,"The opposite of ""暖和"" is """,冷,3,4,20.125,19.375,-0.75
qwen3-4b,81,freq,val,en,zh,暖和,"The opposite of ""暖和"" is """,冷,3,4,20.125,18.25,-1.875
qwen3-4b,81,freq,freq,en,zh,暖和,"The opposite of ""暖和"" is """,冷,3,5,20.125,19.0,-1.125
qwen3-4b,82,desc,desc,en,zh,光滑,"The opposite of ""光滑"" is """,粗糙,0,0,21.375,21.5,0.125
qwen3-4b,82,desc,val,en,zh,光滑,"The opposite of ""光滑"" is """,粗糙,0,0,21.375,22.5,1.125
qwen3-4b,82,desc,freq,en,zh,光滑,"The opposite of ""光滑"" is """,粗糙,0,0,21.375,23.0,1.625
qwen3-4b,82,val,desc,en,zh,光滑,"The opposite of ""光滑"" is """,粗糙,0,1,21.375,16.75,-4.625
qwen3-4b,82,val,val,en,zh,光滑,"The opposite of ""光滑"" is """,粗糙,0,1,21.375,16.5,-4.875
qwen3-4b,82,val,freq,en,zh,光滑,"The opposite of ""光滑"" is """,粗糙,0,1,21.375,17.75,-3.625
qwen3-4b,82,freq,desc,en,zh,光滑,"The opposite of ""光滑"" is """,粗糙,0,2,21.375,20.875,-0.5
qwen3-4b,82,freq,val,en,zh,光滑,"The opposite of ""光滑"" is """,粗糙,0,2,21.375,19.5,-1.875
qwen3-4b,82,freq,freq,en,zh,光滑,"The opposite of ""光滑"" is """,粗糙,0,2,21.375,20.875,-0.5
qwen3-4b,83,desc,desc,en,zh,薄,"The opposite of ""薄"" is """,厚,0,0,28.0,28.0,0.0
qwen3-4b,83,desc,val,en,zh,薄,"The opposite of ""薄"" is """,厚,0,0,28.0,23.125,-4.875
qwen3-4b,83,desc,freq,en,zh,薄,"The opposite of ""薄"" is """,厚,0,0,28.0,29.75,1.75
qwen3-4b,83,val,desc,en,zh,薄,"The opposite of ""薄"" is """,厚,0,0,28.0,19.75,-8.25
qwen3-4b,83,val,val,en,zh,薄,"The opposite of ""薄"" is """,厚,0,0,28.0,19.5,-8.5
qwen3-4b,83,val,freq,en,zh,薄,"The opposite of ""薄"" is """,厚,0,0,28.0,19.5,-8.5
qwen3-4b,83,freq,desc,en,zh,薄,"The opposite of ""薄"" is """,厚,0,0,28.0,27.625,-0.375
qwen3-4b,83,freq,val,en,zh,薄,"The opposite of ""薄"" is """,厚,0,0,28.0,21.875,-6.125
qwen3-4b,83,freq,freq,en,zh,薄,"The opposite of ""薄"" is """,厚,0,0,28.0,27.625,-0.375
qwen3-4b,84,desc,desc,en,zh,高,"The opposite of ""高"" is """,矮,4,5,15.25,15.125,-0.125
qwen3-4b,84,desc,val,en,zh,高,"The opposite of ""高"" is """,矮,4,5,15.25,16.0,0.75
qwen3-4b,84,desc,freq,en,zh,高,"The opposite of ""高"" is """,矮,4,2,15.25,17.125,1.875
qwen3-4b,84,val,desc,en,zh,高,"The opposite of ""高"" is """,矮,4,7,15.25,11.4375,-3.8125
qwen3-4b,84,val,val,en,zh,高,"The opposite of ""高"" is """,矮,4,7,15.25,11.3125,-3.9375
qwen3-4b,84,val,freq,en,zh,高,"The opposite of ""高"" is """,矮,4,6,15.25,11.5625,-3.6875
qwen3-4b,84,freq,desc,en,zh,高,"The opposite of ""高"" is """,矮,4,9,15.25,14.5,-0.75
qwen3-4b,84,freq,val,en,zh,高,"The opposite of ""高"" is """,矮,4,13,15.25,14.25,-1.0
qwen3-4b,84,freq,freq,en,zh,高,"The opposite of ""高"" is """,矮,4,9,15.25,14.4375,-0.8125
qwen3-4b,85,desc,desc,en,zh,已婚,"The opposite of ""已婚"" is """,未婚,0,0,23.125,22.5,-0.625
qwen3-4b,85,desc,val,en,zh,已婚,"The opposite of ""已婚"" is """,未婚,0,0,23.125,21.125,-2.0
qwen3-4b,85,desc,freq,en,zh,已婚,"The opposite of ""已婚"" is """,未婚,0,0,23.125,24.75,1.625
qwen3-4b,85,val,desc,en,zh,已婚,"The opposite of ""已婚"" is """,未婚,0,1,23.125,15.6875,-7.4375
qwen3-4b,85,val,val,en,zh,已婚,"The opposite of ""已婚"" is """,未婚,0,1,23.125,15.375,-7.75
qwen3-4b,85,val,freq,en,zh,已婚,"The opposite of ""已婚"" is """,未婚,0,0,23.125,17.25,-5.875
qwen3-4b,85,freq,desc,en,zh,已婚,"The opposite of ""已婚"" is """,未婚,0,0,23.125,20.875,-2.25
qwen3-4b,85,freq,val,en,zh,已婚,"The opposite of ""已婚"" is """,未婚,0,0,23.125,18.5,-4.625
qwen3-4b,85,freq,freq,en,zh,已婚,"The opposite of ""已婚"" is """,未婚,0,0,23.125,20.75,-2.375
qwen3-4b,86,desc,desc,en,zh,乐观,"The opposite of ""乐观"" is """,悲观,0,0,25.125,24.625,-0.5
qwen3-4b,86,desc,val,en,zh,乐观,"The opposite of ""乐观"" is """,悲观,0,0,25.125,22.0,-3.125
qwen3-4b,86,desc,freq,en,zh,乐观,"The opposite of ""乐观"" is """,悲观,0,0,25.125,25.5,0.375
qwen3-4b,86,val,desc,en,zh,乐观,"The opposite of ""乐观"" is """,悲观,0,2,25.125,16.75,-8.375
qwen3-4b,86,val,val,en,zh,乐观,"The opposite of ""乐观"" is """,悲观,0,3,25.125,16.25,-8.875
qwen3-4b,86,val,freq,en,zh,乐观,"The opposite of ""乐观"" is """,悲观,0,3,25.125,16.625,-8.5
qwen3-4b,86,freq,desc,en,zh,乐观,"The opposite of ""乐观"" is """,悲观,0,1,25.125,23.5,-1.625
qwen3-4b,86,freq,val,en,zh,乐观,"The opposite of ""乐观"" is """,悲观,0,1,25.125,20.0,-5.125
qwen3-4b,86,freq,freq,en,zh,乐观,"The opposite of ""乐观"" is """,悲观,0,1,25.125,23.5,-1.625
qwen3-4b,87,desc,desc,en,zh,永久,"The opposite of ""永久"" is """,临时,3,3,17.0,16.625,-0.375
qwen3-4b,87,desc,val,en,zh,永久,"The opposite of ""永久"" is """,临时,3,2,17.0,19.0,2.0
qwen3-4b,87,desc,freq,en,zh,永久,"The opposite of ""永久"" is """,临时,3,2,17.0,18.625,1.625
qwen3-4b,87,val,desc,en,zh,永久,"The opposite of ""永久"" is """,临时,3,10,17.0,12.0,-5.0
qwen3-4b,87,val,val,en,zh,永久,"The opposite of ""永久"" is """,临时,3,14,17.0,11.25,-5.75
qwen3-4b,87,val,freq,en,zh,永久,"The opposite of ""永久"" is """,临时,3,6,17.0,13.5,-3.5
qwen3-4b,87,freq,desc,en,zh,永久,"The opposite of ""永久"" is """,临时,3,8,17.0,14.9375,-2.0625
qwen3-4b,87,freq,val,en,zh,永久,"The opposite of ""永久"" is """,临时,3,11,17.0,15.25,-1.75
qwen3-4b,87,freq,freq,en,zh,永久,"The opposite of ""永久"" is """,临时,3,8,17.0,14.8125,-2.1875
qwen3-4b,88,desc,desc,en,zh,现在,"The opposite of ""现在"" is """,过去,0,0,20.25,19.625,-0.625
qwen3-4b,88,desc,val,en,zh,现在,"The opposite of ""现在"" is """,过去,0,0,20.25,21.625,1.375
qwen3-4b,88,desc,freq,en,zh,现在,"The opposite of ""现在"" is """,过去,0,0,20.25,21.5,1.25
qwen3-4b,88,val,desc,en,zh,现在,"The opposite of ""现在"" is """,过去,0,0,20.25,18.75,-1.5
qwen3-4b,88,val,val,en,zh,现在,"The opposite of ""现在"" is """,过去,0,1,20.25,18.0,-2.25
qwen3-4b,88,val,freq,en,zh,现在,"The opposite of ""现在"" is """,过去,0,0,20.25,20.0,-0.25
qwen3-4b,88,freq,desc,en,zh,现在,"The opposite of ""现在"" is """,过去,0,3,20.25,17.875,-2.375
qwen3-4b,88,freq,val,en,zh,现在,"The opposite of ""现在"" is """,过去,0,4,20.25,18.625,-1.625
qwen3-4b,88,freq,freq,en,zh,现在,"The opposite of ""现在"" is """,过去,0,4,20.25,17.75,-2.5
qwen3-4b,89,desc,desc,en,zh,公共,"The opposite of ""公共"" is """,私人,0,0,20.5,20.0,-0.5
qwen3-4b,89,desc,val,en,zh,公共,"The opposite of ""公共"" is """,私人,0,0,20.5,23.0,2.5
qwen3-4b,89,desc,freq,en,zh,公共,"The opposite of ""公共"" is """,私人,0,0,20.5,21.75,1.25
qwen3-4b,89,val,desc,en,zh,公共,"The opposite of ""公共"" is """,私人,0,1,20.5,18.25,-2.25
qwen3-4b,89,val,val,en,zh,公共,"The opposite of ""公共"" is """,私人,0,1,20.5,17.75,-2.75
qwen3-4b,89,val,freq,en,zh,公共,"The opposite of ""公共"" is """,私人,0,0,20.5,18.875,-1.625
qwen3-4b,89,freq,desc,en,zh,公共,"The opposite of ""公共"" is """,私人,0,1,20.5,18.75,-1.75
qwen3-4b,89,freq,val,en,zh,公共,"The opposite of ""公共"" is """,私人,0,2,20.5,19.75,-0.75
qwen3-4b,89,freq,freq,en,zh,公共,"The opposite of ""公共"" is """,私人,0,2,20.5,18.625,-1.875
qwen3-4b,90,desc,desc,en,zh,真实,"The opposite of ""真实"" is """,虚假,0,0,22.875,22.5,-0.375
qwen3-4b,90,desc,val,en,zh,真实,"The opposite of ""真实"" is """,虚假,0,0,22.875,23.625,0.75
qwen3-4b,90,desc,freq,en,zh,真实,"The opposite of ""真实"" is """,虚假,0,0,22.875,23.25,0.375
qwen3-4b,90,val,desc,en,zh,真实,"The opposite of ""真实"" is """,虚假,0,0,22.875,21.125,-1.75
qwen3-4b,90,val,val,en,zh,真实,"The opposite of ""真实"" is """,虚假,0,0,22.875,20.5,-2.375
qwen3-4b,90,val,freq,en,zh,真实,"The opposite of ""真实"" is """,虚假,0,0,22.875,21.25,-1.625
qwen3-4b,90,freq,desc,en,zh,真实,"The opposite of ""真实"" is """,虚假,0,0,22.875,21.125,-1.75
qwen3-4b,90,freq,val,en,zh,真实,"The opposite of ""真实"" is """,虚假,0,0,22.875,21.0,-1.875
qwen3-4b,90,freq,freq,en,zh,真实,"The opposite of ""真实"" is """,虚假,0,0,22.875,21.0,-1.875
qwen3-4b,91,desc,desc,en,zh,负责,"The opposite of ""负责"" is """,不负责,2,2,18.5,18.375,-0.125
qwen3-4b,91,desc,val,en,zh,负责,"The opposite of ""负责"" is """,不负责,2,0,18.5,20.5,2.0
qwen3-4b,91,desc,freq,en,zh,负责,"The opposite of ""负责"" is """,不负责,2,3,18.5,19.5,1.0
qwen3-4b,91,val,desc,en,zh,负责,"The opposite of ""负责"" is """,不负责,2,3,18.5,16.125,-2.375
qwen3-4b,91,val,val,en,zh,负责,"The opposite of ""负责"" is """,不负责,2,2,18.5,16.0,-2.5
qwen3-4b,91,val,freq,en,zh,负责,"The opposite of ""负责"" is """,不负责,2,3,18.5,15.75,-2.75
qwen3-4b,91,freq,desc,en,zh,负责,"The opposite of ""负责"" is """,不负责,2,2,18.5,18.75,0.25
qwen3-4b,91,freq,val,en,zh,负责,"The opposite of ""负责"" is """,不负责,2,1,18.5,18.875,0.375
qwen3-4b,91,freq,freq,en,zh,负责,"The opposite of ""负责"" is """,不负责,2,3,18.5,18.5,0.0
qwen3-4b,92,desc,desc,en,zh,单身,"The opposite of ""单身"" is """,已婚,0,0,18.375,18.25,-0.125
qwen3-4b,92,desc,val,en,zh,单身,"The opposite of ""单身"" is """,已婚,0,0,18.375,19.25,0.875
qwen3-4b,92,desc,freq,en,zh,单身,"The opposite of ""单身"" is """,已婚,0,0,18.375,20.375,2.0
qwen3-4b,92,val,desc,en,zh,单身,"The opposite of ""单身"" is """,已婚,0,0,18.375,15.75,-2.625
qwen3-4b,92,val,val,en,zh,单身,"The opposite of ""单身"" is """,已婚,0,1,18.375,15.1875,-3.1875
qwen3-4b,92,val,freq,en,zh,单身,"The opposite of ""单身"" is """,已婚,0,0,18.375,16.375,-2.0
qwen3-4b,92,freq,desc,en,zh,单身,"The opposite of ""单身"" is """,已婚,0,1,18.375,17.625,-0.75
qwen3-4b,92,freq,val,en,zh,单身,"The opposite of ""单身"" is """,已婚,0,2,18.375,16.75,-1.625
qwen3-4b,92,freq,freq,en,zh,单身,"The opposite of ""单身"" is """,已婚,0,2,18.375,17.25,-1.125
qwen3-4b,93,desc,desc,en,zh,酸,"The opposite of ""酸"" is """,甜,5,5,18.875,18.625,-0.25
qwen3-4b,93,desc,val,en,zh,酸,"The opposite of ""酸"" is """,甜,5,2,18.875,18.875,0.0
qwen3-4b,93,desc,freq,en,zh,酸,"The opposite of ""酸"" is """,甜,5,2,18.875,21.375,2.5
qwen3-4b,93,val,desc,en,zh,酸,"The opposite of ""酸"" is """,甜,5,3,18.875,16.125,-2.75
qwen3-4b,93,val,val,en,zh,酸,"The opposite of ""酸"" is """,甜,5,4,18.875,15.375,-3.5
qwen3-4b,93,val,freq,en,zh,酸,"The opposite of ""酸"" is """,甜,5,3,18.875,16.25,-2.625
qwen3-4b,93,freq,desc,en,zh,酸,"The opposite of ""酸"" is """,甜,5,5,18.875,18.125,-0.75
qwen3-4b,93,freq,val,en,zh,酸,"The opposite of ""酸"" is """,甜,5,5,18.875,16.875,-2.0
qwen3-4b,93,freq,freq,en,zh,酸,"The opposite of ""酸"" is """,甜,5,5,18.875,18.0,-0.875
qwen3-4b,94,desc,desc,en,zh,有用,"The opposite of ""有用"" is """,没用,2,2,19.5,19.5,0.0
qwen3-4b,94,desc,val,en,zh,有用,"The opposite of ""有用"" is """,没用,2,2,19.5,17.875,-1.625
qwen3-4b,94,desc,freq,en,zh,有用,"The opposite of ""有用"" is """,没用,2,2,19.5,21.75,2.25
qwen3-4b,94,val,desc,en,zh,有用,"The opposite of ""有用"" is """,没用,2,2,19.5,14.0,-5.5
qwen3-4b,94,val,val,en,zh,有用,"The opposite of ""有用"" is """,没用,2,2,19.5,13.6875,-5.8125
qwen3-4b,94,val,freq,en,zh,有用,"The opposite of ""有用"" is """,没用,2,2,19.5,15.3125,-4.1875
qwen3-4b,94,freq,desc,en,zh,有用,"The opposite of ""有用"" is """,没用,2,5,19.5,18.5,-1.0
qwen3-4b,94,freq,val,en,zh,有用,"The opposite of ""有用"" is """,没用,2,5,19.5,15.0625,-4.4375
qwen3-4b,94,freq,freq,en,zh,有用,"The opposite of ""有用"" is """,没用,2,6,19.5,18.125,-1.375
qwen3-4b,95,desc,desc,en,zh,垂直,"The opposite of ""垂直"" is """,水平,0,0,22.125,22.125,0.0
qwen3-4b,95,desc,val,en,zh,垂直,"The opposite of ""垂直"" is """,水平,0,0,22.125,21.5,-0.625
qwen3-4b,95,desc,freq,en,zh,垂直,"The opposite of ""垂直"" is """,水平,0,0,22.125,22.25,0.125
qwen3-4b,95,val,desc,en,zh,垂直,"The opposite of ""垂直"" is """,水平,0,1,22.125,19.5,-2.625
qwen3-4b,95,val,val,en,zh,垂直,"The opposite of ""垂直"" is """,水平,0,1,22.125,19.5,-2.625
qwen3-4b,95,val,freq,en,zh,垂直,"The opposite of ""垂直"" is """,水平,0,0,22.125,19.5,-2.625
qwen3-4b,95,freq,desc,en,zh,垂直,"The opposite of ""垂直"" is """,水平,0,0,22.125,21.75,-0.375
qwen3-4b,95,freq,val,en,zh,垂直,"The opposite of ""垂直"" is """,水平,0,2,22.125,19.375,-2.75
qwen3-4b,95,freq,freq,en,zh,垂直,"The opposite of ""垂直"" is """,水平,0,0,22.125,21.875,-0.25
qwen3-4b,96,desc,desc,en,zh,好,"The opposite of ""好"" is """,差,1,1,18.375,17.875,-0.5
qwen3-4b,96,desc,val,en,zh,好,"The opposite of ""好"" is """,差,1,1,18.375,19.75,1.375
qwen3-4b,96,desc,freq,en,zh,好,"The opposite of ""好"" is """,差,1,1,18.375,19.75,1.375
qwen3-4b,96,val,desc,en,zh,好,"The opposite of ""好"" is """,差,1,1,18.375,17.75,-0.625
qwen3-4b,96,val,val,en,zh,好,"The opposite of ""好"" is """,差,1,1,18.375,17.125,-1.25
qwen3-4b,96,val,freq,en,zh,好,"The opposite of ""好"" is """,差,1,1,18.375,17.875,-0.5
qwen3-4b,96,freq,desc,en,zh,好,"The opposite of ""好"" is """,差,1,3,18.375,17.625,-0.75
qwen3-4b,96,freq,val,en,zh,好,"The opposite of ""好"" is """,差,1,3,18.375,17.875,-0.5
qwen3-4b,96,freq,freq,en,zh,好,"The opposite of ""好"" is """,差,1,3,18.375,17.5,-0.875
qwen3-4b,97,desc,desc,en,zh,获胜,"The opposite of ""获胜"" is """,失败,0,0,22.0,21.5,-0.5
qwen3-4b,97,desc,val,en,zh,获胜,"The opposite of ""获胜"" is """,失败,0,0,22.0,22.0,0.0
qwen3-4b,97,desc,freq,en,zh,获胜,"The opposite of ""获胜"" is """,失败,0,0,22.0,23.0,1.0
qwen3-4b,97,val,desc,en,zh,获胜,"The opposite of ""获胜"" is """,失败,0,0,22.0,18.75,-3.25
qwen3-4b,97,val,val,en,zh,获胜,"The opposite of ""获胜"" is """,失败,0,0,22.0,18.25,-3.75
qwen3-4b,97,val,freq,en,zh,获胜,"The opposite of ""获胜"" is """,失败,0,0,22.0,19.625,-2.375
qwen3-4b,97,freq,desc,en,zh,获胜,"The opposite of ""获胜"" is """,失败,0,0,22.0,20.25,-1.75
qwen3-4b,97,freq,val,en,zh,获胜,"The opposite of ""获胜"" is """,失败,0,1,22.0,18.75,-3.25
qwen3-4b,97,freq,freq,en,zh,获胜,"The opposite of ""获胜"" is """,失败,0,0,22.0,20.0,-2.0
qwen3-4b,98,desc,desc,en,zh,不善良,"The opposite of ""不善良"" is """,善良,0,0,24.0,23.875,-0.125
qwen3-4b,98,desc,val,en,zh,不善良,"The opposite of ""不善良"" is """,善良,0,0,24.0,23.0,-1.0
qwen3-4b,98,desc,freq,en,zh,不善良,"The opposite of ""不善良"" is """,善良,0,0,24.0,24.375,0.375
qwen3-4b,98,val,desc,en,zh,不善良,"The opposite of ""不善良"" is """,善良,0,0,24.0,19.5,-4.5
qwen3-4b,98,val,val,en,zh,不善良,"The opposite of ""不善良"" is """,善良,0,0,24.0,19.125,-4.875
qwen3-4b,98,val,freq,en,zh,不善良,"The opposite of ""不善良"" is """,善良,0,0,24.0,19.875,-4.125
qwen3-4b,98,freq,desc,en,zh,不善良,"The opposite of ""不善良"" is """,善良,0,0,24.0,23.75,-0.25
qwen3-4b,98,freq,val,en,zh,不善良,"The opposite of ""不善良"" is """,善良,0,0,24.0,22.0,-2.0
qwen3-4b,98,freq,freq,en,zh,不善良,"The opposite of ""不善良"" is """,善良,0,0,24.0,23.75,-0.25
qwen3-4b,99,desc,desc,en,zh,懦弱,"The opposite of ""懦弱"" is """,勇敢,1,1,24.0,23.375,-0.625
qwen3-4b,99,desc,val,en,zh,懦弱,"The opposite of ""懦弱"" is """,勇敢,1,1,24.0,20.375,-3.625
qwen3-4b,99,desc,freq,en,zh,懦弱,"The opposite of ""懦弱"" is """,勇敢,1,0,24.0,25.25,1.25
qwen3-4b,99,val,desc,en,zh,懦弱,"The opposite of ""懦弱"" is """,勇敢,1,3,24.0,16.625,-7.375
qwen3-4b,99,val,val,en,zh,懦弱,"The opposite of ""懦弱"" is """,勇敢,1,3,24.0,16.125,-7.875
qwen3-4b,99,val,freq,en,zh,懦弱,"The opposite of ""懦弱"" is """,勇敢,1,2,24.0,17.875,-6.125
qwen3-4b,99,freq,desc,en,zh,懦弱,"The opposite of ""懦弱"" is """,勇敢,1,2,24.0,22.125,-1.875
qwen3-4b,99,freq,val,en,zh,懦弱,"The opposite of ""懦弱"" is """,勇敢,1,4,24.0,17.75,-6.25
qwen3-4b,99,freq,freq,en,zh,懦弱,"The opposite of ""懦弱"" is """,勇敢,1,2,24.0,21.875,-2.125
